{
"type": "FeatureCollection",
"name": "landuse",
"crs": { "type": "name", "properties": { "name": "urn:ogc:def:crs:EPSG::32618" } },
"xy_coordinate_resolution": 0.01,
"features": [
{ "type": "Feature", "properties": { "id": "imagery:groundcover_paved:1092", "name": null, "kind": "groundcover_paved", "sport": null, "surface": null, "pitch_layout": null, "source": "vgin_vbmp+naip+lidar2025", "source_updated": null, "base_z": null, "top_z": null }, "geometry": { "type": "MultiPolygon", "coordinates": [ [ [ [ 284852.02, 4160138.99 ], [ 284852.08, 4160139.48 ], [ 284852.49, 4160144.76 ], [ 284852.5, 4160145.25 ], [ 284852.47, 4160145.74 ], [ 284852.39, 4160146.22 ], [ 284852.26, 4160146.7 ], [ 284852.08, 4160147.15 ], [ 284851.86, 4160147.59 ], [ 284851.6, 4160148.01 ], [ 284851.3, 4160148.4 ], [ 284851.09, 4160148.63 ], [ 284853.53, 4160148.63 ], [ 284854.55, 4160149.05 ], [ 284856.71, 4160151.2 ], [ 284857.13, 4160152.22 ], [ 284857.13, 4160152.35 ], [ 284856.91, 4160153.13 ], [ 284855.69, 4160155.1 ], [ 284855.1, 4160155.64 ], [ 284855.06, 4160155.66 ], [ 284862.96, 4160154.75 ], [ 284861.57, 4160129.18 ], [ 284860.13, 4160130.63 ], [ 284860.13, 4160133.03 ], [ 284859.71, 4160134.05 ], [ 284857.55, 4160136.2 ], [ 284856.53, 4160136.63 ], [ 284852.99, 4160136.63 ], [ 284851.51, 4160137.54 ], [ 284851.55, 4160137.6 ], [ 284851.75, 4160138.05 ], [ 284851.91, 4160138.52 ], [ 284852.02, 4160138.99 ] ] ], [ [ [ 284919.84, 4160188.31 ], [ 284919.59, 4160187.89 ], [ 284919.39, 4160187.44 ], [ 284919.22, 4160186.98 ], [ 284919.11, 4160186.5 ], [ 284919.04, 4160186.02 ], [ 284918.56, 4160180.84 ], [ 284918.54, 4160180.36 ], [ 284918.56, 4160179.87 ], [ 284918.64, 4160179.38 ], [ 284918.76, 4160178.91 ], [ 284918.93, 4160178.45 ], [ 284919.14, 4160178.01 ], [ 284919.21, 4160177.9 ], [ 284918.72, 4160168.66 ], [ 284918.72, 4160168.18 ], [ 284918.76, 4160167.71 ], [ 284918.85, 4160167.24 ], [ 284918.98, 4160166.78 ], [ 284919.16, 4160166.33 ], [ 284919.38, 4160165.91 ], [ 284919.63, 4160165.51 ], [ 284919.93, 4160165.13 ], [ 284920.26, 4160164.78 ], [ 284920.62, 4160164.47 ], [ 284921.01, 4160164.19 ], [ 284921.42, 4160163.95 ], [ 284921.86, 4160163.75 ], [ 284922.31, 4160163.6 ], [ 284922.77, 4160163.49 ], [ 284923.25, 4160163.42 ], [ 284925.82, 4160163.18 ], [ 284925.94, 4160163.12 ], [ 284951.94, 4160158.39 ], [ 284953.11, 4160158.7 ], [ 284955.62, 4160160.79 ], [ 284955.69, 4160160.94 ], [ 284956.07, 4160160.7 ], [ 284956.51, 4160160.49 ], [ 284956.96, 4160160.32 ], [ 284957.43, 4160160.2 ], [ 284957.9, 4160160.12 ], [ 284965.03, 4160159.29 ], [ 284965.52, 4160159.26 ], [ 284966.01, 4160159.27 ], [ 284966.5, 4160159.34 ], [ 284966.98, 4160159.45 ], [ 284967.44, 4160159.61 ], [ 284967.89, 4160159.81 ], [ 284968.13, 4160159.95 ], [ 284968.13, 4160155.22 ], [ 284968.55, 4160154.2 ], [ 284970.71, 4160152.05 ], [ 284971.73, 4160151.63 ], [ 284975.83, 4160151.63 ], [ 284976.32, 4160151.71 ], [ 284977.71, 4160152.2 ], [ 284978.15, 4160152.44 ], [ 284983.69, 4160156.87 ], [ 284989.75, 4160156.17 ], [ 284990.24, 4160156.14 ], [ 284990.73, 4160156.16 ], [ 284991.22, 4160156.22 ], [ 284991.7, 4160156.33 ], [ 284992.16, 4160156.49 ], [ 284992.61, 4160156.69 ], [ 284993.03, 4160156.94 ], [ 284993.43, 4160157.22 ], [ 284993.8, 4160157.55 ], [ 284994.14, 4160157.9 ], [ 284994.43, 4160158.29 ], [ 284994.69, 4160158.71 ], [ 284994.91, 4160159.15 ], [ 284995.08, 4160159.61 ], [ 284995.21, 4160160.08 ], [ 284995.29, 4160160.57 ], [ 284995.76, 4160164.6 ], [ 284995.76, 4160164.61 ], [ 284996.06, 4160165.0 ], [ 284996.32, 4160165.42 ], [ 284996.54, 4160165.86 ], [ 284996.72, 4160166.31 ], [ 284996.84, 4160166.79 ], [ 284996.92, 4160167.27 ], [ 284997.46, 4160171.88 ], [ 284997.49, 4160172.37 ], [ 284997.48, 4160172.86 ], [ 284997.41, 4160173.35 ], [ 284997.3, 4160173.82 ], [ 284997.14, 4160174.29 ], [ 284996.94, 4160174.73 ], [ 284996.7, 4160175.16 ], [ 284996.41, 4160175.56 ], [ 284996.09, 4160175.93 ], [ 284995.73, 4160176.26 ], [ 284995.34, 4160176.56 ], [ 284994.93, 4160176.82 ], [ 284994.9, 4160176.84 ], [ 284994.99, 4160178.46 ], [ 284994.99, 4160178.97 ], [ 284994.94, 4160179.47 ], [ 284994.84, 4160179.96 ], [ 284994.69, 4160180.44 ], [ 284994.49, 4160180.9 ], [ 284994.25, 4160181.35 ], [ 284993.97, 4160181.76 ], [ 284993.95, 4160181.79 ], [ 284994.79, 4160190.19 ], [ 284994.7, 4160190.5 ], [ 284994.71, 4160190.5 ], [ 284995.2, 4160190.6 ], [ 284995.67, 4160190.75 ], [ 284996.13, 4160190.94 ], [ 284996.57, 4160191.18 ], [ 284996.97, 4160191.46 ], [ 284997.35, 4160191.78 ], [ 284997.7, 4160192.14 ], [ 284998.01, 4160192.52 ], [ 284998.28, 4160192.94 ], [ 284998.5, 4160193.38 ], [ 284998.68, 4160193.85 ], [ 284998.82, 4160194.32 ], [ 284998.91, 4160194.81 ], [ 284998.94, 4160195.31 ], [ 284999.06, 4160199.68 ], [ 284999.05, 4160199.8 ], [ 284999.95, 4160199.68 ], [ 284997.56, 4160148.02 ], [ 284956.74, 4160153.13 ], [ 284956.65, 4160153.14 ], [ 284916.02, 4160157.36 ], [ 284918.55, 4160201.36 ], [ 284918.87, 4160200.99 ], [ 284919.23, 4160200.66 ], [ 284919.62, 4160200.36 ], [ 284920.04, 4160200.1 ], [ 284920.48, 4160199.88 ], [ 284920.87, 4160199.73 ], [ 284921.38, 4160191.6 ], [ 284921.26, 4160191.39 ], [ 284921.05, 4160190.94 ], [ 284920.89, 4160190.48 ], [ 284920.77, 4160190.0 ], [ 284920.7, 4160189.51 ], [ 284920.68, 4160189.27 ], [ 284920.46, 4160189.07 ], [ 284920.13, 4160188.71 ], [ 284919.84, 4160188.31 ] ] ], [ [ [ 284906.6, 4160160.59 ], [ 284906.73, 4160160.7 ], [ 284906.85, 4160160.82 ], [ 284906.96, 4160160.96 ], [ 284907.05, 4160161.1 ], [ 284907.13, 4160161.25 ], [ 284907.2, 4160161.41 ], [ 284907.25, 4160161.58 ], [ 284907.28, 4160161.75 ], [ 284907.3, 4160161.92 ], [ 284911.78, 4160241.15 ], [ 284912.41, 4160241.09 ], [ 284910.61, 4160213.13 ], [ 284910.61, 4160213.1 ], [ 284907.46, 4160158.29 ], [ 284866.72, 4160162.98 ], [ 284827.82, 4160167.45 ], [ 284827.89, 4160168.85 ], [ 284905.31, 4160160.23 ], [ 284905.48, 4160160.22 ], [ 284905.65, 4160160.22 ], [ 284905.82, 4160160.25 ], [ 284905.99, 4160160.28 ], [ 284906.15, 4160160.34 ], [ 284906.31, 4160160.41 ], [ 284906.46, 4160160.49 ], [ 284906.6, 4160160.59 ] ] ], [ [ [ 284865.33, 4160189.63 ], [ 284864.07, 4160174.6 ], [ 284898.91, 4160171.34 ], [ 284900.38, 4160190.53 ], [ 284905.43, 4160192.54 ], [ 284903.82, 4160164.02 ], [ 284828.61, 4160172.39 ], [ 284830.71, 4160205.74 ], [ 284830.71, 4160205.75 ], [ 284833.36, 4160249.2 ], [ 284908.14, 4160240.43 ], [ 284906.91, 4160218.84 ], [ 284905.55, 4160220.2 ], [ 284904.53, 4160220.63 ], [ 284899.43, 4160220.63 ], [ 284898.46, 4160220.25 ], [ 284896.3, 4160218.28 ], [ 284895.83, 4160217.34 ], [ 284893.65, 4160193.28 ], [ 284893.71, 4160193.13 ], [ 284883.34, 4160193.86 ], [ 284883.63, 4160200.9 ], [ 284874.52, 4160201.8 ], [ 284867.78, 4160192.99 ], [ 284867.64, 4160189.62 ], [ 284865.33, 4160189.63 ] ], [ [ 284841.21, 4160175.56 ], [ 284841.55, 4160176.7 ], [ 284839.79, 4160189.0 ], [ 284851.36, 4160187.53 ], [ 284851.85, 4160187.49 ], [ 284852.34, 4160187.5 ], [ 284852.82, 4160187.56 ], [ 284853.3, 4160187.67 ], [ 284853.77, 4160187.82 ], [ 284854.22, 4160188.02 ], [ 284854.65, 4160188.26 ], [ 284855.05, 4160188.54 ], [ 284855.42, 4160188.86 ], [ 284855.76, 4160189.21 ], [ 284856.06, 4160189.6 ], [ 284856.13, 4160189.7 ], [ 284860.38, 4160189.16 ], [ 284860.87, 4160189.12 ], [ 284861.36, 4160189.13 ], [ 284861.85, 4160189.19 ], [ 284862.33, 4160189.3 ], [ 284862.79, 4160189.45 ], [ 284863.24, 4160189.65 ], [ 284863.67, 4160189.89 ], [ 284864.07, 4160190.17 ], [ 284864.45, 4160190.49 ], [ 284864.79, 4160190.85 ], [ 284865.09, 4160191.23 ], [ 284865.35, 4160191.65 ], [ 284865.58, 4160192.08 ], [ 284865.75, 4160192.54 ], [ 284865.88, 4160193.02 ], [ 284865.9, 4160193.09 ], [ 284865.99, 4160193.12 ], [ 284866.44, 4160193.32 ], [ 284866.87, 4160193.56 ], [ 284867.27, 4160193.84 ], [ 284867.64, 4160194.16 ], [ 284867.98, 4160194.51 ], [ 284868.28, 4160194.9 ], [ 284868.55, 4160195.31 ], [ 284868.77, 4160195.75 ], [ 284868.95, 4160196.2 ], [ 284869.08, 4160196.67 ], [ 284869.17, 4160197.16 ], [ 284869.73, 4160201.57 ], [ 284869.77, 4160202.06 ], [ 284869.76, 4160202.55 ], [ 284869.7, 4160203.04 ], [ 284869.6, 4160203.52 ], [ 284869.44, 4160203.99 ], [ 284869.25, 4160204.44 ], [ 284869.01, 4160204.86 ], [ 284868.73, 4160205.27 ], [ 284868.41, 4160205.64 ], [ 284868.05, 4160205.98 ], [ 284867.67, 4160206.28 ], [ 284867.25, 4160206.55 ], [ 284866.82, 4160206.77 ], [ 284866.36, 4160206.95 ], [ 284865.89, 4160207.08 ], [ 284865.4, 4160207.17 ], [ 284861.61, 4160207.65 ], [ 284862.3, 4160213.08 ], [ 284862.46, 4160212.72 ], [ 284862.7, 4160212.29 ], [ 284862.98, 4160211.89 ], [ 284863.3, 4160211.52 ], [ 284863.65, 4160211.18 ], [ 284864.04, 4160210.88 ], [ 284864.45, 4160210.61 ], [ 284864.89, 4160210.39 ], [ 284865.35, 4160210.21 ], [ 284865.82, 4160210.08 ], [ 284866.3, 4160209.99 ], [ 284874.97, 4160208.89 ], [ 284875.46, 4160208.85 ], [ 284875.95, 4160208.86 ], [ 284876.44, 4160208.92 ], [ 284876.92, 4160209.03 ], [ 284877.38, 4160209.18 ], [ 284877.83, 4160209.38 ], [ 284878.26, 4160209.62 ], [ 284878.66, 4160209.9 ], [ 284879.04, 4160210.22 ], [ 284879.38, 4160210.57 ], [ 284879.68, 4160210.96 ], [ 284879.94, 4160211.37 ], [ 284880.17, 4160211.81 ], [ 284880.34, 4160212.27 ], [ 284880.48, 4160212.74 ], [ 284880.56, 4160213.22 ], [ 284883.17, 4160233.81 ], [ 284883.21, 4160234.3 ], [ 284883.2, 4160234.79 ], [ 284883.14, 4160235.28 ], [ 284883.04, 4160235.76 ], [ 284882.88, 4160236.22 ], [ 284882.69, 4160236.67 ], [ 284882.45, 4160237.1 ], [ 284882.17, 4160237.5 ], [ 284881.85, 4160237.87 ], [ 284881.49, 4160238.21 ], [ 284881.11, 4160238.52 ], [ 284880.69, 4160238.78 ], [ 284880.25, 4160239.0 ], [ 284879.8, 4160239.18 ], [ 284879.33, 4160239.31 ], [ 284878.84, 4160239.4 ], [ 284872.65, 4160240.18 ], [ 284872.36, 4160240.48 ], [ 284871.71, 4160242.05 ], [ 284869.55, 4160244.2 ], [ 284868.53, 4160244.63 ], [ 284840.24, 4160244.63 ], [ 284839.16, 4160244.13 ], [ 284837.05, 4160241.69 ], [ 284836.71, 4160240.56 ], [ 284837.34, 4160236.18 ], [ 284837.15, 4160235.88 ], [ 284836.93, 4160235.44 ], [ 284836.75, 4160234.99 ], [ 284836.62, 4160234.51 ], [ 284836.53, 4160234.03 ], [ 284832.89, 4160205.27 ], [ 284832.85, 4160204.78 ], [ 284832.86, 4160204.29 ], [ 284832.92, 4160203.8 ], [ 284833.02, 4160203.32 ], [ 284833.18, 4160202.86 ], [ 284833.37, 4160202.41 ], [ 284833.61, 4160201.98 ], [ 284833.89, 4160201.58 ], [ 284834.21, 4160201.21 ], [ 284834.55, 4160200.88 ], [ 284833.82, 4160194.76 ], [ 284833.79, 4160194.27 ], [ 284833.8, 4160193.78 ], [ 284833.82, 4160193.66 ], [ 284832.71, 4160193.2 ], [ 284830.55, 4160191.05 ], [ 284830.13, 4160190.03 ], [ 284830.13, 4160176.22 ], [ 284830.55, 4160175.2 ], [ 284832.71, 4160173.05 ], [ 284833.73, 4160172.63 ], [ 284838.02, 4160172.63 ], [ 284839.1, 4160173.12 ], [ 284841.21, 4160175.56 ] ] ], [ [ [ 284924.01, 4160236.57 ], [ 284923.64, 4160236.25 ], [ 284923.3, 4160235.89 ], [ 284923.0, 4160235.5 ], [ 284922.74, 4160235.08 ], [ 284922.53, 4160234.64 ], [ 284922.35, 4160234.18 ], [ 284922.22, 4160233.71 ], [ 284922.14, 4160233.23 ], [ 284920.89, 4160222.49 ], [ 284920.86, 4160222.0 ], [ 284920.88, 4160221.51 ], [ 284920.94, 4160221.02 ], [ 284921.05, 4160220.54 ], [ 284921.21, 4160220.08 ], [ 284921.41, 4160219.63 ], [ 284921.65, 4160219.2 ], [ 284921.94, 4160218.8 ], [ 284922.26, 4160218.44 ], [ 284922.62, 4160218.1 ], [ 284923.01, 4160217.8 ], [ 284923.43, 4160217.54 ], [ 284923.87, 4160217.32 ], [ 284924.33, 4160217.15 ], [ 284924.8, 4160217.02 ], [ 284925.29, 4160216.94 ], [ 284926.85, 4160216.76 ], [ 284926.98, 4160216.62 ], [ 284927.34, 4160216.28 ], [ 284927.73, 4160215.98 ], [ 284928.15, 4160215.73 ], [ 284928.59, 4160215.51 ], [ 284929.04, 4160215.34 ], [ 284929.52, 4160215.21 ], [ 284930.0, 4160215.13 ], [ 284935.01, 4160214.56 ], [ 284935.5, 4160214.53 ], [ 284935.99, 4160214.54 ], [ 284936.48, 4160214.61 ], [ 284936.95, 4160214.72 ], [ 284937.42, 4160214.87 ], [ 284937.86, 4160215.08 ], [ 284938.29, 4160215.32 ], [ 284938.69, 4160215.6 ], [ 284939.05, 4160215.93 ], [ 284939.39, 4160216.28 ], [ 284939.69, 4160216.67 ], [ 284939.95, 4160217.09 ], [ 284940.11, 4160217.42 ], [ 284940.15, 4160217.45 ], [ 284940.44, 4160217.84 ], [ 284940.7, 4160218.26 ], [ 284940.92, 4160218.7 ], [ 284941.1, 4160219.16 ], [ 284941.22, 4160219.63 ], [ 284941.3, 4160220.12 ], [ 284942.01, 4160226.21 ], [ 284942.63, 4160225.46 ], [ 284941.62, 4160216.82 ], [ 284941.59, 4160216.33 ], [ 284941.61, 4160215.84 ], [ 284941.67, 4160215.35 ], [ 284941.78, 4160214.87 ], [ 284941.94, 4160214.41 ], [ 284942.14, 4160213.96 ], [ 284942.39, 4160213.53 ], [ 284942.67, 4160213.14 ], [ 284942.9, 4160212.88 ], [ 284919.38, 4160215.44 ], [ 284920.98, 4160240.22 ], [ 284921.41, 4160240.17 ], [ 284921.59, 4160240.16 ], [ 284921.77, 4160240.17 ], [ 284921.94, 4160240.2 ], [ 284922.12, 4160240.24 ], [ 284922.29, 4160240.3 ], [ 284922.45, 4160240.38 ], [ 284922.6, 4160240.48 ], [ 284922.74, 4160240.58 ], [ 284922.87, 4160240.7 ], [ 284922.99, 4160240.84 ], [ 284923.1, 4160240.98 ], [ 284923.19, 4160241.14 ], [ 284923.26, 4160241.3 ], [ 284923.32, 4160241.47 ], [ 284923.36, 4160241.65 ], [ 284923.38, 4160241.82 ], [ 284923.39, 4160241.94 ], [ 284947.95, 4160238.87 ], [ 284947.46, 4160238.33 ], [ 284934.22, 4160236.86 ], [ 284927.69, 4160237.62 ], [ 284927.2, 4160237.65 ], [ 284926.71, 4160237.63 ], [ 284926.22, 4160237.57 ], [ 284925.74, 4160237.46 ], [ 284925.28, 4160237.3 ], [ 284924.83, 4160237.1 ], [ 284924.41, 4160236.85 ], [ 284924.01, 4160236.57 ] ] ], [ [ [ 284993.87, 4160207.64 ], [ 284994.33, 4160207.81 ], [ 284994.77, 4160208.02 ], [ 284995.19, 4160208.27 ], [ 284995.59, 4160208.57 ], [ 284995.95, 4160208.9 ], [ 284996.28, 4160209.26 ], [ 284996.57, 4160209.66 ], [ 284996.82, 4160210.08 ], [ 284996.95, 4160210.36 ], [ 284997.07, 4160210.4 ], [ 284997.51, 4160210.6 ], [ 284997.94, 4160210.85 ], [ 284998.34, 4160211.14 ], [ 284998.7, 4160211.46 ], [ 284999.04, 4160211.82 ], [ 284999.34, 4160212.21 ], [ 284999.6, 4160212.63 ], [ 284999.81, 4160213.07 ], [ 284999.98, 4160213.52 ], [ 285000.0, 4160213.58 ], [ 285000.0, 4160205.83 ], [ 284993.53, 4160206.68 ], [ 284993.62, 4160207.58 ], [ 284993.87, 4160207.64 ] ] ], [ [ [ 284999.57, 4160228.72 ], [ 284999.18, 4160229.02 ], [ 284998.77, 4160229.28 ], [ 284998.33, 4160229.49 ], [ 284997.87, 4160229.66 ], [ 284997.39, 4160229.79 ], [ 284996.91, 4160229.87 ], [ 284983.27, 4160231.42 ], [ 284982.77, 4160231.45 ], [ 284982.27, 4160231.44 ], [ 284981.78, 4160231.37 ], [ 284981.3, 4160231.26 ], [ 284980.83, 4160231.09 ], [ 284980.38, 4160230.88 ], [ 284979.95, 4160230.63 ], [ 284979.55, 4160230.34 ], [ 284979.18, 4160230.01 ], [ 284978.85, 4160229.64 ], [ 284978.55, 4160229.25 ], [ 284978.3, 4160228.82 ], [ 284978.08, 4160228.37 ], [ 284977.92, 4160227.91 ], [ 284977.8, 4160227.42 ], [ 284977.72, 4160226.93 ], [ 284977.41, 4160223.63 ], [ 284977.13, 4160223.63 ], [ 284974.13, 4160226.63 ], [ 284974.13, 4160232.99 ], [ 284973.86, 4160233.85 ], [ 284972.43, 4160235.82 ], [ 285000.0, 4160232.38 ], [ 285000.0, 4160228.31 ], [ 284999.93, 4160228.38 ], [ 284999.57, 4160228.72 ] ] ] ] } },
{ "type": "Feature", "properties": { "id": "richmond_structure:300729", "name": null, "kind": "deck", "sport": null, "surface": null, "pitch_layout": null, "source": "richmond_structures", "source_updated": "2026-09-08T12:07:13.637000Z", "base_z": null, "top_z": null }, "geometry": { "type": "Polygon", "coordinates": [ [ [ 284848.1, 4160047.51 ], [ 284848.01, 4160046.12 ], [ 284844.89, 4160046.31 ], [ 284845.16, 4160049.0 ], [ 284846.68, 4160048.76 ], [ 284846.68, 4160047.64 ], [ 284848.1, 4160047.51 ] ] ] } },
{ "type": "Feature", "properties": { "id": "richmond_structure:285764", "name": null, "kind": "deck", "sport": null, "surface": null, "pitch_layout": null, "source": "richmond_structures", "source_updated": "2026-09-08T12:07:13.637000Z", "base_z": null, "top_z": null }, "geometry": { "type": "Polygon", "coordinates": [ [ [ 284920.37, 4160053.19 ], [ 284919.76, 4160048.36 ], [ 284917.97, 4160048.58 ], [ 284918.59, 4160053.42 ], [ 284920.37, 4160053.19 ] ] ] } },
{ "type": "Feature", "properties": { "id": "richmond_structure:403547", "name": null, "kind": "deck", "sport": null, "surface": null, "pitch_layout": null, "source": "richmond_structures", "source_updated": "2026-09-08T12:07:13.637000Z", "base_z": null, "top_z": null }, "geometry": { "type": "Polygon", "coordinates": [ [ [ 284881.44, 4160063.21 ], [ 284879.56, 4160063.31 ], [ 284879.75, 4160066.91 ], [ 284882.19, 4160066.78 ], [ 284882.03, 4160063.76 ], [ 284881.47, 4160063.79 ], [ 284881.44, 4160063.21 ] ] ] } },
{ "type": "Feature", "properties": { "id": "richmond_structure:403038", "name": null, "kind": "deck", "sport": null, "surface": null, "pitch_layout": null, "source": "richmond_structures", "source_updated": "2026-09-08T12:07:13.637000Z", "base_z": null, "top_z": null }, "geometry": { "type": "Polygon", "coordinates": [ [ [ 284847.3, 4160063.6 ], [ 284846.04, 4160063.61 ], [ 284847.04, 4160070.66 ], [ 284848.8, 4160070.51 ], [ 284848.5, 4160064.55 ], [ 284848.2, 4160064.05 ], [ 284847.3, 4160063.6 ] ] ] } },
{ "type": "Feature", "properties": { "id": "imagery:groundcover_paved:576", "name": null, "kind": "groundcover_paved", "sport": null, "surface": null, "pitch_layout": null, "source": "vgin_vbmp+naip+lidar2025", "source_updated": null, "base_z": null, "top_z": null }, "geometry": { "type": "MultiPolygon", "coordinates": [ [ [ [ 284899.13, 4160079.03 ], [ 284898.71, 4160080.05 ], [ 284896.55, 4160082.2 ], [ 284896.4, 4160082.27 ], [ 284896.45, 4160082.44 ], [ 284896.54, 4160082.93 ], [ 284897.28, 4160088.63 ], [ 284901.14, 4160088.63 ], [ 284902.21, 4160089.1 ], [ 284903.6, 4160090.66 ], [ 284901.96, 4160061.93 ], [ 284899.94, 4160026.72 ], [ 284897.79, 4160027.8 ], [ 284896.13, 4160030.48 ], [ 284896.13, 4160042.09 ], [ 284896.02, 4160042.66 ], [ 284895.37, 4160044.23 ], [ 284895.04, 4160044.71 ], [ 284891.01, 4160048.75 ], [ 284890.75, 4160049.37 ], [ 284891.2, 4160049.46 ], [ 284891.66, 4160049.59 ], [ 284892.11, 4160049.77 ], [ 284892.54, 4160049.99 ], [ 284892.94, 4160050.26 ], [ 284893.32, 4160050.56 ], [ 284893.67, 4160050.89 ], [ 284893.98, 4160051.26 ], [ 284894.26, 4160051.65 ], [ 284894.5, 4160052.07 ], [ 284894.69, 4160052.51 ], [ 284894.84, 4160052.97 ], [ 284894.95, 4160053.44 ], [ 284895.01, 4160053.92 ], [ 284895.78, 4160063.51 ], [ 284896.63, 4160063.79 ], [ 284897.36, 4160064.32 ], [ 284898.86, 4160066.4 ], [ 284899.13, 4160067.26 ], [ 284899.13, 4160079.03 ] ] ], [ [ [ 284916.11, 4160094.77 ], [ 284916.12, 4160094.28 ], [ 284916.18, 4160093.79 ], [ 284916.29, 4160093.31 ], [ 284916.44, 4160092.85 ], [ 284916.64, 4160092.4 ], [ 284916.88, 4160091.97 ], [ 284917.16, 4160091.57 ], [ 284917.48, 4160091.2 ], [ 284917.83, 4160090.86 ], [ 284918.22, 4160090.55 ], [ 284918.56, 4160090.34 ], [ 284918.47, 4160090.23 ], [ 284918.2, 4160089.82 ], [ 284917.97, 4160089.38 ], [ 284917.79, 4160088.92 ], [ 284917.65, 4160088.45 ], [ 284917.56, 4160087.97 ], [ 284917.11, 4160084.62 ], [ 284913.63, 4160083.46 ], [ 284912.91, 4160082.93 ], [ 284911.67, 4160081.22 ], [ 284913.78, 4160118.14 ], [ 284914.8, 4160117.62 ], [ 284917.22, 4160103.08 ], [ 284917.11, 4160102.67 ], [ 284917.03, 4160102.2 ], [ 284916.15, 4160095.26 ], [ 284916.11, 4160094.77 ] ] ] ] } },
{ "type": "Feature", "properties": { "id": "imagery:groundcover_lawn:548", "name": null, "kind": "groundcover_lawn", "sport": null, "surface": null, "pitch_layout": null, "source": "vgin_vbmp+naip+lidar2025", "source_updated": null, "base_z": null, "top_z": null }, "geometry": { "type": "Polygon", "coordinates": [ [ [ 284917.06, 4160084.6 ], [ 284920.92, 4160082.48 ], [ 284922.55, 4160075.96 ], [ 284921.03, 4160072.67 ], [ 284921.01, 4160072.67 ], [ 284920.91, 4160072.67 ], [ 284920.81, 4160072.65 ], [ 284920.72, 4160072.63 ], [ 284920.62, 4160072.6 ], [ 284920.54, 4160072.56 ], [ 284920.45, 4160072.51 ], [ 284920.37, 4160072.45 ], [ 284920.3, 4160072.39 ], [ 284920.23, 4160072.32 ], [ 284920.17, 4160072.24 ], [ 284920.12, 4160072.16 ], [ 284920.09, 4160072.11 ], [ 284918.47, 4160071.3 ], [ 284915.79, 4160071.3 ], [ 284912.79, 4160072.8 ], [ 284911.33, 4160075.16 ], [ 284911.67, 4160081.22 ], [ 284913.18, 4160083.31 ], [ 284917.06, 4160084.6 ] ] ] } },
{ "type": "Feature", "properties": { "id": "richmond_structure:300721", "name": null, "kind": "deck", "sport": null, "surface": null, "pitch_layout": null, "source": "richmond_structures", "source_updated": "2026-09-08T12:07:13.637000Z", "base_z": null, "top_z": null }, "geometry": { "type": "Polygon", "coordinates": [ [ [ 284880.87, 4160086.46 ], [ 284880.46, 4160083.58 ], [ 284876.9, 4160083.81 ], [ 284877.11, 4160086.23 ], [ 284878.81, 4160086.03 ], [ 284878.89, 4160086.72 ], [ 284880.87, 4160086.46 ] ] ] } },
{ "type": "Feature", "properties": { "id": "richmond_structure:301074", "name": null, "kind": "deck", "sport": null, "surface": null, "pitch_layout": null, "source": "richmond_structures", "source_updated": "2026-09-08T12:07:13.637000Z", "base_z": null, "top_z": null }, "geometry": { "type": "Polygon", "coordinates": [ [ [ 284882.68, 4160085.54 ], [ 284884.22, 4160085.34 ], [ 284884.1, 4160084.13 ], [ 284880.61, 4160084.58 ], [ 284880.87, 4160086.46 ], [ 284882.77, 4160086.22 ], [ 284882.68, 4160085.54 ] ] ] } },
{ "type": "Feature", "properties": { "id": "richmond_structure:294771", "name": null, "kind": "deck", "sport": null, "surface": null, "pitch_layout": null, "source": "richmond_structures", "source_updated": "2026-09-08T12:07:13.637000Z", "base_z": null, "top_z": null }, "geometry": { "type": "Polygon", "coordinates": [ [ [ 284845.68, 4160093.28 ], [ 284845.85, 4160094.46 ], [ 284850.18, 4160093.88 ], [ 284849.41, 4160088.94 ], [ 284844.95, 4160089.5 ], [ 284844.93, 4160090.64 ], [ 284840.6, 4160091.22 ], [ 284840.41, 4160093.33 ], [ 284841.66, 4160093.15 ], [ 284841.77, 4160093.87 ], [ 284845.68, 4160093.28 ] ] ] } },
{ "type": "Feature", "properties": { "id": "richmond_structure:403032", "name": null, "kind": "deck", "sport": null, "surface": null, "pitch_layout": null, "source": "richmond_structures", "source_updated": "2026-09-08T12:07:13.637000Z", "base_z": null, "top_z": null }, "geometry": { "type": "Polygon", "coordinates": [ [ [ 284966.89, 4160000.0 ], [ 284964.23, 4160000.0 ], [ 284964.49, 4160003.83 ], [ 284968.76, 4160003.54 ], [ 284968.65, 4160001.72 ], [ 284966.99, 4160001.82 ], [ 284966.89, 4160000.0 ] ] ] } },
{ "type": "Feature", "properties": { "id": "richmond_structure:299191", "name": null, "kind": "deck", "sport": null, "surface": null, "pitch_layout": null, "source": "richmond_structures", "source_updated": "2026-09-08T12:07:13.637000Z", "base_z": null, "top_z": null }, "geometry": { "type": "Polygon", "coordinates": [ [ [ 284965.43, 4160016.25 ], [ 284969.21, 4160016.2 ], [ 284969.06, 4160012.55 ], [ 284970.04, 4160012.52 ], [ 284969.91, 4160011.42 ], [ 284965.25, 4160011.59 ], [ 284965.43, 4160016.25 ] ] ] } },
{ "type": "Feature", "properties": { "id": "richmond_structure:299435", "name": null, "kind": "deck", "sport": null, "surface": null, "pitch_layout": null, "source": "richmond_structures", "source_updated": "2026-09-08T12:07:13.637000Z", "base_z": null, "top_z": null }, "geometry": { "type": "Polygon", "coordinates": [ [ [ 284970.96, 4160045.1 ], [ 284970.51, 4160041.67 ], [ 284966.86, 4160042.2 ], [ 284967.34, 4160045.58 ], [ 284970.96, 4160045.1 ] ] ] } },
{ "type": "Feature", "properties": { "id": "richmond_structure:403543", "name": null, "kind": "deck", "sport": null, "surface": null, "pitch_layout": null, "source": "richmond_structures", "source_updated": "2026-09-08T12:07:13.637000Z", "base_z": null, "top_z": null }, "geometry": { "type": "Polygon", "coordinates": [ [ [ 284953.32, 4160046.54 ], [ 284957.19, 4160046.08 ], [ 284956.81, 4160042.92 ], [ 284952.94, 4160043.38 ], [ 284953.32, 4160046.54 ] ] ] } },
{ "type": "Feature", "properties": { "id": "imagery:groundcover_lawn:663", "name": null, "kind": "groundcover_lawn", "sport": null, "surface": null, "pitch_layout": null, "source": "vgin_vbmp+naip+lidar2025", "source_updated": null, "base_z": null, "top_z": null }, "geometry": { "type": "MultiPolygon", "coordinates": [ [ [ [ 284914.95, 4160032.64 ], [ 284914.96, 4160032.54 ], [ 284914.99, 4160032.45 ], [ 284915.03, 4160032.36 ], [ 284915.07, 4160032.28 ], [ 284915.12, 4160032.2 ], [ 284915.18, 4160032.12 ], [ 284915.25, 4160032.05 ], [ 284915.32, 4160031.99 ], [ 284915.4, 4160031.93 ], [ 284915.49, 4160031.89 ], [ 284915.57, 4160031.85 ], [ 284915.67, 4160031.82 ], [ 284915.76, 4160031.8 ], [ 284918.27, 4160031.35 ], [ 284919.07, 4160029.15 ], [ 284917.41, 4160026.85 ], [ 284917.37, 4160026.72 ], [ 284917.36, 4160026.72 ], [ 284917.27, 4160026.67 ], [ 284917.19, 4160026.62 ], [ 284917.11, 4160026.55 ], [ 284917.05, 4160026.48 ], [ 284916.98, 4160026.41 ], [ 284916.93, 4160026.33 ], [ 284916.88, 4160026.24 ], [ 284916.85, 4160026.15 ], [ 284916.82, 4160026.06 ], [ 284916.8, 4160025.96 ], [ 284915.62, 4160017.86 ], [ 284915.61, 4160017.76 ], [ 284915.61, 4160017.67 ], [ 284915.62, 4160017.57 ], [ 284915.64, 4160017.47 ], [ 284915.66, 4160017.38 ], [ 284915.7, 4160017.29 ], [ 284915.75, 4160017.2 ], [ 284915.8, 4160017.12 ], [ 284915.87, 4160017.04 ], [ 284915.94, 4160016.97 ], [ 284916.01, 4160016.91 ], [ 284916.09, 4160016.86 ], [ 284916.18, 4160016.81 ], [ 284916.27, 4160016.78 ], [ 284916.36, 4160016.75 ], [ 284916.46, 4160016.73 ], [ 284916.99, 4160016.65 ], [ 284916.3, 4160013.93 ], [ 284914.54, 4160013.08 ], [ 284912.49, 4160010.44 ], [ 284912.23, 4160009.23 ], [ 284913.2, 4160005.35 ], [ 284910.29, 4160001.63 ], [ 284907.11, 4160001.63 ], [ 284908.87, 4160032.26 ], [ 284909.17, 4160034.96 ], [ 284911.33, 4160037.52 ], [ 284914.51, 4160036.48 ], [ 284915.31, 4160035.46 ], [ 284914.95, 4160032.92 ], [ 284914.94, 4160032.83 ], [ 284914.94, 4160032.73 ], [ 284914.95, 4160032.64 ] ] ], [ [ [ 284935.97, 4160046.75 ], [ 284936.07, 4160046.78 ], [ 284936.16, 4160046.82 ], [ 284936.25, 4160046.87 ], [ 284936.33, 4160046.92 ], [ 284936.41, 4160046.99 ], [ 284936.48, 4160047.06 ], [ 284936.54, 4160047.14 ], [ 284936.6, 4160047.22 ], [ 284936.64, 4160047.31 ], [ 284936.68, 4160047.4 ], [ 284936.71, 4160047.5 ], [ 284936.73, 4160047.6 ], [ 284936.82, 4160048.31 ], [ 284937.71, 4160049.2 ], [ 284938.13, 4160050.22 ], [ 284938.13, 4160053.36 ], [ 284947.84, 4160051.77 ], [ 284946.57, 4160028.42 ], [ 284942.09, 4160028.73 ], [ 284941.99, 4160028.73 ], [ 284941.9, 4160028.72 ], [ 284941.8, 4160028.7 ], [ 284941.71, 4160028.68 ], [ 284941.61, 4160028.64 ], [ 284941.53, 4160028.6 ], [ 284941.44, 4160028.54 ], [ 284941.37, 4160028.48 ], [ 284941.3, 4160028.42 ], [ 284941.23, 4160028.34 ], [ 284941.18, 4160028.26 ], [ 284941.13, 4160028.18 ], [ 284941.09, 4160028.09 ], [ 284941.06, 4160027.99 ], [ 284941.04, 4160027.9 ], [ 284941.03, 4160027.8 ], [ 284940.66, 4160022.46 ], [ 284940.66, 4160022.36 ], [ 284940.66, 4160022.26 ], [ 284940.68, 4160022.16 ], [ 284940.71, 4160022.07 ], [ 284940.74, 4160021.98 ], [ 284940.79, 4160021.89 ], [ 284940.84, 4160021.81 ], [ 284940.9, 4160021.73 ], [ 284940.97, 4160021.66 ], [ 284941.04, 4160021.6 ], [ 284941.12, 4160021.54 ], [ 284941.21, 4160021.49 ], [ 284941.3, 4160021.45 ], [ 284941.39, 4160021.42 ], [ 284941.49, 4160021.4 ], [ 284941.59, 4160021.39 ], [ 284946.17, 4160021.08 ], [ 284945.01, 4160000.0 ], [ 284932.01, 4160000.0 ], [ 284932.03, 4160000.08 ], [ 284933.28, 4160007.14 ], [ 284933.29, 4160007.24 ], [ 284933.29, 4160007.34 ], [ 284933.28, 4160007.44 ], [ 284933.27, 4160007.53 ], [ 284933.24, 4160007.63 ], [ 284933.21, 4160007.72 ], [ 284933.16, 4160007.81 ], [ 284933.11, 4160007.89 ], [ 284933.05, 4160007.97 ], [ 284932.98, 4160008.04 ], [ 284932.91, 4160008.1 ], [ 284932.83, 4160008.16 ], [ 284932.74, 4160008.21 ], [ 284932.65, 4160008.25 ], [ 284932.56, 4160008.28 ], [ 284932.47, 4160008.3 ], [ 284930.74, 4160008.61 ], [ 284930.2, 4160011.26 ], [ 284929.56, 4160012.0 ], [ 284929.7, 4160014.79 ], [ 284931.29, 4160014.56 ], [ 284931.39, 4160014.55 ], [ 284931.49, 4160014.55 ], [ 284931.58, 4160014.56 ], [ 284931.68, 4160014.58 ], [ 284931.77, 4160014.6 ], [ 284931.86, 4160014.64 ], [ 284931.95, 4160014.69 ], [ 284932.03, 4160014.74 ], [ 284932.11, 4160014.81 ], [ 284932.18, 4160014.88 ], [ 284932.24, 4160014.95 ], [ 284932.29, 4160015.03 ], [ 284932.34, 4160015.12 ], [ 284932.38, 4160015.21 ], [ 284932.41, 4160015.3 ], [ 284932.42, 4160015.4 ], [ 284932.88, 4160018.5 ], [ 284933.1, 4160018.61 ], [ 284933.69, 4160019.15 ], [ 284934.91, 4160021.12 ], [ 284935.13, 4160021.9 ], [ 284935.13, 4160023.35 ], [ 284934.91, 4160024.13 ], [ 284933.69, 4160026.1 ], [ 284933.1, 4160026.64 ], [ 284930.95, 4160027.72 ], [ 284929.59, 4160029.08 ], [ 284929.47, 4160029.34 ], [ 284929.69, 4160029.3 ], [ 284929.79, 4160029.29 ], [ 284929.89, 4160029.29 ], [ 284929.99, 4160029.3 ], [ 284930.09, 4160029.31 ], [ 284930.18, 4160029.34 ], [ 284930.28, 4160029.38 ], [ 284930.37, 4160029.42 ], [ 284930.45, 4160029.48 ], [ 284930.53, 4160029.54 ], [ 284930.6, 4160029.61 ], [ 284930.66, 4160029.69 ], [ 284930.72, 4160029.77 ], [ 284930.77, 4160029.86 ], [ 284930.81, 4160029.95 ], [ 284930.83, 4160030.05 ], [ 284930.85, 4160030.15 ], [ 284932.28, 4160040.01 ], [ 284932.29, 4160040.11 ], [ 284932.29, 4160040.21 ], [ 284932.28, 4160040.31 ], [ 284932.26, 4160040.4 ], [ 284932.23, 4160040.5 ], [ 284932.19, 4160040.59 ], [ 284932.14, 4160040.67 ], [ 284932.09, 4160040.75 ], [ 284932.03, 4160040.83 ], [ 284931.96, 4160040.9 ], [ 284931.88, 4160040.96 ], [ 284931.8, 4160041.02 ], [ 284931.71, 4160041.06 ], [ 284931.62, 4160041.1 ], [ 284931.53, 4160041.13 ], [ 284931.43, 4160041.15 ], [ 284930.38, 4160041.3 ], [ 284930.03, 4160041.72 ], [ 284932.35, 4160046.63 ], [ 284934.53, 4160046.63 ], [ 284934.89, 4160046.77 ], [ 284935.67, 4160046.73 ], [ 284935.78, 4160046.73 ], [ 284935.87, 4160046.74 ], [ 284935.97, 4160046.75 ] ] ], [ [ [ 284828.06, 4160066.69 ], [ 284827.88, 4160065.37 ], [ 284827.87, 4160065.27 ], [ 284827.87, 4160065.18 ], [ 284827.88, 4160065.08 ], [ 284827.9, 4160064.98 ], [ 284827.93, 4160064.89 ], [ 284827.97, 4160064.8 ], [ 284828.01, 4160064.71 ], [ 284828.07, 4160064.63 ], [ 284828.13, 4160064.56 ], [ 284828.2, 4160064.49 ], [ 284828.28, 4160064.43 ], [ 284828.36, 4160064.37 ], [ 284828.44, 4160064.33 ], [ 284828.54, 4160064.29 ], [ 284828.63, 4160064.26 ], [ 284828.73, 4160064.24 ], [ 284833.77, 4160063.53 ], [ 284835.43, 4160062.12 ], [ 284833.45, 4160058.79 ], [ 284832.08, 4160058.32 ], [ 284829.96, 4160056.66 ], [ 284829.44, 4160055.87 ], [ 284829.33, 4160055.41 ], [ 284829.29, 4160055.4 ], [ 284829.2, 4160055.37 ], [ 284829.11, 4160055.32 ], [ 284829.02, 4160055.27 ], [ 284828.94, 4160055.22 ], [ 284828.87, 4160055.15 ], [ 284828.8, 4160055.08 ], [ 284828.75, 4160055.0 ], [ 284828.7, 4160054.92 ], [ 284828.65, 4160054.83 ], [ 284828.62, 4160054.73 ], [ 284828.6, 4160054.64 ], [ 284828.58, 4160054.54 ], [ 284827.84, 4160047.2 ], [ 284827.84, 4160047.1 ], [ 284827.84, 4160047.0 ], [ 284827.86, 4160046.91 ], [ 284827.88, 4160046.81 ], [ 284827.91, 4160046.72 ], [ 284827.96, 4160046.63 ], [ 284828.01, 4160046.54 ], [ 284828.06, 4160046.47 ], [ 284828.13, 4160046.39 ], [ 284828.2, 4160046.33 ], [ 284828.28, 4160046.27 ], [ 284828.37, 4160046.22 ], [ 284828.45, 4160046.18 ], [ 284828.55, 4160046.14 ], [ 284828.64, 4160046.12 ], [ 284828.74, 4160046.1 ], [ 284844.98, 4160044.48 ], [ 284845.08, 4160044.48 ], [ 284845.18, 4160044.48 ], [ 284845.27, 4160044.5 ], [ 284845.37, 4160044.52 ], [ 284845.46, 4160044.55 ], [ 284845.55, 4160044.6 ], [ 284845.63, 4160044.65 ], [ 284845.71, 4160044.7 ], [ 284845.79, 4160044.77 ], [ 284845.85, 4160044.84 ], [ 284845.91, 4160044.92 ], [ 284845.96, 4160045.01 ], [ 284846.0, 4160045.09 ], [ 284846.04, 4160045.19 ], [ 284846.06, 4160045.28 ], [ 284846.07, 4160045.38 ], [ 284846.2, 4160046.63 ], [ 284847.74, 4160046.63 ], [ 284849.8, 4160044.66 ], [ 284850.3, 4160044.97 ], [ 284852.28, 4160041.77 ], [ 284851.31, 4160041.17 ], [ 284851.55, 4160041.04 ], [ 284852.01, 4160041.5 ], [ 284854.7, 4160038.82 ], [ 284855.45, 4160038.42 ], [ 284856.3, 4160038.25 ], [ 284855.42, 4160026.45 ], [ 284855.27, 4160024.61 ], [ 284854.59, 4160024.32 ], [ 284853.77, 4160023.5 ], [ 284851.65, 4160022.63 ], [ 284849.99, 4160022.63 ], [ 284847.3, 4160024.28 ], [ 284846.15, 4160026.59 ], [ 284845.6, 4160027.19 ], [ 284843.63, 4160028.41 ], [ 284842.86, 4160028.63 ], [ 284838.2, 4160028.63 ], [ 284838.2, 4160028.64 ], [ 284838.17, 4160028.73 ], [ 284838.13, 4160028.82 ], [ 284838.08, 4160028.91 ], [ 284838.03, 4160028.99 ], [ 284837.97, 4160029.07 ], [ 284837.9, 4160029.14 ], [ 284837.82, 4160029.2 ], [ 284837.74, 4160029.25 ], [ 284837.65, 4160029.3 ], [ 284837.56, 4160029.34 ], [ 284837.47, 4160029.36 ], [ 284837.37, 4160029.38 ], [ 284836.83, 4160029.46 ], [ 284836.84, 4160029.49 ], [ 284836.84, 4160029.59 ], [ 284836.84, 4160029.69 ], [ 284836.83, 4160029.79 ], [ 284836.82, 4160029.89 ], [ 284836.79, 4160029.98 ], [ 284836.75, 4160030.07 ], [ 284836.7, 4160030.16 ], [ 284836.65, 4160030.24 ], [ 284836.58, 4160030.32 ], [ 284836.51, 4160030.38 ], [ 284836.44, 4160030.45 ], [ 284836.35, 4160030.5 ], [ 284836.27, 4160030.55 ], [ 284836.17, 4160030.58 ], [ 284836.08, 4160030.61 ], [ 284835.98, 4160030.63 ], [ 284834.79, 4160030.79 ], [ 284834.7, 4160030.8 ], [ 284834.6, 4160030.8 ], [ 284834.5, 4160030.79 ], [ 284834.41, 4160030.77 ], [ 284834.31, 4160030.74 ], [ 284834.22, 4160030.7 ], [ 284834.14, 4160030.66 ], [ 284834.06, 4160030.6 ], [ 284833.98, 4160030.54 ], [ 284833.91, 4160030.47 ], [ 284833.85, 4160030.4 ], [ 284833.8, 4160030.31 ], [ 284833.75, 4160030.23 ], [ 284833.71, 4160030.14 ], [ 284833.69, 4160030.04 ], [ 284833.67, 4160029.95 ], [ 284833.66, 4160029.92 ], [ 284830.26, 4160030.41 ], [ 284830.17, 4160030.42 ], [ 284830.07, 4160030.42 ], [ 284829.97, 4160030.41 ], [ 284829.87, 4160030.39 ], [ 284829.78, 4160030.36 ], [ 284829.69, 4160030.32 ], [ 284829.6, 4160030.28 ], [ 284829.52, 4160030.22 ], [ 284829.45, 4160030.16 ], [ 284829.38, 4160030.09 ], [ 284829.32, 4160030.01 ], [ 284829.26, 4160029.93 ], [ 284829.22, 4160029.85 ], [ 284829.18, 4160029.75 ], [ 284829.15, 4160029.66 ], [ 284829.13, 4160029.56 ], [ 284828.8, 4160027.3 ], [ 284827.55, 4160026.05 ], [ 284827.13, 4160025.03 ], [ 284827.13, 4160023.02 ], [ 284827.11, 4160022.99 ], [ 284827.06, 4160022.9 ], [ 284827.03, 4160022.81 ], [ 284827.0, 4160022.72 ], [ 284826.98, 4160022.62 ], [ 284826.62, 4160020.11 ], [ 284826.61, 4160020.01 ], [ 284826.61, 4160019.91 ], [ 284826.63, 4160019.8 ], [ 284826.65, 4160019.7 ], [ 284826.68, 4160019.61 ], [ 284826.72, 4160019.51 ], [ 284827.61, 4160017.77 ], [ 284827.66, 4160017.69 ], [ 284827.72, 4160017.61 ], [ 284827.78, 4160017.54 ], [ 284827.85, 4160017.47 ], [ 284827.92, 4160017.41 ], [ 284828.0, 4160017.36 ], [ 284828.09, 4160017.32 ], [ 284828.17, 4160017.28 ], [ 284828.26, 4160017.25 ], [ 284828.36, 4160017.24 ], [ 284828.73, 4160017.18 ], [ 284828.49, 4160015.51 ], [ 284828.48, 4160015.41 ], [ 284828.48, 4160015.31 ], [ 284828.49, 4160015.22 ], [ 284828.51, 4160015.12 ], [ 284828.54, 4160015.03 ], [ 284828.58, 4160014.94 ], [ 284828.63, 4160014.85 ], [ 284828.68, 4160014.77 ], [ 284828.75, 4160014.69 ], [ 284828.81, 4160014.62 ], [ 284828.89, 4160014.56 ], [ 284828.97, 4160014.51 ], [ 284829.06, 4160014.46 ], [ 284829.15, 4160014.42 ], [ 284829.24, 4160014.4 ], [ 284829.34, 4160014.38 ], [ 284833.13, 4160013.84 ], [ 284833.23, 4160013.83 ], [ 284833.32, 4160013.83 ], [ 284833.42, 4160013.84 ], [ 284833.52, 4160013.86 ], [ 284833.61, 4160013.89 ], [ 284833.7, 4160013.92 ], [ 284833.79, 4160013.97 ], [ 284833.87, 4160014.02 ], [ 284833.94, 4160014.09 ], [ 284834.01, 4160014.16 ], [ 284834.08, 4160014.23 ], [ 284834.13, 4160014.31 ], [ 284834.18, 4160014.4 ], [ 284834.21, 4160014.49 ], [ 284834.24, 4160014.59 ], [ 284834.26, 4160014.68 ], [ 284834.5, 4160016.37 ], [ 284843.72, 4160015.04 ], [ 284845.13, 4160013.63 ], [ 284845.13, 4160010.63 ], [ 284842.13, 4160007.63 ], [ 284838.57, 4160007.63 ], [ 284821.87, 4160009.89 ], [ 284819.01, 4160012.75 ], [ 284818.13, 4160014.87 ], [ 284818.13, 4160049.87 ], [ 284819.11, 4160067.36 ], [ 284819.79, 4160068.45 ], [ 284822.1, 4160069.61 ], [ 284822.17, 4160069.68 ], [ 284826.97, 4160068.61 ], [ 284827.55, 4160067.2 ], [ 284828.06, 4160066.69 ] ] ], [ [ [ 284866.44, 4160082.98 ], [ 284866.37, 4160082.91 ], [ 284866.31, 4160082.84 ], [ 284866.25, 4160082.76 ], [ 284866.21, 4160082.67 ], [ 284866.17, 4160082.58 ], [ 284866.14, 4160082.48 ], [ 284866.12, 4160082.39 ], [ 284865.33, 4160076.59 ], [ 284865.32, 4160076.49 ], [ 284865.32, 4160076.39 ], [ 284865.33, 4160076.3 ], [ 284865.35, 4160076.2 ], [ 284865.38, 4160076.11 ], [ 284865.42, 4160076.02 ], [ 284865.47, 4160075.93 ], [ 284865.52, 4160075.85 ], [ 284865.59, 4160075.77 ], [ 284865.66, 4160075.7 ], [ 284865.73, 4160075.64 ], [ 284865.81, 4160075.59 ], [ 284865.9, 4160075.54 ], [ 284865.99, 4160075.51 ], [ 284866.09, 4160075.48 ], [ 284866.18, 4160075.46 ], [ 284872.09, 4160074.65 ], [ 284872.19, 4160074.65 ], [ 284872.29, 4160074.65 ], [ 284872.39, 4160074.66 ], [ 284872.48, 4160074.68 ], [ 284872.58, 4160074.71 ], [ 284872.67, 4160074.75 ], [ 284872.75, 4160074.79 ], [ 284872.83, 4160074.85 ], [ 284872.91, 4160074.91 ], [ 284872.98, 4160074.98 ], [ 284873.04, 4160075.06 ], [ 284873.09, 4160075.14 ], [ 284873.14, 4160075.23 ], [ 284873.17, 4160075.32 ], [ 284873.2, 4160075.41 ], [ 284873.22, 4160075.51 ], [ 284873.37, 4160076.63 ], [ 284879.03, 4160076.63 ], [ 284881.85, 4160074.66 ], [ 284881.16, 4160072.05 ], [ 284881.38, 4160071.93 ], [ 284880.63, 4160070.59 ], [ 284878.82, 4160059.77 ], [ 284879.14, 4160058.61 ], [ 284880.43, 4160057.1 ], [ 284880.23, 4160054.88 ], [ 284880.23, 4160054.78 ], [ 284880.23, 4160054.68 ], [ 284880.25, 4160054.58 ], [ 284880.28, 4160054.48 ], [ 284880.31, 4160054.39 ], [ 284880.36, 4160054.3 ], [ 284880.41, 4160054.21 ], [ 284880.47, 4160054.14 ], [ 284880.54, 4160054.06 ], [ 284880.62, 4160054.0 ], [ 284880.7, 4160053.94 ], [ 284880.79, 4160053.89 ], [ 284880.88, 4160053.85 ], [ 284880.98, 4160053.82 ], [ 284881.07, 4160053.8 ], [ 284881.17, 4160053.79 ], [ 284889.97, 4160053.32 ], [ 284890.07, 4160053.32 ], [ 284890.17, 4160053.33 ], [ 284890.26, 4160053.35 ], [ 284890.35, 4160053.37 ], [ 284890.44, 4160053.41 ], [ 284890.53, 4160053.45 ], [ 284890.61, 4160053.51 ], [ 284890.69, 4160053.57 ], [ 284890.76, 4160053.63 ], [ 284890.82, 4160053.71 ], [ 284890.87, 4160053.78 ], [ 284890.92, 4160053.87 ], [ 284890.96, 4160053.96 ], [ 284895.81, 4160044.26 ], [ 284896.13, 4160042.92 ], [ 284896.13, 4160030.9 ], [ 284896.35, 4160030.12 ], [ 284897.57, 4160028.15 ], [ 284898.16, 4160027.61 ], [ 284899.94, 4160026.72 ], [ 284898.49, 4160001.63 ], [ 284892.59, 4160001.63 ], [ 284889.65, 4160004.04 ], [ 284888.61, 4160009.24 ], [ 284888.61, 4160009.25 ], [ 284888.6, 4160009.35 ], [ 284888.58, 4160009.45 ], [ 284888.55, 4160009.54 ], [ 284888.55, 4160009.55 ], [ 284888.26, 4160011.0 ], [ 284888.56, 4160013.15 ], [ 284888.57, 4160013.25 ], [ 284888.57, 4160013.35 ], [ 284888.56, 4160013.44 ], [ 284888.54, 4160013.54 ], [ 284888.51, 4160013.63 ], [ 284888.47, 4160013.72 ], [ 284888.43, 4160013.81 ], [ 284888.37, 4160013.89 ], [ 284888.31, 4160013.97 ], [ 284888.24, 4160014.04 ], [ 284888.16, 4160014.1 ], [ 284888.08, 4160014.15 ], [ 284887.99, 4160014.2 ], [ 284887.9, 4160014.24 ], [ 284887.81, 4160014.26 ], [ 284887.71, 4160014.28 ], [ 284887.34, 4160014.34 ], [ 284887.21, 4160014.54 ], [ 284885.07, 4160016.3 ], [ 284884.15, 4160016.63 ], [ 284874.4, 4160016.63 ], [ 284873.23, 4160016.29 ], [ 284873.08, 4160016.8 ], [ 284869.13, 4160019.01 ], [ 284869.13, 4160019.03 ], [ 284868.71, 4160020.05 ], [ 284866.55, 4160022.2 ], [ 284865.53, 4160022.63 ], [ 284862.62, 4160022.63 ], [ 284861.28, 4160023.18 ], [ 284861.5, 4160025.98 ], [ 284861.5, 4160025.99 ], [ 284863.66, 4160054.79 ], [ 284863.66, 4160054.85 ], [ 284866.12, 4160100.23 ], [ 284868.81, 4160098.08 ], [ 284866.96, 4160083.24 ], [ 284866.86, 4160083.22 ], [ 284866.77, 4160083.19 ], [ 284866.68, 4160083.15 ], [ 284866.59, 4160083.1 ], [ 284866.51, 4160083.05 ], [ 284866.44, 4160082.98 ] ], [ [ 284872.71, 4160026.19 ], [ 284872.76, 4160026.1 ], [ 284872.81, 4160026.02 ], [ 284872.88, 4160025.95 ], [ 284872.95, 4160025.88 ], [ 284873.03, 4160025.82 ], [ 284873.11, 4160025.77 ], [ 284873.2, 4160025.73 ], [ 284873.29, 4160025.7 ], [ 284873.39, 4160025.67 ], [ 284873.49, 4160025.66 ], [ 284874.18, 4160025.58 ], [ 284874.21, 4160025.55 ], [ 284875.05, 4160025.04 ], [ 284875.94, 4160024.86 ], [ 284875.64, 4160022.11 ], [ 284875.64, 4160022.02 ], [ 284875.64, 4160021.92 ], [ 284875.66, 4160021.82 ], [ 284875.68, 4160021.73 ], [ 284875.71, 4160021.63 ], [ 284875.75, 4160021.54 ], [ 284875.8, 4160021.46 ], [ 284875.86, 4160021.38 ], [ 284875.92, 4160021.31 ], [ 284876.0, 4160021.24 ], [ 284876.07, 4160021.18 ], [ 284876.16, 4160021.13 ], [ 284876.25, 4160021.09 ], [ 284876.34, 4160021.05 ], [ 284876.43, 4160021.03 ], [ 284876.53, 4160021.01 ], [ 284881.79, 4160020.44 ], [ 284881.89, 4160020.44 ], [ 284881.99, 4160020.44 ], [ 284882.09, 4160020.45 ], [ 284882.18, 4160020.48 ], [ 284882.27, 4160020.51 ], [ 284882.36, 4160020.55 ], [ 284882.45, 4160020.6 ], [ 284882.53, 4160020.66 ], [ 284882.6, 4160020.72 ], [ 284882.67, 4160020.8 ], [ 284882.73, 4160020.87 ], [ 284882.78, 4160020.96 ], [ 284882.82, 4160021.05 ], [ 284882.85, 4160021.14 ], [ 284882.88, 4160021.23 ], [ 284882.89, 4160021.33 ], [ 284882.95, 4160021.85 ], [ 284886.94, 4160021.42 ], [ 284887.03, 4160021.41 ], [ 284887.13, 4160021.42 ], [ 284887.23, 4160021.43 ], [ 284887.32, 4160021.45 ], [ 284887.42, 4160021.49 ], [ 284887.51, 4160021.53 ], [ 284887.59, 4160021.58 ], [ 284887.67, 4160021.64 ], [ 284887.74, 4160021.7 ], [ 284887.81, 4160021.77 ], [ 284887.87, 4160021.85 ], [ 284887.92, 4160021.93 ], [ 284887.96, 4160022.02 ], [ 284888.0, 4160022.12 ], [ 284888.02, 4160022.21 ], [ 284888.04, 4160022.31 ], [ 284888.79, 4160029.25 ], [ 284889.19, 4160030.86 ], [ 284889.0, 4160032.0 ], [ 284887.27, 4160034.63 ], [ 284886.31, 4160035.26 ], [ 284876.28, 4160036.93 ], [ 284875.12, 4160036.62 ], [ 284872.64, 4160034.51 ], [ 284872.13, 4160033.42 ], [ 284872.13, 4160028.61 ], [ 284872.46, 4160027.68 ], [ 284872.67, 4160027.43 ], [ 284872.6, 4160026.76 ], [ 284872.59, 4160026.66 ], [ 284872.6, 4160026.56 ], [ 284872.61, 4160026.46 ], [ 284872.63, 4160026.37 ], [ 284872.67, 4160026.28 ], [ 284872.71, 4160026.19 ] ] ], [ [ [ 284891.65, 4160082.57 ], [ 284891.75, 4160082.58 ], [ 284891.84, 4160082.61 ], [ 284891.9, 4160082.63 ], [ 284896.13, 4160082.63 ], [ 284899.13, 4160079.63 ], [ 284899.13, 4160067.63 ], [ 284896.13, 4160064.63 ], [ 284895.29, 4160064.63 ], [ 284892.45, 4160066.68 ], [ 284892.1, 4160067.72 ], [ 284892.3, 4160070.2 ], [ 284892.3, 4160070.3 ], [ 284892.29, 4160070.4 ], [ 284892.27, 4160070.49 ], [ 284892.25, 4160070.59 ], [ 284892.21, 4160070.68 ], [ 284892.17, 4160070.77 ], [ 284892.11, 4160070.86 ], [ 284892.05, 4160070.93 ], [ 284891.98, 4160071.01 ], [ 284891.91, 4160071.07 ], [ 284891.82, 4160071.13 ], [ 284891.74, 4160071.18 ], [ 284891.64, 4160071.21 ], [ 284891.55, 4160071.24 ], [ 284891.45, 4160071.26 ], [ 284891.35, 4160071.27 ], [ 284890.84, 4160071.3 ], [ 284890.43, 4160071.85 ], [ 284888.35, 4160073.35 ], [ 284887.35, 4160073.67 ], [ 284886.15, 4160078.65 ], [ 284886.71, 4160079.2 ], [ 284887.36, 4160080.77 ], [ 284890.13, 4160082.63 ], [ 284891.1, 4160082.63 ], [ 284891.45, 4160082.58 ], [ 284891.55, 4160082.57 ], [ 284891.65, 4160082.57 ] ] ], [ [ [ 284842.68, 4160058.19 ], [ 284841.43, 4160058.56 ], [ 284840.78, 4160058.66 ], [ 284838.23, 4160061.85 ], [ 284839.21, 4160062.75 ], [ 284840.11, 4160062.63 ], [ 284840.21, 4160062.62 ], [ 284840.31, 4160062.62 ], [ 284840.41, 4160062.63 ], [ 284840.5, 4160062.65 ], [ 284840.6, 4160062.68 ], [ 284840.69, 4160062.71 ], [ 284840.77, 4160062.76 ], [ 284840.85, 4160062.82 ], [ 284840.93, 4160062.88 ], [ 284841.0, 4160062.95 ], [ 284841.06, 4160063.02 ], [ 284841.11, 4160063.11 ], [ 284841.16, 4160063.19 ], [ 284841.2, 4160063.28 ], [ 284841.23, 4160063.38 ], [ 284841.24, 4160063.47 ], [ 284841.41, 4160064.63 ], [ 284844.53, 4160064.63 ], [ 284845.55, 4160065.05 ], [ 284847.71, 4160067.2 ], [ 284848.13, 4160068.22 ], [ 284848.13, 4160070.03 ], [ 284847.55, 4160071.43 ], [ 284849.59, 4160075.49 ], [ 284851.37, 4160075.94 ], [ 284852.17, 4160076.45 ], [ 284853.82, 4160078.57 ], [ 284854.13, 4160079.47 ], [ 284854.13, 4160080.35 ], [ 284853.91, 4160081.13 ], [ 284852.69, 4160083.1 ], [ 284852.1, 4160083.64 ], [ 284849.79, 4160084.8 ], [ 284848.13, 4160087.48 ], [ 284848.13, 4160100.17 ], [ 284851.56, 4160103.14 ], [ 284860.1, 4160101.92 ], [ 284857.73, 4160058.03 ], [ 284857.55, 4160058.2 ], [ 284856.53, 4160058.63 ], [ 284854.73, 4160058.63 ], [ 284853.71, 4160058.2 ], [ 284851.13, 4160055.63 ], [ 284850.59, 4160056.17 ], [ 284847.31, 4160055.17 ], [ 284843.07, 4160058.0 ], [ 284842.68, 4160058.19 ] ] ], [ [ [ 284939.15, 4160092.59 ], [ 284939.23, 4160092.64 ], [ 284939.3, 4160092.71 ], [ 284939.37, 4160092.78 ], [ 284939.43, 4160092.86 ], [ 284939.49, 4160092.94 ], [ 284939.53, 4160093.03 ], [ 284939.57, 4160093.12 ], [ 284939.59, 4160093.21 ], [ 284939.61, 4160093.31 ], [ 284940.33, 4160099.0 ], [ 284940.34, 4160099.1 ], [ 284940.34, 4160099.19 ], [ 284940.32, 4160099.29 ], [ 284940.3, 4160099.39 ], [ 284940.27, 4160099.48 ], [ 284940.23, 4160099.57 ], [ 284940.18, 4160099.66 ], [ 284940.13, 4160099.74 ], [ 284940.06, 4160099.81 ], [ 284939.99, 4160099.88 ], [ 284939.92, 4160099.94 ], [ 284939.83, 4160099.99 ], [ 284939.75, 4160100.04 ], [ 284939.65, 4160100.07 ], [ 284939.56, 4160100.1 ], [ 284939.46, 4160100.12 ], [ 284938.03, 4160100.29 ], [ 284938.01, 4160100.36 ], [ 284937.98, 4160100.46 ], [ 284937.94, 4160100.55 ], [ 284937.89, 4160100.63 ], [ 284937.87, 4160100.66 ], [ 284937.71, 4160101.05 ], [ 284935.55, 4160103.2 ], [ 284934.53, 4160103.63 ], [ 284922.77, 4160103.63 ], [ 284921.91, 4160103.35 ], [ 284920.76, 4160102.52 ], [ 284916.02, 4160104.62 ], [ 284915.15, 4160112.46 ], [ 284916.97, 4160115.56 ], [ 284920.45, 4160114.69 ], [ 284920.77, 4160114.31 ], [ 284920.64, 4160112.26 ], [ 284920.64, 4160112.16 ], [ 284920.65, 4160112.06 ], [ 284920.66, 4160111.96 ], [ 284920.69, 4160111.86 ], [ 284920.73, 4160111.77 ], [ 284920.78, 4160111.68 ], [ 284920.83, 4160111.6 ], [ 284920.9, 4160111.52 ], [ 284920.97, 4160111.45 ], [ 284921.05, 4160111.39 ], [ 284921.13, 4160111.33 ], [ 284921.22, 4160111.29 ], [ 284921.31, 4160111.25 ], [ 284921.41, 4160111.22 ], [ 284921.51, 4160111.2 ], [ 284927.44, 4160110.44 ], [ 284927.45, 4160110.36 ], [ 284927.48, 4160110.26 ], [ 284927.52, 4160110.17 ], [ 284927.56, 4160110.09 ], [ 284927.62, 4160110.0 ], [ 284927.68, 4160109.93 ], [ 284927.75, 4160109.86 ], [ 284927.82, 4160109.79 ], [ 284927.9, 4160109.74 ], [ 284927.99, 4160109.69 ], [ 284928.08, 4160109.65 ], [ 284928.17, 4160109.62 ], [ 284928.27, 4160109.6 ], [ 284928.36, 4160109.59 ], [ 284932.8, 4160109.31 ], [ 284932.9, 4160109.31 ], [ 284933.0, 4160109.32 ], [ 284933.1, 4160109.33 ], [ 284933.19, 4160109.36 ], [ 284933.28, 4160109.4 ], [ 284933.37, 4160109.44 ], [ 284933.45, 4160109.49 ], [ 284933.53, 4160109.56 ], [ 284933.6, 4160109.62 ], [ 284933.66, 4160109.7 ], [ 284933.72, 4160109.78 ], [ 284933.76, 4160109.86 ], [ 284933.8, 4160109.95 ], [ 284933.83, 4160110.05 ], [ 284933.85, 4160110.14 ], [ 284933.86, 4160110.24 ], [ 284933.94, 4160111.45 ], [ 284934.97, 4160111.38 ], [ 284935.07, 4160111.38 ], [ 284935.16, 4160111.39 ], [ 284935.26, 4160111.41 ], [ 284935.36, 4160111.44 ], [ 284935.45, 4160111.47 ], [ 284935.53, 4160111.52 ], [ 284935.62, 4160111.57 ], [ 284935.69, 4160111.63 ], [ 284935.76, 4160111.7 ], [ 284935.83, 4160111.78 ], [ 284935.88, 4160111.86 ], [ 284935.93, 4160111.94 ], [ 284935.97, 4160112.03 ], [ 284936.0, 4160112.13 ], [ 284936.02, 4160112.22 ], [ 284936.03, 4160112.32 ], [ 284936.41, 4160118.37 ], [ 284936.41, 4160118.47 ], [ 284936.4, 4160118.57 ], [ 284936.38, 4160118.67 ], [ 284936.36, 4160118.76 ], [ 284936.32, 4160118.85 ], [ 284936.28, 4160118.94 ], [ 284936.22, 4160119.02 ], [ 284936.16, 4160119.1 ], [ 284936.09, 4160119.17 ], [ 284936.02, 4160119.23 ], [ 284935.94, 4160119.29 ], [ 284935.85, 4160119.33 ], [ 284935.76, 4160119.37 ], [ 284935.67, 4160119.4 ], [ 284935.57, 4160119.42 ], [ 284935.47, 4160119.43 ], [ 284935.13, 4160119.46 ], [ 284935.13, 4160126.28 ], [ 284935.19, 4160126.32 ], [ 284935.26, 4160126.38 ], [ 284935.33, 4160126.45 ], [ 284935.39, 4160126.53 ], [ 284935.44, 4160126.6 ], [ 284935.49, 4160126.69 ], [ 284935.52, 4160126.78 ], [ 284935.54, 4160126.83 ], [ 284938.17, 4160126.67 ], [ 284938.27, 4160126.67 ], [ 284938.37, 4160126.68 ], [ 284938.46, 4160126.7 ], [ 284938.56, 4160126.72 ], [ 284938.65, 4160126.76 ], [ 284938.74, 4160126.8 ], [ 284938.82, 4160126.86 ], [ 284938.89, 4160126.92 ], [ 284938.96, 4160126.99 ], [ 284939.03, 4160127.06 ], [ 284939.08, 4160127.14 ], [ 284939.13, 4160127.23 ], [ 284939.17, 4160127.32 ], [ 284939.2, 4160127.41 ], [ 284939.22, 4160127.51 ], [ 284939.23, 4160127.61 ], [ 284939.45, 4160131.19 ], [ 284939.45, 4160131.29 ], [ 284939.44, 4160131.38 ], [ 284939.42, 4160131.48 ], [ 284939.39, 4160131.58 ], [ 284939.36, 4160131.67 ], [ 284939.31, 4160131.75 ], [ 284939.26, 4160131.84 ], [ 284939.2, 4160131.91 ], [ 284939.13, 4160131.98 ], [ 284939.05, 4160132.05 ], [ 284938.97, 4160132.1 ], [ 284938.89, 4160132.15 ], [ 284938.8, 4160132.19 ], [ 284938.7, 4160132.22 ], [ 284938.61, 4160132.24 ], [ 284938.51, 4160132.25 ], [ 284936.45, 4160132.37 ], [ 284936.71, 4160136.71 ], [ 284936.71, 4160136.81 ], [ 284936.7, 4160136.91 ], [ 284936.68, 4160137.0 ], [ 284936.66, 4160137.1 ], [ 284936.62, 4160137.19 ], [ 284936.57, 4160137.28 ], [ 284936.52, 4160137.36 ], [ 284936.46, 4160137.43 ], [ 284936.39, 4160137.5 ], [ 284936.32, 4160137.57 ], [ 284936.24, 4160137.62 ], [ 284936.21, 4160137.64 ], [ 284936.21, 4160137.67 ], [ 284936.21, 4160137.7 ], [ 284938.13, 4160139.63 ], [ 284946.29, 4160139.63 ], [ 284948.3, 4160137.06 ], [ 284948.2, 4160137.06 ], [ 284948.1, 4160137.05 ], [ 284948.01, 4160137.04 ], [ 284947.91, 4160137.01 ], [ 284947.82, 4160136.98 ], [ 284947.73, 4160136.93 ], [ 284947.65, 4160136.88 ], [ 284947.57, 4160136.82 ], [ 284947.5, 4160136.76 ], [ 284947.43, 4160136.68 ], [ 284947.38, 4160136.6 ], [ 284947.33, 4160136.52 ], [ 284947.29, 4160136.43 ], [ 284947.26, 4160136.34 ], [ 284947.23, 4160136.24 ], [ 284947.22, 4160136.14 ], [ 284946.71, 4160129.96 ], [ 284946.7, 4160129.86 ], [ 284946.71, 4160129.76 ], [ 284946.73, 4160129.67 ], [ 284946.75, 4160129.57 ], [ 284946.78, 4160129.48 ], [ 284946.83, 4160129.39 ], [ 284946.88, 4160129.31 ], [ 284946.94, 4160129.23 ], [ 284947.01, 4160129.16 ], [ 284947.08, 4160129.09 ], [ 284947.16, 4160129.04 ], [ 284947.24, 4160128.99 ], [ 284947.33, 4160128.95 ], [ 284947.43, 4160128.92 ], [ 284947.52, 4160128.89 ], [ 284947.62, 4160128.88 ], [ 284950.2, 4160128.66 ], [ 284951.22, 4160128.36 ], [ 284951.57, 4160128.54 ], [ 284951.62, 4160128.54 ], [ 284951.72, 4160128.55 ], [ 284951.82, 4160128.56 ], [ 284951.91, 4160128.59 ], [ 284952.01, 4160128.62 ], [ 284952.04, 4160128.64 ], [ 284950.01, 4160091.33 ], [ 284943.17, 4160092.12 ], [ 284943.07, 4160092.13 ], [ 284942.98, 4160092.13 ], [ 284942.88, 4160092.12 ], [ 284942.78, 4160092.09 ], [ 284942.69, 4160092.06 ], [ 284942.6, 4160092.02 ], [ 284942.52, 4160091.97 ], [ 284942.44, 4160091.92 ], [ 284942.36, 4160091.85 ], [ 284942.29, 4160091.78 ], [ 284942.23, 4160091.7 ], [ 284942.18, 4160091.62 ], [ 284942.14, 4160091.53 ], [ 284942.1, 4160091.44 ], [ 284942.08, 4160091.34 ], [ 284942.06, 4160091.25 ], [ 284941.54, 4160086.74 ], [ 284941.53, 4160086.64 ], [ 284941.54, 4160086.54 ], [ 284941.55, 4160086.45 ], [ 284941.57, 4160086.35 ], [ 284941.6, 4160086.26 ], [ 284941.64, 4160086.17 ], [ 284941.69, 4160086.08 ], [ 284941.75, 4160086.0 ], [ 284941.81, 4160085.93 ], [ 284941.89, 4160085.86 ], [ 284941.96, 4160085.8 ], [ 284942.05, 4160085.75 ], [ 284942.13, 4160085.71 ], [ 284942.23, 4160085.67 ], [ 284942.32, 4160085.65 ], [ 284942.42, 4160085.63 ], [ 284949.65, 4160084.79 ], [ 284949.51, 4160082.29 ], [ 284944.42, 4160082.76 ], [ 284944.32, 4160082.76 ], [ 284944.22, 4160082.75 ], [ 284944.12, 4160082.74 ], [ 284944.03, 4160082.71 ], [ 284943.94, 4160082.68 ], [ 284943.85, 4160082.64 ], [ 284943.76, 4160082.59 ], [ 284943.69, 4160082.53 ], [ 284943.61, 4160082.46 ], [ 284943.55, 4160082.39 ], [ 284943.49, 4160082.31 ], [ 284943.44, 4160082.22 ], [ 284943.4, 4160082.14 ], [ 284943.37, 4160082.04 ], [ 284943.34, 4160081.95 ], [ 284943.33, 4160081.85 ], [ 284942.57, 4160073.49 ], [ 284942.57, 4160073.39 ], [ 284942.57, 4160073.29 ], [ 284942.59, 4160073.19 ], [ 284942.61, 4160073.1 ], [ 284942.65, 4160073.01 ], [ 284942.69, 4160072.92 ], [ 284942.74, 4160072.83 ], [ 284942.8, 4160072.75 ], [ 284942.87, 4160072.68 ], [ 284942.94, 4160072.62 ], [ 284943.02, 4160072.56 ], [ 284943.11, 4160072.51 ], [ 284943.19, 4160072.47 ], [ 284943.29, 4160072.44 ], [ 284943.38, 4160072.41 ], [ 284943.48, 4160072.4 ], [ 284948.95, 4160071.91 ], [ 284948.18, 4160057.9 ], [ 284938.13, 4160059.54 ], [ 284938.13, 4160092.49 ], [ 284938.49, 4160092.44 ], [ 284938.59, 4160092.43 ], [ 284938.69, 4160092.44 ], [ 284938.78, 4160092.45 ], [ 284938.88, 4160092.47 ], [ 284938.97, 4160092.5 ], [ 284939.06, 4160092.54 ], [ 284939.15, 4160092.59 ] ] ], [ [ [ 284843.57, 4160121.43 ], [ 284843.59, 4160121.52 ], [ 284843.61, 4160121.62 ], [ 284844.16, 4160128.79 ], [ 284844.74, 4160131.66 ], [ 284847.09, 4160134.02 ], [ 284856.54, 4160135.91 ], [ 284860.13, 4160132.97 ], [ 284860.13, 4160131.22 ], [ 284860.55, 4160130.2 ], [ 284861.57, 4160129.18 ], [ 284860.88, 4160116.28 ], [ 284845.33, 4160118.23 ], [ 284843.33, 4160121.0 ], [ 284843.4, 4160121.08 ], [ 284843.45, 4160121.16 ], [ 284843.5, 4160121.24 ], [ 284843.54, 4160121.33 ], [ 284843.57, 4160121.43 ] ] ], [ [ [ 284871.29, 4160105.23 ], [ 284871.22, 4160105.3 ], [ 284871.14, 4160105.36 ], [ 284871.05, 4160105.41 ], [ 284870.97, 4160105.45 ], [ 284870.87, 4160105.49 ], [ 284870.78, 4160105.51 ], [ 284870.68, 4160105.53 ], [ 284870.58, 4160105.54 ], [ 284868.97, 4160105.57 ], [ 284868.61, 4160105.71 ], [ 284866.8, 4160112.93 ], [ 284867.68, 4160129.18 ], [ 284868.71, 4160130.2 ], [ 284869.13, 4160131.22 ], [ 284869.13, 4160145.63 ], [ 284872.13, 4160148.63 ], [ 284875.13, 4160148.63 ], [ 284878.13, 4160145.63 ], [ 284878.13, 4160143.96 ], [ 284878.08, 4160143.92 ], [ 284878.01, 4160143.86 ], [ 284877.94, 4160143.79 ], [ 284877.88, 4160143.71 ], [ 284877.83, 4160143.62 ], [ 284877.79, 4160143.54 ], [ 284877.75, 4160143.44 ], [ 284877.73, 4160143.35 ], [ 284877.71, 4160143.25 ], [ 284877.15, 4160137.94 ], [ 284877.15, 4160137.84 ], [ 284877.15, 4160137.74 ], [ 284877.17, 4160137.64 ], [ 284877.19, 4160137.55 ], [ 284877.22, 4160137.46 ], [ 284877.26, 4160137.37 ], [ 284877.31, 4160137.28 ], [ 284877.37, 4160137.2 ], [ 284877.44, 4160137.13 ], [ 284877.51, 4160137.06 ], [ 284877.59, 4160137.0 ], [ 284877.67, 4160136.95 ], [ 284877.76, 4160136.91 ], [ 284877.85, 4160136.88 ], [ 284877.95, 4160136.85 ], [ 284878.04, 4160136.84 ], [ 284882.26, 4160136.4 ], [ 284882.25, 4160136.33 ], [ 284882.26, 4160136.23 ], [ 284882.27, 4160136.14 ], [ 284882.29, 4160136.04 ], [ 284882.33, 4160135.95 ], [ 284882.37, 4160135.86 ], [ 284882.42, 4160135.77 ], [ 284882.47, 4160135.69 ], [ 284882.54, 4160135.62 ], [ 284882.61, 4160135.55 ], [ 284882.69, 4160135.5 ], [ 284882.77, 4160135.44 ], [ 284882.86, 4160135.4 ], [ 284882.96, 4160135.37 ], [ 284883.05, 4160135.34 ], [ 284883.15, 4160135.33 ], [ 284888.19, 4160134.8 ], [ 284888.29, 4160134.79 ], [ 284888.39, 4160134.8 ], [ 284888.48, 4160134.81 ], [ 284888.58, 4160134.83 ], [ 284888.67, 4160134.87 ], [ 284888.76, 4160134.91 ], [ 284888.85, 4160134.96 ], [ 284888.92, 4160135.01 ], [ 284889.0, 4160135.08 ], [ 284889.06, 4160135.15 ], [ 284889.12, 4160135.23 ], [ 284889.17, 4160135.32 ], [ 284889.22, 4160135.4 ], [ 284889.25, 4160135.5 ], [ 284889.27, 4160135.59 ], [ 284889.29, 4160135.69 ], [ 284889.33, 4160136.04 ], [ 284895.06, 4160135.44 ], [ 284895.16, 4160135.44 ], [ 284895.25, 4160135.44 ], [ 284895.35, 4160135.45 ], [ 284895.45, 4160135.48 ], [ 284895.54, 4160135.51 ], [ 284895.63, 4160135.55 ], [ 284895.71, 4160135.6 ], [ 284895.79, 4160135.66 ], [ 284895.86, 4160135.72 ], [ 284895.93, 4160135.8 ], [ 284895.99, 4160135.87 ], [ 284896.04, 4160135.96 ], [ 284896.08, 4160136.05 ], [ 284896.12, 4160136.14 ], [ 284896.14, 4160136.23 ], [ 284896.16, 4160136.33 ], [ 284896.79, 4160142.28 ], [ 284896.79, 4160142.37 ], [ 284896.79, 4160142.47 ], [ 284896.78, 4160142.57 ], [ 284896.75, 4160142.67 ], [ 284896.72, 4160142.76 ], [ 284896.68, 4160142.85 ], [ 284896.63, 4160142.93 ], [ 284896.57, 4160143.01 ], [ 284896.55, 4160143.04 ], [ 284899.13, 4160145.63 ], [ 284902.97, 4160145.63 ], [ 284905.81, 4160143.57 ], [ 284906.5, 4160141.52 ], [ 284905.11, 4160117.11 ], [ 284903.47, 4160116.3 ], [ 284900.79, 4160116.3 ], [ 284897.79, 4160117.8 ], [ 284896.13, 4160120.48 ], [ 284896.13, 4160120.96 ], [ 284896.49, 4160124.97 ], [ 284896.5, 4160125.07 ], [ 284896.49, 4160125.17 ], [ 284896.47, 4160125.27 ], [ 284896.45, 4160125.36 ], [ 284896.41, 4160125.46 ], [ 284896.37, 4160125.54 ], [ 284896.31, 4160125.63 ], [ 284896.25, 4160125.71 ], [ 284896.18, 4160125.78 ], [ 284896.11, 4160125.85 ], [ 284896.03, 4160125.9 ], [ 284895.94, 4160125.95 ], [ 284895.85, 4160125.99 ], [ 284895.75, 4160126.02 ], [ 284895.65, 4160126.04 ], [ 284895.38, 4160126.09 ], [ 284894.05, 4160127.71 ], [ 284893.21, 4160128.21 ], [ 284884.96, 4160129.86 ], [ 284883.83, 4160129.61 ], [ 284881.28, 4160127.75 ], [ 284880.7, 4160126.75 ], [ 284880.5, 4160124.97 ], [ 284880.46, 4160124.9 ], [ 284880.42, 4160124.81 ], [ 284880.38, 4160124.72 ], [ 284880.36, 4160124.62 ], [ 284880.35, 4160124.52 ], [ 284879.91, 4160119.62 ], [ 284878.43, 4160106.29 ], [ 284875.45, 4160103.63 ], [ 284871.82, 4160103.63 ], [ 284871.82, 4160104.41 ], [ 284871.57, 4160104.51 ], [ 284871.56, 4160104.61 ], [ 284871.55, 4160104.71 ], [ 284871.53, 4160104.8 ], [ 284871.5, 4160104.9 ], [ 284871.46, 4160104.99 ], [ 284871.41, 4160105.07 ], [ 284871.35, 4160105.15 ], [ 284871.29, 4160105.23 ] ] ], [ [ [ 284913.96, 4160117.7 ], [ 284913.76, 4160117.81 ], [ 284915.1, 4160141.27 ], [ 284917.13, 4160142.63 ], [ 284917.75, 4160142.63 ], [ 284919.95, 4160138.67 ], [ 284920.47, 4160138.53 ], [ 284920.13, 4160137.35 ], [ 284920.13, 4160118.36 ], [ 284918.01, 4160115.49 ], [ 284914.64, 4160116.69 ], [ 284913.96, 4160117.7 ] ] ], [ [ [ 285000.0, 4160034.06 ], [ 285000.0, 4160000.0 ], [ 284997.49, 4160000.0 ], [ 284999.89, 4160034.0 ], [ 285000.0, 4160034.06 ] ] ], [ [ [ 284962.48, 4160030.76 ], [ 284963.16, 4160029.95 ], [ 284963.11, 4160029.57 ], [ 284963.1, 4160029.48 ], [ 284963.1, 4160029.38 ], [ 284963.11, 4160029.28 ], [ 284963.13, 4160029.18 ], [ 284963.16, 4160029.09 ], [ 284963.19, 4160029.0 ], [ 284963.24, 4160028.91 ], [ 284963.3, 4160028.83 ], [ 284963.36, 4160028.76 ], [ 284963.43, 4160028.69 ], [ 284963.51, 4160028.63 ], [ 284963.59, 4160028.57 ], [ 284963.68, 4160028.53 ], [ 284963.77, 4160028.49 ], [ 284963.86, 4160028.46 ], [ 284963.96, 4160028.44 ], [ 284964.37, 4160028.39 ], [ 284964.39, 4160028.33 ], [ 284964.44, 4160028.24 ], [ 284964.5, 4160028.16 ], [ 284964.56, 4160028.09 ], [ 284964.63, 4160028.02 ], [ 284964.71, 4160027.95 ], [ 284964.79, 4160027.9 ], [ 284964.87, 4160027.85 ], [ 284964.97, 4160027.82 ], [ 284965.06, 4160027.79 ], [ 284965.16, 4160027.77 ], [ 284969.32, 4160027.18 ], [ 284970.87, 4160022.36 ], [ 284969.14, 4160020.63 ], [ 284969.13, 4160020.63 ], [ 284969.05, 4160020.58 ], [ 284968.97, 4160020.53 ], [ 284968.89, 4160020.46 ], [ 284968.82, 4160020.39 ], [ 284968.76, 4160020.32 ], [ 284968.71, 4160020.24 ], [ 284968.67, 4160020.17 ], [ 284968.55, 4160020.05 ], [ 284968.13, 4160019.03 ], [ 284968.13, 4160014.22 ], [ 284968.33, 4160013.74 ], [ 284968.25, 4160011.75 ], [ 284968.25, 4160011.65 ], [ 284968.26, 4160011.55 ], [ 284968.28, 4160011.46 ], [ 284968.31, 4160011.36 ], [ 284968.35, 4160011.27 ], [ 284968.4, 4160011.19 ], [ 284968.45, 4160011.11 ], [ 284968.52, 4160011.03 ], [ 284968.59, 4160010.96 ], [ 284968.66, 4160010.9 ], [ 284968.75, 4160010.85 ], [ 284968.84, 4160010.8 ], [ 284968.93, 4160010.76 ], [ 284969.02, 4160010.74 ], [ 284969.12, 4160010.72 ], [ 284969.22, 4160010.71 ], [ 284971.72, 4160010.63 ], [ 284972.28, 4160010.4 ], [ 284973.39, 4160008.32 ], [ 284976.12, 4160010.49 ], [ 284979.56, 4160010.38 ], [ 284979.66, 4160010.38 ], [ 284979.75, 4160010.39 ], [ 284979.85, 4160010.41 ], [ 284979.94, 4160010.44 ], [ 284980.03, 4160010.48 ], [ 284980.12, 4160010.53 ], [ 284980.2, 4160010.58 ], [ 284980.27, 4160010.64 ], [ 284980.34, 4160010.71 ], [ 284980.4, 4160010.79 ], [ 284980.46, 4160010.87 ], [ 284980.5, 4160010.96 ], [ 284980.54, 4160011.05 ], [ 284980.56, 4160011.14 ], [ 284980.58, 4160011.24 ], [ 284980.59, 4160011.34 ], [ 284980.91, 4160019.36 ], [ 284980.91, 4160019.45 ], [ 284980.9, 4160019.55 ], [ 284980.88, 4160019.65 ], [ 284980.85, 4160019.74 ], [ 284980.81, 4160019.83 ], [ 284980.77, 4160019.92 ], [ 284980.71, 4160020.0 ], [ 284980.65, 4160020.08 ], [ 284980.58, 4160020.15 ], [ 284980.5, 4160020.21 ], [ 284980.42, 4160020.26 ], [ 284980.33, 4160020.31 ], [ 284980.24, 4160020.34 ], [ 284980.14, 4160020.37 ], [ 284980.05, 4160020.39 ], [ 284979.95, 4160020.4 ], [ 284979.34, 4160020.42 ], [ 284977.61, 4160022.14 ], [ 284977.95, 4160026.2 ], [ 284981.54, 4160025.88 ], [ 284981.64, 4160025.88 ], [ 284981.74, 4160025.89 ], [ 284981.84, 4160025.9 ], [ 284981.94, 4160025.93 ], [ 284982.03, 4160025.97 ], [ 284982.13, 4160026.01 ], [ 284982.21, 4160026.07 ], [ 284982.29, 4160026.13 ], [ 284982.36, 4160026.2 ], [ 284982.43, 4160026.28 ], [ 284982.48, 4160026.36 ], [ 284982.53, 4160026.45 ], [ 284982.57, 4160026.54 ], [ 284982.6, 4160026.64 ], [ 284982.62, 4160026.74 ], [ 284983.71, 4160034.49 ], [ 284983.72, 4160034.58 ], [ 284983.72, 4160034.68 ], [ 284983.71, 4160034.78 ], [ 284983.69, 4160034.87 ], [ 284983.66, 4160034.96 ], [ 284983.63, 4160035.05 ], [ 284983.58, 4160035.14 ], [ 284983.53, 4160035.22 ], [ 284983.47, 4160035.29 ], [ 284983.4, 4160035.36 ], [ 284983.32, 4160035.43 ], [ 284983.24, 4160035.48 ], [ 284983.16, 4160035.53 ], [ 284983.07, 4160035.56 ], [ 284982.97, 4160035.59 ], [ 284982.88, 4160035.61 ], [ 284981.82, 4160035.78 ], [ 284982.71, 4160041.12 ], [ 284985.67, 4160043.63 ], [ 284989.79, 4160043.63 ], [ 284991.83, 4160042.03 ], [ 284988.87, 4160000.0 ], [ 284979.5, 4160000.0 ], [ 284979.63, 4160002.08 ], [ 284979.64, 4160002.18 ], [ 284979.63, 4160002.27 ], [ 284979.61, 4160002.37 ], [ 284979.58, 4160002.46 ], [ 284979.55, 4160002.56 ], [ 284979.5, 4160002.64 ], [ 284979.45, 4160002.73 ], [ 284979.39, 4160002.8 ], [ 284979.32, 4160002.87 ], [ 284979.24, 4160002.94 ], [ 284979.16, 4160002.99 ], [ 284979.07, 4160003.04 ], [ 284978.98, 4160003.08 ], [ 284978.89, 4160003.11 ], [ 284978.79, 4160003.13 ], [ 284978.7, 4160003.14 ], [ 284977.39, 4160003.22 ], [ 284976.72, 4160004.08 ], [ 284974.97, 4160004.93 ], [ 284974.0, 4160006.98 ], [ 284971.13, 4160004.63 ], [ 284968.73, 4160004.63 ], [ 284967.71, 4160004.2 ], [ 284965.55, 4160002.05 ], [ 284965.13, 4160001.03 ], [ 284965.13, 4160000.0 ], [ 284951.12, 4160000.0 ], [ 284953.84, 4160049.63 ], [ 284955.53, 4160049.63 ], [ 284956.55, 4160050.05 ], [ 284957.02, 4160050.51 ], [ 284966.0, 4160049.39 ], [ 284965.43, 4160045.02 ], [ 284965.42, 4160044.92 ], [ 284965.43, 4160044.82 ], [ 284965.44, 4160044.72 ], [ 284965.46, 4160044.63 ], [ 284965.49, 4160044.53 ], [ 284965.53, 4160044.44 ], [ 284965.57, 4160044.36 ], [ 284965.63, 4160044.28 ], [ 284965.69, 4160044.2 ], [ 284965.76, 4160044.13 ], [ 284965.84, 4160044.07 ], [ 284965.92, 4160044.02 ], [ 284966.01, 4160043.98 ], [ 284966.1, 4160043.94 ], [ 284966.2, 4160043.91 ], [ 284966.29, 4160043.9 ], [ 284967.35, 4160043.76 ], [ 284967.55, 4160042.96 ], [ 284965.98, 4160039.55 ], [ 284964.16, 4160038.64 ], [ 284963.57, 4160038.1 ], [ 284962.35, 4160036.13 ], [ 284962.13, 4160035.35 ], [ 284962.13, 4160031.7 ], [ 284962.48, 4160030.76 ] ] ], [ [ [ 284972.21, 4160128.47 ], [ 284972.08, 4160127.38 ], [ 284972.08, 4160127.28 ], [ 284972.08, 4160127.18 ], [ 284972.09, 4160127.08 ], [ 284972.11, 4160126.99 ], [ 284972.15, 4160126.9 ], [ 284972.19, 4160126.81 ], [ 284972.24, 4160126.72 ], [ 284972.29, 4160126.64 ], [ 284972.36, 4160126.57 ], [ 284972.43, 4160126.5 ], [ 284972.51, 4160126.44 ], [ 284972.59, 4160126.39 ], [ 284972.68, 4160126.35 ], [ 284972.77, 4160126.31 ], [ 284972.86, 4160126.29 ], [ 284972.96, 4160126.27 ], [ 284973.53, 4160126.21 ], [ 284973.66, 4160126.06 ], [ 284975.63, 4160124.85 ], [ 284976.4, 4160124.63 ], [ 284994.67, 4160124.63 ], [ 284996.25, 4160122.8 ], [ 284993.89, 4160078.38 ], [ 284992.55, 4160077.05 ], [ 284992.06, 4160075.87 ], [ 284992.13, 4160075.79 ], [ 284992.13, 4160071.29 ], [ 284988.54, 4160068.34 ], [ 284986.32, 4160068.79 ], [ 284984.75, 4160072.77 ], [ 284984.76, 4160072.78 ], [ 284984.83, 4160072.85 ], [ 284984.89, 4160072.93 ], [ 284984.94, 4160073.01 ], [ 284984.98, 4160073.1 ], [ 284985.01, 4160073.2 ], [ 284985.04, 4160073.29 ], [ 284985.05, 4160073.39 ], [ 284985.16, 4160074.44 ], [ 284985.86, 4160075.4 ], [ 284986.22, 4160076.52 ], [ 284986.13, 4160076.63 ], [ 284986.13, 4160088.21 ], [ 284986.19, 4160088.29 ], [ 284986.23, 4160088.38 ], [ 284986.27, 4160088.47 ], [ 284986.29, 4160088.56 ], [ 284986.31, 4160088.66 ], [ 284987.41, 4160096.68 ], [ 284987.42, 4160096.78 ], [ 284987.42, 4160096.88 ], [ 284987.41, 4160096.98 ], [ 284987.39, 4160097.07 ], [ 284987.36, 4160097.17 ], [ 284987.32, 4160097.26 ], [ 284987.27, 4160097.34 ], [ 284987.21, 4160097.43 ], [ 284987.15, 4160097.5 ], [ 284987.08, 4160097.57 ], [ 284987.0, 4160097.63 ], [ 284986.91, 4160097.68 ], [ 284986.83, 4160097.73 ], [ 284986.73, 4160097.76 ], [ 284986.64, 4160097.79 ], [ 284986.54, 4160097.81 ], [ 284986.13, 4160097.86 ], [ 284986.13, 4160098.35 ], [ 284985.91, 4160099.13 ], [ 284984.86, 4160100.83 ], [ 284985.66, 4160104.84 ], [ 284986.43, 4160105.4 ], [ 284986.96, 4160106.12 ], [ 284988.41, 4160110.47 ], [ 284988.45, 4160111.27 ], [ 284987.92, 4160113.53 ], [ 284987.52, 4160114.23 ], [ 284984.53, 4160117.23 ], [ 284983.91, 4160117.6 ], [ 284981.91, 4160118.2 ], [ 284981.19, 4160118.24 ], [ 284971.66, 4160116.33 ], [ 284970.74, 4160115.72 ], [ 284969.05, 4160113.18 ], [ 284968.84, 4160112.1 ], [ 284969.03, 4160111.14 ], [ 284968.66, 4160106.42 ], [ 284968.66, 4160106.32 ], [ 284968.67, 4160106.22 ], [ 284968.68, 4160106.13 ], [ 284968.71, 4160106.03 ], [ 284968.74, 4160105.94 ], [ 284968.79, 4160105.85 ], [ 284968.84, 4160105.77 ], [ 284968.9, 4160105.69 ], [ 284968.97, 4160105.62 ], [ 284969.04, 4160105.56 ], [ 284969.12, 4160105.5 ], [ 284969.21, 4160105.45 ], [ 284969.3, 4160105.41 ], [ 284969.39, 4160105.38 ], [ 284969.49, 4160105.36 ], [ 284969.58, 4160105.35 ], [ 284970.2, 4160105.3 ], [ 284971.72, 4160097.68 ], [ 284971.66, 4160097.63 ], [ 284971.6, 4160097.56 ], [ 284971.54, 4160097.48 ], [ 284971.49, 4160097.4 ], [ 284971.44, 4160097.31 ], [ 284971.41, 4160097.22 ], [ 284971.38, 4160097.12 ], [ 284971.37, 4160097.03 ], [ 284970.71, 4160091.35 ], [ 284970.7, 4160091.25 ], [ 284970.7, 4160091.15 ], [ 284970.72, 4160091.05 ], [ 284970.74, 4160090.96 ], [ 284970.77, 4160090.87 ], [ 284970.81, 4160090.78 ], [ 284970.86, 4160090.69 ], [ 284970.92, 4160090.61 ], [ 284970.98, 4160090.54 ], [ 284971.05, 4160090.47 ], [ 284971.13, 4160090.41 ], [ 284971.21, 4160090.36 ], [ 284971.3, 4160090.31 ], [ 284971.39, 4160090.28 ], [ 284971.49, 4160090.26 ], [ 284971.59, 4160090.24 ], [ 284972.12, 4160090.18 ], [ 284972.09, 4160089.95 ], [ 284972.09, 4160089.86 ], [ 284972.09, 4160089.76 ], [ 284972.1, 4160089.66 ], [ 284972.13, 4160089.57 ], [ 284972.16, 4160089.47 ], [ 284972.2, 4160089.38 ], [ 284972.25, 4160089.3 ], [ 284972.3, 4160089.22 ], [ 284972.37, 4160089.14 ], [ 284972.44, 4160089.08 ], [ 284972.52, 4160089.02 ], [ 284972.6, 4160088.97 ], [ 284972.69, 4160088.92 ], [ 284972.78, 4160088.89 ], [ 284972.88, 4160088.86 ], [ 284972.98, 4160088.85 ], [ 284973.5, 4160088.79 ], [ 284973.97, 4160086.41 ], [ 284973.88, 4160084.87 ], [ 284973.73, 4160084.42 ], [ 284973.62, 4160084.44 ], [ 284973.52, 4160084.45 ], [ 284973.42, 4160084.45 ], [ 284973.32, 4160084.43 ], [ 284973.22, 4160084.41 ], [ 284973.13, 4160084.38 ], [ 284973.03, 4160084.34 ], [ 284972.95, 4160084.29 ], [ 284972.86, 4160084.24 ], [ 284972.79, 4160084.17 ], [ 284972.72, 4160084.1 ], [ 284972.66, 4160084.02 ], [ 284972.6, 4160083.93 ], [ 284972.56, 4160083.84 ], [ 284972.52, 4160083.75 ], [ 284972.5, 4160083.65 ], [ 284972.48, 4160083.55 ], [ 284972.34, 4160082.18 ], [ 284971.93, 4160082.22 ], [ 284971.83, 4160082.22 ], [ 284971.73, 4160082.22 ], [ 284971.63, 4160082.21 ], [ 284971.54, 4160082.18 ], [ 284971.45, 4160082.15 ], [ 284971.36, 4160082.11 ], [ 284971.27, 4160082.06 ], [ 284971.2, 4160082.0 ], [ 284971.12, 4160081.93 ], [ 284971.06, 4160081.86 ], [ 284971.0, 4160081.78 ], [ 284970.95, 4160081.7 ], [ 284970.91, 4160081.61 ], [ 284970.87, 4160081.52 ], [ 284970.85, 4160081.42 ], [ 284970.83, 4160081.33 ], [ 284970.22, 4160075.35 ], [ 284970.21, 4160075.25 ], [ 284970.22, 4160075.15 ], [ 284970.23, 4160075.05 ], [ 284970.26, 4160074.96 ], [ 284970.29, 4160074.86 ], [ 284970.33, 4160074.78 ], [ 284970.38, 4160074.69 ], [ 284970.44, 4160074.61 ], [ 284970.45, 4160074.6 ], [ 284967.88, 4160066.86 ], [ 284967.82, 4160066.84 ], [ 284967.72, 4160066.8 ], [ 284967.64, 4160066.76 ], [ 284967.55, 4160066.7 ], [ 284967.47, 4160066.64 ], [ 284967.4, 4160066.57 ], [ 284967.34, 4160066.49 ], [ 284967.28, 4160066.41 ], [ 284967.24, 4160066.32 ], [ 284967.2, 4160066.23 ], [ 284967.17, 4160066.13 ], [ 284967.15, 4160066.03 ], [ 284967.14, 4160065.93 ], [ 284967.09, 4160064.5 ], [ 284966.01, 4160061.27 ], [ 284966.02, 4160060.33 ], [ 284966.88, 4160057.82 ], [ 284967.45, 4160057.08 ], [ 284968.05, 4160056.68 ], [ 284968.28, 4160055.25 ], [ 284955.43, 4160056.86 ], [ 284954.77, 4160057.08 ], [ 284954.27, 4160057.0 ], [ 284954.24, 4160057.01 ], [ 284955.53, 4160080.64 ], [ 284955.58, 4160080.61 ], [ 284955.67, 4160080.56 ], [ 284955.76, 4160080.53 ], [ 284955.85, 4160080.5 ], [ 284955.95, 4160080.49 ], [ 284961.32, 4160079.81 ], [ 284961.41, 4160079.81 ], [ 284961.51, 4160079.81 ], [ 284961.61, 4160079.82 ], [ 284961.71, 4160079.84 ], [ 284961.8, 4160079.87 ], [ 284961.89, 4160079.91 ], [ 284961.97, 4160079.96 ], [ 284962.06, 4160080.02 ], [ 284962.13, 4160080.08 ], [ 284962.2, 4160080.15 ], [ 284962.26, 4160080.23 ], [ 284962.31, 4160080.31 ], [ 284962.35, 4160080.4 ], [ 284962.39, 4160080.49 ], [ 284962.42, 4160080.59 ], [ 284962.43, 4160080.68 ], [ 284962.85, 4160084.06 ], [ 284962.85, 4160084.16 ], [ 284962.85, 4160084.26 ], [ 284962.84, 4160084.35 ], [ 284962.82, 4160084.45 ], [ 284962.79, 4160084.54 ], [ 284962.75, 4160084.63 ], [ 284962.7, 4160084.72 ], [ 284962.64, 4160084.8 ], [ 284962.58, 4160084.87 ], [ 284962.51, 4160084.94 ], [ 284962.43, 4160085.0 ], [ 284962.35, 4160085.05 ], [ 284962.26, 4160085.09 ], [ 284962.17, 4160085.13 ], [ 284962.1, 4160085.15 ], [ 284962.13, 4160085.26 ], [ 284962.13, 4160085.52 ], [ 284962.14, 4160085.52 ], [ 284962.23, 4160085.57 ], [ 284962.31, 4160085.63 ], [ 284962.39, 4160085.69 ], [ 284962.45, 4160085.76 ], [ 284962.52, 4160085.84 ], [ 284962.57, 4160085.92 ], [ 284962.61, 4160086.01 ], [ 284962.65, 4160086.1 ], [ 284962.68, 4160086.19 ], [ 284962.69, 4160086.29 ], [ 284963.16, 4160089.92 ], [ 284963.17, 4160090.02 ], [ 284963.16, 4160090.12 ], [ 284963.15, 4160090.21 ], [ 284963.13, 4160090.31 ], [ 284963.1, 4160090.4 ], [ 284963.06, 4160090.49 ], [ 284963.01, 4160090.58 ], [ 284962.96, 4160090.66 ], [ 284962.89, 4160090.73 ], [ 284962.82, 4160090.8 ], [ 284962.75, 4160090.86 ], [ 284962.66, 4160090.91 ], [ 284962.58, 4160090.96 ], [ 284962.49, 4160091.0 ], [ 284962.39, 4160091.02 ], [ 284962.29, 4160091.04 ], [ 284956.69, 4160091.76 ], [ 284956.59, 4160091.77 ], [ 284956.5, 4160091.77 ], [ 284956.4, 4160091.76 ], [ 284956.3, 4160091.74 ], [ 284956.21, 4160091.71 ], [ 284956.13, 4160091.67 ], [ 284957.89, 4160123.87 ], [ 284962.94, 4160123.4 ], [ 284963.04, 4160123.39 ], [ 284963.14, 4160123.4 ], [ 284963.24, 4160123.41 ], [ 284963.33, 4160123.44 ], [ 284963.43, 4160123.47 ], [ 284963.51, 4160123.51 ], [ 284963.6, 4160123.56 ], [ 284963.68, 4160123.62 ], [ 284963.75, 4160123.69 ], [ 284963.81, 4160123.76 ], [ 284963.87, 4160123.84 ], [ 284963.92, 4160123.93 ], [ 284963.96, 4160124.02 ], [ 284964.0, 4160124.11 ], [ 284964.02, 4160124.2 ], [ 284964.03, 4160124.3 ], [ 284964.51, 4160129.38 ], [ 284965.45, 4160131.26 ], [ 284970.73, 4160131.26 ], [ 284970.78, 4160131.17 ], [ 284970.83, 4160131.09 ], [ 284970.9, 4160131.02 ], [ 284970.97, 4160130.95 ], [ 284972.21, 4160128.47 ] ], [ [ 284956.5, 4160071.41 ], [ 284956.4, 4160071.4 ], [ 284956.31, 4160071.38 ], [ 284956.21, 4160071.36 ], [ 284956.12, 4160071.32 ], [ 284956.03, 4160071.28 ], [ 284955.95, 4160071.23 ], [ 284955.87, 4160071.17 ], [ 284955.8, 4160071.1 ], [ 284955.74, 4160071.02 ], [ 284955.68, 4160070.94 ], [ 284955.63, 4160070.86 ], [ 284955.59, 4160070.77 ], [ 284955.56, 4160070.68 ], [ 284955.54, 4160070.58 ], [ 284955.52, 4160070.48 ], [ 284955.27, 4160067.3 ], [ 284955.27, 4160067.21 ], [ 284955.28, 4160067.11 ], [ 284955.29, 4160067.01 ], [ 284955.32, 4160066.92 ], [ 284955.35, 4160066.82 ], [ 284955.4, 4160066.74 ], [ 284955.45, 4160066.65 ], [ 284955.51, 4160066.58 ], [ 284955.58, 4160066.5 ], [ 284955.65, 4160066.44 ], [ 284955.73, 4160066.38 ], [ 284955.82, 4160066.33 ], [ 284955.91, 4160066.29 ], [ 284956.0, 4160066.26 ], [ 284956.09, 4160066.24 ], [ 284956.19, 4160066.23 ], [ 284961.03, 4160065.85 ], [ 284961.12, 4160065.84 ], [ 284961.22, 4160065.85 ], [ 284961.32, 4160065.87 ], [ 284961.41, 4160065.89 ], [ 284961.51, 4160065.93 ], [ 284961.59, 4160065.97 ], [ 284961.68, 4160066.02 ], [ 284961.75, 4160066.08 ], [ 284961.82, 4160066.15 ], [ 284961.89, 4160066.22 ], [ 284961.95, 4160066.3 ], [ 284962.0, 4160066.39 ], [ 284962.04, 4160066.48 ], [ 284962.07, 4160066.57 ], [ 284962.09, 4160066.67 ], [ 284962.1, 4160066.76 ], [ 284962.36, 4160069.94 ], [ 284962.36, 4160070.04 ], [ 284962.36, 4160070.14 ], [ 284962.34, 4160070.24 ], [ 284962.32, 4160070.33 ], [ 284962.28, 4160070.42 ], [ 284962.24, 4160070.51 ], [ 284962.19, 4160070.6 ], [ 284962.13, 4160070.67 ], [ 284962.06, 4160070.74 ], [ 284961.98, 4160070.81 ], [ 284961.9, 4160070.87 ], [ 284961.82, 4160070.92 ], [ 284961.73, 4160070.96 ], [ 284961.64, 4160070.99 ], [ 284961.54, 4160071.01 ], [ 284961.44, 4160071.02 ], [ 284956.6, 4160071.4 ], [ 284956.5, 4160071.41 ] ] ] ] } },
{ "type": "Feature", "properties": { "id": "richmond_structure:403549", "name": null, "kind": "deck", "sport": null, "surface": null, "pitch_layout": null, "source": "richmond_structures", "source_updated": "2026-09-08T12:07:13.637000Z", "base_z": null, "top_z": null }, "geometry": { "type": "Polygon", "coordinates": [ [ [ 284960.73, 4160061.91 ], [ 284964.69, 4160061.65 ], [ 284965.08, 4160067.53 ], [ 284967.99, 4160067.33 ], [ 284967.68, 4160059.3 ], [ 284960.59, 4160059.78 ], [ 284960.73, 4160061.91 ] ] ] } },
{ "type": "Feature", "properties": { "id": "richmond_structure:403548", "name": null, "kind": "deck", "sport": null, "surface": null, "pitch_layout": null, "source": "richmond_structures", "source_updated": "2026-09-08T12:07:13.637000Z", "base_z": null, "top_z": null }, "geometry": { "type": "Polygon", "coordinates": [ [ [ 284933.23, 4160068.61 ], [ 284934.55, 4160068.46 ], [ 284934.07, 4160064.4 ], [ 284932.76, 4160064.55 ], [ 284933.23, 4160068.61 ] ] ] } },
{ "type": "Feature", "properties": { "id": "richmond_structure:285765", "name": null, "kind": "deck", "sport": null, "surface": null, "pitch_layout": null, "source": "richmond_structures", "source_updated": "2026-09-08T12:07:13.637000Z", "base_z": null, "top_z": null }, "geometry": { "type": "Polygon", "coordinates": [ [ [ 284972.21, 4160066.45 ], [ 284967.95, 4160066.74 ], [ 284968.11, 4160069.04 ], [ 284972.37, 4160068.75 ], [ 284972.21, 4160066.45 ] ] ] } },
{ "type": "Feature", "properties": { "id": "richmond_structure:403552", "name": null, "kind": "deck", "sport": null, "surface": null, "pitch_layout": null, "source": "richmond_structures", "source_updated": "2026-09-08T12:07:13.637000Z", "base_z": null, "top_z": null }, "geometry": { "type": "Polygon", "coordinates": [ [ [ 284968.89, 4160082.35 ], [ 284971.64, 4160082.07 ], [ 284971.03, 4160076.08 ], [ 284968.27, 4160076.37 ], [ 284968.89, 4160082.35 ] ] ] } },
{ "type": "Feature", "properties": { "id": "richmond_structure:300719", "name": null, "kind": "deck", "sport": null, "surface": null, "pitch_layout": null, "source": "richmond_structures", "source_updated": "2026-09-08T12:07:13.637000Z", "base_z": null, "top_z": null }, "geometry": { "type": "Polygon", "coordinates": [ [ [ 284932.15, 4160079.67 ], [ 284932.96, 4160085.69 ], [ 284936.31, 4160085.24 ], [ 284935.5, 4160079.22 ], [ 284932.15, 4160079.67 ] ] ] } },
{ "type": "Feature", "properties": { "id": "imagery:groundcover_lawn:583", "name": null, "kind": "groundcover_lawn", "sport": null, "surface": null, "pitch_layout": null, "source": "vgin_vbmp+naip+lidar2025", "source_updated": null, "base_z": null, "top_z": null }, "geometry": { "type": "Polygon", "coordinates": [ [ [ 284802.4, 4160029.19 ], [ 284808.4, 4160030.69 ], [ 284808.44, 4160030.67 ], [ 284807.59, 4160015.49 ], [ 284803.86, 4160014.56 ], [ 284800.13, 4160017.47 ], [ 284800.13, 4160024.84 ], [ 284800.36, 4160026.58 ], [ 284802.4, 4160029.19 ] ] ] } },
{ "type": "Feature", "properties": { "id": "richmond_structure:285772", "name": null, "kind": "deck", "sport": null, "surface": null, "pitch_layout": null, "source": "richmond_structures", "source_updated": "2026-09-08T12:07:13.637000Z", "base_z": null, "top_z": null }, "geometry": { "type": "Polygon", "coordinates": [ [ [ 284836.7, 4160026.87 ], [ 284829.59, 4160027.89 ], [ 284829.93, 4160030.26 ], [ 284834.32, 4160029.62 ], [ 284834.47, 4160030.65 ], [ 284835.66, 4160030.47 ], [ 284835.51, 4160029.45 ], [ 284837.04, 4160029.23 ], [ 284836.7, 4160026.87 ] ] ] } },
{ "type": "Feature", "properties": { "id": "imagery:groundcover_paved:613", "name": null, "kind": "groundcover_paved", "sport": null, "surface": null, "pitch_layout": null, "source": "vgin_vbmp+naip+lidar2025", "source_updated": null, "base_z": null, "top_z": null }, "geometry": { "type": "MultiPolygon", "coordinates": [ [ [ [ 284817.79, 4160000.0 ], [ 284817.86, 4160001.75 ], [ 284830.8, 4160000.0 ], [ 284817.79, 4160000.0 ] ] ], [ [ [ 284763.18, 4160004.48 ], [ 284762.07, 4160007.8 ], [ 284761.47, 4160008.57 ], [ 284761.08, 4160008.81 ], [ 284808.96, 4160002.92 ], [ 284809.25, 4160001.6 ], [ 284809.18, 4160000.0 ], [ 284807.37, 4160000.0 ], [ 284807.29, 4160000.12 ], [ 284806.96, 4160000.49 ], [ 284806.6, 4160000.83 ], [ 284806.21, 4160001.14 ], [ 284805.78, 4160001.4 ], [ 284805.34, 4160001.62 ], [ 284804.87, 4160001.79 ], [ 284804.39, 4160001.92 ], [ 284803.9, 4160001.99 ], [ 284797.54, 4160002.68 ], [ 284797.04, 4160002.71 ], [ 284796.53, 4160002.69 ], [ 284796.03, 4160002.61 ], [ 284795.54, 4160002.49 ], [ 284795.07, 4160002.32 ], [ 284794.61, 4160002.1 ], [ 284794.18, 4160001.84 ], [ 284793.78, 4160001.53 ], [ 284793.41, 4160001.18 ], [ 284793.08, 4160000.8 ], [ 284792.93, 4160000.6 ], [ 284792.88, 4160000.77 ], [ 284792.69, 4160001.22 ], [ 284792.46, 4160001.65 ], [ 284792.18, 4160002.06 ], [ 284791.87, 4160002.43 ], [ 284791.52, 4160002.78 ], [ 284791.14, 4160003.08 ], [ 284790.73, 4160003.35 ], [ 284790.3, 4160003.58 ], [ 284789.84, 4160003.77 ], [ 284789.37, 4160003.91 ], [ 284788.89, 4160004.0 ], [ 284781.41, 4160005.07 ], [ 284780.92, 4160005.12 ], [ 284780.43, 4160005.11 ], [ 284779.94, 4160005.06 ], [ 284779.45, 4160004.96 ], [ 284778.99, 4160004.82 ], [ 284778.53, 4160004.63 ], [ 284778.1, 4160004.39 ], [ 284777.69, 4160004.12 ], [ 284777.35, 4160003.83 ], [ 284775.26, 4160003.48 ], [ 284775.14, 4160003.53 ], [ 284774.69, 4160003.67 ], [ 284774.22, 4160003.77 ], [ 284773.75, 4160003.82 ], [ 284763.18, 4160004.48 ] ] ], [ [ [ 284826.33, 4160088.82 ], [ 284826.29, 4160088.77 ], [ 284826.07, 4160088.34 ], [ 284825.88, 4160087.89 ], [ 284825.74, 4160087.43 ], [ 284825.65, 4160086.96 ], [ 284824.65, 4160080.24 ], [ 284824.6, 4160079.76 ], [ 284824.6, 4160079.28 ], [ 284824.64, 4160078.8 ], [ 284824.73, 4160078.32 ], [ 284824.87, 4160077.86 ], [ 284825.05, 4160077.41 ], [ 284825.21, 4160077.1 ], [ 284824.38, 4160072.13 ], [ 284822.76, 4160069.94 ], [ 284820.16, 4160068.64 ], [ 284819.57, 4160068.1 ], [ 284819.11, 4160067.36 ], [ 284820.99, 4160100.77 ], [ 284821.13, 4160100.63 ], [ 284821.13, 4160096.16 ], [ 284821.24, 4160095.6 ], [ 284821.9, 4160094.02 ], [ 284822.22, 4160093.54 ], [ 284826.04, 4160089.72 ], [ 284826.33, 4160088.82 ] ] ] ] } },
{ "type": "Feature", "properties": { "id": "richmond_structure:300728", "name": null, "kind": "deck", "sport": null, "surface": null, "pitch_layout": null, "source": "richmond_structures", "source_updated": "2026-09-08T12:07:13.637000Z", "base_z": null, "top_z": null }, "geometry": { "type": "Polygon", "coordinates": [ [ [ 284787.55, 4160042.0 ], [ 284786.08, 4160042.18 ], [ 284786.19, 4160043.01 ], [ 284785.63, 4160043.08 ], [ 284786.1, 4160046.8 ], [ 284790.05, 4160046.32 ], [ 284789.58, 4160042.59 ], [ 284787.65, 4160042.83 ], [ 284787.55, 4160042.0 ] ] ] } },
{ "type": "Feature", "properties": { "id": "richmond_structure:301025", "name": null, "kind": "deck", "sport": null, "surface": null, "pitch_layout": null, "source": "richmond_structures", "source_updated": "2026-09-08T12:07:13.637000Z", "base_z": null, "top_z": null }, "geometry": { "type": "Polygon", "coordinates": [ [ [ 284789.63, 4160054.96 ], [ 284789.35, 4160053.11 ], [ 284782.05, 4160054.41 ], [ 284782.4, 4160056.68 ], [ 284785.91, 4160056.12 ], [ 284785.82, 4160055.58 ], [ 284789.63, 4160054.96 ] ] ] } },
{ "type": "Feature", "properties": { "id": "richmond_structure:300727", "name": null, "kind": "deck", "sport": null, "surface": null, "pitch_layout": null, "source": "richmond_structures", "source_updated": "2026-09-08T12:07:13.637000Z", "base_z": null, "top_z": null }, "geometry": { "type": "Polygon", "coordinates": [ [ [ 284783.44, 4160063.17 ], [ 284786.95, 4160062.61 ], [ 284785.91, 4160056.12 ], [ 284782.4, 4160056.68 ], [ 284783.44, 4160063.17 ] ] ] } },
{ "type": "Feature", "properties": { "id": "richmond_structure:403545", "name": null, "kind": "deck", "sport": null, "surface": null, "pitch_layout": null, "source": "richmond_structures", "source_updated": "2026-09-08T12:07:13.637000Z", "base_z": null, "top_z": null }, "geometry": { "type": "Polygon", "coordinates": [ [ [ 284780.68, 4160059.86 ], [ 284780.01, 4160058.55 ], [ 284778.26, 4160057.99 ], [ 284776.92, 4160059.03 ], [ 284776.52, 4160060.04 ], [ 284776.59, 4160061.26 ], [ 284777.41, 4160062.62 ], [ 284778.41, 4160063.03 ], [ 284780.05, 4160062.59 ], [ 284780.74, 4160061.38 ], [ 284780.68, 4160059.86 ] ] ] } },
{ "type": "Feature", "properties": { "id": "richmond_structure:301024", "name": null, "kind": "deck", "sport": null, "surface": null, "pitch_layout": null, "source": "richmond_structures", "source_updated": "2026-09-08T12:07:13.637000Z", "base_z": null, "top_z": null }, "geometry": { "type": "Polygon", "coordinates": [ [ [ 284783.81, 4160068.58 ], [ 284777.68, 4160069.25 ], [ 284778.09, 4160072.77 ], [ 284787.63, 4160072.21 ], [ 284787.34, 4160069.56 ], [ 284784.02, 4160070.04 ], [ 284783.81, 4160068.58 ] ] ] } },
{ "type": "Feature", "properties": { "id": "richmond_structure:300722", "name": null, "kind": "deck", "sport": null, "surface": null, "pitch_layout": null, "source": "richmond_structures", "source_updated": "2026-09-08T12:07:13.637000Z", "base_z": null, "top_z": null }, "geometry": { "type": "Polygon", "coordinates": [ [ [ 284783.15, 4160090.23 ], [ 284787.89, 4160089.74 ], [ 284787.0, 4160082.12 ], [ 284782.06, 4160082.83 ], [ 284783.15, 4160090.23 ] ] ] } },
{ "type": "Feature", "properties": { "id": "imagery:groundcover_lawn:582", "name": null, "kind": "groundcover_lawn", "sport": null, "surface": null, "pitch_layout": null, "source": "vgin_vbmp+naip+lidar2025", "source_updated": null, "base_z": null, "top_z": null }, "geometry": { "type": "MultiPolygon", "coordinates": [ [ [ [ 284778.99, 4160150.9 ], [ 284778.9, 4160150.89 ], [ 284778.8, 4160150.87 ], [ 284778.71, 4160150.84 ], [ 284778.62, 4160150.8 ], [ 284778.53, 4160150.76 ], [ 284778.45, 4160150.7 ], [ 284778.38, 4160150.64 ], [ 284778.31, 4160150.58 ], [ 284778.25, 4160150.5 ], [ 284778.19, 4160150.42 ], [ 284778.14, 4160150.34 ], [ 284778.11, 4160150.25 ], [ 284778.08, 4160150.16 ], [ 284778.06, 4160150.06 ], [ 284778.04, 4160149.97 ], [ 284777.81, 4160146.74 ], [ 284777.46, 4160146.1 ], [ 284777.35, 4160144.96 ], [ 284777.62, 4160144.15 ], [ 284777.36, 4160140.51 ], [ 284777.35, 4160140.42 ], [ 284777.36, 4160140.32 ], [ 284777.38, 4160140.22 ], [ 284777.41, 4160140.12 ], [ 284777.44, 4160140.03 ], [ 284777.49, 4160139.94 ], [ 284777.54, 4160139.86 ], [ 284777.6, 4160139.78 ], [ 284777.67, 4160139.71 ], [ 284777.75, 4160139.65 ], [ 284777.83, 4160139.59 ], [ 284777.91, 4160139.54 ], [ 284778.0, 4160139.51 ], [ 284778.1, 4160139.48 ], [ 284778.19, 4160139.46 ], [ 284778.29, 4160139.44 ], [ 284783.66, 4160139.11 ], [ 284786.03, 4160135.31 ], [ 284785.8, 4160134.82 ], [ 284785.68, 4160133.89 ], [ 284786.45, 4160130.05 ], [ 284786.16, 4160127.9 ], [ 284786.15, 4160127.8 ], [ 284786.15, 4160127.7 ], [ 284786.16, 4160127.61 ], [ 284786.18, 4160127.51 ], [ 284786.21, 4160127.42 ], [ 284786.25, 4160127.33 ], [ 284786.3, 4160127.24 ], [ 284786.35, 4160127.16 ], [ 284786.42, 4160127.08 ], [ 284786.49, 4160127.02 ], [ 284786.56, 4160126.95 ], [ 284786.65, 4160126.9 ], [ 284786.73, 4160126.86 ], [ 284786.82, 4160126.82 ], [ 284786.92, 4160126.79 ], [ 284787.01, 4160126.78 ], [ 284787.1, 4160126.76 ], [ 284787.55, 4160124.55 ], [ 284788.05, 4160123.71 ], [ 284789.55, 4160122.48 ], [ 284789.55, 4160122.43 ], [ 284789.57, 4160122.34 ], [ 284789.6, 4160122.24 ], [ 284789.64, 4160122.15 ], [ 284789.69, 4160122.07 ], [ 284789.75, 4160121.99 ], [ 284789.81, 4160121.91 ], [ 284789.88, 4160121.84 ], [ 284789.96, 4160121.78 ], [ 284790.04, 4160121.73 ], [ 284790.12, 4160121.68 ], [ 284790.22, 4160121.65 ], [ 284790.31, 4160121.62 ], [ 284790.41, 4160121.6 ], [ 284800.05, 4160120.3 ], [ 284800.15, 4160120.29 ], [ 284800.25, 4160120.29 ], [ 284800.35, 4160120.3 ], [ 284800.44, 4160120.32 ], [ 284800.54, 4160120.35 ], [ 284800.63, 4160120.39 ], [ 284800.71, 4160120.44 ], [ 284800.79, 4160120.49 ], [ 284800.87, 4160120.55 ], [ 284800.94, 4160120.62 ], [ 284801.0, 4160120.7 ], [ 284801.05, 4160120.78 ], [ 284801.1, 4160120.87 ], [ 284801.13, 4160120.96 ], [ 284801.16, 4160121.06 ], [ 284801.18, 4160121.15 ], [ 284801.42, 4160122.91 ], [ 284802.13, 4160123.63 ], [ 284802.32, 4160123.6 ], [ 284802.42, 4160123.59 ], [ 284802.52, 4160123.59 ], [ 284802.61, 4160123.61 ], [ 284802.71, 4160123.63 ], [ 284802.8, 4160123.66 ], [ 284802.89, 4160123.69 ], [ 284802.98, 4160123.74 ], [ 284803.06, 4160123.8 ], [ 284803.14, 4160123.86 ], [ 284803.2, 4160123.93 ], [ 284803.27, 4160124.01 ], [ 284803.32, 4160124.09 ], [ 284803.36, 4160124.18 ], [ 284803.4, 4160124.27 ], [ 284803.43, 4160124.36 ], [ 284803.45, 4160124.46 ], [ 284804.29, 4160130.64 ], [ 284804.3, 4160130.74 ], [ 284804.29, 4160130.84 ], [ 284804.28, 4160130.94 ], [ 284804.26, 4160131.03 ], [ 284804.23, 4160131.13 ], [ 284804.19, 4160131.22 ], [ 284804.15, 4160131.3 ], [ 284804.09, 4160131.38 ], [ 284804.03, 4160131.46 ], [ 284803.96, 4160131.53 ], [ 284803.88, 4160131.59 ], [ 284803.8, 4160131.64 ], [ 284803.71, 4160131.69 ], [ 284803.62, 4160131.72 ], [ 284803.53, 4160131.75 ], [ 284803.43, 4160131.77 ], [ 284801.88, 4160131.98 ], [ 284801.78, 4160131.98 ], [ 284801.77, 4160131.98 ], [ 284800.55, 4160133.2 ], [ 284798.98, 4160133.85 ], [ 284797.13, 4160136.63 ], [ 284797.13, 4160136.65 ], [ 284797.23, 4160136.64 ], [ 284797.33, 4160136.64 ], [ 284797.43, 4160136.65 ], [ 284797.53, 4160136.67 ], [ 284797.62, 4160136.7 ], [ 284797.71, 4160136.73 ], [ 284797.8, 4160136.78 ], [ 284797.88, 4160136.83 ], [ 284797.96, 4160136.89 ], [ 284798.03, 4160136.96 ], [ 284798.09, 4160137.04 ], [ 284798.15, 4160137.12 ], [ 284798.2, 4160137.2 ], [ 284798.23, 4160137.3 ], [ 284798.26, 4160137.39 ], [ 284798.28, 4160137.49 ], [ 284798.29, 4160137.58 ], [ 284798.33, 4160138.22 ], [ 284803.69, 4160137.89 ], [ 284803.79, 4160137.88 ], [ 284803.88, 4160137.89 ], [ 284803.98, 4160137.91 ], [ 284804.07, 4160137.93 ], [ 284804.16, 4160137.97 ], [ 284804.24, 4160138.01 ], [ 284804.32, 4160138.06 ], [ 284804.4, 4160138.12 ], [ 284804.47, 4160138.18 ], [ 284804.53, 4160138.25 ], [ 284804.59, 4160138.33 ], [ 284804.64, 4160138.41 ], [ 284804.68, 4160138.5 ], [ 284804.71, 4160138.59 ], [ 284804.73, 4160138.68 ], [ 284804.75, 4160138.77 ], [ 284804.95, 4160140.6 ], [ 284814.68, 4160141.82 ], [ 284811.07, 4160077.5 ], [ 284809.53, 4160074.41 ], [ 284809.41, 4160074.09 ], [ 284809.17, 4160073.09 ], [ 284809.13, 4160072.74 ], [ 284809.13, 4160043.63 ], [ 284806.13, 4160040.63 ], [ 284802.29, 4160040.63 ], [ 284800.29, 4160042.07 ], [ 284800.55, 4160044.21 ], [ 284800.56, 4160044.3 ], [ 284800.56, 4160044.4 ], [ 284800.55, 4160044.5 ], [ 284800.52, 4160044.59 ], [ 284800.49, 4160044.69 ], [ 284800.45, 4160044.78 ], [ 284800.4, 4160044.86 ], [ 284800.35, 4160044.94 ], [ 284800.28, 4160045.02 ], [ 284800.21, 4160045.08 ], [ 284800.14, 4160045.14 ], [ 284800.05, 4160045.2 ], [ 284799.97, 4160045.24 ], [ 284799.87, 4160045.28 ], [ 284799.78, 4160045.3 ], [ 284799.68, 4160045.32 ], [ 284798.52, 4160045.46 ], [ 284797.96, 4160047.13 ], [ 284797.43, 4160047.85 ], [ 284796.63, 4160048.43 ], [ 284797.31, 4160052.24 ], [ 284800.51, 4160051.73 ], [ 284800.61, 4160051.72 ], [ 284800.71, 4160051.72 ], [ 284800.81, 4160051.73 ], [ 284800.91, 4160051.75 ], [ 284801.01, 4160051.77 ], [ 284801.1, 4160051.81 ], [ 284801.19, 4160051.86 ], [ 284801.27, 4160051.92 ], [ 284801.35, 4160051.98 ], [ 284801.42, 4160052.05 ], [ 284801.48, 4160052.13 ], [ 284801.54, 4160052.22 ], [ 284801.58, 4160052.31 ], [ 284801.62, 4160052.4 ], [ 284801.65, 4160052.5 ], [ 284801.66, 4160052.6 ], [ 284802.56, 4160060.07 ], [ 284802.57, 4160060.16 ], [ 284802.57, 4160060.26 ], [ 284802.56, 4160060.35 ], [ 284802.54, 4160060.45 ], [ 284802.51, 4160060.54 ], [ 284802.47, 4160060.63 ], [ 284802.42, 4160060.71 ], [ 284802.37, 4160060.79 ], [ 284802.31, 4160060.86 ], [ 284802.24, 4160060.93 ], [ 284802.17, 4160060.99 ], [ 284802.09, 4160061.04 ], [ 284802.0, 4160061.09 ], [ 284801.92, 4160061.13 ], [ 284801.82, 4160061.16 ], [ 284801.73, 4160061.18 ], [ 284800.13, 4160061.43 ], [ 284800.13, 4160064.01 ], [ 284800.19, 4160064.03 ], [ 284800.29, 4160064.06 ], [ 284800.38, 4160064.1 ], [ 284800.46, 4160064.14 ], [ 284800.54, 4160064.2 ], [ 284800.62, 4160064.26 ], [ 284800.69, 4160064.33 ], [ 284800.75, 4160064.41 ], [ 284800.8, 4160064.49 ], [ 284800.85, 4160064.58 ], [ 284800.88, 4160064.67 ], [ 284800.91, 4160064.77 ], [ 284800.93, 4160064.86 ], [ 284800.94, 4160064.96 ], [ 284801.22, 4160073.19 ], [ 284801.22, 4160073.29 ], [ 284801.21, 4160073.39 ], [ 284801.19, 4160073.48 ], [ 284801.16, 4160073.58 ], [ 284801.12, 4160073.67 ], [ 284801.07, 4160073.75 ], [ 284801.02, 4160073.83 ], [ 284800.95, 4160073.91 ], [ 284800.88, 4160073.98 ], [ 284800.81, 4160074.04 ], [ 284800.72, 4160074.09 ], [ 284800.64, 4160074.14 ], [ 284800.55, 4160074.17 ], [ 284800.45, 4160074.2 ], [ 284800.35, 4160074.22 ], [ 284800.26, 4160074.23 ], [ 284800.13, 4160074.23 ], [ 284800.13, 4160074.93 ], [ 284800.18, 4160076.34 ], [ 284800.18, 4160076.44 ], [ 284800.17, 4160076.53 ], [ 284800.15, 4160076.63 ], [ 284800.13, 4160076.68 ], [ 284800.13, 4160078.78 ], [ 284800.55, 4160078.73 ], [ 284800.65, 4160078.72 ], [ 284800.74, 4160078.73 ], [ 284800.84, 4160078.74 ], [ 284800.94, 4160078.76 ], [ 284801.03, 4160078.79 ], [ 284801.12, 4160078.83 ], [ 284801.2, 4160078.88 ], [ 284801.28, 4160078.94 ], [ 284801.36, 4160079.0 ], [ 284801.43, 4160079.07 ], [ 284801.49, 4160079.15 ], [ 284801.54, 4160079.24 ], [ 284801.58, 4160079.32 ], [ 284801.62, 4160079.41 ], [ 284801.64, 4160079.51 ], [ 284801.66, 4160079.61 ], [ 284802.54, 4160087.23 ], [ 284802.55, 4160087.33 ], [ 284802.55, 4160087.43 ], [ 284802.54, 4160087.53 ], [ 284802.51, 4160087.62 ], [ 284802.48, 4160087.72 ], [ 284802.44, 4160087.81 ], [ 284802.39, 4160087.89 ], [ 284802.34, 4160087.97 ], [ 284802.27, 4160088.04 ], [ 284802.2, 4160088.11 ], [ 284802.12, 4160088.17 ], [ 284802.04, 4160088.22 ], [ 284801.95, 4160088.27 ], [ 284801.86, 4160088.3 ], [ 284801.76, 4160088.33 ], [ 284801.67, 4160088.34 ], [ 284799.92, 4160088.55 ], [ 284799.71, 4160089.05 ], [ 284797.55, 4160091.2 ], [ 284795.98, 4160091.85 ], [ 284795.98, 4160096.25 ], [ 284797.74, 4160096.04 ], [ 284797.84, 4160096.03 ], [ 284797.93, 4160096.03 ], [ 284798.03, 4160096.04 ], [ 284798.13, 4160096.06 ], [ 284798.22, 4160096.1 ], [ 284798.31, 4160096.13 ], [ 284798.39, 4160096.18 ], [ 284798.47, 4160096.24 ], [ 284798.55, 4160096.3 ], [ 284798.62, 4160096.37 ], [ 284798.68, 4160096.45 ], [ 284798.73, 4160096.53 ], [ 284798.77, 4160096.62 ], [ 284798.81, 4160096.71 ], [ 284798.83, 4160096.79 ], [ 284800.42, 4160096.6 ], [ 284800.52, 4160096.59 ], [ 284800.62, 4160096.59 ], [ 284800.72, 4160096.61 ], [ 284800.81, 4160096.63 ], [ 284800.91, 4160096.66 ], [ 284800.99, 4160096.7 ], [ 284801.08, 4160096.75 ], [ 284801.16, 4160096.8 ], [ 284801.23, 4160096.87 ], [ 284801.3, 4160096.94 ], [ 284801.36, 4160097.02 ], [ 284801.41, 4160097.1 ], [ 284801.46, 4160097.19 ], [ 284801.49, 4160097.28 ], [ 284801.52, 4160097.37 ], [ 284801.54, 4160097.47 ], [ 284802.5, 4160105.28 ], [ 284802.51, 4160105.38 ], [ 284802.5, 4160105.48 ], [ 284802.49, 4160105.58 ], [ 284802.47, 4160105.67 ], [ 284802.44, 4160105.77 ], [ 284802.4, 4160105.86 ], [ 284802.35, 4160105.94 ], [ 284802.3, 4160106.02 ], [ 284802.23, 4160106.1 ], [ 284802.16, 4160106.16 ], [ 284802.08, 4160106.22 ], [ 284802.0, 4160106.28 ], [ 284801.91, 4160106.32 ], [ 284801.82, 4160106.36 ], [ 284801.73, 4160106.38 ], [ 284801.63, 4160106.4 ], [ 284800.14, 4160106.59 ], [ 284800.14, 4160106.62 ], [ 284800.12, 4160106.71 ], [ 284800.09, 4160106.81 ], [ 284800.05, 4160106.89 ], [ 284800.0, 4160106.98 ], [ 284799.94, 4160107.06 ], [ 284799.88, 4160107.13 ], [ 284799.81, 4160107.2 ], [ 284799.73, 4160107.26 ], [ 284799.65, 4160107.32 ], [ 284799.56, 4160107.36 ], [ 284799.47, 4160107.39 ], [ 284799.38, 4160107.42 ], [ 284799.33, 4160107.43 ], [ 284797.55, 4160109.2 ], [ 284796.53, 4160109.63 ], [ 284788.73, 4160109.63 ], [ 284787.71, 4160109.2 ], [ 284785.55, 4160107.05 ], [ 284785.13, 4160106.03 ], [ 284785.13, 4160101.22 ], [ 284785.54, 4160100.23 ], [ 284785.54, 4160100.19 ], [ 284785.56, 4160100.09 ], [ 284785.58, 4160100.0 ], [ 284785.61, 4160099.91 ], [ 284785.65, 4160099.82 ], [ 284785.7, 4160099.73 ], [ 284785.75, 4160099.65 ], [ 284785.82, 4160099.58 ], [ 284785.89, 4160099.51 ], [ 284785.96, 4160099.45 ], [ 284786.05, 4160099.4 ], [ 284786.13, 4160099.35 ], [ 284786.23, 4160099.32 ], [ 284786.32, 4160099.29 ], [ 284786.42, 4160099.27 ], [ 284786.49, 4160099.26 ], [ 284787.69, 4160098.07 ], [ 284787.7, 4160097.98 ], [ 284787.72, 4160097.89 ], [ 284787.75, 4160097.79 ], [ 284787.79, 4160097.71 ], [ 284787.84, 4160097.62 ], [ 284787.9, 4160097.54 ], [ 284787.96, 4160097.47 ], [ 284788.03, 4160097.4 ], [ 284788.11, 4160097.34 ], [ 284788.19, 4160097.28 ], [ 284788.28, 4160097.24 ], [ 284788.37, 4160097.21 ], [ 284788.47, 4160097.18 ], [ 284788.57, 4160097.16 ], [ 284789.2, 4160097.08 ], [ 284791.46, 4160095.26 ], [ 284789.76, 4160091.89 ], [ 284788.1, 4160091.14 ], [ 284785.98, 4160088.74 ], [ 284785.63, 4160087.61 ], [ 284786.3, 4160082.29 ], [ 284786.2, 4160081.4 ], [ 284786.19, 4160081.3 ], [ 284786.19, 4160081.2 ], [ 284786.2, 4160081.1 ], [ 284786.23, 4160081.01 ], [ 284786.26, 4160080.91 ], [ 284786.3, 4160080.83 ], [ 284786.35, 4160080.74 ], [ 284786.4, 4160080.66 ], [ 284786.47, 4160080.59 ], [ 284786.52, 4160080.54 ], [ 284787.04, 4160076.39 ], [ 284786.73, 4160069.3 ], [ 284786.73, 4160069.2 ], [ 284786.73, 4160069.13 ], [ 284785.9, 4160067.7 ], [ 284784.71, 4160067.2 ], [ 284782.55, 4160065.05 ], [ 284782.13, 4160064.03 ], [ 284782.13, 4160058.7 ], [ 284782.48, 4160057.76 ], [ 284784.29, 4160055.61 ], [ 284785.06, 4160055.18 ], [ 284785.02, 4160054.9 ], [ 284785.01, 4160054.8 ], [ 284785.01, 4160054.7 ], [ 284785.01, 4160054.6 ], [ 284785.03, 4160054.51 ], [ 284785.06, 4160054.41 ], [ 284785.1, 4160054.32 ], [ 284785.14, 4160054.24 ], [ 284785.19, 4160054.15 ], [ 284785.26, 4160054.08 ], [ 284785.32, 4160054.01 ], [ 284785.4, 4160053.94 ], [ 284785.48, 4160053.89 ], [ 284785.57, 4160053.84 ], [ 284785.66, 4160053.8 ], [ 284785.75, 4160053.77 ], [ 284785.85, 4160053.75 ], [ 284788.67, 4160053.3 ], [ 284788.6, 4160052.86 ], [ 284788.59, 4160052.77 ], [ 284788.59, 4160052.67 ], [ 284788.59, 4160052.57 ], [ 284788.61, 4160052.47 ], [ 284788.64, 4160052.38 ], [ 284788.68, 4160052.29 ], [ 284788.72, 4160052.2 ], [ 284788.77, 4160052.12 ], [ 284788.84, 4160052.04 ], [ 284788.9, 4160051.97 ], [ 284788.98, 4160051.91 ], [ 284789.06, 4160051.85 ], [ 284789.15, 4160051.8 ], [ 284789.24, 4160051.77 ], [ 284789.32, 4160051.74 ], [ 284789.96, 4160049.22 ], [ 284787.96, 4160047.66 ], [ 284787.44, 4160046.87 ], [ 284785.47, 4160038.96 ], [ 284783.9, 4160037.01 ], [ 284781.16, 4160035.64 ], [ 284780.57, 4160035.1 ], [ 284779.35, 4160033.13 ], [ 284779.13, 4160032.35 ], [ 284779.13, 4160028.61 ], [ 284779.46, 4160027.68 ], [ 284780.22, 4160026.76 ], [ 284780.09, 4160025.74 ], [ 284780.08, 4160025.64 ], [ 284780.08, 4160025.54 ], [ 284780.09, 4160025.45 ], [ 284780.11, 4160025.35 ], [ 284780.14, 4160025.26 ], [ 284780.18, 4160025.16 ], [ 284780.23, 4160025.08 ], [ 284780.28, 4160025.0 ], [ 284780.35, 4160024.92 ], [ 284780.42, 4160024.85 ], [ 284780.5, 4160024.79 ], [ 284780.58, 4160024.74 ], [ 284780.67, 4160024.7 ], [ 284780.76, 4160024.66 ], [ 284780.85, 4160024.63 ], [ 284780.95, 4160024.62 ], [ 284781.48, 4160024.55 ], [ 284781.49, 4160024.54 ], [ 284781.52, 4160024.45 ], [ 284781.57, 4160024.36 ], [ 284781.63, 4160024.28 ], [ 284781.69, 4160024.21 ], [ 284781.76, 4160024.14 ], [ 284781.84, 4160024.08 ], [ 284781.92, 4160024.03 ], [ 284782.01, 4160023.98 ], [ 284782.1, 4160023.95 ], [ 284782.19, 4160023.92 ], [ 284782.29, 4160023.9 ], [ 284785.99, 4160023.41 ], [ 284785.89, 4160022.68 ], [ 284785.89, 4160022.58 ], [ 284785.89, 4160022.49 ], [ 284785.9, 4160022.39 ], [ 284785.92, 4160022.29 ], [ 284785.95, 4160022.2 ], [ 284785.98, 4160022.11 ], [ 284786.03, 4160022.03 ], [ 284786.08, 4160021.95 ], [ 284786.15, 4160021.87 ], [ 284786.21, 4160021.8 ], [ 284786.29, 4160021.74 ], [ 284786.37, 4160021.69 ], [ 284786.46, 4160021.64 ], [ 284786.55, 4160021.61 ], [ 284786.64, 4160021.58 ], [ 284786.73, 4160021.56 ], [ 284793.89, 4160020.46 ], [ 284794.13, 4160020.17 ], [ 284794.13, 4160019.98 ], [ 284790.8, 4160017.0 ], [ 284769.35, 4160019.38 ], [ 284767.62, 4160020.99 ], [ 284768.52, 4160026.87 ], [ 284768.53, 4160026.97 ], [ 284768.53, 4160027.07 ], [ 284768.53, 4160027.17 ], [ 284768.51, 4160027.26 ], [ 284768.48, 4160027.36 ], [ 284768.44, 4160027.45 ], [ 284768.4, 4160027.53 ], [ 284768.34, 4160027.62 ], [ 284768.28, 4160027.69 ], [ 284768.21, 4160027.76 ], [ 284768.14, 4160027.82 ], [ 284768.05, 4160027.88 ], [ 284767.97, 4160027.93 ], [ 284767.88, 4160027.96 ], [ 284767.78, 4160027.99 ], [ 284767.69, 4160028.01 ], [ 284763.75, 4160028.62 ], [ 284764.81, 4160030.79 ], [ 284764.94, 4160031.69 ], [ 284761.77, 4160049.09 ], [ 284764.73, 4160052.63 ], [ 284768.6, 4160052.63 ], [ 284769.72, 4160053.17 ], [ 284771.77, 4160055.81 ], [ 284772.03, 4160057.03 ], [ 284770.97, 4160061.29 ], [ 284770.34, 4160062.16 ], [ 284767.81, 4160063.76 ], [ 284766.76, 4160063.95 ], [ 284761.07, 4160062.81 ], [ 284763.65, 4160103.63 ], [ 284769.53, 4160103.63 ], [ 284770.55, 4160104.05 ], [ 284772.71, 4160106.2 ], [ 284773.13, 4160107.22 ], [ 284773.13, 4160112.16 ], [ 284773.12, 4160112.35 ], [ 284773.05, 4160112.89 ], [ 284773.02, 4160113.07 ], [ 284772.16, 4160116.51 ], [ 284772.43, 4160120.21 ], [ 284772.43, 4160120.3 ], [ 284772.42, 4160120.4 ], [ 284772.41, 4160120.5 ], [ 284772.38, 4160120.59 ], [ 284772.35, 4160120.68 ], [ 284772.3, 4160120.77 ], [ 284772.25, 4160120.85 ], [ 284772.19, 4160120.93 ], [ 284772.12, 4160121.0 ], [ 284772.05, 4160121.07 ], [ 284771.97, 4160121.12 ], [ 284771.88, 4160121.17 ], [ 284771.79, 4160121.21 ], [ 284771.7, 4160121.24 ], [ 284771.6, 4160121.26 ], [ 284771.5, 4160121.28 ], [ 284770.96, 4160121.32 ], [ 284770.82, 4160121.87 ], [ 284770.3, 4160122.66 ], [ 284768.18, 4160124.32 ], [ 284767.29, 4160124.63 ], [ 284765.29, 4160124.63 ], [ 284765.0, 4160125.03 ], [ 284767.23, 4160160.28 ], [ 284786.86, 4160158.1 ], [ 284789.21, 4160153.78 ], [ 284788.75, 4160152.86 ], [ 284786.79, 4160151.29 ], [ 284784.26, 4160150.66 ], [ 284779.09, 4160150.9 ], [ 284778.99, 4160150.9 ] ], [ [ 284768.43, 4160098.63 ], [ 284768.34, 4160098.62 ], [ 284768.24, 4160098.61 ], [ 284768.14, 4160098.59 ], [ 284768.05, 4160098.56 ], [ 284767.96, 4160098.53 ], [ 284767.87, 4160098.48 ], [ 284767.79, 4160098.42 ], [ 284767.72, 4160098.36 ], [ 284767.65, 4160098.29 ], [ 284767.59, 4160098.21 ], [ 284767.53, 4160098.13 ], [ 284767.49, 4160098.05 ], [ 284767.45, 4160097.95 ], [ 284767.42, 4160097.86 ], [ 284767.4, 4160097.76 ], [ 284766.93, 4160094.32 ], [ 284766.92, 4160094.23 ], [ 284766.92, 4160094.13 ], [ 284766.93, 4160094.03 ], [ 284766.95, 4160093.93 ], [ 284766.98, 4160093.84 ], [ 284767.02, 4160093.75 ], [ 284767.06, 4160093.66 ], [ 284767.12, 4160093.58 ], [ 284767.18, 4160093.51 ], [ 284767.25, 4160093.44 ], [ 284767.33, 4160093.38 ], [ 284767.41, 4160093.32 ], [ 284767.5, 4160093.28 ], [ 284767.59, 4160093.24 ], [ 284767.68, 4160093.21 ], [ 284767.78, 4160093.19 ], [ 284772.23, 4160092.58 ], [ 284772.33, 4160092.57 ], [ 284772.42, 4160092.57 ], [ 284772.52, 4160092.58 ], [ 284772.62, 4160092.6 ], [ 284772.71, 4160092.63 ], [ 284772.8, 4160092.67 ], [ 284772.89, 4160092.72 ], [ 284772.97, 4160092.77 ], [ 284773.04, 4160092.84 ], [ 284773.11, 4160092.91 ], [ 284773.17, 4160092.98 ], [ 284773.23, 4160093.06 ], [ 284773.27, 4160093.15 ], [ 284773.31, 4160093.24 ], [ 284773.34, 4160093.34 ], [ 284773.36, 4160093.43 ], [ 284773.83, 4160096.87 ], [ 284773.84, 4160096.97 ], [ 284773.84, 4160097.07 ], [ 284773.83, 4160097.17 ], [ 284773.81, 4160097.26 ], [ 284773.78, 4160097.36 ], [ 284773.74, 4160097.45 ], [ 284773.7, 4160097.53 ], [ 284773.64, 4160097.61 ], [ 284773.58, 4160097.69 ], [ 284773.51, 4160097.76 ], [ 284773.43, 4160097.82 ], [ 284773.35, 4160097.87 ], [ 284773.26, 4160097.92 ], [ 284773.17, 4160097.96 ], [ 284773.08, 4160097.98 ], [ 284772.98, 4160098.0 ], [ 284768.53, 4160098.62 ], [ 284768.43, 4160098.63 ] ], [ [ 284773.09, 4160105.12 ], [ 284772.99, 4160105.12 ], [ 284772.89, 4160105.1 ], [ 284772.8, 4160105.08 ], [ 284772.7, 4160105.05 ], [ 284772.61, 4160105.01 ], [ 284772.53, 4160104.96 ], [ 284772.45, 4160104.9 ], [ 284772.38, 4160104.84 ], [ 284772.31, 4160104.76 ], [ 284772.25, 4160104.69 ], [ 284772.2, 4160104.6 ], [ 284772.16, 4160104.51 ], [ 284772.12, 4160104.42 ], [ 284772.1, 4160104.33 ], [ 284772.08, 4160104.23 ], [ 284771.66, 4160100.29 ], [ 284771.65, 4160100.19 ], [ 284771.66, 4160100.09 ], [ 284771.67, 4160099.99 ], [ 284771.69, 4160099.9 ], [ 284771.73, 4160099.81 ], [ 284771.77, 4160099.72 ], [ 284771.82, 4160099.63 ], [ 284771.88, 4160099.55 ], [ 284771.94, 4160099.48 ], [ 284772.01, 4160099.41 ], [ 284772.09, 4160099.35 ], [ 284772.17, 4160099.3 ], [ 284772.26, 4160099.26 ], [ 284772.35, 4160099.23 ], [ 284772.45, 4160099.2 ], [ 284772.55, 4160099.19 ], [ 284776.05, 4160098.81 ], [ 284776.15, 4160098.8 ], [ 284776.25, 4160098.81 ], [ 284776.34, 4160098.82 ], [ 284776.44, 4160098.84 ], [ 284776.53, 4160098.88 ], [ 284776.62, 4160098.92 ], [ 284776.71, 4160098.97 ], [ 284776.79, 4160099.02 ], [ 284776.86, 4160099.09 ], [ 284776.93, 4160099.16 ], [ 284776.99, 4160099.24 ], [ 284777.04, 4160099.32 ], [ 284777.08, 4160099.41 ], [ 284777.11, 4160099.5 ], [ 284777.14, 4160099.6 ], [ 284777.15, 4160099.7 ], [ 284777.58, 4160103.64 ], [ 284777.58, 4160103.74 ], [ 284777.58, 4160103.83 ], [ 284777.57, 4160103.93 ], [ 284777.54, 4160104.03 ], [ 284777.51, 4160104.12 ], [ 284777.47, 4160104.21 ], [ 284777.42, 4160104.29 ], [ 284777.36, 4160104.37 ], [ 284777.3, 4160104.45 ], [ 284777.22, 4160104.51 ], [ 284777.15, 4160104.57 ], [ 284777.06, 4160104.62 ], [ 284776.97, 4160104.67 ], [ 284776.88, 4160104.7 ], [ 284776.79, 4160104.72 ], [ 284776.69, 4160104.74 ], [ 284773.19, 4160105.12 ], [ 284773.09, 4160105.12 ] ] ], [ [ [ 284760.09, 4160144.03 ], [ 284755.66, 4160144.92 ], [ 284754.58, 4160144.71 ], [ 284752.04, 4160143.01 ], [ 284751.43, 4160142.1 ], [ 284750.0, 4160134.97 ], [ 284750.0, 4160162.2 ], [ 284761.16, 4160160.96 ], [ 284760.09, 4160144.03 ] ] ], [ [ [ 284758.08, 4160112.15 ], [ 284757.89, 4160109.27 ], [ 284756.28, 4160106.85 ], [ 284754.71, 4160106.2 ], [ 284754.36, 4160105.86 ], [ 284751.73, 4160106.16 ], [ 284751.64, 4160106.17 ], [ 284751.54, 4160106.17 ], [ 284751.44, 4160106.15 ], [ 284751.35, 4160106.13 ], [ 284751.25, 4160106.1 ], [ 284751.16, 4160106.06 ], [ 284751.08, 4160106.01 ], [ 284751.0, 4160105.95 ], [ 284750.92, 4160105.89 ], [ 284750.86, 4160105.82 ], [ 284750.8, 4160105.74 ], [ 284750.75, 4160105.66 ], [ 284750.7, 4160105.57 ], [ 284750.67, 4160105.48 ], [ 284750.64, 4160105.38 ], [ 284750.63, 4160105.28 ], [ 284750.0, 4160099.9 ], [ 284750.0, 4160128.89 ], [ 284757.81, 4160113.26 ], [ 284758.08, 4160112.15 ] ] ], [ [ [ 284750.04, 4160099.21 ], [ 284750.08, 4160099.12 ], [ 284750.13, 4160099.04 ], [ 284750.19, 4160098.96 ], [ 284750.25, 4160098.88 ], [ 284750.32, 4160098.82 ], [ 284750.4, 4160098.76 ], [ 284750.48, 4160098.7 ], [ 284750.57, 4160098.66 ], [ 284750.66, 4160098.63 ], [ 284750.76, 4160098.6 ], [ 284750.85, 4160098.58 ], [ 284754.61, 4160098.15 ], [ 284754.71, 4160098.05 ], [ 284755.73, 4160097.63 ], [ 284755.86, 4160097.63 ], [ 284756.63, 4160097.85 ], [ 284756.73, 4160097.9 ], [ 284756.9, 4160097.88 ], [ 284757.0, 4160097.88 ], [ 284757.1, 4160097.88 ], [ 284757.17, 4160097.89 ], [ 284755.09, 4160064.88 ], [ 284755.07, 4160064.91 ], [ 284755.02, 4160065.0 ], [ 284754.97, 4160065.08 ], [ 284754.91, 4160065.16 ], [ 284754.84, 4160065.22 ], [ 284754.76, 4160065.28 ], [ 284754.68, 4160065.34 ], [ 284754.59, 4160065.38 ], [ 284754.5, 4160065.42 ], [ 284754.4, 4160065.45 ], [ 284754.31, 4160065.47 ], [ 284754.21, 4160065.47 ], [ 284750.0, 4160065.63 ], [ 284750.0, 4160099.34 ], [ 284750.01, 4160099.3 ], [ 284750.04, 4160099.21 ] ] ], [ [ [ 284754.07, 4160059.02 ], [ 284754.17, 4160059.03 ], [ 284754.26, 4160059.06 ], [ 284754.36, 4160059.08 ], [ 284754.45, 4160059.12 ], [ 284754.53, 4160059.17 ], [ 284754.61, 4160059.23 ], [ 284754.69, 4160059.29 ], [ 284754.74, 4160059.34 ], [ 284754.56, 4160056.55 ], [ 284753.47, 4160054.8 ], [ 284751.16, 4160053.64 ], [ 284750.57, 4160053.1 ], [ 284750.0, 4160052.18 ], [ 284750.0, 4160059.17 ], [ 284753.97, 4160059.02 ], [ 284754.07, 4160059.02 ] ] ], [ [ [ 284751.71, 4160044.05 ], [ 284753.28, 4160043.4 ], [ 284753.69, 4160042.79 ], [ 284752.16, 4160018.67 ], [ 284750.0, 4160018.99 ], [ 284750.0, 4160044.28 ], [ 284751.66, 4160044.1 ], [ 284751.71, 4160044.05 ] ] ], [ [ [ 284830.13, 4160110.22 ], [ 284830.29, 4160109.85 ], [ 284830.08, 4160108.34 ], [ 284830.07, 4160108.24 ], [ 284830.07, 4160108.14 ], [ 284830.08, 4160108.04 ], [ 284830.1, 4160107.94 ], [ 284830.14, 4160107.84 ], [ 284830.18, 4160107.75 ], [ 284830.23, 4160107.66 ], [ 284830.29, 4160107.58 ], [ 284830.35, 4160107.51 ], [ 284830.43, 4160107.44 ], [ 284830.51, 4160107.38 ], [ 284830.59, 4160107.32 ], [ 284830.68, 4160107.28 ], [ 284830.78, 4160107.25 ], [ 284830.88, 4160107.22 ], [ 284830.98, 4160107.21 ], [ 284831.96, 4160107.12 ], [ 284832.16, 4160103.88 ], [ 284831.22, 4160102.68 ], [ 284831.21, 4160102.68 ], [ 284831.11, 4160102.67 ], [ 284831.02, 4160102.65 ], [ 284830.93, 4160102.62 ], [ 284830.84, 4160102.58 ], [ 284830.75, 4160102.53 ], [ 284830.67, 4160102.48 ], [ 284830.6, 4160102.41 ], [ 284830.53, 4160102.35 ], [ 284830.47, 4160102.27 ], [ 284830.42, 4160102.19 ], [ 284830.37, 4160102.1 ], [ 284830.34, 4160102.01 ], [ 284830.31, 4160101.92 ], [ 284830.29, 4160101.83 ], [ 284830.14, 4160100.8 ], [ 284830.13, 4160100.78 ], [ 284830.13, 4160100.76 ], [ 284829.29, 4160095.11 ], [ 284829.28, 4160095.02 ], [ 284829.28, 4160094.92 ], [ 284829.29, 4160094.82 ], [ 284829.31, 4160094.73 ], [ 284829.34, 4160094.64 ], [ 284829.38, 4160094.55 ], [ 284829.42, 4160094.46 ], [ 284829.47, 4160094.38 ], [ 284829.53, 4160094.31 ], [ 284829.6, 4160094.24 ], [ 284829.67, 4160094.17 ], [ 284829.75, 4160094.12 ], [ 284829.84, 4160094.07 ], [ 284829.93, 4160094.03 ], [ 284830.02, 4160094.0 ], [ 284830.11, 4160093.98 ], [ 284831.6, 4160093.72 ], [ 284831.67, 4160093.64 ], [ 284829.45, 4160088.63 ], [ 284826.59, 4160088.63 ], [ 284823.65, 4160091.04 ], [ 284821.72, 4160100.7 ], [ 284821.21, 4160101.54 ], [ 284821.04, 4160101.68 ], [ 284821.83, 4160115.63 ], [ 284823.53, 4160115.63 ], [ 284824.55, 4160116.05 ], [ 284825.01, 4160116.5 ], [ 284828.28, 4160117.15 ], [ 284830.13, 4160114.38 ], [ 284830.13, 4160110.22 ] ] ], [ [ [ 284830.4, 4160141.06 ], [ 284830.41, 4160140.96 ], [ 284830.42, 4160140.86 ], [ 284830.45, 4160140.77 ], [ 284830.48, 4160140.67 ], [ 284830.53, 4160140.59 ], [ 284830.58, 4160140.5 ], [ 284830.64, 4160140.43 ], [ 284830.71, 4160140.35 ], [ 284830.78, 4160140.29 ], [ 284830.86, 4160140.23 ], [ 284830.95, 4160140.18 ], [ 284831.04, 4160140.14 ], [ 284831.13, 4160140.11 ], [ 284831.23, 4160140.09 ], [ 284831.32, 4160140.08 ], [ 284832.93, 4160139.96 ], [ 284833.85, 4160139.58 ], [ 284835.67, 4160136.38 ], [ 284835.48, 4160135.08 ], [ 284835.05, 4160135.12 ], [ 284834.95, 4160135.12 ], [ 284834.86, 4160135.11 ], [ 284834.76, 4160135.1 ], [ 284834.67, 4160135.07 ], [ 284834.57, 4160135.04 ], [ 284834.49, 4160134.99 ], [ 284834.4, 4160134.94 ], [ 284834.33, 4160134.88 ], [ 284834.25, 4160134.81 ], [ 284834.19, 4160134.74 ], [ 284834.13, 4160134.66 ], [ 284834.08, 4160134.57 ], [ 284834.04, 4160134.48 ], [ 284834.01, 4160134.39 ], [ 284833.99, 4160134.3 ], [ 284833.98, 4160134.2 ], [ 284833.86, 4160132.66 ], [ 284833.06, 4160132.72 ], [ 284832.96, 4160132.72 ], [ 284832.87, 4160132.71 ], [ 284832.77, 4160132.69 ], [ 284832.67, 4160132.67 ], [ 284832.58, 4160132.63 ], [ 284832.5, 4160132.59 ], [ 284832.41, 4160132.54 ], [ 284832.34, 4160132.48 ], [ 284832.26, 4160132.41 ], [ 284832.2, 4160132.34 ], [ 284832.14, 4160132.26 ], [ 284832.09, 4160132.17 ], [ 284832.05, 4160132.08 ], [ 284832.02, 4160131.99 ], [ 284832.0, 4160131.89 ], [ 284831.99, 4160131.8 ], [ 284831.7, 4160128.03 ], [ 284831.69, 4160127.93 ], [ 284831.7, 4160127.83 ], [ 284831.72, 4160127.74 ], [ 284831.74, 4160127.64 ], [ 284831.78, 4160127.55 ], [ 284831.82, 4160127.46 ], [ 284831.87, 4160127.38 ], [ 284831.93, 4160127.3 ], [ 284832.0, 4160127.23 ], [ 284832.08, 4160127.16 ], [ 284832.16, 4160127.11 ], [ 284832.24, 4160127.06 ], [ 284832.33, 4160127.02 ], [ 284832.42, 4160126.99 ], [ 284832.52, 4160126.97 ], [ 284832.62, 4160126.95 ], [ 284833.32, 4160126.9 ], [ 284833.2, 4160125.33 ], [ 284833.2, 4160125.24 ], [ 284833.2, 4160125.14 ], [ 284833.22, 4160125.04 ], [ 284833.25, 4160124.95 ], [ 284833.28, 4160124.86 ], [ 284833.33, 4160124.77 ], [ 284833.38, 4160124.68 ], [ 284833.44, 4160124.61 ], [ 284833.51, 4160124.54 ], [ 284833.58, 4160124.47 ], [ 284833.66, 4160124.41 ], [ 284833.75, 4160124.37 ], [ 284833.84, 4160124.33 ], [ 284833.93, 4160124.29 ], [ 284833.94, 4160124.29 ], [ 284833.45, 4160120.84 ], [ 284832.44, 4160119.0 ], [ 284832.1, 4160118.7 ], [ 284827.13, 4160120.97 ], [ 284827.13, 4160122.35 ], [ 284826.91, 4160123.13 ], [ 284825.69, 4160125.1 ], [ 284825.1, 4160125.64 ], [ 284822.46, 4160126.96 ], [ 284823.83, 4160151.33 ], [ 284824.13, 4160151.63 ], [ 284827.13, 4160151.63 ], [ 284830.13, 4160148.63 ], [ 284830.13, 4160143.22 ], [ 284830.49, 4160142.34 ], [ 284830.4, 4160141.15 ], [ 284830.4, 4160141.06 ] ] ] ] } },
{ "type": "Feature", "properties": { "id": "richmond_structure:425218", "name": null, "kind": "deck", "sport": null, "surface": null, "pitch_layout": null, "source": "richmond_structures", "source_updated": "2026-09-08T12:07:13.637000Z", "base_z": null, "top_z": null }, "geometry": { "type": "Polygon", "coordinates": [ [ [ 284876.96, 4160095.16 ], [ 284880.1, 4160094.78 ], [ 284879.45, 4160089.7 ], [ 284875.54, 4160090.23 ], [ 284876.96, 4160095.16 ] ] ] } },
{ "type": "Feature", "properties": { "id": "imagery:groundcover_lawn:532", "name": null, "kind": "groundcover_lawn", "sport": null, "surface": null, "pitch_layout": null, "source": "vgin_vbmp+naip+lidar2025", "source_updated": null, "base_z": null, "top_z": null }, "geometry": { "type": "Polygon", "coordinates": [ [ [ 284894.0, 4160099.45 ], [ 284894.09, 4160099.47 ], [ 284894.18, 4160099.49 ], [ 284894.27, 4160099.53 ], [ 284894.35, 4160099.57 ], [ 284894.43, 4160099.62 ], [ 284894.51, 4160099.68 ], [ 284894.58, 4160099.75 ], [ 284894.64, 4160099.82 ], [ 284894.69, 4160099.9 ], [ 284894.74, 4160099.98 ], [ 284894.78, 4160100.07 ], [ 284894.81, 4160100.16 ], [ 284894.83, 4160100.25 ], [ 284894.85, 4160100.35 ], [ 284895.04, 4160102.53 ], [ 284895.71, 4160103.2 ], [ 284896.13, 4160104.22 ], [ 284896.13, 4160107.77 ], [ 284897.79, 4160110.45 ], [ 284898.34, 4160110.73 ], [ 284902.66, 4160108.42 ], [ 284904.0, 4160097.68 ], [ 284903.6, 4160090.75 ], [ 284901.73, 4160088.63 ], [ 284899.13, 4160088.63 ], [ 284896.13, 4160091.63 ], [ 284896.13, 4160092.65 ], [ 284895.96, 4160093.35 ], [ 284894.97, 4160095.19 ], [ 284894.49, 4160095.72 ], [ 284893.78, 4160096.2 ], [ 284893.45, 4160099.45 ], [ 284893.81, 4160099.44 ], [ 284893.9, 4160099.44 ], [ 284894.0, 4160099.45 ] ] ] } },
{ "type": "Feature", "properties": { "id": "richmond_structure:403040", "name": null, "kind": "deck", "sport": null, "surface": null, "pitch_layout": null, "source": "richmond_structures", "source_updated": "2026-09-08T12:07:13.637000Z", "base_z": null, "top_z": null }, "geometry": { "type": "Polygon", "coordinates": [ [ [ 284880.57, 4160101.95 ], [ 284876.82, 4160102.28 ], [ 284877.5, 4160109.89 ], [ 284880.32, 4160109.64 ], [ 284879.79, 4160103.82 ], [ 284880.73, 4160103.73 ], [ 284880.57, 4160101.95 ] ] ] } },
{ "type": "Feature", "properties": { "id": "richmond_structure:402101", "name": null, "kind": "deck", "sport": null, "surface": null, "pitch_layout": null, "source": "richmond_structures", "source_updated": "2026-09-08T12:07:13.637000Z", "base_z": null, "top_z": null }, "geometry": { "type": "Polygon", "coordinates": [ [ [ 284878.07, 4160112.18 ], [ 284878.8, 4160112.64 ], [ 284882.07, 4160112.24 ], [ 284881.83, 4160109.5 ], [ 284876.62, 4160109.97 ], [ 284876.9, 4160112.27 ], [ 284878.07, 4160112.18 ] ] ] } },
{ "type": "Feature", "properties": { "id": "richmond_structure:403555", "name": null, "kind": "deck", "sport": null, "surface": null, "pitch_layout": null, "source": "richmond_structures", "source_updated": "2026-09-08T12:07:13.637000Z", "base_z": null, "top_z": null }, "geometry": { "type": "Polygon", "coordinates": [ [ [ 284857.57, 4160115.42 ], [ 284860.25, 4160115.25 ], [ 284860.1, 4160112.99 ], [ 284857.43, 4160113.16 ], [ 284857.57, 4160115.42 ] ] ] } },
{ "type": "Feature", "properties": { "id": "richmond_structure:403556", "name": null, "kind": "deck", "sport": null, "surface": null, "pitch_layout": null, "source": "richmond_structures", "source_updated": "2026-09-08T12:07:13.637000Z", "base_z": null, "top_z": null }, "geometry": { "type": "Polygon", "coordinates": [ [ [ 284877.72, 4160119.71 ], [ 284878.04, 4160123.34 ], [ 284880.96, 4160123.08 ], [ 284880.63, 4160119.45 ], [ 284877.72, 4160119.71 ] ] ] } },
{ "type": "Feature", "properties": { "id": "richmond_structure:300007", "name": null, "kind": "deck", "sport": null, "surface": null, "pitch_layout": null, "source": "richmond_structures", "source_updated": "2026-09-08T12:07:13.637000Z", "base_z": null, "top_z": null }, "geometry": { "type": "Polygon", "coordinates": [ [ [ 284879.0, 4160125.91 ], [ 284878.89, 4160127.49 ], [ 284882.87, 4160127.43 ], [ 284882.67, 4160125.14 ], [ 284881.16, 4160125.28 ], [ 284880.96, 4160123.08 ], [ 284878.63, 4160123.29 ], [ 284878.27, 4160125.75 ], [ 284879.0, 4160125.91 ] ] ] } },
{ "type": "Feature", "properties": { "id": "richmond_structure:403559", "name": null, "kind": "deck", "sport": null, "surface": null, "pitch_layout": null, "source": "richmond_structures", "source_updated": "2026-09-08T12:07:13.637000Z", "base_z": null, "top_z": null }, "geometry": { "type": "Polygon", "coordinates": [ [ [ 284847.66, 4160133.41 ], [ 284852.69, 4160133.0 ], [ 284852.55, 4160131.31 ], [ 284847.53, 4160131.72 ], [ 284847.66, 4160133.41 ] ] ] } },
{ "type": "Feature", "properties": { "id": "richmond_structure:403043", "name": null, "kind": "deck", "sport": null, "surface": null, "pitch_layout": null, "source": "richmond_structures", "source_updated": "2026-09-08T12:07:13.637000Z", "base_z": null, "top_z": null }, "geometry": { "type": "Polygon", "coordinates": [ [ [ 284847.5, 4160145.4 ], [ 284851.84, 4160145.21 ], [ 284851.83, 4160139.6 ], [ 284847.26, 4160139.76 ], [ 284847.5, 4160145.4 ] ] ] } },
{ "type": "Feature", "properties": { "id": "osm:way/1418821804", "name": null, "kind": "park", "sport": null, "surface": null, "pitch_layout": null, "source": null, "source_updated": null, "base_z": null, "top_z": null }, "geometry": { "type": "Polygon", "coordinates": [ [ [ 284867.78, 4160192.99 ], [ 284874.52, 4160201.8 ], [ 284883.63, 4160200.9 ], [ 284883.34, 4160193.86 ], [ 284900.54, 4160192.65 ], [ 284898.91, 4160171.34 ], [ 284864.07, 4160174.6 ], [ 284865.33, 4160189.63 ], [ 284867.64, 4160189.62 ], [ 284867.78, 4160192.99 ] ] ] } },
{ "type": "Feature", "properties": { "id": "richmond_structure:403553", "name": null, "kind": "deck", "sport": null, "surface": null, "pitch_layout": null, "source": "richmond_structures", "source_updated": "2026-09-08T12:07:13.637000Z", "base_z": null, "top_z": null }, "geometry": { "type": "Polygon", "coordinates": [ [ [ 284971.52, 4160092.07 ], [ 284970.01, 4160092.25 ], [ 284966.57, 4160095.08 ], [ 284967.11, 4160099.72 ], [ 284973.98, 4160098.93 ], [ 284973.82, 4160097.56 ], [ 284972.17, 4160097.75 ], [ 284971.52, 4160092.07 ] ] ] } },
{ "type": "Feature", "properties": { "id": "richmond_structure:299650", "name": null, "kind": "deck", "sport": null, "surface": null, "pitch_layout": null, "source": "richmond_structures", "source_updated": "2026-09-08T12:07:13.637000Z", "base_z": null, "top_z": null }, "geometry": { "type": "Polygon", "coordinates": [ [ [ 284940.71, 4160094.78 ], [ 284938.5, 4160094.86 ], [ 284939.14, 4160099.9 ], [ 284941.24, 4160099.66 ], [ 284940.71, 4160094.78 ] ] ] } },
{ "type": "Feature", "properties": { "id": "richmond_structure:403554", "name": null, "kind": "deck", "sport": null, "surface": null, "pitch_layout": null, "source": "richmond_structures", "source_updated": "2026-09-08T12:07:13.637000Z", "base_z": null, "top_z": null }, "geometry": { "type": "Polygon", "coordinates": [ [ [ 284956.23, 4160107.0 ], [ 284959.38, 4160106.65 ], [ 284959.06, 4160103.78 ], [ 284955.91, 4160104.13 ], [ 284956.23, 4160107.0 ] ] ] } },
{ "type": "Feature", "properties": { "id": "richmond_structure:300712", "name": null, "kind": "deck", "sport": null, "surface": null, "pitch_layout": null, "source": "richmond_structures", "source_updated": "2026-09-08T12:07:13.637000Z", "base_z": null, "top_z": null }, "geometry": { "type": "Polygon", "coordinates": [ [ [ 284934.86, 4160113.46 ], [ 284935.23, 4160119.27 ], [ 284938.28, 4160119.08 ], [ 284937.92, 4160113.27 ], [ 284934.86, 4160113.46 ] ] ] } },
{ "type": "Feature", "properties": { "id": "richmond_structure:403558", "name": null, "kind": "deck", "sport": null, "surface": null, "pitch_layout": null, "source": "richmond_structures", "source_updated": "2026-09-08T12:07:13.637000Z", "base_z": null, "top_z": null }, "geometry": { "type": "Polygon", "coordinates": [ [ [ 284931.78, 4160124.27 ], [ 284931.92, 4160128.11 ], [ 284934.4, 4160127.96 ], [ 284934.45, 4160128.72 ], [ 284937.49, 4160128.54 ], [ 284937.37, 4160126.56 ], [ 284936.07, 4160124.08 ], [ 284931.78, 4160124.27 ] ] ] } },
{ "type": "Feature", "properties": { "id": "richmond_structure:297972", "name": null, "kind": "deck", "sport": null, "surface": null, "pitch_layout": null, "source": "richmond_structures", "source_updated": "2026-09-08T12:07:13.637000Z", "base_z": null, "top_z": null }, "geometry": { "type": "Polygon", "coordinates": [ [ [ 284934.7, 4160132.91 ], [ 284935.24, 4160132.88 ], [ 284935.56, 4160138.29 ], [ 284939.2, 4160138.07 ], [ 284938.81, 4160132.08 ], [ 284934.66, 4160132.3 ], [ 284934.7, 4160132.91 ] ] ] } },
{ "type": "Feature", "properties": { "id": "richmond_structure:294104", "name": null, "kind": "deck", "sport": null, "surface": null, "pitch_layout": null, "source": "richmond_structures", "source_updated": "2026-09-08T12:07:13.637000Z", "base_z": null, "top_z": null }, "geometry": { "type": "Polygon", "coordinates": [ [ [ 284982.4, 4160174.48 ], [ 284981.5, 4160174.59 ], [ 284981.22, 4160172.09 ], [ 284978.93, 4160172.31 ], [ 284980.37, 4160182.74 ], [ 284984.5, 4160182.53 ], [ 284983.87, 4160178.44 ], [ 284982.87, 4160178.55 ], [ 284982.4, 4160174.48 ] ] ] } },
{ "type": "Feature", "properties": { "id": "richmond_structure:300975", "name": null, "kind": "deck", "sport": null, "surface": null, "pitch_layout": null, "source": "richmond_structures", "source_updated": "2026-09-08T12:07:13.637000Z", "base_z": null, "top_z": null }, "geometry": { "type": "Polygon", "coordinates": [ [ [ 284990.0, 4160181.2 ], [ 284989.81, 4160179.57 ], [ 284984.82, 4160180.14 ], [ 284985.01, 4160181.77 ], [ 284990.0, 4160181.2 ] ] ] } },
{ "type": "Feature", "properties": { "id": "richmond_structure:300706", "name": null, "kind": "deck", "sport": null, "surface": null, "pitch_layout": null, "source": "richmond_structures", "source_updated": "2026-09-08T12:07:13.637000Z", "base_z": null, "top_z": null }, "geometry": { "type": "Polygon", "coordinates": [ [ [ 284934.08, 4160180.9 ], [ 284931.52, 4160181.14 ], [ 284931.94, 4160185.58 ], [ 284934.49, 4160185.34 ], [ 284934.08, 4160180.9 ] ] ] } },
{ "type": "Feature", "properties": { "id": "imagery:groundcover_lawn:478", "name": null, "kind": "groundcover_lawn", "sport": null, "surface": null, "pitch_layout": null, "source": "vgin_vbmp+naip+lidar2025", "source_updated": null, "base_z": null, "top_z": null }, "geometry": { "type": "MultiPolygon", "coordinates": [ [ [ [ 284928.16, 4160202.74 ], [ 284928.26, 4160202.78 ], [ 284928.33, 4160202.77 ], [ 284928.43, 4160202.77 ], [ 284928.53, 4160202.77 ], [ 284928.63, 4160202.78 ], [ 284928.72, 4160202.8 ], [ 284928.81, 4160202.83 ], [ 284928.9, 4160202.87 ], [ 284928.99, 4160202.92 ], [ 284929.07, 4160202.98 ], [ 284929.14, 4160203.05 ], [ 284929.21, 4160203.12 ], [ 284929.27, 4160203.2 ], [ 284929.74, 4160203.39 ], [ 284930.22, 4160203.71 ], [ 284931.0, 4160204.49 ], [ 284932.49, 4160204.32 ], [ 284932.59, 4160204.31 ], [ 284932.69, 4160204.31 ], [ 284932.78, 4160204.33 ], [ 284932.88, 4160204.35 ], [ 284932.97, 4160204.38 ], [ 284933.06, 4160204.42 ], [ 284933.15, 4160204.47 ], [ 284933.23, 4160204.53 ], [ 284933.3, 4160204.59 ], [ 284933.37, 4160204.66 ], [ 284933.43, 4160204.74 ], [ 284933.48, 4160204.82 ], [ 284933.52, 4160204.91 ], [ 284933.56, 4160205.0 ], [ 284933.58, 4160205.1 ], [ 284933.6, 4160205.2 ], [ 284933.85, 4160207.32 ], [ 284935.03, 4160207.6 ], [ 284939.74, 4160207.09 ], [ 284941.98, 4160206.34 ], [ 284942.78, 4160206.31 ], [ 284944.09, 4160206.62 ], [ 284963.12, 4160204.55 ], [ 284973.18, 4160203.22 ], [ 284973.46, 4160202.46 ], [ 284973.5, 4160202.41 ], [ 284974.13, 4160200.56 ], [ 284974.13, 4160199.77 ], [ 284974.49, 4160198.82 ], [ 284976.35, 4160196.67 ], [ 284977.24, 4160196.18 ], [ 284982.83, 4160195.38 ], [ 284982.84, 4160195.37 ], [ 284982.9, 4160195.29 ], [ 284982.96, 4160195.21 ], [ 284983.03, 4160195.15 ], [ 284983.1, 4160195.08 ], [ 284983.19, 4160195.03 ], [ 284983.27, 4160194.99 ], [ 284983.36, 4160194.95 ], [ 284983.46, 4160194.92 ], [ 284983.55, 4160194.9 ], [ 284983.65, 4160194.89 ], [ 284987.43, 4160194.73 ], [ 284992.56, 4160193.99 ], [ 284995.13, 4160191.02 ], [ 284995.13, 4160182.29 ], [ 284991.54, 4160179.34 ], [ 284990.58, 4160179.54 ], [ 284990.57, 4160179.54 ], [ 284990.49, 4160179.6 ], [ 284990.4, 4160179.64 ], [ 284990.3, 4160179.68 ], [ 284990.21, 4160179.7 ], [ 284990.11, 4160179.72 ], [ 284989.04, 4160179.84 ], [ 284982.86, 4160181.08 ], [ 284981.93, 4160180.96 ], [ 284979.55, 4160179.79 ], [ 284978.89, 4160179.13 ], [ 284977.53, 4160176.41 ], [ 284977.41, 4160176.09 ], [ 284977.17, 4160175.09 ], [ 284977.13, 4160174.74 ], [ 284977.13, 4160165.6 ], [ 284977.31, 4160164.9 ], [ 284978.29, 4160163.06 ], [ 284978.78, 4160162.53 ], [ 284979.54, 4160162.02 ], [ 284979.55, 4160161.99 ], [ 284979.58, 4160161.9 ], [ 284979.62, 4160161.81 ], [ 284979.67, 4160161.73 ], [ 284979.73, 4160161.65 ], [ 284979.79, 4160161.57 ], [ 284979.86, 4160161.51 ], [ 284979.94, 4160161.45 ], [ 284980.02, 4160161.4 ], [ 284980.11, 4160161.35 ], [ 284980.2, 4160161.32 ], [ 284980.3, 4160161.3 ], [ 284980.39, 4160161.28 ], [ 284980.7, 4160161.24 ], [ 284981.03, 4160161.03 ], [ 284980.31, 4160155.69 ], [ 284972.08, 4160152.94 ], [ 284968.13, 4160155.79 ], [ 284968.13, 4160170.99 ], [ 284968.14, 4160171.0 ], [ 284968.19, 4160171.08 ], [ 284968.23, 4160171.17 ], [ 284968.27, 4160171.26 ], [ 284968.3, 4160171.36 ], [ 284968.31, 4160171.45 ], [ 284969.48, 4160180.83 ], [ 284969.48, 4160180.93 ], [ 284969.48, 4160181.02 ], [ 284969.47, 4160181.12 ], [ 284969.45, 4160181.22 ], [ 284969.42, 4160181.31 ], [ 284969.38, 4160181.4 ], [ 284969.33, 4160181.49 ], [ 284969.27, 4160181.57 ], [ 284969.21, 4160181.64 ], [ 284969.14, 4160181.71 ], [ 284969.06, 4160181.77 ], [ 284968.98, 4160181.82 ], [ 284968.89, 4160181.87 ], [ 284968.8, 4160181.9 ], [ 284968.7, 4160181.93 ], [ 284968.61, 4160181.94 ], [ 284966.28, 4160182.23 ], [ 284964.95, 4160183.27 ], [ 284963.73, 4160183.53 ], [ 284961.1, 4160182.87 ], [ 284961.08, 4160182.87 ], [ 284960.98, 4160182.88 ], [ 284960.88, 4160182.88 ], [ 284960.79, 4160182.86 ], [ 284960.69, 4160182.84 ], [ 284960.6, 4160182.81 ], [ 284960.51, 4160182.77 ], [ 284960.42, 4160182.72 ], [ 284960.37, 4160182.68 ], [ 284958.89, 4160182.32 ], [ 284958.09, 4160181.8 ], [ 284956.44, 4160179.68 ], [ 284956.13, 4160178.78 ], [ 284956.13, 4160174.91 ], [ 284955.87, 4160172.81 ], [ 284955.87, 4160172.72 ], [ 284955.87, 4160172.62 ], [ 284955.88, 4160172.52 ], [ 284955.9, 4160172.42 ], [ 284955.93, 4160172.33 ], [ 284955.97, 4160172.24 ], [ 284956.02, 4160172.16 ], [ 284956.08, 4160172.08 ], [ 284956.13, 4160172.01 ], [ 284956.13, 4160161.22 ], [ 284952.59, 4160158.27 ], [ 284931.8, 4160162.05 ], [ 284929.34, 4160164.96 ], [ 284930.76, 4160166.74 ], [ 284934.01, 4160166.43 ], [ 284934.11, 4160166.43 ], [ 284934.2, 4160166.43 ], [ 284934.3, 4160166.45 ], [ 284934.4, 4160166.47 ], [ 284934.49, 4160166.51 ], [ 284934.58, 4160166.55 ], [ 284934.66, 4160166.6 ], [ 284934.74, 4160166.66 ], [ 284934.81, 4160166.73 ], [ 284934.88, 4160166.8 ], [ 284934.93, 4160166.88 ], [ 284934.98, 4160166.96 ], [ 284935.03, 4160167.05 ], [ 284935.06, 4160167.14 ], [ 284935.08, 4160167.24 ], [ 284935.1, 4160167.34 ], [ 284935.82, 4160175.06 ], [ 284935.82, 4160175.15 ], [ 284935.82, 4160175.25 ], [ 284935.8, 4160175.35 ], [ 284935.78, 4160175.44 ], [ 284935.74, 4160175.54 ], [ 284935.7, 4160175.63 ], [ 284935.65, 4160175.71 ], [ 284935.59, 4160175.79 ], [ 284935.53, 4160175.86 ], [ 284935.45, 4160175.93 ], [ 284935.37, 4160175.98 ], [ 284935.29, 4160176.03 ], [ 284935.2, 4160176.08 ], [ 284935.13, 4160176.1 ], [ 284935.13, 4160178.08 ], [ 284935.31, 4160179.97 ], [ 284935.31, 4160180.06 ], [ 284935.31, 4160180.16 ], [ 284935.29, 4160180.26 ], [ 284935.27, 4160180.35 ], [ 284935.23, 4160180.45 ], [ 284935.19, 4160180.54 ], [ 284935.14, 4160180.62 ], [ 284935.13, 4160180.63 ], [ 284935.13, 4160186.74 ], [ 284935.09, 4160187.09 ], [ 284934.85, 4160188.09 ], [ 284934.74, 4160188.41 ], [ 284933.15, 4160191.59 ], [ 284932.6, 4160192.19 ], [ 284930.63, 4160193.41 ], [ 284929.86, 4160193.63 ], [ 284923.13, 4160193.63 ], [ 284920.13, 4160196.63 ], [ 284920.13, 4160199.63 ], [ 284923.13, 4160202.63 ], [ 284927.59, 4160202.63 ], [ 284928.16, 4160202.74 ] ], [ [ 284954.81, 4160203.27 ], [ 284954.71, 4160203.27 ], [ 284954.61, 4160203.27 ], [ 284954.52, 4160203.26 ], [ 284954.42, 4160203.24 ], [ 284954.33, 4160203.21 ], [ 284954.24, 4160203.17 ], [ 284954.15, 4160203.12 ], [ 284954.07, 4160203.07 ], [ 284954.0, 4160203.0 ], [ 284953.93, 4160202.93 ], [ 284953.87, 4160202.86 ], [ 284953.81, 4160202.77 ], [ 284953.77, 4160202.69 ], [ 284953.73, 4160202.59 ], [ 284953.71, 4160202.5 ], [ 284953.69, 4160202.4 ], [ 284952.9, 4160196.35 ], [ 284952.9, 4160196.25 ], [ 284952.9, 4160196.15 ], [ 284952.91, 4160196.06 ], [ 284952.93, 4160195.96 ], [ 284952.96, 4160195.87 ], [ 284953.0, 4160195.78 ], [ 284953.05, 4160195.69 ], [ 284953.1, 4160195.61 ], [ 284953.17, 4160195.54 ], [ 284953.24, 4160195.47 ], [ 284953.31, 4160195.41 ], [ 284953.4, 4160195.35 ], [ 284953.48, 4160195.31 ], [ 284953.58, 4160195.27 ], [ 284953.67, 4160195.25 ], [ 284953.77, 4160195.23 ], [ 284958.75, 4160194.58 ], [ 284958.85, 4160194.57 ], [ 284958.95, 4160194.57 ], [ 284959.05, 4160194.58 ], [ 284959.14, 4160194.6 ], [ 284959.24, 4160194.63 ], [ 284959.33, 4160194.67 ], [ 284959.41, 4160194.72 ], [ 284959.49, 4160194.78 ], [ 284959.57, 4160194.84 ], [ 284959.64, 4160194.91 ], [ 284959.7, 4160194.99 ], [ 284959.75, 4160195.07 ], [ 284959.79, 4160195.16 ], [ 284959.83, 4160195.25 ], [ 284959.86, 4160195.35 ], [ 284959.87, 4160195.44 ], [ 284960.65, 4160201.5 ], [ 284960.66, 4160201.59 ], [ 284960.66, 4160201.69 ], [ 284960.64, 4160201.79 ], [ 284960.62, 4160201.88 ], [ 284960.59, 4160201.98 ], [ 284960.55, 4160202.07 ], [ 284960.51, 4160202.15 ], [ 284960.45, 4160202.23 ], [ 284960.39, 4160202.31 ], [ 284960.32, 4160202.38 ], [ 284960.24, 4160202.44 ], [ 284960.16, 4160202.49 ], [ 284960.07, 4160202.53 ], [ 284959.98, 4160202.57 ], [ 284959.88, 4160202.6 ], [ 284959.79, 4160202.61 ], [ 284954.81, 4160203.27 ] ] ], [ [ [ 284958.43, 4160230.08 ], [ 284958.44, 4160230.18 ], [ 284958.43, 4160230.28 ], [ 284958.42, 4160230.38 ], [ 284958.4, 4160230.47 ], [ 284958.37, 4160230.56 ], [ 284958.33, 4160230.65 ], [ 284958.28, 4160230.74 ], [ 284958.22, 4160230.82 ], [ 284958.16, 4160230.89 ], [ 284958.08, 4160230.96 ], [ 284958.01, 4160231.02 ], [ 284957.92, 4160231.07 ], [ 284957.84, 4160231.11 ], [ 284957.74, 4160231.15 ], [ 284957.65, 4160231.17 ], [ 284957.55, 4160231.19 ], [ 284955.45, 4160231.43 ], [ 284954.26, 4160232.33 ], [ 284953.38, 4160232.63 ], [ 284948.67, 4160232.63 ], [ 284948.1, 4160232.51 ], [ 284946.53, 4160231.86 ], [ 284946.04, 4160231.54 ], [ 284944.88, 4160230.37 ], [ 284939.85, 4160231.77 ], [ 284939.06, 4160234.9 ], [ 284941.97, 4160238.63 ], [ 284946.53, 4160238.63 ], [ 284947.32, 4160238.95 ], [ 284972.43, 4160235.82 ], [ 284974.13, 4160233.46 ], [ 284974.13, 4160227.22 ], [ 284974.55, 4160226.2 ], [ 284976.71, 4160224.05 ], [ 284978.28, 4160223.4 ], [ 284978.17, 4160223.13 ], [ 284980.55, 4160221.12 ], [ 284980.95, 4160218.7 ], [ 284980.46, 4160213.57 ], [ 284980.45, 4160213.47 ], [ 284980.46, 4160213.37 ], [ 284980.47, 4160213.28 ], [ 284980.5, 4160213.18 ], [ 284980.53, 4160213.09 ], [ 284980.57, 4160213.0 ], [ 284980.62, 4160212.92 ], [ 284980.68, 4160212.84 ], [ 284980.75, 4160212.76 ], [ 284980.82, 4160212.7 ], [ 284980.9, 4160212.64 ], [ 284980.98, 4160212.59 ], [ 284981.07, 4160212.55 ], [ 284981.17, 4160212.52 ], [ 284981.26, 4160212.49 ], [ 284981.36, 4160212.48 ], [ 284982.0, 4160212.42 ], [ 284982.12, 4160211.68 ], [ 284981.86, 4160211.71 ], [ 284981.76, 4160211.71 ], [ 284981.67, 4160211.71 ], [ 284981.57, 4160211.69 ], [ 284981.47, 4160211.67 ], [ 284981.38, 4160211.64 ], [ 284981.29, 4160211.59 ], [ 284981.21, 4160211.54 ], [ 284981.13, 4160211.49 ], [ 284981.06, 4160211.42 ], [ 284980.99, 4160211.35 ], [ 284980.93, 4160211.27 ], [ 284980.88, 4160211.19 ], [ 284980.84, 4160211.1 ], [ 284980.81, 4160211.01 ], [ 284980.78, 4160210.91 ], [ 284980.77, 4160210.81 ], [ 284980.55, 4160208.7 ], [ 284980.26, 4160208.44 ], [ 284963.89, 4160210.6 ], [ 284963.82, 4160210.61 ], [ 284954.45, 4160211.63 ], [ 284957.45, 4160211.63 ], [ 284958.58, 4160212.19 ], [ 284960.61, 4160214.89 ], [ 284960.84, 4160216.13 ], [ 284957.98, 4160226.17 ], [ 284958.43, 4160230.08 ] ] ], [ [ [ 284999.28, 4160246.23 ], [ 284965.82, 4160250.0 ], [ 285000.0, 4160250.0 ], [ 285000.0, 4160246.14 ], [ 284999.3, 4160246.23 ], [ 284999.28, 4160246.23 ] ] ] ] } },
{ "type": "Feature", "properties": { "id": "richmond_structure:403557", "name": null, "kind": "deck", "sport": null, "surface": null, "pitch_layout": null, "source": "richmond_structures", "source_updated": "2026-09-08T12:07:13.637000Z", "base_z": null, "top_z": null }, "geometry": { "type": "Polygon", "coordinates": [ [ [ 284842.67, 4160125.69 ], [ 284844.88, 4160125.52 ], [ 284844.63, 4160122.37 ], [ 284842.43, 4160122.54 ], [ 284842.67, 4160125.69 ] ] ] } },
{ "type": "Feature", "properties": { "id": "richmond_structure:300709", "name": null, "kind": "deck", "sport": null, "surface": null, "pitch_layout": null, "source": "richmond_structures", "source_updated": "2026-09-08T12:07:13.637000Z", "base_z": null, "top_z": null }, "geometry": { "type": "Polygon", "coordinates": [ [ [ 284785.49, 4160140.83 ], [ 284789.46, 4160140.59 ], [ 284789.35, 4160138.86 ], [ 284785.38, 4160139.11 ], [ 284785.49, 4160140.83 ] ] ] } },
{ "type": "Feature", "properties": { "id": "richmond_structure:293201", "name": null, "kind": "deck", "sport": null, "surface": null, "pitch_layout": null, "source": "richmond_structures", "source_updated": "2026-09-08T12:07:13.637000Z", "base_z": null, "top_z": null }, "geometry": { "type": "Polygon", "coordinates": [ [ [ 284778.49, 4160146.36 ], [ 284778.86, 4160150.74 ], [ 284787.64, 4160150.33 ], [ 284787.53, 4160148.15 ], [ 284785.74, 4160148.26 ], [ 284785.6, 4160145.92 ], [ 284778.49, 4160146.36 ] ] ] } },
{ "type": "Feature", "properties": { "id": "richmond_structure:403045", "name": null, "kind": "deck", "sport": null, "surface": null, "pitch_layout": null, "source": "richmond_structures", "source_updated": "2026-09-08T12:07:13.637000Z", "base_z": null, "top_z": null }, "geometry": { "type": "Polygon", "coordinates": [ [ [ 284793.35, 4160178.96 ], [ 284788.32, 4160179.33 ], [ 284788.59, 4160183.11 ], [ 284790.9, 4160182.95 ], [ 284790.73, 4160180.22 ], [ 284793.43, 4160180.06 ], [ 284793.35, 4160178.96 ] ] ] } },
{ "type": "Feature", "properties": { "id": "imagery:groundcover_lawn:467", "name": null, "kind": "groundcover_lawn", "sport": null, "surface": null, "pitch_layout": null, "source": "vgin_vbmp+naip+lidar2025", "source_updated": null, "base_z": null, "top_z": null }, "geometry": { "type": "Polygon", "coordinates": [ [ [ 284832.18, 4160191.31 ], [ 284835.72, 4160192.49 ], [ 284839.64, 4160190.07 ], [ 284841.64, 4160176.05 ], [ 284838.67, 4160172.63 ], [ 284833.13, 4160172.63 ], [ 284830.13, 4160175.63 ], [ 284830.13, 4160188.46 ], [ 284832.18, 4160191.31 ] ] ] } },
{ "type": "Feature", "properties": { "id": "richmond_structure:403047", "name": null, "kind": "deck", "sport": null, "surface": null, "pitch_layout": null, "source": "richmond_structures", "source_updated": "2026-09-08T12:07:13.637000Z", "base_z": null, "top_z": null }, "geometry": { "type": "Polygon", "coordinates": [ [ [ 284791.7, 4160202.09 ], [ 284795.03, 4160201.86 ], [ 284794.6, 4160195.62 ], [ 284791.28, 4160195.85 ], [ 284791.7, 4160202.09 ] ] ] } },
{ "type": "Feature", "properties": { "id": "richmond_structure:295640", "name": null, "kind": "deck", "sport": null, "surface": null, "pitch_layout": null, "source": "richmond_structures", "source_updated": "2026-09-08T12:07:13.637000Z", "base_z": null, "top_z": null }, "geometry": { "type": "Polygon", "coordinates": [ [ [ 284750.0, 4160203.19 ], [ 284750.0, 4160203.47 ], [ 284750.05, 4160203.47 ], [ 284750.0, 4160203.19 ] ] ] } },
{ "type": "Feature", "properties": { "id": "richmond_structure:403048", "name": null, "kind": "deck", "sport": null, "surface": null, "pitch_layout": null, "source": "richmond_structures", "source_updated": "2026-09-08T12:07:13.637000Z", "base_z": null, "top_z": null }, "geometry": { "type": "Polygon", "coordinates": [ [ [ 284797.7, 4160215.88 ], [ 284797.58, 4160212.13 ], [ 284793.32, 4160212.27 ], [ 284793.44, 4160216.01 ], [ 284797.7, 4160215.88 ] ] ] } },
{ "type": "Feature", "properties": { "id": "richmond_structure:295639", "name": null, "kind": "deck", "sport": null, "surface": null, "pitch_layout": null, "source": "richmond_structures", "source_updated": "2026-09-08T12:07:13.637000Z", "base_z": null, "top_z": null }, "geometry": { "type": "Polygon", "coordinates": [ [ [ 284754.99, 4160213.52 ], [ 284753.92, 4160213.56 ], [ 284754.3, 4160216.83 ], [ 284755.42, 4160216.79 ], [ 284754.99, 4160213.52 ] ] ] } },
{ "type": "Feature", "properties": { "id": "imagery:groundcover_lawn:463", "name": null, "kind": "groundcover_lawn", "sport": null, "surface": null, "pitch_layout": null, "source": "vgin_vbmp+naip+lidar2025", "source_updated": null, "base_z": null, "top_z": null }, "geometry": { "type": "MultiPolygon", "coordinates": [ [ [ [ 284751.5, 4160206.24 ], [ 284751.59, 4160206.27 ], [ 284751.68, 4160206.3 ], [ 284751.77, 4160206.34 ], [ 284751.86, 4160206.39 ], [ 284751.94, 4160206.44 ], [ 284752.01, 4160206.51 ], [ 284752.08, 4160206.58 ], [ 284752.14, 4160206.66 ], [ 284752.19, 4160206.74 ], [ 284752.23, 4160206.83 ], [ 284752.27, 4160206.92 ], [ 284752.29, 4160207.02 ], [ 284752.31, 4160207.11 ], [ 284752.62, 4160209.89 ], [ 284753.11, 4160210.3 ], [ 284753.82, 4160210.22 ], [ 284753.92, 4160210.21 ], [ 284754.02, 4160210.21 ], [ 284754.11, 4160210.23 ], [ 284754.21, 4160210.25 ], [ 284754.3, 4160210.28 ], [ 284754.39, 4160210.32 ], [ 284754.48, 4160210.37 ], [ 284754.56, 4160210.43 ], [ 284754.63, 4160210.49 ], [ 284754.7, 4160210.56 ], [ 284754.76, 4160210.64 ], [ 284754.81, 4160210.73 ], [ 284754.85, 4160210.81 ], [ 284754.89, 4160210.91 ], [ 284754.91, 4160211.0 ], [ 284754.93, 4160211.1 ], [ 284755.01, 4160211.82 ], [ 284755.55, 4160212.05 ], [ 284757.71, 4160214.2 ], [ 284758.13, 4160215.22 ], [ 284758.13, 4160223.11 ], [ 284759.18, 4160225.63 ], [ 284760.4, 4160227.19 ], [ 284761.19, 4160227.39 ], [ 284763.76, 4160225.79 ], [ 284763.85, 4160225.74 ], [ 284763.94, 4160225.7 ], [ 284764.03, 4160225.67 ], [ 284764.13, 4160225.65 ], [ 284764.22, 4160225.64 ], [ 284764.32, 4160225.63 ], [ 284764.42, 4160225.64 ], [ 284764.52, 4160225.66 ], [ 284764.61, 4160225.69 ], [ 284764.7, 4160225.72 ], [ 284764.79, 4160225.77 ], [ 284764.87, 4160225.82 ], [ 284764.95, 4160225.88 ], [ 284765.02, 4160225.95 ], [ 284765.08, 4160226.02 ], [ 284765.14, 4160226.1 ], [ 284766.82, 4160228.8 ], [ 284767.08, 4160228.86 ], [ 284770.19, 4160226.89 ], [ 284769.91, 4160226.91 ], [ 284769.81, 4160226.91 ], [ 284769.71, 4160226.9 ], [ 284769.62, 4160226.88 ], [ 284769.52, 4160226.86 ], [ 284769.43, 4160226.82 ], [ 284769.34, 4160226.77 ], [ 284769.26, 4160226.72 ], [ 284769.19, 4160226.66 ], [ 284769.12, 4160226.59 ], [ 284769.05, 4160226.52 ], [ 284769.0, 4160226.43 ], [ 284768.95, 4160226.35 ], [ 284768.91, 4160226.26 ], [ 284768.88, 4160226.16 ], [ 284768.86, 4160226.07 ], [ 284768.85, 4160225.97 ], [ 284768.5, 4160220.12 ], [ 284768.5, 4160220.02 ], [ 284768.51, 4160219.92 ], [ 284768.53, 4160219.82 ], [ 284768.56, 4160219.73 ], [ 284768.59, 4160219.64 ], [ 284768.64, 4160219.55 ], [ 284768.69, 4160219.47 ], [ 284768.76, 4160219.39 ], [ 284768.82, 4160219.32 ], [ 284768.9, 4160219.26 ], [ 284768.98, 4160219.21 ], [ 284769.07, 4160219.16 ], [ 284769.16, 4160219.12 ], [ 284769.25, 4160219.09 ], [ 284769.35, 4160219.07 ], [ 284769.44, 4160219.06 ], [ 284771.07, 4160218.96 ], [ 284765.91, 4160213.43 ], [ 284766.18, 4160217.7 ], [ 284766.18, 4160217.8 ], [ 284766.17, 4160217.89 ], [ 284766.16, 4160217.99 ], [ 284766.13, 4160218.08 ], [ 284766.09, 4160218.18 ], [ 284766.05, 4160218.26 ], [ 284765.99, 4160218.35 ], [ 284765.93, 4160218.42 ], [ 284765.86, 4160218.49 ], [ 284765.79, 4160218.56 ], [ 284765.71, 4160218.61 ], [ 284765.62, 4160218.66 ], [ 284765.53, 4160218.7 ], [ 284765.44, 4160218.73 ], [ 284765.34, 4160218.75 ], [ 284765.24, 4160218.76 ], [ 284760.62, 4160219.04 ], [ 284760.52, 4160219.05 ], [ 284760.42, 4160219.04 ], [ 284760.33, 4160219.02 ], [ 284760.23, 4160218.99 ], [ 284760.14, 4160218.96 ], [ 284760.06, 4160218.91 ], [ 284759.97, 4160218.86 ], [ 284759.9, 4160218.8 ], [ 284759.83, 4160218.73 ], [ 284759.76, 4160218.65 ], [ 284759.71, 4160218.57 ], [ 284759.66, 4160218.49 ], [ 284759.62, 4160218.4 ], [ 284759.59, 4160218.3 ], [ 284759.57, 4160218.21 ], [ 284759.56, 4160218.11 ], [ 284759.29, 4160213.8 ], [ 284759.29, 4160213.7 ], [ 284759.3, 4160213.6 ], [ 284759.31, 4160213.5 ], [ 284759.34, 4160213.41 ], [ 284759.38, 4160213.32 ], [ 284759.42, 4160213.23 ], [ 284759.48, 4160213.15 ], [ 284759.54, 4160213.07 ], [ 284759.61, 4160213.0 ], [ 284759.68, 4160212.94 ], [ 284759.76, 4160212.88 ], [ 284759.85, 4160212.84 ], [ 284759.94, 4160212.8 ], [ 284760.03, 4160212.77 ], [ 284760.13, 4160212.75 ], [ 284760.23, 4160212.74 ], [ 284764.85, 4160212.45 ], [ 284764.95, 4160212.45 ], [ 284765.05, 4160212.46 ], [ 284765.14, 4160212.47 ], [ 284765.17, 4160212.48 ], [ 284765.14, 4160212.43 ], [ 284765.13, 4160212.41 ], [ 284765.12, 4160212.39 ], [ 284765.07, 4160212.27 ], [ 284765.02, 4160212.15 ], [ 284765.01, 4160212.13 ], [ 284765.01, 4160212.12 ], [ 284764.97, 4160211.99 ], [ 284764.93, 4160211.87 ], [ 284764.92, 4160211.85 ], [ 284764.92, 4160211.83 ], [ 284764.89, 4160211.7 ], [ 284764.86, 4160211.58 ], [ 284764.86, 4160211.56 ], [ 284764.85, 4160211.54 ], [ 284764.84, 4160211.41 ], [ 284764.82, 4160211.28 ], [ 284763.42, 4160192.6 ], [ 284758.23, 4160192.99 ], [ 284758.13, 4160192.99 ], [ 284758.03, 4160192.98 ], [ 284757.93, 4160192.97 ], [ 284757.84, 4160192.94 ], [ 284757.75, 4160192.91 ], [ 284757.66, 4160192.86 ], [ 284757.58, 4160192.81 ], [ 284757.5, 4160192.75 ], [ 284757.43, 4160192.68 ], [ 284757.36, 4160192.61 ], [ 284757.31, 4160192.53 ], [ 284757.26, 4160192.44 ], [ 284757.22, 4160192.35 ], [ 284757.19, 4160192.28 ], [ 284752.09, 4160193.13 ], [ 284750.0, 4160196.06 ], [ 284750.0, 4160198.84 ], [ 284751.23, 4160206.23 ], [ 284751.3, 4160206.23 ], [ 284751.4, 4160206.23 ], [ 284751.5, 4160206.24 ] ] ], [ [ [ 284780.25, 4160220.28 ], [ 284780.3, 4160220.45 ], [ 284780.37, 4160220.74 ], [ 284780.4, 4160221.04 ], [ 284780.43, 4160221.48 ], [ 284781.98, 4160224.57 ], [ 284784.96, 4160225.57 ], [ 284785.77, 4160226.24 ], [ 284787.18, 4160228.82 ], [ 284787.32, 4160229.87 ], [ 284786.45, 4160233.35 ], [ 284786.52, 4160235.6 ], [ 284786.52, 4160235.7 ], [ 284786.5, 4160235.8 ], [ 284786.48, 4160235.89 ], [ 284786.45, 4160235.99 ], [ 284786.41, 4160236.08 ], [ 284786.37, 4160236.16 ], [ 284786.31, 4160236.24 ], [ 284786.24, 4160236.32 ], [ 284786.17, 4160236.39 ], [ 284786.1, 4160236.45 ], [ 284786.01, 4160236.5 ], [ 284785.93, 4160236.55 ], [ 284785.84, 4160236.58 ], [ 284785.74, 4160236.61 ], [ 284785.64, 4160236.62 ], [ 284785.55, 4160236.63 ], [ 284785.32, 4160236.64 ], [ 284785.3, 4160236.66 ], [ 284783.18, 4160238.32 ], [ 284782.29, 4160238.63 ], [ 284781.59, 4160238.63 ], [ 284782.35, 4160250.0 ], [ 284797.4, 4160250.0 ], [ 284797.34, 4160249.97 ], [ 284797.26, 4160249.91 ], [ 284797.18, 4160249.85 ], [ 284797.11, 4160249.78 ], [ 284797.05, 4160249.71 ], [ 284796.99, 4160249.63 ], [ 284796.95, 4160249.54 ], [ 284796.91, 4160249.45 ], [ 284796.88, 4160249.36 ], [ 284796.86, 4160249.26 ], [ 284796.85, 4160249.17 ], [ 284796.31, 4160240.33 ], [ 284796.31, 4160240.23 ], [ 284796.32, 4160240.13 ], [ 284796.33, 4160240.04 ], [ 284796.36, 4160239.94 ], [ 284796.4, 4160239.85 ], [ 284796.44, 4160239.76 ], [ 284796.5, 4160239.68 ], [ 284796.55, 4160239.61 ], [ 284795.95, 4160228.13 ], [ 284795.57, 4160223.83 ], [ 284795.57, 4160223.73 ], [ 284795.57, 4160223.63 ], [ 284795.59, 4160223.54 ], [ 284795.61, 4160223.44 ], [ 284795.65, 4160223.35 ], [ 284795.69, 4160223.26 ], [ 284794.56, 4160201.78 ], [ 284794.55, 4160201.78 ], [ 284794.48, 4160201.71 ], [ 284794.42, 4160201.63 ], [ 284794.36, 4160201.55 ], [ 284794.31, 4160201.47 ], [ 284794.27, 4160201.38 ], [ 284794.24, 4160201.28 ], [ 284794.22, 4160201.19 ], [ 284794.21, 4160201.09 ], [ 284793.85, 4160195.66 ], [ 284792.54, 4160193.72 ], [ 284791.25, 4160193.12 ], [ 284789.14, 4160190.64 ], [ 284788.82, 4160189.48 ], [ 284790.07, 4160181.97 ], [ 284789.92, 4160179.44 ], [ 284789.92, 4160179.43 ], [ 284787.85, 4160177.42 ], [ 284777.92, 4160178.47 ], [ 284775.79, 4160180.67 ], [ 284773.64, 4160193.59 ], [ 284773.14, 4160194.46 ], [ 284771.0, 4160196.28 ], [ 284770.41, 4160196.5 ], [ 284769.81, 4160196.25 ], [ 284770.83, 4160209.75 ], [ 284775.55, 4160214.83 ], [ 284776.11, 4160214.63 ], [ 284777.25, 4160214.63 ], [ 284778.39, 4160215.21 ], [ 284780.39, 4160217.99 ], [ 284780.59, 4160219.26 ], [ 284780.25, 4160220.28 ] ], [ [ 284780.16, 4160207.57 ], [ 284780.14, 4160207.67 ], [ 284780.12, 4160207.76 ], [ 284780.09, 4160207.85 ], [ 284780.06, 4160207.94 ], [ 284780.01, 4160208.03 ], [ 284779.95, 4160208.11 ], [ 284779.89, 4160208.19 ], [ 284779.82, 4160208.26 ], [ 284779.74, 4160208.32 ], [ 284779.66, 4160208.37 ], [ 284779.57, 4160208.42 ], [ 284779.48, 4160208.45 ], [ 284779.39, 4160208.48 ], [ 284779.29, 4160208.5 ], [ 284779.19, 4160208.51 ], [ 284774.71, 4160208.67 ], [ 284774.61, 4160208.67 ], [ 284774.51, 4160208.66 ], [ 284774.42, 4160208.64 ], [ 284774.32, 4160208.61 ], [ 284774.23, 4160208.57 ], [ 284774.15, 4160208.53 ], [ 284774.06, 4160208.47 ], [ 284773.99, 4160208.41 ], [ 284773.92, 4160208.34 ], [ 284773.86, 4160208.26 ], [ 284773.81, 4160208.18 ], [ 284773.76, 4160208.09 ], [ 284773.72, 4160208.0 ], [ 284773.7, 4160207.91 ], [ 284773.68, 4160207.81 ], [ 284773.67, 4160207.71 ], [ 284773.48, 4160202.64 ], [ 284773.48, 4160202.54 ], [ 284773.49, 4160202.44 ], [ 284773.51, 4160202.35 ], [ 284773.54, 4160202.25 ], [ 284773.58, 4160202.16 ], [ 284773.63, 4160202.08 ], [ 284773.69, 4160202.0 ], [ 284773.75, 4160201.92 ], [ 284773.82, 4160201.85 ], [ 284773.9, 4160201.79 ], [ 284773.98, 4160201.74 ], [ 284774.06, 4160201.69 ], [ 284774.16, 4160201.66 ], [ 284774.25, 4160201.63 ], [ 284774.35, 4160201.61 ], [ 284774.44, 4160201.6 ], [ 284778.93, 4160201.44 ], [ 284779.03, 4160201.44 ], [ 284779.13, 4160201.45 ], [ 284779.22, 4160201.47 ], [ 284779.32, 4160201.5 ], [ 284779.41, 4160201.54 ], [ 284779.49, 4160201.58 ], [ 284779.57, 4160201.64 ], [ 284779.65, 4160201.7 ], [ 284779.72, 4160201.77 ], [ 284779.78, 4160201.85 ], [ 284779.83, 4160201.93 ], [ 284779.88, 4160202.02 ], [ 284779.91, 4160202.11 ], [ 284779.94, 4160202.2 ], [ 284779.96, 4160202.3 ], [ 284779.97, 4160202.4 ], [ 284780.16, 4160207.47 ], [ 284780.16, 4160207.57 ] ] ], [ [ [ 284765.48, 4160250.0 ], [ 284776.24, 4160250.0 ], [ 284775.67, 4160241.51 ], [ 284765.48, 4160250.0 ] ] ] ] } },
{ "type": "Feature", "properties": { "id": "imagery:groundcover_lawn:450", "name": null, "kind": "groundcover_lawn", "sport": null, "surface": null, "pitch_layout": null, "source": "vgin_vbmp+naip+lidar2025", "source_updated": null, "base_z": null, "top_z": null }, "geometry": { "type": "Polygon", "coordinates": [ [ [ 284906.91, 4160218.84 ], [ 284905.43, 4160192.54 ], [ 284900.38, 4160190.53 ], [ 284900.54, 4160192.65 ], [ 284893.63, 4160193.14 ], [ 284895.88, 4160217.9 ], [ 284898.87, 4160220.63 ], [ 284905.13, 4160220.63 ], [ 284906.91, 4160218.84 ] ] ] } },
{ "type": "Feature", "properties": { "id": "richmond_structure:404719", "name": null, "kind": "deck", "sport": null, "surface": null, "pitch_layout": null, "source": "richmond_structures", "source_updated": "2026-09-08T12:07:13.637000Z", "base_z": null, "top_z": null }, "geometry": { "type": "Polygon", "coordinates": [ [ [ 284932.95, 4160220.64 ], [ 284932.65, 4160217.45 ], [ 284931.12, 4160217.61 ], [ 284931.25, 4160218.98 ], [ 284928.62, 4160219.28 ], [ 284927.9, 4160220.22 ], [ 284928.16, 4160222.46 ], [ 284930.53, 4160222.19 ], [ 284930.38, 4160220.94 ], [ 284932.95, 4160220.64 ] ] ] } },
{ "type": "Feature", "properties": { "id": "richmond_structure:295050", "name": null, "kind": "deck", "sport": null, "surface": null, "pitch_layout": null, "source": "richmond_structures", "source_updated": "2026-09-08T12:07:13.637000Z", "base_z": null, "top_z": null }, "geometry": { "type": "Polygon", "coordinates": [ [ [ 284760.89, 4160227.21 ], [ 284761.32, 4160225.84 ], [ 284760.94, 4160224.42 ], [ 284759.3, 4160222.95 ], [ 284756.54, 4160223.19 ], [ 284758.9, 4160228.82 ], [ 284760.14, 4160228.15 ], [ 284760.89, 4160227.21 ] ] ] } },
{ "type": "Feature", "properties": { "id": "richmond_structure:403052", "name": null, "kind": "deck", "sport": null, "surface": null, "pitch_layout": null, "source": "richmond_structures", "source_updated": "2026-09-08T12:07:13.637000Z", "base_z": null, "top_z": null }, "geometry": { "type": "Polygon", "coordinates": [ [ [ 284796.51, 4160247.93 ], [ 284797.97, 4160247.83 ], [ 284797.79, 4160245.27 ], [ 284796.33, 4160245.37 ], [ 284796.51, 4160247.93 ] ] ] } }
]
}
