{
"type": "FeatureCollection",
"name": "buildings",
"crs": { "type": "name", "properties": { "name": "urn:ogc:def:crs:EPSG::32618" } },
"xy_coordinate_resolution": 0.01,
"features": [
{ "type": "Feature", "properties": { "id": "osm:way/745224168", "name": null, "height": 2.87, "min_height": 0.0, "levels": null, "height_source": "lidar", "roof_shape": "flat", "roof_height": 1.08, "roof_azimuth": null, "roof_source": "lod2", "roof_color": "roof_flat", "roof_color_source": "heuristic", "lod2_roof": { "v": [ [ 282251.08, 4155520.24, 0.0 ], [ 282249.26, 4155524.79, 0.35 ], [ 282242.53, 4155522.1, 0.51 ], [ 282244.55, 4155517.04, 0.0 ], [ 282244.95, 4155517.24, 0.0 ], [ 282245.13, 4155523.14, 0.45 ], [ 282246.33, 4155523.62, 1.03 ], [ 282246.33, 4155523.62, 0.42 ], [ 282245.13, 4155523.14, 1.08 ], [ 282244.95, 4155517.24, 0.13 ], [ 282250.93, 4155520.16, 0.0 ], [ 282250.93, 4155520.16, 0.0 ] ], "f": [ [ [ 4, 5, 2, 3 ] ], [ [ 11, 6, 8, 9 ] ], [ [ 10, 0, 1, 7 ] ], [ [ 8, 5, 4, 9 ] ], [ [ 11, 10, 7, 6 ] ] ] }, "roof_props": null, "wall_color": "sand", "type": "yes", "landmark": null, "footprint_source": "osm", "source_updated": null, "is_part": false, "parent": null, "hidden": false, "addr": null, "wikidata": null, "website": null, "zoning": "R-5", "lidar_p90": 3.12, "ground_z": 39.48 }, "geometry": { "type": "Polygon", "coordinates": [ [ [ 282245.18, 4155515.45 ], [ 282242.53, 4155522.1 ], [ 282249.26, 4155524.79 ], [ 282251.92, 4155518.12 ], [ 282245.18, 4155515.45 ] ] ] } },
{ "type": "Feature", "properties": { "id": "osm:way/745224601", "name": null, "height": 7.57, "min_height": 0.0, "levels": null, "height_source": "lidar", "roof_shape": "flat", "roof_height": 0.0, "roof_azimuth": null, "roof_source": "heuristic", "roof_color": "roof_flat", "roof_color_source": "ortho", "lod2_roof": null, "roof_props": null, "wall_color": "cream", "type": "yes", "landmark": null, "footprint_source": "osm", "source_updated": null, "is_part": false, "parent": null, "hidden": false, "addr": "2804 New Kent Avenue", "wikidata": null, "website": null, "zoning": "R-5", "lidar_p90": 8.92, "ground_z": 41.89 }, "geometry": { "type": "Polygon", "coordinates": [ [ [ 282229.53, 4155535.31 ], [ 282225.8, 4155543.27 ], [ 282234.31, 4155547.26 ], [ 282234.66, 4155546.53 ], [ 282236.75, 4155547.51 ], [ 282239.25, 4155542.15 ], [ 282237.36, 4155541.27 ], [ 282237.91, 4155540.09 ], [ 282233.84, 4155538.19 ], [ 282234.16, 4155537.49 ], [ 282229.53, 4155535.31 ] ] ] } },
{ "type": "Feature", "properties": { "id": "osm:way/745224098", "name": null, "height": 8.15, "min_height": 0.0, "levels": null, "height_source": "lidar", "roof_shape": "flat", "roof_height": 2.83, "roof_azimuth": null, "roof_source": "lod2", "roof_color": "roof_flat", "roof_color_source": "heuristic", "lod2_roof": { "v": [ [ 282256.5, 4155549.52, 0.0 ], [ 282253.7, 4155555.92, 0.0 ], [ 282251.75, 4155555.07, 0.0 ], [ 282252.24, 4155553.06, 2.83 ], [ 282252.24, 4155553.06, 0.0 ], [ 282251.75, 4155555.07, 1.21 ], [ 282252.25, 4155543.9, 0.31 ], [ 282250.87, 4155547.06, 0.21 ], [ 282251.09, 4155547.15, 0.0 ], [ 282251.09, 4155547.15, 0.22 ], [ 282250.84, 4155548.51, 0.0 ], [ 282250.84, 4155548.51, 0.0 ], [ 282252.8, 4155548.67, 0.0 ], [ 282252.8, 4155548.67, 0.0 ], [ 282250.84, 4155548.51, 0.19 ], [ 282250.12, 4155548.45, 0.15 ], [ 282241.51, 4155550.6, 1.04 ], [ 282242.72, 4155548.7, 2.82 ], [ 282252.24, 4155553.06, 2.83 ], [ 282244.68, 4155545.6, 0.0 ], [ 282245.72, 4155543.97, 0.0 ], [ 282253.24, 4155548.97, 0.0 ], [ 282253.24, 4155548.97, 0.0 ] ], "f": [ [ [ 5, 16, 17, 3 ] ], [ [ 20, 6, 7, 9, 14, 15, 19 ] ], [ [ 13, 21, 18, 17, 19, 15, 10 ] ], [ [ 8, 0, 1, 2, 4, 22, 12, 11 ] ], [ [ 3, 4, 2, 5 ] ], [ [ 10, 11, 12, 13 ] ], [ [ 14, 10, 15 ] ], [ [ 18, 3, 17 ] ], [ [ 9, 8, 11, 10, 14 ] ], [ [ 21, 22, 4, 3, 18 ] ], [ [ 13, 12, 22, 21 ] ] ] }, "roof_props": null, "wall_color": "cream", "type": "yes", "landmark": null, "footprint_source": "osm", "source_updated": null, "is_part": false, "parent": null, "hidden": false, "addr": "2800 New Kent Avenue", "wikidata": null, "website": null, "zoning": "R-5", "lidar_p90": 9.44, "ground_z": 42.27 }, "geometry": { "type": "Polygon", "coordinates": [ [ [ 282248.88, 4155542.08 ], [ 282248.33, 4155543.35 ], [ 282244.95, 4155541.87 ], [ 282241.21, 4155550.46 ], [ 282253.7, 4155555.92 ], [ 282256.5, 4155549.52 ], [ 282250.87, 4155547.06 ], [ 282252.37, 4155543.61 ], [ 282248.88, 4155542.08 ] ] ] } },
{ "type": "Feature", "properties": { "id": "osm:way/745224468", "name": null, "height": 3.25, "min_height": 0.0, "levels": null, "height_source": "lidar", "roof_shape": "skillion", "roof_height": 1.58, "roof_azimuth": 59.7, "roof_source": "lod2", "roof_color": "roof_green", "roof_color_source": "heuristic", "lod2_roof": { "v": [ [ 282208.3, 4155506.1, 0.44 ], [ 282209.5, 4155503.61, 1.58 ], [ 282215.38, 4155509.52, 0.34 ], [ 282216.65, 4155506.9, 1.54 ], [ 282211.21, 4155500.09, 0.0 ], [ 282218.12, 4155503.87, 0.18 ] ], "f": [ [ [ 1, 3, 2, 0 ] ], [ [ 5, 3, 1, 4 ] ] ] }, "roof_props": null, "wall_color": "sand", "type": "yes", "landmark": null, "footprint_source": "osm", "source_updated": null, "is_part": false, "parent": null, "hidden": false, "addr": null, "wikidata": null, "website": null, "zoning": "R-5", "lidar_p90": 4.56, "ground_z": 41.22 }, "geometry": { "type": "Polygon", "coordinates": [ [ [ 282211.63, 4155499.23 ], [ 282208.3, 4155506.1 ], [ 282215.38, 4155509.52 ], [ 282218.71, 4155502.65 ], [ 282211.63, 4155499.23 ] ] ] } },
{ "type": "Feature", "properties": { "id": "osm:way/745224611", "name": null, "height": 7.66, "min_height": 0.0, "levels": null, "height_source": "lidar", "roof_shape": "flat", "roof_height": 2.31, "roof_azimuth": null, "roof_source": "lod2", "roof_color": "roof_flat", "roof_color_source": "ortho", "lod2_roof": { "v": [ [ 282152.28, 4155507.94, 1.08 ], [ 282152.07, 4155507.84, 1.08 ], [ 282151.57, 4155508.91, 0.0 ], [ 282151.57, 4155508.91, 0.3 ], [ 282149.43, 4155502.32, 0.27 ], [ 282149.43, 4155502.32, 0.0 ], [ 282147.05, 4155503.59, 0.98 ], [ 282147.05, 4155503.59, 1.5 ], [ 282148.99, 4155505.87, 1.41 ], [ 282148.99, 4155505.87, 1.41 ], [ 282150.45, 4155509.47, 0.0 ], [ 282150.45, 4155509.47, 0.0 ], [ 282149.61, 4155510.17, 0.0 ], [ 282149.61, 4155510.17, 0.0 ], [ 282146.16, 4155500.65, 0.14 ], [ 282146.16, 4155500.65, 0.0 ], [ 282146.58, 4155500.87, 0.0 ], [ 282146.58, 4155500.87, 0.15 ], [ 282145.77, 4155501.47, 0.66 ], [ 282145.77, 4155501.47, 0.17 ], [ 282147.12, 4155501.14, 0.18 ], [ 282147.12, 4155501.14, 0.0 ], [ 282149.43, 4155502.32, 0.0 ], [ 282148.99, 4155505.87, 1.71 ], [ 282150.14, 4155506.13, 1.57 ], [ 282145.97, 4155502.1, 0.46 ], [ 282145.97, 4155502.1, 0.95 ], [ 282146.7, 4155502.5, 1.0 ], [ 282146.84, 4155499.22, 0.0 ], [ 282150.58, 4155509.8, 0.0 ], [ 282150.58, 4155509.8, 0.0 ], [ 282149.57, 4155513.15, 0.0 ], [ 282149.49, 4155510.79, 0.0 ], [ 282149.49, 4155510.79, 0.0 ], [ 282148.37, 4155505.73, 1.79 ], [ 282152.92, 4155507.4, 1.57 ], [ 282152.1, 4155507.03, 1.57 ], [ 282153.5, 4155504.39, 0.0 ], [ 282141.96, 4155509.55, 0.11 ], [ 282146.69, 4155503.78, 1.17 ], [ 282146.69, 4155503.78, 1.34 ], [ 282146.62, 4155504.22, 1.41 ], [ 282147.18, 4155500.8, 0.0 ], [ 282147.18, 4155500.8, 0.0 ], [ 282150.63, 4155500.8, 0.0 ], [ 282150.01, 4155502.01, 0.0 ], [ 282147.81, 4155512.31, 0.42 ], [ 282147.81, 4155512.31, 0.0 ], [ 282145.04, 4155511.0, 2.31 ], [ 282150.01, 4155502.01, 0.0 ], [ 282149.76, 4155502.49, 0.0 ], [ 282147.23, 4155506.2, 2.31 ] ], "f": [ [ [ 43, 20, 4, 7, 27, 26, 18, 14, 17 ] ], [ [ 48, 38, 19, 25, 27, 7, 40, 41, 51 ] ], [ [ 45, 22, 21, 42, 16, 15, 28, 44 ] ], [ [ 50, 37, 36, 24, 23, 34, 51, 41, 39, 6, 5, 49 ] ], [ [ 3, 29, 10, 9, 24, 36, 35, 0, 1 ] ], [ [ 33, 46, 48, 51, 34, 8, 10, 13 ] ], [ [ 30, 2, 31, 47, 32, 12, 11 ] ], [ [ 4, 5, 6, 7 ] ], [ [ 8, 9, 10 ] ], [ [ 10, 11, 12, 13 ] ], [ [ 14, 15, 16, 17 ] ], [ [ 20, 21, 22, 5, 4 ] ], [ [ 9, 8, 23, 24 ] ], [ [ 25, 26, 27 ] ], [ [ 29, 30, 11, 10 ] ], [ [ 13, 12, 32, 33 ] ], [ [ 23, 8, 34 ] ], [ [ 26, 25, 19, 18 ] ], [ [ 7, 6, 39, 40 ] ], [ [ 40, 39, 41 ] ], [ [ 17, 16, 42, 43 ] ], [ [ 43, 42, 21, 20 ] ], [ [ 5, 22, 45, 49 ] ], [ [ 33, 32, 47, 46 ] ], [ [ 3, 2, 30, 29 ] ] ] }, "roof_props": null, "wall_color": "sand", "type": "yes", "landmark": null, "footprint_source": "osm", "source_updated": null, "is_part": false, "parent": null, "hidden": false, "addr": "2900 New Kent Avenue", "wikidata": null, "website": null, "zoning": "R-5", "lidar_p90": 8.64, "ground_z": 44.32 }, "geometry": { "type": "Polygon", "coordinates": [ [ [ 282151.24, 4155501.28 ], [ 282151.48, 4155500.76 ], [ 282150.7, 4155500.4 ], [ 282151.42, 4155498.88 ], [ 282147.8, 4155497.18 ], [ 282141.96, 4155509.55 ], [ 282149.57, 4155513.15 ], [ 282152.07, 4155507.84 ], [ 282153.12, 4155508.33 ], [ 282155.51, 4155503.3 ], [ 282151.24, 4155501.28 ] ] ] } },
{ "type": "Feature", "properties": { "id": "osm:way/745224565", "name": null, "height": 7.36, "min_height": 0.0, "levels": null, "height_source": "lidar", "roof_shape": "flat", "roof_height": 2.71, "roof_azimuth": null, "roof_source": "lod2", "roof_color": "roof_flat", "roof_color_source": "ortho", "lod2_roof": { "v": [ [ 282183.02, 4155526.17, 0.0 ], [ 282176.77, 4155523.36, 0.0 ], [ 282183.88, 4155524.24, 0.88 ], [ 282181.28, 4155519.97, 2.71 ], [ 282181.28, 4155519.97, 2.71 ], [ 282179.44, 4155514.37, 0.0 ], [ 282184.58, 4155514.26, 0.0 ], [ 282185.85, 4155511.44, 0.0 ], [ 282178.07, 4155520.45, 0.75 ], [ 282176.73, 4155519.85, 0.0 ], [ 282176.73, 4155519.85, 0.0 ], [ 282178.78, 4155515.61, 0.0 ], [ 282178.78, 4155515.61, 0.0 ], [ 282179.39, 4155514.35, 0.0 ], [ 282174.73, 4155518.95, 0.0 ], [ 282176.76, 4155514.45, 0.0 ], [ 282188.92, 4155519.36, 0.19 ], [ 282188.92, 4155519.36, 0.19 ], [ 282183.95, 4155521.19, 2.71 ], [ 282188.99, 4155521.48, 0.0 ], [ 282186.38, 4155525.37, 0.04 ], [ 282184.44, 4155524.49, 0.88 ], [ 282184.44, 4155524.49, 1.48 ], [ 282184.99, 4155524.13, 1.25 ], [ 282188.84, 4155516.96, 0.0 ], [ 282188.9, 4155518.71, 0.0 ], [ 282182.94, 4155515.98, 0.0 ], [ 282182.94, 4155515.98, 0.0 ], [ 282188.9, 4155518.71, 0.0 ], [ 282189.7, 4155519.07, 0.0 ], [ 282177.86, 4155520.93, 0.76 ], [ 282177.86, 4155520.93, 1.19 ], [ 282178.14, 4155521.29, 1.05 ], [ 282184.38, 4155514.17, 0.0 ], [ 282190.44, 4155513.64, 0.0 ] ], "f": [ [ [ 9, 14, 15, 11 ] ], [ [ 12, 13, 5, 4, 32, 30, 8, 10 ] ], [ [ 18, 23, 21, 2, 0, 1, 31, 32, 3 ] ], [ [ 34, 24, 25, 27, 33, 6, 7 ] ], [ [ 23, 18, 17, 19, 20, 22 ] ], [ [ 28, 29, 16, 18, 3, 5, 26 ] ], [ [ 3, 4, 5 ] ], [ [ 10, 9, 11, 12 ] ], [ [ 16, 17, 18 ] ], [ [ 22, 21, 23 ] ], [ [ 26, 27, 25, 28 ] ], [ [ 31, 30, 32 ] ], [ [ 4, 3, 32 ] ] ] }, "roof_props": null, "wall_color": "terracotta", "type": "yes", "landmark": null, "footprint_source": "osm", "source_updated": null, "is_part": false, "parent": null, "hidden": false, "addr": "2820 New Kent Avenue", "wikidata": null, "website": null, "zoning": "R-5", "lidar_p90": 8.85, "ground_z": 43.53 }, "geometry": { "type": "Polygon", "coordinates": [ [ [ 282191.53, 4155518.71 ], [ 282191.1, 4155518.52 ], [ 282191.5, 4155517.64 ], [ 282189.6, 4155516.79 ], [ 282191.6, 4155512.34 ], [ 282186.48, 4155510.03 ], [ 282184.58, 4155514.26 ], [ 282181.39, 4155512.82 ], [ 282180.82, 4155514.13 ], [ 282177.56, 4155512.66 ], [ 282174.73, 4155518.95 ], [ 282178.07, 4155520.45 ], [ 282176.77, 4155523.36 ], [ 282183.02, 4155526.17 ], [ 282183.88, 4155524.24 ], [ 282188.17, 4155526.17 ], [ 282191.53, 4155518.71 ] ] ] } },
{ "type": "Feature", "properties": { "id": "osm:way/745224476", "name": null, "height": 3.9, "min_height": 0.0, "levels": null, "height_source": "lidar", "roof_shape": "gable", "roof_height": 1.56, "roof_azimuth": 155.4, "roof_source": "lidar", "roof_color": "roof_flat", "roof_color_source": "ortho", "lod2_roof": null, "roof_props": null, "wall_color": "concrete", "type": "yes", "landmark": null, "footprint_source": "osm", "source_updated": null, "is_part": false, "parent": null, "hidden": false, "addr": "2818 New Kent Avenue", "wikidata": null, "website": null, "zoning": "R-5", "lidar_p90": 6.46, "ground_z": 43.34 }, "geometry": { "type": "Polygon", "coordinates": [ [ [ 282201.96, 4155529.25 ], [ 282204.51, 4155530.42 ], [ 282209.43, 4155519.66 ], [ 282205.04, 4155517.64 ], [ 282205.63, 4155516.34 ], [ 282202.85, 4155515.06 ], [ 282198.69, 4155524.15 ], [ 282194.65, 4155522.3 ], [ 282192.97, 4155525.99 ], [ 282198.56, 4155528.54 ], [ 282197.8, 4155530.2 ], [ 282200.88, 4155531.61 ], [ 282201.96, 4155529.25 ] ] ] } },
{ "type": "Feature", "properties": { "id": "osm:way/745224569", "name": null, "height": 8.81, "min_height": 0.0, "levels": null, "height_source": "lidar", "roof_shape": "flat", "roof_height": 1.94, "roof_azimuth": null, "roof_source": "lod2", "roof_color": "roof_flat", "roof_color_source": "ortho", "lod2_roof": { "v": [ [ 282220.2, 4155537.52, 1.94 ], [ 282218.92, 4155540.32, 0.2 ], [ 282209.72, 4155536.11, 0.0 ], [ 282209.23, 4155535.88, 0.0 ], [ 282209.72, 4155536.11, 0.18 ], [ 282213.37, 4155529.22, 0.0 ], [ 282218.18, 4155531.45, 0.0 ], [ 282218.18, 4155531.45, 0.0 ], [ 282211.19, 4155533.34, 0.0 ], [ 282211.19, 4155533.34, 1.94 ], [ 282222.84, 4155531.77, 0.0 ], [ 282222.14, 4155533.29, 0.0 ], [ 282209.1, 4155532.37, 0.0 ], [ 282218.84, 4155529.93, 0.0 ], [ 282222.14, 4155533.29, 0.0 ], [ 282209.7, 4155534.87, 0.0 ], [ 282207.63, 4155533.92, 0.0 ] ], "f": [ [ [ 11, 6, 13, 10 ] ], [ [ 9, 0, 1, 4 ] ], [ [ 9, 5, 7, 14, 0 ] ], [ [ 16, 12, 8, 2, 3, 15 ] ], [ [ 4, 2, 8, 9 ] ], [ [ 7, 6, 11, 14 ] ] ] }, "roof_props": null, "wall_color": "terracotta", "type": "yes", "landmark": null, "footprint_source": "osm", "source_updated": null, "is_part": false, "parent": null, "hidden": false, "addr": "2806 New Kent Avenue", "wikidata": null, "website": null, "zoning": "R-5", "lidar_p90": 9.52, "ground_z": 42.57 }, "geometry": { "type": "Polygon", "coordinates": [ [ [ 282213.34, 4155527.42 ], [ 282211.67, 4155531.06 ], [ 282209.38, 4155530.0 ], [ 282207.59, 4155533.9 ], [ 282209.7, 4155534.87 ], [ 282209.23, 4155535.88 ], [ 282218.92, 4155540.32 ], [ 282222.84, 4155531.77 ], [ 282213.34, 4155527.42 ] ] ] } },
{ "type": "Feature", "properties": { "id": "osm:way/745224633", "name": null, "height": 8.82, "min_height": 0.0, "levels": null, "height_source": "lidar", "roof_shape": "flat", "roof_height": 0.0, "roof_azimuth": null, "roof_source": "heuristic", "roof_color": "roof_flat", "roof_color_source": "heuristic", "lod2_roof": null, "roof_props": null, "wall_color": "terracotta", "type": "yes", "landmark": null, "footprint_source": "osm", "source_updated": null, "is_part": false, "parent": null, "hidden": false, "addr": "2821 New Kent Avenue", "wikidata": null, "website": null, "zoning": "R-5", "lidar_p90": 10.2, "ground_z": 42.62 }, "geometry": { "type": "Polygon", "coordinates": [ [ [ 282160.08, 4155565.36 ], [ 282162.53, 4155566.44 ], [ 282168.03, 4155554.86 ], [ 282160.07, 4155551.1 ], [ 282158.03, 4155555.32 ], [ 282156.83, 4155554.74 ], [ 282154.06, 4155560.48 ], [ 282155.43, 4155561.14 ], [ 282151.04, 4155570.28 ], [ 282156.6, 4155572.78 ], [ 282160.08, 4155565.36 ] ] ] } },
{ "type": "Feature", "properties": { "id": "osm:way/745223997", "name": null, "height": 7.71, "min_height": 0.0, "levels": null, "height_source": "lidar", "roof_shape": "flat", "roof_height": 1.83, "roof_azimuth": null, "roof_source": "lod2", "roof_color": "roof_flat", "roof_color_source": "ortho", "lod2_roof": { "v": [ [ 282179.42, 4155561.94, 0.0 ], [ 282179.42, 4155561.94, 0.0 ], [ 282176.47, 4155568.57, 0.0 ], [ 282172.44, 4155558.74, 0.0 ], [ 282172.44, 4155558.74, 0.0 ], [ 282172.18, 4155559.7, 0.0 ], [ 282172.44, 4155558.74, 0.0 ], [ 282179.0, 4155561.74, 0.0 ], [ 282179.0, 4155561.74, 0.0 ], [ 282171.73, 4155558.41, 0.0 ], [ 282171.73, 4155558.41, 0.0 ], [ 282172.66, 4155556.19, 0.0 ], [ 282180.49, 4155559.52, 0.0 ], [ 282172.74, 4155564.87, 1.13 ], [ 282172.74, 4155564.87, 1.59 ], [ 282172.9, 4155565.63, 1.36 ], [ 282173.21, 4155567.13, 0.91 ], [ 282173.21, 4155567.13, 1.83 ], [ 282168.88, 4155565.21, 0.0 ], [ 282173.6, 4155564.03, 1.34 ], [ 282173.6, 4155564.03, 1.38 ], [ 282173.68, 4155564.06, 1.33 ], [ 282173.68, 4155564.06, 1.33 ], [ 282173.68, 4155564.06, 1.33 ], [ 282179.0, 4155561.74, 0.0 ], [ 282178.89, 4155561.99, 0.0 ] ], "f": [ [ [ 5, 19, 13, 15, 17, 18, 9, 3 ] ], [ [ 25, 21, 23, 19, 5, 4, 8 ] ], [ [ 2, 16, 15, 14, 20, 23, 22, 25, 24, 0 ] ], [ [ 12, 1, 7, 6, 10, 11 ] ], [ [ 3, 4, 5 ] ], [ [ 4, 6, 7, 8 ] ], [ [ 9, 10, 6, 4, 3 ] ], [ [ 13, 14, 15 ] ], [ [ 16, 17, 15 ] ], [ [ 14, 13, 19, 20 ] ], [ [ 21, 22, 23 ] ], [ [ 20, 19, 23 ] ], [ [ 8, 24, 25 ] ], [ [ 24, 8, 7, 1, 0 ] ], [ [ 22, 21, 25 ] ] ] }, "roof_props": null, "wall_color": "sand", "type": "yes", "landmark": null, "footprint_source": "osm", "source_updated": null, "is_part": false, "parent": null, "hidden": false, "addr": "2819 New Kent Avenue", "wikidata": null, "website": null, "zoning": "R-5", "lidar_p90": 8.58, "ground_z": 43.06 }, "geometry": { "type": "Polygon", "coordinates": [ [ [ 282168.88, 4155565.21 ], [ 282176.47, 4155568.57 ], [ 282180.49, 4155559.52 ], [ 282172.66, 4155556.19 ], [ 282168.88, 4155565.21 ] ] ] } },
{ "type": "Feature", "properties": { "id": "osm:way/745224445", "name": null, "height": 8.24, "min_height": 0.0, "levels": null, "height_source": "lidar", "roof_shape": "flat", "roof_height": 1.86, "roof_azimuth": null, "roof_source": "lod2", "roof_color": "roof_flat", "roof_color_source": "ortho", "lod2_roof": { "v": [ [ 282184.39, 4155560.18, 0.0 ], [ 282193.99, 4155564.54, 0.0 ], [ 282188.36, 4155575.21, 0.7 ], [ 282188.36, 4155575.21, 0.32 ], [ 282188.36, 4155575.21, 0.0 ], [ 282188.83, 4155573.31, 0.92 ], [ 282185.5, 4155575.94, 0.0 ], [ 282185.78, 4155575.32, 0.0 ], [ 282194.76, 4155567.05, 0.0 ], [ 282193.92, 4155568.9, 0.0 ], [ 282193.67, 4155568.78, 0.0 ], [ 282193.67, 4155568.78, 0.0 ], [ 282193.92, 4155568.9, 0.0 ], [ 282193.18, 4155566.33, 0.0 ], [ 282183.44, 4155572.22, 0.21 ], [ 282181.21, 4155571.2, 0.0 ], [ 282184.09, 4155564.88, 0.0 ], [ 282186.54, 4155573.63, 0.23 ], [ 282185.78, 4155575.32, 0.0 ], [ 282183.42, 4155564.57, 0.0 ], [ 282182.57, 4155564.18, 0.0 ], [ 282183.42, 4155564.57, 0.0 ], [ 282183.51, 4155563.95, 0.0 ], [ 282183.51, 4155563.95, 0.0 ], [ 282183.51, 4155563.95, 0.0 ], [ 282186.79, 4155575.27, 0.0 ], [ 282187.9, 4155577.07, 0.49 ], [ 282182.94, 4155563.37, 0.0 ], [ 282185.01, 4155564.66, 0.0 ], [ 282185.01, 4155564.66, 0.0 ], [ 282185.21, 4155564.75, 0.0 ], [ 282185.01, 4155564.66, 0.0 ], [ 282185.17, 4155564.26, 0.0 ], [ 282185.17, 4155564.26, 0.0 ], [ 282189.8, 4155577.96, 0.0 ], [ 282183.55, 4155563.61, 0.0 ], [ 282183.55, 4155563.61, 0.0 ], [ 282189.44, 4155566.77, 0.0 ], [ 282189.44, 4155566.77, 0.0 ], [ 282182.94, 4155563.37, 0.0 ], [ 282189.69, 4155566.09, 0.0 ], [ 282189.69, 4155566.09, 0.0 ], [ 282188.11, 4155571.09, 1.86 ], [ 282187.32, 4155570.73, 1.85 ] ], "f": [ [ [ 26, 6, 7, 25, 3 ] ], [ [ 34, 26, 2, 5, 42, 10, 12 ] ], [ [ 14, 43, 42, 5, 4, 25, 18, 17 ] ], [ [ 27, 35, 22, 19, 20 ] ], [ [ 33, 40, 37, 10, 42, 43, 30, 29 ] ], [ [ 31, 23, 36, 39, 0, 1, 13, 8, 9, 11, 38, 41, 32 ] ], [ [ 24, 28, 30, 43, 14, 15, 16, 21 ] ], [ [ 2, 3, 4, 5 ] ], [ [ 10, 11, 9, 12 ] ], [ [ 21, 19, 22, 23, 24 ] ], [ [ 7, 18, 25 ] ], [ [ 4, 3, 25 ] ], [ [ 3, 2, 26 ] ], [ [ 28, 29, 30 ] ], [ [ 29, 28, 31, 32, 33 ] ], [ [ 23, 22, 35, 36 ] ], [ [ 37, 38, 11, 10 ] ], [ [ 36, 35, 27, 39 ] ], [ [ 40, 41, 38, 37 ] ], [ [ 33, 32, 41, 40 ] ], [ [ 24, 23, 31, 28 ] ] ] }, "roof_props": null, "wall_color": "concrete", "type": "yes", "landmark": null, "footprint_source": "osm", "source_updated": null, "is_part": false, "parent": null, "hidden": false, "addr": "2815 New Kent Avenue", "wikidata": null, "website": null, "zoning": "R-5", "lidar_p90": 9.29, "ground_z": 43.35 }, "geometry": { "type": "Polygon", "coordinates": [ [ [ 282186.54, 4155573.63 ], [ 282185.5, 4155575.94 ], [ 282189.8, 4155577.96 ], [ 282194.76, 4155567.05 ], [ 282193.18, 4155566.33 ], [ 282193.99, 4155564.54 ], [ 282184.39, 4155560.18 ], [ 282182.57, 4155564.18 ], [ 282184.09, 4155564.88 ], [ 282181.21, 4155571.2 ], [ 282186.54, 4155573.63 ] ] ] } },
{ "type": "Feature", "properties": { "id": "osm:way/745223932", "name": null, "height": 2.64, "min_height": 0.0, "levels": null, "height_source": "lidar", "roof_shape": "flat", "roof_height": 0.0, "roof_azimuth": null, "roof_source": "heuristic", "roof_color": "roof_dark", "roof_color_source": "heuristic", "lod2_roof": null, "roof_props": null, "wall_color": "sand", "type": "yes", "landmark": null, "footprint_source": "osm", "source_updated": null, "is_part": false, "parent": null, "hidden": false, "addr": null, "wikidata": null, "website": null, "zoning": "R-5", "lidar_p90": 3.05, "ground_z": 43.49 }, "geometry": { "type": "Polygon", "coordinates": [ [ [ 282206.13, 4155581.28 ], [ 282208.06, 4155577.24 ], [ 282202.32, 4155574.51 ], [ 282200.41, 4155578.55 ], [ 282206.13, 4155581.28 ] ] ] } },
{ "type": "Feature", "properties": { "id": "richmond_structure:399142", "name": null, "height": 3.35, "min_height": 0.0, "levels": null, "height_source": "lidar", "roof_shape": "flat", "roof_height": 1.39, "roof_azimuth": null, "roof_source": "lod2", "roof_color": "roof_flat", "roof_color_source": "heuristic", "lod2_roof": { "v": [ [ 282156.1, 4155585.24, 1.39 ], [ 282157.26, 4155582.02, 0.0 ], [ 282160.69, 4155583.26, 0.0 ], [ 282160.07, 4155584.4, 0.0 ], [ 282161.56, 4155584.89, 0.0 ], [ 282160.81, 4155586.94, 1.22 ] ], "f": [ [ [ 5, 0, 1, 2, 3, 4 ] ] ] }, "roof_props": null, "wall_color": "terracotta", "type": "yes", "landmark": null, "footprint_source": "richmond_structures", "source_updated": "2026-09-08T12:07:13.637000Z", "is_part": false, "parent": null, "hidden": false, "addr": null, "wikidata": null, "website": null, "zoning": "R-5", "lidar_p90": 3.49, "ground_z": 41.07 }, "geometry": { "type": "Polygon", "coordinates": [ [ [ 282157.26, 4155582.02 ], [ 282156.1, 4155585.24 ], [ 282160.81, 4155586.94 ], [ 282161.98, 4155583.72 ], [ 282157.26, 4155582.02 ] ] ] } },
{ "type": "Feature", "properties": { "id": "osm:way/745223937", "name": null, "height": 3.4, "min_height": 0.0, "levels": null, "height_source": "lidar", "roof_shape": "flat", "roof_height": 0.0, "roof_azimuth": null, "roof_source": "heuristic", "roof_color": "roof_flat", "roof_color_source": "heuristic", "lod2_roof": null, "roof_props": null, "wall_color": "concrete", "type": "yes", "landmark": null, "footprint_source": "osm", "source_updated": null, "is_part": false, "parent": null, "hidden": false, "addr": null, "wikidata": null, "website": null, "zoning": "R-5", "lidar_p90": 3.56, "ground_z": 43.52 }, "geometry": { "type": "Polygon", "coordinates": [ [ [ 282220.24, 4155587.29 ], [ 282226.9, 4155590.28 ], [ 282228.25, 4155587.28 ], [ 282221.59, 4155584.29 ], [ 282220.24, 4155587.29 ] ] ] } },
{ "type": "Feature", "properties": { "id": "osm:way/745224435", "name": null, "height": 2.83, "min_height": 0.0, "levels": null, "height_source": "lidar", "roof_shape": "flat", "roof_height": 0.99, "roof_azimuth": null, "roof_source": "lod2", "roof_color": "roof_flat", "roof_color_source": "ortho", "lod2_roof": { "v": [ [ 282174.86, 4155591.07, 0.89 ], [ 282176.24, 4155588.42, 0.0 ], [ 282181.17, 4155592.01, 0.37 ], [ 282180.22, 4155593.85, 0.99 ] ], "f": [ [ [ 3, 0, 1, 2 ] ] ] }, "roof_props": null, "wall_color": "sand", "type": "yes", "landmark": null, "footprint_source": "osm", "source_updated": null, "is_part": false, "parent": null, "hidden": false, "addr": null, "wikidata": null, "website": null, "zoning": "R-5", "lidar_p90": 3.27, "ground_z": 41.57 }, "geometry": { "type": "Polygon", "coordinates": [ [ [ 282176.78, 4155587.39 ], [ 282174.86, 4155591.07 ], [ 282180.22, 4155593.85 ], [ 282182.13, 4155590.17 ], [ 282176.78, 4155587.39 ] ] ] } },
{ "type": "Feature", "properties": { "id": "richmond_structure:386548", "name": null, "height": 4.01, "min_height": 0.0, "levels": null, "height_source": "lidar", "roof_shape": "flat", "roof_height": 0.51, "roof_azimuth": null, "roof_source": "lod2", "roof_color": "roof_flat", "roof_color_source": "ortho", "lod2_roof": { "v": [ [ 282192.14, 4155596.2, 0.02 ], [ 282195.9, 4155587.59, 0.0 ], [ 282198.83, 4155588.87, 0.51 ], [ 282199.96, 4155589.36, 0.18 ], [ 282196.2, 4155597.98, 0.09 ], [ 282194.81, 4155597.37, 0.49 ] ], "f": [ [ [ 2, 3, 4, 5 ] ], [ [ 5, 0, 1, 2 ] ] ] }, "roof_props": null, "wall_color": "cream", "type": "yes", "landmark": null, "footprint_source": "richmond_structures", "source_updated": "2026-09-08T12:07:13.637000Z", "is_part": false, "parent": null, "hidden": false, "addr": null, "wikidata": null, "website": null, "zoning": "R-5", "lidar_p90": 4.15, "ground_z": 42.8 }, "geometry": { "type": "Polygon", "coordinates": [ [ [ 282192.14, 4155596.2 ], [ 282196.19, 4155597.98 ], [ 282200.16, 4155588.91 ], [ 282196.1, 4155587.14 ], [ 282192.14, 4155596.2 ] ] ] } },
{ "type": "Feature", "properties": { "id": "osm:way/745224282", "name": null, "height": 3.23, "min_height": 0.0, "levels": null, "height_source": "lidar", "roof_shape": "gable", "roof_height": 4.0, "roof_azimuth": 155.5, "roof_source": "lod2", "roof_color": "slate", "roof_color_source": "ortho", "lod2_roof": { "v": [ [ 282152.94, 4155596.9, 3.97 ], [ 282152.94, 4155596.9, 4.0 ], [ 282144.28, 4155592.99, 3.97 ], [ 282152.4, 4155598.09, 3.49 ], [ 282154.11, 4155594.77, 3.01 ], [ 282154.11, 4155594.77, 0.69 ], [ 282153.11, 4155596.97, 0.67 ], [ 282153.11, 4155596.97, 3.97 ], [ 282143.76, 4155594.14, 3.48 ], [ 282155.81, 4155598.21, 0.0 ], [ 282145.7, 4155589.88, 2.61 ], [ 282154.07, 4155593.63, 2.6 ], [ 282154.1, 4155594.67, 2.97 ], [ 282154.1, 4155594.67, 0.7 ], [ 282156.84, 4155595.97, 0.03 ] ], "f": [ [ [ 8, 2, 1, 3 ] ], [ [ 11, 12, 4, 7, 0, 2, 10 ] ], [ [ 14, 9, 6, 5, 13 ] ], [ [ 0, 1, 2 ] ], [ [ 4, 5, 6, 7 ] ], [ [ 12, 13, 5, 4 ] ] ] }, "roof_props": null, "wall_color": "brick", "type": "yes", "landmark": null, "footprint_source": "osm", "source_updated": null, "is_part": false, "parent": null, "hidden": false, "addr": "801 West 29th Street", "wikidata": null, "website": null, "zoning": "R-5", "lidar_p90": 7.01, "ground_z": 39.71 }, "geometry": { "type": "Polygon", "coordinates": [ [ [ 282157.69, 4155594.11 ], [ 282154.85, 4155592.82 ], [ 282155.37, 4155591.67 ], [ 282146.69, 4155587.71 ], [ 282143.76, 4155594.14 ], [ 282152.4, 4155598.09 ], [ 282152.94, 4155596.9 ], [ 282155.81, 4155598.21 ], [ 282157.69, 4155594.11 ] ] ] } },
{ "type": "Feature", "properties": { "id": "osm:way/745224530", "name": null, "height": 5.47, "min_height": 0.0, "levels": null, "height_source": "lidar", "roof_shape": "gable", "roof_height": 1.39, "roof_azimuth": 79.5, "roof_source": "lod2", "roof_color": "roof_flat", "roof_color_source": "ortho", "lod2_roof": { "v": [ [ 282139.2, 4155602.93, 0.72 ], [ 282139.97, 4155601.32, 1.37 ], [ 282147.69, 4155606.98, 0.68 ], [ 282148.53, 4155605.22, 1.39 ], [ 282148.53, 4155605.22, 1.39 ], [ 282144.17, 4155603.23, 1.38 ], [ 282139.97, 4155601.32, 1.37 ], [ 282141.41, 4155598.3, 0.0 ], [ 282149.97, 4155602.2, 0.02 ] ], "f": [ [ [ 1, 5, 3, 2, 0 ] ], [ [ 8, 4, 5, 6, 7 ] ], [ [ 4, 3, 5 ] ], [ [ 1, 6, 5 ] ] ] }, "roof_props": null, "wall_color": "sand", "type": "yes", "landmark": null, "footprint_source": "osm", "source_updated": null, "is_part": false, "parent": null, "hidden": false, "addr": "803 West 29th Street", "wikidata": null, "website": null, "zoning": "R-5", "lidar_p90": 7.0, "ground_z": 38.91 }, "geometry": { "type": "Polygon", "coordinates": [ [ [ 282142.24, 4155596.56 ], [ 282139.2, 4155602.93 ], [ 282147.69, 4155606.98 ], [ 282150.73, 4155600.61 ], [ 282142.24, 4155596.56 ] ] ] } },
{ "type": "Feature", "properties": { "id": "osm:way/745224075", "name": null, "height": 6.25, "min_height": 0.0, "levels": null, "height_source": "lidar", "roof_shape": "flat", "roof_height": 1.74, "roof_azimuth": null, "roof_source": "lod2", "roof_color": "roof_flat", "roof_color_source": "ortho", "lod2_roof": { "v": [ [ 282219.1, 4155608.61, 1.7 ], [ 282219.1, 4155608.61, 1.7 ], [ 282213.94, 4155606.48, 0.0 ], [ 282219.09, 4155605.26, 1.0 ], [ 282219.09, 4155605.26, 0.59 ], [ 282218.52, 4155605.85, 0.37 ], [ 282218.52, 4155605.85, 0.37 ], [ 282216.82, 4155604.22, 0.94 ], [ 282216.82, 4155604.22, 0.94 ], [ 282227.5, 4155599.72, 0.0 ], [ 282226.4, 4155602.04, 0.0 ], [ 282217.75, 4155598.07, 0.0 ], [ 282226.4, 4155602.04, 0.0 ], [ 282224.89, 4155605.23, 0.0 ], [ 282227.39, 4155599.66, 0.0 ], [ 282227.32, 4155599.8, 0.0 ], [ 282223.97, 4155607.16, 1.27 ], [ 282223.97, 4155607.16, 1.27 ], [ 282221.88, 4155606.1, 1.27 ], [ 282221.88, 4155606.1, 0.54 ], [ 282221.44, 4155606.78, 0.63 ], [ 282222.9, 4155600.44, 1.74 ], [ 282222.9, 4155600.44, 0.0 ], [ 282216.56, 4155605.51, 0.0 ], [ 282216.56, 4155605.51, 0.0 ], [ 282217.57, 4155606.18, 0.0 ], [ 282216.82, 4155604.22, 0.0 ], [ 282222.6, 4155610.05, 0.0 ], [ 282224.89, 4155605.23, 0.0 ], [ 282223.86, 4155604.68, 0.0 ], [ 282221.26, 4155599.68, 0.31 ], [ 282221.26, 4155599.68, 0.0 ], [ 282222.07, 4155597.67, 0.0 ], [ 282222.86, 4155609.5, 0.0 ], [ 282222.86, 4155609.5, 0.0 ], [ 282222.3, 4155609.35, 0.0 ], [ 282222.47, 4155605.18, 0.43 ], [ 282216.37, 4155604.01, 0.92 ], [ 282216.37, 4155604.01, 0.0 ], [ 282216.63, 4155603.5, 0.0 ], [ 282216.63, 4155603.5, 0.49 ], [ 282217.18, 4155603.22, 0.14 ], [ 282217.18, 4155603.22, 0.0 ], [ 282218.52, 4155602.55, 0.0 ], [ 282217.03, 4155603.2, 0.16 ], [ 282217.03, 4155603.2, 0.0 ], [ 282217.01, 4155603.31, 0.0 ], [ 282217.01, 4155603.31, 0.24 ], [ 282219.39, 4155604.95, 0.7 ] ], "f": [ [ [ 32, 15, 14, 9, 10, 22, 31 ] ], [ [ 35, 20, 18, 17, 34 ] ], [ [ 6, 25, 24, 7, 3 ] ], [ [ 36, 29, 28, 16, 18 ] ], [ [ 21, 0, 2, 11, 30 ], [ 5, 4, 48, 43, 42, 45, 46, 39, 38, 26, 23, 25 ] ], [ [ 47, 44, 41, 43, 48, 3, 8, 37, 40 ] ], [ [ 1, 21, 12, 13, 29, 36, 19, 20, 35, 33, 27 ] ], [ [ 3, 4, 5, 6 ] ], [ [ 7, 8, 3 ] ], [ [ 16, 17, 18 ] ], [ [ 19, 18, 20 ] ], [ [ 21, 22, 10, 12 ] ], [ [ 23, 24, 25 ] ], [ [ 24, 23, 26, 8, 7 ] ], [ [ 13, 28, 29 ] ], [ [ 30, 31, 22, 21 ] ], [ [ 34, 33, 35 ] ], [ [ 18, 19, 36 ] ], [ [ 6, 5, 25 ] ], [ [ 37, 38, 39, 40 ] ], [ [ 41, 42, 43 ] ], [ [ 44, 45, 42, 41 ] ], [ [ 40, 39, 46, 47 ] ], [ [ 4, 3, 48 ] ], [ [ 8, 26, 38, 37 ] ], [ [ 47, 46, 45, 44 ] ], [ [ 1, 0, 21 ] ] ] }, "roof_props": null, "wall_color": "concrete", "type": "yes", "landmark": null, "footprint_source": "osm", "source_updated": null, "is_part": false, "parent": null, "hidden": false, "addr": "802 W 28th St", "wikidata": null, "website": null, "zoning": "R-5", "lidar_p90": 7.41, "ground_z": 43.54 }, "geometry": { "type": "Polygon", "coordinates": [ [ [ 282213.94, 4155606.48 ], [ 282222.6, 4155610.05 ], [ 282227.5, 4155599.72 ], [ 282226.93, 4155599.41 ], [ 282227.87, 4155597.3 ], [ 282222.22, 4155594.67 ], [ 282221.39, 4155596.42 ], [ 282219.0, 4155595.31 ], [ 282213.94, 4155606.48 ] ] ] } },
{ "type": "Feature", "properties": { "id": "osm:way/745223864", "name": null, "height": 4.39, "min_height": 0.0, "levels": null, "height_source": "lidar", "roof_shape": "flat", "roof_height": 0.73, "roof_azimuth": null, "roof_source": "lod2", "roof_color": "concrete", "roof_color_source": "ortho", "lod2_roof": { "v": [ [ 282196.52, 4155609.26, 0.0 ], [ 282194.78, 4155612.9, 0.0 ], [ 282192.43, 4155611.77, 0.72 ], [ 282189.8, 4155610.51, 0.0 ], [ 282194.19, 4155608.1, 0.73 ], [ 282194.22, 4155608.04, 0.73 ], [ 282191.58, 4155606.8, 0.0 ], [ 282196.33, 4155609.16, 0.0 ], [ 282196.37, 4155609.09, 0.0 ] ], "f": [ [ [ 4, 2, 3, 6 ] ], [ [ 2, 4, 5, 8, 7, 0, 1 ] ] ] }, "roof_props": null, "wall_color": "terracotta", "type": "yes", "landmark": null, "footprint_source": "osm", "source_updated": null, "is_part": false, "parent": null, "hidden": false, "addr": null, "wikidata": null, "website": null, "zoning": "R-5", "lidar_p90": 4.6, "ground_z": 42.28 }, "geometry": { "type": "Polygon", "coordinates": [ [ [ 282192.43, 4155605.02 ], [ 282189.8, 4155610.51 ], [ 282194.78, 4155612.9 ], [ 282197.41, 4155607.4 ], [ 282192.43, 4155605.02 ] ] ] } },
{ "type": "Feature", "properties": { "id": "osm:way/745223647", "name": null, "height": 3.08, "min_height": 0.0, "levels": null, "height_source": "lidar", "roof_shape": "flat", "roof_height": 0.0, "roof_azimuth": null, "roof_source": "heuristic", "roof_color": "concrete", "roof_color_source": "heuristic", "lod2_roof": null, "roof_props": null, "wall_color": "cream", "type": "yes", "landmark": null, "footprint_source": "osm", "source_updated": null, "is_part": false, "parent": null, "hidden": false, "addr": null, "wikidata": null, "website": null, "zoning": "R-5", "lidar_p90": 4.01, "ground_z": 38.27 }, "geometry": { "type": "Polygon", "coordinates": [ [ [ 282149.05, 4155611.57 ], [ 282146.87, 4155616.54 ], [ 282151.3, 4155618.49 ], [ 282153.48, 4155613.52 ], [ 282149.05, 4155611.57 ] ] ] } },
{ "type": "Feature", "properties": { "id": "osm:way/745224652", "name": null, "height": 4.17, "min_height": 0.0, "levels": null, "height_source": "lidar", "roof_shape": "flat", "roof_height": 0.0, "roof_azimuth": null, "roof_source": "heuristic", "roof_color": "roof_flat", "roof_color_source": "heuristic", "lod2_roof": null, "roof_props": null, "wall_color": "brick", "type": "yes", "landmark": null, "footprint_source": "osm", "source_updated": null, "is_part": false, "parent": null, "hidden": false, "addr": null, "wikidata": null, "website": null, "zoning": "R-5", "lidar_p90": 6.91, "ground_z": 44.17 }, "geometry": { "type": "Polygon", "coordinates": [ [ [ 282071.1, 4155500.78 ], [ 282064.9, 4155498.23 ], [ 282060.0, 4155508.2 ], [ 282061.23, 4155508.71 ], [ 282064.95, 4155500.14 ], [ 282068.13, 4155501.52 ], [ 282068.49, 4155500.68 ], [ 282070.8, 4155501.67 ], [ 282071.1, 4155500.78 ] ] ] } },
{ "type": "Feature", "properties": { "id": "osm:way/745224443", "name": null, "height": 7.7, "min_height": 0.0, "levels": null, "height_source": "lidar", "roof_shape": "hip", "roof_height": 1.69, "roof_azimuth": 156.6, "roof_source": "lidar", "roof_color": "concrete", "roof_color_source": "ortho", "lod2_roof": null, "roof_props": null, "wall_color": "cream", "type": "yes", "landmark": null, "footprint_source": "osm", "source_updated": null, "is_part": false, "parent": null, "hidden": false, "addr": "801 West 30th Street", "wikidata": null, "website": null, "zoning": "R-5", "lidar_p90": 9.67, "ground_z": 43.35 }, "geometry": { "type": "Polygon", "coordinates": [ [ [ 282074.67, 4155504.57 ], [ 282075.12, 4155503.55 ], [ 282068.49, 4155500.68 ], [ 282068.13, 4155501.52 ], [ 282064.95, 4155500.14 ], [ 282060.88, 4155509.52 ], [ 282070.79, 4155513.8 ], [ 282071.05, 4155513.19 ], [ 282072.73, 4155513.93 ], [ 282076.44, 4155505.34 ], [ 282074.67, 4155504.57 ] ] ] } },
{ "type": "Feature", "properties": { "id": "osm:way/745224604", "name": null, "height": 8.72, "min_height": 0.0, "levels": null, "height_source": "lidar", "roof_shape": "flat", "roof_height": 2.35, "roof_azimuth": null, "roof_source": "lod2", "roof_color": "roof_flat", "roof_color_source": "ortho", "lod2_roof": { "v": [ [ 282064.6, 4155518.92, 1.15 ], [ 282064.6, 4155518.92, 0.42 ], [ 282063.75, 4155518.7, 0.42 ], [ 282063.75, 4155518.7, 0.6 ], [ 282062.79, 4155522.67, 1.16 ], [ 282062.79, 4155522.67, 2.35 ], [ 282063.91, 4155520.35, 1.16 ], [ 282055.68, 4155522.63, 0.0 ], [ 282055.68, 4155522.63, 0.0 ], [ 282057.09, 4155518.84, 0.0 ], [ 282057.09, 4155518.84, 1.25 ], [ 282053.34, 4155520.74, 0.0 ], [ 282056.14, 4155514.66, 0.0 ], [ 282068.54, 4155518.28, 0.0 ], [ 282069.72, 4155518.82, 0.0 ], [ 282067.47, 4155523.7, 0.0 ], [ 282054.96, 4155522.3, 0.0 ], [ 282055.27, 4155521.63, 0.0 ], [ 282059.15, 4155517.88, 0.57 ], [ 282059.15, 4155517.88, 0.23 ], [ 282058.67, 4155515.68, 0.0 ], [ 282058.57, 4155515.23, 0.0 ], [ 282058.57, 4155515.23, 0.0 ], [ 282063.46, 4155515.27, 0.0 ], [ 282063.83, 4155514.47, 0.0 ], [ 282064.18, 4155514.64, 0.0 ], [ 282059.14, 4155513.29, 0.0 ], [ 282065.97, 4155523.02, 0.0 ], [ 282064.32, 4155526.61, 0.0 ], [ 282068.62, 4155518.11, 0.0 ], [ 282066.11, 4155517.02, 0.94 ], [ 282063.98, 4155516.51, 0.0 ], [ 282063.98, 4155516.51, 0.12 ], [ 282065.58, 4155516.89, 1.15 ], [ 282065.58, 4155516.89, 1.15 ], [ 282058.52, 4155514.98, 0.0 ], [ 282060.55, 4155524.87, 1.09 ], [ 282060.55, 4155524.87, 1.59 ], [ 282057.32, 4155518.2, 0.0 ], [ 282057.32, 4155518.2, 0.0 ], [ 282057.32, 4155518.2, 0.93 ], [ 282061.8, 4155522.0, 2.16 ], [ 282061.8, 4155522.0, 2.16 ], [ 282061.8, 4155522.0, 1.63 ], [ 282057.36, 4155518.1, 0.0 ], [ 282057.36, 4155518.1, 0.0 ], [ 282057.21, 4155517.63, 0.0 ], [ 282057.21, 4155517.63, 0.0 ], [ 282057.68, 4155517.23, 0.0 ], [ 282057.68, 4155517.23, 0.0 ], [ 282058.43, 4155515.23, 0.0 ], [ 282058.43, 4155515.23, 0.0 ], [ 282061.16, 4155523.47, 1.61 ] ], "f": [ [ [ 32, 34, 0, 3 ] ], [ [ 45, 46, 49, 51, 21, 20, 19, 39 ] ], [ [ 37, 52, 43, 4, 6, 0, 33, 30, 29, 13, 14, 15, 27, 28 ] ], [ [ 42, 52, 36, 7, 10 ] ], [ [ 47, 44, 38, 9, 8, 16, 17, 11, 12, 50, 48 ] ], [ [ 22, 35, 26, 23, 24, 25, 31, 2, 1, 6, 5, 41, 10, 40, 18, 20 ] ], [ [ 0, 1, 2, 3 ] ], [ [ 4, 5, 6 ] ], [ [ 1, 0, 6 ] ], [ [ 7, 8, 9, 10 ] ], [ [ 18, 19, 20 ] ], [ [ 21, 22, 20 ] ], [ [ 3, 2, 31, 32 ] ], [ [ 34, 33, 0 ] ], [ [ 10, 9, 38, 39, 40 ] ], [ [ 40, 39, 19, 18 ] ], [ [ 41, 42, 10 ] ], [ [ 5, 4, 43, 41 ] ], [ [ 39, 38, 44, 45 ] ], [ [ 46, 47, 48, 49 ] ], [ [ 49, 48, 50, 51 ] ], [ [ 37, 36, 52 ] ], [ [ 42, 41, 43, 52 ] ], [ [ 45, 44, 47, 46 ] ] ] }, "roof_props": null, "wall_color": "concrete", "type": "yes", "landmark": null, "footprint_source": "osm", "source_updated": null, "is_part": false, "parent": null, "hidden": false, "addr": "803 West 30th Street", "wikidata": null, "website": null, "zoning": "R-5", "lidar_p90": 9.79, "ground_z": 43.68 }, "geometry": { "type": "Polygon", "coordinates": [ [ [ 282067.47, 4155523.7 ], [ 282069.72, 4155518.82 ], [ 282068.54, 4155518.28 ], [ 282069.16, 4155516.92 ], [ 282063.83, 4155514.47 ], [ 282063.46, 4155515.27 ], [ 282057.18, 4155512.39 ], [ 282053.34, 4155520.74 ], [ 282055.27, 4155521.63 ], [ 282054.96, 4155522.3 ], [ 282064.32, 4155526.61 ], [ 282065.97, 4155523.02 ], [ 282067.47, 4155523.7 ] ] ] } },
{ "type": "Feature", "properties": { "id": "osm:way/745223632", "name": null, "height": 2.5, "min_height": 0.0, "levels": null, "height_source": "lidar", "roof_shape": "flat", "roof_height": 0.0, "roof_azimuth": null, "roof_source": "heuristic", "roof_color": "concrete", "roof_color_source": "heuristic", "lod2_roof": null, "roof_props": null, "wall_color": "terracotta", "type": "yes", "landmark": null, "footprint_source": "osm", "source_updated": null, "is_part": false, "parent": null, "hidden": false, "addr": null, "wikidata": null, "website": null, "zoning": "R-5", "lidar_p90": 2.64, "ground_z": 42.26 }, "geometry": { "type": "Polygon", "coordinates": [ [ [ 282102.73, 4155525.93 ], [ 282101.44, 4155528.84 ], [ 282106.86, 4155531.23 ], [ 282108.15, 4155528.32 ], [ 282102.73, 4155525.93 ] ] ] } },
{ "type": "Feature", "properties": { "id": "osm:way/745224624", "name": null, "height": 6.97, "min_height": 0.0, "levels": null, "height_source": "lidar", "roof_shape": "flat", "roof_height": 2.0, "roof_azimuth": null, "roof_source": "lod2", "roof_color": "roof_flat", "roof_color_source": "ortho", "lod2_roof": { "v": [ [ 282129.34, 4155535.88, 2.0 ], [ 282129.34, 4155535.88, 2.0 ], [ 282127.38, 4155540.09, 1.9 ], [ 282129.01, 4155535.74, 1.79 ], [ 282129.01, 4155535.74, 0.0 ], [ 282129.34, 4155535.88, 0.0 ], [ 282124.01, 4155538.38, 0.0 ], [ 282131.42, 4155542.14, 0.0 ], [ 282133.32, 4155538.27, 0.0 ], [ 282126.01, 4155534.46, 0.0 ], [ 282126.01, 4155534.46, 0.0 ], [ 282129.01, 4155535.74, 0.0 ], [ 282129.41, 4155535.74, 0.0 ], [ 282129.41, 4155535.74, 2.0 ], [ 282129.41, 4155535.74, 0.0 ], [ 282130.17, 4155536.22, 0.0 ], [ 282130.17, 4155536.22, 1.49 ], [ 282132.22, 4155537.55, 0.09 ], [ 282132.34, 4155537.15, 0.14 ], [ 282132.34, 4155537.15, 0.0 ], [ 282127.03, 4155532.44, 0.0 ], [ 282133.05, 4155534.86, 0.0 ], [ 282129.07, 4155535.52, 0.0 ], [ 282129.07, 4155535.52, 0.0 ] ], "f": [ [ [ 6, 9, 3, 0, 2 ] ], [ [ 23, 12, 5, 4 ] ], [ [ 16, 18, 17, 8, 7, 2, 1, 13 ] ], [ [ 21, 19, 15, 14, 22, 11, 10, 20 ] ], [ [ 0, 1, 2 ] ], [ [ 3, 4, 5, 1, 0 ] ], [ [ 9, 10, 11, 4, 3 ] ], [ [ 1, 5, 12, 13 ] ], [ [ 13, 12, 14, 15, 16 ] ], [ [ 4, 11, 22, 23 ] ], [ [ 23, 22, 14, 12 ] ], [ [ 16, 15, 19, 18 ] ] ] }, "roof_props": null, "wall_color": "concrete", "type": "yes", "landmark": null, "footprint_source": "osm", "source_updated": null, "is_part": false, "parent": null, "hidden": false, "addr": "800 West 29th Street", "wikidata": null, "website": null, "zoning": "R-5", "lidar_p90": 8.57, "ground_z": 42.53 }, "geometry": { "type": "Polygon", "coordinates": [ [ [ 282124.01, 4155538.38 ], [ 282132.16, 4155542.52 ], [ 282136.18, 4155534.6 ], [ 282134.1, 4155533.54 ], [ 282134.55, 4155532.67 ], [ 282128.48, 4155529.59 ], [ 282124.01, 4155538.38 ] ] ] } },
{ "type": "Feature", "properties": { "id": "osm:way/745224073", "name": null, "height": 3.87, "min_height": 0.0, "levels": null, "height_source": "lidar", "roof_shape": "flat", "roof_height": 0.84, "roof_azimuth": null, "roof_source": "lod2", "roof_color": "roof_dark", "roof_color_source": "heuristic", "lod2_roof": { "v": [ [ 282072.5, 4155545.55, 0.0 ], [ 282075.55, 4155538.7, 0.0 ], [ 282076.24, 4155547.25, 0.83 ], [ 282079.68, 4155548.8, 0.0 ], [ 282082.8, 4155541.9, 0.0 ], [ 282079.46, 4155540.43, 0.84 ] ], "f": [ [ [ 5, 4, 3, 2 ] ], [ [ 1, 5, 2, 0 ] ] ] }, "roof_props": null, "wall_color": "cream", "type": "yes", "landmark": null, "footprint_source": "osm", "source_updated": null, "is_part": false, "parent": null, "hidden": false, "addr": null, "wikidata": null, "website": null, "zoning": "R-5", "lidar_p90": 4.3, "ground_z": 42.58 }, "geometry": { "type": "Polygon", "coordinates": [ [ [ 282075.93, 4155536.85 ], [ 282072.08, 4155545.36 ], [ 282079.67, 4155548.8 ], [ 282083.53, 4155540.28 ], [ 282075.93, 4155536.85 ] ] ] } },
{ "type": "Feature", "properties": { "id": "osm:way/745224651", "name": null, "height": 2.5, "min_height": 0.0, "levels": null, "height_source": "lidar", "roof_shape": "flat", "roof_height": 0.0, "roof_azimuth": null, "roof_source": "heuristic", "roof_color": "roof_dark", "roof_color_source": "heuristic", "lod2_roof": null, "roof_props": null, "wall_color": "cream", "type": "yes", "landmark": null, "footprint_source": "osm", "source_updated": null, "is_part": false, "parent": null, "hidden": false, "addr": null, "wikidata": null, "website": null, "zoning": "R-5", "lidar_p90": 3.46, "ground_z": 41.98 }, "geometry": { "type": "Polygon", "coordinates": [ [ [ 282120.0, 4155545.14 ], [ 282126.35, 4155548.26 ], [ 282127.11, 4155547.14 ], [ 282124.97, 4155545.31 ], [ 282118.13, 4155543.99 ], [ 282117.69, 4155545.42 ], [ 282119.44, 4155546.26 ], [ 282120.0, 4155545.14 ] ] ] } },
{ "type": "Feature", "properties": { "id": "osm:way/745224455", "name": null, "height": 7.87, "min_height": 0.0, "levels": null, "height_source": "lidar", "roof_shape": "flat", "roof_height": 1.23, "roof_azimuth": null, "roof_source": "lod2", "roof_color": "roof_flat", "roof_color_source": "heuristic", "lod2_roof": { "v": [ [ 282123.19, 4155549.05, 1.22 ], [ 282123.19, 4155549.05, 0.0 ], [ 282126.82, 4155550.79, 0.0 ], [ 282126.82, 4155550.79, 0.0 ], [ 282127.73, 4155548.93, 0.0 ], [ 282116.52, 4155552.19, 0.0 ], [ 282119.05, 4155547.06, 0.0 ], [ 282120.33, 4155547.67, 0.0 ], [ 282120.33, 4155547.67, 0.0 ], [ 282121.21, 4155545.73, 0.0 ], [ 282120.75, 4155554.27, 1.15 ], [ 282120.75, 4155554.27, 1.15 ], [ 282121.63, 4155548.3, 0.0 ], [ 282121.63, 4155548.3, 0.23 ], [ 282123.35, 4155548.71, 1.23 ], [ 282123.35, 4155548.71, 0.0 ], [ 282124.26, 4155556.0, 0.0 ] ], "f": [ [ [ 13, 14, 0, 10, 5, 6, 8 ] ], [ [ 15, 12, 7, 9, 4, 2, 1 ] ], [ [ 16, 11, 0, 3 ] ], [ [ 0, 1, 2, 3 ] ], [ [ 8, 7, 12, 13 ] ], [ [ 11, 10, 0 ] ], [ [ 14, 15, 1, 0 ] ], [ [ 13, 12, 15, 14 ] ] ] }, "roof_props": null, "wall_color": "cream", "type": "yes", "landmark": null, "footprint_source": "osm", "source_updated": null, "is_part": false, "parent": null, "hidden": false, "addr": "802 West 29th Street", "wikidata": null, "website": null, "zoning": "R-5", "lidar_p90": 8.67, "ground_z": 41.89 }, "geometry": { "type": "Polygon", "coordinates": [ [ [ 282120.0, 4155545.14 ], [ 282116.52, 4155552.19 ], [ 282124.26, 4155556.0 ], [ 282127.73, 4155548.93 ], [ 282120.0, 4155545.14 ] ] ] } },
{ "type": "Feature", "properties": { "id": "richmond_structure:397544", "name": null, "height": 4.43, "min_height": 0.0, "levels": null, "height_source": "lidar", "roof_shape": "skillion", "roof_height": 1.4, "roof_azimuth": 65.3, "roof_source": "lod2", "roof_color": "roof_green", "roof_color_source": "heuristic", "lod2_roof": { "v": [ [ 282102.3, 4155556.07, 0.1 ], [ 282100.67, 4155559.91, 1.4 ], [ 282093.4, 4155551.62, 0.0 ], [ 282091.52, 4155555.71, 1.4 ] ], "f": [ [ [ 1, 3, 2, 0 ] ] ] }, "roof_props": null, "wall_color": "concrete", "type": "yes", "landmark": null, "footprint_source": "richmond_structures", "source_updated": "2026-09-08T12:07:13.637000Z", "is_part": false, "parent": null, "hidden": false, "addr": null, "wikidata": null, "website": null, "zoning": "R-5", "lidar_p90": 5.46, "ground_z": 41.67 }, "geometry": { "type": "Polygon", "coordinates": [ [ [ 282094.0, 4155550.31 ], [ 282091.52, 4155555.71 ], [ 282101.44, 4155560.26 ], [ 282103.92, 4155554.86 ], [ 282094.0, 4155550.31 ] ] ] } },
{ "type": "Feature", "properties": { "id": "osm:way/745223356", "name": null, "height": 3.84, "min_height": 0.0, "levels": null, "height_source": "lidar", "roof_shape": "hip", "roof_height": 1.69, "roof_azimuth": 155.9, "roof_source": "lidar", "roof_color": "roof_flat", "roof_color_source": "ortho", "lod2_roof": null, "roof_props": null, "wall_color": "sand", "type": "yes", "landmark": null, "footprint_source": "osm", "source_updated": null, "is_part": false, "parent": null, "hidden": false, "addr": "804 West 30th Street", "wikidata": null, "website": null, "zoning": "R-5", "lidar_p90": 6.43, "ground_z": 46.75 }, "geometry": { "type": "Polygon", "coordinates": [ [ [ 282001.27, 4155503.4 ], [ 282000.34, 4155505.22 ], [ 282005.72, 4155507.71 ], [ 282006.6, 4155505.85 ], [ 282007.48, 4155506.26 ], [ 282007.27, 4155506.75 ], [ 282018.67, 4155511.84 ], [ 282022.27, 4155503.78 ], [ 282011.26, 4155498.86 ], [ 282010.89, 4155499.68 ], [ 282000.81, 4155496.02 ], [ 281998.0, 4155501.81 ], [ 282001.27, 4155503.4 ] ] ] } },
{ "type": "Feature", "properties": { "id": "osm:way/745224211", "name": null, "height": 7.5, "min_height": 0.0, "levels": null, "height_source": "zoning", "roof_shape": "flat", "roof_height": 0.0, "roof_azimuth": null, "roof_source": "heuristic", "roof_color": "roof_dark", "roof_color_source": "heuristic", "lod2_roof": null, "roof_props": null, "wall_color": "sand", "type": "yes", "landmark": null, "footprint_source": "osm", "source_updated": null, "is_part": false, "parent": null, "hidden": false, "addr": null, "wikidata": null, "website": null, "zoning": "R-5", "lidar_p90": 3.72, "ground_z": 44.19 }, "geometry": { "type": "Polygon", "coordinates": [ [ [ 282055.87, 4155511.78 ], [ 282052.04, 4155520.15 ], [ 282053.34, 4155520.74 ], [ 282057.18, 4155512.39 ], [ 282055.87, 4155511.78 ] ] ] } },
{ "type": "Feature", "properties": { "id": "osm:way/745223360", "name": null, "height": 8.06, "min_height": 0.0, "levels": null, "height_source": "lidar", "roof_shape": "flat", "roof_height": 0.0, "roof_azimuth": null, "roof_source": "heuristic", "roof_color": "roof_flat", "roof_color_source": "ortho", "lod2_roof": null, "roof_props": null, "wall_color": "sand", "type": "yes", "landmark": null, "footprint_source": "osm", "source_updated": null, "is_part": false, "parent": null, "hidden": false, "addr": "808 West 30th Street", "wikidata": null, "website": null, "zoning": "R-5", "lidar_p90": 9.68, "ground_z": 46.51 }, "geometry": { "type": "Polygon", "coordinates": [ [ [ 282014.21, 4155521.8 ], [ 282002.36, 4155516.0 ], [ 282001.39, 4155518.14 ], [ 281996.26, 4155515.83 ], [ 281993.41, 4155522.16 ], [ 282010.73, 4155529.52 ], [ 282014.21, 4155521.8 ] ] ] } },
{ "type": "Feature", "properties": { "id": "osm:way/745224528", "name": null, "height": 6.54, "min_height": 0.0, "levels": null, "height_source": "lidar", "roof_shape": "flat", "roof_height": 0.0, "roof_azimuth": null, "roof_source": "heuristic", "roof_color": "roof_flat", "roof_color_source": "ortho", "lod2_roof": null, "roof_props": null, "wall_color": "terracotta", "type": "yes", "landmark": null, "footprint_source": "osm", "source_updated": null, "is_part": false, "parent": null, "hidden": false, "addr": "809 West 30th Street", "wikidata": null, "website": null, "zoning": "R-5", "lidar_p90": 7.56, "ground_z": 44.93 }, "geometry": { "type": "Polygon", "coordinates": [ [ [ 282058.04, 4155545.42 ], [ 282055.98, 4155544.52 ], [ 282057.49, 4155541.11 ], [ 282054.47, 4155539.78 ], [ 282055.54, 4155537.35 ], [ 282050.35, 4155535.07 ], [ 282049.45, 4155537.1 ], [ 282047.99, 4155536.46 ], [ 282046.13, 4155540.71 ], [ 282044.81, 4155540.13 ], [ 282043.47, 4155543.18 ], [ 282044.68, 4155543.71 ], [ 282042.71, 4155548.22 ], [ 282052.04, 4155552.33 ], [ 282052.97, 4155550.19 ], [ 282055.46, 4155551.28 ], [ 282058.04, 4155545.42 ] ] ] } },
{ "type": "Feature", "properties": { "id": "osm:way/745224382", "name": null, "height": 5.26, "min_height": 0.0, "levels": null, "height_source": "lidar", "roof_shape": "flat", "roof_height": 2.28, "roof_azimuth": null, "roof_source": "lod2", "roof_color": "roof_flat", "roof_color_source": "ortho", "lod2_roof": { "v": [ [ 282045.4, 4155568.95, 0.0 ], [ 282046.37, 4155566.77, 0.52 ], [ 282048.61, 4155570.36, 0.0 ], [ 282049.45, 4155568.47, 0.31 ], [ 282040.82, 4155564.31, 0.62 ], [ 282040.82, 4155564.31, 0.62 ], [ 282039.33, 4155563.66, 2.28 ], [ 282036.71, 4155562.5, 0.0 ], [ 282040.88, 4155555.18, 0.0 ], [ 282041.24, 4155554.37, 0.0 ], [ 282043.09, 4155555.52, 1.44 ], [ 282053.4, 4155567.54, 1.51 ], [ 282052.41, 4155569.78, 0.25 ], [ 282042.06, 4155557.76, 2.25 ], [ 282042.06, 4155557.76, 2.27 ], [ 282044.49, 4155558.59, 0.0 ], [ 282044.49, 4155558.59, 0.0 ], [ 282040.71, 4155561.66, 1.86 ], [ 282040.71, 4155561.66, 1.86 ], [ 282055.14, 4155563.61, 0.0 ], [ 282042.06, 4155557.76, 1.45 ], [ 282042.06, 4155557.76, 1.47 ], [ 282043.08, 4155555.54, 1.44 ], [ 282043.09, 4155555.52, 1.44 ], [ 282043.25, 4155555.63, 1.25 ], [ 282040.8, 4155555.15, 0.0 ], [ 282043.62, 4155555.14, 1.12 ], [ 282044.93, 4155556.46, 0.0 ], [ 282044.61, 4155557.16, 0.0 ], [ 282039.94, 4155556.84, 0.0 ], [ 282039.34, 4155556.57, 0.0 ], [ 282039.94, 4155556.84, 0.0 ], [ 282043.6, 4155558.43, 0.56 ], [ 282043.6, 4155558.43, 0.0 ], [ 282043.8, 4155558.27, 0.0 ], [ 282043.8, 4155558.27, 0.44 ], [ 282044.99, 4155557.33, 0.0 ], [ 282040.75, 4155562.8, 1.33 ] ], "f": [ [ [ 21, 29, 25, 8, 9, 10, 22 ] ], [ [ 19, 11, 17, 16 ] ], [ [ 31, 13, 6, 7, 30 ] ], [ [ 17, 37, 4, 6, 14, 32, 35, 15 ] ], [ [ 1, 5, 37, 18, 11, 12, 3, 2, 0 ] ], [ [ 36, 34, 33, 20, 22, 23, 24, 26, 27, 28 ] ], [ [ 13, 14, 6 ] ], [ [ 15, 16, 17 ] ], [ [ 18, 17, 11 ] ], [ [ 20, 21, 22 ] ], [ [ 10, 23, 22 ] ], [ [ 32, 33, 34, 35 ] ], [ [ 14, 13, 21, 20, 33, 32 ] ], [ [ 31, 29, 21, 13 ] ], [ [ 5, 4, 37 ] ], [ [ 17, 18, 37 ] ] ] }, "roof_props": null, "wall_color": "sand", "type": "yes", "landmark": null, "footprint_source": "osm", "source_updated": null, "is_part": false, "parent": null, "hidden": false, "addr": "811 West 30th Street", "wikidata": null, "website": null, "zoning": "R-5", "lidar_p90": 5.74, "ground_z": 47.05 }, "geometry": { "type": "Polygon", "coordinates": [ [ [ 282049.45, 4155568.47 ], [ 282052.41, 4155569.78 ], [ 282055.8, 4155562.11 ], [ 282044.61, 4155557.16 ], [ 282045.78, 4155554.52 ], [ 282041.92, 4155552.82 ], [ 282040.88, 4155555.18 ], [ 282040.1, 4155554.84 ], [ 282036.71, 4155562.5 ], [ 282046.37, 4155566.77 ], [ 282045.4, 4155568.95 ], [ 282048.61, 4155570.36 ], [ 282049.45, 4155568.47 ] ] ] } },
{ "type": "Feature", "properties": { "id": "osm:way/745224512", "name": null, "height": 7.92, "min_height": 0.0, "levels": null, "height_source": "lidar", "roof_shape": "flat", "roof_height": 1.08, "roof_azimuth": null, "roof_source": "lod2", "roof_color": "roof_flat", "roof_color_source": "ortho", "lod2_roof": { "v": [ [ 282114.68, 4155567.38, 1.08 ], [ 282111.04, 4155565.71, 0.0 ], [ 282111.04, 4155565.71, 0.0 ], [ 282114.07, 4155558.86, 0.0 ], [ 282121.56, 4155562.3, 0.0 ], [ 282121.03, 4155563.43, 0.0 ], [ 282121.03, 4155563.43, 0.0 ], [ 282118.43, 4155569.1, 0.0 ], [ 282110.02, 4155565.24, 0.0 ], [ 282112.31, 4155560.25, 0.0 ], [ 282117.52, 4155562.15, 0.86 ], [ 282117.52, 4155562.15, 0.0 ], [ 282112.46, 4155560.3, 0.0 ], [ 282117.21, 4155562.04, 1.07 ], [ 282117.21, 4155562.04, 1.05 ], [ 282113.09, 4155560.54, 0.0 ], [ 282113.09, 4155560.54, 0.0 ], [ 282117.21, 4155562.04, 0.0 ], [ 282112.46, 4155560.3, 0.0 ], [ 282117.49, 4155562.2, 0.0 ], [ 282117.49, 4155562.2, 0.87 ] ], "f": [ [ [ 20, 10, 5, 7, 0, 14 ] ], [ [ 2, 18, 15, 13, 0 ] ], [ [ 12, 1, 8, 9 ] ], [ [ 11, 19, 17, 16, 3, 4, 6 ] ], [ [ 10, 11, 6, 5 ] ], [ [ 13, 14, 0 ] ], [ [ 15, 16, 17, 14, 13 ] ], [ [ 2, 1, 12, 18 ] ], [ [ 14, 17, 19, 20 ] ], [ [ 20, 19, 11, 10 ] ] ] }, "roof_props": null, "wall_color": "concrete", "type": "yes", "landmark": null, "footprint_source": "osm", "source_updated": null, "is_part": false, "parent": null, "hidden": false, "addr": "804 West 29th Street", "wikidata": null, "website": null, "zoning": "R-5", "lidar_p90": 8.75, "ground_z": 41.34 }, "geometry": { "type": "Polygon", "coordinates": [ [ [ 282110.02, 4155565.24 ], [ 282118.43, 4155569.1 ], [ 282121.55, 4155562.3 ], [ 282113.14, 4155558.43 ], [ 282110.02, 4155565.24 ] ] ] } },
{ "type": "Feature", "properties": { "id": "osm:way/745224587", "name": null, "height": 2.92, "min_height": 0.0, "levels": null, "height_source": "lidar", "roof_shape": "flat", "roof_height": 1.14, "roof_azimuth": null, "roof_source": "lod2", "roof_color": "concrete", "roof_color_source": "heuristic", "lod2_roof": { "v": [ [ 282086.04, 4155569.35, 1.12 ], [ 282087.09, 4155567.07, 0.0 ], [ 282092.94, 4155570.12, 0.0 ], [ 282092.03, 4155572.1, 1.14 ] ], "f": [ [ [ 3, 0, 1, 2 ] ] ] }, "roof_props": null, "wall_color": "sand", "type": "yes", "landmark": null, "footprint_source": "osm", "source_updated": null, "is_part": false, "parent": null, "hidden": false, "addr": null, "wikidata": null, "website": null, "zoning": "R-5", "lidar_p90": 3.44, "ground_z": 41.63 }, "geometry": { "type": "Polygon", "coordinates": [ [ [ 282087.62, 4155565.91 ], [ 282086.04, 4155569.35 ], [ 282092.03, 4155572.1 ], [ 282093.61, 4155568.66 ], [ 282087.62, 4155565.91 ] ] ] } },
{ "type": "Feature", "properties": { "id": "osm:way/745223589", "name": null, "height": 3.63, "min_height": 0.0, "levels": null, "height_source": "lidar", "roof_shape": "flat", "roof_height": 1.33, "roof_azimuth": null, "roof_source": "lod2", "roof_color": "roof_flat", "roof_color_source": "heuristic", "lod2_roof": { "v": [ [ 282060.26, 4155576.46, 0.32 ], [ 282061.04, 4155574.68, 1.33 ], [ 282066.66, 4155577.3, 1.31 ], [ 282065.96, 4155578.92, 0.39 ], [ 282068.06, 4155574.07, 0.0 ], [ 282062.09, 4155572.26, 0.0 ] ], "f": [ [ [ 3, 0, 1, 2 ] ], [ [ 5, 4, 2, 1 ] ] ] }, "roof_props": null, "wall_color": "concrete", "type": "yes", "landmark": null, "footprint_source": "osm", "source_updated": null, "is_part": false, "parent": null, "hidden": false, "addr": null, "wikidata": null, "website": null, "zoning": "R-5", "lidar_p90": 4.02, "ground_z": 46.22 }, "geometry": { "type": "Polygon", "coordinates": [ [ [ 282062.92, 4155570.33 ], [ 282060.26, 4155576.46 ], [ 282065.96, 4155578.92 ], [ 282068.61, 4155572.8 ], [ 282062.92, 4155570.33 ] ] ] } },
{ "type": "Feature", "properties": { "id": "osm:way/745224284", "name": null, "height": 7.46, "min_height": 0.0, "levels": null, "height_source": "lidar", "roof_shape": "flat", "roof_height": 1.17, "roof_azimuth": null, "roof_source": "lod2", "roof_color": "roof_flat", "roof_color_source": "ortho", "lod2_roof": { "v": [ [ 282115.54, 4155575.42, 0.0 ], [ 282115.07, 4155576.4, 0.0 ], [ 282111.17, 4155575.24, 1.17 ], [ 282111.17, 4155575.24, 0.0 ], [ 282112.48, 4155575.93, 0.0 ], [ 282112.48, 4155575.93, 0.33 ], [ 282104.38, 4155578.33, 0.0 ], [ 282106.04, 4155574.9, 0.0 ], [ 282114.58, 4155574.95, 0.0 ], [ 282106.2, 4155574.85, 0.0 ], [ 282106.2, 4155574.85, 0.0 ], [ 282106.76, 4155573.23, 0.0 ], [ 282106.76, 4155573.23, 0.0 ], [ 282105.63, 4155574.69, 0.0 ], [ 282105.63, 4155574.69, 0.0 ], [ 282103.31, 4155573.56, 0.0 ], [ 282104.22, 4155571.58, 0.0 ], [ 282115.07, 4155576.4, 0.0 ], [ 282112.29, 4155582.15, 0.0 ], [ 282108.76, 4155580.44, 1.16 ], [ 282114.65, 4155574.81, 0.0 ], [ 282106.85, 4155572.97, 0.0 ], [ 282107.3, 4155573.2, 0.0 ], [ 282108.25, 4155573.7, 0.0 ], [ 282108.25, 4155573.7, 0.0 ], [ 282109.31, 4155572.02, 0.0 ] ], "f": [ [ [ 16, 21, 11, 10, 13, 15 ] ], [ [ 17, 18, 19, 2, 5 ] ], [ [ 25, 20, 8, 0, 1, 4, 3, 24 ] ], [ [ 22, 23, 2, 19, 6, 7, 14, 9, 12 ] ], [ [ 2, 3, 4, 5 ] ], [ [ 9, 10, 11, 12 ] ], [ [ 14, 13, 10, 9 ] ], [ [ 5, 4, 1, 17 ] ], [ [ 23, 24, 3, 2 ] ] ] }, "roof_props": null, "wall_color": "concrete", "type": "yes", "landmark": null, "footprint_source": "osm", "source_updated": null, "is_part": false, "parent": null, "hidden": false, "addr": "806 West 29th Street", "wikidata": null, "website": null, "zoning": "R-5", "lidar_p90": 8.37, "ground_z": 41.19 }, "geometry": { "type": "Polygon", "coordinates": [ [ [ 282109.82, 4155570.61 ], [ 282109.04, 4155572.27 ], [ 282104.53, 4155570.88 ], [ 282103.31, 4155573.56 ], [ 282106.04, 4155574.9 ], [ 282104.38, 4155578.33 ], [ 282112.29, 4155582.15 ], [ 282115.54, 4155575.42 ], [ 282114.58, 4155574.95 ], [ 282115.5, 4155573.1 ], [ 282109.82, 4155570.61 ] ] ] } },
{ "type": "Feature", "properties": { "id": "osm:way/745224381", "name": null, "height": 2.54, "min_height": 0.0, "levels": null, "height_source": "lidar", "roof_shape": "flat", "roof_height": 0.0, "roof_azimuth": null, "roof_source": "heuristic", "roof_color": "roof_flat", "roof_color_source": "heuristic", "lod2_roof": null, "roof_props": null, "wall_color": "concrete", "type": "yes", "landmark": null, "footprint_source": "osm", "source_updated": null, "is_part": false, "parent": null, "hidden": false, "addr": null, "wikidata": null, "website": null, "zoning": "R-5", "lidar_p90": 2.91, "ground_z": 41.46 }, "geometry": { "type": "Polygon", "coordinates": [ [ [ 282083.41, 4155578.84 ], [ 282081.49, 4155582.85 ], [ 282086.85, 4155585.43 ], [ 282088.77, 4155581.42 ], [ 282083.41, 4155578.84 ] ] ] } },
{ "type": "Feature", "properties": { "id": "osm:way/745223872", "name": null, "height": 7.06, "min_height": 0.0, "levels": null, "height_source": "lidar", "roof_shape": "gable", "roof_height": 1.94, "roof_azimuth": 154.3, "roof_source": "lod2", "roof_color": "roof_flat", "roof_color_source": "ortho", "lod2_roof": { "v": [ [ 282108.88, 4155590.43, 0.0 ], [ 282108.88, 4155590.43, 0.0 ], [ 282106.49, 4155595.37, 0.0 ], [ 282109.67, 4155588.78, 0.0 ], [ 282100.62, 4155586.91, 0.0 ], [ 282100.62, 4155586.91, 0.0 ], [ 282100.89, 4155587.01, 0.0 ], [ 282100.89, 4155587.01, 0.0 ], [ 282098.42, 4155591.48, 0.0 ], [ 282101.8, 4155584.98, 0.0 ], [ 282102.69, 4155593.54, 1.94 ], [ 282102.69, 4155593.54, 1.94 ], [ 282105.06, 4155588.37, 1.94 ], [ 282105.06, 4155588.37, 0.0 ], [ 282101.21, 4155586.28, 0.0 ], [ 282101.21, 4155586.28, 0.0 ], [ 282100.98, 4155586.16, 0.0 ] ], "f": [ [ [ 11, 12, 0, 2 ] ], [ [ 15, 9, 3, 1, 13 ] ], [ [ 7, 14, 12, 10, 8, 4 ] ], [ [ 5, 16, 15, 6 ] ], [ [ 4, 5, 6, 7 ] ], [ [ 12, 13, 1, 0 ] ], [ [ 11, 10, 12 ] ], [ [ 14, 15, 13, 12 ] ], [ [ 7, 6, 15, 14 ] ] ] }, "roof_props": null, "wall_color": "sand", "type": "yes", "landmark": null, "footprint_source": "osm", "source_updated": null, "is_part": false, "parent": null, "hidden": false, "addr": "808 West 29th Street", "wikidata": null, "website": null, "zoning": "R-5", "lidar_p90": 8.9, "ground_z": 41.03 }, "geometry": { "type": "Polygon", "coordinates": [ [ [ 282101.59, 4155584.88 ], [ 282098.42, 4155591.47 ], [ 282106.49, 4155595.37 ], [ 282109.67, 4155588.78 ], [ 282101.59, 4155584.88 ] ] ] } },
{ "type": "Feature", "properties": { "id": "osm:way/745224537", "name": null, "height": 2.85, "min_height": 0.0, "levels": null, "height_source": "lidar", "roof_shape": "flat", "roof_height": 0.66, "roof_azimuth": null, "roof_source": "lod2", "roof_color": "roof_flat", "roof_color_source": "heuristic", "lod2_roof": { "v": [ [ 282075.59, 4155596.55, 0.63 ], [ 282076.43, 4155594.67, 0.0 ], [ 282081.03, 4155596.86, 0.0 ], [ 282080.23, 4155598.64, 0.66 ] ], "f": [ [ [ 3, 0, 1, 2 ] ] ] }, "roof_props": null, "wall_color": "terracotta", "type": "yes", "landmark": null, "footprint_source": "osm", "source_updated": null, "is_part": false, "parent": null, "hidden": false, "addr": null, "wikidata": null, "website": null, "zoning": "R-5", "lidar_p90": 2.95, "ground_z": 41.57 }, "geometry": { "type": "Polygon", "coordinates": [ [ [ 282077.13, 4155593.12 ], [ 282075.58, 4155596.55 ], [ 282080.23, 4155598.64 ], [ 282081.77, 4155595.21 ], [ 282077.13, 4155593.12 ] ] ] } },
{ "type": "Feature", "properties": { "id": "osm:way/745224018", "name": null, "height": 7.19, "min_height": 0.0, "levels": null, "height_source": "lidar", "roof_shape": "flat", "roof_height": 1.85, "roof_azimuth": null, "roof_source": "lod2", "roof_color": "roof_flat", "roof_color_source": "ortho", "lod2_roof": { "v": [ [ 282102.96, 4155602.91, 0.0 ], [ 282100.2, 4155608.61, 0.0 ], [ 282090.55, 4155595.71, 0.0 ], [ 282091.87, 4155594.41, 0.0 ], [ 282096.51, 4155606.81, 1.81 ], [ 282093.31, 4155602.52, 0.0 ], [ 282088.69, 4155600.29, 0.0 ], [ 282093.07, 4155603.02, 0.0 ], [ 282098.5, 4155601.45, 1.59 ], [ 282098.5, 4155601.45, 0.0 ], [ 282098.95, 4155601.6, 0.0 ], [ 282098.95, 4155601.6, 1.85 ], [ 282090.67, 4155595.67, 0.0 ], [ 282096.65, 4155597.99, 0.0 ], [ 282096.73, 4155597.88, 0.0 ], [ 282091.8, 4155595.48, 0.0 ], [ 282096.65, 4155597.99, 0.0 ], [ 282095.52, 4155599.58, 0.0 ], [ 282095.52, 4155599.58, 0.0 ], [ 282092.23, 4155604.74, 0.0 ], [ 282093.07, 4155603.02, 0.0 ], [ 282102.01, 4155602.6, 0.0 ], [ 282102.01, 4155602.6, 0.05 ], [ 282095.52, 4155599.58, 0.0 ], [ 282102.47, 4155600.67, 0.0 ] ], "f": [ [ [ 18, 7, 5, 6, 12, 2, 3, 15, 16 ] ], [ [ 22, 0, 1, 4, 11 ] ], [ [ 14, 24, 21, 10, 9, 17, 13 ] ], [ [ 20, 23, 8, 11, 4, 19 ] ], [ [ 8, 9, 10, 11 ] ], [ [ 16, 13, 17, 18 ] ], [ [ 11, 10, 21, 22 ] ], [ [ 23, 18, 17, 9, 8 ] ], [ [ 20, 7, 18, 23 ] ] ] }, "roof_props": null, "wall_color": "brick", "type": "yes", "landmark": null, "footprint_source": "osm", "source_updated": null, "is_part": false, "parent": null, "hidden": false, "addr": "810 West 29th Street", "wikidata": null, "website": null, "zoning": "R-5", "lidar_p90": 8.67, "ground_z": 41.36 }, "geometry": { "type": "Polygon", "coordinates": [ [ [ 282089.09, 4155597.15 ], [ 282087.79, 4155599.85 ], [ 282093.31, 4155602.52 ], [ 282092.23, 4155604.74 ], [ 282100.2, 4155608.61 ], [ 282103.75, 4155601.28 ], [ 282096.29, 4155597.67 ], [ 282096.86, 4155596.48 ], [ 282092.12, 4155594.17 ], [ 282089.09, 4155597.15 ] ] ] } },
{ "type": "Feature", "properties": { "id": "osm:way/745224327", "name": null, "height": 2.5, "min_height": 0.0, "levels": null, "height_source": "lidar", "roof_shape": "flat", "roof_height": 0.0, "roof_azimuth": null, "roof_source": "heuristic", "roof_color": "concrete", "roof_color_source": "heuristic", "lod2_roof": null, "roof_props": null, "wall_color": "cream", "type": "yes", "landmark": null, "footprint_source": "osm", "source_updated": null, "is_part": false, "parent": null, "hidden": false, "addr": null, "wikidata": null, "website": null, "zoning": "R-5", "lidar_p90": 3.01, "ground_z": 41.58 }, "geometry": { "type": "Polygon", "coordinates": [ [ [ 282072.18, 4155605.82 ], [ 282070.75, 4155608.65 ], [ 282074.65, 4155610.61 ], [ 282076.07, 4155607.79 ], [ 282072.18, 4155605.82 ] ] ] } },
{ "type": "Feature", "properties": { "id": "osm:way/745223345", "name": null, "height": 5.73, "min_height": 0.0, "levels": null, "height_source": "lidar", "roof_shape": "skillion", "roof_height": 2.1, "roof_azimuth": 65.9, "roof_source": "lod2", "roof_color": "roof_flat", "roof_color_source": "ortho", "lod2_roof": { "v": [ [ 282144.7, 4155613.99, 1.5 ], [ 282144.09, 4155615.38, 0.86 ], [ 282138.55, 4155612.99, 2.1 ], [ 282138.55, 4155612.99, 0.79 ], [ 282135.63, 4155611.73, 2.09 ], [ 282137.72, 4155606.88, 0.0 ], [ 282140.33, 4155612.03, 1.47 ], [ 282146.13, 4155610.66, 0.06 ] ], "f": [ [ [ 6, 0, 1, 3 ] ], [ [ 5, 7, 0, 6, 2, 4 ] ], [ [ 3, 2, 6 ] ] ] }, "roof_props": null, "wall_color": "brick", "type": "yes", "landmark": null, "footprint_source": "osm", "source_updated": null, "is_part": false, "parent": null, "hidden": false, "addr": "805 West 29th Street", "wikidata": null, "website": null, "zoning": "R-5", "lidar_p90": 6.97, "ground_z": 38.33 }, "geometry": { "type": "Polygon", "coordinates": [ [ [ 282138.35, 4155605.43 ], [ 282135.63, 4155611.73 ], [ 282144.09, 4155615.38 ], [ 282146.81, 4155609.07 ], [ 282138.35, 4155605.43 ] ] ] } },
{ "type": "Feature", "properties": { "id": "osm:way/745224606", "name": null, "height": 4.42, "min_height": 0.0, "levels": null, "height_source": "lidar", "roof_shape": "flat", "roof_height": 1.33, "roof_azimuth": null, "roof_source": "lod2", "roof_color": "roof_flat", "roof_color_source": "ortho", "lod2_roof": { "v": [ [ 282228.14, 4155587.53, 0.14 ], [ 282228.14, 4155587.53, 0.0 ], [ 282228.25, 4155587.28, 0.22 ], [ 282220.82, 4155583.95, 0.16 ], [ 282226.52, 4155591.13, 0.0 ], [ 282222.46, 4155580.3, 1.31 ], [ 282224.52, 4155575.71, 0.0 ], [ 282236.99, 4155581.67, 0.0 ], [ 282234.97, 4155586.18, 1.33 ], [ 282230.68, 4155588.91, 0.1 ], [ 282230.68, 4155588.91, 0.52 ], [ 282229.71, 4155588.38, 0.11 ], [ 282230.84, 4155588.56, 0.21 ], [ 282230.84, 4155588.56, 0.53 ], [ 282229.13, 4155592.3, 0.46 ], [ 282231.71, 4155593.45, 0.0 ], [ 282232.72, 4155591.2, 0.0 ], [ 282231.63, 4155588.29, 0.37 ] ], "f": [ [ [ 14, 4, 1, 11, 10 ] ], [ [ 17, 16, 15, 14, 10, 13 ] ], [ [ 5, 8, 16, 17, 12, 9, 11, 0, 2, 3 ] ], [ [ 8, 5, 6, 7 ] ], [ [ 9, 10, 11 ] ], [ [ 1, 0, 11 ] ], [ [ 10, 9, 12, 13 ] ], [ [ 13, 12, 17 ] ] ] }, "roof_props": null, "wall_color": "cream", "type": "yes", "landmark": null, "footprint_source": "osm", "source_updated": null, "is_part": false, "parent": null, "hidden": false, "addr": "800 West 28th Street", "wikidata": null, "website": null, "zoning": "R-5", "lidar_p90": 5.06, "ground_z": 43.57 }, "geometry": { "type": "Polygon", "coordinates": [ [ [ 282228.25, 4155587.28 ], [ 282226.52, 4155591.13 ], [ 282231.71, 4155593.45 ], [ 282237.82, 4155579.84 ], [ 282225.2, 4155574.18 ], [ 282220.82, 4155583.95 ], [ 282228.25, 4155587.28 ] ] ] } },
{ "type": "Feature", "properties": { "id": "osm:way/745224487", "name": null, "height": 8.86, "min_height": 0.0, "levels": null, "height_source": "lidar", "roof_shape": "flat", "roof_height": 0.0, "roof_azimuth": null, "roof_source": "heuristic", "roof_color": "roof_flat", "roof_color_source": "ortho", "lod2_roof": null, "roof_props": null, "wall_color": "sand", "type": "yes", "landmark": null, "footprint_source": "osm", "source_updated": null, "is_part": false, "parent": null, "hidden": false, "addr": "809 West 28th Street", "wikidata": null, "website": null, "zoning": "R-5", "lidar_p90": 10.7, "ground_z": 44.05 }, "geometry": { "type": "Polygon", "coordinates": [ [ [ 282240.88, 4155648.54 ], [ 282236.08, 4155657.8 ], [ 282255.74, 4155667.99 ], [ 282260.54, 4155658.74 ], [ 282240.88, 4155648.54 ] ] ] } },
{ "type": "Feature", "properties": { "id": "osm:way/745224404", "name": null, "height": 4.11, "min_height": 0.0, "levels": null, "height_source": "lidar", "roof_shape": "gable", "roof_height": 2.64, "roof_azimuth": 153.5, "roof_source": "lod2", "roof_color": "concrete", "roof_color_source": "ortho", "lod2_roof": { "v": [ [ 282206.02, 4155621.88, 0.0 ], [ 282206.64, 4155620.62, 0.0 ], [ 282207.51, 4155621.04, 0.0 ], [ 282220.43, 4155615.64, 0.18 ], [ 282215.09, 4155626.34, 0.2 ], [ 282216.61, 4155613.89, 2.64 ], [ 282212.05, 4155611.8, 0.0 ], [ 282211.5, 4155624.57, 2.54 ] ], "f": [ [ [ 7, 5, 3, 4 ] ], [ [ 7, 0, 1, 2, 6, 5 ] ] ] }, "roof_props": null, "wall_color": "cream", "type": "yes", "landmark": null, "footprint_source": "osm", "source_updated": null, "is_part": false, "parent": null, "hidden": false, "addr": "804 West 28th Street", "wikidata": null, "website": null, "zoning": "R-5", "lidar_p90": 6.31, "ground_z": 43.14 }, "geometry": { "type": "Polygon", "coordinates": [ [ [ 282212.88, 4155610.09 ], [ 282207.51, 4155621.04 ], [ 282206.64, 4155620.62 ], [ 282206.02, 4155621.88 ], [ 282215.09, 4155626.34 ], [ 282221.16, 4155614.16 ], [ 282212.88, 4155610.09 ] ] ] } },
{ "type": "Feature", "properties": { "id": "richmond_structure:347440", "name": null, "height": 4.08, "min_height": 0.0, "levels": null, "height_source": "lidar", "roof_shape": "flat", "roof_height": 0.0, "roof_azimuth": null, "roof_source": "heuristic", "roof_color": "roof_flat", "roof_color_source": "heuristic", "lod2_roof": null, "roof_props": null, "wall_color": "terracotta", "type": "yes", "landmark": null, "footprint_source": "richmond_structures", "source_updated": "2026-09-08T12:07:13.637000Z", "is_part": false, "parent": null, "hidden": false, "addr": null, "wikidata": null, "website": null, "zoning": "R-5", "lidar_p90": 5.78, "ground_z": 37.54 }, "geometry": { "type": "Polygon", "coordinates": [ [ [ 282141.01, 4155621.54 ], [ 282144.72, 4155623.36 ], [ 282146.39, 4155619.94 ], [ 282142.67, 4155618.13 ], [ 282141.01, 4155621.54 ] ] ] } },
{ "type": "Feature", "properties": { "id": "osm:way/745223877", "name": null, "height": 4.46, "min_height": 0.0, "levels": null, "height_source": "lidar", "roof_shape": "flat", "roof_height": 1.94, "roof_azimuth": null, "roof_source": "lod2", "roof_color": "roof_dark", "roof_color_source": "heuristic", "lod2_roof": { "v": [ [ 282162.71, 4155623.95, 1.94 ], [ 282163.98, 4155621.05, 0.67 ], [ 282167.38, 4155625.99, 1.89 ], [ 282169.26, 4155621.69, 0.0 ] ], "f": [ [ [ 1, 3, 2, 0 ] ] ] }, "roof_props": null, "wall_color": "cream", "type": "yes", "landmark": null, "footprint_source": "osm", "source_updated": null, "is_part": false, "parent": null, "hidden": false, "addr": null, "wikidata": null, "website": null, "zoning": "R-5", "lidar_p90": 5.13, "ground_z": 40.15 }, "geometry": { "type": "Polygon", "coordinates": [ [ [ 282164.98, 4155618.77 ], [ 282162.71, 4155623.95 ], [ 282167.38, 4155625.99 ], [ 282169.65, 4155620.81 ], [ 282164.98, 4155618.77 ] ] ] } },
{ "type": "Feature", "properties": { "id": "osm:way/745223485", "name": null, "height": 4.09, "min_height": 0.0, "levels": null, "height_source": "lidar", "roof_shape": "gable", "roof_height": 2.76, "roof_azimuth": 154.5, "roof_source": "lod2", "roof_color": "slate", "roof_color_source": "ortho", "lod2_roof": { "v": [ [ 282196.76, 4155630.32, 0.0 ], [ 282198.31, 4155631.05, 0.21 ], [ 282195.14, 4155633.71, 0.01 ], [ 282199.16, 4155629.25, 0.21 ], [ 282210.51, 4155636.73, 1.41 ], [ 282211.79, 4155637.34, 1.42 ], [ 282211.31, 4155635.05, 0.3 ], [ 282199.27, 4155629.3, 0.21 ], [ 282199.27, 4155629.3, 0.22 ], [ 282196.8, 4155634.5, 0.23 ], [ 282210.12, 4155638.64, 2.53 ], [ 282210.12, 4155638.64, 0.58 ], [ 282210.06, 4155639.04, 0.8 ], [ 282210.06, 4155639.04, 2.76 ], [ 282210.06, 4155639.04, 2.76 ], [ 282197.7, 4155633.31, 2.76 ], [ 282210.91, 4155641.27, 1.76 ], [ 282210.91, 4155641.27, 1.76 ], [ 282209.8, 4155640.77, 1.75 ], [ 282211.69, 4155638.66, 0.24 ], [ 282211.69, 4155638.66, 2.15 ], [ 282197.02, 4155635.03, 1.67 ], [ 282197.02, 4155635.03, 0.29 ], [ 282197.7, 4155633.31, 0.27 ], [ 282196.36, 4155635.41, 1.29 ], [ 282196.63, 4155634.85, 0.23 ], [ 282196.63, 4155634.85, 1.67 ], [ 282210.49, 4155642.15, 1.18 ], [ 282212.15, 4155638.67, 0.14 ], [ 282199.27, 4155629.31, 0.22 ] ], "f": [ [ [ 8, 29, 23, 22, 25, 9, 2, 0, 1, 3 ] ], [ [ 17, 27, 24, 26, 21, 15, 13, 18 ] ], [ [ 19, 28, 16, 18, 12, 11 ] ], [ [ 15, 29, 7, 6, 4, 5, 20, 10, 14 ] ], [ [ 10, 11, 12, 13, 14 ] ], [ [ 14, 13, 15 ] ], [ [ 16, 17, 18 ] ], [ [ 13, 12, 18 ] ], [ [ 20, 19, 11, 10 ] ], [ [ 21, 22, 23, 15 ] ], [ [ 26, 25, 22, 21 ] ], [ [ 8, 7, 29 ] ], [ [ 15, 23, 29 ] ] ] }, "roof_props": null, "wall_color": "sand", "type": "yes", "landmark": null, "footprint_source": "osm", "source_updated": null, "is_part": false, "parent": null, "hidden": false, "addr": "806 West 28th Street", "wikidata": null, "website": null, "zoning": "R-5", "lidar_p90": 6.45, "ground_z": 42.79 }, "geometry": { "type": "Polygon", "coordinates": [ [ [ 282199.83, 4155627.84 ], [ 282198.31, 4155631.05 ], [ 282196.76, 4155630.32 ], [ 282195.14, 4155633.71 ], [ 282196.8, 4155634.5 ], [ 282196.36, 4155635.41 ], [ 282210.49, 4155642.15 ], [ 282212.6, 4155637.73 ], [ 282210.51, 4155636.73 ], [ 282212.0, 4155633.63 ], [ 282199.83, 4155627.84 ] ] ] } },
{ "type": "Feature", "properties": { "id": "osm:way/745223439", "name": null, "height": 7.5, "min_height": 0.0, "levels": null, "height_source": "zoning", "roof_shape": "flat", "roof_height": 0.0, "roof_azimuth": null, "roof_source": "heuristic", "roof_color": "roof_flat", "roof_color_source": "heuristic", "lod2_roof": null, "roof_props": null, "wall_color": "concrete", "type": "yes", "landmark": null, "footprint_source": "osm", "source_updated": null, "is_part": false, "parent": null, "hidden": false, "addr": null, "wikidata": null, "website": null, "zoning": "R-5", "lidar_p90": 0.37, "ground_z": 40.35 }, "geometry": { "type": "Polygon", "coordinates": [ [ [ 282174.04, 4155642.19 ], [ 282172.31, 4155646.42 ], [ 282176.22, 4155648.01 ], [ 282177.95, 4155643.79 ], [ 282174.04, 4155642.19 ] ] ] } },
{ "type": "Feature", "properties": { "id": "osm:way/745223720", "name": null, "height": 2.85, "min_height": 0.0, "levels": null, "height_source": "lidar", "roof_shape": "flat", "roof_height": 0.85, "roof_azimuth": null, "roof_source": "lod2", "roof_color": "roof_flat", "roof_color_source": "ortho", "lod2_roof": { "v": [ [ 282163.9, 4155652.48, 0.85 ], [ 282165.29, 4155649.56, 0.0 ], [ 282169.87, 4155651.81, 0.01 ], [ 282168.5, 4155654.68, 0.85 ] ], "f": [ [ [ 3, 0, 1, 2 ] ] ] }, "roof_props": null, "wall_color": "terracotta", "type": "yes", "landmark": null, "footprint_source": "osm", "source_updated": null, "is_part": false, "parent": null, "hidden": false, "addr": null, "wikidata": null, "website": null, "zoning": "R-5", "lidar_p90": 3.34, "ground_z": 39.23 }, "geometry": { "type": "Polygon", "coordinates": [ [ [ 282166.09, 4155647.9 ], [ 282163.9, 4155652.48 ], [ 282168.5, 4155654.68 ], [ 282170.69, 4155650.1 ], [ 282166.09, 4155647.9 ] ] ] } },
{ "type": "Feature", "properties": { "id": "osm:way/745223545", "name": null, "height": 6.9, "min_height": 0.0, "levels": null, "height_source": "lidar", "roof_shape": "flat", "roof_height": 0.0, "roof_azimuth": null, "roof_source": "heuristic", "roof_color": "roof_flat", "roof_color_source": "ortho", "lod2_roof": null, "roof_props": null, "wall_color": "concrete", "type": "yes", "landmark": null, "footprint_source": "osm", "source_updated": null, "is_part": false, "parent": null, "hidden": false, "addr": "808 West 28th Street", "wikidata": null, "website": null, "zoning": "R-5", "lidar_p90": 8.27, "ground_z": 42.33 }, "geometry": { "type": "Polygon", "coordinates": [ [ [ 282202.84, 4155650.96 ], [ 282203.94, 4155648.74 ], [ 282200.66, 4155647.09 ], [ 282199.34, 4155649.74 ], [ 282195.47, 4155647.78 ], [ 282193.48, 4155651.75 ], [ 282192.18, 4155651.1 ], [ 282190.31, 4155654.83 ], [ 282200.11, 4155659.77 ], [ 282204.2, 4155651.64 ], [ 282202.84, 4155650.96 ] ] ] } },
{ "type": "Feature", "properties": { "id": "richmond_structure:428251", "name": null, "height": 5.08, "min_height": 0.0, "levels": null, "height_source": "lidar", "roof_shape": "flat", "roof_height": 1.07, "roof_azimuth": null, "roof_source": "lod2", "roof_color": "concrete", "roof_color_source": "heuristic", "lod2_roof": { "v": [ [ 282150.19, 4155651.19, 0.0 ], [ 282154.21, 4155653.29, 0.05 ], [ 282149.01, 4155653.44, 1.07 ], [ 282152.06, 4155657.4, 0.18 ], [ 282148.04, 4155655.3, 0.21 ], [ 282153.08, 4155655.45, 1.07 ] ], "f": [ [ [ 5, 3, 4, 2 ] ], [ [ 1, 5, 2, 0 ] ] ] }, "roof_props": null, "wall_color": "brick", "type": "yes", "landmark": null, "footprint_source": "richmond_structures", "source_updated": "2026-09-08T12:07:13.637000Z", "is_part": false, "parent": null, "hidden": false, "addr": null, "wikidata": null, "website": null, "zoning": "R-5", "lidar_p90": 5.33, "ground_z": 37.84 }, "geometry": { "type": "Polygon", "coordinates": [ [ [ 282152.06, 4155657.4 ], [ 282154.21, 4155653.29 ], [ 282150.19, 4155651.19 ], [ 282148.04, 4155655.3 ], [ 282152.06, 4155657.4 ] ] ] } },
{ "type": "Feature", "properties": { "id": "osm:way/745223762", "name": null, "height": 7.5, "min_height": 0.0, "levels": null, "height_source": "zoning", "roof_shape": "flat", "roof_height": 0.0, "roof_azimuth": null, "roof_source": "heuristic", "roof_color": "roof_flat", "roof_color_source": "heuristic", "lod2_roof": null, "roof_props": null, "wall_color": "terracotta", "type": "yes", "landmark": null, "footprint_source": "osm", "source_updated": null, "is_part": false, "parent": null, "hidden": false, "addr": null, "wikidata": null, "website": null, "zoning": "R-5", "lidar_p90": 0.13, "ground_z": 38.63 }, "geometry": { "type": "Polygon", "coordinates": [ [ [ 282161.86, 4155656.32 ], [ 282159.63, 4155661.05 ], [ 282163.0, 4155662.64 ], [ 282165.23, 4155657.91 ], [ 282161.86, 4155656.32 ] ] ] } },
{ "type": "Feature", "properties": { "id": "osm:way/745224418", "name": null, "height": 7.71, "min_height": 0.0, "levels": null, "height_source": "lidar", "roof_shape": "gable", "roof_height": 1.91, "roof_azimuth": 154.6, "roof_source": "lidar", "roof_color": "roof_flat", "roof_color_source": "ortho", "lod2_roof": null, "roof_props": null, "wall_color": "concrete", "type": "yes", "landmark": null, "footprint_source": "osm", "source_updated": null, "is_part": false, "parent": null, "hidden": false, "addr": "812 West 28th Street", "wikidata": null, "website": null, "zoning": "R-5", "lidar_p90": 10.08, "ground_z": 41.65 }, "geometry": { "type": "Polygon", "coordinates": [ [ [ 282196.47, 4155667.97 ], [ 282191.85, 4155665.78 ], [ 282192.48, 4155664.45 ], [ 282187.06, 4155661.89 ], [ 282186.5, 4155663.06 ], [ 282184.75, 4155662.22 ], [ 282181.01, 4155670.11 ], [ 282192.93, 4155675.41 ], [ 282196.47, 4155667.97 ] ] ] } },
{ "type": "Feature", "properties": { "id": "osm:way/745224427", "name": null, "height": 7.02, "min_height": 0.0, "levels": null, "height_source": "lidar", "roof_shape": "flat", "roof_height": 2.27, "roof_azimuth": null, "roof_source": "lod2", "roof_color": "roof_flat", "roof_color_source": "ortho", "lod2_roof": { "v": [ [ 282235.22, 4155672.88, 0.0 ], [ 282232.6, 4155671.56, 0.0 ], [ 282238.91, 4155681.72, 0.79 ], [ 282237.86, 4155681.16, 2.1 ], [ 282237.86, 4155681.16, 2.15 ], [ 282233.29, 4155670.21, 0.0 ], [ 282237.58, 4155671.82, 0.0 ], [ 282242.88, 4155673.8, 0.57 ], [ 282243.49, 4155674.03, 0.0 ], [ 282238.55, 4155680.11, 2.27 ], [ 282238.55, 4155680.11, 1.95 ], [ 282237.95, 4155681.02, 2.12 ], [ 282232.47, 4155678.3, 0.0 ], [ 282242.29, 4155672.13, 0.0 ], [ 282242.14, 4155673.67, 0.0 ], [ 282241.55, 4155673.3, 2.18 ], [ 282241.55, 4155673.3, 0.0 ], [ 282241.45, 4155673.55, 0.0 ], [ 282241.45, 4155673.55, 2.17 ], [ 282241.45, 4155673.55, 2.17 ], [ 282239.91, 4155672.69, 1.1 ], [ 282239.91, 4155672.69, 0.0 ], [ 282244.37, 4155677.46, 0.0 ], [ 282244.37, 4155677.46, 0.0 ], [ 282241.51, 4155683.1, 0.0 ], [ 282246.23, 4155678.4, 0.0 ], [ 282235.83, 4155675.37, 0.0 ], [ 282235.83, 4155675.37, 0.0 ], [ 282235.83, 4155675.37, 0.0 ], [ 282237.58, 4155671.82, 0.0 ], [ 282234.72, 4155673.86, 0.0 ], [ 282234.72, 4155673.86, 0.0 ], [ 282240.0, 4155676.81, 2.06 ], [ 282240.0, 4155676.81, 2.06 ], [ 282239.68, 4155671.72, 0.0 ], [ 282242.14, 4155673.67, 1.4 ], [ 282235.61, 4155675.29, 0.0 ], [ 282235.61, 4155675.29, 0.0 ], [ 282239.35, 4155676.58, 1.63 ], [ 282240.0, 4155676.81, 2.24 ], [ 282244.69, 4155676.11, 0.0 ], [ 282244.69, 4155676.11, 0.0 ], [ 282244.03, 4155676.28, 0.0 ], [ 282244.03, 4155676.28, 0.0 ], [ 282244.69, 4155676.11, 0.0 ], [ 282242.26, 4155674.77, 0.73 ], [ 282246.06, 4155675.77, 0.0 ], [ 282247.0, 4155676.88, 0.0 ], [ 282244.96, 4155676.57, 0.0 ], [ 282244.96, 4155676.57, 0.0 ] ], "f": [ [ [ 30, 0, 1, 5, 6, 28, 37 ] ], [ [ 33, 38, 26, 29, 20, 15, 19 ] ], [ [ 39, 9, 11, 3, 12, 31, 36, 27, 38 ] ], [ [ 18, 35, 7, 8, 41, 43, 45, 2, 4, 11, 10, 32 ] ], [ [ 49, 22, 24, 2, 45, 42, 44 ] ], [ [ 14, 17, 16, 21, 34, 13 ] ], [ [ 47, 25, 23, 48, 40, 46 ] ], [ [ 9, 10, 11 ] ], [ [ 4, 3, 11 ] ], [ [ 15, 16, 17, 18, 19 ] ], [ [ 20, 21, 16, 15 ] ], [ [ 26, 27, 28, 6, 29 ] ], [ [ 19, 18, 32, 33 ] ], [ [ 36, 37, 28, 27 ] ], [ [ 31, 30, 37, 36 ] ], [ [ 27, 26, 38 ] ], [ [ 33, 39, 38 ] ], [ [ 39, 33, 32, 10, 9 ] ], [ [ 42, 43, 41, 44 ] ], [ [ 43, 42, 45 ] ], [ [ 44, 41, 40, 48, 49 ] ], [ [ 49, 48, 23, 22 ] ], [ [ 18, 17, 14, 35 ] ] ] }, "roof_props": null, "wall_color": "terracotta", "type": "yes", "landmark": null, "footprint_source": "osm", "source_updated": null, "is_part": false, "parent": null, "hidden": false, "addr": "811 West 28th Street", "wikidata": null, "website": null, "zoning": "R-5", "lidar_p90": 8.48, "ground_z": 43.84 }, "geometry": { "type": "Polygon", "coordinates": [ [ [ 282237.8, 4155669.29 ], [ 282237.15, 4155670.58 ], [ 282233.93, 4155668.95 ], [ 282232.6, 4155671.56 ], [ 282235.22, 4155672.88 ], [ 282232.47, 4155678.3 ], [ 282241.51, 4155683.1 ], [ 282244.37, 4155677.46 ], [ 282246.23, 4155678.4 ], [ 282248.18, 4155674.54 ], [ 282237.8, 4155669.29 ] ] ] } },
{ "type": "Feature", "properties": { "id": "osm:way/745224664", "name": null, "height": 9.39, "min_height": 0.0, "levels": null, "height_source": "lidar", "roof_shape": "flat", "roof_height": 0.0, "roof_azimuth": null, "roof_source": "heuristic", "roof_color": "roof_flat", "roof_color_source": "ortho", "lod2_roof": null, "roof_props": null, "wall_color": "sand", "type": "yes", "landmark": null, "footprint_source": "osm", "source_updated": null, "is_part": false, "parent": null, "hidden": false, "addr": "2720 Hillcrest Road", "wikidata": null, "website": null, "zoning": "R-5", "lidar_p90": 10.98, "ground_z": 43.22 }, "geometry": { "type": "Polygon", "coordinates": [ [ [ 282241.91, 4155699.11 ], [ 282233.87, 4155699.0 ], [ 282233.7, 4155710.83 ], [ 282230.95, 4155710.79 ], [ 282230.84, 4155718.4 ], [ 282244.7, 4155718.61 ], [ 282244.8, 4155711.5 ], [ 282241.74, 4155711.46 ], [ 282241.91, 4155699.11 ] ] ] } },
{ "type": "Feature", "properties": { "id": "osm:way/745224025", "name": null, "height": 3.88, "min_height": 0.0, "levels": null, "height_source": "lidar", "roof_shape": "flat", "roof_height": 3.1, "roof_azimuth": null, "roof_source": "lod2", "roof_color": "roof_dark", "roof_color_source": "heuristic", "lod2_roof": { "v": [ [ 282198.8, 4155669.51, 0.0 ], [ 282195.47, 4155676.59, 0.0 ], [ 282193.86, 4155675.84, 0.12 ], [ 282192.93, 4155675.41, 3.04 ], [ 282196.2, 4155668.56, 3.1 ], [ 282196.37, 4155668.63, 3.06 ], [ 282196.37, 4155668.63, 0.13 ], [ 282193.86, 4155675.84, 2.82 ] ], "f": [ [ [ 4, 5, 7, 3 ] ], [ [ 6, 0, 1, 2 ] ], [ [ 5, 6, 2, 7 ] ] ] }, "roof_props": null, "wall_color": "concrete", "type": "yes", "landmark": null, "footprint_source": "osm", "source_updated": null, "is_part": false, "parent": null, "hidden": false, "addr": null, "wikidata": null, "website": null, "zoning": "R-5", "lidar_p90": 4.02, "ground_z": 42.31 }, "geometry": { "type": "Polygon", "coordinates": [ [ [ 282192.93, 4155675.41 ], [ 282195.47, 4155676.59 ], [ 282198.8, 4155669.51 ], [ 282196.19, 4155668.56 ], [ 282192.93, 4155675.41 ] ] ] } },
{ "type": "Feature", "properties": { "id": "osm:way/745223625", "name": null, "height": 3.47, "min_height": 0.0, "levels": null, "height_source": "lidar", "roof_shape": "flat", "roof_height": 2.02, "roof_azimuth": null, "roof_source": "lod2", "roof_color": "roof_flat", "roof_color_source": "heuristic", "lod2_roof": { "v": [ [ 282223.91, 4155689.78, 0.0 ], [ 282229.21, 4155690.99, 0.0 ], [ 282228.07, 4155694.04, 2.02 ], [ 282223.04, 4155692.09, 1.65 ] ], "f": [ [ [ 2, 3, 0, 1 ] ] ] }, "roof_props": null, "wall_color": "cream", "type": "yes", "landmark": null, "footprint_source": "osm", "source_updated": null, "is_part": false, "parent": null, "hidden": false, "addr": null, "wikidata": null, "website": null, "zoning": "R-5", "lidar_p90": 4.15, "ground_z": 42.99 }, "geometry": { "type": "Polygon", "coordinates": [ [ [ 282228.07, 4155694.04 ], [ 282229.62, 4155689.89 ], [ 282224.57, 4155688.0 ], [ 282223.04, 4155692.09 ], [ 282228.07, 4155694.04 ] ] ] } },
{ "type": "Feature", "properties": { "id": "osm:way/745223612", "name": null, "height": 7.6, "min_height": 0.0, "levels": null, "height_source": "lidar", "roof_shape": "flat", "roof_height": 2.51, "roof_azimuth": null, "roof_source": "lod2", "roof_color": "roof_flat", "roof_color_source": "ortho", "lod2_roof": { "v": [ [ 282172.47, 4155697.24, 0.0 ], [ 282173.19, 4155695.77, 0.0 ], [ 282180.37, 4155696.06, 0.0 ], [ 282179.29, 4155698.28, 0.0 ], [ 282178.69, 4155698.0, 0.0 ], [ 282178.8, 4155699.75, 0.78 ], [ 282178.8, 4155699.75, 0.0 ], [ 282181.25, 4155700.73, 0.0 ], [ 282177.26, 4155699.54, 2.5 ], [ 282177.26, 4155699.54, 0.0 ], [ 282170.27, 4155704.89, 0.4 ], [ 282170.27, 4155704.89, 0.0 ], [ 282173.36, 4155697.6, 0.0 ], [ 282173.36, 4155697.6, 0.23 ], [ 282173.36, 4155697.6, 0.0 ], [ 282176.31, 4155698.77, 0.26 ], [ 282176.31, 4155698.77, 1.88 ], [ 282177.48, 4155708.43, 0.0 ], [ 282173.89, 4155706.67, 2.51 ], [ 282177.69, 4155695.56, 0.14 ], [ 282177.69, 4155695.56, 0.14 ], [ 282176.66, 4155698.91, 2.08 ], [ 282176.66, 4155698.91, 0.0 ], [ 282177.0, 4155699.51, 0.0 ], [ 282177.0, 4155699.51, 2.38 ], [ 282177.86, 4155698.27, 0.0 ], [ 282174.13, 4155696.24, 0.0 ], [ 282174.24, 4155696.02, 0.0 ], [ 282178.82, 4155695.41, 0.0 ], [ 282178.89, 4155695.34, 0.0 ], [ 282169.01, 4155704.27, 0.0 ], [ 282172.47, 4155697.24, 0.0 ] ], "f": [ [ [ 7, 17, 18, 8, 5 ] ], [ [ 29, 2, 3, 4, 25, 6, 9, 23, 22, 15, 20, 28 ] ], [ [ 18, 10, 13, 16, 21, 24, 8 ] ], [ [ 31, 12, 11, 30 ] ], [ [ 14, 0, 1, 26, 27, 19, 15 ] ], [ [ 8, 9, 6, 5 ] ], [ [ 10, 11, 12, 13 ] ], [ [ 13, 12, 14, 15, 16 ] ], [ [ 19, 20, 15 ] ], [ [ 21, 22, 23, 24 ] ], [ [ 16, 15, 22, 21 ] ], [ [ 24, 23, 9, 8 ] ], [ [ 31, 0, 14, 12 ] ] ] }, "roof_props": null, "wall_color": "concrete", "type": "yes", "landmark": null, "footprint_source": "osm", "source_updated": null, "is_part": false, "parent": null, "hidden": false, "addr": "816 West 28th Street", "wikidata": null, "website": null, "zoning": "R-5", "lidar_p90": 8.93, "ground_z": 40.4 }, "geometry": { "type": "Polygon", "coordinates": [ [ [ 282169.01, 4155704.27 ], [ 282177.48, 4155708.43 ], [ 282181.81, 4155699.59 ], [ 282179.26, 4155698.34 ], [ 282180.37, 4155696.06 ], [ 282175.4, 4155693.63 ], [ 282174.13, 4155696.24 ], [ 282173.19, 4155695.77 ], [ 282169.01, 4155704.27 ] ] ] } },
{ "type": "Feature", "properties": { "id": "osm:way/745223435", "name": null, "height": 2.5, "min_height": 0.0, "levels": null, "height_source": "lidar", "roof_shape": "flat", "roof_height": 0.0, "roof_azimuth": null, "roof_source": "heuristic", "roof_color": "roof_dark", "roof_color_source": "heuristic", "lod2_roof": null, "roof_props": null, "wall_color": "cream", "type": "yes", "landmark": null, "footprint_source": "osm", "source_updated": null, "is_part": false, "parent": null, "hidden": false, "addr": null, "wikidata": null, "website": null, "zoning": "R-5", "lidar_p90": 3.63, "ground_z": 34.56 }, "geometry": { "type": "Polygon", "coordinates": [ [ [ 282141.28, 4155700.13 ], [ 282139.94, 4155703.71 ], [ 282142.93, 4155704.83 ], [ 282144.27, 4155701.24 ], [ 282141.28, 4155700.13 ] ] ] } },
{ "type": "Feature", "properties": { "id": "osm:way/745224093", "name": null, "height": 3.94, "min_height": 0.0, "levels": null, "height_source": "lidar", "roof_shape": "flat", "roof_height": 0.0, "roof_azimuth": null, "roof_source": "heuristic", "roof_color": "roof_flat", "roof_color_source": "heuristic", "lod2_roof": null, "roof_props": null, "wall_color": "concrete", "type": "yes", "landmark": null, "footprint_source": "osm", "source_updated": null, "is_part": false, "parent": null, "hidden": false, "addr": null, "wikidata": null, "website": null, "zoning": "R-5", "lidar_p90": 4.28, "ground_z": 36.3 }, "geometry": { "type": "Polygon", "coordinates": [ [ [ 282149.83, 4155700.17 ], [ 282148.48, 4155702.95 ], [ 282152.07, 4155704.79 ], [ 282153.35, 4155702.1 ], [ 282149.83, 4155700.17 ] ] ] } },
{ "type": "Feature", "properties": { "id": "osm:way/745224262", "name": null, "height": 7.5, "min_height": 0.0, "levels": null, "height_source": "zoning", "roof_shape": "flat", "roof_height": 0.0, "roof_azimuth": null, "roof_source": "lod2", "roof_color": "concrete", "roof_color_source": "heuristic", "lod2_roof": { "v": [ [ 282158.92, 4155704.45, 0.0 ], [ 282157.55, 4155707.42, 0.0 ], [ 282153.35, 4155702.1, 0.0 ], [ 282152.01, 4155704.91, 0.0 ] ], "f": [ [ [ 1, 3, 2, 0 ] ] ] }, "roof_props": null, "wall_color": "concrete", "type": "yes", "landmark": null, "footprint_source": "osm", "source_updated": null, "is_part": false, "parent": null, "hidden": false, "addr": null, "wikidata": null, "website": null, "zoning": "R-5", "lidar_p90": null, "ground_z": 37.67 }, "geometry": { "type": "Polygon", "coordinates": [ [ [ 282152.01, 4155704.91 ], [ 282157.55, 4155707.42 ], [ 282158.92, 4155704.45 ], [ 282153.35, 4155702.1 ], [ 282152.01, 4155704.91 ] ] ] } },
{ "type": "Feature", "properties": { "id": "osm:way/745223357", "name": null, "height": 10.2, "min_height": 0.0, "levels": null, "height_source": "lidar", "roof_shape": "flat", "roof_height": 0.0, "roof_azimuth": null, "roof_source": "heuristic", "roof_color": "roof_flat", "roof_color_source": "ortho", "lod2_roof": null, "roof_props": null, "wall_color": "cream", "type": "yes", "landmark": null, "footprint_source": "osm", "source_updated": null, "is_part": false, "parent": null, "hidden": false, "addr": "2722 Hillcrest Road", "wikidata": null, "website": null, "zoning": "R-5", "lidar_p90": 11.63, "ground_z": 42.44 }, "geometry": { "type": "Polygon", "coordinates": [ [ [ 282221.64, 4155702.39 ], [ 282223.34, 4155696.6 ], [ 282213.45, 4155693.69 ], [ 282207.98, 4155712.27 ], [ 282223.38, 4155716.8 ], [ 282227.14, 4155704.01 ], [ 282221.64, 4155702.39 ] ] ] } },
{ "type": "Feature", "properties": { "id": "osm:way/745224626", "name": null, "height": 7.79, "min_height": 0.0, "levels": null, "height_source": "lidar", "roof_shape": "flat", "roof_height": 0.0, "roof_azimuth": null, "roof_source": "heuristic", "roof_color": "roof_flat", "roof_color_source": "ortho", "lod2_roof": null, "roof_props": null, "wall_color": "brick", "type": "yes", "landmark": null, "footprint_source": "osm", "source_updated": null, "is_part": false, "parent": null, "hidden": false, "addr": "822 West 28th Street", "wikidata": null, "website": null, "zoning": "R-5", "lidar_p90": 8.8, "ground_z": 38.03 }, "geometry": { "type": "Polygon", "coordinates": [ [ [ 282158.2, 4155727.46 ], [ 282166.54, 4155731.44 ], [ 282173.65, 4155716.56 ], [ 282173.15, 4155716.32 ], [ 282174.6, 4155713.27 ], [ 282171.38, 4155711.72 ], [ 282170.2, 4155714.19 ], [ 282165.6, 4155711.99 ], [ 282158.2, 4155727.46 ] ] ] } },
{ "type": "Feature", "properties": { "id": "osm:way/745224048", "name": null, "height": 4.49, "min_height": 0.0, "levels": null, "height_source": "lidar", "roof_shape": "gable", "roof_height": 4.96, "roof_azimuth": 168.6, "roof_source": "lod2", "roof_color": "roof_flat", "roof_color_source": "ortho", "lod2_roof": { "v": [ [ 282150.38, 4155748.24, 1.41 ], [ 282147.0, 4155746.56, 1.28 ], [ 282154.27, 4155739.97, 1.96 ], [ 282154.27, 4155739.97, 1.39 ], [ 282154.55, 4155739.54, 1.39 ], [ 282154.55, 4155739.54, 2.0 ], [ 282154.55, 4155739.54, 0.0 ], [ 282155.79, 4155739.96, 0.0 ], [ 282155.79, 4155739.96, 2.94 ], [ 282150.38, 4155748.24, 2.24 ], [ 282150.89, 4155747.17, 1.41 ], [ 282150.89, 4155747.17, 2.21 ], [ 282151.66, 4155737.19, 1.26 ], [ 282154.21, 4155739.43, 1.37 ], [ 282154.21, 4155739.43, 0.0 ], [ 282153.71, 4155749.89, 4.96 ], [ 282157.2, 4155751.63, 1.2 ], [ 282154.24, 4155740.04, 1.96 ], [ 282154.24, 4155740.04, 1.39 ], [ 282154.13, 4155737.69, 1.34 ], [ 282154.13, 4155737.69, 0.0 ], [ 282156.48, 4155738.17, 0.0 ], [ 282161.95, 4155742.07, 1.23 ], [ 282153.94, 4155744.73, 3.36 ], [ 282153.94, 4155744.73, 2.95 ], [ 282154.01, 4155743.11, 2.38 ], [ 282154.01, 4155743.11, 2.86 ], [ 282151.78, 4155746.57, 1.42 ], [ 282151.78, 4155746.57, 1.9 ], [ 282151.78, 4155746.57, 2.58 ], [ 282153.73, 4155745.26, 2.98 ], [ 282153.73, 4155745.26, 3.41 ], [ 282151.49, 4155745.9, 1.4 ], [ 282158.33, 4155740.83, 4.89 ], [ 282158.33, 4155740.83, 4.89 ], [ 282154.33, 4155742.14, 2.73 ], [ 282154.33, 4155742.14, 2.27 ], [ 282154.33, 4155742.14, 1.42 ], [ 282153.1, 4155742.45, 1.39 ], [ 282154.37, 4155742.98, 3.04 ], [ 282154.37, 4155742.98, 2.62 ] ], "f": [ [ [ 21, 7, 6, 14, 20 ] ], [ [ 37, 38, 32, 27, 10, 0, 1, 12, 19, 13, 4, 3, 18 ] ], [ [ 34, 15, 9, 11, 29, 31, 23, 26, 39, 35, 17, 2, 5, 8 ] ], [ [ 40, 25, 24, 30, 28, 32, 38, 36 ] ], [ [ 15, 33, 22, 16 ] ], [ [ 2, 3, 4, 5 ] ], [ [ 5, 4, 6, 7, 8 ] ], [ [ 9, 0, 10, 11 ] ], [ [ 13, 14, 6, 4 ] ], [ [ 17, 18, 3, 2 ] ], [ [ 19, 20, 14, 13 ] ], [ [ 23, 24, 25, 26 ] ], [ [ 11, 10, 27, 28, 29 ] ], [ [ 29, 28, 30, 31 ] ], [ [ 31, 30, 24, 23 ] ], [ [ 28, 27, 32 ] ], [ [ 35, 36, 37, 18, 17 ] ], [ [ 37, 36, 38 ] ], [ [ 39, 40, 36, 35 ] ], [ [ 26, 25, 40, 39 ] ], [ [ 34, 33, 15 ] ] ] }, "roof_props": null, "wall_color": "brick", "type": "yes", "landmark": null, "footprint_source": "osm", "source_updated": null, "is_part": false, "parent": null, "hidden": false, "addr": "824 West 28th Street", "wikidata": null, "website": null, "zoning": "R-5", "lidar_p90": 7.92, "ground_z": 34.79 }, "geometry": { "type": "Polygon", "coordinates": [ [ [ 282147.0, 4155746.56 ], [ 282157.2, 4155751.63 ], [ 282162.75, 4155740.46 ], [ 282152.56, 4155735.39 ], [ 282147.0, 4155746.56 ] ] ] } },
{ "type": "Feature", "properties": { "id": "osm:way/745224318", "name": null, "height": 8.16, "min_height": 0.0, "levels": null, "height_source": "lidar", "roof_shape": "flat", "roof_height": 3.1, "roof_azimuth": null, "roof_source": "lod2", "roof_color": "slate", "roof_color_source": "ortho", "lod2_roof": { "v": [ [ 282036.52, 4155588.72, 0.0 ], [ 282034.63, 4155592.63, 0.03 ], [ 282032.98, 4155591.83, 0.88 ], [ 282032.98, 4155591.83, 0.42 ], [ 282033.23, 4155591.28, 0.88 ], [ 282025.82, 4155588.36, 0.0 ], [ 282024.99, 4155587.96, 0.0 ], [ 282024.99, 4155587.96, 0.0 ], [ 282026.49, 4155587.42, 1.28 ], [ 282026.49, 4155587.42, 1.28 ], [ 282030.16, 4155588.1, 2.05 ], [ 282026.49, 4155587.42, 0.02 ], [ 282026.24, 4155587.37, 0.0 ], [ 282026.24, 4155587.37, 1.23 ], [ 282030.58, 4155587.13, 2.47 ], [ 282030.58, 4155587.13, 1.99 ], [ 282030.06, 4155585.56, 1.68 ], [ 282030.53, 4155587.23, 2.55 ], [ 282030.53, 4155587.23, 2.0 ], [ 282027.72, 4155583.95, 1.02 ], [ 282027.72, 4155583.95, 0.0 ], [ 282028.79, 4155584.26, 0.37 ], [ 282028.79, 4155584.26, 1.27 ], [ 282027.57, 4155584.3, 1.05 ], [ 282027.57, 4155584.3, 0.0 ], [ 282027.57, 4155584.3, 0.0 ], [ 282027.72, 4155583.95, 0.0 ], [ 282022.85, 4155586.93, 0.0 ], [ 282027.31, 4155577.71, 0.0 ], [ 282037.45, 4155585.81, 0.0 ], [ 282037.45, 4155585.81, 0.0 ], [ 282033.43, 4155592.05, 0.51 ], [ 282028.94, 4155584.42, 0.47 ], [ 282028.94, 4155584.42, 1.31 ], [ 282029.16, 4155584.15, 0.51 ], [ 282029.16, 4155584.15, 1.09 ], [ 282028.7, 4155581.68, 0.0 ], [ 282028.7, 4155581.68, 0.0 ], [ 282028.41, 4155581.08, 0.0 ], [ 282028.41, 4155581.08, 0.0 ], [ 282037.76, 4155585.34, 0.0 ], [ 282037.76, 4155585.34, 0.0 ], [ 282038.23, 4155585.58, 0.0 ], [ 282031.87, 4155587.42, 3.1 ], [ 282031.87, 4155587.42, 2.27 ], [ 282032.31, 4155587.88, 2.42 ], [ 282032.31, 4155587.88, 2.93 ], [ 282032.33, 4155588.02, 2.5 ], [ 282032.33, 4155588.02, 2.84 ], [ 282025.82, 4155588.36, 0.4 ], [ 282025.93, 4155588.09, 0.0 ], [ 282025.93, 4155588.09, 0.63 ], [ 282030.53, 4155587.23, 2.78 ], [ 282039.15, 4155587.15, 0.0 ], [ 282039.33, 4155586.98, 0.0 ], [ 282029.96, 4155581.38, 0.0 ], [ 282029.96, 4155581.38, 0.0 ], [ 282032.21, 4155582.52, 0.0 ], [ 282032.21, 4155582.52, 0.0 ], [ 282038.21, 4155589.3, 0.0 ], [ 282032.42, 4155589.16, 2.09 ], [ 282029.12, 4155582.72, 0.25 ], [ 282029.12, 4155582.72, 0.17 ], [ 282028.9, 4155582.08, 0.0 ] ], "f": [ [ [ 1, 31, 30, 41, 42, 53, 54, 59, 0 ] ], [ [ 48, 60, 4, 3, 49, 51, 8, 10, 52, 43, 46 ] ], [ [ 13, 23, 19, 22, 33, 16, 15, 18, 10, 9 ] ], [ [ 25, 6, 27, 28, 57, 56, 38, 37, 26 ] ], [ [ 62, 34, 32, 21, 20, 36, 63 ] ], [ [ 30, 47, 45, 44, 17, 14, 16, 33, 35, 61, 63, 36, 39, 55, 58, 40 ] ], [ [ 47, 29, 31, 2, 4, 60 ] ], [ [ 7, 24, 12, 11, 50, 5 ] ], [ [ 2, 3, 4 ] ], [ [ 8, 9, 10 ] ], [ [ 9, 8, 11, 12, 13 ] ], [ [ 14, 15, 16 ] ], [ [ 17, 18, 15, 14 ] ], [ [ 19, 20, 21, 22 ] ], [ [ 23, 24, 25, 26, 20, 19 ] ], [ [ 29, 30, 31 ] ], [ [ 22, 21, 32, 33 ] ], [ [ 33, 32, 34, 35 ] ], [ [ 36, 37, 38, 39 ] ], [ [ 20, 26, 37, 36 ] ], [ [ 40, 41, 30 ] ], [ [ 43, 44, 45, 46 ] ], [ [ 46, 45, 47, 48 ] ], [ [ 49, 5, 50, 51 ] ], [ [ 51, 50, 11, 8 ] ], [ [ 18, 17, 52, 10 ] ], [ [ 52, 17, 44, 43 ] ], [ [ 55, 56, 57, 58 ] ], [ [ 39, 38, 56, 55 ] ], [ [ 13, 12, 24, 23 ] ], [ [ 48, 47, 60 ] ], [ [ 61, 62, 63 ] ], [ [ 35, 34, 62, 61 ] ], [ [ 30, 29, 47 ] ], [ [ 7, 6, 25, 24 ] ] ] }, "roof_props": null, "wall_color": "sand", "type": "yes", "landmark": null, "footprint_source": "osm", "source_updated": null, "is_part": false, "parent": null, "hidden": false, "addr": "821 West 30th Street", "wikidata": null, "website": null, "zoning": "R-5", "lidar_p90": 9.61, "ground_z": 48.23 }, "geometry": { "type": "Polygon", "coordinates": [ [ [ 282040.48, 4155584.61 ], [ 282033.26, 4155581.11 ], [ 282033.7, 4155580.19 ], [ 282027.55, 4155577.22 ], [ 282022.85, 4155586.93 ], [ 282034.63, 4155592.63 ], [ 282036.52, 4155588.72 ], [ 282038.21, 4155589.3 ], [ 282040.48, 4155584.61 ] ] ] } },
{ "type": "Feature", "properties": { "id": "richmond_structure:399143", "name": null, "height": 3.35, "min_height": 0.0, "levels": null, "height_source": "lidar", "roof_shape": "flat", "roof_height": 0.98, "roof_azimuth": null, "roof_source": "lod2", "roof_color": "concrete", "roof_color_source": "heuristic", "lod2_roof": { "v": [ [ 282054.77, 4155589.51, 0.97 ], [ 282055.64, 4155587.57, 0.01 ], [ 282060.21, 4155591.96, 0.98 ], [ 282061.25, 4155589.65, 0.0 ] ], "f": [ [ [ 1, 3, 2, 0 ] ] ] }, "roof_props": null, "wall_color": "sand", "type": "yes", "landmark": null, "footprint_source": "richmond_structures", "source_updated": "2026-09-08T12:07:13.637000Z", "is_part": false, "parent": null, "hidden": false, "addr": null, "wikidata": null, "website": null, "zoning": "R-5", "lidar_p90": 3.49, "ground_z": 46.83 }, "geometry": { "type": "Polygon", "coordinates": [ [ [ 282056.13, 4155586.49 ], [ 282054.76, 4155589.51 ], [ 282060.21, 4155591.96 ], [ 282061.57, 4155588.94 ], [ 282056.13, 4155586.49 ] ] ] } },
{ "type": "Feature", "properties": { "id": "osm:way/745224535", "name": null, "height": 4.7, "min_height": 0.0, "levels": null, "height_source": "lidar", "roof_shape": "hip", "roof_height": 2.37, "roof_azimuth": 156.2, "roof_source": "lidar", "roof_color": "roof_flat", "roof_color_source": "ortho", "lod2_roof": null, "roof_props": null, "wall_color": "cream", "type": "yes", "landmark": null, "footprint_source": "osm", "source_updated": null, "is_part": false, "parent": null, "hidden": false, "addr": "901 West 30th Street", "wikidata": null, "website": null, "zoning": "R-5", "lidar_p90": 7.36, "ground_z": 48.29 }, "geometry": { "type": "Polygon", "coordinates": [ [ [ 282031.67, 4155602.76 ], [ 282034.06, 4155603.81 ], [ 282036.27, 4155598.81 ], [ 282020.71, 4155591.95 ], [ 282019.42, 4155594.85 ], [ 282016.47, 4155593.55 ], [ 282013.51, 4155600.25 ], [ 282016.38, 4155601.52 ], [ 282015.63, 4155603.21 ], [ 282028.89, 4155609.06 ], [ 282031.67, 4155602.76 ] ] ] } },
{ "type": "Feature", "properties": { "id": "osm:way/745223643", "name": null, "height": 3.39, "min_height": 0.0, "levels": null, "height_source": "lidar", "roof_shape": "flat", "roof_height": 0.59, "roof_azimuth": null, "roof_source": "lod2", "roof_color": "roof_dark", "roof_color_source": "heuristic", "lod2_roof": { "v": [ [ 282047.21, 4155610.02, 0.59 ], [ 282048.67, 4155606.89, 0.57 ], [ 282050.63, 4155611.61, 0.0 ], [ 282052.14, 4155608.36, 0.0 ] ], "f": [ [ [ 1, 3, 2, 0 ] ] ] }, "roof_props": null, "wall_color": "brick", "type": "yes", "landmark": null, "footprint_source": "osm", "source_updated": null, "is_part": false, "parent": null, "hidden": false, "addr": null, "wikidata": null, "website": null, "zoning": "R-5", "lidar_p90": 3.5, "ground_z": 47.07 }, "geometry": { "type": "Polygon", "coordinates": [ [ [ 282049.76, 4155604.53 ], [ 282047.21, 4155610.02 ], [ 282050.63, 4155611.61 ], [ 282053.18, 4155606.12 ], [ 282049.76, 4155604.53 ] ] ] } },
{ "type": "Feature", "properties": { "id": "osm:way/745224603", "name": null, "height": 3.07, "min_height": 0.0, "levels": null, "height_source": "lidar", "roof_shape": "flat", "roof_height": 0.4, "roof_azimuth": null, "roof_source": "lod2", "roof_color": "concrete", "roof_color_source": "heuristic", "lod2_roof": { "v": [ [ 282024.46, 4155628.22, 0.2 ], [ 282026.06, 4155624.57, 0.4 ], [ 282030.78, 4155627.07, 0.19 ], [ 282029.36, 4155630.35, 0.0 ] ], "f": [ [ [ 3, 0, 1, 2 ] ] ] }, "roof_props": null, "wall_color": "cream", "type": "yes", "landmark": null, "footprint_source": "osm", "source_updated": null, "is_part": false, "parent": null, "hidden": false, "addr": null, "wikidata": null, "website": null, "zoning": "R-5", "lidar_p90": 3.29, "ground_z": 47.18 }, "geometry": { "type": "Polygon", "coordinates": [ [ [ 282026.51, 4155623.52 ], [ 282024.46, 4155628.22 ], [ 282029.36, 4155630.35 ], [ 282031.4, 4155625.65 ], [ 282026.51, 4155623.52 ] ] ] } },
{ "type": "Feature", "properties": { "id": "osm:way/745223575", "name": null, "height": 7.15, "min_height": 0.0, "levels": null, "height_source": "lidar", "roof_shape": "flat", "roof_height": 1.24, "roof_azimuth": null, "roof_source": "lod2", "roof_color": "roof_flat", "roof_color_source": "ortho", "lod2_roof": { "v": [ [ 282013.54, 4155632.06, 0.0 ], [ 282015.53, 4155633.02, 0.0 ], [ 282013.79, 4155636.63, 0.0 ], [ 282007.67, 4155633.66, 1.24 ], [ 282003.11, 4155631.45, 0.0 ], [ 282015.93, 4155627.12, 0.0 ], [ 282008.26, 4155620.81, 0.0 ], [ 282011.68, 4155621.46, 0.0 ], [ 282007.0, 4155623.41, 0.0 ], [ 282007.0, 4155623.41, 0.0 ], [ 282011.35, 4155625.58, 0.0 ], [ 282011.35, 4155625.58, 1.23 ], [ 282012.49, 4155626.15, 0.83 ], [ 282012.49, 4155626.15, 0.0 ], [ 282013.95, 4155626.87, 0.32 ], [ 282012.12, 4155623.97, 0.0 ], [ 282015.74, 4155627.02, 0.0 ], [ 282012.04, 4155623.5, 0.0 ], [ 282011.87, 4155623.85, 0.0 ] ], "f": [ [ [ 11, 3, 4, 9 ] ], [ [ 16, 5, 0, 1, 2, 3, 11, 12, 14 ] ], [ [ 17, 18, 15, 13, 10, 8, 6, 7 ] ], [ [ 9, 8, 10, 11 ] ], [ [ 11, 10, 13, 12 ] ] ] }, "roof_props": null, "wall_color": "cream", "type": "yes", "landmark": null, "footprint_source": "osm", "source_updated": null, "is_part": false, "parent": null, "hidden": false, "addr": "905 West 30th Street", "wikidata": null, "website": null, "zoning": "R-5", "lidar_p90": 7.76, "ground_z": 47.91 }, "geometry": { "type": "Polygon", "coordinates": [ [ [ 282013.79, 4155636.63 ], [ 282015.53, 4155633.02 ], [ 282013.54, 4155632.06 ], [ 282015.93, 4155627.12 ], [ 282014.55, 4155626.44 ], [ 282015.07, 4155625.4 ], [ 282011.87, 4155623.85 ], [ 282013.32, 4155620.85 ], [ 282009.21, 4155618.86 ], [ 282003.11, 4155631.45 ], [ 282013.79, 4155636.63 ] ] ] } },
{ "type": "Feature", "properties": { "id": "osm:way/745223469", "name": null, "height": 3.65, "min_height": 0.0, "levels": null, "height_source": "lidar", "roof_shape": "flat", "roof_height": 0.46, "roof_azimuth": null, "roof_source": "lod2", "roof_color": "roof_flat", "roof_color_source": "heuristic", "lod2_roof": { "v": [ [ 282059.18, 4155648.45, 0.0 ], [ 282055.98, 4155646.98, 0.46 ], [ 282062.58, 4155641.06, 0.0 ], [ 282058.72, 4155641.06, 0.45 ], [ 282059.39, 4155639.6, 0.45 ], [ 282052.61, 4155645.42, 0.0 ], [ 282055.28, 4155639.61, 0.0 ] ], "f": [ [ [ 4, 2, 0, 1, 3 ] ], [ [ 6, 3, 1, 5 ] ] ] }, "roof_props": null, "wall_color": "sand", "type": "yes", "landmark": null, "footprint_source": "osm", "source_updated": null, "is_part": false, "parent": null, "hidden": false, "addr": null, "wikidata": null, "website": null, "zoning": "R-5", "lidar_p90": 3.94, "ground_z": 41.32 }, "geometry": { "type": "Polygon", "coordinates": [ [ [ 282056.0, 4155638.04 ], [ 282052.61, 4155645.42 ], [ 282059.18, 4155648.45 ], [ 282062.57, 4155641.06 ], [ 282056.0, 4155638.04 ] ] ] } },
{ "type": "Feature", "properties": { "id": "osm:way/745224467", "name": null, "height": 3.01, "min_height": 0.0, "levels": null, "height_source": "lidar", "roof_shape": "flat", "roof_height": 1.05, "roof_azimuth": null, "roof_source": "lod2", "roof_color": "roof_dark", "roof_color_source": "heuristic", "lod2_roof": { "v": [ [ 282019.48, 4155659.12, 1.05 ], [ 282020.36, 4155656.96, 0.0 ], [ 282024.62, 4155659.37, 0.03 ], [ 282023.99, 4155660.94, 0.94 ] ], "f": [ [ [ 3, 0, 1, 2 ] ] ] }, "roof_props": null, "wall_color": "terracotta", "type": "yes", "landmark": null, "footprint_source": "osm", "source_updated": null, "is_part": false, "parent": null, "hidden": false, "addr": null, "wikidata": null, "website": null, "zoning": "R-5", "lidar_p90": 3.74, "ground_z": 45.36 }, "geometry": { "type": "Polygon", "coordinates": [ [ [ 282020.75, 4155655.98 ], [ 282019.48, 4155659.12 ], [ 282023.99, 4155660.94 ], [ 282025.26, 4155657.79 ], [ 282020.75, 4155655.98 ] ] ] } },
{ "type": "Feature", "properties": { "id": "osm:way/745223776", "name": null, "height": 3.41, "min_height": 0.0, "levels": null, "height_source": "lidar", "roof_shape": "flat", "roof_height": 0.97, "roof_azimuth": null, "roof_source": "lod2", "roof_color": "roof_flat", "roof_color_source": "ortho", "lod2_roof": { "v": [ [ 282039.05, 4155674.63, 0.97 ], [ 282040.39, 4155671.79, 0.0 ], [ 282038.59, 4155675.58, 0.47 ], [ 282043.8, 4155678.05, 0.41 ], [ 282044.28, 4155677.03, 0.93 ], [ 282045.84, 4155673.74, 0.0 ] ], "f": [ [ [ 4, 3, 2, 0 ] ], [ [ 5, 4, 0, 1 ] ] ] }, "roof_props": null, "wall_color": "concrete", "type": "yes", "landmark": null, "footprint_source": "osm", "source_updated": null, "is_part": false, "parent": null, "hidden": false, "addr": null, "wikidata": null, "website": null, "zoning": "R-5", "lidar_p90": 3.99, "ground_z": 40.28 }, "geometry": { "type": "Polygon", "coordinates": [ [ [ 282041.14, 4155670.22 ], [ 282038.59, 4155675.58 ], [ 282043.8, 4155678.05 ], [ 282046.34, 4155672.68 ], [ 282041.14, 4155670.22 ] ] ] } },
{ "type": "Feature", "properties": { "id": "osm:way/745224300", "name": null, "height": 6.73, "min_height": 0.0, "levels": null, "height_source": "lidar", "roof_shape": "gable", "roof_height": 2.21, "roof_azimuth": 154.7, "roof_source": "lod2", "roof_color": "roof_flat", "roof_color_source": "ortho", "lod2_roof": { "v": [ [ 282090.77, 4155611.97, 0.0 ], [ 282096.17, 4155614.53, 0.0 ], [ 282090.12, 4155613.48, 0.54 ], [ 282090.12, 4155613.48, 0.0 ], [ 282092.85, 4155614.78, 0.0 ], [ 282092.85, 4155614.78, 2.21 ], [ 282090.45, 4155620.02, 2.17 ], [ 282090.45, 4155620.02, 2.17 ], [ 282091.78, 4155617.11, 2.19 ], [ 282092.85, 4155614.78, 2.21 ], [ 282094.1, 4155621.75, 0.0 ], [ 282086.11, 4155617.96, 0.0 ], [ 282088.58, 4155612.74, 0.0 ], [ 282095.43, 4155616.02, 0.0 ], [ 282095.43, 4155616.02, 0.62 ], [ 282096.56, 4155616.56, 0.0 ] ], "f": [ [ [ 11, 12, 2, 5, 8, 7 ] ], [ [ 1, 13, 4, 3, 0 ] ], [ [ 15, 10, 6, 8, 9, 14 ] ], [ [ 2, 3, 4, 5 ] ], [ [ 6, 7, 8 ] ], [ [ 5, 9, 8 ] ], [ [ 9, 5, 4, 13, 14 ] ] ] }, "roof_props": null, "wall_color": "terracotta", "type": "yes", "landmark": null, "footprint_source": "osm", "source_updated": null, "is_part": false, "parent": null, "hidden": false, "addr": "812 West 29th Street", "wikidata": null, "website": null, "zoning": "R-5", "lidar_p90": 8.77, "ground_z": 41.38 }, "geometry": { "type": "Polygon", "coordinates": [ [ [ 282086.11, 4155617.96 ], [ 282094.1, 4155621.75 ], [ 282097.27, 4155615.06 ], [ 282089.28, 4155611.27 ], [ 282086.11, 4155617.96 ] ] ] } },
{ "type": "Feature", "properties": { "id": "osm:way/745224594", "name": null, "height": 7.57, "min_height": 0.0, "levels": null, "height_source": "lidar", "roof_shape": "flat", "roof_height": 2.43, "roof_azimuth": null, "roof_source": "lod2", "roof_color": "roof_flat", "roof_color_source": "heuristic", "lod2_roof": { "v": [ [ 282140.39, 4155622.37, 1.44 ], [ 282139.6, 4155623.99, 0.41 ], [ 282135.61, 4155622.04, 2.43 ], [ 282135.61, 4155622.04, 0.41 ], [ 282131.46, 4155620.01, 2.39 ], [ 282134.52, 4155613.76, 0.0 ], [ 282137.79, 4155617.86, 0.0 ], [ 282142.03, 4155619.01, 0.0 ], [ 282139.34, 4155616.11, 0.0 ], [ 282136.5, 4155620.51, 1.42 ] ], "f": [ [ [ 3, 9, 0, 1 ] ], [ [ 5, 8, 6, 7, 0, 9, 2, 4 ] ], [ [ 3, 2, 9 ] ] ] }, "roof_props": null, "wall_color": "cream", "type": "yes", "landmark": null, "footprint_source": "osm", "source_updated": null, "is_part": false, "parent": null, "hidden": false, "addr": "807 West 29th Street", "wikidata": null, "website": null, "zoning": "R-5", "lidar_p90": 8.37, "ground_z": 37.78 }, "geometry": { "type": "Polygon", "coordinates": [ [ [ 282142.65, 4155617.72 ], [ 282134.52, 4155613.76 ], [ 282131.46, 4155620.01 ], [ 282139.6, 4155623.99 ], [ 282142.65, 4155617.72 ] ] ] } },
{ "type": "Feature", "properties": { "id": "osm:way/745223898", "name": null, "height": 7.2, "min_height": 0.0, "levels": null, "height_source": "lidar", "roof_shape": "gable", "roof_height": 1.87, "roof_azimuth": 155.0, "roof_source": "lod2", "roof_color": "roof_red", "roof_color_source": "heuristic", "lod2_roof": { "v": [ [ 282134.86, 4155632.26, 0.25 ], [ 282131.36, 4155630.62, 1.87 ], [ 282127.23, 4155628.69, 0.03 ], [ 282129.43, 4155623.99, 0.0 ], [ 282133.69, 4155625.76, 1.86 ], [ 282137.21, 4155627.23, 0.26 ] ], "f": [ [ [ 4, 1, 2, 3 ] ], [ [ 5, 0, 1, 4 ] ] ] }, "roof_props": null, "wall_color": "cream", "type": "yes", "landmark": null, "footprint_source": "osm", "source_updated": null, "is_part": false, "parent": null, "hidden": false, "addr": "809 West 29th Street", "wikidata": null, "website": null, "zoning": "R-5", "lidar_p90": 8.57, "ground_z": 37.13 }, "geometry": { "type": "Polygon", "coordinates": [ [ [ 282137.92, 4155625.72 ], [ 282130.29, 4155622.15 ], [ 282127.23, 4155628.69 ], [ 282134.86, 4155632.26 ], [ 282137.92, 4155625.72 ] ] ] } },
{ "type": "Feature", "properties": { "id": "osm:way/745224298", "name": null, "height": 7.51, "min_height": 0.0, "levels": null, "height_source": "lidar", "roof_shape": "flat", "roof_height": 1.45, "roof_azimuth": null, "roof_source": "lod2", "roof_color": "slate", "roof_color_source": "ortho", "lod2_roof": { "v": [ [ 282091.06, 4155629.97, 0.0 ], [ 282088.67, 4155634.96, 0.0 ], [ 282084.4, 4155632.92, 1.43 ], [ 282078.49, 4155626.18, 0.0 ], [ 282080.29, 4155622.43, 0.0 ], [ 282082.08, 4155627.89, 0.0 ], [ 282081.91, 4155627.81, 0.0 ], [ 282081.91, 4155627.81, 0.0 ], [ 282082.52, 4155625.83, 0.0 ], [ 282082.52, 4155625.83, 0.0 ], [ 282082.52, 4155625.83, 0.0 ], [ 282086.14, 4155627.58, 0.0 ], [ 282086.14, 4155627.58, 1.05 ], [ 282082.41, 4155625.78, 0.0 ], [ 282082.41, 4155625.78, 0.0 ], [ 282082.92, 4155623.76, 0.0 ], [ 282082.92, 4155623.76, 0.0 ], [ 282088.74, 4155628.84, 0.25 ], [ 282089.07, 4155628.63, 0.13 ], [ 282089.07, 4155628.63, 0.0 ], [ 282080.55, 4155631.08, 0.0 ], [ 282087.62, 4155626.14, 0.0 ], [ 282090.68, 4155627.6, 0.0 ], [ 282086.82, 4155627.83, 0.0 ], [ 282086.82, 4155627.83, 1.45 ], [ 282082.3, 4155626.24, 0.0 ], [ 282082.3, 4155626.24, 0.0 ], [ 282080.5, 4155622.32, 0.0 ], [ 282087.46, 4155626.47, 0.0 ] ], "f": [ [ [ 24, 18, 17, 0, 1, 2 ] ], [ [ 7, 25, 8, 12, 24, 2, 20, 5 ] ], [ [ 4, 27, 15, 13, 9, 26, 6, 3 ] ], [ [ 16, 28, 21, 22, 19, 23, 11, 10, 14 ] ], [ [ 8, 9, 10, 11, 12 ] ], [ [ 13, 14, 10, 9 ] ], [ [ 15, 16, 14, 13 ] ], [ [ 12, 11, 23, 24 ] ], [ [ 24, 23, 19, 18 ] ], [ [ 25, 26, 9, 8 ] ], [ [ 7, 6, 26, 25 ] ] ] }, "roof_props": null, "wall_color": "cream", "type": "yes", "landmark": null, "footprint_source": "osm", "source_updated": null, "is_part": false, "parent": null, "hidden": false, "addr": "814 West 29th Street", "wikidata": null, "website": null, "zoning": "R-5", "lidar_p90": 8.67, "ground_z": 41.4 }, "geometry": { "type": "Polygon", "coordinates": [ [ [ 282081.86, 4155621.55 ], [ 282080.29, 4155622.43 ], [ 282078.49, 4155626.18 ], [ 282082.08, 4155627.89 ], [ 282080.55, 4155631.08 ], [ 282088.67, 4155634.96 ], [ 282091.91, 4155628.19 ], [ 282084.9, 4155624.83 ], [ 282085.34, 4155623.89 ], [ 282084.53, 4155622.82 ], [ 282081.86, 4155621.55 ] ] ] } },
{ "type": "Feature", "properties": { "id": "osm:way/745223501", "name": null, "height": 7.62, "min_height": 0.0, "levels": null, "height_source": "lidar", "roof_shape": "gable", "roof_height": 2.33, "roof_azimuth": 155.2, "roof_source": "lod2", "roof_color": "slate", "roof_color_source": "ortho", "lod2_roof": { "v": [ [ 282129.51, 4155634.7, 2.33 ], [ 282132.91, 4155636.53, 0.29 ], [ 282122.87, 4155637.84, 0.01 ], [ 282125.57, 4155632.01, 0.0 ], [ 282129.15, 4155635.44, 2.32 ], [ 282127.02, 4155639.76, 2.27 ], [ 282127.02, 4155639.76, 2.27 ], [ 282130.64, 4155641.43, 0.17 ] ], "f": [ [ [ 4, 5, 2, 3 ] ], [ [ 4, 0, 1, 7, 6 ] ], [ [ 6, 5, 4 ] ] ] }, "roof_props": null, "wall_color": "terracotta", "type": "yes", "landmark": null, "footprint_source": "osm", "source_updated": null, "is_part": false, "parent": null, "hidden": false, "addr": "811 West 29th Street", "wikidata": null, "website": null, "zoning": "R-5", "lidar_p90": 9.36, "ground_z": 36.59 }, "geometry": { "type": "Polygon", "coordinates": [ [ [ 282125.89, 4155631.31 ], [ 282122.87, 4155637.84 ], [ 282130.63, 4155641.43 ], [ 282133.67, 4155634.9 ], [ 282125.89, 4155631.31 ] ] ] } },
{ "type": "Feature", "properties": { "id": "osm:way/745224532", "name": null, "height": 7.96, "min_height": 0.0, "levels": null, "height_source": "lidar", "roof_shape": "flat", "roof_height": 1.04, "roof_azimuth": null, "roof_source": "lod2", "roof_color": "roof_flat", "roof_color_source": "ortho", "lod2_roof": { "v": [ [ 282073.17, 4155639.84, 0.0 ], [ 282074.7, 4155636.48, 0.0 ], [ 282077.67, 4155639.63, 0.0 ], [ 282078.33, 4155638.14, 0.0 ], [ 282077.47, 4155637.74, 0.0 ], [ 282077.67, 4155639.63, 0.0 ], [ 282080.75, 4155640.97, 0.0 ], [ 282080.75, 4155640.97, 1.04 ], [ 282075.46, 4155640.89, 0.0 ], [ 282073.94, 4155644.22, 0.0 ], [ 282083.59, 4155642.73, 0.0 ], [ 282083.59, 4155642.73, 0.0 ], [ 282083.68, 4155642.24, 0.0 ], [ 282083.68, 4155642.24, 0.0 ], [ 282084.51, 4155642.6, 0.0 ], [ 282084.51, 4155642.6, 0.0 ], [ 282076.77, 4155639.25, 0.0 ], [ 282076.77, 4155639.25, 0.0 ], [ 282085.13, 4155641.24, 0.0 ], [ 282082.08, 4155647.93, 0.0 ], [ 282082.58, 4155641.76, 0.0 ], [ 282082.58, 4155641.76, 0.0 ], [ 282078.31, 4155646.21, 1.03 ], [ 282074.39, 4155644.42, 0.0 ], [ 282074.39, 4155644.42, 0.0 ] ], "f": [ [ [ 21, 10, 13, 15, 19, 22, 7 ] ], [ [ 11, 20, 6, 2, 3, 18, 14, 12 ] ], [ [ 16, 23, 9, 8, 0, 1, 4 ] ], [ [ 24, 17, 5, 7, 22 ] ], [ [ 5, 2, 6, 7 ] ], [ [ 10, 11, 12, 13 ] ], [ [ 13, 12, 14, 15 ] ], [ [ 7, 6, 20, 21 ] ], [ [ 21, 20, 11, 10 ] ], [ [ 24, 23, 16, 17 ] ] ] }, "roof_props": null, "wall_color": "cream", "type": "yes", "landmark": null, "footprint_source": "osm", "source_updated": null, "is_part": false, "parent": null, "hidden": false, "addr": "816 West 29th Street", "wikidata": null, "website": null, "zoning": "R-5", "lidar_p90": 8.76, "ground_z": 41.29 }, "geometry": { "type": "Polygon", "coordinates": [ [ [ 282073.17, 4155639.84 ], [ 282075.46, 4155640.89 ], [ 282073.94, 4155644.22 ], [ 282082.08, 4155647.93 ], [ 282085.13, 4155641.24 ], [ 282074.7, 4155636.48 ], [ 282073.17, 4155639.84 ] ] ] } },
{ "type": "Feature", "properties": { "id": "osm:way/745223943", "name": null, "height": 8.27, "min_height": 0.0, "levels": null, "height_source": "lidar", "roof_shape": "flat", "roof_height": 2.07, "roof_azimuth": null, "roof_source": "lod2", "roof_color": "concrete", "roof_color_source": "heuristic", "lod2_roof": { "v": [ [ 282126.67, 4155655.17, 0.0 ], [ 282122.35, 4155653.48, 1.99 ], [ 282127.52, 4155653.0, 0.06 ], [ 282117.6, 4155648.17, 0.0 ], [ 282118.33, 4155646.3, 0.0 ], [ 282118.49, 4155648.51, 0.0 ], [ 282117.31, 4155651.51, 0.0 ], [ 282124.54, 4155648.95, 2.07 ], [ 282127.54, 4155650.24, 0.62 ], [ 282130.47, 4155654.13, 0.0 ], [ 282130.54, 4155653.95, 0.0 ] ], "f": [ [ [ 10, 9, 2, 0, 1, 7, 8 ] ], [ [ 4, 7, 1, 6, 5, 3 ] ] ] }, "roof_props": null, "wall_color": "cream", "type": "yes", "landmark": null, "footprint_source": "osm", "source_updated": null, "is_part": false, "parent": null, "hidden": false, "addr": "813 West 29th Street", "wikidata": null, "website": null, "zoning": "R-5", "lidar_p90": 9.7, "ground_z": 35.51 }, "geometry": { "type": "Polygon", "coordinates": [ [ [ 282127.52, 4155653.0 ], [ 282130.47, 4155654.13 ], [ 282132.21, 4155649.61 ], [ 282129.28, 4155648.49 ], [ 282129.64, 4155647.58 ], [ 282120.73, 4155644.1 ], [ 282120.1, 4155645.72 ], [ 282118.76, 4155645.2 ], [ 282117.6, 4155648.17 ], [ 282118.49, 4155648.51 ], [ 282117.31, 4155651.51 ], [ 282126.67, 4155655.17 ], [ 282127.52, 4155653.0 ] ] ] } },
{ "type": "Feature", "properties": { "id": "osm:way/745223757", "name": null, "height": 7.84, "min_height": 0.0, "levels": null, "height_source": "lidar", "roof_shape": "flat", "roof_height": 1.18, "roof_azimuth": null, "roof_source": "lod2", "roof_color": "roof_flat", "roof_color_source": "ortho", "lod2_roof": { "v": [ [ 282071.05, 4155650.56, 0.0 ], [ 282079.23, 4155654.39, 0.0 ], [ 282072.28, 4155659.3, 1.16 ], [ 282067.92, 4155657.25, 0.0 ], [ 282076.09, 4155661.09, 0.0 ], [ 282078.61, 4155655.71, 0.0 ], [ 282070.19, 4155652.39, 0.0 ], [ 282070.19, 4155652.39, 0.0 ], [ 282074.67, 4155654.15, 1.18 ], [ 282074.67, 4155654.15, 0.0 ], [ 282078.61, 4155655.71, 0.0 ] ], "f": [ [ [ 2, 8, 10, 4 ] ], [ [ 7, 8, 2, 3 ] ], [ [ 9, 6, 0, 1, 5 ] ], [ [ 8, 9, 5, 10 ] ], [ [ 7, 6, 9, 8 ] ] ] }, "roof_props": null, "wall_color": "cream", "type": "yes", "landmark": null, "footprint_source": "osm", "source_updated": null, "is_part": false, "parent": null, "hidden": false, "addr": "818 West 29th Street", "wikidata": null, "website": null, "zoning": "R-5", "lidar_p90": 8.63, "ground_z": 40.94 }, "geometry": { "type": "Polygon", "coordinates": [ [ [ 282071.05, 4155650.56 ], [ 282067.92, 4155657.25 ], [ 282076.09, 4155661.09 ], [ 282079.23, 4155654.39 ], [ 282071.05, 4155650.56 ] ] ] } },
{ "type": "Feature", "properties": { "id": "osm:way/745224364", "name": null, "height": 7.21, "min_height": 0.0, "levels": null, "height_source": "lidar", "roof_shape": "gable", "roof_height": 3.27, "roof_azimuth": 159.8, "roof_source": "lod2", "roof_color": "roof_red", "roof_color_source": "heuristic", "lod2_roof": { "v": [ [ 282121.92, 4155663.18, 1.1 ], [ 282121.92, 4155663.18, 0.0 ], [ 282118.44, 4155661.9, 3.27 ], [ 282122.9, 4155663.55, 0.0 ], [ 282113.27, 4155660.0, 0.06 ], [ 282120.58, 4155657.2, 3.27 ], [ 282120.58, 4155657.2, 3.27 ], [ 282123.45, 4155658.38, 0.0 ], [ 282123.45, 4155658.38, 1.45 ], [ 282115.44, 4155655.07, 0.03 ], [ 282124.91, 4155658.98, 0.0 ] ], "f": [ [ [ 9, 6, 2, 4 ] ], [ [ 8, 0, 2, 5 ] ], [ [ 10, 3, 1, 7 ] ], [ [ 6, 5, 2 ] ], [ [ 8, 7, 1, 0 ] ] ] }, "roof_props": null, "wall_color": "sand", "type": "yes", "landmark": null, "footprint_source": "osm", "source_updated": null, "is_part": false, "parent": null, "hidden": false, "addr": "815 West 29th Street", "wikidata": null, "website": null, "zoning": "R-5", "lidar_p90": 9.62, "ground_z": 35.48 }, "geometry": { "type": "Polygon", "coordinates": [ [ [ 282125.96, 4155656.58 ], [ 282116.34, 4155653.05 ], [ 282113.27, 4155660.0 ], [ 282122.9, 4155663.55 ], [ 282125.96, 4155656.58 ] ] ] } },
{ "type": "Feature", "properties": { "id": "osm:way/745223921", "name": null, "height": 6.31, "min_height": 0.0, "levels": null, "height_source": "lidar", "roof_shape": "gable", "roof_height": 3.61, "roof_azimuth": 160.4, "roof_source": "lod2", "roof_color": "roof_red", "roof_color_source": "heuristic", "lod2_roof": { "v": [ [ 282118.04, 4155672.2, 1.35 ], [ 282114.37, 4155670.9, 3.6 ], [ 282114.37, 4155670.9, 3.6 ], [ 282108.43, 4155668.79, 0.0 ], [ 282110.79, 4155663.51, 0.0 ], [ 282116.56, 4155666.09, 3.61 ], [ 282120.08, 4155667.67, 1.38 ] ], "f": [ [ [ 5, 1, 3, 4 ] ], [ [ 6, 0, 2, 5 ] ], [ [ 2, 1, 5 ] ] ] }, "roof_props": null, "wall_color": "concrete", "type": "yes", "landmark": null, "footprint_source": "osm", "source_updated": null, "is_part": false, "parent": null, "hidden": false, "addr": "817 West 29th Street", "wikidata": null, "website": null, "zoning": "R-5", "lidar_p90": 9.69, "ground_z": 35.63 }, "geometry": { "type": "Polygon", "coordinates": [ [ [ 282121.28, 4155665.0 ], [ 282111.65, 4155661.58 ], [ 282108.43, 4155668.79 ], [ 282118.04, 4155672.2 ], [ 282121.28, 4155665.0 ] ] ] } },
{ "type": "Feature", "properties": { "id": "osm:way/745224302", "name": null, "height": 4.27, "min_height": 0.0, "levels": null, "height_source": "lidar", "roof_shape": "flat", "roof_height": 1.31, "roof_azimuth": null, "roof_source": "lod2", "roof_color": "roof_dark", "roof_color_source": "heuristic", "lod2_roof": { "v": [ [ 282033.41, 4155688.55, 0.01 ], [ 282034.05, 4155687.11, 1.29 ], [ 282034.05, 4155687.11, 1.29 ], [ 282040.27, 4155690.08, 1.31 ], [ 282039.72, 4155691.32, 0.2 ], [ 282041.49, 4155687.31, 0.0 ], [ 282035.28, 4155684.3, 0.0 ] ], "f": [ [ [ 4, 0, 2, 3 ] ], [ [ 6, 5, 3, 1 ] ], [ [ 2, 1, 3 ] ] ] }, "roof_props": null, "wall_color": "terracotta", "type": "yes", "landmark": null, "footprint_source": "osm", "source_updated": null, "is_part": false, "parent": null, "hidden": false, "addr": null, "wikidata": null, "website": null, "zoning": "R-5", "lidar_p90": 5.2, "ground_z": 39.84 }, "geometry": { "type": "Polygon", "coordinates": [ [ [ 282035.79, 4155683.14 ], [ 282033.41, 4155688.55 ], [ 282039.72, 4155691.32 ], [ 282042.1, 4155685.92 ], [ 282035.79, 4155683.14 ] ] ] } },
{ "type": "Feature", "properties": { "id": "osm:way/745224205", "name": null, "height": 7.35, "min_height": 0.0, "levels": null, "height_source": "lidar", "roof_shape": "flat", "roof_height": 1.85, "roof_azimuth": null, "roof_source": "lod2", "roof_color": "roof_flat", "roof_color_source": "ortho", "lod2_roof": { "v": [ [ 282062.32, 4155690.58, 0.0 ], [ 282059.38, 4155696.54, 0.0 ], [ 282056.42, 4155693.7, 1.85 ], [ 282056.42, 4155693.7, 0.0 ], [ 282059.38, 4155696.54, 0.0 ], [ 282053.95, 4155699.04, 1.82 ], [ 282049.65, 4155696.97, 0.0 ], [ 282057.34, 4155700.68, 0.0 ], [ 282054.02, 4155687.98, 0.0 ], [ 282058.7, 4155690.55, 0.0 ], [ 282060.46, 4155689.65, 0.0 ], [ 282052.03, 4155692.08, 0.0 ], [ 282052.03, 4155692.08, 0.0 ], [ 282054.86, 4155692.64, 0.0 ], [ 282054.86, 4155692.64, 0.81 ], [ 282055.93, 4155693.22, 1.49 ], [ 282055.93, 4155693.22, 0.0 ], [ 282055.92, 4155693.1, 1.46 ], [ 282055.92, 4155693.1, 0.0 ] ], "f": [ [ [ 18, 13, 12, 8, 9, 10, 0, 1, 3, 16 ] ], [ [ 2, 5, 6, 11, 14, 17, 15 ] ], [ [ 5, 2, 4, 7 ] ], [ [ 2, 3, 1, 4 ] ], [ [ 11, 12, 13, 14 ] ], [ [ 15, 16, 3, 2 ] ], [ [ 17, 18, 16, 15 ] ], [ [ 14, 13, 18, 17 ] ] ] }, "roof_props": null, "wall_color": "cream", "type": "yes", "landmark": null, "footprint_source": "osm", "source_updated": null, "is_part": false, "parent": null, "hidden": false, "addr": "824 West 29th Street", "wikidata": null, "website": null, "zoning": "R-5", "lidar_p90": 8.51, "ground_z": 39.48 }, "geometry": { "type": "Polygon", "coordinates": [ [ [ 282054.61, 4155686.76 ], [ 282049.65, 4155696.97 ], [ 282057.34, 4155700.68 ], [ 282062.32, 4155690.58 ], [ 282054.61, 4155686.76 ] ] ] } },
{ "type": "Feature", "properties": { "id": "osm:way/745223386", "name": null, "height": 3.06, "min_height": 0.0, "levels": null, "height_source": "lidar", "roof_shape": "flat", "roof_height": 1.05, "roof_azimuth": null, "roof_source": "lod2", "roof_color": "roof_dark", "roof_color_source": "heuristic", "lod2_roof": { "v": [ [ 282025.64, 4155701.25, 0.95 ], [ 282026.48, 4155699.59, 0.0 ], [ 282030.59, 4155703.75, 1.05 ], [ 282031.63, 4155701.68, 0.0 ] ], "f": [ [ [ 1, 3, 2, 0 ] ] ] }, "roof_props": null, "wall_color": "cream", "type": "yes", "landmark": null, "footprint_source": "osm", "source_updated": null, "is_part": false, "parent": null, "hidden": false, "addr": null, "wikidata": null, "website": null, "zoning": "R-5", "lidar_p90": 3.35, "ground_z": 39.09 }, "geometry": { "type": "Polygon", "coordinates": [ [ [ 282027.08, 4155698.38 ], [ 282025.64, 4155701.25 ], [ 282030.59, 4155703.75 ], [ 282032.04, 4155700.88 ], [ 282027.08, 4155698.38 ] ] ] } },
{ "type": "Feature", "properties": { "id": "osm:way/745224723", "name": null, "height": 7.73, "min_height": 0.0, "levels": null, "height_source": "lidar", "roof_shape": "flat", "roof_height": 1.49, "roof_azimuth": null, "roof_source": "lod2", "roof_color": "roof_flat", "roof_color_source": "ortho", "lod2_roof": { "v": [ [ 282043.55, 4155710.07, 0.0 ], [ 282046.03, 4155704.7, 0.0 ], [ 282046.03, 4155704.7, 0.0 ], [ 282050.34, 4155706.8, 0.0 ], [ 282050.34, 4155706.8, 1.49 ], [ 282047.89, 4155712.07, 1.47 ], [ 282047.86, 4155702.74, 0.0 ], [ 282054.04, 4155705.62, 0.0 ], [ 282053.63, 4155706.49, 0.0 ], [ 282054.8, 4155707.03, 0.0 ], [ 282054.07, 4155708.61, 0.0 ], [ 282054.07, 4155708.61, 0.0 ], [ 282051.67, 4155713.82, 0.0 ], [ 282046.72, 4155703.2, 0.0 ], [ 282047.48, 4155703.56, 0.0 ] ], "f": [ [ [ 4, 5, 0, 2 ] ], [ [ 12, 5, 4, 11 ] ], [ [ 7, 8, 9, 10, 3, 1, 13, 14, 6 ] ], [ [ 2, 1, 3, 4 ] ], [ [ 4, 3, 10, 11 ] ] ] }, "roof_props": null, "wall_color": "terracotta", "type": "yes", "landmark": null, "footprint_source": "osm", "source_updated": null, "is_part": false, "parent": null, "hidden": false, "addr": "826 West 29th Street", "wikidata": null, "website": null, "zoning": "R-5", "lidar_p90": 8.74, "ground_z": 38.71 }, "geometry": { "type": "Polygon", "coordinates": [ [ [ 282043.55, 4155710.07 ], [ 282051.67, 4155713.82 ], [ 282054.8, 4155707.03 ], [ 282053.63, 4155706.49 ], [ 282054.75, 4155704.1 ], [ 282048.55, 4155701.24 ], [ 282047.48, 4155703.56 ], [ 282046.72, 4155703.2 ], [ 282043.55, 4155710.07 ] ] ] } },
{ "type": "Feature", "properties": { "id": "osm:way/745224721", "name": null, "height": 3.25, "min_height": 0.0, "levels": null, "height_source": "lidar", "roof_shape": "flat", "roof_height": 0.91, "roof_azimuth": null, "roof_source": "lod2", "roof_color": "roof_dark", "roof_color_source": "heuristic", "lod2_roof": { "v": [ [ 282013.23, 4155710.78, 0.0 ], [ 282017.92, 4155713.11, 0.07 ], [ 282012.15, 4155712.27, 0.86 ], [ 282012.31, 4155711.95, 0.69 ], [ 282012.68, 4155712.15, 0.71 ], [ 282017.16, 4155714.69, 0.91 ] ], "f": [ [ [ 4, 0, 1, 5, 2, 3 ] ] ] }, "roof_props": null, "wall_color": "sand", "type": "yes", "landmark": null, "footprint_source": "osm", "source_updated": null, "is_part": false, "parent": null, "hidden": false, "addr": null, "wikidata": null, "website": null, "zoning": "R-5", "lidar_p90": 3.37, "ground_z": 38.8 }, "geometry": { "type": "Polygon", "coordinates": [ [ [ 282013.61, 4155709.24 ], [ 282012.15, 4155712.27 ], [ 282017.16, 4155714.69 ], [ 282018.62, 4155711.67 ], [ 282013.61, 4155709.24 ] ] ] } },
{ "type": "Feature", "properties": { "id": "osm:way/745223623", "name": null, "height": 8.01, "min_height": 0.0, "levels": null, "height_source": "lidar", "roof_shape": "flat", "roof_height": 1.66, "roof_azimuth": null, "roof_source": "lod2", "roof_color": "roof_flat", "roof_color_source": "ortho", "lod2_roof": { "v": [ [ 282040.77, 4155716.84, 0.0 ], [ 282041.78, 4155717.01, 0.0 ], [ 282042.23, 4155716.06, 0.0 ], [ 282045.42, 4155726.98, 0.0 ], [ 282041.78, 4155725.29, 1.62 ], [ 282037.33, 4155723.22, 0.0 ], [ 282039.74, 4155718.03, 0.0 ], [ 282040.17, 4155718.22, 0.0 ], [ 282040.17, 4155718.22, 0.0 ], [ 282047.12, 4155721.34, 0.0 ], [ 282047.12, 4155721.34, 0.0 ], [ 282047.12, 4155721.34, 0.0 ], [ 282047.88, 4155721.68, 0.0 ], [ 282047.88, 4155721.68, 0.0 ], [ 282047.96, 4155719.76, 0.0 ], [ 282047.96, 4155719.76, 0.0 ], [ 282044.24, 4155720.05, 0.0 ], [ 282044.24, 4155720.05, 1.66 ], [ 282044.24, 4155720.05, 1.66 ], [ 282048.62, 4155720.07, 0.0 ], [ 282047.48, 4155719.31, 0.0 ], [ 282047.39, 4155719.49, 0.0 ] ], "f": [ [ [ 17, 4, 5, 6, 8 ] ], [ [ 15, 19, 12, 11 ] ], [ [ 18, 9, 13, 3, 4 ] ], [ [ 20, 21, 14, 10, 16, 7, 0, 1, 2 ] ], [ [ 9, 10, 11, 12, 13 ] ], [ [ 14, 15, 11, 10 ] ], [ [ 8, 7, 16, 17 ] ], [ [ 17, 18, 4 ] ], [ [ 18, 17, 16, 10, 9 ] ] ] }, "roof_props": null, "wall_color": "cream", "type": "yes", "landmark": null, "footprint_source": "osm", "source_updated": null, "is_part": false, "parent": null, "hidden": false, "addr": "828 West 29th Street", "wikidata": null, "website": null, "zoning": "R-5", "lidar_p90": 8.83, "ground_z": 38.3 }, "geometry": { "type": "Polygon", "coordinates": [ [ [ 282037.33, 4155723.22 ], [ 282045.42, 4155726.98 ], [ 282048.62, 4155720.07 ], [ 282047.39, 4155719.49 ], [ 282048.17, 4155717.82 ], [ 282042.61, 4155715.23 ], [ 282041.78, 4155717.01 ], [ 282040.33, 4155716.77 ], [ 282037.33, 4155723.22 ] ] ] } },
{ "type": "Feature", "properties": { "id": "osm:way/745224452", "name": null, "height": 6.77, "min_height": 0.0, "levels": null, "height_source": "lidar", "roof_shape": "gable", "roof_height": 2.48, "roof_azimuth": 156.6, "roof_source": "lod2", "roof_color": "roof_flat", "roof_color_source": "ortho", "lod2_roof": { "v": [ [ 282066.09, 4155672.76, 2.47 ], [ 282066.09, 4155672.76, 2.47 ], [ 282068.58, 4155667.36, 2.48 ], [ 282064.86, 4155664.06, 0.0 ], [ 282072.91, 4155667.54, 0.0 ], [ 282061.88, 4155670.94, 0.0 ], [ 282072.2, 4155669.2, 0.0 ], [ 282064.36, 4155665.21, 0.0 ], [ 282064.36, 4155665.21, 0.0 ], [ 282068.58, 4155667.36, 0.0 ], [ 282069.93, 4155674.43, 0.09 ], [ 282072.2, 4155669.2, 0.18 ], [ 282070.76, 4155668.46, 1.09 ], [ 282070.76, 4155668.46, 0.0 ], [ 282070.81, 4155668.38, 0.0 ], [ 282070.81, 4155668.38, 1.08 ], [ 282071.12, 4155668.65, 0.86 ], [ 282071.12, 4155668.65, 0.0 ] ], "f": [ [ [ 8, 2, 1, 5 ] ], [ [ 15, 16, 11, 10, 0, 2, 12 ] ], [ [ 17, 14, 13, 9, 7, 3, 4, 6 ] ], [ [ 0, 1, 2 ] ], [ [ 8, 7, 9, 2 ] ], [ [ 12, 13, 14, 15 ] ], [ [ 2, 9, 13, 12 ] ], [ [ 16, 17, 6, 11 ] ], [ [ 15, 14, 17, 16 ] ] ] }, "roof_props": null, "wall_color": "sand", "type": "yes", "landmark": null, "footprint_source": "osm", "source_updated": null, "is_part": false, "parent": null, "hidden": false, "addr": "820 West 29th Street", "wikidata": null, "website": null, "zoning": "R-5", "lidar_p90": 8.76, "ground_z": 40.46 }, "geometry": { "type": "Polygon", "coordinates": [ [ [ 282064.86, 4155664.06 ], [ 282061.88, 4155670.94 ], [ 282069.93, 4155674.43 ], [ 282072.91, 4155667.54 ], [ 282064.86, 4155664.06 ] ] ] } },
{ "type": "Feature", "properties": { "id": "osm:way/745223952", "name": null, "height": 6.9, "min_height": 0.0, "levels": null, "height_source": "lidar", "roof_shape": "gable", "roof_height": 3.78, "roof_azimuth": 159.2, "roof_source": "lod2", "roof_color": "slate", "roof_color_source": "ortho", "lod2_roof": { "v": [ [ 282110.59, 4155679.13, 3.78 ], [ 282110.59, 4155679.13, 3.78 ], [ 282112.7, 4155674.49, 3.73 ], [ 282107.02, 4155671.97, 0.21 ], [ 282114.09, 4155680.45, 1.58 ], [ 282114.09, 4155680.45, 0.0 ], [ 282104.75, 4155676.91, 0.25 ], [ 282116.58, 4155676.22, 0.0 ], [ 282114.56, 4155680.63, 0.0 ], [ 282115.9, 4155675.92, 0.0 ], [ 282115.9, 4155675.92, 1.66 ] ], "f": [ [ [ 1, 6, 3, 2 ] ], [ [ 10, 4, 0, 2 ] ], [ [ 9, 7, 8, 5 ] ], [ [ 0, 1, 2 ] ], [ [ 10, 9, 5, 4 ] ] ] }, "roof_props": null, "wall_color": "terracotta", "type": "yes", "landmark": null, "footprint_source": "osm", "source_updated": null, "is_part": false, "parent": null, "hidden": false, "addr": "819 West 29th Street", "wikidata": null, "website": null, "zoning": "R-5", "lidar_p90": 9.57, "ground_z": 35.4 }, "geometry": { "type": "Polygon", "coordinates": [ [ [ 282117.63, 4155673.94 ], [ 282107.82, 4155670.24 ], [ 282104.75, 4155676.91 ], [ 282114.56, 4155680.63 ], [ 282117.63, 4155673.94 ] ] ] } },
{ "type": "Feature", "properties": { "id": "osm:way/745224063", "name": null, "height": 7.74, "min_height": 0.0, "levels": null, "height_source": "lidar", "roof_shape": "flat", "roof_height": 1.3, "roof_azimuth": null, "roof_source": "lod2", "roof_color": "roof_flat", "roof_color_source": "ortho", "lod2_roof": { "v": [ [ 282058.14, 4155679.22, 0.0 ], [ 282058.14, 4155679.22, 0.0 ], [ 282059.03, 4155678.62, 0.0 ], [ 282059.03, 4155678.62, 0.0 ], [ 282061.76, 4155679.95, 0.0 ], [ 282061.76, 4155679.95, 0.0 ], [ 282061.76, 4155679.95, 0.82 ], [ 282061.74, 4155680.03, 0.0 ], [ 282061.74, 4155680.03, 0.83 ], [ 282060.6, 4155677.57, 0.0 ], [ 282058.24, 4155678.24, 0.0 ], [ 282061.69, 4155676.27, 0.0 ], [ 282062.83, 4155676.85, 0.0 ], [ 282055.72, 4155683.71, 0.0 ], [ 282057.83, 4155679.14, 0.0 ], [ 282057.83, 4155679.14, 0.0 ], [ 282061.04, 4155677.77, 0.0 ], [ 282066.52, 4155681.38, 0.0 ], [ 282063.73, 4155687.39, 0.0 ], [ 282062.83, 4155676.85, 0.0 ], [ 282062.49, 4155680.43, 1.3 ], [ 282062.49, 4155680.43, 0.0 ], [ 282065.46, 4155682.02, 0.0 ], [ 282065.46, 4155682.02, 0.0 ], [ 282066.9, 4155678.9, 0.0 ], [ 282065.84, 4155681.2, 0.0 ], [ 282060.06, 4155685.7, 1.3 ], [ 282065.84, 4155681.2, 0.0 ] ], "f": [ [ [ 12, 4, 2, 9, 16, 11 ] ], [ [ 1, 14, 10, 2 ] ], [ [ 27, 17, 18, 26, 20, 23 ] ], [ [ 21, 7, 5, 19, 24, 25, 22 ] ], [ [ 26, 13, 15, 0, 3, 6, 8, 20 ] ], [ [ 0, 1, 2, 3 ] ], [ [ 3, 2, 4, 5, 6 ] ], [ [ 6, 5, 7, 8 ] ], [ [ 5, 4, 12, 19 ] ], [ [ 15, 14, 1, 0 ] ], [ [ 20, 21, 22, 23 ] ], [ [ 23, 22, 25, 27 ] ], [ [ 8, 7, 21, 20 ] ] ] }, "roof_props": null, "wall_color": "concrete", "type": "yes", "landmark": null, "footprint_source": "osm", "source_updated": null, "is_part": false, "parent": null, "hidden": false, "addr": "822 West 29th Street", "wikidata": null, "website": null, "zoning": "R-5", "lidar_p90": 8.76, "ground_z": 39.95 }, "geometry": { "type": "Polygon", "coordinates": [ [ [ 282055.72, 4155683.71 ], [ 282063.73, 4155687.38 ], [ 282068.49, 4155677.14 ], [ 282062.44, 4155674.54 ], [ 282061.03, 4155677.77 ], [ 282058.9, 4155676.8 ], [ 282055.72, 4155683.71 ] ] ] } },
{ "type": "Feature", "properties": { "id": "osm:way/745224387", "name": null, "height": 6.39, "min_height": 0.0, "levels": null, "height_source": "lidar", "roof_shape": "hip", "roof_height": 3.45, "roof_azimuth": 81.1, "roof_source": "lod2", "roof_color": "roof_flat", "roof_color_source": "ortho", "lod2_roof": { "v": [ [ 282109.72, 4155689.37, 1.37 ], [ 282106.49, 4155687.94, 3.41 ], [ 282106.49, 4155687.94, 3.41 ], [ 282101.08, 4155685.54, 0.0 ], [ 282103.23, 4155680.7, 0.0 ], [ 282108.71, 4155683.12, 3.45 ], [ 282107.6, 4155685.53, 3.43 ], [ 282108.71, 4155683.12, 3.45 ], [ 282111.87, 4155684.51, 1.45 ] ], "f": [ [ [ 5, 6, 2, 3, 4 ] ], [ [ 8, 0, 1, 6, 7 ] ], [ [ 1, 2, 6 ] ], [ [ 5, 7, 6 ] ] ] }, "roof_props": null, "wall_color": "brick", "type": "yes", "landmark": null, "footprint_source": "osm", "source_updated": null, "is_part": false, "parent": null, "hidden": false, "addr": "821 West 29th Street", "wikidata": null, "website": null, "zoning": "R-5", "lidar_p90": 9.1, "ground_z": 35.74 }, "geometry": { "type": "Polygon", "coordinates": [ [ [ 282112.67, 4155682.7 ], [ 282104.04, 4155678.88 ], [ 282101.08, 4155685.54 ], [ 282109.72, 4155689.37 ], [ 282112.67, 4155682.7 ] ] ] } },
{ "type": "Feature", "properties": { "id": "osm:way/745224203", "name": null, "height": 2.5, "min_height": 0.0, "levels": null, "height_source": "lidar", "roof_shape": "flat", "roof_height": 0.0, "roof_azimuth": null, "roof_source": "heuristic", "roof_color": "concrete", "roof_color_source": "heuristic", "lod2_roof": null, "roof_props": null, "wall_color": "cream", "type": "yes", "landmark": null, "footprint_source": "osm", "source_updated": null, "is_part": false, "parent": null, "hidden": false, "addr": null, "wikidata": null, "website": null, "zoning": "R-5", "lidar_p90": 6.54, "ground_z": 34.71 }, "geometry": { "type": "Polygon", "coordinates": [ [ [ 282110.81, 4155686.91 ], [ 282113.87, 4155688.26 ], [ 282115.74, 4155684.06 ], [ 282112.67, 4155682.7 ], [ 282110.81, 4155686.91 ] ] ] } },
{ "type": "Feature", "properties": { "id": "osm:way/745224321", "name": null, "height": 5.92, "min_height": 0.0, "levels": null, "height_source": "lidar", "roof_shape": "gable", "roof_height": 4.31, "roof_azimuth": 158.7, "roof_source": "lod2", "roof_color": "roof_flat", "roof_color_source": "ortho", "lod2_roof": { "v": [ [ 282102.5, 4155696.75, 4.29 ], [ 282096.92, 4155694.58, 0.81 ], [ 282099.38, 4155689.37, 0.9 ], [ 282104.64, 4155691.98, 4.31 ], [ 282102.5, 4155696.75, 4.29 ], [ 282106.24, 4155692.77, 3.32 ], [ 282106.03, 4155698.13, 2.18 ], [ 282106.03, 4155698.13, 0.0 ], [ 282106.34, 4155698.25, 0.0 ], [ 282107.92, 4155693.25, 2.35 ], [ 282107.92, 4155693.25, 0.54 ], [ 282108.61, 4155693.45, 0.49 ] ], "f": [ [ [ 3, 0, 1, 2 ] ], [ [ 5, 9, 6, 4, 3 ] ], [ [ 11, 8, 7, 10 ] ], [ [ 4, 0, 3 ] ], [ [ 9, 10, 7, 6 ] ] ] }, "roof_props": null, "wall_color": "brick", "type": "yes", "landmark": null, "footprint_source": "osm", "source_updated": null, "is_part": false, "parent": null, "hidden": false, "addr": "823 West 29th Street", "wikidata": null, "website": null, "zoning": "R-5", "lidar_p90": 8.68, "ground_z": 36.0 }, "geometry": { "type": "Polygon", "coordinates": [ [ [ 282109.54, 4155691.5 ], [ 282100.11, 4155687.83 ], [ 282096.92, 4155694.58 ], [ 282106.34, 4155698.25 ], [ 282109.54, 4155691.5 ] ] ] } },
{ "type": "Feature", "properties": { "id": "osm:way/745224357", "name": null, "height": 4.3, "min_height": 0.0, "levels": null, "height_source": "lidar", "roof_shape": "gable", "roof_height": 2.23, "roof_azimuth": 155.2, "roof_source": "lod2", "roof_color": "roof_dark", "roof_color_source": "heuristic", "lod2_roof": { "v": [ [ 282100.37, 4155711.58, 0.32 ], [ 282095.0, 4155723.2, 0.32 ], [ 282090.6, 4155721.17, 2.21 ], [ 282090.6, 4155721.17, 2.21 ], [ 282085.21, 4155718.67, 0.0 ], [ 282090.56, 4155707.13, 0.05 ], [ 282095.9, 4155709.55, 2.23 ] ], "f": [ [ [ 5, 6, 2, 4 ] ], [ [ 6, 0, 1, 3 ] ], [ [ 3, 2, 6 ] ] ] }, "roof_props": null, "wall_color": "terracotta", "type": "yes", "landmark": null, "footprint_source": "osm", "source_updated": null, "is_part": false, "parent": null, "hidden": false, "addr": "825 West 29th Street", "wikidata": null, "website": null, "zoning": "R-5", "lidar_p90": 5.87, "ground_z": 35.89 }, "geometry": { "type": "Polygon", "coordinates": [ [ [ 282091.55, 4155705.0 ], [ 282085.21, 4155718.67 ], [ 282095.0, 4155723.2 ], [ 282101.32, 4155709.53 ], [ 282091.55, 4155705.0 ] ] ] } },
{ "type": "Feature", "properties": { "id": "osm:way/745224310", "name": null, "height": 4.4, "min_height": 0.0, "levels": null, "height_source": "lidar", "roof_shape": "gable", "roof_height": 3.18, "roof_azimuth": 155.8, "roof_source": "lod2", "roof_color": "roof_green", "roof_color_source": "heuristic", "lod2_roof": { "v": [ [ 282079.02, 4155733.58, 0.78 ], [ 282080.65, 4155729.96, 0.67 ], [ 282082.98, 4155735.36, 1.3 ], [ 282082.98, 4155735.36, 1.24 ], [ 282083.08, 4155735.23, 1.33 ], [ 282090.38, 4155728.05, 2.82 ], [ 282093.46, 4155730.42, 0.47 ], [ 282085.9, 4155736.67, 3.18 ], [ 282089.79, 4155738.41, 0.53 ], [ 282084.5, 4155733.63, 2.41 ], [ 282084.5, 4155733.63, 2.39 ], [ 282084.5, 4155733.63, 1.66 ], [ 282084.47, 4155733.73, 1.68 ], [ 282084.47, 4155733.73, 2.36 ], [ 282082.28, 4155732.55, 2.21 ], [ 282080.65, 4155729.96, 1.15 ], [ 282081.54, 4155727.99, 0.0 ], [ 282083.84, 4155729.03, 0.15 ], [ 282081.91, 4155731.52, 1.74 ], [ 282085.01, 4155732.19, 1.57 ], [ 282080.18, 4155734.1, 0.95 ], [ 282080.18, 4155734.1, 1.52 ], [ 282080.1, 4155733.29, 1.26 ], [ 282084.84, 4155729.47, 0.79 ], [ 282086.11, 4155726.65, 0.75 ], [ 282084.07, 4155734.88, 1.76 ], [ 282089.95, 4155727.91, 3.1 ] ], "f": [ [ [ 21, 0, 1, 18, 14, 22 ] ], [ [ 25, 4, 3, 20, 22, 14, 9, 13 ] ], [ [ 17, 19, 10, 14, 18, 15, 16 ] ], [ [ 26, 7, 2, 4, 25, 12, 11, 19, 17, 23, 24 ] ], [ [ 7, 26, 5, 6, 8 ] ], [ [ 2, 3, 4 ] ], [ [ 9, 10, 11, 12, 13 ] ], [ [ 10, 9, 14 ] ], [ [ 1, 15, 18 ] ], [ [ 11, 10, 19 ] ], [ [ 20, 21, 22 ] ], [ [ 13, 12, 25 ] ] ] }, "roof_props": null, "wall_color": "cream", "type": "yes", "landmark": null, "footprint_source": "osm", "source_updated": null, "is_part": false, "parent": null, "hidden": false, "addr": "833 West 29th Street", "wikidata": null, "website": null, "zoning": "R-5", "lidar_p90": 6.91, "ground_z": 35.17 }, "geometry": { "type": "Polygon", "coordinates": [ [ [ 282086.59, 4155725.6 ], [ 282084.84, 4155729.47 ], [ 282081.54, 4155727.99 ], [ 282079.02, 4155733.58 ], [ 282090.66, 4155738.8 ], [ 282094.91, 4155729.33 ], [ 282086.59, 4155725.6 ] ] ] } },
{ "type": "Feature", "properties": { "id": "osm:way/745224503", "name": null, "height": 7.5, "min_height": 0.0, "levels": null, "height_source": "zoning", "roof_shape": "flat", "roof_height": 0.0, "roof_azimuth": null, "roof_source": "heuristic", "roof_color": "roof_dark", "roof_color_source": "heuristic", "lod2_roof": null, "roof_props": null, "wall_color": "cream", "type": "yes", "landmark": null, "footprint_source": "osm", "source_updated": null, "is_part": false, "parent": null, "hidden": false, "addr": null, "wikidata": null, "website": null, "zoning": "R-5", "lidar_p90": 2.47, "ground_z": 36.0 }, "geometry": { "type": "Polygon", "coordinates": [ [ [ 282081.58, 4155744.65 ], [ 282077.46, 4155745.46 ], [ 282078.28, 4155749.64 ], [ 282082.4, 4155748.84 ], [ 282081.58, 4155744.65 ] ] ] } },
{ "type": "Feature", "properties": { "id": "osm:way/745224505", "name": null, "height": 3.17, "min_height": 0.0, "levels": null, "height_source": "lidar", "roof_shape": "flat", "roof_height": 0.43, "roof_azimuth": null, "roof_source": "lod2", "roof_color": "concrete", "roof_color_source": "heuristic", "lod2_roof": { "v": [ [ 282019.84, 4155724.49, 0.0 ], [ 282018.47, 4155727.64, 0.0 ], [ 282017.0, 4155727.01, 0.43 ], [ 282015.08, 4155726.18, 0.0 ], [ 282017.0, 4155727.01, 0.43 ], [ 282016.46, 4155723.0, 0.0 ], [ 282018.44, 4155723.87, 0.38 ] ], "f": [ [ [ 5, 6, 2, 3 ] ], [ [ 6, 0, 1, 4 ] ], [ [ 4, 2, 6 ] ] ] }, "roof_props": null, "wall_color": "brick", "type": "yes", "landmark": null, "footprint_source": "osm", "source_updated": null, "is_part": false, "parent": null, "hidden": false, "addr": null, "wikidata": null, "website": null, "zoning": "R-5", "lidar_p90": 3.24, "ground_z": 38.21 }, "geometry": { "type": "Polygon", "coordinates": [ [ [ 282017.17, 4155721.35 ], [ 282015.08, 4155726.18 ], [ 282018.47, 4155727.64 ], [ 282020.56, 4155722.82 ], [ 282017.17, 4155721.35 ] ] ] } },
{ "type": "Feature", "properties": { "id": "osm:way/745223516", "name": null, "height": 3.45, "min_height": 0.0, "levels": null, "height_source": "lidar", "roof_shape": "flat", "roof_height": 1.68, "roof_azimuth": null, "roof_source": "lod2", "roof_color": "roof_flat", "roof_color_source": "heuristic", "lod2_roof": { "v": [ [ 282035.04, 4155734.21, 1.65 ], [ 282036.51, 4155731.19, 0.0 ], [ 282041.89, 4155734.0, 0.0 ], [ 282040.48, 4155736.88, 1.68 ] ], "f": [ [ [ 3, 0, 1, 2 ] ] ] }, "roof_props": null, "wall_color": "sand", "type": "yes", "landmark": null, "footprint_source": "osm", "source_updated": null, "is_part": false, "parent": null, "hidden": false, "addr": null, "wikidata": null, "website": null, "zoning": "R-5", "lidar_p90": 4.21, "ground_z": 37.22 }, "geometry": { "type": "Polygon", "coordinates": [ [ [ 282037.21, 4155729.77 ], [ 282035.04, 4155734.21 ], [ 282040.48, 4155736.88 ], [ 282042.66, 4155732.43 ], [ 282037.21, 4155729.77 ] ] ] } },
{ "type": "Feature", "properties": { "id": "osm:way/745224678", "name": null, "height": 6.43, "min_height": 0.0, "levels": null, "height_source": "lidar", "roof_shape": "skillion", "roof_height": 2.65, "roof_azimuth": 66.0, "roof_source": "lod2", "roof_color": "roof_flat", "roof_color_source": "ortho", "lod2_roof": { "v": [ [ 282004.61, 4155753.06, 2.65 ], [ 282004.61, 4155753.06, 2.65 ], [ 281996.77, 4155749.39, 2.63 ], [ 281998.4, 4155745.84, 0.0 ], [ 281998.4, 4155745.84, 0.33 ], [ 281995.87, 4155751.35, 1.31 ], [ 281999.04, 4155744.44, 0.0 ], [ 282006.91, 4155748.05, 0.0 ], [ 282003.74, 4155754.95, 1.38 ], [ 282006.33, 4155749.32, 0.0 ], [ 282006.33, 4155749.32, 0.23 ] ], "f": [ [ [ 1, 8, 5, 2 ] ], [ [ 9, 3, 6, 7 ] ], [ [ 10, 0, 2, 4 ] ], [ [ 0, 1, 2 ] ], [ [ 4, 3, 9, 10 ] ] ] }, "roof_props": null, "wall_color": "sand", "type": "yes", "landmark": null, "footprint_source": "osm", "source_updated": null, "is_part": false, "parent": null, "hidden": false, "addr": "2904 Riverside Drive", "wikidata": null, "website": null, "zoning": "R-5", "lidar_p90": 8.72, "ground_z": 37.96 }, "geometry": { "type": "Polygon", "coordinates": [ [ [ 281999.04, 4155744.44 ], [ 281995.87, 4155751.35 ], [ 282003.74, 4155754.95 ], [ 282006.91, 4155748.05 ], [ 281999.04, 4155744.44 ] ] ] } }
]
}
