{
"type": "FeatureCollection",
"name": "landuse",
"crs": { "type": "name", "properties": { "name": "urn:ogc:def:crs:EPSG::32618" } },
"xy_coordinate_resolution": 0.01,
"features": [
{ "type": "Feature", "properties": { "id": "imagery:groundcover_lawn:1322", "name": null, "kind": "groundcover_lawn", "sport": null, "surface": null, "pitch_layout": null, "source": "vgin_vbmp+naip+lidar2025", "source_updated": null, "base_z": null, "top_z": null }, "geometry": { "type": "MultiPolygon", "coordinates": [ [ [ [ 285965.63, 4160503.72 ], [ 285965.72, 4160503.88 ], [ 285965.79, 4160504.04 ], [ 285965.85, 4160504.21 ], [ 285965.89, 4160504.38 ], [ 285965.91, 4160504.55 ], [ 285965.91, 4160504.73 ], [ 285965.9, 4160504.91 ], [ 285965.87, 4160505.08 ], [ 285965.83, 4160505.25 ], [ 285965.76, 4160505.42 ], [ 285965.68, 4160505.57 ], [ 285965.59, 4160505.72 ], [ 285965.48, 4160505.86 ], [ 285965.36, 4160505.99 ], [ 285965.22, 4160506.11 ], [ 285965.08, 4160506.21 ], [ 285964.93, 4160506.3 ], [ 285964.77, 4160506.37 ], [ 285964.6, 4160506.42 ], [ 285964.43, 4160506.46 ], [ 285964.25, 4160506.49 ], [ 285964.07, 4160506.49 ], [ 285963.9, 4160506.48 ], [ 285963.72, 4160506.45 ], [ 285963.55, 4160506.4 ], [ 285963.49, 4160506.38 ], [ 285963.64, 4160506.91 ], [ 285965.87, 4160509.01 ], [ 285988.0, 4160513.93 ], [ 285991.31, 4160512.49 ], [ 285991.4, 4160512.45 ], [ 285991.49, 4160512.43 ], [ 285991.59, 4160512.41 ], [ 285991.69, 4160512.41 ], [ 285991.78, 4160512.41 ], [ 285991.88, 4160512.42 ], [ 285991.98, 4160512.44 ], [ 285992.07, 4160512.48 ], [ 285992.16, 4160512.52 ], [ 285992.24, 4160512.56 ], [ 285992.32, 4160512.62 ], [ 285992.4, 4160512.69 ], [ 285992.47, 4160512.76 ], [ 285992.53, 4160512.83 ], [ 285992.58, 4160512.92 ], [ 285992.62, 4160513.01 ], [ 285995.04, 4160518.54 ], [ 285995.52, 4160519.02 ], [ 285995.92, 4160519.72 ], [ 285996.33, 4160521.47 ], [ 285997.07, 4160523.17 ], [ 285997.11, 4160523.26 ], [ 285997.13, 4160523.36 ], [ 285997.15, 4160523.46 ], [ 285997.16, 4160523.55 ], [ 285997.15, 4160523.65 ], [ 285997.14, 4160523.75 ], [ 285997.12, 4160523.84 ], [ 285997.09, 4160523.94 ], [ 285997.05, 4160524.03 ], [ 285997.0, 4160524.11 ], [ 285996.94, 4160524.19 ], [ 285996.88, 4160524.27 ], [ 285996.81, 4160524.33 ], [ 285996.73, 4160524.39 ], [ 285996.65, 4160524.45 ], [ 285996.56, 4160524.49 ], [ 285995.72, 4160524.86 ], [ 285995.11, 4160526.69 ], [ 285994.26, 4160527.75 ], [ 285995.74, 4160530.84 ], [ 285998.17, 4160530.19 ], [ 285998.27, 4160530.17 ], [ 285998.36, 4160530.16 ], [ 285998.46, 4160530.16 ], [ 285998.56, 4160530.16 ], [ 285998.66, 4160530.18 ], [ 285998.75, 4160530.21 ], [ 285998.84, 4160530.24 ], [ 285998.93, 4160530.29 ], [ 285999.01, 4160530.34 ], [ 285999.09, 4160530.4 ], [ 285999.16, 4160530.47 ], [ 285999.22, 4160530.55 ], [ 285999.28, 4160530.63 ], [ 285999.33, 4160530.71 ], [ 285999.37, 4160530.8 ], [ 285999.4, 4160530.9 ], [ 286000.0, 4160533.15 ], [ 286000.0, 4160500.0 ], [ 285984.8, 4160500.0 ], [ 285988.28, 4160505.07 ], [ 285988.33, 4160505.15 ], [ 285988.38, 4160505.24 ], [ 285988.41, 4160505.33 ], [ 285988.44, 4160505.42 ], [ 285988.45, 4160505.52 ], [ 285988.46, 4160505.62 ], [ 285988.45, 4160505.72 ], [ 285988.44, 4160505.81 ], [ 285988.42, 4160505.91 ], [ 285988.39, 4160506.0 ], [ 285988.34, 4160506.09 ], [ 285988.29, 4160506.18 ], [ 285988.24, 4160506.26 ], [ 285988.17, 4160506.33 ], [ 285988.1, 4160506.4 ], [ 285988.02, 4160506.46 ], [ 285981.78, 4160510.74 ], [ 285981.69, 4160510.79 ], [ 285981.61, 4160510.83 ], [ 285981.51, 4160510.87 ], [ 285981.42, 4160510.89 ], [ 285981.32, 4160510.91 ], [ 285981.22, 4160510.91 ], [ 285981.13, 4160510.91 ], [ 285981.03, 4160510.9 ], [ 285980.93, 4160510.87 ], [ 285980.84, 4160510.84 ], [ 285980.75, 4160510.8 ], [ 285980.67, 4160510.75 ], [ 285980.59, 4160510.69 ], [ 285980.51, 4160510.63 ], [ 285980.45, 4160510.56 ], [ 285980.39, 4160510.48 ], [ 285978.16, 4160507.22 ], [ 285977.78, 4160507.49 ], [ 285977.7, 4160507.54 ], [ 285977.61, 4160507.58 ], [ 285977.52, 4160507.62 ], [ 285977.42, 4160507.64 ], [ 285977.32, 4160507.66 ], [ 285977.23, 4160507.66 ], [ 285977.13, 4160507.66 ], [ 285977.03, 4160507.65 ], [ 285976.94, 4160507.62 ], [ 285976.84, 4160507.59 ], [ 285976.75, 4160507.55 ], [ 285976.67, 4160507.5 ], [ 285976.59, 4160507.44 ], [ 285976.52, 4160507.38 ], [ 285976.45, 4160507.31 ], [ 285976.39, 4160507.23 ], [ 285975.07, 4160505.31 ], [ 285975.01, 4160505.23 ], [ 285974.97, 4160505.14 ], [ 285974.94, 4160505.04 ], [ 285974.91, 4160504.95 ], [ 285974.9, 4160504.85 ], [ 285974.89, 4160504.75 ], [ 285974.89, 4160504.66 ], [ 285974.91, 4160504.56 ], [ 285974.93, 4160504.46 ], [ 285974.96, 4160504.37 ], [ 285975.0, 4160504.28 ], [ 285975.05, 4160504.2 ], [ 285975.11, 4160504.12 ], [ 285975.18, 4160504.04 ], [ 285975.25, 4160503.97 ], [ 285975.33, 4160503.92 ], [ 285975.51, 4160503.79 ], [ 285973.83, 4160501.34 ], [ 285973.78, 4160501.26 ], [ 285973.74, 4160501.17 ], [ 285973.7, 4160501.08 ], [ 285973.68, 4160500.98 ], [ 285973.66, 4160500.89 ], [ 285973.66, 4160500.79 ], [ 285973.66, 4160500.69 ], [ 285973.67, 4160500.59 ], [ 285973.7, 4160500.5 ], [ 285973.73, 4160500.41 ], [ 285973.77, 4160500.32 ], [ 285973.82, 4160500.23 ], [ 285973.88, 4160500.15 ], [ 285973.94, 4160500.08 ], [ 285974.01, 4160500.01 ], [ 285974.03, 4160500.0 ], [ 285962.73, 4160500.0 ], [ 285965.53, 4160503.58 ], [ 285965.63, 4160503.72 ] ] ], [ [ [ 285889.13, 4160511.04 ], [ 285892.21, 4160524.74 ], [ 285895.86, 4160523.88 ], [ 285895.92, 4160523.87 ], [ 285908.84, 4160521.1 ], [ 285918.6, 4160518.4 ], [ 285918.66, 4160518.38 ], [ 285929.0, 4160515.73 ], [ 285938.67, 4160513.02 ], [ 285944.79, 4160511.3 ], [ 285948.15, 4160504.6 ], [ 285944.61, 4160500.0 ], [ 285932.09, 4160500.0 ], [ 285937.39, 4160506.65 ], [ 285937.44, 4160506.73 ], [ 285937.49, 4160506.82 ], [ 285937.53, 4160506.91 ], [ 285937.57, 4160507.0 ], [ 285937.59, 4160507.1 ], [ 285937.6, 4160507.19 ], [ 285937.6, 4160507.29 ], [ 285937.6, 4160507.39 ], [ 285937.58, 4160507.49 ], [ 285937.56, 4160507.58 ], [ 285937.52, 4160507.67 ], [ 285937.48, 4160507.76 ], [ 285937.43, 4160507.85 ], [ 285937.37, 4160507.92 ], [ 285937.3, 4160507.99 ], [ 285937.23, 4160508.06 ], [ 285931.44, 4160512.66 ], [ 285931.36, 4160512.72 ], [ 285931.28, 4160512.77 ], [ 285931.19, 4160512.81 ], [ 285931.09, 4160512.84 ], [ 285931.0, 4160512.86 ], [ 285930.9, 4160512.88 ], [ 285930.8, 4160512.88 ], [ 285930.7, 4160512.87 ], [ 285930.61, 4160512.86 ], [ 285930.51, 4160512.83 ], [ 285930.42, 4160512.8 ], [ 285930.33, 4160512.75 ], [ 285930.25, 4160512.7 ], [ 285930.17, 4160512.64 ], [ 285930.1, 4160512.58 ], [ 285930.04, 4160512.5 ], [ 285923.4, 4160504.16 ], [ 285923.35, 4160504.08 ], [ 285923.3, 4160503.99 ], [ 285923.26, 4160503.9 ], [ 285923.22, 4160503.81 ], [ 285923.2, 4160503.71 ], [ 285923.19, 4160503.62 ], [ 285923.19, 4160503.52 ], [ 285923.19, 4160503.42 ], [ 285923.21, 4160503.32 ], [ 285923.23, 4160503.23 ], [ 285923.27, 4160503.14 ], [ 285923.31, 4160503.05 ], [ 285923.36, 4160502.96 ], [ 285923.42, 4160502.89 ], [ 285923.49, 4160502.81 ], [ 285923.56, 4160502.75 ], [ 285927.03, 4160500.0 ], [ 285886.28, 4160500.0 ], [ 285889.11, 4160510.95 ], [ 285889.13, 4160511.04 ] ] ], [ [ [ 285868.31, 4160518.78 ], [ 285868.38, 4160518.85 ], [ 285868.44, 4160518.92 ], [ 285868.5, 4160519.0 ], [ 285868.55, 4160519.09 ], [ 285868.59, 4160519.18 ], [ 285868.62, 4160519.27 ], [ 285870.26, 4160525.13 ], [ 285872.69, 4160524.45 ], [ 285872.79, 4160524.43 ], [ 285872.88, 4160524.41 ], [ 285872.98, 4160524.41 ], [ 285873.08, 4160524.42 ], [ 285873.18, 4160524.43 ], [ 285873.27, 4160524.46 ], [ 285873.36, 4160524.49 ], [ 285873.45, 4160524.54 ], [ 285873.53, 4160524.59 ], [ 285873.61, 4160524.65 ], [ 285873.68, 4160524.72 ], [ 285873.75, 4160524.79 ], [ 285873.8, 4160524.87 ], [ 285873.85, 4160524.96 ], [ 285873.89, 4160525.05 ], [ 285873.92, 4160525.14 ], [ 285875.06, 4160529.18 ], [ 285875.09, 4160529.28 ], [ 285875.1, 4160529.38 ], [ 285875.1, 4160529.48 ], [ 285875.09, 4160529.57 ], [ 285875.08, 4160529.67 ], [ 285875.05, 4160529.77 ], [ 285875.02, 4160529.86 ], [ 285874.97, 4160529.94 ], [ 285874.92, 4160530.03 ], [ 285874.86, 4160530.11 ], [ 285874.79, 4160530.18 ], [ 285874.72, 4160530.24 ], [ 285874.64, 4160530.3 ], [ 285874.55, 4160530.35 ], [ 285874.46, 4160530.39 ], [ 285874.37, 4160530.42 ], [ 285869.43, 4160531.81 ], [ 285869.34, 4160531.96 ], [ 285884.99, 4160527.45 ], [ 285886.39, 4160526.65 ], [ 285883.19, 4160512.43 ], [ 285882.86, 4160511.14 ], [ 285882.85, 4160511.15 ], [ 285882.8, 4160511.23 ], [ 285882.73, 4160511.3 ], [ 285882.66, 4160511.36 ], [ 285882.58, 4160511.42 ], [ 285882.49, 4160511.47 ], [ 285882.4, 4160511.51 ], [ 285882.31, 4160511.54 ], [ 285882.21, 4160511.57 ], [ 285882.12, 4160511.58 ], [ 285879.09, 4160511.85 ], [ 285878.99, 4160511.85 ], [ 285878.9, 4160511.85 ], [ 285878.8, 4160511.83 ], [ 285878.7, 4160511.81 ], [ 285878.61, 4160511.77 ], [ 285878.52, 4160511.73 ], [ 285878.44, 4160511.68 ], [ 285878.36, 4160511.62 ], [ 285878.29, 4160511.55 ], [ 285878.22, 4160511.48 ], [ 285878.17, 4160511.4 ], [ 285878.12, 4160511.31 ], [ 285878.08, 4160511.23 ], [ 285878.04, 4160511.13 ], [ 285878.02, 4160511.04 ], [ 285878.01, 4160510.94 ], [ 285877.55, 4160505.83 ], [ 285877.54, 4160505.74 ], [ 285877.55, 4160505.64 ], [ 285877.57, 4160505.54 ], [ 285877.59, 4160505.45 ], [ 285877.62, 4160505.35 ], [ 285877.67, 4160505.27 ], [ 285877.72, 4160505.18 ], [ 285877.78, 4160505.1 ], [ 285877.84, 4160505.03 ], [ 285877.92, 4160504.97 ], [ 285878.0, 4160504.91 ], [ 285878.08, 4160504.86 ], [ 285878.17, 4160504.82 ], [ 285878.26, 4160504.79 ], [ 285878.36, 4160504.76 ], [ 285878.45, 4160504.75 ], [ 285881.15, 4160504.5 ], [ 285879.98, 4160500.0 ], [ 285859.01, 4160500.0 ], [ 285853.53, 4160501.43 ], [ 285853.44, 4160501.45 ], [ 285853.34, 4160501.46 ], [ 285853.24, 4160501.47 ], [ 285853.14, 4160501.46 ], [ 285853.05, 4160501.44 ], [ 285852.95, 4160501.41 ], [ 285852.86, 4160501.37 ], [ 285852.77, 4160501.33 ], [ 285852.69, 4160501.28 ], [ 285852.61, 4160501.21 ], [ 285852.54, 4160501.15 ], [ 285852.48, 4160501.07 ], [ 285852.43, 4160500.99 ], [ 285852.38, 4160500.9 ], [ 285852.34, 4160500.81 ], [ 285852.31, 4160500.72 ], [ 285852.12, 4160500.0 ], [ 285842.48, 4160500.0 ], [ 285846.76, 4160510.7 ], [ 285846.86, 4160511.08 ], [ 285846.99, 4160512.22 ], [ 285846.99, 4160512.61 ], [ 285846.34, 4160517.2 ], [ 285851.85, 4160537.01 ], [ 285863.7, 4160533.59 ], [ 285863.49, 4160533.47 ], [ 285863.39, 4160533.5 ], [ 285863.29, 4160533.52 ], [ 285863.18, 4160533.54 ], [ 285863.07, 4160533.54 ], [ 285862.97, 4160533.53 ], [ 285861.94, 4160533.36 ], [ 285861.84, 4160533.34 ], [ 285861.75, 4160533.32 ], [ 285861.67, 4160533.28 ], [ 285861.58, 4160533.23 ], [ 285861.5, 4160533.18 ], [ 285861.43, 4160533.12 ], [ 285861.36, 4160533.05 ], [ 285861.3, 4160532.98 ], [ 285861.24, 4160532.9 ], [ 285861.2, 4160532.82 ], [ 285861.16, 4160532.73 ], [ 285861.13, 4160532.64 ], [ 285860.49, 4160530.33 ], [ 285860.46, 4160530.23 ], [ 285860.45, 4160530.13 ], [ 285860.45, 4160530.04 ], [ 285860.46, 4160529.94 ], [ 285860.47, 4160529.84 ], [ 285860.5, 4160529.75 ], [ 285860.54, 4160529.66 ], [ 285860.58, 4160529.57 ], [ 285860.63, 4160529.49 ], [ 285860.69, 4160529.41 ], [ 285860.76, 4160529.34 ], [ 285860.83, 4160529.27 ], [ 285860.86, 4160529.26 ], [ 285860.06, 4160525.27 ], [ 285859.12, 4160521.93 ], [ 285859.1, 4160521.83 ], [ 285859.09, 4160521.73 ], [ 285859.08, 4160521.63 ], [ 285859.09, 4160521.54 ], [ 285859.11, 4160521.44 ], [ 285859.13, 4160521.35 ], [ 285859.17, 4160521.25 ], [ 285859.21, 4160521.17 ], [ 285859.26, 4160521.08 ], [ 285859.32, 4160521.0 ], [ 285859.39, 4160520.93 ], [ 285859.47, 4160520.87 ], [ 285859.55, 4160520.81 ], [ 285859.63, 4160520.76 ], [ 285859.72, 4160520.72 ], [ 285859.81, 4160520.69 ], [ 285860.78, 4160520.42 ], [ 285860.12, 4160517.79 ], [ 285858.85, 4160517.26 ], [ 285858.64, 4160517.32 ], [ 285858.55, 4160517.34 ], [ 285858.45, 4160517.36 ], [ 285858.35, 4160517.36 ], [ 285858.25, 4160517.35 ], [ 285858.16, 4160517.34 ], [ 285858.06, 4160517.31 ], [ 285857.97, 4160517.27 ], [ 285857.88, 4160517.23 ], [ 285857.8, 4160517.18 ], [ 285857.72, 4160517.12 ], [ 285857.65, 4160517.05 ], [ 285857.59, 4160516.98 ], [ 285857.53, 4160516.9 ], [ 285857.48, 4160516.81 ], [ 285857.44, 4160516.72 ], [ 285857.41, 4160516.63 ], [ 285857.13, 4160515.62 ], [ 285856.55, 4160515.05 ], [ 285856.13, 4160514.03 ], [ 285856.13, 4160512.06 ], [ 285854.43, 4160505.99 ], [ 285854.41, 4160505.89 ], [ 285854.4, 4160505.8 ], [ 285854.39, 4160505.7 ], [ 285854.4, 4160505.6 ], [ 285854.42, 4160505.5 ], [ 285854.44, 4160505.41 ], [ 285854.48, 4160505.32 ], [ 285854.52, 4160505.23 ], [ 285854.58, 4160505.15 ], [ 285854.64, 4160505.07 ], [ 285854.7, 4160505.0 ], [ 285854.78, 4160504.93 ], [ 285854.86, 4160504.88 ], [ 285854.94, 4160504.83 ], [ 285855.03, 4160504.79 ], [ 285855.12, 4160504.76 ], [ 285862.76, 4160502.62 ], [ 285862.86, 4160502.59 ], [ 285862.95, 4160502.58 ], [ 285863.05, 4160502.58 ], [ 285863.15, 4160502.59 ], [ 285863.25, 4160502.6 ], [ 285863.34, 4160502.63 ], [ 285863.43, 4160502.66 ], [ 285863.52, 4160502.71 ], [ 285863.6, 4160502.76 ], [ 285863.68, 4160502.82 ], [ 285863.75, 4160502.89 ], [ 285863.82, 4160502.96 ], [ 285863.87, 4160503.04 ], [ 285863.92, 4160503.13 ], [ 285863.96, 4160503.22 ], [ 285863.99, 4160503.31 ], [ 285866.97, 4160513.95 ], [ 285866.99, 4160514.04 ], [ 285867.01, 4160514.14 ], [ 285867.01, 4160514.24 ], [ 285867.0, 4160514.34 ], [ 285866.99, 4160514.43 ], [ 285866.96, 4160514.53 ], [ 285866.92, 4160514.62 ], [ 285866.88, 4160514.71 ], [ 285866.83, 4160514.79 ], [ 285866.77, 4160514.87 ], [ 285866.7, 4160514.94 ], [ 285866.63, 4160515.0 ], [ 285866.55, 4160515.06 ], [ 285866.46, 4160515.11 ], [ 285866.37, 4160515.15 ], [ 285866.28, 4160515.18 ], [ 285864.13, 4160515.78 ], [ 285864.94, 4160519.26 ], [ 285867.39, 4160518.58 ], [ 285867.48, 4160518.55 ], [ 285867.58, 4160518.54 ], [ 285867.68, 4160518.54 ], [ 285867.78, 4160518.55 ], [ 285867.87, 4160518.56 ], [ 285867.97, 4160518.59 ], [ 285868.06, 4160518.62 ], [ 285868.15, 4160518.67 ], [ 285868.23, 4160518.72 ], [ 285868.31, 4160518.78 ] ], [ [ 285870.84, 4160506.85 ], [ 285870.74, 4160506.87 ], [ 285870.64, 4160506.87 ], [ 285870.55, 4160506.87 ], [ 285870.45, 4160506.85 ], [ 285870.35, 4160506.83 ], [ 285870.26, 4160506.79 ], [ 285870.17, 4160506.75 ], [ 285870.09, 4160506.7 ], [ 285870.01, 4160506.64 ], [ 285869.94, 4160506.58 ], [ 285869.87, 4160506.5 ], [ 285869.81, 4160506.43 ], [ 285869.76, 4160506.34 ], [ 285869.72, 4160506.25 ], [ 285869.69, 4160506.16 ], [ 285868.83, 4160503.31 ], [ 285868.8, 4160503.21 ], [ 285868.79, 4160503.11 ], [ 285868.78, 4160503.02 ], [ 285868.79, 4160502.92 ], [ 285868.8, 4160502.82 ], [ 285868.83, 4160502.73 ], [ 285868.86, 4160502.63 ], [ 285868.9, 4160502.55 ], [ 285868.95, 4160502.46 ], [ 285869.01, 4160502.38 ], [ 285869.08, 4160502.31 ], [ 285869.15, 4160502.24 ], [ 285869.23, 4160502.19 ], [ 285869.31, 4160502.14 ], [ 285869.4, 4160502.09 ], [ 285869.49, 4160502.06 ], [ 285874.75, 4160500.47 ], [ 285874.85, 4160500.45 ], [ 285874.95, 4160500.43 ], [ 285875.04, 4160500.43 ], [ 285875.14, 4160500.43 ], [ 285875.24, 4160500.45 ], [ 285875.33, 4160500.47 ], [ 285875.43, 4160500.5 ], [ 285875.52, 4160500.55 ], [ 285875.6, 4160500.6 ], [ 285875.68, 4160500.65 ], [ 285875.75, 4160500.72 ], [ 285875.82, 4160500.79 ], [ 285875.88, 4160500.87 ], [ 285875.93, 4160500.96 ], [ 285875.97, 4160501.05 ], [ 285876.0, 4160501.14 ], [ 285876.86, 4160503.99 ], [ 285876.89, 4160504.09 ], [ 285876.9, 4160504.18 ], [ 285876.91, 4160504.28 ], [ 285876.9, 4160504.38 ], [ 285876.89, 4160504.48 ], [ 285876.86, 4160504.57 ], [ 285876.83, 4160504.66 ], [ 285876.79, 4160504.75 ], [ 285876.74, 4160504.84 ], [ 285876.68, 4160504.92 ], [ 285876.61, 4160504.99 ], [ 285876.54, 4160505.05 ], [ 285876.46, 4160505.11 ], [ 285876.38, 4160505.16 ], [ 285876.29, 4160505.2 ], [ 285876.19, 4160505.24 ], [ 285870.93, 4160506.83 ], [ 285870.84, 4160506.85 ] ] ], [ [ [ 285807.52, 4160532.39 ], [ 285810.76, 4160532.06 ], [ 285812.78, 4160527.18 ], [ 285812.28, 4160526.56 ], [ 285811.98, 4160525.38 ], [ 285812.35, 4160523.56 ], [ 285810.82, 4160517.74 ], [ 285810.8, 4160517.64 ], [ 285810.79, 4160517.54 ], [ 285810.79, 4160517.45 ], [ 285810.8, 4160517.35 ], [ 285810.81, 4160517.25 ], [ 285810.84, 4160517.16 ], [ 285810.88, 4160517.07 ], [ 285810.92, 4160516.98 ], [ 285810.98, 4160516.9 ], [ 285811.04, 4160516.82 ], [ 285811.11, 4160516.75 ], [ 285811.18, 4160516.69 ], [ 285811.26, 4160516.63 ], [ 285811.35, 4160516.58 ], [ 285811.44, 4160516.55 ], [ 285811.53, 4160516.52 ], [ 285812.58, 4160516.24 ], [ 285812.11, 4160514.78 ], [ 285810.71, 4160514.2 ], [ 285808.55, 4160512.05 ], [ 285808.13, 4160511.03 ], [ 285808.13, 4160507.93 ], [ 285806.48, 4160501.78 ], [ 285806.46, 4160501.68 ], [ 285806.45, 4160501.58 ], [ 285806.45, 4160501.48 ], [ 285806.46, 4160501.39 ], [ 285806.48, 4160501.29 ], [ 285806.5, 4160501.19 ], [ 285806.54, 4160501.1 ], [ 285806.56, 4160501.06 ], [ 285805.51, 4160500.0 ], [ 285789.5, 4160500.0 ], [ 285795.64, 4160521.46 ], [ 285800.38, 4160523.04 ], [ 285800.96, 4160523.4 ], [ 285802.36, 4160524.8 ], [ 285802.72, 4160525.38 ], [ 285804.37, 4160530.35 ], [ 285807.52, 4160532.39 ] ] ], [ [ [ 285816.99, 4160501.95 ], [ 285817.46, 4160502.88 ], [ 285817.91, 4160507.41 ], [ 285818.41, 4160509.26 ], [ 285818.43, 4160509.36 ], [ 285818.44, 4160509.45 ], [ 285818.44, 4160509.55 ], [ 285818.43, 4160509.65 ], [ 285818.41, 4160509.75 ], [ 285818.39, 4160509.84 ], [ 285818.35, 4160509.93 ], [ 285818.31, 4160510.02 ], [ 285818.25, 4160510.1 ], [ 285818.19, 4160510.18 ], [ 285818.19, 4160510.19 ], [ 285818.42, 4160512.49 ], [ 285818.22, 4160513.39 ], [ 285817.42, 4160514.72 ], [ 285817.45, 4160514.96 ], [ 285818.53, 4160514.68 ], [ 285818.63, 4160514.66 ], [ 285818.72, 4160514.65 ], [ 285818.82, 4160514.65 ], [ 285818.92, 4160514.66 ], [ 285819.02, 4160514.68 ], [ 285819.11, 4160514.7 ], [ 285819.2, 4160514.74 ], [ 285819.29, 4160514.78 ], [ 285819.37, 4160514.84 ], [ 285819.45, 4160514.9 ], [ 285819.52, 4160514.97 ], [ 285819.58, 4160515.04 ], [ 285819.63, 4160515.12 ], [ 285819.68, 4160515.21 ], [ 285819.72, 4160515.3 ], [ 285819.75, 4160515.39 ], [ 285820.86, 4160519.6 ], [ 285821.27, 4160519.54 ], [ 285821.36, 4160519.53 ], [ 285821.46, 4160519.54 ], [ 285821.55, 4160519.55 ], [ 285821.65, 4160519.56 ], [ 285821.74, 4160519.59 ], [ 285821.83, 4160519.63 ], [ 285821.91, 4160519.68 ], [ 285822.0, 4160519.73 ], [ 285822.07, 4160519.79 ], [ 285822.14, 4160519.86 ], [ 285822.2, 4160519.93 ], [ 285822.25, 4160520.01 ], [ 285822.3, 4160520.1 ], [ 285822.34, 4160520.18 ], [ 285822.37, 4160520.28 ], [ 285822.74, 4160521.68 ], [ 285822.76, 4160521.77 ], [ 285822.77, 4160521.87 ], [ 285822.77, 4160521.97 ], [ 285822.76, 4160522.07 ], [ 285822.75, 4160522.16 ], [ 285822.72, 4160522.26 ], [ 285822.68, 4160522.35 ], [ 285822.64, 4160522.44 ], [ 285822.58, 4160522.52 ], [ 285822.52, 4160522.6 ], [ 285822.45, 4160522.67 ], [ 285822.38, 4160522.73 ], [ 285822.3, 4160522.79 ], [ 285822.21, 4160522.83 ], [ 285822.12, 4160522.87 ], [ 285822.06, 4160522.89 ], [ 285822.93, 4160526.22 ], [ 285822.95, 4160526.31 ], [ 285822.96, 4160526.41 ], [ 285822.96, 4160526.51 ], [ 285822.95, 4160526.61 ], [ 285822.93, 4160526.7 ], [ 285822.91, 4160526.8 ], [ 285822.87, 4160526.89 ], [ 285822.83, 4160526.98 ], [ 285822.77, 4160527.06 ], [ 285822.71, 4160527.13 ], [ 285822.64, 4160527.2 ], [ 285822.57, 4160527.27 ], [ 285822.49, 4160527.32 ], [ 285822.4, 4160527.37 ], [ 285822.31, 4160527.41 ], [ 285822.22, 4160527.44 ], [ 285820.13, 4160527.99 ], [ 285822.47, 4160530.89 ], [ 285831.63, 4160529.98 ], [ 285830.91, 4160527.3 ], [ 285826.92, 4160512.65 ], [ 285823.35, 4160500.0 ], [ 285815.92, 4160500.0 ], [ 285816.27, 4160501.31 ], [ 285816.99, 4160501.95 ] ] ], [ [ [ 285754.02, 4160502.63 ], [ 285753.29, 4160500.0 ], [ 285750.0, 4160500.0 ], [ 285750.0, 4160501.49 ], [ 285751.13, 4160502.63 ], [ 285754.02, 4160502.63 ] ] ], [ [ [ 285765.62, 4160502.08 ], [ 285765.72, 4160502.06 ], [ 285765.82, 4160502.05 ], [ 285765.91, 4160502.05 ], [ 285766.01, 4160502.05 ], [ 285766.11, 4160502.07 ], [ 285766.2, 4160502.1 ], [ 285766.3, 4160502.13 ], [ 285766.38, 4160502.18 ], [ 285766.47, 4160502.23 ], [ 285766.55, 4160502.29 ], [ 285766.62, 4160502.36 ], [ 285766.68, 4160502.43 ], [ 285766.74, 4160502.51 ], [ 285766.79, 4160502.6 ], [ 285766.83, 4160502.69 ], [ 285766.86, 4160502.78 ], [ 285767.38, 4160504.71 ], [ 285767.4, 4160504.81 ], [ 285767.42, 4160504.9 ], [ 285767.42, 4160505.0 ], [ 285767.41, 4160505.1 ], [ 285767.39, 4160505.19 ], [ 285767.37, 4160505.29 ], [ 285767.33, 4160505.38 ], [ 285767.29, 4160505.47 ], [ 285767.24, 4160505.55 ], [ 285767.18, 4160505.63 ], [ 285767.11, 4160505.7 ], [ 285767.04, 4160505.76 ], [ 285766.96, 4160505.82 ], [ 285766.87, 4160505.87 ], [ 285766.78, 4160505.91 ], [ 285766.69, 4160505.94 ], [ 285765.51, 4160506.27 ], [ 285765.75, 4160507.12 ], [ 285765.77, 4160507.21 ], [ 285765.78, 4160507.31 ], [ 285765.78, 4160507.41 ], [ 285765.78, 4160507.51 ], [ 285765.76, 4160507.6 ], [ 285765.73, 4160507.7 ], [ 285765.7, 4160507.79 ], [ 285765.65, 4160507.88 ], [ 285765.6, 4160507.96 ], [ 285765.54, 4160508.04 ], [ 285765.47, 4160508.11 ], [ 285765.4, 4160508.17 ], [ 285765.32, 4160508.23 ], [ 285765.23, 4160508.28 ], [ 285765.14, 4160508.32 ], [ 285765.05, 4160508.35 ], [ 285764.14, 4160508.6 ], [ 285763.81, 4160509.57 ], [ 285764.41, 4160509.77 ], [ 285765.65, 4160511.99 ], [ 285766.39, 4160511.8 ], [ 285766.49, 4160511.78 ], [ 285766.59, 4160511.77 ], [ 285766.68, 4160511.76 ], [ 285766.78, 4160511.77 ], [ 285766.88, 4160511.79 ], [ 285766.97, 4160511.82 ], [ 285767.06, 4160511.86 ], [ 285767.15, 4160511.9 ], [ 285767.23, 4160511.95 ], [ 285767.31, 4160512.02 ], [ 285767.38, 4160512.08 ], [ 285767.44, 4160512.16 ], [ 285767.5, 4160512.24 ], [ 285767.55, 4160512.33 ], [ 285767.58, 4160512.42 ], [ 285767.61, 4160512.51 ], [ 285767.93, 4160513.73 ], [ 285786.63, 4160512.17 ], [ 285783.15, 4160500.0 ], [ 285763.78, 4160500.0 ], [ 285764.45, 4160502.41 ], [ 285765.62, 4160502.08 ] ] ], [ [ [ 285778.57, 4160541.88 ], [ 285778.48, 4160541.88 ], [ 285778.38, 4160541.87 ], [ 285778.28, 4160541.86 ], [ 285778.19, 4160541.83 ], [ 285778.1, 4160541.79 ], [ 285778.01, 4160541.75 ], [ 285777.93, 4160541.69 ], [ 285777.85, 4160541.63 ], [ 285776.99, 4160541.63 ], [ 285775.38, 4160544.22 ], [ 285775.44, 4160544.22 ], [ 285775.54, 4160544.22 ], [ 285775.63, 4160544.23 ], [ 285775.73, 4160544.26 ], [ 285775.82, 4160544.29 ], [ 285775.91, 4160544.33 ], [ 285775.99, 4160544.38 ], [ 285776.07, 4160544.44 ], [ 285776.15, 4160544.5 ], [ 285776.21, 4160544.57 ], [ 285776.27, 4160544.65 ], [ 285776.32, 4160544.74 ], [ 285776.37, 4160544.82 ], [ 285776.4, 4160544.92 ], [ 285776.43, 4160545.01 ], [ 285777.99, 4160552.39 ], [ 285779.99, 4160553.63 ], [ 285783.53, 4160553.63 ], [ 285784.55, 4160554.05 ], [ 285785.17, 4160554.66 ], [ 285794.04, 4160552.32 ], [ 285795.29, 4160542.39 ], [ 285795.19, 4160542.05 ], [ 285790.68, 4160539.26 ], [ 285788.07, 4160541.0 ], [ 285787.68, 4160541.19 ], [ 285786.43, 4160541.56 ], [ 285786.0, 4160541.63 ], [ 285779.4, 4160541.63 ], [ 285778.86, 4160541.82 ], [ 285778.77, 4160541.85 ], [ 285778.67, 4160541.87 ], [ 285778.57, 4160541.88 ] ] ], [ [ [ 285970.56, 4160550.0 ], [ 285970.63, 4160549.99 ], [ 285970.65, 4160549.99 ], [ 285970.67, 4160549.98 ], [ 285970.74, 4160549.98 ], [ 285970.8, 4160549.97 ], [ 285970.82, 4160549.97 ], [ 285970.85, 4160549.97 ], [ 285970.91, 4160549.97 ], [ 285970.98, 4160549.96 ], [ 285971.0, 4160549.97 ], [ 285971.02, 4160549.97 ], [ 285971.09, 4160549.97 ], [ 285971.15, 4160549.98 ], [ 285971.18, 4160549.98 ], [ 285971.2, 4160549.98 ], [ 285971.26, 4160550.0 ], [ 285971.33, 4160550.01 ], [ 285971.35, 4160550.02 ], [ 285971.37, 4160550.02 ], [ 285971.44, 4160550.04 ], [ 285971.5, 4160550.06 ], [ 285971.52, 4160550.07 ], [ 285971.54, 4160550.07 ], [ 285971.6, 4160550.1 ], [ 285971.66, 4160550.12 ], [ 285971.68, 4160550.13 ], [ 285971.7, 4160550.14 ], [ 285971.76, 4160550.17 ], [ 285971.82, 4160550.2 ], [ 285971.84, 4160550.21 ], [ 285971.86, 4160550.23 ], [ 285971.91, 4160550.26 ], [ 285971.97, 4160550.3 ], [ 285971.99, 4160550.31 ], [ 285972.01, 4160550.32 ], [ 285972.06, 4160550.37 ], [ 285972.11, 4160550.41 ], [ 285972.12, 4160550.42 ], [ 285972.14, 4160550.44 ], [ 285972.19, 4160550.48 ], [ 285964.54, 4160526.46 ], [ 285961.71, 4160521.78 ], [ 285959.19, 4160518.65 ], [ 285952.48, 4160515.97 ], [ 285948.42, 4160518.16 ], [ 285947.39, 4160523.32 ], [ 285947.87, 4160525.9 ], [ 285947.88, 4160525.99 ], [ 285947.88, 4160526.09 ], [ 285947.88, 4160526.19 ], [ 285947.86, 4160526.29 ], [ 285947.84, 4160526.38 ], [ 285947.8, 4160526.47 ], [ 285947.76, 4160526.56 ], [ 285947.71, 4160526.64 ], [ 285947.65, 4160526.72 ], [ 285947.58, 4160526.79 ], [ 285947.52, 4160526.85 ], [ 285949.79, 4160529.63 ], [ 285952.5, 4160529.63 ], [ 285953.35, 4160529.9 ], [ 285955.43, 4160531.4 ], [ 285955.96, 4160532.12 ], [ 285956.55, 4160533.89 ], [ 285957.39, 4160533.66 ], [ 285957.48, 4160533.64 ], [ 285957.58, 4160533.63 ], [ 285957.68, 4160533.63 ], [ 285957.78, 4160533.64 ], [ 285957.87, 4160533.65 ], [ 285957.97, 4160533.68 ], [ 285958.06, 4160533.72 ], [ 285958.15, 4160533.76 ], [ 285958.23, 4160533.81 ], [ 285958.31, 4160533.88 ], [ 285958.38, 4160533.94 ], [ 285958.44, 4160534.02 ], [ 285958.5, 4160534.1 ], [ 285958.54, 4160534.18 ], [ 285958.58, 4160534.27 ], [ 285958.61, 4160534.37 ], [ 285961.18, 4160543.9 ], [ 285961.21, 4160543.99 ], [ 285961.22, 4160544.09 ], [ 285961.22, 4160544.19 ], [ 285961.21, 4160544.28 ], [ 285961.19, 4160544.38 ], [ 285961.17, 4160544.48 ], [ 285961.13, 4160544.57 ], [ 285961.09, 4160544.65 ], [ 285961.03, 4160544.74 ], [ 285960.97, 4160544.81 ], [ 285960.9, 4160544.88 ], [ 285960.83, 4160544.95 ], [ 285960.75, 4160545.0 ], [ 285960.66, 4160545.05 ], [ 285960.57, 4160545.09 ], [ 285960.48, 4160545.12 ], [ 285958.36, 4160545.69 ], [ 285957.39, 4160547.04 ], [ 285956.25, 4160547.63 ], [ 285951.21, 4160547.63 ], [ 285949.75, 4160548.02 ], [ 285949.66, 4160548.04 ], [ 285949.56, 4160548.05 ], [ 285949.46, 4160548.05 ], [ 285949.36, 4160548.05 ], [ 285949.27, 4160548.03 ], [ 285949.17, 4160548.0 ], [ 285949.08, 4160547.97 ], [ 285948.99, 4160547.92 ], [ 285948.91, 4160547.87 ], [ 285948.83, 4160547.81 ], [ 285948.76, 4160547.74 ], [ 285948.7, 4160547.66 ], [ 285948.64, 4160547.58 ], [ 285948.62, 4160547.54 ], [ 285948.0, 4160547.33 ], [ 285947.67, 4160547.08 ], [ 285944.6, 4160548.07 ], [ 285944.6, 4160548.09 ], [ 285944.62, 4160548.18 ], [ 285944.64, 4160548.28 ], [ 285944.64, 4160548.38 ], [ 285944.63, 4160548.48 ], [ 285944.62, 4160548.57 ], [ 285944.59, 4160548.67 ], [ 285944.56, 4160548.76 ], [ 285944.51, 4160548.85 ], [ 285944.46, 4160548.93 ], [ 285944.4, 4160549.01 ], [ 285944.33, 4160549.08 ], [ 285944.26, 4160549.14 ], [ 285944.18, 4160549.2 ], [ 285944.09, 4160549.25 ], [ 285944.0, 4160549.29 ], [ 285943.91, 4160549.32 ], [ 285942.34, 4160549.77 ], [ 285941.5, 4160551.01 ], [ 285940.83, 4160551.55 ], [ 285928.8, 4160556.36 ], [ 285928.53, 4160556.44 ], [ 285927.69, 4160556.6 ], [ 285927.41, 4160556.63 ], [ 285918.07, 4160556.63 ], [ 285916.85, 4160556.96 ], [ 285916.76, 4160556.98 ], [ 285916.66, 4160557.0 ], [ 285916.56, 4160557.0 ], [ 285916.46, 4160556.99 ], [ 285916.37, 4160556.97 ], [ 285916.27, 4160556.95 ], [ 285916.18, 4160556.91 ], [ 285916.09, 4160556.87 ], [ 285916.01, 4160556.81 ], [ 285915.93, 4160556.75 ], [ 285915.86, 4160556.69 ], [ 285915.8, 4160556.61 ], [ 285915.74, 4160556.53 ], [ 285915.69, 4160556.45 ], [ 285915.65, 4160556.36 ], [ 285915.62, 4160556.26 ], [ 285915.57, 4160556.06 ], [ 285915.25, 4160555.75 ], [ 285911.98, 4160555.1 ], [ 285911.08, 4160556.45 ], [ 285911.53, 4160558.35 ], [ 285911.55, 4160558.45 ], [ 285911.56, 4160558.55 ], [ 285911.56, 4160558.65 ], [ 285911.55, 4160558.75 ], [ 285911.53, 4160558.85 ], [ 285911.49, 4160558.95 ], [ 285911.45, 4160559.04 ], [ 285911.4, 4160559.13 ], [ 285911.34, 4160559.21 ], [ 285911.28, 4160559.29 ], [ 285911.2, 4160559.35 ], [ 285911.12, 4160559.42 ], [ 285911.03, 4160559.47 ], [ 285910.94, 4160559.51 ], [ 285910.85, 4160559.54 ], [ 285909.79, 4160559.86 ], [ 285909.71, 4160560.05 ], [ 285907.55, 4160562.2 ], [ 285906.53, 4160562.63 ], [ 285901.73, 4160562.63 ], [ 285900.71, 4160562.2 ], [ 285900.05, 4160561.54 ], [ 285899.98, 4160561.54 ], [ 285899.89, 4160561.52 ], [ 285899.79, 4160561.5 ], [ 285899.7, 4160561.47 ], [ 285899.61, 4160561.42 ], [ 285899.53, 4160561.37 ], [ 285899.45, 4160561.31 ], [ 285899.37, 4160561.25 ], [ 285899.31, 4160561.17 ], [ 285899.25, 4160561.09 ], [ 285899.2, 4160561.01 ], [ 285899.16, 4160560.92 ], [ 285899.13, 4160560.83 ], [ 285899.04, 4160560.53 ], [ 285898.55, 4160560.05 ], [ 285898.13, 4160559.03 ], [ 285898.13, 4160557.48 ], [ 285896.95, 4160553.51 ], [ 285896.93, 4160553.42 ], [ 285896.91, 4160553.32 ], [ 285896.91, 4160553.22 ], [ 285896.91, 4160553.12 ], [ 285896.93, 4160553.03 ], [ 285896.95, 4160552.93 ], [ 285896.99, 4160552.84 ], [ 285897.03, 4160552.75 ], [ 285897.08, 4160552.67 ], [ 285897.14, 4160552.59 ], [ 285897.2, 4160552.52 ], [ 285897.28, 4160552.45 ], [ 285897.36, 4160552.39 ], [ 285897.44, 4160552.34 ], [ 285897.53, 4160552.3 ], [ 285897.62, 4160552.27 ], [ 285903.93, 4160550.39 ], [ 285903.65, 4160549.44 ], [ 285903.63, 4160549.35 ], [ 285903.61, 4160549.25 ], [ 285903.61, 4160549.15 ], [ 285903.61, 4160549.05 ], [ 285903.63, 4160548.96 ], [ 285903.65, 4160548.86 ], [ 285903.69, 4160548.77 ], [ 285903.73, 4160548.68 ], [ 285903.78, 4160548.6 ], [ 285903.84, 4160548.52 ], [ 285903.9, 4160548.45 ], [ 285903.98, 4160548.38 ], [ 285904.06, 4160548.32 ], [ 285904.14, 4160548.27 ], [ 285904.23, 4160548.23 ], [ 285904.32, 4160548.2 ], [ 285906.11, 4160547.66 ], [ 285906.21, 4160547.64 ], [ 285906.3, 4160547.63 ], [ 285906.4, 4160547.62 ], [ 285906.5, 4160547.63 ], [ 285906.6, 4160547.64 ], [ 285906.69, 4160547.67 ], [ 285906.78, 4160547.7 ], [ 285906.87, 4160547.74 ], [ 285906.96, 4160547.79 ], [ 285907.04, 4160547.85 ], [ 285907.11, 4160547.92 ], [ 285907.17, 4160547.99 ], [ 285907.23, 4160548.07 ], [ 285907.28, 4160548.15 ], [ 285907.32, 4160548.24 ], [ 285907.36, 4160548.33 ], [ 285907.65, 4160549.31 ], [ 285908.23, 4160549.14 ], [ 285908.32, 4160549.12 ], [ 285908.41, 4160549.1 ], [ 285908.51, 4160549.1 ], [ 285908.6, 4160549.1 ], [ 285908.7, 4160549.12 ], [ 285908.79, 4160549.14 ], [ 285908.88, 4160549.17 ], [ 285908.97, 4160549.21 ], [ 285909.05, 4160549.26 ], [ 285909.13, 4160549.31 ], [ 285909.2, 4160549.37 ], [ 285909.27, 4160549.44 ], [ 285909.33, 4160549.52 ], [ 285909.38, 4160549.6 ], [ 285909.42, 4160549.68 ], [ 285909.46, 4160549.77 ], [ 285909.49, 4160549.86 ], [ 285910.04, 4160552.17 ], [ 285911.79, 4160551.31 ], [ 285912.9, 4160551.77 ], [ 285913.55, 4160550.2 ], [ 285913.87, 4160549.89 ], [ 285913.5, 4160548.57 ], [ 285913.48, 4160548.47 ], [ 285913.47, 4160548.37 ], [ 285913.47, 4160548.28 ], [ 285913.48, 4160548.18 ], [ 285913.49, 4160548.08 ], [ 285913.52, 4160547.99 ], [ 285913.56, 4160547.89 ], [ 285913.6, 4160547.81 ], [ 285913.65, 4160547.72 ], [ 285913.71, 4160547.65 ], [ 285913.78, 4160547.58 ], [ 285913.85, 4160547.51 ], [ 285913.94, 4160547.46 ], [ 285914.02, 4160547.41 ], [ 285914.11, 4160547.37 ], [ 285914.2, 4160547.34 ], [ 285924.93, 4160544.38 ], [ 285925.03, 4160544.36 ], [ 285925.13, 4160544.35 ], [ 285925.23, 4160544.35 ], [ 285925.33, 4160544.36 ], [ 285925.43, 4160544.38 ], [ 285925.53, 4160544.4 ], [ 285925.62, 4160544.44 ], [ 285925.71, 4160544.49 ], [ 285925.79, 4160544.55 ], [ 285925.87, 4160544.61 ], [ 285925.94, 4160544.68 ], [ 285926.0, 4160544.76 ], [ 285926.06, 4160544.85 ], [ 285926.11, 4160544.94 ], [ 285926.14, 4160545.03 ], [ 285926.17, 4160545.13 ], [ 285926.73, 4160547.63 ], [ 285926.89, 4160547.63 ], [ 285929.01, 4160546.75 ], [ 285930.26, 4160545.5 ], [ 285929.9, 4160544.23 ], [ 285929.88, 4160544.14 ], [ 285929.86, 4160544.04 ], [ 285929.86, 4160543.94 ], [ 285929.87, 4160543.84 ], [ 285929.88, 4160543.75 ], [ 285929.91, 4160543.65 ], [ 285929.94, 4160543.56 ], [ 285929.99, 4160543.47 ], [ 285930.04, 4160543.39 ], [ 285930.1, 4160543.31 ], [ 285930.16, 4160543.24 ], [ 285930.24, 4160543.17 ], [ 285930.32, 4160543.12 ], [ 285930.4, 4160543.07 ], [ 285930.49, 4160543.03 ], [ 285930.59, 4160543.0 ], [ 285941.04, 4160540.02 ], [ 285943.37, 4160537.95 ], [ 285941.6, 4160531.76 ], [ 285941.67, 4160530.68 ], [ 285941.13, 4160528.77 ], [ 285940.53, 4160527.9 ], [ 285938.07, 4160526.63 ], [ 285937.73, 4160526.63 ], [ 285936.71, 4160526.2 ], [ 285934.55, 4160524.05 ], [ 285934.13, 4160523.03 ], [ 285934.13, 4160520.63 ], [ 285930.62, 4160521.62 ], [ 285930.55, 4160521.63 ], [ 285920.2, 4160524.28 ], [ 285910.38, 4160527.0 ], [ 285910.2, 4160527.05 ], [ 285897.22, 4160529.83 ], [ 285890.82, 4160531.32 ], [ 285889.85, 4160531.7 ], [ 285887.68, 4160532.93 ], [ 285887.36, 4160533.09 ], [ 285887.02, 4160533.21 ], [ 285853.63, 4160542.85 ], [ 285853.85, 4160543.55 ], [ 285853.85, 4160543.58 ], [ 285853.86, 4160543.61 ], [ 285856.35, 4160552.69 ], [ 285863.76, 4160579.2 ], [ 285865.93, 4160578.61 ], [ 285866.91, 4160577.9 ], [ 285867.77, 4160577.63 ], [ 285868.13, 4160577.63 ], [ 285870.27, 4160575.87 ], [ 285871.61, 4160577.05 ], [ 285896.17, 4160570.3 ], [ 285933.13, 4160560.14 ], [ 285970.45, 4160550.03 ], [ 285970.48, 4160550.02 ], [ 285970.5, 4160550.02 ], [ 285970.56, 4160550.0 ] ], [ [ 285864.7, 4160561.99 ], [ 285864.71, 4160561.89 ], [ 285864.74, 4160561.79 ], [ 285864.77, 4160561.7 ], [ 285864.82, 4160561.61 ], [ 285864.87, 4160561.53 ], [ 285864.93, 4160561.45 ], [ 285865.0, 4160561.37 ], [ 285865.07, 4160561.31 ], [ 285865.15, 4160561.25 ], [ 285865.24, 4160561.2 ], [ 285865.33, 4160561.16 ], [ 285865.43, 4160561.13 ], [ 285876.16, 4160558.21 ], [ 285876.26, 4160558.19 ], [ 285876.35, 4160558.18 ], [ 285876.45, 4160558.18 ], [ 285876.55, 4160558.18 ], [ 285876.64, 4160558.2 ], [ 285876.73, 4160558.23 ], [ 285876.82, 4160558.26 ], [ 285876.91, 4160558.3 ], [ 285876.99, 4160558.36 ], [ 285877.07, 4160558.41 ], [ 285877.14, 4160558.48 ], [ 285877.2, 4160558.55 ], [ 285877.26, 4160558.63 ], [ 285877.31, 4160558.71 ], [ 285877.35, 4160558.8 ], [ 285877.38, 4160558.89 ], [ 285879.5, 4160566.07 ], [ 285879.53, 4160566.16 ], [ 285879.54, 4160566.26 ], [ 285879.54, 4160566.36 ], [ 285879.54, 4160566.46 ], [ 285879.52, 4160566.55 ], [ 285879.5, 4160566.65 ], [ 285879.47, 4160566.74 ], [ 285879.42, 4160566.83 ], [ 285879.37, 4160566.91 ], [ 285879.31, 4160566.99 ], [ 285879.25, 4160567.06 ], [ 285879.17, 4160567.13 ], [ 285879.09, 4160567.19 ], [ 285879.01, 4160567.24 ], [ 285878.92, 4160567.28 ], [ 285878.83, 4160567.31 ], [ 285875.85, 4160568.19 ], [ 285875.15, 4160569.59 ], [ 285874.6, 4160570.19 ], [ 285872.63, 4160571.41 ], [ 285871.46, 4160571.74 ], [ 285870.23, 4160573.63 ], [ 285869.28, 4160571.85 ], [ 285867.71, 4160571.2 ], [ 285865.55, 4160569.05 ], [ 285865.13, 4160568.03 ], [ 285865.13, 4160566.22 ], [ 285865.55, 4160565.2 ], [ 285865.56, 4160565.19 ], [ 285864.73, 4160562.38 ], [ 285864.71, 4160562.28 ], [ 285864.69, 4160562.19 ], [ 285864.69, 4160562.09 ], [ 285864.7, 4160561.99 ] ], [ [ 285880.63, 4160557.05 ], [ 285880.67, 4160556.96 ], [ 285880.72, 4160556.88 ], [ 285880.78, 4160556.8 ], [ 285880.85, 4160556.73 ], [ 285880.93, 4160556.67 ], [ 285881.01, 4160556.61 ], [ 285881.09, 4160556.56 ], [ 285881.18, 4160556.52 ], [ 285881.27, 4160556.49 ], [ 285887.14, 4160554.86 ], [ 285886.93, 4160554.11 ], [ 285886.91, 4160554.01 ], [ 285886.89, 4160553.91 ], [ 285886.89, 4160553.82 ], [ 285886.9, 4160553.72 ], [ 285886.92, 4160553.62 ], [ 285886.94, 4160553.53 ], [ 285886.98, 4160553.43 ], [ 285887.02, 4160553.35 ], [ 285887.07, 4160553.26 ], [ 285887.13, 4160553.19 ], [ 285887.2, 4160553.12 ], [ 285887.28, 4160553.05 ], [ 285887.36, 4160552.99 ], [ 285887.44, 4160552.95 ], [ 285887.53, 4160552.91 ], [ 285887.63, 4160552.88 ], [ 285889.76, 4160552.29 ], [ 285889.85, 4160552.27 ], [ 285889.95, 4160552.25 ], [ 285890.05, 4160552.25 ], [ 285890.15, 4160552.26 ], [ 285890.25, 4160552.28 ], [ 285890.34, 4160552.3 ], [ 285890.43, 4160552.34 ], [ 285890.52, 4160552.38 ], [ 285890.6, 4160552.44 ], [ 285890.68, 4160552.5 ], [ 285890.75, 4160552.56 ], [ 285890.81, 4160552.64 ], [ 285890.87, 4160552.72 ], [ 285890.92, 4160552.81 ], [ 285890.96, 4160552.9 ], [ 285890.99, 4160552.99 ], [ 285891.24, 4160553.92 ], [ 285891.82, 4160553.76 ], [ 285891.91, 4160553.73 ], [ 285892.01, 4160553.72 ], [ 285892.11, 4160553.72 ], [ 285892.21, 4160553.73 ], [ 285892.31, 4160553.74 ], [ 285892.4, 4160553.77 ], [ 285892.49, 4160553.81 ], [ 285892.58, 4160553.85 ], [ 285892.66, 4160553.9 ], [ 285892.74, 4160553.96 ], [ 285892.81, 4160554.03 ], [ 285892.87, 4160554.1 ], [ 285892.93, 4160554.19 ], [ 285892.98, 4160554.27 ], [ 285893.02, 4160554.36 ], [ 285893.05, 4160554.45 ], [ 285895.04, 4160561.65 ], [ 285895.06, 4160561.75 ], [ 285895.07, 4160561.85 ], [ 285895.08, 4160561.94 ], [ 285895.07, 4160562.04 ], [ 285895.05, 4160562.14 ], [ 285895.02, 4160562.23 ], [ 285894.99, 4160562.33 ], [ 285894.95, 4160562.41 ], [ 285894.89, 4160562.5 ], [ 285894.83, 4160562.57 ], [ 285894.76, 4160562.64 ], [ 285894.69, 4160562.71 ], [ 285894.61, 4160562.77 ], [ 285894.52, 4160562.81 ], [ 285894.43, 4160562.85 ], [ 285894.34, 4160562.88 ], [ 285890.95, 4160563.82 ], [ 285891.04, 4160564.11 ], [ 285891.06, 4160564.2 ], [ 285891.07, 4160564.3 ], [ 285891.07, 4160564.4 ], [ 285891.07, 4160564.5 ], [ 285891.05, 4160564.6 ], [ 285891.02, 4160564.69 ], [ 285890.99, 4160564.78 ], [ 285890.94, 4160564.87 ], [ 285890.89, 4160564.95 ], [ 285890.83, 4160565.03 ], [ 285890.76, 4160565.1 ], [ 285890.69, 4160565.17 ], [ 285890.61, 4160565.22 ], [ 285890.52, 4160565.27 ], [ 285890.43, 4160565.31 ], [ 285890.34, 4160565.34 ], [ 285888.29, 4160565.9 ], [ 285888.2, 4160565.93 ], [ 285888.1, 4160565.94 ], [ 285888.0, 4160565.94 ], [ 285887.9, 4160565.93 ], [ 285887.81, 4160565.92 ], [ 285887.71, 4160565.89 ], [ 285887.62, 4160565.85 ], [ 285887.53, 4160565.81 ], [ 285887.45, 4160565.76 ], [ 285887.37, 4160565.7 ], [ 285887.3, 4160565.63 ], [ 285884.63, 4160565.63 ], [ 285883.86, 4160565.84 ], [ 285883.76, 4160565.86 ], [ 285883.66, 4160565.88 ], [ 285883.56, 4160565.88 ], [ 285883.47, 4160565.87 ], [ 285883.37, 4160565.85 ], [ 285883.28, 4160565.83 ], [ 285883.18, 4160565.79 ], [ 285883.1, 4160565.75 ], [ 285883.01, 4160565.7 ], [ 285882.94, 4160565.63 ], [ 285882.86, 4160565.57 ], [ 285882.8, 4160565.49 ], [ 285882.74, 4160565.41 ], [ 285882.7, 4160565.33 ], [ 285882.66, 4160565.24 ], [ 285882.63, 4160565.14 ], [ 285882.62, 4160565.11 ], [ 285881.15, 4160563.65 ], [ 285879.4, 4160563.32 ], [ 285880.13, 4160562.35 ], [ 285880.13, 4160560.22 ], [ 285880.55, 4160559.2 ], [ 285880.89, 4160558.86 ], [ 285880.58, 4160557.72 ], [ 285880.56, 4160557.63 ], [ 285880.54, 4160557.53 ], [ 285880.54, 4160557.43 ], [ 285880.55, 4160557.33 ], [ 285880.57, 4160557.24 ], [ 285880.59, 4160557.14 ], [ 285880.63, 4160557.05 ] ], [ [ 285913.85, 4160541.39 ], [ 285913.76, 4160541.4 ], [ 285913.66, 4160541.4 ], [ 285913.56, 4160541.39 ], [ 285913.46, 4160541.38 ], [ 285913.37, 4160541.35 ], [ 285913.28, 4160541.31 ], [ 285913.19, 4160541.27 ], [ 285913.11, 4160541.21 ], [ 285913.03, 4160541.15 ], [ 285912.96, 4160541.08 ], [ 285912.9, 4160541.01 ], [ 285912.85, 4160540.92 ], [ 285912.8, 4160540.84 ], [ 285912.76, 4160540.75 ], [ 285912.73, 4160540.65 ], [ 285910.56, 4160532.26 ], [ 285910.54, 4160532.16 ], [ 285910.53, 4160532.07 ], [ 285910.53, 4160531.97 ], [ 285910.54, 4160531.87 ], [ 285910.56, 4160531.77 ], [ 285910.59, 4160531.68 ], [ 285910.62, 4160531.59 ], [ 285910.67, 4160531.5 ], [ 285910.72, 4160531.42 ], [ 285910.78, 4160531.34 ], [ 285910.85, 4160531.27 ], [ 285910.93, 4160531.21 ], [ 285911.01, 4160531.16 ], [ 285911.1, 4160531.11 ], [ 285911.19, 4160531.07 ], [ 285911.28, 4160531.04 ], [ 285915.67, 4160529.91 ], [ 285915.77, 4160529.89 ], [ 285915.86, 4160529.88 ], [ 285915.96, 4160529.88 ], [ 285916.06, 4160529.88 ], [ 285916.16, 4160529.9 ], [ 285916.25, 4160529.93 ], [ 285916.34, 4160529.97 ], [ 285916.43, 4160530.01 ], [ 285916.51, 4160530.07 ], [ 285916.59, 4160530.13 ], [ 285916.66, 4160530.2 ], [ 285916.72, 4160530.27 ], [ 285916.77, 4160530.35 ], [ 285916.82, 4160530.44 ], [ 285916.86, 4160530.53 ], [ 285916.89, 4160530.62 ], [ 285919.06, 4160539.02 ], [ 285919.08, 4160539.11 ], [ 285919.09, 4160539.21 ], [ 285919.09, 4160539.31 ], [ 285919.08, 4160539.41 ], [ 285919.06, 4160539.5 ], [ 285919.03, 4160539.6 ], [ 285919.0, 4160539.69 ], [ 285918.95, 4160539.78 ], [ 285918.9, 4160539.86 ], [ 285918.84, 4160539.93 ], [ 285918.77, 4160540.0 ], [ 285918.69, 4160540.07 ], [ 285918.61, 4160540.12 ], [ 285918.52, 4160540.17 ], [ 285918.43, 4160540.21 ], [ 285918.34, 4160540.24 ], [ 285913.95, 4160541.37 ], [ 285913.85, 4160541.39 ] ] ], [ [ [ 285998.74, 4160565.54 ], [ 285998.75, 4160565.44 ], [ 285998.77, 4160565.34 ], [ 285998.79, 4160565.25 ], [ 285998.83, 4160565.16 ], [ 285998.87, 4160565.07 ], [ 285998.92, 4160564.98 ], [ 285998.98, 4160564.91 ], [ 285999.05, 4160564.84 ], [ 285999.12, 4160564.77 ], [ 285999.2, 4160564.71 ], [ 285999.29, 4160564.67 ], [ 285999.38, 4160564.62 ], [ 285999.39, 4160564.62 ], [ 285999.39, 4160563.13 ], [ 285996.28, 4160561.06 ], [ 285995.72, 4160560.37 ], [ 285994.81, 4160558.01 ], [ 285994.76, 4160557.12 ], [ 285995.58, 4160553.84 ], [ 285994.42, 4160549.5 ], [ 285994.4, 4160549.41 ], [ 285994.39, 4160549.31 ], [ 285994.39, 4160549.21 ], [ 285994.4, 4160549.11 ], [ 285994.41, 4160549.02 ], [ 285994.44, 4160548.92 ], [ 285994.48, 4160548.83 ], [ 285994.52, 4160548.74 ], [ 285994.58, 4160548.66 ], [ 285994.64, 4160548.58 ], [ 285994.71, 4160548.51 ], [ 285994.78, 4160548.45 ], [ 285994.86, 4160548.39 ], [ 285994.95, 4160548.35 ], [ 285995.04, 4160548.31 ], [ 285995.13, 4160548.28 ], [ 285995.29, 4160548.24 ], [ 285994.63, 4160546.33 ], [ 285993.33, 4160545.88 ], [ 285992.59, 4160545.31 ], [ 285988.76, 4160539.57 ], [ 285988.57, 4160539.17 ], [ 285988.2, 4160537.93 ], [ 285988.13, 4160537.5 ], [ 285988.13, 4160536.22 ], [ 285988.55, 4160535.2 ], [ 285989.64, 4160534.11 ], [ 285989.49, 4160533.55 ], [ 285989.47, 4160533.45 ], [ 285989.46, 4160533.36 ], [ 285989.46, 4160533.26 ], [ 285989.47, 4160533.16 ], [ 285989.49, 4160533.07 ], [ 285989.51, 4160532.97 ], [ 285989.55, 4160532.88 ], [ 285989.59, 4160532.79 ], [ 285989.65, 4160532.71 ], [ 285989.67, 4160532.68 ], [ 285988.38, 4160528.67 ], [ 285979.62, 4160527.21 ], [ 285976.71, 4160529.68 ], [ 285976.28, 4160529.54 ], [ 285975.86, 4160530.85 ], [ 285975.24, 4160531.7 ], [ 285982.65, 4160554.99 ], [ 285982.68, 4160555.09 ], [ 285983.55, 4160558.04 ], [ 285984.71, 4160559.2 ], [ 285985.13, 4160560.22 ], [ 285985.13, 4160563.44 ], [ 285991.44, 4160584.97 ], [ 285992.47, 4160584.45 ], [ 285994.13, 4160581.77 ], [ 285994.13, 4160573.6 ], [ 285994.31, 4160572.9 ], [ 285995.29, 4160571.06 ], [ 285995.78, 4160570.53 ], [ 285999.39, 4160568.12 ], [ 285999.39, 4160567.97 ], [ 285998.78, 4160565.83 ], [ 285998.76, 4160565.73 ], [ 285998.75, 4160565.64 ], [ 285998.74, 4160565.54 ] ] ], [ [ [ 285803.58, 4160556.78 ], [ 285802.88, 4160557.19 ], [ 285798.1, 4160558.38 ], [ 285796.82, 4160558.07 ], [ 285796.67, 4160557.93 ], [ 285786.0, 4160560.75 ], [ 285784.55, 4160562.2 ], [ 285783.53, 4160562.63 ], [ 285778.92, 4160562.63 ], [ 285775.54, 4160563.52 ], [ 285774.3, 4160564.28 ], [ 285773.55, 4160565.78 ], [ 285773.56, 4160565.79 ], [ 285773.63, 4160565.85 ], [ 285773.7, 4160565.91 ], [ 285773.77, 4160565.99 ], [ 285773.82, 4160566.07 ], [ 285773.87, 4160566.15 ], [ 285773.91, 4160566.24 ], [ 285775.06, 4160569.25 ], [ 285775.09, 4160569.34 ], [ 285775.11, 4160569.44 ], [ 285775.12, 4160569.53 ], [ 285775.12, 4160569.63 ], [ 285775.12, 4160569.73 ], [ 285775.1, 4160569.82 ], [ 285775.07, 4160569.92 ], [ 285775.04, 4160570.01 ], [ 285774.99, 4160570.1 ], [ 285774.94, 4160570.18 ], [ 285774.88, 4160570.26 ], [ 285774.81, 4160570.33 ], [ 285774.74, 4160570.39 ], [ 285774.66, 4160570.45 ], [ 285774.57, 4160570.5 ], [ 285774.48, 4160570.54 ], [ 285770.6, 4160572.03 ], [ 285770.5, 4160572.06 ], [ 285770.41, 4160572.08 ], [ 285770.31, 4160572.09 ], [ 285770.21, 4160572.09 ], [ 285770.11, 4160572.08 ], [ 285770.02, 4160572.07 ], [ 285769.92, 4160572.04 ], [ 285769.83, 4160572.01 ], [ 285769.74, 4160571.96 ], [ 285769.66, 4160571.91 ], [ 285769.58, 4160571.85 ], [ 285769.51, 4160571.78 ], [ 285769.45, 4160571.71 ], [ 285769.39, 4160571.63 ], [ 285769.35, 4160571.54 ], [ 285769.31, 4160571.45 ], [ 285768.15, 4160568.45 ], [ 285768.12, 4160568.36 ], [ 285768.1, 4160568.26 ], [ 285768.09, 4160568.16 ], [ 285768.08, 4160568.06 ], [ 285768.09, 4160567.97 ], [ 285768.11, 4160567.87 ], [ 285768.13, 4160567.77 ], [ 285768.17, 4160567.68 ], [ 285768.19, 4160567.64 ], [ 285764.19, 4160566.64 ], [ 285764.08, 4160566.55 ], [ 285763.47, 4160566.71 ], [ 285763.88, 4160568.54 ], [ 285763.88, 4160568.55 ], [ 285768.08, 4160588.51 ], [ 285770.4, 4160599.57 ], [ 285771.95, 4160600.99 ], [ 285772.41, 4160601.94 ], [ 285772.62, 4160604.44 ], [ 285795.95, 4160598.03 ], [ 285833.54, 4160587.73 ], [ 285846.62, 4160583.86 ], [ 285841.93, 4160567.89 ], [ 285841.92, 4160567.84 ], [ 285836.8, 4160548.25 ], [ 285836.56, 4160547.52 ], [ 285804.43, 4160555.89 ], [ 285803.58, 4160556.78 ] ], [ [ 285788.71, 4160591.91 ], [ 285788.72, 4160592.0 ], [ 285788.72, 4160592.1 ], [ 285788.72, 4160592.2 ], [ 285788.7, 4160592.29 ], [ 285788.67, 4160592.38 ], [ 285788.64, 4160592.47 ], [ 285788.59, 4160592.55 ], [ 285788.54, 4160592.64 ], [ 285788.48, 4160592.71 ], [ 285788.42, 4160592.78 ], [ 285788.35, 4160592.84 ], [ 285788.27, 4160592.9 ], [ 285788.19, 4160592.95 ], [ 285788.1, 4160592.99 ], [ 285788.01, 4160593.02 ], [ 285787.92, 4160593.04 ], [ 285786.42, 4160593.34 ], [ 285784.55, 4160595.2 ], [ 285783.53, 4160595.63 ], [ 285778.73, 4160595.63 ], [ 285777.71, 4160595.2 ], [ 285777.58, 4160595.08 ], [ 285776.95, 4160595.2 ], [ 285776.85, 4160595.22 ], [ 285776.75, 4160595.22 ], [ 285776.65, 4160595.21 ], [ 285776.55, 4160595.2 ], [ 285776.45, 4160595.17 ], [ 285776.36, 4160595.14 ], [ 285776.27, 4160595.09 ], [ 285776.18, 4160595.04 ], [ 285776.1, 4160594.97 ], [ 285776.03, 4160594.9 ], [ 285775.96, 4160594.83 ], [ 285775.91, 4160594.74 ], [ 285775.86, 4160594.65 ], [ 285775.82, 4160594.56 ], [ 285775.79, 4160594.46 ], [ 285775.24, 4160592.29 ], [ 285775.13, 4160592.03 ], [ 285775.13, 4160591.86 ], [ 285773.76, 4160586.43 ], [ 285773.74, 4160586.34 ], [ 285773.73, 4160586.24 ], [ 285773.73, 4160586.14 ], [ 285773.74, 4160586.04 ], [ 285773.76, 4160585.95 ], [ 285773.79, 4160585.85 ], [ 285773.83, 4160585.76 ], [ 285773.87, 4160585.68 ], [ 285773.93, 4160585.59 ], [ 285773.99, 4160585.52 ], [ 285774.06, 4160585.45 ], [ 285774.13, 4160585.39 ], [ 285774.21, 4160585.33 ], [ 285774.3, 4160585.29 ], [ 285774.39, 4160585.25 ], [ 285774.49, 4160585.22 ], [ 285775.13, 4160585.06 ], [ 285775.13, 4160578.22 ], [ 285775.55, 4160577.2 ], [ 285777.71, 4160575.05 ], [ 285778.73, 4160574.63 ], [ 285783.53, 4160574.63 ], [ 285784.55, 4160575.05 ], [ 285786.71, 4160577.2 ], [ 285787.13, 4160578.22 ], [ 285787.13, 4160583.63 ], [ 285789.21, 4160586.16 ], [ 285787.74, 4160588.02 ], [ 285788.69, 4160591.82 ], [ 285788.71, 4160591.91 ] ], [ [ 285791.97, 4160581.5 ], [ 285792.04, 4160581.43 ], [ 285792.11, 4160581.36 ], [ 285792.19, 4160581.31 ], [ 285792.27, 4160581.26 ], [ 285792.36, 4160581.22 ], [ 285792.46, 4160581.19 ], [ 285798.7, 4160579.43 ], [ 285798.45, 4160578.55 ], [ 285798.43, 4160578.45 ], [ 285798.42, 4160578.35 ], [ 285798.42, 4160578.26 ], [ 285798.42, 4160578.16 ], [ 285798.44, 4160578.06 ], [ 285798.47, 4160577.97 ], [ 285798.5, 4160577.88 ], [ 285798.54, 4160577.79 ], [ 285798.6, 4160577.71 ], [ 285798.66, 4160577.63 ], [ 285798.72, 4160577.56 ], [ 285798.8, 4160577.49 ], [ 285798.88, 4160577.44 ], [ 285798.96, 4160577.39 ], [ 285799.05, 4160577.35 ], [ 285799.14, 4160577.32 ], [ 285801.04, 4160576.78 ], [ 285801.13, 4160576.76 ], [ 285801.23, 4160576.74 ], [ 285801.33, 4160576.74 ], [ 285801.43, 4160576.75 ], [ 285801.52, 4160576.76 ], [ 285801.62, 4160576.79 ], [ 285801.71, 4160576.82 ], [ 285801.8, 4160576.87 ], [ 285801.88, 4160576.92 ], [ 285801.96, 4160576.98 ], [ 285802.03, 4160577.05 ], [ 285802.1, 4160577.12 ], [ 285802.15, 4160577.2 ], [ 285802.2, 4160577.28 ], [ 285802.24, 4160577.37 ], [ 285802.27, 4160577.47 ], [ 285802.53, 4160578.35 ], [ 285803.05, 4160578.2 ], [ 285803.15, 4160578.18 ], [ 285803.25, 4160578.17 ], [ 285803.35, 4160578.16 ], [ 285803.44, 4160578.17 ], [ 285803.54, 4160578.19 ], [ 285803.64, 4160578.21 ], [ 285803.73, 4160578.25 ], [ 285803.82, 4160578.29 ], [ 285803.9, 4160578.34 ], [ 285803.98, 4160578.4 ], [ 285804.05, 4160578.47 ], [ 285804.11, 4160578.55 ], [ 285804.17, 4160578.63 ], [ 285804.22, 4160578.71 ], [ 285804.26, 4160578.8 ], [ 285804.29, 4160578.9 ], [ 285804.93, 4160581.16 ], [ 285808.08, 4160580.4 ], [ 285808.41, 4160579.4 ], [ 285809.09, 4160578.46 ], [ 285808.88, 4160577.65 ], [ 285808.86, 4160577.55 ], [ 285808.85, 4160577.46 ], [ 285808.85, 4160577.36 ], [ 285808.86, 4160577.26 ], [ 285808.88, 4160577.16 ], [ 285808.91, 4160577.07 ], [ 285808.94, 4160576.98 ], [ 285808.99, 4160576.89 ], [ 285809.04, 4160576.81 ], [ 285809.1, 4160576.74 ], [ 285809.17, 4160576.67 ], [ 285809.24, 4160576.6 ], [ 285809.32, 4160576.55 ], [ 285809.41, 4160576.5 ], [ 285809.5, 4160576.46 ], [ 285809.59, 4160576.43 ], [ 285815.67, 4160574.81 ], [ 285814.97, 4160572.2 ], [ 285814.95, 4160572.1 ], [ 285814.94, 4160572.01 ], [ 285814.94, 4160571.91 ], [ 285814.95, 4160571.81 ], [ 285814.97, 4160571.71 ], [ 285814.99, 4160571.62 ], [ 285815.03, 4160571.53 ], [ 285815.08, 4160571.44 ], [ 285815.13, 4160571.36 ], [ 285815.19, 4160571.28 ], [ 285815.26, 4160571.21 ], [ 285815.33, 4160571.15 ], [ 285815.41, 4160571.09 ], [ 285815.5, 4160571.05 ], [ 285815.59, 4160571.01 ], [ 285815.68, 4160570.98 ], [ 285819.37, 4160569.99 ], [ 285819.47, 4160569.97 ], [ 285819.56, 4160569.96 ], [ 285819.66, 4160569.96 ], [ 285819.76, 4160569.97 ], [ 285819.86, 4160569.99 ], [ 285819.95, 4160570.01 ], [ 285820.04, 4160570.05 ], [ 285820.13, 4160570.09 ], [ 285820.21, 4160570.15 ], [ 285820.29, 4160570.21 ], [ 285820.36, 4160570.28 ], [ 285820.42, 4160570.35 ], [ 285820.48, 4160570.43 ], [ 285820.53, 4160570.52 ], [ 285820.56, 4160570.61 ], [ 285820.59, 4160570.7 ], [ 285821.27, 4160573.25 ], [ 285825.02, 4160571.99 ], [ 285825.1, 4160571.94 ], [ 285825.18, 4160571.89 ], [ 285825.27, 4160571.85 ], [ 285825.36, 4160571.82 ], [ 285831.7, 4160569.98 ], [ 285831.5, 4160569.32 ], [ 285831.48, 4160569.22 ], [ 285831.47, 4160569.12 ], [ 285831.47, 4160569.03 ], [ 285831.47, 4160568.93 ], [ 285831.49, 4160568.83 ], [ 285831.51, 4160568.74 ], [ 285831.55, 4160568.64 ], [ 285831.59, 4160568.56 ], [ 285831.64, 4160568.47 ], [ 285831.7, 4160568.4 ], [ 285831.77, 4160568.32 ], [ 285831.84, 4160568.26 ], [ 285831.92, 4160568.2 ], [ 285832.01, 4160568.15 ], [ 285832.1, 4160568.11 ], [ 285832.19, 4160568.08 ], [ 285834.21, 4160567.49 ], [ 285834.31, 4160567.47 ], [ 285834.41, 4160567.46 ], [ 285834.51, 4160567.46 ], [ 285834.6, 4160567.46 ], [ 285834.7, 4160567.48 ], [ 285834.8, 4160567.5 ], [ 285834.89, 4160567.54 ], [ 285834.98, 4160567.58 ], [ 285835.06, 4160567.63 ], [ 285835.14, 4160567.69 ], [ 285835.21, 4160567.76 ], [ 285835.27, 4160567.83 ], [ 285835.33, 4160567.91 ], [ 285835.38, 4160568.0 ], [ 285835.42, 4160568.09 ], [ 285835.45, 4160568.18 ], [ 285835.65, 4160568.87 ], [ 285836.17, 4160568.72 ], [ 285836.27, 4160568.7 ], [ 285836.37, 4160568.69 ], [ 285836.46, 4160568.68 ], [ 285836.56, 4160568.69 ], [ 285836.66, 4160568.7 ], [ 285836.75, 4160568.73 ], [ 285836.85, 4160568.76 ], [ 285836.93, 4160568.81 ], [ 285837.02, 4160568.86 ], [ 285837.1, 4160568.92 ], [ 285837.17, 4160568.98 ], [ 285837.23, 4160569.06 ], [ 285837.29, 4160569.14 ], [ 285837.34, 4160569.22 ], [ 285837.38, 4160569.31 ], [ 285837.41, 4160569.4 ], [ 285839.59, 4160576.92 ], [ 285839.62, 4160577.01 ], [ 285839.63, 4160577.11 ], [ 285839.63, 4160577.21 ], [ 285839.63, 4160577.31 ], [ 285839.61, 4160577.4 ], [ 285839.59, 4160577.5 ], [ 285839.55, 4160577.59 ], [ 285839.51, 4160577.68 ], [ 285839.46, 4160577.76 ], [ 285839.4, 4160577.84 ], [ 285839.38, 4160577.86 ], [ 285839.4, 4160577.91 ], [ 285839.42, 4160578.01 ], [ 285839.43, 4160578.1 ], [ 285839.44, 4160578.2 ], [ 285839.43, 4160578.3 ], [ 285839.42, 4160578.4 ], [ 285839.39, 4160578.49 ], [ 285839.36, 4160578.58 ], [ 285839.31, 4160578.67 ], [ 285839.26, 4160578.76 ], [ 285839.2, 4160578.84 ], [ 285839.14, 4160578.91 ], [ 285839.06, 4160578.97 ], [ 285838.98, 4160579.03 ], [ 285838.9, 4160579.08 ], [ 285838.81, 4160579.12 ], [ 285838.72, 4160579.15 ], [ 285836.47, 4160579.8 ], [ 285836.37, 4160579.82 ], [ 285836.28, 4160579.83 ], [ 285836.18, 4160579.84 ], [ 285836.08, 4160579.83 ], [ 285835.98, 4160579.82 ], [ 285835.95, 4160579.81 ], [ 285835.55, 4160580.2 ], [ 285834.53, 4160580.63 ], [ 285830.32, 4160580.63 ], [ 285828.1, 4160581.27 ], [ 285828.01, 4160581.29 ], [ 285827.91, 4160581.31 ], [ 285827.81, 4160581.31 ], [ 285827.71, 4160581.3 ], [ 285827.62, 4160581.29 ], [ 285827.52, 4160581.26 ], [ 285827.43, 4160581.23 ], [ 285827.34, 4160581.19 ], [ 285827.26, 4160581.13 ], [ 285827.18, 4160581.07 ], [ 285827.11, 4160581.01 ], [ 285827.04, 4160580.93 ], [ 285826.99, 4160580.85 ], [ 285826.94, 4160580.77 ], [ 285826.9, 4160580.68 ], [ 285826.88, 4160580.63 ], [ 285824.99, 4160580.63 ], [ 285823.46, 4160581.57 ], [ 285823.46, 4160581.6 ], [ 285823.45, 4160581.7 ], [ 285823.43, 4160581.8 ], [ 285823.4, 4160581.89 ], [ 285823.37, 4160581.98 ], [ 285823.32, 4160582.07 ], [ 285823.27, 4160582.15 ], [ 285823.21, 4160582.23 ], [ 285823.14, 4160582.3 ], [ 285823.06, 4160582.36 ], [ 285822.98, 4160582.42 ], [ 285822.9, 4160582.47 ], [ 285822.81, 4160582.51 ], [ 285822.71, 4160582.54 ], [ 285822.09, 4160582.7 ], [ 285821.15, 4160584.59 ], [ 285820.6, 4160585.19 ], [ 285818.63, 4160586.41 ], [ 285817.86, 4160586.63 ], [ 285811.73, 4160586.63 ], [ 285810.71, 4160586.2 ], [ 285810.1, 4160585.6 ], [ 285806.37, 4160586.46 ], [ 285806.37, 4160586.48 ], [ 285806.37, 4160586.58 ], [ 285806.35, 4160586.68 ], [ 285806.32, 4160586.77 ], [ 285806.29, 4160586.87 ], [ 285806.24, 4160586.95 ], [ 285806.19, 4160587.04 ], [ 285806.13, 4160587.11 ], [ 285806.07, 4160587.18 ], [ 285805.99, 4160587.25 ], [ 285805.91, 4160587.31 ], [ 285805.83, 4160587.35 ], [ 285805.74, 4160587.39 ], [ 285805.64, 4160587.43 ], [ 285804.83, 4160587.65 ], [ 285804.82, 4160587.68 ], [ 285803.17, 4160589.8 ], [ 285802.37, 4160590.32 ], [ 285797.53, 4160591.53 ], [ 285796.31, 4160591.27 ], [ 285795.16, 4160590.37 ], [ 285795.05, 4160590.4 ], [ 285794.96, 4160590.42 ], [ 285794.86, 4160590.43 ], [ 285794.76, 4160590.43 ], [ 285794.66, 4160590.43 ], [ 285794.57, 4160590.41 ], [ 285794.47, 4160590.39 ], [ 285794.38, 4160590.35 ], [ 285794.29, 4160590.31 ], [ 285794.21, 4160590.25 ], [ 285794.13, 4160590.19 ], [ 285794.06, 4160590.13 ], [ 285794.0, 4160590.05 ], [ 285793.94, 4160589.97 ], [ 285793.89, 4160589.89 ], [ 285793.85, 4160589.8 ], [ 285793.82, 4160589.71 ], [ 285793.68, 4160589.21 ], [ 285792.83, 4160587.47 ], [ 285790.2, 4160586.22 ], [ 285792.49, 4160584.99 ], [ 285791.77, 4160582.42 ], [ 285791.74, 4160582.32 ], [ 285791.73, 4160582.23 ], [ 285791.73, 4160582.13 ], [ 285791.74, 4160582.03 ], [ 285791.75, 4160581.93 ], [ 285791.78, 4160581.84 ], [ 285791.81, 4160581.75 ], [ 285791.86, 4160581.66 ], [ 285791.91, 4160581.58 ], [ 285791.97, 4160581.5 ] ] ], [ [ [ 285923.38, 4160587.24 ], [ 285923.47, 4160587.24 ], [ 285923.57, 4160587.26 ], [ 285923.67, 4160587.29 ], [ 285923.76, 4160587.32 ], [ 285923.84, 4160587.37 ], [ 285923.93, 4160587.42 ], [ 285924.0, 4160587.48 ], [ 285924.08, 4160587.55 ], [ 285924.14, 4160587.62 ], [ 285924.2, 4160587.7 ], [ 285924.24, 4160587.79 ], [ 285924.28, 4160587.88 ], [ 285924.31, 4160587.97 ], [ 285925.01, 4160590.54 ], [ 285928.27, 4160589.89 ], [ 285928.55, 4160589.2 ], [ 285928.79, 4160588.97 ], [ 285928.2, 4160586.63 ], [ 285928.18, 4160586.54 ], [ 285928.17, 4160586.44 ], [ 285928.17, 4160586.34 ], [ 285928.18, 4160586.24 ], [ 285928.2, 4160586.15 ], [ 285928.23, 4160586.05 ], [ 285928.27, 4160585.96 ], [ 285928.31, 4160585.88 ], [ 285928.37, 4160585.79 ], [ 285928.43, 4160585.72 ], [ 285928.5, 4160585.65 ], [ 285928.57, 4160585.59 ], [ 285928.65, 4160585.53 ], [ 285928.74, 4160585.48 ], [ 285928.83, 4160585.45 ], [ 285928.92, 4160585.42 ], [ 285931.48, 4160584.77 ], [ 285932.03, 4160582.02 ], [ 285931.53, 4160581.51 ], [ 285929.4, 4160580.63 ], [ 285924.52, 4160580.63 ], [ 285910.13, 4160584.59 ], [ 285910.13, 4160586.63 ], [ 285913.13, 4160589.63 ], [ 285914.46, 4160589.63 ], [ 285923.09, 4160587.27 ], [ 285923.18, 4160587.25 ], [ 285923.28, 4160587.24 ], [ 285923.38, 4160587.24 ] ] ], [ [ [ 285940.36, 4160582.7 ], [ 285940.45, 4160582.74 ], [ 285940.54, 4160582.78 ], [ 285940.62, 4160582.84 ], [ 285940.69, 4160582.9 ], [ 285940.76, 4160582.97 ], [ 285940.83, 4160583.04 ], [ 285940.88, 4160583.13 ], [ 285940.93, 4160583.21 ], [ 285940.97, 4160583.3 ], [ 285940.99, 4160583.4 ], [ 285943.67, 4160594.0 ], [ 285943.69, 4160594.1 ], [ 285943.7, 4160594.19 ], [ 285943.7, 4160594.29 ], [ 285943.69, 4160594.39 ], [ 285943.67, 4160594.49 ], [ 285943.64, 4160594.58 ], [ 285943.61, 4160594.67 ], [ 285943.56, 4160594.76 ], [ 285943.51, 4160594.84 ], [ 285943.44, 4160594.91 ], [ 285943.37, 4160594.98 ], [ 285943.3, 4160595.05 ], [ 285943.22, 4160595.1 ], [ 285943.13, 4160595.15 ], [ 285943.04, 4160595.19 ], [ 285942.95, 4160595.21 ], [ 285939.51, 4160596.08 ], [ 285939.42, 4160596.1 ], [ 285939.32, 4160596.11 ], [ 285939.22, 4160596.11 ], [ 285939.12, 4160596.1 ], [ 285939.03, 4160596.08 ], [ 285938.93, 4160596.05 ], [ 285938.84, 4160596.01 ], [ 285938.76, 4160595.97 ], [ 285938.67, 4160595.91 ], [ 285938.6, 4160595.85 ], [ 285938.53, 4160595.78 ], [ 285938.47, 4160595.71 ], [ 285938.41, 4160595.62 ], [ 285938.36, 4160595.54 ], [ 285938.33, 4160595.45 ], [ 285938.3, 4160595.35 ], [ 285938.26, 4160595.2 ], [ 285937.5, 4160595.63 ], [ 285936.44, 4160595.63 ], [ 285936.42, 4160595.65 ], [ 285936.37, 4160595.73 ], [ 285936.31, 4160595.81 ], [ 285936.24, 4160595.88 ], [ 285936.16, 4160595.94 ], [ 285936.08, 4160596.0 ], [ 285935.99, 4160596.04 ], [ 285935.9, 4160596.08 ], [ 285935.81, 4160596.11 ], [ 285931.88, 4160597.1 ], [ 285931.78, 4160597.12 ], [ 285931.68, 4160597.13 ], [ 285931.58, 4160597.13 ], [ 285931.49, 4160597.12 ], [ 285931.39, 4160597.1 ], [ 285931.3, 4160597.07 ], [ 285931.21, 4160597.03 ], [ 285931.12, 4160596.99 ], [ 285931.04, 4160596.93 ], [ 285930.96, 4160596.87 ], [ 285930.89, 4160596.8 ], [ 285930.83, 4160596.73 ], [ 285930.77, 4160596.64 ], [ 285930.73, 4160596.56 ], [ 285930.69, 4160596.47 ], [ 285930.66, 4160596.37 ], [ 285930.25, 4160594.75 ], [ 285926.98, 4160594.1 ], [ 285926.27, 4160595.16 ], [ 285927.14, 4160598.35 ], [ 285927.17, 4160598.45 ], [ 285927.18, 4160598.54 ], [ 285927.18, 4160598.64 ], [ 285927.17, 4160598.74 ], [ 285927.15, 4160598.84 ], [ 285927.13, 4160598.93 ], [ 285927.09, 4160599.02 ], [ 285927.05, 4160599.11 ], [ 285927.0, 4160599.19 ], [ 285926.93, 4160599.27 ], [ 285926.87, 4160599.34 ], [ 285926.79, 4160599.4 ], [ 285926.71, 4160599.46 ], [ 285926.63, 4160599.51 ], [ 285926.54, 4160599.55 ], [ 285926.44, 4160599.58 ], [ 285923.33, 4160600.43 ], [ 285922.55, 4160601.2 ], [ 285921.53, 4160601.63 ], [ 285913.13, 4160601.63 ], [ 285910.13, 4160604.63 ], [ 285910.13, 4160608.46 ], [ 285912.18, 4160611.31 ], [ 285916.63, 4160612.79 ], [ 285917.36, 4160613.32 ], [ 285918.86, 4160615.4 ], [ 285919.13, 4160616.26 ], [ 285919.13, 4160618.98 ], [ 285986.99, 4160600.36 ], [ 285977.1, 4160566.62 ], [ 285975.89, 4160566.32 ], [ 285975.62, 4160566.14 ], [ 285975.61, 4160566.15 ], [ 285975.57, 4160566.2 ], [ 285975.53, 4160566.25 ], [ 285975.51, 4160566.27 ], [ 285975.49, 4160566.29 ], [ 285975.45, 4160566.33 ], [ 285975.41, 4160566.38 ], [ 285975.39, 4160566.39 ], [ 285975.37, 4160566.41 ], [ 285975.32, 4160566.45 ], [ 285975.27, 4160566.49 ], [ 285975.25, 4160566.51 ], [ 285975.23, 4160566.52 ], [ 285975.18, 4160566.56 ], [ 285975.13, 4160566.59 ], [ 285975.1, 4160566.61 ], [ 285975.08, 4160566.62 ], [ 285975.03, 4160566.65 ], [ 285974.97, 4160566.68 ], [ 285974.95, 4160566.69 ], [ 285974.93, 4160566.7 ], [ 285974.87, 4160566.73 ], [ 285974.81, 4160566.75 ], [ 285974.79, 4160566.76 ], [ 285974.76, 4160566.77 ], [ 285974.7, 4160566.79 ], [ 285974.65, 4160566.81 ], [ 285941.28, 4160576.0 ], [ 285938.1, 4160576.88 ], [ 285937.56, 4160580.64 ], [ 285936.94, 4160581.89 ], [ 285937.26, 4160582.05 ], [ 285937.4, 4160583.27 ], [ 285939.78, 4160582.67 ], [ 285939.88, 4160582.65 ], [ 285939.97, 4160582.64 ], [ 285940.07, 4160582.64 ], [ 285940.17, 4160582.65 ], [ 285940.27, 4160582.67 ], [ 285940.36, 4160582.7 ] ], [ [ 285944.53, 4160581.32 ], [ 285944.58, 4160581.23 ], [ 285944.64, 4160581.16 ], [ 285944.71, 4160581.08 ], [ 285944.79, 4160581.02 ], [ 285944.87, 4160580.96 ], [ 285944.96, 4160580.91 ], [ 285945.05, 4160580.88 ], [ 285945.15, 4160580.85 ], [ 285956.0, 4160578.09 ], [ 285956.1, 4160578.07 ], [ 285956.19, 4160578.06 ], [ 285956.29, 4160578.06 ], [ 285956.39, 4160578.07 ], [ 285956.48, 4160578.09 ], [ 285956.57, 4160578.11 ], [ 285956.66, 4160578.15 ], [ 285956.75, 4160578.19 ], [ 285956.83, 4160578.24 ], [ 285956.9, 4160578.3 ], [ 285956.97, 4160578.37 ], [ 285957.04, 4160578.44 ], [ 285957.09, 4160578.52 ], [ 285957.14, 4160578.6 ], [ 285957.18, 4160578.69 ], [ 285957.21, 4160578.78 ], [ 285958.0, 4160581.54 ], [ 285961.27, 4160580.89 ], [ 285961.37, 4160580.64 ], [ 285960.62, 4160577.73 ], [ 285960.6, 4160577.63 ], [ 285960.59, 4160577.53 ], [ 285960.59, 4160577.44 ], [ 285960.6, 4160577.34 ], [ 285960.62, 4160577.24 ], [ 285960.65, 4160577.15 ], [ 285960.68, 4160577.06 ], [ 285960.73, 4160576.97 ], [ 285960.78, 4160576.89 ], [ 285960.85, 4160576.81 ], [ 285960.91, 4160576.74 ], [ 285960.99, 4160576.68 ], [ 285961.07, 4160576.62 ], [ 285961.16, 4160576.58 ], [ 285961.25, 4160576.54 ], [ 285961.34, 4160576.51 ], [ 285972.32, 4160573.67 ], [ 285972.41, 4160573.65 ], [ 285972.51, 4160573.64 ], [ 285972.61, 4160573.64 ], [ 285972.71, 4160573.65 ], [ 285972.8, 4160573.67 ], [ 285972.9, 4160573.7 ], [ 285972.99, 4160573.73 ], [ 285973.07, 4160573.78 ], [ 285973.16, 4160573.83 ], [ 285973.23, 4160573.89 ], [ 285973.3, 4160573.96 ], [ 285973.37, 4160574.04 ], [ 285973.42, 4160574.12 ], [ 285973.47, 4160574.21 ], [ 285973.51, 4160574.3 ], [ 285973.53, 4160574.39 ], [ 285976.02, 4160583.98 ], [ 285976.04, 4160584.07 ], [ 285976.05, 4160584.17 ], [ 285976.05, 4160584.27 ], [ 285976.04, 4160584.37 ], [ 285976.02, 4160584.46 ], [ 285975.99, 4160584.56 ], [ 285975.96, 4160584.65 ], [ 285975.91, 4160584.73 ], [ 285975.86, 4160584.82 ], [ 285975.8, 4160584.89 ], [ 285975.73, 4160584.96 ], [ 285975.65, 4160585.03 ], [ 285975.57, 4160585.08 ], [ 285975.48, 4160585.13 ], [ 285975.39, 4160585.17 ], [ 285975.3, 4160585.19 ], [ 285972.47, 4160585.92 ], [ 285972.39, 4160586.04 ], [ 285971.25, 4160586.63 ], [ 285969.04, 4160586.63 ], [ 285968.99, 4160586.71 ], [ 285968.92, 4160586.79 ], [ 285968.86, 4160586.86 ], [ 285968.78, 4160586.92 ], [ 285968.7, 4160586.98 ], [ 285968.61, 4160587.03 ], [ 285968.52, 4160587.06 ], [ 285968.43, 4160587.09 ], [ 285964.34, 4160588.14 ], [ 285964.25, 4160588.16 ], [ 285964.15, 4160588.17 ], [ 285964.05, 4160588.17 ], [ 285963.96, 4160588.16 ], [ 285963.86, 4160588.15 ], [ 285963.76, 4160588.12 ], [ 285963.67, 4160588.08 ], [ 285963.59, 4160588.04 ], [ 285963.51, 4160587.98 ], [ 285963.43, 4160587.92 ], [ 285963.36, 4160587.85 ], [ 285963.3, 4160587.78 ], [ 285963.24, 4160587.69 ], [ 285963.19, 4160587.61 ], [ 285963.16, 4160587.52 ], [ 285963.13, 4160587.42 ], [ 285962.68, 4160585.69 ], [ 285959.4, 4160586.45 ], [ 285959.41, 4160586.53 ], [ 285959.42, 4160586.63 ], [ 285959.41, 4160586.72 ], [ 285959.39, 4160586.82 ], [ 285959.37, 4160586.91 ], [ 285959.33, 4160587.01 ], [ 285959.29, 4160587.09 ], [ 285959.24, 4160587.18 ], [ 285959.18, 4160587.26 ], [ 285959.11, 4160587.33 ], [ 285959.04, 4160587.39 ], [ 285958.96, 4160587.45 ], [ 285958.87, 4160587.5 ], [ 285958.78, 4160587.54 ], [ 285958.69, 4160587.57 ], [ 285957.68, 4160587.86 ], [ 285956.17, 4160589.8 ], [ 285955.37, 4160590.32 ], [ 285952.85, 4160590.95 ], [ 285952.81, 4160591.04 ], [ 285952.76, 4160591.12 ], [ 285952.7, 4160591.2 ], [ 285952.63, 4160591.27 ], [ 285952.56, 4160591.33 ], [ 285952.48, 4160591.39 ], [ 285952.39, 4160591.44 ], [ 285952.3, 4160591.48 ], [ 285952.21, 4160591.51 ], [ 285948.49, 4160592.59 ], [ 285948.39, 4160592.61 ], [ 285948.3, 4160592.62 ], [ 285948.2, 4160592.63 ], [ 285948.1, 4160592.62 ], [ 285948.0, 4160592.6 ], [ 285947.91, 4160592.58 ], [ 285947.82, 4160592.54 ], [ 285947.73, 4160592.5 ], [ 285947.64, 4160592.45 ], [ 285947.57, 4160592.39 ], [ 285947.49, 4160592.32 ], [ 285947.43, 4160592.25 ], [ 285947.37, 4160592.17 ], [ 285947.32, 4160592.08 ], [ 285947.28, 4160591.99 ], [ 285947.25, 4160591.9 ], [ 285946.19, 4160588.22 ], [ 285946.13, 4160588.09 ], [ 285946.13, 4160588.0 ], [ 285944.43, 4160582.09 ], [ 285944.41, 4160581.99 ], [ 285944.4, 4160581.9 ], [ 285944.4, 4160581.8 ], [ 285944.4, 4160581.7 ], [ 285944.42, 4160581.6 ], [ 285944.45, 4160581.5 ], [ 285944.48, 4160581.41 ], [ 285944.53, 4160581.32 ] ] ], [ [ [ 285773.96, 4160616.06 ], [ 285774.42, 4160618.14 ], [ 285798.84, 4160611.47 ], [ 285839.73, 4160600.23 ], [ 285839.29, 4160599.78 ], [ 285773.96, 4160616.06 ] ] ], [ [ [ 285751.5, 4160589.26 ], [ 285750.0, 4160583.37 ], [ 285750.0, 4160589.63 ], [ 285751.13, 4160589.63 ], [ 285751.5, 4160589.26 ] ] ], [ [ [ 285780.02, 4160627.01 ], [ 285780.05, 4160626.92 ], [ 285780.09, 4160626.83 ], [ 285780.14, 4160626.74 ], [ 285780.19, 4160626.66 ], [ 285780.25, 4160626.58 ], [ 285780.32, 4160626.51 ], [ 285780.4, 4160626.45 ], [ 285780.48, 4160626.39 ], [ 285780.56, 4160626.35 ], [ 285780.65, 4160626.31 ], [ 285780.75, 4160626.28 ], [ 285791.49, 4160623.5 ], [ 285791.59, 4160623.48 ], [ 285791.69, 4160623.47 ], [ 285791.79, 4160623.47 ], [ 285791.88, 4160623.48 ], [ 285791.98, 4160623.5 ], [ 285792.07, 4160623.53 ], [ 285792.16, 4160623.56 ], [ 285792.25, 4160623.61 ], [ 285792.33, 4160623.66 ], [ 285792.41, 4160623.72 ], [ 285792.48, 4160623.79 ], [ 285792.54, 4160623.87 ], [ 285792.6, 4160623.95 ], [ 285792.64, 4160624.04 ], [ 285792.68, 4160624.13 ], [ 285792.71, 4160624.22 ], [ 285793.18, 4160626.01 ], [ 285795.7, 4160625.2 ], [ 285796.13, 4160625.63 ], [ 285796.91, 4160624.85 ], [ 285796.52, 4160623.41 ], [ 285796.5, 4160623.31 ], [ 285796.48, 4160623.21 ], [ 285796.48, 4160623.11 ], [ 285796.49, 4160623.02 ], [ 285796.51, 4160622.92 ], [ 285796.53, 4160622.83 ], [ 285796.57, 4160622.73 ], [ 285796.61, 4160622.65 ], [ 285796.67, 4160622.56 ], [ 285796.73, 4160622.49 ], [ 285796.8, 4160622.42 ], [ 285796.87, 4160622.35 ], [ 285796.95, 4160622.3 ], [ 285797.04, 4160622.25 ], [ 285797.13, 4160622.21 ], [ 285797.22, 4160622.18 ], [ 285807.9, 4160619.28 ], [ 285808.0, 4160619.26 ], [ 285808.1, 4160619.25 ], [ 285808.19, 4160619.25 ], [ 285808.29, 4160619.26 ], [ 285808.39, 4160619.27 ], [ 285808.48, 4160619.3 ], [ 285808.57, 4160619.34 ], [ 285808.66, 4160619.38 ], [ 285808.74, 4160619.43 ], [ 285808.82, 4160619.49 ], [ 285808.89, 4160619.56 ], [ 285808.96, 4160619.64 ], [ 285809.01, 4160619.72 ], [ 285809.06, 4160619.8 ], [ 285809.1, 4160619.89 ], [ 285809.13, 4160619.99 ], [ 285811.13, 4160627.36 ], [ 285811.15, 4160627.46 ], [ 285811.16, 4160627.56 ], [ 285811.17, 4160627.65 ], [ 285811.16, 4160627.75 ], [ 285811.14, 4160627.85 ], [ 285811.11, 4160627.94 ], [ 285811.08, 4160628.04 ], [ 285811.03, 4160628.12 ], [ 285810.98, 4160628.21 ], [ 285810.92, 4160628.28 ], [ 285810.85, 4160628.35 ], [ 285810.78, 4160628.42 ], [ 285810.7, 4160628.47 ], [ 285810.61, 4160628.52 ], [ 285810.52, 4160628.56 ], [ 285810.43, 4160628.59 ], [ 285807.32, 4160629.43 ], [ 285805.55, 4160631.2 ], [ 285805.01, 4160631.43 ], [ 285805.03, 4160631.51 ], [ 285805.04, 4160631.61 ], [ 285805.04, 4160631.71 ], [ 285805.03, 4160631.81 ], [ 285805.01, 4160631.9 ], [ 285804.99, 4160632.0 ], [ 285804.95, 4160632.09 ], [ 285804.91, 4160632.18 ], [ 285804.85, 4160632.26 ], [ 285804.79, 4160632.34 ], [ 285804.73, 4160632.41 ], [ 285804.65, 4160632.47 ], [ 285804.57, 4160632.53 ], [ 285804.49, 4160632.58 ], [ 285804.4, 4160632.62 ], [ 285804.3, 4160632.65 ], [ 285802.09, 4160633.25 ], [ 285801.99, 4160633.27 ], [ 285801.9, 4160633.28 ], [ 285801.8, 4160633.28 ], [ 285801.7, 4160633.27 ], [ 285801.6, 4160633.26 ], [ 285801.51, 4160633.23 ], [ 285801.42, 4160633.19 ], [ 285801.33, 4160633.15 ], [ 285801.25, 4160633.1 ], [ 285801.17, 4160633.04 ], [ 285801.1, 4160632.97 ], [ 285801.04, 4160632.89 ], [ 285800.98, 4160632.81 ], [ 285800.93, 4160632.73 ], [ 285800.89, 4160632.64 ], [ 285800.86, 4160632.54 ], [ 285800.61, 4160631.63 ], [ 285799.73, 4160631.63 ], [ 285799.5, 4160631.53 ], [ 285799.46, 4160631.53 ], [ 285799.36, 4160631.53 ], [ 285799.26, 4160631.51 ], [ 285799.17, 4160631.48 ], [ 285799.08, 4160631.45 ], [ 285798.99, 4160631.4 ], [ 285798.91, 4160631.35 ], [ 285798.83, 4160631.29 ], [ 285798.76, 4160631.23 ], [ 285798.57, 4160631.14 ], [ 285794.75, 4160632.55 ], [ 285794.27, 4160633.49 ], [ 285791.01, 4160636.75 ], [ 285790.26, 4160638.55 ], [ 285791.69, 4160644.09 ], [ 285791.71, 4160644.19 ], [ 285791.72, 4160644.28 ], [ 285791.72, 4160644.38 ], [ 285791.71, 4160644.48 ], [ 285791.69, 4160644.58 ], [ 285791.66, 4160644.67 ], [ 285791.63, 4160644.76 ], [ 285791.58, 4160644.85 ], [ 285791.53, 4160644.93 ], [ 285791.46, 4160645.01 ], [ 285791.4, 4160645.08 ], [ 285791.32, 4160645.14 ], [ 285791.24, 4160645.19 ], [ 285791.15, 4160645.24 ], [ 285791.06, 4160645.28 ], [ 285790.97, 4160645.31 ], [ 285785.99, 4160646.59 ], [ 285785.89, 4160646.61 ], [ 285785.8, 4160646.62 ], [ 285785.7, 4160646.62 ], [ 285785.6, 4160646.61 ], [ 285785.5, 4160646.6 ], [ 285785.41, 4160646.57 ], [ 285785.32, 4160646.53 ], [ 285785.23, 4160646.48 ], [ 285785.15, 4160646.43 ], [ 285785.07, 4160646.37 ], [ 285785.0, 4160646.3 ], [ 285784.94, 4160646.22 ], [ 285784.89, 4160646.14 ], [ 285784.84, 4160646.06 ], [ 285784.8, 4160645.97 ], [ 285784.77, 4160645.87 ], [ 285784.68, 4160645.51 ], [ 285782.44, 4160648.87 ], [ 285784.23, 4160656.0 ], [ 285808.37, 4160649.38 ], [ 285808.41, 4160649.24 ], [ 285808.63, 4160648.95 ], [ 285808.32, 4160645.06 ], [ 285806.32, 4160643.06 ], [ 285805.92, 4160642.31 ], [ 285805.54, 4160640.37 ], [ 285806.12, 4160638.97 ], [ 285807.76, 4160637.87 ], [ 285808.58, 4160637.63 ], [ 285811.13, 4160637.63 ], [ 285811.13, 4160637.11 ], [ 285814.48, 4160635.21 ], [ 285815.37, 4160628.94 ], [ 285815.78, 4160628.12 ], [ 285815.9, 4160628.0 ], [ 285816.06, 4160626.62 ], [ 285816.0, 4160626.62 ], [ 285815.9, 4160626.61 ], [ 285815.8, 4160626.59 ], [ 285815.71, 4160626.57 ], [ 285815.62, 4160626.53 ], [ 285815.53, 4160626.49 ], [ 285815.45, 4160626.43 ], [ 285815.37, 4160626.37 ], [ 285815.3, 4160626.31 ], [ 285815.24, 4160626.23 ], [ 285815.18, 4160626.15 ], [ 285815.13, 4160626.07 ], [ 285815.09, 4160625.98 ], [ 285815.06, 4160625.88 ], [ 285813.15, 4160618.88 ], [ 285813.13, 4160618.79 ], [ 285813.12, 4160618.69 ], [ 285813.11, 4160618.59 ], [ 285813.12, 4160618.49 ], [ 285813.14, 4160618.4 ], [ 285813.17, 4160618.3 ], [ 285813.2, 4160618.21 ], [ 285813.25, 4160618.12 ], [ 285813.3, 4160618.04 ], [ 285813.36, 4160617.96 ], [ 285813.43, 4160617.89 ], [ 285813.5, 4160617.83 ], [ 285813.58, 4160617.77 ], [ 285813.67, 4160617.72 ], [ 285813.76, 4160617.68 ], [ 285813.85, 4160617.65 ], [ 285824.58, 4160614.72 ], [ 285824.67, 4160614.7 ], [ 285824.77, 4160614.69 ], [ 285824.87, 4160614.69 ], [ 285824.97, 4160614.69 ], [ 285825.06, 4160614.71 ], [ 285825.16, 4160614.74 ], [ 285825.25, 4160614.77 ], [ 285825.34, 4160614.82 ], [ 285825.42, 4160614.87 ], [ 285825.5, 4160614.93 ], [ 285825.57, 4160615.0 ], [ 285825.63, 4160615.07 ], [ 285825.69, 4160615.16 ], [ 285825.74, 4160615.24 ], [ 285825.77, 4160615.33 ], [ 285825.8, 4160615.42 ], [ 285826.36, 4160617.47 ], [ 285829.27, 4160616.89 ], [ 285829.55, 4160616.2 ], [ 285830.12, 4160615.64 ], [ 285829.72, 4160614.14 ], [ 285829.7, 4160614.04 ], [ 285829.69, 4160613.94 ], [ 285829.69, 4160613.85 ], [ 285829.7, 4160613.75 ], [ 285829.72, 4160613.65 ], [ 285829.74, 4160613.56 ], [ 285829.78, 4160613.47 ], [ 285829.82, 4160613.38 ], [ 285829.88, 4160613.3 ], [ 285829.94, 4160613.22 ], [ 285830.01, 4160613.15 ], [ 285830.08, 4160613.09 ], [ 285830.16, 4160613.03 ], [ 285830.25, 4160612.98 ], [ 285830.34, 4160612.94 ], [ 285830.43, 4160612.91 ], [ 285840.92, 4160610.12 ], [ 285841.02, 4160610.1 ], [ 285841.12, 4160610.09 ], [ 285841.21, 4160610.09 ], [ 285841.31, 4160610.1 ], [ 285841.41, 4160610.12 ], [ 285841.5, 4160610.14 ], [ 285841.59, 4160610.18 ], [ 285841.68, 4160610.22 ], [ 285841.76, 4160610.28 ], [ 285841.84, 4160610.34 ], [ 285841.91, 4160610.41 ], [ 285841.97, 4160610.48 ], [ 285842.03, 4160610.56 ], [ 285842.08, 4160610.65 ], [ 285842.12, 4160610.74 ], [ 285842.15, 4160610.83 ], [ 285843.54, 4160616.09 ], [ 285843.87, 4160616.19 ], [ 285843.66, 4160616.53 ], [ 285844.07, 4160618.08 ], [ 285844.09, 4160618.18 ], [ 285844.1, 4160618.27 ], [ 285844.1, 4160618.37 ], [ 285844.09, 4160618.47 ], [ 285844.07, 4160618.57 ], [ 285844.05, 4160618.66 ], [ 285844.01, 4160618.75 ], [ 285843.96, 4160618.84 ], [ 285843.91, 4160618.92 ], [ 285843.85, 4160619.0 ], [ 285843.78, 4160619.07 ], [ 285843.71, 4160619.13 ], [ 285843.63, 4160619.19 ], [ 285843.54, 4160619.23 ], [ 285843.45, 4160619.27 ], [ 285843.36, 4160619.3 ], [ 285842.71, 4160619.48 ], [ 285842.15, 4160620.59 ], [ 285841.6, 4160621.19 ], [ 285839.63, 4160622.41 ], [ 285838.86, 4160622.63 ], [ 285837.85, 4160622.63 ], [ 285837.84, 4160622.67 ], [ 285837.83, 4160622.77 ], [ 285837.8, 4160622.86 ], [ 285837.76, 4160622.95 ], [ 285837.72, 4160623.04 ], [ 285837.66, 4160623.12 ], [ 285837.6, 4160623.2 ], [ 285837.53, 4160623.27 ], [ 285837.46, 4160623.33 ], [ 285837.38, 4160623.39 ], [ 285837.29, 4160623.44 ], [ 285837.2, 4160623.48 ], [ 285837.11, 4160623.51 ], [ 285835.12, 4160624.03 ], [ 285835.02, 4160624.05 ], [ 285834.92, 4160624.07 ], [ 285834.82, 4160624.07 ], [ 285834.73, 4160624.06 ], [ 285834.63, 4160624.04 ], [ 285834.54, 4160624.01 ], [ 285834.44, 4160623.98 ], [ 285834.36, 4160623.93 ], [ 285834.27, 4160623.88 ], [ 285834.2, 4160623.82 ], [ 285834.13, 4160623.75 ], [ 285834.06, 4160623.67 ], [ 285834.01, 4160623.59 ], [ 285833.96, 4160623.51 ], [ 285833.92, 4160623.42 ], [ 285833.89, 4160623.32 ], [ 285833.71, 4160622.63 ], [ 285832.73, 4160622.63 ], [ 285831.71, 4160622.2 ], [ 285830.89, 4160621.38 ], [ 285827.6, 4160622.04 ], [ 285827.72, 4160622.46 ], [ 285827.74, 4160622.56 ], [ 285827.75, 4160622.65 ], [ 285827.75, 4160622.75 ], [ 285827.75, 4160622.85 ], [ 285827.73, 4160622.95 ], [ 285827.7, 4160623.04 ], [ 285827.67, 4160623.13 ], [ 285827.62, 4160623.22 ], [ 285827.57, 4160623.3 ], [ 285827.51, 4160623.38 ], [ 285827.44, 4160623.45 ], [ 285827.37, 4160623.51 ], [ 285827.29, 4160623.57 ], [ 285827.2, 4160623.62 ], [ 285827.11, 4160623.66 ], [ 285827.02, 4160623.69 ], [ 285824.34, 4160624.41 ], [ 285823.55, 4160625.2 ], [ 285823.52, 4160625.22 ], [ 285821.98, 4160629.33 ], [ 285824.15, 4160633.67 ], [ 285824.17, 4160634.9 ], [ 285823.05, 4160637.33 ], [ 285825.65, 4160640.42 ], [ 285825.38, 4160641.37 ], [ 285829.64, 4160642.55 ], [ 285830.4, 4160643.33 ], [ 285868.27, 4160632.94 ], [ 285867.23, 4160629.06 ], [ 285867.21, 4160628.97 ], [ 285867.2, 4160628.87 ], [ 285867.2, 4160628.77 ], [ 285867.21, 4160628.67 ], [ 285867.22, 4160628.58 ], [ 285867.25, 4160628.48 ], [ 285867.29, 4160628.39 ], [ 285867.33, 4160628.3 ], [ 285867.39, 4160628.22 ], [ 285867.45, 4160628.14 ], [ 285867.51, 4160628.07 ], [ 285867.59, 4160628.01 ], [ 285867.67, 4160627.95 ], [ 285867.76, 4160627.91 ], [ 285867.85, 4160627.87 ], [ 285867.94, 4160627.84 ], [ 285871.17, 4160626.98 ], [ 285871.27, 4160626.96 ], [ 285871.36, 4160626.94 ], [ 285871.46, 4160626.94 ], [ 285871.56, 4160626.95 ], [ 285871.66, 4160626.97 ], [ 285871.75, 4160627.0 ], [ 285871.84, 4160627.03 ], [ 285871.93, 4160627.08 ], [ 285872.01, 4160627.13 ], [ 285872.09, 4160627.19 ], [ 285872.16, 4160627.26 ], [ 285872.22, 4160627.33 ], [ 285872.28, 4160627.41 ], [ 285872.33, 4160627.5 ], [ 285872.36, 4160627.59 ], [ 285872.39, 4160627.68 ], [ 285873.42, 4160631.52 ], [ 285900.07, 4160624.21 ], [ 285901.13, 4160622.63 ], [ 285901.13, 4160617.87 ], [ 285900.25, 4160615.75 ], [ 285896.01, 4160611.5 ], [ 285893.89, 4160610.63 ], [ 285883.73, 4160610.63 ], [ 285882.71, 4160610.2 ], [ 285881.52, 4160609.01 ], [ 285877.01, 4160609.46 ], [ 285876.99, 4160609.52 ], [ 285876.95, 4160609.62 ], [ 285876.91, 4160609.7 ], [ 285876.86, 4160609.79 ], [ 285876.79, 4160609.86 ], [ 285876.73, 4160609.93 ], [ 285876.65, 4160610.0 ], [ 285876.57, 4160610.05 ], [ 285876.48, 4160610.1 ], [ 285875.05, 4160612.25 ], [ 285874.61, 4160612.68 ], [ 285873.07, 4160613.65 ], [ 285872.49, 4160613.86 ], [ 285870.16, 4160614.19 ], [ 285870.09, 4160614.22 ], [ 285867.98, 4160614.77 ], [ 285867.88, 4160614.79 ], [ 285867.78, 4160614.8 ], [ 285867.68, 4160614.8 ], [ 285867.59, 4160614.79 ], [ 285867.49, 4160614.78 ], [ 285867.4, 4160614.75 ], [ 285867.31, 4160614.71 ], [ 285867.22, 4160614.67 ], [ 285867.15, 4160614.62 ], [ 285854.59, 4160616.42 ], [ 285854.1, 4160616.61 ], [ 285854.35, 4160617.49 ], [ 285854.37, 4160617.59 ], [ 285854.38, 4160617.69 ], [ 285854.38, 4160617.78 ], [ 285854.37, 4160617.88 ], [ 285854.36, 4160617.98 ], [ 285854.33, 4160618.07 ], [ 285854.3, 4160618.16 ], [ 285854.25, 4160618.25 ], [ 285854.2, 4160618.34 ], [ 285854.14, 4160618.41 ], [ 285854.07, 4160618.48 ], [ 285854.0, 4160618.55 ], [ 285853.92, 4160618.6 ], [ 285853.83, 4160618.65 ], [ 285853.74, 4160618.69 ], [ 285853.65, 4160618.72 ], [ 285851.48, 4160619.32 ], [ 285851.38, 4160619.34 ], [ 285851.29, 4160619.36 ], [ 285851.19, 4160619.36 ], [ 285851.09, 4160619.35 ], [ 285850.99, 4160619.34 ], [ 285850.9, 4160619.31 ], [ 285850.81, 4160619.27 ], [ 285850.72, 4160619.23 ], [ 285850.64, 4160619.18 ], [ 285850.56, 4160619.12 ], [ 285850.49, 4160619.05 ], [ 285850.43, 4160618.97 ], [ 285850.37, 4160618.89 ], [ 285850.32, 4160618.81 ], [ 285850.28, 4160618.72 ], [ 285850.25, 4160618.63 ], [ 285849.89, 4160617.34 ], [ 285849.21, 4160617.53 ], [ 285849.12, 4160617.55 ], [ 285849.02, 4160617.56 ], [ 285848.92, 4160617.56 ], [ 285848.83, 4160617.56 ], [ 285848.73, 4160617.54 ], [ 285848.63, 4160617.51 ], [ 285848.54, 4160617.48 ], [ 285848.46, 4160617.43 ], [ 285848.37, 4160617.38 ], [ 285848.29, 4160617.32 ], [ 285848.22, 4160617.25 ], [ 285848.16, 4160617.18 ], [ 285848.1, 4160617.1 ], [ 285848.06, 4160617.01 ], [ 285848.02, 4160616.92 ], [ 285847.98, 4160616.83 ], [ 285847.52, 4160615.14 ], [ 285846.63, 4160614.95 ], [ 285847.16, 4160613.82 ], [ 285846.05, 4160609.82 ], [ 285846.03, 4160609.72 ], [ 285846.02, 4160609.62 ], [ 285846.02, 4160609.53 ], [ 285846.03, 4160609.43 ], [ 285846.04, 4160609.33 ], [ 285846.07, 4160609.24 ], [ 285846.1, 4160609.14 ], [ 285846.15, 4160609.06 ], [ 285846.2, 4160608.97 ], [ 285846.22, 4160608.95 ], [ 285844.75, 4160603.8 ], [ 285843.57, 4160602.91 ], [ 285799.8, 4160614.94 ], [ 285799.79, 4160614.94 ], [ 285774.08, 4160621.97 ], [ 285774.81, 4160630.82 ], [ 285775.63, 4160633.89 ], [ 285776.64, 4160635.38 ], [ 285776.79, 4160635.45 ], [ 285781.13, 4160632.77 ], [ 285781.13, 4160631.77 ], [ 285780.03, 4160627.5 ], [ 285780.01, 4160627.4 ], [ 285780.0, 4160627.3 ], [ 285780.0, 4160627.2 ], [ 285780.01, 4160627.11 ], [ 285780.02, 4160627.01 ] ] ], [ [ [ 285978.03, 4160638.95 ], [ 285977.97, 4160638.87 ], [ 285977.92, 4160638.78 ], [ 285977.88, 4160638.69 ], [ 285977.85, 4160638.6 ], [ 285977.83, 4160638.52 ], [ 285977.5, 4160638.24 ], [ 285973.85, 4160639.29 ], [ 285973.97, 4160639.74 ], [ 285973.99, 4160639.84 ], [ 285974.01, 4160639.94 ], [ 285974.01, 4160640.03 ], [ 285974.0, 4160640.13 ], [ 285973.98, 4160640.23 ], [ 285973.95, 4160640.32 ], [ 285973.92, 4160640.41 ], [ 285973.87, 4160640.5 ], [ 285973.82, 4160640.58 ], [ 285973.76, 4160640.66 ], [ 285973.69, 4160640.73 ], [ 285973.62, 4160640.79 ], [ 285973.53, 4160640.85 ], [ 285973.45, 4160640.9 ], [ 285973.36, 4160640.94 ], [ 285973.26, 4160640.97 ], [ 285971.81, 4160641.35 ], [ 285970.21, 4160643.15 ], [ 285969.2, 4160643.6 ], [ 285970.9, 4160649.57 ], [ 285988.4, 4160644.58 ], [ 285986.74, 4160638.86 ], [ 285980.28, 4160639.93 ], [ 285979.12, 4160639.62 ], [ 285978.78, 4160639.33 ], [ 285978.7, 4160639.32 ], [ 285978.6, 4160639.31 ], [ 285978.51, 4160639.28 ], [ 285978.41, 4160639.25 ], [ 285978.33, 4160639.2 ], [ 285978.24, 4160639.15 ], [ 285978.16, 4160639.09 ], [ 285978.09, 4160639.02 ], [ 285978.03, 4160638.95 ] ] ], [ [ [ 285831.07, 4160665.01 ], [ 285832.9, 4160665.38 ], [ 285833.65, 4160665.78 ], [ 285835.37, 4160667.51 ], [ 285835.57, 4160667.88 ], [ 285836.1, 4160668.59 ], [ 285837.51, 4160670.0 ], [ 285837.72, 4160670.27 ], [ 285838.26, 4160671.15 ], [ 285838.41, 4160671.46 ], [ 285839.59, 4160674.99 ], [ 285839.39, 4160676.26 ], [ 285837.39, 4160679.04 ], [ 285835.6, 4160679.96 ], [ 285834.05, 4160683.33 ], [ 285836.97, 4160685.63 ], [ 285837.53, 4160685.63 ], [ 285838.33, 4160685.96 ], [ 285842.06, 4160684.94 ], [ 285858.42, 4160680.47 ], [ 285870.41, 4160677.21 ], [ 285872.55, 4160676.63 ], [ 285867.4, 4160676.63 ], [ 285866.63, 4160676.41 ], [ 285864.66, 4160675.19 ], [ 285864.12, 4160674.59 ], [ 285862.58, 4160671.53 ], [ 285862.43, 4160671.61 ], [ 285862.55, 4160671.15 ], [ 285862.13, 4160670.51 ], [ 285862.08, 4160669.36 ], [ 285861.6, 4160668.84 ], [ 285862.03, 4160668.39 ], [ 285862.01, 4160668.02 ], [ 285861.59, 4160667.6 ], [ 285861.79, 4160667.23 ], [ 285861.96, 4160667.01 ], [ 285861.94, 4160666.6 ], [ 285862.13, 4160665.83 ], [ 285862.13, 4160663.9 ], [ 285862.35, 4160663.12 ], [ 285863.57, 4160661.15 ], [ 285864.16, 4160660.61 ], [ 285867.34, 4160659.02 ], [ 285867.67, 4160658.9 ], [ 285868.67, 4160658.67 ], [ 285869.01, 4160658.63 ], [ 285871.86, 4160658.63 ], [ 285872.63, 4160658.85 ], [ 285874.6, 4160660.06 ], [ 285874.77, 4160660.24 ], [ 285877.27, 4160659.89 ], [ 285877.11, 4160659.29 ], [ 285877.09, 4160659.19 ], [ 285877.08, 4160659.1 ], [ 285877.08, 4160659.0 ], [ 285877.09, 4160658.9 ], [ 285877.1, 4160658.8 ], [ 285877.13, 4160658.71 ], [ 285877.17, 4160658.62 ], [ 285877.21, 4160658.53 ], [ 285877.27, 4160658.45 ], [ 285877.33, 4160658.37 ], [ 285877.4, 4160658.3 ], [ 285877.47, 4160658.24 ], [ 285877.55, 4160658.18 ], [ 285877.64, 4160658.14 ], [ 285877.73, 4160658.1 ], [ 285877.82, 4160658.07 ], [ 285880.8, 4160657.28 ], [ 285882.12, 4160654.66 ], [ 285882.66, 4160654.06 ], [ 285882.98, 4160653.86 ], [ 285882.8, 4160653.18 ], [ 285882.78, 4160653.09 ], [ 285882.77, 4160652.99 ], [ 285882.77, 4160652.89 ], [ 285882.78, 4160652.79 ], [ 285882.8, 4160652.7 ], [ 285882.82, 4160652.6 ], [ 285882.86, 4160652.51 ], [ 285882.91, 4160652.43 ], [ 285882.96, 4160652.34 ], [ 285883.02, 4160652.27 ], [ 285883.09, 4160652.2 ], [ 285883.16, 4160652.13 ], [ 285883.24, 4160652.08 ], [ 285883.33, 4160652.03 ], [ 285883.42, 4160651.99 ], [ 285883.51, 4160651.96 ], [ 285887.37, 4160650.94 ], [ 285887.47, 4160650.92 ], [ 285887.57, 4160650.91 ], [ 285887.67, 4160650.91 ], [ 285887.76, 4160650.92 ], [ 285887.86, 4160650.94 ], [ 285887.95, 4160650.97 ], [ 285888.04, 4160651.0 ], [ 285888.13, 4160651.05 ], [ 285888.21, 4160651.1 ], [ 285888.29, 4160651.16 ], [ 285888.36, 4160651.23 ], [ 285888.42, 4160651.31 ], [ 285888.48, 4160651.39 ], [ 285888.53, 4160651.47 ], [ 285888.57, 4160651.56 ], [ 285888.6, 4160651.66 ], [ 285889.16, 4160653.79 ], [ 285889.6, 4160654.06 ], [ 285890.15, 4160654.66 ], [ 285890.29, 4160654.94 ], [ 285893.53, 4160654.82 ], [ 285893.51, 4160654.78 ], [ 285893.49, 4160654.68 ], [ 285893.48, 4160654.58 ], [ 285893.47, 4160654.48 ], [ 285893.48, 4160654.39 ], [ 285893.5, 4160654.29 ], [ 285893.52, 4160654.2 ], [ 285893.56, 4160654.1 ], [ 285893.6, 4160654.02 ], [ 285893.65, 4160653.93 ], [ 285893.71, 4160653.85 ], [ 285893.78, 4160653.78 ], [ 285893.85, 4160653.72 ], [ 285893.93, 4160653.66 ], [ 285894.02, 4160653.61 ], [ 285894.11, 4160653.57 ], [ 285894.2, 4160653.54 ], [ 285899.54, 4160652.01 ], [ 285900.75, 4160650.2 ], [ 285900.94, 4160650.28 ], [ 285901.49, 4160648.82 ], [ 285903.35, 4160646.67 ], [ 285904.24, 4160646.18 ], [ 285916.47, 4160644.43 ], [ 285916.48, 4160644.36 ], [ 285916.51, 4160644.26 ], [ 285916.54, 4160644.17 ], [ 285916.59, 4160644.08 ], [ 285916.64, 4160644.0 ], [ 285916.7, 4160643.92 ], [ 285916.77, 4160643.85 ], [ 285916.84, 4160643.79 ], [ 285916.92, 4160643.73 ], [ 285917.01, 4160643.68 ], [ 285917.1, 4160643.64 ], [ 285917.19, 4160643.61 ], [ 285921.4, 4160642.45 ], [ 285921.5, 4160642.43 ], [ 285921.6, 4160642.42 ], [ 285921.7, 4160642.41 ], [ 285921.79, 4160642.42 ], [ 285921.89, 4160642.44 ], [ 285921.98, 4160642.46 ], [ 285922.08, 4160642.5 ], [ 285922.16, 4160642.54 ], [ 285922.25, 4160642.6 ], [ 285922.32, 4160642.66 ], [ 285922.4, 4160642.72 ], [ 285922.46, 4160642.8 ], [ 285922.52, 4160642.88 ], [ 285922.56, 4160642.96 ], [ 285922.6, 4160643.05 ], [ 285922.63, 4160643.15 ], [ 285923.48, 4160646.22 ], [ 285923.5, 4160646.32 ], [ 285923.52, 4160646.42 ], [ 285923.52, 4160646.52 ], [ 285923.51, 4160646.62 ], [ 285923.49, 4160646.71 ], [ 285923.47, 4160646.81 ], [ 285923.43, 4160646.9 ], [ 285923.38, 4160646.99 ], [ 285923.33, 4160647.07 ], [ 285923.27, 4160647.15 ], [ 285923.21, 4160647.21 ], [ 285923.24, 4160647.25 ], [ 285923.55, 4160647.03 ], [ 285925.42, 4160648.65 ], [ 285927.4, 4160647.56 ], [ 285926.63, 4160644.65 ], [ 285926.61, 4160644.55 ], [ 285926.6, 4160644.45 ], [ 285926.6, 4160644.35 ], [ 285926.61, 4160644.26 ], [ 285926.63, 4160644.16 ], [ 285926.65, 4160644.07 ], [ 285926.69, 4160643.98 ], [ 285926.74, 4160643.89 ], [ 285926.79, 4160643.81 ], [ 285926.85, 4160643.73 ], [ 285926.92, 4160643.66 ], [ 285927.0, 4160643.6 ], [ 285927.08, 4160643.54 ], [ 285927.16, 4160643.49 ], [ 285927.25, 4160643.46 ], [ 285927.35, 4160643.43 ], [ 285933.21, 4160641.88 ], [ 285932.66, 4160639.79 ], [ 285932.64, 4160639.7 ], [ 285932.63, 4160639.6 ], [ 285932.63, 4160639.5 ], [ 285932.64, 4160639.4 ], [ 285932.65, 4160639.31 ], [ 285932.68, 4160639.21 ], [ 285932.72, 4160639.12 ], [ 285932.76, 4160639.04 ], [ 285932.82, 4160638.95 ], [ 285932.88, 4160638.88 ], [ 285932.95, 4160638.81 ], [ 285933.02, 4160638.74 ], [ 285933.1, 4160638.69 ], [ 285933.19, 4160638.64 ], [ 285933.28, 4160638.6 ], [ 285933.37, 4160638.57 ], [ 285937.01, 4160637.62 ], [ 285937.1, 4160637.6 ], [ 285937.2, 4160637.59 ], [ 285937.3, 4160637.59 ], [ 285937.4, 4160637.6 ], [ 285937.49, 4160637.62 ], [ 285937.59, 4160637.65 ], [ 285937.68, 4160637.68 ], [ 285937.77, 4160637.73 ], [ 285937.85, 4160637.78 ], [ 285937.93, 4160637.84 ], [ 285938.0, 4160637.91 ], [ 285938.06, 4160637.99 ], [ 285938.11, 4160638.07 ], [ 285938.16, 4160638.15 ], [ 285938.2, 4160638.24 ], [ 285938.23, 4160638.34 ], [ 285939.95, 4160644.91 ], [ 285943.13, 4160643.41 ], [ 285943.13, 4160641.22 ], [ 285943.16, 4160641.15 ], [ 285942.87, 4160640.07 ], [ 285942.85, 4160639.97 ], [ 285942.84, 4160639.88 ], [ 285942.83, 4160639.78 ], [ 285942.84, 4160639.68 ], [ 285942.86, 4160639.58 ], [ 285942.89, 4160639.49 ], [ 285942.92, 4160639.4 ], [ 285942.97, 4160639.31 ], [ 285943.02, 4160639.23 ], [ 285943.08, 4160639.15 ], [ 285943.15, 4160639.08 ], [ 285943.22, 4160639.02 ], [ 285943.3, 4160638.96 ], [ 285943.39, 4160638.91 ], [ 285943.48, 4160638.87 ], [ 285943.57, 4160638.84 ], [ 285944.16, 4160638.69 ], [ 285943.53, 4160636.36 ], [ 285943.51, 4160636.26 ], [ 285943.5, 4160636.16 ], [ 285943.5, 4160636.06 ], [ 285943.51, 4160635.97 ], [ 285943.52, 4160635.87 ], [ 285943.55, 4160635.77 ], [ 285943.59, 4160635.68 ], [ 285943.63, 4160635.6 ], [ 285943.68, 4160635.51 ], [ 285943.75, 4160635.44 ], [ 285943.81, 4160635.37 ], [ 285943.89, 4160635.3 ], [ 285943.97, 4160635.25 ], [ 285944.05, 4160635.2 ], [ 285944.14, 4160635.16 ], [ 285944.24, 4160635.13 ], [ 285949.85, 4160633.62 ], [ 285949.94, 4160633.6 ], [ 285950.04, 4160633.59 ], [ 285950.14, 4160633.58 ], [ 285950.24, 4160633.59 ], [ 285950.33, 4160633.61 ], [ 285950.43, 4160633.64 ], [ 285950.52, 4160633.67 ], [ 285950.61, 4160633.72 ], [ 285950.69, 4160633.77 ], [ 285950.77, 4160633.83 ], [ 285950.84, 4160633.9 ], [ 285950.9, 4160633.98 ], [ 285950.96, 4160634.06 ], [ 285951.0, 4160634.14 ], [ 285951.04, 4160634.23 ], [ 285951.07, 4160634.33 ], [ 285951.64, 4160636.46 ], [ 285954.39, 4160635.71 ], [ 285954.49, 4160635.69 ], [ 285954.58, 4160635.68 ], [ 285954.68, 4160635.68 ], [ 285954.78, 4160635.68 ], [ 285954.88, 4160635.7 ], [ 285954.97, 4160635.73 ], [ 285954.98, 4160635.73 ], [ 285955.61, 4160635.21 ], [ 285957.78, 4160624.4 ], [ 285958.05, 4160623.79 ], [ 285959.24, 4160622.24 ], [ 285959.75, 4160621.82 ], [ 285965.62, 4160618.88 ], [ 285966.93, 4160618.9 ], [ 285969.96, 4160620.55 ], [ 285970.69, 4160621.63 ], [ 285971.7, 4160630.77 ], [ 285973.97, 4160633.35 ], [ 285976.15, 4160632.52 ], [ 285975.72, 4160631.0 ], [ 285975.7, 4160630.91 ], [ 285975.69, 4160630.81 ], [ 285975.68, 4160630.71 ], [ 285975.69, 4160630.61 ], [ 285975.71, 4160630.52 ], [ 285975.73, 4160630.42 ], [ 285975.77, 4160630.33 ], [ 285975.81, 4160630.24 ], [ 285975.86, 4160630.16 ], [ 285975.92, 4160630.08 ], [ 285975.99, 4160630.01 ], [ 285976.07, 4160629.95 ], [ 285976.15, 4160629.89 ], [ 285976.23, 4160629.84 ], [ 285976.32, 4160629.8 ], [ 285976.42, 4160629.77 ], [ 285982.7, 4160628.02 ], [ 285982.59, 4160627.63 ], [ 285982.57, 4160627.53 ], [ 285982.56, 4160627.44 ], [ 285982.55, 4160627.34 ], [ 285982.56, 4160627.24 ], [ 285982.58, 4160627.14 ], [ 285982.6, 4160627.05 ], [ 285982.64, 4160626.96 ], [ 285982.68, 4160626.87 ], [ 285982.73, 4160626.79 ], [ 285982.79, 4160626.71 ], [ 285982.86, 4160626.64 ], [ 285982.93, 4160626.57 ], [ 285983.01, 4160626.52 ], [ 285983.1, 4160626.47 ], [ 285983.19, 4160626.43 ], [ 285983.28, 4160626.4 ], [ 285985.06, 4160625.89 ], [ 285985.16, 4160625.87 ], [ 285985.26, 4160625.86 ], [ 285985.36, 4160625.86 ], [ 285985.45, 4160625.86 ], [ 285985.55, 4160625.88 ], [ 285985.65, 4160625.91 ], [ 285985.74, 4160625.94 ], [ 285985.83, 4160625.99 ], [ 285985.91, 4160626.04 ], [ 285985.99, 4160626.1 ], [ 285986.06, 4160626.17 ], [ 285986.12, 4160626.24 ], [ 285986.18, 4160626.32 ], [ 285986.23, 4160626.41 ], [ 285986.27, 4160626.5 ], [ 285986.3, 4160626.59 ], [ 285986.47, 4160627.21 ], [ 285987.55, 4160626.91 ], [ 285987.64, 4160626.89 ], [ 285987.74, 4160626.87 ], [ 285987.84, 4160626.87 ], [ 285987.94, 4160626.88 ], [ 285987.98, 4160626.89 ], [ 285989.09, 4160626.44 ], [ 285990.96, 4160623.43 ], [ 285989.95, 4160610.24 ], [ 285988.73, 4160606.2 ], [ 285919.12, 4160625.31 ], [ 285919.12, 4160625.35 ], [ 285919.05, 4160625.89 ], [ 285919.02, 4160626.07 ], [ 285917.03, 4160634.03 ], [ 285916.36, 4160634.92 ], [ 285913.68, 4160636.47 ], [ 285912.56, 4160636.61 ], [ 285897.78, 4160632.38 ], [ 285897.01, 4160631.86 ], [ 285896.71, 4160631.46 ], [ 285818.3, 4160652.98 ], [ 285818.59, 4160655.47 ], [ 285817.57, 4160657.58 ], [ 285817.83, 4160657.71 ], [ 285817.13, 4160658.97 ], [ 285817.13, 4160663.38 ], [ 285818.01, 4160665.5 ], [ 285821.01, 4160668.5 ], [ 285825.25, 4160668.5 ], [ 285827.73, 4160666.02 ], [ 285828.35, 4160665.65 ], [ 285830.35, 4160665.05 ], [ 285831.07, 4160665.01 ] ], [ [ 285849.84, 4160664.97 ], [ 285852.86, 4160663.58 ], [ 285854.09, 4160663.6 ], [ 285854.47, 4160663.79 ], [ 285855.21, 4160664.71 ], [ 285856.03, 4160667.81 ], [ 285856.0, 4160668.04 ], [ 285856.34, 4160668.45 ], [ 285856.26, 4160668.5 ], [ 285855.8, 4160669.77 ], [ 285854.05, 4160671.91 ], [ 285853.21, 4160672.41 ], [ 285852.54, 4160672.54 ], [ 285851.25, 4160672.14 ], [ 285848.81, 4160669.58 ], [ 285848.47, 4160668.28 ], [ 285849.06, 4160665.92 ], [ 285849.84, 4160664.97 ] ], [ [ 285858.81, 4160650.58 ], [ 285858.71, 4160650.58 ], [ 285858.61, 4160650.56 ], [ 285858.52, 4160650.54 ], [ 285858.43, 4160650.51 ], [ 285858.34, 4160650.47 ], [ 285858.25, 4160650.43 ], [ 285858.17, 4160650.37 ], [ 285858.1, 4160650.31 ], [ 285858.03, 4160650.24 ], [ 285857.97, 4160650.16 ], [ 285857.91, 4160650.08 ], [ 285857.87, 4160649.99 ], [ 285857.83, 4160649.9 ], [ 285857.81, 4160649.8 ], [ 285857.79, 4160649.71 ], [ 285857.3, 4160645.97 ], [ 285857.3, 4160645.87 ], [ 285857.3, 4160645.77 ], [ 285857.31, 4160645.67 ], [ 285857.33, 4160645.58 ], [ 285857.36, 4160645.48 ], [ 285857.4, 4160645.39 ], [ 285857.45, 4160645.31 ], [ 285857.5, 4160645.23 ], [ 285857.57, 4160645.15 ], [ 285857.64, 4160645.08 ], [ 285857.72, 4160645.02 ], [ 285857.8, 4160644.97 ], [ 285857.89, 4160644.93 ], [ 285857.98, 4160644.89 ], [ 285858.07, 4160644.86 ], [ 285858.17, 4160644.85 ], [ 285861.34, 4160644.44 ], [ 285861.44, 4160644.43 ], [ 285861.54, 4160644.44 ], [ 285861.63, 4160644.45 ], [ 285861.73, 4160644.47 ], [ 285861.82, 4160644.5 ], [ 285861.91, 4160644.54 ], [ 285862.0, 4160644.59 ], [ 285862.08, 4160644.64 ], [ 285862.15, 4160644.71 ], [ 285862.22, 4160644.78 ], [ 285862.28, 4160644.85 ], [ 285862.33, 4160644.94 ], [ 285862.38, 4160645.02 ], [ 285862.42, 4160645.11 ], [ 285862.44, 4160645.21 ], [ 285862.46, 4160645.3 ], [ 285862.94, 4160649.05 ], [ 285862.95, 4160649.14 ], [ 285862.95, 4160649.24 ], [ 285862.94, 4160649.34 ], [ 285862.92, 4160649.44 ], [ 285862.89, 4160649.53 ], [ 285862.85, 4160649.62 ], [ 285862.8, 4160649.7 ], [ 285862.74, 4160649.79 ], [ 285862.68, 4160649.86 ], [ 285862.61, 4160649.93 ], [ 285862.53, 4160649.99 ], [ 285862.45, 4160650.04 ], [ 285862.36, 4160650.09 ], [ 285862.27, 4160650.12 ], [ 285862.18, 4160650.15 ], [ 285862.08, 4160650.17 ], [ 285858.91, 4160650.57 ], [ 285858.81, 4160650.58 ] ] ], [ [ [ 285953.07, 4160647.9 ], [ 285952.99, 4160647.84 ], [ 285952.92, 4160647.77 ], [ 285952.86, 4160647.7 ], [ 285952.85, 4160647.68 ], [ 285947.38, 4160648.78 ], [ 285946.2, 4160648.48 ], [ 285946.01, 4160648.33 ], [ 285945.93, 4160648.34 ], [ 285945.84, 4160648.34 ], [ 285945.74, 4160648.33 ], [ 285945.64, 4160648.32 ], [ 285945.55, 4160648.29 ], [ 285945.46, 4160648.25 ], [ 285945.37, 4160648.21 ], [ 285945.29, 4160648.16 ], [ 285945.21, 4160648.09 ], [ 285945.14, 4160648.03 ], [ 285945.07, 4160647.95 ], [ 285945.02, 4160647.87 ], [ 285944.97, 4160647.79 ], [ 285944.93, 4160647.7 ], [ 285944.9, 4160647.6 ], [ 285944.87, 4160647.49 ], [ 285940.89, 4160648.49 ], [ 285941.03, 4160649.05 ], [ 285941.05, 4160649.14 ], [ 285941.06, 4160649.24 ], [ 285941.07, 4160649.34 ], [ 285941.06, 4160649.44 ], [ 285941.04, 4160649.53 ], [ 285941.01, 4160649.63 ], [ 285940.97, 4160649.72 ], [ 285940.93, 4160649.81 ], [ 285940.88, 4160649.89 ], [ 285940.81, 4160649.97 ], [ 285940.75, 4160650.04 ], [ 285940.67, 4160650.1 ], [ 285940.59, 4160650.15 ], [ 285940.5, 4160650.2 ], [ 285940.41, 4160650.24 ], [ 285940.32, 4160650.27 ], [ 285939.19, 4160650.56 ], [ 285937.55, 4160652.2 ], [ 285936.53, 4160652.63 ], [ 285931.3, 4160652.63 ], [ 285929.85, 4160653.0 ], [ 285929.76, 4160653.02 ], [ 285929.66, 4160653.03 ], [ 285929.56, 4160653.04 ], [ 285929.46, 4160653.03 ], [ 285929.37, 4160653.01 ], [ 285929.27, 4160652.98 ], [ 285929.18, 4160652.94 ], [ 285929.1, 4160652.9 ], [ 285929.01, 4160652.85 ], [ 285928.94, 4160652.78 ], [ 285928.87, 4160652.72 ], [ 285928.8, 4160652.64 ], [ 285928.75, 4160652.56 ], [ 285928.7, 4160652.47 ], [ 285928.66, 4160652.38 ], [ 285928.63, 4160652.29 ], [ 285928.48, 4160651.69 ], [ 285927.99, 4160651.39 ], [ 285924.42, 4160652.03 ], [ 285924.75, 4160653.23 ], [ 285924.77, 4160653.33 ], [ 285924.78, 4160653.42 ], [ 285924.79, 4160653.52 ], [ 285924.78, 4160653.62 ], [ 285924.76, 4160653.72 ], [ 285924.74, 4160653.81 ], [ 285924.7, 4160653.9 ], [ 285924.66, 4160653.99 ], [ 285924.6, 4160654.07 ], [ 285924.54, 4160654.15 ], [ 285924.48, 4160654.22 ], [ 285924.4, 4160654.29 ], [ 285924.32, 4160654.34 ], [ 285924.24, 4160654.39 ], [ 285924.15, 4160654.43 ], [ 285924.05, 4160654.46 ], [ 285921.58, 4160655.14 ], [ 285920.6, 4160655.63 ], [ 285920.17, 4160655.63 ], [ 285920.21, 4160655.75 ], [ 285920.23, 4160655.85 ], [ 285920.24, 4160655.95 ], [ 285920.25, 4160656.05 ], [ 285920.24, 4160656.14 ], [ 285920.22, 4160656.24 ], [ 285920.2, 4160656.34 ], [ 285920.16, 4160656.43 ], [ 285920.12, 4160656.52 ], [ 285920.07, 4160656.6 ], [ 285920.0, 4160656.68 ], [ 285919.94, 4160656.75 ], [ 285919.86, 4160656.81 ], [ 285919.78, 4160656.87 ], [ 285919.7, 4160656.92 ], [ 285919.61, 4160656.96 ], [ 285919.51, 4160656.99 ], [ 285917.16, 4160657.64 ], [ 285917.07, 4160657.66 ], [ 285916.97, 4160657.67 ], [ 285916.87, 4160657.67 ], [ 285916.77, 4160657.67 ], [ 285916.68, 4160657.65 ], [ 285916.58, 4160657.62 ], [ 285916.49, 4160657.59 ], [ 285916.4, 4160657.54 ], [ 285916.32, 4160657.49 ], [ 285916.24, 4160657.43 ], [ 285916.17, 4160657.36 ], [ 285916.11, 4160657.29 ], [ 285916.05, 4160657.21 ], [ 285916.0, 4160657.12 ], [ 285915.96, 4160657.03 ], [ 285915.93, 4160656.94 ], [ 285915.87, 4160656.71 ], [ 285913.37, 4160657.4 ], [ 285913.28, 4160657.42 ], [ 285913.18, 4160657.43 ], [ 285913.08, 4160657.44 ], [ 285912.98, 4160657.43 ], [ 285912.89, 4160657.41 ], [ 285912.79, 4160657.39 ], [ 285912.7, 4160657.35 ], [ 285912.61, 4160657.31 ], [ 285912.53, 4160657.25 ], [ 285912.45, 4160657.19 ], [ 285912.38, 4160657.13 ], [ 285912.32, 4160657.05 ], [ 285912.26, 4160656.97 ], [ 285912.21, 4160656.89 ], [ 285912.17, 4160656.8 ], [ 285912.14, 4160656.7 ], [ 285911.84, 4160655.63 ], [ 285908.99, 4160655.63 ], [ 285907.26, 4160656.69 ], [ 285907.98, 4160659.63 ], [ 285908.0, 4160659.72 ], [ 285908.0, 4160659.82 ], [ 285908.0, 4160659.92 ], [ 285908.0, 4160660.01 ], [ 285907.98, 4160660.1 ], [ 285907.95, 4160660.2 ], [ 285907.91, 4160660.29 ], [ 285907.87, 4160660.37 ], [ 285907.82, 4160660.45 ], [ 285907.76, 4160660.53 ], [ 285907.69, 4160660.59 ], [ 285907.62, 4160660.66 ], [ 285907.54, 4160660.71 ], [ 285907.46, 4160660.76 ], [ 285907.37, 4160660.8 ], [ 285907.28, 4160660.83 ], [ 285905.7, 4160661.28 ], [ 285906.13, 4160663.13 ], [ 285910.37, 4160666.31 ], [ 285919.85, 4160663.71 ], [ 285941.23, 4160657.87 ], [ 285954.41, 4160654.26 ], [ 285957.31, 4160653.44 ], [ 285958.13, 4160653.21 ], [ 285958.13, 4160650.29 ], [ 285955.04, 4160647.75 ], [ 285953.91, 4160648.05 ], [ 285953.81, 4160648.07 ], [ 285953.71, 4160648.08 ], [ 285953.62, 4160648.08 ], [ 285953.52, 4160648.08 ], [ 285953.42, 4160648.06 ], [ 285953.33, 4160648.03 ], [ 285953.24, 4160648.0 ], [ 285953.15, 4160647.95 ], [ 285953.07, 4160647.9 ] ] ], [ [ [ 285982.49, 4160664.36 ], [ 285974.99, 4160666.48 ], [ 285975.71, 4160667.2 ], [ 285976.36, 4160668.77 ], [ 285977.13, 4160668.45 ], [ 285979.5, 4160670.09 ], [ 285979.5, 4160670.63 ], [ 286000.0, 4160670.63 ], [ 286000.0, 4160659.41 ], [ 285998.74, 4160659.77 ], [ 285982.49, 4160664.36 ] ] ], [ [ [ 285952.15, 4160668.89 ], [ 285957.4, 4160667.5 ], [ 285957.76, 4160666.82 ], [ 285957.85, 4160666.67 ], [ 285957.96, 4160666.52 ], [ 285958.09, 4160666.39 ], [ 285958.22, 4160666.27 ], [ 285958.37, 4160666.16 ], [ 285958.53, 4160666.07 ], [ 285958.69, 4160665.99 ], [ 285958.87, 4160665.94 ], [ 285961.45, 4160665.21 ], [ 285961.64, 4160665.17 ], [ 285961.83, 4160665.15 ], [ 285962.02, 4160665.15 ], [ 285962.21, 4160665.17 ], [ 285962.4, 4160665.21 ], [ 285962.58, 4160665.27 ], [ 285963.66, 4160665.68 ], [ 285971.8, 4160663.64 ], [ 285981.51, 4160660.9 ], [ 285997.76, 4160656.31 ], [ 286000.0, 4160655.67 ], [ 286000.0, 4160654.47 ], [ 285916.02, 4160677.1 ], [ 285915.82, 4160677.68 ], [ 285914.58, 4160679.28 ], [ 285922.67, 4160677.03 ], [ 285926.94, 4160675.84 ], [ 285937.49, 4160672.84 ], [ 285940.81, 4160671.89 ], [ 285940.84, 4160671.88 ], [ 285952.15, 4160668.89 ] ] ], [ [ [ 285793.13, 4160660.09 ], [ 285793.13, 4160659.88 ], [ 285785.71, 4160661.92 ], [ 285786.15, 4160663.72 ], [ 285785.95, 4160664.87 ], [ 285784.39, 4160667.14 ], [ 285787.58, 4160679.63 ], [ 285800.28, 4160679.63 ], [ 285802.96, 4160677.97 ], [ 285804.16, 4160675.56 ], [ 285803.6, 4160672.1 ], [ 285794.22, 4160662.71 ], [ 285793.9, 4160662.23 ], [ 285793.24, 4160660.66 ], [ 285793.13, 4160660.09 ] ] ], [ [ [ 285891.48, 4160671.46 ], [ 285895.13, 4160670.46 ], [ 285895.13, 4160668.87 ], [ 285893.28, 4160666.1 ], [ 285890.01, 4160666.75 ], [ 285889.55, 4160667.2 ], [ 285888.53, 4160667.63 ], [ 285880.49, 4160667.63 ], [ 285880.49, 4160668.46 ], [ 285877.13, 4160670.43 ], [ 285877.13, 4160673.03 ], [ 285876.71, 4160674.05 ], [ 285874.72, 4160676.03 ], [ 285891.48, 4160671.46 ] ] ], [ [ [ 285841.13, 4160697.28 ], [ 285841.13, 4160699.51 ], [ 285851.94, 4160696.55 ], [ 285866.78, 4160692.51 ], [ 285868.22, 4160692.12 ], [ 285882.97, 4160688.04 ], [ 285892.21, 4160685.48 ], [ 285895.2, 4160684.65 ], [ 285905.77, 4160681.72 ], [ 285903.52, 4160680.69 ], [ 285903.34, 4160680.52 ], [ 285841.13, 4160697.28 ] ] ], [ [ [ 285848.49, 4160703.81 ], [ 285850.55, 4160701.17 ], [ 285851.27, 4160700.82 ], [ 285852.24, 4160701.47 ], [ 285853.35, 4160704.16 ], [ 285856.71, 4160705.95 ], [ 285858.11, 4160705.68 ], [ 285858.96, 4160705.76 ], [ 285859.16, 4160705.84 ], [ 285861.26, 4160705.92 ], [ 285868.23, 4160703.59 ], [ 285869.03, 4160703.56 ], [ 285871.29, 4160704.09 ], [ 285871.99, 4160704.48 ], [ 285872.1, 4160704.59 ], [ 285874.45, 4160704.98 ], [ 285874.43, 4160705.26 ], [ 285877.43, 4160705.45 ], [ 285880.39, 4160703.6 ], [ 285880.55, 4160703.2 ], [ 285882.71, 4160701.05 ], [ 285883.73, 4160700.63 ], [ 285885.91, 4160700.63 ], [ 285887.02, 4160701.15 ], [ 285887.44, 4160701.66 ], [ 285892.53, 4160700.91 ], [ 285892.9, 4160700.02 ], [ 285893.22, 4160699.54 ], [ 285893.84, 4160698.91 ], [ 285894.67, 4160697.38 ], [ 285894.69, 4160697.24 ], [ 285895.35, 4160696.3 ], [ 285898.04, 4160694.65 ], [ 285899.19, 4160694.5 ], [ 285908.88, 4160697.27 ], [ 285911.25, 4160696.96 ], [ 285923.81, 4160689.42 ], [ 285924.36, 4160689.22 ], [ 285926.04, 4160688.97 ], [ 285926.62, 4160689.0 ], [ 285933.46, 4160690.71 ], [ 285937.03, 4160688.77 ], [ 285937.44, 4160687.57 ], [ 285939.09, 4160685.45 ], [ 285939.89, 4160684.94 ], [ 285948.42, 4160682.8 ], [ 285948.71, 4160682.76 ], [ 285949.57, 4160682.72 ], [ 285949.86, 4160682.73 ], [ 285968.65, 4160685.41 ], [ 285971.19, 4160684.56 ], [ 285975.38, 4160680.37 ], [ 285973.99, 4160675.34 ], [ 285969.89, 4160674.32 ], [ 285969.09, 4160673.8 ], [ 285967.44, 4160671.68 ], [ 285967.13, 4160670.78 ], [ 285967.13, 4160668.52 ], [ 285963.99, 4160669.31 ], [ 285963.81, 4160669.34 ], [ 285963.63, 4160669.36 ], [ 285963.45, 4160669.36 ], [ 285963.27, 4160669.34 ], [ 285963.09, 4160669.3 ], [ 285962.91, 4160669.24 ], [ 285961.85, 4160668.84 ], [ 285960.57, 4160669.2 ], [ 285960.2, 4160669.89 ], [ 285960.11, 4160670.05 ], [ 285960.0, 4160670.2 ], [ 285959.87, 4160670.33 ], [ 285959.73, 4160670.46 ], [ 285959.58, 4160670.56 ], [ 285959.42, 4160670.65 ], [ 285959.25, 4160670.73 ], [ 285959.08, 4160670.78 ], [ 285953.07, 4160672.37 ], [ 285941.78, 4160675.36 ], [ 285938.48, 4160676.3 ], [ 285927.91, 4160679.31 ], [ 285927.9, 4160679.31 ], [ 285923.63, 4160680.5 ], [ 285908.15, 4160684.8 ], [ 285896.16, 4160688.11 ], [ 285893.18, 4160688.95 ], [ 285883.93, 4160691.51 ], [ 285869.17, 4160695.59 ], [ 285867.73, 4160695.98 ], [ 285852.89, 4160700.03 ], [ 285839.66, 4160703.64 ], [ 285825.35, 4160707.55 ], [ 285823.58, 4160716.38 ], [ 285825.18, 4160719.65 ], [ 285827.89, 4160721.0 ], [ 285830.41, 4160721.08 ], [ 285847.78, 4160713.63 ], [ 285849.24, 4160710.7 ], [ 285849.52, 4160710.72 ], [ 285849.59, 4160709.4 ], [ 285849.88, 4160708.63 ], [ 285849.21, 4160705.49 ], [ 285848.33, 4160704.58 ], [ 285848.49, 4160703.81 ] ] ], [ [ [ 285765.53, 4160700.63 ], [ 285750.0, 4160700.63 ], [ 285750.0, 4160712.67 ], [ 285782.13, 4160704.2 ], [ 285782.11, 4160704.19 ], [ 285781.94, 4160704.13 ], [ 285781.79, 4160704.05 ], [ 285781.64, 4160703.95 ], [ 285781.5, 4160703.84 ], [ 285781.37, 4160703.72 ], [ 285781.26, 4160703.58 ], [ 285781.16, 4160703.44 ], [ 285781.08, 4160703.28 ], [ 285781.01, 4160703.12 ], [ 285780.95, 4160702.95 ], [ 285778.98, 4160695.47 ], [ 285778.55, 4160695.05 ], [ 285778.13, 4160694.03 ], [ 285778.13, 4160692.27 ], [ 285772.11, 4160669.5 ], [ 285765.76, 4160670.3 ], [ 285763.13, 4160673.27 ], [ 285763.13, 4160677.77 ], [ 285764.79, 4160680.45 ], [ 285767.1, 4160681.61 ], [ 285767.69, 4160682.15 ], [ 285768.91, 4160684.12 ], [ 285769.13, 4160684.9 ], [ 285769.13, 4160697.03 ], [ 285768.71, 4160698.05 ], [ 285766.55, 4160700.2 ], [ 285765.53, 4160700.63 ] ] ], [ [ [ 285774.09, 4160746.95 ], [ 285774.89, 4160746.44 ], [ 285775.34, 4160746.32 ], [ 285777.34, 4160744.67 ], [ 285777.44, 4160744.44 ], [ 285777.71, 4160743.32 ], [ 285777.71, 4160743.3 ], [ 285779.58, 4160740.29 ], [ 285780.77, 4160739.63 ], [ 285790.75, 4160739.63 ], [ 285792.95, 4160735.67 ], [ 285793.47, 4160735.53 ], [ 285793.13, 4160734.35 ], [ 285793.13, 4160734.22 ], [ 285793.55, 4160733.2 ], [ 285795.71, 4160731.05 ], [ 285796.73, 4160730.63 ], [ 285798.53, 4160730.63 ], [ 285799.55, 4160731.05 ], [ 285800.45, 4160731.94 ], [ 285802.76, 4160732.22 ], [ 285802.39, 4160733.63 ], [ 285802.13, 4160733.63 ], [ 285802.13, 4160735.49 ], [ 285801.47, 4160736.68 ], [ 285797.79, 4160738.95 ], [ 285798.03, 4160739.35 ], [ 285795.91, 4160742.69 ], [ 285796.13, 4160743.22 ], [ 285796.13, 4160748.63 ], [ 285797.51, 4160750.0 ], [ 285817.13, 4160750.0 ], [ 285817.13, 4160744.16 ], [ 285817.24, 4160743.6 ], [ 285817.68, 4160742.54 ], [ 285816.58, 4160738.89 ], [ 285816.04, 4160738.54 ], [ 285814.99, 4160737.48 ], [ 285814.6, 4160736.78 ], [ 285814.55, 4160736.57 ], [ 285814.3, 4160735.9 ], [ 285813.5, 4160734.32 ], [ 285811.77, 4160732.84 ], [ 285807.63, 4160731.46 ], [ 285806.74, 4160730.8 ], [ 285804.71, 4160730.84 ], [ 285805.42, 4160728.9 ], [ 285805.13, 4160727.99 ], [ 285805.13, 4160718.11 ], [ 285804.25, 4160715.99 ], [ 285803.63, 4160715.37 ], [ 285800.27, 4160715.37 ], [ 285800.1, 4160714.98 ], [ 285798.53, 4160715.63 ], [ 285787.73, 4160715.63 ], [ 285786.71, 4160715.2 ], [ 285784.55, 4160713.05 ], [ 285784.33, 4160712.51 ], [ 285750.0, 4160721.57 ], [ 285750.0, 4160750.0 ], [ 285770.41, 4160750.0 ], [ 285772.52, 4160748.97 ], [ 285774.09, 4160746.95 ] ] ] ] } },
{ "type": "Feature", "properties": { "id": "imagery:groundcover_paved:273", "name": null, "kind": "groundcover_paved", "sport": null, "surface": null, "pitch_layout": null, "source": "vgin_vbmp+naip+lidar2025", "source_updated": null, "base_z": null, "top_z": null }, "geometry": { "type": "Polygon", "coordinates": [ [ [ 285753.12, 4160512.72 ], [ 285753.03, 4160512.63 ], [ 285752.75, 4160512.23 ], [ 285752.51, 4160511.8 ], [ 285752.31, 4160511.35 ], [ 285752.15, 4160510.88 ], [ 285750.14, 4160503.62 ], [ 285750.0, 4160503.49 ], [ 285750.0, 4160512.89 ], [ 285752.04, 4160520.24 ], [ 285753.12, 4160512.72 ] ] ] } },
{ "type": "Feature", "properties": { "id": "richmond_structure:425183", "name": null, "kind": "deck", "sport": null, "surface": null, "pitch_layout": null, "source": "richmond_structures", "source_updated": "2026-09-08T12:07:13.637000Z", "base_z": null, "top_z": null }, "geometry": { "type": "Polygon", "coordinates": [ [ [ 285759.11, 4160515.52 ], [ 285765.99, 4160513.72 ], [ 285765.46, 4160511.7 ], [ 285758.58, 4160513.5 ], [ 285759.11, 4160515.52 ] ] ] } },
{ "type": "Feature", "properties": { "id": "richmond_structure:292344", "name": null, "kind": "deck", "sport": null, "surface": null, "pitch_layout": null, "source": "richmond_structures", "source_updated": "2026-09-08T12:07:13.637000Z", "base_z": null, "top_z": null }, "geometry": { "type": "Polygon", "coordinates": [ [ [ 285812.07, 4160526.54 ], [ 285813.65, 4160526.11 ], [ 285813.22, 4160524.51 ], [ 285811.71, 4160524.91 ], [ 285812.07, 4160526.54 ] ] ] } },
{ "type": "Feature", "properties": { "id": "richmond_structure:425182", "name": null, "kind": "deck", "sport": null, "surface": null, "pitch_layout": null, "source": "richmond_structures", "source_updated": "2026-09-08T12:07:13.637000Z", "base_z": null, "top_z": null }, "geometry": { "type": "Polygon", "coordinates": [ [ [ 285790.86, 4160533.49 ], [ 285786.33, 4160535.11 ], [ 285787.58, 4160538.59 ], [ 285792.11, 4160536.97 ], [ 285790.86, 4160533.49 ] ] ] } },
{ "type": "Feature", "properties": { "id": "richmond_structure:289283", "name": null, "kind": "deck", "sport": null, "surface": null, "pitch_layout": null, "source": "richmond_structures", "source_updated": "2026-09-08T12:07:13.637000Z", "base_z": null, "top_z": null }, "geometry": { "type": "Polygon", "coordinates": [ [ [ 285815.22, 4160532.67 ], [ 285811.0, 4160533.68 ], [ 285812.4, 4160539.6 ], [ 285814.78, 4160539.0 ], [ 285815.0, 4160539.91 ], [ 285816.51, 4160539.6 ], [ 285815.19, 4160534.74 ], [ 285815.63, 4160534.62 ], [ 285815.22, 4160532.67 ] ] ] } },
{ "type": "Feature", "properties": { "id": "richmond_structure:402442", "name": null, "kind": "deck", "sport": null, "surface": null, "pitch_layout": null, "source": "richmond_structures", "source_updated": "2026-09-08T12:07:13.637000Z", "base_z": null, "top_z": null }, "geometry": { "type": "Polygon", "coordinates": [ [ [ 285779.0, 4160554.84 ], [ 285777.2, 4160555.22 ], [ 285777.62, 4160557.19 ], [ 285780.67, 4160556.54 ], [ 285779.81, 4160552.46 ], [ 285778.55, 4160552.73 ], [ 285779.0, 4160554.84 ] ] ] } },
{ "type": "Feature", "properties": { "id": "richmond_structure:402447", "name": null, "kind": "deck", "sport": null, "surface": null, "pitch_layout": null, "source": "richmond_structures", "source_updated": "2026-09-08T12:07:13.637000Z", "base_z": null, "top_z": null }, "geometry": { "type": "Polygon", "coordinates": [ [ [ 285811.05, 4160574.03 ], [ 285811.47, 4160575.58 ], [ 285809.12, 4160576.2 ], [ 285809.66, 4160578.23 ], [ 285816.71, 4160576.36 ], [ 285815.75, 4160572.78 ], [ 285811.05, 4160574.03 ] ] ] } },
{ "type": "Feature", "properties": { "id": "richmond_structure:289526", "name": null, "kind": "deck", "sport": null, "surface": null, "pitch_layout": null, "source": "richmond_structures", "source_updated": "2026-09-08T12:07:13.637000Z", "base_z": null, "top_z": null }, "geometry": { "type": "Polygon", "coordinates": [ [ [ 285778.64, 4160581.38 ], [ 285777.64, 4160581.47 ], [ 285777.72, 4160582.36 ], [ 285775.01, 4160582.97 ], [ 285775.86, 4160586.69 ], [ 285781.52, 4160585.27 ], [ 285780.72, 4160582.08 ], [ 285782.94, 4160581.53 ], [ 285781.99, 4160579.55 ], [ 285778.87, 4160580.94 ], [ 285778.64, 4160581.38 ] ] ] } },
{ "type": "Feature", "properties": { "id": "imagery:groundcover_lawn:174", "name": null, "kind": "groundcover_lawn", "sport": null, "surface": null, "pitch_layout": null, "source": "vgin_vbmp+naip+lidar2025", "source_updated": null, "base_z": null, "top_z": null }, "geometry": { "type": "Polygon", "coordinates": [ [ [ 285750.29, 4160630.78 ], [ 285750.56, 4160631.15 ], [ 285751.18, 4160632.37 ], [ 285751.33, 4160632.8 ], [ 285752.49, 4160639.77 ], [ 285752.55, 4160639.81 ], [ 285752.63, 4160639.87 ], [ 285752.7, 4160639.94 ], [ 285752.76, 4160640.01 ], [ 285752.82, 4160640.09 ], [ 285752.87, 4160640.18 ], [ 285752.91, 4160640.27 ], [ 285752.94, 4160640.36 ], [ 285755.82, 4160650.47 ], [ 285762.1, 4160653.61 ], [ 285766.43, 4160651.12 ], [ 285766.6, 4160648.63 ], [ 285755.34, 4160606.03 ], [ 285755.08, 4160605.94 ], [ 285751.24, 4160607.97 ], [ 285750.91, 4160609.13 ], [ 285750.0, 4160610.6 ], [ 285750.0, 4160630.37 ], [ 285750.05, 4160630.54 ], [ 285750.29, 4160630.78 ] ] ] } },
{ "type": "Feature", "properties": { "id": "imagery:groundcover_paved:280", "name": null, "kind": "groundcover_paved", "sport": null, "surface": null, "pitch_layout": null, "source": "vgin_vbmp+naip+lidar2025", "source_updated": null, "base_z": null, "top_z": null }, "geometry": { "type": "Polygon", "coordinates": [ [ [ 285982.13, 4160526.63 ], [ 285983.04, 4160525.72 ], [ 285979.9, 4160518.56 ], [ 285979.73, 4160518.1 ], [ 285979.6, 4160517.63 ], [ 285979.52, 4160517.14 ], [ 285979.49, 4160516.65 ], [ 285979.5, 4160516.16 ], [ 285979.56, 4160515.68 ], [ 285979.67, 4160515.2 ], [ 285979.83, 4160514.73 ], [ 285979.84, 4160514.72 ], [ 285979.82, 4160514.71 ], [ 285979.35, 4160514.55 ], [ 285978.9, 4160514.35 ], [ 285978.48, 4160514.1 ], [ 285978.08, 4160513.81 ], [ 285977.72, 4160513.49 ], [ 285977.38, 4160513.13 ], [ 285977.09, 4160512.74 ], [ 285976.74, 4160512.23 ], [ 285966.1, 4160509.19 ], [ 285965.46, 4160508.81 ], [ 285963.94, 4160507.29 ], [ 285963.57, 4160506.66 ], [ 285963.49, 4160506.38 ], [ 285963.39, 4160506.34 ], [ 285963.23, 4160506.26 ], [ 285963.08, 4160506.16 ], [ 285962.94, 4160506.06 ], [ 285962.81, 4160505.93 ], [ 285962.7, 4160505.8 ], [ 285958.15, 4160500.0 ], [ 285955.46, 4160500.0 ], [ 285960.89, 4160507.05 ], [ 285968.59, 4160516.61 ], [ 285968.92, 4160517.08 ], [ 285972.16, 4160522.44 ], [ 285972.4, 4160522.89 ], [ 285972.58, 4160523.36 ], [ 285974.85, 4160530.48 ], [ 285975.3, 4160529.12 ], [ 285975.83, 4160528.4 ], [ 285977.91, 4160526.9 ], [ 285978.77, 4160526.63 ], [ 285982.13, 4160526.63 ] ] ] } },
{ "type": "Feature", "properties": { "id": "richmond_structure:292346", "name": null, "kind": "deck", "sport": null, "surface": null, "pitch_layout": null, "source": "richmond_structures", "source_updated": "2026-09-08T12:07:13.637000Z", "base_z": null, "top_z": null }, "geometry": { "type": "Polygon", "coordinates": [ [ [ 285997.63, 4160521.78 ], [ 285996.81, 4160522.14 ], [ 285995.94, 4160520.15 ], [ 285994.4, 4160520.83 ], [ 285995.74, 4160523.87 ], [ 285998.1, 4160522.84 ], [ 285997.63, 4160521.78 ] ] ] } },
{ "type": "Feature", "properties": { "id": "richmond_structure:291320", "name": null, "kind": "deck", "sport": null, "surface": null, "pitch_layout": null, "source": "richmond_structures", "source_updated": "2026-09-08T12:07:13.637000Z", "base_z": null, "top_z": null }, "geometry": { "type": "Polygon", "coordinates": [ [ [ 285952.33, 4160531.61 ], [ 285953.65, 4160536.49 ], [ 285956.03, 4160535.85 ], [ 285955.12, 4160530.81 ], [ 285951.73, 4160531.75 ], [ 285952.33, 4160531.61 ] ] ] } },
{ "type": "Feature", "properties": { "id": "richmond_structure:402441", "name": null, "kind": "deck", "sport": null, "surface": null, "pitch_layout": null, "source": "richmond_structures", "source_updated": "2026-09-08T12:07:13.637000Z", "base_z": null, "top_z": null }, "geometry": { "type": "Polygon", "coordinates": [ [ [ 285937.91, 4160542.74 ], [ 285941.35, 4160541.76 ], [ 285940.52, 4160538.85 ], [ 285937.08, 4160539.82 ], [ 285937.91, 4160542.74 ] ] ] } },
{ "type": "Feature", "properties": { "id": "richmond_structure:291744", "name": null, "kind": "deck", "sport": null, "surface": null, "pitch_layout": null, "source": "richmond_structures", "source_updated": "2026-09-08T12:07:13.637000Z", "base_z": null, "top_z": null }, "geometry": { "type": "Polygon", "coordinates": [ [ [ 285921.03, 4160547.28 ], [ 285925.01, 4160546.19 ], [ 285924.02, 4160542.57 ], [ 285920.03, 4160543.61 ], [ 285921.03, 4160547.28 ] ] ] } },
{ "type": "Feature", "properties": { "id": "richmond_structure:291070", "name": null, "kind": "deck", "sport": null, "surface": null, "pitch_layout": null, "source": "richmond_structures", "source_updated": "2026-09-08T12:07:13.637000Z", "base_z": null, "top_z": null }, "geometry": { "type": "Polygon", "coordinates": [ [ [ 285950.39, 4160591.79 ], [ 285951.43, 4160594.52 ], [ 285955.64, 4160593.24 ], [ 285954.29, 4160588.58 ], [ 285951.19, 4160589.47 ], [ 285951.75, 4160591.4 ], [ 285950.39, 4160591.79 ] ] ] } },
{ "type": "Feature", "properties": { "id": "richmond_structure:291724", "name": null, "kind": "deck", "sport": null, "surface": null, "pitch_layout": null, "source": "richmond_structures", "source_updated": "2026-09-08T12:07:13.637000Z", "base_z": null, "top_z": null }, "geometry": { "type": "Polygon", "coordinates": [ [ [ 285935.9, 4160599.27 ], [ 285934.92, 4160596.09 ], [ 285930.26, 4160597.33 ], [ 285930.99, 4160600.2 ], [ 285935.9, 4160599.27 ] ] ] } },
{ "type": "Feature", "properties": { "id": "imagery:groundcover_paved:200", "name": null, "kind": "groundcover_paved", "sport": null, "surface": null, "pitch_layout": null, "source": "vgin_vbmp+naip+lidar2025", "source_updated": null, "base_z": null, "top_z": null }, "geometry": { "type": "MultiPolygon", "coordinates": [ [ [ [ 285992.51, 4160584.44 ], [ 285991.44, 4160584.97 ], [ 285995.27, 4160598.03 ], [ 286000.0, 4160596.68 ], [ 286000.0, 4160588.82 ], [ 285999.55, 4160587.05 ], [ 285999.45, 4160586.57 ], [ 285999.4, 4160586.08 ], [ 285999.4, 4160585.59 ], [ 285999.44, 4160585.1 ], [ 285999.54, 4160584.62 ], [ 285999.68, 4160584.15 ], [ 285999.84, 4160583.75 ], [ 285999.67, 4160583.09 ], [ 285999.58, 4160582.6 ], [ 285999.53, 4160582.12 ], [ 285999.53, 4160581.63 ], [ 285999.57, 4160581.14 ], [ 285999.67, 4160580.66 ], [ 285999.72, 4160580.47 ], [ 285999.53, 4160580.37 ], [ 285999.11, 4160580.11 ], [ 285998.72, 4160579.81 ], [ 285998.36, 4160579.47 ], [ 285998.04, 4160579.1 ], [ 285997.75, 4160578.7 ], [ 285997.51, 4160578.27 ], [ 285997.31, 4160577.82 ], [ 285997.15, 4160577.35 ], [ 285997.08, 4160577.11 ], [ 285995.29, 4160577.81 ], [ 285994.49, 4160581.85 ], [ 285994.21, 4160582.46 ], [ 285993.03, 4160584.01 ], [ 285992.51, 4160584.44 ] ] ], [ [ [ 286000.0, 4160613.79 ], [ 286000.0, 4160603.03 ], [ 285997.01, 4160603.88 ], [ 286000.0, 4160613.79 ] ] ] ] } },
{ "type": "Feature", "properties": { "id": "richmond_structure:293001", "name": null, "kind": "deck", "sport": null, "surface": null, "pitch_layout": null, "source": "richmond_structures", "source_updated": "2026-09-08T12:07:13.637000Z", "base_z": null, "top_z": null }, "geometry": { "type": "Polygon", "coordinates": [ [ [ 285983.75, 4160629.55 ], [ 285983.37, 4160628.2 ], [ 285981.96, 4160628.59 ], [ 285982.34, 4160629.94 ], [ 285983.75, 4160629.55 ] ] ] } },
{ "type": "Feature", "properties": { "id": "richmond_structure:403462", "name": null, "kind": "deck", "sport": null, "surface": null, "pitch_layout": null, "source": "richmond_structures", "source_updated": "2026-09-08T12:07:13.637000Z", "base_z": null, "top_z": null }, "geometry": { "type": "Polygon", "coordinates": [ [ [ 285970.06, 4160633.26 ], [ 285969.44, 4160631.18 ], [ 285966.64, 4160631.9 ], [ 285966.84, 4160632.81 ], [ 285968.73, 4160632.31 ], [ 285969.05, 4160633.53 ], [ 285970.06, 4160633.26 ] ] ] } },
{ "type": "Feature", "properties": { "id": "richmond_structure:288650", "name": null, "kind": "deck", "sport": null, "surface": null, "pitch_layout": null, "source": "richmond_structures", "source_updated": "2026-09-08T12:07:13.637000Z", "base_z": null, "top_z": null }, "geometry": { "type": "Polygon", "coordinates": [ [ [ 285860.79, 4160500.0 ], [ 285860.68, 4160500.0 ], [ 285860.69, 4160500.04 ], [ 285860.79, 4160500.0 ] ] ] } },
{ "type": "Feature", "properties": { "id": "richmond_structure:292342", "name": null, "kind": "deck", "sport": null, "surface": null, "pitch_layout": null, "source": "richmond_structures", "source_updated": "2026-09-08T12:07:13.637000Z", "base_z": null, "top_z": null }, "geometry": { "type": "Polygon", "coordinates": [ [ [ 285867.26, 4160508.35 ], [ 285864.14, 4160509.07 ], [ 285865.4, 4160513.55 ], [ 285868.61, 4160512.65 ], [ 285867.26, 4160508.35 ] ] ] } },
{ "type": "Feature", "properties": { "id": "richmond_structure:402433", "name": null, "kind": "deck", "sport": null, "surface": null, "pitch_layout": null, "source": "richmond_structures", "source_updated": "2026-09-08T12:07:13.637000Z", "base_z": null, "top_z": null }, "geometry": { "type": "Polygon", "coordinates": [ [ [ 285899.39, 4160513.29 ], [ 285901.14, 4160512.0 ], [ 285899.14, 4160509.28 ], [ 285897.39, 4160510.57 ], [ 285899.39, 4160513.29 ] ] ] } },
{ "type": "Feature", "properties": { "id": "richmond_structure:402436", "name": null, "kind": "deck", "sport": null, "surface": null, "pitch_layout": null, "source": "richmond_structures", "source_updated": "2026-09-08T12:07:13.637000Z", "base_z": null, "top_z": null }, "geometry": { "type": "Polygon", "coordinates": [ [ [ 285877.11, 4160519.43 ], [ 285881.46, 4160518.5 ], [ 285880.65, 4160514.7 ], [ 285876.29, 4160515.63 ], [ 285877.11, 4160519.43 ] ] ] } },
{ "type": "Feature", "properties": { "id": "richmond_structure:292587", "name": null, "kind": "deck", "sport": null, "surface": null, "pitch_layout": null, "source": "richmond_structures", "source_updated": "2026-09-08T12:07:13.637000Z", "base_z": null, "top_z": null }, "geometry": { "type": "Polygon", "coordinates": [ [ [ 285890.36, 4160555.99 ], [ 285891.9, 4160555.56 ], [ 285891.48, 4160553.63 ], [ 285889.84, 4160554.09 ], [ 285890.36, 4160555.99 ] ] ] } },
{ "type": "Feature", "properties": { "id": "richmond_structure:290097", "name": null, "kind": "deck", "sport": null, "surface": null, "pitch_layout": null, "source": "richmond_structures", "source_updated": "2026-09-08T12:07:13.637000Z", "base_z": null, "top_z": null }, "geometry": { "type": "Polygon", "coordinates": [ [ [ 285871.79, 4160561.08 ], [ 285876.18, 4160559.79 ], [ 285874.52, 4160553.81 ], [ 285869.87, 4160555.25 ], [ 285871.79, 4160561.08 ] ] ] } },
{ "type": "Feature", "properties": { "id": "richmond_structure:403459", "name": null, "kind": "deck", "sport": null, "surface": null, "pitch_layout": null, "source": "richmond_structures", "source_updated": "2026-09-08T12:07:13.637000Z", "base_z": null, "top_z": null }, "geometry": { "type": "Polygon", "coordinates": [ [ [ 285907.91, 4160593.75 ], [ 285907.66, 4160592.76 ], [ 285906.67, 4160591.73 ], [ 285904.83, 4160591.38 ], [ 285897.25, 4160593.23 ], [ 285897.98, 4160595.65 ], [ 285906.7, 4160593.2 ], [ 285906.94, 4160594.05 ], [ 285907.91, 4160593.75 ] ] ] } },
{ "type": "Feature", "properties": { "id": "richmond_structure:402457", "name": null, "kind": "deck", "sport": null, "surface": null, "pitch_layout": null, "source": "richmond_structures", "source_updated": "2026-09-08T12:07:13.637000Z", "base_z": null, "top_z": null }, "geometry": { "type": "Polygon", "coordinates": [ [ [ 285921.27, 4160597.69 ], [ 285915.28, 4160599.32 ], [ 285916.46, 4160603.68 ], [ 285917.96, 4160603.27 ], [ 285917.68, 4160602.22 ], [ 285922.17, 4160600.99 ], [ 285921.27, 4160597.69 ] ] ] } },
{ "type": "Feature", "properties": { "id": "richmond_structure:291725", "name": null, "kind": "deck", "sport": null, "surface": null, "pitch_layout": null, "source": "richmond_structures", "source_updated": "2026-09-08T12:07:13.637000Z", "base_z": null, "top_z": null }, "geometry": { "type": "Polygon", "coordinates": [ [ [ 285900.29, 4160605.62 ], [ 285900.57, 4160606.73 ], [ 285904.75, 4160605.36 ], [ 285903.91, 4160602.45 ], [ 285901.95, 4160603.0 ], [ 285902.5, 4160605.07 ], [ 285900.29, 4160605.62 ] ] ] } },
{ "type": "Feature", "properties": { "id": "imagery:groundcover_paved:205", "name": null, "kind": "groundcover_paved", "sport": null, "surface": null, "pitch_layout": null, "source": "vgin_vbmp+naip+lidar2025", "source_updated": null, "base_z": null, "top_z": null }, "geometry": { "type": "MultiPolygon", "coordinates": [ [ [ [ 285845.69, 4160604.73 ], [ 285856.28, 4160601.81 ], [ 285856.76, 4160601.71 ], [ 285857.25, 4160601.65 ], [ 285857.74, 4160601.64 ], [ 285858.23, 4160601.67 ], [ 285858.71, 4160601.76 ], [ 285859.19, 4160601.89 ], [ 285859.25, 4160601.91 ], [ 285859.56, 4160601.53 ], [ 285859.9, 4160601.18 ], [ 285860.28, 4160600.86 ], [ 285860.68, 4160600.58 ], [ 285861.11, 4160600.34 ], [ 285861.56, 4160600.15 ], [ 285862.03, 4160600.0 ], [ 285872.84, 4160597.13 ], [ 285873.32, 4160597.03 ], [ 285873.81, 4160596.98 ], [ 285874.3, 4160596.97 ], [ 285874.79, 4160597.01 ], [ 285875.27, 4160597.1 ], [ 285875.74, 4160597.23 ], [ 285875.8, 4160597.15 ], [ 285876.13, 4160596.79 ], [ 285876.5, 4160596.46 ], [ 285876.89, 4160596.17 ], [ 285877.31, 4160595.92 ], [ 285877.76, 4160595.71 ], [ 285878.22, 4160595.54 ], [ 285878.84, 4160595.36 ], [ 285880.55, 4160593.17 ], [ 285881.67, 4160592.63 ], [ 285887.99, 4160592.63 ], [ 285889.04, 4160592.31 ], [ 285889.52, 4160592.19 ], [ 285890.01, 4160592.12 ], [ 285890.5, 4160592.1 ], [ 285890.99, 4160592.13 ], [ 285891.47, 4160592.2 ], [ 285891.95, 4160592.32 ], [ 285892.08, 4160592.37 ], [ 285892.24, 4160592.16 ], [ 285892.57, 4160591.81 ], [ 285892.95, 4160591.49 ], [ 285893.35, 4160591.2 ], [ 285893.77, 4160590.96 ], [ 285894.22, 4160590.76 ], [ 285894.68, 4160590.6 ], [ 285905.53, 4160587.56 ], [ 285906.01, 4160587.45 ], [ 285906.5, 4160587.39 ], [ 285906.99, 4160587.37 ], [ 285907.48, 4160587.41 ], [ 285907.96, 4160587.49 ], [ 285908.43, 4160587.62 ], [ 285908.89, 4160587.79 ], [ 285908.98, 4160587.84 ], [ 285909.31, 4160587.5 ], [ 285909.68, 4160587.18 ], [ 285910.09, 4160586.9 ], [ 285910.51, 4160586.66 ], [ 285910.96, 4160586.46 ], [ 285910.78, 4160585.15 ], [ 285911.04, 4160584.34 ], [ 285869.71, 4160595.72 ], [ 285842.66, 4160603.16 ], [ 285843.71, 4160604.2 ], [ 285844.21, 4160605.42 ], [ 285844.35, 4160605.32 ], [ 285844.78, 4160605.08 ], [ 285845.22, 4160604.88 ], [ 285845.69, 4160604.73 ] ] ], [ [ [ 285901.13, 4160622.03 ], [ 285900.71, 4160623.05 ], [ 285899.35, 4160624.41 ], [ 285918.44, 4160619.17 ], [ 285918.83, 4160616.07 ], [ 285916.8, 4160612.85 ], [ 285912.63, 4160611.46 ], [ 285911.91, 4160610.93 ], [ 285910.41, 4160608.85 ], [ 285910.13, 4160607.99 ], [ 285910.13, 4160607.23 ], [ 285907.53, 4160605.84 ], [ 285907.42, 4160605.87 ], [ 285907.41, 4160605.87 ], [ 285907.23, 4160606.33 ], [ 285907.0, 4160606.77 ], [ 285906.73, 4160607.19 ], [ 285906.41, 4160607.57 ], [ 285906.07, 4160607.93 ], [ 285905.68, 4160608.24 ], [ 285905.27, 4160608.52 ], [ 285904.83, 4160608.75 ], [ 285904.38, 4160608.95 ], [ 285903.9, 4160609.09 ], [ 285900.68, 4160609.89 ], [ 285900.21, 4160609.99 ], [ 285899.73, 4160610.04 ], [ 285899.24, 4160610.04 ], [ 285898.76, 4160609.99 ], [ 285898.37, 4160609.92 ], [ 285898.35, 4160609.98 ], [ 285898.14, 4160610.42 ], [ 285897.88, 4160610.84 ], [ 285897.59, 4160611.23 ], [ 285897.26, 4160611.6 ], [ 285896.89, 4160611.92 ], [ 285896.5, 4160612.21 ], [ 285896.08, 4160612.46 ], [ 285895.68, 4160612.65 ], [ 285896.79, 4160614.45 ], [ 285899.1, 4160615.61 ], [ 285899.69, 4160616.15 ], [ 285900.91, 4160618.12 ], [ 285901.13, 4160618.9 ], [ 285901.13, 4160622.03 ] ] ], [ [ [ 285896.0, 4160631.65 ], [ 285896.47, 4160632.52 ], [ 285903.38, 4160637.12 ], [ 285905.04, 4160637.63 ], [ 285913.48, 4160637.63 ], [ 285916.46, 4160635.0 ], [ 285917.62, 4160625.72 ], [ 285896.0, 4160631.65 ] ] ] ] } },
{ "type": "Feature", "properties": { "id": "richmond_structure:291092", "name": null, "kind": "deck", "sport": null, "surface": null, "pitch_layout": null, "source": "richmond_structures", "source_updated": "2026-09-08T12:07:13.637000Z", "base_z": null, "top_z": null }, "geometry": { "type": "Polygon", "coordinates": [ [ [ 285879.81, 4160608.67 ], [ 285881.92, 4160615.09 ], [ 285886.87, 4160613.78 ], [ 285885.7, 4160609.76 ], [ 285883.99, 4160610.26 ], [ 285883.31, 4160607.99 ], [ 285879.81, 4160608.67 ] ] ] } },
{ "type": "Feature", "properties": { "id": "richmond_structure:293004", "name": null, "kind": "deck", "sport": null, "surface": null, "pitch_layout": null, "source": "richmond_structures", "source_updated": "2026-09-08T12:07:13.637000Z", "base_z": null, "top_z": null }, "geometry": { "type": "Polygon", "coordinates": [ [ [ 285863.59, 4160613.32 ], [ 285864.4, 4160616.38 ], [ 285869.67, 4160614.99 ], [ 285869.44, 4160614.14 ], [ 285867.53, 4160614.64 ], [ 285866.95, 4160612.43 ], [ 285863.59, 4160613.32 ] ] ] } },
{ "type": "Feature", "properties": { "id": "richmond_structure:291837", "name": null, "kind": "deck", "sport": null, "surface": null, "pitch_layout": null, "source": "richmond_structures", "source_updated": "2026-09-08T12:07:13.637000Z", "base_z": null, "top_z": null }, "geometry": { "type": "Polygon", "coordinates": [ [ [ 285901.26, 4160652.56 ], [ 285904.96, 4160651.5 ], [ 285903.0, 4160644.75 ], [ 285899.6, 4160645.62 ], [ 285901.26, 4160652.56 ] ] ] } },
{ "type": "Feature", "properties": { "id": "imagery:groundcover_lawn:54", "name": null, "kind": "groundcover_lawn", "sport": null, "surface": null, "pitch_layout": null, "source": "vgin_vbmp+naip+lidar2025", "source_updated": null, "base_z": null, "top_z": null }, "geometry": { "type": "Polygon", "coordinates": [ [ [ 285860.43, 4160741.94 ], [ 285859.75, 4160742.47 ], [ 285859.56, 4160743.33 ], [ 285858.69, 4160743.85 ], [ 285858.35, 4160743.88 ], [ 285855.88, 4160748.01 ], [ 285856.02, 4160748.35 ], [ 285856.13, 4160748.92 ], [ 285856.13, 4160750.0 ], [ 285866.86, 4160750.0 ], [ 285865.63, 4160742.64 ], [ 285864.64, 4160741.77 ], [ 285865.48, 4160740.96 ], [ 285865.49, 4160740.81 ], [ 285866.11, 4160738.88 ], [ 285866.48, 4160738.28 ], [ 285867.04, 4160737.71 ], [ 285867.77, 4160737.23 ], [ 285867.64, 4160737.03 ], [ 285869.21, 4160733.97 ], [ 285868.81, 4160732.27 ], [ 285868.85, 4160731.47 ], [ 285869.81, 4160728.57 ], [ 285866.97, 4160724.63 ], [ 285859.97, 4160724.63 ], [ 285857.06, 4160728.35 ], [ 285858.2, 4160732.9 ], [ 285858.02, 4160734.01 ], [ 285857.3, 4160735.15 ], [ 285857.93, 4160739.07 ], [ 285859.39, 4160740.27 ], [ 285859.52, 4160741.18 ], [ 285860.43, 4160741.94 ] ] ] } },
{ "type": "Feature", "properties": { "id": "imagery:groundcover_lawn:47", "name": null, "kind": "groundcover_lawn", "sport": null, "surface": null, "pitch_layout": null, "source": "vgin_vbmp+naip+lidar2025", "source_updated": null, "base_z": null, "top_z": null }, "geometry": { "type": "Polygon", "coordinates": [ [ [ 285890.7, 4160750.0 ], [ 285894.56, 4160750.0 ], [ 285893.94, 4160749.13 ], [ 285890.7, 4160750.0 ] ] ] } },
{ "type": "Feature", "properties": { "id": "richmond_structure:293000", "name": null, "kind": "deck", "sport": null, "surface": null, "pitch_layout": null, "source": "richmond_structures", "source_updated": "2026-09-08T12:07:13.637000Z", "base_z": null, "top_z": null }, "geometry": { "type": "Polygon", "coordinates": [ [ [ 285786.75, 4160634.54 ], [ 285787.54, 4160637.57 ], [ 285793.79, 4160635.96 ], [ 285793.01, 4160632.92 ], [ 285786.75, 4160634.54 ] ] ] } },
{ "type": "Feature", "properties": { "id": "imagery:groundcover_paved:157", "name": null, "kind": "groundcover_paved", "sport": null, "surface": null, "pitch_layout": null, "source": "vgin_vbmp+naip+lidar2025", "source_updated": null, "base_z": null, "top_z": null }, "geometry": { "type": "Polygon", "coordinates": [ [ [ 285817.7, 4160640.82 ], [ 285818.12, 4160640.63 ], [ 285822.78, 4160640.63 ], [ 285822.78, 4160639.38 ], [ 285825.88, 4160636.93 ], [ 285825.3, 4160634.91 ], [ 285825.33, 4160633.59 ], [ 285824.74, 4160633.58 ], [ 285823.41, 4160630.92 ], [ 285823.09, 4160631.14 ], [ 285822.66, 4160631.38 ], [ 285822.21, 4160631.58 ], [ 285821.74, 4160631.73 ], [ 285819.75, 4160632.27 ], [ 285819.27, 4160632.38 ], [ 285818.79, 4160632.43 ], [ 285818.3, 4160632.44 ], [ 285817.81, 4160632.4 ], [ 285817.33, 4160632.32 ], [ 285816.86, 4160632.19 ], [ 285816.4, 4160632.01 ], [ 285816.06, 4160631.84 ], [ 285814.96, 4160635.13 ], [ 285814.15, 4160636.23 ], [ 285814.53, 4160636.51 ], [ 285814.36, 4160637.32 ], [ 285812.65, 4160637.14 ], [ 285812.35, 4160637.35 ], [ 285811.5, 4160637.63 ], [ 285805.13, 4160637.63 ], [ 285802.19, 4160640.04 ], [ 285803.98, 4160643.4 ], [ 285805.55, 4160644.05 ], [ 285807.71, 4160646.2 ], [ 285808.13, 4160647.22 ], [ 285808.13, 4160649.44 ], [ 285814.9, 4160647.58 ], [ 285814.57, 4160644.59 ], [ 285814.93, 4160643.48 ], [ 285816.64, 4160641.57 ], [ 285816.64, 4160640.47 ], [ 285817.7, 4160640.82 ] ] ] } },
{ "type": "Feature", "properties": { "id": "imagery:groundcover_lawn:115", "name": null, "kind": "groundcover_lawn", "sport": null, "surface": null, "pitch_layout": null, "source": "vgin_vbmp+naip+lidar2025", "source_updated": null, "base_z": null, "top_z": null }, "geometry": { "type": "Polygon", "coordinates": [ [ [ 285817.03, 4160691.77 ], [ 285817.13, 4160691.63 ], [ 285817.13, 4160687.79 ], [ 285815.89, 4160686.06 ], [ 285816.25, 4160685.73 ], [ 285814.28, 4160683.58 ], [ 285813.77, 4160684.05 ], [ 285809.65, 4160683.04 ], [ 285809.6, 4160683.11 ], [ 285809.33, 4160683.29 ], [ 285808.32, 4160684.58 ], [ 285807.71, 4160686.05 ], [ 285805.55, 4160688.2 ], [ 285804.53, 4160688.63 ], [ 285802.06, 4160688.63 ], [ 285799.69, 4160689.78 ], [ 285799.31, 4160690.27 ], [ 285798.78, 4160691.32 ], [ 285798.53, 4160692.23 ], [ 285798.86, 4160692.32 ], [ 285799.48, 4160695.56 ], [ 285800.43, 4160696.29 ], [ 285808.93, 4160693.98 ], [ 285817.03, 4160691.77 ] ] ] } },
{ "type": "Feature", "properties": { "id": "imagery:groundcover_paved:84", "name": null, "kind": "groundcover_paved", "sport": null, "surface": null, "pitch_layout": null, "source": "vgin_vbmp+naip+lidar2025", "source_updated": null, "base_z": null, "top_z": null }, "geometry": { "type": "Polygon", "coordinates": [ [ [ 285814.6, 4160729.06 ], [ 285815.15, 4160729.66 ], [ 285815.27, 4160729.9 ], [ 285820.07, 4160730.68 ], [ 285822.25, 4160728.5 ], [ 285823.13, 4160726.38 ], [ 285823.13, 4160718.63 ], [ 285820.13, 4160715.63 ], [ 285813.67, 4160715.63 ], [ 285813.67, 4160716.18 ], [ 285810.58, 4160717.83 ], [ 285809.06, 4160723.9 ], [ 285811.57, 4160727.11 ], [ 285811.46, 4160727.51 ], [ 285812.63, 4160727.85 ], [ 285814.6, 4160729.06 ] ] ] } },
{ "type": "Feature", "properties": { "id": "imagery:groundcover_paved:35", "name": null, "kind": "groundcover_paved", "sport": null, "surface": null, "pitch_layout": null, "source": "vgin_vbmp+naip+lidar2025", "source_updated": null, "base_z": null, "top_z": null }, "geometry": { "type": "Polygon", "coordinates": [ [ [ 285783.45, 4160750.0 ], [ 285781.54, 4160747.76 ], [ 285779.08, 4160746.94 ], [ 285775.13, 4160749.79 ], [ 285775.13, 4160750.0 ], [ 285783.45, 4160750.0 ] ] ] } },
{ "type": "Feature", "properties": { "id": "imagery:groundcover_lawn:114", "name": null, "kind": "groundcover_lawn", "sport": null, "surface": null, "pitch_layout": null, "source": "vgin_vbmp+naip+lidar2025", "source_updated": null, "base_z": null, "top_z": null }, "geometry": { "type": "Polygon", "coordinates": [ [ [ 285999.61, 4160700.57 ], [ 285999.72, 4160700.59 ], [ 286000.0, 4160700.74 ], [ 286000.0, 4160683.7 ], [ 285997.13, 4160685.23 ], [ 285997.13, 4160697.62 ], [ 285999.61, 4160700.57 ] ] ] } },
{ "type": "Feature", "properties": { "id": "imagery:groundcover_lawn:105", "name": null, "kind": "groundcover_lawn", "sport": null, "surface": null, "pitch_layout": null, "source": "vgin_vbmp+naip+lidar2025", "source_updated": null, "base_z": null, "top_z": null }, "geometry": { "type": "MultiPolygon", "coordinates": [ [ [ [ 285967.57, 4160720.2 ], [ 285970.84, 4160716.09 ], [ 285970.24, 4160714.66 ], [ 285970.13, 4160714.09 ], [ 285970.13, 4160709.63 ], [ 285970.09, 4160709.58 ], [ 285970.44, 4160708.57 ], [ 285972.09, 4160706.45 ], [ 285972.89, 4160705.94 ], [ 285980.38, 4160704.06 ], [ 285982.57, 4160701.88 ], [ 285984.46, 4160694.31 ], [ 285982.44, 4160690.72 ], [ 285979.36, 4160692.23 ], [ 285979.13, 4160692.02 ], [ 285976.91, 4160694.58 ], [ 285976.02, 4160695.07 ], [ 285960.32, 4160697.31 ], [ 285958.12, 4160701.74 ], [ 285958.31, 4160702.09 ], [ 285960.09, 4160703.13 ], [ 285959.98, 4160703.4 ], [ 285961.55, 4160704.05 ], [ 285963.71, 4160706.2 ], [ 285964.13, 4160707.22 ], [ 285964.13, 4160708.97 ], [ 285964.15, 4160708.99 ], [ 285963.71, 4160710.05 ], [ 285961.55, 4160712.2 ], [ 285960.53, 4160712.63 ], [ 285950.37, 4160712.63 ], [ 285947.6, 4160714.48 ], [ 285948.25, 4160717.75 ], [ 285948.71, 4160718.2 ], [ 285949.13, 4160719.22 ], [ 285949.13, 4160722.35 ], [ 285948.91, 4160723.13 ], [ 285947.69, 4160725.1 ], [ 285947.1, 4160725.64 ], [ 285944.79, 4160726.8 ], [ 285943.38, 4160729.08 ], [ 285958.13, 4160724.96 ], [ 285958.13, 4160722.83 ], [ 285958.64, 4160721.74 ], [ 285961.12, 4160719.64 ], [ 285962.28, 4160719.32 ], [ 285967.57, 4160720.2 ] ] ], [ [ [ 285910.25, 4160722.86 ], [ 285911.45, 4160722.58 ], [ 285929.01, 4160726.49 ], [ 285929.95, 4160727.37 ], [ 285934.68, 4160726.52 ], [ 285939.12, 4160717.66 ], [ 285939.66, 4160717.06 ], [ 285941.63, 4160715.85 ], [ 285942.4, 4160715.63 ], [ 285944.89, 4160715.63 ], [ 285947.66, 4160713.77 ], [ 285947.01, 4160710.5 ], [ 285946.55, 4160710.05 ], [ 285946.13, 4160709.03 ], [ 285946.13, 4160706.92 ], [ 285946.2, 4160706.58 ], [ 285943.98, 4160703.09 ], [ 285937.04, 4160701.35 ], [ 285933.4, 4160703.54 ], [ 285931.75, 4160710.16 ], [ 285931.29, 4160710.9 ], [ 285929.4, 4160712.55 ], [ 285928.6, 4160712.91 ], [ 285906.09, 4160715.41 ], [ 285903.43, 4160718.53 ], [ 285903.45, 4160719.03 ], [ 285902.86, 4160722.0 ], [ 285904.24, 4160725.15 ], [ 285907.68, 4160724.93 ], [ 285910.25, 4160722.86 ] ] ], [ [ [ 285983.63, 4160744.72 ], [ 285984.28, 4160743.15 ], [ 285984.26, 4160743.14 ], [ 285984.67, 4160742.38 ], [ 285984.87, 4160741.33 ], [ 285984.87, 4160740.16 ], [ 285984.83, 4160739.93 ], [ 285984.91, 4160739.53 ], [ 285984.09, 4160736.82 ], [ 285983.48, 4160736.22 ], [ 285982.76, 4160735.68 ], [ 285982.39, 4160735.49 ], [ 285981.86, 4160735.02 ], [ 285981.55, 4160734.57 ], [ 285979.45, 4160733.29 ], [ 285961.3, 4160731.02 ], [ 285960.54, 4160730.62 ], [ 285943.13, 4160735.48 ], [ 285943.13, 4160739.03 ], [ 285942.71, 4160740.05 ], [ 285940.55, 4160742.2 ], [ 285939.53, 4160742.63 ], [ 285934.73, 4160742.63 ], [ 285933.71, 4160742.2 ], [ 285931.55, 4160740.05 ], [ 285931.13, 4160739.03 ], [ 285931.13, 4160738.83 ], [ 285920.06, 4160741.92 ], [ 285919.82, 4160742.87 ], [ 285919.3, 4160743.66 ], [ 285917.18, 4160745.32 ], [ 285915.81, 4160745.79 ], [ 285913.83, 4160749.12 ], [ 285914.87, 4160750.0 ], [ 285980.76, 4160750.0 ], [ 285983.63, 4160747.13 ], [ 285983.63, 4160744.72 ] ] ] ] } },
{ "type": "Feature", "properties": { "id": "imagery:groundcover_lawn:68", "name": null, "kind": "groundcover_lawn", "sport": null, "surface": null, "pitch_layout": null, "source": "vgin_vbmp+naip+lidar2025", "source_updated": null, "base_z": null, "top_z": null }, "geometry": { "type": "Polygon", "coordinates": [ [ [ 286000.0, 4160750.0 ], [ 286000.0, 4160719.87 ], [ 285997.76, 4160720.58 ], [ 285997.18, 4160720.91 ], [ 285996.71, 4160722.05 ], [ 285994.55, 4160724.2 ], [ 285993.53, 4160724.63 ], [ 285991.13, 4160724.63 ], [ 285988.13, 4160727.63 ], [ 285988.13, 4160748.63 ], [ 285989.51, 4160750.0 ], [ 286000.0, 4160750.0 ] ] ] } }
]
}
