{
"type": "FeatureCollection",
"name": "buildings",
"crs": { "type": "name", "properties": { "name": "urn:ogc:def:crs:EPSG::32618" } },
"xy_coordinate_resolution": 0.01,
"features": [
{ "type": "Feature", "properties": { "id": "osm:way/625796569", "name": null, "height": 7.12, "min_height": 0.0, "levels": null, "height_source": "lidar", "roof_shape": "flat", "roof_height": 1.97, "roof_azimuth": null, "roof_source": "lod2", "roof_color": "roof_flat", "roof_color_source": "ortho", "lod2_roof": { "v": [ [ 282703.91, 4157756.93, 0.0 ], [ 282699.79, 4157749.06, 1.97 ], [ 282709.2, 4157754.37, 0.0 ], [ 282697.8, 4157745.25, 0.0 ], [ 282703.43, 4157742.53, 0.0 ], [ 282698.91, 4157747.38, 0.0 ], [ 282698.91, 4157747.38, 0.0 ], [ 282704.46, 4157744.64, 0.0 ], [ 282704.46, 4157744.64, 0.0 ], [ 282705.32, 4157746.41, 1.97 ], [ 282698.53, 4157746.65, 0.0 ], [ 282697.82, 4157745.62, 0.0 ], [ 282697.96, 4157745.55, 0.0 ] ], "f": [ [ [ 6, 7, 9, 1 ] ], [ [ 9, 2, 0, 1 ] ], [ [ 11, 12, 3, 4, 8, 5, 10 ] ], [ [ 6, 5, 8, 7 ] ] ] }, "roof_props": null, "wall_color": "sand", "type": "yes", "landmark": null, "footprint_source": "osm", "source_updated": null, "is_part": false, "parent": null, "hidden": false, "addr": "1304 Dance Street", "wikidata": null, "website": null, "zoning": "R-48", "lidar_p90": 8.22, "ground_z": 57.4 }, "geometry": { "type": "Polygon", "coordinates": [ [ [ 282709.2, 4157754.37 ], [ 282703.43, 4157742.53 ], [ 282696.99, 4157745.64 ], [ 282702.76, 4157757.49 ], [ 282709.2, 4157754.37 ] ] ] } },
{ "type": "Feature", "properties": { "id": "osm:way/625796568", "name": null, "height": 6.01, "min_height": 0.0, "levels": null, "height_source": "lidar", "roof_shape": "gable", "roof_height": 3.41, "roof_azimuth": 116.0, "roof_source": "lod2", "roof_color": "roof_flat", "roof_color_source": "ortho", "lod2_roof": { "v": [ [ 282695.96, 4157750.41, 3.37 ], [ 282695.96, 4157750.41, 2.65 ], [ 282696.06, 4157750.47, 2.59 ], [ 282696.06, 4157750.47, 3.34 ], [ 282695.48, 4157750.49, 3.41 ], [ 282695.48, 4157750.49, 3.25 ], [ 282691.82, 4157752.94, 3.22 ], [ 282690.91, 4157751.19, 0.14 ], [ 282691.3, 4157751.13, 0.0 ], [ 282691.3, 4157751.13, 0.32 ], [ 282696.54, 4157750.71, 3.22 ], [ 282696.54, 4157750.71, 3.22 ], [ 282696.54, 4157750.71, 3.22 ], [ 282696.06, 4157750.47, 2.54 ], [ 282696.56, 4157748.32, 0.0 ], [ 282696.56, 4157748.32, 0.0 ], [ 282697.5, 4157750.26, 3.21 ], [ 282697.5, 4157750.26, 3.21 ], [ 282692.94, 4157750.26, 0.19 ], [ 282692.94, 4157750.26, 0.0 ], [ 282693.21, 4157749.32, 0.0 ], [ 282693.21, 4157749.32, 0.9 ], [ 282693.98, 4157751.75, 3.26 ], [ 282693.98, 4157751.75, 2.98 ], [ 282695.47, 4157751.16, 3.13 ], [ 282695.47, 4157751.16, 3.23 ], [ 282701.49, 4157758.45, 0.56 ], [ 282696.15, 4157761.28, 0.49 ], [ 282692.77, 4157750.91, 0.97 ], [ 282692.77, 4157750.91, 0.0 ], [ 282691.17, 4157750.62, 0.0 ], [ 282689.95, 4157750.01, 0.0 ], [ 282693.5, 4157748.3, 0.0 ], [ 282693.5, 4157748.3, 0.0 ], [ 282695.43, 4157750.5, 3.33 ], [ 282695.21, 4157747.47, 0.0 ], [ 282693.89, 4157751.96, 3.22 ], [ 282695.31, 4157748.57, 1.54 ], [ 282695.64, 4157747.78, 0.38 ], [ 282695.83, 4157748.49, 0.89 ], [ 282696.37, 4157747.95, 0.0 ], [ 282695.54, 4157751.13, 3.23 ], [ 282694.89, 4157749.57, 3.0 ] ], "f": [ [ [ 15, 16, 10, 12, 13 ] ], [ [ 32, 20, 19, 29, 8, 30, 31 ] ], [ [ 42, 37, 38, 39, 40, 14, 2, 1, 5, 34 ] ], [ [ 37, 42, 21, 33, 35 ] ], [ [ 18, 24, 23, 36, 6, 7, 9, 28 ] ], [ [ 27, 6, 36, 22, 25, 41, 4, 0, 3, 12, 11, 17, 26 ] ], [ [ 24, 18, 21, 42, 34, 4, 41 ] ], [ [ 0, 1, 2, 3 ] ], [ [ 4, 5, 1, 0 ] ], [ [ 10, 11, 12 ] ], [ [ 3, 2, 13, 12 ] ], [ [ 14, 15, 13, 2 ] ], [ [ 16, 17, 11, 10 ] ], [ [ 18, 19, 20, 21 ] ], [ [ 22, 23, 24, 25 ] ], [ [ 28, 29, 19, 18 ] ], [ [ 9, 8, 29, 28 ] ], [ [ 21, 20, 32, 33 ] ], [ [ 5, 4, 34 ] ], [ [ 23, 22, 36 ] ], [ [ 25, 24, 41 ] ] ] }, "roof_props": null, "wall_color": "cream", "type": "yes", "landmark": null, "footprint_source": "osm", "source_updated": null, "is_part": false, "parent": null, "hidden": false, "addr": "1306 Dance Street", "wikidata": null, "website": null, "zoning": "R-48", "lidar_p90": 8.43, "ground_z": 57.69 }, "geometry": { "type": "Polygon", "coordinates": [ [ [ 282701.74, 4157758.96 ], [ 282695.96, 4157747.1 ], [ 282689.53, 4157750.21 ], [ 282695.3, 4157762.07 ], [ 282701.74, 4157758.96 ] ] ] } },
{ "type": "Feature", "properties": { "id": "osm:way/625796567", "name": null, "height": 7.32, "min_height": 0.0, "levels": null, "height_source": "lidar", "roof_shape": "flat", "roof_height": 2.29, "roof_azimuth": null, "roof_source": "lod2", "roof_color": "roof_flat", "roof_color_source": "ortho", "lod2_roof": { "v": [ [ 282689.6, 4157753.94, 2.29 ], [ 282693.48, 4157761.89, 0.0 ], [ 282688.69, 4157752.07, 0.0 ], [ 282688.69, 4157752.07, 0.0 ], [ 282687.88, 4157764.59, 0.0 ], [ 282684.06, 4157756.56, 2.28 ], [ 282683.22, 4157754.41, 0.0 ], [ 282683.22, 4157754.41, 0.0 ], [ 282685.37, 4157754.18, 0.0 ], [ 282685.37, 4157754.18, 0.0 ], [ 282682.36, 4157752.62, 0.0 ], [ 282687.7, 4157750.04, 0.0 ], [ 282683.04, 4157754.43, 0.0 ], [ 282686.17, 4157753.63, 0.0 ], [ 282686.17, 4157753.63, 0.0 ], [ 282688.15, 4157752.91, 0.04 ], [ 282688.15, 4157752.91, 0.0 ], [ 282686.23, 4157753.81, 0.0 ], [ 282686.23, 4157753.81, 0.02 ] ], "f": [ [ [ 18, 15, 2, 0, 5, 12, 6, 9, 14 ] ], [ [ 5, 0, 1, 4 ] ], [ [ 16, 17, 13, 8, 7, 10, 11, 3 ] ], [ [ 6, 7, 8, 9 ] ], [ [ 9, 8, 13, 14 ] ], [ [ 15, 16, 3, 2 ] ], [ [ 14, 13, 17, 18 ] ], [ [ 18, 17, 16, 15 ] ] ] }, "roof_props": null, "wall_color": "sand", "type": "yes", "landmark": null, "footprint_source": "osm", "source_updated": null, "is_part": false, "parent": null, "hidden": false, "addr": "1308 Dance Street", "wikidata": null, "website": null, "zoning": "R-48", "lidar_p90": 8.37, "ground_z": 58.0 }, "geometry": { "type": "Polygon", "coordinates": [ [ [ 282693.48, 4157761.89 ], [ 282687.7, 4157750.04 ], [ 282681.27, 4157753.15 ], [ 282687.04, 4157764.99 ], [ 282693.48, 4157761.89 ] ] ] } },
{ "type": "Feature", "properties": { "id": "richmond_structure:277649", "name": null, "height": 2.72, "min_height": 0.0, "levels": null, "height_source": "lidar", "roof_shape": "gable", "roof_height": 1.96, "roof_azimuth": 26.7, "roof_source": "lod2", "roof_color": "slate", "roof_color_source": "heuristic", "lod2_roof": { "v": [ [ 282702.2, 4157796.59, 0.92 ], [ 282701.52, 4157796.93, 0.76 ], [ 282701.74, 4157797.36, 0.77 ], [ 282699.5, 4157798.48, 0.24 ], [ 282697.5, 4157794.5, 0.17 ], [ 282700.49, 4157792.99, 0.87 ], [ 282702.62, 4157797.44, 0.94 ], [ 282705.44, 4157796.02, 1.6 ], [ 282700.14, 4157792.28, 0.86 ], [ 282700.84, 4157790.05, 1.18 ], [ 282701.48, 4157789.91, 1.31 ], [ 282703.75, 4157789.43, 1.02 ], [ 282705.55, 4157787.71, 0.03 ], [ 282708.87, 4157794.3, 0.0 ], [ 282701.48, 4157789.91, 1.96 ], [ 282704.15, 4157793.24, 1.57 ] ], "f": [ [ [ 15, 14, 11, 12, 13, 7 ] ], [ [ 10, 15, 7, 6, 0, 1, 2, 3, 4, 5, 8, 9 ] ], [ [ 10, 14, 15 ] ] ] }, "roof_props": null, "wall_color": "brick", "type": "yes", "landmark": null, "footprint_source": "richmond_structures", "source_updated": "2026-09-08T12:07:13.637000Z", "is_part": false, "parent": null, "hidden": false, "addr": null, "wikidata": null, "website": null, "zoning": "R-6", "lidar_p90": 4.06, "ground_z": 59.08 }, "geometry": { "type": "Polygon", "coordinates": [ [ [ 282702.2, 4157796.59 ], [ 282702.62, 4157797.44 ], [ 282708.87, 4157794.3 ], [ 282705.41, 4157787.42 ], [ 282699.25, 4157790.52 ], [ 282700.49, 4157792.99 ], [ 282697.49, 4157794.5 ], [ 282699.5, 4157798.48 ], [ 282701.74, 4157797.36 ], [ 282701.52, 4157796.93 ], [ 282702.2, 4157796.59 ] ] ] } },
{ "type": "Feature", "properties": { "id": "osm:way/625796546", "name": null, "height": 6.18, "min_height": 0.0, "levels": null, "height_source": "lidar", "roof_shape": "flat", "roof_height": 0.02, "roof_azimuth": null, "roof_source": "lod2", "roof_color": "roof_flat", "roof_color_source": "ortho", "lod2_roof": { "v": [ [ 282737.14, 4157784.01, 0.02 ], [ 282743.88, 4157798.97, 0.0 ], [ 282736.01, 4157802.49, 0.0 ], [ 282729.27, 4157787.53, 0.01 ] ], "f": [ [ [ 2, 3, 0, 1 ] ] ] }, "roof_props": null, "wall_color": "concrete", "type": "yes", "landmark": null, "footprint_source": "osm", "source_updated": null, "is_part": false, "parent": null, "hidden": false, "addr": "1309 Wallace Street", "wikidata": null, "website": null, "zoning": "R-6", "lidar_p90": 6.47, "ground_z": 58.38 }, "geometry": { "type": "Polygon", "coordinates": [ [ [ 282743.88, 4157798.97 ], [ 282737.14, 4157784.01 ], [ 282729.27, 4157787.53 ], [ 282736.01, 4157802.49 ], [ 282743.88, 4157798.97 ] ] ] } },
{ "type": "Feature", "properties": { "id": "osm:way/625796545", "name": null, "height": 6.1, "min_height": 0.0, "levels": null, "height_source": "lidar", "roof_shape": "flat", "roof_height": 0.63, "roof_azimuth": null, "roof_source": "lod2", "roof_color": "roof_flat", "roof_color_source": "ortho", "lod2_roof": { "v": [ [ 282717.63, 4157801.39, 0.31 ], [ 282717.63, 4157801.39, 0.0 ], [ 282716.35, 4157802.03, 0.0 ], [ 282716.35, 4157802.03, 0.26 ], [ 282717.25, 4157800.85, 0.31 ], [ 282714.48, 4157794.97, 0.31 ], [ 282722.73, 4157791.11, 0.63 ], [ 282718.34, 4157803.8, 0.3 ], [ 282718.34, 4157803.8, 0.0 ], [ 282719.53, 4157803.74, 0.34 ], [ 282718.68, 4157803.83, 0.31 ], [ 282722.33, 4157809.37, 0.35 ], [ 282716.05, 4157801.41, 0.26 ], [ 282718.61, 4157803.68, 0.31 ], [ 282729.72, 4157805.91, 0.63 ], [ 282717.39, 4157804.24, 0.0 ] ], "f": [ [ [ 14, 11, 9, 10, 13, 7, 0, 3, 12, 4, 5, 6 ] ], [ [ 15, 2, 1, 8 ] ], [ [ 0, 1, 2, 3 ] ], [ [ 7, 8, 1, 0 ] ] ] }, "roof_props": null, "wall_color": "terracotta", "type": "yes", "landmark": null, "footprint_source": "osm", "source_updated": null, "is_part": false, "parent": null, "hidden": false, "addr": "1311 Wallace Street", "wikidata": null, "website": null, "zoning": "R-6", "lidar_p90": 6.35, "ground_z": 58.95 }, "geometry": { "type": "Polygon", "coordinates": [ [ [ 282729.72, 4157805.91 ], [ 282722.73, 4157791.11 ], [ 282714.48, 4157794.97 ], [ 282717.25, 4157800.85 ], [ 282716.05, 4157801.41 ], [ 282717.39, 4157804.24 ], [ 282718.61, 4157803.68 ], [ 282721.5, 4157809.76 ], [ 282729.72, 4157805.91 ] ] ] } },
{ "type": "Feature", "properties": { "id": "osm:way/625796544", "name": null, "height": 3.47, "min_height": 0.0, "levels": null, "height_source": "lidar", "roof_shape": "gable", "roof_height": 1.49, "roof_azimuth": 24.9, "roof_source": "lod2", "roof_color": "roof_flat", "roof_color_source": "ortho", "lod2_roof": { "v": [ [ 282717.36, 4157810.71, 0.34 ], [ 282712.5, 4157812.97, 1.49 ], [ 282712.26, 4157799.82, 0.32 ], [ 282707.3, 4157802.12, 1.49 ], [ 282702.15, 4157804.52, 0.04 ], [ 282707.18, 4157815.44, 0.0 ] ], "f": [ [ [ 1, 3, 2, 0 ] ], [ [ 5, 4, 3, 1 ] ] ] }, "roof_props": null, "wall_color": "brick", "type": "yes", "landmark": null, "footprint_source": "osm", "source_updated": null, "is_part": false, "parent": null, "hidden": false, "addr": "1313 Wallace St", "wikidata": null, "website": null, "zoning": "R-6", "lidar_p90": 4.79, "ground_z": 59.08 }, "geometry": { "type": "Polygon", "coordinates": [ [ [ 282717.36, 4157810.7 ], [ 282712.26, 4157799.82 ], [ 282701.1, 4157805.0 ], [ 282706.2, 4157815.89 ], [ 282717.36, 4157810.7 ] ] ] } },
{ "type": "Feature", "properties": { "id": "osm:way/625796543", "name": null, "height": 7.18, "min_height": 0.0, "levels": null, "height_source": "lidar", "roof_shape": "flat", "roof_height": 1.68, "roof_azimuth": null, "roof_source": "lod2", "roof_color": "concrete", "roof_color_source": "heuristic", "lod2_roof": { "v": [ [ 282699.91, 4157811.52, 0.0 ], [ 282701.73, 4157810.65, 0.0 ], [ 282698.65, 4157812.12, 0.0 ], [ 282699.91, 4157811.52, 0.0 ], [ 282700.41, 4157812.42, 0.0 ], [ 282700.41, 4157812.42, 0.0 ], [ 282703.93, 4157815.23, 0.0 ], [ 282701.08, 4157813.67, 1.68 ], [ 282701.08, 4157813.67, 0.0 ], [ 282702.35, 4157815.98, 0.0 ], [ 282702.35, 4157815.98, 0.0 ], [ 282701.74, 4157816.28, 0.0 ], [ 282702.48, 4157817.84, 0.0 ], [ 282694.91, 4157821.44, 0.0 ], [ 282698.08, 4157810.92, 0.0 ], [ 282690.96, 4157814.31, 0.0 ], [ 282694.59, 4157820.97, 0.0 ], [ 282693.16, 4157821.63, 0.0 ], [ 282691.78, 4157816.49, 0.0 ], [ 282692.42, 4157817.75, 1.66 ], [ 282692.03, 4157817.17, 0.8 ], [ 282694.08, 4157820.21, 0.0 ] ], "f": [ [ [ 6, 9, 8, 4, 0, 1 ] ], [ [ 18, 15, 14, 2, 3, 5 ] ], [ [ 20, 18, 5, 7, 19 ] ], [ [ 17, 21, 19, 7, 10, 11, 12, 13, 16 ] ], [ [ 3, 0, 4, 5 ] ], [ [ 7, 8, 9, 10 ] ], [ [ 5, 4, 8, 7 ] ] ] }, "roof_props": null, "wall_color": "brick", "type": "yes", "landmark": null, "footprint_source": "osm", "source_updated": null, "is_part": false, "parent": null, "hidden": false, "addr": "1317 Wallace Street", "wikidata": null, "website": null, "zoning": "R-6", "lidar_p90": 8.65, "ground_z": 59.64 }, "geometry": { "type": "Polygon", "coordinates": [ [ [ 282692.67, 4157822.51 ], [ 282702.48, 4157817.83 ], [ 282701.74, 4157816.28 ], [ 282703.93, 4157815.23 ], [ 282701.73, 4157810.65 ], [ 282698.65, 4157812.12 ], [ 282698.08, 4157810.92 ], [ 282689.14, 4157815.17 ], [ 282692.67, 4157822.51 ] ] ] } },
{ "type": "Feature", "properties": { "id": "osm:way/625796522", "name": null, "height": 4.27, "min_height": 0.0, "levels": null, "height_source": "lidar", "roof_shape": "flat", "roof_height": 0.93, "roof_azimuth": null, "roof_source": "lod2", "roof_color": "roof_flat", "roof_color_source": "ortho", "lod2_roof": { "v": [ [ 282745.05, 4157836.07, 0.0 ], [ 282746.72, 4157839.62, 0.93 ], [ 282739.46, 4157850.09, 0.0 ], [ 282740.47, 4157849.27, 0.0 ], [ 282740.47, 4157849.27, 0.0 ], [ 282740.45, 4157849.08, 0.0 ], [ 282740.71, 4157852.76, 0.0 ], [ 282745.68, 4157846.35, 0.0 ], [ 282744.84, 4157846.74, 0.0 ], [ 282746.42, 4157850.11, 0.0 ], [ 282744.46, 4157846.04, 0.0 ], [ 282744.46, 4157846.04, 0.0 ], [ 282744.7, 4157846.55, 0.0 ], [ 282744.7, 4157846.55, 0.0 ], [ 282745.66, 4157846.15, 0.02 ], [ 282745.66, 4157846.15, 0.0 ], [ 282744.82, 4157846.5, 0.0 ], [ 282735.81, 4157840.36, 0.0 ], [ 282737.65, 4157843.82, 0.92 ], [ 282746.02, 4157843.33, 0.63 ], [ 282746.02, 4157843.33, 0.0 ], [ 282746.68, 4157843.37, 0.0 ], [ 282746.68, 4157843.37, 0.39 ], [ 282749.12, 4157844.75, 0.0 ], [ 282747.14, 4157845.68, 0.66 ], [ 282745.68, 4157846.35, 0.0 ], [ 282744.46, 4157846.04, 0.0 ], [ 282744.27, 4157845.62, 0.0 ], [ 282748.04, 4157842.43, 0.0 ], [ 282748.04, 4157842.43, 0.0 ], [ 282747.57, 4157842.76, 0.0 ], [ 282744.77, 4157843.26, 0.17 ] ], "f": [ [ [ 1, 18, 17, 0 ] ], [ [ 28, 23, 24, 19, 22, 30 ] ], [ [ 4, 10, 13, 16, 15, 7, 8, 9, 6, 2 ] ], [ [ 31, 19, 24, 25, 14, 16, 12, 11, 27 ] ], [ [ 26, 3, 5, 18, 1, 29, 30, 21, 20, 31, 27 ] ], [ [ 10, 11, 12, 13 ] ], [ [ 14, 15, 16 ] ], [ [ 13, 12, 16 ] ], [ [ 19, 20, 21, 22 ] ], [ [ 25, 7, 15, 14 ] ], [ [ 11, 26, 27 ] ], [ [ 29, 28, 30 ] ], [ [ 22, 21, 30 ] ], [ [ 20, 19, 31 ] ], [ [ 4, 3, 26, 11, 10 ] ] ] }, "roof_props": null, "wall_color": "cream", "type": "yes", "landmark": null, "footprint_source": "osm", "source_updated": null, "is_part": false, "parent": null, "hidden": false, "addr": "1242 Wallace Street", "wikidata": null, "website": null, "zoning": "R-6", "lidar_p90": 4.98, "ground_z": 60.43 }, "geometry": { "type": "Polygon", "coordinates": [ [ [ 282746.42, 4157850.11 ], [ 282744.84, 4157846.74 ], [ 282749.12, 4157844.75 ], [ 282745.05, 4157836.07 ], [ 282735.06, 4157840.71 ], [ 282740.71, 4157852.76 ], [ 282746.42, 4157850.11 ] ] ] } },
{ "type": "Feature", "properties": { "id": "osm:way/625796521", "name": null, "height": 5.85, "min_height": 0.0, "levels": null, "height_source": "lidar", "roof_shape": "gable", "roof_height": 1.49, "roof_azimuth": 129.0, "roof_source": "lidar", "roof_color": "slate", "roof_color_source": "ortho", "lod2_roof": null, "roof_props": null, "wall_color": "cream", "type": "yes", "landmark": null, "footprint_source": "osm", "source_updated": null, "is_part": false, "parent": null, "hidden": false, "addr": "1244 Wallace Street", "wikidata": null, "website": null, "zoning": "R-6", "lidar_p90": 7.57, "ground_z": 60.47 }, "geometry": { "type": "Polygon", "coordinates": [ [ [ 282731.73, 4157851.56 ], [ 282731.01, 4157849.95 ], [ 282733.74, 4157848.73 ], [ 282731.44, 4157843.61 ], [ 282719.81, 4157848.77 ], [ 282722.83, 4157855.52 ], [ 282731.73, 4157851.56 ] ] ] } },
{ "type": "Feature", "properties": { "id": "osm:way/625796520", "name": null, "height": 4.2, "min_height": 0.0, "levels": null, "height_source": "lidar", "roof_shape": "gable", "roof_height": 2.5, "roof_azimuth": 115.3, "roof_source": "lidar", "roof_color": "roof_flat", "roof_color_source": "ortho", "lod2_roof": null, "roof_props": null, "wall_color": "brick", "type": "yes", "landmark": null, "footprint_source": "osm", "source_updated": null, "is_part": false, "parent": null, "hidden": false, "addr": "1246 Wallace Street", "wikidata": null, "website": null, "zoning": "R-6", "lidar_p90": 6.72, "ground_z": 60.57 }, "geometry": { "type": "Polygon", "coordinates": [ [ [ 282714.91, 4157858.77 ], [ 282716.01, 4157861.1 ], [ 282719.3, 4157859.55 ], [ 282716.62, 4157853.94 ], [ 282718.4, 4157853.11 ], [ 282716.47, 4157849.06 ], [ 282704.43, 4157854.75 ], [ 282707.92, 4157862.08 ], [ 282714.91, 4157858.77 ] ] ] } },
{ "type": "Feature", "properties": { "id": "osm:way/625796519", "name": null, "height": 3.75, "min_height": 0.0, "levels": null, "height_source": "lidar", "roof_shape": "gable", "roof_height": 1.49, "roof_azimuth": 25.6, "roof_source": "lod2", "roof_color": "roof_flat", "roof_color_source": "ortho", "lod2_roof": { "v": [ [ 282698.96, 4157873.26, 0.01 ], [ 282692.71, 4157859.86, 0.03 ], [ 282697.32, 4157858.34, 1.48 ], [ 282701.5, 4157856.53, 0.0 ], [ 282697.06, 4157857.79, 1.48 ], [ 282703.42, 4157871.14, 1.49 ], [ 282707.57, 4157869.16, 0.0 ] ], "f": [ [ [ 1, 4, 2, 5, 0 ] ], [ [ 3, 6, 5, 2 ] ] ] }, "roof_props": null, "wall_color": "terracotta", "type": "yes", "landmark": null, "footprint_source": "osm", "source_updated": null, "is_part": false, "parent": null, "hidden": false, "addr": "1248 Wallace Street", "wikidata": null, "website": null, "zoning": "R-6", "lidar_p90": 4.85, "ground_z": 60.68 }, "geometry": { "type": "Polygon", "coordinates": [ [ [ 282707.57, 4157869.16 ], [ 282701.17, 4157855.84 ], [ 282692.06, 4157860.17 ], [ 282698.47, 4157873.5 ], [ 282707.57, 4157869.16 ] ] ] } },
{ "type": "Feature", "properties": { "id": "osm:way/625796518", "name": null, "height": 5.7, "min_height": 0.0, "levels": null, "height_source": "lidar", "roof_shape": "gable", "roof_height": 1.97, "roof_azimuth": 24.7, "roof_source": "lod2", "roof_color": "roof_flat", "roof_color_source": "ortho", "lod2_roof": { "v": [ [ 282680.0, 4157866.51, 0.0 ], [ 282684.38, 4157864.51, 1.97 ], [ 282696.94, 4157882.78, 0.44 ], [ 282693.53, 4157884.33, 1.97 ], [ 282687.82, 4157862.94, 0.42 ], [ 282689.25, 4157886.28, 0.05 ] ], "f": [ [ [ 3, 1, 4, 2 ] ], [ [ 5, 0, 1, 3 ] ] ] }, "roof_props": null, "wall_color": "sand", "type": "yes", "landmark": null, "footprint_source": "osm", "source_updated": null, "is_part": false, "parent": null, "hidden": false, "addr": "1250 Wallace Street", "wikidata": null, "website": null, "zoning": "R-6", "lidar_p90": 7.43, "ground_z": 60.97 }, "geometry": { "type": "Polygon", "coordinates": [ [ [ 282696.94, 4157882.78 ], [ 282687.82, 4157862.94 ], [ 282679.11, 4157866.92 ], [ 282688.23, 4157886.75 ], [ 282696.94, 4157882.78 ] ] ] } },
{ "type": "Feature", "properties": { "id": "richmond_structure:393654", "name": null, "height": 3.16, "min_height": 0.0, "levels": null, "height_source": "lidar", "roof_shape": "flat", "roof_height": 0.59, "roof_azimuth": null, "roof_source": "lod2", "roof_color": "roof_flat", "roof_color_source": "heuristic", "lod2_roof": { "v": [ [ 282703.81, 4157877.34, 0.09 ], [ 282706.47, 4157882.4, 0.0 ], [ 282701.81, 4157879.96, 0.1 ], [ 282702.89, 4157879.41, 0.59 ], [ 282704.82, 4157883.26, 0.55 ], [ 282703.81, 4157883.79, 0.09 ], [ 282702.56, 4157877.99, 0.5 ], [ 282702.99, 4157879.36, 0.56 ] ], "f": [ [ [ 5, 2, 3, 4 ] ], [ [ 3, 7, 6, 0, 1, 4 ] ] ] }, "roof_props": null, "wall_color": "terracotta", "type": "yes", "landmark": null, "footprint_source": "richmond_structures", "source_updated": "2026-09-08T12:07:13.637000Z", "is_part": false, "parent": null, "hidden": false, "addr": null, "wikidata": null, "website": null, "zoning": "R-6", "lidar_p90": 3.36, "ground_z": 60.76 }, "geometry": { "type": "Polygon", "coordinates": [ [ [ 282703.81, 4157877.34 ], [ 282701.16, 4157878.73 ], [ 282703.81, 4157883.79 ], [ 282706.47, 4157882.4 ], [ 282703.81, 4157877.34 ] ] ] } },
{ "type": "Feature", "properties": { "id": "richmond_structure:278664", "name": null, "height": 3.19, "min_height": 0.0, "levels": null, "height_source": "lidar", "roof_shape": "flat", "roof_height": 0.34, "roof_azimuth": null, "roof_source": "lod2", "roof_color": "roof_dark", "roof_color_source": "heuristic", "lod2_roof": { "v": [ [ 282712.82, 4157891.24, 0.0 ], [ 282709.37, 4157892.89, 0.25 ], [ 282711.18, 4157887.8, 0.1 ], [ 282707.72, 4157889.45, 0.34 ] ], "f": [ [ [ 3, 2, 0, 1 ] ] ] }, "roof_props": null, "wall_color": "concrete", "type": "yes", "landmark": null, "footprint_source": "richmond_structures", "source_updated": "2026-09-08T12:07:13.637000Z", "is_part": false, "parent": null, "hidden": false, "addr": null, "wikidata": null, "website": null, "zoning": "R-6", "lidar_p90": 3.31, "ground_z": 60.7 }, "geometry": { "type": "Polygon", "coordinates": [ [ [ 282711.18, 4157887.8 ], [ 282707.72, 4157889.45 ], [ 282709.37, 4157892.89 ], [ 282712.82, 4157891.24 ], [ 282711.18, 4157887.8 ] ] ] } },
{ "type": "Feature", "properties": { "id": "osm:way/625796501", "name": null, "height": 7.15, "min_height": 0.0, "levels": null, "height_source": "lidar", "roof_shape": "gable", "roof_height": 3.37, "roof_azimuth": 112.2, "roof_source": "lod2", "roof_color": "roof_green", "roof_color_source": "heuristic", "lod2_roof": { "v": [ [ 282745.42, 4157890.29, 0.75 ], [ 282748.38, 4157897.53, 3.36 ], [ 282745.37, 4157903.67, 0.46 ], [ 282743.92, 4157901.31, 1.58 ], [ 282743.86, 4157901.22, 1.71 ], [ 282740.46, 4157892.3, 0.66 ], [ 282743.36, 4157899.89, 3.37 ], [ 282748.95, 4157898.92, 1.6 ], [ 282750.43, 4157902.54, 0.0 ] ], "f": [ [ [ 6, 5, 0, 1 ] ], [ [ 1, 7, 3, 4, 6 ] ], [ [ 8, 2, 3, 7 ] ] ] }, "roof_props": null, "wall_color": "sand", "type": "yes", "landmark": null, "footprint_source": "osm", "source_updated": null, "is_part": false, "parent": null, "hidden": false, "addr": "1311 Idlewood Avenue", "wikidata": null, "website": null, "zoning": "R-6", "lidar_p90": 9.79, "ground_z": 60.38 }, "geometry": { "type": "Polygon", "coordinates": [ [ [ 282745.08, 4157906.3 ], [ 282750.99, 4157903.91 ], [ 282745.42, 4157890.29 ], [ 282739.52, 4157892.68 ], [ 282745.08, 4157906.3 ] ] ] } },
{ "type": "Feature", "properties": { "id": "osm:way/625796500", "name": null, "height": 4.67, "min_height": 0.0, "levels": null, "height_source": "lidar", "roof_shape": "flat", "roof_height": 4.29, "roof_azimuth": null, "roof_source": "lod2", "roof_color": "roof_flat", "roof_color_source": "heuristic", "lod2_roof": { "v": [ [ 282740.88, 4157904.29, 1.49 ], [ 282741.99, 4157906.99, 0.0 ], [ 282734.52, 4157894.97, 0.44 ], [ 282736.7, 4157894.08, 0.51 ], [ 282731.67, 4157896.13, 3.26 ], [ 282734.52, 4157894.97, 4.29 ], [ 282738.11, 4157908.58, 0.0 ], [ 282736.81, 4157906.17, 1.46 ], [ 282732.13, 4157897.24, 3.17 ], [ 282732.13, 4157897.24, 0.0 ], [ 282733.79, 4157896.52, 3.78 ], [ 282733.79, 4157896.52, 0.45 ], [ 282733.79, 4157896.52, 0.0 ], [ 282732.53, 4157898.22, 0.07 ], [ 282735.05, 4157895.97, 0.49 ], [ 282735.05, 4157895.97, 4.24 ], [ 282737.35, 4157895.67, 0.06 ], [ 282737.35, 4157895.67, 0.59 ], [ 282736.0, 4157898.1, 0.3 ], [ 282736.0, 4157898.1, 0.59 ], [ 282734.45, 4157897.66, 0.51 ], [ 282734.45, 4157897.66, 0.13 ] ], "f": [ [ [ 15, 10, 8, 4, 5 ] ], [ [ 19, 20, 11, 14, 2, 3, 17 ] ], [ [ 7, 0, 1, 6 ] ], [ [ 21, 18, 16, 0, 7, 13, 9, 12 ] ], [ [ 10, 11, 12, 9, 8 ] ], [ [ 5, 2, 14, 15 ] ], [ [ 15, 14, 11, 10 ] ], [ [ 17, 16, 18, 19 ] ], [ [ 20, 21, 12, 11 ] ], [ [ 19, 18, 21, 20 ] ] ] }, "roof_props": null, "wall_color": "terracotta", "type": "yes", "landmark": null, "footprint_source": "osm", "source_updated": null, "is_part": false, "parent": null, "hidden": false, "addr": "1313 Idlewood Avenue", "wikidata": null, "website": null, "zoning": "R-6", "lidar_p90": 5.41, "ground_z": 60.55 }, "geometry": { "type": "Polygon", "coordinates": [ [ [ 282736.96, 4157909.05 ], [ 282741.99, 4157906.99 ], [ 282736.7, 4157894.08 ], [ 282731.67, 4157896.12 ], [ 282736.96, 4157909.05 ] ] ] } },
{ "type": "Feature", "properties": { "id": "osm:way/625796499", "name": null, "height": 6.55, "min_height": 0.0, "levels": null, "height_source": "lidar", "roof_shape": "flat", "roof_height": 0.0, "roof_azimuth": null, "roof_source": "heuristic", "roof_color": "roof_flat", "roof_color_source": "ortho", "lod2_roof": null, "roof_props": null, "wall_color": "concrete", "type": "yes", "landmark": null, "footprint_source": "osm", "source_updated": null, "is_part": false, "parent": null, "hidden": false, "addr": "1315 Idlewood Avenue", "wikidata": null, "website": null, "zoning": "R-6", "lidar_p90": 7.25, "ground_z": 60.72 }, "geometry": { "type": "Polygon", "coordinates": [ [ [ 282735.01, 4157909.43 ], [ 282731.4, 4157901.03 ], [ 282730.4, 4157901.45 ], [ 282728.75, 4157897.6 ], [ 282724.5, 4157899.41 ], [ 282726.43, 4157903.89 ], [ 282723.97, 4157904.94 ], [ 282727.3, 4157912.71 ], [ 282735.01, 4157909.43 ] ] ] } },
{ "type": "Feature", "properties": { "id": "osm:way/625796498", "name": null, "height": 4.96, "min_height": 0.0, "levels": null, "height_source": "lidar", "roof_shape": "gable", "roof_height": 5.11, "roof_azimuth": 114.5, "roof_source": "lod2", "roof_color": "slate", "roof_color_source": "ortho", "lod2_roof": { "v": [ [ 282715.69, 4157908.06, 0.0 ], [ 282713.96, 4157904.27, 0.0 ], [ 282714.87, 4157908.42, 2.17 ], [ 282715.69, 4157908.06, 2.65 ], [ 282718.34, 4157902.29, 0.12 ], [ 282720.11, 4157906.19, 0.09 ], [ 282720.11, 4157906.19, 3.12 ], [ 282720.15, 4157906.28, 3.17 ], [ 282722.28, 4157905.32, 3.17 ], [ 282723.1, 4157907.11, 3.59 ], [ 282725.44, 4157912.27, 3.64 ], [ 282726.16, 4157913.84, 0.39 ], [ 282720.19, 4157916.53, 0.0 ], [ 282720.01, 4157916.1, 0.21 ], [ 282720.11, 4157915.81, 0.35 ], [ 282720.11, 4157915.81, 3.05 ], [ 282719.92, 4157915.89, 2.93 ], [ 282723.1, 4157907.11, 4.2 ], [ 282717.19, 4157907.01, 2.89 ], [ 282717.19, 4157907.01, 0.26 ], [ 282718.67, 4157906.6, 0.66 ], [ 282718.67, 4157906.6, 3.01 ], [ 282716.92, 4157902.93, 0.72 ], [ 282716.29, 4157907.61, 3.05 ], [ 282716.29, 4157907.61, 2.98 ], [ 282716.35, 4157907.73, 3.05 ], [ 282716.29, 4157907.61, 0.0 ], [ 282721.51, 4157909.59, 5.05 ], [ 282718.17, 4157915.67, 2.13 ], [ 282719.46, 4157914.86, 2.95 ], [ 282725.88, 4157913.23, 3.1 ], [ 282725.88, 4157913.23, 0.75 ], [ 282721.47, 4157909.74, 5.11 ], [ 282721.92, 4157910.69, 5.11 ] ], "f": [ [ [ 27, 32, 25, 24, 18, 21, 6, 7, 8, 17 ] ], [ [ 22, 20, 19, 26, 0, 1 ] ], [ [ 5, 20, 22, 4 ] ], [ [ 16, 29, 28, 2, 3, 23, 25, 32, 33, 15 ] ], [ [ 31, 11, 12, 13, 14 ] ], [ [ 10, 30, 15, 33 ] ], [ [ 32, 27, 9, 10, 33 ] ], [ [ 18, 19, 20, 21 ] ], [ [ 23, 24, 25 ] ], [ [ 24, 26, 19, 18 ] ], [ [ 3, 0, 26, 24, 23 ] ], [ [ 21, 20, 5, 6 ] ], [ [ 17, 9, 27 ] ], [ [ 30, 31, 14, 15 ] ] ] }, "roof_props": null, "wall_color": "terracotta", "type": "yes", "landmark": null, "footprint_source": "osm", "source_updated": null, "is_part": false, "parent": null, "hidden": false, "addr": "1321 Idlewood Avenue", "wikidata": null, "website": null, "zoning": "R-6", "lidar_p90": 8.92, "ground_z": 59.85 }, "geometry": { "type": "Polygon", "coordinates": [ [ [ 282726.16, 4157913.84 ], [ 282722.28, 4157905.32 ], [ 282720.15, 4157906.28 ], [ 282718.34, 4157902.29 ], [ 282713.96, 4157904.27 ], [ 282715.69, 4157908.06 ], [ 282714.87, 4157908.42 ], [ 282718.84, 4157917.14 ], [ 282726.16, 4157913.84 ] ] ] } },
{ "type": "Feature", "properties": { "id": "osm:way/625796497", "name": null, "height": 6.06, "min_height": 0.0, "levels": null, "height_source": "lidar", "roof_shape": "hip", "roof_height": 3.02, "roof_azimuth": 38.8, "roof_source": "lod2", "roof_color": "roof_flat", "roof_color_source": "ortho", "lod2_roof": { "v": [ [ 282711.22, 4157908.92, 0.0 ], [ 282712.41, 4157908.4, 0.0 ], [ 282710.74, 4157909.13, 0.0 ], [ 282711.22, 4157908.92, 0.0 ], [ 282711.62, 4157911.14, 0.39 ], [ 282717.89, 4157920.81, 0.0 ], [ 282712.91, 4157922.99, 0.0 ], [ 282712.83, 4157922.83, 0.0 ], [ 282712.45, 4157911.04, 0.0 ], [ 282712.45, 4157911.04, 0.46 ], [ 282708.19, 4157912.65, 0.37 ], [ 282717.53, 4157920.0, 0.64 ], [ 282717.53, 4157920.0, 0.0 ], [ 282712.83, 4157922.83, 0.0 ], [ 282711.96, 4157920.91, 3.02 ], [ 282716.89, 4157918.55, 2.99 ], [ 282713.41, 4157910.68, 0.0 ], [ 282713.41, 4157910.68, 0.48 ] ], "f": [ [ [ 15, 11, 13, 14 ] ], [ [ 12, 5, 6, 7 ] ], [ [ 16, 8, 0, 1 ] ], [ [ 17, 15, 14, 10, 4, 2, 3, 9 ] ], [ [ 3, 0, 8, 9 ] ], [ [ 11, 12, 7, 13 ] ], [ [ 9, 8, 16, 17 ] ] ] }, "roof_props": null, "wall_color": "terracotta", "type": "yes", "landmark": null, "footprint_source": "osm", "source_updated": null, "is_part": false, "parent": null, "hidden": false, "addr": "1323 Idlewood Avenue", "wikidata": null, "website": null, "zoning": "R-48", "lidar_p90": 8.45, "ground_z": 59.3 }, "geometry": { "type": "Polygon", "coordinates": [ [ [ 282717.88, 4157920.8 ], [ 282712.4, 4157908.4 ], [ 282710.74, 4157909.13 ], [ 282711.62, 4157911.14 ], [ 282706.62, 4157913.34 ], [ 282711.21, 4157923.73 ], [ 282717.88, 4157920.8 ] ] ] } },
{ "type": "Feature", "properties": { "id": "osm:way/625796496", "name": null, "height": 6.16, "min_height": 0.0, "levels": null, "height_source": "lidar", "roof_shape": "gable", "roof_height": 2.88, "roof_azimuth": 40.5, "roof_source": "lod2", "roof_color": "roof_flat", "roof_color_source": "ortho", "lod2_roof": { "v": [ [ 282700.86, 4157916.4, 0.3 ], [ 282704.53, 4157914.66, 0.29 ], [ 282708.36, 4157922.68, 2.88 ], [ 282700.81, 4157916.29, 0.26 ], [ 282700.81, 4157916.29, 0.0 ], [ 282699.46, 4157916.66, 0.2 ], [ 282699.46, 4157916.66, 0.0 ], [ 282709.3, 4157924.64, 0.0 ], [ 282704.97, 4157926.69, 0.0 ], [ 282698.53, 4157914.98, 0.0 ], [ 282699.88, 4157914.35, 0.0 ], [ 282703.91, 4157924.76, 2.88 ] ], "f": [ [ [ 8, 11, 2, 7 ] ], [ [ 11, 5, 3, 0, 1, 2 ] ], [ [ 10, 4, 6, 9 ] ], [ [ 5, 6, 4, 3 ] ] ] }, "roof_props": null, "wall_color": "brick", "type": "yes", "landmark": null, "footprint_source": "osm", "source_updated": null, "is_part": false, "parent": null, "hidden": false, "addr": "1325 Idlewood Avenue", "wikidata": null, "website": null, "zoning": "R-48", "lidar_p90": 8.57, "ground_z": 59.22 }, "geometry": { "type": "Polygon", "coordinates": [ [ [ 282709.3, 4157924.64 ], [ 282704.53, 4157914.66 ], [ 282700.86, 4157916.4 ], [ 282699.88, 4157914.35 ], [ 282698.06, 4157915.2 ], [ 282698.94, 4157917.05 ], [ 282698.34, 4157917.34 ], [ 282703.21, 4157927.53 ], [ 282709.3, 4157924.64 ] ] ] } },
{ "type": "Feature", "properties": { "id": "osm:way/625796495", "name": null, "height": 7.06, "min_height": 0.0, "levels": null, "height_source": "lidar", "roof_shape": "flat", "roof_height": 1.78, "roof_azimuth": null, "roof_source": "lod2", "roof_color": "roof_flat", "roof_color_source": "ortho", "lod2_roof": { "v": [ [ 282692.21, 4157918.16, 0.0 ], [ 282691.86, 4157917.4, 0.0 ], [ 282696.17, 4157915.45, 0.0 ], [ 282701.11, 4157926.31, 1.77 ], [ 282702.12, 4157928.52, 0.0 ], [ 282699.69, 4157929.62, 0.0 ], [ 282699.69, 4157929.62, 0.0 ], [ 282698.79, 4157929.35, 0.0 ], [ 282698.79, 4157929.35, 0.0 ], [ 282696.73, 4157930.96, 0.0 ], [ 282697.3, 4157917.94, 0.0 ], [ 282696.78, 4157930.3, 0.0 ], [ 282696.78, 4157930.3, 0.0 ], [ 282696.05, 4157928.73, 1.78 ], [ 282690.52, 4157918.92, 0.0 ], [ 282691.09, 4157920.16, 0.0 ], [ 282697.3, 4157917.94, 0.0 ], [ 282691.92, 4157919.91, 0.0 ], [ 282692.08, 4157920.26, 0.0 ], [ 282695.92, 4157928.47, 1.7 ], [ 282692.08, 4157920.26, 0.0 ], [ 282696.33, 4157928.59, 1.78 ], [ 282696.81, 4157930.36, 0.0 ] ], "f": [ [ [ 10, 18, 17, 15, 14, 0, 1, 2 ] ], [ [ 21, 19, 20, 16, 3 ] ], [ [ 8, 11, 13, 21, 3, 4, 5 ] ], [ [ 9, 22, 12, 7, 6 ] ], [ [ 5, 6, 7, 8 ] ], [ [ 20, 18, 10, 16 ] ], [ [ 8, 7, 12, 11 ] ] ] }, "roof_props": null, "wall_color": "concrete", "type": "yes", "landmark": null, "footprint_source": "osm", "source_updated": null, "is_part": false, "parent": null, "hidden": false, "addr": "1327 Idlewood Avenue", "wikidata": null, "website": null, "zoning": "R-48", "lidar_p90": 8.34, "ground_z": 59.17 }, "geometry": { "type": "Polygon", "coordinates": [ [ [ 282702.12, 4157928.52 ], [ 282696.17, 4157915.45 ], [ 282691.86, 4157917.4 ], [ 282692.21, 4157918.16 ], [ 282690.52, 4157918.92 ], [ 282691.32, 4157920.66 ], [ 282690.72, 4157920.93 ], [ 282695.54, 4157931.49 ], [ 282702.12, 4157928.52 ] ] ] } },
{ "type": "Feature", "properties": { "id": "osm:way/625796494", "name": null, "height": 8.35, "min_height": 0.0, "levels": null, "height_source": "lidar", "roof_shape": "flat", "roof_height": 0.0, "roof_azimuth": null, "roof_source": "heuristic", "roof_color": "roof_flat", "roof_color_source": "ortho", "lod2_roof": null, "roof_props": null, "wall_color": "brick", "type": "yes", "landmark": null, "footprint_source": "osm", "source_updated": null, "is_part": false, "parent": null, "hidden": false, "addr": "1329 Idlewood Avenue", "wikidata": null, "website": null, "zoning": "R-48", "lidar_p90": 9.01, "ground_z": 59.12 }, "geometry": { "type": "Polygon", "coordinates": [ [ [ 282686.44, 4157934.74 ], [ 282686.87, 4157935.64 ], [ 282692.87, 4157932.82 ], [ 282686.62, 4157919.64 ], [ 282677.37, 4157923.97 ], [ 282680.67, 4157930.94 ], [ 282678.98, 4157931.74 ], [ 282681.5, 4157937.06 ], [ 282686.44, 4157934.74 ] ] ] } },
{ "type": "Feature", "properties": { "id": "osm:way/625796479", "name": null, "height": 6.92, "min_height": 0.0, "levels": null, "height_source": "lidar", "roof_shape": "gable", "roof_height": 3.0, "roof_azimuth": 117.3, "roof_source": "lod2", "roof_color": "concrete", "roof_color_source": "ortho", "lod2_roof": { "v": [ [ 282753.67, 4157949.13, 0.13 ], [ 282748.52, 4157951.77, 0.11 ], [ 282744.16, 4157942.21, 3.0 ], [ 282746.79, 4157935.82, 0.0 ], [ 282748.91, 4157939.92, 2.98 ], [ 282742.42, 4157938.06, 0.0 ], [ 282743.79, 4157942.39, 3.0 ] ], "f": [ [ [ 4, 0, 1, 2 ] ], [ [ 6, 5, 3, 4, 2 ] ] ] }, "roof_props": null, "wall_color": "concrete", "type": "yes", "landmark": null, "footprint_source": "osm", "source_updated": null, "is_part": false, "parent": null, "hidden": false, "addr": "1312 Idlewood Avenue", "wikidata": null, "website": null, "zoning": "R-48", "lidar_p90": 9.38, "ground_z": 58.19 }, "geometry": { "type": "Polygon", "coordinates": [ [ [ 282753.67, 4157949.13 ], [ 282746.79, 4157935.82 ], [ 282740.92, 4157938.82 ], [ 282747.8, 4157952.14 ], [ 282753.67, 4157949.13 ] ] ] } },
{ "type": "Feature", "properties": { "id": "osm:way/625796478", "name": null, "height": 6.85, "min_height": 0.0, "levels": null, "height_source": "lidar", "roof_shape": "gable", "roof_height": 3.1, "roof_azimuth": 117.3, "roof_source": "lod2", "roof_color": "concrete", "roof_color_source": "ortho", "lod2_roof": { "v": [ [ 282741.31, 4157943.59, 3.1 ], [ 282746.11, 4157952.88, 0.25 ], [ 282740.87, 4157955.56, 0.17 ], [ 282739.23, 4157939.56, 0.0 ], [ 282734.56, 4157941.95, 0.0 ], [ 282735.06, 4157943.74, 1.06 ], [ 282736.18, 4157946.03, 3.08 ] ], "f": [ [ [ 0, 6, 5, 4, 3 ] ], [ [ 2, 6, 0, 1 ] ] ] }, "roof_props": null, "wall_color": "concrete", "type": "yes", "landmark": null, "footprint_source": "osm", "source_updated": null, "is_part": false, "parent": null, "hidden": false, "addr": "1314 Idlewood Avenue", "wikidata": null, "website": null, "zoning": "R-48", "lidar_p90": 9.32, "ground_z": 58.48 }, "geometry": { "type": "Polygon", "coordinates": [ [ [ 282746.11, 4157952.88 ], [ 282739.23, 4157939.56 ], [ 282733.36, 4157942.56 ], [ 282740.24, 4157955.89 ], [ 282746.11, 4157952.88 ] ] ] } },
{ "type": "Feature", "properties": { "id": "osm:way/625796477", "name": null, "height": 6.09, "min_height": 0.0, "levels": null, "height_source": "lidar", "roof_shape": "gable", "roof_height": 3.18, "roof_azimuth": 26.9, "roof_source": "lod2", "roof_color": "concrete", "roof_color_source": "ortho", "lod2_roof": { "v": [ [ 282729.65, 4157946.78, 3.18 ], [ 282729.65, 4157946.78, 3.03 ], [ 282729.65, 4157946.78, 1.38 ], [ 282729.18, 4157947.22, 1.65 ], [ 282729.18, 4157947.22, 1.99 ], [ 282727.45, 4157946.03, 0.0 ], [ 282728.17, 4157945.67, 0.59 ], [ 282728.17, 4157945.67, 0.73 ], [ 282728.37, 4157945.81, 1.05 ], [ 282737.58, 4157953.94, 0.15 ], [ 282731.77, 4157956.85, 0.11 ], [ 282727.68, 4157948.78, 2.75 ], [ 282729.88, 4157944.81, 0.75 ], [ 282729.58, 4157946.73, 3.06 ], [ 282729.58, 4157946.73, 3.06 ], [ 282729.58, 4157946.73, 3.06 ], [ 282728.08, 4157948.59, 2.75 ], [ 282731.0, 4157944.24, 0.0 ], [ 282731.0, 4157944.24, 0.0 ], [ 282730.77, 4157945.75, 0.0 ], [ 282730.77, 4157945.75, 0.74 ], [ 282732.58, 4157944.08, 0.0 ], [ 282732.58, 4157944.08, 0.0 ], [ 282732.33, 4157943.58, 0.0 ], [ 282733.55, 4157946.0, 2.75 ], [ 282727.22, 4157946.92, 0.08 ], [ 282726.69, 4157946.85, 0.0 ], [ 282726.52, 4157946.5, 0.0 ], [ 282728.89, 4157947.17, 1.42 ], [ 282729.34, 4157946.24, 2.82 ] ], "f": [ [ [ 29, 8, 6, 12 ] ], [ [ 24, 9, 10, 11, 16 ] ], [ [ 18, 23, 21, 19 ] ], [ [ 28, 5, 7, 8, 29, 13, 15, 0, 4 ] ], [ [ 14, 29, 12, 17, 20, 1, 15 ] ], [ [ 5, 28, 3, 2, 20, 22, 24, 16, 25, 26, 27 ] ], [ [ 0, 1, 2, 3, 4 ] ], [ [ 7, 6, 8 ] ], [ [ 13, 14, 15 ] ], [ [ 1, 0, 15 ] ], [ [ 17, 18, 19, 20 ] ], [ [ 20, 19, 21, 22 ] ], [ [ 4, 3, 28 ] ], [ [ 2, 1, 20 ] ], [ [ 14, 13, 29 ] ] ] }, "roof_props": null, "wall_color": "cream", "type": "yes", "landmark": null, "footprint_source": "osm", "source_updated": null, "is_part": false, "parent": null, "hidden": false, "addr": "1316 Idlewood Avenue", "wikidata": null, "website": null, "zoning": "R-48", "lidar_p90": 8.31, "ground_z": 58.64 }, "geometry": { "type": "Polygon", "coordinates": [ [ [ 282737.58, 4157953.94 ], [ 282732.33, 4157943.58 ], [ 282726.51, 4157946.5 ], [ 282731.77, 4157956.85 ], [ 282737.58, 4157953.94 ] ] ] } },
{ "type": "Feature", "properties": { "id": "osm:way/371034072", "name": null, "height": 7.1, "min_height": 0.0, "levels": null, "height_source": "lidar", "roof_shape": "skillion", "roof_height": 2.0, "roof_azimuth": 150.8, "roof_source": "lod2", "roof_color": "roof_flat", "roof_color_source": "ortho", "lod2_roof": { "v": [ [ 282705.65, 4157949.4, 0.71 ], [ 282705.65, 4157949.4, 0.0 ], [ 282707.6, 4157954.02, 0.0 ], [ 282707.6, 4157954.02, 0.67 ], [ 282689.29, 4157957.72, 2.0 ], [ 282691.15, 4157961.67, 1.95 ], [ 282708.75, 4157953.48, 0.0 ], [ 282706.6, 4157948.92, 0.0 ] ], "f": [ [ [ 5, 4, 0, 3 ] ], [ [ 1, 7, 6, 2 ] ], [ [ 0, 1, 2, 3 ] ] ] }, "roof_props": null, "wall_color": "brick", "type": "yes", "landmark": null, "footprint_source": "osm", "source_updated": null, "is_part": false, "parent": null, "hidden": false, "addr": "323 Randolph Street", "wikidata": null, "website": null, "zoning": "R-48", "lidar_p90": 8.82, "ground_z": 58.77 }, "geometry": { "type": "Polygon", "coordinates": [ [ [ 282706.23, 4157948.12 ], [ 282688.63, 4157956.31 ], [ 282691.15, 4157961.67 ], [ 282708.75, 4157953.48 ], [ 282706.23, 4157948.12 ] ] ] } },
{ "type": "Feature", "properties": { "id": "richmond_structure:393664", "name": null, "height": 8.0, "min_height": 0.0, "levels": null, "height_source": "zoning", "roof_shape": "flat", "roof_height": 0.0, "roof_azimuth": null, "roof_source": "heuristic", "roof_color": "concrete", "roof_color_source": "heuristic", "lod2_roof": null, "roof_props": null, "wall_color": "brick", "type": "yes", "landmark": null, "footprint_source": "richmond_structures", "source_updated": "2026-09-08T12:07:13.637000Z", "is_part": false, "parent": null, "hidden": false, "addr": null, "wikidata": null, "website": null, "zoning": "R-48", "lidar_p90": 1.58, "ground_z": 58.56 }, "geometry": { "type": "Polygon", "coordinates": [ [ [ 282744.08, 4157955.56 ], [ 282740.77, 4157957.15 ], [ 282742.29, 4157960.3 ], [ 282745.6, 4157958.71 ], [ 282744.08, 4157955.56 ] ] ] } },
{ "type": "Feature", "properties": { "id": "osm:way/371034074", "name": null, "height": 7.15, "min_height": 0.0, "levels": null, "height_source": "lidar", "roof_shape": "flat", "roof_height": 0.74, "roof_azimuth": null, "roof_source": "lod2", "roof_color": "roof_flat", "roof_color_source": "ortho", "lod2_roof": { "v": [ [ 282694.47, 4157961.46, 0.74 ], [ 282695.01, 4157959.88, 0.67 ], [ 282704.53, 4157955.63, 0.0 ], [ 282705.22, 4157957.18, 0.0 ], [ 282704.09, 4157955.83, 0.0 ], [ 282704.09, 4157955.83, 0.0 ], [ 282705.41, 4157958.34, 0.0 ], [ 282705.41, 4157958.34, 0.0 ], [ 282709.15, 4157956.38, 0.0 ], [ 282709.15, 4157956.38, 0.0 ], [ 282709.83, 4157959.71, 0.0 ], [ 282697.65, 4157965.14, 0.59 ], [ 282697.04, 4157963.79, 0.61 ], [ 282695.22, 4157963.14, 0.72 ], [ 282709.84, 4157956.02, 0.0 ], [ 282709.5, 4157955.27, 0.0 ] ], "f": [ [ [ 13, 0, 1, 5, 7, 9, 10, 11, 12 ] ], [ [ 3, 15, 14, 8, 6, 4, 2 ] ], [ [ 5, 4, 6, 7 ] ], [ [ 7, 6, 8, 9 ] ] ] }, "roof_props": null, "wall_color": "cream", "type": "yes", "landmark": null, "footprint_source": "osm", "source_updated": null, "is_part": false, "parent": null, "hidden": false, "addr": "321 Randolph Street", "wikidata": null, "website": null, "zoning": "R-48", "lidar_p90": 7.62, "ground_z": 59.18 }, "geometry": { "type": "Polygon", "coordinates": [ [ [ 282694.47, 4157961.46 ], [ 282695.22, 4157963.14 ], [ 282697.04, 4157963.79 ], [ 282697.65, 4157965.14 ], [ 282711.22, 4157959.09 ], [ 282709.5, 4157955.27 ], [ 282705.22, 4157957.18 ], [ 282704.53, 4157955.63 ], [ 282695.01, 4157959.88 ], [ 282694.47, 4157961.46 ] ] ] } },
{ "type": "Feature", "properties": { "id": "osm:way/371034076", "name": null, "height": 7.09, "min_height": 0.0, "levels": null, "height_source": "lidar", "roof_shape": "flat", "roof_height": 0.78, "roof_azimuth": null, "roof_source": "lod2", "roof_color": "roof_flat", "roof_color_source": "ortho", "lod2_roof": { "v": [ [ 282711.4, 4157961.85, 0.0 ], [ 282711.4, 4157961.85, 0.0 ], [ 282713.5, 4157964.97, 0.0 ], [ 282708.0, 4157963.84, 0.0 ], [ 282708.0, 4157963.84, 0.0 ], [ 282706.74, 4157961.04, 0.01 ], [ 282706.74, 4157961.04, 0.0 ], [ 282699.64, 4157969.51, 0.67 ], [ 282698.45, 4157970.04, 0.76 ], [ 282696.46, 4157965.67, 0.78 ], [ 282700.28, 4157970.94, 0.66 ], [ 282707.18, 4157960.84, 0.0 ], [ 282707.9, 4157962.42, 0.0 ], [ 282710.88, 4157961.07, 0.0 ] ], "f": [ [ [ 12, 13, 1, 4, 6, 11 ] ], [ [ 2, 10, 7, 8, 9, 5, 3, 0 ] ], [ [ 3, 4, 1, 0 ] ], [ [ 5, 6, 4, 3 ] ] ] }, "roof_props": null, "wall_color": "concrete", "type": "yes", "landmark": null, "footprint_source": "osm", "source_updated": null, "is_part": false, "parent": null, "hidden": false, "addr": "319 Randolph Street", "wikidata": null, "website": null, "zoning": "R-48", "lidar_p90": 7.54, "ground_z": 59.27 }, "geometry": { "type": "Polygon", "coordinates": [ [ [ 282696.46, 4157965.67 ], [ 282698.45, 4157970.04 ], [ 282699.64, 4157969.51 ], [ 282700.28, 4157970.94 ], [ 282714.06, 4157964.72 ], [ 282712.14, 4157960.5 ], [ 282707.89, 4157962.42 ], [ 282707.18, 4157960.84 ], [ 282696.46, 4157965.67 ] ] ] } },
{ "type": "Feature", "properties": { "id": "osm:way/371034078", "name": null, "height": 7.05, "min_height": 0.0, "levels": null, "height_source": "lidar", "roof_shape": "flat", "roof_height": 0.71, "roof_azimuth": null, "roof_source": "lod2", "roof_color": "roof_flat", "roof_color_source": "ortho", "lod2_roof": { "v": [ [ 282710.16, 4157966.49, 0.0 ], [ 282710.77, 4157967.84, 0.0 ], [ 282709.99, 4157966.57, 0.0 ], [ 282702.09, 4157974.79, 0.6 ], [ 282700.57, 4157974.28, 0.69 ], [ 282699.73, 4157972.61, 0.71 ], [ 282700.28, 4157970.94, 0.64 ], [ 282709.99, 4157966.57, 0.0 ], [ 282710.25, 4157969.68, 0.0 ], [ 282710.25, 4157969.68, 0.0 ], [ 282714.01, 4157966.39, 0.0 ], [ 282714.25, 4157967.21, 0.0 ], [ 282702.82, 4157976.4, 0.59 ], [ 282714.25, 4157967.21, 0.0 ], [ 282715.3, 4157970.78, 0.0 ] ], "f": [ [ [ 11, 8, 2, 0, 1, 10 ] ], [ [ 14, 12, 3, 4, 5, 6, 7, 9, 13 ] ], [ [ 7, 2, 8, 9 ] ], [ [ 9, 8, 11, 13 ] ] ] }, "roof_props": null, "wall_color": "sand", "type": "yes", "landmark": null, "footprint_source": "osm", "source_updated": null, "is_part": false, "parent": null, "hidden": false, "addr": "317 Randolph Street", "wikidata": null, "website": null, "zoning": "R-48", "lidar_p90": 7.38, "ground_z": 59.31 }, "geometry": { "type": "Polygon", "coordinates": [ [ [ 282699.73, 4157972.61 ], [ 282700.57, 4157974.28 ], [ 282702.09, 4157974.79 ], [ 282702.82, 4157976.4 ], [ 282716.63, 4157970.18 ], [ 282714.75, 4157966.05 ], [ 282710.77, 4157967.84 ], [ 282710.16, 4157966.49 ], [ 282700.28, 4157970.94 ], [ 282699.73, 4157972.61 ] ] ] } },
{ "type": "Feature", "properties": { "id": "osm:way/371034080", "name": null, "height": 7.0, "min_height": 0.0, "levels": null, "height_source": "lidar", "roof_shape": "flat", "roof_height": 0.83, "roof_azimuth": null, "roof_source": "lod2", "roof_color": "roof_flat", "roof_color_source": "ortho", "lod2_roof": { "v": [ [ 282716.51, 4157973.36, 0.0 ], [ 282716.51, 4157973.36, 0.0 ], [ 282716.51, 4157973.36, 0.0 ], [ 282718.33, 4157976.09, 0.0 ], [ 282718.33, 4157976.09, 0.0 ], [ 282717.96, 4157972.84, 0.0 ], [ 282717.96, 4157972.84, 0.0 ], [ 282712.92, 4157971.74, 0.0 ], [ 282713.59, 4157973.18, 0.0 ], [ 282713.59, 4157973.18, 0.0 ], [ 282717.31, 4157971.45, 0.0 ], [ 282711.73, 4157973.74, 0.11 ], [ 282711.73, 4157973.74, 0.0 ], [ 282711.8, 4157974.29, 0.0 ], [ 282711.8, 4157974.29, 0.12 ], [ 282719.28, 4157975.65, 0.0 ], [ 282705.59, 4157982.02, 0.7 ], [ 282704.78, 4157980.38, 0.71 ], [ 282703.62, 4157980.92, 0.8 ], [ 282701.75, 4157976.89, 0.83 ], [ 282712.14, 4157974.91, 0.11 ], [ 282712.14, 4157974.91, 0.0 ] ], "f": [ [ [ 6, 15, 3, 2 ] ], [ [ 21, 13, 12, 8, 10, 5, 1 ] ], [ [ 14, 20, 0, 4, 16, 17, 18, 19, 7, 9, 11 ] ], [ [ 0, 1, 2, 3, 4 ] ], [ [ 5, 6, 2, 1 ] ], [ [ 11, 12, 13, 14 ] ], [ [ 20, 21, 1, 0 ] ], [ [ 9, 8, 12, 11 ] ], [ [ 14, 13, 21, 20 ] ] ] }, "roof_props": null, "wall_color": "cream", "type": "yes", "landmark": null, "footprint_source": "osm", "source_updated": null, "is_part": false, "parent": null, "hidden": false, "addr": "315 Randolph Street", "wikidata": null, "website": null, "zoning": "R-48", "lidar_p90": 7.48, "ground_z": 59.32 }, "geometry": { "type": "Polygon", "coordinates": [ [ [ 282701.75, 4157976.89 ], [ 282703.62, 4157980.92 ], [ 282704.78, 4157980.38 ], [ 282705.59, 4157982.02 ], [ 282719.28, 4157975.65 ], [ 282717.31, 4157971.45 ], [ 282713.59, 4157973.18 ], [ 282712.92, 4157971.74 ], [ 282701.75, 4157976.89 ] ] ] } },
{ "type": "Feature", "properties": { "id": "osm:way/371034082", "name": null, "height": 6.76, "min_height": 0.0, "levels": null, "height_source": "lidar", "roof_shape": "flat", "roof_height": 0.9, "roof_azimuth": null, "roof_source": "lod2", "roof_color": "roof_flat", "roof_color_source": "ortho", "lod2_roof": { "v": [ [ 282720.68, 4157978.64, 0.0 ], [ 282720.68, 4157978.64, 0.0 ], [ 282721.08, 4157979.5, 0.0 ], [ 282718.24, 4157976.13, 0.0 ], [ 282718.24, 4157976.13, 0.0 ], [ 282716.52, 4157981.62, 0.12 ], [ 282717.33, 4157983.34, 0.09 ], [ 282708.29, 4157987.55, 0.77 ], [ 282719.28, 4157975.65, 0.0 ], [ 282705.59, 4157982.02, 0.87 ], [ 282705.87, 4157985.23, 0.9 ], [ 282706.38, 4157983.71, 0.84 ], [ 282706.62, 4157986.89, 0.87 ] ], "f": [ [ [ 11, 9, 3, 0, 2, 5, 6, 7, 12, 10 ] ], [ [ 8, 1, 4 ] ], [ [ 3, 4, 1, 0 ] ] ] }, "roof_props": null, "wall_color": "terracotta", "type": "yes", "landmark": null, "footprint_source": "osm", "source_updated": null, "is_part": false, "parent": null, "hidden": false, "addr": "313 Randolph Street", "wikidata": null, "website": null, "zoning": "R-48", "lidar_p90": 7.31, "ground_z": 59.46 }, "geometry": { "type": "Polygon", "coordinates": [ [ [ 282706.38, 4157983.71 ], [ 282705.87, 4157985.23 ], [ 282706.62, 4157986.89 ], [ 282708.29, 4157987.55 ], [ 282717.33, 4157983.34 ], [ 282716.52, 4157981.62 ], [ 282721.08, 4157979.5 ], [ 282719.28, 4157975.65 ], [ 282705.59, 4157982.02 ], [ 282706.38, 4157983.71 ] ] ] } },
{ "type": "Feature", "properties": { "id": "osm:way/371034070", "name": null, "height": 7.23, "min_height": 0.0, "levels": null, "height_source": "lidar", "roof_shape": "flat", "roof_height": 0.99, "roof_azimuth": null, "roof_source": "lod2", "roof_color": "roof_flat", "roof_color_source": "ortho", "lod2_roof": { "v": [ [ 282712.27, 4157996.43, 0.97 ], [ 282709.85, 4157991.17, 0.99 ], [ 282725.71, 4157990.36, 0.0 ], [ 282723.52, 4157984.94, 0.0 ] ], "f": [ [ [ 3, 2, 0, 1 ] ] ] }, "roof_props": null, "wall_color": "concrete", "type": "yes", "landmark": null, "footprint_source": "osm", "source_updated": null, "is_part": false, "parent": null, "hidden": false, "addr": "311 Randolph Street", "wikidata": null, "website": null, "zoning": "R-48", "lidar_p90": 7.75, "ground_z": 59.62 }, "geometry": { "type": "Polygon", "coordinates": [ [ [ 282712.27, 4157996.43 ], [ 282726.46, 4157990.02 ], [ 282724.07, 4157984.68 ], [ 282709.85, 4157991.17 ], [ 282712.27, 4157996.43 ] ] ] } },
{ "type": "Feature", "properties": { "id": "osm:way/371034068", "name": null, "height": 7.24, "min_height": 0.0, "levels": null, "height_source": "lidar", "roof_shape": "flat", "roof_height": 0.96, "roof_azimuth": null, "roof_source": "lod2", "roof_color": "roof_flat", "roof_color_source": "ortho", "lod2_roof": { "v": [ [ 282714.48, 4158000.2, 0.86 ], [ 282713.75, 4158000.53, 0.93 ], [ 282715.14, 4158001.63, 0.85 ], [ 282711.88, 4157996.44, 0.96 ], [ 282725.98, 4157990.23, 0.0 ], [ 282725.98, 4157990.23, 0.0 ], [ 282728.18, 4157995.72, 0.0 ], [ 282728.18, 4157995.72, 0.0 ], [ 282728.91, 4157995.39, 0.0 ], [ 282726.46, 4157990.02, 0.0 ] ], "f": [ [ [ 4, 9, 8, 6 ] ], [ [ 7, 2, 0, 1, 3, 5 ] ], [ [ 5, 4, 6, 7 ] ] ] }, "roof_props": null, "wall_color": "concrete", "type": "yes", "landmark": null, "footprint_source": "osm", "source_updated": null, "is_part": false, "parent": null, "hidden": false, "addr": "309 Randolph Street", "wikidata": null, "website": null, "zoning": "R-48", "lidar_p90": 7.65, "ground_z": 59.63 }, "geometry": { "type": "Polygon", "coordinates": [ [ [ 282728.91, 4157995.39 ], [ 282726.46, 4157990.02 ], [ 282711.88, 4157996.44 ], [ 282713.75, 4158000.53 ], [ 282714.48, 4158000.2 ], [ 282715.14, 4158001.63 ], [ 282728.91, 4157995.39 ] ] ] } },
{ "type": "Feature", "properties": { "id": "osm:way/625791759", "name": null, "height": 8.01, "min_height": 0.0, "levels": null, "height_source": "lidar", "roof_shape": "flat", "roof_height": 1.62, "roof_azimuth": null, "roof_source": "lod2", "roof_color": "roof_flat", "roof_color_source": "ortho", "lod2_roof": { "v": [ [ 282524.17, 4157887.63, 1.61 ], [ 282525.64, 4157890.76, 0.0 ], [ 282522.22, 4157887.21, 0.47 ], [ 282522.22, 4157887.21, 0.0 ], [ 282519.76, 4157887.16, 0.0 ], [ 282519.76, 4157887.16, 0.0 ], [ 282519.69, 4157887.59, 0.0 ], [ 282519.69, 4157887.59, 0.0 ], [ 282519.76, 4157887.16, 0.0 ], [ 282513.91, 4157887.64, 0.0 ], [ 282520.18, 4157884.71, 0.0 ], [ 282515.04, 4157890.48, 0.0 ], [ 282515.04, 4157890.48, 0.0 ], [ 282514.98, 4157890.48, 0.0 ], [ 282514.71, 4157889.65, 0.0 ], [ 282514.6, 4157889.7, 0.0 ], [ 282514.71, 4157889.65, 0.0 ], [ 282516.29, 4157890.47, 0.3 ], [ 282517.51, 4157891.09, 1.51 ], [ 282517.51, 4157891.09, 1.51 ], [ 282518.87, 4157893.92, 1.56 ], [ 282517.01, 4157894.78, 0.0 ], [ 282515.58, 4157891.83, 0.0 ], [ 282519.8, 4157893.48, 0.0 ], [ 282517.5, 4157890.89, 1.62 ], [ 282519.8, 4157893.48, 0.32 ], [ 282519.01, 4157892.17, 0.46 ], [ 282520.18, 4157884.71, 0.0 ], [ 282522.3, 4157885.68, 1.28 ], [ 282522.3, 4157885.68, 0.5 ], [ 282522.26, 4157886.54, 0.83 ], [ 282522.22, 4157887.21, 1.09 ], [ 282523.61, 4157886.45, 0.0 ], [ 282522.39, 4157883.86, 0.0 ], [ 282523.09, 4157887.23, 0.41 ] ], "f": [ [ [ 24, 0, 1, 23, 26, 19 ] ], [ [ 25, 20, 19, 26 ] ], [ [ 17, 24, 18, 20, 21, 22, 12 ] ], [ [ 27, 28, 30, 2, 5 ] ], [ [ 7, 14, 9, 10, 8 ] ], [ [ 34, 31, 30, 29, 33, 32 ] ], [ [ 16, 6, 4, 3, 34, 32, 0, 24, 17, 11, 13, 15 ] ], [ [ 2, 3, 4, 5 ] ], [ [ 6, 7, 8, 4 ] ], [ [ 12, 11, 17 ] ], [ [ 18, 19, 20 ] ], [ [ 19, 18, 24 ] ], [ [ 23, 25, 26 ] ], [ [ 5, 4, 8, 10, 27 ] ], [ [ 28, 29, 30 ] ], [ [ 31, 2, 30 ] ], [ [ 3, 2, 31, 34 ] ], [ [ 16, 14, 7, 6 ] ] ] }, "roof_props": null, "wall_color": "cream", "type": "yes", "landmark": null, "footprint_source": "osm", "source_updated": null, "is_part": false, "parent": null, "hidden": false, "addr": "1420 Jacquelin Street", "wikidata": null, "website": null, "zoning": "R-48", "lidar_p90": 8.89, "ground_z": 62.01 }, "geometry": { "type": "Polygon", "coordinates": [ [ [ 282515.87, 4157895.31 ], [ 282525.64, 4157890.76 ], [ 282522.32, 4157883.71 ], [ 282512.56, 4157888.27 ], [ 282515.87, 4157895.31 ] ] ] } },
{ "type": "Feature", "properties": { "id": "osm:way/625791753", "name": null, "height": 6.22, "min_height": 0.0, "levels": null, "height_source": "lidar", "roof_shape": "skillion", "roof_height": 2.89, "roof_azimuth": 120.9, "roof_source": "lod2", "roof_color": "roof_flat", "roof_color_source": "ortho", "lod2_roof": { "v": [ [ 282565.83, 4157913.95, 2.89 ], [ 282561.71, 4157905.02, 0.0 ], [ 282570.61, 4157911.71, 2.89 ], [ 282571.06, 4157912.69, 1.29 ], [ 282566.46, 4157902.82, 0.01 ], [ 282566.09, 4157914.52, 1.96 ], [ 282565.91, 4157915.07, 1.32 ] ], "f": [ [ [ 2, 0, 1, 4 ] ], [ [ 3, 6, 5, 0, 2 ] ] ] }, "roof_props": null, "wall_color": "sand", "type": "yes", "landmark": null, "footprint_source": "osm", "source_updated": null, "is_part": false, "parent": null, "hidden": false, "addr": "1413 Wallace Street", "wikidata": null, "website": null, "zoning": "R-48", "lidar_p90": 8.5, "ground_z": 60.55 }, "geometry": { "type": "Polygon", "coordinates": [ [ [ 282571.06, 4157912.69 ], [ 282566.46, 4157902.82 ], [ 282560.06, 4157905.78 ], [ 282564.65, 4157915.66 ], [ 282571.06, 4157912.69 ] ] ] } },
{ "type": "Feature", "properties": { "id": "osm:way/625791752", "name": null, "height": 5.95, "min_height": 0.0, "levels": null, "height_source": "lidar", "roof_shape": "skillion", "roof_height": 3.32, "roof_azimuth": 115.0, "roof_source": "lod2", "roof_color": "roof_flat", "roof_color_source": "ortho", "lod2_roof": { "v": [ [ 282559.14, 4157917.79, 3.32 ], [ 282554.55, 4157908.72, 0.0 ], [ 282554.55, 4157908.72, 0.35 ], [ 282559.35, 4157906.64, 0.0 ], [ 282559.35, 4157906.64, 0.37 ], [ 282563.59, 4157915.74, 3.3 ], [ 282554.22, 4157908.06, 0.0 ], [ 282558.99, 4157905.87, 0.0 ] ], "f": [ [ [ 1, 6, 7, 3 ] ], [ [ 4, 5, 0, 2 ] ], [ [ 2, 1, 3, 4 ] ] ] }, "roof_props": null, "wall_color": "terracotta", "type": "yes", "landmark": null, "footprint_source": "osm", "source_updated": null, "is_part": false, "parent": null, "hidden": false, "addr": "1415 Wallace Street", "wikidata": null, "website": null, "zoning": "R-48", "lidar_p90": 8.44, "ground_z": 61.02 }, "geometry": { "type": "Polygon", "coordinates": [ [ [ 282563.59, 4157915.74 ], [ 282558.99, 4157905.86 ], [ 282552.58, 4157908.82 ], [ 282557.18, 4157918.69 ], [ 282563.59, 4157915.74 ] ] ] } },
{ "type": "Feature", "properties": { "id": "osm:way/625791749", "name": null, "height": 6.41, "min_height": 0.0, "levels": null, "height_source": "lidar", "roof_shape": "skillion", "roof_height": 2.61, "roof_azimuth": 129.2, "roof_source": "lod2", "roof_color": "roof_flat", "roof_color_source": "ortho", "lod2_roof": { "v": [ [ 282555.09, 4157918.1, 1.96 ], [ 282555.09, 4157918.1, 1.96 ], [ 282555.66, 4157919.45, 2.01 ], [ 282555.92, 4157917.22, 2.6 ], [ 282556.26, 4157917.96, 0.8 ], [ 282556.26, 4157917.96, 1.41 ], [ 282555.12, 4157918.05, 1.92 ], [ 282555.12, 4157918.05, 2.01 ], [ 282552.13, 4157909.09, 0.0 ], [ 282547.03, 4157911.45, 0.0 ], [ 282551.0, 4157919.58, 2.61 ], [ 282551.1, 4157919.54, 2.61 ], [ 282553.64, 4157920.39, 0.0 ], [ 282553.64, 4157920.39, 0.0 ], [ 282555.09, 4157918.1, 1.96 ], [ 282556.72, 4157918.96, 0.8 ], [ 282551.92, 4157921.18, 0.0 ], [ 282555.09, 4157918.1, 1.96 ], [ 282551.22, 4157919.79, 2.18 ] ], "f": [ [ [ 13, 0, 2 ] ], [ [ 1, 17, 6, 4, 15, 2 ] ], [ [ 3, 11, 9, 8 ] ], [ [ 11, 3, 5, 7, 17, 14, 12, 16, 18, 10 ] ], [ [ 0, 1, 2 ] ], [ [ 5, 4, 6, 7 ] ], [ [ 13, 12, 14, 0 ] ], [ [ 7, 6, 17 ] ], [ [ 1, 0, 14, 17 ] ] ] }, "roof_props": null, "wall_color": "cream", "type": "yes", "landmark": null, "footprint_source": "osm", "source_updated": null, "is_part": false, "parent": null, "hidden": false, "addr": "1417 Wallace Street", "wikidata": null, "website": null, "zoning": "R-48", "lidar_p90": 8.58, "ground_z": 61.38 }, "geometry": { "type": "Polygon", "coordinates": [ [ [ 282556.72, 4157918.96 ], [ 282552.13, 4157909.09 ], [ 282545.72, 4157912.05 ], [ 282550.32, 4157921.93 ], [ 282556.72, 4157918.96 ] ] ] } },
{ "type": "Feature", "properties": { "id": "osm:way/625791747", "name": null, "height": 5.89, "min_height": 0.0, "levels": null, "height_source": "lidar", "roof_shape": "skillion", "roof_height": 3.12, "roof_azimuth": 119.8, "roof_source": "lod2", "roof_color": "roof_flat", "roof_color_source": "ortho", "lod2_roof": { "v": [ [ 282544.57, 4157924.7, 3.12 ], [ 282539.97, 4157914.83, 0.0 ], [ 282549.07, 4157922.63, 3.12 ], [ 282544.47, 4157912.75, 0.0 ] ], "f": [ [ [ 1, 3, 2, 0 ] ] ] }, "roof_props": null, "wall_color": "terracotta", "type": "yes", "landmark": null, "footprint_source": "osm", "source_updated": null, "is_part": false, "parent": null, "hidden": false, "addr": "1419 Wallace Street", "wikidata": null, "website": null, "zoning": "R-48", "lidar_p90": 8.31, "ground_z": 61.76 }, "geometry": { "type": "Polygon", "coordinates": [ [ [ 282549.06, 4157922.63 ], [ 282544.46, 4157912.75 ], [ 282538.06, 4157915.71 ], [ 282542.65, 4157925.58 ], [ 282549.06, 4157922.63 ] ] ] } },
{ "type": "Feature", "properties": { "id": "osm:way/625791754", "name": null, "height": 6.05, "min_height": 0.0, "levels": null, "height_source": "lidar", "roof_shape": "gable", "roof_height": 3.45, "roof_azimuth": 100.1, "roof_source": "lod2", "roof_color": "roof_flat", "roof_color_source": "ortho", "lod2_roof": { "v": [ [ 282535.1, 4157927.99, 3.17 ], [ 282535.1, 4157927.99, 3.17 ], [ 282535.03, 4157928.19, 3.27 ], [ 282535.03, 4157928.19, 3.35 ], [ 282533.62, 4157925.69, 3.03 ], [ 282533.62, 4157925.69, 3.03 ], [ 282533.64, 4157925.72, 3.03 ], [ 282535.03, 4157928.19, 3.37 ], [ 282541.32, 4157925.24, 3.25 ], [ 282542.1, 4157926.92, 0.62 ], [ 282539.99, 4157922.42, 1.23 ], [ 282539.99, 4157922.42, 1.17 ], [ 282538.79, 4157919.88, 0.0 ], [ 282535.07, 4157923.52, 0.54 ], [ 282535.05, 4157921.62, 0.0 ], [ 282536.15, 4157923.28, 0.69 ], [ 282536.15, 4157923.28, 0.67 ], [ 282535.11, 4157928.34, 3.37 ], [ 282535.11, 4157928.34, 3.15 ], [ 282535.8, 4157929.86, 0.77 ], [ 282535.8, 4157929.86, 3.35 ], [ 282535.11, 4157928.22, 3.45 ], [ 282535.11, 4157928.22, 3.31 ], [ 282535.11, 4157928.22, 3.31 ], [ 282532.27, 4157926.98, 0.27 ], [ 282531.86, 4157927.37, 0.0 ], [ 282534.14, 4157930.64, 0.5 ], [ 282534.79, 4157923.58, 0.5 ], [ 282535.08, 4157925.14, 1.5 ], [ 282532.15, 4157926.73, 0.26 ], [ 282531.67, 4157925.8, 0.2 ], [ 282531.67, 4157925.8, 1.92 ], [ 282532.62, 4157925.4, 1.81 ], [ 282530.97, 4157924.44, 0.01 ], [ 282530.97, 4157924.44, 0.0 ], [ 282533.1, 4157923.93, 0.0 ], [ 282533.1, 4157923.93, 0.24 ], [ 282533.44, 4157923.86, 0.29 ], [ 282532.58, 4157922.78, 0.0 ], [ 282530.6, 4157923.7, 0.0 ], [ 282533.62, 4157925.69, 2.56 ], [ 282533.45, 4157925.85, 2.68 ], [ 282534.13, 4157923.72, 0.4 ], [ 282533.76, 4157923.15, 0.0 ], [ 282534.74, 4157924.63, 1.47 ], [ 282534.74, 4157924.63, 1.1 ], [ 282534.34, 4157925.0, 2.02 ], [ 282534.74, 4157924.63, 1.73 ], [ 282536.12, 4157923.31, 0.7 ] ], "f": [ [ [ 39, 38, 35, 34 ] ], [ [ 9, 19, 18, 23, 8 ] ], [ [ 20, 26, 24, 25, 29, 30, 32, 41, 4, 6, 7, 21, 17 ] ], [ [ 5, 46, 44, 28, 0, 3, 6 ] ], [ [ 45, 48, 15, 10, 8, 22, 2, 1, 28 ] ], [ [ 16, 48, 47, 46, 40, 41, 32, 31, 33, 36, 37, 43, 42, 27, 13, 14, 12, 11 ] ], [ [ 0, 1, 2, 3 ] ], [ [ 4, 5, 6 ] ], [ [ 3, 7, 6 ] ], [ [ 15, 16, 11, 10 ] ], [ [ 17, 18, 19, 20 ] ], [ [ 21, 22, 23, 18, 17 ] ], [ [ 1, 0, 28 ] ], [ [ 23, 22, 8 ] ], [ [ 30, 31, 32 ] ], [ [ 33, 34, 35, 36 ] ], [ [ 40, 4, 41 ] ], [ [ 7, 3, 2, 22, 21 ] ], [ [ 44, 45, 28 ] ], [ [ 5, 4, 40, 46 ] ], [ [ 47, 44, 46 ] ], [ [ 45, 44, 47, 48 ] ], [ [ 16, 15, 48 ] ] ] }, "roof_props": null, "wall_color": "sand", "type": "yes", "landmark": null, "footprint_source": "osm", "source_updated": null, "is_part": false, "parent": null, "hidden": false, "addr": "1421 Wallace Street", "wikidata": null, "website": null, "zoning": "R-48", "lidar_p90": 8.91, "ground_z": 62.11 }, "geometry": { "type": "Polygon", "coordinates": [ [ [ 282532.34, 4157931.48 ], [ 282542.1, 4157926.92 ], [ 282538.79, 4157919.87 ], [ 282529.02, 4157924.44 ], [ 282532.34, 4157931.48 ] ] ] } },
{ "type": "Feature", "properties": { "id": "richmond_structure:279478", "name": null, "height": 2.92, "min_height": 0.0, "levels": null, "height_source": "lidar", "roof_shape": "flat", "roof_height": 0.44, "roof_azimuth": null, "roof_source": "lod2", "roof_color": "concrete", "roof_color_source": "heuristic", "lod2_roof": { "v": [ [ 282504.59, 4157927.36, 0.0 ], [ 282501.71, 4157928.76, 0.39 ], [ 282504.23, 4157926.63, 0.01 ], [ 282499.94, 4157925.13, 0.44 ], [ 282500.84, 4157925.3, 0.34 ], [ 282500.96, 4157924.64, 0.3 ] ], "f": [ [ [ 5, 4, 2, 0, 1, 3 ] ] ] }, "roof_props": null, "wall_color": "terracotta", "type": "yes", "landmark": null, "footprint_source": "richmond_structures", "source_updated": "2026-09-08T12:07:13.637000Z", "is_part": false, "parent": null, "hidden": false, "addr": null, "wikidata": null, "website": null, "zoning": "R-48", "lidar_p90": 3.14, "ground_z": 62.11 }, "geometry": { "type": "Polygon", "coordinates": [ [ [ 282502.82, 4157923.73 ], [ 282499.94, 4157925.13 ], [ 282501.71, 4157928.76 ], [ 282504.59, 4157927.36 ], [ 282502.82, 4157923.73 ] ] ] } },
{ "type": "Feature", "properties": { "id": "osm:way/625796589", "name": null, "height": 6.31, "min_height": 0.0, "levels": null, "height_source": "lidar", "roof_shape": "skillion", "roof_height": 2.75, "roof_azimuth": 124.7, "roof_source": "lod2", "roof_color": "slate", "roof_color_source": "ortho", "lod2_roof": { "v": [ [ 282507.09, 4157933.55, 0.0 ], [ 282507.09, 4157933.55, 0.0 ], [ 282509.35, 4157932.6, 0.0 ], [ 282511.72, 4157938.14, 2.5 ], [ 282506.34, 4157940.41, 2.35 ], [ 282506.68, 4157941.21, 0.47 ], [ 282507.19, 4157942.42, 0.59 ], [ 282506.68, 4157941.21, 2.75 ], [ 282506.12, 4157942.88, 1.8 ], [ 282506.12, 4157942.88, 1.8 ], [ 282505.2, 4157941.0, 1.72 ], [ 282505.2, 4157941.0, 2.36 ], [ 282505.2, 4157941.0, 1.72 ], [ 282504.12, 4157942.66, 0.16 ], [ 282503.97, 4157942.38, 0.66 ], [ 282500.72, 4157936.24, 0.0 ], [ 282500.89, 4157936.56, 0.0 ], [ 282502.59, 4157941.91, 2.2 ], [ 282503.49, 4157941.47, 2.2 ], [ 282503.17, 4157944.12, 0.0 ], [ 282507.38, 4157933.89, 0.0 ], [ 282507.38, 4157933.89, 0.0 ], [ 282500.89, 4157936.56, 0.0 ], [ 282504.63, 4157940.92, 2.21 ] ], "f": [ [ [ 6, 8, 10, 5 ] ], [ [ 19, 13, 10, 9 ] ], [ [ 21, 16, 15, 1 ] ], [ [ 18, 23, 12, 13, 14, 17 ] ], [ [ 18, 22, 20, 0, 2, 3, 4, 7, 11, 23 ] ], [ [ 8, 9, 10 ] ], [ [ 7, 5, 10, 11 ] ], [ [ 12, 10, 13 ] ], [ [ 20, 21, 1, 0 ] ], [ [ 22, 16, 21, 20 ] ], [ [ 11, 10, 12, 23 ] ] ] }, "roof_props": null, "wall_color": "sand", "type": "yes", "landmark": null, "footprint_source": "osm", "source_updated": null, "is_part": false, "parent": null, "hidden": false, "addr": "1501 Wallace Street", "wikidata": null, "website": null, "zoning": "R-48", "lidar_p90": 8.29, "ground_z": 62.37 }, "geometry": { "type": "Polygon", "coordinates": [ [ [ 282503.1, 4157944.15 ], [ 282507.19, 4157942.42 ], [ 282506.34, 4157940.41 ], [ 282511.72, 4157938.14 ], [ 282509.35, 4157932.59 ], [ 282499.88, 4157936.6 ], [ 282503.1, 4157944.15 ] ] ] } },
{ "type": "Feature", "properties": { "id": "osm:way/625791696", "name": null, "height": 6.17, "min_height": 0.0, "levels": null, "height_source": "lidar", "roof_shape": "hip", "roof_height": 2.53, "roof_azimuth": 25.0, "roof_source": "lod2", "roof_color": "concrete", "roof_color_source": "ortho", "lod2_roof": { "v": [ [ 282584.89, 4157935.35, 2.5 ], [ 282588.61, 4157943.35, 0.0 ], [ 282584.01, 4157933.47, 0.0 ], [ 282578.5, 4157938.37, 2.53 ], [ 282577.6, 4157936.43, 0.0 ], [ 282579.82, 4157937.74, 2.53 ], [ 282583.73, 4157945.59, 0.0 ] ], "f": [ [ [ 5, 3, 4, 2, 0 ] ], [ [ 1, 6, 5, 0 ] ] ] }, "roof_props": null, "wall_color": "sand", "type": "yes", "landmark": null, "footprint_source": "osm", "source_updated": null, "is_part": false, "parent": null, "hidden": false, "addr": "1414 Wallace Street", "wikidata": null, "website": null, "zoning": "R-48", "lidar_p90": 8.3, "ground_z": 59.95 }, "geometry": { "type": "Polygon", "coordinates": [ [ [ 282588.61, 4157943.34 ], [ 282584.01, 4157933.47 ], [ 282577.6, 4157936.43 ], [ 282582.2, 4157946.3 ], [ 282588.61, 4157943.34 ] ] ] } },
{ "type": "Feature", "properties": { "id": "osm:way/625791708", "name": null, "height": 6.18, "min_height": 0.0, "levels": null, "height_source": "lidar", "roof_shape": "hip", "roof_height": 2.8, "roof_azimuth": 40.0, "roof_source": "lod2", "roof_color": "roof_flat", "roof_color_source": "ortho", "lod2_roof": { "v": [ [ 282629.02, 4157913.92, 2.07 ], [ 282629.02, 4157913.92, 2.54 ], [ 282628.92, 4157914.28, 2.46 ], [ 282624.8, 4157913.4, 0.0 ], [ 282625.71, 4157912.98, 0.0 ], [ 282625.71, 4157912.98, 0.0 ], [ 282628.74, 4157911.57, 1.98 ], [ 282630.18, 4157910.91, 0.0 ], [ 282631.15, 4157912.99, 0.53 ], [ 282629.25, 4157913.14, 2.6 ], [ 282629.25, 4157913.14, 2.72 ], [ 282629.31, 4157913.14, 2.71 ], [ 282629.31, 4157913.14, 2.71 ], [ 282634.78, 4157920.78, 0.02 ], [ 282629.51, 4157923.22, 0.03 ], [ 282625.75, 4157913.42, 0.0 ], [ 282625.75, 4157913.42, 0.0 ], [ 282625.75, 4157913.42, 0.0 ], [ 282628.12, 4157913.23, 0.62 ], [ 282624.85, 4157913.49, 0.0 ], [ 282629.32, 4157913.06, 2.73 ], [ 282629.32, 4157913.06, 2.73 ], [ 282629.31, 4157913.14, 2.8 ], [ 282629.39, 4157913.13, 2.7 ], [ 282631.15, 4157912.99, 2.52 ], [ 282624.85, 4157913.49, 0.0 ], [ 282625.93, 4157915.75, 2.44 ] ], "f": [ [ [ 21, 11, 9, 0, 18, 15, 4, 6 ] ], [ [ 8, 23, 22, 20, 6, 7 ] ], [ [ 16, 19, 3, 5 ] ], [ [ 26, 25, 17, 18, 0, 2 ] ], [ [ 14, 26, 2, 1, 10, 12, 23, 24, 13 ] ], [ [ 0, 1, 2 ] ], [ [ 1, 0, 9, 10 ] ], [ [ 10, 9, 11, 12 ] ], [ [ 5, 4, 15, 16 ] ], [ [ 17, 16, 15, 18 ] ], [ [ 20, 21, 6 ] ], [ [ 22, 12, 11, 21, 20 ] ], [ [ 12, 22, 23 ] ], [ [ 8, 24, 23 ] ], [ [ 25, 19, 16, 17 ] ] ] }, "roof_props": null, "wall_color": "brick", "type": "yes", "landmark": null, "footprint_source": "osm", "source_updated": null, "is_part": false, "parent": null, "hidden": false, "addr": "1402 Wallace Street", "wikidata": null, "website": null, "zoning": "R-48", "lidar_p90": 8.32, "ground_z": 59.32 }, "geometry": { "type": "Polygon", "coordinates": [ [ [ 282634.78, 4157920.78 ], [ 282630.18, 4157910.91 ], [ 282623.76, 4157913.87 ], [ 282628.36, 4157923.75 ], [ 282634.78, 4157920.78 ] ] ] } },
{ "type": "Feature", "properties": { "id": "osm:way/625791706", "name": null, "height": 6.45, "min_height": 0.0, "levels": null, "height_source": "lidar", "roof_shape": "gable", "roof_height": 2.28, "roof_azimuth": 114.9, "roof_source": "lod2", "roof_color": "roof_flat", "roof_color_source": "ortho", "lod2_roof": { "v": [ [ 282623.35, 4157916.8, 2.28 ], [ 282626.91, 4157924.45, 0.0 ], [ 282621.68, 4157926.86, 0.0 ], [ 282617.94, 4157919.49, 2.27 ], [ 282617.07, 4157918.0, 0.0 ], [ 282616.31, 4157918.41, 0.0 ], [ 282615.9, 4157917.53, 0.0 ], [ 282622.32, 4157914.58, 0.0 ], [ 282622.52, 4157915.03, 0.0 ], [ 282622.52, 4157915.03, 0.0 ], [ 282617.07, 4157918.0, 0.0 ], [ 282617.41, 4157918.46, 0.53 ] ], "f": [ [ [ 1, 2, 3, 0 ] ], [ [ 7, 9, 4, 5, 6 ] ], [ [ 3, 11, 10, 8, 0 ] ], [ [ 10, 4, 9, 8 ] ] ] }, "roof_props": null, "wall_color": "terracotta", "type": "yes", "landmark": null, "footprint_source": "osm", "source_updated": null, "is_part": false, "parent": null, "hidden": false, "addr": "1404 Wallace Street", "wikidata": null, "website": null, "zoning": "R-48", "lidar_p90": 8.45, "ground_z": 59.36 }, "geometry": { "type": "Polygon", "coordinates": [ [ [ 282626.91, 4157924.45 ], [ 282622.31, 4157914.58 ], [ 282615.9, 4157917.53 ], [ 282620.49, 4157927.41 ], [ 282626.91, 4157924.45 ] ] ] } },
{ "type": "Feature", "properties": { "id": "osm:way/625791704", "name": null, "height": 6.16, "min_height": 0.0, "levels": null, "height_source": "lidar", "roof_shape": "gable", "roof_height": 2.39, "roof_azimuth": 114.9, "roof_source": "lod2", "roof_color": "roof_flat", "roof_color_source": "ortho", "lod2_roof": { "v": [ [ 282615.59, 4157920.7, 2.39 ], [ 282619.04, 4157928.11, 0.04 ], [ 282614.28, 4157930.31, 0.09 ], [ 282608.76, 4157920.86, 0.0 ], [ 282614.44, 4157918.24, 0.0 ], [ 282614.95, 4157919.32, 0.0 ], [ 282613.41, 4157919.8, 0.0 ], [ 282613.41, 4157919.8, 0.0 ], [ 282614.95, 4157919.32, 0.04 ], [ 282610.24, 4157923.4, 2.38 ], [ 282609.34, 4157921.86, 0.0 ], [ 282609.34, 4157921.86, 0.0 ] ], "f": [ [ [ 2, 9, 0, 1 ] ], [ [ 8, 0, 9, 11, 6 ] ], [ [ 10, 3, 4, 5, 7 ] ], [ [ 6, 7, 5, 8 ] ], [ [ 11, 10, 7, 6 ] ] ] }, "roof_props": null, "wall_color": "concrete", "type": "yes", "landmark": null, "footprint_source": "osm", "source_updated": null, "is_part": false, "parent": null, "hidden": false, "addr": "1406 Wallace Street", "wikidata": null, "website": null, "zoning": "R-48", "lidar_p90": 8.3, "ground_z": 59.4 }, "geometry": { "type": "Polygon", "coordinates": [ [ [ 282619.04, 4157928.11 ], [ 282614.44, 4157918.24 ], [ 282608.03, 4157921.19 ], [ 282612.63, 4157931.07 ], [ 282619.04, 4157928.11 ] ] ] } },
{ "type": "Feature", "properties": { "id": "osm:way/625791702", "name": null, "height": 7.53, "min_height": 0.0, "levels": null, "height_source": "lidar", "roof_shape": "flat", "roof_height": 1.04, "roof_azimuth": null, "roof_source": "lod2", "roof_color": "slate", "roof_color_source": "ortho", "lod2_roof": { "v": [ [ 282608.29, 4157924.24, 1.04 ], [ 282611.78, 4157931.76, 0.0 ], [ 282607.62, 4157922.8, 0.0 ], [ 282607.62, 4157922.8, 0.0 ], [ 282600.78, 4157924.85, 0.0 ], [ 282601.66, 4157924.44, 0.0 ], [ 282601.66, 4157924.44, 0.0 ], [ 282602.07, 4157925.28, 0.0 ], [ 282602.07, 4157925.28, 0.0 ], [ 282601.93, 4157927.32, 1.03 ], [ 282607.19, 4157921.88, 0.0 ], [ 282602.86, 4157926.87, 1.03 ], [ 282606.48, 4157934.21, 0.0 ] ], "f": [ [ [ 3, 7, 5, 10 ] ], [ [ 8, 2, 0, 11, 9, 4, 6 ] ], [ [ 1, 12, 11, 0 ] ], [ [ 6, 5, 7, 8 ] ], [ [ 8, 7, 3, 2 ] ] ] }, "roof_props": null, "wall_color": "cream", "type": "yes", "landmark": null, "footprint_source": "osm", "source_updated": null, "is_part": false, "parent": null, "hidden": false, "addr": "1408 Wallace Street", "wikidata": null, "website": null, "zoning": "R-48", "lidar_p90": 8.24, "ground_z": 59.42 }, "geometry": { "type": "Polygon", "coordinates": [ [ [ 282611.78, 4157931.76 ], [ 282607.19, 4157921.88 ], [ 282600.78, 4157924.85 ], [ 282605.37, 4157934.72 ], [ 282611.78, 4157931.76 ] ] ] } },
{ "type": "Feature", "properties": { "id": "osm:way/625791700", "name": null, "height": 6.43, "min_height": 0.0, "levels": null, "height_source": "lidar", "roof_shape": "hip", "roof_height": 2.28, "roof_azimuth": 10.0, "roof_source": "lod2", "roof_color": "roof_flat", "roof_color_source": "ortho", "lod2_roof": { "v": [ [ 282600.31, 4157928.06, 2.27 ], [ 282603.93, 4157935.83, 0.0 ], [ 282598.92, 4157938.13, 0.0 ], [ 282599.33, 4157925.95, 0.0 ], [ 282594.27, 4157928.28, 0.0 ], [ 282594.43, 4157928.21, 0.0 ], [ 282594.43, 4157928.21, 0.0 ], [ 282595.29, 4157930.44, 2.28 ], [ 282596.96, 4157927.05, 0.0 ], [ 282595.42, 4157928.51, 0.0 ], [ 282595.42, 4157928.51, 0.0 ], [ 282596.96, 4157927.05, 0.0 ], [ 282597.27, 4157927.74, 0.0 ], [ 282597.27, 4157927.74, 0.0 ] ], "f": [ [ [ 2, 7, 0, 1 ] ], [ [ 13, 9, 5, 8 ] ], [ [ 10, 12, 11, 3, 0, 7, 4, 6 ] ], [ [ 6, 5, 9, 10 ] ], [ [ 12, 13, 8, 11 ] ], [ [ 10, 9, 13, 12 ] ] ] }, "roof_props": null, "wall_color": "cream", "type": "yes", "landmark": null, "footprint_source": "osm", "source_updated": null, "is_part": false, "parent": null, "hidden": false, "addr": "1410 Wallace Street", "wikidata": null, "website": null, "zoning": "R-48", "lidar_p90": 8.49, "ground_z": 59.53 }, "geometry": { "type": "Polygon", "coordinates": [ [ [ 282603.93, 4157935.83 ], [ 282599.33, 4157925.95 ], [ 282592.92, 4157928.91 ], [ 282597.52, 4157938.78 ], [ 282603.93, 4157935.83 ] ] ] } },
{ "type": "Feature", "properties": { "id": "osm:way/625791698", "name": null, "height": 6.04, "min_height": 0.0, "levels": null, "height_source": "lidar", "roof_shape": "gable", "roof_height": 2.4, "roof_azimuth": 114.9, "roof_source": "lod2", "roof_color": "roof_flat", "roof_color_source": "ortho", "lod2_roof": { "v": [ [ 282587.48, 4157934.12, 2.39 ], [ 282586.28, 4157932.22, 0.0 ], [ 282592.37, 4157931.77, 2.4 ], [ 282596.07, 4157939.7, 0.0 ], [ 282588.18, 4157935.22, 2.02 ], [ 282591.13, 4157941.97, 0.0 ], [ 282591.47, 4157929.82, 0.0 ] ], "f": [ [ [ 6, 2, 0, 1 ] ], [ [ 3, 5, 4, 0, 2 ] ] ] }, "roof_props": null, "wall_color": "concrete", "type": "yes", "landmark": null, "footprint_source": "osm", "source_updated": null, "is_part": false, "parent": null, "hidden": false, "addr": "1412 Wallace Street", "wikidata": null, "website": null, "zoning": "R-48", "lidar_p90": 8.25, "ground_z": 59.67 }, "geometry": { "type": "Polygon", "coordinates": [ [ [ 282596.07, 4157939.7 ], [ 282591.47, 4157929.82 ], [ 282585.06, 4157932.78 ], [ 282589.65, 4157942.65 ], [ 282596.07, 4157939.7 ] ] ] } },
{ "type": "Feature", "properties": { "id": "osm:way/625791690", "name": null, "height": 6.11, "min_height": 0.0, "levels": null, "height_source": "lidar", "roof_shape": "skillion", "roof_height": 3.18, "roof_azimuth": 126.3, "roof_source": "lod2", "roof_color": "roof_flat", "roof_color_source": "ortho", "lod2_roof": { "v": [ [ 282655.77, 4157942.55, 0.09 ], [ 282655.77, 4157942.55, 0.09 ], [ 282655.77, 4157942.55, 0.09 ], [ 282658.31, 4157943.36, 2.75 ], [ 282658.31, 4157943.36, 1.13 ], [ 282658.26, 4157940.57, 0.0 ], [ 282658.83, 4157941.82, 1.09 ], [ 282649.28, 4157944.63, 0.0 ], [ 282655.14, 4157941.98, 0.0 ], [ 282655.14, 4157941.98, 0.0 ], [ 282659.85, 4157946.61, 3.18 ], [ 282659.85, 4157946.61, 2.84 ], [ 282652.56, 4157949.91, 3.1 ], [ 282660.81, 4157946.17, 1.32 ], [ 282659.58, 4157946.04, 2.83 ] ], "f": [ [ [ 4, 14, 10, 12, 7, 9, 0, 2 ] ], [ [ 6, 13, 11, 14, 3 ] ], [ [ 8, 5, 6, 3, 2, 1 ] ], [ [ 0, 1, 2 ] ], [ [ 3, 4, 2 ] ], [ [ 9, 8, 1, 0 ] ], [ [ 11, 10, 14 ] ], [ [ 4, 3, 14 ] ] ] }, "roof_props": null, "wall_color": "sand", "type": "yes", "landmark": null, "footprint_source": "osm", "source_updated": null, "is_part": false, "parent": null, "hidden": false, "addr": "1401 Idlewood Avenue", "wikidata": null, "website": null, "zoning": "R-48", "lidar_p90": 8.31, "ground_z": 59.8 }, "geometry": { "type": "Polygon", "coordinates": [ [ [ 282651.41, 4157950.43 ], [ 282660.81, 4157946.17 ], [ 282658.26, 4157940.57 ], [ 282648.85, 4157944.82 ], [ 282651.41, 4157950.43 ] ] ] } },
{ "type": "Feature", "properties": { "id": "osm:way/625791688", "name": null, "height": 5.83, "min_height": 0.0, "levels": null, "height_source": "lidar", "roof_shape": "skillion", "roof_height": 2.99, "roof_azimuth": 114.3, "roof_source": "lod2", "roof_color": "roof_flat", "roof_color_source": "ortho", "lod2_roof": { "v": [ [ 282640.09, 4157944.8, 0.0 ], [ 282639.62, 4157943.76, 0.0 ], [ 282640.09, 4157944.8, 0.12 ], [ 282645.25, 4157942.71, 0.0 ], [ 282645.25, 4157942.71, 0.19 ], [ 282644.66, 4157941.43, 0.0 ], [ 282649.26, 4157951.31, 2.99 ], [ 282644.05, 4157953.71, 2.99 ] ], "f": [ [ [ 1, 5, 3, 0 ] ], [ [ 4, 6, 7, 2 ] ], [ [ 2, 0, 3, 4 ] ] ] }, "roof_props": null, "wall_color": "brick", "type": "yes", "landmark": null, "footprint_source": "osm", "source_updated": null, "is_part": false, "parent": null, "hidden": false, "addr": "1403 Idlewood Avenue", "wikidata": null, "website": null, "zoning": "R-48", "lidar_p90": 8.1, "ground_z": 59.63 }, "geometry": { "type": "Polygon", "coordinates": [ [ [ 282649.25, 4157951.31 ], [ 282644.65, 4157941.43 ], [ 282638.25, 4157944.4 ], [ 282642.84, 4157954.27 ], [ 282649.25, 4157951.31 ] ] ] } },
{ "type": "Feature", "properties": { "id": "osm:way/625791687", "name": null, "height": 5.74, "min_height": 0.0, "levels": null, "height_source": "lidar", "roof_shape": "skillion", "roof_height": 3.1, "roof_azimuth": 115.2, "roof_source": "lod2", "roof_color": "roof_flat", "roof_color_source": "ortho", "lod2_roof": { "v": [ [ 282632.4, 4157948.95, 0.0 ], [ 282631.73, 4157947.55, 0.0 ], [ 282636.44, 4157957.37, 3.08 ], [ 282632.4, 4157948.95, 0.26 ], [ 282637.24, 4157946.69, 0.0 ], [ 282637.24, 4157946.69, 0.27 ], [ 282641.19, 4157955.18, 3.1 ], [ 282636.6, 4157945.31, 0.0 ] ], "f": [ [ [ 5, 6, 2, 3 ] ], [ [ 7, 4, 0, 1 ] ], [ [ 3, 0, 4, 5 ] ] ] }, "roof_props": null, "wall_color": "cream", "type": "yes", "landmark": null, "footprint_source": "osm", "source_updated": null, "is_part": false, "parent": null, "hidden": false, "addr": "1405 Idlewood Avenue", "wikidata": null, "website": null, "zoning": "R-48", "lidar_p90": 8.26, "ground_z": 59.62 }, "geometry": { "type": "Polygon", "coordinates": [ [ [ 282641.19, 4157955.18 ], [ 282636.59, 4157945.31 ], [ 282630.18, 4157948.26 ], [ 282634.77, 4157958.14 ], [ 282641.19, 4157955.18 ] ] ] } },
{ "type": "Feature", "properties": { "id": "osm:way/625791686", "name": null, "height": 5.77, "min_height": 0.0, "levels": null, "height_source": "lidar", "roof_shape": "skillion", "roof_height": 2.84, "roof_azimuth": 115.6, "roof_source": "lod2", "roof_color": "roof_flat", "roof_color_source": "ortho", "lod2_roof": { "v": [ [ 282633.62, 4157958.53, 2.84 ], [ 282633.94, 4157959.24, 1.54 ], [ 282624.22, 4157951.73, 0.0 ], [ 282629.34, 4157949.36, 0.0 ], [ 282628.77, 4157961.62, 1.62 ], [ 282628.47, 4157960.96, 2.84 ] ], "f": [ [ [ 4, 5, 0, 1 ] ], [ [ 5, 2, 3, 0 ] ] ] }, "roof_props": null, "wall_color": "concrete", "type": "yes", "landmark": null, "footprint_source": "osm", "source_updated": null, "is_part": false, "parent": null, "hidden": false, "addr": "1407 Idlewood Avenue", "wikidata": null, "website": null, "zoning": "R-48", "lidar_p90": 8.04, "ground_z": 59.7 }, "geometry": { "type": "Polygon", "coordinates": [ [ [ 282633.94, 4157959.24 ], [ 282629.34, 4157949.36 ], [ 282622.94, 4157952.32 ], [ 282627.53, 4157962.19 ], [ 282633.94, 4157959.24 ] ] ] } },
{ "type": "Feature", "properties": { "id": "osm:way/625791694", "name": null, "height": 6.38, "min_height": 0.0, "levels": null, "height_source": "lidar", "roof_shape": "skillion", "roof_height": 2.29, "roof_azimuth": 106.5, "roof_source": "lod2", "roof_color": "concrete", "roof_color_source": "ortho", "lod2_roof": { "v": [ [ 282580.74, 4157947.0, 0.0 ], [ 282575.44, 4157949.46, 0.0 ], [ 282575.7, 4157939.74, 2.24 ], [ 282575.7, 4157939.74, 1.88 ], [ 282575.95, 4157939.62, 2.24 ], [ 282575.99, 4157939.6, 2.29 ], [ 282575.99, 4157939.6, 2.24 ], [ 282574.75, 4157937.77, 2.09 ], [ 282574.75, 4157937.77, 2.09 ], [ 282576.14, 4157937.13, 0.01 ], [ 282573.16, 4157938.51, 0.0 ], [ 282573.16, 4157938.51, 0.0 ], [ 282571.35, 4157939.35, 0.0 ], [ 282572.2, 4157941.45, 2.23 ], [ 282574.99, 4157939.4, 1.32 ], [ 282577.05, 4157939.08, 0.68 ], [ 282577.05, 4157939.08, 2.25 ], [ 282576.02, 4157939.59, 2.24 ] ], "f": [ [ [ 11, 14, 2, 13, 12 ] ], [ [ 8, 5, 4, 3, 14, 10 ] ], [ [ 16, 0, 1, 13, 2, 4, 6, 17 ] ], [ [ 9, 15, 17, 5, 7 ] ], [ [ 2, 3, 4 ] ], [ [ 5, 6, 4 ] ], [ [ 3, 2, 14 ] ], [ [ 11, 10, 14 ] ], [ [ 8, 7, 5 ] ], [ [ 15, 16, 17 ] ], [ [ 6, 5, 17 ] ] ] }, "roof_props": null, "wall_color": "sand", "type": "yes", "landmark": null, "footprint_source": "osm", "source_updated": null, "is_part": false, "parent": null, "hidden": false, "addr": "1416 Wallace Street", "wikidata": null, "website": null, "zoning": "R-48", "lidar_p90": 8.37, "ground_z": 60.04 }, "geometry": { "type": "Polygon", "coordinates": [ [ [ 282580.74, 4157947.0 ], [ 282576.14, 4157937.13 ], [ 282569.74, 4157940.1 ], [ 282574.33, 4157949.97 ], [ 282580.74, 4157947.0 ] ] ] } },
{ "type": "Feature", "properties": { "id": "osm:way/625791692", "name": null, "height": 6.44, "min_height": 0.0, "levels": null, "height_source": "lidar", "roof_shape": "gable", "roof_height": 2.3, "roof_azimuth": 114.9, "roof_source": "lod2", "roof_color": "roof_flat", "roof_color_source": "ortho", "lod2_roof": { "v": [ [ 282563.75, 4157943.48, 0.0 ], [ 282563.53, 4157942.99, 0.0 ], [ 282572.87, 4157950.66, 0.0 ], [ 282568.04, 4157952.9, 0.0 ], [ 282569.22, 4157942.82, 2.19 ], [ 282569.22, 4157942.82, 0.98 ], [ 282568.28, 4157940.79, 0.37 ], [ 282564.49, 4157945.1, 2.18 ], [ 282563.75, 4157943.48, 0.0 ], [ 282565.12, 4157942.25, 0.0 ], [ 282568.03, 4157943.39, 2.3 ], [ 282568.03, 4157943.39, 2.18 ], [ 282567.95, 4157943.43, 2.18 ], [ 282567.09, 4157941.34, 1.67 ], [ 282565.12, 4157942.25, 0.0 ], [ 282565.77, 4157942.53, 0.0 ], [ 282565.77, 4157942.53, 0.0 ], [ 282568.13, 4157943.34, 2.18 ] ], "f": [ [ [ 11, 17, 4, 2, 3, 7, 12 ] ], [ [ 16, 0, 1, 9 ] ], [ [ 15, 12, 7, 8 ] ], [ [ 5, 17, 10, 13, 6 ] ], [ [ 12, 15, 14, 13, 10 ] ], [ [ 10, 11, 12 ] ], [ [ 15, 16, 9, 14 ] ], [ [ 8, 0, 16, 15 ] ], [ [ 11, 10, 17 ] ], [ [ 5, 4, 17 ] ] ] }, "roof_props": null, "wall_color": "terracotta", "type": "yes", "landmark": null, "footprint_source": "osm", "source_updated": null, "is_part": false, "parent": null, "hidden": false, "addr": "1418 Wallace Street", "wikidata": null, "website": null, "zoning": "R-48", "lidar_p90": 8.29, "ground_z": 60.11 }, "geometry": { "type": "Polygon", "coordinates": [ [ [ 282572.87, 4157950.66 ], [ 282568.28, 4157940.79 ], [ 282561.86, 4157943.76 ], [ 282566.46, 4157953.63 ], [ 282572.87, 4157950.66 ] ] ] } },
{ "type": "Feature", "properties": { "id": "osm:way/625791691", "name": null, "height": 6.23, "min_height": 0.0, "levels": null, "height_source": "lidar", "roof_shape": "gable", "roof_height": 2.56, "roof_azimuth": 114.9, "roof_source": "lod2", "roof_color": "roof_flat", "roof_color_source": "ortho", "lod2_roof": { "v": [ [ 282561.63, 4157946.46, 2.56 ], [ 282565.2, 4157954.12, 0.15 ], [ 282560.46, 4157956.31, 0.18 ], [ 282556.72, 4157948.81, 2.56 ], [ 282555.93, 4157947.21, 0.0 ], [ 282555.93, 4157947.21, 0.0 ], [ 282560.92, 4157944.93, 0.0 ], [ 282560.92, 4157944.93, 0.02 ], [ 282555.61, 4157946.56, 0.0 ], [ 282560.6, 4157944.25, 0.0 ] ], "f": [ [ [ 3, 0, 1, 2 ] ], [ [ 0, 3, 5, 7 ] ], [ [ 4, 8, 9, 6 ] ], [ [ 5, 4, 6, 7 ] ] ] }, "roof_props": null, "wall_color": "terracotta", "type": "yes", "landmark": null, "footprint_source": "osm", "source_updated": null, "is_part": false, "parent": null, "hidden": false, "addr": "1420 Wallace Street", "wikidata": null, "website": null, "zoning": "R-48", "lidar_p90": 8.24, "ground_z": 60.57 }, "geometry": { "type": "Polygon", "coordinates": [ [ [ 282565.2, 4157954.12 ], [ 282560.6, 4157944.24 ], [ 282554.2, 4157947.21 ], [ 282558.79, 4157957.08 ], [ 282565.2, 4157954.12 ] ] ] } },
{ "type": "Feature", "properties": { "id": "osm:way/625791712", "name": null, "height": 6.22, "min_height": 0.0, "levels": null, "height_source": "lidar", "roof_shape": "gable", "roof_height": 2.29, "roof_azimuth": 115.1, "roof_source": "lidar", "roof_color": "concrete", "roof_color_source": "ortho", "lod2_roof": null, "roof_props": null, "wall_color": "brick", "type": "yes", "landmark": null, "footprint_source": "osm", "source_updated": null, "is_part": false, "parent": null, "hidden": false, "addr": "1422 Wallace Street", "wikidata": null, "website": null, "zoning": "R-48", "lidar_p90": 8.62, "ground_z": 61.19 }, "geometry": { "type": "Polygon", "coordinates": [ [ [ 282546.97, 4157960.17 ], [ 282556.74, 4157955.62 ], [ 282553.42, 4157948.56 ], [ 282543.66, 4157953.13 ], [ 282546.97, 4157960.17 ] ] ] } },
{ "type": "Feature", "properties": { "id": "richmond_structure:393665", "name": null, "height": 2.82, "min_height": 0.0, "levels": null, "height_source": "lidar", "roof_shape": "flat", "roof_height": 0.56, "roof_azimuth": null, "roof_source": "lod2", "roof_color": "roof_flat", "roof_color_source": "ortho", "lod2_roof": { "v": [ [ 282550.94, 4157963.02, 0.56 ], [ 282554.43, 4157961.34, 0.15 ], [ 282556.89, 4157966.8, 0.0 ], [ 282553.36, 4157968.39, 0.41 ] ], "f": [ [ [ 2, 3, 0, 1 ] ] ] }, "roof_props": null, "wall_color": "terracotta", "type": "yes", "landmark": null, "footprint_source": "richmond_structures", "source_updated": "2026-09-08T12:07:13.637000Z", "is_part": false, "parent": null, "hidden": false, "addr": null, "wikidata": null, "website": null, "zoning": "R-48", "lidar_p90": 2.9, "ground_z": 60.86 }, "geometry": { "type": "Polygon", "coordinates": [ [ [ 282554.08, 4157960.56 ], [ 282550.54, 4157962.15 ], [ 282553.36, 4157968.39 ], [ 282556.89, 4157966.8 ], [ 282554.08, 4157960.56 ] ] ] } },
{ "type": "Feature", "properties": { "id": "osm:way/625791745", "name": null, "height": 6.41, "min_height": 0.0, "levels": null, "height_source": "lidar", "roof_shape": "gable", "roof_height": 1.78, "roof_azimuth": 115.1, "roof_source": "lidar", "roof_color": "slate", "roof_color_source": "ortho", "lod2_roof": null, "roof_props": null, "wall_color": "concrete", "type": "yes", "landmark": null, "footprint_source": "osm", "source_updated": null, "is_part": false, "parent": null, "hidden": false, "addr": "1500 Wallace Street", "wikidata": null, "website": null, "zoning": "R-48", "lidar_p90": 8.59, "ground_z": 62.2 }, "geometry": { "type": "Polygon", "coordinates": [ [ [ 282516.5, 4157973.98 ], [ 282526.27, 4157969.43 ], [ 282522.95, 4157962.38 ], [ 282513.19, 4157966.94 ], [ 282516.5, 4157973.98 ] ] ] } },
{ "type": "Feature", "properties": { "id": "richmond_structure:393863", "name": null, "height": 2.5, "min_height": 0.0, "levels": null, "height_source": "lidar", "roof_shape": "flat", "roof_height": 0.45, "roof_azimuth": null, "roof_source": "lod2", "roof_color": "roof_dark", "roof_color_source": "heuristic", "lod2_roof": { "v": [ [ 282552.6, 4157969.22, 0.0 ], [ 282547.93, 4157970.77, 0.43 ], [ 282551.58, 4157967.14, 0.0 ], [ 282547.13, 4157969.15, 0.45 ] ], "f": [ [ [ 3, 2, 0, 1 ] ] ] }, "roof_props": null, "wall_color": "terracotta", "type": "yes", "landmark": null, "footprint_source": "richmond_structures", "source_updated": "2026-09-08T12:07:13.637000Z", "is_part": false, "parent": null, "hidden": false, "addr": null, "wikidata": null, "website": null, "zoning": "R-48", "lidar_p90": 2.41, "ground_z": 61.06 }, "geometry": { "type": "Polygon", "coordinates": [ [ [ 282552.6, 4157969.22 ], [ 282551.1, 4157966.18 ], [ 282546.73, 4157968.34 ], [ 282547.93, 4157970.77 ], [ 282552.6, 4157969.22 ] ] ] } },
{ "type": "Feature", "properties": { "id": "osm:way/625791744", "name": null, "height": 7.17, "min_height": 0.0, "levels": null, "height_source": "lidar", "roof_shape": "flat", "roof_height": 1.55, "roof_azimuth": null, "roof_source": "lod2", "roof_color": "roof_flat", "roof_color_source": "ortho", "lod2_roof": { "v": [ [ 282505.43, 4157969.63, 0.0 ], [ 282510.45, 4157967.15, 0.0 ], [ 282510.7, 4157967.64, 0.0 ], [ 282510.7, 4157967.64, 0.0 ], [ 282512.12, 4157970.48, 1.11 ], [ 282512.12, 4157970.48, 1.51 ], [ 282510.42, 4157980.38, 0.0 ], [ 282506.9, 4157972.63, 1.19 ], [ 282509.01, 4157970.22, 0.0 ], [ 282509.01, 4157970.22, 0.0 ], [ 282509.01, 4157970.22, 1.55 ], [ 282509.42, 4157970.78, 0.5 ], [ 282509.42, 4157970.78, 1.36 ], [ 282511.26, 4157970.58, 1.19 ], [ 282515.75, 4157977.73, 0.0 ], [ 282508.58, 4157970.88, 1.44 ], [ 282508.58, 4157970.88, 0.0 ], [ 282508.58, 4157970.88, 0.0 ], [ 282506.85, 4157970.34, 0.0 ], [ 282506.85, 4157970.34, 0.0 ], [ 282507.44, 4157970.83, 0.0 ], [ 282507.44, 4157970.83, 0.0 ], [ 282507.93, 4157970.95, 0.0 ], [ 282507.93, 4157970.95, 0.0 ], [ 282507.65, 4157972.29, 1.19 ], [ 282506.15, 4157972.67, 0.79 ], [ 282506.46, 4157971.65, 0.0 ], [ 282505.99, 4157970.63, 0.0 ], [ 282506.8, 4157972.41, 0.83 ], [ 282506.72, 4157970.75, 0.0 ], [ 282506.81, 4157970.45, 0.0 ], [ 282506.81, 4157970.45, 0.0 ], [ 282507.55, 4157970.89, 0.0 ], [ 282507.55, 4157970.89, 0.0 ] ], "f": [ [ [ 5, 13, 11, 8, 2 ] ], [ [ 7, 24, 15, 10, 12, 13, 4, 14, 6 ] ], [ [ 33, 22, 16, 24, 7, 28, 25, 26, 27, 29, 31, 18, 21 ] ], [ [ 30, 0, 1, 3, 9, 17, 23, 32, 20, 19 ] ], [ [ 8, 9, 3, 2 ] ], [ [ 10, 8, 11, 12 ] ], [ [ 12, 11, 13 ] ], [ [ 5, 4, 13 ] ], [ [ 15, 16, 17, 9, 8, 10 ] ], [ [ 18, 19, 20, 21 ] ], [ [ 22, 23, 17, 16 ] ], [ [ 16, 15, 24 ] ], [ [ 21, 20, 32, 33 ] ], [ [ 31, 30, 19, 18 ] ], [ [ 33, 32, 23, 22 ] ] ] }, "roof_props": null, "wall_color": "concrete", "type": "yes", "landmark": null, "footprint_source": "osm", "source_updated": null, "is_part": false, "parent": null, "hidden": false, "addr": "1502 Wallace Street", "wikidata": null, "website": null, "zoning": "R-48", "lidar_p90": 7.97, "ground_z": 62.51 }, "geometry": { "type": "Polygon", "coordinates": [ [ [ 282508.9, 4157981.13 ], [ 282515.75, 4157977.73 ], [ 282510.45, 4157967.15 ], [ 282503.61, 4157970.53 ], [ 282508.9, 4157981.13 ] ] ] } },
{ "type": "Feature", "properties": { "id": "richmond_structure:393667", "name": null, "height": 2.9, "min_height": 0.0, "levels": null, "height_source": "lidar", "roof_shape": "flat", "roof_height": 0.74, "roof_azimuth": null, "roof_source": "lod2", "roof_color": "roof_flat", "roof_color_source": "heuristic", "lod2_roof": { "v": [ [ 282569.02, 4157977.92, 0.0 ], [ 282566.7, 4157978.95, 0.62 ], [ 282564.59, 4157974.22, 0.74 ], [ 282567.15, 4157973.74, 0.0 ], [ 282566.71, 4157974.2, 0.0 ], [ 282566.4, 4157973.41, 0.0 ] ], "f": [ [ [ 2, 5, 4, 3, 0, 1 ] ] ] }, "roof_props": null, "wall_color": "sand", "type": "yes", "landmark": null, "footprint_source": "richmond_structures", "source_updated": "2026-09-08T12:07:13.637000Z", "is_part": false, "parent": null, "hidden": false, "addr": null, "wikidata": null, "website": null, "zoning": "R-48", "lidar_p90": 3.03, "ground_z": 60.3 }, "geometry": { "type": "Polygon", "coordinates": [ [ [ 282566.9, 4157973.18 ], [ 282564.59, 4157974.22 ], [ 282566.7, 4157978.95 ], [ 282569.01, 4157977.92 ], [ 282566.9, 4157973.18 ] ] ] } },
{ "type": "Feature", "properties": { "id": "osm:way/625791680", "name": null, "height": 6.18, "min_height": 0.0, "levels": null, "height_source": "lidar", "roof_shape": "skillion", "roof_height": 2.52, "roof_azimuth": 124.6, "roof_source": "lod2", "roof_color": "roof_flat", "roof_color_source": "ortho", "lod2_roof": { "v": [ [ 282587.33, 4157980.64, 2.51 ], [ 282587.77, 4157981.59, 0.83 ], [ 282578.3, 4157973.97, 0.0 ], [ 282583.17, 4157971.72, 0.0 ], [ 282582.7, 4157983.94, 0.93 ], [ 282582.3, 4157983.03, 2.52 ] ], "f": [ [ [ 5, 2, 3, 0 ] ], [ [ 4, 5, 0, 1 ] ] ] }, "roof_props": null, "wall_color": "concrete", "type": "yes", "landmark": null, "footprint_source": "osm", "source_updated": null, "is_part": false, "parent": null, "hidden": false, "addr": "1419 Idlewood Avenue", "wikidata": null, "website": null, "zoning": "R-48", "lidar_p90": 8.4, "ground_z": 59.92 }, "geometry": { "type": "Polygon", "coordinates": [ [ [ 282587.77, 4157981.59 ], [ 282583.17, 4157971.71 ], [ 282576.76, 4157974.68 ], [ 282581.36, 4157984.55 ], [ 282587.77, 4157981.59 ] ] ] } },
{ "type": "Feature", "properties": { "id": "osm:way/625791742", "name": null, "height": 5.95, "min_height": 0.0, "levels": null, "height_source": "lidar", "roof_shape": "skillion", "roof_height": 2.46, "roof_azimuth": 118.3, "roof_source": "lod2", "roof_color": "concrete", "roof_color_source": "ortho", "lod2_roof": { "v": [ [ 282506.73, 4157984.08, 0.0 ], [ 282501.45, 4157986.69, 0.0 ], [ 282497.61, 4157978.4, 2.46 ], [ 282502.71, 4157976.04, 2.45 ], [ 282501.0, 4157973.69, 0.0 ], [ 282501.43, 4157973.48, 0.0 ], [ 282501.0, 4157973.69, 0.0 ], [ 282501.15, 4157973.87, 0.0 ], [ 282501.15, 4157973.87, 0.0 ], [ 282498.82, 4157976.72, 0.96 ], [ 282498.82, 4157976.72, 1.84 ], [ 282500.42, 4157975.1, 0.0 ], [ 282500.42, 4157975.1, 0.0 ], [ 282500.42, 4157975.1, 0.0 ], [ 282497.99, 4157975.18, 1.72 ], [ 282497.99, 4157975.18, 1.72 ], [ 282498.38, 4157977.17, 1.28 ], [ 282501.63, 4157973.87, 0.0 ], [ 282501.63, 4157973.87, 0.0 ], [ 282496.78, 4157976.6, 0.1 ], [ 282496.73, 4157976.5, 0.1 ], [ 282500.42, 4157975.1, 0.0 ], [ 282495.92, 4157976.2, 0.0 ], [ 282496.48, 4157976.88, 0.0 ], [ 282496.94, 4157976.95, 0.1 ] ], "f": [ [ [ 3, 0, 1, 2 ] ], [ [ 21, 7, 4, 5, 17 ] ], [ [ 24, 16, 9, 11, 13, 18, 3, 2 ] ], [ [ 16, 24, 23, 19, 20, 22, 14, 10 ] ], [ [ 8, 12, 11, 10, 15, 6 ] ], [ [ 6, 4, 7, 8 ] ], [ [ 9, 10, 11 ] ], [ [ 12, 13, 11 ] ], [ [ 14, 15, 10 ] ], [ [ 10, 9, 16 ] ], [ [ 13, 12, 21, 17, 18 ] ], [ [ 8, 7, 21, 12 ] ] ] }, "roof_props": null, "wall_color": "sand", "type": "yes", "landmark": null, "footprint_source": "osm", "source_updated": null, "is_part": false, "parent": null, "hidden": false, "addr": "1504 Wallace Street", "wikidata": null, "website": null, "zoning": "R-48", "lidar_p90": 8.11, "ground_z": 62.39 }, "geometry": { "type": "Polygon", "coordinates": [ [ [ 282499.88, 4157987.47 ], [ 282506.73, 4157984.08 ], [ 282501.43, 4157973.48 ], [ 282494.58, 4157976.87 ], [ 282499.88, 4157987.47 ] ] ] } },
{ "type": "Feature", "properties": { "id": "osm:way/625791679", "name": null, "height": 5.81, "min_height": 0.0, "levels": null, "height_source": "lidar", "roof_shape": "skillion", "roof_height": 2.68, "roof_azimuth": 112.9, "roof_source": "lod2", "roof_color": "roof_flat", "roof_color_source": "ortho", "lod2_roof": { "v": [ [ 282570.43, 4157977.46, 0.0 ], [ 282574.88, 4157975.4, 0.0 ], [ 282579.16, 4157984.6, 2.68 ], [ 282579.47, 4157985.27, 1.51 ], [ 282574.45, 4157986.71, 2.67 ], [ 282574.77, 4157987.45, 1.4 ] ], "f": [ [ [ 2, 4, 0, 1 ] ], [ [ 3, 5, 4, 2 ] ] ] }, "roof_props": null, "wall_color": "brick", "type": "yes", "landmark": null, "footprint_source": "osm", "source_updated": null, "is_part": false, "parent": null, "hidden": false, "addr": "1421 Idlewood Avenue", "wikidata": null, "website": null, "zoning": "R-48", "lidar_p90": 8.13, "ground_z": 60.07 }, "geometry": { "type": "Polygon", "coordinates": [ [ [ 282579.47, 4157985.27 ], [ 282574.88, 4157975.4 ], [ 282568.47, 4157978.36 ], [ 282573.06, 4157988.24 ], [ 282579.47, 4157985.27 ] ] ] } },
{ "type": "Feature", "properties": { "id": "osm:way/625791689", "name": null, "height": 5.84, "min_height": 0.0, "levels": null, "height_source": "lidar", "roof_shape": "gable", "roof_height": 1.93, "roof_azimuth": 26.0, "roof_source": "lidar", "roof_color": "roof_flat", "roof_color_source": "ortho", "lod2_roof": null, "roof_props": null, "wall_color": "sand", "type": "yes", "landmark": null, "footprint_source": "osm", "source_updated": null, "is_part": false, "parent": null, "hidden": false, "addr": "1423 Idlewood Avenue", "wikidata": null, "website": null, "zoning": "R-48", "lidar_p90": 8.64, "ground_z": 60.46 }, "geometry": { "type": "Polygon", "coordinates": [ [ [ 282562.34, 4157993.46 ], [ 282571.45, 4157989.02 ], [ 282568.45, 4157982.93 ], [ 282559.36, 4157987.36 ], [ 282562.34, 4157993.46 ] ] ] } },
{ "type": "Feature", "properties": { "id": "osm:way/625791685", "name": null, "height": 5.88, "min_height": 0.0, "levels": null, "height_source": "lidar", "roof_shape": "skillion", "roof_height": 2.76, "roof_azimuth": 114.8, "roof_source": "lod2", "roof_color": "roof_flat", "roof_color_source": "ortho", "lod2_roof": { "v": [ [ 282626.19, 4157962.07, 2.74 ], [ 282626.48, 4157962.69, 1.61 ], [ 282621.88, 4157952.81, 0.0 ], [ 282619.8, 4157965.05, 2.76 ], [ 282615.47, 4157955.77, 0.0 ], [ 282621.04, 4157964.47, 2.75 ], [ 282621.34, 4157965.06, 1.66 ] ], "f": [ [ [ 0, 5, 3, 4, 2 ] ], [ [ 5, 0, 1, 6 ] ] ] }, "roof_props": null, "wall_color": "concrete", "type": "yes", "landmark": null, "footprint_source": "osm", "source_updated": null, "is_part": false, "parent": null, "hidden": false, "addr": "1409 Idlewood Avenue", "wikidata": null, "website": null, "zoning": "R-48", "lidar_p90": 8.22, "ground_z": 59.69 }, "geometry": { "type": "Polygon", "coordinates": [ [ [ 282626.47, 4157962.69 ], [ 282621.88, 4157952.81 ], [ 282615.47, 4157955.77 ], [ 282620.07, 4157965.64 ], [ 282626.47, 4157962.69 ] ] ] } },
{ "type": "Feature", "properties": { "id": "osm:way/625791684", "name": null, "height": 6.03, "min_height": 0.0, "levels": null, "height_source": "lidar", "roof_shape": "skillion", "roof_height": 2.42, "roof_azimuth": 122.2, "roof_source": "lod2", "roof_color": "roof_flat", "roof_color_source": "ortho", "lod2_roof": { "v": [ [ 282608.87, 4157959.23, 0.0 ], [ 282614.43, 4157956.66, 0.0 ], [ 282618.58, 4157965.57, 2.42 ], [ 282619.02, 4157966.53, 0.96 ], [ 282612.67, 4157969.47, 1.12 ], [ 282613.3, 4157968.13, 2.41 ], [ 282613.48, 4157968.49, 1.86 ], [ 282613.0, 4157968.27, 2.41 ], [ 282613.41, 4157968.34, 2.09 ] ], "f": [ [ [ 2, 5, 0, 1 ] ], [ [ 8, 7, 5, 2, 3, 4, 6 ] ] ] }, "roof_props": null, "wall_color": "concrete", "type": "yes", "landmark": null, "footprint_source": "osm", "source_updated": null, "is_part": false, "parent": null, "hidden": false, "addr": "1411 Idlewood Avenue", "wikidata": null, "website": null, "zoning": "R-48", "lidar_p90": 8.28, "ground_z": 59.53 }, "geometry": { "type": "Polygon", "coordinates": [ [ [ 282619.02, 4157966.53 ], [ 282614.43, 4157956.66 ], [ 282608.02, 4157959.63 ], [ 282612.61, 4157969.5 ], [ 282619.02, 4157966.53 ] ] ] } },
{ "type": "Feature", "properties": { "id": "osm:way/625791683", "name": null, "height": 6.3, "min_height": 0.0, "levels": null, "height_source": "lidar", "roof_shape": "skillion", "roof_height": 2.26, "roof_azimuth": 114.6, "roof_source": "lod2", "roof_color": "roof_flat", "roof_color_source": "ortho", "lod2_roof": { "v": [ [ 282601.05, 4157962.4, 0.0 ], [ 282605.95, 4157960.14, 0.0 ], [ 282609.81, 4157968.45, 2.25 ], [ 282610.54, 4157970.01, 0.0 ], [ 282605.56, 4157972.31, 0.0 ], [ 282605.02, 4157970.77, 2.26 ], [ 282605.66, 4157972.13, 0.09 ] ], "f": [ [ [ 5, 0, 1, 2 ] ], [ [ 4, 6, 5, 2, 3 ] ] ] }, "roof_props": null, "wall_color": "cream", "type": "yes", "landmark": null, "footprint_source": "osm", "source_updated": null, "is_part": false, "parent": null, "hidden": false, "addr": "1413 Idlewood Avenue", "wikidata": null, "website": null, "zoning": "R-48", "lidar_p90": 8.4, "ground_z": 59.66 }, "geometry": { "type": "Polygon", "coordinates": [ [ [ 282610.54, 4157970.01 ], [ 282605.95, 4157960.14 ], [ 282599.53, 4157963.1 ], [ 282604.13, 4157972.98 ], [ 282610.54, 4157970.01 ] ] ] } },
{ "type": "Feature", "properties": { "id": "osm:way/625791682", "name": null, "height": 6.16, "min_height": 0.0, "levels": null, "height_source": "lidar", "roof_shape": "skillion", "roof_height": 2.49, "roof_azimuth": 114.0, "roof_source": "lod2", "roof_color": "roof_flat", "roof_color_source": "ortho", "lod2_roof": { "v": [ [ 282597.71, 4157975.61, 2.49 ], [ 282593.83, 4157966.65, 0.0 ], [ 282603.3, 4157974.28, 0.65 ], [ 282598.15, 4157976.65, 0.75 ], [ 282598.7, 4157964.4, 0.0 ], [ 282602.8, 4157973.2, 2.48 ] ], "f": [ [ [ 4, 5, 0, 1 ] ], [ [ 5, 2, 3, 0 ] ] ] }, "roof_props": null, "wall_color": "concrete", "type": "yes", "landmark": null, "footprint_source": "osm", "source_updated": null, "is_part": false, "parent": null, "hidden": false, "addr": "1415 Idlewood Avenue", "wikidata": null, "website": null, "zoning": "R-48", "lidar_p90": 8.45, "ground_z": 59.73 }, "geometry": { "type": "Polygon", "coordinates": [ [ [ 282603.3, 4157974.27 ], [ 282598.7, 4157964.4 ], [ 282592.3, 4157967.36 ], [ 282596.89, 4157977.23 ], [ 282603.3, 4157974.27 ] ] ] } },
{ "type": "Feature", "properties": { "id": "osm:way/625791681", "name": null, "height": 6.17, "min_height": 0.0, "levels": null, "height_source": "lidar", "roof_shape": "skillion", "roof_height": 2.47, "roof_azimuth": 116.2, "roof_source": "lod2", "roof_color": "roof_flat", "roof_color_source": "ortho", "lod2_roof": { "v": [ [ 282586.16, 4157970.52, 0.0 ], [ 282591.05, 4157968.26, 0.0 ], [ 282595.09, 4157976.95, 2.47 ], [ 282595.64, 4157978.13, 0.48 ], [ 282589.87, 4157979.39, 2.46 ], [ 282590.37, 4157980.57, 0.5 ] ], "f": [ [ [ 2, 4, 0, 1 ] ], [ [ 3, 5, 4, 2 ] ] ] }, "roof_props": null, "wall_color": "sand", "type": "yes", "landmark": null, "footprint_source": "osm", "source_updated": null, "is_part": false, "parent": null, "hidden": false, "addr": "1417 Idlewood Avenue", "wikidata": null, "website": null, "zoning": "R-48", "lidar_p90": 8.33, "ground_z": 59.79 }, "geometry": { "type": "Polygon", "coordinates": [ [ [ 282595.64, 4157978.13 ], [ 282591.05, 4157968.25 ], [ 282584.64, 4157971.22 ], [ 282589.23, 4157981.1 ], [ 282595.64, 4157978.13 ] ] ] } },
{ "type": "Feature", "properties": { "id": "osm:way/236143132", "name": "Second Baptist Church", "height": 10.25, "min_height": 0.0, "levels": null, "height_source": "lidar", "roof_shape": "flat", "roof_height": 0.0, "roof_azimuth": null, "roof_source": "heuristic", "roof_color": "roof_flat", "roof_color_source": "ortho", "lod2_roof": null, "roof_props": null, "wall_color": "sand", "type": "yes", "landmark": null, "footprint_source": "osm", "source_updated": null, "is_part": false, "parent": null, "hidden": false, "addr": "1400 Idlewood Ave", "wikidata": null, "website": null, "zoning": "R-48", "lidar_p90": 12.61, "ground_z": 59.54 }, "geometry": { "type": "Polygon", "coordinates": [ [ [ 282680.29, 4157968.55 ], [ 282673.31, 4157971.58 ], [ 282671.07, 4157966.39 ], [ 282643.75, 4157978.26 ], [ 282644.76, 4157980.58 ], [ 282639.46, 4157983.03 ], [ 282650.23, 4158004.95 ], [ 282679.75, 4157990.97 ], [ 282677.75, 4157985.97 ], [ 282685.79, 4157981.94 ], [ 282680.29, 4157968.55 ] ] ] } },
{ "type": "Feature", "properties": { "id": "osm:way/625798443", "name": null, "height": 5.84, "min_height": 0.0, "levels": null, "height_source": "lidar", "roof_shape": "gable", "roof_height": 1.89, "roof_azimuth": 99.1, "roof_source": "lidar", "roof_color": "roof_flat", "roof_color_source": "ortho", "lod2_roof": null, "roof_props": null, "wall_color": "cream", "type": "yes", "landmark": null, "footprint_source": "osm", "source_updated": null, "is_part": false, "parent": null, "hidden": false, "addr": "1401 Kemper Street", "wikidata": null, "website": null, "zoning": "R-48", "lidar_p90": 8.49, "ground_z": 58.17 }, "geometry": { "type": "Polygon", "coordinates": [ [ [ 282560.67, 4157761.23 ], [ 282567.26, 4157758.3 ], [ 282567.64, 4157759.16 ], [ 282571.07, 4157757.65 ], [ 282566.83, 4157748.16 ], [ 282564.86, 4157749.05 ], [ 282565.83, 4157751.22 ], [ 282557.79, 4157754.8 ], [ 282560.67, 4157761.23 ] ] ] } },
{ "type": "Feature", "properties": { "id": "richmond_structure:420549", "name": null, "height": 8.0, "min_height": 0.0, "levels": null, "height_source": "zoning", "roof_shape": "flat", "roof_height": 0.0, "roof_azimuth": null, "roof_source": "heuristic", "roof_color": "roof_dark", "roof_color_source": "heuristic", "lod2_roof": null, "roof_props": null, "wall_color": "concrete", "type": "yes", "landmark": null, "footprint_source": "richmond_structures", "source_updated": "2026-09-08T12:07:13.637000Z", "is_part": false, "parent": null, "hidden": false, "addr": null, "wikidata": null, "website": null, "zoning": "R-48", "lidar_p90": 0.11, "ground_z": 58.32 }, "geometry": { "type": "Polygon", "coordinates": [ [ [ 282505.39, 4157753.04 ], [ 282502.16, 4157754.54 ], [ 282504.75, 4157760.04 ], [ 282507.8, 4157758.58 ], [ 282505.39, 4157753.04 ] ] ] } },
{ "type": "Feature", "properties": { "id": "osm:way/625798442", "name": null, "height": 5.73, "min_height": 0.0, "levels": null, "height_source": "lidar", "roof_shape": "skillion", "roof_height": 2.93, "roof_azimuth": 118.3, "roof_source": "lod2", "roof_color": "roof_flat", "roof_color_source": "ortho", "lod2_roof": { "v": [ [ 282549.42, 4157753.94, 0.0 ], [ 282554.59, 4157751.64, 0.03 ], [ 282558.73, 4157760.85, 2.92 ], [ 282559.29, 4157762.09, 0.9 ], [ 282553.87, 4157763.19, 2.93 ], [ 282554.39, 4157764.28, 1.14 ], [ 282553.87, 4157763.19, 2.93 ] ], "f": [ [ [ 2, 4, 0, 1 ] ], [ [ 3, 5, 6, 2 ] ], [ [ 6, 4, 2 ] ] ] }, "roof_props": null, "wall_color": "concrete", "type": "yes", "landmark": null, "footprint_source": "osm", "source_updated": null, "is_part": false, "parent": null, "hidden": false, "addr": "1403 Kemper Street", "wikidata": null, "website": null, "zoning": "R-48", "lidar_p90": 8.08, "ground_z": 58.44 }, "geometry": { "type": "Polygon", "coordinates": [ [ [ 282559.29, 4157762.09 ], [ 282554.59, 4157751.64 ], [ 282548.15, 4157754.5 ], [ 282552.85, 4157764.96 ], [ 282559.29, 4157762.09 ] ] ] } },
{ "type": "Feature", "properties": { "id": "osm:way/625798454", "name": null, "height": 6.87, "min_height": 0.0, "levels": null, "height_source": "lidar", "roof_shape": "flat", "roof_height": 2.44, "roof_azimuth": null, "roof_source": "lod2", "roof_color": "roof_flat", "roof_color_source": "ortho", "lod2_roof": { "v": [ [ 282618.57, 4157756.01, 0.0 ], [ 282618.57, 4157756.01, 0.0 ], [ 282618.97, 4157756.34, 0.0 ], [ 282618.97, 4157756.34, 0.0 ], [ 282609.58, 4157748.46, 0.0 ], [ 282609.31, 4157747.86, 0.0 ], [ 282609.31, 4157747.86, 0.0 ], [ 282610.59, 4157747.81, 0.0 ], [ 282613.84, 4157757.9, 0.0 ], [ 282613.7, 4157757.58, 0.0 ], [ 282608.17, 4157745.33, 0.0 ], [ 282614.9, 4157742.31, 0.0 ], [ 282619.0, 4157757.2, 0.0 ], [ 282619.0, 4157757.2, 0.0 ], [ 282619.01, 4157757.64, 0.0 ], [ 282619.01, 4157757.64, 0.0 ], [ 282617.71, 4157758.22, 0.0 ], [ 282618.85, 4157757.22, 0.0 ], [ 282618.85, 4157757.22, 0.0 ], [ 282616.82, 4157757.61, 0.78 ], [ 282616.82, 4157757.61, 0.2 ], [ 282617.25, 4157756.91, 0.81 ], [ 282617.25, 4157756.91, 1.88 ], [ 282617.92, 4157756.67, 0.7 ], [ 282621.34, 4157756.6, 0.0 ], [ 282615.08, 4157756.45, 2.34 ], [ 282615.08, 4157756.45, 0.0 ], [ 282616.13, 4157755.6, 2.24 ], [ 282616.13, 4157755.6, 1.68 ], [ 282616.11, 4157745.01, 0.0 ], [ 282616.11, 4157745.01, 0.0 ], [ 282619.89, 4157753.37, 2.11 ], [ 282619.0, 4157757.31, 0.0 ], [ 282619.0, 4157757.31, 0.0 ], [ 282620.67, 4157755.1, 0.0 ], [ 282620.67, 4157755.1, 0.0 ], [ 282620.04, 4157755.16, 0.0 ], [ 282620.04, 4157755.16, 0.0 ], [ 282618.57, 4157756.01, 0.0 ], [ 282617.13, 4157757.58, 0.04 ], [ 282616.78, 4157757.09, 0.89 ], [ 282616.78, 4157757.09, 1.18 ], [ 282617.16, 4157754.77, 2.01 ], [ 282617.16, 4157754.77, 2.15 ], [ 282617.41, 4157754.56, 2.12 ], [ 282616.86, 4157756.04, 2.44 ], [ 282616.86, 4157756.04, 2.17 ], [ 282617.06, 4157755.18, 2.24 ], [ 282617.06, 4157755.18, 1.52 ] ], "f": [ [ [ 15, 32, 17, 12, 2, 1, 36, 35, 24 ] ], [ [ 20, 40, 21, 23, 18, 33, 14, 16, 39 ] ], [ [ 28, 46, 22, 41, 19, 8, 9, 26 ] ], [ [ 48, 0, 3, 13, 18, 23, 22, 46 ] ], [ [ 29, 5, 10, 11 ] ], [ [ 48, 42, 44, 31, 34, 37, 38 ] ], [ [ 6, 30, 31, 44, 43, 47, 45, 27, 25, 7, 4 ] ], [ [ 0, 1, 2, 3 ] ], [ [ 3, 2, 12, 13 ] ], [ [ 13, 12, 17, 18 ] ], [ [ 21, 22, 23 ] ], [ [ 27, 28, 26, 25 ] ], [ [ 18, 17, 32, 33 ] ], [ [ 34, 35, 36, 37 ] ], [ [ 37, 36, 1, 0, 38 ] ], [ [ 33, 32, 15, 14 ] ], [ [ 22, 21, 40, 41 ] ], [ [ 42, 43, 44 ] ], [ [ 41, 40, 20, 19 ] ], [ [ 45, 46, 28, 27 ] ], [ [ 47, 48, 46, 45 ] ], [ [ 38, 0, 48 ] ], [ [ 43, 42, 48, 47 ] ], [ [ 6, 5, 29, 30 ] ] ] }, "roof_props": null, "wall_color": "brick", "type": "yes", "landmark": null, "footprint_source": "osm", "source_updated": null, "is_part": false, "parent": null, "hidden": false, "addr": "1321 Dance Street", "wikidata": null, "website": null, "zoning": "R-48", "lidar_p90": 8.16, "ground_z": 58.17 }, "geometry": { "type": "Polygon", "coordinates": [ [ [ 282617.13, 4157757.58 ], [ 282617.71, 4157758.22 ], [ 282621.34, 4157756.6 ], [ 282614.89, 4157742.31 ], [ 282608.17, 4157745.33 ], [ 282613.84, 4157757.9 ], [ 282617.13, 4157757.58 ] ] ] } },
{ "type": "Feature", "properties": { "id": "osm:way/625798453", "name": null, "height": 5.74, "min_height": 0.0, "levels": null, "height_source": "lidar", "roof_shape": "gable", "roof_height": 2.29, "roof_azimuth": 99.3, "roof_source": "lidar", "roof_color": "concrete", "roof_color_source": "ortho", "lod2_roof": null, "roof_props": null, "wall_color": "concrete", "type": "yes", "landmark": null, "footprint_source": "osm", "source_updated": null, "is_part": false, "parent": null, "hidden": false, "addr": "1323 Dance Street", "wikidata": null, "website": null, "zoning": "R-48", "lidar_p90": 8.51, "ground_z": 58.32 }, "geometry": { "type": "Polygon", "coordinates": [ [ [ 282607.56, 4157759.47 ], [ 282607.95, 4157760.32 ], [ 282612.27, 4157758.37 ], [ 282609.0, 4157751.18 ], [ 282598.73, 4157755.81 ], [ 282601.62, 4157762.15 ], [ 282607.56, 4157759.47 ] ] ] } },
{ "type": "Feature", "properties": { "id": "osm:way/625798441", "name": null, "height": 5.95, "min_height": 0.0, "levels": null, "height_source": "lidar", "roof_shape": "skillion", "roof_height": 2.86, "roof_azimuth": 126.2, "roof_source": "lod2", "roof_color": "roof_flat", "roof_color_source": "ortho", "lod2_roof": { "v": [ [ 282550.75, 4157764.63, 2.86 ], [ 282551.46, 4157766.2, 0.23 ], [ 282547.0, 4157767.42, 1.47 ], [ 282546.55, 4157766.63, 2.85 ], [ 282546.95, 4157768.21, 0.41 ], [ 282546.76, 4157755.75, 0.0 ], [ 282541.7, 4157758.0, 0.0 ] ], "f": [ [ [ 3, 0, 1, 4, 2 ] ], [ [ 3, 6, 5, 0 ] ] ] }, "roof_props": null, "wall_color": "sand", "type": "yes", "landmark": null, "footprint_source": "osm", "source_updated": null, "is_part": false, "parent": null, "hidden": false, "addr": "1405 Kemper Street", "wikidata": null, "website": null, "zoning": "R-48", "lidar_p90": 8.31, "ground_z": 58.5 }, "geometry": { "type": "Polygon", "coordinates": [ [ [ 282551.46, 4157766.2 ], [ 282546.76, 4157755.75 ], [ 282540.32, 4157758.62 ], [ 282545.03, 4157769.07 ], [ 282551.46, 4157766.2 ] ] ] } },
{ "type": "Feature", "properties": { "id": "osm:way/625798440", "name": null, "height": 5.99, "min_height": 0.0, "levels": null, "height_source": "lidar", "roof_shape": "skillion", "roof_height": 2.82, "roof_azimuth": 130.1, "roof_source": "lod2", "roof_color": "roof_flat", "roof_color_source": "ortho", "lod2_roof": { "v": [ [ 282540.75, 4157770.46, 0.0 ], [ 282539.01, 4157771.24, 0.0 ], [ 282538.11, 4157769.34, 2.65 ], [ 282543.61, 4157769.19, 1.29 ], [ 282542.81, 4157769.55, 2.04 ], [ 282542.81, 4157769.55, 2.04 ], [ 282542.25, 4157768.04, 1.94 ], [ 282542.25, 4157768.04, 1.94 ], [ 282538.9, 4157758.74, 0.0 ], [ 282542.74, 4157767.26, 1.29 ], [ 282542.74, 4157767.26, 2.67 ], [ 282534.1, 4157760.88, 0.0 ], [ 282542.25, 4157768.04, 2.82 ], [ 282541.26, 4157767.92, 2.66 ] ], "f": [ [ [ 7, 9, 3, 5 ] ], [ [ 0, 6, 4 ] ], [ [ 13, 7, 0, 1, 2 ] ], [ [ 12, 13, 2, 11, 8, 10 ] ], [ [ 5, 4, 6, 7 ] ], [ [ 10, 9, 7, 12 ] ], [ [ 7, 6, 0 ] ], [ [ 12, 7, 13 ] ] ] }, "roof_props": null, "wall_color": "terracotta", "type": "yes", "landmark": null, "footprint_source": "osm", "source_updated": null, "is_part": false, "parent": null, "hidden": false, "addr": "1407 Kemper Street", "wikidata": null, "website": null, "zoning": "R-48", "lidar_p90": 8.08, "ground_z": 58.72 }, "geometry": { "type": "Polygon", "coordinates": [ [ [ 282543.6, 4157769.19 ], [ 282538.9, 4157758.74 ], [ 282532.47, 4157761.61 ], [ 282537.16, 4157772.06 ], [ 282543.6, 4157769.19 ] ] ] } },
{ "type": "Feature", "properties": { "id": "osm:way/625798439", "name": null, "height": 5.8, "min_height": 0.0, "levels": null, "height_source": "lidar", "roof_shape": "skillion", "roof_height": 2.81, "roof_azimuth": 105.3, "roof_source": "lod2", "roof_color": "roof_flat", "roof_color_source": "ortho", "lod2_roof": { "v": [ [ 282535.54, 4157771.98, 2.8 ], [ 282536.25, 4157773.57, 0.14 ], [ 282531.54, 4157775.67, 0.32 ], [ 282531.55, 4157763.11, 0.03 ], [ 282526.64, 4157765.31, 0.0 ], [ 282530.84, 4157774.2, 2.81 ] ], "f": [ [ [ 2, 5, 0, 1 ] ], [ [ 5, 4, 3, 0 ] ] ] }, "roof_props": null, "wall_color": "brick", "type": "yes", "landmark": null, "footprint_source": "osm", "source_updated": null, "is_part": false, "parent": null, "hidden": false, "addr": "1409 Kemper Street", "wikidata": null, "website": null, "zoning": "R-48", "lidar_p90": 8.08, "ground_z": 58.99 }, "geometry": { "type": "Polygon", "coordinates": [ [ [ 282536.25, 4157773.57 ], [ 282531.55, 4157763.11 ], [ 282525.11, 4157765.99 ], [ 282529.81, 4157776.44 ], [ 282536.25, 4157773.57 ] ] ] } },
{ "type": "Feature", "properties": { "id": "osm:way/625798438", "name": null, "height": 5.8, "min_height": 0.0, "levels": null, "height_source": "lidar", "roof_shape": "skillion", "roof_height": 2.87, "roof_azimuth": 119.2, "roof_source": "lod2", "roof_color": "roof_flat", "roof_color_source": "ortho", "lod2_roof": { "v": [ [ 282527.75, 4157775.67, 2.86 ], [ 282528.41, 4157777.12, 0.45 ], [ 282523.66, 4157779.24, 0.68 ], [ 282523.71, 4157766.67, 0.04 ], [ 282518.7, 4157768.9, 0.0 ], [ 282523.03, 4157777.93, 2.87 ] ], "f": [ [ [ 2, 5, 0, 1 ] ], [ [ 5, 4, 3, 0 ] ] ] }, "roof_props": null, "wall_color": "concrete", "type": "yes", "landmark": null, "footprint_source": "osm", "source_updated": null, "is_part": false, "parent": null, "hidden": false, "addr": "1411 Kemper Street", "wikidata": null, "website": null, "zoning": "R-48", "lidar_p90": 8.22, "ground_z": 59.14 }, "geometry": { "type": "Polygon", "coordinates": [ [ [ 282528.41, 4157777.12 ], [ 282523.71, 4157766.67 ], [ 282517.27, 4157769.54 ], [ 282521.98, 4157779.99 ], [ 282528.41, 4157777.12 ] ] ] } },
{ "type": "Feature", "properties": { "id": "osm:way/625798437", "name": null, "height": 5.92, "min_height": 0.0, "levels": null, "height_source": "lidar", "roof_shape": "skillion", "roof_height": 2.7, "roof_azimuth": 121.1, "roof_source": "lod2", "roof_color": "roof_flat", "roof_color_source": "ortho", "lod2_roof": { "v": [ [ 282516.35, 4157770.97, 0.04 ], [ 282520.1, 4157779.28, 2.65 ], [ 282518.14, 4157780.41, 2.7 ], [ 282518.14, 4157780.41, 2.7 ], [ 282518.14, 4157780.41, 2.69 ], [ 282518.14, 4157780.41, 2.68 ], [ 282518.08, 4157780.41, 2.62 ], [ 282518.08, 4157780.41, 2.7 ], [ 282518.08, 4157780.41, 2.62 ], [ 282518.02, 4157780.4, 2.68 ], [ 282518.02, 4157780.4, 2.68 ], [ 282520.53, 4157780.8, 0.51 ], [ 282520.53, 4157780.8, 0.51 ], [ 282518.76, 4157781.59, 2.68 ], [ 282520.74, 4157780.71, 0.48 ], [ 282520.5, 4157780.79, 0.55 ], [ 282515.33, 4157781.63, 2.68 ], [ 282511.51, 4157773.09, 0.0 ], [ 282516.83, 4157782.45, 0.39 ], [ 282515.89, 4157782.87, 0.41 ] ], "f": [ [ [ 4, 15, 11, 13 ] ], [ [ 12, 15, 3, 1, 14 ] ], [ [ 16, 17, 0, 1, 2, 7, 10 ] ], [ [ 8, 18, 19, 16, 9 ] ], [ [ 18, 6, 5, 13 ] ], [ [ 2, 3, 4, 5, 6, 7 ] ], [ [ 7, 6, 8, 9, 10 ] ], [ [ 5, 4, 13 ] ], [ [ 3, 2, 1 ] ], [ [ 4, 3, 15 ] ], [ [ 12, 11, 15 ] ], [ [ 10, 9, 16 ] ], [ [ 8, 6, 18 ] ] ] }, "roof_props": null, "wall_color": "terracotta", "type": "yes", "landmark": null, "footprint_source": "osm", "source_updated": null, "is_part": false, "parent": null, "hidden": false, "addr": "1413 Kemper Street", "wikidata": null, "website": null, "zoning": "R-48", "lidar_p90": 8.25, "ground_z": 59.35 }, "geometry": { "type": "Polygon", "coordinates": [ [ [ 282520.74, 4157780.71 ], [ 282516.04, 4157770.26 ], [ 282509.6, 4157773.13 ], [ 282514.3, 4157783.57 ], [ 282520.74, 4157780.71 ] ] ] } },
{ "type": "Feature", "properties": { "id": "osm:way/625796621", "name": null, "height": 5.76, "min_height": 0.0, "levels": null, "height_source": "lidar", "roof_shape": "skillion", "roof_height": 3.22, "roof_azimuth": 115.3, "roof_source": "lod2", "roof_color": "roof_flat", "roof_color_source": "ortho", "lod2_roof": { "v": [ [ 282503.35, 4157775.47, 0.0 ], [ 282507.28, 4157773.7, 0.0 ], [ 282512.25, 4157783.16, 3.22 ], [ 282512.81, 4157784.38, 1.15 ], [ 282503.86, 4157776.64, 0.0 ], [ 282507.28, 4157773.7, 0.0 ], [ 282507.83, 4157773.45, 0.0 ], [ 282508.17, 4157786.47, 1.26 ], [ 282507.67, 4157785.32, 3.21 ], [ 282503.86, 4157776.64, 0.53 ], [ 282507.87, 4157774.8, 0.0 ], [ 282507.87, 4157774.8, 0.0 ], [ 282507.87, 4157774.8, 0.55 ], [ 282508.34, 4157774.58, 0.0 ], [ 282508.34, 4157774.58, 0.56 ] ], "f": [ [ [ 3, 7, 8, 2 ] ], [ [ 1, 10, 4, 0 ] ], [ [ 14, 2, 8, 9, 12 ] ], [ [ 6, 13, 11, 5 ] ], [ [ 9, 4, 10, 11, 12 ] ], [ [ 11, 10, 1, 5 ] ], [ [ 12, 11, 13, 14 ] ] ] }, "roof_props": null, "wall_color": "cream", "type": "yes", "landmark": null, "footprint_source": "osm", "source_updated": null, "is_part": false, "parent": null, "hidden": false, "addr": "1415 Kemper Street", "wikidata": null, "website": null, "zoning": "R-48", "lidar_p90": 8.25, "ground_z": 59.56 }, "geometry": { "type": "Polygon", "coordinates": [ [ [ 282512.81, 4157784.38 ], [ 282507.83, 4157773.45 ], [ 282501.51, 4157776.3 ], [ 282506.49, 4157787.23 ], [ 282512.81, 4157784.38 ] ] ] } },
{ "type": "Feature", "properties": { "id": "osm:way/625791766", "name": null, "height": 7.19, "min_height": 0.0, "levels": null, "height_source": "lidar", "roof_shape": "flat", "roof_height": 2.42, "roof_azimuth": null, "roof_source": "lod2", "roof_color": "slate", "roof_color_source": "ortho", "lod2_roof": { "v": [ [ 282546.68, 4157799.47, 0.0 ], [ 282546.68, 4157799.47, 0.0 ], [ 282548.19, 4157802.22, 0.0 ], [ 282548.19, 4157802.22, 0.0 ], [ 282547.91, 4157799.27, 0.0 ], [ 282547.91, 4157799.27, 0.0 ], [ 282546.68, 4157799.47, 0.23 ], [ 282549.51, 4157801.62, 0.0 ], [ 282543.85, 4157796.91, 1.82 ], [ 282544.14, 4157796.78, 1.32 ], [ 282546.97, 4157796.65, 0.0 ], [ 282547.21, 4157796.59, 0.0 ], [ 282546.59, 4157798.39, 1.56 ], [ 282546.59, 4157798.39, 1.56 ], [ 282546.59, 4157798.39, 1.56 ], [ 282545.16, 4157799.72, 1.3 ], [ 282545.16, 4157799.72, 1.9 ], [ 282545.16, 4157799.72, 1.94 ], [ 282544.97, 4157799.31, 1.94 ], [ 282544.83, 4157799.01, 1.94 ], [ 282544.83, 4157799.01, 2.42 ], [ 282545.79, 4157796.58, 0.0 ], [ 282545.58, 4157796.99, 0.0 ], [ 282544.67, 4157797.14, 0.8 ], [ 282543.85, 4157796.91, 1.95 ], [ 282544.66, 4157798.68, 1.94 ], [ 282546.62, 4157802.93, 1.92 ], [ 282546.62, 4157802.93, 1.92 ], [ 282538.17, 4157806.77, 0.0 ], [ 282544.66, 4157798.68, 1.91 ], [ 282534.63, 4157802.1, 0.0 ], [ 282534.25, 4157801.26, 0.0 ], [ 282544.67, 4157798.7, 1.94 ], [ 282545.94, 4157799.6, 0.75 ], [ 282535.2, 4157800.83, 0.0 ], [ 282535.2, 4157800.83, 0.0 ], [ 282535.59, 4157801.62, 0.0 ], [ 282535.59, 4157801.62, 0.0 ], [ 282548.4, 4157799.19, 0.0 ], [ 282548.4, 4157799.19, 0.0 ] ], "f": [ [ [ 9, 23, 21, 22, 25, 8 ] ], [ [ 20, 32, 29, 22, 10, 14 ] ], [ [ 34, 36, 30, 31 ] ], [ [ 26, 16, 33, 0, 3 ] ], [ [ 17, 27, 28, 37, 35, 24, 25, 32, 19, 18 ] ], [ [ 13, 4, 6, 33, 15, 18, 20 ] ], [ [ 39, 7, 2, 1, 5 ] ], [ [ 11, 38, 4, 12, 10 ] ], [ [ 0, 1, 2, 3 ] ], [ [ 4, 5, 1, 0, 6 ] ], [ [ 12, 13, 14, 10 ] ], [ [ 15, 16, 17, 18 ] ], [ [ 19, 20, 18 ] ], [ [ 14, 13, 20 ] ], [ [ 24, 8, 25 ] ], [ [ 29, 25, 22 ] ], [ [ 25, 29, 32 ] ], [ [ 20, 19, 32 ] ], [ [ 6, 0, 33 ] ], [ [ 16, 15, 33 ] ], [ [ 37, 36, 34, 35 ] ], [ [ 17, 16, 26, 27 ] ], [ [ 13, 12, 4 ] ], [ [ 38, 39, 5, 4 ] ] ] }, "roof_props": null, "wall_color": "cream", "type": "yes", "landmark": null, "footprint_source": "osm", "source_updated": null, "is_part": false, "parent": null, "hidden": false, "addr": "510 Bethany Drive", "wikidata": null, "website": null, "zoning": "R-48", "lidar_p90": 8.25, "ground_z": 59.49 }, "geometry": { "type": "Polygon", "coordinates": [ [ [ 282537.0, 4157807.3 ], [ 282549.51, 4157801.62 ], [ 282546.75, 4157795.59 ], [ 282534.25, 4157801.26 ], [ 282537.0, 4157807.3 ] ] ] } },
{ "type": "Feature", "properties": { "id": "osm:way/625791767", "name": null, "height": 5.69, "min_height": 0.0, "levels": null, "height_source": "lidar", "roof_shape": "hip", "roof_height": 3.88, "roof_azimuth": 129.4, "roof_source": "lod2", "roof_color": "roof_flat", "roof_color_source": "ortho", "lod2_roof": { "v": [ [ 282540.47, 4157814.93, 0.0 ], [ 282537.71, 4157808.9, 0.0 ], [ 282547.31, 4157804.55, 3.36 ], [ 282547.31, 4157804.55, 3.36 ], [ 282548.86, 4157803.85, 0.0 ], [ 282548.86, 4157803.85, 0.9 ], [ 282549.95, 4157809.87, 3.36 ], [ 282550.26, 4157810.49, 3.36 ], [ 282541.95, 4157814.25, 0.0 ], [ 282541.95, 4157814.25, 0.75 ], [ 282550.23, 4157803.23, 0.0 ], [ 282551.84, 4157806.76, 1.81 ], [ 282552.98, 4157809.26, 0.0 ], [ 282550.99, 4157807.24, 2.79 ], [ 282550.99, 4157807.24, 2.79 ], [ 282550.99, 4157807.24, 2.79 ], [ 282551.84, 4157806.76, 2.39 ], [ 282549.95, 4157808.05, 3.88 ], [ 282549.95, 4157808.05, 3.59 ], [ 282550.11, 4157808.04, 3.64 ], [ 282550.11, 4157808.04, 3.64 ], [ 282538.76, 4157808.43, 0.67 ], [ 282538.76, 4157808.43, 0.0 ], [ 282550.55, 4157810.36, 1.66 ], [ 282550.36, 4157809.65, 3.5 ], [ 282550.36, 4157809.65, 2.34 ], [ 282550.88, 4157806.3, 1.47 ], [ 282550.88, 4157806.3, 0.0 ], [ 282551.51, 4157806.03, 0.0 ], [ 282551.51, 4157806.03, 1.28 ], [ 282549.79, 4157807.43, 3.63 ], [ 282549.79, 4157807.43, 2.7 ], [ 282550.44, 4157809.61, 2.25 ], [ 282550.41, 4157809.82, 2.18 ], [ 282548.63, 4157807.2, 3.36 ], [ 282549.38, 4157807.35, 2.47 ], [ 282549.38, 4157807.35, 3.54 ], [ 282549.0, 4157804.37, 0.0 ], [ 282549.0, 4157804.37, 1.06 ], [ 282550.03, 4157808.36, 3.57 ], [ 282549.78, 4157805.17, 0.0 ], [ 282549.78, 4157805.17, 0.56 ], [ 282550.37, 4157805.78, 0.6 ], [ 282550.37, 4157805.78, 0.0 ], [ 282550.16, 4157805.83, 0.48 ], [ 282550.16, 4157805.83, 0.61 ], [ 282550.07, 4157805.85, 0.62 ], [ 282550.16, 4157805.83, 0.0 ] ], "f": [ [ [ 8, 0, 1, 22 ] ], [ [ 36, 30, 18, 39, 24, 6, 7, 9, 21, 3, 34 ] ], [ [ 23, 33, 32, 25, 39, 17, 20, 13, 15, 11, 12 ] ], [ [ 45, 42, 26, 29, 16, 15, 14, 19, 18, 31, 35, 46 ] ], [ [ 41, 44, 46, 35, 34, 2, 5, 38 ] ], [ [ 47, 40, 37, 4, 10, 28, 27, 43 ] ], [ [ 13, 14, 15 ] ], [ [ 16, 11, 15 ] ], [ [ 17, 18, 19, 20 ] ], [ [ 26, 27, 28, 29 ] ], [ [ 30, 31, 18 ] ], [ [ 3, 2, 34 ] ], [ [ 35, 36, 34 ] ], [ [ 5, 4, 37, 38 ] ], [ [ 18, 17, 39 ] ], [ [ 25, 24, 39 ] ], [ [ 9, 8, 22, 21 ] ], [ [ 38, 37, 40, 41 ] ], [ [ 36, 35, 31, 30 ] ], [ [ 20, 19, 14, 13 ] ], [ [ 42, 43, 27, 26 ] ], [ [ 44, 45, 46 ] ], [ [ 45, 44, 47, 43, 42 ] ], [ [ 41, 40, 47, 44 ] ] ] }, "roof_props": null, "wall_color": "terracotta", "type": "yes", "landmark": null, "footprint_source": "osm", "source_updated": null, "is_part": false, "parent": null, "hidden": false, "addr": "508 Bethany Drive", "wikidata": null, "website": null, "zoning": "R-48", "lidar_p90": 8.28, "ground_z": 59.6 }, "geometry": { "type": "Polygon", "coordinates": [ [ [ 282540.47, 4157814.93 ], [ 282552.98, 4157809.26 ], [ 282550.23, 4157803.23 ], [ 282537.71, 4157808.9 ], [ 282540.47, 4157814.93 ] ] ] } },
{ "type": "Feature", "properties": { "id": "osm:way/625791777", "name": null, "height": 6.29, "min_height": 0.0, "levels": null, "height_source": "lidar", "roof_shape": "skillion", "roof_height": 4.05, "roof_azimuth": 107.6, "roof_source": "lod2", "roof_color": "roof_flat", "roof_color_source": "ortho", "lod2_roof": { "v": [ [ 282522.17, 4157808.88, 3.32 ], [ 282522.17, 4157808.88, 2.06 ], [ 282525.8, 4157816.69, 0.85 ], [ 282517.44, 4157811.16, 3.33 ], [ 282516.5, 4157808.99, 0.0 ], [ 282517.98, 4157808.31, 0.0 ], [ 282520.96, 4157809.46, 3.32 ], [ 282520.96, 4157809.46, 4.05 ], [ 282521.41, 4157809.25, 3.32 ], [ 282521.21, 4157806.81, 0.55 ], [ 282520.84, 4157818.98, 0.88 ], [ 282519.73, 4157807.5, 2.95 ], [ 282520.32, 4157809.54, 3.02 ], [ 282520.32, 4157809.54, 3.38 ], [ 282520.02, 4157809.92, 3.32 ], [ 282520.71, 4157809.06, 3.46 ], [ 282520.71, 4157809.06, 3.83 ], [ 282519.73, 4157807.5, 2.95 ], [ 282520.51, 4157809.3, 3.42 ] ], "f": [ [ [ 12, 14, 3, 4, 5 ] ], [ [ 11, 16, 18, 12, 5 ] ], [ [ 13, 18, 15, 6, 8, 0, 2, 10, 3, 14 ] ], [ [ 16, 17, 9, 1, 8, 7 ] ], [ [ 6, 7, 8 ] ], [ [ 1, 0, 8 ] ], [ [ 12, 13, 14 ] ], [ [ 7, 6, 15, 16 ] ], [ [ 16, 15, 18 ] ], [ [ 13, 12, 18 ] ], [ [ 11, 17, 16 ] ] ] }, "roof_props": null, "wall_color": "cream", "type": "yes", "landmark": null, "footprint_source": "osm", "source_updated": null, "is_part": false, "parent": null, "hidden": false, "addr": "1412 Kemper Street", "wikidata": null, "website": null, "zoning": "R-48", "lidar_p90": 8.43, "ground_z": 59.8 }, "geometry": { "type": "Polygon", "coordinates": [ [ [ 282525.8, 4157816.69 ], [ 282521.21, 4157806.81 ], [ 282514.8, 4157809.78 ], [ 282519.39, 4157819.65 ], [ 282525.8, 4157816.69 ] ] ] } },
{ "type": "Feature", "properties": { "id": "osm:way/625796566", "name": null, "height": 5.79, "min_height": 0.0, "levels": null, "height_source": "lidar", "roof_shape": "hip", "roof_height": 3.71, "roof_azimuth": 10.9, "roof_source": "lod2", "roof_color": "concrete", "roof_color_source": "ortho", "lod2_roof": { "v": [ [ 282674.69, 4157758.87, 0.65 ], [ 282674.69, 4157758.87, 0.0 ], [ 282675.66, 4157758.59, 0.0 ], [ 282675.66, 4157758.59, 0.93 ], [ 282680.06, 4157768.63, 0.82 ], [ 282680.06, 4157768.63, 0.0 ], [ 282676.38, 4157760.23, 3.49 ], [ 282678.76, 4157758.27, 2.53 ], [ 282678.76, 4157758.27, 3.71 ], [ 282678.26, 4157759.29, 3.5 ], [ 282675.77, 4157759.35, 1.97 ], [ 282675.77, 4157759.35, 0.88 ], [ 282675.94, 4157759.22, 0.94 ], [ 282675.94, 4157759.22, 1.91 ], [ 282676.27, 4157759.98, 3.09 ], [ 282675.15, 4157759.83, 0.68 ], [ 282674.27, 4157758.01, 0.0 ], [ 282680.7, 4157754.9, 0.0 ], [ 282680.95, 4157755.4, 0.0 ], [ 282680.95, 4157755.4, 0.1 ], [ 282680.62, 4157755.66, 0.27 ], [ 282677.44, 4157758.08, 1.02 ], [ 282677.44, 4157758.08, 1.43 ], [ 282677.91, 4157757.72, 1.67 ], [ 282677.91, 4157757.72, 1.28 ], [ 282677.68, 4157757.89, 1.35 ], [ 282678.82, 4157755.81, 2.31 ], [ 282686.48, 4157766.75, 0.0 ], [ 282680.5, 4157769.64, 0.0 ], [ 282685.95, 4157765.68, 0.0 ], [ 282685.95, 4157765.68, 0.86 ], [ 282682.03, 4157757.61, 3.47 ], [ 282678.91, 4157758.18, 2.54 ], [ 282678.91, 4157758.18, 2.5 ], [ 282678.91, 4157758.18, 3.71 ], [ 282679.65, 4157757.53, 2.24 ], [ 282679.65, 4157757.53, 3.61 ], [ 282680.59, 4157756.76, 1.69 ], [ 282679.88, 4157758.16, 3.6 ], [ 282679.88, 4157758.16, 3.16 ], [ 282680.67, 4157758.13, 3.5 ], [ 282679.83, 4157757.76, 2.62 ], [ 282679.83, 4157757.76, 3.71 ], [ 282679.09, 4157756.82, 3.3 ] ], "f": [ [ [ 3, 12, 11, 15, 0 ] ], [ [ 5, 29, 27, 28 ] ], [ [ 43, 23, 25, 21, 2, 1, 16, 26 ] ], [ [ 9, 6, 14, 10, 13, 3, 22, 25, 24, 33, 7 ] ], [ [ 20, 37, 36, 43, 26, 17, 18 ] ], [ [ 38, 32, 23, 43, 36, 42 ] ], [ [ 39, 41, 35, 37, 20, 19, 31, 40 ] ], [ [ 34, 38, 40, 31, 30, 4, 6, 9, 8 ] ], [ [ 0, 1, 2, 3 ] ], [ [ 7, 8, 9 ] ], [ [ 10, 11, 12, 13 ] ], [ [ 18, 19, 20 ] ], [ [ 13, 12, 3 ] ], [ [ 3, 2, 21, 22 ] ], [ [ 23, 24, 25 ] ], [ [ 22, 21, 25 ] ], [ [ 30, 29, 5, 4 ] ], [ [ 32, 33, 24, 23 ] ], [ [ 8, 7, 33, 32, 34 ] ], [ [ 35, 36, 37 ] ], [ [ 38, 39, 40 ] ], [ [ 36, 35, 41, 42 ] ], [ [ 42, 41, 39, 38 ] ], [ [ 34, 32, 38 ] ] ] }, "roof_props": null, "wall_color": "brick", "type": "yes", "landmark": null, "footprint_source": "osm", "source_updated": null, "is_part": false, "parent": null, "hidden": false, "addr": "1310 Dance Street", "wikidata": null, "website": null, "zoning": "R-48", "lidar_p90": 8.52, "ground_z": 58.21 }, "geometry": { "type": "Polygon", "coordinates": [ [ [ 282686.48, 4157766.75 ], [ 282680.7, 4157754.9 ], [ 282674.27, 4157758.01 ], [ 282680.03, 4157769.86 ], [ 282686.48, 4157766.75 ] ] ] } },
{ "type": "Feature", "properties": { "id": "osm:way/625796565", "name": null, "height": 7.57, "min_height": 0.0, "levels": null, "height_source": "lidar", "roof_shape": "flat", "roof_height": 2.28, "roof_azimuth": null, "roof_source": "lod2", "roof_color": "roof_flat", "roof_color_source": "ortho", "lod2_roof": { "v": [ [ 282672.42, 4157760.25, 0.0 ], [ 282672.42, 4157760.25, 0.0 ], [ 282672.94, 4157759.2, 0.0 ], [ 282672.94, 4157759.2, 0.0 ], [ 282673.97, 4157761.33, 2.28 ], [ 282672.13, 4157757.54, 0.0 ], [ 282666.26, 4157760.38, 0.0 ], [ 282677.9, 4157769.4, 0.0 ], [ 282668.27, 4157764.01, 2.28 ], [ 282667.4, 4157762.45, 0.0 ], [ 282672.46, 4157772.03, 0.0 ], [ 282667.22, 4157761.98, 0.0 ], [ 282667.13, 4157761.96, 0.0 ], [ 282667.45, 4157762.42, 0.0 ], [ 282667.45, 4157762.42, 0.0 ] ], "f": [ [ [ 7, 10, 8, 4 ] ], [ [ 1, 13, 11, 12, 6, 5, 2 ] ], [ [ 14, 0, 3, 4, 8, 9 ] ], [ [ 0, 1, 2, 3 ] ], [ [ 14, 13, 1, 0 ] ] ] }, "roof_props": null, "wall_color": "concrete", "type": "yes", "landmark": null, "footprint_source": "osm", "source_updated": null, "is_part": false, "parent": null, "hidden": false, "addr": "1312 Dance Street", "wikidata": null, "website": null, "zoning": "R-48", "lidar_p90": 8.79, "ground_z": 58.33 }, "geometry": { "type": "Polygon", "coordinates": [ [ [ 282677.9, 4157769.4 ], [ 282672.13, 4157757.54 ], [ 282665.69, 4157760.65 ], [ 282671.46, 4157772.51 ], [ 282677.9, 4157769.4 ] ] ] } },
{ "type": "Feature", "properties": { "id": "osm:way/625796564", "name": null, "height": 7.39, "min_height": 0.0, "levels": null, "height_source": "lidar", "roof_shape": "flat", "roof_height": 2.68, "roof_azimuth": null, "roof_source": "lod2", "roof_color": "roof_flat", "roof_color_source": "ortho", "lod2_roof": { "v": [ [ 282670.27, 4157773.37, 0.0 ], [ 282663.83, 4157776.47, 0.0 ], [ 282658.71, 4157765.95, 0.0 ], [ 282658.06, 4157764.63, 0.0 ], [ 282659.79, 4157768.17, 2.3 ], [ 282658.71, 4157765.95, 0.0 ], [ 282666.26, 4157765.14, 2.27 ], [ 282664.5, 4157761.52, 0.0 ], [ 282665.0, 4157762.54, 0.0 ], [ 282665.0, 4157762.54, 0.0 ], [ 282663.58, 4157764.34, 2.2 ], [ 282663.58, 4157764.34, 0.01 ], [ 282664.28, 4157765.89, 2.31 ], [ 282664.28, 4157765.89, 2.32 ], [ 282664.28, 4157765.89, 2.68 ], [ 282659.92, 4157766.04, 0.0 ], [ 282659.92, 4157766.04, 0.0 ], [ 282661.89, 4157764.98, 0.0 ], [ 282661.89, 4157764.98, 0.0 ], [ 282659.45, 4157765.81, 0.0 ], [ 282659.45, 4157765.81, 0.0 ], [ 282664.34, 4157762.82, 0.0 ], [ 282664.34, 4157762.82, 0.0 ], [ 282663.65, 4157766.2, 2.32 ], [ 282663.65, 4157766.2, 1.67 ], [ 282664.06, 4157766.0, 2.32 ], [ 282663.31, 4157765.64, 1.36 ], [ 282661.61, 4157762.92, 0.0 ], [ 282661.61, 4157762.92, 0.0 ], [ 282662.56, 4157764.44, 1.53 ], [ 282662.56, 4157764.44, 0.7 ], [ 282662.56, 4157764.44, 0.0 ], [ 282663.11, 4157764.24, 1.57 ], [ 282662.64, 4157764.58, 0.0 ], [ 282662.64, 4157764.58, 0.77 ] ], "f": [ [ [ 11, 21, 8, 6, 12 ] ], [ [ 4, 23, 25, 13, 6, 0, 1 ] ], [ [ 32, 29, 28, 7, 9, 22, 10 ] ], [ [ 20, 2, 3, 27, 31, 33, 17, 16 ] ], [ [ 34, 30, 32, 10, 14, 25, 24, 26, 18 ] ], [ [ 5, 19, 15, 18, 26, 23, 4 ] ], [ [ 10, 11, 12, 13, 14 ] ], [ [ 15, 16, 17, 18 ] ], [ [ 19, 20, 16, 15 ] ], [ [ 13, 12, 6 ] ], [ [ 9, 8, 21, 22 ] ], [ [ 23, 24, 25 ] ], [ [ 14, 13, 25 ] ], [ [ 22, 21, 11, 10 ] ], [ [ 24, 23, 26 ] ], [ [ 29, 30, 31, 27, 28 ] ], [ [ 30, 29, 32 ] ], [ [ 18, 17, 33, 34 ] ], [ [ 34, 33, 31, 30 ] ], [ [ 5, 2, 20, 19 ] ] ] }, "roof_props": null, "wall_color": "cream", "type": "yes", "landmark": null, "footprint_source": "osm", "source_updated": null, "is_part": false, "parent": null, "hidden": false, "addr": "1314 Dance Street", "wikidata": null, "website": null, "zoning": "R-48", "lidar_p90": 8.6, "ground_z": 58.44 }, "geometry": { "type": "Polygon", "coordinates": [ [ [ 282670.27, 4157773.37 ], [ 282664.5, 4157761.52 ], [ 282658.06, 4157764.63 ], [ 282663.83, 4157776.47 ], [ 282670.27, 4157773.37 ] ] ] } },
{ "type": "Feature", "properties": { "id": "osm:way/625796563", "name": null, "height": 7.12, "min_height": 0.0, "levels": null, "height_source": "lidar", "roof_shape": "flat", "roof_height": 2.59, "roof_azimuth": null, "roof_source": "lod2", "roof_color": "roof_flat", "roof_color_source": "ortho", "lod2_roof": { "v": [ [ 282650.9, 4157767.65, 0.0 ], [ 282656.24, 4157765.08, 0.0 ], [ 282657.37, 4157767.4, 0.1 ], [ 282657.37, 4157767.4, 0.0 ], [ 282658.09, 4157768.88, 2.58 ], [ 282652.14, 4157769.72, 0.0 ], [ 282652.14, 4157769.72, 0.0 ], [ 282656.63, 4157779.53, 0.0 ], [ 282652.88, 4157771.34, 2.59 ], [ 282662.0, 4157776.93, 0.0 ], [ 282651.52, 4157768.35, 0.0 ] ], "f": [ [ [ 4, 8, 5, 2 ] ], [ [ 4, 9, 7, 8 ] ], [ [ 6, 10, 0, 1, 3 ] ], [ [ 5, 6, 3, 2 ] ] ] }, "roof_props": null, "wall_color": "brick", "type": "yes", "landmark": null, "footprint_source": "osm", "source_updated": null, "is_part": false, "parent": null, "hidden": false, "addr": "1316 Dance Street", "wikidata": null, "website": null, "zoning": "R-48", "lidar_p90": 8.17, "ground_z": 58.71 }, "geometry": { "type": "Polygon", "coordinates": [ [ [ 282662.0, 4157776.93 ], [ 282656.24, 4157765.08 ], [ 282649.79, 4157768.19 ], [ 282655.57, 4157780.04 ], [ 282662.0, 4157776.93 ] ] ] } },
{ "type": "Feature", "properties": { "id": "richmond_structure:393631", "name": null, "height": 2.71, "min_height": 0.0, "levels": null, "height_source": "lidar", "roof_shape": "flat", "roof_height": 0.53, "roof_azimuth": null, "roof_source": "lod2", "roof_color": "roof_flat", "roof_color_source": "heuristic", "lod2_roof": { "v": [ [ 282668.44, 4157784.34, 0.51 ], [ 282671.84, 4157782.66, 0.0 ], [ 282674.85, 4157788.77, 0.0 ], [ 282671.45, 4157790.45, 0.53 ] ], "f": [ [ [ 2, 3, 0, 1 ] ] ] }, "roof_props": null, "wall_color": "terracotta", "type": "yes", "landmark": null, "footprint_source": "richmond_structures", "source_updated": "2026-09-08T12:07:13.637000Z", "is_part": false, "parent": null, "hidden": false, "addr": null, "wikidata": null, "website": null, "zoning": "R-48", "lidar_p90": 3.0, "ground_z": 59.41 }, "geometry": { "type": "Polygon", "coordinates": [ [ [ 282671.84, 4157782.66 ], [ 282668.44, 4157784.34 ], [ 282671.45, 4157790.45 ], [ 282674.85, 4157788.77 ], [ 282671.84, 4157782.66 ] ] ] } },
{ "type": "Feature", "properties": { "id": "osm:way/625796554", "name": null, "height": 6.27, "min_height": 0.0, "levels": null, "height_source": "lidar", "roof_shape": "hip", "roof_height": 3.14, "roof_azimuth": 100.5, "roof_source": "lod2", "roof_color": "roof_flat", "roof_color_source": "ortho", "lod2_roof": { "v": [ [ 282627.66, 4157788.09, 0.32 ], [ 282629.51, 4157791.94, 0.31 ], [ 282627.89, 4157787.98, 0.24 ], [ 282627.89, 4157787.98, 0.0 ], [ 282620.42, 4157793.29, 2.04 ], [ 282620.42, 4157793.29, 2.87 ], [ 282619.53, 4157794.02, 1.1 ], [ 282616.77, 4157791.86, 0.0 ], [ 282618.64, 4157791.0, 0.31 ], [ 282627.25, 4157785.83, 0.14 ], [ 282627.56, 4157786.88, 0.0 ], [ 282627.56, 4157786.88, 0.19 ], [ 282629.94, 4157785.78, 0.0 ], [ 282630.42, 4157786.77, 0.0 ], [ 282620.29, 4157793.03, 2.36 ], [ 282620.29, 4157793.03, 2.87 ], [ 282619.2, 4157794.89, 0.03 ], [ 282619.2, 4157794.89, 0.0 ], [ 282618.07, 4157794.57, 0.0 ], [ 282618.07, 4157794.57, 0.33 ], [ 282619.18, 4157796.87, 0.0 ], [ 282617.46, 4157793.29, 1.84 ], [ 282619.08, 4157789.72, 2.78 ], [ 282618.64, 4157791.0, 3.05 ], [ 282619.73, 4157792.35, 2.93 ], [ 282619.38, 4157790.66, 2.81 ], [ 282619.89, 4157792.54, 2.92 ], [ 282619.73, 4157792.35, 3.14 ], [ 282620.0, 4157796.48, 0.0 ], [ 282621.64, 4157795.7, 2.85 ], [ 282620.0, 4157796.48, 0.01 ], [ 282619.62, 4157792.48, 2.98 ], [ 282619.42, 4157794.95, 0.29 ], [ 282619.42, 4157794.95, 0.0 ] ], "f": [ [ [ 12, 13, 3, 10 ] ], [ [ 33, 28, 20, 18, 17 ] ], [ [ 1, 29, 5, 15, 26, 24, 23, 25, 22, 9, 11, 2, 0 ] ], [ [ 31, 27, 26, 14, 4, 6, 16, 19, 21 ] ], [ [ 24, 31, 21, 7, 8 ] ], [ [ 30, 32, 16, 6, 5, 29 ] ], [ [ 4, 5, 6 ] ], [ [ 11, 10, 3, 2 ] ], [ [ 5, 4, 14, 15 ] ], [ [ 16, 17, 18, 19 ] ], [ [ 8, 23, 24 ] ], [ [ 15, 14, 26 ] ], [ [ 27, 24, 26 ] ], [ [ 24, 27, 31 ] ], [ [ 32, 33, 17, 16 ] ], [ [ 30, 28, 33, 32 ] ] ] }, "roof_props": null, "wall_color": "brick", "type": "yes", "landmark": null, "footprint_source": "osm", "source_updated": null, "is_part": false, "parent": null, "hidden": false, "addr": "513 Randolph Street", "wikidata": null, "website": null, "zoning": "R-48", "lidar_p90": 8.54, "ground_z": 58.98 }, "geometry": { "type": "Polygon", "coordinates": [ [ [ 282619.18, 4157796.87 ], [ 282629.51, 4157791.94 ], [ 282627.66, 4157788.09 ], [ 282630.42, 4157786.77 ], [ 282629.46, 4157784.78 ], [ 282616.36, 4157791.02 ], [ 282619.18, 4157796.87 ] ] ] } },
{ "type": "Feature", "properties": { "id": "osm:way/625796555", "name": null, "height": 7.13, "min_height": 0.0, "levels": null, "height_source": "lidar", "roof_shape": "flat", "roof_height": 2.09, "roof_azimuth": null, "roof_source": "lod2", "roof_color": "concrete", "roof_color_source": "ortho", "lod2_roof": { "v": [ [ 282622.41, 4157805.23, 0.0 ], [ 282619.6, 4157799.37, 0.0 ], [ 282632.81, 4157793.37, 0.0 ], [ 282633.64, 4157795.12, 0.0 ], [ 282631.02, 4157793.92, 0.0 ], [ 282631.1, 4157794.37, 0.0 ], [ 282631.1, 4157794.37, 0.0 ], [ 282631.43, 4157796.17, 0.0 ], [ 282631.43, 4157796.17, 0.0 ], [ 282630.88, 4157796.43, 0.0 ], [ 282632.75, 4157800.29, 0.0 ], [ 282625.47, 4157803.77, 2.08 ], [ 282622.65, 4157797.91, 2.09 ], [ 282624.0, 4157804.47, 0.0 ], [ 282624.0, 4157804.47, 0.0 ], [ 282620.76, 4157798.82, 0.0 ], [ 282620.76, 4157798.82, 0.0 ] ], "f": [ [ [ 3, 8, 5, 2 ] ], [ [ 15, 13, 0, 1 ] ], [ [ 11, 12, 4, 6, 7, 9, 10 ] ], [ [ 14, 16, 12, 11 ] ], [ [ 6, 5, 8, 7 ] ], [ [ 14, 13, 15, 16 ] ] ] }, "roof_props": null, "wall_color": "brick", "type": "yes", "landmark": null, "footprint_source": "osm", "source_updated": null, "is_part": false, "parent": null, "hidden": false, "addr": "511 Randolph Street", "wikidata": null, "website": null, "zoning": "R-48", "lidar_p90": 8.2, "ground_z": 59.09 }, "geometry": { "type": "Polygon", "coordinates": [ [ [ 282622.41, 4157805.23 ], [ 282632.74, 4157800.29 ], [ 282630.88, 4157796.43 ], [ 282633.64, 4157795.12 ], [ 282632.69, 4157793.12 ], [ 282619.6, 4157799.37 ], [ 282622.41, 4157805.23 ] ] ] } },
{ "type": "Feature", "properties": { "id": "osm:way/625796556", "name": null, "height": 6.16, "min_height": 0.0, "levels": null, "height_source": "lidar", "roof_shape": "gable", "roof_height": 2.81, "roof_azimuth": 130.5, "roof_source": "lod2", "roof_color": "concrete", "roof_color_source": "ortho", "lod2_roof": { "v": [ [ 282636.56, 4157803.61, 0.2 ], [ 282638.42, 4157807.48, 0.2 ], [ 282636.84, 4157803.48, 0.11 ], [ 282636.84, 4157803.48, 0.0 ], [ 282627.4, 4157810.99, 2.14 ], [ 282626.11, 4157808.31, 0.0 ], [ 282626.11, 4157808.31, 0.0 ], [ 282628.08, 4157812.41, 0.69 ], [ 282629.19, 4157811.88, 0.73 ], [ 282629.19, 4157811.88, 0.73 ], [ 282630.37, 4157811.32, 2.81 ], [ 282625.5, 4157807.04, 0.0 ], [ 282625.5, 4157807.04, 0.0 ], [ 282625.27, 4157806.55, 0.0 ], [ 282626.32, 4157808.1, 0.0 ], [ 282626.32, 4157808.1, 0.0 ], [ 282626.73, 4157807.68, 0.0 ], [ 282626.73, 4157807.68, 0.06 ], [ 282625.87, 4157806.88, 0.0 ], [ 282625.87, 4157806.88, 0.0 ], [ 282637.58, 4157800.67, 0.0 ], [ 282639.07, 4157801.76, 0.0 ], [ 282636.26, 4157801.31, 0.0 ], [ 282636.26, 4157801.31, 0.0 ], [ 282639.32, 4157802.3, 0.0 ], [ 282629.31, 4157810.09, 2.12 ], [ 282629.31, 4157810.09, 2.2 ], [ 282629.14, 4157809.93, 1.99 ], [ 282627.58, 4157805.45, 2.8 ], [ 282629.35, 4157810.13, 2.16 ] ], "f": [ [ [ 24, 3, 23, 20, 21 ] ], [ [ 12, 18, 16, 15, 5 ] ], [ [ 27, 26, 4, 6, 14 ] ], [ [ 26, 29, 8, 7, 4 ] ], [ [ 28, 10, 9, 29, 25, 27, 14, 17, 19, 11, 13 ] ], [ [ 10, 28, 22, 2, 0, 1 ] ], [ [ 14, 15, 16, 17 ] ], [ [ 17, 16, 18, 19 ] ], [ [ 6, 5, 15, 14 ] ], [ [ 22, 23, 3, 2 ] ], [ [ 19, 18, 12, 11 ] ], [ [ 25, 26, 27 ] ], [ [ 9, 8, 29 ] ], [ [ 26, 25, 29 ] ] ] }, "roof_props": null, "wall_color": "sand", "type": "yes", "landmark": null, "footprint_source": "osm", "source_updated": null, "is_part": false, "parent": null, "hidden": false, "addr": "509 Randolph Street", "wikidata": null, "website": null, "zoning": "R-48", "lidar_p90": 8.33, "ground_z": 59.16 }, "geometry": { "type": "Polygon", "coordinates": [ [ [ 282628.08, 4157812.41 ], [ 282638.42, 4157807.47 ], [ 282636.56, 4157803.61 ], [ 282639.32, 4157802.3 ], [ 282638.36, 4157800.3 ], [ 282625.27, 4157806.55 ], [ 282628.08, 4157812.41 ] ] ] } },
{ "type": "Feature", "properties": { "id": "osm:way/625796557", "name": null, "height": 5.88, "min_height": 0.0, "levels": null, "height_source": "lidar", "roof_shape": "hip", "roof_height": 3.24, "roof_azimuth": 100.5, "roof_source": "lod2", "roof_color": "concrete", "roof_color_source": "ortho", "lod2_roof": { "v": [ [ 282641.0, 4157809.04, 0.0 ], [ 282641.97, 4157811.04, 0.0 ], [ 282631.55, 4157820.74, 0.52 ], [ 282631.55, 4157820.74, 0.0 ], [ 282628.87, 4157814.82, 0.0 ], [ 282628.87, 4157814.82, 0.8 ], [ 282633.23, 4157819.94, 3.22 ], [ 282630.39, 4157814.1, 3.24 ], [ 282627.91, 4157815.28, 0.0 ], [ 282640.12, 4157811.92, 0.4 ], [ 282640.12, 4157811.92, 0.0 ], [ 282639.21, 4157812.35, 0.69 ], [ 282641.06, 4157816.2, 0.68 ], [ 282630.73, 4157821.14, 0.0 ], [ 282633.23, 4157819.94, 3.22 ], [ 282638.83, 4157810.07, 0.0 ], [ 282638.83, 4157810.07, 0.51 ], [ 282639.24, 4157810.66, 0.47 ], [ 282639.24, 4157810.66, 0.0 ] ], "f": [ [ [ 3, 13, 8, 4 ] ], [ [ 7, 6, 2, 5 ] ], [ [ 18, 15, 0, 1, 10 ] ], [ [ 16, 17, 9, 11, 12, 14, 7 ] ], [ [ 2, 3, 4, 5 ] ], [ [ 14, 6, 7 ] ], [ [ 17, 18, 10, 9 ] ], [ [ 16, 15, 18, 17 ] ] ] }, "roof_props": null, "wall_color": "cream", "type": "yes", "landmark": null, "footprint_source": "osm", "source_updated": null, "is_part": false, "parent": null, "hidden": false, "addr": "507 Randolph Street", "wikidata": null, "website": null, "zoning": "R-48", "lidar_p90": 8.25, "ground_z": 59.16 }, "geometry": { "type": "Polygon", "coordinates": [ [ [ 282630.73, 4157821.13 ], [ 282641.06, 4157816.2 ], [ 282639.21, 4157812.35 ], [ 282641.97, 4157811.04 ], [ 282641.0, 4157809.04 ], [ 282627.91, 4157815.28 ], [ 282630.73, 4157821.13 ] ] ] } },
{ "type": "Feature", "properties": { "id": "osm:way/625796558", "name": null, "height": 7.43, "min_height": 0.0, "levels": null, "height_source": "lidar", "roof_shape": "flat", "roof_height": 1.69, "roof_azimuth": null, "roof_source": "lod2", "roof_color": "roof_flat", "roof_color_source": "ortho", "lod2_roof": { "v": [ [ 282644.55, 4157816.94, 0.0 ], [ 282645.52, 4157818.94, 0.0 ], [ 282642.34, 4157818.0, 0.0 ], [ 282642.48, 4157818.47, 0.0 ], [ 282634.28, 4157829.04, 0.0 ], [ 282632.15, 4157824.61, 0.0 ], [ 282632.15, 4157824.61, 0.0 ], [ 282636.9, 4157827.79, 1.68 ], [ 282634.13, 4157821.91, 1.69 ], [ 282641.72, 4157818.29, 0.0 ], [ 282642.6, 4157818.84, 0.0 ], [ 282642.6, 4157818.84, 0.0 ], [ 282643.95, 4157819.68, 0.0 ], [ 282643.95, 4157819.68, 0.0 ], [ 282642.76, 4157820.25, 0.0 ], [ 282632.96, 4157823.71, 0.0 ], [ 282632.96, 4157823.71, 0.0 ], [ 282631.74, 4157823.05, 0.0 ], [ 282631.74, 4157823.05, 0.0 ], [ 282631.46, 4157823.18, 0.0 ], [ 282642.23, 4157818.61, 0.0 ], [ 282642.48, 4157818.47, 0.0 ], [ 282644.61, 4157824.11, 0.0 ] ], "f": [ [ [ 5, 19, 17, 16 ] ], [ [ 8, 7, 4, 6, 15, 18 ] ], [ [ 11, 3, 2, 0, 1, 12 ] ], [ [ 21, 10, 13, 14, 22, 7, 8, 9, 20 ] ], [ [ 10, 11, 12, 13 ] ], [ [ 15, 16, 17, 18 ] ], [ [ 6, 5, 16, 15 ] ], [ [ 21, 3, 11, 10 ] ] ] }, "roof_props": null, "wall_color": "sand", "type": "yes", "landmark": null, "footprint_source": "osm", "source_updated": null, "is_part": false, "parent": null, "hidden": false, "addr": "505 Randolph Street", "wikidata": null, "website": null, "zoning": "R-48", "lidar_p90": 8.41, "ground_z": 59.23 }, "geometry": { "type": "Polygon", "coordinates": [ [ [ 282634.28, 4157829.04 ], [ 282644.61, 4157824.11 ], [ 282642.76, 4157820.25 ], [ 282645.52, 4157818.94 ], [ 282644.55, 4157816.94 ], [ 282631.46, 4157823.18 ], [ 282634.28, 4157829.04 ] ] ] } },
{ "type": "Feature", "properties": { "id": "osm:way/625791768", "name": null, "height": 5.62, "min_height": 0.0, "levels": null, "height_source": "lidar", "roof_shape": "hip", "roof_height": 4.78, "roof_azimuth": 99.4, "roof_source": "lod2", "roof_color": "roof_flat", "roof_color_source": "ortho", "lod2_roof": { "v": [ [ 282553.67, 4157810.26, 0.0 ], [ 282556.43, 4157816.28, 0.0 ], [ 282543.92, 4157821.95, 0.0 ], [ 282541.17, 4157815.93, 0.0 ], [ 282542.54, 4157815.31, 0.0 ], [ 282544.59, 4157821.65, 0.53 ], [ 282544.59, 4157821.65, 0.0 ], [ 282542.54, 4157815.31, 0.8 ], [ 282553.65, 4157817.54, 3.38 ], [ 282553.65, 4157817.54, 3.28 ], [ 282553.05, 4157816.36, 3.37 ], [ 282553.05, 4157816.36, 3.3 ], [ 282549.74, 4157812.04, 3.07 ], [ 282554.47, 4157816.51, 1.49 ], [ 282554.94, 4157816.96, 1.15 ], [ 282555.14, 4157816.2, 0.38 ], [ 282555.14, 4157816.2, 0.0 ], [ 282552.93, 4157812.84, 2.06 ], [ 282552.93, 4157812.84, 1.21 ], [ 282552.93, 4157812.84, 0.0 ], [ 282553.74, 4157813.76, 0.0 ], [ 282553.74, 4157813.76, 3.28 ], [ 282553.17, 4157812.66, 0.77 ], [ 282553.17, 4157812.66, 0.0 ], [ 282556.1, 4157816.44, 0.0 ], [ 282555.66, 4157815.94, 0.0 ], [ 282553.18, 4157812.4, 0.6 ], [ 282553.18, 4157812.4, 0.0 ], [ 282553.09, 4157815.22, 2.24 ], [ 282553.09, 4157815.22, 2.49 ], [ 282553.09, 4157815.22, 3.53 ], [ 282552.24, 4157814.41, 3.41 ], [ 282550.24, 4157812.52, 4.44 ], [ 282550.24, 4157812.52, 3.14 ], [ 282549.74, 4157812.04, 4.78 ], [ 282552.52, 4157810.78, 0.0 ], [ 282552.52, 4157810.78, 0.38 ], [ 282551.71, 4157813.74, 3.36 ], [ 282551.71, 4157813.74, 2.6 ], [ 282551.88, 4157814.07, 3.0 ], [ 282551.88, 4157814.07, 3.36 ], [ 282552.19, 4157814.36, 3.41 ], [ 282552.24, 4157814.41, 3.47 ], [ 282554.04, 4157815.12, 1.93 ], [ 282554.04, 4157815.12, 1.14 ], [ 282553.32, 4157815.2, 2.16 ], [ 282554.04, 4157815.12, 0.0 ], [ 282554.13, 4157815.64, 0.0 ], [ 282554.13, 4157815.64, 1.37 ], [ 282553.86, 4157814.07, 3.05 ], [ 282553.86, 4157814.07, 0.0 ], [ 282552.3, 4157814.36, 3.43 ], [ 282553.76, 4157813.81, 0.0 ], [ 282553.76, 4157813.81, 3.35 ], [ 282551.05, 4157812.44, 3.36 ], [ 282552.29, 4157813.31, 2.34 ] ], "f": [ [ [ 6, 2, 3, 4 ] ], [ [ 54, 37, 40, 41, 31, 30, 10, 8, 5, 7, 12, 33 ] ], [ [ 48, 15, 13, 14, 9, 11, 29, 45, 44 ] ], [ [ 50, 52, 20, 19, 23, 27, 35, 0, 1, 24, 25, 16, 47, 46 ] ], [ [ 53, 49, 43, 45, 28, 31, 51 ] ], [ [ 18, 55, 37, 54, 32, 34, 36, 26, 22 ] ], [ [ 38, 55, 17, 21, 53, 51, 42, 41, 39 ] ], [ [ 5, 6, 4, 7 ] ], [ [ 10, 11, 9, 8 ] ], [ [ 17, 18, 19, 20, 21 ] ], [ [ 22, 23, 19, 18 ] ], [ [ 26, 27, 23, 22 ] ], [ [ 28, 29, 30, 31 ] ], [ [ 30, 29, 11, 10 ] ], [ [ 32, 33, 12, 34 ] ], [ [ 37, 38, 39, 40 ] ], [ [ 40, 39, 41 ] ], [ [ 42, 31, 41 ] ], [ [ 43, 44, 45 ] ], [ [ 29, 28, 45 ] ], [ [ 44, 46, 47, 48 ] ], [ [ 49, 50, 46, 44, 43 ] ], [ [ 31, 42, 51 ] ], [ [ 36, 35, 27, 26 ] ], [ [ 21, 20, 52, 53 ] ], [ [ 48, 47, 16, 15 ] ], [ [ 53, 52, 50, 49 ] ], [ [ 33, 32, 54 ] ], [ [ 18, 17, 55 ] ], [ [ 38, 37, 55 ] ] ] }, "roof_props": null, "wall_color": "concrete", "type": "yes", "landmark": null, "footprint_source": "osm", "source_updated": null, "is_part": false, "parent": null, "hidden": false, "addr": "506 Bethany Drive", "wikidata": null, "website": null, "zoning": "R-48", "lidar_p90": 8.22, "ground_z": 59.7 }, "geometry": { "type": "Polygon", "coordinates": [ [ [ 282543.92, 4157821.95 ], [ 282556.43, 4157816.28 ], [ 282553.67, 4157810.26 ], [ 282541.17, 4157815.93 ], [ 282543.92, 4157821.95 ] ] ] } },
{ "type": "Feature", "properties": { "id": "osm:way/625791778", "name": null, "height": 6.22, "min_height": 0.0, "levels": null, "height_source": "lidar", "roof_shape": "hip", "roof_height": 2.96, "roof_azimuth": 9.9, "roof_source": "lod2", "roof_color": "concrete", "roof_color_source": "ortho", "lod2_roof": { "v": [ [ 282514.68, 4157812.46, 2.95 ], [ 282518.35, 4157820.34, 0.48 ], [ 282513.75, 4157810.46, 0.0 ], [ 282507.34, 4157813.43, 0.0 ], [ 282510.1, 4157814.64, 2.96 ], [ 282509.33, 4157813.02, 0.33 ], [ 282513.81, 4157822.43, 0.5 ], [ 282507.52, 4157813.82, 0.24 ] ], "f": [ [ [ 1, 6, 4, 0 ] ], [ [ 5, 7, 3, 2, 0, 4 ] ] ] }, "roof_props": null, "wall_color": "terracotta", "type": "yes", "landmark": null, "footprint_source": "osm", "source_updated": null, "is_part": false, "parent": null, "hidden": false, "addr": "1414 Kemper Street", "wikidata": null, "website": null, "zoning": "R-48", "lidar_p90": 8.36, "ground_z": 60.27 }, "geometry": { "type": "Polygon", "coordinates": [ [ [ 282518.35, 4157820.34 ], [ 282513.75, 4157810.46 ], [ 282507.34, 4157813.43 ], [ 282511.93, 4157823.3 ], [ 282518.35, 4157820.34 ] ] ] } },
{ "type": "Feature", "properties": { "id": "osm:way/625791779", "name": null, "height": 6.0, "min_height": 0.0, "levels": null, "height_source": "lidar", "roof_shape": "hip", "roof_height": 2.86, "roof_azimuth": 10.0, "roof_source": "lod2", "roof_color": "concrete", "roof_color_source": "ortho", "lod2_roof": { "v": [ [ 282501.45, 4157816.33, 0.0 ], [ 282506.69, 4157813.9, 0.0 ], [ 282507.6, 4157815.86, 2.85 ], [ 282511.29, 4157823.77, 0.37 ], [ 282502.36, 4157818.34, 2.86 ], [ 282505.93, 4157826.25, 0.39 ], [ 282502.36, 4157818.34, 2.86 ] ], "f": [ [ [ 2, 4, 0, 1 ] ], [ [ 3, 5, 6, 2 ] ], [ [ 6, 4, 2 ] ] ] }, "roof_props": null, "wall_color": "terracotta", "type": "yes", "landmark": null, "footprint_source": "osm", "source_updated": null, "is_part": false, "parent": null, "hidden": false, "addr": "1416 Kemper Street", "wikidata": null, "website": null, "zoning": "R-48", "lidar_p90": 8.22, "ground_z": 60.72 }, "geometry": { "type": "Polygon", "coordinates": [ [ [ 282511.29, 4157823.77 ], [ 282506.69, 4157813.9 ], [ 282500.28, 4157816.87 ], [ 282504.88, 4157826.74 ], [ 282511.29, 4157823.77 ] ] ] } },
{ "type": "Feature", "properties": { "id": "osm:way/625791769", "name": null, "height": 5.54, "min_height": 0.0, "levels": null, "height_source": "lidar", "roof_shape": "gable", "roof_height": 3.47, "roof_azimuth": 99.4, "roof_source": "lod2", "roof_color": "roof_flat", "roof_color_source": "ortho", "lod2_roof": { "v": [ [ 282556.89, 4157824.49, 3.46 ], [ 282548.39, 4157828.35, 0.0 ], [ 282548.39, 4157828.35, 0.79 ], [ 282545.79, 4157822.75, 0.0 ], [ 282545.79, 4157822.75, 0.82 ], [ 282558.06, 4157820.22, 1.45 ], [ 282558.06, 4157820.22, 0.0 ], [ 282559.47, 4157823.32, 1.43 ], [ 282558.12, 4157823.94, 1.52 ], [ 282558.12, 4157823.94, 1.52 ], [ 282556.89, 4157824.49, 3.46 ], [ 282545.6, 4157822.34, 0.83 ], [ 282544.39, 4157823.37, 0.0 ], [ 282553.99, 4157818.54, 3.47 ], [ 282556.72, 4157817.3, 0.0 ], [ 282553.99, 4157818.54, 3.47 ], [ 282557.31, 4157818.59, 0.0 ], [ 282557.31, 4157818.59, 0.0 ], [ 282546.97, 4157828.99, 0.0 ], [ 282556.4, 4157820.46, 0.0 ], [ 282556.4, 4157820.46, 1.55 ], [ 282556.43, 4157820.52, 0.0 ], [ 282556.43, 4157820.52, 1.55 ], [ 282555.29, 4157821.2, 3.47 ] ], "f": [ [ [ 15, 23, 0, 2, 4, 11 ] ], [ [ 1, 18, 12, 3 ] ], [ [ 6, 21, 19, 16 ] ], [ [ 22, 8, 10, 23, 13, 14, 17, 20 ] ], [ [ 9, 22, 5, 7 ] ], [ [ 2, 1, 3, 4 ] ], [ [ 17, 16, 19, 20 ] ], [ [ 20, 19, 21, 22 ] ], [ [ 15, 13, 23 ] ], [ [ 10, 0, 23 ] ], [ [ 22, 21, 6, 5 ] ], [ [ 9, 8, 22 ] ] ] }, "roof_props": null, "wall_color": "terracotta", "type": "yes", "landmark": null, "footprint_source": "osm", "source_updated": null, "is_part": false, "parent": null, "hidden": false, "addr": "504 Bethany Drive", "wikidata": null, "website": null, "zoning": "R-48", "lidar_p90": 8.3, "ground_z": 59.8 }, "geometry": { "type": "Polygon", "coordinates": [ [ [ 282546.97, 4157828.99 ], [ 282559.47, 4157823.32 ], [ 282556.72, 4157817.3 ], [ 282544.21, 4157822.97 ], [ 282546.97, 4157828.99 ] ] ] } },
{ "type": "Feature", "properties": { "id": "osm:way/625791770", "name": null, "height": 5.74, "min_height": 0.0, "levels": null, "height_source": "lidar", "roof_shape": "gable", "roof_height": 3.99, "roof_azimuth": 114.4, "roof_source": "lod2", "roof_color": "roof_flat", "roof_color_source": "ortho", "lod2_roof": { "v": [ [ 282563.03, 4157830.48, 0.0 ], [ 282560.3, 4157831.71, 3.25 ], [ 282560.3, 4157831.71, 3.25 ], [ 282558.65, 4157828.28, 3.26 ], [ 282558.65, 4157828.28, 3.26 ], [ 282557.43, 4157825.74, 3.27 ], [ 282549.18, 4157829.48, 0.7 ], [ 282549.18, 4157829.48, 0.0 ], [ 282550.82, 4157836.01, 0.0 ], [ 282548.07, 4157829.98, 0.0 ], [ 282551.64, 4157835.64, 0.0 ], [ 282551.64, 4157835.64, 0.55 ], [ 282561.7, 4157827.46, 0.0 ], [ 282561.58, 4157827.69, 0.0 ], [ 282561.42, 4157827.46, 0.54 ], [ 282561.42, 4157827.46, 0.0 ], [ 282561.58, 4157827.69, 0.48 ], [ 282561.58, 4157827.69, 0.94 ], [ 282560.58, 4157824.3, 0.0 ], [ 282562.02, 4157827.46, 0.0 ], [ 282559.03, 4157825.01, 0.0 ], [ 282559.03, 4157825.01, 0.55 ], [ 282559.5, 4157828.55, 3.45 ], [ 282559.5, 4157828.55, 2.26 ], [ 282560.16, 4157828.76, 2.63 ], [ 282560.16, 4157828.76, 3.59 ], [ 282562.33, 4157830.35, 0.0 ], [ 282562.97, 4157830.37, 0.0 ], [ 282559.12, 4157825.18, 0.0 ], [ 282559.12, 4157825.18, 0.54 ], [ 282562.5, 4157829.49, 0.49 ], [ 282562.11, 4157829.37, 1.15 ], [ 282562.11, 4157829.37, 1.59 ], [ 282562.33, 4157830.35, 0.27 ], [ 282559.92, 4157830.92, 3.26 ], [ 282559.92, 4157830.92, 3.26 ], [ 282559.36, 4157825.26, 0.0 ], [ 282559.36, 4157825.26, 0.26 ], [ 282561.13, 4157829.06, 2.8 ], [ 282561.13, 4157829.06, 2.82 ], [ 282561.18, 4157829.08, 2.74 ], [ 282561.3, 4157828.22, 1.8 ], [ 282561.3, 4157828.22, 1.59 ], [ 282561.13, 4157829.06, 3.18 ], [ 282560.25, 4157830.27, 3.42 ], [ 282560.25, 4157830.27, 2.36 ], [ 282559.92, 4157830.92, 3.26 ], [ 282560.72, 4157830.29, 1.73 ], [ 282560.25, 4157830.27, 2.15 ], [ 282558.65, 4157828.28, 3.26 ], [ 282560.09, 4157830.27, 3.38 ], [ 282560.09, 4157830.27, 2.3 ], [ 282560.14, 4157829.17, 3.53 ], [ 282560.16, 4157828.76, 3.99 ], [ 282560.26, 4157827.46, 0.48 ], [ 282560.26, 4157827.46, 0.0 ], [ 282559.22, 4157825.39, 0.54 ], [ 282559.22, 4157825.39, 0.0 ], [ 282560.92, 4157828.99, 3.06 ] ], "f": [ [ [ 9, 7, 10, 8 ] ], [ [ 45, 47, 26, 27, 0, 2, 35, 46 ] ], [ [ 25, 52, 50, 44, 46, 34, 1, 11, 6, 5, 4, 49, 22 ] ], [ [ 42, 16, 30, 31, 40, 39 ] ], [ [ 43, 58, 24, 23, 54, 14, 17, 41 ] ], [ [ 57, 36, 28, 20, 18, 19, 12, 13, 15, 55 ] ], [ [ 37, 56, 54, 23, 49, 3, 5, 21, 29 ] ], [ [ 53, 58, 38, 40, 32, 33, 47, 48, 51, 52 ] ], [ [ 3, 4, 5 ] ], [ [ 14, 15, 13, 16, 17 ] ], [ [ 22, 23, 24, 25 ] ], [ [ 11, 10, 7, 6 ] ], [ [ 21, 20, 28, 29 ] ], [ [ 2, 1, 34, 35 ] ], [ [ 29, 28, 36, 37 ] ], [ [ 38, 39, 40 ] ], [ [ 31, 32, 40 ] ], [ [ 41, 42, 39, 43 ] ], [ [ 44, 45, 46 ] ], [ [ 35, 34, 46 ] ], [ [ 33, 26, 47 ] ], [ [ 45, 48, 47 ] ], [ [ 23, 22, 49 ] ], [ [ 4, 3, 49 ] ], [ [ 50, 51, 48, 45, 44 ] ], [ [ 51, 50, 52 ] ], [ [ 25, 53, 52 ] ], [ [ 17, 16, 42, 41 ] ], [ [ 54, 55, 15, 14 ] ], [ [ 56, 57, 55, 54 ] ], [ [ 37, 36, 57, 56 ] ], [ [ 43, 39, 38, 58 ] ], [ [ 53, 25, 24, 58 ] ] ] }, "roof_props": null, "wall_color": "brick", "type": "yes", "landmark": null, "footprint_source": "osm", "source_updated": null, "is_part": false, "parent": null, "hidden": false, "addr": "502 Bethany Drive", "wikidata": null, "website": null, "zoning": "R-48", "lidar_p90": 8.32, "ground_z": 59.83 }, "geometry": { "type": "Polygon", "coordinates": [ [ [ 282550.82, 4157836.01 ], [ 282563.33, 4157830.34 ], [ 282560.58, 4157824.3 ], [ 282548.07, 4157829.98 ], [ 282550.82, 4157836.01 ] ] ] } },
{ "type": "Feature", "properties": { "id": "osm:way/625791771", "name": null, "height": 5.43, "min_height": 0.0, "levels": null, "height_source": "lidar", "roof_shape": "hip", "roof_height": 3.76, "roof_azimuth": 99.4, "roof_source": "lod2", "roof_color": "concrete", "roof_color_source": "ortho", "lod2_roof": { "v": [ [ 282555.13, 4157842.8, 0.0 ], [ 282553.52, 4157843.53, 0.0 ], [ 282561.88, 4157832.48, 1.67 ], [ 282561.88, 4157832.48, 0.0 ], [ 282563.69, 4157834.63, 0.0 ], [ 282563.69, 4157834.63, 0.63 ], [ 282563.28, 4157831.84, 0.0 ], [ 282563.79, 4157836.66, 2.16 ], [ 282563.79, 4157836.66, 3.43 ], [ 282564.75, 4157837.53, 1.35 ], [ 282565.43, 4157838.14, 0.0 ], [ 282565.43, 4157838.14, 0.78 ], [ 282564.59, 4157834.72, 0.0 ], [ 282555.13, 4157842.8, 0.7 ], [ 282552.72, 4157837.53, 0.0 ], [ 282552.72, 4157837.53, 0.76 ], [ 282563.71, 4157838.92, 3.21 ], [ 282563.71, 4157838.92, 3.4 ], [ 282563.15, 4157837.77, 3.41 ], [ 282552.38, 4157836.78, 0.77 ], [ 282551.13, 4157838.29, 0.0 ], [ 282560.82, 4157832.96, 3.42 ], [ 282562.71, 4157836.5, 3.17 ], [ 282562.71, 4157836.5, 3.45 ], [ 282562.15, 4157835.7, 3.41 ], [ 282563.1, 4157837.05, 3.48 ], [ 282563.1, 4157837.05, 3.16 ], [ 282562.94, 4157837.2, 3.42 ], [ 282563.01, 4157836.92, 3.48 ], [ 282563.01, 4157836.92, 3.22 ], [ 282564.59, 4157834.72, 0.78 ], [ 282565.25, 4157836.16, 2.81 ], [ 282565.25, 4157836.16, 2.81 ], [ 282566.03, 4157837.87, 0.0 ], [ 282563.01, 4157836.92, 3.76 ], [ 282562.86, 4157836.71, 3.47 ], [ 282563.89, 4157834.86, 0.0 ], [ 282563.89, 4157834.86, 0.96 ] ], "f": [ [ [ 1, 20, 14, 0 ] ], [ [ 8, 32, 33, 10, 9 ] ], [ [ 29, 7, 9, 11, 16, 18, 27, 26 ] ], [ [ 23, 35, 28, 25, 27, 18, 17, 13, 15, 19, 21, 24 ] ], [ [ 12, 36, 4, 3, 6 ] ], [ [ 5, 22, 24, 21, 2 ] ], [ [ 22, 5, 37, 30, 31, 8, 34, 35 ] ], [ [ 2, 3, 4, 5 ] ], [ [ 7, 8, 9 ] ], [ [ 10, 11, 9 ] ], [ [ 13, 0, 14, 15 ] ], [ [ 16, 17, 18 ] ], [ [ 22, 23, 24 ] ], [ [ 25, 26, 27 ] ], [ [ 28, 29, 26, 25 ] ], [ [ 8, 7, 29, 28, 34 ] ], [ [ 34, 28, 35 ] ], [ [ 23, 22, 35 ] ], [ [ 31, 32, 8 ] ], [ [ 5, 4, 36, 37 ] ], [ [ 37, 36, 12, 30 ] ] ] }, "roof_props": null, "wall_color": "brick", "type": "yes", "landmark": null, "footprint_source": "osm", "source_updated": null, "is_part": false, "parent": null, "hidden": false, "addr": "500 Bethany Drive", "wikidata": null, "website": null, "zoning": "R-48", "lidar_p90": 8.29, "ground_z": 60.0 }, "geometry": { "type": "Polygon", "coordinates": [ [ [ 282553.52, 4157843.53 ], [ 282566.03, 4157837.86 ], [ 282563.28, 4157831.84 ], [ 282550.77, 4157837.51 ], [ 282553.52, 4157843.53 ] ] ] } },
{ "type": "Feature", "properties": { "id": "osm:way/625791772", "name": null, "height": 6.2, "min_height": 0.0, "levels": null, "height_source": "lidar", "roof_shape": "gable", "roof_height": 0.68, "roof_azimuth": 113.6, "roof_source": "lidar", "roof_color": "roof_flat", "roof_color_source": "ortho", "lod2_roof": null, "roof_props": null, "wall_color": "brick", "type": "yes", "landmark": null, "footprint_source": "osm", "source_updated": null, "is_part": false, "parent": null, "hidden": false, "addr": "1413 Jacquelin Street", "wikidata": null, "website": null, "zoning": "R-48", "lidar_p90": 8.17, "ground_z": 60.49 }, "geometry": { "type": "Polygon", "coordinates": [ [ [ 282534.54, 4157851.86 ], [ 282541.02, 4157849.05 ], [ 282536.65, 4157839.07 ], [ 282530.18, 4157841.88 ], [ 282534.54, 4157851.86 ] ] ] } },
{ "type": "Feature", "properties": { "id": "osm:way/625791773", "name": null, "height": 6.48, "min_height": 0.0, "levels": null, "height_source": "lidar", "roof_shape": "skillion", "roof_height": 2.66, "roof_azimuth": 116.3, "roof_source": "lod2", "roof_color": "roof_flat", "roof_color_source": "ortho", "lod2_roof": { "v": [ [ 282534.24, 4157853.87, 1.45 ], [ 282533.16, 4157854.33, 2.42 ], [ 282532.43, 4157852.95, 2.41 ], [ 282532.43, 4157852.95, 2.41 ], [ 282532.43, 4157852.95, 2.41 ], [ 282532.22, 4157853.59, 1.68 ], [ 282532.22, 4157853.59, 1.68 ], [ 282524.9, 4157846.05, 0.04 ], [ 282529.88, 4157843.9, 0.0 ], [ 282533.55, 4157852.29, 1.33 ], [ 282533.55, 4157852.29, 2.62 ], [ 282532.36, 4157852.82, 2.63 ], [ 282532.36, 4157852.82, 2.41 ], [ 282532.36, 4157852.82, 2.63 ], [ 282532.39, 4157854.67, 0.13 ], [ 282532.39, 4157854.67, 1.15 ], [ 282532.22, 4157853.59, 1.68 ], [ 282528.78, 4157854.4, 2.66 ], [ 282529.49, 4157855.93, 0.19 ] ], "f": [ [ [ 12, 9, 0, 1, 3 ] ], [ [ 15, 16, 5, 2, 1 ] ], [ [ 17, 7, 8, 10, 13 ] ], [ [ 18, 17, 11, 4, 6, 16, 14 ] ], [ [ 2, 3, 1 ] ], [ [ 4, 2, 5, 6 ] ], [ [ 11, 12, 3, 2, 4 ] ], [ [ 10, 9, 12, 11, 13 ] ], [ [ 6, 5, 16 ] ], [ [ 15, 14, 16 ] ], [ [ 13, 11, 17 ] ] ] }, "roof_props": null, "wall_color": "concrete", "type": "yes", "landmark": null, "footprint_source": "osm", "source_updated": null, "is_part": false, "parent": null, "hidden": false, "addr": "1415 Jacquelin Street", "wikidata": null, "website": null, "zoning": "R-48", "lidar_p90": 8.6, "ground_z": 60.98 }, "geometry": { "type": "Polygon", "coordinates": [ [ [ 282527.76, 4157856.68 ], [ 282534.24, 4157853.87 ], [ 282529.88, 4157843.9 ], [ 282523.41, 4157846.7 ], [ 282527.76, 4157856.68 ] ] ] } },
{ "type": "Feature", "properties": { "id": "osm:way/625791774", "name": null, "height": 6.44, "min_height": 0.0, "levels": null, "height_source": "lidar", "roof_shape": "skillion", "roof_height": 2.65, "roof_azimuth": 117.0, "roof_source": "lod2", "roof_color": "roof_flat", "roof_color_source": "ortho", "lod2_roof": { "v": [ [ 282525.74, 4157854.72, 2.64 ], [ 282526.35, 4157856.13, 0.31 ], [ 282521.86, 4157858.08, 0.5 ], [ 282521.99, 4157846.15, 0.0 ], [ 282517.07, 4157848.28, 0.0 ], [ 282521.24, 4157856.8, 2.65 ] ], "f": [ [ [ 5, 4, 3, 0 ] ], [ [ 2, 5, 0, 1 ] ] ] }, "roof_props": null, "wall_color": "cream", "type": "yes", "landmark": null, "footprint_source": "osm", "source_updated": null, "is_part": false, "parent": null, "hidden": false, "addr": "1417 Jacquelin Street", "wikidata": null, "website": null, "zoning": "R-48", "lidar_p90": 8.65, "ground_z": 61.23 }, "geometry": { "type": "Polygon", "coordinates": [ [ [ 282519.87, 4157858.94 ], [ 282526.35, 4157856.13 ], [ 282521.99, 4157846.15 ], [ 282515.51, 4157848.96 ], [ 282519.87, 4157858.94 ] ] ] } },
{ "type": "Feature", "properties": { "id": "osm:way/625796542", "name": null, "height": 6.91, "min_height": 0.0, "levels": null, "height_source": "lidar", "roof_shape": "flat", "roof_height": 0.0, "roof_azimuth": null, "roof_source": "heuristic", "roof_color": "roof_flat", "roof_color_source": "heuristic", "lod2_roof": null, "roof_props": null, "wall_color": "terracotta", "type": "yes", "landmark": null, "footprint_source": "osm", "source_updated": null, "is_part": false, "parent": null, "hidden": false, "addr": "1319 Wallace Street", "wikidata": null, "website": null, "zoning": "R-6", "lidar_p90": 7.6, "ground_z": 59.71 }, "geometry": { "type": "Polygon", "coordinates": [ [ [ 282689.06, 4157827.57 ], [ 282684.96, 4157819.57 ], [ 282678.96, 4157822.63 ], [ 282676.96, 4157818.74 ], [ 282672.06, 4157821.23 ], [ 282678.15, 4157833.11 ], [ 282689.06, 4157827.57 ] ] ] } },
{ "type": "Feature", "properties": { "id": "richmond_structure:278872", "name": null, "height": 6.8, "min_height": 0.0, "levels": null, "height_source": "lidar", "roof_shape": "flat", "roof_height": 2.54, "roof_azimuth": null, "roof_source": "lod2", "roof_color": "roof_flat", "roof_color_source": "heuristic", "lod2_roof": { "v": [ [ 282668.17, 4157826.7, 0.0 ], [ 282666.01, 4157822.37, 0.0 ], [ 282668.11, 4157826.74, 0.0 ], [ 282668.28, 4157827.16, 0.85 ], [ 282668.28, 4157827.16, 0.0 ], [ 282669.19, 4157826.71, 0.0 ], [ 282669.19, 4157826.71, 0.85 ], [ 282671.5, 4157835.66, 1.05 ], [ 282669.57, 4157831.74, 2.54 ], [ 282677.46, 4157832.69, 1.06 ], [ 282668.72, 4157821.16, 0.0 ], [ 282675.57, 4157828.82, 2.53 ], [ 282667.31, 4157827.14, 0.69 ], [ 282668.11, 4157826.74, 0.68 ], [ 282672.01, 4157819.7, 0.0 ], [ 282673.49, 4157824.58, 0.82 ], [ 282673.49, 4157824.58, 0.0 ], [ 282674.25, 4157824.2, 0.0 ], [ 282671.29, 4157825.17, 0.67 ], [ 282671.29, 4157825.17, 0.0 ], [ 282672.57, 4157825.03, 0.0 ], [ 282672.57, 4157825.03, 0.83 ], [ 282670.84, 4157825.5, 0.71 ], [ 282670.84, 4157825.5, 0.0 ] ], "f": [ [ [ 11, 9, 7, 8 ] ], [ [ 23, 5, 4, 2, 0, 1, 10 ] ], [ [ 21, 15, 11, 8, 12, 13, 3, 6, 22, 18 ] ], [ [ 16, 20, 19, 23, 10, 14, 17 ] ], [ [ 3, 4, 5, 6 ] ], [ [ 13, 2, 4, 3 ] ], [ [ 18, 19, 20, 21 ] ], [ [ 22, 23, 19, 18 ] ], [ [ 6, 5, 23, 22 ] ], [ [ 21, 20, 16, 15 ] ] ] }, "roof_props": null, "wall_color": "concrete", "type": "yes", "landmark": null, "footprint_source": "richmond_structures", "source_updated": "2026-09-08T12:07:13.637000Z", "is_part": false, "parent": null, "hidden": false, "addr": "1321 Wallace St", "wikidata": null, "website": null, "zoning": "R-6", "lidar_p90": 8.18, "ground_z": 59.21 }, "geometry": { "type": "Polygon", "coordinates": [ [ [ 282671.35, 4157818.38 ], [ 282665.48, 4157821.3 ], [ 282668.17, 4157826.7 ], [ 282667.31, 4157827.14 ], [ 282671.5, 4157835.66 ], [ 282678.27, 4157832.28 ], [ 282671.35, 4157818.38 ] ] ] } },
{ "type": "Feature", "properties": { "id": "osm:way/625796559", "name": null, "height": 6.16, "min_height": 0.0, "levels": null, "height_source": "lidar", "roof_shape": "hip", "roof_height": 3.25, "roof_azimuth": 100.5, "roof_source": "lod2", "roof_color": "roof_flat", "roof_color_source": "ortho", "lod2_roof": { "v": [ [ 282648.25, 4157825.11, 0.0 ], [ 282649.21, 4157827.1, 0.0 ], [ 282637.4, 4157834.31, 1.38 ], [ 282637.4, 4157834.31, 0.0 ], [ 282637.48, 4157833.35, 0.0 ], [ 282637.48, 4157833.35, 0.15 ], [ 282637.96, 4157830.02, 2.93 ], [ 282646.46, 4157825.96, 0.17 ], [ 282646.53, 4157826.34, 0.0 ], [ 282646.53, 4157826.34, 0.2 ], [ 282635.16, 4157831.36, 0.0 ], [ 282636.26, 4157830.83, 0.0 ], [ 282646.7, 4157827.28, 0.27 ], [ 282646.7, 4157827.28, 0.0 ], [ 282648.03, 4157827.67, 0.0 ], [ 282648.03, 4157827.67, 0.0 ], [ 282646.45, 4157828.42, 0.48 ], [ 282637.45, 4157836.11, 0.28 ], [ 282636.96, 4157835.11, 0.0 ], [ 282636.96, 4157835.11, 0.0 ], [ 282637.14, 4157835.08, 0.0 ], [ 282637.14, 4157835.08, 0.19 ], [ 282637.97, 4157837.2, 0.0 ], [ 282637.45, 4157836.11, 1.17 ], [ 282637.87, 4157835.73, 1.6 ], [ 282639.86, 4157834.21, 2.96 ], [ 282639.86, 4157834.21, 3.25 ], [ 282639.86, 4157834.21, 3.25 ], [ 282639.77, 4157834.05, 2.96 ], [ 282639.71, 4157833.92, 2.74 ], [ 282639.71, 4157833.92, 2.96 ], [ 282647.77, 4157825.69, 0.0 ], [ 282637.49, 4157833.26, 0.22 ], [ 282637.49, 4157833.26, 0.0 ], [ 282636.26, 4157830.83, 0.16 ], [ 282640.09, 4157834.69, 2.46 ], [ 282640.09, 4157834.69, 2.96 ], [ 282639.79, 4157834.73, 2.49 ], [ 282636.79, 4157833.79, 0.0 ], [ 282636.79, 4157833.79, 0.18 ], [ 282640.7, 4157835.9, 2.95 ], [ 282639.18, 4157836.63, 0.0 ], [ 282639.18, 4157836.63, 0.3 ], [ 282639.03, 4157836.34, 0.29 ], [ 282639.03, 4157836.34, 0.29 ], [ 282639.03, 4157836.34, 0.29 ], [ 282639.94, 4157834.39, 2.96 ], [ 282648.31, 4157832.28, 0.48 ], [ 282638.89, 4157832.27, 2.72 ], [ 282638.89, 4157832.27, 2.97 ], [ 282638.11, 4157834.91, 2.77 ], [ 282638.95, 4157832.06, 2.93 ], [ 282647.92, 4157825.27, 0.0 ], [ 282647.96, 4157825.32, 0.0 ] ], "f": [ [ [ 44, 37, 36, 40, 42, 45 ] ], [ [ 27, 50, 2, 5, 29, 28 ] ], [ [ 39, 2, 50, 24, 17, 19, 21 ] ], [ [ 50, 26, 46, 35, 37, 43, 45, 41, 22, 23, 24 ] ], [ [ 33, 4, 3, 38, 20, 18, 10, 11 ] ], [ [ 9, 12, 15, 16, 47, 40, 36, 46, 25, 28, 30, 49, 51, 6, 7 ] ], [ [ 31, 53, 52, 0, 1, 14, 13, 8 ] ], [ [ 5, 32, 34, 6, 51, 48, 29 ] ], [ [ 2, 3, 4, 5 ] ], [ [ 12, 13, 14, 15 ] ], [ [ 19, 18, 20, 21 ] ], [ [ 23, 17, 24 ] ], [ [ 25, 26, 27, 28 ] ], [ [ 29, 30, 28 ] ], [ [ 32, 33, 11, 34 ] ], [ [ 35, 36, 37 ] ], [ [ 21, 20, 38, 39 ] ], [ [ 43, 44, 45 ] ], [ [ 42, 41, 45 ] ], [ [ 36, 35, 46 ] ], [ [ 26, 25, 46 ] ], [ [ 30, 29, 48, 49 ] ], [ [ 44, 43, 37 ] ], [ [ 39, 38, 3, 2 ] ], [ [ 27, 26, 50 ] ], [ [ 49, 48, 51 ] ], [ [ 9, 8, 13, 12 ] ], [ [ 5, 4, 33, 32 ] ] ] }, "roof_props": null, "wall_color": "cream", "type": "yes", "landmark": null, "footprint_source": "osm", "source_updated": null, "is_part": false, "parent": null, "hidden": false, "addr": "503 Randolph Street", "wikidata": null, "website": null, "zoning": "R-48", "lidar_p90": 8.36, "ground_z": 59.24 }, "geometry": { "type": "Polygon", "coordinates": [ [ [ 282637.97, 4157837.2 ], [ 282648.3, 4157832.28 ], [ 282646.45, 4157828.42 ], [ 282649.21, 4157827.1 ], [ 282648.25, 4157825.11 ], [ 282635.16, 4157831.36 ], [ 282637.97, 4157837.2 ] ] ] } },
{ "type": "Feature", "properties": { "id": "osm:way/1131832927", "name": null, "height": 7.22, "min_height": 0.0, "levels": null, "height_source": "lidar", "roof_shape": "flat", "roof_height": 0.0, "roof_azimuth": null, "roof_source": "lod2", "roof_color": "roof_flat", "roof_color_source": "heuristic", "lod2_roof": { "v": [ [ 282602.46, 4157832.19, 0.0 ], [ 282603.95, 4157835.49, 0.0 ], [ 282598.68, 4157833.87, 0.0 ], [ 282601.93, 4157832.43, 0.0 ], [ 282600.37, 4157837.64, 0.0 ], [ 282600.1, 4157837.05, 0.0 ], [ 282600.1, 4157837.05, 0.0 ], [ 282604.15, 4157835.96, 0.0 ], [ 282601.93, 4157832.43, 0.0 ], [ 282601.97, 4157832.51, 0.0 ], [ 282603.95, 4157835.49, 0.0 ], [ 282602.77, 4157835.41, 0.0 ], [ 282601.13, 4157834.95, 0.0 ], [ 282601.13, 4157834.95, 0.0 ], [ 282601.01, 4157834.9, 0.0 ], [ 282601.18, 4157834.82, 0.0 ], [ 282598.95, 4157834.47, 0.0 ], [ 282598.95, 4157834.47, 0.0 ], [ 282599.72, 4157834.38, 0.0 ], [ 282600.76, 4157835.78, 0.0 ] ], "f": [ [ [ 1, 11, 15, 9, 8, 0 ] ], [ [ 18, 16, 2, 3, 9, 15, 12, 14 ] ], [ [ 6, 19, 14, 13, 15, 11, 10, 7, 4 ] ], [ [ 5, 17, 18, 14, 19 ] ], [ [ 3, 8, 9 ] ], [ [ 1, 10, 11 ] ], [ [ 12, 13, 14 ] ], [ [ 13, 12, 15 ] ], [ [ 17, 16, 18 ] ], [ [ 6, 5, 19 ] ] ] }, "roof_props": null, "wall_color": "terracotta", "type": "yes", "landmark": null, "footprint_source": "osm", "source_updated": null, "is_part": false, "parent": null, "hidden": false, "addr": null, "wikidata": null, "website": null, "zoning": "R-48", "lidar_p90": 7.37, "ground_z": 59.55 }, "geometry": { "type": "Polygon", "coordinates": [ [ [ 282600.37, 4157837.64 ], [ 282604.15, 4157835.96 ], [ 282602.46, 4157832.19 ], [ 282598.68, 4157833.87 ], [ 282600.37, 4157837.64 ] ] ] } },
{ "type": "Feature", "properties": { "id": "osm:way/625796560", "name": null, "height": 6.13, "min_height": 0.0, "levels": null, "height_source": "lidar", "roof_shape": "gable", "roof_height": 3.42, "roof_azimuth": 115.5, "roof_source": "lod2", "roof_color": "roof_flat", "roof_color_source": "ortho", "lod2_roof": { "v": [ [ 282641.69, 4157838.08, 3.04 ], [ 282641.69, 4157838.08, 3.04 ], [ 282649.58, 4157834.31, 0.49 ], [ 282640.75, 4157838.53, 1.53 ], [ 282640.75, 4157838.53, 0.0 ], [ 282642.66, 4157844.43, 0.41 ], [ 282642.66, 4157844.43, 0.41 ], [ 282643.45, 4157843.32, 1.95 ], [ 282639.25, 4157839.25, 0.0 ], [ 282652.51, 4157837.66, 0.0 ], [ 282654.19, 4157836.86, 0.0 ], [ 282655.15, 4157838.85, 0.0 ], [ 282652.86, 4157839.95, 0.0 ], [ 282652.51, 4157837.66, 0.13 ], [ 282652.86, 4157839.95, 0.32 ], [ 282640.62, 4157842.09, 0.0 ], [ 282641.01, 4157842.92, 1.47 ], [ 282641.01, 4157842.92, 0.52 ], [ 282640.62, 4157842.09, 0.16 ], [ 282641.72, 4157844.4, 0.56 ], [ 282641.7, 4157842.92, 2.22 ], [ 282642.38, 4157844.95, 0.0 ], [ 282642.34, 4157844.88, 0.0 ], [ 282641.9, 4157844.76, 0.09 ], [ 282641.72, 4157844.4, 0.7 ], [ 282641.79, 4157844.3, 0.84 ], [ 282644.48, 4157843.95, 3.03 ], [ 282640.92, 4157838.66, 1.67 ], [ 282640.92, 4157838.66, 0.0 ], [ 282640.68, 4157841.43, 0.0 ], [ 282640.68, 4157841.43, 0.0 ], [ 282642.94, 4157840.57, 3.02 ], [ 282643.38, 4157842.91, 3.19 ], [ 282643.38, 4157842.91, 2.61 ], [ 282643.31, 4157842.57, 3.17 ], [ 282643.28, 4157842.41, 3.42 ], [ 282643.28, 4157842.41, 3.15 ], [ 282644.11, 4157842.92, 3.0 ], [ 282644.11, 4157842.92, 3.0 ], [ 282643.38, 4157842.91, 2.03 ], [ 282643.28, 4157842.41, 3.42 ], [ 282643.24, 4157842.19, 3.14 ], [ 282643.15, 4157841.72, 2.54 ], [ 282643.15, 4157841.72, 3.1 ], [ 282641.97, 4157843.09, 2.7 ], [ 282641.97, 4157843.09, 2.7 ], [ 282651.43, 4157838.17, 0.48 ] ], "f": [ [ [ 10, 11, 12, 9 ] ], [ [ 28, 29, 15, 8, 4 ] ], [ [ 44, 20, 16, 18, 30, 42, 41, 40 ] ], [ [ 38, 26, 21, 22, 5, 7, 39 ] ], [ [ 45, 25, 19, 17, 20 ] ], [ [ 25, 44, 35, 34, 33, 7, 6, 23, 24 ] ], [ [ 31, 42, 30, 27, 3, 1 ] ], [ [ 46, 13, 14, 26, 37, 32, 34, 36, 41, 43, 31, 0, 2 ] ], [ [ 5, 6, 7 ] ], [ [ 13, 9, 12, 14 ] ], [ [ 17, 16, 20 ] ], [ [ 24, 19, 25 ] ], [ [ 27, 28, 4, 3 ] ], [ [ 18, 15, 29, 30 ] ], [ [ 30, 29, 28, 27 ] ], [ [ 1, 0, 31 ] ], [ [ 32, 33, 34 ] ], [ [ 35, 36, 34 ] ], [ [ 37, 38, 39, 33, 32 ] ], [ [ 33, 39, 7 ] ], [ [ 36, 35, 40, 41 ] ], [ [ 42, 43, 41 ] ], [ [ 40, 35, 44 ] ], [ [ 38, 37, 26 ] ], [ [ 44, 45, 20 ] ], [ [ 45, 44, 25 ] ], [ [ 43, 42, 31 ] ] ] }, "roof_props": null, "wall_color": "brick", "type": "yes", "landmark": null, "footprint_source": "osm", "source_updated": null, "is_part": false, "parent": null, "hidden": false, "addr": "501 Randolph Street", "wikidata": null, "website": null, "zoning": "R-48", "lidar_p90": 8.44, "ground_z": 59.15 }, "geometry": { "type": "Polygon", "coordinates": [ [ [ 282655.15, 4157838.85 ], [ 282654.19, 4157836.86 ], [ 282651.43, 4157838.17 ], [ 282649.58, 4157834.31 ], [ 282639.25, 4157839.25 ], [ 282642.06, 4157845.1 ], [ 282655.15, 4157838.85 ] ] ] } },
{ "type": "Feature", "properties": { "id": "osm:way/625796517", "name": null, "height": 7.15, "min_height": 0.0, "levels": null, "height_source": "lidar", "roof_shape": "flat", "roof_height": 0.0, "roof_azimuth": null, "roof_source": "heuristic", "roof_color": "roof_flat", "roof_color_source": "ortho", "lod2_roof": null, "roof_props": null, "wall_color": "sand", "type": "yes", "landmark": null, "footprint_source": "osm", "source_updated": null, "is_part": false, "parent": null, "hidden": false, "addr": "1252 Wallace Street", "wikidata": null, "website": null, "zoning": "R-48", "lidar_p90": 8.32, "ground_z": 59.01 }, "geometry": { "type": "Polygon", "coordinates": [ [ [ 282673.04, 4157877.52 ], [ 282674.09, 4157879.71 ], [ 282676.8, 4157878.43 ], [ 282669.88, 4157863.98 ], [ 282666.31, 4157865.68 ], [ 282666.81, 4157866.73 ], [ 282664.58, 4157867.79 ], [ 282664.43, 4157868.81 ], [ 282663.6, 4157869.21 ], [ 282668.6, 4157879.63 ], [ 282673.04, 4157877.52 ] ] ] } },
{ "type": "Feature", "properties": { "id": "osm:way/625796516", "name": null, "height": 7.78, "min_height": 0.0, "levels": null, "height_source": "lidar", "roof_shape": "flat", "roof_height": 2.31, "roof_azimuth": null, "roof_source": "lod2", "roof_color": "concrete", "roof_color_source": "ortho", "lod2_roof": { "v": [ [ 282658.2, 4157869.78, 0.0 ], [ 282658.2, 4157869.78, 0.0 ], [ 282658.79, 4157869.51, 0.0 ], [ 282655.12, 4157871.18, 0.0 ], [ 282659.13, 4157871.42, 0.0 ], [ 282659.13, 4157871.42, 0.0 ], [ 282656.12, 4157873.82, 2.31 ], [ 282656.12, 4157873.82, 0.94 ], [ 282656.12, 4157873.82, 0.02 ], [ 282656.19, 4157874.88, 1.41 ], [ 282656.19, 4157874.88, 1.75 ], [ 282656.55, 4157873.89, 0.37 ], [ 282659.53, 4157871.12, 0.0 ], [ 282662.97, 4157869.54, 0.0 ], [ 282663.86, 4157871.47, 1.59 ], [ 282665.99, 4157876.12, 0.0 ], [ 282660.09, 4157878.81, 0.0 ], [ 282660.09, 4157878.81, 0.0 ], [ 282659.91, 4157878.63, 0.0 ], [ 282656.59, 4157872.51, 0.0 ], [ 282656.59, 4157872.51, 0.0 ], [ 282656.59, 4157872.66, 0.0 ], [ 282656.59, 4157872.66, 0.0 ], [ 282655.61, 4157880.85, 0.0 ], [ 282656.28, 4157879.78, 0.0 ], [ 282655.55, 4157872.11, 0.0 ], [ 282655.18, 4157872.28, 0.0 ], [ 282656.58, 4157880.4, 0.0 ], [ 282656.58, 4157880.4, 0.0 ], [ 282656.57, 4157880.24, 0.0 ], [ 282656.57, 4157880.24, 0.0 ], [ 282656.57, 4157880.24, 0.0 ], [ 282654.1, 4157872.77, 0.0 ], [ 282655.18, 4157872.28, 0.0 ], [ 282654.62, 4157873.29, 0.06 ], [ 282657.41, 4157877.52, 1.67 ], [ 282657.41, 4157877.52, 0.08 ], [ 282657.62, 4157877.65, 0.0 ], [ 282657.62, 4157877.65, 1.63 ], [ 282657.62, 4157877.65, 1.87 ], [ 282656.27, 4157875.03, 1.74 ], [ 282656.27, 4157875.03, 1.65 ], [ 282657.34, 4157878.11, 1.21 ], [ 282655.57, 4157872.79, 0.0 ], [ 282655.57, 4157872.79, 0.14 ], [ 282654.15, 4157874.3, 0.0 ], [ 282654.49, 4157873.56, 0.37 ], [ 282653.53, 4157874.06, 0.0 ], [ 282655.57, 4157872.79, 0.55 ], [ 282655.7, 4157872.97, 0.56 ], [ 282655.58, 4157873.74, 1.67 ], [ 282658.04, 4157877.91, 1.03 ], [ 282658.04, 4157877.91, 0.0 ] ], "f": [ [ [ 38, 51, 18, 16, 28, 31, 30, 42 ] ], [ [ 11, 22, 4, 0, 2, 12, 13, 14, 41, 9, 8 ] ], [ [ 46, 34, 32, 33, 44, 49, 50 ] ], [ [ 20, 43, 26, 25, 3, 1, 5, 21 ] ], [ [ 52, 37, 36, 41, 14, 15, 17, 18 ] ], [ [ 48, 19, 22, 11, 7, 50, 49 ] ], [ [ 24, 47, 45, 46, 50, 6, 10, 40, 35, 39, 42, 29, 31, 27, 23 ] ], [ [ 4, 5, 1, 0 ] ], [ [ 6, 7, 8, 9, 10 ] ], [ [ 8, 7, 11 ] ], [ [ 17, 16, 18 ] ], [ [ 19, 20, 21, 22 ] ], [ [ 22, 21, 5, 4 ] ], [ [ 29, 30, 31 ] ], [ [ 28, 27, 31 ] ], [ [ 35, 36, 37, 38, 39 ] ], [ [ 40, 41, 36, 35 ] ], [ [ 39, 38, 42 ] ], [ [ 30, 29, 42 ] ], [ [ 10, 9, 41, 40 ] ], [ [ 33, 26, 43, 44 ] ], [ [ 44, 48, 49 ] ], [ [ 7, 6, 50 ] ], [ [ 51, 52, 18 ] ], [ [ 38, 37, 52, 51 ] ], [ [ 48, 44, 43, 20, 19 ] ] ] }, "roof_props": null, "wall_color": "brick", "type": "yes", "landmark": null, "footprint_source": "osm", "source_updated": null, "is_part": false, "parent": null, "hidden": false, "addr": "1254 Wallace Street", "wikidata": null, "website": null, "zoning": "R-48", "lidar_p90": 8.53, "ground_z": 58.99 }, "geometry": { "type": "Polygon", "coordinates": [ [ [ 282665.99, 4157876.12 ], [ 282662.97, 4157869.54 ], [ 282659.53, 4157871.12 ], [ 282658.79, 4157869.5 ], [ 282655.11, 4157871.18 ], [ 282655.55, 4157872.11 ], [ 282653.15, 4157873.19 ], [ 282652.72, 4157874.79 ], [ 282655.52, 4157880.88 ], [ 282665.99, 4157876.12 ] ] ] } },
{ "type": "Feature", "properties": { "id": "osm:way/625791761", "name": null, "height": 5.97, "min_height": 0.0, "levels": null, "height_source": "lidar", "roof_shape": "hip", "roof_height": 3.05, "roof_azimuth": 99.4, "roof_source": "lod2", "roof_color": "concrete", "roof_color_source": "ortho", "lod2_roof": { "v": [ [ 282580.71, 4157899.69, 0.0 ], [ 282579.69, 4157900.15, 0.0 ], [ 282589.29, 4157895.8, 3.03 ], [ 282580.71, 4157899.69, 0.29 ], [ 282587.68, 4157889.25, 0.0 ], [ 282589.45, 4157888.46, 0.0 ], [ 282590.55, 4157890.88, 2.45 ], [ 282587.1, 4157891.09, 3.05 ], [ 282586.5, 4157889.79, 3.05 ], [ 282578.15, 4157894.49, 0.27 ], [ 282578.15, 4157894.49, 0.0 ], [ 282587.68, 4157889.25, 1.14 ], [ 282588.18, 4157890.62, 1.32 ], [ 282588.59, 4157891.74, 2.49 ], [ 282588.59, 4157891.74, 1.46 ], [ 282577.26, 4157894.83, 0.0 ], [ 282591.31, 4157892.55, 0.0 ], [ 282591.31, 4157892.55, 0.47 ], [ 282588.79, 4157892.28, 1.87 ], [ 282588.79, 4157892.28, 1.53 ], [ 282592.19, 4157894.48, 0.0 ], [ 282589.28, 4157892.77, 1.17 ], [ 282591.38, 4157894.85, 0.0 ], [ 282589.71, 4157893.13, 0.62 ], [ 282589.71, 4157893.13, 0.83 ], [ 282589.58, 4157892.93, 0.87 ], [ 282589.71, 4157893.13, 0.0 ], [ 282589.8, 4157893.28, 0.0 ], [ 282589.8, 4157893.28, 0.79 ], [ 282591.38, 4157894.85, 0.0 ] ], "f": [ [ [ 13, 12, 4, 5, 6 ] ], [ [ 15, 10, 0, 1 ] ], [ [ 7, 2, 3, 9 ] ], [ [ 17, 23, 25, 21, 18, 13, 6 ] ], [ [ 22, 27, 26, 16, 20 ] ], [ [ 29, 2, 7, 8, 11, 12, 14, 19, 21, 25, 24, 28 ] ], [ [ 3, 0, 10, 9 ] ], [ [ 11, 4, 12 ] ], [ [ 13, 14, 12 ] ], [ [ 18, 19, 14, 13 ] ], [ [ 19, 18, 21 ] ], [ [ 23, 24, 25 ] ], [ [ 17, 16, 26, 23 ] ], [ [ 24, 23, 26, 27, 28 ] ], [ [ 28, 27, 22, 29 ] ] ] }, "roof_props": null, "wall_color": "brick", "type": "yes", "landmark": null, "footprint_source": "osm", "source_updated": null, "is_part": false, "parent": null, "hidden": false, "addr": "402 Bethany Drive", "wikidata": null, "website": null, "zoning": "R-48", "lidar_p90": 8.61, "ground_z": 60.19 }, "geometry": { "type": "Polygon", "coordinates": [ [ [ 282579.69, 4157900.15 ], [ 282592.19, 4157894.48 ], [ 282589.45, 4157888.45 ], [ 282576.93, 4157894.12 ], [ 282579.69, 4157900.15 ] ] ] } },
{ "type": "Feature", "properties": { "id": "osm:way/625791760", "name": null, "height": 6.17, "min_height": 0.0, "levels": null, "height_source": "lidar", "roof_shape": "gable", "roof_height": 1.99, "roof_azimuth": 24.4, "roof_source": "lidar", "roof_color": "roof_flat", "roof_color_source": "ortho", "lod2_roof": null, "roof_props": null, "wall_color": "brick", "type": "yes", "landmark": null, "footprint_source": "osm", "source_updated": null, "is_part": false, "parent": null, "hidden": false, "addr": "400 Bethany Drive", "wikidata": null, "website": null, "zoning": "R-48", "lidar_p90": 8.86, "ground_z": 60.03 }, "geometry": { "type": "Polygon", "coordinates": [ [ [ 282584.19, 4157906.62 ], [ 282596.7, 4157900.95 ], [ 282593.95, 4157894.92 ], [ 282581.44, 4157900.59 ], [ 282584.19, 4157906.62 ] ] ] } },
{ "type": "Feature", "properties": { "id": "osm:way/625791710", "name": null, "height": 5.71, "min_height": 0.0, "levels": null, "height_source": "lidar", "roof_shape": "gable", "roof_height": 4.09, "roof_azimuth": 130.0, "roof_source": "lod2", "roof_color": "roof_flat", "roof_color_source": "ortho", "lod2_roof": { "v": [ [ 282641.72, 4157909.06, 4.05 ], [ 282641.72, 4157909.06, 3.0 ], [ 282641.66, 4157908.51, 3.32 ], [ 282641.66, 4157908.51, 3.71 ], [ 282644.4, 4157911.03, 2.29 ], [ 282644.4, 4157911.03, 1.26 ], [ 282644.95, 4157912.2, 0.44 ], [ 282634.89, 4157909.37, 0.16 ], [ 282634.89, 4157909.37, 0.0 ], [ 282639.27, 4157907.45, 0.0 ], [ 282639.27, 4157907.45, 0.36 ], [ 282639.7, 4157906.06, 0.0 ], [ 282641.64, 4157905.16, 0.14 ], [ 282638.21, 4157906.75, 0.0 ], [ 282638.21, 4157906.75, 0.0 ], [ 282639.7, 4157906.06, 0.88 ], [ 282639.76, 4157906.31, 0.58 ], [ 282639.76, 4157906.31, 1.0 ], [ 282641.66, 4157906.4, 2.74 ], [ 282641.66, 4157906.4, 2.05 ], [ 282641.33, 4157906.54, 2.7 ], [ 282640.02, 4157906.57, 1.4 ], [ 282642.29, 4157909.44, 3.42 ], [ 282642.29, 4157909.44, 3.42 ], [ 282643.06, 4157910.86, 3.31 ], [ 282641.39, 4157908.44, 3.43 ], [ 282641.39, 4157908.44, 3.56 ], [ 282641.39, 4157908.44, 4.09 ], [ 282641.39, 4157908.44, 3.04 ], [ 282641.41, 4157908.63, 3.32 ], [ 282642.2, 4157913.48, 0.36 ], [ 282642.03, 4157911.88, 1.34 ], [ 282642.03, 4157911.88, 2.57 ], [ 282642.2, 4157913.44, 0.42 ], [ 282642.2, 4157913.48, 0.39 ], [ 282636.94, 4157915.94, 0.39 ], [ 282642.81, 4157911.6, 2.48 ], [ 282642.01, 4157905.95, 1.13 ], [ 282642.01, 4157905.95, 2.17 ], [ 282636.68, 4157907.47, 0.0 ], [ 282632.92, 4157910.24, 0.08 ], [ 282643.82, 4157911.24, 2.36 ], [ 282641.19, 4157906.83, 3.14 ], [ 282641.19, 4157906.83, 3.15 ], [ 282640.33, 4157908.14, 1.97 ], [ 282641.2, 4157906.86, 3.15 ], [ 282634.18, 4157912.03, 3.3 ] ], "f": [ [ [ 24, 36, 31, 1, 22 ] ], [ [ 14, 9, 8, 39 ] ], [ [ 41, 4, 6, 30, 33, 32, 36, 24 ] ], [ [ 43, 21, 16, 11, 12, 38, 18, 20 ] ], [ [ 43, 45, 26, 44, 10, 13, 15, 17, 21 ] ], [ [ 27, 45, 42, 20, 19, 37, 5, 41, 24, 23, 0, 3 ] ], [ [ 29, 46, 40, 7, 10, 44, 28 ] ], [ [ 46, 29, 25, 2, 1, 31, 33, 34, 35 ] ], [ [ 0, 1, 2, 3 ] ], [ [ 7, 8, 9, 10 ] ], [ [ 15, 11, 16, 17 ] ], [ [ 18, 19, 20 ] ], [ [ 17, 16, 21 ] ], [ [ 22, 23, 24 ] ], [ [ 23, 22, 1, 0 ] ], [ [ 3, 2, 25, 26, 27 ] ], [ [ 28, 25, 29 ] ], [ [ 31, 32, 33 ] ], [ [ 30, 34, 33 ] ], [ [ 32, 31, 36 ] ], [ [ 38, 37, 19, 18 ] ], [ [ 10, 9, 14, 13 ] ], [ [ 5, 4, 41 ] ], [ [ 42, 43, 20 ] ], [ [ 26, 25, 28, 44 ] ], [ [ 43, 42, 45 ] ], [ [ 27, 26, 45 ] ] ] }, "roof_props": null, "wall_color": "cream", "type": "yes", "landmark": null, "footprint_source": "osm", "source_updated": null, "is_part": false, "parent": null, "hidden": false, "addr": "1400 Wallace Street", "wikidata": null, "website": null, "zoning": "R-48", "lidar_p90": 8.67, "ground_z": 59.09 }, "geometry": { "type": "Polygon", "coordinates": [ [ [ 282635.18, 4157916.76 ], [ 282644.95, 4157912.2 ], [ 282641.64, 4157905.16 ], [ 282631.87, 4157909.71 ], [ 282635.18, 4157916.76 ] ] ] } },
{ "type": "Feature", "properties": { "id": "osm:way/625791775", "name": null, "height": 6.17, "min_height": 0.0, "levels": null, "height_source": "lidar", "roof_shape": "skillion", "roof_height": 2.86, "roof_azimuth": 116.3, "roof_source": "lod2", "roof_color": "roof_flat", "roof_color_source": "ortho", "lod2_roof": { "v": [ [ 282514.89, 4157861.79, 1.9 ], [ 282514.64, 4157861.25, 2.86 ], [ 282519.05, 4157859.99, 1.72 ], [ 282510.3, 4157851.92, 0.0 ], [ 282514.69, 4157850.01, 0.0 ], [ 282514.9, 4157850.5, 0.0 ], [ 282510.72, 4157852.82, 0.0 ], [ 282510.72, 4157852.82, 0.15 ], [ 282518.77, 4157859.35, 2.85 ], [ 282514.9, 4157850.5, 0.03 ] ], "f": [ [ [ 8, 2, 0, 1 ] ], [ [ 5, 6, 3, 4 ] ], [ [ 9, 8, 1, 7 ] ], [ [ 7, 6, 5, 9 ] ] ] }, "roof_props": null, "wall_color": "cream", "type": "yes", "landmark": null, "footprint_source": "osm", "source_updated": null, "is_part": false, "parent": null, "hidden": false, "addr": "1419 Jacquelin Street", "wikidata": null, "website": null, "zoning": "R-48", "lidar_p90": 8.27, "ground_z": 61.48 }, "geometry": { "type": "Polygon", "coordinates": [ [ [ 282512.56, 4157862.8 ], [ 282519.05, 4157859.99 ], [ 282514.69, 4157850.01 ], [ 282508.21, 4157852.83 ], [ 282512.56, 4157862.8 ] ] ] } },
{ "type": "Feature", "properties": { "id": "osm:way/625791776", "name": null, "height": 7.81, "min_height": 0.0, "levels": null, "height_source": "lidar", "roof_shape": "flat", "roof_height": 0.0, "roof_azimuth": null, "roof_source": "heuristic", "roof_color": "concrete", "roof_color_source": "ortho", "lod2_roof": null, "roof_props": null, "wall_color": "brick", "type": "yes", "landmark": null, "footprint_source": "osm", "source_updated": null, "is_part": false, "parent": null, "hidden": false, "addr": "1421 Jacquelin Street", "wikidata": null, "website": null, "zoning": "R-48", "lidar_p90": 8.6, "ground_z": 61.9 }, "geometry": { "type": "Polygon", "coordinates": [ [ [ 282512.79, 4157864.7 ], [ 282509.7, 4157857.55 ], [ 282499.79, 4157861.8 ], [ 282502.88, 4157868.95 ], [ 282512.79, 4157864.7 ] ] ] } },
{ "type": "Feature", "properties": { "id": "osm:way/625791765", "name": null, "height": 6.3, "min_height": 0.0, "levels": null, "height_source": "lidar", "roof_shape": "gable", "roof_height": 3.18, "roof_azimuth": 24.4, "roof_source": "lod2", "roof_color": "concrete", "roof_color_source": "ortho", "lod2_roof": { "v": [ [ 282577.59, 4157863.27, 0.17 ], [ 282577.59, 4157863.27, 0.0 ], [ 282578.0, 4157865.69, 0.0 ], [ 282578.0, 4157865.69, 1.01 ], [ 282576.67, 4157866.29, 3.13 ], [ 282567.67, 4157870.37, 0.27 ], [ 282565.4, 4157865.39, 0.0 ], [ 282565.4, 4157865.39, 0.29 ], [ 282564.92, 4157864.35, 0.0 ], [ 282573.91, 4157860.27, 0.0 ], [ 282574.26, 4157861.06, 0.0 ], [ 282574.37, 4157861.0, 2.97 ], [ 282576.8, 4157859.81, 0.45 ], [ 282577.59, 4157863.27, 1.26 ], [ 282575.39, 4157863.1, 3.01 ], [ 282575.28, 4157863.09, 3.16 ], [ 282575.28, 4157863.09, 3.1 ], [ 282577.55, 4157863.03, 1.2 ], [ 282577.55, 4157863.03, 0.0 ], [ 282574.26, 4157861.06, 3.14 ], [ 282574.37, 4157861.0, 3.18 ], [ 282579.13, 4157862.38, 0.0 ], [ 282579.13, 4157862.38, 0.0 ], [ 282578.77, 4157861.6, 0.0 ], [ 282580.18, 4157864.7, 0.0 ], [ 282576.89, 4157860.65, 0.74 ], [ 282577.55, 4157860.47, 0.11 ], [ 282578.29, 4157861.77, 0.06 ] ], "f": [ [ [ 15, 14, 0, 3, 4 ] ], [ [ 7, 19, 20, 15, 4, 5 ] ], [ [ 10, 6, 8, 9 ] ], [ [ 24, 2, 1, 18, 22 ] ], [ [ 27, 23, 21, 17, 13, 14, 16, 11, 12, 25, 26 ] ], [ [ 0, 1, 2, 3 ] ], [ [ 13, 0, 14 ] ], [ [ 15, 16, 14 ] ], [ [ 17, 18, 1, 0, 13 ] ], [ [ 20, 11, 16, 15 ] ], [ [ 21, 22, 18, 17 ] ], [ [ 7, 6, 10, 19 ] ] ] }, "roof_props": null, "wall_color": "sand", "type": "yes", "landmark": null, "footprint_source": "osm", "source_updated": null, "is_part": false, "parent": null, "hidden": false, "addr": "410 Bethany Drive", "wikidata": null, "website": null, "zoning": "R-48", "lidar_p90": 8.85, "ground_z": 60.12 }, "geometry": { "type": "Polygon", "coordinates": [ [ [ 282567.67, 4157870.37 ], [ 282580.18, 4157864.7 ], [ 282577.44, 4157858.68 ], [ 282564.92, 4157864.34 ], [ 282567.67, 4157870.37 ] ] ] } },
{ "type": "Feature", "properties": { "id": "osm:way/625791764", "name": null, "height": 7.62, "min_height": 0.0, "levels": null, "height_source": "lidar", "roof_shape": "flat", "roof_height": 1.7, "roof_azimuth": null, "roof_source": "lod2", "roof_color": "roof_red", "roof_color_source": "ortho", "lod2_roof": { "v": [ [ 282583.66, 4157872.34, 0.0 ], [ 282582.06, 4157873.06, 0.0 ], [ 282579.78, 4157867.57, 0.0 ], [ 282579.78, 4157867.57, 0.0 ], [ 282582.06, 4157873.06, 0.0 ], [ 282579.51, 4157866.94, 0.0 ], [ 282580.9, 4157866.31, 0.0 ], [ 282577.67, 4157868.38, 1.69 ], [ 282580.27, 4157873.87, 1.7 ], [ 282571.14, 4157878.01, 0.0 ], [ 282568.84, 4157872.97, 0.0 ], [ 282577.76, 4157868.57, 1.69 ] ], "f": [ [ [ 3, 5, 6, 0, 1 ] ], [ [ 8, 11, 7, 2, 4 ] ], [ [ 11, 8, 9, 10 ] ], [ [ 2, 3, 1, 4 ] ] ] }, "roof_props": null, "wall_color": "terracotta", "type": "yes", "landmark": null, "footprint_source": "osm", "source_updated": null, "is_part": false, "parent": null, "hidden": false, "addr": "408 Bethany Drive", "wikidata": null, "website": null, "zoning": "R-48", "lidar_p90": 8.77, "ground_z": 60.15 }, "geometry": { "type": "Polygon", "coordinates": [ [ [ 282571.14, 4157878.01 ], [ 282583.66, 4157872.34 ], [ 282580.9, 4157866.31 ], [ 282568.39, 4157871.98 ], [ 282571.14, 4157878.01 ] ] ] } },
{ "type": "Feature", "properties": { "id": "osm:way/625791763", "name": null, "height": 6.1, "min_height": 0.0, "levels": null, "height_source": "lidar", "roof_shape": "gable", "roof_height": 3.57, "roof_azimuth": 24.4, "roof_source": "lod2", "roof_color": "roof_flat", "roof_color_source": "ortho", "lod2_roof": { "v": [ [ 282583.78, 4157876.83, 2.66 ], [ 282583.78, 4157876.83, 0.0 ], [ 282583.69, 4157877.05, 0.0 ], [ 282583.69, 4157877.05, 2.51 ], [ 282583.69, 4157877.05, 3.0 ], [ 282583.44, 4157876.91, 2.91 ], [ 282583.6, 4157880.95, 3.14 ], [ 282574.59, 4157885.04, 0.26 ], [ 282581.52, 4157875.47, 1.66 ], [ 282581.7, 4157874.84, 0.7 ], [ 282584.38, 4157875.41, 0.41 ], [ 282585.23, 4157877.85, 0.07 ], [ 282585.23, 4157877.85, 0.0 ], [ 282585.25, 4157878.22, 0.0 ], [ 282585.25, 4157878.22, 0.0 ], [ 282583.83, 4157878.35, 0.0 ], [ 282583.83, 4157878.35, 0.86 ], [ 282582.67, 4157877.15, 3.38 ], [ 282582.67, 4157877.15, 3.57 ], [ 282582.74, 4157877.06, 3.41 ], [ 282586.53, 4157878.1, 0.0 ], [ 282587.1, 4157879.37, 0.0 ], [ 282581.52, 4157875.47, 3.29 ], [ 282581.34, 4157876.06, 2.56 ], [ 282581.34, 4157876.06, 3.17 ], [ 282581.57, 4157876.56, 3.16 ], [ 282572.25, 4157879.9, 0.29 ], [ 282585.38, 4157876.48, 0.0 ], [ 282586.16, 4157878.14, 0.0 ], [ 282583.83, 4157878.35, 1.28 ], [ 282583.54, 4157878.05, 1.49 ], [ 282582.46, 4157876.94, 3.35 ], [ 282585.37, 4157879.92, 0.0 ], [ 282585.37, 4157879.92, 0.21 ], [ 282585.39, 4157880.14, 0.0 ], [ 282585.39, 4157880.14, 0.32 ], [ 282582.14, 4157877.78, 3.16 ] ], "f": [ [ [ 18, 31, 25, 23, 8, 9, 10, 0, 4, 5, 19 ] ], [ [ 31, 17, 36, 6, 7, 26, 22, 24, 25 ] ], [ [ 3, 11, 14, 16, 30, 36, 17, 19, 5 ] ], [ [ 34, 32, 15, 13, 12, 2, 1, 27, 28, 20, 21 ] ], [ [ 35, 6, 36, 30, 29, 33 ] ], [ [ 0, 1, 2, 3, 4 ] ], [ [ 4, 3, 5 ] ], [ [ 11, 12, 13, 14 ] ], [ [ 14, 13, 15, 16 ] ], [ [ 17, 18, 19 ] ], [ [ 22, 8, 23, 24 ] ], [ [ 24, 23, 25 ] ], [ [ 16, 29, 30 ] ], [ [ 18, 17, 31 ] ], [ [ 3, 2, 12, 11 ] ], [ [ 29, 16, 15, 32, 33 ] ], [ [ 33, 32, 34, 35 ] ] ] }, "roof_props": null, "wall_color": "concrete", "type": "yes", "landmark": null, "footprint_source": "osm", "source_updated": null, "is_part": false, "parent": null, "hidden": false, "addr": "406 Bethany Drive", "wikidata": null, "website": null, "zoning": "R-48", "lidar_p90": 8.64, "ground_z": 60.21 }, "geometry": { "type": "Polygon", "coordinates": [ [ [ 282574.59, 4157885.03 ], [ 282587.1, 4157879.37 ], [ 282584.35, 4157873.34 ], [ 282571.84, 4157879.01 ], [ 282574.59, 4157885.03 ] ] ] } },
{ "type": "Feature", "properties": { "id": "osm:way/625791755", "name": null, "height": 6.45, "min_height": 0.0, "levels": null, "height_source": "lidar", "roof_shape": "skillion", "roof_height": 2.79, "roof_azimuth": 99.7, "roof_source": "lod2", "roof_color": "roof_flat", "roof_color_source": "ortho", "lod2_roof": { "v": [ [ 282548.54, 4157877.13, 2.76 ], [ 282547.78, 4157875.41, 0.0 ], [ 282552.83, 4157873.09, 0.21 ], [ 282553.56, 4157874.68, 2.79 ], [ 282557.42, 4157882.96, 0.17 ], [ 282549.06, 4157876.88, 2.77 ], [ 282551.77, 4157885.57, 0.19 ] ], "f": [ [ [ 5, 0, 1, 2, 3 ] ], [ [ 4, 6, 5, 3 ] ] ] }, "roof_props": null, "wall_color": "cream", "type": "yes", "landmark": null, "footprint_source": "osm", "source_updated": null, "is_part": false, "parent": null, "hidden": false, "addr": "1412 Jacquelin Street", "wikidata": null, "website": null, "zoning": "R-48", "lidar_p90": 8.63, "ground_z": 60.81 }, "geometry": { "type": "Polygon", "coordinates": [ [ [ 282557.42, 4157882.96 ], [ 282552.83, 4157873.09 ], [ 282546.41, 4157876.05 ], [ 282551.0, 4157885.92 ], [ 282557.42, 4157882.96 ] ] ] } },
{ "type": "Feature", "properties": { "id": "osm:way/625791756", "name": null, "height": 6.3, "min_height": 0.0, "levels": null, "height_source": "lidar", "roof_shape": "gable", "roof_height": 2.99, "roof_azimuth": 114.9, "roof_source": "lod2", "roof_color": "roof_flat", "roof_color_source": "ortho", "lod2_roof": { "v": [ [ 282545.7, 4157877.08, 2.72 ], [ 282545.7, 4157877.08, 1.13 ], [ 282549.29, 4157884.8, 0.3 ], [ 282544.42, 4157877.69, 2.72 ], [ 282544.42, 4157877.69, 2.99 ], [ 282544.42, 4157877.69, 2.99 ], [ 282544.61, 4157877.6, 2.72 ], [ 282544.7, 4157874.92, 0.28 ], [ 282544.21, 4157887.14, 0.31 ], [ 282543.33, 4157875.56, 2.25 ], [ 282544.1, 4157877.84, 2.72 ], [ 282544.1, 4157877.84, 2.48 ], [ 282544.25, 4157877.77, 2.72 ], [ 282543.33, 4157875.56, 2.25 ], [ 282543.71, 4157876.3, 2.51 ], [ 282541.91, 4157876.21, 0.0 ], [ 282541.91, 4157876.21, 0.0 ], [ 282543.65, 4157877.5, 1.96 ], [ 282541.07, 4157876.6, 0.0 ], [ 282541.07, 4157876.6, 0.0 ], [ 282540.76, 4157879.43, 2.71 ], [ 282540.29, 4157878.37, 0.96 ], [ 282540.06, 4157878.23, 0.64 ], [ 282540.16, 4157878.08, 0.0 ], [ 282540.16, 4157878.08, 0.49 ], [ 282539.76, 4157877.2, 0.0 ] ], "f": [ [ [ 5, 14, 9, 7, 1, 6 ] ], [ [ 16, 13, 14, 4, 12, 11, 17 ] ], [ [ 20, 10, 12, 3, 6, 0, 2, 8 ] ], [ [ 24, 18, 15, 17, 10, 20, 21, 22 ] ], [ [ 25, 19, 23 ] ], [ [ 3, 4, 5, 6 ] ], [ [ 1, 0, 6 ] ], [ [ 10, 11, 12 ] ], [ [ 4, 3, 12 ] ], [ [ 13, 9, 14 ] ], [ [ 5, 4, 14 ] ], [ [ 15, 16, 17 ] ], [ [ 11, 10, 17 ] ], [ [ 24, 23, 19, 18 ] ] ] }, "roof_props": null, "wall_color": "sand", "type": "yes", "landmark": null, "footprint_source": "osm", "source_updated": null, "is_part": false, "parent": null, "hidden": false, "addr": "1414;1 -1/2 Jacquelin Street", "wikidata": null, "website": null, "zoning": "R-48", "lidar_p90": 8.41, "ground_z": 61.31 }, "geometry": { "type": "Polygon", "coordinates": [ [ [ 282549.29, 4157884.8 ], [ 282544.7, 4157874.92 ], [ 282538.29, 4157877.88 ], [ 282542.89, 4157887.75 ], [ 282549.29, 4157884.8 ] ] ] } },
{ "type": "Feature", "properties": { "id": "osm:way/625791757", "name": null, "height": 6.3, "min_height": 0.0, "levels": null, "height_source": "lidar", "roof_shape": "gable", "roof_height": 2.68, "roof_azimuth": 114.9, "roof_source": "lod2", "roof_color": "roof_flat", "roof_color_source": "ortho", "lod2_roof": { "v": [ [ 282532.16, 4157880.6, 0.0 ], [ 282537.44, 4157878.17, 0.0 ], [ 282537.77, 4157878.87, 0.0 ], [ 282537.77, 4157878.87, 0.0 ], [ 282538.52, 4157880.5, 2.66 ], [ 282538.52, 4157880.5, 2.66 ], [ 282533.53, 4157882.89, 2.68 ], [ 282537.77, 4157890.0, 0.27 ], [ 282532.55, 4157881.26, 0.0 ], [ 282532.55, 4157881.26, 0.0 ], [ 282542.03, 4157888.04, 0.22 ] ], "f": [ [ [ 6, 8, 2, 5 ] ], [ [ 10, 7, 6, 4 ] ], [ [ 9, 0, 1, 3 ] ], [ [ 5, 4, 6 ] ], [ [ 8, 9, 3, 2 ] ] ] }, "roof_props": null, "wall_color": "terracotta", "type": "yes", "landmark": null, "footprint_source": "osm", "source_updated": null, "is_part": false, "parent": null, "hidden": false, "addr": "1416 Jacquelin Street", "wikidata": null, "website": null, "zoning": "R-48", "lidar_p90": 8.37, "ground_z": 61.51 }, "geometry": { "type": "Polygon", "coordinates": [ [ [ 282542.03, 4157888.04 ], [ 282537.44, 4157878.17 ], [ 282531.03, 4157881.12 ], [ 282535.62, 4157891.0 ], [ 282542.03, 4157888.04 ] ] ] } },
{ "type": "Feature", "properties": { "id": "osm:way/625791762", "name": null, "height": 7.31, "min_height": 0.0, "levels": null, "height_source": "lidar", "roof_shape": "flat", "roof_height": 2.03, "roof_azimuth": null, "roof_source": "lod2", "roof_color": "roof_flat", "roof_color_source": "ortho", "lod2_roof": { "v": [ [ 282587.17, 4157888.22, 2.03 ], [ 282578.25, 4157892.26, 0.0 ], [ 282584.79, 4157882.85, 1.72 ], [ 282584.79, 4157882.85, 0.0 ], [ 282586.18, 4157882.15, 0.0 ], [ 282584.53, 4157882.14, 0.0 ], [ 282575.5, 4157886.23, 0.0 ], [ 282584.28, 4157882.25, 2.02 ], [ 282584.61, 4157882.93, 2.02 ], [ 282588.26, 4157881.11, 0.0 ], [ 282590.77, 4157886.59, 0.0 ], [ 282586.18, 4157882.15, 0.0 ], [ 282585.89, 4157881.52, 0.0 ], [ 282588.59, 4157887.57, 0.0 ], [ 282588.59, 4157887.57, 0.0 ] ], "f": [ [ [ 10, 13, 11, 9 ] ], [ [ 8, 0, 1, 6, 7 ] ], [ [ 14, 0, 8, 2, 4 ] ], [ [ 5, 12, 4, 3 ] ], [ [ 2, 3, 4 ] ], [ [ 4, 11, 13, 14 ] ] ] }, "roof_props": null, "wall_color": "cream", "type": "yes", "landmark": null, "footprint_source": "osm", "source_updated": null, "is_part": false, "parent": null, "hidden": false, "addr": "404 Bethany Drive", "wikidata": null, "website": null, "zoning": "R-48", "lidar_p90": 8.5, "ground_z": 60.21 }, "geometry": { "type": "Polygon", "coordinates": [ [ [ 282578.25, 4157892.26 ], [ 282590.77, 4157886.59 ], [ 282588.01, 4157880.56 ], [ 282575.5, 4157886.23 ], [ 282578.25, 4157892.26 ] ] ] } },
{ "type": "Feature", "properties": { "id": "osm:way/625791758", "name": null, "height": 6.4, "min_height": 0.0, "levels": null, "height_source": "lidar", "roof_shape": "gable", "roof_height": 2.52, "roof_azimuth": 114.9, "roof_source": "lod2", "roof_color": "concrete", "roof_color_source": "ortho", "lod2_roof": { "v": [ [ 282529.81, 4157883.4, 1.88 ], [ 282529.81, 4157883.4, 1.88 ], [ 282530.62, 4157883.02, 0.91 ], [ 282531.38, 4157884.65, 1.64 ], [ 282531.38, 4157884.65, 0.98 ], [ 282531.62, 4157885.16, 2.52 ], [ 282530.5, 4157884.77, 1.24 ], [ 282530.5, 4157884.77, 1.89 ], [ 282530.93, 4157884.71, 1.44 ], [ 282535.22, 4157892.9, 0.07 ], [ 282531.1, 4157894.8, 0.09 ], [ 282529.1, 4157884.96, 0.59 ], [ 282525.75, 4157885.88, 0.0 ], [ 282525.46, 4157885.4, 0.0 ], [ 282527.9, 4157884.28, 0.0 ], [ 282527.9, 4157884.28, 0.0 ], [ 282526.71, 4157887.48, 2.52 ], [ 282525.75, 4157885.88, 0.0 ], [ 282528.26, 4157884.55, 0.0 ], [ 282528.26, 4157884.55, 0.0 ], [ 282528.26, 4157884.55, 0.02 ], [ 282528.76, 4157884.92, 0.3 ] ], "f": [ [ [ 7, 0, 2, 4, 8 ] ], [ [ 15, 18, 12, 13 ] ], [ [ 10, 16, 5, 9 ] ], [ [ 11, 21, 20, 14, 1, 7 ] ], [ [ 21, 11, 6, 8, 3, 5, 16, 17, 19 ] ], [ [ 6, 7, 8 ] ], [ [ 4, 3, 8 ] ], [ [ 1, 0, 7 ] ], [ [ 7, 6, 11 ] ], [ [ 17, 12, 18, 19 ] ], [ [ 20, 19, 18, 15, 14 ] ], [ [ 19, 20, 21 ] ] ] }, "roof_props": null, "wall_color": "concrete", "type": "yes", "landmark": null, "footprint_source": "osm", "source_updated": null, "is_part": false, "parent": null, "hidden": false, "addr": "1418 Jacquelin Street", "wikidata": null, "website": null, "zoning": "R-48", "lidar_p90": 8.51, "ground_z": 61.86 }, "geometry": { "type": "Polygon", "coordinates": [ [ [ 282535.22, 4157892.9 ], [ 282530.62, 4157883.02 ], [ 282524.21, 4157885.98 ], [ 282528.8, 4157895.85 ], [ 282535.22, 4157892.9 ] ] ] } }
]
}
