{
"type": "FeatureCollection",
"name": "buildings",
"crs": { "type": "name", "properties": { "name": "urn:ogc:def:crs:EPSG::32618" } },
"xy_coordinate_resolution": 0.01,
"features": [
{ "type": "Feature", "properties": { "id": "osm:way/427155558", "name": null, "height": 3.2, "min_height": 0.0, "levels": 1.0, "height_source": "osm_levels", "roof_shape": "flat", "roof_height": 1.02, "roof_azimuth": null, "roof_source": "lod2", "roof_color": "roof_flat", "roof_color_source": "ortho", "lod2_roof": { "v": [ [ 281488.75, 4159987.59, 1.0 ], [ 281503.5, 4160006.95, 1.02 ], [ 281488.16, 4160016.18, 0.16 ], [ 281485.6, 4160018.18, 0.01 ], [ 281481.8, 4160013.35, 0.0 ], [ 281484.25, 4160011.45, 0.15 ], [ 281474.29, 4159998.77, 0.13 ], [ 281489.56, 4160017.97, 0.17 ] ], "f": [ [ [ 7, 2, 3, 4, 5, 6, 0, 1 ] ] ] }, "roof_props": null, "wall_color": "brick", "type": "retail", "landmark": null, "footprint_source": "osm", "source_updated": null, "is_part": false, "parent": null, "hidden": false, "addr": "704 N Sheppard St", "wikidata": null, "website": null, "zoning": "B-2", "lidar_p90": 4.44, "ground_z": 61.85 }, "geometry": { "type": "Polygon", "coordinates": [ [ [ 281484.25, 4160011.45 ], [ 281481.8, 4160013.35 ], [ 281485.6, 4160018.19 ], [ 281488.16, 4160016.19 ], [ 281489.56, 4160017.97 ], [ 281503.5, 4160006.95 ], [ 281488.75, 4159987.59 ], [ 281474.29, 4159998.77 ], [ 281484.25, 4160011.45 ] ] ] } },
{ "type": "Feature", "properties": { "id": "osm:way/427155559", "name": null, "height": 3.2, "min_height": 0.0, "levels": 1.0, "height_source": "osm_levels", "roof_shape": "flat", "roof_height": 1.29, "roof_azimuth": null, "roof_source": "lod2", "roof_color": "roof_flat", "roof_color_source": "ortho", "lod2_roof": { "v": [ [ 281507.34, 4160011.78, 1.21 ], [ 281489.71, 4160025.71, 0.0 ], [ 281489.32, 4160018.15, 0.31 ], [ 281503.5, 4160006.95, 1.29 ], [ 281489.65, 4160019.97, 0.25 ], [ 281487.52, 4160022.96, 0.04 ] ], "f": [ [ [ 1, 5, 4, 2, 3, 0 ] ] ] }, "roof_props": null, "wall_color": "concrete", "type": "retail", "landmark": null, "footprint_source": "osm", "source_updated": null, "is_part": false, "parent": null, "hidden": false, "addr": "714 North Sheppard Street", "wikidata": null, "website": null, "zoning": "B-2", "lidar_p90": 4.64, "ground_z": 61.56 }, "geometry": { "type": "Polygon", "coordinates": [ [ [ 281485.87, 4160020.88 ], [ 281489.71, 4160025.71 ], [ 281507.34, 4160011.78 ], [ 281503.5, 4160006.95 ], [ 281485.87, 4160020.88 ] ] ] } },
{ "type": "Feature", "properties": { "id": "richmond_structure:264105", "name": null, "height": 2.52, "min_height": 0.0, "levels": null, "height_source": "lidar", "roof_shape": "flat", "roof_height": 0.3, "roof_azimuth": null, "roof_source": "lod2", "roof_color": "concrete", "roof_color_source": "heuristic", "lod2_roof": { "v": [ [ 281486.49, 4160044.93, 0.3 ], [ 281484.06, 4160046.99, 0.3 ], [ 281482.73, 4160040.49, 0.0 ], [ 281480.3, 4160042.55, 0.0 ] ], "f": [ [ [ 3, 2, 0, 1 ] ] ] }, "roof_props": null, "wall_color": "terracotta", "type": "yes", "landmark": null, "footprint_source": "richmond_structures", "source_updated": "2026-09-08T12:07:13.637000Z", "is_part": false, "parent": null, "hidden": false, "addr": null, "wikidata": null, "website": null, "zoning": "R-48", "lidar_p90": 2.53, "ground_z": 61.66 }, "geometry": { "type": "Polygon", "coordinates": [ [ [ 281482.73, 4160040.49 ], [ 281480.3, 4160042.55 ], [ 281484.06, 4160046.99 ], [ 281486.49, 4160044.93 ], [ 281482.73, 4160040.49 ] ] ] } },
{ "type": "Feature", "properties": { "id": "osm:way/466471776", "name": null, "height": 2.5, "min_height": 0.0, "levels": null, "height_source": "lidar", "roof_shape": "skillion", "roof_height": 1.41, "roof_azimuth": 106.9, "roof_source": "lod2", "roof_color": "roof_flat", "roof_color_source": "ortho", "lod2_roof": { "v": [ [ 281328.07, 4160003.83, 0.6 ], [ 281317.46, 4160007.11, 0.62 ], [ 281327.46, 4160001.87, 1.39 ], [ 281316.85, 4160005.17, 1.41 ], [ 281315.79, 4160001.78, 0.04 ], [ 281326.38, 4159998.4, 0.0 ] ], "f": [ [ [ 3, 2, 0, 1 ] ], [ [ 5, 2, 3, 4 ] ] ] }, "roof_props": null, "wall_color": "terracotta", "type": "yes", "landmark": null, "footprint_source": "osm", "source_updated": null, "is_part": false, "parent": null, "hidden": false, "addr": null, "wikidata": null, "website": null, "zoning": "R-6", "lidar_p90": 3.75, "ground_z": 62.56 }, "geometry": { "type": "Polygon", "coordinates": [ [ [ 281325.97, 4159997.09 ], [ 281315.35, 4160000.37 ], [ 281317.46, 4160007.11 ], [ 281328.07, 4160003.84 ], [ 281325.97, 4159997.09 ] ] ] } },
{ "type": "Feature", "properties": { "id": "richmond_structure:270599", "name": null, "height": 3.1, "min_height": 0.0, "levels": null, "height_source": "lidar", "roof_shape": "flat", "roof_height": 0.59, "roof_azimuth": null, "roof_source": "lod2", "roof_color": "roof_dark", "roof_color_source": "heuristic", "lod2_roof": { "v": [ [ 281311.8, 4160009.23, 0.43 ], [ 281310.18, 4160003.92, 0.0 ], [ 281315.31, 4160002.72, 0.09 ], [ 281316.83, 4160007.7, 0.59 ] ], "f": [ [ [ 3, 0, 1, 2 ] ] ] }, "roof_props": null, "wall_color": "concrete", "type": "yes", "landmark": null, "footprint_source": "richmond_structures", "source_updated": "2026-09-08T12:07:13.637000Z", "is_part": false, "parent": null, "hidden": false, "addr": null, "wikidata": null, "website": null, "zoning": "R-6", "lidar_p90": 3.18, "ground_z": 62.68 }, "geometry": { "type": "Polygon", "coordinates": [ [ [ 281311.8, 4160009.23 ], [ 281316.83, 4160007.7 ], [ 281314.99, 4160001.67 ], [ 281309.97, 4160003.2 ], [ 281311.8, 4160009.23 ] ] ] } },
{ "type": "Feature", "properties": { "id": "osm:way/427160263", "name": null, "height": 4.24, "min_height": 0.0, "levels": null, "height_source": "lidar", "roof_shape": "flat", "roof_height": 0.47, "roof_azimuth": null, "roof_source": "lod2", "roof_color": "roof_flat", "roof_color_source": "ortho", "lod2_roof": { "v": [ [ 281338.99, 4159999.37, 0.0 ], [ 281340.78, 4160005.05, 0.0 ], [ 281339.27, 4160005.52, 0.4 ], [ 281330.25, 4160008.31, 0.0 ], [ 281328.47, 4160002.66, 0.03 ], [ 281338.09, 4159999.65, 0.0 ], [ 281338.09, 4159999.65, 0.47 ], [ 281338.54, 4160003.26, 0.42 ] ], "f": [ [ [ 2, 3, 4, 6, 7 ] ], [ [ 5, 0, 1, 2, 7 ] ], [ [ 6, 5, 7 ] ] ] }, "roof_props": null, "wall_color": "brick", "type": "yes", "landmark": null, "footprint_source": "osm", "source_updated": null, "is_part": false, "parent": null, "hidden": false, "addr": "608 North Belmont Avenue", "wikidata": null, "website": null, "zoning": "R-6", "lidar_p90": 5.09, "ground_z": 62.35 }, "geometry": { "type": "Polygon", "coordinates": [ [ [ 281330.25, 4160008.31 ], [ 281340.77, 4160005.06 ], [ 281338.99, 4159999.37 ], [ 281328.47, 4160002.66 ], [ 281330.25, 4160008.31 ] ] ] } },
{ "type": "Feature", "properties": { "id": "osm:way/1347843974", "name": null, "height": 10.94, "min_height": 0.0, "levels": null, "height_source": "lidar", "roof_shape": "flat", "roof_height": 0.0, "roof_azimuth": null, "roof_source": "lidar", "roof_color": "roof_flat", "roof_color_source": "ortho", "lod2_roof": null, "roof_props": null, "wall_color": "brick", "type": "yes", "landmark": null, "footprint_source": "osm", "source_updated": null, "is_part": false, "parent": null, "hidden": false, "addr": "3027 Park Ave Apt A", "wikidata": null, "website": null, "zoning": "R-48", "lidar_p90": 12.46, "ground_z": 62.73 }, "geometry": { "type": "Polygon", "coordinates": [ [ [ 281383.11, 4160014.72 ], [ 281394.06, 4160011.38 ], [ 281391.25, 4160002.24 ], [ 281392.63, 4160001.81 ], [ 281390.53, 4159994.97 ], [ 281378.19, 4159998.74 ], [ 281383.11, 4160014.72 ] ] ] } },
{ "type": "Feature", "properties": { "id": "osm:way/390535362", "name": null, "height": 9.18, "min_height": 0.0, "levels": null, "height_source": "lidar", "roof_shape": "flat", "roof_height": 1.84, "roof_azimuth": null, "roof_source": "lod2", "roof_color": "roof_flat", "roof_color_source": "ortho", "lod2_roof": { "v": [ [ 281379.47, 4160017.98, 0.0 ], [ 281378.88, 4160016.05, 1.6 ], [ 281382.8, 4160016.38, 0.0 ], [ 281382.96, 4160016.91, 0.0 ], [ 281372.59, 4160016.3, 0.22 ], [ 281366.93, 4159997.98, 0.1 ], [ 281376.66, 4160016.48, 1.38 ], [ 281376.75, 4160016.79, 1.6 ], [ 281376.75, 4160016.79, 1.66 ], [ 281377.38, 4160018.83, 0.0 ], [ 281373.73, 4160019.95, 0.0 ], [ 281373.08, 4160017.86, 1.59 ], [ 281373.08, 4160017.86, 1.84 ], [ 281376.13, 4160016.97, 1.64 ], [ 281378.81, 4160015.82, 1.4 ], [ 281373.74, 4159995.81, 0.02 ], [ 281373.74, 4159995.81, 0.3 ], [ 281378.36, 4160012.58, 0.11 ], [ 281378.36, 4160012.58, 0.4 ], [ 281381.54, 4160012.31, 0.49 ], [ 281381.54, 4160012.31, 0.0 ], [ 281381.97, 4160013.7, 0.49 ], [ 281376.19, 4159995.03, 0.0 ], [ 281381.38, 4160013.86, 0.48 ], [ 281381.66, 4160015.12, 1.55 ], [ 281381.91, 4160016.23, 0.24 ], [ 281378.83, 4160012.61, 0.41 ], [ 281378.83, 4160012.61, 0.05 ], [ 281382.45, 4160016.54, 0.0 ], [ 281381.97, 4160016.27, 0.16 ] ], "f": [ [ [ 12, 13, 7, 9, 10 ] ], [ [ 27, 17, 15, 22, 20 ] ], [ [ 23, 4, 5, 16, 18, 26, 19, 21 ] ], [ [ 25, 29, 28, 2, 3, 0, 1, 24 ] ], [ [ 4, 23, 24, 1, 14, 6, 8, 13, 11 ] ], [ [ 8, 7, 13 ] ], [ [ 12, 11, 13 ] ], [ [ 16, 15, 17, 18 ] ], [ [ 26, 27, 20, 19 ] ], [ [ 18, 17, 27, 26 ] ] ] }, "roof_props": null, "wall_color": "cream", "type": "yes", "landmark": null, "footprint_source": "osm", "source_updated": null, "is_part": false, "parent": null, "hidden": false, "addr": "3031 Park Avenue", "wikidata": null, "website": null, "zoning": "R-48", "lidar_p90": 9.7, "ground_z": 62.68 }, "geometry": { "type": "Polygon", "coordinates": [ [ [ 281375.45, 4159992.67 ], [ 281366.17, 4159995.51 ], [ 281373.72, 4160019.96 ], [ 281377.38, 4160018.83 ], [ 281376.66, 4160016.48 ], [ 281378.81, 4160015.82 ], [ 281379.47, 4160017.98 ], [ 281382.96, 4160016.91 ], [ 281375.45, 4159992.67 ] ] ] } },
{ "type": "Feature", "properties": { "id": "osm:way/390535361", "name": null, "height": 9.33, "min_height": 0.0, "levels": null, "height_source": "lidar", "roof_shape": "flat", "roof_height": 0.0, "roof_azimuth": null, "roof_source": "heuristic", "roof_color": "roof_flat", "roof_color_source": "ortho", "lod2_roof": null, "roof_props": null, "wall_color": "concrete", "type": "yes", "landmark": null, "footprint_source": "osm", "source_updated": null, "is_part": false, "parent": null, "hidden": false, "addr": "3033 Park Avenue", "wikidata": null, "website": null, "zoning": "R-48", "lidar_p90": 10.16, "ground_z": 62.42 }, "geometry": { "type": "Polygon", "coordinates": [ [ [ 281365.7, 4159998.37 ], [ 281356.42, 4160001.22 ], [ 281363.98, 4160025.65 ], [ 281367.63, 4160024.54 ], [ 281366.91, 4160022.18 ], [ 281369.05, 4160021.52 ], [ 281369.72, 4160023.69 ], [ 281373.21, 4160022.62 ], [ 281365.7, 4159998.37 ] ] ] } },
{ "type": "Feature", "properties": { "id": "osm:way/466471767", "name": null, "height": 7.56, "min_height": 0.0, "levels": null, "height_source": "lidar", "roof_shape": "flat", "roof_height": 3.07, "roof_azimuth": null, "roof_source": "lod2", "roof_color": "roof_flat", "roof_color_source": "ortho", "lod2_roof": { "v": [ [ 281441.41, 4160014.93, 2.0 ], [ 281441.41, 4160014.93, 0.65 ], [ 281441.79, 4160016.14, 2.54 ], [ 281441.87, 4160016.39, 2.93 ], [ 281441.87, 4160016.39, 2.65 ], [ 281441.06, 4160025.0, 0.87 ], [ 281442.53, 4160024.5, 0.87 ], [ 281443.99, 4160033.75, 0.37 ], [ 281437.13, 4160012.89, 0.0 ], [ 281443.65, 4160010.72, 0.0 ], [ 281441.91, 4160016.51, 2.7 ], [ 281438.27, 4160016.29, 0.0 ], [ 281438.27, 4160016.29, 1.0 ], [ 281439.86, 4160015.6, 0.0 ], [ 281439.86, 4160015.6, 0.82 ], [ 281440.85, 4160016.85, 3.07 ], [ 281440.85, 4160016.85, 2.76 ], [ 281440.85, 4160016.85, 1.29 ], [ 281438.69, 4160017.54, 1.29 ], [ 281438.69, 4160017.54, 2.97 ], [ 281444.6, 4160013.55, 0.0 ], [ 281444.05, 4160013.79, 0.0 ], [ 281441.26, 4160020.67, 1.09 ], [ 281444.11, 4160014.39, 1.23 ], [ 281444.11, 4160014.39, 0.0 ], [ 281444.23, 4160015.66, 2.76 ], [ 281444.23, 4160015.66, 3.06 ], [ 281449.19, 4160032.02, 0.37 ], [ 281441.41, 4160014.93, 0.0 ], [ 281441.35, 4160014.73, 0.0 ], [ 281441.35, 4160014.73, 0.34 ], [ 281439.86, 4160015.6, 2.17 ], [ 281440.67, 4160016.62, 2.65 ], [ 281442.08, 4160014.64, 0.0 ], [ 281442.08, 4160014.64, 0.58 ], [ 281441.91, 4160016.51, 1.29 ], [ 281442.16, 4160017.31, 1.25 ], [ 281442.47, 4160014.47, 0.53 ], [ 281442.47, 4160014.47, 0.0 ], [ 281442.74, 4160014.56, 0.0 ], [ 281442.74, 4160014.56, 0.78 ], [ 281444.37, 4160016.52, 1.25 ], [ 281439.9, 4160021.13, 1.09 ], [ 281444.28, 4160016.23, 1.78 ], [ 281443.83, 4160015.7, 2.92 ] ], "f": [ [ [ 14, 32, 15, 19, 12 ] ], [ [ 10, 16, 32, 31, 0, 2, 4 ] ], [ [ 24, 39, 38, 33, 29, 28, 13, 11, 8, 9, 20, 21 ] ], [ [ 22, 42, 18, 17, 35, 36, 41, 27, 7, 5, 6 ] ], [ [ 26, 44, 3, 2, 1, 30, 34, 37, 40, 23 ] ], [ [ 43, 41, 36, 10, 3, 44, 25 ] ], [ [ 0, 1, 2 ] ], [ [ 3, 4, 2 ] ], [ [ 4, 3, 10 ] ], [ [ 12, 11, 13, 14 ] ], [ [ 15, 16, 17, 18, 19 ] ], [ [ 1, 28, 29, 30 ] ], [ [ 31, 14, 13, 28, 1, 0 ] ], [ [ 16, 15, 32 ] ], [ [ 14, 31, 32 ] ], [ [ 30, 29, 33, 34 ] ], [ [ 10, 35, 17, 16 ] ], [ [ 35, 10, 36 ] ], [ [ 37, 38, 39, 40 ] ], [ [ 34, 33, 38, 37 ] ], [ [ 40, 39, 24, 23 ] ], [ [ 26, 25, 44 ] ] ] }, "roof_props": null, "wall_color": "cream", "type": "yes", "landmark": null, "footprint_source": "osm", "source_updated": null, "is_part": false, "parent": null, "hidden": false, "addr": "3012 Park Avenue", "wikidata": null, "website": null, "zoning": "R-48", "lidar_p90": 9.08, "ground_z": 62.63 }, "geometry": { "type": "Polygon", "coordinates": [ [ [ 281450.62, 4160031.54 ], [ 281443.64, 4160010.72 ], [ 281437.13, 4160012.89 ], [ 281439.9, 4160021.13 ], [ 281441.26, 4160020.67 ], [ 281442.53, 4160024.51 ], [ 281441.06, 4160025.0 ], [ 281443.99, 4160033.75 ], [ 281450.62, 4160031.54 ] ] ] } },
{ "type": "Feature", "properties": { "id": "osm:way/538414000", "name": null, "height": 7.92, "min_height": 0.0, "levels": null, "height_source": "lidar", "roof_shape": "flat", "roof_height": 0.0, "roof_azimuth": null, "roof_source": "heuristic", "roof_color": "roof_flat", "roof_color_source": "ortho", "lod2_roof": null, "roof_props": null, "wall_color": "terracotta", "type": "yes", "landmark": null, "footprint_source": "osm", "source_updated": null, "is_part": false, "parent": null, "hidden": false, "addr": "3101 Park Avenue", "wikidata": null, "website": null, "zoning": "R-6", "lidar_p90": 8.77, "ground_z": 62.28 }, "geometry": { "type": "Polygon", "coordinates": [ [ [ 281347.91, 4160028.88 ], [ 281343.72, 4160014.57 ], [ 281336.29, 4160016.72 ], [ 281340.48, 4160031.04 ], [ 281347.91, 4160028.88 ] ] ] } },
{ "type": "Feature", "properties": { "id": "osm:way/466471768", "name": null, "height": 7.63, "min_height": 0.0, "levels": null, "height_source": "lidar", "roof_shape": "flat", "roof_height": 1.4, "roof_azimuth": null, "roof_source": "lod2", "roof_color": "slate", "roof_color_source": "ortho", "lod2_roof": { "v": [ [ 281431.42, 4160019.12, 0.0 ], [ 281430.43, 4160016.06, 0.0 ], [ 281430.77, 4160015.95, 0.0 ], [ 281430.8, 4160016.03, 0.0 ], [ 281431.42, 4160019.12, 1.4 ], [ 281436.22, 4160017.97, 0.0 ], [ 281436.22, 4160017.97, 1.37 ], [ 281437.2, 4160036.88, 0.42 ], [ 281436.51, 4160016.48, 0.0 ], [ 281436.41, 4160017.92, 0.0 ], [ 281442.33, 4160035.23, 0.42 ] ], "f": [ [ [ 3, 8, 9, 5, 0, 1, 2 ] ], [ [ 6, 10, 7, 4 ] ], [ [ 4, 0, 5, 6 ] ] ] }, "roof_props": null, "wall_color": "sand", "type": "yes", "landmark": null, "footprint_source": "osm", "source_updated": null, "is_part": false, "parent": null, "hidden": false, "addr": "3014 Park Avenue", "wikidata": null, "website": null, "zoning": "R-48", "lidar_p90": 8.61, "ground_z": 62.68 }, "geometry": { "type": "Polygon", "coordinates": [ [ [ 281436.57, 4160014.08 ], [ 281430.43, 4160016.06 ], [ 281437.2, 4160036.88 ], [ 281443.34, 4160034.9 ], [ 281436.57, 4160014.08 ] ] ] } },
{ "type": "Feature", "properties": { "id": "richmond_structure:263043", "name": null, "height": 3.1, "min_height": 0.0, "levels": null, "height_source": "lidar", "roof_shape": "flat", "roof_height": 0.35, "roof_azimuth": null, "roof_source": "lod2", "roof_color": "roof_flat", "roof_color_source": "ortho", "lod2_roof": { "v": [ [ 281268.09, 4160002.92, 0.35 ], [ 281272.69, 4160001.61, 0.0 ], [ 281270.06, 4160009.85, 0.33 ], [ 281274.81, 4160008.5, 0.0 ] ], "f": [ [ [ 1, 3, 2, 0 ] ] ] }, "roof_props": null, "wall_color": "brick", "type": "yes", "landmark": null, "footprint_source": "richmond_structures", "source_updated": "2026-09-08T12:07:13.637000Z", "is_part": false, "parent": null, "hidden": false, "addr": null, "wikidata": null, "website": null, "zoning": "R-6", "lidar_p90": 3.21, "ground_z": 63.08 }, "geometry": { "type": "Polygon", "coordinates": [ [ [ 281273.35, 4160001.43 ], [ 281268.09, 4160002.92 ], [ 281270.06, 4160009.86 ], [ 281275.32, 4160008.36 ], [ 281273.35, 4160001.43 ] ] ] } },
{ "type": "Feature", "properties": { "id": "richmond_structure:263460", "name": null, "height": 2.95, "min_height": 0.0, "levels": null, "height_source": "lidar", "roof_shape": "flat", "roof_height": 0.02, "roof_azimuth": null, "roof_source": "lod2", "roof_color": "roof_flat", "roof_color_source": "ortho", "lod2_roof": { "v": [ [ 281261.92, 4160006.14, 0.0 ], [ 281267.73, 4160004.34, 0.0 ], [ 281269.35, 4160009.57, 0.02 ], [ 281263.53, 4160011.36, 0.0 ] ], "f": [ [ [ 2, 3, 0, 1 ] ] ] }, "roof_props": null, "wall_color": "terracotta", "type": "yes", "landmark": null, "footprint_source": "richmond_structures", "source_updated": "2026-09-08T12:07:13.637000Z", "is_part": false, "parent": null, "hidden": false, "addr": null, "wikidata": null, "website": null, "zoning": "R-6", "lidar_p90": 2.99, "ground_z": 63.01 }, "geometry": { "type": "Polygon", "coordinates": [ [ [ 281267.73, 4160004.34 ], [ 281261.92, 4160006.14 ], [ 281263.53, 4160011.37 ], [ 281269.34, 4160009.57 ], [ 281267.73, 4160004.34 ] ] ] } },
{ "type": "Feature", "properties": { "id": "richmond_structure:394414", "name": null, "height": 2.77, "min_height": 0.0, "levels": null, "height_source": "lidar", "roof_shape": "flat", "roof_height": 0.35, "roof_azimuth": null, "roof_source": "lod2", "roof_color": "concrete", "roof_color_source": "heuristic", "lod2_roof": { "v": [ [ 281301.36, 4160006.74, 0.35 ], [ 281303.26, 4160006.31, 0.15 ], [ 281302.42, 4160011.4, 0.31 ], [ 281305.27, 4160010.75, 0.0 ] ], "f": [ [ [ 1, 3, 2, 0 ] ] ] }, "roof_props": null, "wall_color": "cream", "type": "yes", "landmark": null, "footprint_source": "richmond_structures", "source_updated": "2026-09-08T12:07:13.637000Z", "is_part": false, "parent": null, "hidden": false, "addr": null, "wikidata": null, "website": null, "zoning": "R-6", "lidar_p90": 3.08, "ground_z": 62.9 }, "geometry": { "type": "Polygon", "coordinates": [ [ [ 281304.5, 4160006.03 ], [ 281301.36, 4160006.74 ], [ 281302.42, 4160011.4 ], [ 281305.55, 4160010.69 ], [ 281304.5, 4160006.03 ] ] ] } },
{ "type": "Feature", "properties": { "id": "osm:way/1131697456", "name": null, "height": 3.01, "min_height": 0.0, "levels": null, "height_source": "lidar", "roof_shape": "flat", "roof_height": 0.49, "roof_azimuth": null, "roof_source": "lod2", "roof_color": "roof_flat", "roof_color_source": "ortho", "lod2_roof": { "v": [ [ 281292.64, 4160015.13, 0.44 ], [ 281287.27, 4160016.88, 0.49 ], [ 281291.06, 4160010.28, 0.0 ], [ 281285.62, 4160011.88, 0.04 ] ], "f": [ [ [ 3, 2, 0, 1 ] ] ] }, "roof_props": null, "wall_color": "brick", "type": "yes", "landmark": null, "footprint_source": "osm", "source_updated": null, "is_part": false, "parent": null, "hidden": false, "addr": null, "wikidata": null, "website": null, "zoning": "R-6", "lidar_p90": 3.06, "ground_z": 63.15 }, "geometry": { "type": "Polygon", "coordinates": [ [ [ 281290.84, 4160009.64 ], [ 281285.46, 4160011.39 ], [ 281287.27, 4160016.88 ], [ 281292.64, 4160015.13 ], [ 281290.84, 4160009.64 ] ] ] } },
{ "type": "Feature", "properties": { "id": "osm:way/1131697443", "name": null, "height": 3.54, "min_height": 0.0, "levels": null, "height_source": "lidar", "roof_shape": "flat", "roof_height": 0.81, "roof_azimuth": null, "roof_source": "lod2", "roof_color": "roof_flat", "roof_color_source": "ortho", "lod2_roof": { "v": [ [ 281279.96, 4160019.35, 0.0 ], [ 281278.32, 4160013.56, 0.0 ], [ 281278.71, 4160013.43, 0.0 ], [ 281278.71, 4160013.43, 0.0 ], [ 281284.5, 4160011.55, 0.0 ], [ 281284.58, 4160011.83, 0.0 ], [ 281286.22, 4160017.6, 0.0 ], [ 281285.73, 4160017.73, 0.0 ], [ 281280.61, 4160019.17, 0.0 ], [ 281285.73, 4160017.73, 0.0 ], [ 281282.89, 4160015.47, 0.81 ], [ 281280.61, 4160019.17, 0.0 ], [ 281280.84, 4160018.39, 0.0 ], [ 281278.76, 4160013.68, 0.0 ], [ 281282.19, 4160015.62, 0.78 ] ], "f": [ [ [ 10, 14, 13, 2, 4, 5 ] ], [ [ 10, 5, 6, 9 ] ], [ [ 14, 10, 7, 8, 12 ] ], [ [ 11, 0, 1, 3, 13, 14, 12 ] ], [ [ 9, 7, 10 ] ], [ [ 8, 11, 12 ] ], [ [ 3, 2, 13 ] ] ] }, "roof_props": null, "wall_color": "cream", "type": "yes", "landmark": null, "footprint_source": "osm", "source_updated": null, "is_part": false, "parent": null, "hidden": false, "addr": null, "wikidata": null, "website": null, "zoning": "R-6", "lidar_p90": 3.9, "ground_z": 63.24 }, "geometry": { "type": "Polygon", "coordinates": [ [ [ 281284.38, 4160011.14 ], [ 281278.13, 4160012.9 ], [ 281279.96, 4160019.35 ], [ 281286.22, 4160017.6 ], [ 281284.38, 4160011.14 ] ] ] } },
{ "type": "Feature", "properties": { "id": "richmond_structure:429278", "name": null, "height": 3.42, "min_height": 0.0, "levels": null, "height_source": "lidar", "roof_shape": "flat", "roof_height": 0.41, "roof_azimuth": null, "roof_source": "lod2", "roof_color": "concrete", "roof_color_source": "ortho", "lod2_roof": { "v": [ [ 281296.55, 4160014.21, 0.0 ], [ 281298.19, 4160013.7, 0.39 ], [ 281298.35, 4160014.18, 0.39 ], [ 281300.21, 4160019.98, 0.41 ], [ 281298.49, 4160020.51, 0.0 ], [ 281299.34, 4160013.34, 0.08 ], [ 281301.23, 4160012.76, 0.0 ], [ 281303.13, 4160019.08, 0.0 ] ], "f": [ [ [ 2, 3, 4, 0, 1 ] ], [ [ 7, 3, 2, 5, 6 ] ] ] }, "roof_props": null, "wall_color": "cream", "type": "yes", "landmark": null, "footprint_source": "richmond_structures", "source_updated": "2026-09-08T12:07:13.637000Z", "is_part": false, "parent": null, "hidden": false, "addr": null, "wikidata": null, "website": null, "zoning": "R-6", "lidar_p90": 3.55, "ground_z": 63.22 }, "geometry": { "type": "Polygon", "coordinates": [ [ [ 281296.54, 4160014.21 ], [ 281298.49, 4160020.51 ], [ 281303.65, 4160018.92 ], [ 281301.71, 4160012.61 ], [ 281296.54, 4160014.21 ] ] ] } },
{ "type": "Feature", "properties": { "id": "osm:way/1131697466", "name": null, "height": 2.79, "min_height": 0.0, "levels": null, "height_source": "lidar", "roof_shape": "skillion", "roof_height": 1.16, "roof_azimuth": 88.5, "roof_source": "lod2", "roof_color": "roof_flat", "roof_color_source": "ortho", "lod2_roof": { "v": [ [ 281262.2, 4160020.6, 0.06 ], [ 281263.59, 4160024.75, 0.22 ], [ 281257.76, 4160021.64, 0.03 ], [ 281257.76, 4160021.64, 0.0 ], [ 281249.56, 4160023.55, 0.01 ], [ 281258.94, 4160026.29, 0.2 ], [ 281257.85, 4160026.66, 0.63 ], [ 281251.23, 4160028.86, 0.6 ], [ 281250.69, 4160027.24, 1.16 ], [ 281249.46, 4160023.59, 0.01 ], [ 281257.83, 4160025.4, 1.03 ], [ 281257.83, 4160025.4, 0.15 ], [ 281258.63, 4160025.2, 0.16 ], [ 281257.77, 4160022.09, 0.05 ] ], "f": [ [ [ 8, 10, 6, 7 ] ], [ [ 11, 13, 2, 0, 1, 5, 12 ] ], [ [ 3, 13, 10, 8, 9, 4 ] ], [ [ 11, 10, 13 ] ], [ [ 3, 2, 13 ] ] ] }, "roof_props": null, "wall_color": "concrete", "type": "yes", "landmark": null, "footprint_source": "osm", "source_updated": null, "is_part": false, "parent": null, "hidden": false, "addr": null, "wikidata": null, "website": null, "zoning": "R-6", "lidar_p90": 3.8, "ground_z": 63.03 }, "geometry": { "type": "Polygon", "coordinates": [ [ [ 281261.81, 4160019.47 ], [ 281249.46, 4160023.59 ], [ 281251.23, 4160028.86 ], [ 281263.59, 4160024.75 ], [ 281261.81, 4160019.47 ] ] ] } },
{ "type": "Feature", "properties": { "id": "osm:way/538414002", "name": null, "height": 6.53, "min_height": 0.0, "levels": null, "height_source": "lidar", "roof_shape": "flat", "roof_height": 2.83, "roof_azimuth": null, "roof_source": "lod2", "roof_color": "roof_flat", "roof_color_source": "ortho", "lod2_roof": { "v": [ [ 281318.93, 4160018.68, 0.0 ], [ 281320.7, 4160024.71, 0.0 ], [ 281315.0, 4160026.39, 0.1 ], [ 281315.0, 4160026.39, 0.0 ], [ 281320.7, 4160024.71, 0.14 ], [ 281318.08, 4160035.88, 0.59 ], [ 281313.08, 4160020.47, 0.0 ], [ 281324.3, 4160033.89, 0.63 ], [ 281324.59, 4160035.58, 2.83 ], [ 281325.05, 4160033.65, 0.63 ], [ 281322.01, 4160024.32, 0.15 ], [ 281318.61, 4160037.5, 2.8 ] ], "f": [ [ [ 3, 6, 0, 1 ] ], [ [ 8, 11, 5, 7 ] ], [ [ 4, 10, 9, 7, 5, 2 ] ], [ [ 2, 3, 1, 4 ] ] ] }, "roof_props": null, "wall_color": "cream", "type": "yes", "landmark": null, "footprint_source": "osm", "source_updated": null, "is_part": false, "parent": null, "hidden": false, "addr": "3105 Park Avenue", "wikidata": null, "website": null, "zoning": "R-6", "lidar_p90": 7.2, "ground_z": 62.72 }, "geometry": { "type": "Polygon", "coordinates": [ [ [ 281325.57, 4160035.26 ], [ 281319.19, 4160015.65 ], [ 281312.24, 4160017.9 ], [ 281318.61, 4160037.5 ], [ 281325.57, 4160035.26 ] ] ] } },
{ "type": "Feature", "properties": { "id": "osm:way/538414001", "name": null, "height": 6.5, "min_height": 0.0, "levels": null, "height_source": "lidar", "roof_shape": "hip", "roof_height": 2.95, "roof_azimuth": 108.2, "roof_source": "lod2", "roof_color": "roof_flat", "roof_color_source": "ortho", "lod2_roof": { "v": [ [ 281331.83, 4160032.38, 2.46 ], [ 281331.83, 4160032.38, 2.06 ], [ 281331.88, 4160033.0, 2.14 ], [ 281331.88, 4160033.0, 2.32 ], [ 281330.53, 4160035.83, 1.64 ], [ 281330.53, 4160035.83, 0.55 ], [ 281330.18, 4160033.47, 1.81 ], [ 281330.18, 4160033.47, 2.18 ], [ 281328.99, 4160033.8, 1.85 ], [ 281328.99, 4160033.8, 1.46 ], [ 281329.56, 4160033.64, 1.83 ], [ 281330.18, 4160033.47, 2.23 ], [ 281324.78, 4160024.03, 0.0 ], [ 281332.71, 4160021.44, 0.0 ], [ 281329.25, 4160037.6, 0.0 ], [ 281328.37, 4160034.94, 0.86 ], [ 281328.37, 4160034.94, 1.39 ], [ 281336.5, 4160032.92, 0.0 ], [ 281335.48, 4160033.19, 0.22 ], [ 281331.88, 4160033.0, 1.74 ], [ 281332.61, 4160032.79, 1.71 ], [ 281333.04, 4160022.43, 0.0 ], [ 281333.04, 4160022.43, 0.0 ], [ 281332.77, 4160022.5, 0.0 ], [ 281332.0, 4160034.43, 1.98 ], [ 281332.0, 4160034.43, 0.99 ], [ 281332.45, 4160034.9, 0.67 ], [ 281332.45, 4160034.9, 1.88 ], [ 281335.94, 4160034.53, 0.2 ], [ 281335.94, 4160034.53, 0.23 ], [ 281336.21, 4160035.32, 0.0 ], [ 281329.27, 4160029.55, 2.48 ], [ 281329.27, 4160029.55, 2.95 ], [ 281329.86, 4160030.1, 2.73 ], [ 281329.27, 4160029.55, 2.37 ], [ 281329.18, 4160029.65, 2.41 ], [ 281325.83, 4160027.23, 0.9 ], [ 281330.78, 4160027.77, 1.81 ], [ 281330.36, 4160031.6, 2.72 ], [ 281330.36, 4160031.6, 2.62 ], [ 281330.16, 4160032.11, 2.5 ], [ 281330.03, 4160032.44, 2.42 ], [ 281330.03, 4160032.44, 2.35 ], [ 281330.66, 4160031.76, 2.59 ], [ 281330.11, 4160033.0, 2.29 ] ], "f": [ [ [ 37, 34, 35, 36, 12, 13, 22, 23 ] ], [ [ 1, 43, 38, 33, 32, 37, 23, 21, 17, 18, 28, 20, 2 ] ], [ [ 5, 26, 25, 19, 20, 29, 30, 14, 16, 8, 10, 6 ] ], [ [ 7, 44, 41, 40, 39, 43, 0, 3, 24, 27, 4 ] ], [ [ 42, 44, 11, 10, 9, 15, 36, 35, 31, 33, 38, 40 ] ], [ [ 0, 1, 2, 3 ] ], [ [ 4, 5, 6, 7 ] ], [ [ 8, 9, 10 ] ], [ [ 11, 7, 6, 10 ] ], [ [ 19, 2, 20 ] ], [ [ 22, 21, 23 ] ], [ [ 24, 25, 26, 27 ] ], [ [ 28, 29, 20 ] ], [ [ 31, 32, 33 ] ], [ [ 34, 31, 35 ] ], [ [ 16, 15, 9, 8 ] ], [ [ 32, 31, 34, 37 ] ], [ [ 38, 39, 40 ] ], [ [ 41, 42, 40 ] ], [ [ 1, 0, 43 ] ], [ [ 39, 38, 43 ] ], [ [ 3, 2, 19, 25, 24 ] ], [ [ 27, 26, 5, 4 ] ], [ [ 7, 11, 44 ] ], [ [ 42, 41, 44 ] ] ] }, "roof_props": null, "wall_color": "brick", "type": "yes", "landmark": null, "footprint_source": "osm", "source_updated": null, "is_part": false, "parent": null, "hidden": false, "addr": "3103 Park Avenue", "wikidata": null, "website": null, "zoning": "R-6", "lidar_p90": 8.89, "ground_z": 62.5 }, "geometry": { "type": "Polygon", "coordinates": [ [ [ 281337.18, 4160035.0 ], [ 281332.71, 4160021.44 ], [ 281324.78, 4160024.03 ], [ 281329.25, 4160037.6 ], [ 281337.18, 4160035.0 ] ] ] } },
{ "type": "Feature", "properties": { "id": "osm:way/538414003", "name": null, "height": 7.08, "min_height": 0.0, "levels": null, "height_source": "lidar", "roof_shape": "flat", "roof_height": 0.52, "roof_azimuth": null, "roof_source": "lod2", "roof_color": "roof_flat", "roof_color_source": "ortho", "lod2_roof": { "v": [ [ 281302.14, 4160035.25, 0.05 ], [ 281302.14, 4160035.25, 0.0 ], [ 281307.85, 4160032.92, 0.0 ], [ 281307.85, 4160032.92, 0.01 ], [ 281304.23, 4160042.07, 0.52 ], [ 281308.42, 4160033.42, 0.05 ], [ 281310.49, 4160040.18, 0.51 ], [ 281303.24, 4160032.98, 0.0 ], [ 281302.84, 4160032.55, 0.0 ], [ 281301.67, 4160033.7, 0.0 ], [ 281306.27, 4160031.51, 0.0 ] ], "f": [ [ [ 5, 6, 4, 0, 3 ] ], [ [ 8, 10, 2, 1, 9, 7 ] ], [ [ 0, 1, 2, 3 ] ] ] }, "roof_props": null, "wall_color": "concrete", "type": "yes", "landmark": null, "footprint_source": "osm", "source_updated": null, "is_part": false, "parent": null, "hidden": false, "addr": "3109 Park Avenue", "wikidata": null, "website": null, "zoning": "R-6", "lidar_p90": 7.39, "ground_z": 62.86 }, "geometry": { "type": "Polygon", "coordinates": [ [ [ 281310.49, 4160040.18 ], [ 281307.7, 4160031.08 ], [ 281301.45, 4160032.98 ], [ 281304.23, 4160042.08 ], [ 281310.49, 4160040.18 ] ] ] } },
{ "type": "Feature", "properties": { "id": "richmond_structure:270476", "name": null, "height": 8.35, "min_height": 0.0, "levels": null, "height_source": "lidar", "roof_shape": "flat", "roof_height": 0.0, "roof_azimuth": null, "roof_source": "heuristic", "roof_color": "roof_dark", "roof_color_source": "heuristic", "lod2_roof": null, "roof_props": null, "wall_color": "terracotta", "type": "yes", "landmark": null, "footprint_source": "richmond_structures", "source_updated": "2026-09-08T12:07:13.637000Z", "is_part": false, "parent": null, "hidden": false, "addr": null, "wikidata": null, "website": null, "zoning": "R-6", "lidar_p90": 9.27, "ground_z": 62.57 }, "geometry": { "type": "Polygon", "coordinates": [ [ [ 281318.98, 4160037.16 ], [ 281320.7, 4160041.93 ], [ 281326.74, 4160039.74 ], [ 281325.02, 4160034.97 ], [ 281318.98, 4160037.16 ] ] ] } },
{ "type": "Feature", "properties": { "id": "osm:way/538414004", "name": null, "height": 7.29, "min_height": 0.0, "levels": null, "height_source": "lidar", "roof_shape": "flat", "roof_height": 0.41, "roof_azimuth": null, "roof_source": "lod2", "roof_color": "roof_flat", "roof_color_source": "ortho", "lod2_roof": { "v": [ [ 281294.51, 4160036.56, 0.0 ], [ 281296.94, 4160035.3, 0.0 ], [ 281296.28, 4160034.59, 0.0 ], [ 281294.79, 4160037.47, 0.0 ], [ 281296.89, 4160044.36, 0.41 ], [ 281294.79, 4160037.47, 0.0 ], [ 281303.15, 4160042.45, 0.41 ], [ 281299.42, 4160033.63, 0.0 ], [ 281300.36, 4160035.48, 0.0 ], [ 281300.36, 4160035.48, 0.0 ], [ 281300.95, 4160035.27, 0.0 ] ], "f": [ [ [ 8, 3, 0, 1, 2, 7 ] ], [ [ 10, 6, 4, 5, 9 ] ], [ [ 5, 3, 8, 9 ] ] ] }, "roof_props": null, "wall_color": "concrete", "type": "yes", "landmark": null, "footprint_source": "osm", "source_updated": null, "is_part": false, "parent": null, "hidden": false, "addr": "3111 Park Avenue", "wikidata": null, "website": null, "zoning": "R-6", "lidar_p90": 7.52, "ground_z": 62.89 }, "geometry": { "type": "Polygon", "coordinates": [ [ [ 281303.15, 4160042.45 ], [ 281300.36, 4160033.35 ], [ 281294.11, 4160035.26 ], [ 281296.89, 4160044.36 ], [ 281303.15, 4160042.45 ] ] ] } },
{ "type": "Feature", "properties": { "id": "osm:way/538414005", "name": null, "height": 6.44, "min_height": 0.0, "levels": null, "height_source": "lidar", "roof_shape": "gable", "roof_height": 2.42, "roof_azimuth": 32.1, "roof_source": "lod2", "roof_color": "slate", "roof_color_source": "ortho", "lod2_roof": { "v": [ [ 281290.13, 4160049.08, 0.0 ], [ 281289.29, 4160046.35, 2.41 ], [ 281296.47, 4160047.14, 0.0 ], [ 281288.75, 4160044.58, 0.9 ], [ 281295.11, 4160042.72, 1.0 ], [ 281295.62, 4160044.37, 2.42 ], [ 281289.31, 4160039.26, 0.47 ], [ 281288.41, 4160036.36, 0.19 ], [ 281292.03, 4160034.77, 0.21 ], [ 281287.3, 4160039.88, 0.44 ], [ 281294.52, 4160042.89, 0.99 ] ], "f": [ [ [ 5, 2, 0, 1 ] ], [ [ 10, 4, 5, 1, 3 ] ], [ [ 3, 9, 6, 7, 8, 10 ] ] ] }, "roof_props": null, "wall_color": "cream", "type": "yes", "landmark": null, "footprint_source": "osm", "source_updated": null, "is_part": false, "parent": null, "hidden": false, "addr": "3113 Park Avenue", "wikidata": null, "website": null, "zoning": "R-6", "lidar_p90": 8.64, "ground_z": 62.97 }, "geometry": { "type": "Polygon", "coordinates": [ [ [ 281296.47, 4160047.14 ], [ 281291.97, 4160032.5 ], [ 281287.63, 4160033.83 ], [ 281289.31, 4160039.26 ], [ 281287.3, 4160039.88 ], [ 281290.13, 4160049.08 ], [ 281296.47, 4160047.14 ] ] ] } },
{ "type": "Feature", "properties": { "id": "osm:way/538414006", "name": null, "height": 6.06, "min_height": 0.0, "levels": null, "height_source": "lidar", "roof_shape": "gable", "roof_height": 3.01, "roof_azimuth": 17.2, "roof_source": "lod2", "roof_color": "slate", "roof_color_source": "ortho", "lod2_roof": { "v": [ [ 281279.13, 4160049.45, 1.4 ], [ 281278.13, 4160049.76, 0.82 ], [ 281282.68, 4160048.36, 1.36 ], [ 281275.11, 4160040.0, 0.67 ], [ 281275.11, 4160040.0, 0.79 ], [ 281274.38, 4160037.66, 0.0 ], [ 281282.08, 4160038.34, 0.77 ], [ 281280.2, 4160042.27, 3.01 ], [ 281280.2, 4160042.27, 2.36 ], [ 281279.81, 4160043.07, 2.69 ], [ 281275.91, 4160040.36, 1.04 ], [ 281282.57, 4160037.32, 0.36 ], [ 281285.58, 4160047.47, 0.42 ], [ 281282.68, 4160048.36, 2.05 ], [ 281281.8, 4160046.89, 2.27 ], [ 281280.78, 4160046.37, 2.71 ] ], "f": [ [ [ 6, 8, 10, 4, 5 ] ], [ [ 14, 2, 0, 15 ] ], [ [ 15, 0, 1, 3, 10, 7, 9 ] ], [ [ 13, 14, 15, 9, 8, 6, 11, 12 ] ], [ [ 7, 8, 9 ] ], [ [ 3, 4, 10 ] ], [ [ 8, 7, 10 ] ], [ [ 13, 2, 14 ] ] ] }, "roof_props": null, "wall_color": "sand", "type": "yes", "landmark": null, "footprint_source": "osm", "source_updated": null, "is_part": false, "parent": null, "hidden": false, "addr": "3115 Park Avenue", "wikidata": null, "website": null, "zoning": "R-6", "lidar_p90": 8.34, "ground_z": 63.2 }, "geometry": { "type": "Polygon", "coordinates": [ [ [ 281286.48, 4160047.2 ], [ 281282.7, 4160034.95 ], [ 281274.34, 4160037.52 ], [ 281278.13, 4160049.76 ], [ 281286.48, 4160047.2 ] ] ] } },
{ "type": "Feature", "properties": { "id": "osm:way/538414007", "name": null, "height": 7.05, "min_height": 0.0, "levels": null, "height_source": "lidar", "roof_shape": "flat", "roof_height": 0.28, "roof_azimuth": null, "roof_source": "lod2", "roof_color": "concrete", "roof_color_source": "ortho", "lod2_roof": { "v": [ [ 281266.02, 4160044.18, 0.0 ], [ 281266.0, 4160044.11, 0.0 ], [ 281266.0, 4160044.11, 0.0 ], [ 281268.09, 4160042.91, 0.0 ], [ 281268.09, 4160042.91, 0.0 ], [ 281265.28, 4160044.42, 0.0 ], [ 281267.5, 4160051.17, 0.28 ], [ 281273.57, 4160049.2, 0.2 ], [ 281265.13, 4160041.46, 0.0 ], [ 281269.78, 4160039.95, 0.0 ], [ 281270.54, 4160042.26, 0.0 ], [ 281269.82, 4160043.15, 0.0 ], [ 281269.82, 4160043.15, 0.0 ], [ 281270.45, 4160044.54, 0.0 ], [ 281270.45, 4160044.54, 0.0 ], [ 281271.95, 4160044.24, 0.0 ], [ 281271.16, 4160043.05, 0.0 ], [ 281271.16, 4160043.05, 0.0 ], [ 281270.61, 4160042.24, 0.0 ], [ 281267.39, 4160040.73, 0.0 ], [ 281269.11, 4160042.32, 0.0 ], [ 281269.11, 4160042.32, 0.0 ] ], "f": [ [ [ 8, 19, 3, 1 ] ], [ [ 17, 13, 12, 20, 3, 19, 9, 10, 18 ] ], [ [ 14, 16, 15, 7, 6, 5, 0, 2, 4, 21, 11 ] ], [ [ 2, 1, 3, 4 ] ], [ [ 11, 12, 13, 14 ] ], [ [ 4, 3, 20, 21 ] ], [ [ 21, 20, 12, 11 ] ], [ [ 14, 13, 17, 16 ] ] ] }, "roof_props": null, "wall_color": "concrete", "type": "yes", "landmark": null, "footprint_source": "osm", "source_updated": null, "is_part": false, "parent": null, "hidden": false, "addr": "3121 Park Avenue", "wikidata": null, "website": null, "zoning": "R-6", "lidar_p90": 7.32, "ground_z": 62.96 }, "geometry": { "type": "Polygon", "coordinates": [ [ [ 281273.57, 4160049.2 ], [ 281271.23, 4160042.03 ], [ 281270.54, 4160042.26 ], [ 281269.78, 4160039.95 ], [ 281265.13, 4160041.46 ], [ 281266.02, 4160044.18 ], [ 281265.28, 4160044.42 ], [ 281267.49, 4160051.17 ], [ 281273.57, 4160049.2 ] ] ] } },
{ "type": "Feature", "properties": { "id": "richmond_structure:270063", "name": null, "height": 4.24, "min_height": 0.0, "levels": null, "height_source": "lidar", "roof_shape": "flat", "roof_height": 0.29, "roof_azimuth": null, "roof_source": "lod2", "roof_color": "roof_flat", "roof_color_source": "heuristic", "lod2_roof": { "v": [ [ 281304.46, 4160046.58, 0.0 ], [ 281297.54, 4160048.58, 0.02 ], [ 281303.77, 4160044.99, 0.27 ], [ 281297.06, 4160046.93, 0.29 ] ], "f": [ [ [ 1, 3, 2, 0 ] ] ] }, "roof_props": null, "wall_color": "sand", "type": "yes", "landmark": null, "footprint_source": "richmond_structures", "source_updated": "2026-09-08T12:07:13.637000Z", "is_part": false, "parent": null, "hidden": false, "addr": null, "wikidata": null, "website": null, "zoning": "R-6", "lidar_p90": 4.34, "ground_z": 62.73 }, "geometry": { "type": "Polygon", "coordinates": [ [ [ 281297.06, 4160046.93 ], [ 281297.54, 4160048.58 ], [ 281304.45, 4160046.58 ], [ 281303.77, 4160044.99 ], [ 281297.06, 4160046.93 ] ] ] } },
{ "type": "Feature", "properties": { "id": "osm:way/466471769", "name": null, "height": 7.8, "min_height": 0.0, "levels": null, "height_source": "lidar", "roof_shape": "flat", "roof_height": 1.29, "roof_azimuth": null, "roof_source": "lod2", "roof_color": "roof_flat", "roof_color_source": "ortho", "lod2_roof": { "v": [ [ 281436.57, 4160037.85, 0.4 ], [ 281430.43, 4160039.87, 0.31 ], [ 281424.71, 4160022.57, 0.0 ], [ 281424.71, 4160022.57, 1.23 ], [ 281424.2, 4160021.02, 0.0 ], [ 281430.33, 4160018.96, 0.0 ], [ 281429.27, 4160021.05, 0.0 ], [ 281429.27, 4160021.05, 1.29 ], [ 281430.07, 4160023.12, 0.0 ], [ 281430.07, 4160023.12, 1.18 ], [ 281431.59, 4160022.78, 0.0 ], [ 281431.59, 4160022.78, 1.19 ] ], "f": [ [ [ 11, 0, 1, 3, 7, 9 ] ], [ [ 5, 10, 8, 6, 2, 4 ] ], [ [ 3, 2, 6, 7 ] ], [ [ 7, 6, 8, 9 ] ], [ [ 9, 8, 10, 11 ] ] ] }, "roof_props": null, "wall_color": "brick", "type": "yes", "landmark": null, "footprint_source": "osm", "source_updated": null, "is_part": false, "parent": null, "hidden": false, "addr": "3016 Park Avenue", "wikidata": null, "website": null, "zoning": "R-48", "lidar_p90": 8.92, "ground_z": 62.61 }, "geometry": { "type": "Polygon", "coordinates": [ [ [ 281436.57, 4160037.86 ], [ 281429.84, 4160017.48 ], [ 281423.69, 4160019.49 ], [ 281430.43, 4160039.87 ], [ 281436.57, 4160037.86 ] ] ] } },
{ "type": "Feature", "properties": { "id": "osm:way/466471771", "name": null, "height": 6.53, "min_height": 0.0, "levels": null, "height_source": "lidar", "roof_shape": "flat", "roof_height": 3.43, "roof_azimuth": null, "roof_source": "lod2", "roof_color": "roof_flat", "roof_color_source": "ortho", "lod2_roof": { "v": [ [ 281410.93, 4160028.55, 0.0 ], [ 281417.94, 4160026.2, 0.0 ], [ 281421.22, 4160045.67, 0.43 ], [ 281420.32, 4160043.01, 0.42 ], [ 281423.37, 4160044.94, 0.35 ], [ 281422.52, 4160042.46, 0.34 ], [ 281418.53, 4160031.39, 3.43 ], [ 281418.77, 4160033.88, 0.35 ], [ 281412.53, 4160033.27, 3.43 ], [ 281411.75, 4160030.95, 0.0 ], [ 281411.75, 4160030.95, 0.55 ], [ 281417.49, 4160028.96, 0.0 ], [ 281417.49, 4160028.96, 0.33 ], [ 281418.73, 4160028.53, 0.0 ], [ 281416.3, 4160044.37, 0.57 ], [ 281413.27, 4160035.44, 0.56 ], [ 281419.1, 4160031.21, 0.31 ], [ 281419.59, 4160031.06, 0.29 ], [ 281419.6, 4160031.93, 0.3 ], [ 281423.36, 4160042.17, 0.31 ], [ 281420.12, 4160033.5, 0.3 ], [ 281418.42, 4160030.26, 2.12 ] ], "f": [ [ [ 15, 8, 6, 7 ] ], [ [ 13, 11, 9, 0, 1 ] ], [ [ 21, 6, 8, 10, 12 ] ], [ [ 7, 20, 18, 16, 17, 19, 5, 4, 2, 3, 14, 15 ] ], [ [ 10, 9, 11, 12 ] ] ] }, "roof_props": null, "wall_color": "terracotta", "type": "yes", "landmark": null, "footprint_source": "osm", "source_updated": null, "is_part": false, "parent": null, "hidden": false, "addr": "3020 Park Avenue", "wikidata": null, "website": null, "zoning": "R-48", "lidar_p90": 8.71, "ground_z": 62.46 }, "geometry": { "type": "Polygon", "coordinates": [ [ [ 281422.52, 4160042.46 ], [ 281423.35, 4160042.17 ], [ 281417.94, 4160026.2 ], [ 281410.93, 4160028.55 ], [ 281416.3, 4160044.37 ], [ 281420.32, 4160043.01 ], [ 281421.22, 4160045.67 ], [ 281423.37, 4160044.94 ], [ 281422.52, 4160042.46 ] ] ] } },
{ "type": "Feature", "properties": { "id": "osm:way/466471770", "name": null, "height": 6.3, "min_height": 0.0, "levels": null, "height_source": "lidar", "roof_shape": "flat", "roof_height": 0.14, "roof_azimuth": null, "roof_source": "lod2", "roof_color": "roof_flat", "roof_color_source": "ortho", "lod2_roof": { "v": [ [ 281418.36, 4160026.41, 0.0 ], [ 281423.1, 4160026.42, 0.14 ], [ 281426.71, 4160051.1, 0.0 ], [ 281430.22, 4160049.92, 0.12 ] ], "f": [ [ [ 1, 3, 2, 0 ] ] ] }, "roof_props": null, "wall_color": "terracotta", "type": "yes", "landmark": null, "footprint_source": "osm", "source_updated": null, "is_part": false, "parent": null, "hidden": false, "addr": "3018 Park Avenue", "wikidata": null, "website": null, "zoning": "R-48", "lidar_p90": 6.45, "ground_z": 62.55 }, "geometry": { "type": "Polygon", "coordinates": [ [ [ 281431.91, 4160049.35 ], [ 281423.14, 4160023.43 ], [ 281417.94, 4160025.16 ], [ 281426.71, 4160051.1 ], [ 281431.91, 4160049.35 ] ] ] } },
{ "type": "Feature", "properties": { "id": "osm:way/466471772", "name": null, "height": 6.74, "min_height": 0.0, "levels": null, "height_source": "lidar", "roof_shape": "flat", "roof_height": 3.22, "roof_azimuth": null, "roof_source": "lod2", "roof_color": "roof_flat", "roof_color_source": "ortho", "lod2_roof": { "v": [ [ 281413.75, 4160048.73, 0.23 ], [ 281412.97, 4160046.44, 0.23 ], [ 281416.85, 4160047.69, 0.17 ], [ 281408.75, 4160047.86, 0.31 ], [ 281403.47, 4160032.25, 0.0 ], [ 281410.79, 4160029.79, 0.0 ], [ 281405.59, 4160038.52, 0.29 ], [ 281411.49, 4160031.86, 0.0 ], [ 281404.15, 4160034.27, 0.56 ], [ 281404.15, 4160034.27, 0.0 ], [ 281411.49, 4160031.86, 0.45 ], [ 281413.0, 4160036.29, 0.13 ], [ 281412.23, 4160034.04, 3.22 ], [ 281404.87, 4160036.38, 3.22 ] ], "f": [ [ [ 9, 4, 5, 7 ] ], [ [ 13, 8, 10, 12 ] ], [ [ 11, 6, 13, 12 ] ], [ [ 6, 11, 2, 0, 1, 3 ] ], [ [ 8, 9, 7, 10 ] ] ] }, "roof_props": null, "wall_color": "terracotta", "type": "yes", "landmark": null, "footprint_source": "osm", "source_updated": null, "is_part": false, "parent": null, "hidden": false, "addr": "3022 Park Avenue", "wikidata": null, "website": null, "zoning": "R-48", "lidar_p90": 8.95, "ground_z": 62.25 }, "geometry": { "type": "Polygon", "coordinates": [ [ [ 281410.79, 4160029.79 ], [ 281403.47, 4160032.25 ], [ 281408.75, 4160047.86 ], [ 281412.97, 4160046.44 ], [ 281413.75, 4160048.73 ], [ 281416.85, 4160047.69 ], [ 281410.79, 4160029.79 ] ] ] } },
{ "type": "Feature", "properties": { "id": "osm:way/466471773", "name": null, "height": 6.41, "min_height": 0.0, "levels": null, "height_source": "lidar", "roof_shape": "flat", "roof_height": 0.0, "roof_azimuth": null, "roof_source": "lidar", "roof_color": "roof_flat", "roof_color_source": "ortho", "lod2_roof": null, "roof_props": null, "wall_color": "brick", "type": "yes", "landmark": null, "footprint_source": "osm", "source_updated": null, "is_part": false, "parent": null, "hidden": false, "addr": "3024 Park Avenue", "wikidata": null, "website": null, "zoning": "R-48", "lidar_p90": 6.59, "ground_z": 62.11 }, "geometry": { "type": "Polygon", "coordinates": [ [ [ 281408.57, 4160052.22 ], [ 281404.13, 4160037.99 ], [ 281401.0, 4160038.96 ], [ 281400.62, 4160037.73 ], [ 281396.56, 4160038.98 ], [ 281397.01, 4160040.42 ], [ 281393.8, 4160041.41 ], [ 281398.17, 4160055.44 ], [ 281408.57, 4160052.22 ] ] ] } },
{ "type": "Feature", "properties": { "id": "osm:way/466471774", "name": null, "height": 7.94, "min_height": 0.0, "levels": null, "height_source": "lidar", "roof_shape": "flat", "roof_height": 0.0, "roof_azimuth": null, "roof_source": "heuristic", "roof_color": "roof_flat", "roof_color_source": "ortho", "lod2_roof": null, "roof_props": null, "wall_color": "brick", "type": "yes", "landmark": null, "footprint_source": "osm", "source_updated": null, "is_part": false, "parent": null, "hidden": false, "addr": "3028 Park Avenue", "wikidata": null, "website": null, "zoning": "R-48", "lidar_p90": 8.85, "ground_z": 62.17 }, "geometry": { "type": "Polygon", "coordinates": [ [ [ 281395.96, 4160056.28 ], [ 281390.8, 4160040.49 ], [ 281384.2, 4160042.63 ], [ 281389.36, 4160058.42 ], [ 281395.96, 4160056.28 ] ] ] } },
{ "type": "Feature", "properties": { "id": "richmond_structure:263851", "name": null, "height": 8.0, "min_height": 0.0, "levels": null, "height_source": "zoning", "roof_shape": "flat", "roof_height": 0.0, "roof_azimuth": null, "roof_source": "heuristic", "roof_color": "roof_flat", "roof_color_source": "heuristic", "lod2_roof": null, "roof_props": null, "wall_color": "concrete", "type": "yes", "landmark": null, "footprint_source": "richmond_structures", "source_updated": "2026-09-08T12:07:13.637000Z", "is_part": false, "parent": null, "hidden": false, "addr": null, "wikidata": null, "website": null, "zoning": "R-48", "lidar_p90": 3.56, "ground_z": 62.07 }, "geometry": { "type": "Polygon", "coordinates": [ [ [ 281448.29, 4160049.02 ], [ 281443.76, 4160050.45 ], [ 281445.9, 4160056.97 ], [ 281450.11, 4160054.93 ], [ 281448.29, 4160049.02 ] ] ] } },
{ "type": "Feature", "properties": { "id": "osm:way/1131855129", "name": null, "height": 10.35, "min_height": 0.0, "levels": null, "height_source": "lidar", "roof_shape": "flat", "roof_height": 0.0, "roof_azimuth": null, "roof_source": "heuristic", "roof_color": "roof_flat", "roof_color_source": "ortho", "lod2_roof": null, "roof_props": null, "wall_color": "brick", "type": "yes", "landmark": null, "footprint_source": "osm", "source_updated": null, "is_part": false, "parent": null, "hidden": false, "addr": "3030 Park Avenue", "wikidata": null, "website": null, "zoning": "R-48", "lidar_p90": 10.83, "ground_z": 62.22 }, "geometry": { "type": "Polygon", "coordinates": [ [ [ 281378.52, 4160044.47 ], [ 281384.76, 4160063.55 ], [ 281390.44, 4160061.71 ], [ 281384.2, 4160042.63 ], [ 281378.52, 4160044.47 ] ] ] } },
{ "type": "Feature", "properties": { "id": "osm:way/466471775", "name": null, "height": 7.54, "min_height": 0.0, "levels": null, "height_source": "lidar", "roof_shape": "flat", "roof_height": 1.52, "roof_azimuth": null, "roof_source": "lod2", "roof_color": "roof_flat", "roof_color_source": "ortho", "lod2_roof": { "v": [ [ 281374.94, 4160062.9, 0.0 ], [ 281372.02, 4160053.74, 0.7 ], [ 281372.02, 4160053.74, 1.39 ], [ 281375.95, 4160062.58, 0.0 ], [ 281376.46, 4160052.65, 1.32 ], [ 281376.46, 4160052.65, 0.0 ], [ 281380.73, 4160059.9, 0.0 ], [ 281376.88, 4160049.29, 0.0 ], [ 281378.06, 4160052.26, 0.0 ], [ 281371.69, 4160052.7, 0.0 ], [ 281371.69, 4160052.7, 0.0 ], [ 281372.34, 4160052.84, 0.0 ], [ 281372.34, 4160052.84, 0.14 ], [ 281375.96, 4160051.81, 1.49 ], [ 281375.96, 4160051.81, 0.0 ], [ 281374.11, 4160053.22, 1.35 ], [ 281374.11, 4160053.22, 0.0 ], [ 281370.97, 4160050.44, 0.0 ], [ 281376.88, 4160065.52, 0.0 ], [ 281376.4, 4160064.0, 0.0 ], [ 281376.4, 4160064.0, 0.0 ], [ 281380.04, 4160060.67, 0.24 ], [ 281380.04, 4160060.67, 0.0 ], [ 281381.02, 4160064.22, 0.19 ], [ 281377.5, 4160063.5, 0.0 ], [ 281377.5, 4160063.5, 0.0 ], [ 281372.66, 4160053.58, 1.38 ], [ 281372.66, 4160053.58, 0.73 ], [ 281372.34, 4160052.84, 1.52 ] ], "f": [ [ [ 20, 24, 21, 23, 18 ] ], [ [ 27, 1, 10, 12 ] ], [ [ 28, 15, 13, 4, 6, 22, 25, 19, 3, 0, 2, 26 ] ], [ [ 16, 11, 9, 17, 7, 8, 5, 14 ] ], [ [ 10, 9, 11, 12 ] ], [ [ 13, 14, 5, 4 ] ], [ [ 15, 16, 14, 13 ] ], [ [ 24, 25, 22, 21 ] ], [ [ 20, 19, 25, 24 ] ], [ [ 26, 27, 12, 28 ] ], [ [ 2, 1, 27, 26 ] ], [ [ 28, 12, 11, 16, 15 ] ] ] }, "roof_props": null, "wall_color": "concrete", "type": "yes", "landmark": null, "footprint_source": "osm", "source_updated": null, "is_part": false, "parent": null, "hidden": false, "addr": "3032 Park Avenue", "wikidata": null, "website": null, "zoning": "R-48", "lidar_p90": 8.73, "ground_z": 62.27 }, "geometry": { "type": "Polygon", "coordinates": [ [ [ 281380.67, 4160058.96 ], [ 281381.25, 4160057.45 ], [ 281380.1, 4160054.72 ], [ 281379.3, 4160054.39 ], [ 281377.07, 4160047.42 ], [ 281370.65, 4160049.44 ], [ 281374.94, 4160062.9 ], [ 281375.94, 4160062.58 ], [ 281376.88, 4160065.52 ], [ 281382.22, 4160063.84 ], [ 281380.67, 4160058.96 ] ] ] } },
{ "type": "Feature", "properties": { "id": "osm:way/538413952", "name": null, "height": 6.85, "min_height": 0.0, "levels": null, "height_source": "lidar", "roof_shape": "flat", "roof_height": 3.69, "roof_azimuth": null, "roof_source": "lod2", "roof_color": "roof_flat", "roof_color_source": "ortho", "lod2_roof": { "v": [ [ 281348.16, 4160063.54, 3.4 ], [ 281348.16, 4160063.54, 0.27 ], [ 281348.07, 4160063.57, 0.27 ], [ 281348.07, 4160063.57, 3.41 ], [ 281345.52, 4160062.43, 1.31 ], [ 281345.52, 4160062.43, 0.4 ], [ 281345.06, 4160061.01, 0.0 ], [ 281345.06, 4160061.01, 0.0 ], [ 281347.39, 4160068.09, 0.0 ], [ 281344.36, 4160058.9, 0.0 ], [ 281352.16, 4160066.52, 2.77 ], [ 281351.47, 4160066.75, 0.0 ], [ 281351.47, 4160066.75, 2.73 ], [ 281345.46, 4160058.54, 0.0 ], [ 281347.8, 4160057.79, 0.0 ], [ 281346.15, 4160060.69, 0.0 ], [ 281346.15, 4160060.69, 0.0 ], [ 281348.71, 4160059.94, 0.0 ], [ 281348.71, 4160059.94, 0.0 ], [ 281349.66, 4160058.83, 3.69 ], [ 281349.36, 4160059.75, 3.57 ], [ 281348.78, 4160061.58, 3.34 ], [ 281348.78, 4160061.58, 1.54 ], [ 281349.04, 4160060.75, 0.76 ], [ 281349.04, 4160060.75, 3.44 ], [ 281348.78, 4160061.58, 0.42 ], [ 281348.71, 4160059.94, 3.54 ] ], "f": [ [ [ 9, 13, 16, 6 ] ], [ [ 18, 23, 22, 0, 3, 4, 7, 15 ] ], [ [ 14, 17, 16, 13 ] ], [ [ 25, 11, 8, 5, 2, 1 ] ], [ [ 12, 21, 24, 26, 20, 19, 10 ] ], [ [ 0, 1, 2, 3 ] ], [ [ 3, 2, 5, 4 ] ], [ [ 15, 16, 17, 18 ] ], [ [ 7, 6, 16, 15 ] ], [ [ 21, 22, 23, 24 ] ], [ [ 22, 25, 1, 0 ] ], [ [ 24, 23, 18, 26 ] ], [ [ 12, 11, 25, 22, 21 ] ] ] }, "roof_props": null, "wall_color": "cream", "type": "yes", "landmark": null, "footprint_source": "osm", "source_updated": null, "is_part": false, "parent": null, "hidden": false, "addr": "3102 Park Avenue", "wikidata": null, "website": null, "zoning": "R-6", "lidar_p90": 10.43, "ground_z": 62.43 }, "geometry": { "type": "Polygon", "coordinates": [ [ [ 281349.17, 4160057.35 ], [ 281344.36, 4160058.9 ], [ 281347.39, 4160068.09 ], [ 281352.16, 4160066.52 ], [ 281349.17, 4160057.35 ] ] ] } },
{ "type": "Feature", "properties": { "id": "osm:way/538414008", "name": null, "height": 7.66, "min_height": 0.0, "levels": null, "height_source": "lidar", "roof_shape": "flat", "roof_height": 0.59, "roof_azimuth": null, "roof_source": "lod2", "roof_color": "roof_flat", "roof_color_source": "ortho", "lod2_roof": { "v": [ [ 281267.72, 4160055.23, 0.59 ], [ 281261.46, 4160057.16, 0.56 ], [ 281264.75, 4160045.64, 0.0 ], [ 281264.14, 4160042.91, 0.0 ], [ 281262.61, 4160043.38, 0.0 ], [ 281263.44, 4160046.04, 0.0 ], [ 281256.2, 4160040.17, 0.0 ], [ 281256.2, 4160040.17, 0.0 ], [ 281257.96, 4160039.36, 0.0 ], [ 281257.96, 4160039.36, 0.0 ], [ 281263.6, 4160041.15, 0.0 ], [ 281255.72, 4160038.65, 0.0 ] ], "f": [ [ [ 10, 3, 4, 5, 2, 0, 1, 6, 9 ] ], [ [ 7, 11, 8 ] ], [ [ 6, 7, 8, 9 ] ] ] }, "roof_props": null, "wall_color": "cream", "type": "yes", "landmark": null, "footprint_source": "osm", "source_updated": null, "is_part": false, "parent": null, "hidden": false, "addr": "3123 Park Avenue", "wikidata": null, "website": null, "zoning": "R-6", "lidar_p90": 8.13, "ground_z": 62.74 }, "geometry": { "type": "Polygon", "coordinates": [ [ [ 281263.43, 4160046.04 ], [ 281262.61, 4160043.38 ], [ 281264.14, 4160042.91 ], [ 281262.49, 4160037.56 ], [ 281260.06, 4160038.31 ], [ 281259.55, 4160036.67 ], [ 281255.49, 4160037.91 ], [ 281261.46, 4160057.16 ], [ 281267.72, 4160055.23 ], [ 281264.75, 4160045.64 ], [ 281263.43, 4160046.04 ] ] ] } },
{ "type": "Feature", "properties": { "id": "osm:way/538414009", "name": null, "height": 3.98, "min_height": 0.0, "levels": null, "height_source": "lidar", "roof_shape": "gable", "roof_height": 5.22, "roof_azimuth": 106.7, "roof_source": "lod2", "roof_color": "roof_flat", "roof_color_source": "ortho", "lod2_roof": { "v": [ [ 281250.6, 4160047.16, 0.0 ], [ 281254.58, 4160045.98, 0.0 ], [ 281255.05, 4160047.58, 0.0 ], [ 281254.02, 4160058.58, 5.19 ], [ 281251.86, 4160051.37, 0.69 ], [ 281251.86, 4160051.37, 3.14 ], [ 281260.38, 4160056.69, 5.22 ], [ 281256.91, 4160047.02, 0.0 ], [ 281257.61, 4160049.5, 3.13 ], [ 281258.18, 4160049.34, 3.13 ], [ 281257.36, 4160048.63, 0.12 ], [ 281257.36, 4160048.63, 2.88 ] ], "f": [ [ [ 10, 4, 0, 1, 2, 7 ] ], [ [ 5, 11, 8, 9, 6, 3 ] ], [ [ 5, 4, 10, 11 ] ] ] }, "roof_props": null, "wall_color": "terracotta", "type": "yes", "landmark": null, "footprint_source": "osm", "source_updated": null, "is_part": false, "parent": null, "hidden": false, "addr": "3125 Park Avenue", "wikidata": null, "website": null, "zoning": "R-6", "lidar_p90": 8.55, "ground_z": 62.88 }, "geometry": { "type": "Polygon", "coordinates": [ [ [ 281260.38, 4160056.69 ], [ 281257.44, 4160046.86 ], [ 281255.05, 4160047.58 ], [ 281254.58, 4160045.98 ], [ 281250.6, 4160047.17 ], [ 281254.02, 4160058.58 ], [ 281260.38, 4160056.69 ] ] ] } },
{ "type": "Feature", "properties": { "id": "richmond_structure:270065", "name": null, "height": 7.01, "min_height": 0.0, "levels": null, "height_source": "lidar", "roof_shape": "flat", "roof_height": 1.02, "roof_azimuth": null, "roof_source": "lod2", "roof_color": "roof_flat", "roof_color_source": "heuristic", "lod2_roof": { "v": [ [ 281276.25, 4160055.84, 0.0 ], [ 281269.44, 4160058.07, 0.0 ], [ 281275.59, 4160053.82, 1.02 ], [ 281268.78, 4160056.06, 0.92 ] ], "f": [ [ [ 1, 3, 2, 0 ] ] ] }, "roof_props": null, "wall_color": "terracotta", "type": "yes", "landmark": null, "footprint_source": "richmond_structures", "source_updated": "2026-09-08T12:07:13.637000Z", "is_part": false, "parent": null, "hidden": false, "addr": null, "wikidata": null, "website": null, "zoning": "R-6", "lidar_p90": 7.77, "ground_z": 62.76 }, "geometry": { "type": "Polygon", "coordinates": [ [ [ 281268.78, 4160056.06 ], [ 281269.44, 4160058.07 ], [ 281276.25, 4160055.84 ], [ 281275.59, 4160053.82 ], [ 281268.78, 4160056.06 ] ] ] } },
{ "type": "Feature", "properties": { "id": "osm:way/538413955", "name": null, "height": 9.25, "min_height": 0.0, "levels": null, "height_source": "lidar", "roof_shape": "flat", "roof_height": 0.0, "roof_azimuth": null, "roof_source": "lidar", "roof_color": "roof_flat", "roof_color_source": "ortho", "lod2_roof": null, "roof_props": null, "wall_color": "concrete", "type": "yes", "landmark": null, "footprint_source": "osm", "source_updated": null, "is_part": false, "parent": null, "hidden": false, "addr": "3110 Park Avenue", "wikidata": null, "website": null, "zoning": "R-6", "lidar_p90": 9.5, "ground_z": 62.76 }, "geometry": { "type": "Polygon", "coordinates": [ [ [ 281331.41, 4160085.28 ], [ 281326.72, 4160069.97 ], [ 281328.41, 4160069.46 ], [ 281326.83, 4160064.3 ], [ 281319.36, 4160066.67 ], [ 281325.8, 4160087.07 ], [ 281331.41, 4160085.28 ] ] ] } },
{ "type": "Feature", "properties": { "id": "osm:way/538413956", "name": null, "height": 9.25, "min_height": 0.0, "levels": null, "height_source": "lidar", "roof_shape": "flat", "roof_height": 0.83, "roof_azimuth": null, "roof_source": "lod2", "roof_color": "roof_flat", "roof_color_source": "ortho", "lod2_roof": { "v": [ [ 281320.5, 4160070.27, 0.83 ], [ 281325.8, 4160087.07, 0.83 ], [ 281320.68, 4160088.67, 0.22 ], [ 281315.88, 4160073.45, 0.22 ], [ 281314.0, 4160074.03, 0.0 ], [ 281313.26, 4160071.69, 0.0 ] ], "f": [ [ [ 5, 0, 1, 2, 3, 4 ] ] ] }, "roof_props": null, "wall_color": "concrete", "type": "yes", "landmark": null, "footprint_source": "osm", "source_updated": null, "is_part": false, "parent": null, "hidden": false, "addr": "3110 Park Ave", "wikidata": null, "website": null, "zoning": "R-6", "lidar_p90": 10.04, "ground_z": 62.94 }, "geometry": { "type": "Polygon", "coordinates": [ [ [ 281319.36, 4160066.67 ], [ 281312.36, 4160068.87 ], [ 281313.99, 4160074.03 ], [ 281315.88, 4160073.45 ], [ 281320.67, 4160088.67 ], [ 281325.8, 4160087.07 ], [ 281319.36, 4160066.67 ] ] ] } },
{ "type": "Feature", "properties": { "id": "osm:way/538413953", "name": null, "height": 6.69, "min_height": 0.0, "levels": null, "height_source": "lidar", "roof_shape": "flat", "roof_height": 2.72, "roof_azimuth": null, "roof_source": "lod2", "roof_color": "roof_flat", "roof_color_source": "ortho", "lod2_roof": { "v": [ [ 281345.14, 4160061.26, 0.07 ], [ 281345.14, 4160061.26, 0.0 ], [ 281345.88, 4160063.51, 0.5 ], [ 281345.88, 4160063.51, 2.67 ], [ 281341.03, 4160065.06, 0.43 ], [ 281341.03, 4160065.06, 2.72 ], [ 281340.18, 4160062.48, 0.0 ], [ 281340.18, 4160062.48, 0.0 ], [ 281344.36, 4160058.9, 0.0 ], [ 281342.53, 4160069.64, 0.01 ], [ 281339.53, 4160060.5, 0.0 ], [ 281347.39, 4160068.09, 0.08 ] ], "f": [ [ [ 5, 6, 0, 3 ] ], [ [ 10, 8, 1, 7 ] ], [ [ 2, 11, 9, 4 ] ], [ [ 3, 2, 4, 5 ] ], [ [ 6, 7, 1, 0 ] ] ] }, "roof_props": null, "wall_color": "concrete", "type": "yes", "landmark": null, "footprint_source": "osm", "source_updated": null, "is_part": false, "parent": null, "hidden": false, "addr": "3104 Park Avenue", "wikidata": null, "website": null, "zoning": "R-6", "lidar_p90": 8.53, "ground_z": 62.5 }, "geometry": { "type": "Polygon", "coordinates": [ [ [ 281344.36, 4160058.9 ], [ 281339.53, 4160060.5 ], [ 281342.53, 4160069.64 ], [ 281347.39, 4160068.09 ], [ 281344.36, 4160058.9 ] ] ] } },
{ "type": "Feature", "properties": { "id": "osm:way/538413951", "name": null, "height": 9.97, "min_height": 0.0, "levels": null, "height_source": "lidar", "roof_shape": "flat", "roof_height": 0.0, "roof_azimuth": null, "roof_source": "lidar", "roof_color": "roof_flat", "roof_color_source": "ortho", "lod2_roof": null, "roof_props": null, "wall_color": "cream", "type": "yes", "landmark": null, "footprint_source": "osm", "source_updated": null, "is_part": false, "parent": null, "hidden": false, "addr": "700 North Belmont Avenue", "wikidata": null, "website": null, "zoning": "R-6", "lidar_p90": 10.58, "ground_z": 62.34 }, "geometry": { "type": "Polygon", "coordinates": [ [ [ 281362.21, 4160073.67 ], [ 281356.07, 4160054.75 ], [ 281348.99, 4160057.02 ], [ 281355.12, 4160075.95 ], [ 281362.21, 4160073.67 ] ] ] } },
{ "type": "Feature", "properties": { "id": "osm:way/538413954", "name": null, "height": 6.41, "min_height": 0.0, "levels": null, "height_source": "lidar", "roof_shape": "gable", "roof_height": 2.6, "roof_azimuth": 108.1, "roof_source": "lod2", "roof_color": "roof_flat", "roof_color_source": "ortho", "lod2_roof": { "v": [ [ 281342.53, 4160069.64, 0.34 ], [ 281337.89, 4160071.15, 0.25 ], [ 281336.29, 4160066.25, 0.66 ], [ 281340.91, 4160064.69, 2.54 ], [ 281340.91, 4160064.69, 0.75 ], [ 281336.29, 4160066.25, 2.6 ], [ 281335.59, 4160064.11, 0.0 ], [ 281334.9, 4160062.0, 0.0 ], [ 281337.4, 4160061.19, 0.0 ], [ 281337.4, 4160061.19, 0.0 ], [ 281337.13, 4160063.08, 0.0 ], [ 281337.13, 4160063.08, 0.0 ], [ 281339.53, 4160060.5, 0.0 ], [ 281335.59, 4160064.11, 0.17 ], [ 281337.33, 4160063.47, 0.0 ], [ 281337.33, 4160063.47, 0.0 ], [ 281337.33, 4160063.47, 0.1 ], [ 281339.4, 4160062.72, 0.01 ], [ 281339.4, 4160062.72, 0.0 ], [ 281340.24, 4160062.66, 0.0 ], [ 281340.24, 4160062.66, 0.23 ] ], "f": [ [ [ 4, 0, 1, 2 ] ], [ [ 15, 6, 7, 9, 11 ] ], [ [ 16, 17, 20, 3, 5, 13 ] ], [ [ 18, 14, 10, 8, 12, 19 ] ], [ [ 3, 4, 2, 5 ] ], [ [ 9, 8, 10, 11 ] ], [ [ 11, 10, 14, 15 ] ], [ [ 13, 6, 15, 16 ] ], [ [ 17, 18, 19, 20 ] ], [ [ 16, 15, 14, 18, 17 ] ] ] }, "roof_props": null, "wall_color": "cream", "type": "yes", "landmark": null, "footprint_source": "osm", "source_updated": null, "is_part": false, "parent": null, "hidden": false, "addr": "3106 Park Avenue", "wikidata": null, "website": null, "zoning": "R-6", "lidar_p90": 8.65, "ground_z": 62.49 }, "geometry": { "type": "Polygon", "coordinates": [ [ [ 281339.53, 4160060.5 ], [ 281334.9, 4160062.0 ], [ 281337.89, 4160071.15 ], [ 281342.53, 4160069.64 ], [ 281339.53, 4160060.5 ] ] ] } },
{ "type": "Feature", "properties": { "id": "osm:way/466471736", "name": null, "height": 2.62, "min_height": 0.0, "levels": null, "height_source": "lidar", "roof_shape": "skillion", "roof_height": 1.36, "roof_azimuth": 66.7, "roof_source": "lod2", "roof_color": "slate", "roof_color_source": "ortho", "lod2_roof": { "v": [ [ 281441.19, 4160074.19, 0.14 ], [ 281439.82, 4160074.68, 0.47 ], [ 281439.82, 4160074.68, 0.82 ], [ 281439.55, 4160073.86, 0.81 ], [ 281434.71, 4160072.86, 0.45 ], [ 281434.71, 4160072.86, 0.82 ], [ 281436.16, 4160073.0, 1.1 ], [ 281436.26, 4160075.96, 0.49 ], [ 281435.89, 4160076.09, 0.41 ], [ 281436.26, 4160075.96, 0.61 ], [ 281436.2, 4160075.52, 0.66 ], [ 281439.51, 4160069.65, 0.21 ], [ 281434.08, 4160071.12, 0.0 ], [ 281439.78, 4160069.04, 0.0 ], [ 281436.86, 4160073.37, 1.36 ], [ 281438.01, 4160072.95, 1.36 ] ], "f": [ [ [ 10, 9, 8, 4, 6, 14 ] ], [ [ 15, 3, 1, 7, 10, 14 ] ], [ [ 3, 15, 11, 0, 2 ] ], [ [ 13, 11, 15, 14, 6, 5, 12 ] ], [ [ 2, 1, 3 ] ], [ [ 4, 5, 6 ] ], [ [ 7, 9, 10 ] ] ] }, "roof_props": null, "wall_color": "sand", "type": "yes", "landmark": null, "footprint_source": "osm", "source_updated": null, "is_part": false, "parent": null, "hidden": false, "addr": null, "wikidata": null, "website": null, "zoning": "R-48", "lidar_p90": 3.9, "ground_z": 62.06 }, "geometry": { "type": "Polygon", "coordinates": [ [ [ 281442.81, 4160073.6 ], [ 281440.37, 4160066.93 ], [ 281433.46, 4160069.42 ], [ 281435.89, 4160076.1 ], [ 281442.81, 4160073.6 ] ] ] } },
{ "type": "Feature", "properties": { "id": "osm:way/466471739", "name": null, "height": 9.86, "min_height": 0.0, "levels": null, "height_source": "lidar", "roof_shape": "flat", "roof_height": 0.91, "roof_azimuth": null, "roof_source": "lod2", "roof_color": "roof_flat", "roof_color_source": "ortho", "lod2_roof": { "v": [ [ 281360.5, 4160086.17, 0.83 ], [ 281360.5, 4160086.17, 0.0 ], [ 281349.08, 4160089.82, 0.0 ], [ 281364.12, 4160085.0, 0.0 ], [ 281347.25, 4160083.84, 0.0 ], [ 281358.21, 4160080.14, 0.79 ], [ 281357.48, 4160078.23, 0.78 ], [ 281359.15, 4160077.68, 0.9 ], [ 281359.55, 4160082.08, 0.0 ], [ 281362.54, 4160082.15, 0.0 ], [ 281363.16, 4160085.02, 0.0 ], [ 281359.78, 4160079.61, 0.91 ], [ 281359.26, 4160079.79, 0.87 ], [ 281364.03, 4160084.74, 0.0 ], [ 281359.85, 4160084.47, 0.82 ], [ 281359.85, 4160084.47, 0.0 ], [ 281359.55, 4160082.08, 0.84 ] ], "f": [ [ [ 16, 14, 0, 2, 4, 5, 6, 7, 11, 12 ] ], [ [ 15, 8, 9, 10, 13, 3, 1 ] ], [ [ 14, 15, 1, 0 ] ], [ [ 16, 8, 15, 14 ] ] ] }, "roof_props": null, "wall_color": "sand", "type": "yes", "landmark": null, "footprint_source": "osm", "source_updated": null, "is_part": false, "parent": null, "hidden": false, "addr": "706 North Belmont Avenue", "wikidata": null, "website": null, "zoning": "R-6", "lidar_p90": 10.58, "ground_z": 62.62 }, "geometry": { "type": "Polygon", "coordinates": [ [ [ 281349.08, 4160089.82 ], [ 281364.12, 4160085.0 ], [ 281362.43, 4160080.16 ], [ 281360.2, 4160080.89 ], [ 281359.15, 4160077.68 ], [ 281346.61, 4160081.75 ], [ 281349.08, 4160089.82 ] ] ] } },
{ "type": "Feature", "properties": { "id": "richmond_structure:265380", "name": null, "height": 2.96, "min_height": 0.0, "levels": null, "height_source": "lidar", "roof_shape": "flat", "roof_height": 0.42, "roof_azimuth": null, "roof_source": "lod2", "roof_color": "concrete", "roof_color_source": "heuristic", "lod2_roof": { "v": [ [ 281381.34, 4160084.65, 0.42 ], [ 281388.1, 4160082.33, 0.39 ], [ 281389.21, 4160085.57, 0.0 ], [ 281382.45, 4160087.88, 0.02 ] ], "f": [ [ [ 2, 3, 0, 1 ] ] ] }, "roof_props": null, "wall_color": "terracotta", "type": "yes", "landmark": null, "footprint_source": "richmond_structures", "source_updated": "2026-09-08T12:07:13.637000Z", "is_part": false, "parent": null, "hidden": false, "addr": null, "wikidata": null, "website": null, "zoning": "R-48", "lidar_p90": 3.02, "ground_z": 62.18 }, "geometry": { "type": "Polygon", "coordinates": [ [ [ 281388.1, 4160082.33 ], [ 281381.34, 4160084.65 ], [ 281382.45, 4160087.88 ], [ 281389.21, 4160085.57 ], [ 281388.1, 4160082.33 ] ] ] } },
{ "type": "Feature", "properties": { "id": "osm:way/466471740", "name": null, "height": 9.88, "min_height": 0.0, "levels": null, "height_source": "lidar", "roof_shape": "flat", "roof_height": 0.91, "roof_azimuth": null, "roof_source": "lod2", "roof_color": "roof_flat", "roof_color_source": "ortho", "lod2_roof": { "v": [ [ 281364.12, 4160085.0, 0.0 ], [ 281365.81, 4160090.25, 0.0 ], [ 281349.08, 4160089.82, 0.0 ], [ 281361.9, 4160085.72, 0.0 ], [ 281361.9, 4160085.72, 0.88 ], [ 281362.44, 4160091.67, 0.0 ], [ 281362.44, 4160091.67, 0.82 ], [ 281351.7, 4160097.96, 0.03 ], [ 281363.99, 4160092.51, 0.0 ], [ 281363.99, 4160092.51, 0.91 ], [ 281363.97, 4160094.03, 0.88 ], [ 281363.54, 4160090.97, 0.0 ] ], "f": [ [ [ 9, 10, 7, 2, 4, 6 ] ], [ [ 11, 8, 5, 3, 0, 1 ] ], [ [ 4, 3, 5, 6 ] ], [ [ 6, 5, 8, 9 ] ] ] }, "roof_props": null, "wall_color": "terracotta", "type": "yes", "landmark": null, "footprint_source": "osm", "source_updated": null, "is_part": false, "parent": null, "hidden": false, "addr": "706 N Belmont Ave", "wikidata": null, "website": null, "zoning": "R-6", "lidar_p90": 10.34, "ground_z": 62.53 }, "geometry": { "type": "Polygon", "coordinates": [ [ [ 281351.7, 4160097.96 ], [ 281364.47, 4160093.87 ], [ 281363.54, 4160090.97 ], [ 281365.81, 4160090.25 ], [ 281364.12, 4160085.0 ], [ 281349.08, 4160089.82 ], [ 281351.7, 4160097.96 ] ] ] } },
{ "type": "Feature", "properties": { "id": "osm:way/466471737", "name": null, "height": 2.98, "min_height": 0.0, "levels": null, "height_source": "lidar", "roof_shape": "flat", "roof_height": 0.31, "roof_azimuth": null, "roof_source": "lod2", "roof_color": "roof_flat", "roof_color_source": "ortho", "lod2_roof": { "v": [ [ 281401.58, 4160093.4, 0.0 ], [ 281406.26, 4160091.64, 0.31 ], [ 281402.88, 4160097.52, 0.0 ], [ 281407.94, 4160095.94, 0.28 ] ], "f": [ [ [ 1, 3, 2, 0 ] ] ] }, "roof_props": null, "wall_color": "cream", "type": "yes", "landmark": null, "footprint_source": "osm", "source_updated": null, "is_part": false, "parent": null, "hidden": false, "addr": null, "wikidata": null, "website": null, "zoning": "R-48", "lidar_p90": 3.27, "ground_z": 62.32 }, "geometry": { "type": "Polygon", "coordinates": [ [ [ 281408.7, 4160095.7 ], [ 281406.8, 4160089.67 ], [ 281400.98, 4160091.48 ], [ 281402.88, 4160097.52 ], [ 281408.7, 4160095.7 ] ] ] } },
{ "type": "Feature", "properties": { "id": "osm:way/466471732", "name": null, "height": 7.78, "min_height": 0.0, "levels": null, "height_source": "lidar", "roof_shape": "flat", "roof_height": 0.0, "roof_azimuth": null, "roof_source": "heuristic", "roof_color": "roof_flat", "roof_color_source": "ortho", "lod2_roof": null, "roof_props": null, "wall_color": "cream", "type": "yes", "landmark": null, "footprint_source": "osm", "source_updated": null, "is_part": false, "parent": null, "hidden": false, "addr": "3021 Monument Avenue", "wikidata": null, "website": null, "zoning": "R-48", "lidar_p90": 8.83, "ground_z": 62.19 }, "geometry": { "type": "Polygon", "coordinates": [ [ [ 281445.89, 4160081.64 ], [ 281444.13, 4160082.29 ], [ 281442.77, 4160078.57 ], [ 281437.49, 4160080.5 ], [ 281443.14, 4160095.88 ], [ 281441.25, 4160096.58 ], [ 281445.66, 4160108.59 ], [ 281449.62, 4160107.14 ], [ 281450.38, 4160109.19 ], [ 281455.34, 4160107.39 ], [ 281445.89, 4160081.64 ] ] ] } },
{ "type": "Feature", "properties": { "id": "osm:way/466471738", "name": null, "height": 3.02, "min_height": 0.0, "levels": null, "height_source": "lidar", "roof_shape": "flat", "roof_height": 0.32, "roof_azimuth": null, "roof_source": "lod2", "roof_color": "roof_flat", "roof_color_source": "ortho", "lod2_roof": { "v": [ [ 281392.04, 4160100.54, 0.0 ], [ 281386.8, 4160102.14, 0.32 ], [ 281389.58, 4160093.02, 0.0 ], [ 281384.5, 4160094.68, 0.29 ] ], "f": [ [ [ 3, 2, 0, 1 ] ] ] }, "roof_props": null, "wall_color": "brick", "type": "yes", "landmark": null, "footprint_source": "osm", "source_updated": null, "is_part": false, "parent": null, "hidden": false, "addr": null, "wikidata": null, "website": null, "zoning": "R-48", "lidar_p90": 3.15, "ground_z": 62.21 }, "geometry": { "type": "Polygon", "coordinates": [ [ [ 281393.24, 4160100.17 ], [ 281390.41, 4160090.99 ], [ 281383.97, 4160092.97 ], [ 281386.8, 4160102.14 ], [ 281393.24, 4160100.17 ] ] ] } },
{ "type": "Feature", "properties": { "id": "osm:way/538413957", "name": null, "height": 3.34, "min_height": 0.0, "levels": null, "height_source": "lidar", "roof_shape": "hip", "roof_height": 2.88, "roof_azimuth": 17.5, "roof_source": "lod2", "roof_color": "roof_flat", "roof_color_source": "ortho", "lod2_roof": { "v": [ [ 281306.09, 4160085.49, 2.29 ], [ 281303.49, 4160086.3, 0.88 ], [ 281306.8, 4160087.72, 2.29 ], [ 281306.8, 4160087.72, 0.95 ], [ 281307.84, 4160087.22, 2.88 ], [ 281307.84, 4160087.22, 2.88 ], [ 281307.84, 4160087.22, 1.33 ], [ 281309.46, 4160090.0, 1.5 ], [ 281307.69, 4160090.56, 0.88 ], [ 281311.42, 4160083.96, 0.59 ], [ 281311.84, 4160085.29, 0.0 ], [ 281311.84, 4160085.29, 0.59 ], [ 281308.46, 4160086.92, 1.56 ], [ 281308.46, 4160086.92, 2.53 ], [ 281312.97, 4160088.91, 0.0 ], [ 281311.81, 4160083.84, 0.38 ], [ 281308.61, 4160073.41, 0.33 ], [ 281299.5, 4160073.61, 0.85 ], [ 281301.83, 4160073.18, 2.06 ], [ 281303.83, 4160074.39, 2.86 ], [ 281303.83, 4160074.39, 1.27 ], [ 281305.61, 4160074.03, 0.34 ], [ 281305.61, 4160074.03, 1.92 ], [ 281305.57, 4160073.91, 0.34 ], [ 281305.57, 4160073.91, 1.92 ], [ 281306.35, 4160073.87, 1.52 ], [ 281302.32, 4160074.7, 2.07 ], [ 281305.18, 4160072.55, 0.31 ] ], "f": [ [ [ 10, 14, 7, 12 ] ], [ [ 27, 23, 21, 20, 26, 18 ] ], [ [ 19, 4, 2, 0, 1, 17, 18, 26 ] ], [ [ 13, 5, 19, 22, 24, 25, 16, 15, 9, 11 ] ], [ [ 6, 12, 7, 8, 3 ] ], [ [ 4, 5, 6, 3, 2 ] ], [ [ 11, 10, 12, 13 ] ], [ [ 19, 20, 21, 22 ] ], [ [ 22, 21, 23, 24 ] ], [ [ 20, 19, 26 ] ], [ [ 5, 4, 19 ] ], [ [ 13, 12, 6, 5 ] ] ] }, "roof_props": null, "wall_color": "brick", "type": "yes", "landmark": null, "footprint_source": "osm", "source_updated": null, "is_part": false, "parent": null, "hidden": false, "addr": "3112 Park Avenue", "wikidata": null, "website": null, "zoning": "R-6", "lidar_p90": 5.71, "ground_z": 62.74 }, "geometry": { "type": "Polygon", "coordinates": [ [ [ 281312.97, 4160088.91 ], [ 281311.42, 4160083.96 ], [ 281312.87, 4160083.5 ], [ 281308.8, 4160070.61 ], [ 281305.62, 4160071.6 ], [ 281304.96, 4160069.47 ], [ 281298.8, 4160071.4 ], [ 281303.49, 4160086.3 ], [ 281306.09, 4160085.49 ], [ 281307.69, 4160090.56 ], [ 281312.97, 4160088.91 ] ] ] } },
{ "type": "Feature", "properties": { "id": "osm:way/538413958", "name": null, "height": 6.2, "min_height": 0.0, "levels": null, "height_source": "lidar", "roof_shape": "skillion", "roof_height": 1.28, "roof_azimuth": 16.0, "roof_source": "lod2", "roof_color": "roof_flat", "roof_color_source": "ortho", "lod2_roof": { "v": [ [ 281300.42, 4160086.38, 0.0 ], [ 281297.57, 4160087.29, 1.28 ], [ 281295.32, 4160088.01, 0.38 ], [ 281292.09, 4160077.94, 0.33 ], [ 281294.5, 4160077.47, 1.26 ], [ 281297.24, 4160076.57, 0.01 ], [ 281294.54, 4160077.59, 1.26 ] ], "f": [ [ [ 6, 5, 0, 1 ] ], [ [ 4, 6, 1, 2, 3 ] ] ] }, "roof_props": null, "wall_color": "brick", "type": "yes", "landmark": null, "footprint_source": "osm", "source_updated": null, "is_part": false, "parent": null, "hidden": false, "addr": "3114 Park Avenue", "wikidata": null, "website": null, "zoning": "R-6", "lidar_p90": 7.24, "ground_z": 62.62 }, "geometry": { "type": "Polygon", "coordinates": [ [ [ 281301.14, 4160086.15 ], [ 281297.29, 4160074.15 ], [ 281291.47, 4160076.0 ], [ 281295.32, 4160088.01 ], [ 281301.14, 4160086.15 ] ] ] } },
{ "type": "Feature", "properties": { "id": "osm:way/538413959", "name": null, "height": 7.04, "min_height": 0.0, "levels": null, "height_source": "lidar", "roof_shape": "flat", "roof_height": 2.07, "roof_azimuth": null, "roof_source": "lod2", "roof_color": "roof_dark", "roof_color_source": "heuristic", "lod2_roof": { "v": [ [ 281277.68, 4160082.22, 0.0 ], [ 281290.32, 4160078.42, 0.0 ], [ 281290.99, 4160080.62, 2.07 ], [ 281285.6, 4160094.64, 0.0 ], [ 281284.93, 4160092.43, 0.0 ], [ 281291.13, 4160092.98, 0.0 ], [ 281281.12, 4160093.58, 0.0 ], [ 281278.84, 4160086.04, 0.31 ], [ 281290.44, 4160090.72, 0.0 ], [ 281291.43, 4160082.07, 0.39 ], [ 281293.75, 4160089.74, 0.0 ], [ 281278.39, 4160084.54, 2.05 ], [ 281278.39, 4160084.54, 2.05 ] ], "f": [ [ [ 7, 9, 10, 8, 5, 3, 4, 6 ] ], [ [ 7, 11, 2, 9 ] ], [ [ 12, 0, 1, 2 ] ], [ [ 11, 12, 2 ] ] ] }, "roof_props": null, "wall_color": "terracotta", "type": "yes", "landmark": null, "footprint_source": "osm", "source_updated": null, "is_part": false, "parent": null, "hidden": false, "addr": null, "wikidata": null, "website": null, "zoning": "R-6", "lidar_p90": 8.78, "ground_z": 62.72 }, "geometry": { "type": "Polygon", "coordinates": [ [ [ 281290.44, 4160090.72 ], [ 281293.75, 4160089.74 ], [ 281290.32, 4160078.42 ], [ 281277.68, 4160082.22 ], [ 281281.12, 4160093.58 ], [ 281284.93, 4160092.43 ], [ 281285.6, 4160094.64 ], [ 281291.13, 4160092.98 ], [ 281290.44, 4160090.72 ] ] ] } },
{ "type": "Feature", "properties": { "id": "osm:way/538413960", "name": null, "height": 6.86, "min_height": 0.0, "levels": null, "height_source": "lidar", "roof_shape": "hip", "roof_height": 1.07, "roof_azimuth": 32.6, "roof_source": "lidar", "roof_color": "roof_red", "roof_color_source": "heuristic", "lod2_roof": null, "roof_props": null, "wall_color": "sand", "type": "yes", "landmark": null, "footprint_source": "osm", "source_updated": null, "is_part": false, "parent": null, "hidden": false, "addr": "3124 Park Avenue", "wikidata": null, "website": null, "zoning": "R-6", "lidar_p90": 8.36, "ground_z": 62.63 }, "geometry": { "type": "Polygon", "coordinates": [ [ [ 281270.85, 4160092.42 ], [ 281267.89, 4160083.09 ], [ 281261.42, 4160085.14 ], [ 281264.38, 4160094.45 ], [ 281270.85, 4160092.42 ] ] ] } },
{ "type": "Feature", "properties": { "id": "osm:way/538413961", "name": null, "height": 6.27, "min_height": 0.0, "levels": null, "height_source": "lidar", "roof_shape": "skillion", "roof_height": 1.24, "roof_azimuth": 15.3, "roof_source": "lod2", "roof_color": "roof_flat", "roof_color_source": "ortho", "lod2_roof": { "v": [ [ 281258.18, 4160089.19, 1.24 ], [ 281260.86, 4160088.03, 0.02 ], [ 281255.77, 4160090.24, 0.23 ], [ 281258.69, 4160099.52, 0.22 ], [ 281261.18, 4160098.74, 1.23 ], [ 281263.99, 4160097.87, 0.0 ] ], "f": [ [ [ 0, 4, 3, 2 ] ], [ [ 5, 4, 0, 1 ] ] ] }, "roof_props": null, "wall_color": "cream", "type": "yes", "landmark": null, "footprint_source": "osm", "source_updated": null, "is_part": false, "parent": null, "hidden": false, "addr": "3126 Park Avenue", "wikidata": null, "website": null, "zoning": "R-6", "lidar_p90": 7.23, "ground_z": 62.94 }, "geometry": { "type": "Polygon", "coordinates": [ [ [ 281264.76, 4160097.63 ], [ 281260.9, 4160085.36 ], [ 281254.83, 4160087.25 ], [ 281258.69, 4160099.52 ], [ 281264.76, 4160097.63 ] ] ] } },
{ "type": "Feature", "properties": { "id": "osm:way/538413962", "name": null, "height": 6.59, "min_height": 0.0, "levels": null, "height_source": "lidar", "roof_shape": "flat", "roof_height": 2.02, "roof_azimuth": null, "roof_source": "lod2", "roof_color": "roof_flat", "roof_color_source": "ortho", "lod2_roof": { "v": [ [ 281254.75, 4160098.06, 0.35 ], [ 281255.46, 4160100.25, 0.21 ], [ 281256.99, 4160097.33, 0.36 ], [ 281251.7, 4160101.46, 0.19 ], [ 281249.64, 4160095.12, 0.61 ], [ 281255.65, 4160093.2, 0.63 ], [ 281255.25, 4160093.33, 0.63 ], [ 281248.59, 4160091.89, 0.27 ], [ 281248.59, 4160091.89, 0.0 ], [ 281253.93, 4160089.87, 0.0 ], [ 281253.93, 4160089.87, 0.0 ], [ 281253.22, 4160087.98, 0.0 ], [ 281254.74, 4160091.98, 2.02 ], [ 281249.19, 4160093.73, 2.02 ], [ 281247.81, 4160089.47, 0.0 ], [ 281249.19, 4160093.73, 2.02 ] ], "f": [ [ [ 4, 6, 5, 2, 0, 1, 3 ] ], [ [ 14, 11, 9, 8 ] ], [ [ 12, 13, 7, 10 ] ], [ [ 15, 12, 6, 4 ] ], [ [ 7, 8, 9, 10 ] ], [ [ 15, 13, 12 ] ] ] }, "roof_props": null, "wall_color": "terracotta", "type": "yes", "landmark": null, "footprint_source": "osm", "source_updated": null, "is_part": false, "parent": null, "hidden": false, "addr": "3128 Park Avenue", "wikidata": null, "website": null, "zoning": "R-6", "lidar_p90": 8.08, "ground_z": 63.04 }, "geometry": { "type": "Polygon", "coordinates": [ [ [ 281255.46, 4160100.25 ], [ 281254.75, 4160098.06 ], [ 281256.99, 4160097.33 ], [ 281253.27, 4160085.86 ], [ 281247.26, 4160087.8 ], [ 281251.7, 4160101.46 ], [ 281255.46, 4160100.25 ] ] ] } },
{ "type": "Feature", "properties": { "id": "richmond_structure:265947", "name": null, "height": 2.65, "min_height": 0.0, "levels": null, "height_source": "lidar", "roof_shape": "flat", "roof_height": 0.0, "roof_azimuth": null, "roof_source": "heuristic", "roof_color": "roof_dark", "roof_color_source": "heuristic", "lod2_roof": null, "roof_props": null, "wall_color": "sand", "type": "yes", "landmark": null, "footprint_source": "richmond_structures", "source_updated": "2026-09-08T12:07:13.637000Z", "is_part": false, "parent": null, "hidden": false, "addr": null, "wikidata": null, "website": null, "zoning": "R-6", "lidar_p90": 2.97, "ground_z": 63.08 }, "geometry": { "type": "Polygon", "coordinates": [ [ [ 281278.53, 4160113.61 ], [ 281274.52, 4160114.57 ], [ 281275.28, 4160117.76 ], [ 281279.29, 4160116.79 ], [ 281278.53, 4160113.61 ] ] ] } },
{ "type": "Feature", "properties": { "id": "richmond_structure:265948", "name": null, "height": 7.5, "min_height": 0.0, "levels": null, "height_source": "zoning", "roof_shape": "flat", "roof_height": 0.0, "roof_azimuth": null, "roof_source": "heuristic", "roof_color": "concrete", "roof_color_source": "heuristic", "lod2_roof": null, "roof_props": null, "wall_color": "brick", "type": "yes", "landmark": null, "footprint_source": "richmond_structures", "source_updated": "2026-09-08T12:07:13.637000Z", "is_part": false, "parent": null, "hidden": false, "addr": null, "wikidata": null, "website": null, "zoning": "R-6", "lidar_p90": 2.18, "ground_z": 63.44 }, "geometry": { "type": "Polygon", "coordinates": [ [ [ 281255.01, 4160113.99 ], [ 281252.32, 4160114.9 ], [ 281253.68, 4160118.93 ], [ 281256.37, 4160118.02 ], [ 281255.01, 4160113.99 ] ] ] } },
{ "type": "Feature", "properties": { "id": "osm:way/1131697519", "name": null, "height": 6.66, "min_height": 0.0, "levels": null, "height_source": "lidar", "roof_shape": "flat", "roof_height": 0.53, "roof_azimuth": null, "roof_source": "lod2", "roof_color": "roof_dark", "roof_color_source": "heuristic", "lod2_roof": { "v": [ [ 281268.97, 4160122.88, 0.53 ], [ 281265.81, 4160123.75, 0.0 ], [ 281271.14, 4160122.28, 0.0 ], [ 281264.16, 4160115.52, 0.0 ], [ 281266.35, 4160114.96, 0.53 ], [ 281268.77, 4160113.75, 0.0 ], [ 281266.18, 4160114.46, 0.53 ], [ 281263.44, 4160115.22, 0.0 ], [ 281264.07, 4160115.04, 0.0 ] ], "f": [ [ [ 4, 6, 5, 2, 0 ] ], [ [ 7, 8, 3, 4, 0, 1 ] ] ] }, "roof_props": null, "wall_color": "concrete", "type": "yes", "landmark": null, "footprint_source": "osm", "source_updated": null, "is_part": false, "parent": null, "hidden": false, "addr": null, "wikidata": null, "website": null, "zoning": "R-6", "lidar_p90": 6.8, "ground_z": 63.42 }, "geometry": { "type": "Polygon", "coordinates": [ [ [ 281268.76, 4160113.75 ], [ 281263.44, 4160115.22 ], [ 281265.81, 4160123.75 ], [ 281271.14, 4160122.28 ], [ 281268.76, 4160113.75 ] ] ] } },
{ "type": "Feature", "properties": { "id": "richmond_structure:270171", "name": null, "height": 3.0, "min_height": 0.0, "levels": null, "height_source": "lidar", "roof_shape": "flat", "roof_height": 0.41, "roof_azimuth": null, "roof_source": "lod2", "roof_color": "roof_flat", "roof_color_source": "ortho", "lod2_roof": { "v": [ [ 281320.67, 4160121.48, 0.41 ], [ 281314.92, 4160123.29, 0.34 ], [ 281319.09, 4160116.43, 0.11 ], [ 281313.09, 4160117.47, 0.0 ] ], "f": [ [ [ 3, 2, 0, 1 ] ] ] }, "roof_props": null, "wall_color": "sand", "type": "yes", "landmark": null, "footprint_source": "richmond_structures", "source_updated": "2026-09-08T12:07:13.637000Z", "is_part": false, "parent": null, "hidden": false, "addr": null, "wikidata": null, "website": null, "zoning": "R-6", "lidar_p90": 3.08, "ground_z": 63.14 }, "geometry": { "type": "Polygon", "coordinates": [ [ [ 281318.74, 4160115.33 ], [ 281312.98, 4160117.13 ], [ 281314.92, 4160123.29 ], [ 281320.67, 4160121.48 ], [ 281318.74, 4160115.33 ] ] ] } },
{ "type": "Feature", "properties": { "id": "richmond_structure:270108", "name": null, "height": 2.99, "min_height": 0.0, "levels": null, "height_source": "lidar", "roof_shape": "flat", "roof_height": 0.44, "roof_azimuth": null, "roof_source": "lod2", "roof_color": "roof_flat", "roof_color_source": "ortho", "lod2_roof": { "v": [ [ 281311.84, 4160123.8, 0.44 ], [ 281307.42, 4160125.12, 0.38 ], [ 281310.28, 4160118.61, 0.0 ], [ 281305.86, 4160119.94, 0.0 ] ], "f": [ [ [ 3, 2, 0, 1 ] ] ] }, "roof_props": null, "wall_color": "cream", "type": "yes", "landmark": null, "footprint_source": "richmond_structures", "source_updated": "2026-09-08T12:07:13.637000Z", "is_part": false, "parent": null, "hidden": false, "addr": null, "wikidata": null, "website": null, "zoning": "R-6", "lidar_p90": 3.08, "ground_z": 62.99 }, "geometry": { "type": "Polygon", "coordinates": [ [ [ 281310.28, 4160118.61 ], [ 281305.86, 4160119.94 ], [ 281307.42, 4160125.12 ], [ 281311.84, 4160123.8 ], [ 281310.28, 4160118.61 ] ] ] } },
{ "type": "Feature", "properties": { "id": "richmond_structure:263056", "name": null, "height": 4.23, "min_height": 0.0, "levels": null, "height_source": "lidar", "roof_shape": "flat", "roof_height": 0.53, "roof_azimuth": null, "roof_source": "lod2", "roof_color": "roof_dark", "roof_color_source": "heuristic", "lod2_roof": { "v": [ [ 281263.41, 4160125.45, 0.0 ], [ 281258.34, 4160126.75, 0.0 ], [ 281257.94, 4160125.19, 0.51 ], [ 281262.94, 4160123.62, 0.53 ], [ 281257.04, 4160121.66, 0.0 ], [ 281262.11, 4160120.37, 0.0 ] ], "f": [ [ [ 3, 0, 1, 2 ] ], [ [ 5, 3, 2, 4 ] ] ] }, "roof_props": null, "wall_color": "sand", "type": "yes", "landmark": null, "footprint_source": "richmond_structures", "source_updated": "2026-09-08T12:07:13.637000Z", "is_part": false, "parent": null, "hidden": false, "addr": null, "wikidata": null, "website": null, "zoning": "R-6", "lidar_p90": 4.53, "ground_z": 63.58 }, "geometry": { "type": "Polygon", "coordinates": [ [ [ 281262.11, 4160120.37 ], [ 281257.04, 4160121.66 ], [ 281258.34, 4160126.75 ], [ 281263.41, 4160125.45 ], [ 281262.11, 4160120.37 ] ] ] } },
{ "type": "Feature", "properties": { "id": "osm:way/1131697436", "name": null, "height": 2.88, "min_height": 0.0, "levels": null, "height_source": "lidar", "roof_shape": "flat", "roof_height": 0.49, "roof_azimuth": null, "roof_source": "lod2", "roof_color": "concrete", "roof_color_source": "ortho", "lod2_roof": { "v": [ [ 281297.11, 4160122.33, 0.0 ], [ 281298.76, 4160129.05, 0.49 ], [ 281290.8, 4160130.98, 0.41 ], [ 281289.31, 4160124.89, 0.0 ], [ 281296.62, 4160122.7, 0.0 ], [ 281296.55, 4160122.46, 0.0 ] ], "f": [ [ [ 4, 5, 0, 1, 2, 3 ] ] ] }, "roof_props": null, "wall_color": "terracotta", "type": "yes", "landmark": null, "footprint_source": "osm", "source_updated": null, "is_part": false, "parent": null, "hidden": false, "addr": null, "wikidata": null, "website": null, "zoning": "R-6", "lidar_p90": 2.94, "ground_z": 63.24 }, "geometry": { "type": "Polygon", "coordinates": [ [ [ 281297.11, 4160122.33 ], [ 281289.15, 4160124.26 ], [ 281290.8, 4160130.98 ], [ 281298.76, 4160129.05 ], [ 281297.11, 4160122.33 ] ] ] } },
{ "type": "Feature", "properties": { "id": "osm:way/1131697532", "name": null, "height": 3.53, "min_height": 0.0, "levels": null, "height_source": "lidar", "roof_shape": "flat", "roof_height": 0.9, "roof_azimuth": null, "roof_source": "lod2", "roof_color": "roof_flat", "roof_color_source": "ortho", "lod2_roof": { "v": [ [ 281284.74, 4160136.99, 0.0 ], [ 281283.95, 4160134.38, 0.29 ], [ 281288.93, 4160132.93, 0.9 ], [ 281288.93, 4160132.93, 0.28 ], [ 281283.95, 4160134.38, 0.9 ], [ 281289.71, 4160135.5, 0.0 ], [ 281281.85, 4160127.42, 0.0 ], [ 281287.01, 4160126.58, 0.0 ] ], "f": [ [ [ 5, 0, 1, 3 ] ], [ [ 7, 2, 4, 6 ] ], [ [ 2, 3, 1, 4 ] ] ] }, "roof_props": null, "wall_color": "terracotta", "type": "yes", "landmark": null, "footprint_source": "osm", "source_updated": null, "is_part": false, "parent": null, "hidden": false, "addr": null, "wikidata": null, "website": null, "zoning": "R-6", "lidar_p90": 3.93, "ground_z": 63.55 }, "geometry": { "type": "Polygon", "coordinates": [ [ [ 281284.74, 4160136.99 ], [ 281289.71, 4160135.51 ], [ 281286.67, 4160125.46 ], [ 281281.71, 4160126.94 ], [ 281284.74, 4160136.99 ] ] ] } },
{ "type": "Feature", "properties": { "id": "osm:way/466471748", "name": null, "height": 8.15, "min_height": 0.0, "levels": null, "height_source": "lidar", "roof_shape": "flat", "roof_height": 2.2, "roof_azimuth": null, "roof_source": "lod2", "roof_color": "roof_flat", "roof_color_source": "ortho", "lod2_roof": { "v": [ [ 281319.93, 4160140.64, 0.0 ], [ 281324.27, 4160138.33, 0.0 ], [ 281324.89, 4160140.32, 0.0 ], [ 281331.06, 4160153.49, 0.0 ], [ 281324.59, 4160155.51, 0.0 ], [ 281326.74, 4160139.74, 0.0 ], [ 281324.25, 4160153.29, 0.62 ], [ 281324.25, 4160153.29, 0.0 ], [ 281324.01, 4160153.66, 0.0 ], [ 281324.01, 4160153.66, 0.34 ], [ 281323.45, 4160151.87, 2.2 ], [ 281328.78, 4160150.22, 2.2 ], [ 281328.79, 4160150.57, 1.86 ], [ 281323.1, 4160150.73, 0.77 ], [ 281329.57, 4160148.74, 0.78 ], [ 281328.74, 4160149.0, 0.78 ], [ 281327.23, 4160152.42, 0.57 ], [ 281327.23, 4160152.42, 0.0 ], [ 281326.89, 4160153.34, 0.0 ], [ 281326.89, 4160153.34, 0.0 ], [ 281326.51, 4160153.26, 0.0 ], [ 281326.51, 4160153.26, 0.0 ], [ 281328.85, 4160152.97, 0.0 ], [ 281328.85, 4160152.97, 0.0 ], [ 281327.43, 4160152.18, 0.0 ], [ 281327.43, 4160152.18, 0.74 ], [ 281328.83, 4160152.14, 0.36 ], [ 281328.83, 4160152.14, 0.0 ], [ 281329.35, 4160152.24, 0.0 ], [ 281330.74, 4160152.49, 0.0 ], [ 281329.35, 4160152.24, 0.12 ], [ 281325.66, 4160154.24, 0.0 ], [ 281325.66, 4160154.24, 0.0 ] ], "f": [ [ [ 14, 15, 13, 0, 1, 2, 5 ] ], [ [ 11, 10, 13, 15 ] ], [ [ 7, 31, 20, 18, 17, 24, 23, 27, 28, 29, 3, 4, 8 ] ], [ [ 10, 11, 12, 30, 26, 22, 25, 16, 19, 21, 32, 6, 9 ] ], [ [ 6, 7, 8, 9 ] ], [ [ 16, 17, 18, 19 ] ], [ [ 19, 18, 20, 21 ] ], [ [ 22, 23, 24, 25 ] ], [ [ 25, 24, 17, 16 ] ], [ [ 26, 27, 23, 22 ] ], [ [ 30, 28, 27, 26 ] ], [ [ 21, 20, 31, 32 ] ], [ [ 32, 31, 7, 6 ] ] ] }, "roof_props": null, "wall_color": "terracotta", "type": "yes", "landmark": null, "footprint_source": "osm", "source_updated": null, "is_part": false, "parent": null, "hidden": false, "addr": "3115 West Franklin Street", "wikidata": null, "website": null, "zoning": "R-6", "lidar_p90": 9.44, "ground_z": 63.61 }, "geometry": { "type": "Polygon", "coordinates": [ [ [ 281331.06, 4160153.49 ], [ 281326.74, 4160139.74 ], [ 281324.89, 4160140.32 ], [ 281324.12, 4160137.85 ], [ 281319.51, 4160139.3 ], [ 281324.59, 4160155.51 ], [ 281331.06, 4160153.49 ] ] ] } },
{ "type": "Feature", "properties": { "id": "osm:way/466471733", "name": null, "height": 6.25, "min_height": 0.0, "levels": null, "height_source": "lidar", "roof_shape": "flat", "roof_height": 0.07, "roof_azimuth": null, "roof_source": "lod2", "roof_color": "roof_flat", "roof_color_source": "ortho", "lod2_roof": { "v": [ [ 281421.27, 4160099.91, 0.04 ], [ 281423.0, 4160105.55, 0.05 ], [ 281417.6, 4160115.44, 0.07 ], [ 281411.11, 4160095.28, 0.05 ], [ 281438.61, 4160100.32, 0.02 ], [ 281440.91, 4160107.99, 0.02 ], [ 281420.29, 4160092.85, 0.03 ], [ 281422.5, 4160099.73, 0.04 ], [ 281416.16, 4160093.66, 0.04 ], [ 281413.96, 4160086.83, 0.03 ], [ 281430.44, 4160081.43, 0.0 ], [ 281432.71, 4160088.89, 0.01 ] ], "f": [ [ [ 9, 10, 11, 6, 7, 0, 1, 4, 5, 2, 3, 8 ] ] ] }, "roof_props": null, "wall_color": "brick", "type": "yes", "landmark": null, "footprint_source": "osm", "source_updated": null, "is_part": false, "parent": null, "hidden": false, "addr": "3025 Monument Avenue", "wikidata": null, "website": null, "zoning": "R-48", "lidar_p90": 6.36, "ground_z": 62.35 }, "geometry": { "type": "Polygon", "coordinates": [ [ [ 281442.39, 4160107.52 ], [ 281439.46, 4160098.39 ], [ 281423.7, 4160103.43 ], [ 281420.29, 4160092.85 ], [ 281433.81, 4160088.53 ], [ 281430.97, 4160079.72 ], [ 281413.48, 4160085.31 ], [ 281416.16, 4160093.66 ], [ 281411.11, 4160095.28 ], [ 281417.6, 4160115.44 ], [ 281442.39, 4160107.52 ] ] ] } },
{ "type": "Feature", "properties": { "id": "osm:way/1131697495", "name": null, "height": 3.23, "min_height": 0.0, "levels": null, "height_source": "lidar", "roof_shape": "flat", "roof_height": 0.17, "roof_azimuth": null, "roof_source": "lod2", "roof_color": "roof_flat", "roof_color_source": "ortho", "lod2_roof": { "v": [ [ 281350.33, 4160112.3, 0.17 ], [ 281348.7, 4160106.48, 0.0 ], [ 281358.53, 4160110.02, 0.14 ], [ 281356.86, 4160104.1, 0.0 ] ], "f": [ [ [ 1, 3, 2, 0 ] ] ] }, "roof_props": null, "wall_color": "brick", "type": "yes", "landmark": null, "footprint_source": "osm", "source_updated": null, "is_part": false, "parent": null, "hidden": false, "addr": null, "wikidata": null, "website": null, "zoning": "R-6", "lidar_p90": 3.36, "ground_z": 62.56 }, "geometry": { "type": "Polygon", "coordinates": [ [ [ 281350.33, 4160112.3 ], [ 281358.52, 4160110.02 ], [ 281356.66, 4160103.4 ], [ 281348.47, 4160105.69 ], [ 281350.33, 4160112.3 ] ] ] } },
{ "type": "Feature", "properties": { "id": "osm:way/1131697602", "name": null, "height": 2.87, "min_height": 0.0, "levels": null, "height_source": "lidar", "roof_shape": "flat", "roof_height": 0.37, "roof_azimuth": null, "roof_source": "lod2", "roof_color": "concrete", "roof_color_source": "ortho", "lod2_roof": { "v": [ [ 281334.15, 4160115.13, 0.37 ], [ 281332.74, 4160110.06, 0.0 ], [ 281338.4, 4160108.55, 0.0 ], [ 281339.8, 4160113.57, 0.36 ] ], "f": [ [ [ 3, 0, 1, 2 ] ] ] }, "roof_props": null, "wall_color": "sand", "type": "yes", "landmark": null, "footprint_source": "osm", "source_updated": null, "is_part": false, "parent": null, "hidden": false, "addr": null, "wikidata": null, "website": null, "zoning": "R-6", "lidar_p90": 2.97, "ground_z": 62.69 }, "geometry": { "type": "Polygon", "coordinates": [ [ [ 281332.62, 4160109.64 ], [ 281334.15, 4160115.13 ], [ 281339.8, 4160113.57 ], [ 281338.27, 4160108.1 ], [ 281332.62, 4160109.64 ] ] ] } },
{ "type": "Feature", "properties": { "id": "osm:way/466471734", "name": null, "height": 11.1, "min_height": 0.0, "levels": null, "height_source": "lidar", "roof_shape": "flat", "roof_height": 0.0, "roof_azimuth": null, "roof_source": "heuristic", "roof_color": "roof_flat", "roof_color_source": "ortho", "lod2_roof": null, "roof_props": null, "wall_color": "terracotta", "type": "yes", "landmark": null, "footprint_source": "osm", "source_updated": null, "is_part": false, "parent": null, "hidden": false, "addr": "3029 Monument Ave", "wikidata": null, "website": null, "zoning": "R-48", "lidar_p90": 13.73, "ground_z": 62.12 }, "geometry": { "type": "Polygon", "coordinates": [ [ [ 281414.68, 4160114.93 ], [ 281413.15, 4160115.37 ], [ 281412.38, 4160112.71 ], [ 281414.04, 4160112.23 ], [ 281412.69, 4160107.63 ], [ 281410.74, 4160108.21 ], [ 281410.03, 4160105.78 ], [ 281411.1, 4160105.47 ], [ 281408.86, 4160097.86 ], [ 281395.39, 4160101.78 ], [ 281397.85, 4160110.12 ], [ 281399.17, 4160109.74 ], [ 281399.65, 4160111.35 ], [ 281398.02, 4160111.83 ], [ 281399.58, 4160117.16 ], [ 281401.05, 4160116.74 ], [ 281401.46, 4160118.17 ], [ 281400.02, 4160118.58 ], [ 281402.55, 4160127.25 ], [ 281403.38, 4160127.01 ], [ 281404.09, 4160129.47 ], [ 281410.02, 4160127.76 ], [ 281409.17, 4160124.82 ], [ 281411.24, 4160124.22 ], [ 281411.89, 4160126.47 ], [ 281417.56, 4160124.84 ], [ 281414.68, 4160114.93 ] ] ] } },
{ "type": "Feature", "properties": { "id": "osm:way/466471735", "name": null, "height": 8.29, "min_height": 0.0, "levels": null, "height_source": "lidar", "roof_shape": "flat", "roof_height": 0.0, "roof_azimuth": null, "roof_source": "heuristic", "roof_color": "slate", "roof_color_source": "ortho", "lod2_roof": null, "roof_props": null, "wall_color": "terracotta", "type": "yes", "landmark": null, "footprint_source": "osm", "source_updated": null, "is_part": false, "parent": null, "hidden": false, "addr": "3039 Monument Avenue", "wikidata": null, "website": null, "zoning": "R-48", "lidar_p90": 9.93, "ground_z": 62.27 }, "geometry": { "type": "Polygon", "coordinates": [ [ [ 281389.27, 4160109.59 ], [ 281395.49, 4160129.9 ], [ 281396.29, 4160129.65 ], [ 281396.81, 4160131.29 ], [ 281402.87, 4160129.45 ], [ 281396.16, 4160107.5 ], [ 281389.27, 4160109.59 ] ] ] } },
{ "type": "Feature", "properties": { "id": "osm:way/466471741", "name": null, "height": 10.59, "min_height": 0.0, "levels": null, "height_source": "lidar", "roof_shape": "flat", "roof_height": 0.0, "roof_azimuth": null, "roof_source": "heuristic", "roof_color": "roof_flat", "roof_color_source": "ortho", "lod2_roof": null, "roof_props": null, "wall_color": "terracotta", "type": "yes", "landmark": null, "footprint_source": "osm", "source_updated": null, "is_part": false, "parent": null, "hidden": false, "addr": "3101 West Franklin Street", "wikidata": null, "website": null, "zoning": "R-6", "lidar_p90": 11.54, "ground_z": 62.68 }, "geometry": { "type": "Polygon", "coordinates": [ [ [ 281367.28, 4160118.44 ], [ 281364.65, 4160119.27 ], [ 281370.58, 4160137.73 ], [ 281371.19, 4160137.53 ], [ 281372.15, 4160140.52 ], [ 281382.29, 4160137.28 ], [ 281375.38, 4160115.81 ], [ 281374.55, 4160116.08 ], [ 281372.23, 4160108.86 ], [ 281364.94, 4160111.18 ], [ 281367.28, 4160118.44 ] ] ] } },
{ "type": "Feature", "properties": { "id": "osm:way/466471742", "name": null, "height": 7.8, "min_height": 0.0, "levels": null, "height_source": "lidar", "roof_shape": "flat", "roof_height": 0.0, "roof_azimuth": null, "roof_source": "heuristic", "roof_color": "roof_flat", "roof_color_source": "ortho", "lod2_roof": null, "roof_props": null, "wall_color": "cream", "type": "yes", "landmark": null, "footprint_source": "osm", "source_updated": null, "is_part": false, "parent": null, "hidden": false, "addr": "3103 W Franklin St", "wikidata": null, "website": null, "zoning": "R-6", "lidar_p90": 9.32, "ground_z": 62.86 }, "geometry": { "type": "Polygon", "coordinates": [ [ [ 281359.51, 4160140.78 ], [ 281362.34, 4160139.89 ], [ 281363.11, 4160142.28 ], [ 281367.94, 4160140.75 ], [ 281367.24, 4160138.58 ], [ 281369.81, 4160137.77 ], [ 281365.18, 4160123.21 ], [ 281354.94, 4160126.45 ], [ 281359.51, 4160140.78 ] ] ] } },
{ "type": "Feature", "properties": { "id": "osm:way/466471744", "name": null, "height": 8.55, "min_height": 0.0, "levels": null, "height_source": "lidar", "roof_shape": "flat", "roof_height": 0.0, "roof_azimuth": null, "roof_source": "heuristic", "roof_color": "roof_flat", "roof_color_source": "ortho", "lod2_roof": null, "roof_props": null, "wall_color": "sand", "type": "yes", "landmark": null, "footprint_source": "osm", "source_updated": null, "is_part": false, "parent": null, "hidden": false, "addr": "3109 West Franklin Street", "wikidata": null, "website": null, "zoning": "R-6", "lidar_p90": 9.27, "ground_z": 62.97 }, "geometry": { "type": "Polygon", "coordinates": [ [ [ 281352.52, 4160146.24 ], [ 281349.71, 4160135.46 ], [ 281348.7, 4160134.51 ], [ 281346.48, 4160127.42 ], [ 281344.89, 4160127.92 ], [ 281344.56, 4160126.86 ], [ 281339.45, 4160128.45 ], [ 281345.7, 4160148.37 ], [ 281352.52, 4160146.24 ] ] ] } },
{ "type": "Feature", "properties": { "id": "osm:way/466471746", "name": null, "height": 7.04, "min_height": 0.0, "levels": null, "height_source": "lidar", "roof_shape": "skillion", "roof_height": 2.09, "roof_azimuth": 106.7, "roof_source": "lidar", "roof_color": "roof_flat", "roof_color_source": "ortho", "lod2_roof": null, "roof_props": null, "wall_color": "terracotta", "type": "yes", "landmark": null, "footprint_source": "osm", "source_updated": null, "is_part": false, "parent": null, "hidden": false, "addr": "3111 W Franklin St", "wikidata": null, "website": null, "zoning": "R-6", "lidar_p90": 8.91, "ground_z": 63.19 }, "geometry": { "type": "Polygon", "coordinates": [ [ [ 281343.58, 4160146.16 ], [ 281340.92, 4160137.98 ], [ 281328.84, 4160141.88 ], [ 281331.5, 4160150.06 ], [ 281343.58, 4160146.16 ] ] ] } },
{ "type": "Feature", "properties": { "id": "osm:way/466471792", "name": null, "height": 12.27, "min_height": 0.0, "levels": null, "height_source": "lidar", "roof_shape": "flat", "roof_height": 0.0, "roof_azimuth": null, "roof_source": "heuristic", "roof_color": "roof_flat", "roof_color_source": "ortho", "lod2_roof": null, "roof_props": null, "wall_color": "sand", "type": "yes", "landmark": null, "footprint_source": "osm", "source_updated": null, "is_part": false, "parent": null, "hidden": false, "addr": "3101 Monument Avenue", "wikidata": null, "website": null, "zoning": "R-6", "lidar_p90": 13.67, "ground_z": 62.9 }, "geometry": { "type": "Polygon", "coordinates": [ [ [ 281353.71, 4160190.51 ], [ 281370.11, 4160177.57 ], [ 281367.68, 4160169.47 ], [ 281358.69, 4160172.14 ], [ 281359.45, 4160174.7 ], [ 281357.7, 4160175.22 ], [ 281357.05, 4160173.05 ], [ 281349.15, 4160175.45 ], [ 281353.71, 4160190.51 ] ] ] } },
{ "type": "Feature", "properties": { "id": "osm:way/466471750", "name": null, "height": 7.49, "min_height": 0.0, "levels": null, "height_source": "lidar", "roof_shape": "skillion", "roof_height": 2.84, "roof_azimuth": 137.7, "roof_source": "lidar", "roof_color": "roof_flat", "roof_color_source": "ortho", "lod2_roof": null, "roof_props": null, "wall_color": "terracotta", "type": "yes", "landmark": null, "footprint_source": "osm", "source_updated": null, "is_part": false, "parent": null, "hidden": false, "addr": "3117 West Franklin Street", "wikidata": null, "website": null, "zoning": "R-6", "lidar_p90": 10.08, "ground_z": 63.65 }, "geometry": { "type": "Polygon", "coordinates": [ [ [ 281314.65, 4160144.14 ], [ 281313.75, 4160144.63 ], [ 281316.93, 4160154.58 ], [ 281323.01, 4160152.81 ], [ 281319.9, 4160142.69 ], [ 281319.24, 4160142.89 ], [ 281318.2, 4160139.51 ], [ 281313.65, 4160140.89 ], [ 281314.65, 4160144.14 ] ] ] } },
{ "type": "Feature", "properties": { "id": "osm:way/466471753", "name": null, "height": 7.47, "min_height": 0.0, "levels": null, "height_source": "lidar", "roof_shape": "skillion", "roof_height": 2.31, "roof_azimuth": 140.8, "roof_source": "lod2", "roof_color": "roof_flat", "roof_color_source": "ortho", "lod2_roof": { "v": [ [ 281311.38, 4160156.45, 2.31 ], [ 281307.92, 4160146.01, 0.08 ], [ 281308.65, 4160145.78, 0.07 ], [ 281316.93, 4160154.58, 2.24 ], [ 281308.31, 4160144.72, 0.0 ], [ 281312.58, 4160142.9, 0.0 ], [ 281313.19, 4160144.81, 0.13 ], [ 281313.75, 4160144.63, 0.12 ] ], "f": [ [ [ 5, 6, 7, 3, 0, 1, 2, 4 ] ] ] }, "roof_props": null, "wall_color": "brick", "type": "yes", "landmark": null, "footprint_source": "osm", "source_updated": null, "is_part": false, "parent": null, "hidden": false, "addr": "3119 West Franklin Street", "wikidata": null, "website": null, "zoning": "R-6", "lidar_p90": 10.02, "ground_z": 63.74 }, "geometry": { "type": "Polygon", "coordinates": [ [ [ 281313.75, 4160144.63 ], [ 281313.19, 4160144.81 ], [ 281312.24, 4160141.82 ], [ 281307.83, 4160143.21 ], [ 281308.65, 4160145.78 ], [ 281307.92, 4160146.01 ], [ 281311.38, 4160156.46 ], [ 281316.93, 4160154.58 ], [ 281313.75, 4160144.63 ] ] ] } },
{ "type": "Feature", "properties": { "id": "osm:way/466471755", "name": null, "height": 7.03, "min_height": 0.0, "levels": null, "height_source": "lidar", "roof_shape": "gable", "roof_height": 2.87, "roof_azimuth": 2.6, "roof_source": "lod2", "roof_color": "roof_flat", "roof_color_source": "ortho", "lod2_roof": { "v": [ [ 281306.59, 4160143.9, 0.0 ], [ 281307.42, 4160146.4, 0.43 ], [ 281301.67, 4160145.52, 0.02 ], [ 281311.38, 4160156.45, 1.88 ], [ 281305.18, 4160158.35, 1.9 ], [ 281302.51, 4160148.05, 0.45 ], [ 281307.92, 4160146.01, 0.39 ], [ 281304.22, 4160155.33, 1.66 ], [ 281301.96, 4160148.23, 0.45 ], [ 281304.9, 4160157.47, 2.84 ], [ 281310.34, 4160153.32, 1.63 ], [ 281311.07, 4160155.54, 2.87 ] ], "f": [ [ [ 10, 11, 9, 7 ] ], [ [ 11, 3, 4, 9 ] ], [ [ 6, 10, 7, 8, 5, 2, 0, 1 ] ] ] }, "roof_props": null, "wall_color": "brick", "type": "yes", "landmark": null, "footprint_source": "osm", "source_updated": null, "is_part": false, "parent": null, "hidden": false, "addr": "3121 West Franklin Street", "wikidata": null, "website": null, "zoning": "R-6", "lidar_p90": 9.41, "ground_z": 64.1 }, "geometry": { "type": "Polygon", "coordinates": [ [ [ 281307.92, 4160146.01 ], [ 281307.42, 4160146.4 ], [ 281306.59, 4160143.9 ], [ 281301.66, 4160145.52 ], [ 281302.51, 4160148.05 ], [ 281301.96, 4160148.23 ], [ 281305.18, 4160158.35 ], [ 281311.38, 4160156.46 ], [ 281307.92, 4160146.01 ] ] ] } },
{ "type": "Feature", "properties": { "id": "osm:way/466471757", "name": null, "height": 6.92, "min_height": 0.0, "levels": null, "height_source": "lidar", "roof_shape": "skillion", "roof_height": 2.69, "roof_azimuth": 116.8, "roof_source": "lod2", "roof_color": "roof_flat", "roof_color_source": "ortho", "lod2_roof": { "v": [ [ 281305.18, 4160158.35, 2.67 ], [ 281299.98, 4160160.2, 2.69 ], [ 281296.49, 4160149.86, 0.48 ], [ 281297.36, 4160149.58, 0.48 ], [ 281296.54, 4160146.98, 0.0 ], [ 281301.1, 4160145.54, 0.0 ] ], "f": [ [ [ 5, 0, 1, 2, 3, 4 ] ] ] }, "roof_props": null, "wall_color": "brick", "type": "yes", "landmark": null, "footprint_source": "osm", "source_updated": null, "is_part": false, "parent": null, "hidden": false, "addr": "3123 West Franklin Street", "wikidata": null, "website": null, "zoning": "R-6", "lidar_p90": 9.03, "ground_z": 64.28 }, "geometry": { "type": "Polygon", "coordinates": [ [ [ 281301.1, 4160145.54 ], [ 281296.54, 4160146.99 ], [ 281297.36, 4160149.58 ], [ 281296.48, 4160149.86 ], [ 281299.98, 4160160.2 ], [ 281305.18, 4160158.35 ], [ 281301.1, 4160145.54 ] ] ] } },
{ "type": "Feature", "properties": { "id": "osm:way/466471759", "name": null, "height": 6.79, "min_height": 0.0, "levels": null, "height_source": "lidar", "roof_shape": "gable", "roof_height": 2.77, "roof_azimuth": 108.7, "roof_source": "lod2", "roof_color": "roof_flat", "roof_color_source": "ortho", "lod2_roof": { "v": [ [ 281294.09, 4160162.17, 2.77 ], [ 281290.52, 4160151.63, 0.48 ], [ 281291.57, 4160151.28, 0.48 ], [ 281290.82, 4160149.08, 0.0 ], [ 281295.03, 4160147.67, 0.0 ], [ 281299.98, 4160160.2, 2.76 ], [ 281295.45, 4160148.92, 0.0 ], [ 281295.9, 4160150.24, 0.0 ], [ 281295.45, 4160148.92, 0.26 ], [ 281294.37, 4160149.24, 0.0 ], [ 281294.37, 4160149.24, 0.25 ], [ 281296.49, 4160149.86, 0.51 ], [ 281296.34, 4160149.96, 0.0 ], [ 281296.59, 4160151.55, 0.85 ], [ 281296.59, 4160151.55, 0.0 ], [ 281296.34, 4160149.96, 0.52 ] ], "f": [ [ [ 10, 13, 15, 11, 5, 0, 1, 2, 3, 4, 8 ] ], [ [ 14, 9, 6, 7, 12 ] ], [ [ 8, 6, 9, 10 ] ], [ [ 13, 14, 12, 15 ] ], [ [ 10, 9, 14, 13 ] ] ] }, "roof_props": null, "wall_color": "brick", "type": "yes", "landmark": null, "footprint_source": "osm", "source_updated": null, "is_part": false, "parent": null, "hidden": false, "addr": "3125 West Franklin Street", "wikidata": null, "website": null, "zoning": "R-6", "lidar_p90": 9.04, "ground_z": 64.45 }, "geometry": { "type": "Polygon", "coordinates": [ [ [ 281296.48, 4160149.86 ], [ 281295.9, 4160150.24 ], [ 281295.03, 4160147.67 ], [ 281290.82, 4160149.08 ], [ 281291.57, 4160151.28 ], [ 281290.52, 4160151.63 ], [ 281294.09, 4160162.17 ], [ 281299.98, 4160160.2 ], [ 281296.48, 4160149.86 ] ] ] } },
{ "type": "Feature", "properties": { "id": "osm:way/466471761", "name": null, "height": 7.76, "min_height": 0.0, "levels": null, "height_source": "lidar", "roof_shape": "gable", "roof_height": 0.78, "roof_azimuth": 107.4, "roof_source": "lidar", "roof_color": "roof_flat", "roof_color_source": "ortho", "lod2_roof": null, "roof_props": null, "wall_color": "terracotta", "type": "yes", "landmark": null, "footprint_source": "osm", "source_updated": null, "is_part": false, "parent": null, "hidden": false, "addr": "3127 West Franklin Street", "wikidata": null, "website": null, "zoning": "R-6", "lidar_p90": 9.92, "ground_z": 64.8 }, "geometry": { "type": "Polygon", "coordinates": [ [ [ 281281.91, 4160168.0 ], [ 281283.01, 4160168.95 ], [ 281285.81, 4160167.9 ], [ 281286.46, 4160166.14 ], [ 281280.95, 4160148.61 ], [ 281274.46, 4160150.62 ], [ 281280.42, 4160168.74 ], [ 281281.91, 4160168.0 ] ] ] } },
{ "type": "Feature", "properties": { "id": "osm:way/466471764", "name": null, "height": 7.2, "min_height": 0.0, "levels": null, "height_source": "lidar", "roof_shape": "flat", "roof_height": 3.81, "roof_azimuth": null, "roof_source": "lod2", "roof_color": "roof_flat", "roof_color_source": "ortho", "lod2_roof": { "v": [ [ 281276.22, 4160169.23, 0.48 ], [ 281265.36, 4160172.89, 0.5 ], [ 281261.81, 4160162.44, 0.48 ], [ 281264.68, 4160161.47, 0.47 ], [ 281263.76, 4160158.75, 0.46 ], [ 281261.99, 4160159.36, 0.47 ], [ 281260.22, 4160154.17, 0.45 ], [ 281264.41, 4160150.99, 0.0 ], [ 281264.07, 4160150.0, 0.0 ], [ 281264.14, 4160151.07, 0.0 ], [ 281272.7, 4160155.8, 0.44 ], [ 281273.76, 4160158.89, 0.45 ], [ 281274.58, 4160158.61, 0.45 ], [ 281267.58, 4160149.76, 0.0 ], [ 281263.99, 4160152.95, 0.44 ], [ 281263.99, 4160152.95, 0.0 ], [ 281267.95, 4160151.66, 0.0 ], [ 281267.95, 4160151.66, 0.43 ], [ 281274.76, 4160155.11, 0.44 ], [ 281274.58, 4160158.61, 2.66 ], [ 281276.74, 4160157.88, 1.61 ], [ 281280.08, 4160167.73, 3.81 ], [ 281280.08, 4160167.73, 2.24 ], [ 281280.43, 4160168.74, 2.4 ], [ 281273.03, 4160150.02, 0.42 ], [ 281267.92, 4160151.52, 0.0 ], [ 281267.92, 4160151.52, 0.43 ], [ 281278.05, 4160167.66, 3.6 ], [ 281278.05, 4160167.66, 3.07 ], [ 281278.68, 4160169.32, 1.3 ], [ 281278.68, 4160169.32, 0.48 ], [ 281278.05, 4160167.66, 0.47 ], [ 281268.73, 4160151.41, 0.43 ], [ 281276.5, 4160170.06, 0.48 ] ], "f": [ [ [ 28, 19, 20, 22 ] ], [ [ 13, 25, 16, 15, 9, 7, 8 ] ], [ [ 23, 29, 27, 21 ] ], [ [ 33, 0, 1, 2, 3, 4, 5, 6, 14, 17, 26, 32, 24, 18, 10, 11, 12, 31, 30 ] ], [ [ 14, 15, 16, 17 ] ], [ [ 17, 16, 25, 26 ] ], [ [ 27, 28, 22, 21 ] ], [ [ 29, 30, 31, 28, 27 ] ], [ [ 28, 31, 12, 19 ] ] ] }, "roof_props": null, "wall_color": "sand", "type": "yes", "landmark": null, "footprint_source": "osm", "source_updated": null, "is_part": false, "parent": null, "hidden": false, "addr": "3129 West Franklin Street", "wikidata": null, "website": null, "zoning": "R-6", "lidar_p90": 7.39, "ground_z": 64.77 }, "geometry": { "type": "Polygon", "coordinates": [ [ [ 281276.74, 4160157.88 ], [ 281273.76, 4160158.89 ], [ 281272.7, 4160155.8 ], [ 281274.76, 4160155.11 ], [ 281272.65, 4160148.9 ], [ 281268.66, 4160150.25 ], [ 281267.79, 4160147.69 ], [ 281263.75, 4160149.05 ], [ 281264.41, 4160150.99 ], [ 281259.68, 4160152.58 ], [ 281261.98, 4160159.36 ], [ 281263.75, 4160158.75 ], [ 281264.67, 4160161.47 ], [ 281261.81, 4160162.44 ], [ 281265.36, 4160172.89 ], [ 281276.22, 4160169.23 ], [ 281276.5, 4160170.06 ], [ 281280.42, 4160168.74 ], [ 281276.74, 4160157.88 ] ] ] } },
{ "type": "Feature", "properties": { "id": "osm:way/1347843971", "name": null, "height": 8.74, "min_height": 0.0, "levels": null, "height_source": "lidar", "roof_shape": "flat", "roof_height": 1.71, "roof_azimuth": null, "roof_source": "lod2", "roof_color": "roof_flat", "roof_color_source": "ortho", "lod2_roof": { "v": [ [ 281258.35, 4160176.25, 0.0 ], [ 281258.15, 4160175.61, 0.0 ], [ 281263.7, 4160174.22, 0.0 ], [ 281263.7, 4160174.22, 0.0 ], [ 281258.15, 4160175.61, 0.0 ], [ 281256.56, 4160150.99, 0.0 ], [ 281263.31, 4160172.96, 1.71 ], [ 281263.81, 4160174.59, 0.0 ], [ 281257.86, 4160174.66, 1.71 ], [ 281250.96, 4160152.23, 0.0 ] ], "f": [ [ [ 3, 7, 0, 1 ] ], [ [ 6, 8, 9, 5 ] ], [ [ 6, 2, 4, 8 ] ], [ [ 2, 3, 1, 4 ] ] ] }, "roof_props": null, "wall_color": "sand", "type": "yes", "landmark": null, "footprint_source": "osm", "source_updated": null, "is_part": false, "parent": null, "hidden": false, "addr": "3131 West Franklin Street", "wikidata": null, "website": null, "zoning": "R-6", "lidar_p90": 9.19, "ground_z": 65.11 }, "geometry": { "type": "Polygon", "coordinates": [ [ [ 281258.35, 4160176.25 ], [ 281263.81, 4160174.59 ], [ 281256.12, 4160149.58 ], [ 281250.66, 4160151.25 ], [ 281258.35, 4160176.25 ] ] ] } },
{ "type": "Feature", "properties": { "id": "osm:way/466471795", "name": null, "height": 11.67, "min_height": 0.0, "levels": null, "height_source": "lidar", "roof_shape": "flat", "roof_height": 0.0, "roof_azimuth": null, "roof_source": "heuristic", "roof_color": "roof_flat", "roof_color_source": "ortho", "lod2_roof": null, "roof_props": null, "wall_color": "cream", "type": "yes", "landmark": null, "footprint_source": "osm", "source_updated": null, "is_part": false, "parent": null, "hidden": false, "addr": "3115 Monument Avenue", "wikidata": null, "website": null, "zoning": "R-6", "lidar_p90": 12.83, "ground_z": 63.65 }, "geometry": { "type": "Polygon", "coordinates": [ [ [ 281333.42, 4160189.36 ], [ 281334.85, 4160188.91 ], [ 281334.37, 4160187.4 ], [ 281335.77, 4160186.96 ], [ 281333.82, 4160180.77 ], [ 281325.57, 4160183.37 ], [ 281329.69, 4160196.46 ], [ 281328.44, 4160196.85 ], [ 281332.11, 4160208.5 ], [ 281338.0, 4160203.9 ], [ 281333.42, 4160189.36 ] ] ] } },
{ "type": "Feature", "properties": { "id": "osm:way/466471806", "name": null, "height": 6.61, "min_height": 0.0, "levels": null, "height_source": "lidar", "roof_shape": "flat", "roof_height": 0.0, "roof_azimuth": null, "roof_source": "heuristic", "roof_color": "roof_flat", "roof_color_source": "ortho", "lod2_roof": null, "roof_props": null, "wall_color": "brick", "type": "yes", "landmark": null, "footprint_source": "osm", "source_updated": null, "is_part": false, "parent": null, "hidden": false, "addr": "3117 Monument Avenue", "wikidata": null, "website": null, "zoning": "R-6", "lidar_p90": 8.07, "ground_z": 64.65 }, "geometry": { "type": "Polygon", "coordinates": [ [ [ 281329.12, 4160207.42 ], [ 281328.26, 4160204.66 ], [ 281330.23, 4160204.04 ], [ 281324.85, 4160186.83 ], [ 281320.94, 4160188.04 ], [ 281319.73, 4160189.4 ], [ 281321.19, 4160194.05 ], [ 281319.84, 4160194.48 ], [ 281324.35, 4160208.91 ], [ 281329.12, 4160207.42 ] ] ] } },
{ "type": "Feature", "properties": { "id": "osm:way/1347843979", "name": null, "height": 3.4, "min_height": 0.0, "levels": null, "height_source": "lidar", "roof_shape": "flat", "roof_height": 1.17, "roof_azimuth": null, "roof_source": "lod2", "roof_color": "concrete", "roof_color_source": "heuristic", "lod2_roof": { "v": [ [ 281275.9, 4160205.88, 0.0 ], [ 281275.07, 4160203.18, 0.04 ], [ 281279.44, 4160204.79, 0.0 ], [ 281277.21, 4160205.48, 0.06 ], [ 281279.44, 4160204.79, 0.0 ], [ 281278.84, 4160204.32, 0.27 ], [ 281280.71, 4160204.4, 0.0 ], [ 281277.21, 4160205.48, 0.68 ], [ 281274.21, 4160200.39, 0.0 ], [ 281278.13, 4160199.18, 0.0 ], [ 281279.02, 4160198.91, 0.0 ], [ 281276.45, 4160203.03, 1.17 ], [ 281276.45, 4160203.03, 0.83 ], [ 281275.07, 4160203.18, 1.07 ], [ 281278.19, 4160200.86, 0.15 ], [ 281278.19, 4160200.86, 0.04 ], [ 281277.88, 4160202.26, 0.48 ], [ 281277.88, 4160202.26, 0.91 ], [ 281276.93, 4160202.78, 1.15 ], [ 281276.93, 4160202.78, 1.09 ], [ 281277.05, 4160202.71, 1.06 ], [ 281276.85, 4160202.82, 1.1 ], [ 281278.13, 4160199.18, 0.0 ], [ 281278.34, 4160199.8, 0.0 ], [ 281278.34, 4160199.8, 0.0 ], [ 281278.24, 4160200.5, 0.0 ], [ 281277.43, 4160204.2, 1.1 ], [ 281277.43, 4160204.2, 0.66 ], [ 281277.46, 4160204.28, 0.62 ], [ 281277.46, 4160204.28, 1.1 ], [ 281278.18, 4160203.97, 0.61 ] ], "f": [ [ [ 9, 23, 25, 14, 17, 20, 19, 21, 11, 13, 8 ] ], [ [ 18, 26, 29, 7, 0, 1, 12, 21 ] ], [ [ 30, 26, 18, 20, 16, 15, 25, 24, 22, 10, 6, 4, 5 ] ], [ [ 27, 30, 5, 2, 3, 28 ] ], [ [ 4, 2, 5 ] ], [ [ 11, 12, 1, 13 ] ], [ [ 14, 15, 16, 17 ] ], [ [ 18, 19, 20 ] ], [ [ 17, 16, 20 ] ], [ [ 19, 18, 21 ] ], [ [ 12, 11, 21 ] ], [ [ 23, 24, 25 ] ], [ [ 15, 14, 25 ] ], [ [ 24, 23, 9, 22 ] ], [ [ 26, 27, 28, 29 ] ], [ [ 29, 28, 3, 7 ] ], [ [ 27, 26, 30 ] ] ] }, "roof_props": null, "wall_color": "sand", "type": "yes", "landmark": null, "footprint_source": "osm", "source_updated": null, "is_part": false, "parent": null, "hidden": false, "addr": null, "wikidata": null, "website": null, "zoning": "R-6", "lidar_p90": 3.53, "ground_z": 64.6 }, "geometry": { "type": "Polygon", "coordinates": [ [ [ 281279.02, 4160198.91 ], [ 281274.2, 4160200.39 ], [ 281275.9, 4160205.89 ], [ 281280.71, 4160204.4 ], [ 281279.02, 4160198.91 ] ] ] } },
{ "type": "Feature", "properties": { "id": "osm:way/466471805", "name": null, "height": 6.79, "min_height": 0.0, "levels": null, "height_source": "lidar", "roof_shape": "flat", "roof_height": 3.3, "roof_azimuth": null, "roof_source": "lod2", "roof_color": "roof_flat", "roof_color_source": "ortho", "lod2_roof": { "v": [ [ 281321.39, 4160211.78, 0.0 ], [ 281318.13, 4160212.82, 0.0 ], [ 281320.67, 4160209.57, 0.08 ], [ 281316.39, 4160207.44, 3.3 ], [ 281316.39, 4160207.44, 0.82 ], [ 281322.77, 4160205.75, 0.86 ], [ 281322.77, 4160205.75, 2.87 ], [ 281323.69, 4160208.59, 0.04 ], [ 281313.62, 4160198.88, 0.14 ], [ 281319.53, 4160195.76, 0.06 ], [ 281319.53, 4160195.76, 0.0 ], [ 281313.41, 4160194.63, 0.0 ], [ 281317.34, 4160193.37, 0.0 ], [ 281314.67, 4160198.54, 0.14 ], [ 281314.31, 4160197.44, 0.0 ], [ 281314.31, 4160197.44, 0.05 ], [ 281317.78, 4160194.44, 0.0 ], [ 281318.99, 4160194.09, 0.0 ] ], "f": [ [ [ 6, 7, 2, 0, 1, 3 ] ], [ [ 10, 14, 11, 12, 16, 17 ] ], [ [ 15, 9, 5, 4, 8, 13 ] ], [ [ 3, 4, 5, 6 ] ], [ [ 15, 14, 10, 9 ] ] ] }, "roof_props": null, "wall_color": "cream", "type": "yes", "landmark": null, "footprint_source": "osm", "source_updated": null, "is_part": false, "parent": null, "hidden": false, "addr": "3119 Monument Avenue", "wikidata": null, "website": null, "zoning": "R-6", "lidar_p90": 8.27, "ground_z": 64.77 }, "geometry": { "type": "Polygon", "coordinates": [ [ [ 281323.69, 4160208.59 ], [ 281318.62, 4160192.95 ], [ 281313.41, 4160194.64 ], [ 281314.67, 4160198.54 ], [ 281313.62, 4160198.88 ], [ 281318.13, 4160212.82 ], [ 281321.39, 4160211.78 ], [ 281320.67, 4160209.57 ], [ 281323.69, 4160208.59 ] ] ] } },
{ "type": "Feature", "properties": { "id": "osm:way/466471796", "name": "Cleveland Market", "height": 6.88, "min_height": 0.0, "levels": null, "height_source": "lidar", "roof_shape": "flat", "roof_height": 0.32, "roof_azimuth": null, "roof_source": "lod2", "roof_color": "roof_flat", "roof_color_source": "ortho", "lod2_roof": { "v": [ [ 281260.01, 4160205.59, 0.32 ], [ 281268.33, 4160203.17, 0.03 ], [ 281261.4, 4160210.14, 0.3 ], [ 281270.3, 4160207.43, 0.0 ] ], "f": [ [ [ 1, 3, 2, 0 ] ] ] }, "roof_props": null, "wall_color": "cream", "type": "yes", "landmark": null, "footprint_source": "osm", "source_updated": null, "is_part": false, "parent": null, "hidden": false, "addr": "801 North Cleveland Street", "wikidata": null, "website": null, "zoning": "R-6", "lidar_p90": 7.61, "ground_z": 64.5 }, "geometry": { "type": "Polygon", "coordinates": [ [ [ 281272.49, 4160206.76 ], [ 281271.7, 4160204.19 ], [ 281269.58, 4160204.83 ], [ 281268.45, 4160201.14 ], [ 281259.48, 4160203.87 ], [ 281261.4, 4160210.14 ], [ 281272.49, 4160206.76 ] ] ] } },
{ "type": "Feature", "properties": { "id": "osm:way/466471803", "name": null, "height": 6.89, "min_height": 0.0, "levels": null, "height_source": "lidar", "roof_shape": "flat", "roof_height": 4.73, "roof_azimuth": null, "roof_source": "lod2", "roof_color": "roof_flat", "roof_color_source": "ortho", "lod2_roof": { "v": [ [ 281309.86, 4160211.47, 0.58 ], [ 281307.21, 4160203.74, 0.0 ], [ 281316.59, 4160209.97, 0.69 ], [ 281317.77, 4160213.42, 0.0 ], [ 281313.11, 4160199.8, 0.0 ], [ 281309.86, 4160211.47, 4.73 ], [ 281309.96, 4160211.45, 0.58 ], [ 281309.96, 4160211.45, 4.72 ], [ 281310.82, 4160214.26, 1.09 ], [ 281316.85, 4160213.73, 0.0 ], [ 281315.95, 4160211.05, 2.95 ], [ 281315.95, 4160211.05, 0.74 ], [ 281315.95, 4160211.05, 0.0 ], [ 281316.85, 4160213.73, 0.0 ], [ 281312.17, 4160215.32, 2.99 ], [ 281311.28, 4160215.62, 1.25 ], [ 281313.94, 4160214.72, 0.0 ], [ 281312.17, 4160215.32, 2.99 ], [ 281313.94, 4160214.72, 0.0 ], [ 281315.65, 4160210.18, 0.67 ], [ 281308.24, 4160202.1, 0.0 ], [ 281307.7, 4160200.52, 0.0 ], [ 281311.33, 4160212.58, 2.88 ], [ 281311.33, 4160212.58, 0.7 ], [ 281311.34, 4160212.58, 2.87 ], [ 281311.34, 4160212.58, 2.87 ], [ 281311.17, 4160213.12, 2.31 ], [ 281310.82, 4160214.26, 1.09 ], [ 281309.75, 4160201.39, 0.0 ], [ 281309.75, 4160201.39, 0.0 ], [ 281310.77, 4160199.95, 0.0 ], [ 281310.77, 4160199.95, 0.0 ], [ 281311.68, 4160198.95, 0.0 ], [ 281308.24, 4160202.1, 0.0 ], [ 281309.75, 4160201.39, 0.0 ], [ 281308.63, 4160203.26, 0.0 ], [ 281311.55, 4160200.54, 0.0 ], [ 281311.55, 4160200.54, 0.0 ], [ 281311.55, 4160200.54, 0.0 ], [ 281312.23, 4160200.22, 0.0 ], [ 281312.23, 4160200.22, 0.0 ] ], "f": [ [ [ 12, 19, 2, 3, 9 ] ], [ [ 25, 16, 17 ] ], [ [ 18, 24, 26, 8, 5, 7, 22, 10, 13 ] ], [ [ 15, 27, 26, 25, 14 ] ], [ [ 37, 28, 31 ] ], [ [ 40, 4, 2, 19, 11, 23, 6, 0, 1, 35, 33, 34, 38 ] ], [ [ 32, 39, 36, 30, 29, 20, 21 ] ], [ [ 5, 0, 6, 7 ] ], [ [ 10, 11, 12, 9, 13 ] ], [ [ 12, 11, 19 ] ], [ [ 22, 23, 11, 10 ] ], [ [ 7, 6, 23, 22 ] ], [ [ 24, 25, 26 ] ], [ [ 27, 8, 26 ] ], [ [ 17, 14, 25 ] ], [ [ 18, 16, 25, 24 ] ], [ [ 28, 29, 30, 31 ] ], [ [ 33, 20, 29, 28, 34 ] ], [ [ 31, 30, 36, 37 ] ], [ [ 34, 28, 37, 38 ] ], [ [ 38, 37, 36, 39, 40 ] ] ] }, "roof_props": null, "wall_color": "terracotta", "type": "yes", "landmark": null, "footprint_source": "osm", "source_updated": null, "is_part": false, "parent": null, "hidden": false, "addr": "3121 Monument Avenue", "wikidata": null, "website": null, "zoning": "R-6", "lidar_p90": 9.24, "ground_z": 64.61 }, "geometry": { "type": "Polygon", "coordinates": [ [ [ 281317.77, 4160213.42 ], [ 281312.09, 4160196.8 ], [ 281307.01, 4160198.52 ], [ 281308.63, 4160203.26 ], [ 281307.21, 4160203.74 ], [ 281311.28, 4160215.62 ], [ 281317.77, 4160213.42 ] ] ] } },
{ "type": "Feature", "properties": { "id": "osm:way/466471802", "name": null, "height": 6.81, "min_height": 0.0, "levels": null, "height_source": "lidar", "roof_shape": "flat", "roof_height": 0.0, "roof_azimuth": null, "roof_source": "heuristic", "roof_color": "roof_flat", "roof_color_source": "ortho", "lod2_roof": null, "roof_props": null, "wall_color": "concrete", "type": "yes", "landmark": null, "footprint_source": "osm", "source_updated": null, "is_part": false, "parent": null, "hidden": false, "addr": "3123 Monument Avenue", "wikidata": null, "website": null, "zoning": "R-6", "lidar_p90": 8.48, "ground_z": 64.83 }, "geometry": { "type": "Polygon", "coordinates": [ [ [ 281309.25, 4160220.04 ], [ 281308.4, 4160217.5 ], [ 281310.65, 4160216.75 ], [ 281305.59, 4160201.65 ], [ 281300.68, 4160203.28 ], [ 281302.05, 4160207.37 ], [ 281300.62, 4160207.84 ], [ 281305.16, 4160221.39 ], [ 281309.25, 4160220.04 ] ] ] } },
{ "type": "Feature", "properties": { "id": "osm:way/466471801", "name": null, "height": 6.93, "min_height": 0.0, "levels": null, "height_source": "lidar", "roof_shape": "flat", "roof_height": 3.19, "roof_azimuth": null, "roof_source": "lod2", "roof_color": "roof_flat", "roof_color_source": "ortho", "lod2_roof": { "v": [ [ 281298.74, 4160209.23, 0.0 ], [ 281298.74, 4160209.23, 0.0 ], [ 281299.54, 4160208.6, 0.0 ], [ 281295.29, 4160212.15, 0.0 ], [ 281295.24, 4160211.99, 0.0 ], [ 281295.24, 4160211.99, 0.0 ], [ 281298.31, 4160209.57, 0.0 ], [ 281298.31, 4160209.57, 0.0 ], [ 281294.63, 4160210.24, 0.0 ], [ 281302.66, 4160217.66, 0.56 ], [ 281298.79, 4160209.48, 0.0 ], [ 281298.79, 4160209.48, 0.0 ], [ 281304.13, 4160221.93, 0.96 ], [ 281297.82, 4160224.08, 0.78 ], [ 281302.93, 4160220.32, 2.71 ], [ 281302.93, 4160220.32, 0.0 ], [ 281303.55, 4160220.24, 0.0 ], [ 281303.55, 4160220.24, 2.61 ], [ 281296.99, 4160221.65, 3.16 ], [ 281296.31, 4160219.68, 0.54 ], [ 281303.34, 4160219.65, 3.19 ], [ 281303.34, 4160219.65, 0.28 ], [ 281302.87, 4160219.8, 0.16 ], [ 281302.87, 4160219.8, 3.19 ], [ 281293.88, 4160212.63, 0.0 ] ], "f": [ [ [ 4, 8, 6 ] ], [ [ 6, 1, 11 ] ], [ [ 23, 14, 17, 12, 13, 18 ] ], [ [ 21, 16, 15, 22 ] ], [ [ 24, 3, 5, 7, 10, 0, 2, 9, 19 ] ], [ [ 9, 20, 23, 18, 19 ] ], [ [ 5, 4, 6, 7 ] ], [ [ 10, 11, 1, 0 ] ], [ [ 7, 6, 11, 10 ] ], [ [ 14, 15, 16, 17 ] ], [ [ 20, 21, 22, 23 ] ], [ [ 23, 22, 15, 14 ] ] ] }, "roof_props": null, "wall_color": "sand", "type": "yes", "landmark": null, "footprint_source": "osm", "source_updated": null, "is_part": false, "parent": null, "hidden": false, "addr": "3125 Monument Avenue", "wikidata": null, "website": null, "zoning": "R-6", "lidar_p90": 9.4, "ground_z": 64.86 }, "geometry": { "type": "Polygon", "coordinates": [ [ [ 281304.13, 4160221.93 ], [ 281298.79, 4160206.41 ], [ 281293.89, 4160208.09 ], [ 281295.29, 4160212.15 ], [ 281293.88, 4160212.63 ], [ 281297.82, 4160224.09 ], [ 281304.13, 4160221.93 ] ] ] } },
{ "type": "Feature", "properties": { "id": "osm:way/466471800", "name": null, "height": 7.0, "min_height": 0.0, "levels": null, "height_source": "lidar", "roof_shape": "flat", "roof_height": 0.0, "roof_azimuth": null, "roof_source": "heuristic", "roof_color": "roof_flat", "roof_color_source": "ortho", "lod2_roof": null, "roof_props": null, "wall_color": "cream", "type": "yes", "landmark": null, "footprint_source": "osm", "source_updated": null, "is_part": false, "parent": null, "hidden": false, "addr": "3127 Monument Avenue", "wikidata": null, "website": null, "zoning": "R-6", "lidar_p90": 8.88, "ground_z": 64.82 }, "geometry": { "type": "Polygon", "coordinates": [ [ [ 281296.12, 4160230.07 ], [ 281295.11, 4160226.93 ], [ 281297.78, 4160226.07 ], [ 281291.72, 4160207.27 ], [ 281286.28, 4160209.0 ], [ 281288.86, 4160217.01 ], [ 281287.28, 4160217.51 ], [ 281291.78, 4160231.46 ], [ 281296.12, 4160230.07 ] ] ] } },
{ "type": "Feature", "properties": { "id": "osm:way/466471794", "name": null, "height": 12.05, "min_height": 0.0, "levels": null, "height_source": "lidar", "roof_shape": "flat", "roof_height": 0.0, "roof_azimuth": null, "roof_source": "lidar", "roof_color": "roof_flat", "roof_color_source": "ortho", "lod2_roof": null, "roof_props": null, "wall_color": "sand", "type": "yes", "landmark": null, "footprint_source": "osm", "source_updated": null, "is_part": false, "parent": null, "hidden": false, "addr": "3107 Monument Ave", "wikidata": null, "website": null, "zoning": "R-6", "lidar_p90": 13.53, "ground_z": 63.2 }, "geometry": { "type": "Polygon", "coordinates": [ [ [ 281353.71, 4160190.51 ], [ 281349.15, 4160175.45 ], [ 281340.09, 4160178.17 ], [ 281340.93, 4160180.94 ], [ 281340.05, 4160181.5 ], [ 281341.11, 4160184.94 ], [ 281343.65, 4160184.17 ], [ 281345.08, 4160188.77 ], [ 281341.71, 4160189.8 ], [ 281342.2, 4160191.4 ], [ 281343.75, 4160190.93 ], [ 281345.7, 4160197.19 ], [ 281353.71, 4160190.51 ] ] ] } },
{ "type": "Feature", "properties": { "id": "osm:way/466471793", "name": null, "height": 12.02, "min_height": 0.0, "levels": null, "height_source": "lidar", "roof_shape": "flat", "roof_height": 0.0, "roof_azimuth": null, "roof_source": "lidar", "roof_color": "roof_flat", "roof_color_source": "ortho", "lod2_roof": null, "roof_props": null, "wall_color": "terracotta", "type": "yes", "landmark": null, "footprint_source": "osm", "source_updated": null, "is_part": false, "parent": null, "hidden": false, "addr": "3114 West Franklin Street", "wikidata": null, "website": null, "zoning": "R-6", "lidar_p90": 13.04, "ground_z": 63.15 }, "geometry": { "type": "Polygon", "coordinates": [ [ [ 281343.75, 4160190.93 ], [ 281342.2, 4160191.4 ], [ 281341.71, 4160189.8 ], [ 281340.23, 4160190.24 ], [ 281338.79, 4160185.66 ], [ 281341.11, 4160184.94 ], [ 281340.05, 4160181.5 ], [ 281338.58, 4160181.96 ], [ 281337.81, 4160179.52 ], [ 281333.82, 4160180.77 ], [ 281335.77, 4160186.96 ], [ 281334.37, 4160187.4 ], [ 281334.85, 4160188.91 ], [ 281333.42, 4160189.36 ], [ 281338.0, 4160203.9 ], [ 281345.7, 4160197.19 ], [ 281343.75, 4160190.93 ] ] ] } },
{ "type": "Feature", "properties": { "id": "osm:way/466466893", "name": null, "height": 10.26, "min_height": 0.0, "levels": null, "height_source": "lidar", "roof_shape": "flat", "roof_height": 1.97, "roof_azimuth": null, "roof_source": "lod2", "roof_color": "roof_flat", "roof_color_source": "ortho", "lod2_roof": { "v": [ [ 281438.54, 4160198.83, 0.64 ], [ 281440.43, 4160201.16, 0.63 ], [ 281427.98, 4160211.13, 0.83 ], [ 281430.91, 4160208.76, 0.79 ], [ 281432.72, 4160216.94, 0.81 ], [ 281429.57, 4160207.12, 0.79 ], [ 281426.55, 4160209.55, 0.84 ], [ 281423.04, 4160197.08, 0.0 ], [ 281424.03, 4160196.27, 0.0 ], [ 281423.04, 4160197.08, 0.0 ], [ 281423.14, 4160197.17, 0.0 ], [ 281423.14, 4160197.17, 0.0 ], [ 281423.13, 4160195.16, 0.0 ], [ 281423.5, 4160193.78, 0.0 ], [ 281426.12, 4160191.29, 0.0 ], [ 281442.66, 4160208.57, 0.65 ], [ 281444.64, 4160211.0, 0.64 ], [ 281443.07, 4160212.27, 0.29 ], [ 281443.07, 4160212.27, 0.66 ], [ 281440.82, 4160200.84, 0.62 ], [ 281445.13, 4160206.58, 0.61 ], [ 281440.72, 4160210.39, 0.42 ], [ 281440.72, 4160210.39, 0.68 ], [ 281437.36, 4160213.21, 0.74 ], [ 281439.16, 4160215.43, 0.33 ], [ 281437.83, 4160213.8, 0.73 ], [ 281437.83, 4160213.8, 0.42 ], [ 281419.02, 4160200.32, 0.0 ], [ 281421.02, 4160202.78, 0.86 ], [ 281423.13, 4160198.71, 0.64 ], [ 281423.13, 4160198.71, 0.0 ], [ 281429.76, 4160193.57, 0.0 ], [ 281429.76, 4160193.57, 0.72 ], [ 281440.67, 4160197.13, 0.6 ], [ 281427.48, 4160190.97, 0.0 ], [ 281429.31, 4160193.07, 0.0 ], [ 281429.31, 4160193.07, 0.24 ], [ 281429.83, 4160191.85, 0.0 ], [ 281421.02, 4160202.78, 1.96 ], [ 281433.05, 4160189.28, 0.0 ], [ 281434.68, 4160191.93, 0.64 ], [ 281434.68, 4160191.93, 1.97 ], [ 281437.34, 4160196.24, 0.64 ], [ 281427.71, 4160197.18, 1.81 ], [ 281427.71, 4160197.18, 0.75 ] ], "f": [ [ [ 26, 21, 17, 24 ] ], [ [ 14, 34, 35, 31, 30, 10, 7, 8, 12, 13 ] ], [ [ 41, 43, 38, 27, 9, 11, 29, 32, 36, 37, 39 ] ], [ [ 44, 40, 42, 33, 0, 1, 19, 20, 15, 16, 18, 22, 25, 23, 4, 2, 3, 5, 6, 28 ] ], [ [ 9, 7, 10, 11 ] ], [ [ 18, 17, 21, 22 ] ], [ [ 29, 30, 31, 32 ] ], [ [ 22, 21, 26, 25 ] ], [ [ 32, 31, 35, 36 ] ], [ [ 11, 10, 30, 29 ] ], [ [ 43, 44, 28, 38 ] ], [ [ 41, 40, 44, 43 ] ] ] }, "roof_props": null, "wall_color": "terracotta", "type": "yes", "landmark": null, "footprint_source": "osm", "source_updated": null, "is_part": false, "parent": null, "hidden": false, "addr": "3012 Monument Avenue", "wikidata": null, "website": null, "zoning": "R-48", "lidar_p90": 10.99, "ground_z": 63.31 }, "geometry": { "type": "Polygon", "coordinates": [ [ [ 281437.36, 4160213.21 ], [ 281439.16, 4160215.43 ], [ 281444.64, 4160211.0 ], [ 281442.66, 4160208.57 ], [ 281447.19, 4160204.92 ], [ 281442.66, 4160199.36 ], [ 281440.43, 4160201.16 ], [ 281438.54, 4160198.83 ], [ 281441.1, 4160196.78 ], [ 281434.23, 4160188.33 ], [ 281429.84, 4160191.87 ], [ 281428.86, 4160190.65 ], [ 281426.12, 4160191.29 ], [ 281423.5, 4160193.78 ], [ 281423.13, 4160195.16 ], [ 281424.03, 4160196.27 ], [ 281419.02, 4160200.33 ], [ 281426.55, 4160209.55 ], [ 281429.57, 4160207.12 ], [ 281430.91, 4160208.76 ], [ 281427.98, 4160211.13 ], [ 281432.72, 4160216.94 ], [ 281437.36, 4160213.21 ] ] ] } },
{ "type": "Feature", "properties": { "id": "osm:way/466466897", "name": null, "height": 10.26, "min_height": 0.0, "levels": null, "height_source": "lidar", "roof_shape": "flat", "roof_height": 0.0, "roof_azimuth": null, "roof_source": "lidar", "roof_color": "roof_flat", "roof_color_source": "ortho", "lod2_roof": null, "roof_props": null, "wall_color": "brick", "type": "yes", "landmark": null, "footprint_source": "osm", "source_updated": null, "is_part": false, "parent": null, "hidden": false, "addr": "905 North Belmont Avenue", "wikidata": null, "website": null, "zoning": "R-48", "lidar_p90": 10.79, "ground_z": 63.72 }, "geometry": { "type": "Polygon", "coordinates": [ [ [ 281443.57, 4160213.29 ], [ 281435.37, 4160219.83 ], [ 281441.62, 4160227.6 ], [ 281455.8, 4160216.3 ], [ 281448.84, 4160207.66 ], [ 281442.67, 4160212.59 ], [ 281443.57, 4160213.29 ] ] ] } },
{ "type": "Feature", "properties": { "id": "osm:way/466512848", "name": null, "height": 9.86, "min_height": 0.0, "levels": null, "height_source": "lidar", "roof_shape": "flat", "roof_height": 0.0, "roof_azimuth": null, "roof_source": "heuristic", "roof_color": "roof_flat", "roof_color_source": "ortho", "lod2_roof": null, "roof_props": null, "wall_color": "brick", "type": "yes", "landmark": null, "footprint_source": "osm", "source_updated": null, "is_part": false, "parent": null, "hidden": false, "addr": "3100 Monument Avenue", "wikidata": null, "website": null, "zoning": "R-6", "lidar_p90": 11.87, "ground_z": 63.99 }, "geometry": { "type": "Polygon", "coordinates": [ [ [ 281404.77, 4160228.8 ], [ 281405.94, 4160227.88 ], [ 281408.66, 4160231.34 ], [ 281407.46, 4160232.27 ], [ 281409.48, 4160234.85 ], [ 281414.22, 4160231.17 ], [ 281410.86, 4160226.89 ], [ 281416.11, 4160222.8 ], [ 281408.36, 4160212.94 ], [ 281398.41, 4160220.69 ], [ 281404.77, 4160228.8 ] ] ] } },
{ "type": "Feature", "properties": { "id": "osm:way/466512849", "name": null, "height": 7.54, "min_height": 0.0, "levels": null, "height_source": "lidar", "roof_shape": "flat", "roof_height": 0.0, "roof_azimuth": null, "roof_source": "heuristic", "roof_color": "roof_flat", "roof_color_source": "ortho", "lod2_roof": null, "roof_props": null, "wall_color": "concrete", "type": "yes", "landmark": null, "footprint_source": "osm", "source_updated": null, "is_part": false, "parent": null, "hidden": false, "addr": "3102 Monument Avenue", "wikidata": null, "website": null, "zoning": "R-6", "lidar_p90": 10.26, "ground_z": 64.74 }, "geometry": { "type": "Polygon", "coordinates": [ [ [ 281404.32, 4160242.9 ], [ 281402.8, 4160240.97 ], [ 281406.37, 4160238.2 ], [ 281395.01, 4160223.76 ], [ 281388.46, 4160228.86 ], [ 281401.33, 4160245.23 ], [ 281404.32, 4160242.9 ] ] ] } },
{ "type": "Feature", "properties": { "id": "osm:way/1131697559", "name": null, "height": 4.49, "min_height": 0.0, "levels": null, "height_source": "lidar", "roof_shape": "flat", "roof_height": 1.4, "roof_azimuth": null, "roof_source": "lod2", "roof_color": "roof_dark", "roof_color_source": "heuristic", "lod2_roof": { "v": [ [ 281425.69, 4160240.29, 1.4 ], [ 281423.41, 4160242.08, 0.0 ], [ 281428.03, 4160238.45, 0.0 ], [ 281425.69, 4160240.29, 1.4 ], [ 281423.82, 4160233.11, 0.0 ], [ 281419.18, 4160236.74, 0.0 ], [ 281421.43, 4160234.98, 1.37 ] ], "f": [ [ [ 6, 0, 1, 5 ] ], [ [ 3, 6, 4, 2 ] ], [ [ 3, 0, 6 ] ] ] }, "roof_props": null, "wall_color": "sand", "type": "yes", "landmark": null, "footprint_source": "osm", "source_updated": null, "is_part": false, "parent": null, "hidden": false, "addr": null, "wikidata": null, "website": null, "zoning": "R-6", "lidar_p90": 4.93, "ground_z": 64.35 }, "geometry": { "type": "Polygon", "coordinates": [ [ [ 281419.18, 4160236.74 ], [ 281423.41, 4160242.09 ], [ 281428.03, 4160238.45 ], [ 281423.82, 4160233.11 ], [ 281419.18, 4160236.74 ] ] ] } },
{ "type": "Feature", "properties": { "id": "osm:way/466512850", "name": null, "height": 7.15, "min_height": 0.0, "levels": null, "height_source": "lidar", "roof_shape": "gable", "roof_height": 2.62, "roof_azimuth": 53.0, "roof_source": "lod2", "roof_color": "roof_flat", "roof_color_source": "ortho", "lod2_roof": { "v": [ [ 281392.04, 4160246.36, 0.11 ], [ 281389.47, 4160248.35, 0.11 ], [ 281395.71, 4160251.08, 0.01 ], [ 281384.96, 4160242.57, 0.23 ], [ 281394.13, 4160240.44, 0.15 ], [ 281393.5, 4160241.76, 0.14 ], [ 281394.91, 4160241.09, 0.14 ], [ 281386.08, 4160232.23, 0.8 ], [ 281389.99, 4160237.56, 0.92 ], [ 281393.1, 4160236.78, 0.21 ], [ 281395.34, 4160239.48, 0.15 ], [ 281389.92, 4160239.05, 0.87 ], [ 281389.92, 4160239.05, 0.22 ], [ 281384.96, 4160242.57, 1.01 ], [ 281398.66, 4160248.79, 0.0 ], [ 281390.02, 4160238.27, 1.11 ], [ 281390.02, 4160238.27, 0.23 ], [ 281384.42, 4160232.03, 0.52 ], [ 281385.22, 4160232.89, 1.01 ], [ 281379.62, 4160235.74, 0.54 ], [ 281385.22, 4160232.89, 1.27 ], [ 281385.62, 4160233.33, 1.26 ], [ 281392.18, 4160237.44, 0.21 ], [ 281390.12, 4160237.55, 0.23 ], [ 281384.22, 4160241.63, 1.54 ], [ 281381.41, 4160238.03, 1.59 ], [ 281381.41, 4160238.03, 1.75 ], [ 281382.83, 4160237.96, 2.09 ], [ 281390.12, 4160237.55, 0.88 ], [ 281384.61, 4160238.19, 2.62 ], [ 281385.2, 4160237.73, 2.62 ] ], "f": [ [ [ 13, 24, 29, 30, 15, 11 ] ], [ [ 24, 25, 27, 29 ] ], [ [ 26, 19, 17, 18, 21, 30, 29, 27 ] ], [ [ 16, 23, 22, 9, 10, 6, 4, 5, 14, 2, 0, 1, 3, 12 ] ], [ [ 8, 28, 15, 30, 21, 20, 7 ] ], [ [ 11, 12, 3, 13 ] ], [ [ 15, 16, 12, 11 ] ], [ [ 18, 20, 21 ] ], [ [ 25, 26, 27 ] ], [ [ 28, 23, 16, 15 ] ] ] }, "roof_props": null, "wall_color": "terracotta", "type": "yes", "landmark": null, "footprint_source": "osm", "source_updated": null, "is_part": false, "parent": null, "hidden": false, "addr": "3104 Monument Avenue", "wikidata": null, "website": null, "zoning": "R-6", "lidar_p90": 9.17, "ground_z": 65.12 }, "geometry": { "type": "Polygon", "coordinates": [ [ [ 281400.06, 4160247.71 ], [ 281394.9, 4160241.12 ], [ 281395.34, 4160239.48 ], [ 281392.91, 4160236.56 ], [ 281391.53, 4160236.35 ], [ 281386.74, 4160230.23 ], [ 281379.62, 4160235.74 ], [ 281389.47, 4160248.35 ], [ 281392.04, 4160246.37 ], [ 281395.71, 4160251.08 ], [ 281400.06, 4160247.71 ] ] ] } },
{ "type": "Feature", "properties": { "id": "osm:way/1131697533", "name": null, "height": 2.83, "min_height": 0.0, "levels": null, "height_source": "lidar", "roof_shape": "flat", "roof_height": 0.25, "roof_azimuth": null, "roof_source": "lod2", "roof_color": "roof_flat", "roof_color_source": "ortho", "lod2_roof": { "v": [ [ 281433.07, 4160242.84, 0.01 ], [ 281438.55, 4160249.69, 0.0 ], [ 281433.79, 4160253.46, 0.24 ], [ 281428.32, 4160246.61, 0.25 ] ], "f": [ [ [ 3, 0, 1, 2 ] ] ] }, "roof_props": null, "wall_color": "brick", "type": "yes", "landmark": null, "footprint_source": "osm", "source_updated": null, "is_part": false, "parent": null, "hidden": false, "addr": null, "wikidata": null, "website": null, "zoning": "R-6", "lidar_p90": 3.03, "ground_z": 63.94 }, "geometry": { "type": "Polygon", "coordinates": [ [ [ 281433.79, 4160253.46 ], [ 281438.55, 4160249.69 ], [ 281433.07, 4160242.84 ], [ 281428.32, 4160246.61 ], [ 281433.79, 4160253.46 ] ] ] } },
{ "type": "Feature", "properties": { "id": "osm:way/1131697530", "name": null, "height": 2.96, "min_height": 0.0, "levels": null, "height_source": "lidar", "roof_shape": "flat", "roof_height": 0.4, "roof_azimuth": null, "roof_source": "lod2", "roof_color": "slate", "roof_color_source": "ortho", "lod2_roof": { "v": [ [ 281414.31, 4160249.06, 0.03 ], [ 281409.83, 4160252.9, 0.0 ], [ 281410.92, 4160245.15, 0.4 ], [ 281406.45, 4160248.97, 0.37 ] ], "f": [ [ [ 1, 3, 2, 0 ] ] ] }, "roof_props": null, "wall_color": "cream", "type": "yes", "landmark": null, "footprint_source": "osm", "source_updated": null, "is_part": false, "parent": null, "hidden": false, "addr": null, "wikidata": null, "website": null, "zoning": "R-6", "lidar_p90": 2.97, "ground_z": 64.65 }, "geometry": { "type": "Polygon", "coordinates": [ [ [ 281406.45, 4160248.97 ], [ 281409.83, 4160252.9 ], [ 281414.31, 4160249.07 ], [ 281410.92, 4160245.15 ], [ 281406.45, 4160248.97 ] ] ] } },
{ "type": "Feature", "properties": { "id": "richmond_structure:268770", "name": null, "height": 2.79, "min_height": 0.0, "levels": null, "height_source": "lidar", "roof_shape": "flat", "roof_height": 0.14, "roof_azimuth": null, "roof_source": "lod2", "roof_color": "roof_flat", "roof_color_source": "heuristic", "lod2_roof": { "v": [ [ 281449.13, 4160048.8, 0.03 ], [ 281455.13, 4160047.48, 0.0 ], [ 281456.02, 4160052.79, 0.1 ], [ 281451.05, 4160054.47, 0.14 ] ], "f": [ [ [ 2, 3, 0, 1 ] ] ] }, "roof_props": null, "wall_color": "brick", "type": "yes", "landmark": null, "footprint_source": "richmond_structures", "source_updated": "2026-09-08T12:07:13.637000Z", "is_part": false, "parent": null, "hidden": false, "addr": null, "wikidata": null, "website": null, "zoning": "R-48", "lidar_p90": 2.94, "ground_z": 61.98 }, "geometry": { "type": "Polygon", "coordinates": [ [ [ 281455.19, 4160045.86 ], [ 281448.86, 4160048.0 ], [ 281451.05, 4160054.47 ], [ 281457.38, 4160052.33 ], [ 281455.19, 4160045.86 ] ] ] } },
{ "type": "Feature", "properties": { "id": "osm:way/466471726", "name": null, "height": 9.75, "min_height": 0.0, "levels": null, "height_source": "lidar", "roof_shape": "flat", "roof_height": 0.0, "roof_azimuth": null, "roof_source": "lidar", "roof_color": "roof_flat", "roof_color_source": "ortho", "lod2_roof": null, "roof_props": null, "wall_color": "brick", "type": "yes", "landmark": null, "footprint_source": "osm", "source_updated": null, "is_part": false, "parent": null, "hidden": false, "addr": null, "wikidata": null, "website": null, "zoning": "R-48", "lidar_p90": 9.99, "ground_z": 61.68 }, "geometry": { "type": "Polygon", "coordinates": [ [ [ 281497.23, 4160057.33 ], [ 281494.72, 4160059.39 ], [ 281493.74, 4160058.19 ], [ 281494.58, 4160057.5 ], [ 281490.37, 4160052.41 ], [ 281491.19, 4160050.96 ], [ 281487.25, 4160046.06 ], [ 281484.07, 4160048.6 ], [ 281482.19, 4160046.26 ], [ 281479.69, 4160048.29 ], [ 281497.95, 4160070.76 ], [ 281502.15, 4160067.4 ], [ 281500.43, 4160065.32 ], [ 281502.46, 4160063.66 ], [ 281497.23, 4160057.33 ] ] ] } },
{ "type": "Feature", "properties": { "id": "osm:way/466471727", "name": null, "height": 9.91, "min_height": 0.0, "levels": null, "height_source": "lidar", "roof_shape": "flat", "roof_height": 0.47, "roof_azimuth": null, "roof_source": "lod2", "roof_color": "roof_flat", "roof_color_source": "ortho", "lod2_roof": { "v": [ [ 281483.31, 4160067.92, 0.0 ], [ 281485.89, 4160065.84, 0.08 ], [ 281485.38, 4160065.22, 0.08 ], [ 281497.95, 4160070.76, 0.0 ], [ 281495.83, 4160072.48, 0.0 ], [ 281495.83, 4160072.48, 0.0 ], [ 281490.88, 4160072.56, 0.11 ], [ 281488.6, 4160074.41, 0.0 ], [ 281484.15, 4160066.21, 0.0 ], [ 281480.65, 4160061.9, 0.0 ], [ 281481.91, 4160060.88, 0.05 ], [ 281481.41, 4160060.26, 0.04 ], [ 281480.58, 4160049.39, 0.0 ], [ 281482.54, 4160051.81, 0.0 ], [ 281476.72, 4160052.93, 0.0 ], [ 281477.3, 4160053.64, 0.0 ], [ 281479.31, 4160061.95, 0.0 ], [ 281474.43, 4160055.93, 0.0 ], [ 281477.33, 4160054.53, 0.03 ], [ 281477.33, 4160054.53, 0.0 ], [ 281482.54, 4160051.81, 0.35 ], [ 281477.11, 4160053.79, 0.0 ], [ 281495.95, 4160068.3, 0.0 ], [ 281495.95, 4160068.3, 0.47 ], [ 281494.92, 4160069.06, 0.0 ], [ 281494.92, 4160069.06, 0.4 ], [ 281495.25, 4160070.31, 0.0 ], [ 281495.25, 4160070.31, 0.38 ], [ 281495.4, 4160070.86, 0.0 ], [ 281495.4, 4160070.86, 0.0 ], [ 281494.55, 4160071.25, 0.0 ], [ 281494.55, 4160071.25, 0.0 ], [ 281492.8, 4160074.92, 0.0 ], [ 281491.09, 4160072.81, 0.11 ], [ 281491.09, 4160072.81, 0.0 ], [ 281477.11, 4160053.79, 0.04 ], [ 281494.55, 4160071.25, 0.32 ], [ 281493.97, 4160070.28, 0.32 ], [ 281493.97, 4160070.28, 0.0 ] ], "f": [ [ [ 19, 21, 15, 14, 12, 13 ] ], [ [ 27, 37, 36, 33, 6, 7, 0, 1, 2, 8, 9, 10, 11, 16, 17, 35, 18, 20, 23, 25 ] ], [ [ 32, 34, 30, 29, 4 ] ], [ [ 38, 26, 24, 22, 3, 5, 28, 31 ] ], [ [ 18, 19, 13, 20 ] ], [ [ 23, 22, 24, 25 ] ], [ [ 25, 24, 26, 27 ] ], [ [ 28, 29, 30, 31 ] ], [ [ 5, 4, 29, 28 ] ], [ [ 35, 21, 19, 18 ] ], [ [ 36, 31, 30, 34, 33 ] ], [ [ 37, 38, 31, 36 ] ], [ [ 27, 26, 38, 37 ] ] ] }, "roof_props": null, "wall_color": "concrete", "type": "yes", "landmark": null, "footprint_source": "osm", "source_updated": null, "is_part": false, "parent": null, "hidden": false, "addr": "3009 Monument Avenue", "wikidata": null, "website": null, "zoning": "R-48", "lidar_p90": 10.27, "ground_z": 61.89 }, "geometry": { "type": "Polygon", "coordinates": [ [ [ 281479.69, 4160048.29 ], [ 281475.62, 4160051.56 ], [ 281477.3, 4160053.64 ], [ 281474.43, 4160055.94 ], [ 281479.31, 4160061.95 ], [ 281481.41, 4160060.26 ], [ 281481.91, 4160060.88 ], [ 281480.65, 4160061.9 ], [ 281484.15, 4160066.21 ], [ 281485.38, 4160065.22 ], [ 281485.88, 4160065.84 ], [ 281483.31, 4160067.92 ], [ 281488.59, 4160074.41 ], [ 281490.88, 4160072.56 ], [ 281492.8, 4160074.92 ], [ 281497.95, 4160070.76 ], [ 281479.69, 4160048.29 ] ] ] } },
{ "type": "Feature", "properties": { "id": "richmond_structure:394261", "name": null, "height": 3.53, "min_height": 0.0, "levels": null, "height_source": "lidar", "roof_shape": "flat", "roof_height": 0.0, "roof_azimuth": null, "roof_source": "heuristic", "roof_color": "roof_flat", "roof_color_source": "heuristic", "lod2_roof": null, "roof_props": null, "wall_color": "cream", "type": "yes", "landmark": null, "footprint_source": "richmond_structures", "source_updated": "2026-09-08T12:07:13.637000Z", "is_part": false, "parent": null, "hidden": false, "addr": null, "wikidata": null, "website": null, "zoning": "R-48", "lidar_p90": 3.89, "ground_z": 61.98 }, "geometry": { "type": "Polygon", "coordinates": [ [ [ 281459.53, 4160058.82 ], [ 281455.58, 4160061.29 ], [ 281457.95, 4160065.09 ], [ 281461.9, 4160062.62 ], [ 281459.53, 4160058.82 ] ] ] } },
{ "type": "Feature", "properties": { "id": "osm:way/466471728", "name": null, "height": 7.03, "min_height": 0.0, "levels": null, "height_source": "lidar", "roof_shape": "gable", "roof_height": 3.74, "roof_azimuth": 38.8, "roof_source": "lod2", "roof_color": "roof_flat", "roof_color_source": "ortho", "lod2_roof": { "v": [ [ 281481.06, 4160066.69, 2.52 ], [ 281481.06, 4160066.69, 0.0 ], [ 281481.76, 4160067.56, 2.54 ], [ 281482.92, 4160066.64, 2.49 ], [ 281483.31, 4160067.92, 2.53 ], [ 281487.25, 4160075.92, 3.22 ], [ 281487.25, 4160075.92, 3.74 ], [ 281487.39, 4160076.11, 3.5 ], [ 281487.39, 4160076.11, 3.5 ], [ 281487.39, 4160076.11, 3.5 ], [ 281484.19, 4160078.65, 3.41 ], [ 281484.19, 4160078.65, 3.41 ], [ 281485.7, 4160077.46, 3.45 ], [ 281489.25, 4160074.64, 3.55 ], [ 281489.25, 4160074.64, 2.64 ], [ 281490.72, 4160076.31, 1.36 ], [ 281482.82, 4160076.95, 0.92 ], [ 281477.86, 4160070.78, 0.1 ], [ 281478.7, 4160070.11, 0.11 ], [ 281485.59, 4160080.39, 1.2 ], [ 281486.07, 4160074.3, 0.93 ], [ 281486.07, 4160074.3, 2.68 ], [ 281486.98, 4160075.55, 2.7 ], [ 281487.25, 4160075.92, 2.71 ], [ 281488.24, 4160075.33, 2.68 ], [ 281488.24, 4160075.33, 3.61 ], [ 281480.38, 4160065.85, 0.0 ], [ 281480.73, 4160066.96, 2.54 ], [ 281480.73, 4160066.96, 0.0 ], [ 281477.26, 4160068.33, 0.0 ], [ 281488.3, 4160075.4, 2.68 ], [ 281488.3, 4160075.4, 3.52 ] ], "f": [ [ [ 16, 20, 22, 5, 7, 9, 12, 11 ] ], [ [ 31, 13, 15, 19, 10, 12, 8, 7, 6, 25 ] ], [ [ 28, 20, 16, 17, 18, 29, 26, 1 ] ], [ [ 21, 27, 0, 2, 3, 4, 14, 30, 24, 23, 22 ] ], [ [ 5, 6, 7 ] ], [ [ 8, 9, 7 ] ], [ [ 10, 11, 12 ] ], [ [ 9, 8, 12 ] ], [ [ 20, 21, 22 ] ], [ [ 23, 5, 22 ] ], [ [ 6, 5, 23, 24, 25 ] ], [ [ 27, 28, 1, 0 ] ], [ [ 25, 24, 30, 31 ] ], [ [ 31, 30, 14, 13 ] ], [ [ 21, 20, 28, 27 ] ] ] }, "roof_props": null, "wall_color": "concrete", "type": "yes", "landmark": null, "footprint_source": "osm", "source_updated": null, "is_part": false, "parent": null, "hidden": false, "addr": "3011 Monument Avenue", "wikidata": null, "website": null, "zoning": "R-48", "lidar_p90": 10.36, "ground_z": 61.94 }, "geometry": { "type": "Polygon", "coordinates": [ [ [ 281490.72, 4160076.31 ], [ 281483.31, 4160067.92 ], [ 281482.92, 4160066.64 ], [ 281481.76, 4160067.56 ], [ 281480.38, 4160065.85 ], [ 281477.26, 4160068.33 ], [ 281478.7, 4160070.12 ], [ 281477.86, 4160070.78 ], [ 281485.59, 4160080.39 ], [ 281490.72, 4160076.31 ] ] ] } },
{ "type": "Feature", "properties": { "id": "osm:way/466471729", "name": null, "height": 7.04, "min_height": 0.0, "levels": null, "height_source": "lidar", "roof_shape": "gable", "roof_height": 3.31, "roof_azimuth": 23.8, "roof_source": "lod2", "roof_color": "roof_flat", "roof_color_source": "ortho", "lod2_roof": { "v": [ [ 281474.35, 4160076.85, 0.19 ], [ 281473.56, 4160074.2, 0.0 ], [ 281474.17, 4160073.74, 0.0 ], [ 281485.59, 4160080.39, 1.11 ], [ 281480.51, 4160084.49, 1.04 ], [ 281484.19, 4160078.66, 3.31 ], [ 281472.69, 4160071.82, 0.0 ], [ 281474.77, 4160070.23, 0.0 ], [ 281474.77, 4160070.23, 0.0 ], [ 281475.93, 4160069.35, 0.0 ], [ 281477.9, 4160071.33, 0.03 ], [ 281477.9, 4160071.33, 0.0 ], [ 281477.65, 4160071.0, 0.0 ], [ 281477.65, 4160071.0, 0.0 ], [ 281477.86, 4160070.78, 0.0 ], [ 281477.69, 4160080.99, 0.74 ], [ 281479.08, 4160082.72, 3.28 ], [ 281479.08, 4160082.72, 3.28 ], [ 281476.85, 4160072.67, 0.05 ], [ 281476.85, 4160072.67, 0.0 ], [ 281477.02, 4160072.44, 0.0 ], [ 281477.02, 4160072.44, 0.05 ], [ 281477.49, 4160072.65, 0.0 ], [ 281477.49, 4160072.65, 0.1 ], [ 281482.81, 4160076.94, 0.8 ], [ 281477.4, 4160071.27, 0.0 ] ], "f": [ [ [ 16, 5, 3, 4 ] ], [ [ 24, 5, 17, 15 ] ], [ [ 19, 7, 9, 25, 12, 11, 22, 20 ] ], [ [ 8, 18, 21, 23, 10, 13, 14, 24, 15, 0, 1, 2, 6 ] ], [ [ 10, 11, 12, 13 ] ], [ [ 16, 17, 5 ] ], [ [ 18, 19, 20, 21 ] ], [ [ 21, 20, 22, 23 ] ], [ [ 23, 22, 11, 10 ] ], [ [ 8, 7, 19, 18 ] ] ] }, "roof_props": null, "wall_color": "sand", "type": "yes", "landmark": null, "footprint_source": "osm", "source_updated": null, "is_part": false, "parent": null, "hidden": false, "addr": "3013 Monument Avenue", "wikidata": null, "website": null, "zoning": "R-48", "lidar_p90": 9.96, "ground_z": 61.88 }, "geometry": { "type": "Polygon", "coordinates": [ [ [ 281477.86, 4160070.78 ], [ 281477.4, 4160071.27 ], [ 281475.93, 4160069.36 ], [ 281472.69, 4160071.82 ], [ 281474.17, 4160073.74 ], [ 281473.56, 4160074.2 ], [ 281474.35, 4160076.85 ], [ 281480.51, 4160084.49 ], [ 281485.59, 4160080.39 ], [ 281477.86, 4160070.78 ] ] ] } },
{ "type": "Feature", "properties": { "id": "osm:way/466471730", "name": null, "height": 7.76, "min_height": 0.0, "levels": null, "height_source": "lidar", "roof_shape": "flat", "roof_height": 0.0, "roof_azimuth": null, "roof_source": "heuristic", "roof_color": "roof_flat", "roof_color_source": "ortho", "lod2_roof": null, "roof_props": null, "wall_color": "brick", "type": "yes", "landmark": null, "footprint_source": "osm", "source_updated": null, "is_part": false, "parent": null, "hidden": false, "addr": "3015 Monument Avenue", "wikidata": null, "website": null, "zoning": "R-48", "lidar_p90": 9.29, "ground_z": 61.83 }, "geometry": { "type": "Polygon", "coordinates": [ [ [ 281474.89, 4160087.74 ], [ 281466.55, 4160076.79 ], [ 281465.42, 4160077.65 ], [ 281463.53, 4160075.17 ], [ 281460.66, 4160077.33 ], [ 281462.42, 4160079.65 ], [ 281459.68, 4160081.71 ], [ 281468.15, 4160092.84 ], [ 281474.89, 4160087.74 ] ] ] } },
{ "type": "Feature", "properties": { "id": "osm:way/466471731", "name": null, "height": 6.06, "min_height": 0.0, "levels": null, "height_source": "lidar", "roof_shape": "flat", "roof_height": 0.11, "roof_azimuth": null, "roof_source": "lod2", "roof_color": "roof_flat", "roof_color_source": "ortho", "lod2_roof": { "v": [ [ 281454.72, 4160073.87, 0.05 ], [ 281462.45, 4160097.34, 0.11 ], [ 281455.44, 4160098.84, 0.07 ], [ 281454.37, 4160099.17, 0.06 ], [ 281455.63, 4160099.45, 0.07 ], [ 281447.47, 4160077.04, 0.0 ] ], "f": [ [ [ 5, 0, 1, 4, 2, 3 ] ] ] }, "roof_props": null, "wall_color": "sand", "type": "yes", "landmark": null, "footprint_source": "osm", "source_updated": null, "is_part": false, "parent": null, "hidden": false, "addr": "3019 Monument Avenue", "wikidata": null, "website": null, "zoning": "R-48", "lidar_p90": 6.48, "ground_z": 62.33 }, "geometry": { "type": "Polygon", "coordinates": [ [ [ 281455.44, 4160098.85 ], [ 281455.63, 4160099.45 ], [ 281462.66, 4160097.28 ], [ 281462.45, 4160096.61 ], [ 281463.29, 4160096.35 ], [ 281455.87, 4160072.52 ], [ 281446.92, 4160075.27 ], [ 281454.36, 4160099.17 ], [ 281455.44, 4160098.85 ] ] ] } },
{ "type": "Feature", "properties": { "id": "richmond_structure:394938", "name": null, "height": 4.61, "min_height": 0.0, "levels": null, "height_source": "lidar", "roof_shape": "flat", "roof_height": 0.45, "roof_azimuth": null, "roof_source": "lod2", "roof_color": "roof_flat", "roof_color_source": "heuristic", "lod2_roof": { "v": [ [ 281487.94, 4160146.58, 0.45 ], [ 281486.13, 4160144.27, 0.0 ], [ 281493.49, 4160142.25, 0.35 ], [ 281491.68, 4160139.94, 0.0 ] ], "f": [ [ [ 3, 2, 0, 1 ] ] ] }, "roof_props": null, "wall_color": "sand", "type": "yes", "landmark": null, "footprint_source": "richmond_structures", "source_updated": "2026-09-08T12:07:13.637000Z", "is_part": false, "parent": null, "hidden": false, "addr": null, "wikidata": null, "website": null, "zoning": "R-48", "lidar_p90": 4.67, "ground_z": 61.92 }, "geometry": { "type": "Polygon", "coordinates": [ [ [ 281493.49, 4160142.25 ], [ 281491.68, 4160139.94 ], [ 281486.13, 4160144.27 ], [ 281487.94, 4160146.58 ], [ 281493.49, 4160142.25 ] ] ] } },
{ "type": "Feature", "properties": { "id": "osm:way/427317609", "name": null, "height": 8.51, "min_height": 0.0, "levels": null, "height_source": "lidar", "roof_shape": "flat", "roof_height": 0.0, "roof_azimuth": null, "roof_source": "heuristic", "roof_color": "roof_flat", "roof_color_source": "ortho", "lod2_roof": null, "roof_props": null, "wall_color": "cream", "type": "yes", "landmark": null, "footprint_source": "osm", "source_updated": null, "is_part": false, "parent": null, "hidden": false, "addr": "2916 Monument Avenue", "wikidata": null, "website": null, "zoning": "R-48", "lidar_p90": 10.47, "ground_z": 61.91 }, "geometry": { "type": "Polygon", "coordinates": [ [ [ 281488.04, 4160145.7 ], [ 281497.68, 4160158.34 ], [ 281498.63, 4160157.63 ], [ 281499.96, 4160159.37 ], [ 281504.13, 4160156.22 ], [ 281502.48, 4160154.05 ], [ 281503.72, 4160153.12 ], [ 281494.4, 4160140.89 ], [ 281488.04, 4160145.7 ] ] ] } },
{ "type": "Feature", "properties": { "id": "osm:way/466466888", "name": null, "height": 11.3, "min_height": 0.0, "levels": null, "height_source": "lidar", "roof_shape": "flat", "roof_height": 1.21, "roof_azimuth": null, "roof_source": "lod2", "roof_color": "roof_flat", "roof_color_source": "ortho", "lod2_roof": { "v": [ [ 281486.7, 4160177.24, 0.0 ], [ 281487.89, 4160178.78, 0.0 ], [ 281465.33, 4160163.68, 0.0 ], [ 281465.57, 4160163.5, 0.0 ], [ 281488.78, 4160174.82, 0.64 ], [ 281488.78, 4160174.82, 0.54 ], [ 281486.3, 4160176.72, 0.57 ], [ 281482.28, 4160180.18, 0.45 ], [ 281477.93, 4160183.5, 0.32 ], [ 281483.69, 4160182.0, 0.01 ], [ 281466.69, 4160166.04, 0.98 ], [ 281466.69, 4160166.04, 0.0 ], [ 281467.09, 4160165.7, 0.0 ], [ 281467.09, 4160165.7, 0.97 ], [ 281472.46, 4160177.87, 0.0 ], [ 281464.66, 4160167.76, 0.99 ], [ 281473.18, 4160177.33, 0.0 ], [ 281473.57, 4160177.84, 0.0 ], [ 281473.57, 4160177.84, 0.32 ], [ 281486.7, 4160177.24, 0.57 ], [ 281482.51, 4160180.48, 0.16 ], [ 281482.51, 4160180.48, 0.45 ], [ 281475.71, 4160169.91, 0.46 ], [ 281475.71, 4160169.91, 0.19 ], [ 281477.57, 4160170.41, 0.05 ], [ 281477.57, 4160170.41, 0.49 ], [ 281464.93, 4160165.04, 0.0 ], [ 281464.13, 4160164.6, 0.0 ], [ 281465.23, 4160163.06, 0.0 ], [ 281472.45, 4160157.07, 0.0 ], [ 281472.73, 4160160.96, 0.94 ], [ 281472.73, 4160160.96, 0.0 ], [ 281472.45, 4160157.07, 1.21 ], [ 281473.96, 4160156.76, 1.14 ], [ 281475.52, 4160155.56, 1.12 ], [ 281473.52, 4160156.18, 1.2 ], [ 281474.53, 4160176.94, 0.0 ], [ 281474.53, 4160176.94, 0.35 ], [ 281465.13, 4160167.35, 0.98 ], [ 281479.71, 4160170.32, 0.0 ], [ 281479.71, 4160170.32, 0.1 ], [ 281479.71, 4160170.32, 0.53 ], [ 281490.11, 4160173.81, 0.4 ], [ 281483.6, 4160170.15, 0.03 ], [ 281483.6, 4160170.15, 0.0 ], [ 281485.75, 4160169.15, 0.0 ], [ 281485.75, 4160169.15, 0.0 ], [ 281489.04, 4160173.52, 0.38 ], [ 281464.93, 4160165.04, 1.14 ] ], "f": [ [ [ 20, 0, 1, 9 ] ], [ [ 11, 26, 27, 2, 12 ] ], [ [ 31, 12, 2, 3, 28, 29 ] ], [ [ 44, 39, 24, 23, 36, 17, 16, 14, 15, 38, 48, 10, 13, 30, 32, 35, 33, 34, 45 ] ], [ [ 41, 4, 6, 19, 21, 7, 8, 18, 37, 22, 25 ] ], [ [ 5, 40, 43, 46, 47, 42 ] ], [ [ 10, 11, 12, 13 ] ], [ [ 19, 0, 20, 21 ] ], [ [ 22, 23, 24, 25 ] ], [ [ 30, 31, 29, 32 ] ], [ [ 18, 17, 36, 37 ] ], [ [ 37, 36, 23, 22 ] ], [ [ 25, 24, 39, 40, 41 ] ], [ [ 43, 44, 45, 46 ] ], [ [ 48, 26, 11, 10 ] ], [ [ 13, 12, 31, 30 ] ], [ [ 40, 39, 44, 43 ] ], [ [ 41, 40, 5, 4 ] ] ] }, "roof_props": null, "wall_color": "cream", "type": "yes", "landmark": null, "footprint_source": "osm", "source_updated": null, "is_part": false, "parent": null, "hidden": false, "addr": "3000 Monument Avenue", "wikidata": null, "website": null, "zoning": "R-48", "lidar_p90": 11.79, "ground_z": 62.06 }, "geometry": { "type": "Polygon", "coordinates": [ [ [ 281472.46, 4160177.87 ], [ 281473.17, 4160177.33 ], [ 281477.93, 4160183.5 ], [ 281482.28, 4160180.18 ], [ 281483.68, 4160182.0 ], [ 281487.89, 4160178.78 ], [ 281486.29, 4160176.72 ], [ 281491.18, 4160172.98 ], [ 281476.91, 4160154.49 ], [ 281473.96, 4160156.76 ], [ 281472.76, 4160155.2 ], [ 281464.22, 4160161.74 ], [ 281465.57, 4160163.5 ], [ 281462.93, 4160165.52 ], [ 281472.46, 4160177.87 ] ] ] } },
{ "type": "Feature", "properties": { "id": "osm:way/466466889", "name": null, "height": 10.63, "min_height": 0.0, "levels": null, "height_source": "lidar", "roof_shape": "flat", "roof_height": 3.16, "roof_azimuth": null, "roof_source": "lod2", "roof_color": "roof_flat", "roof_color_source": "ortho", "lod2_roof": { "v": [ [ 281462.91, 4160168.23, 0.71 ], [ 281463.54, 4160167.75, 0.88 ], [ 281466.42, 4160172.66, 0.2 ], [ 281469.55, 4160175.5, 0.0 ], [ 281466.0, 4160172.98, 0.09 ], [ 281455.09, 4160173.37, 0.0 ], [ 281454.12, 4160172.12, 0.0 ], [ 281458.53, 4160168.72, 0.0 ], [ 281454.67, 4160173.69, 0.0 ], [ 281454.67, 4160173.69, 0.0 ], [ 281459.93, 4160170.53, 0.0 ], [ 281465.74, 4160173.18, 0.18 ], [ 281464.6, 4160171.34, 2.58 ], [ 281464.6, 4160171.34, 0.0 ], [ 281461.5, 4160169.32, 0.0 ], [ 281476.86, 4160189.67, 0.0 ], [ 281453.23, 4160174.79, 0.0 ], [ 281469.27, 4160195.5, 0.09 ], [ 281457.12, 4160179.81, 0.37 ], [ 281455.87, 4160178.2, 2.63 ], [ 281455.87, 4160178.2, 2.63 ], [ 281461.55, 4160173.09, 2.09 ], [ 281461.55, 4160173.09, 3.16 ], [ 281461.56, 4160173.73, 2.6 ], [ 281463.1, 4160168.92, 0.0 ], [ 281461.51, 4160169.82, 0.0 ], [ 281461.51, 4160169.82, 0.0 ], [ 281461.51, 4160169.82, 0.0 ], [ 281459.55, 4160170.93, 0.0 ], [ 281462.27, 4160173.17, 2.59 ], [ 281462.27, 4160173.17, 1.4 ], [ 281461.54, 4160172.27, 1.45 ], [ 281461.55, 4160173.09, 2.09 ], [ 281466.0, 4160172.98, 0.18 ] ], "f": [ [ [ 15, 17, 18, 11, 33 ] ], [ [ 26, 31, 21, 23, 20, 16, 9, 28 ] ], [ [ 22, 29, 12, 11, 18, 19, 23 ] ], [ [ 14, 27, 28, 8, 5, 6, 7, 10 ] ], [ [ 30, 32, 31, 25, 24, 13 ] ], [ [ 3, 2, 4, 0, 1 ] ], [ [ 21, 22, 23 ] ], [ [ 19, 20, 23 ] ], [ [ 27, 26, 28 ] ], [ [ 9, 8, 28 ] ], [ [ 29, 30, 13, 12 ] ], [ [ 26, 25, 31 ] ], [ [ 32, 21, 31 ] ], [ [ 22, 21, 32, 30, 29 ] ] ] }, "roof_props": null, "wall_color": "sand", "type": "yes", "landmark": null, "footprint_source": "osm", "source_updated": null, "is_part": false, "parent": null, "hidden": false, "addr": "3004 Monument Avenue", "wikidata": null, "website": null, "zoning": "R-48", "lidar_p90": 12.29, "ground_z": 62.47 }, "geometry": { "type": "Polygon", "coordinates": [ [ [ 281469.27, 4160195.5 ], [ 281479.16, 4160187.9 ], [ 281463.54, 4160167.75 ], [ 281459.93, 4160170.53 ], [ 281458.53, 4160168.72 ], [ 281454.12, 4160172.12 ], [ 281455.09, 4160173.37 ], [ 281453.23, 4160174.79 ], [ 281469.27, 4160195.5 ] ] ] } },
{ "type": "Feature", "properties": { "id": "osm:way/466466892", "name": null, "height": 10.05, "min_height": 0.0, "levels": null, "height_source": "lidar", "roof_shape": "flat", "roof_height": 0.0, "roof_azimuth": null, "roof_source": "lidar", "roof_color": "roof_flat", "roof_color_source": "ortho", "lod2_roof": null, "roof_props": null, "wall_color": "sand", "type": "yes", "landmark": null, "footprint_source": "osm", "source_updated": null, "is_part": false, "parent": null, "hidden": false, "addr": "3006 Monument Avenue", "wikidata": null, "website": null, "zoning": "R-48", "lidar_p90": 10.83, "ground_z": 62.98 }, "geometry": { "type": "Polygon", "coordinates": [ [ [ 281446.41, 4160176.92 ], [ 281448.16, 4160179.15 ], [ 281446.25, 4160180.64 ], [ 281444.61, 4160178.55 ], [ 281440.47, 4160181.79 ], [ 281447.82, 4160191.12 ], [ 281449.23, 4160190.01 ], [ 281454.82, 4160197.11 ], [ 281453.65, 4160198.02 ], [ 281456.74, 4160201.93 ], [ 281459.59, 4160199.7 ], [ 281461.17, 4160201.69 ], [ 281465.97, 4160197.94 ], [ 281464.39, 4160195.95 ], [ 281467.24, 4160193.72 ], [ 281464.04, 4160189.67 ], [ 281462.82, 4160190.62 ], [ 281457.27, 4160183.57 ], [ 281458.13, 4160182.9 ], [ 281450.75, 4160173.54 ], [ 281446.41, 4160176.92 ] ] ] } },
{ "type": "Feature", "properties": { "id": "osm:way/530436464", "name": null, "height": 3.08, "min_height": 0.0, "levels": null, "height_source": "lidar", "roof_shape": "flat", "roof_height": 6.35, "roof_azimuth": null, "roof_source": "lod2", "roof_color": "roof_flat", "roof_color_source": "ortho", "lod2_roof": { "v": [ [ 281492.7, 4160195.12, 0.24 ], [ 281493.47, 4160196.15, 0.23 ], [ 281488.97, 4160198.03, 0.02 ], [ 281498.58, 4160202.95, 6.12 ], [ 281498.58, 4160202.95, 0.21 ], [ 281493.47, 4160196.15, 6.13 ], [ 281495.01, 4160205.73, 0.0 ], [ 281494.95, 4160194.84, 6.34 ], [ 281500.27, 4160201.64, 6.35 ] ], "f": [ [ [ 6, 2, 0, 1, 4 ] ], [ [ 8, 3, 5, 7 ] ], [ [ 3, 4, 1, 5 ] ] ] }, "roof_props": null, "wall_color": "sand", "type": "yes", "landmark": null, "footprint_source": "osm", "source_updated": null, "is_part": false, "parent": null, "hidden": false, "addr": "3003 W Grace St Rear", "wikidata": null, "website": null, "zoning": "R-6", "lidar_p90": 9.3, "ground_z": 62.09 }, "geometry": { "type": "Polygon", "coordinates": [ [ [ 281495.01, 4160205.73 ], [ 281500.27, 4160201.64 ], [ 281494.24, 4160193.92 ], [ 281488.97, 4160198.03 ], [ 281495.01, 4160205.73 ] ] ] } },
{ "type": "Feature", "properties": { "id": "osm:way/1131697433", "name": null, "height": 2.69, "min_height": 0.0, "levels": null, "height_source": "lidar", "roof_shape": "skillion", "roof_height": 1.54, "roof_azimuth": 114.9, "roof_source": "lod2", "roof_color": "roof_flat", "roof_color_source": "ortho", "lod2_roof": { "v": [ [ 281470.46, 4160205.03, 0.34 ], [ 281463.53, 4160210.41, 0.79 ], [ 281458.8, 4160206.51, 0.13 ], [ 281467.82, 4160199.49, 0.0 ], [ 281469.02, 4160201.02, 0.04 ], [ 281471.51, 4160204.2, 0.08 ], [ 281469.02, 4160201.02, 0.47 ], [ 281468.18, 4160201.07, 0.31 ], [ 281470.46, 4160205.03, 0.61 ], [ 281470.41, 4160204.53, 0.5 ], [ 281462.5, 4160211.21, 0.45 ], [ 281459.68, 4160207.63, 0.46 ], [ 281463.53, 4160210.41, 0.99 ], [ 281463.21, 4160210.17, 0.95 ], [ 281459.68, 4160207.63, 0.66 ], [ 281459.98, 4160207.35, 0.63 ], [ 281467.75, 4160204.45, 1.3 ], [ 281463.33, 4160208.06, 1.54 ] ], "f": [ [ [ 16, 9, 0, 1, 13, 17 ] ], [ [ 15, 17, 13, 12, 10, 11 ] ], [ [ 9, 16, 7, 4, 5, 8 ] ], [ [ 17, 15, 14, 2, 3, 6, 7, 16 ] ], [ [ 6, 4, 7 ] ], [ [ 8, 0, 9 ] ], [ [ 1, 12, 13 ] ], [ [ 11, 14, 15 ] ] ] }, "roof_props": null, "wall_color": "brick", "type": "yes", "landmark": null, "footprint_source": "osm", "source_updated": null, "is_part": false, "parent": null, "hidden": false, "addr": "3006 Monument Ave Unit G1", "wikidata": null, "website": null, "zoning": "R-48", "lidar_p90": 3.74, "ground_z": 63.14 }, "geometry": { "type": "Polygon", "coordinates": [ [ [ 281458.8, 4160206.51 ], [ 281462.5, 4160211.21 ], [ 281471.51, 4160204.21 ], [ 281467.82, 4160199.49 ], [ 281458.8, 4160206.51 ] ] ] } },
{ "type": "Feature", "properties": { "id": "osm:way/530436465", "name": null, "height": 2.94, "min_height": 0.0, "levels": null, "height_source": "lidar", "roof_shape": "flat", "roof_height": 0.13, "roof_azimuth": null, "roof_source": "lod2", "roof_color": "roof_flat", "roof_color_source": "ortho", "lod2_roof": { "v": [ [ 281481.91, 4160215.71, 0.11 ], [ 281475.96, 4160208.5, 0.13 ], [ 281485.1, 4160213.11, 0.0 ], [ 281479.48, 4160205.62, 0.01 ] ], "f": [ [ [ 3, 2, 0, 1 ] ] ] }, "roof_props": null, "wall_color": "concrete", "type": "yes", "landmark": null, "footprint_source": "osm", "source_updated": null, "is_part": false, "parent": null, "hidden": false, "addr": "3009 W Grace St Rear", "wikidata": null, "website": null, "zoning": "R-6", "lidar_p90": 3.03, "ground_z": 62.85 }, "geometry": { "type": "Polygon", "coordinates": [ [ [ 281486.52, 4160211.95 ], [ 281480.57, 4160204.72 ], [ 281475.96, 4160208.5 ], [ 281481.91, 4160215.71 ], [ 281486.52, 4160211.95 ] ] ] } },
{ "type": "Feature", "properties": { "id": "osm:way/530436466", "name": null, "height": 2.94, "min_height": 0.0, "levels": null, "height_source": "lidar", "roof_shape": "flat", "roof_height": 0.46, "roof_azimuth": null, "roof_source": "lod2", "roof_color": "roof_flat", "roof_color_source": "ortho", "lod2_roof": { "v": [ [ 281475.69, 4160209.25, 0.0 ], [ 281480.01, 4160214.82, 0.45 ], [ 281474.03, 4160211.64, 0.06 ], [ 281473.37, 4160211.03, 0.01 ], [ 281471.03, 4160213.85, 0.07 ], [ 281474.85, 4160218.78, 0.46 ] ], "f": [ [ [ 3, 0, 1, 5, 4, 2 ] ] ] }, "roof_props": null, "wall_color": "terracotta", "type": "yes", "landmark": null, "footprint_source": "osm", "source_updated": null, "is_part": false, "parent": null, "hidden": false, "addr": null, "wikidata": null, "website": null, "zoning": "R-6", "lidar_p90": 3.37, "ground_z": 63.18 }, "geometry": { "type": "Polygon", "coordinates": [ [ [ 281480.01, 4160214.82 ], [ 281475.69, 4160209.25 ], [ 281470.53, 4160213.2 ], [ 281474.85, 4160218.78 ], [ 281480.01, 4160214.82 ] ] ] } },
{ "type": "Feature", "properties": { "id": "osm:way/530436458", "name": null, "height": 6.7, "min_height": 0.0, "levels": null, "height_source": "lidar", "roof_shape": "flat", "roof_height": 0.0, "roof_azimuth": null, "roof_source": "heuristic", "roof_color": "roof_flat", "roof_color_source": "ortho", "lod2_roof": null, "roof_props": null, "wall_color": "cream", "type": "yes", "landmark": null, "footprint_source": "osm", "source_updated": null, "is_part": false, "parent": null, "hidden": false, "addr": "3007 West Grace Street", "wikidata": null, "website": null, "zoning": "R-6", "lidar_p90": 8.07, "ground_z": 62.55 }, "geometry": { "type": "Polygon", "coordinates": [ [ [ 281507.35, 4160229.68 ], [ 281498.35, 4160218.45 ], [ 281497.38, 4160219.22 ], [ 281494.76, 4160215.95 ], [ 281491.42, 4160218.75 ], [ 281503.06, 4160233.09 ], [ 281507.35, 4160229.68 ] ] ] } },
{ "type": "Feature", "properties": { "id": "osm:way/530436459", "name": null, "height": 6.31, "min_height": 0.0, "levels": null, "height_source": "lidar", "roof_shape": "gable", "roof_height": 2.54, "roof_azimuth": 39.1, "roof_source": "lod2", "roof_color": "roof_flat", "roof_color_source": "ortho", "lod2_roof": { "v": [ [ 281499.82, 4160231.35, 2.48 ], [ 281499.82, 4160231.35, 2.35 ], [ 281499.77, 4160231.29, 2.42 ], [ 281495.86, 4160232.03, 2.28 ], [ 281495.86, 4160232.03, 0.73 ], [ 281496.64, 4160230.95, 0.72 ], [ 281496.64, 4160230.95, 2.28 ], [ 281499.6, 4160235.38, 0.0 ], [ 281499.6, 4160235.38, 0.0 ], [ 281499.87, 4160235.66, 0.0 ], [ 281499.87, 4160235.66, 0.0 ], [ 281499.61, 4160234.51, 0.28 ], [ 281499.61, 4160234.51, 0.0 ], [ 281503.06, 4160233.09, 0.0 ], [ 281500.28, 4160231.95, 1.7 ], [ 281500.28, 4160231.95, 2.49 ], [ 281499.64, 4160232.77, 1.46 ], [ 281501.35, 4160233.35, 2.38 ], [ 281501.35, 4160233.35, 2.38 ], [ 281499.63, 4160228.86, 0.77 ], [ 281500.97, 4160230.51, 1.11 ], [ 281500.97, 4160230.51, 2.47 ], [ 281490.47, 4160225.39, 0.34 ], [ 281496.91, 4160233.33, 2.31 ], [ 281499.22, 4160236.18, 0.0 ], [ 281496.91, 4160233.33, 2.41 ], [ 281491.71, 4160224.38, 0.35 ], [ 281489.49, 4160221.64, 0.19 ], [ 281492.05, 4160219.52, 0.22 ], [ 281498.29, 4160232.34, 2.33 ], [ 281498.29, 4160232.34, 2.41 ], [ 281502.6, 4160232.52, 0.0 ], [ 281502.6, 4160232.52, 0.87 ], [ 281501.35, 4160233.35, 0.0 ], [ 281497.73, 4160230.89, 1.2 ], [ 281497.73, 4160230.89, 0.76 ], [ 281498.22, 4160229.84, 0.75 ], [ 281497.73, 4160230.89, 2.3 ], [ 281498.25, 4160232.24, 2.32 ], [ 281499.87, 4160231.32, 2.48 ], [ 281499.82, 4160231.35, 2.54 ] ], "f": [ [ [ 18, 11, 16, 15 ] ], [ [ 35, 5, 4, 22, 26, 27, 28, 19, 36 ] ], [ [ 37, 38, 29, 23, 3, 6 ] ], [ [ 21, 39, 0, 2, 30, 38, 34, 36, 19 ] ], [ [ 1, 14, 16, 11, 7, 10, 24, 25, 30, 2 ] ], [ [ 32, 17, 15, 40, 39, 20 ] ], [ [ 33, 31, 13, 9, 8, 12 ] ], [ [ 0, 1, 2 ] ], [ [ 3, 4, 5, 6 ] ], [ [ 7, 8, 9, 10 ] ], [ [ 11, 12, 8, 7 ] ], [ [ 14, 15, 16 ] ], [ [ 17, 18, 15 ] ], [ [ 25, 23, 29, 30 ] ], [ [ 18, 33, 12, 11 ] ], [ [ 34, 35, 36 ] ], [ [ 6, 5, 35, 34, 37 ] ], [ [ 30, 29, 38 ] ], [ [ 37, 34, 38 ] ], [ [ 21, 20, 39 ] ], [ [ 40, 0, 39 ] ], [ [ 15, 14, 1, 0, 40 ] ], [ [ 32, 31, 33, 18, 17 ] ] ] }, "roof_props": null, "wall_color": "concrete", "type": "yes", "landmark": null, "footprint_source": "osm", "source_updated": null, "is_part": false, "parent": null, "hidden": false, "addr": "3009 West Grace Street", "wikidata": null, "website": null, "zoning": "R-6", "lidar_p90": 8.4, "ground_z": 62.64 }, "geometry": { "type": "Polygon", "coordinates": [ [ [ 281491.42, 4160218.75 ], [ 281488.83, 4160220.83 ], [ 281491.71, 4160224.38 ], [ 281490.47, 4160225.39 ], [ 281499.22, 4160236.18 ], [ 281503.06, 4160233.09 ], [ 281491.42, 4160218.75 ] ] ] } },
{ "type": "Feature", "properties": { "id": "osm:way/530436460", "name": null, "height": 7.16, "min_height": 0.0, "levels": null, "height_source": "lidar", "roof_shape": "flat", "roof_height": 2.44, "roof_azimuth": null, "roof_source": "lod2", "roof_color": "roof_flat", "roof_color_source": "ortho", "lod2_roof": { "v": [ [ 281493.12, 4160243.31, 0.0 ], [ 281492.07, 4160241.94, 0.0 ], [ 281493.75, 4160240.41, 2.01 ], [ 281493.75, 4160240.41, 0.0 ], [ 281492.07, 4160241.94, 0.38 ], [ 281495.62, 4160238.7, 0.2 ], [ 281495.62, 4160238.7, 0.0 ], [ 281493.75, 4160240.41, 2.01 ], [ 281490.74, 4160240.19, 2.38 ], [ 281490.74, 4160240.19, 0.82 ], [ 281490.02, 4160239.24, 0.92 ], [ 281497.58, 4160239.75, 0.0 ], [ 281495.31, 4160236.28, 2.1 ], [ 281495.5, 4160236.49, 2.44 ], [ 281495.5, 4160236.49, 2.44 ], [ 281492.29, 4160238.87, 2.29 ], [ 281496.83, 4160238.6, 0.0 ], [ 281492.92, 4160239.6, 2.12 ], [ 281492.92, 4160239.6, 2.12 ], [ 281492.92, 4160239.6, 1.15 ], [ 281493.28, 4160238.89, 1.6 ], [ 281496.61, 4160237.79, 0.41 ], [ 281496.42, 4160237.97, 0.37 ], [ 281496.19, 4160237.3, 1.19 ], [ 281496.19, 4160236.86, 1.61 ], [ 281495.88, 4160236.94, 1.75 ], [ 281478.92, 4160224.7, 0.08 ], [ 281494.71, 4160235.58, 0.97 ], [ 281492.16, 4160238.98, 2.29 ], [ 281492.16, 4160238.98, 2.15 ], [ 281492.27, 4160238.97, 2.21 ], [ 281492.27, 4160238.97, 2.37 ], [ 281492.27, 4160238.97, 2.2 ], [ 281492.27, 4160238.97, 2.2 ], [ 281496.83, 4160238.6, 0.0 ], [ 281482.23, 4160221.06, 0.08 ] ], "f": [ [ [ 20, 5, 7, 18 ] ], [ [ 31, 28, 8, 10, 27, 12, 14, 15 ] ], [ [ 32, 33, 17, 2, 4, 9, 29 ] ], [ [ 6, 16, 11, 0, 1, 3 ] ], [ [ 22, 34, 5, 20, 19, 33, 30, 15, 13, 25, 24, 23, 21 ] ], [ [ 26, 35, 27, 10 ] ], [ [ 2, 3, 1, 4 ] ], [ [ 5, 6, 3, 2, 7 ] ], [ [ 14, 13, 15 ] ], [ [ 7, 2, 17, 18 ] ], [ [ 18, 17, 19, 20 ] ], [ [ 28, 29, 9, 8 ] ], [ [ 30, 31, 15 ] ], [ [ 31, 30, 32, 29, 28 ] ], [ [ 19, 17, 33 ] ], [ [ 32, 30, 33 ] ], [ [ 34, 16, 6, 5 ] ] ] }, "roof_props": null, "wall_color": "cream", "type": "yes", "landmark": null, "footprint_source": "osm", "source_updated": null, "is_part": false, "parent": null, "hidden": false, "addr": "3011 West Grace Street", "wikidata": null, "website": null, "zoning": "R-6", "lidar_p90": 8.39, "ground_z": 62.92 }, "geometry": { "type": "Polygon", "coordinates": [ [ [ 281483.34, 4160218.47 ], [ 281477.64, 4160223.02 ], [ 281493.12, 4160243.31 ], [ 281499.35, 4160238.34 ], [ 281483.34, 4160218.47 ] ] ] } },
{ "type": "Feature", "properties": { "id": "osm:way/530436467", "name": null, "height": 3.08, "min_height": 0.0, "levels": null, "height_source": "lidar", "roof_shape": "flat", "roof_height": 0.22, "roof_azimuth": null, "roof_source": "lod2", "roof_color": "roof_flat", "roof_color_source": "ortho", "lod2_roof": { "v": [ [ 281447.28, 4160233.3, 0.06 ], [ 281456.5, 4160226.45, 0.0 ], [ 281459.2, 4160231.17, 0.16 ], [ 281450.78, 4160237.74, 0.22 ] ], "f": [ [ [ 3, 0, 1, 2 ] ] ] }, "roof_props": null, "wall_color": "concrete", "type": "yes", "landmark": null, "footprint_source": "osm", "source_updated": null, "is_part": false, "parent": null, "hidden": false, "addr": null, "wikidata": null, "website": null, "zoning": "R-6", "lidar_p90": 3.67, "ground_z": 63.73 }, "geometry": { "type": "Polygon", "coordinates": [ [ [ 281450.78, 4160237.74 ], [ 281461.08, 4160229.7 ], [ 281457.11, 4160224.66 ], [ 281446.36, 4160232.13 ], [ 281450.78, 4160237.74 ] ] ] } },
{ "type": "Feature", "properties": { "id": "osm:way/530436461", "name": null, "height": 6.43, "min_height": 0.0, "levels": null, "height_source": "lidar", "roof_shape": "flat", "roof_height": 0.03, "roof_azimuth": null, "roof_source": "lod2", "roof_color": "roof_flat", "roof_color_source": "ortho", "lod2_roof": { "v": [ [ 281463.86, 4160228.96, 0.0 ], [ 281471.96, 4160221.78, 0.03 ], [ 281488.75, 4160242.76, 0.03 ], [ 281480.28, 4160249.48, 0.0 ] ], "f": [ [ [ 2, 3, 0, 1 ] ] ] }, "roof_props": null, "wall_color": "cream", "type": "yes", "landmark": null, "footprint_source": "osm", "source_updated": null, "is_part": false, "parent": null, "hidden": false, "addr": "3015 West Grace Street", "wikidata": null, "website": null, "zoning": "R-6", "lidar_p90": 6.88, "ground_z": 63.36 }, "geometry": { "type": "Polygon", "coordinates": [ [ [ 281489.92, 4160241.83 ], [ 281472.83, 4160220.47 ], [ 281463.19, 4160228.12 ], [ 281480.28, 4160249.48 ], [ 281489.92, 4160241.83 ] ] ] } },
{ "type": "Feature", "properties": { "id": "osm:way/530436462", "name": null, "height": 7.45, "min_height": 0.0, "levels": null, "height_source": "lidar", "roof_shape": "flat", "roof_height": 0.0, "roof_azimuth": null, "roof_source": "heuristic", "roof_color": "roof_flat", "roof_color_source": "ortho", "lod2_roof": null, "roof_props": null, "wall_color": "cream", "type": "yes", "landmark": null, "footprint_source": "osm", "source_updated": null, "is_part": false, "parent": null, "hidden": false, "addr": "3017 West Grace Street", "wikidata": null, "website": null, "zoning": "R-6", "lidar_p90": 9.96, "ground_z": 63.47 }, "geometry": { "type": "Polygon", "coordinates": [ [ [ 281473.99, 4160253.13 ], [ 281474.88, 4160254.27 ], [ 281479.75, 4160250.43 ], [ 281469.67, 4160237.76 ], [ 281465.52, 4160241.03 ], [ 281467.36, 4160243.34 ], [ 281465.74, 4160244.61 ], [ 281473.09, 4160253.85 ], [ 281473.99, 4160253.13 ] ] ] } },
{ "type": "Feature", "properties": { "id": "osm:way/466471799", "name": null, "height": 7.23, "min_height": 0.0, "levels": null, "height_source": "lidar", "roof_shape": "flat", "roof_height": 3.34, "roof_azimuth": null, "roof_source": "lod2", "roof_color": "roof_flat", "roof_color_source": "heuristic", "lod2_roof": { "v": [ [ 281291.55, 4160230.75, 0.0 ], [ 281289.94, 4160231.28, 0.0 ], [ 281283.98, 4160230.67, 2.82 ], [ 281283.17, 4160228.25, 0.24 ], [ 281280.56, 4160220.5, 0.0 ], [ 281283.69, 4160219.69, 0.0 ], [ 281283.69, 4160219.69, 0.0 ], [ 281283.37, 4160218.53, 0.0 ], [ 281289.62, 4160225.02, 0.38 ], [ 281289.62, 4160225.02, 0.2 ], [ 281290.44, 4160227.46, 1.72 ], [ 281290.44, 4160227.46, 3.14 ], [ 281287.51, 4160218.71, 0.0 ], [ 281287.51, 4160218.71, 0.0 ], [ 281288.98, 4160227.89, 3.34 ], [ 281288.98, 4160227.89, 1.68 ], [ 281288.59, 4160226.56, 0.28 ], [ 281288.59, 4160226.56, 1.85 ], [ 281289.3, 4160229.04, 0.05 ], [ 281289.3, 4160229.04, 2.89 ], [ 281284.51, 4160232.24, 0.8 ], [ 281284.51, 4160232.24, 0.54 ], [ 281285.64, 4160232.04, 0.63 ], [ 281285.64, 4160232.04, 2.26 ], [ 281285.64, 4160232.04, 2.26 ], [ 281284.66, 4160232.21, 0.77 ], [ 281284.76, 4160233.0, 0.6 ], [ 281289.94, 4160231.28, 0.02 ], [ 281287.04, 4160232.24, 0.0 ], [ 281285.81, 4160232.65, 2.26 ], [ 281285.81, 4160232.65, 2.26 ], [ 281285.6, 4160218.2, 0.0 ], [ 281288.32, 4160225.59, 0.76 ], [ 281288.32, 4160225.59, 0.2 ], [ 281286.76, 4160216.5, 0.0 ], [ 281286.6, 4160231.87, 0.49 ], [ 281287.04, 4160232.24, 0.0 ] ], "f": [ [ [ 1, 18, 15, 10, 0 ] ], [ [ 30, 26, 21, 25, 24 ] ], [ [ 17, 32, 8, 11, 14 ] ], [ [ 16, 3, 4, 6, 13, 9, 33 ] ], [ [ 31, 34, 12, 5, 7 ] ], [ [ 35, 36, 29, 23 ] ], [ [ 19, 2, 3, 16, 15 ] ], [ [ 2, 19, 27, 28, 35, 22, 25, 20 ] ], [ [ 6, 5, 12, 13 ] ], [ [ 14, 15, 16, 17 ] ], [ [ 11, 10, 15, 14 ] ], [ [ 18, 19, 15 ] ], [ [ 22, 23, 24, 25 ] ], [ [ 21, 20, 25 ] ], [ [ 19, 18, 1, 27 ] ], [ [ 24, 23, 29, 30 ] ], [ [ 32, 33, 9, 8 ] ], [ [ 17, 16, 33, 32 ] ], [ [ 23, 22, 35 ] ], [ [ 28, 36, 35 ] ] ] }, "roof_props": null, "wall_color": "sand", "type": "yes", "landmark": null, "footprint_source": "osm", "source_updated": null, "is_part": false, "parent": null, "hidden": false, "addr": "3129 Monument Avenue", "wikidata": null, "website": null, "zoning": "R-6", "lidar_p90": 9.5, "ground_z": 64.87 }, "geometry": { "type": "Polygon", "coordinates": [ [ [ 281291.54, 4160230.75 ], [ 281286.37, 4160215.35 ], [ 281279.59, 4160217.61 ], [ 281284.76, 4160233.0 ], [ 281291.54, 4160230.75 ] ] ] } },
{ "type": "Feature", "properties": { "id": "osm:way/466471798", "name": null, "height": 7.5, "min_height": 0.0, "levels": null, "height_source": "lidar", "roof_shape": "flat", "roof_height": 2.11, "roof_azimuth": null, "roof_source": "lod2", "roof_color": "slate", "roof_color_source": "ortho", "lod2_roof": { "v": [ [ 281275.19, 4160225.25, 0.0 ], [ 281275.19, 4160225.25, 0.0 ], [ 281280.48, 4160223.18, 0.0 ], [ 281280.48, 4160223.18, 0.0 ], [ 281282.81, 4160238.08, 0.0 ], [ 281278.91, 4160239.39, 0.0 ], [ 281278.66, 4160238.64, 0.0 ], [ 281274.43, 4160223.0, 0.0 ], [ 281279.81, 4160221.21, 0.0 ], [ 281276.73, 4160232.9, 0.0 ], [ 281274.41, 4160226.0, 0.0 ], [ 281275.34, 4160225.69, 0.0 ], [ 281283.83, 4160233.13, 0.0 ], [ 281284.55, 4160235.27, 0.0 ], [ 281283.06, 4160230.84, 0.0 ], [ 281283.83, 4160233.13, 2.11 ], [ 281278.66, 4160238.64, 0.0 ], [ 281277.46, 4160235.08, 1.97 ], [ 281282.78, 4160233.45, 0.0 ], [ 281282.78, 4160233.45, 2.09 ], [ 281282.85, 4160233.86, 0.0 ], [ 281282.85, 4160233.86, 1.69 ], [ 281282.54, 4160237.26, 0.0 ], [ 281282.54, 4160237.26, 0.0 ], [ 281283.42, 4160235.64, 0.0 ], [ 281283.42, 4160235.64, 0.0 ], [ 281282.14, 4160236.07, 0.0 ] ], "f": [ [ [ 19, 17, 9, 14, 15 ] ], [ [ 6, 22, 4, 5 ] ], [ [ 3, 14, 9, 10, 11, 0 ] ], [ [ 8, 2, 1, 7 ] ], [ [ 24, 20, 18, 12, 13 ] ], [ [ 25, 26, 23, 16, 17, 19, 21 ] ], [ [ 0, 1, 2, 3 ] ], [ [ 15, 12, 18, 19 ] ], [ [ 19, 18, 20, 21 ] ], [ [ 23, 22, 6, 16 ] ], [ [ 21, 20, 24, 25 ] ] ] }, "roof_props": null, "wall_color": "cream", "type": "yes", "landmark": null, "footprint_source": "osm", "source_updated": null, "is_part": false, "parent": null, "hidden": false, "addr": "3131 Monument Avenue", "wikidata": null, "website": null, "zoning": "R-6", "lidar_p90": 9.28, "ground_z": 64.58 }, "geometry": { "type": "Polygon", "coordinates": [ [ [ 281282.81, 4160238.08 ], [ 281282.14, 4160236.07 ], [ 281284.55, 4160235.27 ], [ 281279.81, 4160221.21 ], [ 281274.43, 4160223.0 ], [ 281275.34, 4160225.69 ], [ 281274.41, 4160226.0 ], [ 281278.91, 4160239.39 ], [ 281282.81, 4160238.08 ] ] ] } },
{ "type": "Feature", "properties": { "id": "osm:way/466471797", "name": null, "height": 7.84, "min_height": 0.0, "levels": null, "height_source": "lidar", "roof_shape": "flat", "roof_height": 2.85, "roof_azimuth": null, "roof_source": "lod2", "roof_color": "roof_flat", "roof_color_source": "ortho", "lod2_roof": { "v": [ [ 281274.33, 4160238.56, 1.01 ], [ 281274.77, 4160239.87, 0.0 ], [ 281274.77, 4160239.87, 0.0 ], [ 281269.13, 4160223.48, 0.0 ], [ 281271.28, 4160222.27, 0.0 ], [ 281268.71, 4160234.64, 0.52 ], [ 281266.34, 4160227.62, 0.03 ], [ 281267.54, 4160227.23, 0.04 ], [ 281273.08, 4160225.18, 0.08 ], [ 281275.57, 4160232.53, 0.59 ], [ 281277.27, 4160237.57, 1.07 ], [ 281276.55, 4160235.45, 2.85 ], [ 281271.67, 4160223.79, 0.0 ], [ 281271.67, 4160223.79, 0.0 ], [ 281275.1, 4160240.85, 0.0 ], [ 281272.36, 4160241.77, 0.0 ], [ 281272.36, 4160241.77, 0.0 ], [ 281271.25, 4160242.14, 0.0 ], [ 281269.81, 4160224.58, 0.0 ], [ 281269.81, 4160224.58, 0.0 ], [ 281270.61, 4160224.37, 0.0 ], [ 281270.61, 4160224.37, 0.0 ], [ 281271.48, 4160223.6, 0.0 ], [ 281271.48, 4160223.6, 0.0 ], [ 281266.91, 4160225.35, 0.0 ], [ 281269.72, 4160237.61, 2.82 ], [ 281274.11, 4160239.73, 0.18 ], [ 281274.11, 4160239.73, 0.0 ] ], "f": [ [ [ 23, 20, 19, 3, 4, 13 ] ], [ [ 9, 5, 6, 7, 24, 18, 21, 22, 12, 8 ] ], [ [ 27, 1, 14, 16 ] ], [ [ 11, 25, 5, 9 ] ], [ [ 25, 11, 10, 0, 2, 26, 15, 17 ] ], [ [ 18, 19, 20, 21 ] ], [ [ 22, 23, 13, 12 ] ], [ [ 21, 20, 23, 22 ] ], [ [ 26, 27, 16, 15 ] ], [ [ 2, 1, 27, 26 ] ] ] }, "roof_props": null, "wall_color": "cream", "type": "yes", "landmark": null, "footprint_source": "osm", "source_updated": null, "is_part": false, "parent": null, "hidden": false, "addr": "3133 Monument Avenue", "wikidata": null, "website": null, "zoning": "R-6", "lidar_p90": 9.77, "ground_z": 64.47 }, "geometry": { "type": "Polygon", "coordinates": [ [ [ 281277.27, 4160237.58 ], [ 281272.73, 4160224.14 ], [ 281273.71, 4160223.8 ], [ 281272.74, 4160220.92 ], [ 281266.16, 4160223.13 ], [ 281267.54, 4160227.23 ], [ 281266.34, 4160227.62 ], [ 281271.25, 4160242.14 ], [ 281275.1, 4160240.85 ], [ 281274.33, 4160238.56 ], [ 281277.27, 4160237.58 ] ] ] } }
]
}
