{
"type": "FeatureCollection",
"name": "buildings",
"crs": { "type": "name", "properties": { "name": "urn:ogc:def:crs:EPSG::32618" } },
"xy_coordinate_resolution": 0.01,
"features": [
{ "type": "Feature", "properties": { "id": "osm:way/303577159", "name": null, "height": 3.81, "min_height": 0.0, "levels": null, "height_source": "lidar", "roof_shape": "flat", "roof_height": 0.18, "roof_azimuth": null, "roof_source": "lod2", "roof_color": "roof_flat", "roof_color_source": "ortho", "lod2_roof": { "v": [ [ 284546.49, 4158253.94, 0.18 ], [ 284537.71, 4158260.96, 0.13 ], [ 284531.36, 4158253.09, 0.0 ], [ 284540.95, 4158245.87, 0.06 ] ], "f": [ [ [ 0, 1, 2, 3 ] ] ] }, "roof_props": null, "wall_color": "sand", "wall_color_source": "assessor", "type": "commercial", "landmark": null, "footprint_source": "osm", "source_updated": null, "is_part": false, "parent": null, "hidden": false, "addr": "414 N 2nd St", "wikidata": null, "website": null, "zoning": "B-2", "lidar_p90": 4.77, "ground_z": 52.36 }, "geometry": { "type": "Polygon", "coordinates": [ [ [ 284548.06, 4158252.68 ], [ 284540.9, 4158243.82 ], [ 284530.56, 4158252.11 ], [ 284537.71, 4158260.96 ], [ 284548.06, 4158252.68 ] ] ] } },
{ "type": "Feature", "properties": { "id": "osm:way/334121415", "name": null, "height": 3.26, "min_height": 0.0, "levels": null, "height_source": "lidar", "roof_shape": "flat", "roof_height": 9.93, "roof_azimuth": null, "roof_source": "lod2", "roof_color": "roof_flat", "roof_color_source": "ortho", "lod2_roof": { "v": [ [ 284633.41, 4158250.3, 9.93 ], [ 284631.7, 4158247.76, 7.84 ], [ 284632.44, 4158247.08, 7.31 ], [ 284634.48, 4158249.62, 9.4 ], [ 284635.52, 4158253.43, 7.48 ], [ 284634.61, 4158252.08, 8.53 ], [ 284634.05, 4158251.64, 9.07 ], [ 284634.07, 4158251.27, 9.17 ], [ 284636.73, 4158252.42, 6.95 ], [ 284631.4, 4158248.04, 7.62 ], [ 284629.58, 4158244.62, 7.31 ], [ 284627.57, 4158244.71, 7.87 ], [ 284629.37, 4158243.27, 7.05 ], [ 284632.44, 4158247.08, 7.12 ], [ 284631.7, 4158247.76, 7.48 ], [ 284645.27, 4158263.02, 5.98 ], [ 284636.98, 4158255.59, 7.37 ], [ 284636.84, 4158264.77, 0.09 ], [ 284623.38, 4158248.05, 0.17 ], [ 284627.57, 4158244.71, 0.2 ], [ 284629.58, 4158244.62, 0.2 ], [ 284631.4, 4158248.04, 0.18 ], [ 284631.7, 4158247.76, 0.18 ], [ 284633.41, 4158250.3, 0.17 ], [ 284634.07, 4158251.27, 0.17 ], [ 284634.05, 4158251.64, 0.16 ], [ 284634.61, 4158252.08, 0.16 ], [ 284635.52, 4158253.43, 0.16 ], [ 284636.98, 4158255.59, 0.15 ], [ 284645.27, 4158263.02, 0.11 ], [ 284656.4, 4158276.85, 0.05 ], [ 284649.09, 4158282.69, 0.0 ], [ 284635.51, 4158265.83, 0.08 ] ], "f": [ [ [ 0, 1, 2, 3 ] ], [ [ 4, 5, 6, 7, 0, 3, 8 ] ], [ [ 9, 10, 11, 12, 13, 14 ] ], [ [ 8, 15, 16, 4 ] ], [ [ 17, 18, 19, 20, 21, 22, 23, 24, 25, 26, 27, 28, 29, 30, 31, 32 ] ], [ [ 1, 14, 13, 2 ] ], [ [ 7, 24, 23, 0 ] ], [ [ 6, 25, 24, 7 ] ], [ [ 14, 22, 21, 9 ] ], [ [ 0, 23, 22, 14, 1 ] ], [ [ 15, 29, 28, 16 ] ], [ [ 16, 28, 27, 4 ] ], [ [ 5, 26, 25, 6 ] ], [ [ 4, 27, 26, 5 ] ], [ [ 10, 20, 19, 11 ] ], [ [ 9, 21, 20, 10 ] ] ] }, "roof_props": null, "wall_color": "brick", "wall_color_source": "assessor", "type": "yes", "landmark": null, "footprint_source": "osm", "source_updated": null, "is_part": false, "parent": null, "hidden": false, "addr": "208 E Clay St", "wikidata": null, "website": null, "zoning": "B-2", "lidar_p90": 4.98, "ground_z": 52.31 }, "geometry": { "type": "Polygon", "coordinates": [ [ [ 284623.38, 4158248.05 ], [ 284636.84, 4158264.77 ], [ 284635.51, 4158265.83 ], [ 284649.09, 4158282.69 ], [ 284656.4, 4158276.85 ], [ 284629.37, 4158243.27 ], [ 284623.38, 4158248.05 ] ] ] } },
{ "type": "Feature", "properties": { "id": "osm:way/303577160", "name": null, "height": 3.2, "min_height": 0.0, "levels": 1.0, "height_source": "osm_levels", "roof_shape": "flat", "roof_height": 0.13, "roof_azimuth": null, "roof_source": "lod2", "roof_color": "roof_flat", "roof_color_source": "ortho", "lod2_roof": { "v": [ [ 284550.7, 4158277.32, 0.0 ], [ 284537.71, 4158260.96, 0.01 ], [ 284546.71, 4158253.76, 0.13 ], [ 284559.9, 4158270.21, 0.12 ] ], "f": [ [ [ 0, 1, 2, 3 ] ] ] }, "roof_props": null, "wall_color": "brick", "wall_color_source": "assessor", "type": "commercial", "landmark": null, "footprint_source": "osm", "source_updated": null, "is_part": false, "parent": null, "hidden": false, "addr": "418 N 2nd St", "wikidata": null, "website": null, "zoning": "B-2", "lidar_p90": 4.84, "ground_z": 52.2 }, "geometry": { "type": "Polygon", "coordinates": [ [ [ 284561.07, 4158269.31 ], [ 284548.06, 4158252.68 ], [ 284537.71, 4158260.96 ], [ 284550.7, 4158277.32 ], [ 284561.07, 4158269.31 ] ] ] } },
{ "type": "Feature", "properties": { "id": "osm:way/334121404", "name": null, "height": 3.23, "min_height": 0.0, "levels": null, "height_source": "lidar", "roof_shape": "flat", "roof_height": 1.63, "roof_azimuth": null, "roof_source": "lod2", "roof_color": "roof_flat", "roof_color_source": "ortho", "lod2_roof": { "v": [ [ 284618.11, 4158251.64, 1.07 ], [ 284618.54, 4158252.25, 1.39 ], [ 284618.75, 4158252.54, 1.54 ], [ 284614.34, 4158256.24, 1.63 ], [ 284613.17, 4158254.81, 0.85 ], [ 284626.66, 4158261.21, 0.7 ], [ 284627.62, 4158263.76, 0.71 ], [ 284627.2, 4158264.25, 0.71 ], [ 284628.87, 4158266.55, 0.71 ], [ 284631.38, 4158265.63, 0.72 ], [ 284632.81, 4158267.45, 0.72 ], [ 284633.31, 4158267.05, 0.72 ], [ 284646.41, 4158284.51, 0.76 ], [ 284640.67, 4158288.42, 0.76 ], [ 284614.34, 4158256.24, 0.68 ], [ 284618.75, 4158252.54, 0.68 ], [ 284618.54, 4158252.25, 0.68 ], [ 284620.08, 4158251.69, 0.68 ], [ 284625.88, 4158259.15, 0.7 ], [ 284627.77, 4158261.0, 0.0 ], [ 284631.38, 4158265.63, 0.03 ], [ 284628.87, 4158266.55, 0.48 ], [ 284627.2, 4158264.25, 0.45 ], [ 284627.62, 4158263.76, 0.33 ], [ 284626.66, 4158261.21, 0.18 ] ], "f": [ [ [ 0, 1, 2, 3, 4 ] ], [ [ 5, 6, 7, 8, 9, 10, 11, 12, 13, 14, 15, 16, 17, 18 ] ], [ [ 19, 20, 21, 22, 23, 24 ] ], [ [ 2, 15, 14, 3 ] ], [ [ 1, 16, 15, 2 ] ], [ [ 7, 22, 21, 8 ] ], [ [ 8, 21, 20, 9 ] ], [ [ 6, 23, 22, 7 ] ], [ [ 5, 24, 23, 6 ] ] ] }, "roof_props": null, "wall_color": "concrete", "wall_color_source": "assessor", "type": "yes", "landmark": null, "footprint_source": "osm", "source_updated": null, "is_part": false, "parent": null, "hidden": false, "addr": "206 East Clay Street", "wikidata": null, "website": null, "zoning": "B-2", "lidar_p90": 3.85, "ground_z": 52.33 }, "geometry": { "type": "Polygon", "coordinates": [ [ [ 284613.17, 4158254.81 ], [ 284640.67, 4158288.42 ], [ 284647.7, 4158283.63 ], [ 284634.21, 4158266.35 ], [ 284632.81, 4158267.45 ], [ 284619.67, 4158250.64 ], [ 284613.17, 4158254.81 ] ] ] } },
{ "type": "Feature", "properties": { "id": "osm:way/334121352", "name": null, "height": 7.45, "min_height": 0.0, "levels": null, "height_source": "lidar", "roof_shape": "flat", "roof_height": 0.0, "roof_azimuth": null, "roof_source": "lidar", "roof_color": "slate", "roof_color_source": "ortho", "lod2_roof": null, "roof_props": null, "wall_color": "sand", "wall_color_source": "assessor", "type": "yes", "landmark": null, "footprint_source": "osm", "source_updated": null, "is_part": false, "parent": null, "hidden": false, "addr": "510 North 3rd Street", "wikidata": null, "website": null, "zoning": "RO-2", "lidar_p90": 8.0, "ground_z": 51.54 }, "geometry": { "type": "Polygon", "coordinates": [ [ [ 284669.16, 4158278.32 ], [ 284682.69, 4158267.58 ], [ 284679.81, 4158263.96 ], [ 284666.27, 4158274.7 ], [ 284669.16, 4158278.32 ] ] ] } },
{ "type": "Feature", "properties": { "id": "osm:way/321405414", "name": null, "height": 10.92, "min_height": 0.0, "levels": null, "height_source": "lidar", "roof_shape": "flat", "roof_height": 0.0, "roof_azimuth": null, "roof_source": "heuristic", "roof_color": "roof_flat", "roof_color_source": "ortho", "lod2_roof": null, "roof_props": null, "wall_color": "cream", "wall_color_source": "assessor", "type": "yes", "landmark": null, "footprint_source": "osm", "source_updated": null, "is_part": false, "parent": null, "hidden": false, "addr": "111 E Clay St", "wikidata": null, "website": null, "zoning": "B-2", "lidar_p90": 12.04, "ground_z": 52.4 }, "geometry": { "type": "Polygon", "coordinates": [ [ [ 284547.87, 4158273.69 ], [ 284540.7, 4158264.5 ], [ 284530.7, 4158272.39 ], [ 284537.97, 4158281.51 ], [ 284547.87, 4158273.69 ] ] ] } },
{ "type": "Feature", "properties": { "id": "osm:way/334121370", "name": null, "height": 7.51, "min_height": 0.0, "levels": null, "height_source": "lidar", "roof_shape": "flat", "roof_height": 0.58, "roof_azimuth": null, "roof_source": "lod2", "roof_color": "roof_flat", "roof_color_source": "ortho", "lod2_roof": { "v": [ [ 284674.43, 4158274.14, 0.0 ], [ 284682.69, 4158267.58, 0.58 ], [ 284685.68, 4158271.3, 0.58 ], [ 284677.33, 4158277.93, 0.0 ] ], "f": [ [ [ 0, 1, 2, 3 ] ] ] }, "roof_props": null, "wall_color": "brick_dark", "wall_color_source": "assessor", "type": "yes", "landmark": null, "footprint_source": "osm", "source_updated": null, "is_part": false, "parent": null, "hidden": false, "addr": "510 1/2 N 3rd St", "wikidata": null, "website": null, "zoning": "RO-2", "lidar_p90": 8.11, "ground_z": 51.49 }, "geometry": { "type": "Polygon", "coordinates": [ [ [ 284669.16, 4158278.32 ], [ 284672.15, 4158282.04 ], [ 284685.68, 4158271.3 ], [ 284682.69, 4158267.58 ], [ 284669.16, 4158278.32 ] ] ] } },
{ "type": "Feature", "properties": { "id": "osm:way/334121362", "name": null, "height": 7.47, "min_height": 0.0, "levels": null, "height_source": "lidar", "roof_shape": "flat", "roof_height": 0.64, "roof_azimuth": null, "roof_source": "lod2", "roof_color": "roof_flat", "roof_color_source": "ortho", "lod2_roof": { "v": [ [ 284674.72, 4158280.0, 0.0 ], [ 284685.68, 4158271.3, 0.64 ], [ 284688.91, 4158275.35, 0.63 ], [ 284678.11, 4158283.91, 0.0 ] ], "f": [ [ [ 0, 1, 2, 3 ] ] ] }, "roof_props": null, "wall_color": "sand", "wall_color_source": "assessor", "type": "yes", "landmark": null, "footprint_source": "osm", "source_updated": null, "is_part": false, "parent": null, "hidden": false, "addr": "512 N 3rd St", "wikidata": null, "website": null, "zoning": "RO-2", "lidar_p90": 8.06, "ground_z": 51.5 }, "geometry": { "type": "Polygon", "coordinates": [ [ [ 284675.38, 4158286.09 ], [ 284688.91, 4158275.35 ], [ 284685.68, 4158271.3 ], [ 284672.15, 4158282.04 ], [ 284675.38, 4158286.09 ] ] ] } },
{ "type": "Feature", "properties": { "id": "osm:way/334121345", "name": null, "height": 16.45, "min_height": 0.0, "levels": null, "height_source": "lidar", "roof_shape": "flat", "roof_height": 0.0, "roof_azimuth": null, "roof_source": "lidar", "roof_color": "roof_flat", "roof_color_source": "ortho", "lod2_roof": null, "roof_props": [ { "x": 284622.68, "y": 4158290.91, "w": 9.64, "d": 3.52, "h": 1.84, "a": -2.2455, "b": 0.0 }, { "x": 284613.04, "y": 4158278.65, "w": 9.8, "d": 3.57, "h": 1.84, "a": -2.2265, "b": 0.0 }, { "x": 284614.63, "y": 4158270.46, "w": 7.15, "d": 3.46, "h": 1.83, "a": 0.9828, "b": 0.0 }, { "x": 284617.06, "y": 4158273.74, "w": 4.34, "d": 3.41, "h": 1.84, "a": 0.8961, "b": 0.0 } ], "wall_color": "sand", "wall_color_source": "assessor", "type": "yes", "landmark": null, "footprint_source": "osm", "source_updated": null, "is_part": false, "parent": null, "hidden": false, "addr": "200 E Clay St", "wikidata": null, "website": null, "zoning": "B-2", "lidar_p90": 17.98, "ground_z": 51.85 }, "geometry": { "type": "Polygon", "coordinates": [ [ [ 284602.84, 4158279.18 ], [ 284600.31, 4158281.24 ], [ 284602.27, 4158283.62 ], [ 284601.69, 4158284.09 ], [ 284605.45, 4158288.69 ], [ 284606.08, 4158288.18 ], [ 284608.01, 4158290.54 ], [ 284606.75, 4158291.56 ], [ 284614.25, 4158300.74 ], [ 284612.18, 4158302.42 ], [ 284620.9, 4158313.06 ], [ 284644.9, 4158293.58 ], [ 284613.17, 4158254.81 ], [ 284594.98, 4158269.57 ], [ 284602.84, 4158279.18 ] ] ] } },
{ "type": "Feature", "properties": { "id": "osm:way/321405443", "name": null, "height": 8.84, "min_height": 0.0, "levels": null, "height_source": "lidar", "roof_shape": "flat", "roof_height": 0.0, "roof_azimuth": null, "roof_source": "heuristic", "roof_color": "roof_flat", "roof_color_source": "ortho", "lod2_roof": null, "roof_props": null, "wall_color": "brick", "wall_color_source": "assessor", "type": "yes", "landmark": null, "footprint_source": "osm", "source_updated": null, "is_part": false, "parent": null, "hidden": false, "addr": "109 East Clay Street", "wikidata": null, "website": null, "zoning": "B-2", "lidar_p90": 11.97, "ground_z": 52.33 }, "geometry": { "type": "Polygon", "coordinates": [ [ [ 284532.46, 4158285.86 ], [ 284537.97, 4158281.51 ], [ 284531.27, 4158273.11 ], [ 284525.76, 4158277.46 ], [ 284532.46, 4158285.86 ] ] ] } },
{ "type": "Feature", "properties": { "id": "osm:way/321405462", "name": null, "height": 7.76, "min_height": 0.0, "levels": null, "height_source": "lidar", "roof_shape": "flat", "roof_height": 0.93, "roof_azimuth": null, "roof_source": "lod2", "roof_color": "roof_flat", "roof_color_source": "ortho", "lod2_roof": { "v": [ [ 284529.26, 4158282.98, 0.69 ], [ 284528.86, 4158283.51, 0.81 ], [ 284528.49, 4158283.23, 0.61 ], [ 284527.42, 4158282.41, 0.0 ], [ 284528.37, 4158281.87, 0.0 ], [ 284529.26, 4158282.98, 0.59 ], [ 284532.48, 4158287.01, 0.76 ], [ 284527.66, 4158290.84, 0.93 ], [ 284513.86, 4158273.63, 0.22 ], [ 284515.53, 4158271.82, 0.15 ], [ 284517.99, 4158273.54, 0.22 ], [ 284517.73, 4158274.99, 0.28 ], [ 284523.79, 4158279.63, 0.46 ], [ 284523.96, 4158279.84, 0.47 ], [ 284524.01, 4158279.8, 0.47 ], [ 284528.86, 4158283.51, 0.62 ], [ 284524.01, 4158279.8, 0.0 ] ], "f": [ [ [ 0, 1, 2, 3, 4 ] ], [ [ 5, 6, 7, 8, 9, 10, 11, 12, 13, 14, 2, 15 ] ], [ [ 1, 15, 2 ] ], [ [ 14, 16, 3, 2 ] ], [ [ 0, 5, 15, 1 ] ] ] }, "roof_props": null, "wall_color": "brick", "wall_color_source": "assessor", "type": "yes", "landmark": null, "footprint_source": "osm", "source_updated": null, "is_part": false, "parent": null, "hidden": false, "addr": "107 East Clay Street", "wikidata": null, "website": null, "zoning": "B-2", "lidar_p90": 8.57, "ground_z": 52.87 }, "geometry": { "type": "Polygon", "coordinates": [ [ [ 284532.48, 4158287.01 ], [ 284525.66, 4158278.49 ], [ 284523.96, 4158279.84 ], [ 284516.33, 4158270.32 ], [ 284513.2, 4158272.8 ], [ 284527.66, 4158290.84 ], [ 284532.48, 4158287.01 ] ] ] } },
{ "type": "Feature", "properties": { "id": "osm:way/321405477", "name": null, "height": 7.98, "min_height": 0.0, "levels": null, "height_source": "lidar", "roof_shape": "flat", "roof_height": 1.13, "roof_azimuth": null, "roof_source": "lod2", "roof_color": "roof_flat", "roof_color_source": "ortho", "lod2_roof": { "v": [ [ 284527.66, 4158290.84, 1.12 ], [ 284519.11, 4158297.64, 1.13 ], [ 284511.51, 4158288.15, 0.16 ], [ 284512.55, 4158287.32, 0.16 ], [ 284511.3, 4158285.76, 0.0 ], [ 284516.58, 4158281.72, 0.0 ], [ 284518.6, 4158283.78, 0.23 ], [ 284519.98, 4158281.45, 0.15 ], [ 284519.82, 4158281.25, 0.13 ], [ 284519.91, 4158281.18, 0.13 ] ], "f": [ [ [ 0, 1, 2, 3, 4, 5, 6, 7, 8, 9 ] ] ] }, "roof_props": null, "wall_color": "brick", "wall_color_source": "assessor", "type": "yes", "landmark": null, "footprint_source": "osm", "source_updated": null, "is_part": false, "parent": null, "hidden": false, "addr": "105 E Clay St", "wikidata": null, "website": null, "zoning": "B-2", "lidar_p90": 8.63, "ground_z": 52.77 }, "geometry": { "type": "Polygon", "coordinates": [ [ [ 284512.55, 4158287.32 ], [ 284511.51, 4158288.15 ], [ 284519.11, 4158297.64 ], [ 284527.66, 4158290.84 ], [ 284519.91, 4158281.18 ], [ 284518.73, 4158282.11 ], [ 284515.21, 4158277.72 ], [ 284508.88, 4158282.74 ], [ 284512.55, 4158287.32 ] ] ] } },
{ "type": "Feature", "properties": { "id": "osm:way/334121343", "name": null, "height": 8.75, "min_height": 0.0, "levels": null, "height_source": "lidar", "roof_shape": "flat", "roof_height": 0.0, "roof_azimuth": null, "roof_source": "heuristic", "roof_color": "roof_flat", "roof_color_source": "ortho", "lod2_roof": null, "roof_props": null, "wall_color": "brick_dark", "wall_color_source": "assessor", "type": "yes", "landmark": null, "footprint_source": "osm", "source_updated": null, "is_part": false, "parent": null, "hidden": false, "addr": "104 East Clay Street", "wikidata": null, "website": null, "zoning": "R-6", "lidar_p90": 9.9, "ground_z": 51.82 }, "geometry": { "type": "Polygon", "coordinates": [ [ [ 284531.05, 4158337.26 ], [ 284532.14, 4158336.51 ], [ 284532.46, 4158338.11 ], [ 284533.38, 4158339.31 ], [ 284535.01, 4158339.88 ], [ 284539.51, 4158346.18 ], [ 284543.44, 4158343.25 ], [ 284529.51, 4158325.33 ], [ 284528.03, 4158326.36 ], [ 284526.07, 4158325.8 ], [ 284524.27, 4158327.24 ], [ 284524.25, 4158328.57 ], [ 284531.05, 4158337.26 ] ] ] } },
{ "type": "Feature", "properties": { "id": "osm:way/334121406", "name": null, "height": 8.33, "min_height": 0.0, "levels": null, "height_source": "lidar", "roof_shape": "flat", "roof_height": 0.0, "roof_azimuth": null, "roof_source": "heuristic", "roof_color": "roof_flat", "roof_color_source": "ortho", "lod2_roof": null, "roof_props": null, "wall_color": "brick_dark", "wall_color_source": "assessor", "type": "yes", "landmark": null, "footprint_source": "osm", "source_updated": null, "is_part": false, "parent": null, "hidden": false, "addr": "102 East Clay Street", "wikidata": null, "website": null, "zoning": "R-6", "lidar_p90": 9.26, "ground_z": 51.9 }, "geometry": { "type": "Polygon", "coordinates": [ [ [ 284532.57, 4158350.49 ], [ 284536.31, 4158347.53 ], [ 284529.36, 4158338.78 ], [ 284530.65, 4158337.77 ], [ 284522.77, 4158327.86 ], [ 284517.74, 4158331.82 ], [ 284532.57, 4158350.49 ] ] ] } },
{ "type": "Feature", "properties": { "id": "osm:way/334121360", "name": null, "height": 6.68, "min_height": 0.0, "levels": null, "height_source": "lidar", "roof_shape": "flat", "roof_height": 0.55, "roof_azimuth": null, "roof_source": "lod2", "roof_color": "roof_flat", "roof_color_source": "ortho", "lod2_roof": { "v": [ [ 284694.13, 4158285.74, 0.48 ], [ 284695.91, 4158284.32, 0.55 ], [ 284700.79, 4158290.58, 0.52 ], [ 284687.48, 4158300.86, 0.0 ], [ 284680.98, 4158294.23, 0.0 ], [ 284693.52, 4158284.54, 0.49 ] ], "f": [ [ [ 0, 1, 2, 3, 4, 5 ] ] ] }, "roof_props": null, "wall_color": "sand", "wall_color_source": "assessor", "type": "yes", "landmark": null, "footprint_source": "osm", "source_updated": null, "is_part": false, "parent": null, "hidden": false, "addr": "516 North 3rd Street", "wikidata": null, "website": null, "zoning": "RO-2", "lidar_p90": 7.43, "ground_z": 51.37 }, "geometry": { "type": "Polygon", "coordinates": [ [ [ 284683.89, 4158303.63 ], [ 284700.79, 4158290.58 ], [ 284695.12, 4158283.31 ], [ 284678.22, 4158296.36 ], [ 284683.89, 4158303.63 ] ] ] } },
{ "type": "Feature", "properties": { "id": "osm:way/297841781", "name": "2C Condos", "height": 15.87, "min_height": 0.0, "levels": null, "height_source": "lidar", "roof_shape": "flat", "roof_height": 0.0, "roof_azimuth": null, "roof_source": "heuristic", "roof_color": "roof_flat", "roof_color_source": "ortho", "lod2_roof": null, "roof_props": null, "wall_color": "sand", "wall_color_source": "assessor", "type": "apartments", "landmark": null, "footprint_source": "osm", "source_updated": null, "is_part": false, "parent": null, "hidden": false, "addr": "112 East Clay Street", "wikidata": null, "website": null, "zoning": "B-2", "lidar_p90": 18.16, "ground_z": 51.63 }, "geometry": { "type": "Polygon", "coordinates": [ [ [ 284597.96, 4158315.94 ], [ 284573.83, 4158284.44 ], [ 284562.27, 4158293.23 ], [ 284586.42, 4158324.73 ], [ 284597.96, 4158315.94 ] ] ] } },
{ "type": "Feature", "properties": { "id": "richmond_structure:421608", "name": null, "height": 10.0, "min_height": 0.0, "levels": null, "height_source": "zoning", "roof_shape": "flat", "roof_height": 0.0, "roof_azimuth": null, "roof_source": "heuristic", "roof_color": "roof_flat", "roof_color_source": "heuristic", "lod2_roof": null, "roof_props": null, "wall_color": "brick", "wall_color_source": "assessor", "type": "yes", "landmark": null, "footprint_source": "richmond_structures", "source_updated": "2026-09-08T12:07:13.637000Z", "is_part": false, "parent": null, "hidden": false, "addr": null, "wikidata": null, "website": null, "zoning": "RO-2", "lidar_p90": 0.03, "ground_z": 51.62 }, "geometry": { "type": "Polygon", "coordinates": [ [ [ 284670.34, 4158306.04 ], [ 284667.85, 4158308.1 ], [ 284671.71, 4158312.78 ], [ 284674.2, 4158310.73 ], [ 284670.34, 4158306.04 ] ] ] } },
{ "type": "Feature", "properties": { "id": "osm:way/334121377", "name": null, "height": 9.67, "min_height": 0.0, "levels": null, "height_source": "lidar", "roof_shape": "flat", "roof_height": 0.0, "roof_azimuth": null, "roof_source": "lidar", "roof_color": "roof_flat", "roof_color_source": "ortho", "lod2_roof": null, "roof_props": null, "wall_color": "cream", "wall_color_source": "assessor", "type": "yes", "landmark": null, "footprint_source": "osm", "source_updated": null, "is_part": false, "parent": null, "hidden": false, "addr": "106 1/2 E Clay St", "wikidata": null, "website": null, "zoning": "R-6", "lidar_p90": 10.09, "ground_z": 51.87 }, "geometry": { "type": "Polygon", "coordinates": [ [ [ 284550.47, 4158329.49 ], [ 284555.29, 4158325.82 ], [ 284544.94, 4158312.35 ], [ 284540.13, 4158316.01 ], [ 284550.47, 4158329.49 ] ] ] } },
{ "type": "Feature", "properties": { "id": "osm:way/334121383", "name": null, "height": 9.39, "min_height": 0.0, "levels": null, "height_source": "lidar", "roof_shape": "flat", "roof_height": 0.0, "roof_azimuth": null, "roof_source": "heuristic", "roof_color": "roof_flat", "roof_color_source": "ortho", "lod2_roof": null, "roof_props": null, "wall_color": "brick", "wall_color_source": "assessor", "type": "yes", "landmark": null, "footprint_source": "osm", "source_updated": null, "is_part": false, "parent": null, "hidden": false, "addr": "106 East Clay Street", "wikidata": null, "website": null, "zoning": "R-6", "lidar_p90": 9.88, "ground_z": 51.8 }, "geometry": { "type": "Polygon", "coordinates": [ [ [ 284550.14, 4158339.65 ], [ 284555.27, 4158335.74 ], [ 284540.13, 4158316.01 ], [ 284534.99, 4158319.92 ], [ 284550.14, 4158339.65 ] ] ] } },
{ "type": "Feature", "properties": { "id": "osm:way/334121426", "name": null, "height": 8.78, "min_height": 0.0, "levels": null, "height_source": "lidar", "roof_shape": "flat", "roof_height": 0.0, "roof_azimuth": null, "roof_source": "heuristic", "roof_color": "roof_flat", "roof_color_source": "ortho", "lod2_roof": null, "roof_props": null, "wall_color": "sand", "wall_color_source": "assessor", "type": "yes", "landmark": null, "footprint_source": "osm", "source_updated": null, "is_part": false, "parent": null, "hidden": false, "addr": "104 1/2 E Clay St", "wikidata": null, "website": null, "zoning": "R-6", "lidar_p90": 10.15, "ground_z": 51.78 }, "geometry": { "type": "Polygon", "coordinates": [ [ [ 284543.44, 4158343.25 ], [ 284547.64, 4158339.71 ], [ 284539.98, 4158329.76 ], [ 284540.91, 4158329.08 ], [ 284534.85, 4158320.81 ], [ 284532.72, 4158320.31 ], [ 284530.75, 4158321.86 ], [ 284530.81, 4158324.13 ], [ 284529.51, 4158325.33 ], [ 284543.44, 4158343.25 ] ] ] } },
{ "type": "Feature", "properties": { "id": "osm:way/334121356", "name": null, "height": 7.13, "min_height": 0.0, "levels": null, "height_source": "lidar", "roof_shape": "flat", "roof_height": 0.0, "roof_azimuth": null, "roof_source": "heuristic", "roof_color": "roof_flat", "roof_color_source": "ortho", "lod2_roof": null, "roof_props": null, "wall_color": "cream", "wall_color_source": "assessor", "type": "yes", "landmark": null, "footprint_source": "osm", "source_updated": null, "is_part": false, "parent": null, "hidden": false, "addr": "211 East Leigh Street", "wikidata": null, "website": null, "zoning": "RO-2", "lidar_p90": 8.39, "ground_z": 51.01 }, "geometry": { "type": "Polygon", "coordinates": [ [ [ 284707.08, 4158329.08 ], [ 284702.0, 4158333.23 ], [ 284713.76, 4158348.77 ], [ 284718.99, 4158344.85 ], [ 284707.08, 4158329.08 ] ] ] } },
{ "type": "Feature", "properties": { "id": "osm:way/334121349", "name": null, "height": 9.6, "min_height": 0.0, "levels": 3.0, "height_source": "osm_levels", "roof_shape": "flat", "roof_height": 1.28, "roof_azimuth": null, "roof_source": "lod2", "roof_color": "roof_flat", "roof_color_source": "ortho", "lod2_roof": { "v": [ [ 284710.49, 4158346.83, 1.04 ], [ 284711.69, 4158346.04, 1.08 ], [ 284713.75, 4158348.77, 1.28 ], [ 284708.53, 4158352.7, 1.13 ], [ 284699.37, 4158340.6, 0.24 ], [ 284703.78, 4158336.63, 0.34 ], [ 284708.33, 4158343.54, 0.81 ], [ 284703.78, 4158336.63, 0.0 ], [ 284708.33, 4158343.54, 0.0 ], [ 284710.49, 4158346.83, 0.0 ], [ 284699.37, 4158340.6, 0.0 ], [ 284711.69, 4158346.04, 0.0 ] ], "f": [ [ [ 0, 1, 2, 3, 4, 5, 6 ] ], [ [ 5, 7, 8, 6 ] ], [ [ 6, 8, 9, 0 ] ], [ [ 4, 10, 7, 5 ] ], [ [ 0, 9, 11, 1 ] ] ] }, "roof_props": null, "wall_color": "cream", "wall_color_source": "assessor", "type": "yes", "landmark": null, "footprint_source": "osm", "source_updated": null, "is_part": false, "parent": null, "hidden": false, "addr": "209 East Leigh Street", "wikidata": null, "website": null, "zoning": "RO-2", "lidar_p90": 10.63, "ground_z": 50.94 }, "geometry": { "type": "Polygon", "coordinates": [ [ [ 284701.37, 4158332.39 ], [ 284695.97, 4158336.11 ], [ 284708.53, 4158352.7 ], [ 284713.76, 4158348.77 ], [ 284701.37, 4158332.39 ] ] ] } },
{ "type": "Feature", "properties": { "id": "osm:way/303575457", "name": "Studio 516", "height": 9.6, "min_height": 0.0, "levels": 3.0, "height_source": "osm_levels", "roof_shape": "flat", "roof_height": 0.0, "roof_azimuth": null, "roof_source": "lidar", "roof_color": "concrete", "roof_color_source": "ortho", "lod2_roof": null, "roof_props": null, "wall_color": "brick", "wall_color_source": "assessor", "type": "apartments", "landmark": null, "footprint_source": "osm", "source_updated": null, "is_part": false, "parent": null, "hidden": false, "addr": "516 North 2nd Street", "wikidata": null, "website": null, "zoning": "B-2", "lidar_p90": 11.15, "ground_z": 51.67 }, "geometry": { "type": "Polygon", "coordinates": [ [ [ 284608.85, 4158329.06 ], [ 284578.23, 4158353.88 ], [ 284583.05, 4158359.76 ], [ 284613.67, 4158334.96 ], [ 284608.85, 4158329.06 ] ] ] } },
{ "type": "Feature", "properties": { "id": "osm:way/334121365", "name": null, "height": 9.6, "min_height": 0.0, "levels": 3.0, "height_source": "osm_levels", "roof_shape": "gable", "roof_height": 0.71, "roof_azimuth": 127.1, "roof_source": "lidar", "roof_color": "roof_flat", "roof_color_source": "ortho", "lod2_roof": null, "roof_props": null, "wall_color": "cream", "wall_color_source": "assessor", "type": "yes", "landmark": null, "footprint_source": "osm", "source_updated": null, "is_part": false, "parent": null, "hidden": false, "addr": "207 1/2 E Leigh St Apt 1", "wikidata": null, "website": null, "zoning": "RO-2", "lidar_p90": 10.59, "ground_z": 50.92 }, "geometry": { "type": "Polygon", "coordinates": [ [ [ 284695.97, 4158336.11 ], [ 284691.54, 4158339.43 ], [ 284704.09, 4158356.02 ], [ 284708.53, 4158352.7 ], [ 284695.97, 4158336.11 ] ] ] } },
{ "type": "Feature", "properties": { "id": "osm:way/334121363", "name": null, "height": 8.75, "min_height": 0.0, "levels": null, "height_source": "lidar", "roof_shape": "flat", "roof_height": 0.93, "roof_azimuth": null, "roof_source": "lod2", "roof_color": "roof_flat", "roof_color_source": "ortho", "lod2_roof": { "v": [ [ 284698.57, 4158348.73, 0.0 ], [ 284704.08, 4158356.02, 0.93 ], [ 284697.94, 4158360.63, 0.75 ], [ 284693.48, 4158354.72, 0.0 ], [ 284696.97, 4158346.62, 0.36 ], [ 284696.91, 4158347.79, 0.21 ], [ 284691.6, 4158342.37, 0.05 ], [ 284692.97, 4158341.33, 0.37 ], [ 284696.91, 4158347.79, 0.0 ], [ 284691.6, 4158342.37, 0.0 ], [ 284696.97, 4158346.62, 0.0 ] ], "f": [ [ [ 0, 1, 2, 3 ] ], [ [ 4, 5, 6, 7 ] ], [ [ 5, 8, 9, 6 ] ], [ [ 4, 10, 8, 5 ] ] ] }, "roof_props": null, "wall_color": "cream", "wall_color_source": "assessor", "type": "yes", "landmark": null, "footprint_source": "osm", "source_updated": null, "is_part": false, "parent": null, "hidden": false, "addr": "207 E Leigh St", "wikidata": null, "website": null, "zoning": "RO-2", "lidar_p90": 9.47, "ground_z": 50.96 }, "geometry": { "type": "Polygon", "coordinates": [ [ [ 284692.97, 4158341.33 ], [ 284686.88, 4158345.98 ], [ 284697.95, 4158360.63 ], [ 284704.09, 4158356.02 ], [ 284692.97, 4158341.33 ] ] ] } },
{ "type": "Feature", "properties": { "id": "osm:way/334121384", "name": null, "height": 8.04, "min_height": 0.0, "levels": null, "height_source": "lidar", "roof_shape": "flat", "roof_height": 1.04, "roof_azimuth": null, "roof_source": "lod2", "roof_color": "roof_flat", "roof_color_source": "ortho", "lod2_roof": { "v": [ [ 284660.88, 4158354.79, 0.99 ], [ 284660.19, 4158353.75, 0.98 ], [ 284669.06, 4158347.05, 0.0 ], [ 284672.47, 4158351.09, 0.0 ], [ 284663.09, 4158358.18, 1.04 ], [ 284660.65, 4158354.98, 1.02 ] ], "f": [ [ [ 0, 1, 2, 3, 4, 5 ] ] ] }, "roof_props": null, "wall_color": "brick", "wall_color_source": "assessor", "type": "yes", "landmark": null, "footprint_source": "osm", "source_updated": null, "is_part": false, "parent": null, "hidden": false, "addr": null, "wikidata": null, "website": null, "zoning": "B-2", "lidar_p90": 9.39, "ground_z": 51.1 }, "geometry": { "type": "Polygon", "coordinates": [ [ [ 284676.51, 4158348.04 ], [ 284673.31, 4158343.83 ], [ 284659.89, 4158353.98 ], [ 284663.09, 4158358.18 ], [ 284676.51, 4158348.04 ] ] ] } },
{ "type": "Feature", "properties": { "id": "osm:way/303578322", "name": null, "height": 10.34, "min_height": 0.0, "levels": null, "height_source": "lidar", "roof_shape": "flat", "roof_height": 0.0, "roof_azimuth": null, "roof_source": "heuristic", "roof_color": "roof_flat", "roof_color_source": "ortho", "lod2_roof": null, "roof_props": null, "wall_color": "brick", "wall_color_source": "assessor", "type": "commercial", "landmark": null, "footprint_source": "osm", "source_updated": null, "is_part": false, "parent": null, "hidden": false, "addr": "522 N 2nd St", "wikidata": null, "website": null, "zoning": "B-2", "lidar_p90": 10.92, "ground_z": 51.4 }, "geometry": { "type": "Polygon", "coordinates": [ [ [ 284622.79, 4158348.92 ], [ 284619.35, 4158344.58 ], [ 284602.99, 4158357.45 ], [ 284606.43, 4158361.79 ], [ 284622.79, 4158348.92 ] ] ] } },
{ "type": "Feature", "properties": { "id": "osm:way/303578296", "name": null, "height": 9.44, "min_height": 0.0, "levels": null, "height_source": "lidar", "roof_shape": "flat", "roof_height": 0.44, "roof_azimuth": null, "roof_source": "lod2", "roof_color": "slate", "roof_color_source": "ortho", "lod2_roof": { "v": [ [ 284595.23, 4158369.43, 0.42 ], [ 284592.64, 4158371.48, 0.43 ], [ 284591.3, 4158369.8, 0.44 ], [ 284594.21, 4158367.61, 0.42 ], [ 284613.62, 4158336.48, 0.0 ], [ 284618.1, 4158342.09, 0.01 ], [ 284616.73, 4158343.18, 0.01 ], [ 284616.68, 4158343.13, 0.01 ], [ 284592.97, 4158361.94, 0.0 ], [ 284597.04, 4158367.99, 0.01 ], [ 284595.23, 4158369.43, 0.01 ], [ 284594.21, 4158367.61, 0.0 ], [ 284591.3, 4158369.8, 0.0 ], [ 284583.66, 4158360.23, 0.0 ] ], "f": [ [ [ 0, 1, 2, 3 ] ], [ [ 4, 5, 6, 7, 8, 9, 10, 11, 12, 13 ] ], [ [ 2, 12, 11, 3 ] ], [ [ 3, 11, 10, 0 ] ] ] }, "roof_props": null, "wall_color": "terracotta", "wall_color_source": "assessor", "type": "apartments", "landmark": null, "footprint_source": "osm", "source_updated": null, "is_part": false, "parent": null, "hidden": false, "addr": "518 North 2nd Street", "wikidata": null, "website": null, "zoning": "B-2", "lidar_p90": 9.69, "ground_z": 51.52 }, "geometry": { "type": "Polygon", "coordinates": [ [ [ 284598.59, 4158366.75 ], [ 284594.1, 4158361.13 ], [ 284618.1, 4158342.09 ], [ 284613.62, 4158336.48 ], [ 284583.66, 4158360.23 ], [ 284592.64, 4158371.48 ], [ 284598.59, 4158366.75 ] ] ] } },
{ "type": "Feature", "properties": { "id": "osm:way/334121358", "name": null, "height": 6.8, "min_height": 0.0, "levels": null, "height_source": "lidar", "roof_shape": "flat", "roof_height": 0.0, "roof_azimuth": null, "roof_source": "lidar", "roof_color": "roof_flat", "roof_color_source": "ortho", "lod2_roof": null, "roof_props": null, "wall_color": "brick", "wall_color_source": "assessor", "type": "house", "landmark": null, "footprint_source": "osm", "source_updated": null, "is_part": false, "parent": null, "hidden": false, "addr": "505 North 1st Street", "wikidata": null, "website": null, "zoning": "R-6", "lidar_p90": 7.3, "ground_z": 51.74 }, "geometry": { "type": "Polygon", "coordinates": [ [ [ 284536.13, 4158363.4 ], [ 284550.55, 4158352.13 ], [ 284547.2, 4158347.89 ], [ 284532.78, 4158359.15 ], [ 284536.13, 4158363.4 ] ] ] } },
{ "type": "Feature", "properties": { "id": "osm:way/334121357", "name": null, "height": 6.31, "min_height": 0.0, "levels": null, "height_source": "lidar", "roof_shape": "gable", "roof_height": 1.46, "roof_azimuth": 38.0, "roof_source": "lod2", "roof_color": "roof_flat", "roof_color_source": "ortho", "lod2_roof": { "v": [ [ 284536.13, 4158363.4, 1.46 ], [ 284550.78, 4158351.96, 0.06 ], [ 284552.17, 4158353.73, 0.0 ], [ 284553.19, 4158356.74, 0.0 ], [ 284539.38, 4158367.53, 1.32 ] ], "f": [ [ [ 0, 1, 2, 3, 4 ] ] ] }, "roof_props": null, "wall_color": "brick_dark", "wall_color_source": "assessor", "type": "yes", "landmark": null, "footprint_source": "osm", "source_updated": null, "is_part": false, "parent": null, "hidden": false, "addr": "507 North 1st Street", "wikidata": null, "website": null, "zoning": "R-6", "lidar_p90": 7.44, "ground_z": 51.6 }, "geometry": { "type": "Polygon", "coordinates": [ [ [ 284539.38, 4158367.53 ], [ 284554.03, 4158356.09 ], [ 284550.78, 4158351.96 ], [ 284536.13, 4158363.4 ], [ 284539.38, 4158367.53 ] ] ] } },
{ "type": "Feature", "properties": { "id": "osm:way/495303214", "name": "Eggleston Plaza", "height": 12.8, "min_height": 0.0, "levels": 4.0, "height_source": "osm_levels", "roof_shape": "flat", "roof_height": 0.0, "roof_azimuth": null, "roof_source": "heuristic", "roof_color": "roof_flat", "roof_color_source": "ortho", "lod2_roof": null, "roof_props": null, "wall_color": "brick_dark", "wall_color_source": "assessor", "type": "yes", "landmark": null, "footprint_source": "osm", "source_updated": null, "is_part": false, "parent": null, "hidden": false, "addr": "535 1/2 N 2nd St", "wikidata": null, "website": null, "zoning": "B-2", "lidar_p90": 15.29, "ground_z": 50.99 }, "geometry": { "type": "Polygon", "coordinates": [ [ [ 284674.54, 4158382.89 ], [ 284698.7, 4158364.62 ], [ 284682.82, 4158343.79 ], [ 284658.65, 4158362.06 ], [ 284674.54, 4158382.89 ] ] ] } },
{ "type": "Feature", "properties": { "id": "osm:way/334121372", "name": null, "height": 7.06, "min_height": 0.0, "levels": null, "height_source": "lidar", "roof_shape": "flat", "roof_height": 0.0, "roof_azimuth": null, "roof_source": "lidar", "roof_color": "roof_flat", "roof_color_source": "ortho", "lod2_roof": null, "roof_props": null, "wall_color": "brick", "wall_color_source": "assessor", "type": "house", "landmark": null, "footprint_source": "osm", "source_updated": null, "is_part": false, "parent": null, "hidden": false, "addr": "509 North 1st Street", "wikidata": null, "website": null, "zoning": "R-6", "lidar_p90": 7.6, "ground_z": 51.45 }, "geometry": { "type": "Polygon", "coordinates": [ [ [ 284542.93, 4158372.03 ], [ 284557.53, 4158360.62 ], [ 284553.99, 4158356.13 ], [ 284539.38, 4158367.53 ], [ 284542.93, 4158372.03 ] ] ] } },
{ "type": "Feature", "properties": { "id": "osm:way/303578162", "name": "Mansion 526", "height": 10.92, "min_height": 0.0, "levels": null, "height_source": "lidar", "roof_shape": "flat", "roof_height": 0.0, "roof_azimuth": null, "roof_source": "heuristic", "roof_color": "roof_flat", "roof_color_source": "ortho", "lod2_roof": null, "roof_props": null, "wall_color": "brick", "wall_color_source": "assessor", "type": "yes", "landmark": null, "footprint_source": "osm", "source_updated": null, "is_part": false, "parent": null, "hidden": false, "addr": "526 North 2nd Street", "wikidata": null, "website": null, "zoning": "B-2", "lidar_p90": 12.37, "ground_z": 51.42 }, "geometry": { "type": "Polygon", "coordinates": [ [ [ 284604.05, 4158380.95 ], [ 284602.04, 4158378.43 ], [ 284604.24, 4158376.7 ], [ 284605.68, 4158378.52 ], [ 284631.15, 4158358.51 ], [ 284624.79, 4158350.5 ], [ 284590.22, 4158377.66 ], [ 284597.12, 4158386.39 ], [ 284604.05, 4158380.95 ] ] ] } },
{ "type": "Feature", "properties": { "id": "osm:way/334121371", "name": null, "height": 5.57, "min_height": 0.0, "levels": null, "height_source": "lidar", "roof_shape": "gable", "roof_height": 2.58, "roof_azimuth": 38.0, "roof_source": "lod2", "roof_color": "roof_flat", "roof_color_source": "ortho", "lod2_roof": { "v": [ [ 284552.46, 4158364.62, 1.31 ], [ 284553.1, 4158365.58, 1.89 ], [ 284545.42, 4158372.0, 2.58 ], [ 284544.5, 4158370.83, 1.84 ], [ 284556.13, 4158370.56, 0.0 ], [ 284548.79, 4158376.28, 0.9 ], [ 284545.42, 4158372.0, 0.92 ], [ 284552.7, 4158365.91, 0.0 ], [ 284553.1, 4158365.58, 0.0 ] ], "f": [ [ [ 0, 1, 2, 3 ] ], [ [ 4, 5, 6, 7 ] ], [ [ 1, 8, 7, 6, 2 ] ] ] }, "roof_props": null, "wall_color": "brick", "wall_color_source": "assessor", "type": "yes", "landmark": null, "footprint_source": "osm", "source_updated": null, "is_part": false, "parent": null, "hidden": false, "addr": "511 North 1st Street", "wikidata": null, "website": null, "zoning": "R-6", "lidar_p90": 6.38, "ground_z": 51.43 }, "geometry": { "type": "Polygon", "coordinates": [ [ [ 284548.79, 4158376.28 ], [ 284557.6, 4158369.4 ], [ 284553.31, 4158363.95 ], [ 284544.5, 4158370.83 ], [ 284548.79, 4158376.28 ] ] ] } },
{ "type": "Feature", "properties": { "id": "osm:way/321384575", "name": null, "height": 8.36, "min_height": 0.0, "levels": null, "height_source": "lidar", "roof_shape": "flat", "roof_height": 0.0, "roof_azimuth": null, "roof_source": "lidar", "roof_color": "concrete", "roof_color_source": "ortho", "lod2_roof": null, "roof_props": null, "wall_color": "brick_dark", "wall_color_source": "assessor", "type": "yes", "landmark": null, "footprint_source": "osm", "source_updated": null, "is_part": false, "parent": null, "hidden": false, "addr": "525 N 3rd St", "wikidata": null, "website": null, "zoning": "DCC", "lidar_p90": 8.63, "ground_z": 51.12 }, "geometry": { "type": "Polygon", "coordinates": [ [ [ 284738.67, 4158294.67 ], [ 284746.89, 4158305.15 ], [ 284754.25, 4158299.43 ], [ 284746.04, 4158288.95 ], [ 284738.67, 4158294.67 ] ] ] } },
{ "type": "Feature", "properties": { "id": "osm:way/334121410", "name": null, "height": 8.5, "min_height": 0.0, "levels": null, "height_source": "lidar", "roof_shape": "flat", "roof_height": 0.0, "roof_azimuth": null, "roof_source": "heuristic", "roof_color": "roof_flat", "roof_color_source": "ortho", "lod2_roof": null, "roof_props": null, "wall_color": "cream", "wall_color_source": "assessor", "type": "yes", "landmark": null, "footprint_source": "osm", "source_updated": null, "is_part": false, "parent": null, "hidden": false, "addr": "217 East Leigh Street", "wikidata": null, "website": null, "zoning": "RO-2", "lidar_p90": 9.19, "ground_z": 50.73 }, "geometry": { "type": "Polygon", "coordinates": [ [ [ 284731.15, 4158335.74 ], [ 284737.09, 4158331.29 ], [ 284729.87, 4158321.74 ], [ 284727.43, 4158323.57 ], [ 284721.37, 4158315.55 ], [ 284717.87, 4158318.17 ], [ 284731.15, 4158335.74 ] ] ] } },
{ "type": "Feature", "properties": { "id": "osm:way/334121382", "name": null, "height": 6.64, "min_height": 0.0, "levels": null, "height_source": "lidar", "roof_shape": "gable", "roof_height": 3.08, "roof_azimuth": 127.1, "roof_source": "lod2", "roof_color": "concrete", "roof_color_source": "ortho", "lod2_roof": { "v": [ [ 284724.96, 4158331.07, 0.64 ], [ 284725.75, 4158332.17, 1.35 ], [ 284726.16, 4158332.69, 1.69 ], [ 284725.65, 4158333.11, 1.7 ], [ 284726.66, 4158334.03, 2.41 ], [ 284721.9, 4158337.83, 2.39 ], [ 284719.94, 4158335.24, 0.68 ], [ 284727.8, 4158331.32, 3.05 ], [ 284726.16, 4158332.69, 3.08 ], [ 284725.75, 4158332.17, 2.93 ], [ 284724.96, 4158331.07, 2.63 ], [ 284722.97, 4158328.31, 1.87 ], [ 284724.67, 4158327.19, 1.89 ], [ 284722.4, 4158327.53, 0.01 ], [ 284722.97, 4158328.31, 0.15 ], [ 284717.06, 4158331.44, 0.0 ], [ 284721.03, 4158328.46, 0.0 ], [ 284722.97, 4158328.31, 1.03 ], [ 284722.4, 4158327.53, 1.01 ], [ 284724.07, 4158326.39, 0.87 ], [ 284724.67, 4158327.19, 0.9 ], [ 284728.96, 4158336.28, 0.73 ], [ 284724.51, 4158340.51, 0.43 ], [ 284724.61, 4158340.63, 0.34 ], [ 284724.23, 4158340.92, 0.35 ], [ 284728.55, 4158335.76, 1.08 ], [ 284728.55, 4158335.76, 2.21 ], [ 284731.14, 4158335.74, 1.82 ], [ 284729.5, 4158336.97, 1.87 ], [ 284728.96, 4158336.28, 2.07 ], [ 284729.5, 4158336.97, 0.0 ], [ 284728.96, 4158336.28, 0.0 ], [ 284724.51, 4158340.51, 0.0 ], [ 284724.61, 4158340.63, 0.0 ] ], "f": [ [ [ 0, 1, 2, 3, 4, 5, 6 ] ], [ [ 7, 8, 9, 10, 11, 12 ] ], [ [ 13, 14, 0, 6, 15, 16 ] ], [ [ 17, 18, 19, 20 ] ], [ [ 21, 22, 23, 24, 5, 4, 25 ] ], [ [ 26, 8, 7, 27, 28, 29 ] ], [ [ 28, 30, 31, 21, 29 ] ], [ [ 11, 17, 20, 12 ] ], [ [ 10, 0, 14, 17, 11 ] ], [ [ 22, 32, 33, 23 ] ], [ [ 8, 2, 1, 9 ] ], [ [ 9, 1, 0, 10 ] ], [ [ 17, 14, 13, 18 ] ], [ [ 29, 21, 25, 26 ] ], [ [ 21, 31, 32, 22 ] ] ] }, "roof_props": null, "wall_color": "brick", "wall_color_source": "assessor", "type": "yes", "landmark": null, "footprint_source": "osm", "source_updated": null, "is_part": false, "parent": null, "hidden": false, "addr": "215 East Leigh Street", "wikidata": null, "website": null, "zoning": "RO-2", "lidar_p90": 8.83, "ground_z": 50.76 }, "geometry": { "type": "Polygon", "coordinates": [ [ [ 284724.07, 4158326.39 ], [ 284716.94, 4158331.27 ], [ 284724.23, 4158340.92 ], [ 284731.15, 4158335.74 ], [ 284724.07, 4158326.39 ] ] ] } },
{ "type": "Feature", "properties": { "id": "osm:way/334121379", "name": null, "height": 6.86, "min_height": 0.0, "levels": null, "height_source": "lidar", "roof_shape": "flat", "roof_height": 2.02, "roof_azimuth": null, "roof_source": "lod2", "roof_color": "roof_flat", "roof_color_source": "ortho", "lod2_roof": { "v": [ [ 284716.77, 4158341.91, 1.97 ], [ 284721.91, 4158337.85, 2.02 ], [ 284724.23, 4158340.92, 0.02 ], [ 284718.99, 4158344.85, 0.06 ], [ 284715.01, 4158339.58, 0.5 ], [ 284719.75, 4158334.99, 0.22 ], [ 284711.19, 4158334.53, 0.0 ], [ 284717.13, 4158333.05, 0.0 ], [ 284718.86, 4158333.82, 0.1 ] ], "f": [ [ [ 0, 1, 2, 3 ] ], [ [ 4, 5, 1, 0 ] ], [ [ 5, 4, 6, 7, 8 ] ] ] }, "roof_props": null, "wall_color": "terracotta", "wall_color_source": "assessor", "type": "yes", "landmark": null, "footprint_source": "osm", "source_updated": null, "is_part": false, "parent": null, "hidden": false, "addr": "213 East Leigh Street", "wikidata": null, "website": null, "zoning": "RO-2", "lidar_p90": 8.46, "ground_z": 51.04 }, "geometry": { "type": "Polygon", "coordinates": [ [ [ 284713.81, 4158327.14 ], [ 284708.68, 4158331.19 ], [ 284718.99, 4158344.85 ], [ 284724.23, 4158340.92 ], [ 284713.81, 4158327.14 ] ] ] } },
{ "type": "Feature", "properties": { "id": "osm:way/334121421", "name": null, "height": 9.6, "min_height": 0.0, "levels": 3.0, "height_source": "osm_levels", "roof_shape": "flat", "roof_height": 0.0, "roof_azimuth": null, "roof_source": "heuristic", "roof_color": "roof_flat", "roof_color_source": "ortho", "lod2_roof": null, "roof_props": null, "wall_color": "brick", "wall_color_source": "assessor", "type": "yes", "landmark": null, "footprint_source": "osm", "source_updated": null, "is_part": false, "parent": null, "hidden": false, "addr": "210 East Leigh Street", "wikidata": null, "website": null, "zoning": "B-2", "lidar_p90": 13.08, "ground_z": 51.35 }, "geometry": { "type": "Polygon", "coordinates": [ [ [ 284726.28, 4158367.85 ], [ 284737.05, 4158380.88 ], [ 284734.73, 4158382.78 ], [ 284738.15, 4158386.92 ], [ 284739.98, 4158385.42 ], [ 284758.23, 4158407.53 ], [ 284765.79, 4158401.34 ], [ 284733.37, 4158362.06 ], [ 284726.28, 4158367.85 ] ] ] } },
{ "type": "Feature", "properties": { "id": "osm:way/334121348", "name": null, "height": 9.01, "min_height": 0.0, "levels": null, "height_source": "lidar", "roof_shape": "flat", "roof_height": 0.92, "roof_azimuth": null, "roof_source": "lod2", "roof_color": "roof_flat", "roof_color_source": "ortho", "lod2_roof": { "v": [ [ 284739.41, 4158411.06, 0.1 ], [ 284742.78, 4158408.43, 0.17 ], [ 284746.66, 4158411.69, 0.92 ], [ 284742.79, 4158414.63, 0.82 ], [ 284741.19, 4158412.63, 0.45 ], [ 284750.22, 4158410.69, 0.0 ], [ 284756.08, 4158418.08, 0.6 ], [ 284743.67, 4158427.84, 0.59 ], [ 284737.96, 4158420.63, 0.0 ], [ 284742.79, 4158414.63, 0.0 ], [ 284741.19, 4158412.63, 0.0 ], [ 284742.78, 4158408.43, 0.0 ], [ 284746.66, 4158411.69, 0.0 ], [ 284739.41, 4158411.06, 0.0 ] ], "f": [ [ [ 0, 1, 2, 3, 4 ] ], [ [ 5, 6, 7, 8 ] ], [ [ 3, 9, 10, 4 ] ], [ [ 1, 11, 12, 2 ] ], [ [ 2, 12, 9, 3 ] ], [ [ 4, 10, 13, 0 ] ], [ [ 0, 13, 11, 1 ] ] ] }, "roof_props": null, "wall_color": "brick", "wall_color_source": "assessor", "type": "yes", "landmark": null, "footprint_source": "osm", "source_updated": null, "is_part": false, "parent": null, "hidden": false, "addr": "208 East Leigh Street", "wikidata": null, "website": null, "zoning": "B-2", "lidar_p90": 9.76, "ground_z": 51.51 }, "geometry": { "type": "Polygon", "coordinates": [ [ [ 284743.67, 4158427.84 ], [ 284756.08, 4158418.08 ], [ 284745.61, 4158404.89 ], [ 284733.21, 4158414.65 ], [ 284743.67, 4158427.84 ] ] ] } },
{ "type": "Feature", "properties": { "id": "osm:way/334121373", "name": null, "height": 9.21, "min_height": 0.0, "levels": null, "height_source": "lidar", "roof_shape": "flat", "roof_height": 0.0, "roof_azimuth": null, "roof_source": "lidar", "roof_color": "roof_flat", "roof_color_source": "ortho", "lod2_roof": null, "roof_props": null, "wall_color": "sand", "wall_color_source": "assessor", "type": "yes", "landmark": null, "footprint_source": "osm", "source_updated": null, "is_part": false, "parent": null, "hidden": false, "addr": "613 North 2nd Street", "wikidata": null, "website": null, "zoning": "B-2", "lidar_p90": 9.8, "ground_z": 49.97 }, "geometry": { "type": "Polygon", "coordinates": [ [ [ 284741.44, 4158463.94 ], [ 284757.42, 4158452.01 ], [ 284752.14, 4158445.0 ], [ 284736.15, 4158456.93 ], [ 284741.44, 4158463.94 ] ] ] } },
{ "type": "Feature", "properties": { "id": "osm:way/334121395", "name": null, "height": 8.38, "min_height": 0.0, "levels": null, "height_source": "lidar", "roof_shape": "flat", "roof_height": 0.0, "roof_azimuth": null, "roof_source": "heuristic", "roof_color": "roof_flat", "roof_color_source": "ortho", "lod2_roof": null, "roof_props": null, "wall_color": "brick", "wall_color_source": "assessor", "type": "yes", "landmark": null, "footprint_source": "osm", "source_updated": null, "is_part": false, "parent": null, "hidden": false, "addr": "100 East Clay Street", "wikidata": null, "website": null, "zoning": "R-6", "lidar_p90": 9.16, "ground_z": 51.74 }, "geometry": { "type": "Polygon", "coordinates": [ [ [ 284520.44, 4158345.89 ], [ 284521.77, 4158344.87 ], [ 284528.51, 4158353.59 ], [ 284532.57, 4158350.49 ], [ 284517.74, 4158331.82 ], [ 284512.61, 4158335.76 ], [ 284520.44, 4158345.89 ] ] ] } },
{ "type": "Feature", "properties": { "id": "osm:way/297841778", "name": "Refuge Temple Assembly of Yahweh", "height": 11.9, "min_height": 0.0, "levels": null, "height_source": "lidar", "roof_shape": "gable", "roof_height": 4.0, "roof_azimuth": null, "roof_source": "heuristic", "roof_color": "slate", "roof_color_source": "ortho", "lod2_roof": null, "roof_props": null, "wall_color": "sand", "wall_color_source": "assessor", "type": "church", "landmark": null, "footprint_source": "osm", "source_updated": null, "is_part": false, "parent": null, "hidden": false, "addr": "18 East Clay Street", "wikidata": null, "website": null, "zoning": "R-6", "lidar_p90": 15.84, "ground_z": 51.51 }, "geometry": { "type": "Polygon", "coordinates": [ [ [ 284522.71, 4158378.96 ], [ 284515.34, 4158369.89 ], [ 284514.16, 4158370.84 ], [ 284499.17, 4158352.37 ], [ 284495.12, 4158355.62 ], [ 284493.23, 4158353.31 ], [ 284488.94, 4158356.76 ], [ 284490.75, 4158358.99 ], [ 284487.0, 4158362.01 ], [ 284502.17, 4158380.7 ], [ 284499.55, 4158382.81 ], [ 284506.81, 4158391.75 ], [ 284522.71, 4158378.96 ] ] ] } },
{ "type": "Feature", "properties": { "id": "osm:way/334121390", "name": null, "height": 6.61, "min_height": 0.0, "levels": null, "height_source": "lidar", "roof_shape": "flat", "roof_height": 1.2, "roof_azimuth": null, "roof_source": "lod2", "roof_color": "roof_flat", "roof_color_source": "ortho", "lod2_roof": { "v": [ [ 284553.52, 4158382.61, 1.2 ], [ 284550.26, 4158378.48, 1.18 ], [ 284554.59, 4158374.9, 0.51 ], [ 284557.75, 4158379.28, 0.55 ], [ 284564.4, 4158369.59, 0.0 ], [ 284566.47, 4158372.4, 0.32 ], [ 284557.75, 4158379.28, 0.38 ], [ 284555.3, 4158375.88, 0.0 ], [ 284554.59, 4158374.9, 0.0 ] ], "f": [ [ [ 0, 1, 2, 3 ] ], [ [ 4, 5, 6, 7 ] ], [ [ 2, 8, 7, 6, 3 ] ] ] }, "roof_props": null, "wall_color": "brick", "wall_color_source": "assessor", "type": "yes", "landmark": null, "footprint_source": "osm", "source_updated": null, "is_part": false, "parent": null, "hidden": false, "addr": "513 North 1st Street", "wikidata": null, "website": null, "zoning": "R-6", "lidar_p90": 7.62, "ground_z": 51.47 }, "geometry": { "type": "Polygon", "coordinates": [ [ [ 284553.52, 4158382.61 ], [ 284567.62, 4158371.5 ], [ 284563.28, 4158366.03 ], [ 284549.15, 4158377.06 ], [ 284553.52, 4158382.61 ] ] ] } },
{ "type": "Feature", "properties": { "id": "osm:relation/4043108", "name": "Hippodrome Theater", "height": 10.01, "min_height": 0.0, "levels": null, "height_source": "lidar", "roof_shape": "flat", "roof_height": 0.0, "roof_azimuth": null, "roof_source": "heuristic", "roof_color": "roof_flat", "roof_color_source": "landmark", "lod2_roof": null, "roof_props": null, "wall_color": "cream", "wall_color_source": "landmark", "type": "yes", "landmark": "hippodrome-theater", "footprint_source": "osm", "source_updated": null, "is_part": false, "parent": null, "hidden": false, "addr": "528 North 2nd Street", "wikidata": "Q16995477", "website": "https://hippodromerichmond.com/", "zoning": "B-2", "lidar_p90": 11.55, "ground_z": 51.35 }, "geometry": { "type": "Polygon", "coordinates": [ [ [ 284610.03, 4158396.17 ], [ 284642.13, 4158370.71 ], [ 284632.48, 4158358.94 ], [ 284601.06, 4158384.27 ], [ 284602.55, 4158386.14 ], [ 284598.72, 4158389.18 ], [ 284605.28, 4158397.39 ], [ 284608.78, 4158394.62 ], [ 284610.03, 4158396.17 ] ] ] } },
{ "type": "Feature", "properties": { "id": "osm:way/334121340", "name": null, "height": 6.79, "min_height": 0.0, "levels": null, "height_source": "lidar", "roof_shape": "flat", "roof_height": 0.69, "roof_azimuth": null, "roof_source": "lod2", "roof_color": "roof_flat", "roof_color_source": "ortho", "lod2_roof": { "v": [ [ 284564.64, 4158383.19, 0.0 ], [ 284558.38, 4158388.31, 0.54 ], [ 284554.09, 4158383.1, 0.69 ], [ 284561.51, 4158376.74, 0.04 ], [ 284562.53, 4158377.77, 0.0 ], [ 284561.51, 4158376.74, 0.0 ] ], "f": [ [ [ 0, 1, 2, 3, 4 ] ], [ [ 3, 5, 4 ] ] ] }, "roof_props": null, "wall_color": "cream", "wall_color_source": "assessor", "type": "yes", "landmark": null, "footprint_source": "osm", "source_updated": null, "is_part": false, "parent": null, "hidden": false, "addr": "515 North 1st Street", "wikidata": null, "website": null, "zoning": "R-6", "lidar_p90": 7.16, "ground_z": 51.47 }, "geometry": { "type": "Polygon", "coordinates": [ [ [ 284558.38, 4158388.31 ], [ 284567.36, 4158380.95 ], [ 284566.2, 4158379.55 ], [ 284567.97, 4158378.1 ], [ 284566.78, 4158376.65 ], [ 284569.82, 4158374.16 ], [ 284567.62, 4158371.5 ], [ 284554.09, 4158383.1 ], [ 284558.38, 4158388.31 ] ] ] } },
{ "type": "Feature", "properties": { "id": "osm:way/334121427", "name": null, "height": 8.03, "min_height": 0.0, "levels": null, "height_source": "lidar", "roof_shape": "flat", "roof_height": 0.57, "roof_azimuth": null, "roof_source": "lod2", "roof_color": "roof_flat", "roof_color_source": "ortho", "lod2_roof": { "v": [ [ 284568.44, 4158390.2, 0.0 ], [ 284563.18, 4158394.38, 0.38 ], [ 284559.19, 4158389.4, 0.57 ], [ 284566.69, 4158383.43, 0.03 ], [ 284566.06, 4158382.64, 0.06 ], [ 284566.89, 4158381.98, 0.0 ] ], "f": [ [ [ 0, 1, 2, 3, 4, 5 ] ] ] }, "roof_props": null, "wall_color": "brick_dark", "wall_color_source": "assessor", "type": "yes", "landmark": null, "footprint_source": "osm", "source_updated": null, "is_part": false, "parent": null, "hidden": false, "addr": "517 North 1st Street", "wikidata": null, "website": null, "zoning": "R-6", "lidar_p90": 8.51, "ground_z": 51.35 }, "geometry": { "type": "Polygon", "coordinates": [ [ [ 284563.18, 4158394.38 ], [ 284572.21, 4158387.2 ], [ 284570.44, 4158384.99 ], [ 284575.45, 4158381.01 ], [ 284572.6, 4158377.44 ], [ 284566.06, 4158382.64 ], [ 284566.69, 4158383.43 ], [ 284559.19, 4158389.4 ], [ 284563.18, 4158394.38 ] ] ] } },
{ "type": "Feature", "properties": { "id": "osm:way/334121339", "name": null, "height": 8.66, "min_height": 0.0, "levels": null, "height_source": "lidar", "roof_shape": "flat", "roof_height": 0.0, "roof_azimuth": null, "roof_source": "heuristic", "roof_color": "roof_flat", "roof_color_source": "ortho", "lod2_roof": null, "roof_props": null, "wall_color": "brick", "wall_color_source": "assessor", "type": "yes", "landmark": null, "footprint_source": "osm", "source_updated": null, "is_part": false, "parent": null, "hidden": false, "addr": "119 E Leigh St", "wikidata": null, "website": null, "zoning": "B-2", "lidar_p90": 9.55, "ground_z": 50.99 }, "geometry": { "type": "Polygon", "coordinates": [ [ [ 284651.25, 4158398.17 ], [ 284652.62, 4158397.04 ], [ 284655.09, 4158400.04 ], [ 284661.55, 4158394.78 ], [ 284655.34, 4158387.22 ], [ 284653.04, 4158389.09 ], [ 284649.77, 4158385.1 ], [ 284648.49, 4158386.15 ], [ 284643.9, 4158380.55 ], [ 284639.63, 4158384.03 ], [ 284651.25, 4158398.17 ] ] ] } },
{ "type": "Feature", "properties": { "id": "osm:way/334121422", "name": null, "height": 7.24, "min_height": 0.0, "levels": null, "height_source": "lidar", "roof_shape": "flat", "roof_height": 1.45, "roof_azimuth": null, "roof_source": "lod2", "roof_color": "roof_flat", "roof_color_source": "ortho", "lod2_roof": { "v": [ [ 284565.89, 4158394.84, 0.43 ], [ 284569.77, 4158390.66, 0.0 ], [ 284573.59, 4158395.85, 0.0 ], [ 284568.08, 4158400.06, 0.53 ], [ 284564.58, 4158395.71, 0.54 ], [ 284571.84, 4158388.42, 0.59 ], [ 284565.89, 4158394.84, 1.35 ], [ 284564.58, 4158395.71, 1.45 ], [ 284564.0, 4158394.99, 1.36 ], [ 284568.86, 4158391.1, 0.91 ], [ 284568.26, 4158390.35, 0.82 ], [ 284571.37, 4158387.87, 0.53 ], [ 284571.37, 4158387.87, 0.0 ], [ 284571.84, 4158388.42, 0.0 ] ], "f": [ [ [ 0, 1, 2, 3, 4 ] ], [ [ 5, 6, 7, 8, 9, 10, 11 ] ], [ [ 11, 12, 13, 5 ] ], [ [ 6, 0, 4, 7 ] ], [ [ 5, 13, 1, 0, 6 ] ] ] }, "roof_props": null, "wall_color": "brick_dark", "wall_color_source": "assessor", "type": "yes", "landmark": null, "footprint_source": "osm", "source_updated": null, "is_part": false, "parent": null, "hidden": false, "addr": "519 North 1st Street", "wikidata": null, "website": null, "zoning": "R-6", "lidar_p90": 7.65, "ground_z": 51.38 }, "geometry": { "type": "Polygon", "coordinates": [ [ [ 284568.08, 4158400.06 ], [ 284577.54, 4158392.83 ], [ 284572.7, 4158386.81 ], [ 284568.26, 4158390.35 ], [ 284568.86, 4158391.1 ], [ 284564.0, 4158394.99 ], [ 284568.08, 4158400.06 ] ] ] } },
{ "type": "Feature", "properties": { "id": "osm:way/334121399", "name": null, "height": 7.15, "min_height": 0.0, "levels": null, "height_source": "lidar", "roof_shape": "skillion", "roof_height": 1.66, "roof_azimuth": 5.7, "roof_source": "lod2", "roof_color": "roof_flat", "roof_color_source": "ortho", "lod2_roof": { "v": [ [ 284646.8, 4158397.04, 1.32 ], [ 284643.75, 4158393.91, 1.18 ], [ 284642.53, 4158392.88, 1.1 ], [ 284644.54, 4158391.74, 1.56 ], [ 284648.21, 4158396.11, 1.66 ], [ 284642.53, 4158392.88, 0.13 ], [ 284641.56, 4158392.06, 0.04 ], [ 284641.44, 4158391.58, 0.01 ], [ 284643.74, 4158390.78, 0.02 ], [ 284644.54, 4158391.74, 0.11 ], [ 284635.73, 4158391.83, 0.09 ], [ 284635.68, 4158390.27, 0.02 ], [ 284636.94, 4158388.17, 0.01 ], [ 284641.12, 4158391.69, 0.44 ], [ 284641.44, 4158391.58, 0.45 ], [ 284641.56, 4158392.06, 0.48 ], [ 284642.53, 4158392.88, 0.58 ], [ 284643.75, 4158393.91, 0.71 ], [ 284646.8, 4158397.04, 1.04 ], [ 284648.21, 4158396.11, 1.09 ], [ 284650.95, 4158399.37, 1.42 ], [ 284645.71, 4158403.73, 1.27 ], [ 284635.73, 4158391.83, 0.33 ], [ 284633.27, 4158388.91, 0.38 ], [ 284637.16, 4158385.66, 0.01 ], [ 284637.91, 4158386.55, 0.0 ], [ 284636.94, 4158388.17, 0.12 ], [ 284635.68, 4158390.27, 0.28 ] ], "f": [ [ [ 0, 1, 2, 3, 4 ] ], [ [ 5, 6, 7, 8, 9 ] ], [ [ 10, 11, 12, 13, 14, 15, 16, 17, 18, 19, 20, 21 ] ], [ [ 22, 23, 24, 25, 26, 27 ] ], [ [ 4, 19, 18, 0 ] ], [ [ 26, 12, 11, 27 ] ], [ [ 14, 7, 6, 15 ] ], [ [ 1, 17, 16, 2 ] ], [ [ 2, 16, 5, 9, 3 ] ], [ [ 0, 18, 17, 1 ] ], [ [ 15, 6, 5, 16 ] ], [ [ 27, 11, 10, 22 ] ] ] }, "roof_props": null, "wall_color": "cream", "wall_color_source": "assessor", "type": "yes", "landmark": null, "footprint_source": "osm", "source_updated": null, "is_part": false, "parent": null, "hidden": false, "addr": "117 East Leigh Street", "wikidata": null, "website": null, "zoning": "R-63", "lidar_p90": 9.2, "ground_z": 51.09 }, "geometry": { "type": "Polygon", "coordinates": [ [ [ 284645.71, 4158403.73 ], [ 284650.95, 4158399.37 ], [ 284642.75, 4158389.59 ], [ 284641.41, 4158390.72 ], [ 284637.16, 4158385.66 ], [ 284633.27, 4158388.91 ], [ 284645.71, 4158403.73 ] ] ] } },
{ "type": "Feature", "properties": { "id": "osm:way/334121420", "name": null, "height": 6.95, "min_height": 0.0, "levels": null, "height_source": "lidar", "roof_shape": "flat", "roof_height": 0.0, "roof_azimuth": null, "roof_source": "heuristic", "roof_color": "roof_flat", "roof_color_source": "ortho", "lod2_roof": null, "roof_props": null, "wall_color": "brick", "wall_color_source": "assessor", "type": "yes", "landmark": null, "footprint_source": "osm", "source_updated": null, "is_part": false, "parent": null, "hidden": false, "addr": "521 North 1st Street", "wikidata": null, "website": null, "zoning": "R-6", "lidar_p90": 7.68, "ground_z": 51.44 }, "geometry": { "type": "Polygon", "coordinates": [ [ [ 284573.09, 4158406.09 ], [ 284587.27, 4158394.97 ], [ 284582.58, 4158388.93 ], [ 284576.38, 4158393.71 ], [ 284576.97, 4158394.46 ], [ 284568.9, 4158400.7 ], [ 284573.09, 4158406.09 ] ] ] } },
{ "type": "Feature", "properties": { "id": "osm:way/334121393", "name": null, "height": 7.79, "min_height": 0.0, "levels": null, "height_source": "lidar", "roof_shape": "flat", "roof_height": 0.9, "roof_azimuth": null, "roof_source": "lod2", "roof_color": "roof_flat", "roof_color_source": "ortho", "lod2_roof": { "v": [ [ 284635.78, 4158397.43, 0.0 ], [ 284637.86, 4158395.81, 0.0 ], [ 284644.9, 4158404.72, 0.9 ], [ 284639.53, 4158408.91, 0.9 ], [ 284632.47, 4158399.97, 0.0 ] ], "f": [ [ [ 0, 1, 2, 3, 4 ] ] ] }, "roof_props": null, "wall_color": "terracotta", "wall_color_source": "assessor", "type": "yes", "landmark": null, "footprint_source": "osm", "source_updated": null, "is_part": false, "parent": null, "hidden": false, "addr": "115 East Leigh Street", "wikidata": null, "website": null, "zoning": "R-63", "lidar_p90": 8.64, "ground_z": 51.18 }, "geometry": { "type": "Polygon", "coordinates": [ [ [ 284639.54, 4158408.91 ], [ 284644.9, 4158404.72 ], [ 284637.63, 4158395.51 ], [ 284635.71, 4158397.01 ], [ 284630.91, 4158390.93 ], [ 284627.47, 4158393.63 ], [ 284639.54, 4158408.91 ] ] ] } },
{ "type": "Feature", "properties": { "id": "osm:way/334121401", "name": null, "height": 6.5, "min_height": 0.0, "levels": null, "height_source": "lidar", "roof_shape": "flat", "roof_height": 0.0, "roof_azimuth": null, "roof_source": "lidar", "roof_color": "slate", "roof_color_source": "ortho", "lod2_roof": null, "roof_props": null, "wall_color": "terracotta", "wall_color_source": "assessor", "type": "yes", "landmark": null, "footprint_source": "osm", "source_updated": null, "is_part": false, "parent": null, "hidden": false, "addr": "523 North 1st Street", "wikidata": null, "website": null, "zoning": "R-6", "lidar_p90": 7.21, "ground_z": 51.41 }, "geometry": { "type": "Polygon", "coordinates": [ [ [ 284577.54, 4158412.05 ], [ 284591.82, 4158400.6 ], [ 284587.27, 4158394.97 ], [ 284577.37, 4158402.93 ], [ 284577.86, 4158403.52 ], [ 284573.49, 4158407.04 ], [ 284577.54, 4158412.05 ] ] ] } },
{ "type": "Feature", "properties": { "id": "osm:way/334119643", "name": null, "height": 6.4, "min_height": 0.0, "levels": 2.0, "height_source": "osm_levels", "roof_shape": "gable", "roof_height": 1.09, "roof_azimuth": null, "roof_source": "lod2", "roof_color": "slate", "roof_color_source": "ortho", "lod2_roof": { "v": [ [ 284512.32, 4158395.02, 0.26 ], [ 284521.3, 4158387.34, 1.09 ], [ 284527.38, 4158395.34, 1.04 ], [ 284518.1, 4158402.55, 0.22 ], [ 284521.3, 4158387.34, 0.0 ], [ 284527.38, 4158395.34, 0.0 ], [ 284518.1, 4158402.55, 0.0 ], [ 284512.32, 4158395.02, 0.0 ] ], "f": [ [ [ 0, 1, 2, 3 ] ], [ [ 1, 4, 5, 2 ] ], [ [ 3, 6, 7, 0 ] ] ] }, "roof_props": null, "wall_color": "brick_dark", "wall_color_source": "assessor", "type": "house", "landmark": null, "footprint_source": "osm", "source_updated": null, "is_part": false, "parent": null, "hidden": false, "addr": "518 N 1st St", "wikidata": null, "website": null, "zoning": "R-6", "lidar_p90": 7.47, "ground_z": 51.42 }, "geometry": { "type": "Polygon", "coordinates": [ [ [ 284522.79, 4158384.5 ], [ 284507.55, 4158396.34 ], [ 284514.57, 4158405.3 ], [ 284529.8, 4158393.46 ], [ 284522.79, 4158384.5 ] ] ] } },
{ "type": "Feature", "properties": { "id": "osm:way/334119676", "name": null, "height": 6.4, "min_height": 0.0, "levels": 2.0, "height_source": "osm_levels", "roof_shape": "gable", "roof_height": 1.5, "roof_azimuth": null, "roof_source": "lod2", "roof_color": "roof_flat", "roof_color_source": "ortho", "lod2_roof": { "v": [ [ 284518.12, 4158402.91, 0.73 ], [ 284518.15, 4158402.52, 0.74 ], [ 284527.54, 4158395.22, 1.46 ], [ 284534.45, 4158404.25, 1.5 ], [ 284525.58, 4158411.15, 0.83 ], [ 284519.39, 4158403.15, 0.79 ], [ 284527.54, 4158395.22, 0.0 ], [ 284534.45, 4158404.25, 0.0 ], [ 284519.39, 4158403.15, 0.0 ], [ 284518.12, 4158402.91, 0.0 ], [ 284525.58, 4158411.15, 0.0 ], [ 284518.15, 4158402.52, 0.0 ] ], "f": [ [ [ 0, 1, 2, 3, 4, 5 ] ], [ [ 2, 6, 7, 3 ] ], [ [ 5, 8, 9, 0 ] ], [ [ 4, 10, 8, 5 ] ], [ [ 0, 9, 11, 1 ] ] ] }, "roof_props": null, "wall_color": "brick", "wall_color_source": "assessor", "type": "house", "landmark": null, "footprint_source": "osm", "source_updated": null, "is_part": false, "parent": null, "hidden": false, "addr": "522 North 1st Street", "wikidata": null, "website": null, "zoning": "R-6", "lidar_p90": 7.69, "ground_z": 51.36 }, "geometry": { "type": "Polygon", "coordinates": [ [ [ 284529.8, 4158393.46 ], [ 284514.57, 4158405.3 ], [ 284521.59, 4158414.25 ], [ 284536.82, 4158402.4 ], [ 284529.8, 4158393.46 ] ] ] } },
{ "type": "Feature", "properties": { "id": "osm:way/334119677", "name": null, "height": 6.4, "min_height": 0.0, "levels": 2.0, "height_source": "osm_levels", "roof_shape": "gable", "roof_height": 3.2, "roof_azimuth": null, "roof_source": "heuristic", "roof_color": "concrete", "roof_color_source": "ortho", "lod2_roof": null, "roof_props": null, "wall_color": "cream", "wall_color_source": "assessor", "type": "house", "landmark": null, "footprint_source": "osm", "source_updated": null, "is_part": false, "parent": null, "hidden": false, "addr": "526 N 1st St", "wikidata": null, "website": null, "zoning": "R-6", "lidar_p90": 0.11, "ground_z": 51.22 }, "geometry": { "type": "Polygon", "coordinates": [ [ [ 284545.75, 4158415.38 ], [ 284536.95, 4158403.96 ], [ 284522.21, 4158415.23 ], [ 284531.0, 4158426.65 ], [ 284545.75, 4158415.38 ] ] ] } },
{ "type": "Feature", "properties": { "id": "osm:way/334121381", "name": null, "height": 7.61, "min_height": 0.0, "levels": null, "height_source": "lidar", "roof_shape": "flat", "roof_height": 0.97, "roof_azimuth": null, "roof_source": "lod2", "roof_color": "roof_flat", "roof_color_source": "ortho", "lod2_roof": { "v": [ [ 284630.61, 4158399.85, 0.0 ], [ 284638.2, 4158409.18, 0.97 ], [ 284632.88, 4158413.47, 0.83 ], [ 284626.55, 4158405.69, 0.03 ], [ 284628.33, 4158404.04, 0.06 ], [ 284630.4, 4158402.13, 0.1 ], [ 284630.52, 4158399.97, 0.0 ], [ 284626.55, 4158405.69, 0.0 ], [ 284628.33, 4158404.04, 0.0 ], [ 284630.4, 4158402.13, 0.0 ] ], "f": [ [ [ 0, 1, 2, 3, 4, 5, 6 ] ], [ [ 3, 7, 8, 4 ] ], [ [ 4, 8, 9, 5 ] ], [ [ 5, 9, 6 ] ] ] }, "roof_props": null, "wall_color": "brick", "wall_color_source": "assessor", "type": "yes", "landmark": null, "footprint_source": "osm", "source_updated": null, "is_part": false, "parent": null, "hidden": false, "addr": "113 East Leigh Street", "wikidata": null, "website": null, "zoning": "R-63", "lidar_p90": 8.35, "ground_z": 51.22 }, "geometry": { "type": "Polygon", "coordinates": [ [ [ 284632.88, 4158413.47 ], [ 284638.2, 4158409.18 ], [ 284626.24, 4158394.47 ], [ 284620.92, 4158398.76 ], [ 284632.88, 4158413.47 ] ] ] } },
{ "type": "Feature", "properties": { "id": "osm:way/334121378", "name": null, "height": 6.8, "min_height": 0.0, "levels": null, "height_source": "lidar", "roof_shape": "flat", "roof_height": 1.3, "roof_azimuth": null, "roof_source": "lod2", "roof_color": "roof_flat", "roof_color_source": "ortho", "lod2_roof": { "v": [ [ 284590.82, 4158406.86, 0.1 ], [ 284592.06, 4158406.09, 0.0 ], [ 284596.03, 4158407.31, 0.0 ], [ 284582.5, 4158418.17, 1.3 ], [ 284577.54, 4158412.05, 0.9 ], [ 284585.9, 4158405.34, 0.1 ], [ 284588.22, 4158408.48, 0.31 ], [ 284588.22, 4158408.48, 0.0 ], [ 284590.82, 4158406.86, 0.0 ], [ 284585.9, 4158405.34, 0.0 ] ], "f": [ [ [ 0, 1, 2, 3, 4, 5, 6 ] ], [ [ 6, 7, 8, 0 ] ], [ [ 5, 9, 7, 6 ] ] ] }, "roof_props": null, "wall_color": "cream", "wall_color_source": "assessor", "type": "yes", "landmark": null, "footprint_source": "osm", "source_updated": null, "is_part": false, "parent": null, "hidden": false, "addr": "525 North 1st Street", "wikidata": null, "website": null, "zoning": "R-6", "lidar_p90": 7.57, "ground_z": 51.32 }, "geometry": { "type": "Polygon", "coordinates": [ [ [ 284582.5, 4158418.17 ], [ 284598.5, 4158405.33 ], [ 284593.55, 4158399.21 ], [ 284577.54, 4158412.05 ], [ 284582.5, 4158418.17 ] ] ] } },
{ "type": "Feature", "properties": { "id": "osm:way/334121403", "name": null, "height": 7.74, "min_height": 0.0, "levels": null, "height_source": "lidar", "roof_shape": "flat", "roof_height": 1.0, "roof_azimuth": null, "roof_source": "lod2", "roof_color": "roof_flat", "roof_color_source": "ortho", "lod2_roof": { "v": [ [ 284625.37, 4158405.63, 0.0 ], [ 284633.09, 4158415.25, 1.0 ], [ 284632.71, 4158415.55, 1.0 ], [ 284632.45, 4158415.19, 0.97 ], [ 284631.52, 4158415.78, 0.97 ], [ 284627.08, 4158418.46, 0.96 ], [ 284619.68, 4158409.23, 0.0 ], [ 284631.52, 4158415.78, 0.0 ], [ 284627.08, 4158418.46, 0.0 ] ], "f": [ [ [ 0, 1, 2, 3, 4, 5, 6 ] ], [ [ 4, 7, 8, 5 ] ] ] }, "roof_props": null, "wall_color": "brick_dark", "wall_color_source": "assessor", "type": "yes", "landmark": null, "footprint_source": "osm", "source_updated": null, "is_part": false, "parent": null, "hidden": false, "addr": "111 East Leigh Street", "wikidata": null, "website": null, "zoning": "R-63", "lidar_p90": 8.66, "ground_z": 51.2 }, "geometry": { "type": "Polygon", "coordinates": [ [ [ 284627.85, 4158419.42 ], [ 284633.09, 4158415.25 ], [ 284624.52, 4158404.57 ], [ 284623.06, 4158405.73 ], [ 284618.68, 4158400.27 ], [ 284614.91, 4158403.27 ], [ 284627.85, 4158419.42 ] ] ] } },
{ "type": "Feature", "properties": { "id": "osm:way/334121408", "name": null, "height": 6.95, "min_height": 0.0, "levels": null, "height_source": "lidar", "roof_shape": "skillion", "roof_height": 1.77, "roof_azimuth": 7.8, "roof_source": "lod2", "roof_color": "roof_flat", "roof_color_source": "ortho", "lod2_roof": { "v": [ [ 284624.85, 4158421.14, 1.72 ], [ 284621.39, 4158423.25, 1.77 ], [ 284608.28, 4158407.58, 0.13 ], [ 284611.21, 4158405.15, 0.04 ], [ 284615.81, 4158411.13, 0.65 ], [ 284619.08, 4158410.84, 0.73 ], [ 284619.13, 4158410.7, 0.72 ], [ 284626.73, 4158419.79, 1.67 ], [ 284624.17, 4158420.76, 1.67 ], [ 284626.73, 4158419.79, 0.0 ], [ 284624.17, 4158420.76, 0.0 ], [ 284624.85, 4158421.14, 0.0 ], [ 284621.39, 4158423.25, 0.0 ] ], "f": [ [ [ 0, 1, 2, 3, 4, 5, 6, 7, 8 ] ], [ [ 7, 9, 10, 8 ] ], [ [ 8, 10, 11, 0 ] ], [ [ 0, 11, 12, 1 ] ] ] }, "roof_props": null, "wall_color": "brick_dark", "wall_color_source": "assessor", "type": "yes", "landmark": null, "footprint_source": "osm", "source_updated": null, "is_part": false, "parent": null, "hidden": false, "addr": "109 East Leigh Street", "wikidata": null, "website": null, "zoning": "R-63", "lidar_p90": 8.45, "ground_z": 51.23 }, "geometry": { "type": "Polygon", "coordinates": [ [ [ 284622.06, 4158424.05 ], [ 284626.92, 4158420.02 ], [ 284618.09, 4158409.45 ], [ 284617.0, 4158410.36 ], [ 284612.06, 4158404.45 ], [ 284608.28, 4158407.58 ], [ 284622.06, 4158424.05 ] ] ] } },
{ "type": "Feature", "properties": { "id": "richmond_structure:389849", "name": null, "height": 3.08, "min_height": 0.0, "levels": null, "height_source": "lidar", "roof_shape": "flat", "roof_height": 0.0, "roof_azimuth": null, "roof_source": "heuristic", "roof_color": "roof_dark", "roof_color_source": "heuristic", "lod2_roof": null, "roof_props": null, "wall_color": "cream", "wall_color_source": "heuristic", "type": "yes", "landmark": null, "footprint_source": "richmond_structures", "source_updated": "2026-09-08T12:07:13.637000Z", "is_part": false, "parent": null, "hidden": false, "addr": null, "wikidata": null, "website": null, "zoning": "B-2", "lidar_p90": 3.15, "ground_z": 50.47 }, "geometry": { "type": "Polygon", "coordinates": [ [ [ 284697.88, 4158411.76 ], [ 284695.85, 4158413.32 ], [ 284698.89, 4158417.29 ], [ 284700.92, 4158415.72 ], [ 284697.88, 4158411.76 ] ] ] } },
{ "type": "Feature", "properties": { "id": "osm:way/334121392", "name": null, "height": 7.65, "min_height": 0.0, "levels": null, "height_source": "lidar", "roof_shape": "flat", "roof_height": 1.09, "roof_azimuth": null, "roof_source": "lod2", "roof_color": "roof_flat", "roof_color_source": "ortho", "lod2_roof": { "v": [ [ 284615.87, 4158428.65, 1.09 ], [ 284615.78, 4158428.72, 1.09 ], [ 284606.72, 4158417.66, 0.0 ], [ 284612.41, 4158413.99, 0.0 ], [ 284620.62, 4158424.01, 0.99 ], [ 284615.81, 4158428.57, 1.08 ], [ 284620.62, 4158424.01, 0.0 ], [ 284615.81, 4158428.57, 0.0 ], [ 284615.87, 4158428.65, 0.0 ] ], "f": [ [ [ 0, 1, 2, 3, 4, 5 ] ], [ [ 4, 6, 7, 5 ] ], [ [ 5, 7, 8, 0 ] ] ] }, "roof_props": null, "wall_color": "cream", "wall_color_source": "assessor", "type": "yes", "landmark": null, "footprint_source": "osm", "source_updated": null, "is_part": false, "parent": null, "hidden": false, "addr": "107 East Leigh Street", "wikidata": null, "website": null, "zoning": "R-63", "lidar_p90": 8.35, "ground_z": 51.23 }, "geometry": { "type": "Polygon", "coordinates": [ [ [ 284615.78, 4158428.72 ], [ 284621.0, 4158424.48 ], [ 284611.41, 4158412.77 ], [ 284609.92, 4158413.99 ], [ 284606.21, 4158409.45 ], [ 284602.48, 4158412.48 ], [ 284615.78, 4158428.72 ] ] ] } },
{ "type": "Feature", "properties": { "id": "osm:way/334121409", "name": null, "height": 7.16, "min_height": 0.0, "levels": null, "height_source": "lidar", "roof_shape": "flat", "roof_height": 0.38, "roof_azimuth": null, "roof_source": "lod2", "roof_color": "roof_flat", "roof_color_source": "ortho", "lod2_roof": { "v": [ [ 284587.51, 4158419.64, 0.38 ], [ 284589.82, 4158422.79, 0.24 ], [ 284592.43, 4158426.35, 0.09 ], [ 284590.93, 4158427.59, 0.02 ], [ 284588.44, 4158424.6, 0.15 ], [ 284585.06, 4158427.4, 0.0 ], [ 284582.1, 4158423.86, 0.15 ], [ 284589.82, 4158422.79, 0.0 ], [ 284592.43, 4158426.35, 0.0 ], [ 284587.51, 4158419.64, 0.0 ] ], "f": [ [ [ 0, 1, 2, 3, 4, 5, 6 ] ], [ [ 1, 7, 8, 2 ] ], [ [ 0, 9, 7, 1 ] ] ] }, "roof_props": null, "wall_color": "cream", "wall_color_source": "assessor", "type": "yes", "landmark": null, "footprint_source": "osm", "source_updated": null, "is_part": false, "parent": null, "hidden": false, "addr": "527 North 1st Street", "wikidata": null, "website": null, "zoning": "R-63", "lidar_p90": 7.74, "ground_z": 51.17 }, "geometry": { "type": "Polygon", "coordinates": [ [ [ 284585.06, 4158427.4 ], [ 284588.44, 4158424.6 ], [ 284590.93, 4158427.59 ], [ 284594.08, 4158424.98 ], [ 284587.89, 4158417.54 ], [ 284581.34, 4158422.96 ], [ 284585.06, 4158427.4 ] ] ] } },
{ "type": "Feature", "properties": { "id": "osm:way/334121388", "name": null, "height": 8.66, "min_height": 0.0, "levels": null, "height_source": "lidar", "roof_shape": "flat", "roof_height": 1.64, "roof_azimuth": null, "roof_source": "lod2", "roof_color": "roof_flat", "roof_color_source": "ortho", "lod2_roof": { "v": [ [ 284676.08, 4158415.2, 0.57 ], [ 284676.48, 4158420.89, 1.56 ], [ 284676.12, 4158420.85, 1.51 ], [ 284671.82, 4158424.13, 1.64 ], [ 284668.37, 4158419.77, 0.57 ], [ 284674.77, 4158414.2, 0.27 ], [ 284675.51, 4158414.76, 0.44 ], [ 284675.61, 4158414.68, 0.43 ], [ 284675.94, 4158415.1, 0.54 ], [ 284675.21, 4158428.42, 0.43 ], [ 284676.48, 4158420.89, 1.45 ], [ 284682.48, 4158421.66, 0.43 ], [ 284682.86, 4158422.13, 0.29 ], [ 284677.63, 4158426.43, 0.39 ], [ 284676.48, 4158420.89, 1.1 ], [ 284676.08, 4158415.2, 0.44 ], [ 284677.6, 4158416.37, 0.34 ], [ 284678.02, 4158416.01, 0.22 ], [ 284682.48, 4158421.66, 0.21 ], [ 284668.37, 4158419.77, 0.0 ], [ 284674.77, 4158414.2, 0.0 ], [ 284682.86, 4158422.13, 0.0 ], [ 284677.63, 4158426.43, 0.0 ], [ 284675.21, 4158428.42, 0.0 ] ], "f": [ [ [ 0, 1, 2, 3, 4, 5, 6, 7, 8 ] ], [ [ 9, 3, 2, 10, 11, 12, 13 ] ], [ [ 14, 15, 16, 17, 18 ] ], [ [ 4, 19, 20, 5 ] ], [ [ 12, 21, 22, 13 ] ], [ [ 1, 10, 2 ] ], [ [ 13, 22, 23, 9 ] ], [ [ 10, 14, 18, 11 ] ], [ [ 0, 15, 14, 10, 1 ] ] ] }, "roof_props": null, "wall_color": "cream", "wall_color_source": "assessor", "type": "yes", "landmark": null, "footprint_source": "osm", "source_updated": null, "is_part": false, "parent": null, "hidden": false, "addr": "116 E Leigh St", "wikidata": null, "website": null, "zoning": "B-2", "lidar_p90": 9.44, "ground_z": 51.0 }, "geometry": { "type": "Polygon", "coordinates": [ [ [ 284680.32, 4158434.88 ], [ 284688.11, 4158428.77 ], [ 284674.73, 4158411.86 ], [ 284666.95, 4158417.97 ], [ 284680.32, 4158434.88 ] ] ] } },
{ "type": "Feature", "properties": { "id": "osm:way/334121413", "name": null, "height": 7.74, "min_height": 0.0, "levels": null, "height_source": "lidar", "roof_shape": "flat", "roof_height": 1.04, "roof_azimuth": null, "roof_source": "lod2", "roof_color": "roof_flat", "roof_color_source": "ortho", "lod2_roof": { "v": [ [ 284614.82, 4158429.4, 1.04 ], [ 284614.49, 4158428.99, 1.0 ], [ 284609.37, 4158432.86, 0.98 ], [ 284602.6, 4158424.48, 0.15 ], [ 284604.85, 4158422.91, 0.17 ], [ 284606.48, 4158421.77, 0.18 ], [ 284606.41, 4158421.7, 0.17 ], [ 284606.61, 4158421.69, 0.18 ], [ 284607.13, 4158421.32, 0.18 ], [ 284606.78, 4158420.71, 0.13 ], [ 284607.77, 4158419.9, 0.13 ], [ 284615.21, 4158429.08, 1.04 ], [ 284614.49, 4158428.99, 0.0 ], [ 284609.37, 4158432.86, 0.0 ], [ 284602.6, 4158424.48, 0.0 ], [ 284604.85, 4158422.91, 0.0 ], [ 284614.82, 4158429.4, 0.0 ] ], "f": [ [ [ 0, 1, 2, 3, 4, 5, 6, 7, 8, 9, 10, 11 ] ], [ [ 1, 12, 13, 2 ] ], [ [ 3, 14, 15, 4 ] ], [ [ 0, 16, 12, 1 ] ] ] }, "roof_props": null, "wall_color": "brick", "wall_color_source": "assessor", "type": "yes", "landmark": null, "footprint_source": "osm", "source_updated": null, "is_part": false, "parent": null, "hidden": false, "addr": "105 East Leigh Street", "wikidata": null, "website": null, "zoning": "R-63", "lidar_p90": 8.53, "ground_z": 51.31 }, "geometry": { "type": "Polygon", "coordinates": [ [ [ 284609.82, 4158433.41 ], [ 284615.21, 4158429.08 ], [ 284607.77, 4158419.9 ], [ 284606.16, 4158421.21 ], [ 284600.28, 4158413.95 ], [ 284596.52, 4158416.96 ], [ 284609.82, 4158433.41 ] ] ] } },
{ "type": "Feature", "properties": { "id": "osm:way/334121350", "name": null, "height": 7.67, "min_height": 0.0, "levels": null, "height_source": "lidar", "roof_shape": "flat", "roof_height": 2.19, "roof_azimuth": null, "roof_source": "lod2", "roof_color": "roof_flat", "roof_color_source": "ortho", "lod2_roof": { "v": [ [ 284662.34, 4158435.56, 0.39 ], [ 284657.88, 4158430.01, 0.44 ], [ 284662.75, 4158431.09, 1.12 ], [ 284673.3, 4158434.11, 0.97 ], [ 284672.64, 4158434.47, 0.97 ], [ 284672.73, 4158433.26, 0.96 ], [ 284671.83, 4158431.91, 0.95 ], [ 284674.2, 4158430.77, 0.95 ], [ 284674.78, 4158431.92, 0.96 ], [ 284675.92, 4158432.31, 0.97 ], [ 284673.43, 4158434.3, 0.98 ], [ 284663.43, 4158436.93, 0.0 ], [ 284668.02, 4158427.31, 1.07 ], [ 284668.33, 4158427.09, 1.07 ], [ 284671.93, 4158429.29, 0.19 ], [ 284672.22, 4158429.47, 0.12 ], [ 284666.47, 4158434.58, 0.0 ], [ 284669.37, 4158423.77, 1.8 ], [ 284666.98, 4158421.02, 1.04 ], [ 284668.05, 4158420.22, 1.05 ], [ 284671.47, 4158424.47, 2.19 ], [ 284670.62, 4158425.2, 2.19 ], [ 284668.02, 4158427.31, 0.49 ], [ 284668.18, 4158424.52, 0.17 ], [ 284669.06, 4158423.97, 0.0 ], [ 284672.99, 4158428.78, 0.0 ], [ 284672.22, 4158429.47, 0.17 ], [ 284668.33, 4158427.09, 0.43 ], [ 284673.13, 4158428.66, 1.18 ], [ 284673.02, 4158428.42, 1.24 ], [ 284672.8, 4158428.3, 1.29 ], [ 284673.18, 4158427.89, 1.3 ], [ 284670.45, 4158425.35, 2.19 ], [ 284674.12, 4158427.77, 1.17 ], [ 284668.18, 4158424.52, 0.65 ], [ 284656.77, 4158428.64, 0.11 ], [ 284664.79, 4158422.65, 0.0 ], [ 284667.09, 4158421.14, 0.0 ], [ 284669.37, 4158423.77, 0.65 ], [ 284674.2, 4158430.77, 0.0 ], [ 284674.78, 4158431.92, 0.0 ], [ 284672.73, 4158433.26, 0.0 ], [ 284671.83, 4158431.91, 0.0 ], [ 284672.64, 4158434.47, 0.0 ], [ 284672.22, 4158429.47, 0.0 ], [ 284675.92, 4158432.31, 0.0 ], [ 284673.43, 4158434.3, 0.0 ], [ 284673.3, 4158434.11, 0.0 ], [ 284670.62, 4158425.2, 0.0 ], [ 284669.37, 4158423.77, 0.0 ], [ 284670.45, 4158425.35, 0.0 ], [ 284656.77, 4158428.64, 0.0 ], [ 284673.02, 4158428.42, 0.0 ], [ 284672.8, 4158428.3, 0.0 ], [ 284673.18, 4158427.89, 0.0 ], [ 284666.98, 4158421.02, 0.0 ], [ 284668.05, 4158420.22, 0.0 ], [ 284674.12, 4158427.77, 0.0 ], [ 284673.13, 4158428.66, 0.0 ] ], "f": [ [ [ 0, 1, 2 ] ], [ [ 3, 4, 5, 6, 7, 8, 9, 10 ] ], [ [ 11, 0, 2, 12, 13, 14, 15, 16 ] ], [ [ 17, 18, 19, 20, 21 ] ], [ [ 22, 23, 24, 25, 26, 14, 27 ] ], [ [ 28, 29, 30, 31, 32, 21, 20, 33 ] ], [ [ 34, 12, 2, 1, 35, 36, 37, 38 ] ], [ [ 7, 39, 40, 8 ] ], [ [ 5, 41, 42, 6 ] ], [ [ 4, 43, 41, 5 ] ], [ [ 15, 44, 16 ] ], [ [ 8, 40, 45, 9 ] ], [ [ 10, 46, 47, 3 ] ], [ [ 6, 42, 39, 7 ] ], [ [ 21, 48, 49, 38, 17 ] ], [ [ 32, 50, 48, 21 ] ], [ [ 44, 15, 26, 25 ] ], [ [ 3, 47, 43, 4 ] ], [ [ 35, 51, 36 ] ], [ [ 12, 22, 27, 13 ] ], [ [ 13, 27, 14 ] ], [ [ 29, 52, 53, 30 ] ], [ [ 30, 53, 54, 31 ] ], [ [ 18, 55, 56, 19 ] ], [ [ 33, 57, 58, 28 ] ], [ [ 31, 54, 50, 32 ] ], [ [ 17, 38, 37, 55, 18 ] ], [ [ 38, 49, 24, 23, 34 ] ], [ [ 28, 58, 52, 29 ] ], [ [ 34, 23, 22, 12 ] ] ] }, "roof_props": null, "wall_color": "brick_dark", "wall_color_source": "assessor", "type": "yes", "landmark": null, "footprint_source": "osm", "source_updated": null, "is_part": false, "parent": null, "hidden": false, "addr": "112 E Leigh St", "wikidata": null, "website": null, "zoning": "B-2", "lidar_p90": 8.34, "ground_z": 51.36 }, "geometry": { "type": "Polygon", "coordinates": [ [ [ 284666.06, 4158440.19 ], [ 284677.05, 4158431.41 ], [ 284666.42, 4158418.2 ], [ 284655.43, 4158426.97 ], [ 284666.06, 4158440.19 ] ] ] } },
{ "type": "Feature", "properties": { "id": "osm:way/334121389", "name": null, "height": 7.22, "min_height": 0.0, "levels": null, "height_source": "lidar", "roof_shape": "gable", "roof_height": 1.64, "roof_azimuth": 128.3, "roof_source": "lod2", "roof_color": "roof_flat", "roof_color_source": "ortho", "lod2_roof": { "v": [ [ 284609.46, 4158432.97, 1.55 ], [ 284608.09, 4158433.95, 1.64 ], [ 284601.48, 4158425.78, 0.75 ], [ 284600.83, 4158424.98, 0.66 ], [ 284602.16, 4158423.95, 0.57 ], [ 284608.5, 4158434.45, 1.02 ], [ 284604.41, 4158437.68, 1.0 ], [ 284598.11, 4158429.59, 0.38 ], [ 284601.48, 4158425.78, 0.35 ], [ 284608.09, 4158433.95, 0.98 ], [ 284598.11, 4158429.59, 0.0 ], [ 284601.48, 4158425.78, 0.0 ], [ 284600.83, 4158424.98, 0.0 ], [ 284608.09, 4158433.95, 0.0 ], [ 284608.5, 4158434.45, 0.0 ], [ 284609.46, 4158432.97, 0.0 ] ], "f": [ [ [ 0, 1, 2, 3, 4 ] ], [ [ 5, 6, 7, 8, 9 ] ], [ [ 7, 10, 11, 8 ] ], [ [ 1, 9, 8, 2 ] ], [ [ 2, 8, 11, 12, 3 ] ], [ [ 9, 13, 14, 5 ] ], [ [ 0, 15, 13, 9, 1 ] ] ] }, "roof_props": null, "wall_color": "cream", "wall_color_source": "assessor", "type": "yes", "landmark": null, "footprint_source": "osm", "source_updated": null, "is_part": false, "parent": null, "hidden": false, "addr": "103 East Leigh Street", "wikidata": null, "website": null, "zoning": "R-63", "lidar_p90": 8.62, "ground_z": 51.18 }, "geometry": { "type": "Polygon", "coordinates": [ [ [ 284604.41, 4158437.68 ], [ 284609.82, 4158433.41 ], [ 284602.16, 4158423.95 ], [ 284596.89, 4158428.03 ], [ 284604.41, 4158437.68 ] ] ] } },
{ "type": "Feature", "properties": { "id": "osm:way/334121346", "name": null, "height": 6.67, "min_height": 0.0, "levels": null, "height_source": "lidar", "roof_shape": "flat", "roof_height": 0.89, "roof_azimuth": null, "roof_source": "lod2", "roof_color": "roof_flat", "roof_color_source": "ortho", "lod2_roof": { "v": [ [ 284596.36, 4158429.44, 0.0 ], [ 284604.76, 4158440.19, 0.89 ], [ 284598.95, 4158444.68, 0.79 ], [ 284591.51, 4158435.15, 0.0 ], [ 284594.57, 4158427.14, 0.52 ], [ 284593.43, 4158428.07, 0.49 ], [ 284592.92, 4158427.41, 0.48 ], [ 284594.08, 4158426.51, 0.51 ], [ 284594.57, 4158427.14, 0.0 ], [ 284593.43, 4158428.07, 0.0 ] ], "f": [ [ [ 0, 1, 2, 3 ] ], [ [ 4, 5, 6, 7 ] ], [ [ 4, 8, 9, 5 ] ] ] }, "roof_props": null, "wall_color": "brick", "wall_color_source": "assessor", "type": "yes", "landmark": null, "footprint_source": "osm", "source_updated": null, "is_part": false, "parent": null, "hidden": false, "addr": "101 East Leigh Street", "wikidata": null, "website": null, "zoning": "R-63", "lidar_p90": 7.43, "ground_z": 51.0 }, "geometry": { "type": "Polygon", "coordinates": [ [ [ 284598.95, 4158444.68 ], [ 284604.76, 4158440.19 ], [ 284594.08, 4158426.51 ], [ 284588.27, 4158431.0 ], [ 284598.95, 4158444.68 ] ] ] } },
{ "type": "Feature", "properties": { "id": "osm:way/334121342", "name": null, "height": 7.14, "min_height": 0.0, "levels": null, "height_source": "lidar", "roof_shape": "flat", "roof_height": 0.79, "roof_azimuth": null, "roof_source": "lod2", "roof_color": "roof_flat", "roof_color_source": "ortho", "lod2_roof": { "v": [ [ 284691.68, 4158443.35, 0.0 ], [ 284694.82, 4158440.78, 0.31 ], [ 284695.53, 4158440.19, 0.38 ], [ 284698.9, 4158443.4, 0.39 ], [ 284694.88, 4158446.62, 0.0 ], [ 284688.95, 4158445.58, 0.29 ], [ 284682.05, 4158437.01, 0.29 ], [ 284684.61, 4158435.07, 0.5 ], [ 284687.9, 4158439.17, 0.5 ], [ 284688.89, 4158438.4, 0.58 ], [ 284691.24, 4158436.58, 0.78 ], [ 284694.82, 4158440.78, 0.79 ], [ 284687.9, 4158439.17, 0.0 ], [ 284688.89, 4158438.4, 0.0 ], [ 284684.61, 4158435.07, 0.0 ], [ 284688.95, 4158445.58, 0.0 ] ], "f": [ [ [ 0, 1, 2, 3, 4 ] ], [ [ 5, 6, 7, 8, 9, 10, 11 ] ], [ [ 8, 12, 13, 9 ] ], [ [ 7, 14, 12, 8 ] ], [ [ 11, 1, 0, 15, 5 ] ] ] }, "roof_props": null, "wall_color": "brick", "wall_color_source": "assessor", "type": "yes", "landmark": null, "footprint_source": "osm", "source_updated": null, "is_part": false, "parent": null, "hidden": false, "addr": "600 N 2nd St", "wikidata": null, "website": null, "zoning": "B-2", "lidar_p90": 7.63, "ground_z": 50.53 }, "geometry": { "type": "Polygon", "coordinates": [ [ [ 284689.08, 4158445.74 ], [ 284686.49, 4158447.81 ], [ 284689.2, 4158451.16 ], [ 284699.52, 4158442.91 ], [ 284695.83, 4158438.33 ], [ 284695.06, 4158438.95 ], [ 284690.68, 4158433.51 ], [ 284687.88, 4158435.74 ], [ 284689.21, 4158437.39 ], [ 284688.47, 4158437.99 ], [ 284684.92, 4158433.59 ], [ 284681.5, 4158436.32 ], [ 284689.08, 4158445.74 ] ] ] } },
{ "type": "Feature", "properties": { "id": "osm:way/297832945", "name": "Maggie L. Walker National Historic Site", "height": 7.54, "min_height": 0.0, "levels": null, "height_source": "lidar", "roof_shape": "flat", "roof_height": 2.1, "roof_azimuth": null, "roof_source": "lod2", "roof_color": "roof_flat", "roof_color_source": "ortho", "lod2_roof": { "v": [ [ 284665.71, 4158458.35, 1.78 ], [ 284664.78, 4158457.18, 1.97 ], [ 284665.81, 4158455.41, 2.1 ], [ 284667.7, 4158456.55, 1.85 ], [ 284666.0, 4158458.72, 0.0 ], [ 284665.71, 4158458.35, 0.04 ], [ 284667.7, 4158456.55, 0.06 ], [ 284665.81, 4158455.41, 0.24 ], [ 284665.92, 4158455.21, 0.24 ], [ 284671.06, 4158451.64, 0.21 ], [ 284672.03, 4158450.96, 0.2 ], [ 284673.43, 4158452.86, 0.0 ], [ 284660.04, 4158438.07, 0.26 ], [ 284653.04, 4158429.82, 0.24 ], [ 284655.7, 4158428.54, 0.6 ], [ 284663.24, 4158438.01, 0.58 ], [ 284662.26, 4158438.03, 0.48 ], [ 284650.59, 4158431.98, 0.42 ], [ 284650.64, 4158432.35, 0.45 ], [ 284650.16, 4158434.71, 0.6 ], [ 284647.96, 4158436.05, 0.58 ], [ 284646.97, 4158434.8, 0.42 ], [ 284649.36, 4158431.89, 0.34 ], [ 284650.59, 4158431.98, 1.44 ], [ 284650.71, 4158431.99, 1.43 ], [ 284650.78, 4158431.66, 1.42 ], [ 284651.06, 4158431.87, 1.41 ], [ 284652.81, 4158430.48, 1.3 ], [ 284652.52, 4158430.07, 1.31 ], [ 284653.04, 4158429.82, 1.28 ], [ 284660.04, 4158438.07, 0.99 ], [ 284662.26, 4158438.03, 0.87 ], [ 284671.06, 4158451.64, 0.54 ], [ 284665.92, 4158455.21, 0.85 ], [ 284665.81, 4158455.41, 0.86 ], [ 284664.78, 4158457.18, 0.94 ], [ 284647.96, 4158436.05, 1.62 ], [ 284650.16, 4158434.71, 1.49 ], [ 284650.64, 4158432.35, 1.44 ], [ 284650.7, 4158431.6, 0.0 ], [ 284650.78, 4158431.66, 0.1 ], [ 284650.71, 4158431.99, 0.32 ], [ 284650.59, 4158431.98, 0.24 ], [ 284650.24, 4158431.95, 0.0 ], [ 284647.57, 4158434.07, 0.0 ], [ 284646.97, 4158434.8, 0.2 ], [ 284646.85, 4158434.64, 0.0 ], [ 284650.78, 4158431.66, 0.0 ], [ 284651.06, 4158431.87, 0.0 ], [ 284652.52, 4158430.07, 0.0 ], [ 284653.04, 4158429.82, 0.0 ], [ 284662.26, 4158438.03, 0.0 ], [ 284671.06, 4158451.64, 0.0 ], [ 284649.36, 4158431.89, 0.0 ], [ 284672.03, 4158450.96, 0.0 ], [ 284652.81, 4158430.48, 0.0 ], [ 284663.24, 4158438.01, 0.0 ] ], "f": [ [ [ 0, 1, 2, 3 ] ], [ [ 4, 5, 6, 7, 8, 9, 10, 11 ] ], [ [ 12, 13, 14, 15, 16 ] ], [ [ 17, 18, 19, 20, 21, 22 ] ], [ [ 23, 24, 25, 26, 27, 28, 29, 30, 31, 32, 33, 34, 35, 36, 37, 38 ] ], [ [ 39, 40, 41, 42, 43, 44, 45, 46 ] ], [ [ 25, 40, 47, 48, 26 ] ], [ [ 24, 41, 40, 25 ] ], [ [ 28, 49, 50, 13, 29 ] ], [ [ 36, 20, 19, 37 ] ], [ [ 1, 35, 34, 2 ] ], [ [ 32, 9, 8, 33 ] ], [ [ 31, 16, 51, 52, 9, 32 ] ], [ [ 21, 45, 44, 53, 22 ] ], [ [ 22, 53, 43, 42, 17 ] ], [ [ 2, 34, 7, 6, 3 ] ], [ [ 33, 8, 7, 34 ] ], [ [ 3, 6, 5, 0 ] ], [ [ 9, 52, 54, 10 ] ], [ [ 27, 55, 49, 28 ] ], [ [ 26, 48, 55, 27 ] ], [ [ 15, 56, 51, 16 ] ], [ [ 30, 12, 16, 31 ] ], [ [ 37, 19, 18, 38 ] ], [ [ 29, 13, 12, 30 ] ], [ [ 38, 18, 17, 23 ] ], [ [ 23, 17, 42, 41, 24 ] ] ] }, "roof_props": null, "wall_color": "brick_dark", "wall_color_source": "assessor", "type": "yes", "landmark": null, "footprint_source": "osm", "source_updated": null, "is_part": false, "parent": null, "hidden": false, "addr": "1 East Leigh Street", "wikidata": null, "website": "https://www.nps.gov/mawa/index.htm", "zoning": "R-63", "lidar_p90": 8.58, "ground_z": 51.41 }, "geometry": { "type": "Polygon", "coordinates": [ [ [ 284679.94, 4158458.93 ], [ 284679.1, 4158457.87 ], [ 284685.22, 4158453.04 ], [ 284681.43, 4158448.27 ], [ 284675.28, 4158453.13 ], [ 284654.03, 4158426.44 ], [ 284645.61, 4158433.09 ], [ 284671.48, 4158465.6 ], [ 284679.94, 4158458.93 ] ] ] } },
{ "type": "Feature", "properties": { "id": "osm:way/334121386", "name": null, "height": 8.03, "min_height": 0.0, "levels": null, "height_source": "lidar", "roof_shape": "flat", "roof_height": 1.32, "roof_azimuth": null, "roof_source": "lod2", "roof_color": "roof_flat", "roof_color_source": "ortho", "lod2_roof": { "v": [ [ 284648.89, 4158437.83, 1.2 ], [ 284656.11, 4158446.76, 0.63 ], [ 284654.95, 4158447.9, 0.64 ], [ 284653.59, 4158446.51, 0.74 ], [ 284652.56, 4158447.16, 0.76 ], [ 284653.86, 4158448.95, 0.65 ], [ 284659.36, 4158456.49, 0.18 ], [ 284656.8, 4158458.54, 0.22 ], [ 284643.07, 4158441.57, 1.32 ], [ 284646.71, 4158437.47, 1.3 ], [ 284646.94, 4158437.51, 1.29 ], [ 284646.71, 4158437.47, 0.0 ], [ 284646.94, 4158437.51, 0.0 ], [ 284654.95, 4158447.9, 0.0 ], [ 284653.59, 4158446.51, 0.0 ], [ 284643.07, 4158441.57, 0.0 ], [ 284652.56, 4158447.16, 0.0 ], [ 284653.86, 4158448.95, 0.0 ], [ 284648.89, 4158437.83, 0.0 ] ], "f": [ [ [ 0, 1, 2, 3, 4, 5, 6, 7, 8, 9, 10 ] ], [ [ 9, 11, 12, 10 ] ], [ [ 2, 13, 14, 3 ] ], [ [ 8, 15, 11, 9 ] ], [ [ 3, 14, 16, 4 ] ], [ [ 4, 16, 17, 5 ] ], [ [ 10, 12, 18, 0 ] ] ] }, "roof_props": null, "wall_color": "brick", "wall_color_source": "assessor", "type": "yes", "landmark": null, "footprint_source": "osm", "source_updated": null, "is_part": false, "parent": null, "hidden": false, "addr": "110 E Leigh St", "wikidata": null, "website": null, "zoning": "R-63", "lidar_p90": 8.94, "ground_z": 51.6 }, "geometry": { "type": "Polygon", "coordinates": [ [ [ 284656.8, 4158458.54 ], [ 284662.16, 4158454.24 ], [ 284646.69, 4158435.11 ], [ 284641.32, 4158439.41 ], [ 284656.8, 4158458.54 ] ] ] } },
{ "type": "Feature", "properties": { "id": "osm:way/334121366", "name": null, "height": 8.12, "min_height": 0.0, "levels": null, "height_source": "lidar", "roof_shape": "flat", "roof_height": 1.2, "roof_azimuth": null, "roof_source": "lod2", "roof_color": "roof_flat", "roof_color_source": "ortho", "lod2_roof": { "v": [ [ 284651.58, 4158464.31, 0.0 ], [ 284636.59, 4158445.77, 1.2 ], [ 284642.79, 4158441.23, 1.19 ], [ 284651.89, 4158452.48, 0.46 ], [ 284651.13, 4158454.19, 0.42 ], [ 284650.0, 4158456.69, 0.35 ], [ 284654.27, 4158462.15, 0.0 ], [ 284656.3, 4158460.52, 0.7 ], [ 284651.63, 4158454.07, 0.65 ], [ 284651.13, 4158454.19, 0.68 ], [ 284651.89, 4158452.48, 0.56 ], [ 284657.58, 4158459.5, 0.58 ], [ 284636.59, 4158445.77, 0.0 ], [ 284642.79, 4158441.23, 0.0 ] ], "f": [ [ [ 0, 1, 2, 3, 4, 5, 6 ] ], [ [ 7, 8, 9, 10, 11 ] ], [ [ 1, 12, 13, 2 ] ], [ [ 9, 4, 3, 10 ] ] ] }, "roof_props": null, "wall_color": "brick", "wall_color_source": "assessor", "type": "yes", "landmark": null, "footprint_source": "osm", "source_updated": null, "is_part": false, "parent": null, "hidden": false, "addr": "108 East Leigh Street", "wikidata": null, "website": null, "zoning": "R-63", "lidar_p90": 8.87, "ground_z": 51.51 }, "geometry": { "type": "Polygon", "coordinates": [ [ [ 284651.58, 4158464.31 ], [ 284657.58, 4158459.5 ], [ 284641.32, 4158439.41 ], [ 284635.33, 4158444.21 ], [ 284651.58, 4158464.31 ] ] ] } },
{ "type": "Feature", "properties": { "id": "osm:way/334121375", "name": null, "height": 8.17, "min_height": 0.0, "levels": null, "height_source": "lidar", "roof_shape": "flat", "roof_height": 0.0, "roof_azimuth": null, "roof_source": "heuristic", "roof_color": "slate", "roof_color_source": "ortho", "lod2_roof": null, "roof_props": null, "wall_color": "brick_dark", "wall_color_source": "assessor", "type": "yes", "landmark": null, "footprint_source": "osm", "source_updated": null, "is_part": false, "parent": null, "hidden": false, "addr": "106 East Leigh Street", "wikidata": null, "website": null, "zoning": "R-63", "lidar_p90": 8.99, "ground_z": 51.44 }, "geometry": { "type": "Polygon", "coordinates": [ [ [ 284650.17, 4158462.56 ], [ 284635.33, 4158444.21 ], [ 284629.46, 4158449.11 ], [ 284644.2, 4158467.34 ], [ 284650.17, 4158462.56 ] ] ] } },
{ "type": "Feature", "properties": { "id": "osm:way/297841775", "name": "Booker T. Washington Senior Apartments", "height": 9.6, "min_height": 0.0, "levels": 3.0, "height_source": "osm_levels", "roof_shape": "flat", "roof_height": 0.0, "roof_azimuth": null, "roof_source": "osm", "roof_color": "roof_flat", "roof_color_source": "ortho", "lod2_roof": null, "roof_props": null, "wall_color": "cream", "wall_color_source": "assessor", "type": "apartments", "landmark": null, "footprint_source": "osm", "source_updated": null, "is_part": false, "parent": null, "hidden": false, "addr": "21 East Leigh Street", "wikidata": null, "website": "http://www.btwashingtonplazaapts.com/", "zoning": "R-63", "lidar_p90": 16.12, "ground_z": 51.2 }, "geometry": { "type": "Polygon", "coordinates": [ [ [ 284566.45, 4158451.21 ], [ 284555.75, 4158437.88 ], [ 284550.08, 4158442.39 ], [ 284546.12, 4158437.45 ], [ 284540.68, 4158441.78 ], [ 284539.19, 4158439.91 ], [ 284520.54, 4158454.74 ], [ 284540.01, 4158479.03 ], [ 284548.86, 4158471.98 ], [ 284537.43, 4158457.72 ], [ 284542.94, 4158453.33 ], [ 284554.77, 4158468.11 ], [ 284561.49, 4158462.77 ], [ 284559.38, 4158460.14 ], [ 284565.3, 4158455.43 ], [ 284568.84, 4158459.86 ], [ 284572.53, 4158456.93 ], [ 284567.35, 4158450.49 ], [ 284566.45, 4158451.21 ] ] ] } },
{ "type": "Feature", "properties": { "id": "osm:way/334121359", "name": null, "height": 8.13, "min_height": 0.0, "levels": null, "height_source": "lidar", "roof_shape": "flat", "roof_height": 1.29, "roof_azimuth": null, "roof_source": "lod2", "roof_color": "roof_flat", "roof_color_source": "ortho", "lod2_roof": { "v": [ [ 284640.83, 4158465.1, 0.27 ], [ 284637.17, 4158461.32, 0.57 ], [ 284635.54, 4158462.75, 0.56 ], [ 284640.65, 4158470.19, 0.04 ], [ 284638.27, 4158472.09, 0.04 ], [ 284624.76, 4158455.38, 1.28 ], [ 284630.71, 4158450.67, 1.29 ], [ 284642.26, 4158464.95, 0.23 ], [ 284624.76, 4158455.38, 0.0 ], [ 284630.71, 4158450.67, 0.0 ] ], "f": [ [ [ 0, 1, 2, 3, 4, 5, 6, 7 ] ], [ [ 5, 8, 9, 6 ] ] ] }, "roof_props": null, "wall_color": "brick", "wall_color_source": "assessor", "type": "yes", "landmark": null, "footprint_source": "osm", "source_updated": null, "is_part": false, "parent": null, "hidden": false, "addr": "104 East Leigh Street", "wikidata": null, "website": null, "zoning": "R-63", "lidar_p90": 8.99, "ground_z": 51.44 }, "geometry": { "type": "Polygon", "coordinates": [ [ [ 284638.28, 4158472.09 ], [ 284644.2, 4158467.34 ], [ 284629.46, 4158449.11 ], [ 284623.53, 4158453.86 ], [ 284638.28, 4158472.09 ] ] ] } },
{ "type": "Feature", "properties": { "id": "osm:way/334121380", "name": null, "height": 7.67, "min_height": 0.0, "levels": null, "height_source": "lidar", "roof_shape": "flat", "roof_height": 1.62, "roof_azimuth": null, "roof_source": "lod2", "roof_color": "roof_flat", "roof_color_source": "ortho", "lod2_roof": { "v": [ [ 284638.07, 4158473.97, 0.78 ], [ 284631.36, 4158465.87, 1.13 ], [ 284623.8, 4158456.74, 1.52 ], [ 284625.03, 4158455.72, 1.62 ], [ 284639.11, 4158473.14, 0.86 ], [ 284631.36, 4158465.87, 0.13 ], [ 284630.69, 4158468.08, 0.03 ], [ 284630.93, 4158468.41, 0.0 ], [ 284628.38, 4158470.44, 0.0 ], [ 284619.93, 4158459.99, 0.99 ], [ 284623.8, 4158456.74, 1.0 ], [ 284619.93, 4158459.99, 0.0 ], [ 284623.8, 4158456.74, 0.0 ], [ 284625.03, 4158455.72, 0.0 ] ], "f": [ [ [ 0, 1, 2, 3, 4 ] ], [ [ 5, 6, 7, 8, 9, 10 ] ], [ [ 9, 11, 12, 10 ] ], [ [ 2, 10, 12, 13, 3 ] ], [ [ 1, 5, 10, 2 ] ] ] }, "roof_props": null, "wall_color": "brick", "wall_color_source": "assessor", "type": "yes", "landmark": null, "footprint_source": "osm", "source_updated": null, "is_part": false, "parent": null, "hidden": false, "addr": "102 East Leigh Street", "wikidata": null, "website": null, "zoning": "R-63", "lidar_p90": 8.3, "ground_z": 51.34 }, "geometry": { "type": "Polygon", "coordinates": [ [ [ 284633.93, 4158477.29 ], [ 284639.12, 4158473.14 ], [ 284623.53, 4158453.86 ], [ 284618.34, 4158458.03 ], [ 284633.93, 4158477.29 ] ] ] } },
{ "type": "Feature", "properties": { "id": "osm:way/334119663", "name": null, "height": 6.4, "min_height": 0.0, "levels": 2.0, "height_source": "osm_levels", "roof_shape": "flat", "roof_height": 5.95, "roof_azimuth": null, "roof_source": "lod2", "roof_color": "roof_flat", "roof_color_source": "ortho", "lod2_roof": { "v": [ [ 284535.63, 4158479.29, 4.97 ], [ 284532.44, 4158475.39, 4.97 ], [ 284533.03, 4158474.12, 5.03 ], [ 284537.25, 4158479.36, 5.02 ], [ 284532.44, 4158475.39, 0.42 ], [ 284535.63, 4158479.29, 0.44 ], [ 284536.74, 4158480.64, 0.44 ], [ 284540.3, 4158484.98, 0.46 ], [ 284540.4, 4158485.36, 0.47 ], [ 284538.15, 4158487.75, 0.74 ], [ 284529.47, 4158476.88, 0.69 ], [ 284530.77, 4158475.69, 0.54 ], [ 284531.87, 4158474.69, 0.42 ], [ 284537.15, 4158481.14, 0.0 ], [ 284535.63, 4158479.29, 1.63 ], [ 284537.25, 4158479.36, 0.85 ], [ 284538.94, 4158479.44, 0.04 ], [ 284538.98, 4158479.49, 0.0 ], [ 284533.64, 4158472.8, 0.48 ], [ 284533.42, 4158473.27, 0.51 ], [ 284532.8, 4158473.84, 0.52 ], [ 284533.03, 4158474.12, 0.57 ], [ 284532.44, 4158475.39, 0.65 ], [ 284531.87, 4158474.69, 0.53 ], [ 284529.47, 4158476.88, 0.56 ], [ 284527.13, 4158473.94, 0.06 ], [ 284531.67, 4158470.34, 0.07 ], [ 284533.64, 4158472.8, 5.47 ], [ 284538.94, 4158479.44, 5.46 ], [ 284537.25, 4158479.36, 5.93 ], [ 284533.03, 4158474.12, 5.95 ], [ 284532.8, 4158473.84, 5.95 ], [ 284533.42, 4158473.27, 5.64 ], [ 284540.4, 4158485.36, 0.0 ], [ 284538.15, 4158487.75, 0.0 ], [ 284540.3, 4158484.98, 0.0 ] ], "f": [ [ [ 0, 1, 2, 3 ] ], [ [ 4, 5, 6, 7, 8, 9, 10, 11, 12 ] ], [ [ 13, 6, 14, 15, 16, 17 ] ], [ [ 18, 19, 20, 21, 22, 23, 11, 24, 25, 26 ] ], [ [ 27, 28, 29, 30, 31, 32 ] ], [ [ 8, 33, 34, 9 ] ], [ [ 23, 12, 11 ] ], [ [ 10, 24, 11 ] ], [ [ 5, 14, 6 ] ], [ [ 35, 7, 6, 13 ] ], [ [ 30, 2, 21, 20, 31 ] ], [ [ 31, 20, 19, 32 ] ], [ [ 3, 15, 14, 0 ] ], [ [ 29, 3, 2, 30 ] ], [ [ 1, 22, 21, 2 ] ], [ [ 22, 4, 12, 23 ] ], [ [ 0, 14, 5, 4, 22, 1 ] ], [ [ 28, 16, 15, 3, 29 ] ], [ [ 32, 19, 18, 27 ] ] ] }, "roof_props": null, "wall_color": "cream", "wall_color_source": "assessor", "type": "apartments", "landmark": null, "footprint_source": "osm", "source_updated": null, "is_part": false, "parent": null, "hidden": false, "addr": "11 East Leigh Street", "wikidata": null, "website": null, "zoning": "R-63", "lidar_p90": 11.97, "ground_z": 50.84 }, "geometry": { "type": "Polygon", "coordinates": [ [ [ 284543.53, 4158485.19 ], [ 284531.67, 4158470.34 ], [ 284527.13, 4158473.94 ], [ 284538.98, 4158488.78 ], [ 284543.53, 4158485.19 ] ] ] } },
{ "type": "Feature", "properties": { "id": "osm:way/334119721", "name": null, "height": 6.44, "min_height": 0.0, "levels": null, "height_source": "lidar", "roof_shape": "flat", "roof_height": 0.0, "roof_azimuth": null, "roof_source": "lidar", "roof_color": "roof_flat", "roof_color_source": "ortho", "lod2_roof": null, "roof_props": null, "wall_color": "brick", "wall_color_source": "assessor", "type": "yes", "landmark": null, "footprint_source": "osm", "source_updated": null, "is_part": false, "parent": null, "hidden": false, "addr": "523 Saint James Street", "wikidata": null, "website": null, "zoning": "R-63", "lidar_p90": 6.85, "ground_z": 50.65 }, "geometry": { "type": "Polygon", "coordinates": [ [ [ 284508.35, 4158478.93 ], [ 284506.41, 4158476.37 ], [ 284503.11, 4158478.91 ], [ 284502.08, 4158477.58 ], [ 284494.47, 4158483.43 ], [ 284497.42, 4158487.2 ], [ 284508.35, 4158478.93 ] ] ] } },
{ "type": "Feature", "properties": { "id": "osm:way/334119664", "name": null, "height": 6.4, "min_height": 0.0, "levels": 2.0, "height_source": "osm_levels", "roof_shape": "flat", "roof_height": 0.51, "roof_azimuth": null, "roof_source": "lod2", "roof_color": "roof_flat", "roof_color_source": "ortho", "lod2_roof": { "v": [ [ 284523.83, 4158477.85, 0.0 ], [ 284527.87, 4158474.87, 0.17 ], [ 284537.45, 4158486.87, 0.51 ], [ 284532.94, 4158490.44, 0.32 ], [ 284524.95, 4158480.45, 0.04 ], [ 284525.44, 4158480.12, 0.06 ] ], "f": [ [ [ 0, 1, 2, 3, 4, 5 ] ] ] }, "roof_props": null, "wall_color": "brick_dark", "wall_color_source": "assessor", "type": "apartments", "landmark": null, "footprint_source": "osm", "source_updated": null, "is_part": false, "parent": null, "hidden": false, "addr": "11 E Leigh St", "wikidata": null, "website": null, "zoning": "R-63", "lidar_p90": 7.52, "ground_z": 50.74 }, "geometry": { "type": "Polygon", "coordinates": [ [ [ 284537.45, 4158486.87 ], [ 284527.13, 4158473.94 ], [ 284522.6, 4158477.51 ], [ 284532.94, 4158490.44 ], [ 284537.45, 4158486.87 ] ] ] } },
{ "type": "Feature", "properties": { "id": "osm:way/334121396", "name": null, "height": 8.21, "min_height": 0.0, "levels": null, "height_source": "lidar", "roof_shape": "flat", "roof_height": 0.0, "roof_azimuth": null, "roof_source": "heuristic", "roof_color": "roof_flat", "roof_color_source": "ortho", "lod2_roof": null, "roof_props": null, "wall_color": "brick_dark", "wall_color_source": "assessor", "type": "yes", "landmark": null, "footprint_source": "osm", "source_updated": null, "is_part": false, "parent": null, "hidden": false, "addr": "100 East Leigh Street", "wikidata": null, "website": null, "zoning": "R-63", "lidar_p90": 9.91, "ground_z": 50.73 }, "geometry": { "type": "Polygon", "coordinates": [ [ [ 284622.13, 4158473.57 ], [ 284623.23, 4158472.69 ], [ 284629.79, 4158480.8 ], [ 284633.93, 4158477.29 ], [ 284618.34, 4158458.03 ], [ 284613.02, 4158462.3 ], [ 284622.13, 4158473.57 ] ] ] } },
{ "type": "Feature", "properties": { "id": "osm:way/334121361", "name": null, "height": 5.7, "min_height": 0.0, "levels": null, "height_source": "lidar", "roof_shape": "flat", "roof_height": 0.51, "roof_azimuth": null, "roof_source": "lod2", "roof_color": "roof_flat", "roof_color_source": "ortho", "lod2_roof": { "v": [ [ 284642.38, 4158488.19, 0.05 ], [ 284637.24, 4158492.31, 0.0 ], [ 284633.94, 4158488.22, 0.47 ], [ 284639.08, 4158484.1, 0.51 ] ], "f": [ [ [ 0, 1, 2, 3 ] ] ] }, "roof_props": null, "wall_color": "cream", "wall_color_source": "assessor", "type": "yes", "landmark": null, "footprint_source": "osm", "source_updated": null, "is_part": false, "parent": null, "hidden": false, "addr": null, "wikidata": null, "website": null, "zoning": "R-63", "lidar_p90": 6.38, "ground_z": 50.64 }, "geometry": { "type": "Polygon", "coordinates": [ [ [ 284637.24, 4158492.31 ], [ 284642.38, 4158488.19 ], [ 284638.11, 4158482.91 ], [ 284632.98, 4158487.03 ], [ 284637.24, 4158492.31 ] ] ] } },
{ "type": "Feature", "properties": { "id": "osm:way/334121355", "name": null, "height": 6.54, "min_height": 0.0, "levels": null, "height_source": "lidar", "roof_shape": "flat", "roof_height": 0.0, "roof_azimuth": null, "roof_source": "heuristic", "roof_color": "roof_flat", "roof_color_source": "ortho", "lod2_roof": null, "roof_props": null, "wall_color": "brick_dark", "wall_color_source": "assessor", "type": "yes", "landmark": null, "footprint_source": "osm", "source_updated": null, "is_part": false, "parent": null, "hidden": false, "addr": "1 -1/2 North 1st Street", "wikidata": null, "website": null, "zoning": "R-63", "lidar_p90": 6.98, "ground_z": 50.19 }, "geometry": { "type": "Polygon", "coordinates": [ [ [ 284662.77, 4158485.81 ], [ 284659.17, 4158481.27 ], [ 284641.8, 4158494.86 ], [ 284645.4, 4158499.41 ], [ 284662.77, 4158485.81 ] ] ] } },
{ "type": "Feature", "properties": { "id": "osm:way/297832946", "name": "Sharon Baptist Church", "height": 12.82, "min_height": 0.0, "levels": null, "height_source": "lidar", "roof_shape": "gable", "roof_height": 4.0, "roof_azimuth": null, "roof_source": "heuristic", "roof_color": "slate", "roof_color_source": "ortho", "lod2_roof": null, "roof_props": null, "wall_color": "cream", "wall_color_source": "assessor", "type": "church", "landmark": null, "footprint_source": "osm", "source_updated": null, "is_part": false, "parent": null, "hidden": false, "addr": "22 East Leigh Street", "wikidata": null, "website": "https://www.sharonbaptistchurchrichmond.org/", "zoning": "R-63", "lidar_p90": 14.91, "ground_z": 50.79 }, "geometry": { "type": "Polygon", "coordinates": [ [ [ 284586.0, 4158486.68 ], [ 284597.96, 4158501.64 ], [ 284599.02, 4158500.8 ], [ 284602.9, 4158505.66 ], [ 284611.68, 4158498.69 ], [ 284607.64, 4158493.64 ], [ 284609.04, 4158492.53 ], [ 284597.24, 4158477.78 ], [ 284586.0, 4158486.68 ] ] ] } },
{ "type": "Feature", "properties": { "id": "osm:way/334121394", "name": null, "height": 6.71, "min_height": 0.0, "levels": null, "height_source": "lidar", "roof_shape": "flat", "roof_height": 0.74, "roof_azimuth": null, "roof_source": "lod2", "roof_color": "roof_flat", "roof_color_source": "ortho", "lod2_roof": { "v": [ [ 284656.97, 4158497.25, 0.0 ], [ 284648.77, 4158503.68, 0.74 ], [ 284645.4, 4158499.41, 0.74 ], [ 284653.63, 4158492.97, 0.0 ] ], "f": [ [ [ 0, 1, 2, 3 ] ] ] }, "roof_props": null, "wall_color": "brick_dark", "wall_color_source": "assessor", "type": "yes", "landmark": null, "footprint_source": "osm", "source_updated": null, "is_part": false, "parent": null, "hidden": false, "addr": "603 North 1st Street", "wikidata": null, "website": null, "zoning": "R-63", "lidar_p90": 6.96, "ground_z": 50.31 }, "geometry": { "type": "Polygon", "coordinates": [ [ [ 284658.98, 4158495.68 ], [ 284657.73, 4158494.11 ], [ 284662.22, 4158490.59 ], [ 284660.1, 4158487.9 ], [ 284645.4, 4158499.41 ], [ 284648.77, 4158503.68 ], [ 284658.98, 4158495.68 ] ] ] } },
{ "type": "Feature", "properties": { "id": "osm:way/334119744", "name": null, "height": 6.47, "min_height": 0.0, "levels": null, "height_source": "lidar", "roof_shape": "flat", "roof_height": 0.52, "roof_azimuth": null, "roof_source": "lod2", "roof_color": "roof_flat", "roof_color_source": "ortho", "lod2_roof": { "v": [ [ 284500.39, 4158491.09, 0.52 ], [ 284497.42, 4158487.2, 0.52 ], [ 284502.78, 4158483.14, 0.0 ], [ 284505.78, 4158487.03, 0.0 ] ], "f": [ [ [ 0, 1, 2, 3 ] ] ] }, "roof_props": null, "wall_color": "brick", "wall_color_source": "assessor", "type": "yes", "landmark": null, "footprint_source": "osm", "source_updated": null, "is_part": false, "parent": null, "hidden": false, "addr": "525 Saint James Street", "wikidata": null, "website": null, "zoning": "R-63", "lidar_p90": 6.81, "ground_z": 50.65 }, "geometry": { "type": "Polygon", "coordinates": [ [ [ 284500.39, 4158491.09 ], [ 284507.95, 4158485.39 ], [ 284507.02, 4158484.17 ], [ 284510.4, 4158481.62 ], [ 284508.35, 4158478.93 ], [ 284497.42, 4158487.2 ], [ 284500.39, 4158491.09 ] ] ] } },
{ "type": "Feature", "properties": { "id": "osm:way/334119671", "name": null, "height": 6.4, "min_height": 0.0, "levels": 2.0, "height_source": "osm_levels", "roof_shape": "flat", "roof_height": 0.32, "roof_azimuth": null, "roof_source": "lod2", "roof_color": "roof_flat", "roof_color_source": "ortho", "lod2_roof": { "v": [ [ 284519.94, 4158480.35, 0.0 ], [ 284525.55, 4158481.19, 0.01 ], [ 284533.99, 4158491.77, 0.23 ], [ 284528.89, 4158495.8, 0.32 ], [ 284518.39, 4158482.39, 0.05 ] ], "f": [ [ [ 0, 1, 2, 3, 4 ] ] ] }, "roof_props": null, "wall_color": "brick", "wall_color_source": "assessor", "type": "apartments", "landmark": null, "footprint_source": "osm", "source_updated": null, "is_part": false, "parent": null, "hidden": false, "addr": "9 East Leigh Street", "wikidata": null, "website": null, "zoning": "R-63", "lidar_p90": 7.52, "ground_z": 50.73 }, "geometry": { "type": "Polygon", "coordinates": [ [ [ 284528.89, 4158495.8 ], [ 284533.99, 4158491.77 ], [ 284522.42, 4158477.28 ], [ 284517.46, 4158481.2 ], [ 284528.89, 4158495.8 ] ] ] } },
{ "type": "Feature", "properties": { "id": "osm:way/334119640", "name": null, "height": 6.72, "min_height": 0.0, "levels": null, "height_source": "lidar", "roof_shape": "flat", "roof_height": 0.99, "roof_azimuth": null, "roof_source": "lod2", "roof_color": "roof_flat", "roof_color_source": "ortho", "lod2_roof": { "v": [ [ 284516.01, 4158485.54, 0.01 ], [ 284517.06, 4158484.35, 0.15 ], [ 284518.42, 4158486.05, 0.18 ], [ 284520.17, 4158484.66, 0.39 ], [ 284523.25, 4158488.59, 0.44 ], [ 284518.43, 4158486.56, 0.15 ], [ 284517.94, 4158493.77, 0.04 ], [ 284517.66, 4158493.38, 0.0 ], [ 284523.13, 4158488.54, 0.0 ], [ 284523.25, 4158488.59, 0.01 ], [ 284528.59, 4158495.4, 0.72 ], [ 284528.27, 4158497.72, 0.85 ], [ 284529.47, 4158498.23, 0.95 ], [ 284529.75, 4158498.58, 0.99 ], [ 284522.93, 4158503.99, 0.95 ], [ 284522.12, 4158502.97, 0.84 ], [ 284521.22, 4158503.68, 0.84 ], [ 284521.82, 4158504.44, 0.92 ], [ 284515.03, 4158509.7, 0.87 ], [ 284514.48, 4158509.01, 0.8 ], [ 284514.03, 4158509.36, 0.79 ], [ 284508.08, 4158501.91, 0.0 ], [ 284513.03, 4158497.51, 0.0 ], [ 284514.79, 4158496.17, 0.01 ], [ 284518.43, 4158486.56, 0.0 ], [ 284528.27, 4158497.72, 0.0 ], [ 284529.47, 4158498.23, 0.0 ], [ 284521.82, 4158504.44, 0.0 ], [ 284515.03, 4158509.7, 0.0 ], [ 284514.79, 4158496.17, 0.0 ], [ 284517.94, 4158493.77, 0.0 ], [ 284528.59, 4158495.4, 0.0 ] ], "f": [ [ [ 0, 1, 2, 3, 4, 5 ] ], [ [ 6, 7, 8, 9, 10, 11, 12, 13, 14, 15, 16, 17, 18, 19, 20, 21, 22, 23 ] ], [ [ 4, 9, 8, 24, 5 ] ], [ [ 11, 25, 26, 12 ] ], [ [ 17, 27, 28, 18 ] ], [ [ 23, 29, 30, 6 ] ], [ [ 22, 29, 23 ] ], [ [ 10, 31, 25, 11 ] ] ] }, "roof_props": null, "wall_color": "brick", "wall_color_source": "assessor", "type": "yes", "landmark": null, "footprint_source": "osm", "source_updated": null, "is_part": false, "parent": null, "hidden": false, "addr": "3 E Leigh St", "wikidata": null, "website": null, "zoning": "R-63", "lidar_p90": 7.37, "ground_z": 50.58 }, "geometry": { "type": "Polygon", "coordinates": [ [ [ 284522.16, 4158504.87 ], [ 284521.22, 4158503.68 ], [ 284522.12, 4158502.97 ], [ 284522.93, 4158503.99 ], [ 284529.75, 4158498.58 ], [ 284529.01, 4158497.67 ], [ 284529.85, 4158497.0 ], [ 284520.17, 4158484.66 ], [ 284518.42, 4158486.05 ], [ 284517.01, 4158484.29 ], [ 284511.97, 4158488.27 ], [ 284516.38, 4158493.8 ], [ 284513.67, 4158495.94 ], [ 284509.55, 4158490.77 ], [ 284507.37, 4158492.5 ], [ 284508.73, 4158494.21 ], [ 284504.57, 4158497.5 ], [ 284514.03, 4158509.36 ], [ 284514.48, 4158509.01 ], [ 284515.43, 4158510.2 ], [ 284522.16, 4158504.87 ] ] ] } }
]
}
