{
"type": "FeatureCollection",
"name": "buildings",
"crs": { "type": "name", "properties": { "name": "urn:ogc:def:crs:EPSG::32618" } },
"xy_coordinate_resolution": 0.01,
"features": [
{ "type": "Feature", "properties": { "id": "osm:way/629165380", "name": null, "height": 2.84, "min_height": 0.0, "levels": null, "height_source": "lidar", "roof_shape": "gable", "roof_height": 2.6, "roof_azimuth": 24.0, "roof_source": "lod2", "roof_color": "roof_flat", "roof_color_source": "ortho", "lod2_roof": { "v": [ [ 282069.79, 4157501.68, 0.47 ], [ 282070.86, 4157504.06, 0.49 ], [ 282067.44, 4157505.58, 2.56 ], [ 282063.71, 4157497.81, 2.6 ], [ 282067.31, 4157496.2, 0.42 ], [ 282068.35, 4157498.54, 0.45 ], [ 282069.09, 4157498.21, 0.0 ], [ 282070.56, 4157501.33, 0.0 ], [ 282066.34, 4157506.08, 1.91 ], [ 282062.44, 4157498.38, 1.85 ], [ 282066.34, 4157506.08, 1.6 ], [ 282061.68, 4157508.15, 0.0 ], [ 282058.24, 4157500.98, 0.0 ], [ 282059.04, 4157500.51, 0.29 ], [ 282058.9, 4157499.96, 0.32 ], [ 282062.44, 4157498.38, 1.54 ] ], "f": [ [ [ 0, 1, 2, 3, 4, 5, 6, 7 ] ], [ [ 8, 9, 3, 2 ] ], [ [ 10, 11, 12, 13, 14, 15 ] ], [ [ 8, 10, 15, 9 ] ] ] }, "roof_props": null, "wall_color": "cream", "wall_color_source": "assessor", "type": "detached", "landmark": null, "footprint_source": "osm", "source_updated": null, "is_part": false, "parent": null, "hidden": false, "addr": "1116 Sumpter Street", "wikidata": null, "website": null, "zoning": "R-5", "lidar_p90": 5.23, "ground_z": 53.17 }, "geometry": { "type": "Polygon", "coordinates": [ [ [ 282069.79, 4157501.68 ], [ 282071.4, 4157500.96 ], [ 282070.0, 4157497.81 ], [ 282068.35, 4157498.54 ], [ 282067.31, 4157496.2 ], [ 282056.84, 4157500.88 ], [ 282060.37, 4157508.73 ], [ 282070.86, 4157504.06 ], [ 282069.79, 4157501.68 ] ] ] } },
{ "type": "Feature", "properties": { "id": "osm:way/629165417", "name": null, "height": 3.29, "min_height": 0.0, "levels": null, "height_source": "lidar", "roof_shape": "gable", "roof_height": 2.44, "roof_azimuth": 24.4, "roof_source": "lod2", "roof_color": "roof_flat", "roof_color_source": "ortho", "lod2_roof": { "v": [ [ 282104.99, 4157513.43, 0.2 ], [ 282105.27, 4157513.62, 0.29 ], [ 282105.06, 4157514.37, 0.0 ], [ 282104.36, 4157513.02, 0.0 ], [ 282105.57, 4157510.92, 0.0 ], [ 282106.42, 4157511.53, 0.6 ], [ 282107.15, 4157512.07, 1.12 ], [ 282105.76, 4157512.95, 1.07 ], [ 282104.99, 4157513.43, 1.04 ], [ 282103.45, 4157512.42, 0.0 ], [ 282107.15, 4157512.07, 1.38 ], [ 282107.46, 4157512.29, 1.21 ], [ 282107.47, 4157513.12, 0.75 ], [ 282107.44, 4157513.2, 0.71 ], [ 282107.02, 4157514.57, 0.0 ], [ 282104.87, 4157515.06, 0.0 ], [ 282105.27, 4157513.62, 0.75 ], [ 282104.99, 4157513.43, 0.89 ], [ 282107.87, 4157507.01, 2.44 ], [ 282111.62, 4157514.89, 2.41 ], [ 282107.71, 4157516.66, 0.0 ], [ 282106.9, 4157514.97, 0.0 ], [ 282107.47, 4157513.12, 0.74 ], [ 282107.46, 4157512.29, 0.94 ], [ 282107.15, 4157512.07, 0.84 ], [ 282104.6, 4157510.21, 0.0 ], [ 282103.92, 4157508.8, 0.0 ], [ 282111.42, 4157511.62, 1.47 ], [ 282112.5, 4157511.0, 1.08 ], [ 282113.96, 4157510.15, 0.56 ], [ 282113.66, 4157509.66, 0.55 ], [ 282115.28, 4157508.93, 0.0 ], [ 282117.38, 4157512.29, 0.0 ], [ 282112.47, 4157514.51, 1.66 ], [ 282111.49, 4157505.37, 0.28 ], [ 282113.49, 4157509.74, 0.31 ], [ 282113.66, 4157509.66, 0.2 ], [ 282113.96, 4157510.15, 0.17 ], [ 282111.42, 4157511.62, 1.76 ], [ 282112.47, 4157514.51, 1.9 ] ], "f": [ [ [ 0, 1, 2, 3 ] ], [ [ 4, 5, 6, 7, 8, 9 ] ], [ [ 10, 11, 12, 13, 14, 15, 16, 17, 7 ] ], [ [ 18, 19, 20, 21, 13, 22, 23, 24, 5, 25, 26 ] ], [ [ 27, 28, 29, 30, 31, 32, 33 ] ], [ [ 19, 18, 34, 35, 36, 37, 28, 38, 39 ] ], [ [ 2, 1, 16, 15 ] ], [ [ 8, 17, 0, 3, 9 ] ], [ [ 38, 27, 33, 39 ] ], [ [ 29, 37, 36, 30 ] ], [ [ 14, 13, 21 ] ], [ [ 6, 10, 7 ] ], [ [ 17, 8, 7 ] ], [ [ 16, 1, 0, 17 ] ], [ [ 25, 5, 4 ] ], [ [ 24, 6, 5 ] ], [ [ 11, 23, 22, 12 ] ], [ [ 10, 6, 24, 23, 11 ] ], [ [ 37, 29, 28 ] ], [ [ 27, 38, 28 ] ] ] }, "roof_props": null, "wall_color": "brick_dark", "wall_color_source": "assessor", "type": "detached", "landmark": null, "footprint_source": "osm", "source_updated": null, "is_part": false, "parent": null, "hidden": false, "addr": "1113 Sumpter Street", "wikidata": null, "website": null, "zoning": "R-5", "lidar_p90": 5.56, "ground_z": 52.65 }, "geometry": { "type": "Polygon", "coordinates": [ [ [ 282116.26, 4157508.49 ], [ 282113.49, 4157509.74 ], [ 282111.49, 4157505.37 ], [ 282103.22, 4157509.12 ], [ 282103.91, 4157510.61 ], [ 282101.64, 4157511.64 ], [ 282103.91, 4157516.62 ], [ 282105.59, 4157515.86 ], [ 282105.83, 4157516.36 ], [ 282106.61, 4157516.0 ], [ 282107.05, 4157516.96 ], [ 282117.88, 4157512.05 ], [ 282116.26, 4157508.49 ] ] ] } },
{ "type": "Feature", "properties": { "id": "osm:way/629165379", "name": null, "height": 2.91, "min_height": 0.0, "levels": null, "height_source": "lidar", "roof_shape": "gable", "roof_height": 2.0, "roof_azimuth": 23.6, "roof_source": "lod2", "roof_color": "roof_flat", "roof_color_source": "ortho", "lod2_roof": { "v": [ [ 282069.46, 4157508.94, 1.97 ], [ 282073.06, 4157516.41, 2.0 ], [ 282069.86, 4157517.8, 0.0 ], [ 282066.34, 4157510.42, 0.0 ], [ 282067.29, 4157509.23, 0.78 ], [ 282068.39, 4157509.54, 1.27 ], [ 282071.59, 4157507.74, 0.79 ], [ 282071.21, 4157507.51, 0.91 ], [ 282072.3, 4157507.03, 0.34 ], [ 282073.6, 4157509.99, 0.41 ], [ 282074.38, 4157509.65, 0.0 ], [ 282075.55, 4157512.03, 0.0 ], [ 282074.86, 4157512.33, 0.36 ], [ 282076.08, 4157515.1, 0.42 ] ], "f": [ [ [ 0, 1, 2, 3, 4, 5 ] ], [ [ 1, 0, 6, 7, 8, 9, 10, 11, 12, 13 ] ] ] }, "roof_props": null, "wall_color": "brick", "wall_color_source": "assessor", "type": "detached", "landmark": null, "footprint_source": "osm", "source_updated": null, "is_part": false, "parent": null, "hidden": false, "addr": "1114 Sumpter Street", "wikidata": null, "website": null, "zoning": "R-5", "lidar_p90": 4.67, "ground_z": 53.2 }, "geometry": { "type": "Polygon", "coordinates": [ [ [ 282065.26, 4157510.1 ], [ 282066.87, 4157513.78 ], [ 282065.32, 4157514.46 ], [ 282067.3, 4157518.92 ], [ 282076.08, 4157515.09 ], [ 282074.86, 4157512.33 ], [ 282076.37, 4157511.68 ], [ 282075.31, 4157509.24 ], [ 282073.6, 4157509.99 ], [ 282072.3, 4157507.03 ], [ 282065.26, 4157510.1 ] ] ] } },
{ "type": "Feature", "properties": { "id": "osm:way/629165418", "name": null, "height": 3.91, "min_height": 0.0, "levels": null, "height_source": "lidar", "roof_shape": "gable", "roof_height": 1.87, "roof_azimuth": 24.2, "roof_source": "lod2", "roof_color": "roof_flat", "roof_color_source": "ortho", "lod2_roof": { "v": [ [ 282108.68, 4157524.78, 0.3 ], [ 282108.34, 4157524.04, 0.0 ], [ 282110.85, 4157522.17, 0.0 ], [ 282111.63, 4157523.09, 0.45 ], [ 282110.26, 4157524.09, 0.44 ], [ 282111.63, 4157523.09, 0.66 ], [ 282112.71, 4157524.37, 0.35 ], [ 282112.66, 4157525.87, 0.0 ], [ 282111.35, 4157525.95, 0.0 ], [ 282111.33, 4157525.91, 0.01 ], [ 282111.23, 4157525.96, 0.0 ], [ 282109.24, 4157526.02, 0.0 ], [ 282112.87, 4157518.06, 1.8 ], [ 282116.86, 4157526.04, 1.87 ], [ 282113.48, 4157527.56, 0.0 ], [ 282111.63, 4157523.09, 0.14 ], [ 282110.95, 4157522.28, 0.0 ], [ 282109.63, 4157519.52, 0.0 ], [ 282117.97, 4157515.77, 0.0 ], [ 282119.78, 4157519.16, 0.0 ], [ 282118.39, 4157519.79, 0.49 ], [ 282120.49, 4157524.4, 0.59 ] ], "f": [ [ [ 0, 1, 2, 3, 4 ] ], [ [ 5, 6, 7, 8, 9, 10, 11, 0, 4 ] ], [ [ 12, 13, 14, 7, 6, 15, 16, 17 ] ], [ [ 13, 12, 18, 19, 20, 21 ] ], [ [ 15, 3, 2, 16 ] ], [ [ 3, 5, 4 ] ], [ [ 5, 3, 15, 6 ] ] ] }, "roof_props": null, "wall_color": "brick", "wall_color_source": "assessor", "type": "detached", "landmark": null, "footprint_source": "osm", "source_updated": null, "is_part": false, "parent": null, "hidden": false, "addr": "1111 Sumpter Street", "wikidata": null, "website": null, "zoning": "R-5", "lidar_p90": 5.6, "ground_z": 52.68 }, "geometry": { "type": "Polygon", "coordinates": [ [ [ 282118.39, 4157519.79 ], [ 282120.04, 4157519.05 ], [ 282118.45, 4157515.55 ], [ 282108.55, 4157520.01 ], [ 282109.57, 4157522.26 ], [ 282107.88, 4157523.02 ], [ 282109.56, 4157526.71 ], [ 282111.33, 4157525.91 ], [ 282112.31, 4157528.08 ], [ 282120.49, 4157524.4 ], [ 282118.39, 4157519.79 ] ] ] } },
{ "type": "Feature", "properties": { "id": "osm:way/629165378", "name": null, "height": 4.03, "min_height": 0.0, "levels": null, "height_source": "lidar", "roof_shape": "gable", "roof_height": 2.4, "roof_azimuth": 115.9, "roof_source": "lod2", "roof_color": "roof_flat", "roof_color_source": "ortho", "lod2_roof": { "v": [ [ 282065.79, 4157530.48, 1.2 ], [ 282065.05, 4157528.84, 2.4 ], [ 282078.52, 4157522.47, 2.4 ], [ 282078.97, 4157524.06, 1.31 ], [ 282078.71, 4157524.19, 1.31 ], [ 282079.57, 4157525.96, 0.0 ], [ 282062.56, 4157534.01, 0.0 ], [ 282061.77, 4157532.41, 1.18 ], [ 282062.63, 4157532.0, 1.19 ], [ 282078.74, 4157523.26, 0.0 ], [ 282078.52, 4157522.47, 0.53 ], [ 282078.12, 4157521.1, 1.47 ], [ 282078.48, 4157520.92, 1.46 ], [ 282079.45, 4157522.9, 0.0 ], [ 282077.51, 4157518.94, 0.0 ], [ 282063.54, 4157525.54, 0.0 ], [ 282065.05, 4157528.84, 0.01 ], [ 282061.8, 4157530.41, 0.0 ], [ 282065.04, 4157528.83, 0.0 ], [ 282078.97, 4157524.06, 0.0 ] ], "f": [ [ [ 0, 1, 2, 3, 4, 5, 6, 7, 8 ] ], [ [ 9, 10, 11, 12, 13 ] ], [ [ 14, 12, 11, 2, 1, 15 ] ], [ [ 16, 0, 8, 17, 18 ] ], [ [ 1, 16, 18, 15 ] ], [ [ 10, 2, 11 ] ], [ [ 2, 10, 9, 19, 3 ] ], [ [ 16, 1, 0 ] ] ] }, "roof_props": null, "wall_color": "brick", "wall_color_source": "assessor", "type": "yes", "landmark": null, "footprint_source": "osm", "source_updated": null, "is_part": false, "parent": null, "hidden": false, "addr": "1112 Sumpter Street", "wikidata": null, "website": null, "zoning": "R-5", "lidar_p90": 6.16, "ground_z": 53.44 }, "geometry": { "type": "Polygon", "coordinates": [ [ [ 282061.67, 4157525.48 ], [ 282063.08, 4157528.37 ], [ 282060.42, 4157529.66 ], [ 282062.82, 4157534.57 ], [ 282079.76, 4157526.35 ], [ 282078.71, 4157524.19 ], [ 282079.82, 4157523.65 ], [ 282077.05, 4157518.0 ], [ 282061.67, 4157525.48 ] ] ] } },
{ "type": "Feature", "properties": { "id": "osm:way/629165419", "name": null, "height": 3.59, "min_height": 0.0, "levels": null, "height_source": "lidar", "roof_shape": "gable", "roof_height": 2.18, "roof_azimuth": 25.1, "roof_source": "lod2", "roof_color": "roof_flat", "roof_color_source": "ortho", "lod2_roof": { "v": [ [ 282125.25, 4157530.12, 0.21 ], [ 282123.87, 4157526.39, 0.14 ], [ 282124.29, 4157526.2, 0.0 ], [ 282125.9, 4157529.82, 0.0 ], [ 282121.92, 4157537.1, 2.09 ], [ 282118.29, 4157529.01, 2.18 ], [ 282123.34, 4157526.64, 0.0 ], [ 282124.88, 4157530.29, 0.0 ], [ 282123.39, 4157530.99, 0.64 ], [ 282125.49, 4157535.43, 0.55 ], [ 282115.05, 4157537.76, 0.05 ], [ 282114.17, 4157535.9, 0.96 ], [ 282116.95, 4157534.57, 1.08 ], [ 282117.33, 4157534.5, 1.05 ], [ 282118.2, 4157534.34, 0.99 ], [ 282117.32, 4157537.04, 0.0 ], [ 282116.51, 4157537.34, 0.0 ], [ 282116.4, 4157537.12, 0.11 ], [ 282113.33, 4157534.14, 0.0 ], [ 282115.4, 4157532.94, 0.0 ], [ 282117.48, 4157533.61, 0.81 ], [ 282117.33, 4157534.5, 1.15 ], [ 282114.54, 4157531.1, 0.0 ], [ 282116.63, 4157530.19, 1.16 ], [ 282116.14, 4157530.02, 0.97 ], [ 282118.18, 4157538.85, 0.0 ], [ 282117.33, 4157534.5, 0.55 ], [ 282125.25, 4157530.12, 0.0 ], [ 282123.87, 4157526.39, 0.0 ] ], "f": [ [ [ 0, 1, 2, 3 ] ], [ [ 4, 5, 6, 7, 8, 9 ] ], [ [ 10, 11, 12, 13, 14, 15, 16, 17 ] ], [ [ 11, 18, 19, 20, 21, 12 ] ], [ [ 22, 23, 24, 5, 4, 25, 15, 14, 26, 20, 19 ] ], [ [ 0, 27, 28, 1 ] ], [ [ 13, 26, 14 ] ], [ [ 26, 13, 21, 20 ] ], [ [ 21, 13, 12 ] ] ] }, "roof_props": null, "wall_color": "brick", "wall_color_source": "assessor", "type": "detached", "landmark": null, "footprint_source": "osm", "source_updated": null, "is_part": false, "parent": null, "hidden": false, "addr": "1109 Sumpter Street", "wikidata": null, "website": null, "zoning": "R-5", "lidar_p90": 5.52, "ground_z": 52.86 }, "geometry": { "type": "Polygon", "coordinates": [ [ [ 282125.49, 4157535.43 ], [ 282123.39, 4157530.99 ], [ 282126.42, 4157529.56 ], [ 282124.74, 4157525.99 ], [ 282113.73, 4157531.14 ], [ 282114.71, 4157533.23 ], [ 282113.23, 4157533.92 ], [ 282115.04, 4157537.76 ], [ 282116.4, 4157537.12 ], [ 282117.39, 4157539.22 ], [ 282125.49, 4157535.43 ] ] ] } },
{ "type": "Feature", "properties": { "id": "osm:way/629165377", "name": null, "height": 3.93, "min_height": 0.0, "levels": null, "height_source": "lidar", "roof_shape": "gable", "roof_height": 1.96, "roof_azimuth": null, "roof_source": "heuristic", "roof_color": "roof_flat", "roof_color_source": "ortho", "lod2_roof": null, "roof_props": null, "wall_color": "brick_dark", "wall_color_source": "assessor", "type": "detached", "landmark": null, "footprint_source": "osm", "source_updated": null, "is_part": false, "parent": null, "hidden": false, "addr": "1110 Sumpter Street", "wikidata": null, "website": null, "zoning": "R-5", "lidar_p90": 4.54, "ground_z": 53.43 }, "geometry": { "type": "Polygon", "coordinates": [ [ [ 282073.09, 4157533.12 ], [ 282074.99, 4157537.41 ], [ 282078.12, 4157536.03 ], [ 282079.94, 4157540.16 ], [ 282086.58, 4157537.24 ], [ 282085.49, 4157534.79 ], [ 282087.15, 4157534.06 ], [ 282085.88, 4157531.18 ], [ 282083.94, 4157532.03 ], [ 282082.6, 4157529.0 ], [ 282073.09, 4157533.12 ] ] ] } },
{ "type": "Feature", "properties": { "id": "osm:way/629165421", "name": null, "height": 7.45, "min_height": 0.0, "levels": null, "height_source": "lidar", "roof_shape": "flat", "roof_height": 0.0, "roof_azimuth": null, "roof_source": "lidar", "roof_color": "concrete", "roof_color_source": "ortho", "lod2_roof": null, "roof_props": null, "wall_color": "cream", "wall_color_source": "assessor", "type": "house", "landmark": null, "footprint_source": "osm", "source_updated": null, "is_part": false, "parent": null, "hidden": false, "addr": "1107 Sumpter Street", "wikidata": null, "website": null, "zoning": "R-5", "lidar_p90": 7.66, "ground_z": 53.11 }, "geometry": { "type": "Polygon", "coordinates": [ [ [ 282136.24, 4157541.64 ], [ 282135.08, 4157539.23 ], [ 282136.93, 4157538.34 ], [ 282136.08, 4157536.57 ], [ 282117.96, 4157545.23 ], [ 282119.97, 4157549.41 ], [ 282136.24, 4157541.64 ] ] ] } },
{ "type": "Feature", "properties": { "id": "osm:way/629165376", "name": null, "height": 2.87, "min_height": 0.0, "levels": null, "height_source": "lidar", "roof_shape": "gable", "roof_height": 2.28, "roof_azimuth": 25.3, "roof_source": "lod2", "roof_color": "roof_flat", "roof_color_source": "ortho", "lod2_roof": { "v": [ [ 282083.34, 4157542.67, 1.22 ], [ 282086.79, 4157550.33, 1.3 ], [ 282079.69, 4157553.66, 0.06 ], [ 282078.11, 4157550.32, 0.01 ], [ 282083.89, 4157547.62, 1.02 ], [ 282081.79, 4157543.15, 0.96 ], [ 282083.23, 4157542.41, 1.21 ], [ 282084.89, 4157542.45, 2.27 ], [ 282088.31, 4157549.62, 2.28 ], [ 282086.79, 4157550.33, 1.36 ], [ 282083.34, 4157542.67, 1.45 ], [ 282084.55, 4157541.74, 2.27 ], [ 282087.77, 4157540.09, 0.35 ], [ 282088.41, 4157541.42, 0.35 ], [ 282089.01, 4157541.14, 0.0 ], [ 282091.72, 4157546.79, 0.0 ], [ 282091.07, 4157547.09, 0.38 ], [ 282091.55, 4157548.1, 0.38 ] ], "f": [ [ [ 0, 1, 2, 3, 4, 5, 6 ] ], [ [ 7, 8, 9, 10 ] ], [ [ 8, 7, 11, 12, 13, 14, 15, 16, 17 ] ], [ [ 9, 1, 0, 10 ] ] ] }, "roof_props": null, "wall_color": "cream", "wall_color_source": "assessor", "type": "detached", "landmark": null, "footprint_source": "osm", "source_updated": null, "is_part": false, "parent": null, "hidden": false, "addr": "1108 Sumpter Street", "wikidata": null, "website": null, "zoning": "R-5", "lidar_p90": 4.97, "ground_z": 53.44 }, "geometry": { "type": "Polygon", "coordinates": [ [ [ 282081.79, 4157543.15 ], [ 282083.89, 4157547.62 ], [ 282078.11, 4157550.32 ], [ 282079.69, 4157553.66 ], [ 282091.55, 4157548.1 ], [ 282091.07, 4157547.09 ], [ 282092.97, 4157546.2 ], [ 282090.3, 4157540.54 ], [ 282088.41, 4157541.42 ], [ 282087.77, 4157540.08 ], [ 282081.79, 4157543.15 ] ] ] } },
{ "type": "Feature", "properties": { "id": "osm:way/629165375", "name": null, "height": 2.81, "min_height": 0.0, "levels": null, "height_source": "lidar", "roof_shape": "gable", "roof_height": 2.33, "roof_azimuth": 24.1, "roof_source": "lod2", "roof_color": "roof_flat", "roof_color_source": "ortho", "lod2_roof": { "v": [ [ 282090.52, 4157561.81, 0.06 ], [ 282087.21, 4157554.66, 0.1 ], [ 282090.48, 4157552.79, 2.31 ], [ 282094.04, 4157560.24, 2.33 ], [ 282091.93, 4157551.96, 1.33 ], [ 282092.39, 4157551.46, 0.96 ], [ 282093.17, 4157551.11, 0.46 ], [ 282093.7, 4157552.31, 0.48 ], [ 282094.45, 4157551.98, 0.0 ], [ 282094.89, 4157552.9, 0.0 ], [ 282095.41, 4157553.97, 0.0 ], [ 282094.88, 4157555.07, 0.56 ], [ 282095.96, 4157555.12, 0.0 ], [ 282096.29, 4157555.82, 0.0 ], [ 282096.11, 4157556.49, 0.27 ], [ 282096.66, 4157556.57, 0.0 ], [ 282097.19, 4157557.65, 0.0 ], [ 282096.55, 4157557.94, 0.42 ], [ 282096.99, 4157558.92, 0.43 ], [ 282097.07, 4157553.28, 0.0 ], [ 282097.6, 4157554.46, 0.88 ], [ 282096.51, 4157555.06, 0.97 ], [ 282096.48, 4157555.15, 1.02 ], [ 282096.48, 4157555.15, 0.93 ], [ 282098.11, 4157555.58, 0.0 ], [ 282096.48, 4157555.15, 0.0 ] ], "f": [ [ [ 0, 1, 2, 3 ] ], [ [ 2, 4, 5, 6, 7, 8, 9, 10, 11, 12, 13, 14, 15, 16, 17, 18, 3 ] ], [ [ 19, 20, 21, 22, 11, 10 ] ], [ [ 15, 14, 23, 21, 20, 24 ] ], [ [ 25, 23, 14, 13 ] ], [ [ 22, 23, 25, 12, 11 ] ] ] }, "roof_props": null, "wall_color": "brick", "wall_color_source": "assessor", "type": "detached", "landmark": null, "footprint_source": "osm", "source_updated": null, "is_part": false, "parent": null, "hidden": false, "addr": "1106 Sumpter Street", "wikidata": null, "website": null, "zoning": "R-5", "lidar_p90": 4.79, "ground_z": 53.6 }, "geometry": { "type": "Polygon", "coordinates": [ [ [ 282086.24, 4157554.21 ], [ 282089.8, 4157562.13 ], [ 282096.99, 4157558.92 ], [ 282096.54, 4157557.94 ], [ 282097.36, 4157557.58 ], [ 282097.04, 4157556.86 ], [ 282098.41, 4157556.26 ], [ 282096.57, 4157552.16 ], [ 282094.89, 4157552.9 ], [ 282094.48, 4157551.97 ], [ 282093.7, 4157552.31 ], [ 282093.16, 4157551.11 ], [ 282086.24, 4157554.21 ] ] ] } },
{ "type": "Feature", "properties": { "id": "osm:way/1131832931", "name": null, "height": 2.89, "min_height": 0.0, "levels": null, "height_source": "lidar", "roof_shape": "flat", "roof_height": 0.02, "roof_azimuth": null, "roof_source": "lod2", "roof_color": "roof_flat", "roof_color_source": "ortho", "lod2_roof": { "v": [ [ 282015.35, 4157503.76, 0.0 ], [ 282008.17, 4157506.98, 0.02 ], [ 282004.05, 4157497.86, 0.01 ], [ 282011.13, 4157494.43, 0.0 ] ], "f": [ [ [ 0, 1, 2, 3 ] ] ] }, "roof_props": null, "wall_color": "brick", "wall_color_source": "assessor", "type": "yes", "landmark": null, "footprint_source": "osm", "source_updated": null, "is_part": false, "parent": null, "hidden": false, "addr": "1201 S Allen Ave", "wikidata": null, "website": null, "zoning": "R-5", "lidar_p90": 2.91, "ground_z": 55.56 }, "geometry": { "type": "Polygon", "coordinates": [ [ [ 282010.64, 4157493.35 ], [ 282003.47, 4157496.57 ], [ 282008.17, 4157506.98 ], [ 282015.34, 4157503.76 ], [ 282010.64, 4157493.35 ] ] ] } },
{ "type": "Feature", "properties": { "id": "osm:way/629165522", "name": null, "height": 2.5, "min_height": 0.0, "levels": null, "height_source": "lidar", "roof_shape": "flat", "roof_height": 0.0, "roof_azimuth": null, "roof_source": "heuristic", "roof_color": "roof_flat", "roof_color_source": "heuristic", "lod2_roof": null, "roof_props": null, "wall_color": "cream", "wall_color_source": "assessor", "type": "yes", "landmark": null, "footprint_source": "osm", "source_updated": null, "is_part": false, "parent": null, "hidden": false, "addr": null, "wikidata": null, "website": null, "zoning": "R-5", "lidar_p90": 2.44, "ground_z": 54.7 }, "geometry": { "type": "Polygon", "coordinates": [ [ [ 282040.36, 4157594.06 ], [ 282042.54, 4157597.71 ], [ 282045.54, 4157595.92 ], [ 282043.37, 4157592.29 ], [ 282040.36, 4157594.06 ] ] ] } },
{ "type": "Feature", "properties": { "id": "osm:way/629165529", "name": null, "height": 2.89, "min_height": 0.0, "levels": null, "height_source": "lidar", "roof_shape": "gable", "roof_height": 4.24, "roof_azimuth": 115.7, "roof_source": "lod2", "roof_color": "roof_flat", "roof_color_source": "ortho", "lod2_roof": { "v": [ [ 282055.65, 4157606.87, 3.66 ], [ 282054.94, 4157603.95, 2.41 ], [ 282059.22, 4157601.83, 2.38 ], [ 282059.39, 4157602.19, 2.55 ], [ 282060.26, 4157601.78, 2.55 ], [ 282061.84, 4157605.45, 4.24 ], [ 282056.39, 4157608.06, 4.24 ], [ 282056.21, 4157607.76, 4.1 ], [ 282058.35, 4157611.17, 2.72 ], [ 282057.74, 4157611.46, 2.72 ], [ 282056.18, 4157608.16, 4.24 ], [ 282063.69, 4157609.74, 2.29 ], [ 282058.79, 4157612.08, 2.3 ], [ 282053.9, 4157604.46, 0.05 ], [ 282053.82, 4157604.24, 0.04 ], [ 282052.01, 4157600.49, 0.0 ], [ 282057.34, 4157597.94, 0.03 ], [ 282059.22, 4157601.83, 0.08 ], [ 282054.94, 4157603.95, 0.05 ], [ 282051.27, 4157610.14, 2.68 ], [ 282056.21, 4157607.76, 2.69 ], [ 282056.39, 4157608.06, 2.55 ], [ 282056.18, 4157608.16, 2.55 ], [ 282057.74, 4157611.46, 1.07 ], [ 282053.0, 4157613.73, 1.06 ], [ 282049.44, 4157606.34, 0.92 ], [ 282053.82, 4157604.24, 0.93 ], [ 282053.9, 4157604.46, 1.02 ], [ 282054.94, 4157603.95, 1.02 ], [ 282055.65, 4157606.87, 2.25 ] ], "f": [ [ [ 0, 1, 2, 3, 4, 5, 6, 7 ] ], [ [ 8, 9, 10, 6, 5, 11, 12 ] ], [ [ 13, 14, 15, 16, 17, 18 ] ], [ [ 19, 20, 21, 22, 23, 24 ] ], [ [ 20, 19, 25, 26, 27, 28, 29 ] ], [ [ 6, 21, 20, 7 ] ], [ [ 1, 28, 18, 17, 2 ] ], [ [ 7, 20, 29, 0 ] ], [ [ 10, 22, 21, 6 ] ], [ [ 9, 23, 22, 10 ] ], [ [ 0, 29, 28, 1 ] ], [ [ 27, 13, 18, 28 ] ], [ [ 26, 14, 13, 27 ] ] ] }, "roof_props": null, "wall_color": "brick", "wall_color_source": "assessor", "type": "detached", "landmark": null, "footprint_source": "osm", "source_updated": null, "is_part": false, "parent": null, "hidden": false, "addr": "1707 Winder Street", "wikidata": null, "website": null, "zoning": "R-5", "lidar_p90": 6.94, "ground_z": 54.7 }, "geometry": { "type": "Polygon", "coordinates": [ [ [ 282058.34, 4157611.17 ], [ 282058.79, 4157612.08 ], [ 282064.77, 4157609.23 ], [ 282061.0, 4157601.42 ], [ 282059.39, 4157602.19 ], [ 282057.33, 4157597.94 ], [ 282052.01, 4157600.49 ], [ 282053.82, 4157604.24 ], [ 282049.44, 4157606.34 ], [ 282053.0, 4157613.73 ], [ 282058.34, 4157611.17 ] ] ] } },
{ "type": "Feature", "properties": { "id": "osm:way/629165530", "name": null, "height": 5.81, "min_height": 0.0, "levels": null, "height_source": "lidar", "roof_shape": "gable", "roof_height": 1.61, "roof_azimuth": 115.5, "roof_source": "lod2", "roof_color": "concrete", "roof_color_source": "ortho", "lod2_roof": { "v": [ [ 282043.92, 4157614.38, 1.61 ], [ 282034.55, 4157618.83, 1.61 ], [ 282032.87, 4157615.33, 0.0 ], [ 282042.13, 4157610.95, 0.0 ], [ 282044.61, 4157615.69, 0.99 ], [ 282045.27, 4157618.01, 0.0 ], [ 282036.24, 4157622.31, 0.0 ] ], "f": [ [ [ 0, 1, 2, 3 ] ], [ [ 0, 4, 5, 6, 1 ] ] ] }, "roof_props": null, "wall_color": "cream", "wall_color_source": "assessor", "type": "detached", "landmark": null, "footprint_source": "osm", "source_updated": null, "is_part": false, "parent": null, "hidden": false, "addr": "1709 Winder Street", "wikidata": null, "website": null, "zoning": "R-5", "lidar_p90": 7.07, "ground_z": 55.13 }, "geometry": { "type": "Polygon", "coordinates": [ [ [ 282046.58, 4157618.2 ], [ 282042.75, 4157610.27 ], [ 282032.73, 4157615.05 ], [ 282036.34, 4157622.53 ], [ 282046.58, 4157618.2 ] ] ] } },
{ "type": "Feature", "properties": { "id": "osm:way/629165531", "name": null, "height": 3.49, "min_height": 0.0, "levels": null, "height_source": "lidar", "roof_shape": "hip", "roof_height": 2.36, "roof_azimuth": 115.1, "roof_source": "lidar", "roof_color": "roof_flat", "roof_color_source": "ortho", "lod2_roof": null, "roof_props": null, "wall_color": "cream", "wall_color_source": "assessor", "type": "yes", "landmark": null, "footprint_source": "osm", "source_updated": null, "is_part": false, "parent": null, "hidden": false, "addr": "1729 1/2 Winder St", "wikidata": null, "website": null, "zoning": "R-5", "lidar_p90": 6.38, "ground_z": 55.66 }, "geometry": { "type": "Polygon", "coordinates": [ [ [ 282033.54, 4157626.09 ], [ 282030.0, 4157618.56 ], [ 282029.38, 4157618.85 ], [ 282027.8, 4157615.49 ], [ 282024.7, 4157616.93 ], [ 282026.24, 4157620.21 ], [ 282022.7, 4157621.85 ], [ 282021.18, 4157618.62 ], [ 282017.45, 4157620.36 ], [ 282018.86, 4157623.35 ], [ 282012.01, 4157626.54 ], [ 282015.7, 4157634.4 ], [ 282033.54, 4157626.09 ] ] ] } },
{ "type": "Feature", "properties": { "id": "osm:way/629165532", "name": null, "height": 6.75, "min_height": 0.0, "levels": null, "height_source": "lidar", "roof_shape": "flat", "roof_height": 0.0, "roof_azimuth": null, "roof_source": "lidar", "roof_color": "roof_flat", "roof_color_source": "ortho", "lod2_roof": null, "roof_props": null, "wall_color": "sand", "wall_color_source": "heuristic", "type": "house", "landmark": null, "footprint_source": "osm", "source_updated": null, "is_part": false, "parent": null, "hidden": false, "addr": "1739 Winder Street", "wikidata": null, "website": null, "zoning": "R-5", "lidar_p90": 7.09, "ground_z": 55.9 }, "geometry": { "type": "Polygon", "coordinates": [ [ [ 282009.86, 4157641.23 ], [ 282004.67, 4157629.44 ], [ 282003.11, 4157630.12 ], [ 282002.45, 4157628.62 ], [ 281996.52, 4157631.22 ], [ 281997.36, 4157633.11 ], [ 281996.35, 4157633.54 ], [ 282001.37, 4157644.94 ], [ 282009.86, 4157641.23 ] ] ] } },
{ "type": "Feature", "properties": { "id": "osm:way/629165518", "name": null, "height": 3.48, "min_height": 0.0, "levels": null, "height_source": "lidar", "roof_shape": "gable", "roof_height": 2.65, "roof_azimuth": 24.8, "roof_source": "lod2", "roof_color": "roof_flat", "roof_color_source": "ortho", "lod2_roof": { "v": [ [ 282130.13, 4157561.08, 1.14 ], [ 282129.91, 4157560.6, 0.98 ], [ 282133.89, 4157558.77, 0.94 ], [ 282133.93, 4157560.11, 1.33 ], [ 282132.79, 4157560.4, 1.28 ], [ 282136.45, 4157568.3, 2.63 ], [ 282133.99, 4157569.42, 1.17 ], [ 282130.13, 4157561.08, 1.19 ], [ 282132.79, 4157560.4, 2.65 ], [ 282137.65, 4157561.32, 0.0 ], [ 282140.06, 4157566.64, 0.03 ], [ 282133.93, 4157560.11, 1.88 ], [ 282133.89, 4157558.77, 1.54 ], [ 282136.02, 4157557.79, 0.0 ] ], "f": [ [ [ 0, 1, 2, 3, 4 ] ], [ [ 5, 6, 7, 8 ] ], [ [ 9, 10, 5, 8, 11, 12, 13 ] ], [ [ 11, 3, 2, 12 ] ], [ [ 8, 4, 3, 11 ] ], [ [ 7, 0, 4, 8 ] ] ] }, "roof_props": null, "wall_color": "cream", "wall_color_source": "assessor", "type": "detached", "landmark": null, "footprint_source": "osm", "source_updated": null, "is_part": false, "parent": null, "hidden": false, "addr": "1101 Sumpter Street", "wikidata": null, "website": null, "zoning": "R-5", "lidar_p90": 5.87, "ground_z": 53.36 }, "geometry": { "type": "Polygon", "coordinates": [ [ [ 282129.91, 4157560.6 ], [ 282133.98, 4157569.42 ], [ 282141.25, 4157566.1 ], [ 282137.16, 4157557.27 ], [ 282129.91, 4157560.6 ] ] ] } },
{ "type": "Feature", "properties": { "id": "osm:way/629165526", "name": null, "height": 6.06, "min_height": 0.0, "levels": null, "height_source": "lidar", "roof_shape": "gable", "roof_height": 1.49, "roof_azimuth": 113.6, "roof_source": "lod2", "roof_color": "concrete", "roof_color_source": "ortho", "lod2_roof": { "v": [ [ 282103.46, 4157589.17, 0.0 ], [ 282101.29, 4157586.14, 1.49 ], [ 282108.79, 4157582.62, 1.48 ], [ 282109.86, 4157582.12, 1.48 ], [ 282111.34, 4157585.48, 0.0 ], [ 282100.57, 4157585.14, 0.99 ], [ 282100.79, 4157585.04, 0.99 ], [ 282099.83, 4157582.85, 0.0 ], [ 282106.22, 4157579.84, 0.0 ], [ 282108.55, 4157580.72, 0.73 ], [ 282101.29, 4157586.14, 0.0 ], [ 282100.57, 4157585.14, 0.0 ], [ 282108.79, 4157582.62, 0.0 ], [ 282109.86, 4157582.12, 0.0 ], [ 282108.55, 4157580.72, 0.0 ] ], "f": [ [ [ 0, 1, 2, 3, 4 ] ], [ [ 2, 1, 5, 6, 7, 8, 9 ] ], [ [ 1, 10, 11, 5 ] ], [ [ 2, 12, 13, 3 ] ], [ [ 9, 14, 12, 2 ] ], [ [ 10, 1, 0 ] ] ] }, "roof_props": null, "wall_color": "brick", "wall_color_source": "assessor", "type": "detached", "landmark": null, "footprint_source": "osm", "source_updated": null, "is_part": false, "parent": null, "hidden": false, "addr": "1701 Winder Street", "wikidata": null, "website": null, "zoning": "R-5", "lidar_p90": 7.25, "ground_z": 53.98 }, "geometry": { "type": "Polygon", "coordinates": [ [ [ 282111.62, 4157586.12 ], [ 282108.39, 4157578.79 ], [ 282099.71, 4157582.58 ], [ 282100.79, 4157585.04 ], [ 282099.69, 4157585.52 ], [ 282100.82, 4157588.08 ], [ 282102.14, 4157587.5 ], [ 282103.16, 4157589.82 ], [ 282111.62, 4157586.12 ] ] ] } },
{ "type": "Feature", "properties": { "id": "osm:way/629165527", "name": null, "height": 3.47, "min_height": 0.0, "levels": null, "height_source": "lidar", "roof_shape": "gable", "roof_height": 1.83, "roof_azimuth": 114.5, "roof_source": "lod2", "roof_color": "roof_flat", "roof_color_source": "ortho", "lod2_roof": { "v": [ [ 282083.97, 4157594.22, 1.73 ], [ 282095.22, 4157588.75, 1.83 ], [ 282097.27, 4157593.01, 0.0 ], [ 282094.27, 4157592.77, 0.57 ], [ 282094.09, 4157593.23, 0.44 ], [ 282093.48, 4157594.75, 0.0 ], [ 282085.82, 4157598.26, 0.0 ], [ 282094.27, 4157592.77, 0.94 ], [ 282097.27, 4157593.01, 0.03 ], [ 282097.62, 4157593.73, 0.0 ], [ 282097.71, 4157593.98, 0.0 ], [ 282095.13, 4157595.15, 0.93 ], [ 282094.41, 4157593.66, 0.99 ], [ 282094.09, 4157593.23, 1.05 ], [ 282093.16, 4157582.89, 0.06 ], [ 282093.28, 4157583.16, 0.13 ], [ 282092.66, 4157583.43, 0.12 ], [ 282093.28, 4157584.72, 0.42 ], [ 282090.22, 4157586.25, 0.44 ], [ 282089.44, 4157584.56, 0.06 ], [ 282092.93, 4157596.14, 0.18 ], [ 282094.09, 4157593.23, 0.98 ], [ 282082.11, 4157590.14, 0.0 ], [ 282083.53, 4157589.42, 0.0 ], [ 282090.27, 4157586.37, 0.14 ], [ 282090.22, 4157586.25, 0.09 ], [ 282093.28, 4157584.72, 0.1 ], [ 282092.93, 4157596.14, 0.0 ] ], "f": [ [ [ 0, 1, 2, 3, 4, 5, 6 ] ], [ [ 7, 8, 9, 10, 11, 12, 13 ] ], [ [ 14, 15, 16, 17, 18, 19 ] ], [ [ 20, 21, 12, 11 ] ], [ [ 1, 0, 22, 23, 24, 25, 26 ] ], [ [ 17, 26, 25, 18 ] ], [ [ 13, 21, 4, 3, 7 ] ], [ [ 21, 13, 12 ] ], [ [ 7, 3, 2, 8 ] ], [ [ 20, 27, 5, 4, 21 ] ] ] }, "roof_props": null, "wall_color": "sand", "wall_color_source": "assessor", "type": "detached", "landmark": null, "footprint_source": "osm", "source_updated": null, "is_part": false, "parent": null, "hidden": false, "addr": "1703 Winder Street", "wikidata": null, "website": null, "zoning": "R-5", "lidar_p90": 4.96, "ground_z": 54.25 }, "geometry": { "type": "Polygon", "coordinates": [ [ [ 282092.39, 4157595.34 ], [ 282092.77, 4157596.21 ], [ 282098.12, 4157593.79 ], [ 282093.16, 4157582.88 ], [ 282089.44, 4157584.56 ], [ 282090.27, 4157586.37 ], [ 282082.08, 4157590.07 ], [ 282085.83, 4157598.31 ], [ 282092.39, 4157595.34 ] ] ] } },
{ "type": "Feature", "properties": { "id": "osm:way/629165528", "name": null, "height": 4.34, "min_height": 0.0, "levels": null, "height_source": "lidar", "roof_shape": "gable", "roof_height": 3.07, "roof_azimuth": 113.6, "roof_source": "lod2", "roof_color": "roof_flat", "roof_color_source": "ortho", "lod2_roof": { "v": [ [ 282073.69, 4157599.76, 1.32 ], [ 282073.55, 4157599.49, 1.44 ], [ 282078.7, 4157597.04, 1.44 ], [ 282079.04, 4157596.88, 1.44 ], [ 282080.47, 4157600.14, 0.0 ], [ 282075.28, 4157602.62, 0.0 ], [ 282073.69, 4157599.76, 3.07 ], [ 282068.72, 4157602.15, 3.07 ], [ 282066.91, 4157598.05, 1.21 ], [ 282071.61, 4157596.0, 1.29 ], [ 282073.55, 4157599.49, 2.94 ], [ 282077.45, 4157593.84, 0.0 ], [ 282073.55, 4157599.49, 1.45 ], [ 282071.87, 4157596.46, 0.0 ], [ 282075.9, 4157603.74, 1.23 ], [ 282070.47, 4157606.11, 1.31 ], [ 282075.9, 4157603.74, 0.0 ], [ 282071.61, 4157596.0, 0.0 ] ], "f": [ [ [ 0, 1, 2, 3, 4, 5 ] ], [ [ 6, 7, 8, 9, 10 ] ], [ [ 11, 2, 12, 13 ] ], [ [ 7, 6, 14, 15 ] ], [ [ 6, 0, 5, 16, 14 ] ], [ [ 1, 12, 2 ] ], [ [ 9, 17, 13, 12, 10 ] ], [ [ 10, 12, 1, 0, 6 ] ] ] }, "roof_props": null, "wall_color": "cream", "wall_color_source": "assessor", "type": "detached", "landmark": null, "footprint_source": "osm", "source_updated": null, "is_part": false, "parent": null, "hidden": false, "addr": "1705 Winder Street", "wikidata": null, "website": null, "zoning": "R-5", "lidar_p90": 6.89, "ground_z": 54.47 }, "geometry": { "type": "Polygon", "coordinates": [ [ [ 282076.41, 4157603.51 ], [ 282076.1, 4157602.81 ], [ 282080.75, 4157600.77 ], [ 282077.51, 4157593.41 ], [ 282066.91, 4157598.05 ], [ 282070.47, 4157606.11 ], [ 282076.41, 4157603.51 ] ] ] } },
{ "type": "Feature", "properties": { "id": "osm:way/629154523", "name": null, "height": 3.86, "min_height": 0.0, "levels": null, "height_source": "lidar", "roof_shape": "flat", "roof_height": 0.7, "roof_azimuth": null, "roof_source": "lod2", "roof_color": "slate", "roof_color_source": "ortho", "lod2_roof": { "v": [ [ 282107.35, 4157615.65, 0.12 ], [ 282102.55, 4157617.8, 0.06 ], [ 282102.39, 4157617.45, 0.0 ], [ 282106.97, 4157614.98, 0.0 ], [ 282111.07, 4157622.15, 0.18 ], [ 282114.3, 4157621.68, 0.02 ], [ 282114.53, 4157622.18, 0.0 ], [ 282111.61, 4157632.47, 0.0 ], [ 282110.34, 4157629.64, 0.11 ], [ 282108.29, 4157630.56, 0.2 ], [ 282102.55, 4157617.8, 0.7 ], [ 282107.35, 4157615.65, 0.48 ], [ 282107.35, 4157615.65, 0.0 ] ], "f": [ [ [ 0, 1, 2, 3 ] ], [ [ 4, 5, 6, 7, 8, 9, 10, 11 ] ], [ [ 12, 0, 3 ] ], [ [ 10, 1, 0, 11 ] ] ] }, "roof_props": null, "wall_color": "brick", "wall_color_source": "assessor", "type": "house", "landmark": null, "footprint_source": "osm", "source_updated": null, "is_part": false, "parent": null, "hidden": false, "addr": "1708 Winder Street", "wikidata": null, "website": null, "zoning": "R-5", "lidar_p90": 4.41, "ground_z": 54.38 }, "geometry": { "type": "Polygon", "coordinates": [ [ [ 282110.34, 4157629.64 ], [ 282113.12, 4157635.81 ], [ 282120.02, 4157632.73 ], [ 282114.49, 4157620.47 ], [ 282111.55, 4157621.79 ], [ 282107.99, 4157613.89 ], [ 282101.99, 4157616.57 ], [ 282108.29, 4157630.56 ], [ 282110.34, 4157629.64 ] ] ] } },
{ "type": "Feature", "properties": { "id": "osm:way/629154524", "name": null, "height": 4.25, "min_height": 0.0, "levels": null, "height_source": "lidar", "roof_shape": "flat", "roof_height": 0.94, "roof_azimuth": null, "roof_source": "lod2", "roof_color": "roof_flat", "roof_color_source": "ortho", "lod2_roof": { "v": [ [ 282095.27, 4157620.85, 0.94 ], [ 282099.86, 4157630.98, 0.0 ], [ 282096.04, 4157632.82, 0.0 ], [ 282091.51, 4157622.86, 0.92 ], [ 282091.51, 4157622.86, 0.0 ], [ 282095.27, 4157620.85, 0.0 ] ], "f": [ [ [ 0, 1, 2, 3 ] ], [ [ 3, 4, 5, 0 ] ] ] }, "roof_props": null, "wall_color": "brick", "wall_color_source": "assessor", "type": "house", "landmark": null, "footprint_source": "osm", "source_updated": null, "is_part": false, "parent": null, "hidden": false, "addr": "1712 Winder Street", "wikidata": null, "website": null, "zoning": "R-5", "lidar_p90": 4.9, "ground_z": 54.69 }, "geometry": { "type": "Polygon", "coordinates": [ [ [ 282101.4, 4157633.01 ], [ 282095.26, 4157619.5 ], [ 282090.88, 4157621.48 ], [ 282097.02, 4157634.98 ], [ 282101.4, 4157633.01 ] ] ] } },
{ "type": "Feature", "properties": { "id": "osm:way/629154525", "name": null, "height": 3.26, "min_height": 0.0, "levels": null, "height_source": "lidar", "roof_shape": "gable", "roof_height": 1.62, "roof_azimuth": 113.7, "roof_source": "lod2", "roof_color": "roof_red", "roof_color_source": "ortho", "lod2_roof": { "v": [ [ 282091.45, 4157631.03, 1.62 ], [ 282093.79, 4157634.78, 0.24 ], [ 282093.84, 4157634.74, 0.25 ], [ 282094.12, 4157635.39, 0.03 ], [ 282090.19, 4157637.1, 0.06 ], [ 282090.27, 4157637.28, 0.0 ], [ 282087.03, 4157638.82, 0.0 ], [ 282086.95, 4157638.64, 0.06 ], [ 282083.21, 4157640.27, 0.09 ], [ 282081.53, 4157636.46, 1.39 ], [ 282084.66, 4157634.94, 1.41 ], [ 282084.36, 4157634.39, 1.6 ], [ 282083.6, 4157632.96, 1.06 ], [ 282083.48, 4157631.12, 0.47 ], [ 282083.57, 4157631.08, 0.48 ], [ 282083.0, 4157629.78, 0.0 ], [ 282088.9, 4157626.96, 0.0 ], [ 282079.88, 4157632.68, 0.01 ], [ 282083.48, 4157631.12, 0.08 ], [ 282083.6, 4157632.96, 0.66 ], [ 282084.36, 4157634.39, 1.2 ] ], "f": [ [ [ 0, 1, 2, 3, 4, 5, 6, 7, 8, 9, 10, 11 ] ], [ [ 12, 13, 14, 15, 16, 0, 11 ] ], [ [ 17, 18, 19, 20, 10, 9 ] ], [ [ 11, 20, 19, 12 ] ], [ [ 20, 11, 10 ] ], [ [ 12, 19, 18, 13 ] ] ] }, "roof_props": null, "wall_color": "sand", "wall_color_source": "assessor", "type": "detached", "landmark": null, "footprint_source": "osm", "source_updated": null, "is_part": false, "parent": null, "hidden": false, "addr": "1716 Winder Street", "wikidata": null, "website": null, "zoning": "R-5", "lidar_p90": 4.54, "ground_z": 55.06 }, "geometry": { "type": "Polygon", "coordinates": [ [ [ 282086.95, 4157638.64 ], [ 282087.54, 4157639.99 ], [ 282090.83, 4157638.55 ], [ 282090.19, 4157637.1 ], [ 282094.12, 4157635.38 ], [ 282090.12, 4157626.29 ], [ 282082.86, 4157629.46 ], [ 282083.57, 4157631.08 ], [ 282079.88, 4157632.68 ], [ 282083.2, 4157640.27 ], [ 282086.95, 4157638.64 ] ] ] } },
{ "type": "Feature", "properties": { "id": "osm:way/629154526", "name": null, "height": 4.25, "min_height": 0.0, "levels": null, "height_source": "lidar", "roof_shape": "flat", "roof_height": 0.0, "roof_azimuth": null, "roof_source": "lidar", "roof_color": "roof_flat", "roof_color_source": "ortho", "lod2_roof": null, "roof_props": null, "wall_color": "sand", "wall_color_source": "assessor", "type": "detached", "landmark": null, "footprint_source": "osm", "source_updated": null, "is_part": false, "parent": null, "hidden": false, "addr": "1722 Winder Street", "wikidata": null, "website": null, "zoning": "R-5", "lidar_p90": 4.65, "ground_z": 55.26 }, "geometry": { "type": "Polygon", "coordinates": [ [ [ 282075.22, 4157649.78 ], [ 282074.39, 4157647.97 ], [ 282076.57, 4157646.97 ], [ 282075.98, 4157645.69 ], [ 282079.77, 4157643.97 ], [ 282076.3, 4157636.4 ], [ 282072.16, 4157638.28 ], [ 282071.68, 4157637.25 ], [ 282064.69, 4157640.43 ], [ 282070.06, 4157652.14 ], [ 282075.22, 4157649.78 ] ] ] } },
{ "type": "Feature", "properties": { "id": "osm:way/629154516", "name": null, "height": 7.5, "min_height": 0.0, "levels": null, "height_source": "zoning", "roof_shape": "flat", "roof_height": 0.0, "roof_azimuth": null, "roof_source": "heuristic", "roof_color": "roof_dark", "roof_color_source": "heuristic", "lod2_roof": null, "roof_props": null, "wall_color": "cream", "wall_color_source": "assessor", "type": "yes", "landmark": null, "footprint_source": "osm", "source_updated": null, "is_part": false, "parent": null, "hidden": false, "addr": null, "wikidata": null, "website": null, "zoning": "R-5", "lidar_p90": 2.03, "ground_z": 54.72 }, "geometry": { "type": "Polygon", "coordinates": [ [ [ 282111.06, 4157648.92 ], [ 282114.89, 4157646.97 ], [ 282113.43, 4157644.14 ], [ 282109.65, 4157646.06 ], [ 282111.06, 4157648.92 ] ] ] } },
{ "type": "Feature", "properties": { "id": "osm:way/629154575", "name": null, "height": 2.82, "min_height": 0.0, "levels": null, "height_source": "lidar", "roof_shape": "flat", "roof_height": 0.0, "roof_azimuth": null, "roof_source": "heuristic", "roof_color": "roof_dark", "roof_color_source": "heuristic", "lod2_roof": null, "roof_props": null, "wall_color": "brick_dark", "wall_color_source": "assessor", "type": "yes", "landmark": null, "footprint_source": "osm", "source_updated": null, "is_part": false, "parent": null, "hidden": false, "addr": null, "wikidata": null, "website": null, "zoning": "R-5", "lidar_p90": 2.91, "ground_z": 54.57 }, "geometry": { "type": "Polygon", "coordinates": [ [ [ 282139.35, 4157663.23 ], [ 282137.98, 4157660.38 ], [ 282134.48, 4157662.06 ], [ 282135.84, 4157664.89 ], [ 282139.35, 4157663.23 ] ] ] } },
{ "type": "Feature", "properties": { "id": "osm:way/629154527", "name": null, "height": 4.45, "min_height": 0.0, "levels": null, "height_source": "lidar", "roof_shape": "gable", "roof_height": 2.91, "roof_azimuth": 113.5, "roof_source": "lidar", "roof_color": "slate", "roof_color_source": "heuristic", "lod2_roof": null, "roof_props": null, "wall_color": "brick", "wall_color_source": "assessor", "type": "detached", "landmark": null, "footprint_source": "osm", "source_updated": null, "is_part": false, "parent": null, "hidden": false, "addr": "1724 Winder Street", "wikidata": null, "website": null, "zoning": "R-5", "lidar_p90": 7.43, "ground_z": 55.68 }, "geometry": { "type": "Polygon", "coordinates": [ [ [ 282064.7, 4157651.81 ], [ 282061.69, 4157644.94 ], [ 282058.04, 4157646.53 ], [ 282057.46, 4157645.19 ], [ 282053.24, 4157647.02 ], [ 282053.78, 4157648.28 ], [ 282049.95, 4157649.95 ], [ 282052.99, 4157656.9 ], [ 282064.7, 4157651.81 ] ] ] } },
{ "type": "Feature", "properties": { "id": "osm:way/629154528", "name": null, "height": 3.67, "min_height": 0.0, "levels": null, "height_source": "lidar", "roof_shape": "gable", "roof_height": 1.98, "roof_azimuth": 114.4, "roof_source": "lod2", "roof_color": "slate", "roof_color_source": "heuristic", "lod2_roof": { "v": [ [ 282039.76, 4157651.21, 0.0 ], [ 282037.38, 4157652.67, 0.58 ], [ 282036.64, 4157651.01, 0.46 ], [ 282038.73, 4157650.06, 0.0 ], [ 282041.75, 4157650.38, 0.0 ], [ 282044.03, 4157654.74, 1.96 ], [ 282036.83, 4157658.17, 1.98 ], [ 282034.89, 4157653.9, 0.11 ], [ 282037.43, 4157652.76, 0.13 ], [ 282037.38, 4157652.67, 0.09 ], [ 282039.04, 4157651.65, 0.0 ], [ 282038.81, 4157662.53, 0.0 ], [ 282046.22, 4157658.94, 0.0 ] ], "f": [ [ [ 0, 1, 2, 3 ] ], [ [ 4, 5, 6, 7, 8, 9, 10 ] ], [ [ 11, 6, 5, 12 ] ], [ [ 9, 1, 0, 10 ] ] ] }, "roof_props": null, "wall_color": "sand", "wall_color_source": "assessor", "type": "detached", "landmark": null, "footprint_source": "osm", "source_updated": null, "is_part": false, "parent": null, "hidden": false, "addr": "1728 Winder Street", "wikidata": null, "website": null, "zoning": "R-5", "lidar_p90": 5.19, "ground_z": 56.08 }, "geometry": { "type": "Polygon", "coordinates": [ [ [ 282044.89, 4157659.97 ], [ 282045.28, 4157660.84 ], [ 282047.04, 4157660.05 ], [ 282042.46, 4157649.96 ], [ 282040.05, 4157651.03 ], [ 282039.46, 4157649.73 ], [ 282036.64, 4157651.01 ], [ 282037.43, 4157652.76 ], [ 282034.89, 4157653.9 ], [ 282038.9, 4157662.73 ], [ 282044.89, 4157659.97 ] ] ] } },
{ "type": "Feature", "properties": { "id": "osm:way/629154529", "name": null, "height": 3.69, "min_height": 0.0, "levels": null, "height_source": "lidar", "roof_shape": "gable", "roof_height": 2.17, "roof_azimuth": 115.6, "roof_source": "lod2", "roof_color": "concrete", "roof_color_source": "ortho", "lod2_roof": { "v": [ [ 282031.61, 4157667.64, 0.62 ], [ 282033.68, 4157668.04, 0.0 ], [ 282031.95, 4157669.17, 0.0 ], [ 282031.36, 4157667.93, 0.58 ], [ 282030.09, 4157661.36, 2.17 ], [ 282031.13, 4157663.41, 1.23 ], [ 282032.41, 4157665.24, 0.34 ], [ 282032.34, 4157665.56, 0.24 ], [ 282032.28, 4157665.82, 0.15 ], [ 282030.53, 4157666.64, 0.15 ], [ 282030.58, 4157666.72, 0.11 ], [ 282025.37, 4157669.19, 0.08 ], [ 282023.16, 4157664.58, 2.15 ], [ 282026.05, 4157657.66, 0.0 ], [ 282025.7, 4157657.84, 0.12 ], [ 282023.41, 4157658.99, 0.89 ], [ 282022.77, 4157657.67, 0.83 ], [ 282025.27, 4157656.48, 0.0 ], [ 282026.32, 4157657.52, 0.11 ], [ 282026.42, 4157657.72, 0.2 ], [ 282028.83, 4157656.58, 0.2 ], [ 282030.93, 4157660.97, 2.17 ], [ 282021.09, 4157660.24, 0.21 ], [ 282023.46, 4157659.12, 0.2 ], [ 282023.41, 4157658.99, 0.15 ], [ 282031.36, 4157667.93, 0.73 ], [ 282030.75, 4157666.64, 0.82 ], [ 282030.58, 4157666.72, 0.88 ], [ 282030.53, 4157666.64, 0.89 ], [ 282032.28, 4157665.82, 0.28 ], [ 282032.72, 4157665.68, 0.13 ], [ 282032.97, 4157666.05, 0.07 ], [ 282033.14, 4157665.85, 0.0 ], [ 282026.32, 4157657.52, 0.0 ] ], "f": [ [ [ 0, 1, 2, 3 ] ], [ [ 4, 5, 6, 7, 8, 9, 10, 11, 12 ] ], [ [ 13, 14, 15, 16, 17 ] ], [ [ 18, 19, 20, 21, 4, 12, 22, 23, 24, 14 ] ], [ [ 25, 26, 27, 28, 29, 7, 30, 31, 32, 1, 0 ] ], [ [ 29, 8, 7 ] ], [ [ 28, 9, 8, 29 ] ], [ [ 27, 10, 9, 28 ] ], [ [ 3, 25, 0 ] ], [ [ 24, 15, 14 ] ], [ [ 33, 18, 14, 13 ] ] ] }, "roof_props": null, "wall_color": "brick", "wall_color_source": "assessor", "type": "detached", "landmark": null, "footprint_source": "osm", "source_updated": null, "is_part": false, "parent": null, "hidden": false, "addr": "1730 Winder Street", "wikidata": null, "website": null, "zoning": "R-5", "lidar_p90": 5.42, "ground_z": 56.55 }, "geometry": { "type": "Polygon", "coordinates": [ [ [ 282030.74, 4157666.64 ], [ 282032.28, 4157669.86 ], [ 282034.65, 4157668.74 ], [ 282028.83, 4157656.58 ], [ 282026.42, 4157657.72 ], [ 282025.72, 4157656.27 ], [ 282022.77, 4157657.67 ], [ 282023.46, 4157659.12 ], [ 282021.09, 4157660.24 ], [ 282025.36, 4157669.19 ], [ 282030.74, 4157666.64 ] ] ] } },
{ "type": "Feature", "properties": { "id": "osm:way/629154530", "name": null, "height": 3.76, "min_height": 0.0, "levels": null, "height_source": "lidar", "roof_shape": "gable", "roof_height": 2.19, "roof_azimuth": 114.8, "roof_source": "lod2", "roof_color": "roof_flat", "roof_color_source": "ortho", "lod2_roof": { "v": [ [ 282011.54, 4157675.68, 0.15 ], [ 282009.45, 4157671.14, 2.19 ], [ 282016.74, 4157667.7, 2.19 ], [ 282019.0, 4157672.59, 0.0 ], [ 282017.53, 4157673.28, 0.0 ], [ 282017.4, 4157672.99, 0.13 ], [ 282009.82, 4157665.59, 0.26 ], [ 282009.77, 4157665.47, 0.21 ], [ 282010.45, 4157665.11, 0.19 ], [ 282010.57, 4157664.52, 0.0 ], [ 282012.4, 4157663.64, 0.0 ], [ 282012.6, 4157664.08, 0.19 ], [ 282014.64, 4157663.15, 0.2 ], [ 282007.4, 4157666.71, 0.25 ], [ 282009.08, 4157663.98, 0.28 ], [ 282010.84, 4157663.18, 0.58 ], [ 282010.45, 4157665.11, 0.53 ], [ 282009.77, 4157665.47, 0.42 ], [ 282010.84, 4157663.18, 0.0 ] ], "f": [ [ [ 0, 1, 2, 3, 4, 5 ] ], [ [ 6, 7, 8, 9, 10, 11, 12, 2, 1, 13 ] ], [ [ 14, 15, 16, 17 ] ], [ [ 15, 18, 9, 8, 16 ] ], [ [ 16, 8, 7, 17 ] ] ] }, "roof_props": null, "wall_color": "sand", "wall_color_source": "assessor", "type": "detached", "landmark": null, "footprint_source": "osm", "source_updated": null, "is_part": false, "parent": null, "hidden": false, "addr": "1732 Winder Street", "wikidata": null, "website": null, "zoning": "R-5", "lidar_p90": 5.41, "ground_z": 57.02 }, "geometry": { "type": "Polygon", "coordinates": [ [ [ 282017.4, 4157672.99 ], [ 282017.88, 4157674.04 ], [ 282019.36, 4157673.37 ], [ 282014.64, 4157663.14 ], [ 282012.59, 4157664.08 ], [ 282011.95, 4157662.67 ], [ 282009.08, 4157663.98 ], [ 282009.82, 4157665.59 ], [ 282007.4, 4157666.71 ], [ 282011.54, 4157675.67 ], [ 282017.4, 4157672.99 ] ] ] } },
{ "type": "Feature", "properties": { "id": "osm:way/629154532", "name": null, "height": 4.06, "min_height": 0.0, "levels": null, "height_source": "lidar", "roof_shape": "gable", "roof_height": 2.38, "roof_azimuth": 114.3, "roof_source": "lod2", "roof_color": "slate", "roof_color_source": "ortho", "lod2_roof": { "v": [ [ 282005.04, 4157678.7, 0.16 ], [ 282006.33, 4157681.5, 0.11 ], [ 282004.11, 4157682.49, 0.11 ], [ 282002.85, 4157679.71, 0.16 ], [ 282002.97, 4157674.21, 2.38 ], [ 281997.94, 4157681.87, 0.21 ], [ 281995.97, 4157677.51, 2.36 ], [ 281997.42, 4157670.92, 0.0 ], [ 281997.64, 4157671.04, 0.09 ], [ 281998.53, 4157670.39, 0.0 ], [ 281998.75, 4157670.29, 0.0 ], [ 281998.98, 4157670.8, 0.25 ], [ 282000.98, 4157669.9, 0.27 ], [ 281993.92, 4157672.98, 0.16 ], [ 281996.48, 4157671.84, 0.19 ], [ 281996.3, 4157671.45, 0.0 ], [ 281996.49, 4157670.54, 0.67 ], [ 281996.08, 4157670.95, 0.84 ], [ 281995.77, 4157670.27, 0.81 ], [ 281998.21, 4157669.17, 0.0 ], [ 281998.32, 4157669.34, 0.0 ], [ 281998.73, 4157670.25, 0.05 ], [ 281997.64, 4157671.04, 0.47 ], [ 281996.74, 4157670.53, 0.61 ], [ 281996.74, 4157670.53, 0.0 ], [ 281998.73, 4157670.25, 0.0 ], [ 281996.49, 4157670.54, 0.0 ], [ 281996.08, 4157670.95, 0.0 ] ], "f": [ [ [ 0, 1, 2, 3 ] ], [ [ 4, 0, 3, 5, 6 ] ], [ [ 7, 8, 9, 10, 11, 12, 4, 6, 13, 14, 15 ] ], [ [ 16, 17, 18, 19, 20, 21, 22, 23 ] ], [ [ 22, 8, 7, 24, 23 ] ], [ [ 21, 25, 9, 8, 22 ] ], [ [ 23, 24, 26, 16 ] ], [ [ 16, 26, 27, 17 ] ] ] }, "roof_props": null, "wall_color": "brick", "wall_color_source": "assessor", "type": "detached", "landmark": null, "footprint_source": "osm", "source_updated": null, "is_part": false, "parent": null, "hidden": false, "addr": "1734 Winder Street", "wikidata": null, "website": null, "zoning": "R-5", "lidar_p90": 5.78, "ground_z": 57.58 }, "geometry": { "type": "Polygon", "coordinates": [ [ [ 282002.84, 4157679.68 ], [ 282004.11, 4157682.49 ], [ 282006.85, 4157681.26 ], [ 282001.59, 4157669.63 ], [ 281998.98, 4157670.8 ], [ 281998.24, 4157669.16 ], [ 281995.77, 4157670.27 ], [ 281996.48, 4157671.84 ], [ 281993.92, 4157672.98 ], [ 281997.94, 4157681.87 ], [ 282002.84, 4157679.68 ] ] ] } },
{ "type": "Feature", "properties": { "id": "osm:way/629154583", "name": null, "height": 6.41, "min_height": 0.0, "levels": null, "height_source": "lidar", "roof_shape": "gable", "roof_height": 2.8, "roof_azimuth": null, "roof_source": "heuristic", "roof_color": "roof_dark", "roof_color_source": "heuristic", "lod2_roof": null, "roof_props": null, "wall_color": "terracotta", "wall_color_source": "assessor", "type": "detached", "landmark": null, "footprint_source": "osm", "source_updated": null, "is_part": false, "parent": null, "hidden": false, "addr": "1721 Blair Street", "wikidata": null, "website": null, "zoning": "R-5", "lidar_p90": 7.42, "ground_z": 60.03 }, "geometry": { "type": "Polygon", "coordinates": [ [ [ 282052.1, 4157720.91 ], [ 282053.04, 4157722.88 ], [ 282058.2, 4157720.41 ], [ 282057.41, 4157718.78 ], [ 282059.07, 4157717.99 ], [ 282054.23, 4157707.96 ], [ 282052.18, 4157708.94 ], [ 282051.3, 4157707.13 ], [ 282046.59, 4157709.39 ], [ 282047.39, 4157711.06 ], [ 282045.65, 4157711.89 ], [ 282050.39, 4157721.73 ], [ 282052.1, 4157720.91 ] ] ] } },
{ "type": "Feature", "properties": { "id": "osm:way/629154584", "name": null, "height": 4.31, "min_height": 0.0, "levels": null, "height_source": "lidar", "roof_shape": "flat", "roof_height": 0.75, "roof_azimuth": null, "roof_source": "lod2", "roof_color": "concrete", "roof_color_source": "heuristic", "lod2_roof": { "v": [ [ 282043.03, 4157719.09, 0.75 ], [ 282033.41, 4157723.7, 0.74 ], [ 282032.48, 4157721.64, 0.0 ], [ 282042.11, 4157716.98, 0.0 ], [ 282043.98, 4157721.26, 0.0 ], [ 282034.38, 4157725.82, 0.0 ] ], "f": [ [ [ 0, 1, 2, 3 ] ], [ [ 0, 4, 5, 1 ] ] ] }, "roof_props": null, "wall_color": "brick", "wall_color_source": "assessor", "type": "detached", "landmark": null, "footprint_source": "osm", "source_updated": null, "is_part": false, "parent": null, "hidden": false, "addr": "1723 Blair Street", "wikidata": null, "website": null, "zoning": "R-5", "lidar_p90": 4.73, "ground_z": 60.5 }, "geometry": { "type": "Polygon", "coordinates": [ [ [ 282045.82, 4157723.02 ], [ 282042.48, 4157715.69 ], [ 282036.05, 4157718.59 ], [ 282035.6, 4157717.61 ], [ 282031.49, 4157719.47 ], [ 282035.28, 4157727.8 ], [ 282045.82, 4157723.02 ] ] ] } },
{ "type": "Feature", "properties": { "id": "osm:way/629154574", "name": null, "height": 2.73, "min_height": 0.0, "levels": null, "height_source": "lidar", "roof_shape": "gable", "roof_height": 1.63, "roof_azimuth": 24.7, "roof_source": "lod2", "roof_color": "roof_dark", "roof_color_source": "heuristic", "lod2_roof": { "v": [ [ 282098.66, 4157672.68, 0.17 ], [ 282095.39, 4157665.56, 0.24 ], [ 282098.53, 4157664.0, 1.63 ], [ 282102.0, 4157671.16, 1.62 ], [ 282101.99, 4157662.27, 0.06 ], [ 282105.64, 4157669.5, 0.0 ] ], "f": [ [ [ 0, 1, 2, 3 ] ], [ [ 4, 5, 3, 2 ] ] ] }, "roof_props": null, "wall_color": "cream", "wall_color_source": "assessor", "type": "yes", "landmark": null, "footprint_source": "osm", "source_updated": null, "is_part": false, "parent": null, "hidden": false, "addr": null, "wikidata": null, "website": null, "zoning": "R-5", "lidar_p90": 4.1, "ground_z": 55.47 }, "geometry": { "type": "Polygon", "coordinates": [ [ [ 282095.39, 4157665.56 ], [ 282098.66, 4157672.68 ], [ 282106.32, 4157669.19 ], [ 282102.92, 4157661.8 ], [ 282095.39, 4157665.56 ] ] ] } },
{ "type": "Feature", "properties": { "id": "osm:way/629154576", "name": null, "height": 3.59, "min_height": 0.0, "levels": null, "height_source": "lidar", "roof_shape": "gable", "roof_height": 1.96, "roof_azimuth": 26.1, "roof_source": "lod2", "roof_color": "roof_flat", "roof_color_source": "ortho", "lod2_roof": { "v": [ [ 282134.21, 4157683.77, 0.28 ], [ 282136.7, 4157682.2, 1.33 ], [ 282136.76, 4157682.16, 1.36 ], [ 282137.66, 4157683.98, 1.25 ], [ 282135.03, 4157685.26, 0.22 ], [ 282134.44, 4157684.08, 0.29 ], [ 282134.39, 4157684.1, 0.27 ], [ 282132.51, 4157673.45, 1.96 ], [ 282136.7, 4157682.2, 1.94 ], [ 282134.21, 4157683.77, 0.76 ], [ 282134.39, 4157684.1, 0.78 ], [ 282133.69, 4157684.44, 0.46 ], [ 282129.11, 4157675.11, 0.43 ], [ 282140.55, 4157682.58, 0.0 ], [ 282137.59, 4157681.64, 0.98 ], [ 282139.89, 4157680.69, 0.0 ], [ 282136.04, 4157670.71, 0.21 ], [ 282140.64, 4157680.38, 0.2 ], [ 282137.59, 4157681.64, 1.52 ], [ 282136.76, 4157682.16, 1.91 ], [ 282133.33, 4157673.06, 1.59 ], [ 282132.93, 4157672.23, 1.6 ], [ 282140.64, 4157680.38, 0.0 ] ], "f": [ [ [ 0, 1, 2, 3, 4, 5, 6 ] ], [ [ 7, 8, 9, 10, 11, 12 ] ], [ [ 13, 3, 2, 14, 15 ] ], [ [ 16, 17, 18, 19, 8, 7, 20, 21 ] ], [ [ 17, 22, 15, 14, 18 ] ], [ [ 9, 0, 6, 10 ] ], [ [ 19, 2, 1, 8 ] ], [ [ 8, 1, 0, 9 ] ], [ [ 18, 14, 2, 19 ] ] ] }, "roof_props": null, "wall_color": "brick", "wall_color_source": "assessor", "type": "house", "landmark": null, "footprint_source": "osm", "source_updated": null, "is_part": false, "parent": null, "hidden": false, "addr": "1705 Blair Street", "wikidata": null, "website": null, "zoning": "R-5", "lidar_p90": 5.1, "ground_z": 55.12 }, "geometry": { "type": "Polygon", "coordinates": [ [ [ 282136.64, 4157670.43 ], [ 282132.92, 4157672.23 ], [ 282133.33, 4157673.06 ], [ 282129.11, 4157675.11 ], [ 282133.69, 4157684.44 ], [ 282134.44, 4157684.08 ], [ 282135.03, 4157685.26 ], [ 282141.33, 4157682.2 ], [ 282140.66, 4157680.81 ], [ 282141.58, 4157680.36 ], [ 282136.64, 4157670.43 ] ] ] } },
{ "type": "Feature", "properties": { "id": "osm:way/629154578", "name": null, "height": 3.6, "min_height": 0.0, "levels": null, "height_source": "lidar", "roof_shape": "gable", "roof_height": 1.55, "roof_azimuth": 130.3, "roof_source": "lidar", "roof_color": "roof_flat", "roof_color_source": "ortho", "lod2_roof": null, "roof_props": null, "wall_color": "cream", "wall_color_source": "assessor", "type": "house", "landmark": null, "footprint_source": "osm", "source_updated": null, "is_part": false, "parent": null, "hidden": false, "addr": "1709 Blair Street", "wikidata": null, "website": null, "zoning": "R-5", "lidar_p90": 5.45, "ground_z": 55.68 }, "geometry": { "type": "Polygon", "coordinates": [ [ [ 282118.41, 4157689.52 ], [ 282119.05, 4157690.86 ], [ 282123.39, 4157688.83 ], [ 282122.87, 4157687.74 ], [ 282128.46, 4157685.12 ], [ 282124.21, 4157676.16 ], [ 282121.03, 4157677.64 ], [ 282118.38, 4157672.05 ], [ 282113.61, 4157674.28 ], [ 282114.66, 4157676.51 ], [ 282113.04, 4157677.27 ], [ 282114.63, 4157680.64 ], [ 282112.49, 4157681.64 ], [ 282113.31, 4157683.37 ], [ 282107.34, 4157686.17 ], [ 282110.64, 4157693.15 ], [ 282118.41, 4157689.52 ] ] ] } },
{ "type": "Feature", "properties": { "id": "osm:way/629154579", "name": null, "height": 3.85, "min_height": 0.0, "levels": null, "height_source": "lidar", "roof_shape": "gable", "roof_height": 2.69, "roof_azimuth": 25.3, "roof_source": "lod2", "roof_color": "roof_flat", "roof_color_source": "ortho", "lod2_roof": { "v": [ [ 282103.79, 4157698.41, 2.2 ], [ 282101.24, 4157698.82, 1.17 ], [ 282100.35, 4157699.27, 0.76 ], [ 282094.47, 4157686.82, 0.68 ], [ 282098.8, 4157684.8, 2.66 ], [ 282100.32, 4157687.98, 2.69 ], [ 282098.89, 4157688.28, 2.1 ], [ 282103.19, 4157697.17, 2.19 ], [ 282103.46, 4157697.71, 2.2 ], [ 282103.79, 4157698.41, 1.55 ], [ 282104.53, 4157699.92, 1.5 ], [ 282102.06, 4157701.08, 0.47 ], [ 282101.28, 4157699.42, 0.53 ], [ 282100.58, 4157699.74, 0.24 ], [ 282100.35, 4157699.27, 0.26 ], [ 282101.24, 4157698.82, 0.63 ], [ 282106.05, 4157696.42, 0.5 ], [ 282107.52, 4157697.15, 0.11 ], [ 282107.71, 4157696.92, 0.01 ], [ 282108.3, 4157698.15, 0.0 ], [ 282104.53, 4157699.92, 1.56 ], [ 282103.79, 4157698.41, 1.58 ], [ 282103.46, 4157697.71, 1.58 ], [ 282100.37, 4157688.09, 1.53 ], [ 282103.76, 4157686.5, 0.04 ], [ 282104.08, 4157687.18, 0.05 ], [ 282103.16, 4157687.37, 0.41 ], [ 282107.19, 4157694.84, 0.34 ], [ 282107.5, 4157694.43, 0.16 ], [ 282108.25, 4157696.01, 0.18 ], [ 282107.46, 4157696.39, 0.53 ], [ 282107.71, 4157696.92, 0.54 ], [ 282107.52, 4157697.15, 0.65 ], [ 282106.05, 4157696.42, 1.04 ], [ 282100.32, 4157687.98, 1.53 ] ], "f": [ [ [ 0, 1, 2, 3, 4, 5, 6, 7, 8 ] ], [ [ 9, 10, 11, 12, 13, 14, 15 ] ], [ [ 16, 17, 18, 19, 20, 21, 22 ] ], [ [ 23, 24, 25, 26, 27, 28, 29, 30, 31, 32, 33, 8, 7, 6, 34 ] ], [ [ 5, 34, 6 ] ], [ [ 1, 15, 14, 2 ] ], [ [ 31, 18, 17, 32 ] ], [ [ 33, 16, 22, 8 ] ], [ [ 8, 22, 21, 0 ] ], [ [ 0, 21, 9, 15, 1 ] ], [ [ 20, 10, 9, 21 ] ], [ [ 32, 17, 16, 33 ] ] ] }, "roof_props": null, "wall_color": "brick_dark", "wall_color_source": "assessor", "type": "house", "landmark": null, "footprint_source": "osm", "source_updated": null, "is_part": false, "parent": null, "hidden": false, "addr": "1711 Blair Street", "wikidata": null, "website": null, "zoning": "R-5", "lidar_p90": 5.46, "ground_z": 56.82 }, "geometry": { "type": "Polygon", "coordinates": [ [ [ 282100.37, 4157688.09 ], [ 282098.8, 4157684.8 ], [ 282094.47, 4157686.82 ], [ 282100.58, 4157699.74 ], [ 282101.27, 4157699.41 ], [ 282102.06, 4157701.08 ], [ 282108.3, 4157698.15 ], [ 282107.46, 4157696.39 ], [ 282108.25, 4157696.01 ], [ 282103.76, 4157686.5 ], [ 282100.37, 4157688.09 ] ] ] } },
{ "type": "Feature", "properties": { "id": "osm:way/629154580", "name": null, "height": 3.72, "min_height": 0.0, "levels": null, "height_source": "lidar", "roof_shape": "gable", "roof_height": 2.25, "roof_azimuth": 24.9, "roof_source": "lod2", "roof_color": "slate", "roof_color_source": "heuristic", "lod2_roof": { "v": [ [ 282087.14, 4157690.46, 0.56 ], [ 282089.6, 4157689.41, 1.45 ], [ 282094.63, 4157699.8, 1.44 ], [ 282095.53, 4157701.65, 1.43 ], [ 282092.8, 4157702.91, 0.42 ], [ 282092.3, 4157701.84, 0.43 ], [ 282091.18, 4157702.37, 0.02 ], [ 282085.96, 4157691.17, 0.1 ], [ 282087.21, 4157690.6, 0.56 ], [ 282087.14, 4157690.46, 2.25 ], [ 282085.68, 4157687.31, 2.24 ], [ 282091.44, 4157684.65, 0.34 ], [ 282092.93, 4157687.86, 0.36 ], [ 282094.01, 4157687.36, 0.0 ], [ 282099.16, 4157698.44, 0.04 ], [ 282098.93, 4157698.54, 0.12 ] ], "f": [ [ [ 0, 1, 2, 3, 4, 5, 6, 7, 8 ] ], [ [ 1, 9, 10, 11, 12, 13, 14, 15, 2 ] ], [ [ 0, 9, 1 ] ] ] }, "roof_props": null, "wall_color": "cream", "wall_color_source": "assessor", "type": "house", "landmark": null, "footprint_source": "osm", "source_updated": null, "is_part": false, "parent": null, "hidden": false, "addr": "1715 Blair Street", "wikidata": null, "website": null, "zoning": "R-5", "lidar_p90": 4.83, "ground_z": 57.02 }, "geometry": { "type": "Polygon", "coordinates": [ [ [ 282085.68, 4157687.31 ], [ 282087.2, 4157690.6 ], [ 282085.96, 4157691.17 ], [ 282091.17, 4157702.37 ], [ 282092.3, 4157701.84 ], [ 282092.8, 4157702.91 ], [ 282096.76, 4157701.09 ], [ 282096.17, 4157699.82 ], [ 282099.16, 4157698.44 ], [ 282094.01, 4157687.36 ], [ 282092.92, 4157687.86 ], [ 282091.43, 4157684.65 ], [ 282085.68, 4157687.31 ] ] ] } },
{ "type": "Feature", "properties": { "id": "osm:way/629154581", "name": null, "height": 3.72, "min_height": 0.0, "levels": null, "height_source": "lidar", "roof_shape": "gable", "roof_height": 2.85, "roof_azimuth": 115.3, "roof_source": "lidar", "roof_color": "roof_dark", "roof_color_source": "heuristic", "lod2_roof": null, "roof_props": null, "wall_color": "cream", "wall_color_source": "assessor", "type": "detached", "landmark": null, "footprint_source": "osm", "source_updated": null, "is_part": false, "parent": null, "hidden": false, "addr": "1717 Blair Street", "wikidata": null, "website": null, "zoning": "R-5", "lidar_p90": 6.92, "ground_z": 57.64 }, "geometry": { "type": "Polygon", "coordinates": [ [ [ 282077.61, 4157699.4 ], [ 282078.42, 4157701.09 ], [ 282082.58, 4157699.13 ], [ 282081.88, 4157697.66 ], [ 282085.44, 4157695.98 ], [ 282081.94, 4157688.63 ], [ 282071.33, 4157693.64 ], [ 282074.72, 4157700.77 ], [ 282077.61, 4157699.4 ] ] ] } },
{ "type": "Feature", "properties": { "id": "osm:way/629154582", "name": null, "height": 6.36, "min_height": 0.0, "levels": null, "height_source": "lidar", "roof_shape": "gable", "roof_height": 2.31, "roof_azimuth": null, "roof_source": "lod2", "roof_color": "roof_flat", "roof_color_source": "ortho", "lod2_roof": { "v": [ [ 282066.45, 4157716.52, 0.28 ], [ 282065.69, 4157714.81, 0.55 ], [ 282065.46, 4157714.91, 0.55 ], [ 282065.09, 4157714.43, 0.64 ], [ 282070.4, 4157711.89, 0.64 ], [ 282071.53, 4157714.26, 0.26 ], [ 282065.5, 4157699.98, 0.39 ], [ 282070.2, 4157709.12, 1.16 ], [ 282062.8, 4157712.64, 1.19 ], [ 282059.59, 4157705.45, 0.6 ], [ 282060.45, 4157705.07, 0.6 ], [ 282059.39, 4157702.69, 0.4 ], [ 282070.75, 4157710.02, 2.28 ], [ 282063.22, 4157713.59, 2.31 ], [ 282070.25, 4157709.23, 1.29 ], [ 282071.58, 4157711.32, 0.64 ], [ 282065.46, 4157714.91, 0.0 ], [ 282064.08, 4157715.52, 0.05 ] ], "f": [ [ [ 0, 1, 2, 3, 4, 5 ] ], [ [ 6, 7, 8, 9, 10, 11 ] ], [ [ 12, 13, 8, 7, 14 ] ], [ [ 13, 12, 15, 4, 3, 16, 17 ] ], [ [ 2, 16, 3 ] ] ] }, "roof_props": null, "wall_color": "brick", "wall_color_source": "assessor", "type": "detached", "landmark": null, "footprint_source": "osm", "source_updated": null, "is_part": false, "parent": null, "hidden": false, "addr": "1719 Blair Street", "wikidata": null, "website": null, "zoning": "R-5", "lidar_p90": 7.23, "ground_z": 59.25 }, "geometry": { "type": "Polygon", "coordinates": [ [ [ 282065.69, 4157714.81 ], [ 282066.45, 4157716.52 ], [ 282072.16, 4157713.98 ], [ 282071.45, 4157712.39 ], [ 282072.64, 4157711.87 ], [ 282068.0, 4157701.47 ], [ 282066.6, 4157702.09 ], [ 282065.64, 4157699.92 ], [ 282059.39, 4157702.69 ], [ 282060.45, 4157705.07 ], [ 282059.59, 4157705.45 ], [ 282064.08, 4157715.52 ], [ 282065.69, 4157714.81 ] ] ] } },
{ "type": "Feature", "properties": { "id": "osm:way/629151853", "name": null, "height": 3.32, "min_height": 0.0, "levels": null, "height_source": "lidar", "roof_shape": "gable", "roof_height": 1.73, "roof_azimuth": 114.7, "roof_source": "lod2", "roof_color": "roof_flat", "roof_color_source": "ortho", "lod2_roof": { "v": [ [ 282067.81, 4157740.1, 0.0 ], [ 282068.53, 4157739.77, 0.61 ], [ 282069.36, 4157741.63, 0.65 ], [ 282068.44, 4157741.63, 0.0 ], [ 282074.77, 4157743.44, 1.38 ], [ 282076.44, 4157745.39, 0.07 ], [ 282076.5, 4157745.51, 0.0 ], [ 282068.35, 4157749.46, 0.0 ], [ 282066.98, 4157746.47, 1.73 ], [ 282074.58, 4157742.86, 1.69 ], [ 282069.34, 4157739.4, 0.0 ], [ 282070.25, 4157741.27, 0.0 ], [ 282070.18, 4157741.62, 0.15 ], [ 282073.79, 4157739.62, 0.0 ], [ 282073.84, 4157739.74, 0.07 ], [ 282073.54, 4157739.78, 0.02 ], [ 282065.59, 4157743.45, 0.0 ], [ 282069.5, 4157741.63, 0.0 ], [ 282069.36, 4157741.63, 0.0 ] ], "f": [ [ [ 0, 1, 2, 3 ] ], [ [ 4, 5, 6, 7, 8, 9 ] ], [ [ 1, 10, 11, 12, 2 ] ], [ [ 13, 14, 15, 9, 8, 16, 17, 12, 11 ] ], [ [ 2, 18, 3 ] ], [ [ 18, 2, 12, 17 ] ] ] }, "roof_props": null, "wall_color": "sand", "wall_color_source": "assessor", "type": "detached", "landmark": null, "footprint_source": "osm", "source_updated": null, "is_part": false, "parent": null, "hidden": false, "addr": "1722 Blair Street", "wikidata": null, "website": null, "zoning": "R-5", "lidar_p90": 4.72, "ground_z": 60.6 }, "geometry": { "type": "Polygon", "coordinates": [ [ [ 282076.78, 4157746.12 ], [ 282073.59, 4157739.19 ], [ 282070.85, 4157740.42 ], [ 282070.21, 4157739.01 ], [ 282067.29, 4157740.34 ], [ 282068.02, 4157741.92 ], [ 282065.42, 4157743.1 ], [ 282068.54, 4157749.87 ], [ 282076.78, 4157746.12 ] ] ] } },
{ "type": "Feature", "properties": { "id": "osm:way/629165510", "name": null, "height": 3.46, "min_height": 0.0, "levels": null, "height_source": "lidar", "roof_shape": "gable", "roof_height": 1.76, "roof_azimuth": 115.1, "roof_source": "lod2", "roof_color": "roof_flat", "roof_color_source": "ortho", "lod2_roof": { "v": [ [ 282244.3, 4157517.38, 1.76 ], [ 282232.89, 4157522.73, 1.72 ], [ 282231.31, 4157519.39, 0.17 ], [ 282243.47, 4157513.12, 0.0 ], [ 282245.27, 4157516.92, 1.76 ], [ 282246.38, 4157521.49, 0.22 ], [ 282242.15, 4157523.48, 0.2 ], [ 282241.61, 4157522.35, 0.62 ], [ 282234.33, 4157525.77, 0.6 ] ], "f": [ [ [ 0, 1, 2, 3, 4 ] ], [ [ 1, 0, 5, 6, 7, 8 ] ] ] }, "roof_props": null, "wall_color": "sand", "wall_color_source": "assessor", "type": "detached", "landmark": null, "footprint_source": "osm", "source_updated": null, "is_part": false, "parent": null, "hidden": false, "addr": "1503 Winder Street", "wikidata": null, "website": null, "zoning": "R-5", "lidar_p90": 5.14, "ground_z": 57.22 }, "geometry": { "type": "Polygon", "coordinates": [ [ [ 282241.61, 4157522.35 ], [ 282242.14, 4157523.47 ], [ 282247.25, 4157521.09 ], [ 282243.13, 4157512.39 ], [ 282230.74, 4157518.2 ], [ 282234.33, 4157525.77 ], [ 282241.61, 4157522.35 ] ] ] } },
{ "type": "Feature", "properties": { "id": "osm:way/629165422", "name": null, "height": 5.83, "min_height": 0.0, "levels": null, "height_source": "lidar", "roof_shape": "flat", "roof_height": 0.02, "roof_azimuth": null, "roof_source": "lod2", "roof_color": "roof_flat", "roof_color_source": "ortho", "lod2_roof": { "v": [ [ 282160.86, 4157504.79, 0.02 ], [ 282167.77, 4157501.52, 0.02 ], [ 282173.02, 4157512.51, 0.0 ], [ 282166.17, 4157515.75, 0.0 ] ], "f": [ [ [ 0, 1, 2, 3 ] ] ] }, "roof_props": null, "wall_color": "brick", "wall_color_source": "assessor", "type": "detached", "landmark": null, "footprint_source": "osm", "source_updated": null, "is_part": false, "parent": null, "hidden": false, "addr": "1104 South Lombardy Street", "wikidata": null, "website": null, "zoning": "R-5", "lidar_p90": 5.95, "ground_z": 53.96 }, "geometry": { "type": "Polygon", "coordinates": [ [ [ 282160.39, 4157505.01 ], [ 282165.64, 4157516.0 ], [ 282173.02, 4157512.51 ], [ 282167.77, 4157501.52 ], [ 282160.39, 4157505.01 ] ] ] } },
{ "type": "Feature", "properties": { "id": "osm:way/629165511", "name": null, "height": 3.71, "min_height": 0.0, "levels": null, "height_source": "lidar", "roof_shape": "gable", "roof_height": 1.66, "roof_azimuth": 115.4, "roof_source": "lod2", "roof_color": "roof_flat", "roof_color_source": "ortho", "lod2_roof": { "v": [ [ 282225.48, 4157526.31, 1.66 ], [ 282214.06, 4157531.62, 1.62 ], [ 282212.39, 4157528.12, 0.0 ], [ 282223.86, 4157522.69, 0.01 ], [ 282227.26, 4157530.3, 0.06 ], [ 282223.05, 4157532.29, 0.03 ], [ 282222.53, 4157531.21, 0.47 ], [ 282215.47, 4157534.57, 0.42 ] ], "f": [ [ [ 0, 1, 2, 3 ] ], [ [ 1, 0, 4, 5, 6, 7 ] ] ] }, "roof_props": null, "wall_color": "cream", "wall_color_source": "assessor", "type": "detached", "landmark": null, "footprint_source": "osm", "source_updated": null, "is_part": false, "parent": null, "hidden": false, "addr": "1505 Winder Street", "wikidata": null, "website": null, "zoning": "R-5", "lidar_p90": 5.29, "ground_z": 56.03 }, "geometry": { "type": "Polygon", "coordinates": [ [ [ 282222.53, 4157531.21 ], [ 282223.05, 4157532.29 ], [ 282228.43, 4157529.74 ], [ 282224.51, 4157521.56 ], [ 282212.07, 4157527.46 ], [ 282215.47, 4157534.57 ], [ 282222.53, 4157531.21 ] ] ] } },
{ "type": "Feature", "properties": { "id": "osm:way/629165512", "name": null, "height": 4.13, "min_height": 0.0, "levels": null, "height_source": "lidar", "roof_shape": "gable", "roof_height": 4.3, "roof_azimuth": 10.9, "roof_source": "lod2", "roof_color": "roof_flat", "roof_color_source": "ortho", "lod2_roof": { "v": [ [ 282181.86, 4157531.31, 0.86 ], [ 282182.01, 4157531.25, 0.97 ], [ 282184.06, 4157535.51, 0.99 ], [ 282182.69, 4157536.27, 0.0 ], [ 282182.34, 4157535.52, 0.0 ], [ 282182.64, 4157535.37, 0.21 ], [ 282180.81, 4157531.62, 0.18 ], [ 282188.02, 4157541.24, 4.3 ], [ 282186.85, 4157538.76, 4.3 ], [ 282188.53, 4157533.19, 2.35 ], [ 282193.17, 4157542.72, 2.29 ], [ 282192.52, 4157543.04, 2.65 ], [ 282186.74, 4157545.82, 2.74 ], [ 282185.38, 4157534.78, 0.0 ], [ 282183.36, 4157530.65, 0.0 ], [ 282186.61, 4157545.89, 2.67 ], [ 282182.16, 4157536.74, 2.63 ], [ 282184.06, 4157535.51, 2.48 ], [ 282188.47, 4157533.06, 2.28 ], [ 282182.09, 4157536.6, 2.56 ], [ 282182.09, 4157536.6, 0.0 ], [ 282188.47, 4157533.06, 0.0 ] ], "f": [ [ [ 0, 1, 2, 3, 4, 5, 6 ] ], [ [ 7, 8, 9, 10, 11 ] ], [ [ 11, 12, 7 ] ], [ [ 13, 2, 1, 14 ] ], [ [ 12, 15, 16, 8, 7 ] ], [ [ 17, 18, 9, 8, 16, 19 ] ], [ [ 19, 20, 3, 2, 17 ] ], [ [ 17, 2, 13, 21, 18 ] ] ] }, "roof_props": null, "wall_color": "cream", "wall_color_source": "assessor", "type": "detached", "landmark": null, "footprint_source": "osm", "source_updated": null, "is_part": false, "parent": null, "hidden": false, "addr": "1601 Winder Street", "wikidata": null, "website": null, "zoning": "R-5", "lidar_p90": 7.89, "ground_z": 54.1 }, "geometry": { "type": "Polygon", "coordinates": [ [ [ 282182.64, 4157535.37 ], [ 282181.71, 4157535.82 ], [ 282186.61, 4157545.89 ], [ 282193.89, 4157542.37 ], [ 282188.93, 4157532.18 ], [ 282186.61, 4157533.29 ], [ 282184.34, 4157528.64 ], [ 282180.31, 4157530.59 ], [ 282182.64, 4157535.37 ] ] ] } },
{ "type": "Feature", "properties": { "id": "osm:way/629165514", "name": null, "height": 3.48, "min_height": 0.0, "levels": null, "height_source": "lidar", "roof_shape": "gable", "roof_height": 2.93, "roof_azimuth": 113.8, "roof_source": "lod2", "roof_color": "roof_flat", "roof_color_source": "ortho", "lod2_roof": { "v": [ [ 282176.12, 4157549.36, 1.01 ], [ 282174.53, 4157550.05, 2.31 ], [ 282173.87, 4157548.48, 2.32 ], [ 282174.69, 4157548.16, 1.65 ], [ 282175.49, 4157548.46, 1.19 ], [ 282171.05, 4157548.12, 2.87 ], [ 282168.81, 4157543.05, 0.05 ], [ 282169.4, 4157542.73, 0.0 ], [ 282172.27, 4157541.66, 0.0 ], [ 282173.0, 4157543.66, 1.08 ], [ 282174.66, 4157546.32, 2.64 ], [ 282174.78, 4157546.51, 2.75 ], [ 282179.0, 4157544.68, 2.93 ], [ 282174.78, 4157546.51, 2.8 ], [ 282173.0, 4157543.66, 0.33 ], [ 282172.85, 4157543.24, 0.0 ], [ 282176.95, 4157541.29, 0.0 ], [ 282177.89, 4157542.29, 0.97 ], [ 282177.82, 4157542.33, 0.98 ], [ 282172.53, 4157550.93, 0.48 ], [ 282173.23, 4157548.73, 1.75 ], [ 282172.32, 4157551.01, 0.48 ], [ 282179.0, 4157544.68, 2.61 ], [ 282180.4, 4157547.49, 0.24 ], [ 282176.12, 4157549.36, 0.37 ], [ 282173.87, 4157548.48, 1.71 ] ], "f": [ [ [ 0, 1, 2, 3, 4 ] ], [ [ 5, 6, 7, 8, 9, 10, 11 ] ], [ [ 12, 13, 10, 14, 15, 16, 17, 18 ] ], [ [ 1, 19, 20, 2 ] ], [ [ 19, 21, 5, 11, 22, 23, 24, 4, 3, 25, 20 ] ], [ [ 9, 14, 10 ] ], [ [ 15, 14, 9, 8 ] ], [ [ 2, 25, 3 ] ], [ [ 25, 2, 20 ] ], [ [ 24, 0, 4 ] ], [ [ 12, 22, 11, 13 ] ] ] }, "roof_props": null, "wall_color": "brick", "wall_color_source": "assessor", "type": "detached", "landmark": null, "footprint_source": "osm", "source_updated": null, "is_part": false, "parent": null, "hidden": false, "addr": "1613 Winder Street", "wikidata": null, "website": null, "zoning": "R-5", "lidar_p90": 6.07, "ground_z": 53.74 }, "geometry": { "type": "Polygon", "coordinates": [ [ [ 282173.28, 4157541.55 ], [ 282172.48, 4157539.74 ], [ 282168.17, 4157541.62 ], [ 282172.32, 4157551.01 ], [ 282181.36, 4157547.07 ], [ 282178.01, 4157539.48 ], [ 282173.28, 4157541.55 ] ] ] } },
{ "type": "Feature", "properties": { "id": "osm:way/629165516", "name": null, "height": 3.54, "min_height": 0.0, "levels": null, "height_source": "lidar", "roof_shape": "hip", "roof_height": 1.85, "roof_azimuth": 24.5, "roof_source": "lidar", "roof_color": "roof_red", "roof_color_source": "heuristic", "lod2_roof": null, "roof_props": null, "wall_color": "brick_dark", "wall_color_source": "assessor", "type": "detached", "landmark": null, "footprint_source": "osm", "source_updated": null, "is_part": false, "parent": null, "hidden": false, "addr": "1615 Winder Street", "wikidata": null, "website": null, "zoning": "R-5", "lidar_p90": 6.14, "ground_z": 53.7 }, "geometry": { "type": "Polygon", "coordinates": [ [ [ 282156.9, 4157555.18 ], [ 282156.26, 4157553.79 ], [ 282148.67, 4157557.24 ], [ 282152.4, 4157565.37 ], [ 282164.53, 4157559.86 ], [ 282161.45, 4157553.12 ], [ 282156.9, 4157555.18 ] ] ] } },
{ "type": "Feature", "properties": { "id": "richmond_structure:264364", "name": null, "height": 3.57, "min_height": 0.0, "levels": null, "height_source": "lidar", "roof_shape": "skillion", "roof_height": 1.7, "roof_azimuth": 77.6, "roof_source": "lod2", "roof_color": "roof_flat", "roof_color_source": "ortho", "lod2_roof": { "v": [ [ 282141.72, 4157562.12, 0.07 ], [ 282146.16, 4157560.1, 0.0 ], [ 282151.6, 4157572.1, 1.63 ], [ 282147.15, 4157574.11, 1.7 ] ], "f": [ [ [ 0, 1, 2, 3 ] ] ] }, "roof_props": null, "wall_color": "brick", "wall_color_source": "assessor", "type": "yes", "landmark": null, "footprint_source": "richmond_structures", "source_updated": "2026-09-08T12:07:13.637000Z", "is_part": false, "parent": null, "hidden": false, "addr": "1617 Winder St", "wikidata": null, "website": null, "zoning": "R-5", "lidar_p90": 4.78, "ground_z": 53.52 }, "geometry": { "type": "Polygon", "coordinates": [ [ [ 282146.16, 4157560.1 ], [ 282141.72, 4157562.11 ], [ 282147.15, 4157574.11 ], [ 282151.6, 4157572.1 ], [ 282146.16, 4157560.1 ] ] ] } },
{ "type": "Feature", "properties": { "id": "osm:way/629154509", "name": null, "height": 4.28, "min_height": 0.0, "levels": null, "height_source": "lidar", "roof_shape": "gable", "roof_height": 3.14, "roof_azimuth": 113.9, "roof_source": "lod2", "roof_color": "roof_flat", "roof_color_source": "ortho", "lod2_roof": { "v": [ [ 282224.74, 4157562.73, 1.48 ], [ 282230.53, 4157560.16, 1.57 ], [ 282232.17, 4157563.54, 3.14 ], [ 282226.34, 4157566.31, 3.12 ], [ 282232.28, 4157563.78, 1.71 ], [ 282232.17, 4157563.54, 1.59 ], [ 282230.53, 4157560.16, 0.0 ], [ 282235.78, 4157557.83, 0.12 ], [ 282237.32, 4157561.29, 1.72 ], [ 282234.36, 4157568.09, 1.06 ], [ 282228.33, 4157570.77, 1.12 ], [ 282232.28, 4157563.78, 3.03 ], [ 282234.08, 4157567.51, 1.33 ], [ 282238.95, 4157564.94, 0.12 ], [ 282234.08, 4157567.51, 0.05 ] ], "f": [ [ [ 0, 1, 2, 3 ] ], [ [ 4, 5, 6, 7, 8 ] ], [ [ 9, 10, 3, 2, 11, 12 ] ], [ [ 8, 13, 14, 4 ] ], [ [ 1, 6, 5, 2 ] ], [ [ 2, 5, 4, 11 ] ], [ [ 11, 4, 14, 12 ] ] ] }, "roof_props": null, "wall_color": "sand", "wall_color_source": "assessor", "type": "detached", "landmark": null, "footprint_source": "osm", "source_updated": null, "is_part": false, "parent": null, "hidden": false, "addr": "1506 Winder Street", "wikidata": null, "website": null, "zoning": "R-5", "lidar_p90": 6.97, "ground_z": 54.93 }, "geometry": { "type": "Polygon", "coordinates": [ [ [ 282239.37, 4157565.87 ], [ 282235.78, 4157557.83 ], [ 282224.74, 4157562.73 ], [ 282228.33, 4157570.77 ], [ 282239.37, 4157565.87 ] ] ] } },
{ "type": "Feature", "properties": { "id": "osm:way/629154512", "name": null, "height": 3.43, "min_height": 0.0, "levels": null, "height_source": "lidar", "roof_shape": "gable", "roof_height": 1.8, "roof_azimuth": 115.5, "roof_source": "lod2", "roof_color": "roof_flat", "roof_color_source": "ortho", "lod2_roof": { "v": [ [ 282206.73, 4157575.46, 1.8 ], [ 282194.49, 4157581.09, 1.75 ], [ 282192.9, 4157577.77, 0.41 ], [ 282200.03, 4157574.4, 0.4 ], [ 282199.6, 4157573.49, 0.03 ], [ 282204.65, 4157571.09, 0.02 ], [ 282196.2, 4157584.66, 0.15 ], [ 282208.65, 4157579.46, 0.0 ], [ 282208.28, 4157579.62, 0.0 ], [ 282208.15, 4157579.33, 0.13 ] ], "f": [ [ [ 0, 1, 2, 3, 4, 5 ] ], [ [ 6, 1, 0, 7, 8, 9 ] ] ] }, "roof_props": null, "wall_color": "cream", "wall_color_source": "assessor", "type": "detached", "landmark": null, "footprint_source": "osm", "source_updated": null, "is_part": false, "parent": null, "hidden": false, "addr": "1600 Winder Street", "wikidata": null, "website": null, "zoning": "R-5", "lidar_p90": 4.85, "ground_z": 54.24 }, "geometry": { "type": "Polygon", "coordinates": [ [ [ 282208.71, 4157579.59 ], [ 282204.65, 4157571.09 ], [ 282199.6, 4157573.48 ], [ 282200.03, 4157574.4 ], [ 282192.9, 4157577.77 ], [ 282196.53, 4157585.36 ], [ 282208.71, 4157579.59 ] ] ] } },
{ "type": "Feature", "properties": { "id": "osm:way/629154513", "name": null, "height": 4.0, "min_height": 0.0, "levels": null, "height_source": "lidar", "roof_shape": "gable", "roof_height": 3.35, "roof_azimuth": 111.8, "roof_source": "lod2", "roof_color": "roof_dark", "roof_color_source": "heuristic", "lod2_roof": { "v": [ [ 282182.97, 4157590.65, 0.0 ], [ 282181.96, 4157587.93, 2.98 ], [ 282181.87, 4157587.69, 3.24 ], [ 282186.73, 4157585.5, 3.16 ], [ 282187.87, 4157588.35, 0.0 ], [ 282179.92, 4157588.57, 3.28 ], [ 282176.09, 4157590.29, 3.35 ], [ 282174.31, 4157587.44, 0.0 ], [ 282185.55, 4157582.6, 0.0 ], [ 282181.11, 4157592.15, 1.86 ], [ 282179.68, 4157590.95, 2.43 ], [ 282180.38, 4157590.12, 2.56 ], [ 282180.0, 4157588.83, 3.0 ], [ 282179.92, 4157588.57, 3.09 ], [ 282181.87, 4157587.69, 3.06 ], [ 282183.18, 4157591.23, 1.83 ], [ 282177.24, 4157593.34, 0.0 ], [ 282176.52, 4157591.0, 2.49 ], [ 282180.38, 4157590.12, 1.63 ], [ 282179.68, 4157590.95, 1.16 ], [ 282180.63, 4157591.75, 0.0 ], [ 282183.18, 4157591.23, 0.0 ], [ 282181.11, 4157592.15, 0.0 ] ], "f": [ [ [ 0, 1, 2, 3, 4 ] ], [ [ 2, 5, 6, 7, 8, 3 ] ], [ [ 9, 10, 11, 12, 13, 14, 1, 15 ] ], [ [ 16, 17, 6, 5, 12, 18, 19, 20 ] ], [ [ 21, 15, 1, 0 ] ], [ [ 14, 2, 1 ] ], [ [ 15, 21, 22, 9 ] ], [ [ 11, 18, 12 ] ], [ [ 5, 13, 12 ] ], [ [ 10, 19, 18, 11 ] ], [ [ 2, 14, 13, 5 ] ], [ [ 9, 22, 20, 19, 10 ] ] ] }, "roof_props": null, "wall_color": "sand", "wall_color_source": "assessor", "type": "detached", "landmark": null, "footprint_source": "osm", "source_updated": null, "is_part": false, "parent": null, "hidden": false, "addr": "1608 Winder Street", "wikidata": null, "website": null, "zoning": "R-5", "lidar_p90": 7.04, "ground_z": 53.89 }, "geometry": { "type": "Polygon", "coordinates": [ [ [ 282188.48, 4157589.87 ], [ 282185.4, 4157582.22 ], [ 282173.95, 4157586.79 ], [ 282177.03, 4157594.43 ], [ 282188.48, 4157589.87 ] ] ] } },
{ "type": "Feature", "properties": { "id": "osm:way/629154511", "name": null, "height": 3.04, "min_height": 0.0, "levels": null, "height_source": "lidar", "roof_shape": "flat", "roof_height": 0.09, "roof_azimuth": null, "roof_source": "lod2", "roof_color": "roof_flat", "roof_color_source": "heuristic", "lod2_roof": { "v": [ [ 282201.79, 4157594.65, 0.09 ], [ 282203.96, 4157599.54, 0.04 ], [ 282201.84, 4157600.37, 0.0 ], [ 282199.91, 4157595.38, 0.05 ], [ 282201.86, 4157594.62, 0.0 ], [ 282203.99, 4157599.53, 0.0 ] ], "f": [ [ [ 0, 1, 2, 3 ] ], [ [ 1, 0, 4, 5 ] ] ] }, "roof_props": null, "wall_color": "cream", "wall_color_source": "assessor", "type": "yes", "landmark": null, "footprint_source": "osm", "source_updated": null, "is_part": false, "parent": null, "hidden": false, "addr": null, "wikidata": null, "website": null, "zoning": "R-5", "lidar_p90": 3.05, "ground_z": 54.01 }, "geometry": { "type": "Polygon", "coordinates": [ [ [ 282199.91, 4157595.37 ], [ 282201.84, 4157600.37 ], [ 282204.84, 4157599.2 ], [ 282202.91, 4157594.22 ], [ 282199.91, 4157595.37 ] ] ] } },
{ "type": "Feature", "properties": { "id": "osm:way/629154514", "name": null, "height": 6.14, "min_height": 0.0, "levels": null, "height_source": "lidar", "roof_shape": "gable", "roof_height": 1.77, "roof_azimuth": 130.4, "roof_source": "lod2", "roof_color": "slate", "roof_color_source": "heuristic", "lod2_roof": { "v": [ [ 282160.56, 4157602.86, 1.77 ], [ 282161.01, 4157602.65, 1.77 ], [ 282169.26, 4157598.76, 1.76 ], [ 282170.56, 4157601.86, 0.33 ], [ 282168.02, 4157603.2, 0.27 ], [ 282168.09, 4157603.87, 0.0 ], [ 282163.09, 4157606.22, 0.0 ], [ 282159.7, 4157599.86, 0.49 ], [ 282168.06, 4157595.89, 0.47 ], [ 282168.56, 4157597.09, 1.01 ], [ 282168.56, 4157597.09, 0.0 ], [ 282169.26, 4157598.76, 0.0 ], [ 282170.56, 4157601.86, 0.0 ], [ 282168.02, 4157603.2, 0.0 ], [ 282168.06, 4157595.89, 0.0 ] ], "f": [ [ [ 0, 1, 2, 3, 4, 5, 6 ] ], [ [ 1, 7, 8, 9, 2 ] ], [ [ 9, 10, 11, 2 ] ], [ [ 3, 12, 13, 4 ] ], [ [ 4, 13, 5 ] ], [ [ 8, 14, 10, 9 ] ] ] }, "roof_props": null, "wall_color": "brick_dark", "wall_color_source": "assessor", "type": "detached", "landmark": null, "footprint_source": "osm", "source_updated": null, "is_part": false, "parent": null, "hidden": false, "addr": "1610 Winder Street", "wikidata": null, "website": null, "zoning": "R-5", "lidar_p90": 7.8, "ground_z": 53.88 }, "geometry": { "type": "Polygon", "coordinates": [ [ [ 282171.28, 4157602.91 ], [ 282169.73, 4157599.7 ], [ 282172.01, 4157598.62 ], [ 282170.23, 4157594.87 ], [ 282158.94, 4157600.21 ], [ 282162.27, 4157607.18 ], [ 282171.28, 4157602.91 ] ] ] } },
{ "type": "Feature", "properties": { "id": "osm:way/629154515", "name": null, "height": 5.28, "min_height": 0.0, "levels": null, "height_source": "lidar", "roof_shape": "flat", "roof_height": 0.39, "roof_azimuth": null, "roof_source": "lod2", "roof_color": "roof_flat", "roof_color_source": "heuristic", "lod2_roof": { "v": [ [ 282150.59, 4157596.91, 0.39 ], [ 282150.63, 4157596.99, 0.39 ], [ 282152.69, 4157595.96, 0.39 ], [ 282156.09, 4157602.74, 0.34 ], [ 282145.4, 4157607.94, 0.35 ], [ 282142.76, 4157600.88, 0.39 ], [ 282145.41, 4157599.56, 0.39 ], [ 282145.25, 4157599.23, 0.39 ], [ 282147.66, 4157598.18, 0.39 ], [ 282156.09, 4157602.74, 0.0 ], [ 282145.4, 4157607.94, 0.0 ], [ 282147.66, 4157598.18, 0.0 ], [ 282150.59, 4157596.91, 0.0 ], [ 282145.25, 4157599.23, 0.0 ] ], "f": [ [ [ 0, 1, 2, 3, 4, 5, 6, 7, 8 ] ], [ [ 3, 9, 10, 4 ] ], [ [ 8, 11, 12, 0 ] ], [ [ 7, 13, 11, 8 ] ] ] }, "roof_props": null, "wall_color": "cream", "wall_color_source": "assessor", "type": "detached", "landmark": null, "footprint_source": "osm", "source_updated": null, "is_part": false, "parent": null, "hidden": false, "addr": "1612 Winder St", "wikidata": null, "website": null, "zoning": "R-5", "lidar_p90": 5.34, "ground_z": 54.06 }, "geometry": { "type": "Polygon", "coordinates": [ [ [ 282156.47, 4157603.5 ], [ 282152.68, 4157595.96 ], [ 282150.62, 4157596.99 ], [ 282149.93, 4157595.62 ], [ 282144.73, 4157598.21 ], [ 282145.41, 4157599.56 ], [ 282141.9, 4157601.31 ], [ 282145.7, 4157608.87 ], [ 282156.47, 4157603.5 ] ] ] } },
{ "type": "Feature", "properties": { "id": "osm:way/629154566", "name": null, "height": 3.4, "min_height": 0.0, "levels": null, "height_source": "lidar", "roof_shape": "gable", "roof_height": 1.56, "roof_azimuth": 114.9, "roof_source": "lod2", "roof_color": "slate", "roof_color_source": "ortho", "lod2_roof": { "v": [ [ 282230.72, 4157625.72, 0.15 ], [ 282232.14, 4157628.75, 1.55 ], [ 282219.8, 4157634.67, 1.56 ], [ 282218.3, 4157631.47, 0.08 ], [ 282233.75, 4157632.21, 0.0 ], [ 282221.42, 4157638.13, 0.0 ] ], "f": [ [ [ 0, 1, 2, 3 ] ], [ [ 1, 4, 5, 2 ] ] ] }, "roof_props": null, "wall_color": "sand", "wall_color_source": "assessor", "type": "detached", "landmark": null, "footprint_source": "osm", "source_updated": null, "is_part": false, "parent": null, "hidden": false, "addr": "1601 Blair Street", "wikidata": null, "website": null, "zoning": "R-5", "lidar_p90": 4.71, "ground_z": 54.58 }, "geometry": { "type": "Polygon", "coordinates": [ [ [ 282218.3, 4157631.47 ], [ 282221.77, 4157638.88 ], [ 282234.18, 4157633.12 ], [ 282230.72, 4157625.72 ], [ 282218.3, 4157631.47 ] ] ] } },
{ "type": "Feature", "properties": { "id": "osm:way/629154573", "name": null, "height": 3.86, "min_height": 0.0, "levels": null, "height_source": "lidar", "roof_shape": "gable", "roof_height": 2.73, "roof_azimuth": 24.6, "roof_source": "lod2", "roof_color": "roof_red", "roof_color_source": "heuristic", "lod2_roof": { "v": [ [ 282164.91, 4157635.77, 0.0 ], [ 282168.5, 4157634.12, 2.73 ], [ 282172.24, 4157642.25, 2.67 ], [ 282172.46, 4157642.73, 2.67 ], [ 282168.95, 4157644.35, 0.0 ], [ 282169.44, 4157633.69, 2.18 ], [ 282173.22, 4157641.85, 2.11 ], [ 282173.22, 4157641.85, 1.82 ], [ 282169.44, 4157633.69, 1.74 ], [ 282172.51, 4157632.28, 0.46 ], [ 282174.8, 4157637.23, 0.5 ], [ 282175.99, 4157636.68, 0.0 ], [ 282177.77, 4157640.3, 0.0 ], [ 282173.42, 4157642.29, 1.82 ] ], "f": [ [ [ 0, 1, 2, 3, 4 ] ], [ [ 5, 6, 2, 1 ] ], [ [ 7, 8, 9, 10, 11, 12, 13 ] ], [ [ 5, 8, 7, 6 ] ] ] }, "roof_props": null, "wall_color": "brick", "wall_color_source": "assessor", "type": "detached", "landmark": null, "footprint_source": "osm", "source_updated": null, "is_part": false, "parent": null, "hidden": false, "addr": "903 Sumpter Street", "wikidata": null, "website": null, "zoning": "R-5", "lidar_p90": 6.42, "ground_z": 53.95 }, "geometry": { "type": "Polygon", "coordinates": [ [ [ 282164.01, 4157636.18 ], [ 282167.98, 4157644.78 ], [ 282178.7, 4157639.87 ], [ 282177.01, 4157636.21 ], [ 282174.8, 4157637.23 ], [ 282172.51, 4157632.28 ], [ 282164.01, 4157636.18 ] ] ] } },
{ "type": "Feature", "properties": { "id": "osm:way/629154568", "name": null, "height": 3.73, "min_height": 0.0, "levels": null, "height_source": "lidar", "roof_shape": "hip", "roof_height": 1.89, "roof_azimuth": 113.4, "roof_source": "lidar", "roof_color": "slate", "roof_color_source": "heuristic", "lod2_roof": null, "roof_props": null, "wall_color": "brick_dark", "wall_color_source": "assessor", "type": "detached", "landmark": null, "footprint_source": "osm", "source_updated": null, "is_part": false, "parent": null, "hidden": false, "addr": "1607 Blair Street", "wikidata": null, "website": null, "zoning": "R-5", "lidar_p90": 5.75, "ground_z": 54.24 }, "geometry": { "type": "Polygon", "coordinates": [ [ [ 282194.84, 4157642.34 ], [ 282196.35, 4157645.78 ], [ 282194.09, 4157646.76 ], [ 282195.34, 4157649.64 ], [ 282197.38, 4157648.77 ], [ 282197.98, 4157650.15 ], [ 282207.09, 4157646.2 ], [ 282203.73, 4157638.49 ], [ 282194.84, 4157642.34 ] ] ] } },
{ "type": "Feature", "properties": { "id": "osm:way/629154570", "name": null, "height": 3.88, "min_height": 0.0, "levels": null, "height_source": "lidar", "roof_shape": "gable", "roof_height": 2.97, "roof_azimuth": 22.3, "roof_source": "lod2", "roof_color": "slate", "roof_color_source": "heuristic", "lod2_roof": { "v": [ [ 282183.05, 4157654.39, 0.48 ], [ 282184.2, 4157653.93, 0.0 ], [ 282185.54, 4157656.58, 0.0 ], [ 282182.56, 4157658.26, 1.33 ], [ 282181.51, 4157655.59, 1.23 ], [ 282183.17, 4157654.58, 0.47 ], [ 282175.1, 4157658.78, 1.59 ], [ 282176.94, 4157658.07, 1.91 ], [ 282176.26, 4157659.87, 0.9 ], [ 282176.62, 4157660.12, 0.74 ], [ 282175.44, 4157660.37, 0.66 ], [ 282180.23, 4157659.37, 2.97 ], [ 282176.72, 4157651.71, 2.95 ], [ 282180.85, 4157650.03, 0.13 ], [ 282182.69, 4157654.54, 0.27 ], [ 282183.05, 4157654.39, 0.03 ], [ 282183.17, 4157654.58, 0.01 ], [ 282180.81, 4157659.25, 2.6 ], [ 282174.41, 4157659.05, 1.48 ], [ 282173.5, 4157656.8, 0.0 ], [ 282173.62, 4157656.72, 0.0 ], [ 282175.38, 4157656.78, 0.67 ], [ 282177.09, 4157657.33, 1.58 ], [ 282177.19, 4157657.43, 1.67 ], [ 282180.3, 4157659.54, 2.97 ], [ 282177.8, 4157660.95, 1.0 ], [ 282176.62, 4157660.12, 0.5 ], [ 282176.26, 4157659.87, 0.35 ], [ 282176.94, 4157658.07, 1.28 ], [ 282177.19, 4157657.43, 1.62 ], [ 282174.29, 4157656.74, 0.0 ], [ 282172.73, 4157653.33, 0.0 ] ], "f": [ [ [ 0, 1, 2, 3, 4, 5 ] ], [ [ 6, 7, 8, 9, 10 ] ], [ [ 11, 12, 13, 14, 15, 16, 4, 3, 17 ] ], [ [ 7, 6, 18, 19, 20, 21, 22, 23 ] ], [ [ 12, 11, 24, 25, 26, 27, 28, 29, 22, 21, 30, 31 ] ], [ [ 30, 21, 20 ] ], [ [ 23, 29, 28, 7 ] ], [ [ 7, 28, 27, 8 ] ], [ [ 8, 27, 26, 9 ] ], [ [ 16, 5, 4 ] ], [ [ 5, 16, 15, 0 ] ] ] }, "roof_props": null, "wall_color": "brick", "wall_color_source": "assessor", "type": "detached", "landmark": null, "footprint_source": "osm", "source_updated": null, "is_part": false, "parent": null, "hidden": false, "addr": "901 Sumpter Street", "wikidata": null, "website": null, "zoning": "R-5", "lidar_p90": 6.33, "ground_z": 54.34 }, "geometry": { "type": "Polygon", "coordinates": [ [ [ 282172.16, 4157653.56 ], [ 282176.42, 4157663.94 ], [ 282181.17, 4157662.02 ], [ 282181.59, 4157663.06 ], [ 282187.89, 4157660.51 ], [ 282185.06, 4157653.59 ], [ 282182.69, 4157654.54 ], [ 282180.85, 4157650.03 ], [ 282172.16, 4157653.56 ] ] ] } },
{ "type": "Feature", "properties": { "id": "osm:way/629154577", "name": null, "height": 4.48, "min_height": 0.0, "levels": null, "height_source": "lidar", "roof_shape": "gable", "roof_height": 1.32, "roof_azimuth": null, "roof_source": "lod2", "roof_color": "roof_flat", "roof_color_source": "ortho", "lod2_roof": { "v": [ [ 282145.17, 4157668.68, 0.0 ], [ 282144.48, 4157668.93, 0.25 ], [ 282144.04, 4157669.45, 0.47 ], [ 282141.91, 4157665.04, 0.47 ], [ 282143.16, 4157664.48, 0.0 ], [ 282154.12, 4157668.81, 1.28 ], [ 282142.68, 4157674.09, 1.32 ], [ 282141.3, 4157671.03, 0.0 ], [ 282143.21, 4157670.18, 0.0 ], [ 282143.42, 4157670.19, 0.04 ], [ 282143.57, 4157670.0, 0.0 ], [ 282152.48, 4157665.97, 0.0 ], [ 282153.89, 4157668.03, 0.97 ], [ 282143.42, 4157670.19, 0.2 ], [ 282142.66, 4157670.14, 0.0 ], [ 282140.48, 4157665.68, 0.0 ], [ 282155.04, 4157671.88, 0.0 ], [ 282144.02, 4157677.05, 0.0 ], [ 282144.04, 4157669.45, 0.0 ], [ 282144.48, 4157668.93, 0.0 ] ], "f": [ [ [ 0, 1, 2, 3, 4 ] ], [ [ 5, 6, 7, 8, 9, 10, 11, 12 ] ], [ [ 13, 14, 15, 3, 2 ] ], [ [ 6, 5, 16, 17 ] ], [ [ 2, 18, 10, 9, 13 ] ], [ [ 1, 19, 18, 2 ] ], [ [ 19, 1, 0 ] ], [ [ 13, 9, 8, 14 ] ] ] }, "roof_props": null, "wall_color": "brick", "wall_color_source": "assessor", "type": "house", "landmark": null, "footprint_source": "osm", "source_updated": null, "is_part": false, "parent": null, "hidden": false, "addr": "1701 Blair Street", "wikidata": null, "website": null, "zoning": "R-5", "lidar_p90": 5.24, "ground_z": 54.62 }, "geometry": { "type": "Polygon", "coordinates": [ [ [ 282147.79, 4157676.87 ], [ 282148.18, 4157677.74 ], [ 282151.18, 4157676.4 ], [ 282150.77, 4157675.47 ], [ 282156.6, 4157672.86 ], [ 282152.91, 4157664.69 ], [ 282149.44, 4157666.25 ], [ 282148.89, 4157665.05 ], [ 282147.04, 4157665.88 ], [ 282145.86, 4157663.27 ], [ 282139.15, 4157666.27 ], [ 282144.44, 4157677.97 ], [ 282147.79, 4157676.87 ] ] ] } },
{ "type": "Feature", "properties": { "id": "osm:way/629151844", "name": null, "height": 3.84, "min_height": 0.0, "levels": null, "height_source": "lidar", "roof_shape": "gable", "roof_height": 1.19, "roof_azimuth": null, "roof_source": "lod2", "roof_color": "roof_flat", "roof_color_source": "ortho", "lod2_roof": { "v": [ [ 282244.47, 4157665.14, 0.0 ], [ 282244.92, 4157664.58, 0.42 ], [ 282247.77, 4157670.37, 0.41 ], [ 282247.2, 4157670.64, 0.0 ], [ 282248.77, 4157657.0, 0.0 ], [ 282249.76, 4157659.06, 1.16 ], [ 282241.83, 4157663.02, 1.19 ], [ 282240.81, 4157660.9, 0.0 ], [ 282244.02, 4157656.57, 0.0 ], [ 282244.17, 4157656.5, 0.11 ], [ 282244.67, 4157657.75, 0.16 ], [ 282244.45, 4157657.87, 0.0 ], [ 282246.74, 4157663.57, 0.0 ], [ 282245.73, 4157663.6, 0.19 ], [ 282245.06, 4157664.41, 0.0 ], [ 282243.01, 4157665.47, 0.0 ], [ 282250.9, 4157661.45, 0.0 ], [ 282244.85, 4157657.66, 0.0 ], [ 282244.3, 4157656.44, 0.0 ], [ 282249.56, 4157669.52, 0.0 ], [ 282244.92, 4157664.58, 0.0 ], [ 282244.67, 4157657.75, 0.0 ] ], "f": [ [ [ 0, 1, 2, 3 ] ], [ [ 4, 5, 6, 7 ] ], [ [ 8, 9, 10, 11 ] ], [ [ 12, 13, 14, 15, 6, 5, 16 ] ], [ [ 17, 10, 9, 18 ] ], [ [ 13, 12, 19, 2, 1 ] ], [ [ 1, 20, 14, 13 ] ], [ [ 10, 21, 11 ] ], [ [ 20, 1, 0 ] ], [ [ 21, 10, 17 ] ] ] }, "roof_props": null, "wall_color": "brick", "wall_color_source": "assessor", "type": "detached", "landmark": null, "footprint_source": "osm", "source_updated": null, "is_part": false, "parent": null, "hidden": false, "addr": "1600 Blair Street", "wikidata": null, "website": null, "zoning": "R-5", "lidar_p90": 4.65, "ground_z": 55.13 }, "geometry": { "type": "Polygon", "coordinates": [ [ [ 282252.58, 4157668.08 ], [ 282250.95, 4157664.69 ], [ 282252.18, 4157664.11 ], [ 282248.35, 4157656.11 ], [ 282245.78, 4157657.33 ], [ 282245.15, 4157656.03 ], [ 282242.65, 4157657.22 ], [ 282243.26, 4157658.48 ], [ 282240.32, 4157659.88 ], [ 282245.8, 4157671.3 ], [ 282252.58, 4157668.08 ] ] ] } },
{ "type": "Feature", "properties": { "id": "osm:way/629151845", "name": null, "height": 3.91, "min_height": 0.0, "levels": null, "height_source": "lidar", "roof_shape": "gable", "roof_height": 1.95, "roof_azimuth": null, "roof_source": "heuristic", "roof_color": "roof_flat", "roof_color_source": "ortho", "lod2_roof": null, "roof_props": null, "wall_color": "brick_dark", "wall_color_source": "assessor", "type": "detached", "landmark": null, "footprint_source": "osm", "source_updated": null, "is_part": false, "parent": null, "hidden": false, "addr": "1602 Blair Street", "wikidata": null, "website": null, "zoning": "R-5", "lidar_p90": 4.7, "ground_z": 55.02 }, "geometry": { "type": "Polygon", "coordinates": [ [ [ 282242.04, 4157673.71 ], [ 282240.24, 4157669.93 ], [ 282241.47, 4157669.35 ], [ 282236.81, 4157659.55 ], [ 282228.52, 4157663.45 ], [ 282234.97, 4157677.04 ], [ 282242.04, 4157673.71 ] ] ] } },
{ "type": "Feature", "properties": { "id": "osm:way/629151846", "name": null, "height": 2.79, "min_height": 0.0, "levels": null, "height_source": "lidar", "roof_shape": "gable", "roof_height": 2.11, "roof_azimuth": 114.3, "roof_source": "lod2", "roof_color": "roof_flat", "roof_color_source": "ortho", "lod2_roof": { "v": [ [ 282228.47, 4157670.66, 1.28 ], [ 282230.97, 4157676.19, 0.0 ], [ 282227.04, 4157677.65, 0.0 ], [ 282226.92, 4157677.38, 0.06 ], [ 282225.35, 4157673.2, 1.01 ], [ 282225.34, 4157673.16, 1.02 ], [ 282225.6, 4157672.12, 1.2 ], [ 282222.65, 4157668.23, 0.99 ], [ 282221.56, 4157668.62, 0.19 ], [ 282221.3, 4157668.71, 0.0 ], [ 282220.75, 4157667.39, 0.0 ], [ 282222.04, 4157666.81, 0.98 ], [ 282227.99, 4157669.59, 2.11 ], [ 282225.49, 4157670.78, 2.1 ], [ 282220.31, 4157673.25, 2.1 ], [ 282219.87, 4157673.46, 2.1 ], [ 282218.45, 4157670.35, 0.3 ], [ 282221.26, 4157669.08, 0.34 ], [ 282221.12, 4157668.78, 0.17 ], [ 282222.65, 4157668.23, 0.26 ], [ 282223.69, 4157667.86, 0.32 ], [ 282223.74, 4157667.82, 0.31 ], [ 282226.6, 4157666.53, 0.35 ], [ 282223.07, 4157666.35, 0.29 ], [ 282223.74, 4157667.82, 0.28 ], [ 282220.31, 4157673.25, 2.08 ], [ 282228.47, 4157670.66, 1.51 ], [ 282225.6, 4157672.12, 1.46 ], [ 282225.34, 4157673.16, 1.03 ], [ 282226.04, 4157675.04, 0.0 ], [ 282221.83, 4157677.0, 0.0 ], [ 282220.49, 4157673.5, 1.93 ], [ 282226.92, 4157677.38, 0.0 ], [ 282221.12, 4157668.78, 0.0 ] ], "f": [ [ [ 0, 1, 2, 3, 4, 5, 6 ] ], [ [ 7, 8, 9, 10, 11 ] ], [ [ 12, 13, 14, 15, 16, 17, 18, 8, 19, 20, 21, 22 ] ], [ [ 23, 24, 20, 7, 11 ] ], [ [ 25, 13, 12, 26, 27, 28, 4, 29, 30, 31 ] ], [ [ 19, 7, 20 ] ], [ [ 3, 32, 29, 4 ] ], [ [ 26, 0, 6, 27 ] ], [ [ 27, 6, 5, 28 ] ], [ [ 18, 33, 9, 8 ] ], [ [ 7, 19, 8 ] ], [ [ 25, 14, 13 ] ] ] }, "roof_props": null, "wall_color": "brick", "wall_color_source": "assessor", "type": "detached", "landmark": null, "footprint_source": "osm", "source_updated": null, "is_part": false, "parent": null, "hidden": false, "addr": "1604 Blair Street", "wikidata": null, "website": null, "zoning": "R-5", "lidar_p90": 4.63, "ground_z": 54.98 }, "geometry": { "type": "Polygon", "coordinates": [ [ [ 282226.02, 4157675.4 ], [ 282227.24, 4157678.09 ], [ 282231.34, 4157677.01 ], [ 282226.6, 4157666.53 ], [ 282223.74, 4157667.82 ], [ 282223.07, 4157666.35 ], [ 282220.53, 4157667.48 ], [ 282221.26, 4157669.08 ], [ 282218.45, 4157670.34 ], [ 282221.63, 4157677.37 ], [ 282226.02, 4157675.4 ] ] ] } },
{ "type": "Feature", "properties": { "id": "osm:way/629151847", "name": null, "height": 3.0, "min_height": 0.0, "levels": null, "height_source": "lidar", "roof_shape": "gable", "roof_height": 1.96, "roof_azimuth": 115.1, "roof_source": "lod2", "roof_color": "concrete", "roof_color_source": "ortho", "lod2_roof": { "v": [ [ 282212.05, 4157673.62, 0.98 ], [ 282211.11, 4157674.0, 0.25 ], [ 282210.59, 4157673.71, 0.0 ], [ 282210.05, 4157672.63, 0.0 ], [ 282211.21, 4157672.08, 0.93 ], [ 282214.82, 4157680.14, 0.0 ], [ 282210.48, 4157681.74, 0.22 ], [ 282209.05, 4157678.7, 1.95 ], [ 282217.17, 4157674.8, 1.96 ], [ 282218.79, 4157678.24, 0.0 ], [ 282212.82, 4157673.32, 0.32 ], [ 282212.25, 4157671.6, 0.01 ], [ 282212.85, 4157672.87, 0.12 ], [ 282212.05, 4157673.62, 0.29 ], [ 282212.93, 4157673.03, 0.21 ], [ 282215.73, 4157671.73, 0.23 ], [ 282207.52, 4157675.42, 0.11 ], [ 282210.42, 4157674.06, 0.13 ], [ 282210.32, 4157673.83, 0.0 ] ], "f": [ [ [ 0, 1, 2, 3, 4 ] ], [ [ 5, 6, 7, 8, 9 ] ], [ [ 10, 0, 4, 11, 12 ] ], [ [ 13, 10, 12, 14, 15, 8, 7, 16, 17, 18, 2, 1 ] ], [ [ 0, 13, 1 ] ], [ [ 13, 0, 10 ] ] ] }, "roof_props": null, "wall_color": "brick_dark", "wall_color_source": "assessor", "type": "detached", "landmark": null, "footprint_source": "osm", "source_updated": null, "is_part": false, "parent": null, "hidden": false, "addr": "1606 Blair Street", "wikidata": null, "website": null, "zoning": "R-5", "lidar_p90": 4.69, "ground_z": 54.86 }, "geometry": { "type": "Polygon", "coordinates": [ [ [ 282219.12, 4157678.94 ], [ 282215.73, 4157671.73 ], [ 282212.93, 4157673.03 ], [ 282212.25, 4157671.6 ], [ 282209.81, 4157672.74 ], [ 282210.42, 4157674.06 ], [ 282207.51, 4157675.42 ], [ 282210.95, 4157682.76 ], [ 282219.12, 4157678.94 ] ] ] } },
{ "type": "Feature", "properties": { "id": "osm:way/629151848", "name": null, "height": 3.93, "min_height": 0.0, "levels": null, "height_source": "lidar", "roof_shape": "gable", "roof_height": 1.96, "roof_azimuth": null, "roof_source": "heuristic", "roof_color": "concrete", "roof_color_source": "ortho", "lod2_roof": null, "roof_props": null, "wall_color": "sand", "wall_color_source": "assessor", "type": "detached", "landmark": null, "footprint_source": "osm", "source_updated": null, "is_part": false, "parent": null, "hidden": false, "addr": "1608 Blair Street", "wikidata": null, "website": null, "zoning": "R-5", "lidar_p90": 4.71, "ground_z": 54.77 }, "geometry": { "type": "Polygon", "coordinates": [ [ [ 282207.3, 4157692.24 ], [ 282205.23, 4157687.99 ], [ 282209.17, 4157686.08 ], [ 282204.66, 4157676.84 ], [ 282201.82, 4157678.21 ], [ 282201.17, 4157676.86 ], [ 282198.77, 4157678.02 ], [ 282199.5, 4157679.53 ], [ 282196.21, 4157681.12 ], [ 282202.73, 4157694.45 ], [ 282207.3, 4157692.24 ] ] ] } },
{ "type": "Feature", "properties": { "id": "osm:way/629151849", "name": null, "height": 6.36, "min_height": 0.0, "levels": null, "height_source": "lidar", "roof_shape": "gable", "roof_height": 1.74, "roof_azimuth": 25.9, "roof_source": "lod2", "roof_color": "concrete", "roof_color_source": "ortho", "lod2_roof": { "v": [ [ 282190.4, 4157698.02, 0.01 ], [ 282189.79, 4157696.69, 0.01 ], [ 282185.25, 4157686.79, 0.06 ], [ 282189.82, 4157684.59, 1.73 ], [ 282194.88, 4157695.21, 1.74 ], [ 282195.13, 4157695.73, 1.74 ], [ 282199.0, 4157692.53, 0.17 ], [ 282194.12, 4157682.51, 0.2 ], [ 282189.79, 4157696.69, 0.0 ], [ 282185.25, 4157686.79, 0.0 ] ], "f": [ [ [ 0, 1, 2, 3, 4, 5 ] ], [ [ 6, 4, 3, 7 ] ], [ [ 1, 8, 9, 2 ] ] ] }, "roof_props": null, "wall_color": "cream", "wall_color_source": "assessor", "type": "detached", "landmark": null, "footprint_source": "osm", "source_updated": null, "is_part": false, "parent": null, "hidden": false, "addr": "1610 Blair Street", "wikidata": null, "website": null, "zoning": "R-5", "lidar_p90": 7.68, "ground_z": 54.76 }, "geometry": { "type": "Polygon", "coordinates": [ [ [ 282194.12, 4157682.51 ], [ 282184.53, 4157687.14 ], [ 282189.93, 4157698.24 ], [ 282199.53, 4157693.61 ], [ 282194.12, 4157682.51 ] ] ] } },
{ "type": "Feature", "properties": { "id": "osm:way/629151850", "name": null, "height": 3.54, "min_height": 0.0, "levels": null, "height_source": "lidar", "roof_shape": "flat", "roof_height": 0.0, "roof_azimuth": null, "roof_source": "lidar", "roof_color": "concrete", "roof_color_source": "ortho", "lod2_roof": null, "roof_props": null, "wall_color": "cream", "wall_color_source": "assessor", "type": "yes", "landmark": null, "footprint_source": "osm", "source_updated": null, "is_part": false, "parent": null, "hidden": false, "addr": null, "wikidata": null, "website": null, "zoning": "R-5", "lidar_p90": 3.94, "ground_z": 54.82 }, "geometry": { "type": "Polygon", "coordinates": [ [ [ 282200.44, 4157695.91 ], [ 282193.87, 4157698.92 ], [ 282197.17, 4157706.06 ], [ 282203.74, 4157703.06 ], [ 282200.44, 4157695.91 ] ] ] } },
{ "type": "Feature", "properties": { "id": "osm:way/629151905", "name": null, "height": 3.56, "min_height": 0.0, "levels": null, "height_source": "lidar", "roof_shape": "flat", "roof_height": 0.0, "roof_azimuth": null, "roof_source": "heuristic", "roof_color": "concrete", "roof_color_source": "heuristic", "lod2_roof": null, "roof_props": null, "wall_color": "cream", "wall_color_source": "assessor", "type": "yes", "landmark": null, "footprint_source": "osm", "source_updated": null, "is_part": false, "parent": null, "hidden": false, "addr": null, "wikidata": null, "website": null, "zoning": "R-5", "lidar_p90": 3.64, "ground_z": 55.26 }, "geometry": { "type": "Polygon", "coordinates": [ [ [ 282221.88, 4157718.6 ], [ 282225.74, 4157716.89 ], [ 282222.8, 4157710.3 ], [ 282218.93, 4157712.02 ], [ 282221.88, 4157718.6 ] ] ] } },
{ "type": "Feature", "properties": { "id": "osm:way/38173763", "name": "The Way of the Lord Fellowship", "height": 6.14, "min_height": 0.0, "levels": null, "height_source": "lidar", "roof_shape": "gable", "roof_height": 2.55, "roof_azimuth": null, "roof_source": "lod2", "roof_color": "roof_flat", "roof_color_source": "ortho", "lod2_roof": { "v": [ [ 282138.31, 4157714.5, 2.52 ], [ 282138.37, 4157714.53, 2.53 ], [ 282138.39, 4157714.54, 2.54 ], [ 282141.62, 4157721.29, 2.54 ], [ 282146.02, 4157730.48, 2.53 ], [ 282139.09, 4157733.78, 0.0 ], [ 282128.84, 4157712.42, 0.0 ], [ 282135.74, 4157709.14, 2.52 ], [ 282153.09, 4157727.12, 0.0 ], [ 282146.02, 4157730.48, 2.55 ], [ 282138.39, 4157714.54, 2.53 ], [ 282138.31, 4157714.5, 2.55 ], [ 282135.74, 4157709.14, 2.54 ], [ 282142.79, 4157705.77, 0.0 ], [ 282158.25, 4157699.04, 0.0 ], [ 282155.59, 4157705.89, 1.66 ], [ 282146.82, 4157704.6, 0.0 ], [ 282157.34, 4157709.55, 1.68 ], [ 282157.69, 4157708.87, 1.5 ], [ 282157.76, 4157707.96, 1.35 ], [ 282156.64, 4157706.04, 1.39 ], [ 282164.89, 4157712.29, 0.0 ], [ 282152.86, 4157718.21, 0.0 ], [ 282156.64, 4157706.04, 1.86 ], [ 282157.76, 4157707.96, 1.91 ], [ 282157.69, 4157708.87, 1.82 ] ], "f": [ [ [ 0, 1, 2, 3, 4, 5, 6, 7 ] ], [ [ 8, 9, 3, 10, 1, 11, 12, 13 ] ], [ [ 14, 15, 16 ] ], [ [ 17, 18, 19, 20, 15, 14, 21 ] ], [ [ 17, 22, 16, 15, 23, 24, 25 ] ], [ [ 22, 17, 21 ] ], [ [ 11, 0, 7, 12 ] ], [ [ 2, 10, 3 ] ], [ [ 9, 4, 3 ] ], [ [ 20, 23, 15 ] ], [ [ 24, 19, 18, 25 ] ], [ [ 23, 20, 19, 24 ] ], [ [ 25, 18, 17 ] ] ] }, "roof_props": null, "wall_color": "brick_dark", "wall_color_source": "assessor", "type": "church", "landmark": null, "footprint_source": "osm", "source_updated": null, "is_part": false, "parent": null, "hidden": false, "addr": "1700 Blair Street", "wikidata": null, "website": "https://www.twotl.org/", "zoning": "R-5", "lidar_p90": 7.47, "ground_z": 55.59 }, "geometry": { "type": "Polygon", "coordinates": [ [ [ 282136.93, 4157734.81 ], [ 282155.83, 4157725.81 ], [ 282153.5, 4157720.98 ], [ 282155.39, 4157720.07 ], [ 282157.54, 4157724.58 ], [ 282168.53, 4157719.35 ], [ 282166.4, 4157714.9 ], [ 282168.78, 4157713.77 ], [ 282160.34, 4157696.17 ], [ 282154.51, 4157698.93 ], [ 282153.66, 4157697.14 ], [ 282149.76, 4157699.0 ], [ 282150.57, 4157700.7 ], [ 282144.47, 4157703.6 ], [ 282145.01, 4157704.72 ], [ 282126.68, 4157713.45 ], [ 282136.93, 4157734.81 ] ] ] } },
{ "type": "Feature", "properties": { "id": "osm:way/629151904", "name": null, "height": 3.34, "min_height": 0.0, "levels": null, "height_source": "lidar", "roof_shape": "flat", "roof_height": 0.0, "roof_azimuth": null, "roof_source": "heuristic", "roof_color": "roof_flat", "roof_color_source": "heuristic", "lod2_roof": null, "roof_props": null, "wall_color": "cream", "wall_color_source": "assessor", "type": "yes", "landmark": null, "footprint_source": "osm", "source_updated": null, "is_part": false, "parent": null, "hidden": false, "addr": null, "wikidata": null, "website": null, "zoning": "R-5", "lidar_p90": 3.8, "ground_z": 55.33 }, "geometry": { "type": "Polygon", "coordinates": [ [ [ 282221.63, 4157721.88 ], [ 282224.03, 4157727.07 ], [ 282226.27, 4157726.04 ], [ 282226.57, 4157726.7 ], [ 282229.78, 4157725.24 ], [ 282227.08, 4157719.38 ], [ 282221.63, 4157721.88 ] ] ] } },
{ "type": "Feature", "properties": { "id": "osm:way/629151910", "name": null, "height": 3.74, "min_height": 0.0, "levels": null, "height_source": "lidar", "roof_shape": "gable", "roof_height": 1.99, "roof_azimuth": 116.0, "roof_source": "lod2", "roof_color": "slate", "roof_color_source": "ortho", "lod2_roof": { "v": [ [ 282221.84, 4157737.62, 1.99 ], [ 282213.16, 4157741.79, 1.93 ], [ 282211.67, 4157738.74, 0.0 ], [ 282213.96, 4157737.6, 0.0 ], [ 282213.98, 4157737.63, 0.02 ], [ 282220.35, 4157734.56, 0.05 ], [ 282223.35, 4157740.72, 0.0 ], [ 282214.62, 4157744.79, 0.0 ] ], "f": [ [ [ 0, 1, 2, 3, 4, 5 ] ], [ [ 1, 0, 6, 7 ] ] ] }, "roof_props": null, "wall_color": "brick", "wall_color_source": "assessor", "type": "detached", "landmark": null, "footprint_source": "osm", "source_updated": null, "is_part": false, "parent": null, "hidden": false, "addr": "1613 Claiborne Street", "wikidata": null, "website": null, "zoning": "R-5", "lidar_p90": 5.5, "ground_z": 55.18 }, "geometry": { "type": "Polygon", "coordinates": [ [ [ 282218.06, 4157744.35 ], [ 282218.59, 4157745.44 ], [ 282220.71, 4157744.42 ], [ 282220.24, 4157743.42 ], [ 282223.83, 4157741.7 ], [ 282220.35, 4157734.56 ], [ 282213.97, 4157737.63 ], [ 282213.54, 4157736.72 ], [ 282211.23, 4157737.84 ], [ 282215.1, 4157745.78 ], [ 282218.06, 4157744.35 ] ] ] } },
{ "type": "Feature", "properties": { "id": "osm:way/629151908", "name": null, "height": 3.63, "min_height": 0.0, "levels": null, "height_source": "lidar", "roof_shape": "gable", "roof_height": 2.01, "roof_azimuth": 114.9, "roof_source": "lod2", "roof_color": "concrete", "roof_color_source": "ortho", "lod2_roof": { "v": [ [ 282235.96, 4157730.82, 2.01 ], [ 282235.67, 4157730.96, 2.01 ], [ 282234.17, 4157727.73, 0.0 ], [ 282236.32, 4157726.72, 0.0 ], [ 282236.45, 4157727.01, 0.18 ], [ 282242.81, 4157724.07, 0.2 ], [ 282244.15, 4157726.95, 1.98 ], [ 282237.53, 4157734.01, 0.0 ], [ 282245.63, 4157730.14, 0.0 ] ], "f": [ [ [ 0, 1, 2, 3, 4, 5, 6 ] ], [ [ 7, 0, 6, 8 ] ] ] }, "roof_props": null, "wall_color": "cream", "wall_color_source": "assessor", "type": "detached", "landmark": null, "footprint_source": "osm", "source_updated": null, "is_part": false, "parent": null, "hidden": false, "addr": "1609 Claiborne Street", "wikidata": null, "website": null, "zoning": "R-5", "lidar_p90": 5.5, "ground_z": 55.53 }, "geometry": { "type": "Polygon", "coordinates": [ [ [ 282240.77, 4157733.6 ], [ 282241.23, 4157734.59 ], [ 282243.35, 4157733.6 ], [ 282242.81, 4157732.42 ], [ 282246.0, 4157730.94 ], [ 282242.81, 4157724.07 ], [ 282236.45, 4157727.01 ], [ 282235.96, 4157725.95 ], [ 282233.8, 4157726.94 ], [ 282237.58, 4157735.06 ], [ 282240.77, 4157733.6 ] ] ] } },
{ "type": "Feature", "properties": { "id": "osm:way/629151909", "name": null, "height": 3.6, "min_height": 0.0, "levels": null, "height_source": "lidar", "roof_shape": "gable", "roof_height": 2.13, "roof_azimuth": 115.1, "roof_source": "lod2", "roof_color": "slate", "roof_color_source": "heuristic", "lod2_roof": { "v": [ [ 282226.81, 4157739.3, 0.0 ], [ 282225.23, 4157735.98, 2.13 ], [ 282233.17, 4157732.18, 2.11 ], [ 282234.72, 4157735.47, 0.0 ], [ 282224.62, 4157736.26, 2.13 ], [ 282223.05, 4157732.9, 0.0 ], [ 282225.2, 4157731.88, 0.0 ], [ 282225.4, 4157732.3, 0.27 ], [ 282231.83, 4157729.32, 0.29 ] ], "f": [ [ [ 0, 1, 2, 3 ] ], [ [ 1, 4, 5, 6, 7, 8, 2 ] ] ] }, "roof_props": null, "wall_color": "brick", "wall_color_source": "assessor", "type": "detached", "landmark": null, "footprint_source": "osm", "source_updated": null, "is_part": false, "parent": null, "hidden": false, "addr": "1611 Claiborne Street", "wikidata": null, "website": null, "zoning": "R-5", "lidar_p90": 5.45, "ground_z": 55.5 }, "geometry": { "type": "Polygon", "coordinates": [ [ [ 282229.79, 4157738.91 ], [ 282230.27, 4157739.94 ], [ 282232.45, 4157738.93 ], [ 282231.96, 4157737.87 ], [ 282235.15, 4157736.39 ], [ 282231.83, 4157729.31 ], [ 282225.4, 4157732.3 ], [ 282224.93, 4157731.32 ], [ 282222.77, 4157732.32 ], [ 282226.57, 4157740.41 ], [ 282229.79, 4157738.91 ] ] ] } },
{ "type": "Feature", "properties": { "id": "osm:way/629154585", "name": null, "height": 3.4, "min_height": 0.0, "levels": null, "height_source": "lidar", "roof_shape": "gable", "roof_height": 1.7, "roof_azimuth": 116.2, "roof_source": "lod2", "roof_color": "roof_red", "roof_color_source": "heuristic", "lod2_roof": { "v": [ [ 282029.65, 4157725.51, 1.68 ], [ 282019.38, 4157730.39, 1.7 ], [ 282017.65, 4157726.89, 0.49 ], [ 282019.34, 4157726.05, 0.48 ], [ 282018.66, 4157724.67, 0.0 ], [ 282021.26, 4157723.48, 0.0 ], [ 282022.01, 4157725.0, 0.53 ], [ 282027.74, 4157722.21, 0.5 ], [ 282030.06, 4157725.31, 1.68 ], [ 282031.99, 4157729.23, 0.26 ], [ 282026.46, 4157731.93, 0.25 ], [ 282026.79, 4157732.62, 0.0 ], [ 282022.66, 4157734.59, 0.0 ], [ 282022.33, 4157733.92, 0.24 ], [ 282021.36, 4157734.41, 0.24 ] ], "f": [ [ [ 0, 1, 2, 3, 4, 5, 6, 7 ] ], [ [ 1, 0, 8, 9, 10, 11, 12, 13, 14 ] ] ] }, "roof_props": null, "wall_color": "sand", "wall_color_source": "assessor", "type": "detached", "landmark": null, "footprint_source": "osm", "source_updated": null, "is_part": false, "parent": null, "hidden": false, "addr": "1725 Blair Street", "wikidata": null, "website": null, "zoning": "R-5", "lidar_p90": 4.64, "ground_z": 60.59 }, "geometry": { "type": "Polygon", "coordinates": [ [ [ 282022.33, 4157733.92 ], [ 282022.72, 4157734.7 ], [ 282026.83, 4157732.7 ], [ 282026.45, 4157731.93 ], [ 282031.99, 4157729.23 ], [ 282028.38, 4157721.89 ], [ 282022.01, 4157725.0 ], [ 282021.23, 4157723.41 ], [ 282018.66, 4157724.67 ], [ 282019.34, 4157726.05 ], [ 282017.65, 4157726.88 ], [ 282021.36, 4157734.4 ], [ 282022.33, 4157733.92 ] ] ] } }
]
}
