{
"type": "FeatureCollection",
"name": "landuse",
"crs": { "type": "name", "properties": { "name": "urn:ogc:def:crs:EPSG::32618" } },
"xy_coordinate_resolution": 0.01,
"features": [
{ "type": "Feature", "properties": { "id": "imagery:groundcover_paved:2792", "name": null, "kind": "groundcover_paved", "sport": null, "surface": null, "pitch_layout": null, "source": "vgin_vbmp+naip+lidar2025", "source_updated": null, "base_z": null, "top_z": null }, "geometry": { "type": "Polygon", "coordinates": [ [ [ 281113.73, 4160461.06 ], [ 281113.61, 4160461.54 ], [ 281113.44, 4160462.0 ], [ 281113.23, 4160462.44 ], [ 281112.97, 4160462.86 ], [ 281112.68, 4160463.25 ], [ 281112.34, 4160463.62 ], [ 281111.97, 4160463.94 ], [ 281101.77, 4160472.16 ], [ 281101.37, 4160472.45 ], [ 281100.95, 4160472.7 ], [ 281100.51, 4160472.91 ], [ 281100.04, 4160473.07 ], [ 281099.57, 4160473.18 ], [ 281099.08, 4160473.25 ], [ 281098.59, 4160473.27 ], [ 281098.24, 4160473.25 ], [ 281098.05, 4160473.34 ], [ 281097.59, 4160473.5 ], [ 281097.12, 4160473.61 ], [ 281097.02, 4160473.63 ], [ 281096.99, 4160474.11 ], [ 281096.91, 4160474.59 ], [ 281096.77, 4160475.07 ], [ 281096.6, 4160475.53 ], [ 281096.37, 4160475.96 ], [ 281096.11, 4160476.38 ], [ 281095.81, 4160476.77 ], [ 281095.78, 4160476.8 ], [ 281096.9, 4160478.54 ], [ 281098.16, 4160479.11 ], [ 281099.6, 4160480.74 ], [ 281099.97, 4160480.43 ], [ 281107.23, 4160474.84 ], [ 281107.63, 4160474.56 ], [ 281108.06, 4160474.32 ], [ 281108.51, 4160474.13 ], [ 281108.97, 4160473.97 ], [ 281109.45, 4160473.87 ], [ 281109.94, 4160473.81 ], [ 281110.43, 4160473.8 ], [ 281110.91, 4160473.84 ], [ 281111.39, 4160473.93 ], [ 281111.87, 4160474.06 ], [ 281112.32, 4160474.24 ], [ 281112.76, 4160474.46 ], [ 281113.06, 4160474.65 ], [ 281117.08, 4160473.31 ], [ 281119.13, 4160470.46 ], [ 281119.13, 4160463.63 ], [ 281117.42, 4160461.92 ], [ 281117.09, 4160461.89 ], [ 281116.6, 4160461.81 ], [ 281116.13, 4160461.68 ], [ 281115.67, 4160461.5 ], [ 281115.24, 4160461.28 ], [ 281114.82, 4160461.02 ], [ 281114.44, 4160460.72 ], [ 281114.08, 4160460.39 ], [ 281113.84, 4160460.1 ], [ 281113.81, 4160460.57 ], [ 281113.73, 4160461.06 ] ] ] } },
{ "type": "Feature", "properties": { "id": "richmond_structure:276633", "name": null, "kind": "deck", "sport": null, "surface": null, "pitch_layout": null, "source": "richmond_structures", "source_updated": "2026-09-08T12:07:13.637000Z", "base_z": null, "top_z": null }, "geometry": { "type": "Polygon", "coordinates": [ [ [ 281238.76, 4160256.94 ], [ 281243.52, 4160255.11 ], [ 281242.51, 4160251.58 ], [ 281237.74, 4160252.96 ], [ 281238.76, 4160256.94 ] ] ] } },
{ "type": "Feature", "properties": { "id": "richmond_structure:274501", "name": null, "kind": "deck", "sport": null, "surface": null, "pitch_layout": null, "source": "richmond_structures", "source_updated": "2026-09-08T12:07:13.637000Z", "base_z": null, "top_z": null }, "geometry": { "type": "Polygon", "coordinates": [ [ [ 281222.89, 4160267.46 ], [ 281223.9, 4160266.37 ], [ 281223.85, 4160266.06 ], [ 281220.64, 4160267.02 ], [ 281220.95, 4160268.24 ], [ 281219.2, 4160270.34 ], [ 281221.65, 4160272.93 ], [ 281228.15, 4160268.04 ], [ 281226.71, 4160266.34 ], [ 281223.18, 4160267.73 ], [ 281222.89, 4160267.46 ] ] ] } },
{ "type": "Feature", "properties": { "id": "richmond_structure:409592", "name": null, "kind": "deck", "sport": null, "surface": null, "pitch_layout": null, "source": "richmond_structures", "source_updated": "2026-09-08T12:07:13.637000Z", "base_z": null, "top_z": null }, "geometry": { "type": "Polygon", "coordinates": [ [ [ 281196.33, 4160275.01 ], [ 281192.49, 4160277.98 ], [ 281194.83, 4160281.0 ], [ 281196.48, 4160279.72 ], [ 281195.86, 4160278.92 ], [ 281198.17, 4160277.22 ], [ 281196.33, 4160275.01 ] ] ] } },
{ "type": "Feature", "properties": { "id": "richmond_structure:409593", "name": null, "kind": "deck", "sport": null, "surface": null, "pitch_layout": null, "source": "richmond_structures", "source_updated": "2026-09-08T12:07:13.637000Z", "base_z": null, "top_z": null }, "geometry": { "type": "Polygon", "coordinates": [ [ [ 281200.13, 4160283.55 ], [ 281202.15, 4160282.02 ], [ 281200.43, 4160279.94 ], [ 281198.48, 4160281.55 ], [ 281200.13, 4160283.55 ] ] ] } },
{ "type": "Feature", "properties": { "id": "richmond_structure:409586", "name": null, "kind": "deck", "sport": null, "surface": null, "pitch_layout": null, "source": "richmond_structures", "source_updated": "2026-09-08T12:07:13.637000Z", "base_z": null, "top_z": null }, "geometry": { "type": "Polygon", "coordinates": [ [ [ 281191.9, 4160286.58 ], [ 281194.41, 4160289.66 ], [ 281199.99, 4160285.4 ], [ 281197.47, 4160282.1 ], [ 281191.9, 4160286.58 ] ] ] } },
{ "type": "Feature", "properties": { "id": "richmond_structure:409587", "name": null, "kind": "deck", "sport": null, "surface": null, "pitch_layout": null, "source": "richmond_structures", "source_updated": "2026-09-08T12:07:13.637000Z", "base_z": null, "top_z": null }, "geometry": { "type": "Polygon", "coordinates": [ [ [ 281193.73, 4160290.17 ], [ 281191.09, 4160292.18 ], [ 281188.1, 4160288.25 ], [ 281190.22, 4160286.63 ], [ 281187.55, 4160283.13 ], [ 281182.64, 4160287.04 ], [ 281189.65, 4160295.85 ], [ 281188.47, 4160296.79 ], [ 281190.26, 4160299.04 ], [ 281194.54, 4160295.54 ], [ 281192.86, 4160293.49 ], [ 281194.96, 4160291.78 ], [ 281193.73, 4160290.17 ] ] ] } },
{ "type": "Feature", "properties": { "id": "osm:way/236138601", "name": null, "kind": "grass", "sport": null, "surface": null, "pitch_layout": null, "source": null, "source_updated": null, "base_z": null, "top_z": null }, "geometry": { "type": "Polygon", "coordinates": [ [ [ 281181.11, 4160359.53 ], [ 281185.51, 4160359.08 ], [ 281250.0, 4160308.21 ], [ 281250.0, 4160291.42 ], [ 281177.36, 4160348.88 ], [ 281175.89, 4160353.11 ], [ 281177.34, 4160357.23 ], [ 281181.11, 4160359.53 ] ] ] } },
{ "type": "Feature", "properties": { "id": "richmond_structure:276642", "name": null, "kind": "deck", "sport": null, "surface": null, "pitch_layout": null, "source": "richmond_structures", "source_updated": "2026-09-08T12:07:13.637000Z", "base_z": null, "top_z": null }, "geometry": { "type": "Polygon", "coordinates": [ [ [ 281244.39, 4160345.28 ], [ 281246.95, 4160343.24 ], [ 281246.02, 4160342.11 ], [ 281249.07, 4160339.59 ], [ 281247.81, 4160338.13 ], [ 281242.98, 4160342.11 ], [ 281244.39, 4160345.28 ] ] ] } },
{ "type": "Feature", "properties": { "id": "richmond_structure:409608", "name": null, "kind": "deck", "sport": null, "surface": null, "pitch_layout": null, "source": "richmond_structures", "source_updated": "2026-09-08T12:07:13.637000Z", "base_z": null, "top_z": null }, "geometry": { "type": "Polygon", "coordinates": [ [ [ 281215.42, 4160363.65 ], [ 281209.32, 4160368.5 ], [ 281211.68, 4160371.48 ], [ 281213.83, 4160369.77 ], [ 281213.09, 4160368.84 ], [ 281217.04, 4160365.7 ], [ 281215.42, 4160363.65 ] ] ] } },
{ "type": "Feature", "properties": { "id": "richmond_structure:276602", "name": null, "kind": "deck", "sport": null, "surface": null, "pitch_layout": null, "source": "richmond_structures", "source_updated": "2026-09-08T12:07:13.637000Z", "base_z": null, "top_z": null }, "geometry": { "type": "Polygon", "coordinates": [ [ [ 281156.41, 4160260.1 ], [ 281157.44, 4160263.09 ], [ 281161.5, 4160261.84 ], [ 281159.68, 4160257.02 ], [ 281156.86, 4160257.89 ], [ 281157.25, 4160260.07 ], [ 281156.41, 4160260.1 ] ] ] } },
{ "type": "Feature", "properties": { "id": "imagery:groundcover_lawn:409", "name": null, "kind": "groundcover_lawn", "sport": null, "surface": null, "pitch_layout": null, "source": "vgin_vbmp+naip+lidar2025", "source_updated": null, "base_z": null, "top_z": null }, "geometry": { "type": "Polygon", "coordinates": [ [ [ 281128.5, 4160274.41 ], [ 281128.6, 4160274.4 ], [ 281128.7, 4160274.4 ], [ 281128.79, 4160274.41 ], [ 281128.89, 4160274.44 ], [ 281128.98, 4160274.47 ], [ 281129.07, 4160274.51 ], [ 281129.16, 4160274.56 ], [ 281129.24, 4160274.61 ], [ 281129.31, 4160274.68 ], [ 281129.38, 4160274.75 ], [ 281129.44, 4160274.82 ], [ 281129.49, 4160274.91 ], [ 281129.53, 4160274.99 ], [ 281129.57, 4160275.09 ], [ 281130.47, 4160277.83 ], [ 281131.21, 4160278.79 ], [ 281131.49, 4160279.4 ], [ 281132.25, 4160283.2 ], [ 281133.93, 4160288.29 ], [ 281157.66, 4160281.1 ], [ 281156.11, 4160275.65 ], [ 281156.08, 4160275.55 ], [ 281156.07, 4160275.45 ], [ 281156.07, 4160275.36 ], [ 281156.08, 4160275.26 ], [ 281156.09, 4160275.16 ], [ 281156.12, 4160275.07 ], [ 281156.15, 4160274.97 ], [ 281156.19, 4160274.89 ], [ 281156.25, 4160274.8 ], [ 281156.31, 4160274.73 ], [ 281156.37, 4160274.65 ], [ 281156.45, 4160274.59 ], [ 281156.53, 4160274.53 ], [ 281156.61, 4160274.48 ], [ 281156.7, 4160274.44 ], [ 281156.79, 4160274.41 ], [ 281159.92, 4160273.52 ], [ 281160.01, 4160273.5 ], [ 281160.11, 4160273.49 ], [ 281160.21, 4160273.48 ], [ 281160.31, 4160273.49 ], [ 281160.4, 4160273.51 ], [ 281160.5, 4160273.53 ], [ 281160.59, 4160273.57 ], [ 281160.68, 4160273.61 ], [ 281160.76, 4160273.66 ], [ 281160.84, 4160273.72 ], [ 281160.91, 4160273.79 ], [ 281160.98, 4160273.86 ], [ 281161.03, 4160273.94 ], [ 281161.08, 4160274.03 ], [ 281161.12, 4160274.12 ], [ 281161.15, 4160274.21 ], [ 281161.36, 4160274.95 ], [ 281161.42, 4160274.87 ], [ 281161.49, 4160274.8 ], [ 281161.56, 4160274.73 ], [ 281161.64, 4160274.68 ], [ 281161.73, 4160274.63 ], [ 281161.81, 4160274.58 ], [ 281161.91, 4160274.55 ], [ 281165.64, 4160273.47 ], [ 281165.73, 4160273.44 ], [ 281165.83, 4160273.43 ], [ 281165.93, 4160273.43 ], [ 281166.03, 4160273.43 ], [ 281166.12, 4160273.45 ], [ 281166.22, 4160273.47 ], [ 281166.31, 4160273.51 ], [ 281166.4, 4160273.55 ], [ 281166.48, 4160273.6 ], [ 281166.56, 4160273.66 ], [ 281166.63, 4160273.73 ], [ 281166.7, 4160273.8 ], [ 281166.75, 4160273.88 ], [ 281166.8, 4160273.97 ], [ 281166.84, 4160274.06 ], [ 281166.88, 4160274.15 ], [ 281167.52, 4160276.36 ], [ 281168.32, 4160276.3 ], [ 281170.55, 4160277.19 ], [ 281173.54, 4160276.28 ], [ 281181.4, 4160273.83 ], [ 281181.46, 4160273.65 ], [ 281181.88, 4160273.01 ], [ 281183.54, 4160271.55 ], [ 281184.23, 4160271.21 ], [ 281195.42, 4160268.97 ], [ 281196.51, 4160268.01 ], [ 281195.03, 4160262.42 ], [ 281195.01, 4160262.32 ], [ 281195.0, 4160262.22 ], [ 281195.0, 4160262.12 ], [ 281195.01, 4160262.03 ], [ 281195.03, 4160261.93 ], [ 281195.06, 4160261.83 ], [ 281195.09, 4160261.74 ], [ 281195.14, 4160261.66 ], [ 281195.19, 4160261.57 ], [ 281195.25, 4160261.5 ], [ 281195.32, 4160261.43 ], [ 281195.4, 4160261.36 ], [ 281195.48, 4160261.31 ], [ 281195.56, 4160261.26 ], [ 281195.66, 4160261.22 ], [ 281195.75, 4160261.19 ], [ 281201.77, 4160259.62 ], [ 281201.87, 4160259.6 ], [ 281201.97, 4160259.59 ], [ 281202.06, 4160259.59 ], [ 281202.16, 4160259.6 ], [ 281202.26, 4160259.62 ], [ 281202.35, 4160259.65 ], [ 281202.44, 4160259.68 ], [ 281202.53, 4160259.73 ], [ 281202.61, 4160259.78 ], [ 281202.69, 4160259.84 ], [ 281202.76, 4160259.91 ], [ 281202.82, 4160259.99 ], [ 281202.88, 4160260.07 ], [ 281202.92, 4160260.15 ], [ 281202.96, 4160260.24 ], [ 281202.99, 4160260.34 ], [ 281204.26, 4160265.13 ], [ 281205.21, 4160266.39 ], [ 281218.85, 4160262.13 ], [ 281218.9, 4160262.02 ], [ 281219.22, 4160261.54 ], [ 281230.76, 4160250.0 ], [ 281207.04, 4160250.0 ], [ 281206.9, 4160250.55 ], [ 281206.32, 4160251.39 ], [ 281203.97, 4160253.03 ], [ 281202.98, 4160253.28 ], [ 281196.0, 4160252.5 ], [ 281194.03, 4160253.17 ], [ 281193.94, 4160253.2 ], [ 281193.84, 4160253.22 ], [ 281193.74, 4160253.23 ], [ 281193.64, 4160253.23 ], [ 281193.55, 4160253.21 ], [ 281193.45, 4160253.19 ], [ 281193.36, 4160253.16 ], [ 281193.27, 4160253.13 ], [ 281193.18, 4160253.08 ], [ 281193.1, 4160253.02 ], [ 281193.03, 4160252.96 ], [ 281192.96, 4160252.89 ], [ 281192.9, 4160252.81 ], [ 281192.84, 4160252.73 ], [ 281192.8, 4160252.64 ], [ 281192.76, 4160252.55 ], [ 281192.61, 4160252.12 ], [ 281179.88, 4160250.71 ], [ 281178.43, 4160250.9 ], [ 281166.02, 4160255.87 ], [ 281164.7, 4160257.82 ], [ 281164.42, 4160257.68 ], [ 281163.61, 4160259.39 ], [ 281161.06, 4160261.48 ], [ 281159.88, 4160261.78 ], [ 281151.38, 4160260.08 ], [ 281148.11, 4160261.68 ], [ 281144.38, 4160269.13 ], [ 281143.71, 4160269.79 ], [ 281141.33, 4160270.96 ], [ 281140.4, 4160271.08 ], [ 281138.82, 4160270.76 ], [ 281136.8, 4160271.39 ], [ 281136.71, 4160271.42 ], [ 281136.61, 4160271.43 ], [ 281136.52, 4160271.44 ], [ 281136.42, 4160271.43 ], [ 281136.32, 4160271.42 ], [ 281136.23, 4160271.4 ], [ 281136.13, 4160271.37 ], [ 281136.04, 4160271.32 ], [ 281135.96, 4160271.28 ], [ 281135.88, 4160271.22 ], [ 281135.81, 4160271.15 ], [ 281135.74, 4160271.08 ], [ 281135.68, 4160271.0 ], [ 281135.63, 4160270.92 ], [ 281135.59, 4160270.83 ], [ 281135.55, 4160270.74 ], [ 281135.34, 4160270.07 ], [ 281130.38, 4160269.08 ], [ 281127.11, 4160270.68 ], [ 281126.47, 4160271.94 ], [ 281127.41, 4160274.74 ], [ 281128.31, 4160274.45 ], [ 281128.4, 4160274.42 ], [ 281128.5, 4160274.41 ] ] ] } },
{ "type": "Feature", "properties": { "id": "richmond_structure:409588", "name": null, "kind": "deck", "sport": null, "surface": null, "pitch_layout": null, "source": "richmond_structures", "source_updated": "2026-09-08T12:07:13.637000Z", "base_z": null, "top_z": null }, "geometry": { "type": "Polygon", "coordinates": [ [ [ 281182.0, 4160301.61 ], [ 281184.73, 4160299.49 ], [ 281181.31, 4160295.07 ], [ 281178.57, 4160297.19 ], [ 281182.0, 4160301.61 ] ] ] } },
{ "type": "Feature", "properties": { "id": "richmond_structure:409589", "name": null, "kind": "deck", "sport": null, "surface": null, "pitch_layout": null, "source": "richmond_structures", "source_updated": "2026-09-08T12:07:13.637000Z", "base_z": null, "top_z": null }, "geometry": { "type": "Polygon", "coordinates": [ [ [ 281172.26, 4160302.36 ], [ 281176.7, 4160298.63 ], [ 281173.43, 4160294.73 ], [ 281168.94, 4160298.41 ], [ 281172.26, 4160302.36 ] ] ] } },
{ "type": "Feature", "properties": { "id": "richmond_structure:409590", "name": null, "kind": "deck", "sport": null, "surface": null, "pitch_layout": null, "source": "richmond_structures", "source_updated": "2026-09-08T12:07:13.637000Z", "base_z": null, "top_z": null }, "geometry": { "type": "Polygon", "coordinates": [ [ [ 281178.59, 4160300.39 ], [ 281174.0, 4160304.05 ], [ 281175.79, 4160306.3 ], [ 281178.77, 4160303.92 ], [ 281180.23, 4160305.75 ], [ 281181.84, 4160304.46 ], [ 281178.59, 4160300.39 ] ] ] } },
{ "type": "Feature", "properties": { "id": "richmond_structure:409591", "name": null, "kind": "deck", "sport": null, "surface": null, "pitch_layout": null, "source": "richmond_structures", "source_updated": "2026-09-08T12:07:13.637000Z", "base_z": null, "top_z": null }, "geometry": { "type": "Polygon", "coordinates": [ [ [ 281170.42, 4160300.95 ], [ 281165.6, 4160304.8 ], [ 281169.43, 4160309.61 ], [ 281168.65, 4160310.24 ], [ 281169.7, 4160311.55 ], [ 281173.12, 4160308.88 ], [ 281174.38, 4160310.5 ], [ 281176.63, 4160308.73 ], [ 281170.42, 4160300.95 ] ] ] } },
{ "type": "Feature", "properties": { "id": "richmond_structure:409594", "name": null, "kind": "deck", "sport": null, "surface": null, "pitch_layout": null, "source": "richmond_structures", "source_updated": "2026-09-08T12:07:13.637000Z", "base_z": null, "top_z": null }, "geometry": { "type": "Polygon", "coordinates": [ [ [ 281162.56, 4160305.69 ], [ 281159.07, 4160308.52 ], [ 281162.32, 4160312.52 ], [ 281164.33, 4160310.9 ], [ 281163.64, 4160310.05 ], [ 281165.12, 4160308.84 ], [ 281162.56, 4160305.69 ] ] ] } },
{ "type": "Feature", "properties": { "id": "richmond_structure:409595", "name": null, "kind": "deck", "sport": null, "surface": null, "pitch_layout": null, "source": "richmond_structures", "source_updated": "2026-09-08T12:07:13.637000Z", "base_z": null, "top_z": null }, "geometry": { "type": "Polygon", "coordinates": [ [ [ 281148.91, 4160312.24 ], [ 281145.28, 4160315.19 ], [ 281147.24, 4160317.6 ], [ 281148.16, 4160316.85 ], [ 281149.75, 4160318.81 ], [ 281148.65, 4160319.71 ], [ 281150.53, 4160322.01 ], [ 281152.36, 4160320.56 ], [ 281152.83, 4160321.15 ], [ 281154.75, 4160319.63 ], [ 281148.91, 4160312.24 ] ] ] } },
{ "type": "Feature", "properties": { "id": "richmond_structure:276632", "name": null, "kind": "deck", "sport": null, "surface": null, "pitch_layout": null, "source": "richmond_structures", "source_updated": "2026-09-08T12:07:13.637000Z", "base_z": null, "top_z": null }, "geometry": { "type": "Polygon", "coordinates": [ [ [ 281159.92, 4160319.24 ], [ 281157.76, 4160316.36 ], [ 281155.49, 4160318.08 ], [ 281157.79, 4160320.84 ], [ 281159.92, 4160319.24 ] ] ] } },
{ "type": "Feature", "properties": { "id": "richmond_structure:409652", "name": null, "kind": "deck", "sport": null, "surface": null, "pitch_layout": null, "source": "richmond_structures", "source_updated": "2026-09-08T12:07:13.637000Z", "base_z": null, "top_z": null }, "geometry": { "type": "Polygon", "coordinates": [ [ [ 281131.7, 4160327.64 ], [ 281128.92, 4160329.84 ], [ 281132.08, 4160333.83 ], [ 281131.64, 4160334.17 ], [ 281133.33, 4160336.3 ], [ 281134.96, 4160335.0 ], [ 281133.79, 4160333.52 ], [ 281135.37, 4160332.27 ], [ 281131.7, 4160327.64 ] ] ] } },
{ "type": "Feature", "properties": { "id": "richmond_structure:275269", "name": null, "kind": "deck", "sport": null, "surface": null, "pitch_layout": null, "source": "richmond_structures", "source_updated": "2026-09-08T12:07:13.637000Z", "base_z": null, "top_z": null }, "geometry": { "type": "Polygon", "coordinates": [ [ [ 281137.2, 4160358.34 ], [ 281135.34, 4160355.98 ], [ 281132.53, 4160358.2 ], [ 281134.39, 4160360.56 ], [ 281137.2, 4160358.34 ] ] ] } },
{ "type": "Feature", "properties": { "id": "imagery:groundcover_lawn:389", "name": null, "kind": "groundcover_lawn", "sport": null, "surface": null, "pitch_layout": null, "source": "vgin_vbmp+naip+lidar2025", "source_updated": null, "base_z": null, "top_z": null }, "geometry": { "type": "MultiPolygon", "coordinates": [ [ [ [ 281195.65, 4160380.85 ], [ 281195.64, 4160380.76 ], [ 281195.63, 4160380.66 ], [ 281195.64, 4160380.56 ], [ 281195.66, 4160380.46 ], [ 281195.68, 4160380.37 ], [ 281195.72, 4160380.27 ], [ 281195.76, 4160380.19 ], [ 281195.82, 4160380.1 ], [ 281195.88, 4160380.03 ], [ 281195.94, 4160379.95 ], [ 281196.02, 4160379.89 ], [ 281197.13, 4160379.02 ], [ 281197.13, 4160378.76 ], [ 281197.33, 4160378.02 ], [ 281198.44, 4160376.1 ], [ 281198.99, 4160375.57 ], [ 281212.38, 4160367.91 ], [ 281212.36, 4160367.84 ], [ 281212.35, 4160367.74 ], [ 281212.34, 4160367.64 ], [ 281212.35, 4160367.54 ], [ 281212.36, 4160367.45 ], [ 281212.39, 4160367.35 ], [ 281212.42, 4160367.26 ], [ 281212.47, 4160367.17 ], [ 281212.52, 4160367.09 ], [ 281212.58, 4160367.01 ], [ 281212.65, 4160366.94 ], [ 281212.72, 4160366.87 ], [ 281216.98, 4160363.48 ], [ 281217.06, 4160363.43 ], [ 281217.14, 4160363.38 ], [ 281217.23, 4160363.34 ], [ 281217.33, 4160363.31 ], [ 281217.42, 4160363.28 ], [ 281217.52, 4160363.27 ], [ 281217.62, 4160363.27 ], [ 281217.71, 4160363.27 ], [ 281217.72, 4160363.27 ], [ 281217.73, 4160363.26 ], [ 281221.16, 4160360.58 ], [ 281226.02, 4160354.11 ], [ 281226.54, 4160353.67 ], [ 281228.32, 4160352.78 ], [ 281228.98, 4160352.63 ], [ 281230.04, 4160352.63 ], [ 281233.58, 4160349.78 ], [ 281233.66, 4160349.72 ], [ 281233.74, 4160349.67 ], [ 281233.83, 4160349.63 ], [ 281233.92, 4160349.6 ], [ 281234.02, 4160349.58 ], [ 281234.11, 4160349.56 ], [ 281234.21, 4160349.56 ], [ 281234.31, 4160349.56 ], [ 281234.41, 4160349.58 ], [ 281234.5, 4160349.6 ], [ 281234.59, 4160349.64 ], [ 281234.68, 4160349.68 ], [ 281234.77, 4160349.73 ], [ 281234.84, 4160349.79 ], [ 281234.92, 4160349.86 ], [ 281234.98, 4160349.93 ], [ 281237.64, 4160353.21 ], [ 281239.36, 4160354.51 ], [ 281239.89, 4160355.27 ], [ 281240.2, 4160356.36 ], [ 281247.35, 4160365.18 ], [ 281247.41, 4160365.26 ], [ 281247.46, 4160365.35 ], [ 281247.5, 4160365.44 ], [ 281247.53, 4160365.53 ], [ 281247.56, 4160365.62 ], [ 281247.57, 4160365.72 ], [ 281247.58, 4160365.82 ], [ 281247.57, 4160365.92 ], [ 281247.55, 4160366.01 ], [ 281247.53, 4160366.11 ], [ 281247.5, 4160366.2 ], [ 281247.45, 4160366.29 ], [ 281247.4, 4160366.38 ], [ 281247.34, 4160366.45 ], [ 281247.28, 4160366.53 ], [ 281247.2, 4160366.59 ], [ 281243.81, 4160369.32 ], [ 281243.61, 4160370.37 ], [ 281241.58, 4160373.06 ], [ 281239.82, 4160373.94 ], [ 281239.89, 4160374.08 ], [ 281238.24, 4160374.96 ], [ 281235.77, 4160378.66 ], [ 281236.14, 4160379.48 ], [ 281238.78, 4160377.55 ], [ 281238.86, 4160377.5 ], [ 281238.94, 4160377.46 ], [ 281239.04, 4160377.42 ], [ 281239.13, 4160377.39 ], [ 281239.23, 4160377.37 ], [ 281239.32, 4160377.36 ], [ 281239.42, 4160377.36 ], [ 281239.52, 4160377.37 ], [ 281239.61, 4160377.39 ], [ 281239.71, 4160377.42 ], [ 281239.8, 4160377.46 ], [ 281239.88, 4160377.51 ], [ 281239.96, 4160377.56 ], [ 281240.04, 4160377.62 ], [ 281240.11, 4160377.69 ], [ 281240.17, 4160377.77 ], [ 281244.31, 4160383.39 ], [ 281244.37, 4160383.47 ], [ 281244.42, 4160383.56 ], [ 281244.45, 4160383.65 ], [ 281244.48, 4160383.74 ], [ 281244.5, 4160383.84 ], [ 281244.51, 4160383.94 ], [ 281244.51, 4160384.03 ], [ 281250.0, 4160379.72 ], [ 281250.0, 4160352.63 ], [ 281247.77, 4160352.63 ], [ 281246.91, 4160352.35 ], [ 281244.83, 4160350.85 ], [ 281244.3, 4160350.13 ], [ 281242.9, 4160345.94 ], [ 281242.88, 4160345.09 ], [ 281243.52, 4160342.74 ], [ 281243.97, 4160342.02 ], [ 281250.0, 4160336.74 ], [ 281250.0, 4160321.18 ], [ 281218.13, 4160346.49 ], [ 281218.13, 4160348.38 ], [ 281218.05, 4160348.86 ], [ 281217.61, 4160350.2 ], [ 281217.39, 4160350.62 ], [ 281210.24, 4160360.15 ], [ 281209.72, 4160360.58 ], [ 281207.94, 4160361.47 ], [ 281207.28, 4160361.63 ], [ 281203.73, 4160361.63 ], [ 281202.71, 4160361.2 ], [ 281201.33, 4160359.83 ], [ 281186.02, 4160371.99 ], [ 281197.13, 4160386.16 ], [ 281197.13, 4160382.92 ], [ 281195.85, 4160381.3 ], [ 281195.79, 4160381.22 ], [ 281195.74, 4160381.13 ], [ 281195.7, 4160381.04 ], [ 281195.67, 4160380.95 ], [ 281195.65, 4160380.85 ] ] ], [ [ [ 281138.53, 4160360.55 ], [ 281136.01, 4160359.75 ], [ 281135.22, 4160360.54 ], [ 281134.74, 4160360.86 ], [ 281134.42, 4160360.99 ], [ 281132.9, 4160362.18 ], [ 281132.82, 4160362.24 ], [ 281132.74, 4160362.29 ], [ 281132.65, 4160362.33 ], [ 281132.56, 4160362.36 ], [ 281132.46, 4160362.38 ], [ 281132.36, 4160362.39 ], [ 281132.27, 4160362.4 ], [ 281132.17, 4160362.39 ], [ 281132.07, 4160362.37 ], [ 281131.98, 4160362.35 ], [ 281131.89, 4160362.31 ], [ 281131.8, 4160362.27 ], [ 281131.72, 4160362.22 ], [ 281131.64, 4160362.16 ], [ 281131.57, 4160362.09 ], [ 281131.5, 4160362.02 ], [ 281131.19, 4160361.63 ], [ 281125.13, 4160361.63 ], [ 281122.53, 4160364.23 ], [ 281123.01, 4160364.84 ], [ 281123.07, 4160364.92 ], [ 281123.12, 4160365.0 ], [ 281123.16, 4160365.09 ], [ 281123.19, 4160365.19 ], [ 281123.21, 4160365.28 ], [ 281123.22, 4160365.38 ], [ 281123.23, 4160365.48 ], [ 281123.22, 4160365.58 ], [ 281123.2, 4160365.67 ], [ 281123.18, 4160365.77 ], [ 281123.14, 4160365.86 ], [ 281123.1, 4160365.95 ], [ 281123.05, 4160366.03 ], [ 281122.99, 4160366.11 ], [ 281122.92, 4160366.18 ], [ 281122.85, 4160366.25 ], [ 281122.13, 4160366.81 ], [ 281122.13, 4160367.78 ], [ 281121.82, 4160368.68 ], [ 281120.17, 4160370.8 ], [ 281119.37, 4160371.32 ], [ 281112.4, 4160373.06 ], [ 281111.21, 4160374.58 ], [ 281111.58, 4160375.05 ], [ 281111.63, 4160375.13 ], [ 281111.68, 4160375.21 ], [ 281111.72, 4160375.3 ], [ 281111.75, 4160375.4 ], [ 281111.78, 4160375.49 ], [ 281111.79, 4160375.59 ], [ 281111.79, 4160375.69 ], [ 281111.79, 4160375.79 ], [ 281111.77, 4160375.88 ], [ 281111.74, 4160375.98 ], [ 281111.71, 4160376.07 ], [ 281111.66, 4160376.16 ], [ 281111.61, 4160376.24 ], [ 281111.55, 4160376.32 ], [ 281111.48, 4160376.39 ], [ 281111.41, 4160376.45 ], [ 281110.13, 4160377.46 ], [ 281110.13, 4160379.78 ], [ 281109.82, 4160380.68 ], [ 281108.17, 4160382.8 ], [ 281107.37, 4160383.32 ], [ 281099.73, 4160385.23 ], [ 281099.27, 4160385.65 ], [ 281099.22, 4160385.73 ], [ 281099.16, 4160385.81 ], [ 281099.09, 4160385.88 ], [ 281099.02, 4160385.95 ], [ 281098.51, 4160386.35 ], [ 281097.61, 4160387.19 ], [ 281096.19, 4160391.45 ], [ 281095.51, 4160392.26 ], [ 281092.93, 4160393.68 ], [ 281091.89, 4160393.81 ], [ 281086.86, 4160392.56 ], [ 281084.19, 4160394.64 ], [ 281084.19, 4160394.65 ], [ 281084.17, 4160394.75 ], [ 281084.15, 4160394.84 ], [ 281084.11, 4160394.93 ], [ 281084.07, 4160395.02 ], [ 281084.02, 4160395.11 ], [ 281083.96, 4160395.18 ], [ 281083.89, 4160395.25 ], [ 281083.81, 4160395.32 ], [ 281083.13, 4160395.85 ], [ 281083.13, 4160396.09 ], [ 281083.02, 4160396.66 ], [ 281082.37, 4160398.23 ], [ 281081.88, 4160398.96 ], [ 281084.37, 4160403.63 ], [ 281084.38, 4160403.63 ], [ 281092.41, 4160397.47 ], [ 281109.8, 4160383.63 ], [ 281137.6, 4160361.29 ], [ 281137.61, 4160361.29 ], [ 281138.53, 4160360.55 ] ] ], [ [ [ 281250.0, 4160404.38 ], [ 281250.0, 4160396.89 ], [ 281247.77, 4160401.36 ], [ 281250.0, 4160404.38 ] ] ], [ [ [ 281211.56, 4160402.11 ], [ 281211.54, 4160402.01 ], [ 281211.53, 4160401.92 ], [ 281211.52, 4160401.82 ], [ 281211.52, 4160401.72 ], [ 281211.54, 4160401.62 ], [ 281211.56, 4160401.53 ], [ 281211.59, 4160401.43 ], [ 281211.64, 4160401.34 ], [ 281211.69, 4160401.26 ], [ 281211.74, 4160401.18 ], [ 281211.81, 4160401.11 ], [ 281211.88, 4160401.04 ], [ 281216.65, 4160397.1 ], [ 281216.73, 4160397.04 ], [ 281216.81, 4160396.99 ], [ 281216.9, 4160396.94 ], [ 281216.99, 4160396.91 ], [ 281217.09, 4160396.89 ], [ 281217.18, 4160396.87 ], [ 281217.28, 4160396.87 ], [ 281217.38, 4160396.87 ], [ 281217.48, 4160396.89 ], [ 281217.57, 4160396.91 ], [ 281217.66, 4160396.94 ], [ 281217.75, 4160396.98 ], [ 281217.84, 4160397.03 ], [ 281217.92, 4160397.09 ], [ 281217.99, 4160397.16 ], [ 281218.06, 4160397.23 ], [ 281221.85, 4160401.81 ], [ 281227.49, 4160397.38 ], [ 281227.43, 4160396.81 ], [ 281227.46, 4160396.29 ], [ 281227.98, 4160394.24 ], [ 281225.19, 4160390.86 ], [ 281225.13, 4160390.78 ], [ 281225.08, 4160390.69 ], [ 281225.04, 4160390.61 ], [ 281225.0, 4160390.51 ], [ 281224.98, 4160390.42 ], [ 281224.96, 4160390.32 ], [ 281224.96, 4160390.22 ], [ 281224.96, 4160390.13 ], [ 281224.98, 4160390.03 ], [ 281225.0, 4160389.93 ], [ 281225.03, 4160389.84 ], [ 281225.08, 4160389.75 ], [ 281225.13, 4160389.67 ], [ 281225.18, 4160389.59 ], [ 281225.25, 4160389.52 ], [ 281225.32, 4160389.45 ], [ 281227.72, 4160387.46 ], [ 281226.29, 4160385.63 ], [ 281215.13, 4160385.63 ], [ 281212.13, 4160388.63 ], [ 281212.13, 4160389.89 ], [ 281213.77, 4160391.96 ], [ 281213.83, 4160392.04 ], [ 281213.87, 4160392.13 ], [ 281213.91, 4160392.22 ], [ 281213.95, 4160392.31 ], [ 281213.97, 4160392.41 ], [ 281213.98, 4160392.51 ], [ 281213.98, 4160392.6 ], [ 281213.98, 4160392.7 ], [ 281213.96, 4160392.8 ], [ 281213.93, 4160392.89 ], [ 281213.9, 4160392.99 ], [ 281213.86, 4160393.07 ], [ 281213.8, 4160393.16 ], [ 281213.74, 4160393.23 ], [ 281213.68, 4160393.31 ], [ 281213.6, 4160393.37 ], [ 281211.23, 4160395.23 ], [ 281211.15, 4160395.29 ], [ 281211.06, 4160395.34 ], [ 281210.97, 4160395.38 ], [ 281210.88, 4160395.41 ], [ 281210.79, 4160395.43 ], [ 281210.69, 4160395.44 ], [ 281210.59, 4160395.44 ], [ 281210.49, 4160395.44 ], [ 281210.4, 4160395.42 ], [ 281210.3, 4160395.4 ], [ 281210.21, 4160395.36 ], [ 281210.12, 4160395.32 ], [ 281210.04, 4160395.27 ], [ 281209.96, 4160395.21 ], [ 281209.89, 4160395.14 ], [ 281209.83, 4160395.06 ], [ 281209.25, 4160394.33 ], [ 281208.53, 4160394.63 ], [ 281204.67, 4160394.63 ], [ 281204.1, 4160394.51 ], [ 281203.48, 4160394.25 ], [ 281214.15, 4160407.86 ], [ 281214.46, 4160407.61 ], [ 281213.68, 4160405.26 ], [ 281213.74, 4160404.85 ], [ 281211.75, 4160402.45 ], [ 281211.69, 4160402.37 ], [ 281211.64, 4160402.29 ], [ 281211.6, 4160402.2 ], [ 281211.56, 4160402.11 ] ] ], [ [ [ 281048.53, 4160394.28 ], [ 281048.57, 4160394.37 ], [ 281048.61, 4160394.47 ], [ 281048.63, 4160394.57 ], [ 281048.64, 4160394.67 ], [ 281048.64, 4160394.77 ], [ 281048.63, 4160394.87 ], [ 281048.61, 4160394.97 ], [ 281048.59, 4160395.06 ], [ 281048.55, 4160395.16 ], [ 281048.5, 4160395.24 ], [ 281048.45, 4160395.33 ], [ 281048.38, 4160395.41 ], [ 281048.31, 4160395.48 ], [ 281048.23, 4160395.54 ], [ 281048.16, 4160395.6 ], [ 281048.4, 4160395.93 ], [ 281048.45, 4160396.01 ], [ 281048.5, 4160396.1 ], [ 281048.54, 4160396.19 ], [ 281048.56, 4160396.29 ], [ 281048.58, 4160396.38 ], [ 281048.59, 4160396.48 ], [ 281048.59, 4160396.58 ], [ 281048.58, 4160396.68 ], [ 281048.56, 4160396.78 ], [ 281048.52, 4160396.87 ], [ 281048.48, 4160396.97 ], [ 281048.43, 4160397.05 ], [ 281048.38, 4160397.13 ], [ 281048.31, 4160397.21 ], [ 281048.24, 4160397.28 ], [ 281048.16, 4160397.34 ], [ 281045.64, 4160399.07 ], [ 281044.85, 4160403.04 ], [ 281047.01, 4160405.68 ], [ 281050.55, 4160403.38 ], [ 281050.63, 4160403.33 ], [ 281050.72, 4160403.29 ], [ 281050.81, 4160403.26 ], [ 281050.9, 4160403.24 ], [ 281050.99, 4160403.22 ], [ 281051.09, 4160403.22 ], [ 281051.19, 4160403.22 ], [ 281051.28, 4160403.24 ], [ 281051.38, 4160403.26 ], [ 281051.47, 4160403.29 ], [ 281051.55, 4160403.33 ], [ 281051.64, 4160403.38 ], [ 281051.71, 4160403.43 ], [ 281051.79, 4160403.5 ], [ 281051.85, 4160403.57 ], [ 281051.91, 4160403.64 ], [ 281054.03, 4160406.67 ], [ 281054.63, 4160406.85 ], [ 281056.6, 4160408.06 ], [ 281057.15, 4160408.66 ], [ 281058.44, 4160411.25 ], [ 281058.6, 4160411.81 ], [ 281058.71, 4160413.36 ], [ 281061.16, 4160416.87 ], [ 281061.21, 4160416.95 ], [ 281061.26, 4160417.04 ], [ 281061.29, 4160417.13 ], [ 281061.32, 4160417.23 ], [ 281061.34, 4160417.32 ], [ 281061.34, 4160417.42 ], [ 281061.34, 4160417.52 ], [ 281061.33, 4160417.62 ], [ 281061.3, 4160417.71 ], [ 281061.27, 4160417.81 ], [ 281061.23, 4160417.9 ], [ 281061.18, 4160417.98 ], [ 281061.13, 4160418.06 ], [ 281061.06, 4160418.14 ], [ 281060.99, 4160418.2 ], [ 281060.91, 4160418.26 ], [ 281056.14, 4160421.59 ], [ 281054.27, 4160427.2 ], [ 281069.2, 4160415.27 ], [ 281069.22, 4160415.25 ], [ 281076.69, 4160409.53 ], [ 281073.53, 4160406.84 ], [ 281073.45, 4160406.45 ], [ 281072.59, 4160406.63 ], [ 281067.11, 4160406.63 ], [ 281066.41, 4160406.45 ], [ 281064.57, 4160405.46 ], [ 281064.04, 4160404.98 ], [ 281059.97, 4160398.88 ], [ 281058.89, 4160397.9 ], [ 281058.16, 4160397.51 ], [ 281057.51, 4160396.81 ], [ 281056.64, 4160394.84 ], [ 281057.03, 4160393.26 ], [ 281058.74, 4160391.93 ], [ 281059.63, 4160391.63 ], [ 281060.34, 4160391.63 ], [ 281060.34, 4160391.62 ], [ 281060.39, 4160391.54 ], [ 281060.45, 4160391.46 ], [ 281060.52, 4160391.39 ], [ 281060.59, 4160391.33 ], [ 281064.23, 4160388.47 ], [ 281065.02, 4160387.29 ], [ 281062.77, 4160383.07 ], [ 281059.31, 4160385.68 ], [ 281059.23, 4160385.74 ], [ 281059.14, 4160385.78 ], [ 281059.05, 4160385.82 ], [ 281058.96, 4160385.85 ], [ 281058.86, 4160385.87 ], [ 281058.76, 4160385.88 ], [ 281058.67, 4160385.88 ], [ 281058.57, 4160385.87 ], [ 281058.47, 4160385.86 ], [ 281058.38, 4160385.83 ], [ 281058.29, 4160385.79 ], [ 281058.2, 4160385.75 ], [ 281058.12, 4160385.69 ], [ 281058.04, 4160385.63 ], [ 281057.97, 4160385.56 ], [ 281057.91, 4160385.49 ], [ 281055.73, 4160382.63 ], [ 281050.16, 4160382.63 ], [ 281044.24, 4160387.29 ], [ 281046.28, 4160390.35 ], [ 281046.5, 4160390.88 ], [ 281046.71, 4160391.96 ], [ 281048.42, 4160394.11 ], [ 281048.48, 4160394.2 ], [ 281048.53, 4160394.28 ] ] ], [ [ [ 281231.84, 4160425.7 ], [ 281231.79, 4160425.63 ], [ 281231.74, 4160425.55 ], [ 281231.69, 4160425.46 ], [ 281231.65, 4160425.37 ], [ 281231.62, 4160425.28 ], [ 281231.6, 4160425.18 ], [ 281231.59, 4160425.09 ], [ 281231.59, 4160424.99 ], [ 281231.6, 4160424.89 ], [ 281231.62, 4160424.79 ], [ 281231.64, 4160424.7 ], [ 281231.68, 4160424.61 ], [ 281231.73, 4160424.52 ], [ 281231.78, 4160424.44 ], [ 281231.84, 4160424.36 ], [ 281231.91, 4160424.29 ], [ 281231.99, 4160424.23 ], [ 281235.6, 4160421.5 ], [ 281235.68, 4160421.44 ], [ 281235.77, 4160421.4 ], [ 281235.86, 4160421.36 ], [ 281235.95, 4160421.33 ], [ 281236.05, 4160421.31 ], [ 281236.14, 4160421.3 ], [ 281236.24, 4160421.3 ], [ 281236.34, 4160421.31 ], [ 281236.43, 4160421.33 ], [ 281236.53, 4160421.35 ], [ 281236.62, 4160421.39 ], [ 281236.71, 4160421.43 ], [ 281236.79, 4160421.49 ], [ 281236.86, 4160421.55 ], [ 281236.93, 4160421.62 ], [ 281237.0, 4160421.69 ], [ 281237.78, 4160422.71 ], [ 281238.56, 4160422.12 ], [ 281238.64, 4160422.07 ], [ 281238.73, 4160422.02 ], [ 281238.75, 4160422.01 ], [ 281240.21, 4160420.54 ], [ 281239.74, 4160419.95 ], [ 281239.68, 4160419.87 ], [ 281239.64, 4160419.78 ], [ 281239.6, 4160419.7 ], [ 281239.56, 4160419.6 ], [ 281239.54, 4160419.51 ], [ 281239.53, 4160419.41 ], [ 281239.53, 4160419.31 ], [ 281239.53, 4160419.21 ], [ 281239.55, 4160419.11 ], [ 281239.58, 4160419.02 ], [ 281239.61, 4160418.93 ], [ 281239.65, 4160418.84 ], [ 281239.71, 4160418.76 ], [ 281239.77, 4160418.68 ], [ 281239.83, 4160418.61 ], [ 281239.91, 4160418.54 ], [ 281242.96, 4160416.15 ], [ 281243.04, 4160416.1 ], [ 281243.12, 4160416.05 ], [ 281243.21, 4160416.01 ], [ 281243.3, 4160415.98 ], [ 281243.4, 4160415.96 ], [ 281243.5, 4160415.94 ], [ 281243.6, 4160415.94 ], [ 281243.69, 4160415.95 ], [ 281243.79, 4160415.96 ], [ 281243.88, 4160415.99 ], [ 281243.98, 4160416.02 ], [ 281244.0, 4160416.04 ], [ 281242.63, 4160411.53 ], [ 281234.91, 4160409.98 ], [ 281234.3, 4160409.71 ], [ 281232.75, 4160408.52 ], [ 281232.32, 4160408.01 ], [ 281229.93, 4160403.22 ], [ 281222.53, 4160409.03 ], [ 281223.98, 4160417.71 ], [ 281223.99, 4160418.07 ], [ 281223.91, 4160419.15 ], [ 281223.84, 4160419.51 ], [ 281223.67, 4160420.0 ], [ 281228.75, 4160426.47 ], [ 281231.84, 4160425.7 ] ] ], [ [ [ 281080.13, 4160459.15 ], [ 281103.89, 4160439.6 ], [ 281103.96, 4160439.55 ], [ 281111.2, 4160434.2 ], [ 281111.35, 4160434.1 ], [ 281111.5, 4160434.02 ], [ 281111.67, 4160433.95 ], [ 281111.84, 4160433.9 ], [ 281112.01, 4160433.87 ], [ 281112.19, 4160433.85 ], [ 281112.36, 4160433.85 ], [ 281112.54, 4160433.87 ], [ 281112.71, 4160433.91 ], [ 281112.88, 4160433.96 ], [ 281113.04, 4160434.03 ], [ 281113.2, 4160434.11 ], [ 281113.34, 4160434.21 ], [ 281113.48, 4160434.32 ], [ 281113.61, 4160434.44 ], [ 281113.72, 4160434.58 ], [ 281113.82, 4160434.73 ], [ 281113.9, 4160434.88 ], [ 281113.97, 4160435.05 ], [ 281114.02, 4160435.22 ], [ 281114.05, 4160435.39 ], [ 281114.07, 4160435.57 ], [ 281114.07, 4160435.74 ], [ 281114.05, 4160435.92 ], [ 281114.01, 4160436.09 ], [ 281113.96, 4160436.26 ], [ 281113.89, 4160436.42 ], [ 281113.81, 4160436.58 ], [ 281113.71, 4160436.73 ], [ 281113.6, 4160436.86 ], [ 281113.48, 4160436.99 ], [ 281113.34, 4160437.1 ], [ 281106.14, 4160442.41 ], [ 281080.13, 4160463.81 ], [ 281080.13, 4160464.28 ], [ 281082.04, 4160466.73 ], [ 281084.94, 4160464.47 ], [ 281085.02, 4160464.42 ], [ 281085.1, 4160464.37 ], [ 281085.19, 4160464.33 ], [ 281085.28, 4160464.3 ], [ 281085.38, 4160464.28 ], [ 281085.48, 4160464.26 ], [ 281085.57, 4160464.26 ], [ 281085.67, 4160464.27 ], [ 281085.77, 4160464.29 ], [ 281085.86, 4160464.31 ], [ 281085.95, 4160464.35 ], [ 281086.04, 4160464.39 ], [ 281086.12, 4160464.44 ], [ 281086.2, 4160464.5 ], [ 281086.27, 4160464.57 ], [ 281086.34, 4160464.64 ], [ 281089.1, 4160468.15 ], [ 281092.13, 4160465.78 ], [ 281092.13, 4160465.31 ], [ 281089.87, 4160462.53 ], [ 281089.81, 4160462.45 ], [ 281089.76, 4160462.36 ], [ 281089.72, 4160462.27 ], [ 281089.68, 4160462.18 ], [ 281089.66, 4160462.09 ], [ 281089.65, 4160461.99 ], [ 281089.64, 4160461.89 ], [ 281089.65, 4160461.79 ], [ 281089.66, 4160461.69 ], [ 281089.69, 4160461.6 ], [ 281089.72, 4160461.51 ], [ 281089.76, 4160461.42 ], [ 281089.81, 4160461.33 ], [ 281089.87, 4160461.25 ], [ 281089.94, 4160461.18 ], [ 281090.01, 4160461.12 ], [ 281092.13, 4160459.41 ], [ 281092.13, 4160459.16 ], [ 281092.24, 4160458.6 ], [ 281092.9, 4160457.02 ], [ 281093.22, 4160456.54 ], [ 281097.04, 4160452.71 ], [ 281097.53, 4160452.39 ], [ 281099.1, 4160451.74 ], [ 281099.67, 4160451.63 ], [ 281104.13, 4160451.63 ], [ 281107.13, 4160448.63 ], [ 281107.13, 4160445.1 ], [ 281106.97, 4160444.89 ], [ 281106.92, 4160444.81 ], [ 281106.87, 4160444.73 ], [ 281106.83, 4160444.64 ], [ 281106.8, 4160444.54 ], [ 281106.77, 4160444.45 ], [ 281106.76, 4160444.35 ], [ 281106.76, 4160444.25 ], [ 281106.77, 4160444.15 ], [ 281106.78, 4160444.06 ], [ 281106.81, 4160443.96 ], [ 281106.84, 4160443.87 ], [ 281106.89, 4160443.78 ], [ 281106.94, 4160443.7 ], [ 281107.0, 4160443.62 ], [ 281107.07, 4160443.55 ], [ 281107.14, 4160443.49 ], [ 281107.97, 4160442.85 ], [ 281108.4, 4160442.09 ], [ 281108.92, 4160441.55 ], [ 281120.48, 4160434.62 ], [ 281121.92, 4160431.71 ], [ 281121.84, 4160431.02 ], [ 281122.03, 4160430.12 ], [ 281123.07, 4160428.31 ], [ 281125.05, 4160427.45 ], [ 281125.13, 4160427.43 ], [ 281125.13, 4160427.63 ], [ 281129.89, 4160427.63 ], [ 281131.92, 4160426.78 ], [ 281132.14, 4160426.61 ], [ 281139.04, 4160419.71 ], [ 281139.53, 4160419.39 ], [ 281141.1, 4160418.74 ], [ 281141.67, 4160418.63 ], [ 281143.15, 4160418.63 ], [ 281144.83, 4160417.28 ], [ 281144.91, 4160417.22 ], [ 281145.0, 4160417.17 ], [ 281145.09, 4160417.13 ], [ 281145.18, 4160417.1 ], [ 281145.28, 4160417.08 ], [ 281145.37, 4160417.07 ], [ 281145.47, 4160417.06 ], [ 281145.57, 4160417.07 ], [ 281145.66, 4160417.08 ], [ 281145.76, 4160417.11 ], [ 281145.85, 4160417.14 ], [ 281145.94, 4160417.19 ], [ 281146.02, 4160417.24 ], [ 281146.1, 4160417.3 ], [ 281146.17, 4160417.36 ], [ 281146.24, 4160417.44 ], [ 281148.07, 4160419.71 ], [ 281150.28, 4160420.15 ], [ 281152.13, 4160417.38 ], [ 281152.13, 4160411.88 ], [ 281151.94, 4160411.63 ], [ 281151.88, 4160411.55 ], [ 281151.84, 4160411.46 ], [ 281151.8, 4160411.37 ], [ 281151.77, 4160411.28 ], [ 281151.75, 4160411.18 ], [ 281151.73, 4160411.08 ], [ 281151.73, 4160410.98 ], [ 281151.74, 4160410.89 ], [ 281151.76, 4160410.79 ], [ 281151.79, 4160410.7 ], [ 281151.82, 4160410.6 ], [ 281151.87, 4160410.52 ], [ 281151.92, 4160410.43 ], [ 281151.98, 4160410.36 ], [ 281152.05, 4160410.29 ], [ 281152.13, 4160410.22 ], [ 281152.13, 4160409.73 ], [ 281151.14, 4160408.44 ], [ 281151.08, 4160408.36 ], [ 281151.04, 4160408.27 ], [ 281151.0, 4160408.18 ], [ 281150.97, 4160408.09 ], [ 281150.95, 4160407.99 ], [ 281150.93, 4160407.89 ], [ 281150.93, 4160407.8 ], [ 281150.94, 4160407.7 ], [ 281150.96, 4160407.6 ], [ 281150.99, 4160407.51 ], [ 281151.02, 4160407.42 ], [ 281151.07, 4160407.33 ], [ 281151.12, 4160407.25 ], [ 281151.18, 4160407.17 ], [ 281151.25, 4160407.1 ], [ 281151.33, 4160407.03 ], [ 281157.97, 4160401.97 ], [ 281158.05, 4160401.92 ], [ 281158.14, 4160401.87 ], [ 281158.23, 4160401.83 ], [ 281158.32, 4160401.8 ], [ 281158.42, 4160401.78 ], [ 281158.52, 4160401.77 ], [ 281158.61, 4160401.77 ], [ 281158.71, 4160401.78 ], [ 281158.81, 4160401.8 ], [ 281158.9, 4160401.82 ], [ 281158.99, 4160401.86 ], [ 281159.08, 4160401.9 ], [ 281159.16, 4160401.96 ], [ 281159.24, 4160402.02 ], [ 281159.31, 4160402.09 ], [ 281159.37, 4160402.16 ], [ 281161.03, 4160404.32 ], [ 281166.88, 4160399.8 ], [ 281166.96, 4160399.74 ], [ 281167.05, 4160399.7 ], [ 281167.14, 4160399.66 ], [ 281167.23, 4160399.63 ], [ 281167.33, 4160399.6 ], [ 281167.35, 4160399.6 ], [ 281174.8, 4160390.29 ], [ 281174.81, 4160390.23 ], [ 281174.82, 4160390.14 ], [ 281174.85, 4160390.04 ], [ 281174.88, 4160389.95 ], [ 281174.93, 4160389.86 ], [ 281174.98, 4160389.78 ], [ 281175.04, 4160389.7 ], [ 281175.11, 4160389.63 ], [ 281175.18, 4160389.57 ], [ 281180.59, 4160385.35 ], [ 281180.67, 4160385.29 ], [ 281180.75, 4160385.24 ], [ 281180.84, 4160385.2 ], [ 281180.94, 4160385.17 ], [ 281181.03, 4160385.15 ], [ 281181.13, 4160385.14 ], [ 281181.23, 4160385.14 ], [ 281181.32, 4160385.14 ], [ 281181.42, 4160385.16 ], [ 281181.51, 4160385.19 ], [ 281181.61, 4160385.22 ], [ 281181.69, 4160385.27 ], [ 281181.78, 4160385.32 ], [ 281181.85, 4160385.38 ], [ 281181.93, 4160385.45 ], [ 281181.99, 4160385.52 ], [ 281184.69, 4160388.96 ], [ 281185.74, 4160389.39 ], [ 281186.22, 4160389.71 ], [ 281190.04, 4160393.54 ], [ 281190.37, 4160394.02 ], [ 281191.02, 4160395.6 ], [ 281191.13, 4160396.16 ], [ 281191.13, 4160397.15 ], [ 281192.97, 4160399.49 ], [ 281193.02, 4160399.57 ], [ 281193.07, 4160399.65 ], [ 281193.11, 4160399.74 ], [ 281193.14, 4160399.84 ], [ 281193.16, 4160399.93 ], [ 281193.18, 4160400.03 ], [ 281193.18, 4160400.13 ], [ 281193.17, 4160400.23 ], [ 281193.16, 4160400.32 ], [ 281193.13, 4160400.42 ], [ 281193.09, 4160400.51 ], [ 281193.05, 4160400.6 ], [ 281193.0, 4160400.68 ], [ 281192.94, 4160400.76 ], [ 281192.87, 4160400.83 ], [ 281192.79, 4160400.89 ], [ 281191.13, 4160402.19 ], [ 281191.13, 4160403.16 ], [ 281191.24, 4160403.31 ], [ 281191.3, 4160403.39 ], [ 281191.35, 4160403.47 ], [ 281191.39, 4160403.56 ], [ 281191.42, 4160403.66 ], [ 281191.44, 4160403.75 ], [ 281191.46, 4160403.85 ], [ 281191.46, 4160403.95 ], [ 281191.45, 4160404.05 ], [ 281191.43, 4160404.15 ], [ 281191.41, 4160404.24 ], [ 281191.37, 4160404.33 ], [ 281191.33, 4160404.42 ], [ 281191.28, 4160404.5 ], [ 281191.22, 4160404.58 ], [ 281191.15, 4160404.65 ], [ 281191.13, 4160404.67 ], [ 281191.13, 4160406.03 ], [ 281190.71, 4160407.05 ], [ 281188.55, 4160409.2 ], [ 281186.98, 4160409.85 ], [ 281185.13, 4160412.63 ], [ 281185.13, 4160418.63 ], [ 281186.63, 4160420.12 ], [ 281189.47, 4160418.08 ], [ 281189.55, 4160418.03 ], [ 281189.64, 4160417.99 ], [ 281189.73, 4160417.95 ], [ 281189.82, 4160417.92 ], [ 281189.92, 4160417.9 ], [ 281190.01, 4160417.9 ], [ 281190.11, 4160417.9 ], [ 281190.21, 4160417.91 ], [ 281190.31, 4160417.93 ], [ 281190.4, 4160417.96 ], [ 281190.49, 4160418.0 ], [ 281190.58, 4160418.05 ], [ 281190.66, 4160418.1 ], [ 281190.73, 4160418.16 ], [ 281190.8, 4160418.24 ], [ 281190.86, 4160418.31 ], [ 281194.31, 4160423.11 ], [ 281194.36, 4160423.19 ], [ 281194.41, 4160423.28 ], [ 281194.45, 4160423.37 ], [ 281194.47, 4160423.46 ], [ 281194.49, 4160423.56 ], [ 281194.5, 4160423.62 ], [ 281207.41, 4160413.21 ], [ 281181.48, 4160380.15 ], [ 281174.37, 4160381.16 ], [ 281124.28, 4160420.49 ], [ 281124.26, 4160420.51 ], [ 281124.25, 4160420.51 ], [ 281090.73, 4160446.83 ], [ 281089.72, 4160449.87 ], [ 281089.36, 4160450.45 ], [ 281087.96, 4160451.85 ], [ 281087.38, 4160452.21 ], [ 281082.18, 4160453.94 ], [ 281080.13, 4160456.79 ], [ 281080.13, 4160459.15 ] ] ], [ [ [ 281158.72, 4160433.09 ], [ 281158.74, 4160433.19 ], [ 281158.76, 4160433.29 ], [ 281158.76, 4160433.38 ], [ 281158.75, 4160433.48 ], [ 281158.74, 4160433.58 ], [ 281158.71, 4160433.68 ], [ 281158.68, 4160433.77 ], [ 281158.64, 4160433.86 ], [ 281158.58, 4160433.94 ], [ 281158.52, 4160434.02 ], [ 281158.46, 4160434.09 ], [ 281158.38, 4160434.15 ], [ 281156.32, 4160435.8 ], [ 281156.95, 4160436.59 ], [ 281157.01, 4160436.67 ], [ 281157.06, 4160436.75 ], [ 281157.1, 4160436.84 ], [ 281157.13, 4160436.93 ], [ 281157.16, 4160437.03 ], [ 281157.17, 4160437.13 ], [ 281157.17, 4160437.22 ], [ 281157.17, 4160437.32 ], [ 281157.15, 4160437.42 ], [ 281157.13, 4160437.52 ], [ 281157.09, 4160437.61 ], [ 281157.05, 4160437.7 ], [ 281157.0, 4160437.78 ], [ 281156.94, 4160437.86 ], [ 281156.87, 4160437.93 ], [ 281156.8, 4160438.0 ], [ 281153.52, 4160440.6 ], [ 281153.44, 4160440.66 ], [ 281153.36, 4160440.71 ], [ 281153.27, 4160440.75 ], [ 281153.18, 4160440.78 ], [ 281153.08, 4160440.8 ], [ 281152.99, 4160440.82 ], [ 281152.89, 4160440.82 ], [ 281152.79, 4160440.81 ], [ 281152.69, 4160440.8 ], [ 281152.6, 4160440.77 ], [ 281152.51, 4160440.74 ], [ 281152.42, 4160440.7 ], [ 281152.34, 4160440.65 ], [ 281152.26, 4160440.59 ], [ 281152.23, 4160440.56 ], [ 281151.77, 4160440.89 ], [ 281150.5, 4160441.08 ], [ 281146.96, 4160439.9 ], [ 281145.28, 4160439.84 ], [ 281143.79, 4160440.21 ], [ 281142.69, 4160441.05 ], [ 281142.61, 4160441.11 ], [ 281142.53, 4160441.16 ], [ 281142.44, 4160441.2 ], [ 281142.34, 4160441.23 ], [ 281142.25, 4160441.25 ], [ 281142.15, 4160441.26 ], [ 281142.05, 4160441.26 ], [ 281141.96, 4160441.25 ], [ 281141.86, 4160441.24 ], [ 281141.77, 4160441.21 ], [ 281141.68, 4160441.17 ], [ 281141.59, 4160441.13 ], [ 281141.51, 4160441.08 ], [ 281141.43, 4160441.02 ], [ 281141.36, 4160440.95 ], [ 281141.29, 4160440.88 ], [ 281141.27, 4160440.84 ], [ 281136.4, 4160442.06 ], [ 281134.13, 4160444.97 ], [ 281134.13, 4160445.03 ], [ 281133.71, 4160446.05 ], [ 281131.55, 4160448.2 ], [ 281130.53, 4160448.63 ], [ 281127.47, 4160448.63 ], [ 281124.56, 4160450.9 ], [ 281124.38, 4160451.64 ], [ 281124.41, 4160451.69 ], [ 281124.47, 4160451.77 ], [ 281124.52, 4160451.86 ], [ 281124.56, 4160451.95 ], [ 281124.59, 4160452.04 ], [ 281124.61, 4160452.14 ], [ 281124.62, 4160452.23 ], [ 281124.63, 4160452.33 ], [ 281124.62, 4160452.43 ], [ 281124.6, 4160452.53 ], [ 281124.58, 4160452.62 ], [ 281124.54, 4160452.71 ], [ 281124.5, 4160452.8 ], [ 281124.44, 4160452.88 ], [ 281124.38, 4160452.96 ], [ 281124.31, 4160453.03 ], [ 281124.24, 4160453.1 ], [ 281123.96, 4160453.32 ], [ 281119.62, 4160470.66 ], [ 281119.27, 4160471.31 ], [ 281117.83, 4160472.87 ], [ 281117.21, 4160473.27 ], [ 281112.18, 4160474.94 ], [ 281110.13, 4160477.79 ], [ 281110.13, 4160477.81 ], [ 281110.21, 4160477.8 ], [ 281110.31, 4160477.8 ], [ 281110.41, 4160477.81 ], [ 281110.5, 4160477.83 ], [ 281110.6, 4160477.85 ], [ 281110.69, 4160477.89 ], [ 281110.77, 4160477.93 ], [ 281110.86, 4160477.99 ], [ 281110.93, 4160478.05 ], [ 281111.0, 4160478.11 ], [ 281111.07, 4160478.19 ], [ 281115.16, 4160483.45 ], [ 281115.22, 4160483.53 ], [ 281115.26, 4160483.62 ], [ 281115.3, 4160483.71 ], [ 281115.33, 4160483.8 ], [ 281115.35, 4160483.9 ], [ 281115.37, 4160484.0 ], [ 281115.37, 4160484.1 ], [ 281115.36, 4160484.19 ], [ 281115.34, 4160484.29 ], [ 281115.32, 4160484.39 ], [ 281115.28, 4160484.48 ], [ 281115.24, 4160484.56 ], [ 281115.2, 4160484.63 ], [ 281118.81, 4160484.63 ], [ 281125.99, 4160478.83 ], [ 281127.42, 4160476.69 ], [ 281127.76, 4160476.33 ], [ 281128.91, 4160475.45 ], [ 281129.34, 4160475.22 ], [ 281131.27, 4160474.58 ], [ 281137.13, 4160469.86 ], [ 281137.13, 4160461.22 ], [ 281137.55, 4160460.2 ], [ 281139.71, 4160458.05 ], [ 281141.28, 4160457.4 ], [ 281143.13, 4160454.63 ], [ 281143.13, 4160452.22 ], [ 281143.55, 4160451.2 ], [ 281145.71, 4160449.05 ], [ 281146.73, 4160448.63 ], [ 281151.53, 4160448.63 ], [ 281152.1, 4160448.86 ], [ 281152.85, 4160448.35 ], [ 281152.94, 4160448.3 ], [ 281153.02, 4160448.26 ], [ 281153.12, 4160448.22 ], [ 281153.21, 4160448.2 ], [ 281153.31, 4160448.18 ], [ 281153.41, 4160448.18 ], [ 281153.5, 4160448.18 ], [ 281153.6, 4160448.2 ], [ 281153.7, 4160448.22 ], [ 281153.79, 4160448.25 ], [ 281153.88, 4160448.29 ], [ 281153.96, 4160448.34 ], [ 281154.04, 4160448.4 ], [ 281154.11, 4160448.47 ], [ 281154.18, 4160448.54 ], [ 281154.24, 4160448.62 ], [ 281157.51, 4160453.43 ], [ 281173.95, 4160440.18 ], [ 281172.32, 4160436.09 ], [ 281171.03, 4160434.57 ], [ 281170.97, 4160434.49 ], [ 281170.92, 4160434.41 ], [ 281170.88, 4160434.32 ], [ 281170.84, 4160434.23 ], [ 281170.82, 4160434.13 ], [ 281170.8, 4160434.04 ], [ 281170.79, 4160433.94 ], [ 281170.8, 4160433.84 ], [ 281170.81, 4160433.74 ], [ 281170.83, 4160433.65 ], [ 281170.87, 4160433.55 ], [ 281170.91, 4160433.46 ], [ 281170.96, 4160433.38 ], [ 281171.01, 4160433.3 ], [ 281171.08, 4160433.23 ], [ 281171.15, 4160433.16 ], [ 281173.94, 4160430.82 ], [ 281174.01, 4160430.76 ], [ 281174.1, 4160430.71 ], [ 281174.19, 4160430.67 ], [ 281174.28, 4160430.63 ], [ 281174.38, 4160430.61 ], [ 281174.47, 4160430.59 ], [ 281174.57, 4160430.59 ], [ 281174.67, 4160430.59 ], [ 281174.77, 4160430.6 ], [ 281174.87, 4160430.63 ], [ 281174.96, 4160430.66 ], [ 281175.05, 4160430.7 ], [ 281175.1, 4160430.74 ], [ 281175.91, 4160430.31 ], [ 281177.0, 4160429.32 ], [ 281178.5, 4160427.08 ], [ 281175.63, 4160422.44 ], [ 281159.93, 4160424.4 ], [ 281159.26, 4160424.33 ], [ 281157.92, 4160423.87 ], [ 281154.6, 4160424.84 ], [ 281154.43, 4160427.64 ], [ 281158.54, 4160432.75 ], [ 281158.6, 4160432.83 ], [ 281158.65, 4160432.91 ], [ 281158.69, 4160433.0 ], [ 281158.72, 4160433.09 ] ], [ [ 281160.45, 4160439.68 ], [ 281160.53, 4160439.62 ], [ 281160.62, 4160439.58 ], [ 281160.71, 4160439.55 ], [ 281160.8, 4160439.52 ], [ 281160.9, 4160439.5 ], [ 281161.0, 4160439.49 ], [ 281161.09, 4160439.5 ], [ 281161.19, 4160439.51 ], [ 281161.29, 4160439.53 ], [ 281161.38, 4160439.56 ], [ 281161.47, 4160439.6 ], [ 281161.56, 4160439.65 ], [ 281161.64, 4160439.7 ], [ 281161.71, 4160439.77 ], [ 281161.78, 4160439.84 ], [ 281161.84, 4160439.91 ], [ 281165.26, 4160444.72 ], [ 281165.32, 4160444.8 ], [ 281165.36, 4160444.89 ], [ 281165.4, 4160444.98 ], [ 281165.42, 4160445.08 ], [ 281165.44, 4160445.17 ], [ 281165.45, 4160445.27 ], [ 281165.45, 4160445.37 ], [ 281165.43, 4160445.47 ], [ 281165.41, 4160445.56 ], [ 281165.38, 4160445.66 ], [ 281165.34, 4160445.75 ], [ 281165.29, 4160445.83 ], [ 281165.24, 4160445.91 ], [ 281165.17, 4160445.99 ], [ 281165.1, 4160446.06 ], [ 281165.03, 4160446.12 ], [ 281159.82, 4160449.8 ], [ 281159.74, 4160449.85 ], [ 281159.65, 4160449.89 ], [ 281159.56, 4160449.93 ], [ 281159.46, 4160449.96 ], [ 281159.37, 4160449.97 ], [ 281159.27, 4160449.98 ], [ 281159.17, 4160449.98 ], [ 281159.07, 4160449.97 ], [ 281158.98, 4160449.95 ], [ 281158.89, 4160449.92 ], [ 281158.8, 4160449.88 ], [ 281158.71, 4160449.83 ], [ 281158.63, 4160449.77 ], [ 281158.56, 4160449.71 ], [ 281158.49, 4160449.64 ], [ 281158.43, 4160449.56 ], [ 281155.0, 4160444.75 ], [ 281154.95, 4160444.67 ], [ 281154.91, 4160444.58 ], [ 281154.87, 4160444.49 ], [ 281154.84, 4160444.4 ], [ 281154.83, 4160444.3 ], [ 281154.82, 4160444.2 ], [ 281154.82, 4160444.1 ], [ 281154.83, 4160444.01 ], [ 281154.85, 4160443.91 ], [ 281154.88, 4160443.82 ], [ 281154.92, 4160443.73 ], [ 281154.97, 4160443.64 ], [ 281155.03, 4160443.56 ], [ 281155.09, 4160443.49 ], [ 281155.16, 4160443.42 ], [ 281155.24, 4160443.36 ], [ 281160.45, 4160439.68 ] ] ] ] } },
{ "type": "Feature", "properties": { "id": "richmond_structure:409633", "name": null, "kind": "deck", "sport": null, "surface": null, "pitch_layout": null, "source": "richmond_structures", "source_updated": "2026-09-08T12:07:13.637000Z", "base_z": null, "top_z": null }, "geometry": { "type": "Polygon", "coordinates": [ [ [ 281169.81, 4160399.21 ], [ 281173.95, 4160395.91 ], [ 281171.75, 4160393.15 ], [ 281167.73, 4160396.36 ], [ 281169.81, 4160399.21 ] ] ] } },
{ "type": "Feature", "properties": { "id": "richmond_structure:409630", "name": null, "kind": "deck", "sport": null, "surface": null, "pitch_layout": null, "source": "richmond_structures", "source_updated": "2026-09-08T12:07:13.637000Z", "base_z": null, "top_z": null }, "geometry": { "type": "Polygon", "coordinates": [ [ [ 281182.38, 4160417.48 ], [ 281182.94, 4160417.04 ], [ 281184.58, 4160419.1 ], [ 281188.1, 4160416.28 ], [ 281183.56, 4160410.59 ], [ 281179.48, 4160413.84 ], [ 281182.38, 4160417.48 ] ] ] } },
{ "type": "Feature", "properties": { "id": "richmond_structure:409631", "name": null, "kind": "deck", "sport": null, "surface": null, "pitch_layout": null, "source": "richmond_structures", "source_updated": "2026-09-08T12:07:13.637000Z", "base_z": null, "top_z": null }, "geometry": { "type": "Polygon", "coordinates": [ [ [ 281180.03, 4160418.32 ], [ 281177.51, 4160415.15 ], [ 281172.04, 4160419.49 ], [ 281174.44, 4160422.5 ], [ 281177.31, 4160420.22 ], [ 281178.28, 4160421.43 ], [ 281180.01, 4160420.05 ], [ 281180.03, 4160418.32 ] ] ] } },
{ "type": "Feature", "properties": { "id": "richmond_structure:409632", "name": null, "kind": "deck", "sport": null, "surface": null, "pitch_layout": null, "source": "richmond_structures", "source_updated": "2026-09-08T12:07:13.637000Z", "base_z": null, "top_z": null }, "geometry": { "type": "Polygon", "coordinates": [ [ [ 281165.79, 4160421.05 ], [ 281165.98, 4160421.3 ], [ 281162.51, 4160424.06 ], [ 281164.66, 4160426.77 ], [ 281170.18, 4160422.39 ], [ 281167.83, 4160419.43 ], [ 281165.79, 4160421.05 ] ] ] } },
{ "type": "Feature", "properties": { "id": "richmond_structure:409634", "name": null, "kind": "deck", "sport": null, "surface": null, "pitch_layout": null, "source": "richmond_structures", "source_updated": "2026-09-08T12:07:13.637000Z", "base_z": null, "top_z": null }, "geometry": { "type": "Polygon", "coordinates": [ [ [ 281155.69, 4160433.49 ], [ 281157.74, 4160436.16 ], [ 281151.21, 4160441.19 ], [ 281154.99, 4160446.1 ], [ 281167.72, 4160436.05 ], [ 281162.01, 4160428.63 ], [ 281155.69, 4160433.49 ] ] ] } },
{ "type": "Feature", "properties": { "id": "imagery:groundcover_lawn:277", "name": null, "kind": "groundcover_lawn", "sport": null, "surface": null, "pitch_layout": null, "source": "vgin_vbmp+naip+lidar2025", "source_updated": null, "base_z": null, "top_z": null }, "geometry": { "type": "Polygon", "coordinates": [ [ [ 281163.25, 4160479.5 ], [ 281163.32, 4160479.35 ], [ 281162.49, 4160477.99 ], [ 281162.44, 4160477.9 ], [ 281162.4, 4160477.81 ], [ 281162.37, 4160477.72 ], [ 281162.36, 4160477.62 ], [ 281162.34, 4160477.52 ], [ 281162.34, 4160477.43 ], [ 281162.35, 4160477.33 ], [ 281162.37, 4160477.23 ], [ 281162.4, 4160477.14 ], [ 281162.43, 4160477.05 ], [ 281162.48, 4160476.96 ], [ 281162.53, 4160476.88 ], [ 281162.59, 4160476.8 ], [ 281162.66, 4160476.73 ], [ 281162.74, 4160476.67 ], [ 281164.13, 4160475.61 ], [ 281164.13, 4160474.51 ], [ 281164.72, 4160473.37 ], [ 281167.49, 4160471.36 ], [ 281168.77, 4160471.17 ], [ 281171.37, 4160472.04 ], [ 281174.44, 4160471.31 ], [ 281174.76, 4160471.0 ], [ 281173.81, 4160469.79 ], [ 281173.75, 4160469.71 ], [ 281173.71, 4160469.63 ], [ 281173.67, 4160469.54 ], [ 281173.63, 4160469.44 ], [ 281173.61, 4160469.35 ], [ 281173.6, 4160469.25 ], [ 281173.6, 4160469.15 ], [ 281173.61, 4160469.05 ], [ 281173.62, 4160468.95 ], [ 281173.65, 4160468.86 ], [ 281173.69, 4160468.77 ], [ 281173.73, 4160468.68 ], [ 281173.78, 4160468.6 ], [ 281173.84, 4160468.52 ], [ 281173.91, 4160468.45 ], [ 281173.99, 4160468.38 ], [ 281176.18, 4160466.69 ], [ 281176.26, 4160466.64 ], [ 281176.34, 4160466.59 ], [ 281176.43, 4160466.55 ], [ 281176.53, 4160466.52 ], [ 281176.62, 4160466.5 ], [ 281176.72, 4160466.49 ], [ 281176.82, 4160466.49 ], [ 281176.92, 4160466.49 ], [ 281177.01, 4160466.51 ], [ 281177.11, 4160466.54 ], [ 281177.2, 4160466.57 ], [ 281177.28, 4160466.62 ], [ 281177.37, 4160466.67 ], [ 281177.44, 4160466.73 ], [ 281177.51, 4160466.8 ], [ 281177.58, 4160466.87 ], [ 281178.15, 4160467.6 ], [ 281178.49, 4160467.27 ], [ 281178.85, 4160466.6 ], [ 281178.09, 4160465.64 ], [ 281178.03, 4160465.56 ], [ 281177.98, 4160465.47 ], [ 281177.94, 4160465.38 ], [ 281177.91, 4160465.29 ], [ 281177.89, 4160465.19 ], [ 281177.88, 4160465.1 ], [ 281177.87, 4160465.0 ], [ 281177.88, 4160464.9 ], [ 281177.9, 4160464.8 ], [ 281177.92, 4160464.71 ], [ 281177.96, 4160464.62 ], [ 281178.0, 4160464.53 ], [ 281178.06, 4160464.44 ], [ 281178.12, 4160464.37 ], [ 281178.18, 4160464.3 ], [ 281178.26, 4160464.23 ], [ 281179.53, 4160463.24 ], [ 281178.31, 4160460.51 ], [ 281174.85, 4160460.79 ], [ 281173.91, 4160461.58 ], [ 281163.99, 4160465.83 ], [ 281161.56, 4160467.62 ], [ 281161.48, 4160467.67 ], [ 281161.39, 4160467.72 ], [ 281161.3, 4160467.76 ], [ 281161.21, 4160467.78 ], [ 281161.11, 4160467.8 ], [ 281161.01, 4160467.81 ], [ 281160.92, 4160467.81 ], [ 281160.82, 4160467.8 ], [ 281160.72, 4160467.78 ], [ 281160.63, 4160467.75 ], [ 281160.54, 4160467.72 ], [ 281160.45, 4160467.67 ], [ 281160.37, 4160467.62 ], [ 281160.29, 4160467.55 ], [ 281160.23, 4160467.48 ], [ 281160.2, 4160467.45 ], [ 281156.37, 4160469.09 ], [ 281154.71, 4160470.9 ], [ 281154.35, 4160471.96 ], [ 281154.97, 4160472.7 ], [ 281155.03, 4160472.78 ], [ 281155.08, 4160472.86 ], [ 281155.13, 4160472.95 ], [ 281155.16, 4160473.04 ], [ 281155.19, 4160473.13 ], [ 281155.2, 4160473.23 ], [ 281155.21, 4160473.33 ], [ 281155.21, 4160473.43 ], [ 281155.19, 4160473.52 ], [ 281155.17, 4160473.62 ], [ 281155.14, 4160473.71 ], [ 281155.1, 4160473.8 ], [ 281155.05, 4160473.89 ], [ 281154.99, 4160473.97 ], [ 281154.93, 4160474.04 ], [ 281154.86, 4160474.11 ], [ 281153.16, 4160475.54 ], [ 281152.72, 4160476.87 ], [ 281153.44, 4160479.94 ], [ 281156.01, 4160482.5 ], [ 281160.25, 4160482.5 ], [ 281163.25, 4160479.5 ] ] ] } },
{ "type": "Feature", "properties": { "id": "richmond_structure:276641", "name": null, "kind": "deck", "sport": null, "surface": null, "pitch_layout": null, "source": "richmond_structures", "source_updated": "2026-09-08T12:07:13.637000Z", "base_z": null, "top_z": null }, "geometry": { "type": "Polygon", "coordinates": [ [ [ 281173.4, 4160475.18 ], [ 281172.87, 4160474.22 ], [ 281171.86, 4160473.39 ], [ 281170.18, 4160473.78 ], [ 281169.12, 4160472.82 ], [ 281167.43, 4160473.93 ], [ 281167.78, 4160475.17 ], [ 281167.26, 4160475.96 ], [ 281167.3, 4160476.94 ], [ 281167.81, 4160477.69 ], [ 281170.14, 4160475.82 ], [ 281170.83, 4160476.69 ], [ 281172.7, 4160475.2 ], [ 281173.07, 4160475.66 ], [ 281173.4, 4160475.18 ] ] ] } },
{ "type": "Feature", "properties": { "id": "richmond_structure:409641", "name": null, "kind": "deck", "sport": null, "surface": null, "pitch_layout": null, "source": "richmond_structures", "source_updated": "2026-09-08T12:07:13.637000Z", "base_z": null, "top_z": null }, "geometry": { "type": "Polygon", "coordinates": [ [ [ 281162.59, 4160478.08 ], [ 281165.13, 4160481.28 ], [ 281168.12, 4160478.91 ], [ 281165.58, 4160475.71 ], [ 281162.59, 4160478.08 ] ] ] } },
{ "type": "Feature", "properties": { "id": "richmond_structure:409609", "name": null, "kind": "deck", "sport": null, "surface": null, "pitch_layout": null, "source": "richmond_structures", "source_updated": "2026-09-08T12:07:13.637000Z", "base_z": null, "top_z": null }, "geometry": { "type": "Polygon", "coordinates": [ [ [ 281212.0, 4160380.04 ], [ 281213.68, 4160378.69 ], [ 281208.63, 4160372.43 ], [ 281206.95, 4160373.79 ], [ 281212.0, 4160380.04 ] ] ] } },
{ "type": "Feature", "properties": { "id": "richmond_structure:409610", "name": null, "kind": "deck", "sport": null, "surface": null, "pitch_layout": null, "source": "richmond_structures", "source_updated": "2026-09-08T12:07:13.637000Z", "base_z": null, "top_z": null }, "geometry": { "type": "Polygon", "coordinates": [ [ [ 281230.4, 4160382.52 ], [ 281230.55, 4160382.71 ], [ 281227.21, 4160385.37 ], [ 281229.83, 4160388.64 ], [ 281232.41, 4160386.7 ], [ 281232.49, 4160384.88 ], [ 281230.4, 4160382.52 ] ] ] } },
{ "type": "Feature", "properties": { "id": "richmond_structure:409611", "name": null, "kind": "deck", "sport": null, "surface": null, "pitch_layout": null, "source": "richmond_structures", "source_updated": "2026-09-08T12:07:13.637000Z", "base_z": null, "top_z": null }, "geometry": { "type": "Polygon", "coordinates": [ [ [ 281211.83, 4160386.97 ], [ 281216.16, 4160392.46 ], [ 281219.38, 4160392.48 ], [ 281222.11, 4160390.32 ], [ 281216.54, 4160383.25 ], [ 281211.83, 4160386.97 ] ], [ [ 281216.39, 4160384.5 ], [ 281220.87, 4160390.18 ], [ 281218.14, 4160392.32 ], [ 281217.51, 4160391.53 ], [ 281216.92, 4160392.0 ], [ 281213.08, 4160387.11 ], [ 281216.39, 4160384.5 ] ] ] } },
{ "type": "Feature", "properties": { "id": "imagery:groundcover_paved:320", "name": null, "kind": "groundcover_paved", "sport": null, "surface": null, "pitch_layout": null, "source": "vgin_vbmp+naip+lidar2025", "source_updated": null, "base_z": null, "top_z": null }, "geometry": { "type": "Polygon", "coordinates": [ [ [ 281247.19, 4160408.76 ], [ 281247.33, 4160408.68 ], [ 281247.45, 4160408.37 ], [ 281247.67, 4160407.93 ], [ 281247.93, 4160407.51 ], [ 281248.2, 4160407.17 ], [ 281248.11, 4160406.61 ], [ 281245.55, 4160404.05 ], [ 281245.13, 4160403.03 ], [ 281245.13, 4160402.9 ], [ 281245.35, 4160402.12 ], [ 281246.57, 4160400.15 ], [ 281247.16, 4160399.61 ], [ 281247.66, 4160399.36 ], [ 281247.43, 4160399.18 ], [ 281247.08, 4160398.84 ], [ 281246.76, 4160398.47 ], [ 281242.69, 4160393.21 ], [ 281232.12, 4160401.51 ], [ 281232.85, 4160407.41 ], [ 281235.34, 4160409.99 ], [ 281243.78, 4160411.4 ], [ 281246.79, 4160409.04 ], [ 281247.19, 4160408.76 ] ] ] } },
{ "type": "Feature", "properties": { "id": "richmond_structure:409618", "name": null, "kind": "deck", "sport": null, "surface": null, "pitch_layout": null, "source": "richmond_structures", "source_updated": "2026-09-08T12:07:13.637000Z", "base_z": null, "top_z": null }, "geometry": { "type": "MultiPolygon", "coordinates": [ [ [ [ 281250.0, 4160405.14 ], [ 281250.0, 4160403.33 ], [ 281249.12, 4160404.03 ], [ 281250.0, 4160405.14 ] ] ], [ [ [ 281250.0, 4160408.57 ], [ 281250.0, 4160406.99 ], [ 281249.23, 4160407.6 ], [ 281250.0, 4160408.57 ] ] ] ] } },
{ "type": "Feature", "properties": { "id": "richmond_structure:409619", "name": null, "kind": "deck", "sport": null, "surface": null, "pitch_layout": null, "source": "richmond_structures", "source_updated": "2026-09-08T12:07:13.637000Z", "base_z": null, "top_z": null }, "geometry": { "type": "Polygon", "coordinates": [ [ [ 281250.0, 4160412.47 ], [ 281248.33, 4160410.37 ], [ 281244.63, 4160413.31 ], [ 281246.08, 4160415.13 ], [ 281245.04, 4160415.96 ], [ 281247.88, 4160419.53 ], [ 281249.15, 4160418.52 ], [ 281247.4, 4160416.33 ], [ 281250.0, 4160414.26 ], [ 281250.0, 4160412.47 ] ] ] } },
{ "type": "Feature", "properties": { "id": "imagery:groundcover_paved:297", "name": null, "kind": "groundcover_paved", "sport": null, "surface": null, "pitch_layout": null, "source": "vgin_vbmp+naip+lidar2025", "source_updated": null, "base_z": null, "top_z": null }, "geometry": { "type": "Polygon", "coordinates": [ [ [ 281249.09, 4160439.57 ], [ 281248.61, 4160439.48 ], [ 281248.22, 4160439.38 ], [ 281243.93, 4160442.63 ], [ 281243.42, 4160445.16 ], [ 281246.85, 4160449.53 ], [ 281250.0, 4160447.03 ], [ 281250.0, 4160439.59 ], [ 281249.58, 4160439.6 ], [ 281249.09, 4160439.57 ] ] ] } },
{ "type": "Feature", "properties": { "id": "richmond_structure:409644", "name": null, "kind": "deck", "sport": null, "surface": null, "pitch_layout": null, "source": "richmond_structures", "source_updated": "2026-09-08T12:07:13.637000Z", "base_z": null, "top_z": null }, "geometry": { "type": "Polygon", "coordinates": [ [ [ 281190.69, 4160448.16 ], [ 281192.11, 4160449.99 ], [ 281197.89, 4160445.24 ], [ 281196.61, 4160443.58 ], [ 281190.69, 4160448.16 ] ] ] } },
{ "type": "Feature", "properties": { "id": "richmond_structure:409645", "name": null, "kind": "deck", "sport": null, "surface": null, "pitch_layout": null, "source": "richmond_structures", "source_updated": "2026-09-08T12:07:13.637000Z", "base_z": null, "top_z": null }, "geometry": { "type": "Polygon", "coordinates": [ [ [ 281206.55, 4160468.75 ], [ 281209.41, 4160466.38 ], [ 281207.98, 4160464.78 ], [ 281205.18, 4160467.1 ], [ 281206.55, 4160468.75 ] ] ] } },
{ "type": "Feature", "properties": { "id": "imagery:groundcover_paved:272", "name": null, "kind": "groundcover_paved", "sport": null, "surface": null, "pitch_layout": null, "source": "vgin_vbmp+naip+lidar2025", "source_updated": null, "base_z": null, "top_z": null }, "geometry": { "type": "Polygon", "coordinates": [ [ [ 281207.28, 4160493.69 ], [ 281209.36, 4160491.15 ], [ 281210.46, 4160490.63 ], [ 281211.53, 4160490.63 ], [ 281212.55, 4160491.05 ], [ 281214.71, 4160493.2 ], [ 281215.13, 4160494.22 ], [ 281215.13, 4160496.63 ], [ 281217.11, 4160498.6 ], [ 281220.81, 4160495.76 ], [ 281220.9, 4160495.7 ], [ 281220.81, 4160495.35 ], [ 281220.74, 4160494.86 ], [ 281220.72, 4160494.37 ], [ 281220.75, 4160493.88 ], [ 281220.82, 4160493.4 ], [ 281220.94, 4160492.92 ], [ 281221.11, 4160492.46 ], [ 281221.32, 4160492.01 ], [ 281221.57, 4160491.59 ], [ 281221.87, 4160491.2 ], [ 281222.2, 4160490.84 ], [ 281222.57, 4160490.51 ], [ 281233.91, 4160481.3 ], [ 281231.04, 4160476.99 ], [ 281230.81, 4160476.42 ], [ 281230.51, 4160474.65 ], [ 281230.53, 4160474.03 ], [ 281230.74, 4160473.19 ], [ 281196.69, 4160500.0 ], [ 281208.01, 4160500.0 ], [ 281206.98, 4160494.87 ], [ 281207.28, 4160493.69 ] ] ] } },
{ "type": "Feature", "properties": { "id": "richmond_structure:409643", "name": null, "kind": "deck", "sport": null, "surface": null, "pitch_layout": null, "source": "richmond_structures", "source_updated": "2026-09-08T12:07:13.637000Z", "base_z": null, "top_z": null }, "geometry": { "type": "Polygon", "coordinates": [ [ [ 281157.62, 4160476.49 ], [ 281152.85, 4160480.27 ], [ 281154.67, 4160482.56 ], [ 281156.02, 4160482.1 ], [ 281157.16, 4160482.48 ], [ 281157.61, 4160483.64 ], [ 281156.49, 4160484.86 ], [ 281159.96, 4160489.23 ], [ 281161.25, 4160488.21 ], [ 281159.22, 4160485.64 ], [ 281162.69, 4160482.88 ], [ 281157.62, 4160476.49 ] ] ] } },
{ "type": "Feature", "properties": { "id": "richmond_structure:409642", "name": null, "kind": "deck", "sport": null, "surface": null, "pitch_layout": null, "source": "richmond_structures", "source_updated": "2026-09-08T12:07:13.637000Z", "base_z": null, "top_z": null }, "geometry": { "type": "Polygon", "coordinates": [ [ [ 281148.19, 4160482.05 ], [ 281151.36, 4160486.1 ], [ 281150.39, 4160486.86 ], [ 281151.72, 4160488.55 ], [ 281155.76, 4160485.38 ], [ 281151.26, 4160479.64 ], [ 281148.19, 4160482.05 ] ] ] } },
{ "type": "Feature", "properties": { "id": "richmond_structure:409639", "name": null, "kind": "deck", "sport": null, "surface": null, "pitch_layout": null, "source": "richmond_structures", "source_updated": "2026-09-08T12:07:13.637000Z", "base_z": null, "top_z": null }, "geometry": { "type": "Polygon", "coordinates": [ [ [ 281141.41, 4160491.2 ], [ 281140.08, 4160492.26 ], [ 281140.7, 4160493.04 ], [ 281140.21, 4160493.43 ], [ 281141.82, 4160495.45 ], [ 281144.38, 4160493.42 ], [ 281142.81, 4160491.45 ], [ 281142.07, 4160492.04 ], [ 281141.41, 4160491.2 ] ] ] } },
{ "type": "Feature", "properties": { "id": "richmond_structure:409640", "name": null, "kind": "deck", "sport": null, "surface": null, "pitch_layout": null, "source": "richmond_structures", "source_updated": "2026-09-08T12:07:13.637000Z", "base_z": null, "top_z": null }, "geometry": { "type": "Polygon", "coordinates": [ [ [ 281125.9, 4160499.7 ], [ 281126.15, 4160500.0 ], [ 281133.49, 4160500.0 ], [ 281130.23, 4160496.09 ], [ 281125.9, 4160499.7 ] ] ] } },
{ "type": "Feature", "properties": { "id": "imagery:groundcover_lawn:256", "name": null, "kind": "groundcover_lawn", "sport": null, "surface": null, "pitch_layout": null, "source": "vgin_vbmp+naip+lidar2025", "source_updated": null, "base_z": null, "top_z": null }, "geometry": { "type": "Polygon", "coordinates": [ [ [ 281216.34, 4160500.0 ], [ 281217.2, 4160498.9 ], [ 281215.7, 4160492.9 ], [ 281212.79, 4160490.63 ], [ 281209.13, 4160490.63 ], [ 281206.13, 4160493.63 ], [ 281206.13, 4160499.63 ], [ 281206.51, 4160500.0 ], [ 281216.34, 4160500.0 ] ] ] } },
{ "type": "Feature", "properties": { "id": "imagery:groundcover_lawn:306", "name": null, "kind": "groundcover_lawn", "sport": null, "surface": null, "pitch_layout": null, "source": "vgin_vbmp+naip+lidar2025", "source_updated": null, "base_z": null, "top_z": null }, "geometry": { "type": "MultiPolygon", "coordinates": [ [ [ [ 281227.58, 4160463.63 ], [ 281228.98, 4160463.63 ], [ 281240.11, 4160454.86 ], [ 281232.77, 4160445.51 ], [ 281224.99, 4160459.11 ], [ 281225.92, 4160459.64 ], [ 281227.58, 4160463.63 ] ] ], [ [ [ 281221.66, 4160460.63 ], [ 281216.74, 4160460.63 ], [ 281214.24, 4160461.96 ], [ 281210.23, 4160467.98 ], [ 281209.7, 4160468.46 ], [ 281207.85, 4160469.45 ], [ 281206.8, 4160469.72 ], [ 281204.55, 4160472.99 ], [ 281207.53, 4160475.63 ], [ 281213.74, 4160475.63 ], [ 281222.94, 4160468.38 ], [ 281223.44, 4160466.38 ], [ 281224.17, 4160465.26 ], [ 281221.66, 4160460.63 ] ] ], [ [ [ 281236.99, 4160484.01 ], [ 281237.08, 4160483.97 ], [ 281237.18, 4160483.95 ], [ 281237.28, 4160483.94 ], [ 281237.38, 4160483.93 ], [ 281237.48, 4160483.94 ], [ 281237.57, 4160483.95 ], [ 281237.67, 4160483.98 ], [ 281237.76, 4160484.01 ], [ 281237.85, 4160484.06 ], [ 281237.93, 4160484.11 ], [ 281238.01, 4160484.17 ], [ 281238.08, 4160484.23 ], [ 281238.15, 4160484.31 ], [ 281240.38, 4160487.1 ], [ 281240.78, 4160487.21 ], [ 281247.05, 4160485.64 ], [ 281248.64, 4160484.39 ], [ 281248.72, 4160484.33 ], [ 281248.81, 4160484.28 ], [ 281248.9, 4160484.24 ], [ 281248.99, 4160484.21 ], [ 281249.08, 4160484.19 ], [ 281249.18, 4160484.18 ], [ 281249.28, 4160484.17 ], [ 281249.38, 4160484.18 ], [ 281249.47, 4160484.2 ], [ 281249.57, 4160484.22 ], [ 281249.66, 4160484.25 ], [ 281249.75, 4160484.3 ], [ 281249.83, 4160484.35 ], [ 281249.91, 4160484.41 ], [ 281249.98, 4160484.48 ], [ 281250.0, 4160484.5 ], [ 281250.0, 4160476.19 ], [ 281248.35, 4160477.02 ], [ 281247.25, 4160477.1 ], [ 281244.36, 4160476.13 ], [ 281243.52, 4160475.41 ], [ 281239.72, 4160467.81 ], [ 281239.58, 4160467.32 ], [ 281239.45, 4160466.32 ], [ 281233.13, 4160471.3 ], [ 281233.13, 4160480.38 ], [ 281234.01, 4160482.5 ], [ 281236.14, 4160484.64 ], [ 281236.74, 4160484.16 ], [ 281236.82, 4160484.1 ], [ 281236.9, 4160484.05 ], [ 281236.99, 4160484.01 ] ] ], [ [ [ 281177.74, 4160493.63 ], [ 281175.24, 4160494.96 ], [ 281171.88, 4160500.0 ], [ 281182.79, 4160500.0 ], [ 281201.98, 4160484.89 ], [ 281201.23, 4160481.12 ], [ 281196.17, 4160479.59 ], [ 281183.22, 4160492.54 ], [ 281182.74, 4160492.86 ], [ 281181.16, 4160493.51 ], [ 281180.59, 4160493.63 ], [ 281177.74, 4160493.63 ] ] ] ] } },
{ "type": "Feature", "properties": { "id": "imagery:groundcover_lawn:454", "name": null, "kind": "groundcover_lawn", "sport": null, "surface": null, "pitch_layout": null, "source": "vgin_vbmp+naip+lidar2025", "source_updated": null, "base_z": null, "top_z": null }, "geometry": { "type": "MultiPolygon", "coordinates": [ [ [ [ 281055.11, 4160250.0 ], [ 281045.71, 4160250.0 ], [ 281045.33, 4160253.07 ], [ 281055.11, 4160250.0 ] ] ], [ [ [ 281087.46, 4160250.0 ], [ 281083.82, 4160250.0 ], [ 281044.26, 4160262.42 ], [ 281044.35, 4160263.27 ], [ 281045.67, 4160267.25 ], [ 281056.79, 4160263.78 ], [ 281086.73, 4160254.34 ], [ 281086.68, 4160253.89 ], [ 281087.46, 4160250.0 ] ] ] ] } },
{ "type": "Feature", "properties": { "id": "richmond_structure:409583", "name": null, "kind": "deck", "sport": null, "surface": null, "pitch_layout": null, "source": "richmond_structures", "source_updated": "2026-09-08T12:07:13.637000Z", "base_z": null, "top_z": null }, "geometry": { "type": "Polygon", "coordinates": [ [ [ 281122.86, 4160269.34 ], [ 281122.33, 4160267.61 ], [ 281121.38, 4160267.9 ], [ 281120.91, 4160266.39 ], [ 281119.26, 4160266.89 ], [ 281121.31, 4160273.63 ], [ 281125.12, 4160272.47 ], [ 281124.05, 4160268.98 ], [ 281122.86, 4160269.34 ] ] ] } },
{ "type": "Feature", "properties": { "id": "richmond_structure:409663", "name": null, "kind": "deck", "sport": null, "surface": null, "pitch_layout": null, "source": "richmond_structures", "source_updated": "2026-09-08T12:07:13.637000Z", "base_z": null, "top_z": null }, "geometry": { "type": "Polygon", "coordinates": [ [ [ 281101.01, 4160274.4 ], [ 281099.0, 4160275.03 ], [ 281098.13, 4160272.29 ], [ 281096.85, 4160272.69 ], [ 281098.07, 4160276.56 ], [ 281099.35, 4160276.16 ], [ 281099.2, 4160275.69 ], [ 281101.21, 4160275.05 ], [ 281101.01, 4160274.4 ] ] ] } },
{ "type": "Feature", "properties": { "id": "richmond_structure:409664", "name": null, "kind": "deck", "sport": null, "surface": null, "pitch_layout": null, "source": "richmond_structures", "source_updated": "2026-09-08T12:07:13.637000Z", "base_z": null, "top_z": null }, "geometry": { "type": "Polygon", "coordinates": [ [ [ 281085.89, 4160275.65 ], [ 281086.66, 4160278.15 ], [ 281082.83, 4160279.33 ], [ 281085.07, 4160286.62 ], [ 281091.34, 4160284.68 ], [ 281088.33, 4160274.9 ], [ 281085.89, 4160275.65 ] ] ] } },
{ "type": "Feature", "properties": { "id": "imagery:groundcover_lawn:386", "name": null, "kind": "groundcover_lawn", "sport": null, "surface": null, "pitch_layout": null, "source": "vgin_vbmp+naip+lidar2025", "source_updated": null, "base_z": null, "top_z": null }, "geometry": { "type": "Polygon", "coordinates": [ [ [ 281092.4, 4160291.81 ], [ 281093.42, 4160291.53 ], [ 281093.51, 4160291.5 ], [ 281093.61, 4160291.49 ], [ 281093.71, 4160291.49 ], [ 281093.81, 4160291.5 ], [ 281093.9, 4160291.51 ], [ 281094.0, 4160291.54 ], [ 281094.09, 4160291.57 ], [ 281094.18, 4160291.62 ], [ 281094.26, 4160291.67 ], [ 281094.34, 4160291.73 ], [ 281094.41, 4160291.8 ], [ 281094.47, 4160291.87 ], [ 281094.53, 4160291.95 ], [ 281094.58, 4160292.04 ], [ 281094.62, 4160292.13 ], [ 281094.65, 4160292.22 ], [ 281095.02, 4160293.55 ], [ 281095.3, 4160293.74 ], [ 281099.65, 4160292.59 ], [ 281100.12, 4160291.66 ], [ 281100.66, 4160291.06 ], [ 281102.63, 4160289.85 ], [ 281103.4, 4160289.63 ], [ 281107.13, 4160289.63 ], [ 281108.6, 4160288.15 ], [ 281106.2, 4160280.49 ], [ 281106.19, 4160280.49 ], [ 281104.78, 4160275.96 ], [ 281089.27, 4160279.84 ], [ 281087.16, 4160283.7 ], [ 281088.81, 4160288.65 ], [ 281089.99, 4160290.2 ], [ 281092.4, 4160291.81 ] ] ] } },
{ "type": "Feature", "properties": { "id": "imagery:groundcover_paved:429", "name": null, "kind": "groundcover_paved", "sport": null, "surface": null, "pitch_layout": null, "source": "vgin_vbmp+naip+lidar2025", "source_updated": null, "base_z": null, "top_z": null }, "geometry": { "type": "Polygon", "coordinates": [ [ [ 281071.3, 4160323.6 ], [ 281071.67, 4160323.27 ], [ 281072.06, 4160322.98 ], [ 281077.29, 4160319.57 ], [ 281077.71, 4160319.32 ], [ 281078.15, 4160319.12 ], [ 281078.62, 4160318.96 ], [ 281079.09, 4160318.84 ], [ 281079.58, 4160318.77 ], [ 281080.06, 4160318.75 ], [ 281080.55, 4160318.78 ], [ 281081.04, 4160318.86 ], [ 281081.51, 4160318.98 ], [ 281081.97, 4160319.15 ], [ 281082.41, 4160319.36 ], [ 281082.83, 4160319.62 ], [ 281083.22, 4160319.91 ], [ 281083.58, 4160320.24 ], [ 281083.91, 4160320.61 ], [ 281084.2, 4160321.0 ], [ 281086.74, 4160324.85 ], [ 281086.99, 4160325.28 ], [ 281087.19, 4160325.72 ], [ 281087.36, 4160326.19 ], [ 281087.47, 4160326.67 ], [ 281087.54, 4160327.15 ], [ 281087.56, 4160327.64 ], [ 281087.54, 4160328.14 ], [ 281087.46, 4160328.62 ], [ 281087.34, 4160329.1 ], [ 281087.17, 4160329.56 ], [ 281086.95, 4160330.0 ], [ 281086.7, 4160330.42 ], [ 281086.4, 4160330.82 ], [ 281086.06, 4160331.18 ], [ 281085.7, 4160331.5 ], [ 281085.3, 4160331.79 ], [ 281080.08, 4160335.21 ], [ 281079.65, 4160335.45 ], [ 281079.21, 4160335.66 ], [ 281078.75, 4160335.82 ], [ 281078.27, 4160335.93 ], [ 281077.79, 4160336.0 ], [ 281077.3, 4160336.02 ], [ 281077.28, 4160336.02 ], [ 281078.79, 4160338.45 ], [ 281081.1, 4160339.61 ], [ 281081.69, 4160340.15 ], [ 281082.91, 4160342.12 ], [ 281083.13, 4160342.9 ], [ 281083.13, 4160348.55 ], [ 281094.04, 4160339.8 ], [ 281093.79, 4160339.49 ], [ 281090.15, 4160334.39 ], [ 281089.88, 4160333.98 ], [ 281089.66, 4160333.54 ], [ 281089.48, 4160333.08 ], [ 281089.35, 4160332.61 ], [ 281089.26, 4160332.13 ], [ 281089.22, 4160331.64 ], [ 281089.23, 4160331.14 ], [ 281089.29, 4160330.66 ], [ 281089.39, 4160330.17 ], [ 281089.55, 4160329.71 ], [ 281089.74, 4160329.26 ], [ 281089.98, 4160328.83 ], [ 281090.27, 4160328.42 ], [ 281090.59, 4160328.05 ], [ 281090.94, 4160327.71 ], [ 281091.33, 4160327.41 ], [ 281094.44, 4160325.2 ], [ 281093.38, 4160323.89 ], [ 281090.51, 4160320.75 ], [ 281090.21, 4160320.38 ], [ 281089.94, 4160319.98 ], [ 281089.71, 4160319.56 ], [ 281089.52, 4160319.12 ], [ 281089.37, 4160318.67 ], [ 281089.27, 4160318.2 ], [ 281089.21, 4160317.72 ], [ 281089.2, 4160317.24 ], [ 281089.22, 4160316.96 ], [ 281089.02, 4160317.07 ], [ 281073.71, 4160319.26 ], [ 281071.13, 4160322.23 ], [ 281071.13, 4160323.78 ], [ 281071.3, 4160323.6 ] ] ] } },
{ "type": "Feature", "properties": { "id": "richmond_structure:276607", "name": null, "kind": "deck", "sport": null, "surface": null, "pitch_layout": null, "source": "richmond_structures", "source_updated": "2026-09-08T12:07:13.637000Z", "base_z": null, "top_z": null }, "geometry": { "type": "Polygon", "coordinates": [ [ [ 281078.88, 4160287.76 ], [ 281079.09, 4160288.87 ], [ 281082.69, 4160287.91 ], [ 281081.23, 4160282.81 ], [ 281076.91, 4160284.05 ], [ 281078.19, 4160288.14 ], [ 281078.88, 4160287.76 ] ] ] } },
{ "type": "Feature", "properties": { "id": "richmond_structure:409653", "name": null, "kind": "deck", "sport": null, "surface": null, "pitch_layout": null, "source": "richmond_structures", "source_updated": "2026-09-08T12:07:13.637000Z", "base_z": null, "top_z": null }, "geometry": { "type": "Polygon", "coordinates": [ [ [ 281107.75, 4160305.13 ], [ 281106.3, 4160303.62 ], [ 281096.32, 4160306.75 ], [ 281094.84, 4160307.36 ], [ 281094.19, 4160307.98 ], [ 281093.3, 4160310.19 ], [ 281093.48, 4160312.83 ], [ 281094.8, 4160314.79 ], [ 281096.8, 4160316.44 ], [ 281102.0, 4160311.99 ], [ 281101.03, 4160310.86 ], [ 281107.75, 4160305.13 ] ] ] } },
{ "type": "Feature", "properties": { "id": "richmond_structure:424914", "name": null, "kind": "deck", "sport": null, "surface": null, "pitch_layout": null, "source": "richmond_structures", "source_updated": "2026-09-08T12:07:13.637000Z", "base_z": null, "top_z": null }, "geometry": { "type": "Polygon", "coordinates": [ [ [ 281109.31, 4160327.87 ], [ 281112.04, 4160324.88 ], [ 281108.84, 4160320.79 ], [ 281105.36, 4160323.27 ], [ 281109.31, 4160327.87 ] ] ] } },
{ "type": "Feature", "properties": { "id": "richmond_structure:409656", "name": null, "kind": "deck", "sport": null, "surface": null, "pitch_layout": null, "source": "richmond_structures", "source_updated": "2026-09-08T12:07:13.637000Z", "base_z": null, "top_z": null }, "geometry": { "type": "Polygon", "coordinates": [ [ [ 281092.55, 4160324.59 ], [ 281091.08, 4160322.86 ], [ 281088.02, 4160325.48 ], [ 281093.09, 4160332.23 ], [ 281094.4, 4160331.27 ], [ 281094.69, 4160331.59 ], [ 281100.9, 4160326.32 ], [ 281096.53, 4160321.19 ], [ 281092.55, 4160324.59 ] ] ] } },
{ "type": "Feature", "properties": { "id": "imagery:groundcover_lawn:403", "name": null, "kind": "groundcover_lawn", "sport": null, "surface": null, "pitch_layout": null, "source": "vgin_vbmp+naip+lidar2025", "source_updated": null, "base_z": null, "top_z": null }, "geometry": { "type": "MultiPolygon", "coordinates": [ [ [ [ 281017.53, 4160250.27 ], [ 281017.44, 4160250.29 ], [ 281017.34, 4160250.3 ], [ 281017.24, 4160250.29 ], [ 281017.14, 4160250.28 ], [ 281017.05, 4160250.25 ], [ 281016.96, 4160250.22 ], [ 281016.87, 4160250.18 ], [ 281016.78, 4160250.13 ], [ 281016.7, 4160250.07 ], [ 281016.63, 4160250.01 ], [ 281016.63, 4160250.0 ], [ 281005.04, 4160252.9 ], [ 281002.86, 4160256.54 ], [ 281003.09, 4160257.46 ], [ 281026.99, 4160250.0 ], [ 281018.43, 4160250.0 ], [ 281017.63, 4160250.25 ], [ 281017.53, 4160250.27 ] ] ], [ [ [ 281004.56, 4160263.35 ], [ 281006.86, 4160265.15 ], [ 281039.17, 4160255.0 ], [ 281038.68, 4160250.12 ], [ 281003.96, 4160260.96 ], [ 281004.56, 4160263.35 ] ] ], [ [ [ 281011.13, 4160272.82 ], [ 281011.13, 4160277.74 ], [ 281027.93, 4160272.59 ], [ 281027.94, 4160272.59 ], [ 281040.55, 4160268.81 ], [ 281040.04, 4160263.74 ], [ 281011.13, 4160272.82 ] ] ] ] } },
{ "type": "Feature", "properties": { "id": "richmond_structure:409661", "name": null, "kind": "deck", "sport": null, "surface": null, "pitch_layout": null, "source": "richmond_structures", "source_updated": "2026-09-08T12:07:13.637000Z", "base_z": null, "top_z": null }, "geometry": { "type": "Polygon", "coordinates": [ [ [ 281039.14, 4160279.25 ], [ 281047.0, 4160276.87 ], [ 281046.11, 4160273.94 ], [ 281038.25, 4160276.32 ], [ 281039.14, 4160279.25 ] ] ] } },
{ "type": "Feature", "properties": { "id": "richmond_structure:409662", "name": null, "kind": "deck", "sport": null, "surface": null, "pitch_layout": null, "source": "richmond_structures", "source_updated": "2026-09-08T12:07:13.637000Z", "base_z": null, "top_z": null }, "geometry": { "type": "Polygon", "coordinates": [ [ [ 281054.08, 4160287.93 ], [ 281054.84, 4160290.38 ], [ 281060.7, 4160288.55 ], [ 281059.93, 4160286.1 ], [ 281054.08, 4160287.93 ] ] ] } },
{ "type": "Feature", "properties": { "id": "richmond_structure:275267", "name": null, "kind": "deck", "sport": null, "surface": null, "pitch_layout": null, "source": "richmond_structures", "source_updated": "2026-09-08T12:07:13.637000Z", "base_z": null, "top_z": null }, "geometry": { "type": "Polygon", "coordinates": [ [ [ 281074.05, 4160296.25 ], [ 281076.99, 4160305.87 ], [ 281080.85, 4160304.67 ], [ 281077.03, 4160292.2 ], [ 281072.18, 4160293.58 ], [ 281072.62, 4160295.24 ], [ 281074.05, 4160296.25 ] ] ] } },
{ "type": "Feature", "properties": { "id": "richmond_structure:274061", "name": null, "kind": "deck", "sport": null, "surface": null, "pitch_layout": null, "source": "richmond_structures", "source_updated": "2026-09-08T12:07:13.637000Z", "base_z": null, "top_z": null }, "geometry": { "type": "Polygon", "coordinates": [ [ [ 281032.1, 4160303.11 ], [ 281026.86, 4160304.58 ], [ 281030.1, 4160315.19 ], [ 281035.33, 4160313.65 ], [ 281032.1, 4160303.11 ] ] ] } },
{ "type": "Feature", "properties": { "id": "richmond_structure:409660", "name": null, "kind": "deck", "sport": null, "surface": null, "pitch_layout": null, "source": "richmond_structures", "source_updated": "2026-09-08T12:07:13.637000Z", "base_z": null, "top_z": null }, "geometry": { "type": "Polygon", "coordinates": [ [ [ 281012.39, 4160308.12 ], [ 281014.24, 4160307.57 ], [ 281017.03, 4160316.87 ], [ 281020.33, 4160315.83 ], [ 281020.69, 4160316.99 ], [ 281021.85, 4160316.62 ], [ 281017.97, 4160304.36 ], [ 281011.82, 4160306.21 ], [ 281012.39, 4160308.12 ] ] ] } },
{ "type": "Feature", "properties": { "id": "imagery:groundcover_lawn:367", "name": null, "kind": "groundcover_lawn", "sport": null, "surface": null, "pitch_layout": null, "source": "vgin_vbmp+naip+lidar2025", "source_updated": null, "base_z": null, "top_z": null }, "geometry": { "type": "Polygon", "coordinates": [ [ [ 281005.48, 4160320.64 ], [ 281005.45, 4160320.55 ], [ 281005.43, 4160320.45 ], [ 281005.43, 4160320.35 ], [ 281005.43, 4160320.26 ], [ 281005.45, 4160320.16 ], [ 281005.47, 4160320.06 ], [ 281005.5, 4160319.97 ], [ 281005.54, 4160319.88 ], [ 281005.59, 4160319.8 ], [ 281005.65, 4160319.72 ], [ 281005.72, 4160319.64 ], [ 281005.79, 4160319.58 ], [ 281005.87, 4160319.52 ], [ 281005.95, 4160319.47 ], [ 281006.04, 4160319.42 ], [ 281006.13, 4160319.39 ], [ 281009.65, 4160318.29 ], [ 281010.71, 4160316.76 ], [ 281008.24, 4160314.92 ], [ 281008.4, 4160314.45 ], [ 281004.55, 4160313.13 ], [ 281003.67, 4160312.23 ], [ 281002.81, 4160309.68 ], [ 281000.0, 4160307.65 ], [ 281000.0, 4160321.85 ], [ 281005.51, 4160320.75 ], [ 281005.48, 4160320.64 ] ] ] } },
{ "type": "Feature", "properties": { "id": "richmond_structure:409654", "name": null, "kind": "deck", "sport": null, "surface": null, "pitch_layout": null, "source": "richmond_structures", "source_updated": "2026-09-08T12:07:13.637000Z", "base_z": null, "top_z": null }, "geometry": { "type": "Polygon", "coordinates": [ [ [ 281084.32, 4160326.21 ], [ 281082.64, 4160324.24 ], [ 281085.69, 4160321.68 ], [ 281083.09, 4160316.59 ], [ 281080.82, 4160314.02 ], [ 281075.85, 4160313.92 ], [ 281071.77, 4160316.32 ], [ 281071.27, 4160318.75 ], [ 281074.44, 4160324.86 ], [ 281073.65, 4160325.48 ], [ 281076.38, 4160328.98 ], [ 281081.81, 4160324.54 ], [ 281083.64, 4160326.77 ], [ 281084.32, 4160326.21 ] ], [ [ 281076.44, 4160315.06 ], [ 281078.21, 4160315.75 ], [ 281080.98, 4160321.62 ], [ 281082.22, 4160322.2 ], [ 281081.27, 4160324.52 ], [ 281080.07, 4160324.27 ], [ 281077.91, 4160325.6 ], [ 281075.2, 4160324.94 ], [ 281071.97, 4160319.17 ], [ 281072.17, 4160317.14 ], [ 281076.44, 4160315.06 ] ] ] } },
{ "type": "Feature", "properties": { "id": "imagery:groundcover_lawn:378", "name": null, "kind": "groundcover_lawn", "sport": null, "surface": null, "pitch_layout": null, "source": "vgin_vbmp+naip+lidar2025", "source_updated": null, "base_z": null, "top_z": null }, "geometry": { "type": "MultiPolygon", "coordinates": [ [ [ [ 281063.85, 4160303.12 ], [ 281063.95, 4160303.11 ], [ 281064.04, 4160303.12 ], [ 281064.14, 4160303.14 ], [ 281064.23, 4160303.17 ], [ 281064.32, 4160303.2 ], [ 281064.41, 4160303.25 ], [ 281064.97, 4160303.15 ], [ 281065.01, 4160303.11 ], [ 281065.09, 4160303.05 ], [ 281065.17, 4160303.0 ], [ 281065.26, 4160302.95 ], [ 281065.35, 4160302.91 ], [ 281065.44, 4160302.88 ], [ 281070.84, 4160301.55 ], [ 281070.94, 4160301.54 ], [ 281071.04, 4160301.53 ], [ 281071.13, 4160301.53 ], [ 281071.23, 4160301.54 ], [ 281071.33, 4160301.56 ], [ 281071.42, 4160301.58 ], [ 281071.51, 4160301.62 ], [ 281071.6, 4160301.67 ], [ 281071.68, 4160301.72 ], [ 281071.76, 4160301.79 ], [ 281071.8, 4160301.83 ], [ 281074.13, 4160299.08 ], [ 281074.13, 4160296.87 ], [ 281073.25, 4160294.75 ], [ 281069.01, 4160290.5 ], [ 281066.89, 4160289.63 ], [ 281056.13, 4160289.63 ], [ 281053.13, 4160292.63 ], [ 281053.13, 4160292.65 ], [ 281052.8, 4160293.57 ], [ 281051.05, 4160295.71 ], [ 281050.21, 4160296.21 ], [ 281039.84, 4160298.28 ], [ 281037.58, 4160300.28 ], [ 281035.77, 4160305.7 ], [ 281035.37, 4160306.32 ], [ 281033.81, 4160307.77 ], [ 281033.17, 4160308.12 ], [ 281033.13, 4160308.13 ], [ 281030.86, 4160310.92 ], [ 281032.39, 4160313.13 ], [ 281036.14, 4160311.99 ], [ 281036.23, 4160311.96 ], [ 281036.33, 4160311.95 ], [ 281036.43, 4160311.95 ], [ 281036.53, 4160311.95 ], [ 281036.62, 4160311.96 ], [ 281036.72, 4160311.99 ], [ 281036.81, 4160312.02 ], [ 281036.9, 4160312.06 ], [ 281036.98, 4160312.11 ], [ 281037.06, 4160312.17 ], [ 281037.14, 4160312.24 ], [ 281037.2, 4160312.31 ], [ 281037.26, 4160312.39 ], [ 281037.31, 4160312.47 ], [ 281037.35, 4160312.56 ], [ 281037.39, 4160312.65 ], [ 281038.06, 4160314.85 ], [ 281041.02, 4160313.28 ], [ 281041.35, 4160312.12 ], [ 281041.4, 4160312.04 ], [ 281041.09, 4160311.1 ], [ 281041.07, 4160311.0 ], [ 281041.05, 4160310.91 ], [ 281041.05, 4160310.81 ], [ 281041.05, 4160310.71 ], [ 281041.06, 4160310.61 ], [ 281041.08, 4160310.52 ], [ 281041.11, 4160310.43 ], [ 281041.15, 4160310.34 ], [ 281041.2, 4160310.25 ], [ 281041.26, 4160310.17 ], [ 281041.32, 4160310.1 ], [ 281041.4, 4160310.03 ], [ 281041.47, 4160309.97 ], [ 281041.56, 4160309.92 ], [ 281041.64, 4160309.87 ], [ 281041.74, 4160309.84 ], [ 281047.13, 4160308.09 ], [ 281047.23, 4160308.06 ], [ 281047.32, 4160308.04 ], [ 281047.42, 4160308.04 ], [ 281047.52, 4160308.04 ], [ 281047.62, 4160308.05 ], [ 281047.71, 4160308.07 ], [ 281047.81, 4160308.11 ], [ 281047.9, 4160308.15 ], [ 281047.98, 4160308.19 ], [ 281048.06, 4160308.25 ], [ 281048.13, 4160308.32 ], [ 281048.2, 4160308.39 ], [ 281048.26, 4160308.47 ], [ 281048.31, 4160308.55 ], [ 281048.36, 4160308.64 ], [ 281048.39, 4160308.73 ], [ 281050.14, 4160314.11 ], [ 281055.77, 4160312.37 ], [ 281054.25, 4160306.67 ], [ 281054.23, 4160306.57 ], [ 281054.22, 4160306.47 ], [ 281054.22, 4160306.37 ], [ 281054.23, 4160306.28 ], [ 281054.25, 4160306.18 ], [ 281054.27, 4160306.08 ], [ 281054.31, 4160305.99 ], [ 281054.35, 4160305.91 ], [ 281054.41, 4160305.82 ], [ 281054.47, 4160305.75 ], [ 281054.54, 4160305.68 ], [ 281054.61, 4160305.61 ], [ 281054.69, 4160305.56 ], [ 281054.78, 4160305.51 ], [ 281054.87, 4160305.47 ], [ 281054.96, 4160305.44 ], [ 281058.47, 4160304.52 ], [ 281059.16, 4160304.12 ], [ 281061.34, 4160303.76 ], [ 281063.65, 4160303.15 ], [ 281063.75, 4160303.13 ], [ 281063.85, 4160303.12 ] ] ], [ [ [ 281053.16, 4160337.02 ], [ 281053.25, 4160336.98 ], [ 281053.34, 4160336.94 ], [ 281053.43, 4160336.91 ], [ 281053.53, 4160336.89 ], [ 281053.63, 4160336.88 ], [ 281053.72, 4160336.88 ], [ 281053.82, 4160336.88 ], [ 281053.92, 4160336.9 ], [ 281054.01, 4160336.93 ], [ 281054.1, 4160336.96 ], [ 281054.19, 4160337.01 ], [ 281054.27, 4160337.06 ], [ 281054.35, 4160337.12 ], [ 281054.42, 4160337.19 ], [ 281054.48, 4160337.27 ], [ 281054.54, 4160337.35 ], [ 281059.47, 4160345.26 ], [ 281064.47, 4160353.17 ], [ 281068.02, 4160358.74 ], [ 281068.07, 4160358.82 ], [ 281068.11, 4160358.91 ], [ 281068.14, 4160359.01 ], [ 281068.16, 4160359.1 ], [ 281068.18, 4160359.2 ], [ 281068.18, 4160359.3 ], [ 281068.17, 4160359.4 ], [ 281068.15, 4160359.5 ], [ 281068.13, 4160359.59 ], [ 281068.09, 4160359.69 ], [ 281068.06, 4160359.74 ], [ 281068.97, 4160359.92 ], [ 281072.7, 4160356.93 ], [ 281073.3, 4160355.12 ], [ 281073.83, 4160354.4 ], [ 281075.91, 4160352.9 ], [ 281076.77, 4160352.63 ], [ 281078.06, 4160352.63 ], [ 281083.13, 4160348.55 ], [ 281083.13, 4160342.48 ], [ 281081.47, 4160339.8 ], [ 281073.16, 4160335.64 ], [ 281072.57, 4160335.1 ], [ 281071.35, 4160333.13 ], [ 281071.13, 4160332.35 ], [ 281071.13, 4160322.77 ], [ 281071.49, 4160321.82 ], [ 281073.35, 4160319.67 ], [ 281074.24, 4160319.18 ], [ 281089.56, 4160316.99 ], [ 281092.13, 4160314.02 ], [ 281092.13, 4160308.17 ], [ 281091.57, 4160307.69 ], [ 281067.03, 4160315.27 ], [ 281066.78, 4160315.64 ], [ 281065.39, 4160316.22 ], [ 281064.52, 4160316.05 ], [ 281037.74, 4160324.33 ], [ 281043.99, 4160334.76 ], [ 281044.36, 4160334.4 ], [ 281045.44, 4160333.98 ], [ 281048.6, 4160334.12 ], [ 281049.64, 4160334.63 ], [ 281052.15, 4160337.65 ], [ 281053.16, 4160337.02 ] ] ], [ [ [ 281015.85, 4160340.7 ], [ 281015.87, 4160340.8 ], [ 281015.89, 4160340.89 ], [ 281015.89, 4160340.99 ], [ 281015.89, 4160341.09 ], [ 281015.89, 4160341.14 ], [ 281016.3, 4160341.97 ], [ 281018.99, 4160343.63 ], [ 281020.06, 4160343.63 ], [ 281021.0, 4160343.97 ], [ 281023.14, 4160345.79 ], [ 281023.64, 4160346.66 ], [ 281025.28, 4160356.49 ], [ 281025.35, 4160356.62 ], [ 281025.39, 4160356.7 ], [ 281025.43, 4160356.8 ], [ 281025.45, 4160356.89 ], [ 281025.47, 4160356.99 ], [ 281025.48, 4160357.08 ], [ 281025.48, 4160357.18 ], [ 281025.46, 4160357.28 ], [ 281025.44, 4160357.38 ], [ 281025.43, 4160357.42 ], [ 281025.47, 4160357.67 ], [ 281028.7, 4160360.16 ], [ 281030.19, 4160360.03 ], [ 281033.02, 4160360.85 ], [ 281033.85, 4160361.49 ], [ 281035.56, 4160364.34 ], [ 281038.93, 4160365.69 ], [ 281041.13, 4160362.79 ], [ 281041.13, 4160360.31 ], [ 281039.54, 4160357.5 ], [ 281039.49, 4160357.42 ], [ 281039.46, 4160357.32 ], [ 281039.43, 4160357.23 ], [ 281039.41, 4160357.13 ], [ 281039.4, 4160357.04 ], [ 281039.41, 4160356.94 ], [ 281039.42, 4160356.84 ], [ 281039.44, 4160356.74 ], [ 281039.47, 4160356.65 ], [ 281039.51, 4160356.56 ], [ 281039.56, 4160356.48 ], [ 281039.61, 4160356.4 ], [ 281039.68, 4160356.32 ], [ 281039.75, 4160356.25 ], [ 281039.83, 4160356.19 ], [ 281039.91, 4160356.14 ], [ 281041.13, 4160355.44 ], [ 281041.13, 4160347.73 ], [ 281041.1, 4160347.74 ], [ 281035.96, 4160350.58 ], [ 281035.87, 4160350.62 ], [ 281035.78, 4160350.65 ], [ 281035.69, 4160350.68 ], [ 281035.59, 4160350.69 ], [ 281035.49, 4160350.7 ], [ 281035.4, 4160350.7 ], [ 281035.3, 4160350.68 ], [ 281035.2, 4160350.66 ], [ 281035.11, 4160350.63 ], [ 281035.02, 4160350.59 ], [ 281034.94, 4160350.54 ], [ 281034.86, 4160350.48 ], [ 281034.78, 4160350.42 ], [ 281034.72, 4160350.34 ], [ 281034.66, 4160350.27 ], [ 281034.6, 4160350.18 ], [ 281031.88, 4160345.24 ], [ 281031.84, 4160345.15 ], [ 281031.8, 4160345.06 ], [ 281031.78, 4160344.96 ], [ 281031.76, 4160344.87 ], [ 281031.76, 4160344.77 ], [ 281031.76, 4160344.67 ], [ 281031.77, 4160344.57 ], [ 281031.8, 4160344.48 ], [ 281031.83, 4160344.39 ], [ 281031.87, 4160344.3 ], [ 281031.92, 4160344.21 ], [ 281031.98, 4160344.13 ], [ 281032.04, 4160344.06 ], [ 281032.11, 4160343.99 ], [ 281032.19, 4160343.93 ], [ 281032.27, 4160343.88 ], [ 281037.41, 4160341.05 ], [ 281037.5, 4160341.01 ], [ 281037.59, 4160340.97 ], [ 281037.69, 4160340.95 ], [ 281037.79, 4160340.93 ], [ 281037.88, 4160340.92 ], [ 281037.98, 4160340.93 ], [ 281038.08, 4160340.94 ], [ 281038.17, 4160340.96 ], [ 281038.27, 4160341.0 ], [ 281038.36, 4160341.04 ], [ 281038.44, 4160341.09 ], [ 281038.52, 4160341.14 ], [ 281038.59, 4160341.21 ], [ 281038.66, 4160341.28 ], [ 281038.72, 4160341.36 ], [ 281038.77, 4160341.44 ], [ 281041.13, 4160345.72 ], [ 281041.13, 4160341.86 ], [ 281031.72, 4160326.15 ], [ 281030.49, 4160326.51 ], [ 281030.45, 4160326.57 ], [ 281030.59, 4160326.99 ], [ 281030.39, 4160328.26 ], [ 281028.39, 4160331.04 ], [ 281027.4, 4160331.55 ], [ 281027.42, 4160331.59 ], [ 281027.45, 4160331.68 ], [ 281027.47, 4160331.78 ], [ 281027.49, 4160331.88 ], [ 281027.49, 4160331.97 ], [ 281027.48, 4160332.07 ], [ 281027.47, 4160332.17 ], [ 281027.44, 4160332.26 ], [ 281027.41, 4160332.36 ], [ 281027.37, 4160332.44 ], [ 281027.32, 4160332.53 ], [ 281027.26, 4160332.61 ], [ 281027.19, 4160332.68 ], [ 281027.12, 4160332.74 ], [ 281027.04, 4160332.8 ], [ 281026.96, 4160332.85 ], [ 281022.64, 4160335.12 ], [ 281022.55, 4160335.17 ], [ 281022.45, 4160335.2 ], [ 281022.36, 4160335.22 ], [ 281022.26, 4160335.23 ], [ 281022.16, 4160335.24 ], [ 281022.07, 4160335.23 ], [ 281021.97, 4160335.22 ], [ 281021.87, 4160335.19 ], [ 281021.78, 4160335.16 ], [ 281021.69, 4160335.12 ], [ 281021.61, 4160335.07 ], [ 281021.53, 4160335.01 ], [ 281021.46, 4160334.94 ], [ 281021.39, 4160334.87 ], [ 281021.34, 4160334.79 ], [ 281021.29, 4160334.7 ], [ 281019.9, 4160332.08 ], [ 281019.86, 4160331.99 ], [ 281019.83, 4160331.89 ], [ 281019.81, 4160331.8 ], [ 281019.79, 4160331.7 ], [ 281019.79, 4160331.63 ], [ 281017.13, 4160331.63 ], [ 281014.13, 4160334.63 ], [ 281014.13, 4160336.92 ], [ 281014.41, 4160338.09 ], [ 281015.77, 4160340.52 ], [ 281015.81, 4160340.61 ], [ 281015.85, 4160340.7 ] ] ] ] } },
{ "type": "Feature", "properties": { "id": "richmond_structure:274505", "name": null, "kind": "deck", "sport": null, "surface": null, "pitch_layout": null, "source": "richmond_structures", "source_updated": "2026-09-08T12:07:13.637000Z", "base_z": null, "top_z": null }, "geometry": { "type": "Polygon", "coordinates": [ [ [ 281014.13, 4160334.0 ], [ 281010.48, 4160335.74 ], [ 281012.51, 4160339.49 ], [ 281015.88, 4160337.51 ], [ 281014.13, 4160334.0 ] ] ] } },
{ "type": "Feature", "properties": { "id": "richmond_structure:274504", "name": null, "kind": "deck", "sport": null, "surface": null, "pitch_layout": null, "source": "richmond_structures", "source_updated": "2026-09-08T12:07:13.637000Z", "base_z": null, "top_z": null }, "geometry": { "type": "Polygon", "coordinates": [ [ [ 281021.06, 4160346.26 ], [ 281022.26, 4160345.31 ], [ 281021.1, 4160343.41 ], [ 281020.05, 4160344.59 ], [ 281019.34, 4160343.52 ], [ 281015.95, 4160345.83 ], [ 281017.96, 4160349.51 ], [ 281021.64, 4160347.72 ], [ 281021.06, 4160346.26 ] ] ] } },
{ "type": "Feature", "properties": { "id": "richmond_structure:409657", "name": null, "kind": "deck", "sport": null, "surface": null, "pitch_layout": null, "source": "richmond_structures", "source_updated": "2026-09-08T12:07:13.637000Z", "base_z": null, "top_z": null }, "geometry": { "type": "Polygon", "coordinates": [ [ [ 281030.66, 4160356.8 ], [ 281024.1, 4160360.61 ], [ 281025.93, 4160363.76 ], [ 281029.81, 4160361.51 ], [ 281030.28, 4160362.32 ], [ 281032.96, 4160360.76 ], [ 281030.66, 4160356.8 ] ] ] } },
{ "type": "Feature", "properties": { "id": "richmond_structure:409658", "name": null, "kind": "deck", "sport": null, "surface": null, "pitch_layout": null, "source": "richmond_structures", "source_updated": "2026-09-08T12:07:13.637000Z", "base_z": null, "top_z": null }, "geometry": { "type": "Polygon", "coordinates": [ [ [ 281029.4, 4160369.4 ], [ 281033.69, 4160366.91 ], [ 281031.2, 4160362.62 ], [ 281026.91, 4160365.11 ], [ 281029.4, 4160369.4 ] ] ] } },
{ "type": "Feature", "properties": { "id": "richmond_structure:409659", "name": null, "kind": "deck", "sport": null, "surface": null, "pitch_layout": null, "source": "richmond_structures", "source_updated": "2026-09-08T12:07:13.637000Z", "base_z": null, "top_z": null }, "geometry": { "type": "Polygon", "coordinates": [ [ [ 281031.88, 4160373.99 ], [ 281029.75, 4160375.21 ], [ 281030.24, 4160376.07 ], [ 281037.09, 4160372.15 ], [ 281034.48, 4160367.58 ], [ 281029.76, 4160370.28 ], [ 281031.88, 4160373.99 ] ] ] } },
{ "type": "Feature", "properties": { "id": "richmond_structure:276585", "name": null, "kind": "deck", "sport": null, "surface": null, "pitch_layout": null, "source": "richmond_structures", "source_updated": "2026-09-08T12:07:13.637000Z", "base_z": null, "top_z": null }, "geometry": { "type": "Polygon", "coordinates": [ [ [ 281078.92, 4160379.19 ], [ 281082.74, 4160375.99 ], [ 281079.04, 4160372.0 ], [ 281075.45, 4160374.95 ], [ 281078.92, 4160379.19 ] ] ] } },
{ "type": "Feature", "properties": { "id": "richmond_structure:275266", "name": null, "kind": "deck", "sport": null, "surface": null, "pitch_layout": null, "source": "richmond_structures", "source_updated": "2026-09-08T12:07:13.637000Z", "base_z": null, "top_z": null }, "geometry": { "type": "Polygon", "coordinates": [ [ [ 281036.96, 4160376.3 ], [ 281038.83, 4160375.33 ], [ 281038.17, 4160373.96 ], [ 281036.04, 4160375.01 ], [ 281035.5, 4160374.05 ], [ 281032.73, 4160375.52 ], [ 281034.78, 4160379.08 ], [ 281037.69, 4160377.56 ], [ 281036.96, 4160376.3 ] ] ] } },
{ "type": "Feature", "properties": { "id": "richmond_structure:275265", "name": null, "kind": "deck", "sport": null, "surface": null, "pitch_layout": null, "source": "richmond_structures", "source_updated": "2026-09-08T12:07:13.637000Z", "base_z": null, "top_z": null }, "geometry": { "type": "Polygon", "coordinates": [ [ [ 281040.94, 4160379.01 ], [ 281039.94, 4160377.23 ], [ 281035.36, 4160379.91 ], [ 281037.77, 4160383.93 ], [ 281040.75, 4160382.01 ], [ 281039.4, 4160379.87 ], [ 281040.94, 4160379.01 ] ] ] } },
{ "type": "Feature", "properties": { "id": "richmond_structure:408781", "name": null, "kind": "deck", "sport": null, "surface": null, "pitch_layout": null, "source": "richmond_structures", "source_updated": "2026-09-08T12:07:13.637000Z", "base_z": null, "top_z": null }, "geometry": { "type": "Polygon", "coordinates": [ [ [ 281072.06, 4160381.59 ], [ 281070.72, 4160379.95 ], [ 281067.01, 4160382.58 ], [ 281064.88, 4160380.43 ], [ 281059.79, 4160384.38 ], [ 281063.71, 4160388.64 ], [ 281064.58, 4160388.01 ], [ 281065.75, 4160389.62 ], [ 281070.06, 4160386.26 ], [ 281068.51, 4160384.13 ], [ 281072.06, 4160381.59 ] ] ] } },
{ "type": "Feature", "properties": { "id": "richmond_structure:276584", "name": null, "kind": "deck", "sport": null, "surface": null, "pitch_layout": null, "source": "richmond_structures", "source_updated": "2026-09-08T12:07:13.637000Z", "base_z": null, "top_z": null }, "geometry": { "type": "Polygon", "coordinates": [ [ [ 281063.96, 4160389.1 ], [ 281063.04, 4160389.72 ], [ 281062.41, 4160388.4 ], [ 281060.45, 4160389.47 ], [ 281061.26, 4160390.78 ], [ 281060.24, 4160391.58 ], [ 281061.6, 4160392.85 ], [ 281065.75, 4160389.62 ], [ 281064.58, 4160388.01 ], [ 281063.75, 4160388.61 ], [ 281063.96, 4160389.1 ] ] ] } },
{ "type": "Feature", "properties": { "id": "richmond_structure:409665", "name": null, "kind": "deck", "sport": null, "surface": null, "pitch_layout": null, "source": "richmond_structures", "source_updated": "2026-09-08T12:07:13.637000Z", "base_z": null, "top_z": null }, "geometry": { "type": "Polygon", "coordinates": [ [ [ 281046.66, 4160388.31 ], [ 281056.19, 4160399.66 ], [ 281061.96, 4160395.06 ], [ 281052.89, 4160383.54 ], [ 281046.66, 4160388.31 ] ], [ [ 281052.82, 4160387.3 ], [ 281054.21, 4160387.34 ], [ 281058.31, 4160392.52 ], [ 281058.12, 4160394.08 ], [ 281056.0, 4160395.76 ], [ 281054.76, 4160395.71 ], [ 281050.45, 4160390.26 ], [ 281050.39, 4160389.22 ], [ 281052.82, 4160387.3 ] ] ] } },
{ "type": "Feature", "properties": { "id": "richmond_structure:409655", "name": null, "kind": "deck", "sport": null, "surface": null, "pitch_layout": null, "source": "richmond_structures", "source_updated": "2026-09-08T12:07:13.637000Z", "base_z": null, "top_z": null }, "geometry": { "type": "Polygon", "coordinates": [ [ [ 281108.01, 4160327.42 ], [ 281104.81, 4160323.88 ], [ 281102.45, 4160325.6 ], [ 281101.82, 4160326.58 ], [ 281101.95, 4160328.23 ], [ 281102.77, 4160330.41 ], [ 281102.46, 4160331.15 ], [ 281103.65, 4160332.57 ], [ 281104.26, 4160332.11 ], [ 281104.43, 4160330.91 ], [ 281105.19, 4160329.68 ], [ 281108.01, 4160327.42 ] ] ] } },
{ "type": "Feature", "properties": { "id": "richmond_structure:276617", "name": null, "kind": "deck", "sport": null, "surface": null, "pitch_layout": null, "source": "richmond_structures", "source_updated": "2026-09-08T12:07:13.637000Z", "base_z": null, "top_z": null }, "geometry": { "type": "Polygon", "coordinates": [ [ [ 281119.94, 4160346.99 ], [ 281124.61, 4160343.29 ], [ 281121.74, 4160339.89 ], [ 281117.01, 4160343.12 ], [ 281119.94, 4160346.99 ] ] ] } },
{ "type": "Feature", "properties": { "id": "imagery:groundcover_lawn:349", "name": null, "kind": "groundcover_lawn", "sport": null, "surface": null, "pitch_layout": null, "source": "vgin_vbmp+naip+lidar2025", "source_updated": null, "base_z": null, "top_z": null }, "geometry": { "type": "Polygon", "coordinates": [ [ [ 281108.65, 4160347.03 ], [ 281108.69, 4160347.12 ], [ 281108.72, 4160347.21 ], [ 281108.75, 4160347.31 ], [ 281108.76, 4160347.41 ], [ 281108.76, 4160347.5 ], [ 281108.75, 4160347.6 ], [ 281108.73, 4160347.7 ], [ 281108.71, 4160347.79 ], [ 281108.67, 4160347.89 ], [ 281108.63, 4160347.97 ], [ 281108.57, 4160348.06 ], [ 281108.51, 4160348.13 ], [ 281108.44, 4160348.2 ], [ 281108.37, 4160348.27 ], [ 281108.3, 4160348.32 ], [ 281109.56, 4160353.35 ], [ 281112.31, 4160355.5 ], [ 281113.54, 4160354.53 ], [ 281113.62, 4160354.47 ], [ 281113.71, 4160354.42 ], [ 281113.8, 4160354.38 ], [ 281113.89, 4160354.35 ], [ 281113.99, 4160354.33 ], [ 281114.08, 4160354.32 ], [ 281114.18, 4160354.31 ], [ 281114.28, 4160354.32 ], [ 281114.38, 4160354.34 ], [ 281114.47, 4160354.36 ], [ 281114.56, 4160354.4 ], [ 281114.65, 4160354.44 ], [ 281114.73, 4160354.49 ], [ 281114.81, 4160354.55 ], [ 281114.88, 4160354.62 ], [ 281114.95, 4160354.69 ], [ 281114.96, 4160354.71 ], [ 281116.7, 4160353.35 ], [ 281118.72, 4160345.28 ], [ 281119.0, 4160344.71 ], [ 281119.83, 4160343.68 ], [ 281119.82, 4160339.92 ], [ 281116.2, 4160339.13 ], [ 281114.78, 4160340.3 ], [ 281114.7, 4160340.36 ], [ 281114.61, 4160340.41 ], [ 281114.53, 4160340.45 ], [ 281114.43, 4160340.48 ], [ 281114.34, 4160340.5 ], [ 281114.24, 4160340.52 ], [ 281114.14, 4160340.52 ], [ 281114.05, 4160340.52 ], [ 281113.95, 4160340.5 ], [ 281113.85, 4160340.48 ], [ 281113.76, 4160340.45 ], [ 281113.67, 4160340.4 ], [ 281113.63, 4160340.38 ], [ 281109.28, 4160342.55 ], [ 281107.76, 4160345.85 ], [ 281108.55, 4160346.86 ], [ 281108.61, 4160346.94 ], [ 281108.65, 4160347.03 ] ] ] } },
{ "type": "Feature", "properties": { "id": "richmond_structure:409651", "name": null, "kind": "deck", "sport": null, "surface": null, "pitch_layout": null, "source": "richmond_structures", "source_updated": "2026-09-08T12:07:13.637000Z", "base_z": null, "top_z": null }, "geometry": { "type": "Polygon", "coordinates": [ [ [ 281102.36, 4160351.93 ], [ 281100.02, 4160349.04 ], [ 281098.05, 4160349.92 ], [ 281098.29, 4160350.19 ], [ 281096.16, 4160351.54 ], [ 281099.47, 4160355.62 ], [ 281098.75, 4160356.2 ], [ 281100.2, 4160358.0 ], [ 281103.05, 4160355.69 ], [ 281100.94, 4160353.08 ], [ 281102.36, 4160351.93 ] ] ] } },
{ "type": "Feature", "properties": { "id": "richmond_structure:409649", "name": null, "kind": "deck", "sport": null, "surface": null, "pitch_layout": null, "source": "richmond_structures", "source_updated": "2026-09-08T12:07:13.637000Z", "base_z": null, "top_z": null }, "geometry": { "type": "Polygon", "coordinates": [ [ [ 281093.72, 4160365.69 ], [ 281090.46, 4160361.67 ], [ 281086.68, 4160364.72 ], [ 281089.6, 4160368.33 ], [ 281091.24, 4160367.0 ], [ 281091.58, 4160367.42 ], [ 281093.72, 4160365.69 ] ] ] } },
{ "type": "Feature", "properties": { "id": "richmond_structure:409650", "name": null, "kind": "deck", "sport": null, "surface": null, "pitch_layout": null, "source": "richmond_structures", "source_updated": "2026-09-08T12:07:13.637000Z", "base_z": null, "top_z": null }, "geometry": { "type": "Polygon", "coordinates": [ [ [ 281099.67, 4160365.71 ], [ 281101.42, 4160367.97 ], [ 281103.28, 4160366.53 ], [ 281101.53, 4160364.27 ], [ 281099.67, 4160365.71 ] ] ] } },
{ "type": "Feature", "properties": { "id": "richmond_structure:409648", "name": null, "kind": "deck", "sport": null, "surface": null, "pitch_layout": null, "source": "richmond_structures", "source_updated": "2026-09-08T12:07:13.637000Z", "base_z": null, "top_z": null }, "geometry": { "type": "Polygon", "coordinates": [ [ [ 281081.17, 4160367.78 ], [ 281082.5, 4160369.43 ], [ 281081.23, 4160370.45 ], [ 281082.3, 4160371.78 ], [ 281083.44, 4160370.87 ], [ 281084.85, 4160372.64 ], [ 281087.86, 4160370.23 ], [ 281084.69, 4160366.27 ], [ 281082.61, 4160366.63 ], [ 281081.17, 4160367.78 ] ] ] } },
{ "type": "Feature", "properties": { "id": "richmond_structure:409647", "name": null, "kind": "deck", "sport": null, "surface": null, "pitch_layout": null, "source": "richmond_structures", "source_updated": "2026-09-08T12:07:13.637000Z", "base_z": null, "top_z": null }, "geometry": { "type": "Polygon", "coordinates": [ [ [ 281098.49, 4160385.89 ], [ 281100.74, 4160384.08 ], [ 281095.0, 4160376.92 ], [ 281092.75, 4160378.72 ], [ 281098.49, 4160385.89 ] ] ] } },
{ "type": "Feature", "properties": { "id": "osm:way/236138602", "name": null, "kind": "grass", "sport": null, "surface": null, "pitch_layout": null, "source": null, "source_updated": null, "base_z": null, "top_z": null }, "geometry": { "type": "Polygon", "coordinates": [ [ [ 281062.03, 4160454.09 ], [ 281066.29, 4160453.73 ], [ 281165.37, 4160375.42 ], [ 281166.81, 4160371.19 ], [ 281165.46, 4160366.95 ], [ 281161.58, 4160364.71 ], [ 281157.14, 4160365.16 ], [ 281058.31, 4160443.79 ], [ 281057.03, 4160447.88 ], [ 281058.46, 4160451.88 ], [ 281062.03, 4160454.09 ] ] ] } },
{ "type": "Feature", "properties": { "id": "richmond_structure:276735", "name": null, "kind": "deck", "sport": null, "surface": null, "pitch_layout": null, "source": "richmond_structures", "source_updated": "2026-09-08T12:07:13.637000Z", "base_z": null, "top_z": null }, "geometry": { "type": "Polygon", "coordinates": [ [ [ 281125.76, 4160457.43 ], [ 281122.5, 4160453.52 ], [ 281118.49, 4160456.87 ], [ 281121.76, 4160460.78 ], [ 281125.76, 4160457.43 ] ] ] } },
{ "type": "Feature", "properties": { "id": "richmond_structure:409646", "name": null, "kind": "deck", "sport": null, "surface": null, "pitch_layout": null, "source": "richmond_structures", "source_updated": "2026-09-08T12:07:13.637000Z", "base_z": null, "top_z": null }, "geometry": { "type": "Polygon", "coordinates": [ [ [ 281060.25, 4160406.57 ], [ 281064.55, 4160403.21 ], [ 281061.38, 4160399.15 ], [ 281057.08, 4160402.52 ], [ 281060.25, 4160406.57 ] ] ] } },
{ "type": "Feature", "properties": { "id": "imagery:groundcover_lawn:388", "name": null, "kind": "groundcover_lawn", "sport": null, "surface": null, "pitch_layout": null, "source": "vgin_vbmp+naip+lidar2025", "source_updated": null, "base_z": null, "top_z": null }, "geometry": { "type": "Polygon", "coordinates": [ [ [ 281003.11, 4160457.98 ], [ 281003.16, 4160458.07 ], [ 281003.2, 4160458.16 ], [ 281003.23, 4160458.25 ], [ 281003.25, 4160458.35 ], [ 281003.26, 4160458.44 ], [ 281003.26, 4160458.54 ], [ 281003.25, 4160458.64 ], [ 281003.24, 4160458.74 ], [ 281003.21, 4160458.83 ], [ 281003.17, 4160458.92 ], [ 281003.13, 4160459.01 ], [ 281003.07, 4160459.09 ], [ 281003.01, 4160459.17 ], [ 281002.94, 4160459.24 ], [ 281002.87, 4160459.3 ], [ 281000.0, 4160461.49 ], [ 281000.0, 4160470.46 ], [ 281020.06, 4160453.55 ], [ 281020.13, 4160453.38 ], [ 281020.13, 4160451.63 ], [ 281017.13, 4160448.63 ], [ 281015.92, 4160448.63 ], [ 281014.42, 4160449.73 ], [ 281014.34, 4160449.79 ], [ 281014.26, 4160449.84 ], [ 281014.17, 4160449.87 ], [ 281014.07, 4160449.9 ], [ 281013.98, 4160449.92 ], [ 281013.88, 4160449.93 ], [ 281013.78, 4160449.93 ], [ 281013.68, 4160449.92 ], [ 281013.59, 4160449.9 ], [ 281013.49, 4160449.87 ], [ 281013.4, 4160449.84 ], [ 281013.32, 4160449.79 ], [ 281013.24, 4160449.74 ], [ 281013.16, 4160449.68 ], [ 281013.09, 4160449.61 ], [ 281013.03, 4160449.53 ], [ 281012.35, 4160448.63 ], [ 281011.73, 4160448.63 ], [ 281010.71, 4160448.2 ], [ 281008.55, 4160446.05 ], [ 281008.13, 4160445.03 ], [ 281008.13, 4160442.99 ], [ 281007.04, 4160441.53 ], [ 281006.98, 4160441.45 ], [ 281006.93, 4160441.36 ], [ 281006.9, 4160441.27 ], [ 281006.87, 4160441.17 ], [ 281006.85, 4160441.08 ], [ 281006.84, 4160440.98 ], [ 281006.84, 4160440.88 ], [ 281006.85, 4160440.78 ], [ 281006.87, 4160440.69 ], [ 281006.89, 4160440.59 ], [ 281006.93, 4160440.5 ], [ 281006.98, 4160440.41 ], [ 281007.03, 4160440.33 ], [ 281007.09, 4160440.26 ], [ 281007.16, 4160440.19 ], [ 281007.24, 4160440.12 ], [ 281008.76, 4160439.0 ], [ 281010.71, 4160437.05 ], [ 281011.73, 4160436.63 ], [ 281011.96, 4160436.63 ], [ 281015.73, 4160433.83 ], [ 281015.81, 4160433.77 ], [ 281015.9, 4160433.73 ], [ 281015.99, 4160433.69 ], [ 281016.08, 4160433.66 ], [ 281016.18, 4160433.64 ], [ 281016.27, 4160433.63 ], [ 281016.37, 4160433.63 ], [ 281016.47, 4160433.64 ], [ 281016.56, 4160433.66 ], [ 281016.66, 4160433.69 ], [ 281016.75, 4160433.72 ], [ 281016.83, 4160433.77 ], [ 281016.92, 4160433.82 ], [ 281016.99, 4160433.89 ], [ 281017.06, 4160433.95 ], [ 281017.12, 4160434.03 ], [ 281017.63, 4160434.71 ], [ 281017.81, 4160434.57 ], [ 281018.81, 4160431.57 ], [ 281015.97, 4160427.63 ], [ 281010.38, 4160427.63 ], [ 281007.17, 4160429.99 ], [ 281007.09, 4160430.05 ], [ 281007.01, 4160430.09 ], [ 281006.91, 4160430.13 ], [ 281006.82, 4160430.16 ], [ 281006.72, 4160430.18 ], [ 281006.63, 4160430.19 ], [ 281006.53, 4160430.19 ], [ 281006.43, 4160430.18 ], [ 281006.34, 4160430.16 ], [ 281006.24, 4160430.13 ], [ 281006.15, 4160430.09 ], [ 281006.06, 4160430.05 ], [ 281005.98, 4160429.99 ], [ 281005.91, 4160429.93 ], [ 281005.84, 4160429.86 ], [ 281005.78, 4160429.78 ], [ 281004.18, 4160427.63 ], [ 281000.0, 4160427.63 ], [ 281000.0, 4160453.93 ], [ 281003.06, 4160457.9 ], [ 281003.11, 4160457.98 ] ] ] } },
{ "type": "Feature", "properties": { "id": "osm:way/236138604", "name": null, "kind": "grass", "sport": null, "surface": null, "pitch_layout": null, "source": null, "source_updated": null, "base_z": null, "top_z": null }, "geometry": { "type": "Polygon", "coordinates": [ [ [ 281039.15, 4160471.47 ], [ 281038.01, 4160468.03 ], [ 281034.88, 4160466.12 ], [ 281031.27, 4160466.29 ], [ 281000.0, 4160491.02 ], [ 281000.0, 4160500.0 ], [ 281006.5, 4160500.0 ], [ 281038.18, 4160474.95 ], [ 281039.15, 4160471.47 ] ] ] } },
{ "type": "Feature", "properties": { "id": "imagery:groundcover_lawn:254", "name": null, "kind": "groundcover_lawn", "sport": null, "surface": null, "pitch_layout": null, "source": "vgin_vbmp+naip+lidar2025", "source_updated": null, "base_z": null, "top_z": null }, "geometry": { "type": "Polygon", "coordinates": [ [ [ 281044.1, 4160499.35 ], [ 281044.04, 4160499.27 ], [ 281043.99, 4160499.18 ], [ 281043.95, 4160499.09 ], [ 281043.92, 4160499.0 ], [ 281043.9, 4160498.9 ], [ 281043.89, 4160498.8 ], [ 281043.89, 4160498.71 ], [ 281043.9, 4160498.61 ], [ 281043.91, 4160498.51 ], [ 281043.94, 4160498.42 ], [ 281043.98, 4160498.33 ], [ 281044.02, 4160498.24 ], [ 281044.08, 4160498.15 ], [ 281044.14, 4160498.08 ], [ 281044.21, 4160498.01 ], [ 281044.28, 4160497.94 ], [ 281045.58, 4160496.95 ], [ 281044.19, 4160492.78 ], [ 281043.29, 4160492.65 ], [ 281033.78, 4160500.0 ], [ 281044.49, 4160500.0 ], [ 281044.53, 4160499.91 ], [ 281044.1, 4160499.35 ] ] ] } },
{ "type": "Feature", "properties": { "id": "richmond_structure:409635", "name": null, "kind": "deck", "sport": null, "surface": null, "pitch_layout": null, "source": "richmond_structures", "source_updated": "2026-09-08T12:07:13.637000Z", "base_z": null, "top_z": null }, "geometry": { "type": "Polygon", "coordinates": [ [ [ 281108.87, 4160462.3 ], [ 281107.17, 4160460.38 ], [ 281100.0, 4160466.72 ], [ 281100.75, 4160467.57 ], [ 281105.87, 4160463.04 ], [ 281106.82, 4160464.11 ], [ 281108.87, 4160462.3 ] ] ] } },
{ "type": "Feature", "properties": { "id": "richmond_structure:409636", "name": null, "kind": "deck", "sport": null, "surface": null, "pitch_layout": null, "source": "richmond_structures", "source_updated": "2026-09-08T12:07:13.637000Z", "base_z": null, "top_z": null }, "geometry": { "type": "Polygon", "coordinates": [ [ [ 281124.55, 4160469.88 ], [ 281111.25, 4160453.04 ], [ 281105.17, 4160458.12 ], [ 281108.21, 4160459.67 ], [ 281109.32, 4160461.03 ], [ 281109.57, 4160462.23 ], [ 281108.2, 4160464.78 ], [ 281105.21, 4160467.32 ], [ 281106.1, 4160468.37 ], [ 281107.1, 4160467.89 ], [ 281107.72, 4160468.14 ], [ 281109.19, 4160471.38 ], [ 281111.39, 4160473.9 ], [ 281113.54, 4160475.06 ], [ 281116.23, 4160475.31 ], [ 281117.78, 4160474.95 ], [ 281119.68, 4160474.04 ], [ 281124.55, 4160469.88 ] ], [ [ 281116.74, 4160473.62 ], [ 281110.46, 4160465.85 ], [ 281113.79, 4160463.16 ], [ 281120.07, 4160470.94 ], [ 281116.74, 4160473.62 ] ] ] } },
{ "type": "Feature", "properties": { "id": "imagery:groundcover_lawn:264", "name": null, "kind": "groundcover_lawn", "sport": null, "surface": null, "pitch_layout": null, "source": "vgin_vbmp+naip+lidar2025", "source_updated": null, "base_z": null, "top_z": null }, "geometry": { "type": "Polygon", "coordinates": [ [ [ 281097.38, 4160487.17 ], [ 281097.46, 4160487.12 ], [ 281097.55, 4160487.08 ], [ 281097.64, 4160487.05 ], [ 281097.74, 4160487.03 ], [ 281097.83, 4160487.01 ], [ 281097.93, 4160487.01 ], [ 281098.03, 4160487.02 ], [ 281098.12, 4160487.03 ], [ 281100.01, 4160485.53 ], [ 281101.13, 4160483.18 ], [ 281101.13, 4160481.63 ], [ 281098.13, 4160478.63 ], [ 281090.26, 4160478.63 ], [ 281090.25, 4160478.64 ], [ 281090.18, 4160478.71 ], [ 281090.11, 4160478.77 ], [ 281087.02, 4160481.19 ], [ 281086.94, 4160481.24 ], [ 281086.85, 4160481.29 ], [ 281086.76, 4160481.33 ], [ 281086.67, 4160481.36 ], [ 281086.57, 4160481.38 ], [ 281086.47, 4160481.39 ], [ 281086.38, 4160481.4 ], [ 281086.28, 4160481.39 ], [ 281086.18, 4160481.37 ], [ 281086.09, 4160481.35 ], [ 281086.0, 4160481.31 ], [ 281085.91, 4160481.27 ], [ 281085.83, 4160481.21 ], [ 281085.75, 4160481.15 ], [ 281085.68, 4160481.09 ], [ 281085.61, 4160481.01 ], [ 281084.94, 4160480.15 ], [ 281083.21, 4160481.49 ], [ 281083.13, 4160481.54 ], [ 281083.05, 4160481.59 ], [ 281082.96, 4160481.63 ], [ 281082.87, 4160481.66 ], [ 281082.77, 4160481.68 ], [ 281082.67, 4160481.69 ], [ 281082.57, 4160481.7 ], [ 281082.48, 4160481.69 ], [ 281082.38, 4160481.67 ], [ 281082.29, 4160481.65 ], [ 281082.2, 4160481.61 ], [ 281082.11, 4160481.57 ], [ 281082.02, 4160481.52 ], [ 281081.95, 4160481.46 ], [ 281081.88, 4160481.39 ], [ 281081.81, 4160481.31 ], [ 281080.89, 4160480.14 ], [ 281079.76, 4160481.02 ], [ 281079.68, 4160481.08 ], [ 281079.6, 4160481.13 ], [ 281079.51, 4160481.17 ], [ 281079.42, 4160481.2 ], [ 281079.32, 4160481.22 ], [ 281079.22, 4160481.23 ], [ 281079.12, 4160481.23 ], [ 281079.03, 4160481.23 ], [ 281078.93, 4160481.21 ], [ 281078.84, 4160481.18 ], [ 281078.74, 4160481.15 ], [ 281078.66, 4160481.1 ], [ 281078.57, 4160481.05 ], [ 281078.5, 4160480.99 ], [ 281078.43, 4160480.92 ], [ 281078.36, 4160480.85 ], [ 281076.62, 4160478.63 ], [ 281072.32, 4160478.63 ], [ 281072.39, 4160478.82 ], [ 281074.57, 4160481.97 ], [ 281074.61, 4160482.04 ], [ 281083.07, 4160495.6 ], [ 281084.58, 4160496.11 ], [ 281086.52, 4160495.76 ], [ 281097.3, 4160487.23 ], [ 281097.38, 4160487.17 ] ] ] } },
{ "type": "Feature", "properties": { "id": "imagery:groundcover_lawn:253", "name": null, "kind": "groundcover_lawn", "sport": null, "surface": null, "pitch_layout": null, "source": "vgin_vbmp+naip+lidar2025", "source_updated": null, "base_z": null, "top_z": null }, "geometry": { "type": "Polygon", "coordinates": [ [ [ 281126.95, 4160496.99 ], [ 281123.86, 4160499.36 ], [ 281123.78, 4160499.42 ], [ 281123.7, 4160499.47 ], [ 281123.61, 4160499.5 ], [ 281123.52, 4160499.53 ], [ 281123.42, 4160499.56 ], [ 281123.32, 4160499.57 ], [ 281123.22, 4160499.57 ], [ 281123.13, 4160499.56 ], [ 281123.03, 4160499.54 ], [ 281122.93, 4160499.52 ], [ 281122.84, 4160499.48 ], [ 281122.76, 4160499.44 ], [ 281122.67, 4160499.38 ], [ 281122.6, 4160499.32 ], [ 281122.59, 4160499.32 ], [ 281121.57, 4160500.0 ], [ 281131.13, 4160500.0 ], [ 281131.13, 4160499.23 ], [ 281126.95, 4160496.99 ] ] ] } }
]
}
