{
"type": "FeatureCollection",
"name": "landuse",
"crs": { "type": "name", "properties": { "name": "urn:ogc:def:crs:EPSG::32618" } },
"xy_coordinate_resolution": 0.01,
"features": [
{ "type": "Feature", "properties": { "id": "imagery:groundcover_lawn:2823", "name": null, "kind": "groundcover_lawn", "sport": null, "surface": null, "pitch_layout": null, "source": "vgin_vbmp+naip+lidar2025", "source_updated": null, "base_z": null, "top_z": null }, "geometry": { "type": "MultiPolygon", "coordinates": [ [ [ [ 280364.04, 4158250.0 ], [ 280360.89, 4158251.47 ], [ 280360.8, 4158251.51 ], [ 280360.71, 4158251.54 ], [ 280360.61, 4158251.56 ], [ 280360.51, 4158251.57 ], [ 280360.42, 4158251.56 ], [ 280360.32, 4158251.55 ], [ 280360.22, 4158251.54 ], [ 280360.13, 4158251.51 ], [ 280360.04, 4158251.47 ], [ 280359.95, 4158251.42 ], [ 280359.87, 4158251.37 ], [ 280359.8, 4158251.3 ], [ 280359.73, 4158251.23 ], [ 280359.66, 4158251.16 ], [ 280359.61, 4158251.08 ], [ 280359.56, 4158250.99 ], [ 280359.1, 4158250.0 ], [ 280353.72, 4158250.0 ], [ 280354.29, 4158251.15 ], [ 280354.32, 4158251.24 ], [ 280354.35, 4158251.34 ], [ 280354.38, 4158251.43 ], [ 280354.39, 4158251.53 ], [ 280354.39, 4158251.63 ], [ 280354.38, 4158251.73 ], [ 280354.36, 4158251.82 ], [ 280354.34, 4158251.92 ], [ 280354.3, 4158252.01 ], [ 280354.26, 4158252.1 ], [ 280354.2, 4158252.18 ], [ 280354.14, 4158252.26 ], [ 280354.07, 4158252.33 ], [ 280354.0, 4158252.39 ], [ 280353.92, 4158252.45 ], [ 280353.83, 4158252.49 ], [ 280346.86, 4158255.94 ], [ 280347.11, 4158256.43 ], [ 280347.15, 4158256.52 ], [ 280347.18, 4158256.62 ], [ 280347.2, 4158256.71 ], [ 280347.21, 4158256.81 ], [ 280347.21, 4158256.91 ], [ 280347.2, 4158257.01 ], [ 280347.18, 4158257.1 ], [ 280347.16, 4158257.2 ], [ 280347.12, 4158257.29 ], [ 280347.08, 4158257.38 ], [ 280347.02, 4158257.46 ], [ 280346.96, 4158257.53 ], [ 280346.89, 4158257.61 ], [ 280346.82, 4158257.67 ], [ 280346.74, 4158257.72 ], [ 280346.65, 4158257.77 ], [ 280341.72, 4158260.21 ], [ 280341.63, 4158260.25 ], [ 280341.54, 4158260.28 ], [ 280341.44, 4158260.3 ], [ 280341.34, 4158260.31 ], [ 280341.25, 4158260.31 ], [ 280341.15, 4158260.3 ], [ 280341.05, 4158260.28 ], [ 280340.96, 4158260.26 ], [ 280340.87, 4158260.22 ], [ 280340.78, 4158260.18 ], [ 280340.7, 4158260.12 ], [ 280340.62, 4158260.06 ], [ 280340.55, 4158259.99 ], [ 280340.49, 4158259.92 ], [ 280340.43, 4158259.84 ], [ 280340.38, 4158259.75 ], [ 280339.35, 4158257.67 ], [ 280339.31, 4158257.58 ], [ 280339.28, 4158257.48 ], [ 280339.26, 4158257.39 ], [ 280339.25, 4158257.29 ], [ 280339.25, 4158257.19 ], [ 280339.26, 4158257.09 ], [ 280339.27, 4158257.0 ], [ 280339.3, 4158256.9 ], [ 280339.34, 4158256.81 ], [ 280339.38, 4158256.72 ], [ 280339.44, 4158256.64 ], [ 280339.5, 4158256.57 ], [ 280339.56, 4158256.49 ], [ 280339.64, 4158256.43 ], [ 280339.72, 4158256.38 ], [ 280339.73, 4158256.37 ], [ 280336.58, 4158250.0 ], [ 280294.13, 4158250.0 ], [ 280294.13, 4158285.63 ], [ 280297.13, 4158288.63 ], [ 280303.13, 4158288.63 ], [ 280305.9, 4158286.77 ], [ 280306.55, 4158285.2 ], [ 280308.71, 4158283.05 ], [ 280309.63, 4158282.67 ], [ 280310.35, 4158282.9 ], [ 280312.43, 4158284.4 ], [ 280312.96, 4158285.12 ], [ 280313.1, 4158285.53 ], [ 280386.58, 4158250.0 ], [ 280364.04, 4158250.0 ] ] ], [ [ [ 280500.0, 4158263.01 ], [ 280500.0, 4158250.0 ], [ 280467.72, 4158250.0 ], [ 280468.62, 4158252.06 ], [ 280468.65, 4158252.15 ], [ 280468.68, 4158252.25 ], [ 280468.69, 4158252.35 ], [ 280468.7, 4158252.44 ], [ 280468.69, 4158252.54 ], [ 280468.68, 4158252.64 ], [ 280468.66, 4158252.73 ], [ 280468.63, 4158252.83 ], [ 280468.59, 4158252.92 ], [ 280468.54, 4158253.0 ], [ 280468.48, 4158253.08 ], [ 280468.42, 4158253.16 ], [ 280468.34, 4158253.22 ], [ 280468.27, 4158253.28 ], [ 280468.18, 4158253.33 ], [ 280468.09, 4158253.38 ], [ 280460.53, 4158256.64 ], [ 280460.44, 4158256.68 ], [ 280460.35, 4158256.7 ], [ 280460.25, 4158256.72 ], [ 280460.15, 4158256.72 ], [ 280460.05, 4158256.72 ], [ 280459.96, 4158256.71 ], [ 280459.86, 4158256.69 ], [ 280459.77, 4158256.65 ], [ 280459.68, 4158256.61 ], [ 280459.59, 4158256.56 ], [ 280459.51, 4158256.51 ], [ 280459.44, 4158256.44 ], [ 280459.37, 4158256.37 ], [ 280459.31, 4158256.29 ], [ 280459.26, 4158256.21 ], [ 280459.22, 4158256.12 ], [ 280458.59, 4158254.67 ], [ 280456.44, 4158255.59 ], [ 280456.35, 4158255.62 ], [ 280456.26, 4158255.64 ], [ 280456.16, 4158255.66 ], [ 280456.06, 4158255.67 ], [ 280455.97, 4158255.66 ], [ 280455.87, 4158255.65 ], [ 280455.77, 4158255.63 ], [ 280455.68, 4158255.6 ], [ 280455.59, 4158255.56 ], [ 280455.51, 4158255.51 ], [ 280455.43, 4158255.45 ], [ 280455.35, 4158255.39 ], [ 280455.29, 4158255.31 ], [ 280455.23, 4158255.24 ], [ 280455.18, 4158255.15 ], [ 280455.13, 4158255.07 ], [ 280452.95, 4158250.05 ], [ 280452.93, 4158250.0 ], [ 280442.55, 4158250.0 ], [ 280457.48, 4158282.93 ], [ 280500.0, 4158263.01 ] ], [ [ 280477.02, 4158262.86 ], [ 280477.0, 4158262.77 ], [ 280476.99, 4158262.67 ], [ 280477.0, 4158262.57 ], [ 280477.01, 4158262.47 ], [ 280477.03, 4158262.38 ], [ 280477.06, 4158262.28 ], [ 280477.1, 4158262.19 ], [ 280477.14, 4158262.11 ], [ 280477.2, 4158262.03 ], [ 280477.26, 4158261.95 ], [ 280477.33, 4158261.89 ], [ 280477.41, 4158261.82 ], [ 280477.49, 4158261.77 ], [ 280477.58, 4158261.73 ], [ 280477.67, 4158261.69 ], [ 280483.26, 4158259.8 ], [ 280483.35, 4158259.77 ], [ 280483.45, 4158259.75 ], [ 280483.54, 4158259.75 ], [ 280483.64, 4158259.75 ], [ 280483.74, 4158259.76 ], [ 280483.84, 4158259.78 ], [ 280483.93, 4158259.81 ], [ 280484.02, 4158259.85 ], [ 280484.1, 4158259.9 ], [ 280484.18, 4158259.95 ], [ 280484.26, 4158260.02 ], [ 280484.33, 4158260.09 ], [ 280484.39, 4158260.16 ], [ 280484.44, 4158260.25 ], [ 280484.49, 4158260.33 ], [ 280484.52, 4158260.42 ], [ 280486.12, 4158265.13 ], [ 280486.15, 4158265.23 ], [ 280486.17, 4158265.33 ], [ 280486.18, 4158265.42 ], [ 280486.18, 4158265.52 ], [ 280486.16, 4158265.62 ], [ 280486.14, 4158265.72 ], [ 280486.11, 4158265.81 ], [ 280486.07, 4158265.9 ], [ 280486.03, 4158265.98 ], [ 280485.97, 4158266.07 ], [ 280485.91, 4158266.14 ], [ 280485.84, 4158266.21 ], [ 280485.76, 4158266.27 ], [ 280485.68, 4158266.32 ], [ 280485.59, 4158266.37 ], [ 280485.5, 4158266.4 ], [ 280479.92, 4158268.29 ], [ 280479.82, 4158268.32 ], [ 280479.73, 4158268.34 ], [ 280479.63, 4158268.35 ], [ 280479.53, 4158268.35 ], [ 280479.43, 4158268.33 ], [ 280479.34, 4158268.31 ], [ 280479.24, 4158268.28 ], [ 280479.15, 4158268.24 ], [ 280479.07, 4158268.2 ], [ 280478.99, 4158268.14 ], [ 280478.91, 4158268.08 ], [ 280478.84, 4158268.01 ], [ 280478.78, 4158267.93 ], [ 280478.73, 4158267.85 ], [ 280478.68, 4158267.76 ], [ 280478.65, 4158267.67 ], [ 280477.05, 4158262.96 ], [ 280477.02, 4158262.86 ] ] ], [ [ [ 280472.71, 4158304.67 ], [ 280472.76, 4158304.59 ], [ 280472.82, 4158304.52 ], [ 280472.89, 4158304.45 ], [ 280472.97, 4158304.39 ], [ 280473.05, 4158304.33 ], [ 280473.14, 4158304.29 ], [ 280473.98, 4158303.9 ], [ 280473.26, 4158302.36 ], [ 280473.23, 4158302.27 ], [ 280473.2, 4158302.17 ], [ 280473.18, 4158302.08 ], [ 280473.17, 4158301.98 ], [ 280473.17, 4158301.88 ], [ 280473.18, 4158301.78 ], [ 280473.2, 4158301.69 ], [ 280473.23, 4158301.59 ], [ 280473.27, 4158301.5 ], [ 280473.32, 4158301.42 ], [ 280473.37, 4158301.33 ], [ 280473.44, 4158301.26 ], [ 280473.51, 4158301.19 ], [ 280473.58, 4158301.13 ], [ 280473.66, 4158301.08 ], [ 280473.75, 4158301.03 ], [ 280480.3, 4158298.01 ], [ 280480.39, 4158297.98 ], [ 280480.49, 4158297.95 ], [ 280480.58, 4158297.93 ], [ 280480.68, 4158297.92 ], [ 280480.78, 4158297.92 ], [ 280480.88, 4158297.93 ], [ 280480.97, 4158297.95 ], [ 280481.07, 4158297.98 ], [ 280481.16, 4158298.02 ], [ 280481.24, 4158298.07 ], [ 280481.32, 4158298.12 ], [ 280481.4, 4158298.19 ], [ 280481.47, 4158298.26 ], [ 280481.53, 4158298.33 ], [ 280481.58, 4158298.41 ], [ 280481.63, 4158298.5 ], [ 280482.52, 4158300.43 ], [ 280483.83, 4158299.83 ], [ 280483.92, 4158299.79 ], [ 280483.98, 4158299.78 ], [ 280485.36, 4158298.39 ], [ 280485.7, 4158298.14 ], [ 280486.8, 4158297.54 ], [ 280487.19, 4158297.39 ], [ 280487.26, 4158297.37 ], [ 280487.26, 4158297.32 ], [ 280487.27, 4158297.22 ], [ 280487.29, 4158297.13 ], [ 280487.32, 4158297.03 ], [ 280487.36, 4158296.94 ], [ 280487.41, 4158296.85 ], [ 280487.46, 4158296.77 ], [ 280487.53, 4158296.7 ], [ 280487.6, 4158296.63 ], [ 280487.67, 4158296.57 ], [ 280487.76, 4158296.51 ], [ 280487.84, 4158296.47 ], [ 280491.6, 4158294.76 ], [ 280491.69, 4158294.72 ], [ 280491.79, 4158294.7 ], [ 280491.88, 4158294.68 ], [ 280491.98, 4158294.67 ], [ 280492.08, 4158294.67 ], [ 280492.18, 4158294.68 ], [ 280492.27, 4158294.7 ], [ 280492.36, 4158294.73 ], [ 280492.45, 4158294.77 ], [ 280492.54, 4158294.82 ], [ 280492.62, 4158294.87 ], [ 280492.7, 4158294.94 ], [ 280492.76, 4158295.01 ], [ 280492.83, 4158295.08 ], [ 280492.88, 4158295.16 ], [ 280492.92, 4158295.25 ], [ 280493.23, 4158295.92 ], [ 280497.98, 4158293.75 ], [ 280498.08, 4158293.71 ], [ 280498.17, 4158293.68 ], [ 280498.27, 4158293.67 ], [ 280498.36, 4158293.66 ], [ 280498.46, 4158293.66 ], [ 280498.56, 4158293.67 ], [ 280498.65, 4158293.69 ], [ 280498.75, 4158293.72 ], [ 280498.84, 4158293.76 ], [ 280498.92, 4158293.81 ], [ 280499.0, 4158293.86 ], [ 280499.08, 4158293.92 ], [ 280499.15, 4158293.99 ], [ 280499.21, 4158294.07 ], [ 280499.26, 4158294.15 ], [ 280499.31, 4158294.24 ], [ 280499.5, 4158294.66 ], [ 280500.0, 4158294.54 ], [ 280500.0, 4158293.13 ], [ 280499.75, 4158292.57 ], [ 280499.71, 4158292.47 ], [ 280499.68, 4158292.38 ], [ 280499.67, 4158292.28 ], [ 280499.66, 4158292.19 ], [ 280499.66, 4158292.09 ], [ 280499.67, 4158291.99 ], [ 280499.69, 4158291.89 ], [ 280499.72, 4158291.8 ], [ 280499.76, 4158291.71 ], [ 280499.81, 4158291.62 ], [ 280499.87, 4158291.54 ], [ 280499.93, 4158291.47 ], [ 280500.0, 4158291.4 ], [ 280500.0, 4158269.74 ], [ 280459.96, 4158288.5 ], [ 280469.24, 4158309.63 ], [ 280472.89, 4158309.63 ], [ 280474.25, 4158309.06 ], [ 280472.65, 4158305.62 ], [ 280472.61, 4158305.53 ], [ 280472.59, 4158305.43 ], [ 280472.57, 4158305.34 ], [ 280472.56, 4158305.24 ], [ 280472.56, 4158305.14 ], [ 280472.57, 4158305.04 ], [ 280472.59, 4158304.94 ], [ 280472.62, 4158304.85 ], [ 280472.66, 4158304.76 ], [ 280472.71, 4158304.67 ] ], [ [ 280488.14, 4158285.68 ], [ 280488.07, 4158285.61 ], [ 280488.01, 4158285.53 ], [ 280487.95, 4158285.45 ], [ 280487.91, 4158285.36 ], [ 280487.55, 4158284.6 ], [ 280482.43, 4158286.95 ], [ 280482.33, 4158286.99 ], [ 280482.24, 4158287.01 ], [ 280482.14, 4158287.03 ], [ 280482.05, 4158287.04 ], [ 280481.95, 4158287.04 ], [ 280481.85, 4158287.03 ], [ 280481.75, 4158287.01 ], [ 280481.66, 4158286.98 ], [ 280481.57, 4158286.94 ], [ 280481.49, 4158286.89 ], [ 280481.4, 4158286.84 ], [ 280481.33, 4158286.77 ], [ 280481.26, 4158286.7 ], [ 280481.2, 4158286.63 ], [ 280481.15, 4158286.55 ], [ 280481.1, 4158286.46 ], [ 280478.97, 4158281.85 ], [ 280478.93, 4158281.76 ], [ 280478.91, 4158281.67 ], [ 280478.89, 4158281.57 ], [ 280478.88, 4158281.47 ], [ 280478.88, 4158281.37 ], [ 280478.89, 4158281.28 ], [ 280478.91, 4158281.18 ], [ 280478.94, 4158281.09 ], [ 280478.98, 4158281.0 ], [ 280479.03, 4158280.91 ], [ 280479.08, 4158280.83 ], [ 280479.15, 4158280.75 ], [ 280479.22, 4158280.68 ], [ 280479.29, 4158280.62 ], [ 280479.38, 4158280.57 ], [ 280479.46, 4158280.52 ], [ 280490.6, 4158275.42 ], [ 280490.69, 4158275.38 ], [ 280490.79, 4158275.36 ], [ 280490.88, 4158275.34 ], [ 280490.98, 4158275.33 ], [ 280491.08, 4158275.33 ], [ 280491.18, 4158275.34 ], [ 280491.27, 4158275.36 ], [ 280491.36, 4158275.39 ], [ 280491.45, 4158275.43 ], [ 280491.54, 4158275.48 ], [ 280491.62, 4158275.53 ], [ 280491.7, 4158275.6 ], [ 280491.77, 4158275.67 ], [ 280491.83, 4158275.74 ], [ 280491.88, 4158275.82 ], [ 280491.93, 4158275.91 ], [ 280492.26, 4158276.63 ], [ 280493.25, 4158276.63 ], [ 280494.39, 4158277.21 ], [ 280496.39, 4158279.99 ], [ 280496.59, 4158281.26 ], [ 280495.96, 4158283.13 ], [ 280495.43, 4158283.85 ], [ 280493.35, 4158285.35 ], [ 280492.5, 4158285.63 ], [ 280491.02, 4158285.63 ], [ 280490.48, 4158285.35 ], [ 280489.18, 4158285.87 ], [ 280489.09, 4158285.9 ], [ 280488.99, 4158285.92 ], [ 280488.89, 4158285.94 ], [ 280488.79, 4158285.94 ], [ 280488.69, 4158285.93 ], [ 280488.59, 4158285.91 ], [ 280488.49, 4158285.88 ], [ 280488.4, 4158285.85 ], [ 280488.31, 4158285.8 ], [ 280488.22, 4158285.74 ], [ 280488.14, 4158285.68 ] ] ], [ [ [ 280492.58, 4158312.09 ], [ 280491.44, 4158312.7 ], [ 280491.02, 4158312.85 ], [ 280482.63, 4158314.53 ], [ 280481.09, 4158319.59 ], [ 280484.73, 4158323.23 ], [ 280485.1, 4158323.84 ], [ 280485.26, 4158324.35 ], [ 280500.0, 4158317.19 ], [ 280500.0, 4158304.76 ], [ 280492.93, 4158311.83 ], [ 280492.58, 4158312.09 ] ] ], [ [ [ 280309.39, 4158342.22 ], [ 280307.45, 4158341.83 ], [ 280306.7, 4158341.43 ], [ 280305.77, 4158340.5 ], [ 280303.65, 4158339.63 ], [ 280302.11, 4158339.63 ], [ 280301.41, 4158339.45 ], [ 280299.57, 4158338.46 ], [ 280299.15, 4158338.08 ], [ 280294.13, 4158340.3 ], [ 280294.13, 4158367.11 ], [ 280295.79, 4158369.8 ], [ 280296.58, 4158370.19 ], [ 280298.61, 4158372.89 ], [ 280298.84, 4158374.13 ], [ 280295.22, 4158386.8 ], [ 280298.11, 4158390.63 ], [ 280303.86, 4158390.63 ], [ 280304.63, 4158390.85 ], [ 280306.28, 4158391.86 ], [ 280310.22, 4158391.16 ], [ 280312.55, 4158388.17 ], [ 280313.67, 4158387.63 ], [ 280321.13, 4158387.63 ], [ 280324.13, 4158384.63 ], [ 280324.13, 4158381.61 ], [ 280324.46, 4158380.68 ], [ 280326.21, 4158378.55 ], [ 280327.05, 4158378.04 ], [ 280336.72, 4158376.11 ], [ 280338.7, 4158373.69 ], [ 280338.9, 4158373.77 ], [ 280339.55, 4158372.2 ], [ 280341.71, 4158370.05 ], [ 280342.73, 4158369.63 ], [ 280347.53, 4158369.63 ], [ 280348.55, 4158370.05 ], [ 280349.2, 4158370.69 ], [ 280352.04, 4158370.02 ], [ 280351.43, 4158368.77 ], [ 280351.39, 4158368.68 ], [ 280351.36, 4158368.59 ], [ 280351.34, 4158368.49 ], [ 280351.33, 4158368.39 ], [ 280351.33, 4158368.3 ], [ 280351.34, 4158368.2 ], [ 280351.36, 4158368.1 ], [ 280351.39, 4158368.01 ], [ 280351.43, 4158367.92 ], [ 280351.47, 4158367.83 ], [ 280351.52, 4158367.75 ], [ 280351.59, 4158367.67 ], [ 280351.66, 4158367.6 ], [ 280351.73, 4158367.54 ], [ 280351.81, 4158367.48 ], [ 280351.9, 4158367.44 ], [ 280355.43, 4158365.73 ], [ 280356.02, 4158363.96 ], [ 280355.84, 4158363.59 ], [ 280355.8, 4158363.5 ], [ 280355.77, 4158363.41 ], [ 280355.75, 4158363.31 ], [ 280355.74, 4158363.21 ], [ 280355.74, 4158363.12 ], [ 280355.75, 4158363.02 ], [ 280355.77, 4158362.92 ], [ 280355.8, 4158362.83 ], [ 280355.83, 4158362.74 ], [ 280355.88, 4158362.65 ], [ 280355.93, 4158362.57 ], [ 280355.99, 4158362.49 ], [ 280356.06, 4158362.42 ], [ 280356.14, 4158362.36 ], [ 280356.22, 4158362.3 ], [ 280356.31, 4158362.26 ], [ 280358.5, 4158361.2 ], [ 280358.91, 4158360.9 ], [ 280359.52, 4158360.7 ], [ 280360.82, 4158360.08 ], [ 280360.91, 4158360.04 ], [ 280361.01, 4158360.01 ], [ 280361.1, 4158359.99 ], [ 280361.2, 4158359.98 ], [ 280361.3, 4158359.98 ], [ 280361.39, 4158359.99 ], [ 280361.49, 4158360.01 ], [ 280361.59, 4158360.03 ], [ 280361.68, 4158360.07 ], [ 280361.76, 4158360.12 ], [ 280361.85, 4158360.17 ], [ 280361.92, 4158360.23 ], [ 280361.99, 4158360.3 ], [ 280362.05, 4158360.38 ], [ 280362.11, 4158360.46 ], [ 280362.16, 4158360.54 ], [ 280362.59, 4158361.44 ], [ 280363.6, 4158362.06 ], [ 280364.04, 4158362.54 ], [ 280367.97, 4158362.39 ], [ 280368.93, 4158361.96 ], [ 280369.55, 4158361.17 ], [ 280370.67, 4158360.63 ], [ 280371.95, 4158360.63 ], [ 280379.07, 4158357.48 ], [ 280379.16, 4158357.44 ], [ 280379.2, 4158357.43 ], [ 280380.3, 4158354.12 ], [ 280380.83, 4158353.4 ], [ 280382.91, 4158351.9 ], [ 280383.77, 4158351.63 ], [ 280392.5, 4158351.63 ], [ 280395.27, 4158350.39 ], [ 280396.65, 4158349.28 ], [ 280401.9, 4158325.69 ], [ 280402.04, 4158325.29 ], [ 280402.65, 4158324.19 ], [ 280402.9, 4158323.86 ], [ 280407.04, 4158319.71 ], [ 280407.53, 4158319.39 ], [ 280409.1, 4158318.74 ], [ 280409.67, 4158318.63 ], [ 280412.16, 4158318.63 ], [ 280412.85, 4158318.8 ], [ 280414.7, 4158319.79 ], [ 280415.23, 4158320.27 ], [ 280425.28, 4158335.35 ], [ 280425.5, 4158335.88 ], [ 280425.83, 4158337.55 ], [ 280425.83, 4158338.13 ], [ 280425.35, 4158340.54 ], [ 280427.11, 4158344.46 ], [ 280427.15, 4158344.55 ], [ 280427.17, 4158344.65 ], [ 280427.19, 4158344.75 ], [ 280427.2, 4158344.84 ], [ 280427.2, 4158344.94 ], [ 280427.18, 4158345.04 ], [ 280427.16, 4158345.14 ], [ 280427.13, 4158345.23 ], [ 280427.09, 4158345.32 ], [ 280427.04, 4158345.4 ], [ 280426.99, 4158345.48 ], [ 280426.92, 4158345.56 ], [ 280426.85, 4158345.63 ], [ 280426.78, 4158345.69 ], [ 280426.69, 4158345.74 ], [ 280426.61, 4158345.79 ], [ 280425.81, 4158346.14 ], [ 280426.02, 4158346.61 ], [ 280426.05, 4158346.7 ], [ 280426.08, 4158346.8 ], [ 280426.1, 4158346.9 ], [ 280426.1, 4158346.99 ], [ 280426.1, 4158347.09 ], [ 280426.09, 4158347.19 ], [ 280426.07, 4158347.29 ], [ 280426.04, 4158347.38 ], [ 280426.0, 4158347.47 ], [ 280425.95, 4158347.56 ], [ 280425.89, 4158347.64 ], [ 280425.83, 4158347.71 ], [ 280425.76, 4158347.78 ], [ 280425.68, 4158347.84 ], [ 280425.6, 4158347.89 ], [ 280425.51, 4158347.94 ], [ 280423.71, 4158348.74 ], [ 280423.49, 4158349.85 ], [ 280423.21, 4158350.46 ], [ 280422.27, 4158351.69 ], [ 280422.3, 4158353.13 ], [ 280420.71, 4158352.84 ], [ 280381.92, 4158372.23 ], [ 280381.6, 4158372.35 ], [ 280380.59, 4158372.59 ], [ 280380.25, 4158372.63 ], [ 280371.98, 4158372.63 ], [ 280371.97, 4158372.63 ], [ 280371.87, 4158372.65 ], [ 280371.78, 4158372.65 ], [ 280371.68, 4158372.65 ], [ 280371.58, 4158372.64 ], [ 280371.49, 4158372.62 ], [ 280371.39, 4158372.59 ], [ 280371.3, 4158372.55 ], [ 280371.22, 4158372.5 ], [ 280371.14, 4158372.44 ], [ 280371.06, 4158372.38 ], [ 280370.99, 4158372.31 ], [ 280370.93, 4158372.23 ], [ 280370.9, 4158372.18 ], [ 280369.0, 4158370.69 ], [ 280367.03, 4158371.29 ], [ 280367.02, 4158371.3 ], [ 280366.99, 4158371.39 ], [ 280366.94, 4158371.48 ], [ 280366.89, 4158371.56 ], [ 280366.82, 4158371.63 ], [ 280366.76, 4158371.7 ], [ 280366.68, 4158371.77 ], [ 280366.6, 4158371.82 ], [ 280366.51, 4158371.87 ], [ 280364.7, 4158372.74 ], [ 280365.04, 4158373.45 ], [ 280365.08, 4158373.54 ], [ 280365.11, 4158373.63 ], [ 280365.13, 4158373.73 ], [ 280365.14, 4158373.83 ], [ 280365.14, 4158373.93 ], [ 280365.13, 4158374.02 ], [ 280365.11, 4158374.12 ], [ 280365.08, 4158374.21 ], [ 280365.05, 4158374.31 ], [ 280365.0, 4158374.39 ], [ 280364.95, 4158374.47 ], [ 280364.89, 4158374.55 ], [ 280364.82, 4158374.62 ], [ 280364.74, 4158374.68 ], [ 280364.66, 4158374.74 ], [ 280364.58, 4158374.79 ], [ 280357.17, 4158378.36 ], [ 280357.08, 4158378.4 ], [ 280356.99, 4158378.43 ], [ 280356.89, 4158378.45 ], [ 280356.79, 4158378.46 ], [ 280356.69, 4158378.46 ], [ 280356.6, 4158378.45 ], [ 280356.5, 4158378.43 ], [ 280356.41, 4158378.4 ], [ 280356.32, 4158378.37 ], [ 280356.23, 4158378.32 ], [ 280356.15, 4158378.27 ], [ 280356.07, 4158378.21 ], [ 280356.0, 4158378.14 ], [ 280355.94, 4158378.06 ], [ 280355.88, 4158377.98 ], [ 280355.84, 4158377.89 ], [ 280353.48, 4158373.01 ], [ 280353.02, 4158372.91 ], [ 280351.13, 4158375.7 ], [ 280351.13, 4158378.03 ], [ 280350.71, 4158379.05 ], [ 280348.55, 4158381.2 ], [ 280347.53, 4158381.63 ], [ 280341.29, 4158381.63 ], [ 280338.45, 4158383.68 ], [ 280336.96, 4158388.13 ], [ 280336.43, 4158388.85 ], [ 280334.35, 4158390.35 ], [ 280333.5, 4158390.63 ], [ 280327.13, 4158390.63 ], [ 280324.13, 4158393.63 ], [ 280324.13, 4158396.63 ], [ 280327.13, 4158399.63 ], [ 280330.22, 4158399.63 ], [ 280450.75, 4158341.18 ], [ 280449.47, 4158339.63 ], [ 280447.73, 4158339.63 ], [ 280446.71, 4158339.2 ], [ 280446.57, 4158339.07 ], [ 280446.24, 4158339.21 ], [ 280446.15, 4158339.25 ], [ 280446.05, 4158339.28 ], [ 280445.96, 4158339.29 ], [ 280445.86, 4158339.3 ], [ 280445.77, 4158339.3 ], [ 280445.67, 4158339.29 ], [ 280445.58, 4158339.27 ], [ 280445.48, 4158339.24 ], [ 280445.4, 4158339.2 ], [ 280445.31, 4158339.16 ], [ 280445.23, 4158339.1 ], [ 280445.16, 4158339.04 ], [ 280445.09, 4158338.97 ], [ 280445.03, 4158338.9 ], [ 280444.97, 4158338.82 ], [ 280444.93, 4158338.73 ], [ 280441.07, 4158330.72 ], [ 280441.03, 4158330.63 ], [ 280441.01, 4158330.53 ], [ 280440.99, 4158330.43 ], [ 280440.98, 4158330.33 ], [ 280440.98, 4158330.23 ], [ 280440.99, 4158330.13 ], [ 280441.01, 4158330.04 ], [ 280441.04, 4158329.94 ], [ 280441.07, 4158329.85 ], [ 280441.12, 4158329.76 ], [ 280441.18, 4158329.68 ], [ 280441.24, 4158329.6 ], [ 280441.32, 4158329.53 ], [ 280441.39, 4158329.47 ], [ 280441.48, 4158329.42 ], [ 280441.57, 4158329.37 ], [ 280442.9, 4158328.78 ], [ 280442.28, 4158327.85 ], [ 280440.71, 4158327.2 ], [ 280438.55, 4158325.05 ], [ 280438.13, 4158324.03 ], [ 280438.13, 4158318.63 ], [ 280436.28, 4158315.85 ], [ 280434.71, 4158315.2 ], [ 280432.55, 4158313.05 ], [ 280432.13, 4158312.03 ], [ 280432.13, 4158302.39 ], [ 280431.69, 4158301.38 ], [ 280431.65, 4158301.29 ], [ 280431.63, 4158301.2 ], [ 280431.61, 4158301.1 ], [ 280431.61, 4158301.0 ], [ 280431.61, 4158300.9 ], [ 280431.62, 4158300.81 ], [ 280431.64, 4158300.71 ], [ 280431.67, 4158300.62 ], [ 280431.71, 4158300.53 ], [ 280431.76, 4158300.44 ], [ 280431.82, 4158300.36 ], [ 280431.89, 4158300.29 ], [ 280431.96, 4158300.22 ], [ 280432.03, 4158300.16 ], [ 280432.12, 4158300.11 ], [ 280432.21, 4158300.07 ], [ 280433.06, 4158299.69 ], [ 280433.8, 4158298.96 ], [ 280431.86, 4158299.94 ], [ 280431.77, 4158299.98 ], [ 280431.68, 4158300.01 ], [ 280431.58, 4158300.03 ], [ 280431.48, 4158300.04 ], [ 280431.39, 4158300.04 ], [ 280431.29, 4158300.04 ], [ 280431.19, 4158300.02 ], [ 280431.1, 4158299.99 ], [ 280431.01, 4158299.96 ], [ 280430.92, 4158299.92 ], [ 280430.84, 4158299.86 ], [ 280430.76, 4158299.8 ], [ 280430.69, 4158299.74 ], [ 280430.62, 4158299.66 ], [ 280430.57, 4158299.58 ], [ 280430.52, 4158299.5 ], [ 280428.94, 4158296.38 ], [ 280428.9, 4158296.29 ], [ 280428.87, 4158296.2 ], [ 280428.85, 4158296.1 ], [ 280428.84, 4158296.01 ], [ 280428.84, 4158295.91 ], [ 280428.84, 4158295.81 ], [ 280428.86, 4158295.71 ], [ 280428.89, 4158295.62 ], [ 280428.92, 4158295.53 ], [ 280428.96, 4158295.44 ], [ 280429.02, 4158295.36 ], [ 280429.08, 4158295.28 ], [ 280429.15, 4158295.21 ], [ 280429.22, 4158295.14 ], [ 280429.3, 4158295.09 ], [ 280429.38, 4158295.04 ], [ 280433.92, 4158292.74 ], [ 280434.01, 4158292.7 ], [ 280434.11, 4158292.67 ], [ 280434.2, 4158292.65 ], [ 280434.3, 4158292.64 ], [ 280434.4, 4158292.64 ], [ 280434.5, 4158292.64 ], [ 280434.59, 4158292.66 ], [ 280434.69, 4158292.69 ], [ 280434.78, 4158292.72 ], [ 280434.87, 4158292.77 ], [ 280434.95, 4158292.82 ], [ 280435.03, 4158292.88 ], [ 280435.1, 4158292.95 ], [ 280435.16, 4158293.02 ], [ 280435.22, 4158293.1 ], [ 280435.27, 4158293.19 ], [ 280436.84, 4158296.3 ], [ 280436.88, 4158296.39 ], [ 280436.91, 4158296.48 ], [ 280436.93, 4158296.58 ], [ 280436.95, 4158296.68 ], [ 280436.95, 4158296.77 ], [ 280436.94, 4158296.87 ], [ 280436.93, 4158296.97 ], [ 280436.9, 4158297.06 ], [ 280436.86, 4158297.15 ], [ 280436.82, 4158297.24 ], [ 280436.77, 4158297.32 ], [ 280436.71, 4158297.4 ], [ 280436.64, 4158297.47 ], [ 280436.57, 4158297.54 ], [ 280436.49, 4158297.59 ], [ 280436.43, 4158297.63 ], [ 280437.82, 4158297.63 ], [ 280441.48, 4158296.03 ], [ 280441.57, 4158296.0 ], [ 280441.67, 4158295.97 ], [ 280441.76, 4158295.96 ], [ 280441.86, 4158295.95 ], [ 280441.96, 4158295.95 ], [ 280442.06, 4158295.97 ], [ 280442.15, 4158295.99 ], [ 280442.25, 4158296.02 ], [ 280442.33, 4158296.06 ], [ 280442.42, 4158296.11 ], [ 280442.5, 4158296.17 ], [ 280442.57, 4158296.23 ], [ 280442.64, 4158296.3 ], [ 280442.7, 4158296.38 ], [ 280442.75, 4158296.46 ], [ 280442.8, 4158296.55 ], [ 280443.64, 4158298.47 ], [ 280444.6, 4158299.06 ], [ 280445.15, 4158299.66 ], [ 280447.01, 4158303.39 ], [ 280447.06, 4158303.48 ], [ 280447.18, 4158303.78 ], [ 280447.22, 4158303.88 ], [ 280452.35, 4158319.28 ], [ 280453.65, 4158322.22 ], [ 280453.69, 4158322.31 ], [ 280453.71, 4158322.41 ], [ 280453.73, 4158322.51 ], [ 280453.74, 4158322.6 ], [ 280453.73, 4158322.7 ], [ 280453.72, 4158322.8 ], [ 280453.7, 4158322.9 ], [ 280453.67, 4158322.99 ], [ 280453.63, 4158323.08 ], [ 280453.62, 4158323.09 ], [ 280453.91, 4158323.97 ], [ 280453.96, 4158323.98 ], [ 280454.05, 4158323.99 ], [ 280454.15, 4158324.01 ], [ 280454.24, 4158324.04 ], [ 280454.33, 4158324.08 ], [ 280454.42, 4158324.13 ], [ 280454.5, 4158324.18 ], [ 280454.57, 4158324.25 ], [ 280454.64, 4158324.32 ], [ 280454.7, 4158324.39 ], [ 280454.75, 4158324.48 ], [ 280454.8, 4158324.56 ], [ 280457.7, 4158331.04 ], [ 280457.74, 4158331.13 ], [ 280457.76, 4158331.23 ], [ 280457.78, 4158331.32 ], [ 280457.79, 4158331.42 ], [ 280457.79, 4158331.52 ], [ 280457.78, 4158331.62 ], [ 280457.75, 4158331.71 ], [ 280457.72, 4158331.81 ], [ 280457.68, 4158331.9 ], [ 280457.64, 4158331.98 ], [ 280457.58, 4158332.06 ], [ 280457.52, 4158332.14 ], [ 280457.44, 4158332.2 ], [ 280457.37, 4158332.26 ], [ 280457.28, 4158332.32 ], [ 280457.2, 4158332.36 ], [ 280456.77, 4158332.55 ], [ 280458.41, 4158337.46 ], [ 280464.4, 4158334.56 ], [ 280462.73, 4158316.17 ], [ 280450.91, 4158289.29 ], [ 280433.66, 4158251.21 ], [ 280433.25, 4158250.3 ], [ 280433.23, 4158250.31 ], [ 280433.07, 4158250.34 ], [ 280432.9, 4158250.36 ], [ 280432.73, 4158250.36 ], [ 280432.56, 4158250.35 ], [ 280432.39, 4158250.32 ], [ 280432.23, 4158250.28 ], [ 280431.38, 4158250.0 ], [ 280428.21, 4158250.0 ], [ 280304.58, 4158309.83 ], [ 280303.22, 4158315.27 ], [ 280303.13, 4158315.99 ], [ 280303.13, 4158319.46 ], [ 280305.18, 4158322.31 ], [ 280309.63, 4158323.79 ], [ 280310.36, 4158324.32 ], [ 280311.22, 4158325.53 ], [ 280313.3, 4158326.17 ], [ 280312.13, 4158327.87 ], [ 280312.13, 4158339.18 ], [ 280311.88, 4158340.0 ], [ 280310.78, 4158341.64 ], [ 280309.39, 4158342.22 ] ], [ [ 280320.4, 4158327.63 ], [ 280319.63, 4158327.41 ], [ 280317.66, 4158326.19 ], [ 280317.35, 4158325.85 ], [ 280315.45, 4158325.4 ], [ 280316.22, 4158324.22 ], [ 280316.47, 4158324.31 ], [ 280317.63, 4158320.85 ], [ 280318.35, 4158320.02 ], [ 280323.18, 4158317.6 ], [ 280324.41, 4158317.58 ], [ 280327.42, 4158318.97 ], [ 280328.2, 4158319.92 ], [ 280329.03, 4158323.23 ], [ 280328.77, 4158324.44 ], [ 280326.72, 4158327.08 ], [ 280325.6, 4158327.63 ], [ 280320.4, 4158327.63 ] ], [ [ 280415.59, 4158270.35 ], [ 280415.56, 4158270.26 ], [ 280415.54, 4158270.16 ], [ 280415.53, 4158270.06 ], [ 280415.53, 4158269.97 ], [ 280415.53, 4158269.87 ], [ 280415.55, 4158269.77 ], [ 280415.58, 4158269.68 ], [ 280415.62, 4158269.59 ], [ 280415.66, 4158269.5 ], [ 280415.72, 4158269.42 ], [ 280415.78, 4158269.34 ], [ 280415.85, 4158269.27 ], [ 280415.92, 4158269.21 ], [ 280416.0, 4158269.15 ], [ 280416.09, 4158269.1 ], [ 280429.46, 4158262.64 ], [ 280429.55, 4158262.6 ], [ 280429.65, 4158262.57 ], [ 280429.74, 4158262.55 ], [ 280429.84, 4158262.54 ], [ 280429.94, 4158262.54 ], [ 280430.04, 4158262.55 ], [ 280430.13, 4158262.57 ], [ 280430.23, 4158262.6 ], [ 280430.32, 4158262.63 ], [ 280430.4, 4158262.68 ], [ 280430.49, 4158262.73 ], [ 280430.56, 4158262.79 ], [ 280430.63, 4158262.86 ], [ 280430.7, 4158262.94 ], [ 280430.75, 4158263.02 ], [ 280430.8, 4158263.1 ], [ 280432.88, 4158267.38 ], [ 280432.92, 4158267.47 ], [ 280432.95, 4158267.56 ], [ 280432.97, 4158267.66 ], [ 280432.98, 4158267.76 ], [ 280432.98, 4158267.86 ], [ 280432.98, 4158267.95 ], [ 280432.96, 4158268.05 ], [ 280432.93, 4158268.15 ], [ 280432.89, 4158268.24 ], [ 280432.85, 4158268.32 ], [ 280432.79, 4158268.41 ], [ 280432.73, 4158268.48 ], [ 280432.66, 4158268.55 ], [ 280432.59, 4158268.62 ], [ 280432.51, 4158268.67 ], [ 280432.42, 4158268.72 ], [ 280431.04, 4158269.39 ], [ 280433.88, 4158275.19 ], [ 280433.92, 4158275.28 ], [ 280433.95, 4158275.38 ], [ 280433.97, 4158275.47 ], [ 280433.98, 4158275.57 ], [ 280433.98, 4158275.67 ], [ 280433.97, 4158275.77 ], [ 280433.95, 4158275.87 ], [ 280433.92, 4158275.96 ], [ 280433.89, 4158276.05 ], [ 280433.84, 4158276.14 ], [ 280433.79, 4158276.22 ], [ 280433.72, 4158276.3 ], [ 280433.66, 4158276.37 ], [ 280433.58, 4158276.43 ], [ 280433.5, 4158276.49 ], [ 280433.41, 4158276.53 ], [ 280430.39, 4158277.99 ], [ 280430.3, 4158278.03 ], [ 280430.21, 4158278.06 ], [ 280430.11, 4158278.08 ], [ 280430.01, 4158278.09 ], [ 280429.92, 4158278.09 ], [ 280429.82, 4158278.08 ], [ 280429.72, 4158278.06 ], [ 280429.63, 4158278.03 ], [ 280429.54, 4158278.0 ], [ 280429.45, 4158277.95 ], [ 280429.37, 4158277.9 ], [ 280429.29, 4158277.84 ], [ 280429.22, 4158277.77 ], [ 280429.16, 4158277.69 ], [ 280429.11, 4158277.61 ], [ 280429.06, 4158277.53 ], [ 280427.98, 4158275.31 ], [ 280420.79, 4158278.78 ], [ 280420.7, 4158278.81 ], [ 280420.61, 4158278.84 ], [ 280420.51, 4158278.86 ], [ 280420.42, 4158278.87 ], [ 280420.32, 4158278.88 ], [ 280420.22, 4158278.87 ], [ 280420.12, 4158278.85 ], [ 280420.03, 4158278.82 ], [ 280419.94, 4158278.78 ], [ 280419.85, 4158278.74 ], [ 280419.77, 4158278.69 ], [ 280419.69, 4158278.62 ], [ 280419.62, 4158278.56 ], [ 280419.56, 4158278.48 ], [ 280419.51, 4158278.4 ], [ 280419.46, 4158278.31 ], [ 280415.63, 4158270.44 ], [ 280415.59, 4158270.35 ] ], [ [ 280412.06, 4158270.97 ], [ 280412.15, 4158270.94 ], [ 280412.25, 4158270.91 ], [ 280412.35, 4158270.9 ], [ 280412.44, 4158270.89 ], [ 280412.54, 4158270.89 ], [ 280412.64, 4158270.9 ], [ 280412.73, 4158270.93 ], [ 280412.83, 4158270.96 ], [ 280412.92, 4158271.0 ], [ 280413.0, 4158271.05 ], [ 280413.08, 4158271.1 ], [ 280413.15, 4158271.17 ], [ 280413.22, 4158271.24 ], [ 280413.28, 4158271.32 ], [ 280413.33, 4158271.4 ], [ 280413.38, 4158271.49 ], [ 280418.75, 4158283.69 ], [ 280418.78, 4158283.78 ], [ 280418.81, 4158283.88 ], [ 280418.83, 4158283.98 ], [ 280418.83, 4158284.07 ], [ 280418.83, 4158284.17 ], [ 280418.82, 4158284.27 ], [ 280418.8, 4158284.37 ], [ 280418.77, 4158284.46 ], [ 280418.73, 4158284.55 ], [ 280418.68, 4158284.63 ], [ 280418.62, 4158284.71 ], [ 280418.56, 4158284.79 ], [ 280418.48, 4158284.86 ], [ 280418.41, 4158284.92 ], [ 280418.32, 4158284.97 ], [ 280418.23, 4158285.01 ], [ 280407.32, 4158289.78 ], [ 280407.23, 4158289.81 ], [ 280407.13, 4158289.84 ], [ 280407.04, 4158289.85 ], [ 280406.94, 4158289.86 ], [ 280406.85, 4158289.86 ], [ 280406.75, 4158289.85 ], [ 280406.66, 4158289.83 ], [ 280406.57, 4158289.8 ], [ 280406.48, 4158289.76 ], [ 280406.4, 4158289.71 ], [ 280406.32, 4158289.66 ], [ 280406.24, 4158289.6 ], [ 280406.17, 4158289.53 ], [ 280406.11, 4158289.45 ], [ 280406.06, 4158289.37 ], [ 280406.01, 4158289.29 ], [ 280400.26, 4158277.25 ], [ 280400.22, 4158277.16 ], [ 280400.19, 4158277.06 ], [ 280400.17, 4158276.96 ], [ 280400.16, 4158276.86 ], [ 280400.16, 4158276.76 ], [ 280400.17, 4158276.66 ], [ 280400.19, 4158276.56 ], [ 280400.22, 4158276.47 ], [ 280400.26, 4158276.38 ], [ 280400.31, 4158276.29 ], [ 280400.37, 4158276.21 ], [ 280400.43, 4158276.13 ], [ 280400.51, 4158276.06 ], [ 280400.59, 4158276.0 ], [ 280400.67, 4158275.95 ], [ 280400.76, 4158275.9 ], [ 280412.06, 4158270.97 ] ], [ [ 280422.74, 4158285.45 ], [ 280422.65, 4158285.42 ], [ 280422.56, 4158285.38 ], [ 280422.48, 4158285.33 ], [ 280422.4, 4158285.27 ], [ 280422.32, 4158285.2 ], [ 280422.26, 4158285.13 ], [ 280422.2, 4158285.05 ], [ 280422.15, 4158284.97 ], [ 280422.11, 4158284.88 ], [ 280422.07, 4158284.79 ], [ 280422.05, 4158284.69 ], [ 280422.04, 4158284.59 ], [ 280422.03, 4158284.5 ], [ 280422.04, 4158284.4 ], [ 280422.05, 4158284.3 ], [ 280422.08, 4158284.21 ], [ 280423.17, 4158280.62 ], [ 280423.2, 4158280.53 ], [ 280423.24, 4158280.44 ], [ 280423.29, 4158280.35 ], [ 280423.35, 4158280.27 ], [ 280423.42, 4158280.2 ], [ 280423.49, 4158280.14 ], [ 280423.57, 4158280.08 ], [ 280423.65, 4158280.03 ], [ 280423.74, 4158279.99 ], [ 280423.83, 4158279.95 ], [ 280423.93, 4158279.93 ], [ 280424.03, 4158279.91 ], [ 280424.12, 4158279.91 ], [ 280424.22, 4158279.91 ], [ 280424.32, 4158279.93 ], [ 280424.41, 4158279.95 ], [ 280428.64, 4158281.24 ], [ 280428.74, 4158281.27 ], [ 280428.82, 4158281.31 ], [ 280428.91, 4158281.37 ], [ 280428.99, 4158281.42 ], [ 280429.06, 4158281.49 ], [ 280429.13, 4158281.56 ], [ 280429.18, 4158281.64 ], [ 280429.23, 4158281.73 ], [ 280429.28, 4158281.81 ], [ 280429.31, 4158281.91 ], [ 280429.33, 4158282.0 ], [ 280429.35, 4158282.1 ], [ 280429.35, 4158282.2 ], [ 280429.35, 4158282.3 ], [ 280429.33, 4158282.39 ], [ 280429.31, 4158282.49 ], [ 280428.22, 4158286.07 ], [ 280428.18, 4158286.17 ], [ 280428.14, 4158286.26 ], [ 280428.09, 4158286.34 ], [ 280428.03, 4158286.42 ], [ 280427.97, 4158286.49 ], [ 280427.89, 4158286.56 ], [ 280427.81, 4158286.62 ], [ 280427.73, 4158286.67 ], [ 280427.64, 4158286.71 ], [ 280427.55, 4158286.74 ], [ 280427.45, 4158286.76 ], [ 280427.36, 4158286.78 ], [ 280427.26, 4158286.78 ], [ 280427.16, 4158286.78 ], [ 280427.06, 4158286.76 ], [ 280426.97, 4158286.74 ], [ 280422.74, 4158285.45 ] ], [ [ 280403.19, 4158290.51 ], [ 280403.22, 4158290.6 ], [ 280403.24, 4158290.7 ], [ 280403.25, 4158290.8 ], [ 280403.25, 4158290.9 ], [ 280403.24, 4158290.99 ], [ 280403.22, 4158291.09 ], [ 280403.19, 4158291.18 ], [ 280403.15, 4158291.27 ], [ 280403.1, 4158291.36 ], [ 280403.04, 4158291.44 ], [ 280402.98, 4158291.52 ], [ 280402.91, 4158291.59 ], [ 280402.83, 4158291.65 ], [ 280402.75, 4158291.7 ], [ 280402.66, 4158291.75 ], [ 280398.15, 4158293.81 ], [ 280399.44, 4158296.59 ], [ 280399.47, 4158296.68 ], [ 280399.5, 4158296.77 ], [ 280399.52, 4158296.87 ], [ 280399.53, 4158296.97 ], [ 280399.53, 4158297.07 ], [ 280399.52, 4158297.17 ], [ 280399.5, 4158297.26 ], [ 280399.47, 4158297.36 ], [ 280399.43, 4158297.45 ], [ 280399.38, 4158297.53 ], [ 280399.33, 4158297.61 ], [ 280399.26, 4158297.69 ], [ 280399.19, 4158297.76 ], [ 280399.12, 4158297.82 ], [ 280399.03, 4158297.87 ], [ 280398.95, 4158297.92 ], [ 280394.03, 4158300.18 ], [ 280393.94, 4158300.22 ], [ 280393.84, 4158300.24 ], [ 280393.75, 4158300.26 ], [ 280393.65, 4158300.27 ], [ 280393.55, 4158300.27 ], [ 280393.45, 4158300.26 ], [ 280393.36, 4158300.24 ], [ 280393.26, 4158300.21 ], [ 280393.17, 4158300.17 ], [ 280393.09, 4158300.12 ], [ 280393.01, 4158300.07 ], [ 280392.93, 4158300.01 ], [ 280392.86, 4158299.94 ], [ 280392.8, 4158299.86 ], [ 280392.75, 4158299.78 ], [ 280392.7, 4158299.69 ], [ 280391.43, 4158296.94 ], [ 280391.03, 4158297.13 ], [ 280390.94, 4158297.17 ], [ 280390.84, 4158297.19 ], [ 280390.75, 4158297.21 ], [ 280390.65, 4158297.22 ], [ 280390.55, 4158297.22 ], [ 280390.46, 4158297.21 ], [ 280390.36, 4158297.19 ], [ 280390.27, 4158297.16 ], [ 280390.18, 4158297.12 ], [ 280390.09, 4158297.07 ], [ 280390.01, 4158297.02 ], [ 280389.93, 4158296.95 ], [ 280389.87, 4158296.89 ], [ 280389.8, 4158296.81 ], [ 280389.75, 4158296.73 ], [ 280389.71, 4158296.64 ], [ 280384.65, 4158285.75 ], [ 280384.61, 4158285.66 ], [ 280384.59, 4158285.56 ], [ 280384.57, 4158285.47 ], [ 280384.56, 4158285.37 ], [ 280384.56, 4158285.27 ], [ 280384.57, 4158285.17 ], [ 280384.59, 4158285.07 ], [ 280384.62, 4158284.98 ], [ 280384.66, 4158284.89 ], [ 280384.71, 4158284.8 ], [ 280384.76, 4158284.72 ], [ 280384.82, 4158284.65 ], [ 280384.89, 4158284.58 ], [ 280384.97, 4158284.52 ], [ 280385.05, 4158284.46 ], [ 280385.14, 4158284.42 ], [ 280396.8, 4158279.06 ], [ 280396.89, 4158279.02 ], [ 280396.99, 4158278.99 ], [ 280397.08, 4158278.97 ], [ 280397.18, 4158278.97 ], [ 280397.28, 4158278.97 ], [ 280397.38, 4158278.98 ], [ 280397.47, 4158279.0 ], [ 280397.57, 4158279.03 ], [ 280397.66, 4158279.07 ], [ 280397.74, 4158279.11 ], [ 280397.82, 4158279.17 ], [ 280397.9, 4158279.23 ], [ 280397.97, 4158279.3 ], [ 280398.03, 4158279.38 ], [ 280398.08, 4158279.46 ], [ 280398.13, 4158279.55 ], [ 280403.16, 4158290.42 ], [ 280403.19, 4158290.51 ] ], [ [ 280382.31, 4158286.06 ], [ 280382.4, 4158286.02 ], [ 280382.5, 4158285.99 ], [ 280382.59, 4158285.98 ], [ 280382.69, 4158285.97 ], [ 280382.79, 4158285.97 ], [ 280382.88, 4158285.98 ], [ 280382.98, 4158286.0 ], [ 280383.07, 4158286.03 ], [ 280383.16, 4158286.07 ], [ 280383.25, 4158286.11 ], [ 280383.33, 4158286.17 ], [ 280383.41, 4158286.23 ], [ 280383.47, 4158286.3 ], [ 280383.54, 4158286.38 ], [ 280383.59, 4158286.46 ], [ 280383.64, 4158286.55 ], [ 280386.88, 4158293.55 ], [ 280386.92, 4158293.64 ], [ 280386.94, 4158293.73 ], [ 280386.96, 4158293.83 ], [ 280386.97, 4158293.93 ], [ 280386.97, 4158294.02 ], [ 280386.96, 4158294.12 ], [ 280386.94, 4158294.22 ], [ 280386.91, 4158294.31 ], [ 280386.87, 4158294.4 ], [ 280386.83, 4158294.49 ], [ 280386.77, 4158294.57 ], [ 280386.71, 4158294.65 ], [ 280386.64, 4158294.71 ], [ 280386.56, 4158294.78 ], [ 280386.48, 4158294.83 ], [ 280386.39, 4158294.87 ], [ 280383.71, 4158296.11 ], [ 280384.62, 4158298.08 ], [ 280384.66, 4158298.17 ], [ 280384.69, 4158298.27 ], [ 280384.7, 4158298.36 ], [ 280384.71, 4158298.46 ], [ 280384.71, 4158298.56 ], [ 280384.7, 4158298.66 ], [ 280384.68, 4158298.75 ], [ 280384.65, 4158298.85 ], [ 280384.61, 4158298.94 ], [ 280384.57, 4158299.02 ], [ 280384.51, 4158299.1 ], [ 280384.45, 4158299.18 ], [ 280384.38, 4158299.25 ], [ 280384.3, 4158299.31 ], [ 280384.22, 4158299.36 ], [ 280384.13, 4158299.41 ], [ 280376.6, 4158302.87 ], [ 280376.51, 4158302.91 ], [ 280376.42, 4158302.94 ], [ 280376.32, 4158302.96 ], [ 280376.22, 4158302.96 ], [ 280376.13, 4158302.96 ], [ 280376.03, 4158302.95 ], [ 280375.93, 4158302.93 ], [ 280375.84, 4158302.9 ], [ 280375.75, 4158302.86 ], [ 280375.66, 4158302.82 ], [ 280375.58, 4158302.76 ], [ 280375.51, 4158302.7 ], [ 280375.44, 4158302.63 ], [ 280375.38, 4158302.55 ], [ 280375.32, 4158302.47 ], [ 280375.28, 4158302.38 ], [ 280370.7, 4158292.49 ], [ 280370.66, 4158292.4 ], [ 280370.64, 4158292.3 ], [ 280370.62, 4158292.21 ], [ 280370.61, 4158292.11 ], [ 280370.61, 4158292.01 ], [ 280370.62, 4158291.91 ], [ 280370.64, 4158291.82 ], [ 280370.67, 4158291.72 ], [ 280370.71, 4158291.63 ], [ 280370.76, 4158291.55 ], [ 280370.81, 4158291.47 ], [ 280370.87, 4158291.39 ], [ 280370.94, 4158291.32 ], [ 280371.02, 4158291.26 ], [ 280371.1, 4158291.21 ], [ 280371.19, 4158291.16 ], [ 280382.31, 4158286.06 ] ], [ [ 280424.47, 4158304.43 ], [ 280424.38, 4158304.47 ], [ 280424.29, 4158304.5 ], [ 280424.19, 4158304.52 ], [ 280424.1, 4158304.53 ], [ 280424.0, 4158304.53 ], [ 280423.9, 4158304.53 ], [ 280423.81, 4158304.51 ], [ 280423.71, 4158304.48 ], [ 280423.62, 4158304.45 ], [ 280423.54, 4158304.4 ], [ 280423.46, 4158304.35 ], [ 280423.38, 4158304.29 ], [ 280423.31, 4158304.23 ], [ 280423.24, 4158304.15 ], [ 280423.19, 4158304.08 ], [ 280423.14, 4158303.99 ], [ 280421.36, 4158300.54 ], [ 280421.32, 4158300.45 ], [ 280421.29, 4158300.36 ], [ 280421.27, 4158300.27 ], [ 280421.26, 4158300.18 ], [ 280421.25, 4158300.08 ], [ 280421.26, 4158299.99 ], [ 280421.27, 4158299.89 ], [ 280421.29, 4158299.8 ], [ 280421.33, 4158299.71 ], [ 280421.37, 4158299.62 ], [ 280421.41, 4158299.54 ], [ 280421.47, 4158299.46 ], [ 280421.53, 4158299.39 ], [ 280421.6, 4158299.32 ], [ 280421.68, 4158299.26 ], [ 280421.76, 4158299.21 ], [ 280421.85, 4158299.17 ], [ 280424.98, 4158297.78 ], [ 280425.06, 4158297.74 ], [ 280425.16, 4158297.72 ], [ 280425.25, 4158297.7 ], [ 280425.34, 4158297.69 ], [ 280425.44, 4158297.69 ], [ 280425.53, 4158297.7 ], [ 280425.63, 4158297.72 ], [ 280425.72, 4158297.75 ], [ 280425.81, 4158297.78 ], [ 280425.89, 4158297.83 ], [ 280425.97, 4158297.88 ], [ 280426.04, 4158297.94 ], [ 280426.11, 4158298.01 ], [ 280426.17, 4158298.08 ], [ 280426.23, 4158298.16 ], [ 280426.28, 4158298.24 ], [ 280427.96, 4158301.58 ], [ 280428.0, 4158301.67 ], [ 280428.03, 4158301.77 ], [ 280428.05, 4158301.86 ], [ 280428.06, 4158301.96 ], [ 280428.07, 4158302.06 ], [ 280428.06, 4158302.16 ], [ 280428.04, 4158302.26 ], [ 280428.01, 4158302.35 ], [ 280427.98, 4158302.44 ], [ 280427.93, 4158302.53 ], [ 280427.88, 4158302.61 ], [ 280427.82, 4158302.69 ], [ 280427.75, 4158302.76 ], [ 280427.68, 4158302.83 ], [ 280427.59, 4158302.88 ], [ 280427.51, 4158302.93 ], [ 280424.47, 4158304.43 ] ], [ [ 280356.13, 4158301.83 ], [ 280356.09, 4158301.74 ], [ 280356.06, 4158301.65 ], [ 280356.03, 4158301.55 ], [ 280356.02, 4158301.46 ], [ 280356.01, 4158301.36 ], [ 280356.02, 4158301.26 ], [ 280356.03, 4158301.16 ], [ 280356.06, 4158301.07 ], [ 280356.09, 4158300.98 ], [ 280356.13, 4158300.89 ], [ 280356.18, 4158300.8 ], [ 280356.24, 4158300.72 ], [ 280356.31, 4158300.65 ], [ 280356.38, 4158300.59 ], [ 280356.46, 4158300.53 ], [ 280356.54, 4158300.48 ], [ 280368.51, 4158294.07 ], [ 280368.6, 4158294.03 ], [ 280368.69, 4158293.99 ], [ 280368.79, 4158293.97 ], [ 280368.89, 4158293.95 ], [ 280368.98, 4158293.95 ], [ 280369.08, 4158293.95 ], [ 280369.18, 4158293.97 ], [ 280369.27, 4158293.99 ], [ 280369.37, 4158294.02 ], [ 280369.46, 4158294.07 ], [ 280369.54, 4158294.12 ], [ 280369.62, 4158294.18 ], [ 280369.69, 4158294.24 ], [ 280369.76, 4158294.31 ], [ 280369.82, 4158294.39 ], [ 280369.87, 4158294.48 ], [ 280373.86, 4158301.93 ], [ 280373.9, 4158302.02 ], [ 280373.93, 4158302.11 ], [ 280373.96, 4158302.21 ], [ 280373.97, 4158302.3 ], [ 280373.98, 4158302.4 ], [ 280373.97, 4158302.5 ], [ 280373.96, 4158302.6 ], [ 280373.93, 4158302.69 ], [ 280373.9, 4158302.78 ], [ 280373.86, 4158302.87 ], [ 280373.81, 4158302.96 ], [ 280373.75, 4158303.04 ], [ 280373.68, 4158303.11 ], [ 280374.53, 4158304.71 ], [ 280374.57, 4158304.8 ], [ 280374.61, 4158304.89 ], [ 280374.63, 4158304.99 ], [ 280374.65, 4158305.08 ], [ 280374.65, 4158305.18 ], [ 280374.65, 4158305.28 ], [ 280374.63, 4158305.37 ], [ 280374.61, 4158305.46 ], [ 280374.58, 4158305.56 ], [ 280374.54, 4158305.64 ], [ 280374.49, 4158305.73 ], [ 280374.44, 4158305.81 ], [ 280374.37, 4158305.88 ], [ 280374.3, 4158305.95 ], [ 280374.23, 4158306.01 ], [ 280374.14, 4158306.06 ], [ 280369.58, 4158308.64 ], [ 280369.49, 4158308.68 ], [ 280369.4, 4158308.72 ], [ 280369.3, 4158308.74 ], [ 280369.21, 4158308.76 ], [ 280369.11, 4158308.76 ], [ 280369.01, 4158308.76 ], [ 280368.91, 4158308.75 ], [ 280368.81, 4158308.73 ], [ 280368.72, 4158308.69 ], [ 280368.63, 4158308.65 ], [ 280368.54, 4158308.6 ], [ 280368.46, 4158308.54 ], [ 280368.39, 4158308.48 ], [ 280368.32, 4158308.4 ], [ 280368.26, 4158308.32 ], [ 280368.21, 4158308.24 ], [ 280367.26, 4158306.46 ], [ 280367.04, 4158306.58 ], [ 280368.6, 4158309.5 ], [ 280368.65, 4158309.59 ], [ 280368.68, 4158309.68 ], [ 280368.7, 4158309.78 ], [ 280368.72, 4158309.88 ], [ 280368.72, 4158309.97 ], [ 280368.72, 4158310.07 ], [ 280368.7, 4158310.17 ], [ 280368.68, 4158310.26 ], [ 280368.65, 4158310.36 ], [ 280368.6, 4158310.45 ], [ 280368.55, 4158310.53 ], [ 280368.5, 4158310.61 ], [ 280368.43, 4158310.68 ], [ 280368.36, 4158310.75 ], [ 280368.28, 4158310.81 ], [ 280368.19, 4158310.86 ], [ 280363.46, 4158313.39 ], [ 280363.37, 4158313.43 ], [ 280363.28, 4158313.47 ], [ 280363.18, 4158313.49 ], [ 280363.08, 4158313.51 ], [ 280362.99, 4158313.51 ], [ 280362.89, 4158313.51 ], [ 280362.79, 4158313.49 ], [ 280362.7, 4158313.47 ], [ 280362.6, 4158313.44 ], [ 280362.52, 4158313.39 ], [ 280362.43, 4158313.34 ], [ 280362.35, 4158313.28 ], [ 280362.28, 4158313.22 ], [ 280362.21, 4158313.15 ], [ 280362.15, 4158313.07 ], [ 280362.1, 4158312.98 ], [ 280356.13, 4158301.83 ] ], [ [ 280341.59, 4158322.92 ], [ 280341.5, 4158322.96 ], [ 280341.41, 4158322.99 ], [ 280341.31, 4158323.01 ], [ 280341.21, 4158323.02 ], [ 280341.11, 4158323.02 ], [ 280341.02, 4158323.01 ], [ 280340.92, 4158322.99 ], [ 280340.83, 4158322.96 ], [ 280340.74, 4158322.92 ], [ 280340.65, 4158322.87 ], [ 280340.57, 4158322.82 ], [ 280340.49, 4158322.76 ], [ 280340.42, 4158322.69 ], [ 280340.36, 4158322.61 ], [ 280340.31, 4158322.53 ], [ 280340.26, 4158322.44 ], [ 280340.03, 4158321.96 ], [ 280339.96, 4158322.0 ], [ 280339.87, 4158322.03 ], [ 280339.77, 4158322.06 ], [ 280339.68, 4158322.08 ], [ 280339.58, 4158322.09 ], [ 280339.48, 4158322.09 ], [ 280339.38, 4158322.08 ], [ 280339.29, 4158322.06 ], [ 280339.19, 4158322.03 ], [ 280339.1, 4158322.0 ], [ 280339.01, 4158321.95 ], [ 280338.93, 4158321.9 ], [ 280338.86, 4158321.83 ], [ 280338.79, 4158321.76 ], [ 280338.73, 4158321.69 ], [ 280338.67, 4158321.61 ], [ 280338.62, 4158321.52 ], [ 280334.08, 4158311.94 ], [ 280334.05, 4158311.85 ], [ 280334.02, 4158311.75 ], [ 280334.0, 4158311.66 ], [ 280333.99, 4158311.56 ], [ 280333.99, 4158311.46 ], [ 280334.0, 4158311.36 ], [ 280334.02, 4158311.27 ], [ 280334.05, 4158311.17 ], [ 280334.08, 4158311.08 ], [ 280334.13, 4158311.0 ], [ 280334.18, 4158310.92 ], [ 280334.25, 4158310.84 ], [ 280334.31, 4158310.77 ], [ 280334.39, 4158310.71 ], [ 280334.47, 4158310.65 ], [ 280334.56, 4158310.61 ], [ 280348.69, 4158303.91 ], [ 280348.78, 4158303.87 ], [ 280348.87, 4158303.85 ], [ 280348.97, 4158303.83 ], [ 280349.07, 4158303.82 ], [ 280349.17, 4158303.82 ], [ 280349.26, 4158303.83 ], [ 280349.36, 4158303.84 ], [ 280349.45, 4158303.87 ], [ 280349.54, 4158303.91 ], [ 280349.63, 4158303.96 ], [ 280349.71, 4158304.01 ], [ 280349.79, 4158304.07 ], [ 280349.86, 4158304.14 ], [ 280349.92, 4158304.22 ], [ 280349.97, 4158304.3 ], [ 280350.02, 4158304.39 ], [ 280354.39, 4158313.62 ], [ 280354.43, 4158313.71 ], [ 280354.46, 4158313.8 ], [ 280354.48, 4158313.9 ], [ 280354.49, 4158313.99 ], [ 280354.49, 4158314.09 ], [ 280354.48, 4158314.19 ], [ 280354.46, 4158314.29 ], [ 280354.43, 4158314.38 ], [ 280354.4, 4158314.47 ], [ 280354.35, 4158314.56 ], [ 280354.29, 4158314.64 ], [ 280354.23, 4158314.72 ], [ 280354.16, 4158314.79 ], [ 280354.09, 4158314.85 ], [ 280354.01, 4158314.9 ], [ 280353.92, 4158314.95 ], [ 280344.9, 4158319.22 ], [ 280345.3, 4158320.07 ], [ 280345.34, 4158320.16 ], [ 280345.36, 4158320.25 ], [ 280345.38, 4158320.35 ], [ 280345.39, 4158320.45 ], [ 280345.39, 4158320.55 ], [ 280345.38, 4158320.64 ], [ 280345.36, 4158320.74 ], [ 280345.34, 4158320.83 ], [ 280345.3, 4158320.93 ], [ 280345.25, 4158321.01 ], [ 280345.2, 4158321.09 ], [ 280345.13, 4158321.17 ], [ 280345.07, 4158321.24 ], [ 280344.99, 4158321.3 ], [ 280344.91, 4158321.36 ], [ 280344.82, 4158321.4 ], [ 280341.59, 4158322.92 ] ], [ [ 280351.86, 4158350.15 ], [ 280351.76, 4158350.18 ], [ 280351.67, 4158350.2 ], [ 280351.57, 4158350.21 ], [ 280351.47, 4158350.21 ], [ 280351.37, 4158350.2 ], [ 280351.28, 4158350.18 ], [ 280351.18, 4158350.15 ], [ 280351.09, 4158350.11 ], [ 280351.0, 4158350.07 ], [ 280350.92, 4158350.01 ], [ 280350.85, 4158349.95 ], [ 280350.78, 4158349.88 ], [ 280350.71, 4158349.81 ], [ 280350.66, 4158349.73 ], [ 280350.61, 4158349.64 ], [ 280349.25, 4158346.78 ], [ 280349.21, 4158346.69 ], [ 280349.18, 4158346.6 ], [ 280349.16, 4158346.5 ], [ 280349.15, 4158346.41 ], [ 280349.15, 4158346.31 ], [ 280349.16, 4158346.21 ], [ 280349.18, 4158346.11 ], [ 280349.21, 4158346.02 ], [ 280349.24, 4158345.93 ], [ 280349.29, 4158345.84 ], [ 280349.34, 4158345.76 ], [ 280349.41, 4158345.68 ], [ 280349.48, 4158345.61 ], [ 280349.55, 4158345.55 ], [ 280349.63, 4158345.5 ], [ 280349.72, 4158345.45 ], [ 280353.74, 4158343.52 ], [ 280353.83, 4158343.49 ], [ 280353.93, 4158343.46 ], [ 280354.02, 4158343.44 ], [ 280354.12, 4158343.43 ], [ 280354.22, 4158343.43 ], [ 280354.32, 4158343.44 ], [ 280354.41, 4158343.45 ], [ 280354.51, 4158343.48 ], [ 280354.6, 4158343.52 ], [ 280354.69, 4158343.57 ], [ 280354.77, 4158343.62 ], [ 280354.84, 4158343.68 ], [ 280354.91, 4158343.75 ], [ 280354.98, 4158343.83 ], [ 280355.03, 4158343.91 ], [ 280355.08, 4158343.99 ], [ 280356.44, 4158346.85 ], [ 280356.48, 4158346.94 ], [ 280356.51, 4158347.04 ], [ 280356.53, 4158347.13 ], [ 280356.54, 4158347.23 ], [ 280356.54, 4158347.33 ], [ 280356.53, 4158347.42 ], [ 280356.51, 4158347.52 ], [ 280356.48, 4158347.61 ], [ 280356.45, 4158347.71 ], [ 280356.4, 4158347.79 ], [ 280356.35, 4158347.87 ], [ 280356.29, 4158347.95 ], [ 280356.22, 4158348.02 ], [ 280356.14, 4158348.08 ], [ 280356.06, 4158348.14 ], [ 280355.97, 4158348.18 ], [ 280351.95, 4158350.11 ], [ 280351.86, 4158350.15 ] ] ], [ [ [ 280497.71, 4158357.2 ], [ 280495.72, 4158355.21 ], [ 280495.7, 4158355.21 ], [ 280495.6, 4158355.19 ], [ 280495.51, 4158355.16 ], [ 280495.42, 4158355.12 ], [ 280495.33, 4158355.07 ], [ 280495.25, 4158355.01 ], [ 280495.18, 4158354.95 ], [ 280495.11, 4158354.88 ], [ 280495.05, 4158354.8 ], [ 280495.0, 4158354.72 ], [ 280494.96, 4158354.63 ], [ 280493.07, 4158350.36 ], [ 280493.03, 4158350.27 ], [ 280493.01, 4158350.17 ], [ 280492.99, 4158350.07 ], [ 280492.98, 4158349.98 ], [ 280492.98, 4158349.88 ], [ 280493.0, 4158349.78 ], [ 280493.02, 4158349.68 ], [ 280493.05, 4158349.59 ], [ 280493.09, 4158349.5 ], [ 280493.14, 4158349.42 ], [ 280493.2, 4158349.34 ], [ 280493.26, 4158349.26 ], [ 280493.33, 4158349.19 ], [ 280493.41, 4158349.13 ], [ 280493.49, 4158349.08 ], [ 280493.58, 4158349.04 ], [ 280494.73, 4158348.54 ], [ 280494.72, 4158348.5 ], [ 280494.7, 4158348.41 ], [ 280494.7, 4158348.31 ], [ 280494.7, 4158348.21 ], [ 280494.71, 4158348.11 ], [ 280494.73, 4158348.02 ], [ 280494.76, 4158347.92 ], [ 280494.81, 4158347.83 ], [ 280494.85, 4158347.75 ], [ 280494.91, 4158347.67 ], [ 280494.98, 4158347.59 ], [ 280495.05, 4158347.53 ], [ 280495.12, 4158347.47 ], [ 280495.21, 4158347.41 ], [ 280495.3, 4158347.37 ], [ 280500.0, 4158345.31 ], [ 280500.0, 4158336.88 ], [ 280488.07, 4158342.65 ], [ 280487.91, 4158342.71 ], [ 280487.74, 4158342.77 ], [ 280487.56, 4158342.8 ], [ 280487.39, 4158342.82 ], [ 280487.21, 4158342.82 ], [ 280484.32, 4158342.69 ], [ 280484.29, 4158342.7 ], [ 280486.66, 4158349.03 ], [ 280500.0, 4158378.86 ], [ 280500.0, 4158357.63 ], [ 280498.73, 4158357.63 ], [ 280497.71, 4158357.2 ] ] ], [ [ [ 280454.44, 4158364.78 ], [ 280454.52, 4158364.84 ], [ 280454.6, 4158364.9 ], [ 280454.66, 4158364.97 ], [ 280454.72, 4158365.05 ], [ 280454.78, 4158365.13 ], [ 280454.82, 4158365.22 ], [ 280454.92, 4158365.47 ], [ 280459.64, 4158363.45 ], [ 280459.74, 4158363.41 ], [ 280459.83, 4158363.39 ], [ 280459.93, 4158363.37 ], [ 280460.03, 4158363.37 ], [ 280460.12, 4158363.37 ], [ 280460.22, 4158363.38 ], [ 280460.32, 4158363.41 ], [ 280460.41, 4158363.44 ], [ 280460.5, 4158363.48 ], [ 280460.58, 4158363.53 ], [ 280460.66, 4158363.58 ], [ 280460.74, 4158363.65 ], [ 280460.8, 4158363.72 ], [ 280460.86, 4158363.8 ], [ 280460.91, 4158363.88 ], [ 280460.96, 4158363.97 ], [ 280461.69, 4158365.67 ], [ 280462.86, 4158365.16 ], [ 280463.16, 4158364.56 ], [ 280462.15, 4158362.21 ], [ 280462.11, 4158362.11 ], [ 280462.09, 4158362.02 ], [ 280462.07, 4158361.92 ], [ 280462.07, 4158361.82 ], [ 280462.07, 4158361.73 ], [ 280462.08, 4158361.63 ], [ 280462.1, 4158361.53 ], [ 280462.14, 4158361.44 ], [ 280462.18, 4158361.35 ], [ 280462.23, 4158361.27 ], [ 280462.28, 4158361.19 ], [ 280462.35, 4158361.11 ], [ 280462.42, 4158361.05 ], [ 280462.5, 4158360.99 ], [ 280462.58, 4158360.93 ], [ 280462.67, 4158360.89 ], [ 280475.47, 4158355.39 ], [ 280475.56, 4158355.35 ], [ 280475.66, 4158355.33 ], [ 280475.75, 4158355.31 ], [ 280475.85, 4158355.31 ], [ 280475.95, 4158355.31 ], [ 280476.05, 4158355.32 ], [ 280476.14, 4158355.35 ], [ 280476.23, 4158355.38 ], [ 280476.32, 4158355.42 ], [ 280476.41, 4158355.47 ], [ 280476.49, 4158355.52 ], [ 280476.56, 4158355.59 ], [ 280476.63, 4158355.66 ], [ 280476.69, 4158355.74 ], [ 280476.74, 4158355.82 ], [ 280476.78, 4158355.91 ], [ 280477.06, 4158356.56 ], [ 280476.89, 4158353.83 ], [ 280476.44, 4158353.25 ], [ 280474.22, 4158348.81 ], [ 280474.16, 4158348.89 ], [ 280474.03, 4158349.03 ], [ 280473.89, 4158349.15 ], [ 280473.74, 4158349.26 ], [ 280473.57, 4158349.35 ], [ 280451.48, 4158360.04 ], [ 280452.56, 4158364.35 ], [ 280453.18, 4158364.84 ], [ 280453.51, 4158364.7 ], [ 280453.6, 4158364.66 ], [ 280453.69, 4158364.64 ], [ 280453.79, 4158364.62 ], [ 280453.89, 4158364.62 ], [ 280453.99, 4158364.62 ], [ 280454.08, 4158364.63 ], [ 280454.18, 4158364.66 ], [ 280454.27, 4158364.69 ], [ 280454.36, 4158364.73 ], [ 280454.44, 4158364.78 ] ] ], [ [ [ 280482.15, 4158369.22 ], [ 280482.1, 4158369.3 ], [ 280482.04, 4158369.38 ], [ 280481.98, 4158369.45 ], [ 280481.91, 4158369.52 ], [ 280481.83, 4158369.58 ], [ 280481.74, 4158369.63 ], [ 280481.65, 4158369.68 ], [ 280476.67, 4158371.82 ], [ 280476.58, 4158371.85 ], [ 280476.49, 4158371.88 ], [ 280476.39, 4158371.89 ], [ 280476.29, 4158371.9 ], [ 280476.19, 4158371.9 ], [ 280476.1, 4158371.88 ], [ 280476.0, 4158371.86 ], [ 280475.91, 4158371.83 ], [ 280475.82, 4158371.79 ], [ 280475.73, 4158371.74 ], [ 280475.65, 4158371.68 ], [ 280475.6, 4158371.63 ], [ 280475.11, 4158371.79 ], [ 280470.93, 4158371.09 ], [ 280467.68, 4158372.49 ], [ 280467.59, 4158372.52 ], [ 280467.49, 4158372.55 ], [ 280467.4, 4158372.56 ], [ 280467.3, 4158372.57 ], [ 280467.2, 4158372.57 ], [ 280467.1, 4158372.55 ], [ 280467.01, 4158372.53 ], [ 280466.92, 4158372.5 ], [ 280466.83, 4158372.46 ], [ 280466.74, 4158372.41 ], [ 280466.66, 4158372.35 ], [ 280466.59, 4158372.29 ], [ 280466.52, 4158372.22 ], [ 280466.46, 4158372.14 ], [ 280466.41, 4158372.05 ], [ 280466.37, 4158371.97 ], [ 280465.78, 4158370.6 ], [ 280462.66, 4158373.59 ], [ 280463.39, 4158375.26 ], [ 280463.42, 4158375.36 ], [ 280463.45, 4158375.45 ], [ 280463.46, 4158375.55 ], [ 280463.47, 4158375.65 ], [ 280463.46, 4158375.75 ], [ 280463.45, 4158375.84 ], [ 280463.43, 4158375.94 ], [ 280463.4, 4158376.03 ], [ 280463.36, 4158376.12 ], [ 280463.31, 4158376.21 ], [ 280463.25, 4158376.29 ], [ 280463.18, 4158376.36 ], [ 280463.11, 4158376.43 ], [ 280463.03, 4158376.49 ], [ 280462.99, 4158376.51 ], [ 280464.82, 4158391.14 ], [ 280465.11, 4158391.74 ], [ 280467.25, 4158394.05 ], [ 280470.9, 4158394.78 ], [ 280491.52, 4158384.82 ], [ 280491.75, 4158384.72 ], [ 280491.99, 4158384.63 ], [ 280493.03, 4158384.33 ], [ 280480.3, 4158355.88 ], [ 280477.27, 4158356.83 ], [ 280477.27, 4158357.03 ], [ 280482.18, 4158368.36 ], [ 280482.21, 4158368.45 ], [ 280482.24, 4158368.55 ], [ 280482.25, 4158368.64 ], [ 280482.26, 4158368.74 ], [ 280482.26, 4158368.84 ], [ 280482.24, 4158368.94 ], [ 280482.22, 4158369.03 ], [ 280482.19, 4158369.13 ], [ 280482.15, 4158369.22 ] ], [ [ 280478.02, 4158390.32 ], [ 280477.93, 4158390.36 ], [ 280477.83, 4158390.39 ], [ 280477.74, 4158390.41 ], [ 280477.64, 4158390.42 ], [ 280477.54, 4158390.42 ], [ 280477.44, 4158390.42 ], [ 280477.35, 4158390.4 ], [ 280477.25, 4158390.37 ], [ 280477.16, 4158390.34 ], [ 280477.07, 4158390.29 ], [ 280476.99, 4158390.24 ], [ 280476.91, 4158390.18 ], [ 280476.84, 4158390.11 ], [ 280476.78, 4158390.04 ], [ 280476.72, 4158389.96 ], [ 280476.67, 4158389.87 ], [ 280473.81, 4158384.16 ], [ 280473.77, 4158384.07 ], [ 280473.74, 4158383.97 ], [ 280473.72, 4158383.88 ], [ 280473.7, 4158383.78 ], [ 280473.7, 4158383.68 ], [ 280473.71, 4158383.58 ], [ 280473.73, 4158383.49 ], [ 280473.75, 4158383.39 ], [ 280473.79, 4158383.3 ], [ 280473.83, 4158383.21 ], [ 280473.89, 4158383.13 ], [ 280473.95, 4158383.05 ], [ 280474.01, 4158382.98 ], [ 280474.09, 4158382.92 ], [ 280474.17, 4158382.86 ], [ 280474.25, 4158382.81 ], [ 280478.43, 4158380.72 ], [ 280478.52, 4158380.68 ], [ 280478.61, 4158380.65 ], [ 280478.71, 4158380.63 ], [ 280478.8, 4158380.62 ], [ 280478.9, 4158380.61 ], [ 280479.0, 4158380.62 ], [ 280479.1, 4158380.64 ], [ 280479.19, 4158380.66 ], [ 280479.28, 4158380.7 ], [ 280479.37, 4158380.74 ], [ 280479.45, 4158380.8 ], [ 280479.53, 4158380.86 ], [ 280479.6, 4158380.93 ], [ 280479.67, 4158381.0 ], [ 280479.72, 4158381.08 ], [ 280479.77, 4158381.17 ], [ 280482.64, 4158386.88 ], [ 280482.68, 4158386.97 ], [ 280482.71, 4158387.06 ], [ 280482.73, 4158387.16 ], [ 280482.74, 4158387.26 ], [ 280482.74, 4158387.36 ], [ 280482.74, 4158387.45 ], [ 280482.72, 4158387.55 ], [ 280482.69, 4158387.65 ], [ 280482.66, 4158387.74 ], [ 280482.61, 4158387.82 ], [ 280482.56, 4158387.91 ], [ 280482.5, 4158387.98 ], [ 280482.43, 4158388.06 ], [ 280482.36, 4158388.12 ], [ 280482.28, 4158388.18 ], [ 280482.19, 4158388.22 ], [ 280478.02, 4158390.32 ] ] ], [ [ [ 280423.13, 4158359.9 ], [ 280423.35, 4158359.12 ], [ 280423.93, 4158358.18 ], [ 280338.47, 4158399.63 ], [ 280338.53, 4158399.63 ], [ 280339.55, 4158400.05 ], [ 280340.08, 4158400.57 ], [ 280423.13, 4158359.93 ], [ 280423.13, 4158359.9 ] ] ], [ [ [ 280324.1, 4158402.59 ], [ 280321.13, 4158399.63 ], [ 280314.98, 4158399.63 ], [ 280314.08, 4158399.32 ], [ 280313.98, 4158399.24 ], [ 280309.13, 4158401.6 ], [ 280309.13, 4158402.65 ], [ 280308.8, 4158403.57 ], [ 280307.05, 4158405.71 ], [ 280306.21, 4158406.21 ], [ 280296.54, 4158408.14 ], [ 280294.13, 4158411.09 ], [ 280294.13, 4158417.12 ], [ 280324.1, 4158402.59 ] ] ], [ [ [ 280499.13, 4158410.28 ], [ 280499.22, 4158410.31 ], [ 280499.31, 4158410.35 ], [ 280499.4, 4158410.4 ], [ 280499.48, 4158410.45 ], [ 280499.55, 4158410.52 ], [ 280499.62, 4158410.59 ], [ 280499.68, 4158410.67 ], [ 280499.73, 4158410.75 ], [ 280499.78, 4158410.84 ], [ 280500.0, 4158411.33 ], [ 280500.0, 4158399.68 ], [ 280497.61, 4158394.44 ], [ 280496.27, 4158393.88 ], [ 280496.28, 4158393.85 ], [ 280494.71, 4158393.2 ], [ 280492.58, 4158391.08 ], [ 280478.96, 4158397.66 ], [ 280479.8, 4158398.68 ], [ 280480.13, 4158399.61 ], [ 280480.13, 4158408.63 ], [ 280483.13, 4158411.63 ], [ 280495.55, 4158411.63 ], [ 280498.46, 4158410.33 ], [ 280498.55, 4158410.3 ], [ 280498.64, 4158410.27 ], [ 280498.74, 4158410.25 ], [ 280498.84, 4158410.25 ], [ 280498.94, 4158410.25 ], [ 280499.03, 4158410.26 ], [ 280499.13, 4158410.28 ] ] ], [ [ [ 280499.38, 4158430.21 ], [ 280486.62, 4158434.46 ], [ 280486.6, 4158434.47 ], [ 280482.81, 4158436.27 ], [ 280482.72, 4158436.31 ], [ 280482.63, 4158436.34 ], [ 280482.53, 4158436.36 ], [ 280482.44, 4158436.37 ], [ 280482.34, 4158436.37 ], [ 280482.24, 4158436.36 ], [ 280482.15, 4158436.34 ], [ 280482.05, 4158436.31 ], [ 280481.96, 4158436.27 ], [ 280481.88, 4158436.23 ], [ 280481.79, 4158436.17 ], [ 280481.72, 4158436.11 ], [ 280481.71, 4158436.1 ], [ 280476.62, 4158437.8 ], [ 280476.54, 4158437.85 ], [ 280476.46, 4158437.89 ], [ 280474.78, 4158438.7 ], [ 280473.58, 4158439.74 ], [ 280473.0, 4158440.88 ], [ 280473.49, 4158444.27 ], [ 280476.83, 4158445.0 ], [ 280477.73, 4158444.63 ], [ 280479.53, 4158444.63 ], [ 280480.55, 4158445.05 ], [ 280481.14, 4158445.64 ], [ 280500.0, 4158436.57 ], [ 280500.0, 4158429.81 ], [ 280499.96, 4158429.85 ], [ 280499.38, 4158430.21 ] ] ], [ [ [ 280387.97, 4158424.51 ], [ 280388.0, 4158424.42 ], [ 280388.03, 4158424.33 ], [ 280388.08, 4158424.24 ], [ 280388.13, 4158424.16 ], [ 280388.19, 4158424.08 ], [ 280388.26, 4158424.01 ], [ 280388.33, 4158423.95 ], [ 280388.41, 4158423.89 ], [ 280388.5, 4158423.84 ], [ 280388.59, 4158423.8 ], [ 280395.08, 4158421.32 ], [ 280395.17, 4158421.29 ], [ 280395.26, 4158421.27 ], [ 280395.36, 4158421.26 ], [ 280395.46, 4158421.25 ], [ 280395.56, 4158421.26 ], [ 280395.65, 4158421.28 ], [ 280395.75, 4158421.31 ], [ 280395.84, 4158421.34 ], [ 280395.93, 4158421.38 ], [ 280396.01, 4158421.44 ], [ 280396.09, 4158421.5 ], [ 280396.16, 4158421.57 ], [ 280396.22, 4158421.64 ], [ 280396.28, 4158421.72 ], [ 280396.33, 4158421.81 ], [ 280396.37, 4158421.89 ], [ 280397.61, 4158425.12 ], [ 280401.54, 4158425.91 ], [ 280405.13, 4158422.97 ], [ 280405.13, 4158420.26 ], [ 280405.41, 4158419.4 ], [ 280406.91, 4158417.32 ], [ 280406.98, 4158417.27 ], [ 280406.93, 4158417.16 ], [ 280406.89, 4158417.07 ], [ 280406.86, 4158416.98 ], [ 280406.84, 4158416.88 ], [ 280406.83, 4158416.78 ], [ 280406.83, 4158416.69 ], [ 280406.84, 4158416.59 ], [ 280406.86, 4158416.49 ], [ 280406.89, 4158416.4 ], [ 280406.93, 4158416.31 ], [ 280406.98, 4158416.22 ], [ 280407.03, 4158416.14 ], [ 280407.1, 4158416.06 ], [ 280407.17, 4158415.99 ], [ 280407.24, 4158415.93 ], [ 280407.33, 4158415.88 ], [ 280407.41, 4158415.83 ], [ 280412.38, 4158413.54 ], [ 280412.47, 4158413.5 ], [ 280412.57, 4158413.47 ], [ 280412.66, 4158413.45 ], [ 280412.76, 4158413.44 ], [ 280412.86, 4158413.44 ], [ 280412.96, 4158413.46 ], [ 280413.05, 4158413.47 ], [ 280413.15, 4158413.5 ], [ 280413.24, 4158413.54 ], [ 280413.32, 4158413.59 ], [ 280413.4, 4158413.64 ], [ 280413.48, 4158413.71 ], [ 280413.55, 4158413.78 ], [ 280413.61, 4158413.85 ], [ 280413.66, 4158413.93 ], [ 280413.71, 4158414.02 ], [ 280416.77, 4158420.58 ], [ 280416.81, 4158420.67 ], [ 280416.84, 4158420.76 ], [ 280416.86, 4158420.86 ], [ 280416.86, 4158420.9 ], [ 280427.06, 4158415.97 ], [ 280427.01, 4158415.92 ], [ 280426.95, 4158415.85 ], [ 280426.9, 4158415.77 ], [ 280426.85, 4158415.68 ], [ 280423.95, 4158409.45 ], [ 280423.92, 4158409.36 ], [ 280423.89, 4158409.26 ], [ 280423.87, 4158409.17 ], [ 280423.86, 4158409.07 ], [ 280423.86, 4158408.97 ], [ 280423.87, 4158408.87 ], [ 280423.89, 4158408.78 ], [ 280423.92, 4158408.68 ], [ 280423.96, 4158408.59 ], [ 280424.01, 4158408.51 ], [ 280424.06, 4158408.42 ], [ 280424.13, 4158408.35 ], [ 280424.2, 4158408.28 ], [ 280424.27, 4158408.22 ], [ 280424.36, 4158408.16 ], [ 280424.44, 4158408.12 ], [ 280431.73, 4158404.76 ], [ 280431.82, 4158404.72 ], [ 280431.91, 4158404.7 ], [ 280432.01, 4158404.68 ], [ 280432.11, 4158404.67 ], [ 280432.21, 4158404.67 ], [ 280432.3, 4158404.68 ], [ 280432.4, 4158404.7 ], [ 280432.49, 4158404.73 ], [ 280432.58, 4158404.77 ], [ 280432.67, 4158404.82 ], [ 280432.75, 4158404.87 ], [ 280432.82, 4158404.93 ], [ 280432.89, 4158405.0 ], [ 280432.95, 4158405.08 ], [ 280433.01, 4158405.16 ], [ 280433.05, 4158405.25 ], [ 280435.95, 4158411.48 ], [ 280435.99, 4158411.57 ], [ 280436.01, 4158411.65 ], [ 280444.13, 4158407.72 ], [ 280444.13, 4158406.22 ], [ 280444.55, 4158405.2 ], [ 280446.71, 4158403.05 ], [ 280448.28, 4158402.4 ], [ 280450.13, 4158399.63 ], [ 280450.13, 4158398.29 ], [ 280448.95, 4158395.78 ], [ 280448.91, 4158395.69 ], [ 280448.88, 4158395.59 ], [ 280448.86, 4158395.5 ], [ 280448.85, 4158395.4 ], [ 280448.85, 4158395.3 ], [ 280448.86, 4158395.2 ], [ 280448.88, 4158395.11 ], [ 280448.91, 4158395.01 ], [ 280448.95, 4158394.92 ], [ 280448.99, 4158394.84 ], [ 280449.05, 4158394.75 ], [ 280449.11, 4158394.68 ], [ 280449.18, 4158394.61 ], [ 280449.26, 4158394.55 ], [ 280449.34, 4158394.49 ], [ 280449.42, 4158394.45 ], [ 280454.21, 4158392.2 ], [ 280454.3, 4158392.16 ], [ 280454.4, 4158392.13 ], [ 280454.49, 4158392.11 ], [ 280454.59, 4158392.1 ], [ 280454.69, 4158392.11 ], [ 280454.78, 4158392.11 ], [ 280454.88, 4158392.13 ], [ 280454.97, 4158392.16 ], [ 280455.06, 4158392.2 ], [ 280455.08, 4158392.21 ], [ 280455.08, 4158392.2 ], [ 280455.05, 4158392.14 ], [ 280455.01, 4158392.05 ], [ 280454.98, 4158391.96 ], [ 280454.96, 4158391.86 ], [ 280454.95, 4158391.76 ], [ 280454.95, 4158391.66 ], [ 280454.96, 4158391.57 ], [ 280454.98, 4158391.47 ], [ 280455.01, 4158391.37 ], [ 280455.05, 4158391.28 ], [ 280455.1, 4158391.2 ], [ 280455.15, 4158391.12 ], [ 280455.21, 4158391.04 ], [ 280455.28, 4158390.97 ], [ 280455.36, 4158390.91 ], [ 280455.44, 4158390.85 ], [ 280455.53, 4158390.81 ], [ 280456.13, 4158390.53 ], [ 280456.13, 4158381.63 ], [ 280453.13, 4158378.63 ], [ 280450.13, 4158378.63 ], [ 280447.13, 4158381.63 ], [ 280447.13, 4158384.03 ], [ 280446.71, 4158385.05 ], [ 280444.55, 4158387.2 ], [ 280443.53, 4158387.63 ], [ 280436.67, 4158387.63 ], [ 280435.55, 4158387.08 ], [ 280434.67, 4158385.95 ], [ 280434.6, 4158385.96 ], [ 280434.5, 4158385.97 ], [ 280434.4, 4158385.97 ], [ 280434.3, 4158385.97 ], [ 280434.21, 4158385.95 ], [ 280434.11, 4158385.92 ], [ 280434.02, 4158385.88 ], [ 280433.94, 4158385.84 ], [ 280433.85, 4158385.78 ], [ 280433.78, 4158385.72 ], [ 280433.71, 4158385.65 ], [ 280433.65, 4158385.58 ], [ 280433.59, 4158385.49 ], [ 280433.54, 4158385.41 ], [ 280433.0, 4158384.28 ], [ 280432.77, 4158384.22 ], [ 280432.87, 4158384.0 ], [ 280430.26, 4158378.54 ], [ 280430.22, 4158378.45 ], [ 280430.19, 4158378.36 ], [ 280430.17, 4158378.26 ], [ 280430.16, 4158378.17 ], [ 280430.16, 4158378.07 ], [ 280430.17, 4158377.97 ], [ 280430.19, 4158377.88 ], [ 280430.22, 4158377.78 ], [ 280430.25, 4158377.69 ], [ 280430.3, 4158377.61 ], [ 280430.35, 4158377.53 ], [ 280430.41, 4158377.45 ], [ 280430.48, 4158377.38 ], [ 280430.55, 4158377.32 ], [ 280430.64, 4158377.26 ], [ 280430.72, 4158377.21 ], [ 280433.56, 4158375.82 ], [ 280432.98, 4158374.55 ], [ 280427.33, 4158371.73 ], [ 280339.56, 4158414.2 ], [ 280339.55, 4158414.2 ], [ 280339.52, 4158414.22 ], [ 280337.88, 4158415.01 ], [ 280336.13, 4158417.63 ], [ 280336.13, 4158418.35 ], [ 280335.91, 4158419.13 ], [ 280334.69, 4158421.1 ], [ 280334.35, 4158421.41 ], [ 280333.58, 4158424.71 ], [ 280336.38, 4158426.63 ], [ 280337.6, 4158426.63 ], [ 280338.72, 4158427.17 ], [ 280339.81, 4158428.57 ], [ 280341.42, 4158428.88 ], [ 280340.84, 4158430.14 ], [ 280341.03, 4158431.03 ], [ 280339.68, 4158436.42 ], [ 280339.28, 4158437.12 ], [ 280337.62, 4158438.74 ], [ 280336.91, 4158439.12 ], [ 280319.45, 4158443.0 ], [ 280318.25, 4158442.72 ], [ 280316.66, 4158441.45 ], [ 280314.42, 4158441.41 ], [ 280314.73, 4158440.22 ], [ 280315.13, 4158440.22 ], [ 280315.13, 4158436.22 ], [ 280315.55, 4158435.2 ], [ 280317.71, 4158433.05 ], [ 280318.73, 4158432.63 ], [ 280327.13, 4158432.63 ], [ 280329.9, 4158430.77 ], [ 280330.55, 4158429.2 ], [ 280332.25, 4158427.51 ], [ 280330.61, 4158422.42 ], [ 280329.07, 4158422.17 ], [ 280328.27, 4158421.76 ], [ 280326.85, 4158420.35 ], [ 280294.13, 4158436.18 ], [ 280294.13, 4158440.95 ], [ 280299.15, 4158443.17 ], [ 280299.57, 4158442.79 ], [ 280301.41, 4158441.8 ], [ 280302.11, 4158441.63 ], [ 280308.53, 4158441.63 ], [ 280309.55, 4158442.05 ], [ 280310.16, 4158442.66 ], [ 280312.58, 4158442.86 ], [ 280312.01, 4158444.93 ], [ 280312.13, 4158445.22 ], [ 280312.13, 4158456.14 ], [ 280311.84, 4158457.02 ], [ 280310.56, 4158458.71 ], [ 280309.01, 4158459.15 ], [ 280307.04, 4158458.38 ], [ 280306.32, 4158457.79 ], [ 280305.82, 4158456.97 ], [ 280304.61, 4158455.86 ], [ 280301.47, 4158454.3 ], [ 280298.79, 4158454.3 ], [ 280298.68, 4158454.35 ], [ 280297.82, 4158454.47 ], [ 280295.98, 4158455.44 ], [ 280295.19, 4158456.33 ], [ 280295.36, 4158456.49 ], [ 280294.13, 4158458.48 ], [ 280294.13, 4158481.9 ], [ 280320.88, 4158467.3 ], [ 280321.02, 4158467.23 ], [ 280387.23, 4158435.22 ], [ 280389.07, 4158427.85 ], [ 280388.01, 4158425.09 ], [ 280387.98, 4158425.0 ], [ 280387.96, 4158424.91 ], [ 280387.95, 4158424.81 ], [ 280387.95, 4158424.71 ], [ 280387.95, 4158424.61 ], [ 280387.97, 4158424.51 ] ], [ [ 280344.34, 4158421.63 ], [ 280344.38, 4158421.54 ], [ 280344.44, 4158421.46 ], [ 280344.5, 4158421.38 ], [ 280344.57, 4158421.31 ], [ 280344.64, 4158421.25 ], [ 280344.72, 4158421.2 ], [ 280344.81, 4158421.15 ], [ 280347.64, 4158419.78 ], [ 280347.27, 4158419.02 ], [ 280347.24, 4158418.93 ], [ 280347.21, 4158418.84 ], [ 280347.19, 4158418.74 ], [ 280347.18, 4158418.64 ], [ 280347.18, 4158418.55 ], [ 280347.18, 4158418.45 ], [ 280347.2, 4158418.35 ], [ 280347.23, 4158418.26 ], [ 280347.27, 4158418.17 ], [ 280347.31, 4158418.08 ], [ 280347.37, 4158418.0 ], [ 280347.43, 4158417.92 ], [ 280347.5, 4158417.85 ], [ 280347.57, 4158417.79 ], [ 280347.65, 4158417.73 ], [ 280347.74, 4158417.69 ], [ 280349.84, 4158416.67 ], [ 280349.93, 4158416.64 ], [ 280350.02, 4158416.61 ], [ 280350.12, 4158416.59 ], [ 280350.22, 4158416.58 ], [ 280350.31, 4158416.58 ], [ 280350.41, 4158416.58 ], [ 280350.51, 4158416.6 ], [ 280350.6, 4158416.63 ], [ 280350.69, 4158416.67 ], [ 280350.78, 4158416.71 ], [ 280350.86, 4158416.77 ], [ 280350.94, 4158416.83 ], [ 280351.01, 4158416.9 ], [ 280351.07, 4158416.97 ], [ 280351.13, 4158417.05 ], [ 280351.17, 4158417.14 ], [ 280351.54, 4158417.9 ], [ 280354.55, 4158416.45 ], [ 280354.64, 4158416.41 ], [ 280354.74, 4158416.38 ], [ 280354.83, 4158416.36 ], [ 280354.93, 4158416.35 ], [ 280355.03, 4158416.35 ], [ 280355.13, 4158416.36 ], [ 280355.22, 4158416.38 ], [ 280355.32, 4158416.4 ], [ 280355.41, 4158416.44 ], [ 280355.5, 4158416.49 ], [ 280355.58, 4158416.54 ], [ 280355.65, 4158416.6 ], [ 280355.72, 4158416.67 ], [ 280355.79, 4158416.75 ], [ 280355.84, 4158416.83 ], [ 280355.89, 4158416.91 ], [ 280357.76, 4158420.78 ], [ 280358.0, 4158421.11 ], [ 280358.1, 4158421.49 ], [ 280359.34, 4158424.07 ], [ 280359.38, 4158424.16 ], [ 280359.41, 4158424.26 ], [ 280359.43, 4158424.35 ], [ 280359.44, 4158424.45 ], [ 280359.44, 4158424.55 ], [ 280359.43, 4158424.65 ], [ 280359.42, 4158424.74 ], [ 280359.39, 4158424.84 ], [ 280359.35, 4158424.93 ], [ 280359.31, 4158425.01 ], [ 280359.25, 4158425.1 ], [ 280359.19, 4158425.17 ], [ 280359.12, 4158425.24 ], [ 280359.05, 4158425.31 ], [ 280359.01, 4158425.33 ], [ 280358.77, 4158426.44 ], [ 280356.72, 4158429.08 ], [ 280355.6, 4158429.63 ], [ 280353.65, 4158429.63 ], [ 280353.95, 4158430.23 ], [ 280353.99, 4158430.32 ], [ 280354.01, 4158430.42 ], [ 280354.03, 4158430.51 ], [ 280354.04, 4158430.61 ], [ 280354.05, 4158430.71 ], [ 280354.04, 4158430.81 ], [ 280354.02, 4158430.9 ], [ 280353.99, 4158431.0 ], [ 280353.95, 4158431.09 ], [ 280353.91, 4158431.17 ], [ 280353.85, 4158431.26 ], [ 280353.79, 4158431.33 ], [ 280353.72, 4158431.4 ], [ 280353.65, 4158431.46 ], [ 280353.57, 4158431.52 ], [ 280353.48, 4158431.57 ], [ 280350.53, 4158432.99 ], [ 280350.44, 4158433.03 ], [ 280350.34, 4158433.06 ], [ 280350.25, 4158433.08 ], [ 280350.15, 4158433.09 ], [ 280350.05, 4158433.09 ], [ 280349.95, 4158433.08 ], [ 280349.86, 4158433.06 ], [ 280349.76, 4158433.04 ], [ 280349.67, 4158433.0 ], [ 280349.59, 4158432.95 ], [ 280349.5, 4158432.9 ], [ 280349.43, 4158432.84 ], [ 280349.36, 4158432.77 ], [ 280349.29, 4158432.69 ], [ 280349.24, 4158432.61 ], [ 280349.19, 4158432.53 ], [ 280347.47, 4158428.97 ], [ 280345.9, 4158427.39 ], [ 280344.4, 4158427.18 ], [ 280344.59, 4158426.63 ], [ 280345.13, 4158426.63 ], [ 280345.13, 4158424.11 ], [ 280344.34, 4158422.49 ], [ 280344.31, 4158422.39 ], [ 280344.28, 4158422.3 ], [ 280344.26, 4158422.21 ], [ 280344.25, 4158422.11 ], [ 280344.25, 4158422.01 ], [ 280344.26, 4158421.91 ], [ 280344.27, 4158421.82 ], [ 280344.3, 4158421.72 ], [ 280344.34, 4158421.63 ] ], [ [ 280416.91, 4158401.13 ], [ 280415.69, 4158403.1 ], [ 280415.1, 4158403.64 ], [ 280412.36, 4158405.01 ], [ 280411.86, 4158405.16 ], [ 280410.32, 4158405.33 ], [ 280409.8, 4158405.29 ], [ 280401.27, 4158403.16 ], [ 280400.59, 4158402.77 ], [ 280399.63, 4158401.81 ], [ 280399.6, 4158401.82 ], [ 280399.5, 4158401.83 ], [ 280399.4, 4158401.84 ], [ 280399.31, 4158401.83 ], [ 280399.21, 4158401.82 ], [ 280399.12, 4158401.79 ], [ 280399.02, 4158401.76 ], [ 280398.93, 4158401.72 ], [ 280398.85, 4158401.67 ], [ 280398.77, 4158401.61 ], [ 280398.7, 4158401.54 ], [ 280398.63, 4158401.47 ], [ 280398.58, 4158401.39 ], [ 280398.53, 4158401.31 ], [ 280398.49, 4158401.22 ], [ 280395.07, 4158392.9 ], [ 280395.04, 4158392.81 ], [ 280395.02, 4158392.71 ], [ 280395.0, 4158392.62 ], [ 280395.0, 4158392.52 ], [ 280395.0, 4158392.42 ], [ 280395.02, 4158392.32 ], [ 280395.04, 4158392.23 ], [ 280395.08, 4158392.14 ], [ 280395.12, 4158392.05 ], [ 280395.17, 4158391.96 ], [ 280395.23, 4158391.88 ], [ 280395.29, 4158391.81 ], [ 280395.37, 4158391.75 ], [ 280395.45, 4158391.69 ], [ 280395.53, 4158391.64 ], [ 280395.62, 4158391.6 ], [ 280398.58, 4158390.39 ], [ 280398.4, 4158389.94 ], [ 280398.37, 4158389.85 ], [ 280398.34, 4158389.75 ], [ 280398.33, 4158389.65 ], [ 280398.32, 4158389.56 ], [ 280398.33, 4158389.46 ], [ 280398.34, 4158389.36 ], [ 280398.37, 4158389.26 ], [ 280398.4, 4158389.17 ], [ 280398.44, 4158389.08 ], [ 280398.5, 4158389.0 ], [ 280398.55, 4158388.92 ], [ 280398.62, 4158388.85 ], [ 280398.69, 4158388.78 ], [ 280398.77, 4158388.72 ], [ 280398.86, 4158388.67 ], [ 280398.95, 4158388.63 ], [ 280402.05, 4158387.37 ], [ 280402.15, 4158387.34 ], [ 280402.24, 4158387.32 ], [ 280402.34, 4158387.3 ], [ 280402.44, 4158387.3 ], [ 280402.53, 4158387.3 ], [ 280402.63, 4158387.32 ], [ 280402.72, 4158387.34 ], [ 280402.82, 4158387.38 ], [ 280402.91, 4158387.42 ], [ 280402.99, 4158387.47 ], [ 280403.07, 4158387.53 ], [ 280403.14, 4158387.59 ], [ 280403.2, 4158387.67 ], [ 280403.26, 4158387.75 ], [ 280403.31, 4158387.83 ], [ 280403.35, 4158387.92 ], [ 280403.4, 4158388.03 ], [ 280405.84, 4158387.04 ], [ 280405.93, 4158387.01 ], [ 280406.02, 4158386.98 ], [ 280406.12, 4158386.97 ], [ 280406.22, 4158386.97 ], [ 280406.32, 4158386.97 ], [ 280406.41, 4158386.99 ], [ 280406.51, 4158387.01 ], [ 280406.6, 4158387.04 ], [ 280406.69, 4158387.09 ], [ 280406.77, 4158387.14 ], [ 280406.85, 4158387.2 ], [ 280406.92, 4158387.26 ], [ 280406.99, 4158387.33 ], [ 280407.05, 4158387.41 ], [ 280407.1, 4158387.5 ], [ 280407.14, 4158387.59 ], [ 280407.43, 4158388.3 ], [ 280408.96, 4158388.72 ], [ 280409.79, 4158389.21 ], [ 280414.12, 4158387.63 ], [ 280414.46, 4158386.68 ], [ 280415.32, 4158385.64 ], [ 280414.8, 4158384.61 ], [ 280414.76, 4158384.52 ], [ 280414.73, 4158384.42 ], [ 280414.71, 4158384.33 ], [ 280414.7, 4158384.23 ], [ 280414.7, 4158384.13 ], [ 280414.71, 4158384.03 ], [ 280414.72, 4158383.94 ], [ 280414.75, 4158383.84 ], [ 280414.79, 4158383.75 ], [ 280414.83, 4158383.66 ], [ 280414.88, 4158383.58 ], [ 280414.95, 4158383.5 ], [ 280415.01, 4158383.43 ], [ 280415.09, 4158383.37 ], [ 280415.17, 4158383.31 ], [ 280415.26, 4158383.26 ], [ 280425.15, 4158378.38 ], [ 280425.24, 4158378.34 ], [ 280425.34, 4158378.31 ], [ 280425.43, 4158378.29 ], [ 280425.53, 4158378.28 ], [ 280425.63, 4158378.28 ], [ 280425.73, 4158378.29 ], [ 280425.82, 4158378.31 ], [ 280425.92, 4158378.33 ], [ 280426.01, 4158378.37 ], [ 280426.09, 4158378.41 ], [ 280426.18, 4158378.47 ], [ 280426.25, 4158378.53 ], [ 280426.32, 4158378.59 ], [ 280426.39, 4158378.67 ], [ 280426.44, 4158378.75 ], [ 280426.49, 4158378.83 ], [ 280430.15, 4158386.2 ], [ 280430.19, 4158386.29 ], [ 280430.22, 4158386.38 ], [ 280430.24, 4158386.48 ], [ 280430.25, 4158386.58 ], [ 280430.26, 4158386.68 ], [ 280430.25, 4158386.77 ], [ 280430.23, 4158386.87 ], [ 280430.2, 4158386.97 ], [ 280430.17, 4158387.06 ], [ 280430.12, 4158387.14 ], [ 280430.07, 4158387.23 ], [ 280430.01, 4158387.3 ], [ 280429.94, 4158387.37 ], [ 280429.87, 4158387.44 ], [ 280429.79, 4158387.49 ], [ 280429.7, 4158387.54 ], [ 280427.76, 4158388.5 ], [ 280426.72, 4158393.7 ], [ 280426.21, 4158394.54 ], [ 280424.07, 4158396.3 ], [ 280423.15, 4158396.63 ], [ 280420.42, 4158396.63 ], [ 280420.38, 4158396.64 ], [ 280420.29, 4158396.66 ], [ 280420.19, 4158396.67 ], [ 280420.09, 4158396.67 ], [ 280417.13, 4158399.63 ], [ 280417.13, 4158400.35 ], [ 280416.91, 4158401.13 ] ], [ [ 280367.68, 4158410.31 ], [ 280367.7, 4158410.21 ], [ 280367.73, 4158410.12 ], [ 280367.76, 4158410.03 ], [ 280367.81, 4158409.94 ], [ 280367.86, 4158409.85 ], [ 280367.92, 4158409.78 ], [ 280367.99, 4158409.71 ], [ 280368.06, 4158409.64 ], [ 280368.14, 4158409.59 ], [ 280368.23, 4158409.54 ], [ 280375.22, 4158406.09 ], [ 280374.68, 4158405.0 ], [ 280374.64, 4158404.91 ], [ 280374.61, 4158404.82 ], [ 280374.59, 4158404.72 ], [ 280374.58, 4158404.63 ], [ 280374.57, 4158404.53 ], [ 280374.58, 4158404.43 ], [ 280374.6, 4158404.33 ], [ 280374.63, 4158404.24 ], [ 280374.66, 4158404.15 ], [ 280374.71, 4158404.06 ], [ 280374.76, 4158403.98 ], [ 280374.82, 4158403.9 ], [ 280374.89, 4158403.83 ], [ 280374.96, 4158403.76 ], [ 280375.05, 4158403.71 ], [ 280375.13, 4158403.66 ], [ 280378.44, 4158402.03 ], [ 280378.44, 4158402.01 ], [ 280378.4, 4158401.92 ], [ 280378.37, 4158401.83 ], [ 280378.35, 4158401.73 ], [ 280378.33, 4158401.64 ], [ 280378.33, 4158401.54 ], [ 280378.34, 4158401.44 ], [ 280378.36, 4158401.34 ], [ 280378.39, 4158401.25 ], [ 280378.42, 4158401.16 ], [ 280378.47, 4158401.07 ], [ 280378.52, 4158400.99 ], [ 280378.58, 4158400.91 ], [ 280378.65, 4158400.84 ], [ 280378.72, 4158400.78 ], [ 280378.8, 4158400.72 ], [ 280378.89, 4158400.67 ], [ 280388.59, 4158395.88 ], [ 280388.67, 4158395.84 ], [ 280388.77, 4158395.81 ], [ 280388.86, 4158395.79 ], [ 280388.96, 4158395.77 ], [ 280389.06, 4158395.77 ], [ 280389.16, 4158395.78 ], [ 280389.25, 4158395.8 ], [ 280389.35, 4158395.82 ], [ 280389.44, 4158395.86 ], [ 280389.53, 4158395.9 ], [ 280389.61, 4158395.96 ], [ 280389.69, 4158396.02 ], [ 280389.76, 4158396.08 ], [ 280389.82, 4158396.16 ], [ 280389.88, 4158396.24 ], [ 280389.92, 4158396.32 ], [ 280394.42, 4158405.35 ], [ 280394.46, 4158405.44 ], [ 280394.49, 4158405.53 ], [ 280394.52, 4158405.62 ], [ 280394.53, 4158405.72 ], [ 280394.53, 4158405.82 ], [ 280394.52, 4158405.92 ], [ 280394.5, 4158406.02 ], [ 280394.48, 4158406.11 ], [ 280394.44, 4158406.2 ], [ 280394.4, 4158406.29 ], [ 280394.34, 4158406.37 ], [ 280394.28, 4158406.45 ], [ 280394.21, 4158406.52 ], [ 280394.14, 4158406.58 ], [ 280394.06, 4158406.64 ], [ 280393.97, 4158406.69 ], [ 280393.13, 4158407.1 ], [ 280393.13, 4158409.35 ], [ 280392.91, 4158410.13 ], [ 280391.69, 4158412.1 ], [ 280391.1, 4158412.64 ], [ 280383.28, 4158416.55 ], [ 280381.71, 4158419.96 ], [ 280383.03, 4158425.23 ], [ 280382.77, 4158426.44 ], [ 280380.72, 4158429.08 ], [ 280379.6, 4158429.63 ], [ 280377.02, 4158429.63 ], [ 280375.87, 4158429.04 ], [ 280373.87, 4158426.26 ], [ 280373.68, 4158424.99 ], [ 280374.31, 4158423.09 ], [ 280372.8, 4158419.46 ], [ 280371.16, 4158418.64 ], [ 280370.57, 4158418.1 ], [ 280369.35, 4158416.13 ], [ 280369.13, 4158415.35 ], [ 280369.13, 4158413.6 ], [ 280367.78, 4158410.88 ], [ 280367.74, 4158410.79 ], [ 280367.71, 4158410.7 ], [ 280367.69, 4158410.6 ], [ 280367.68, 4158410.5 ], [ 280367.67, 4158410.41 ], [ 280367.68, 4158410.31 ] ] ], [ [ [ 280421.06, 4158432.7 ], [ 280421.01, 4158432.78 ], [ 280420.95, 4158432.85 ], [ 280420.88, 4158432.92 ], [ 280420.8, 4158432.98 ], [ 280420.72, 4158433.04 ], [ 280420.63, 4158433.09 ], [ 280418.67, 4158434.02 ], [ 280417.96, 4158436.13 ], [ 280417.43, 4158436.85 ], [ 280415.35, 4158438.35 ], [ 280414.5, 4158438.63 ], [ 280413.64, 4158438.63 ], [ 280411.03, 4158439.97 ], [ 280410.94, 4158440.01 ], [ 280410.85, 4158440.04 ], [ 280410.76, 4158440.06 ], [ 280410.66, 4158440.08 ], [ 280410.56, 4158440.08 ], [ 280410.46, 4158440.07 ], [ 280410.36, 4158440.06 ], [ 280410.27, 4158440.03 ], [ 280410.18, 4158440.0 ], [ 280410.09, 4158439.96 ], [ 280410.01, 4158439.9 ], [ 280409.93, 4158439.84 ], [ 280409.86, 4158439.78 ], [ 280409.79, 4158439.7 ], [ 280409.74, 4158439.62 ], [ 280409.69, 4158439.54 ], [ 280409.22, 4158438.63 ], [ 280406.37, 4158438.63 ], [ 280404.25, 4158439.5 ], [ 280397.27, 4158446.49 ], [ 280396.45, 4158449.2 ], [ 280398.46, 4158459.29 ], [ 280402.36, 4158461.55 ], [ 280412.13, 4158458.29 ], [ 280416.68, 4158456.15 ], [ 280416.77, 4158456.11 ], [ 280416.86, 4158456.08 ], [ 280416.96, 4158456.06 ], [ 280417.06, 4158456.05 ], [ 280417.15, 4158456.05 ], [ 280417.25, 4158456.06 ], [ 280417.35, 4158456.08 ], [ 280417.44, 4158456.11 ], [ 280417.53, 4158456.15 ], [ 280417.62, 4158456.19 ], [ 280417.7, 4158456.25 ], [ 280417.78, 4158456.31 ], [ 280417.85, 4158456.38 ], [ 280418.83, 4158456.06 ], [ 280418.73, 4158455.85 ], [ 280418.69, 4158455.76 ], [ 280418.66, 4158455.66 ], [ 280418.65, 4158455.57 ], [ 280418.64, 4158455.47 ], [ 280418.64, 4158455.37 ], [ 280418.64, 4158455.27 ], [ 280418.66, 4158455.18 ], [ 280418.69, 4158455.08 ], [ 280418.73, 4158454.99 ], [ 280418.78, 4158454.9 ], [ 280418.83, 4158454.82 ], [ 280418.89, 4158454.75 ], [ 280418.96, 4158454.68 ], [ 280419.04, 4158454.61 ], [ 280419.12, 4158454.56 ], [ 280419.21, 4158454.51 ], [ 280427.07, 4158450.8 ], [ 280428.3, 4158447.12 ], [ 280428.83, 4158446.4 ], [ 280430.91, 4158444.9 ], [ 280431.77, 4158444.63 ], [ 280439.57, 4158444.63 ], [ 280444.75, 4158442.14 ], [ 280444.84, 4158442.1 ], [ 280444.94, 4158442.07 ], [ 280445.03, 4158442.05 ], [ 280445.13, 4158442.04 ], [ 280445.23, 4158442.04 ], [ 280445.33, 4158442.05 ], [ 280445.41, 4158442.06 ], [ 280446.07, 4158440.74 ], [ 280443.63, 4158435.95 ], [ 280443.59, 4158435.86 ], [ 280443.56, 4158435.76 ], [ 280443.53, 4158435.67 ], [ 280443.52, 4158435.57 ], [ 280443.52, 4158435.47 ], [ 280443.53, 4158435.37 ], [ 280443.54, 4158435.28 ], [ 280443.57, 4158435.18 ], [ 280443.6, 4158435.09 ], [ 280443.65, 4158435.0 ], [ 280443.7, 4158434.92 ], [ 280443.76, 4158434.84 ], [ 280443.83, 4158434.77 ], [ 280443.9, 4158434.71 ], [ 280443.98, 4158434.65 ], [ 280444.07, 4158434.6 ], [ 280453.06, 4158430.04 ], [ 280453.15, 4158430.0 ], [ 280453.24, 4158429.97 ], [ 280453.34, 4158429.95 ], [ 280453.44, 4158429.94 ], [ 280453.53, 4158429.93 ], [ 280453.63, 4158429.94 ], [ 280453.73, 4158429.96 ], [ 280453.82, 4158429.98 ], [ 280453.91, 4158430.02 ], [ 280454.0, 4158430.06 ], [ 280454.09, 4158430.11 ], [ 280454.16, 4158430.17 ], [ 280454.23, 4158430.24 ], [ 280454.3, 4158430.31 ], [ 280454.36, 4158430.39 ], [ 280454.4, 4158430.48 ], [ 280455.87, 4158433.34 ], [ 280458.61, 4158432.06 ], [ 280458.09, 4158430.99 ], [ 280458.06, 4158430.9 ], [ 280458.03, 4158430.81 ], [ 280458.01, 4158430.71 ], [ 280458.0, 4158430.61 ], [ 280458.0, 4158430.51 ], [ 280458.0, 4158430.42 ], [ 280458.02, 4158430.32 ], [ 280458.05, 4158430.22 ], [ 280458.09, 4158430.13 ], [ 280458.13, 4158430.05 ], [ 280458.19, 4158429.96 ], [ 280458.25, 4158429.89 ], [ 280458.32, 4158429.82 ], [ 280458.4, 4158429.76 ], [ 280458.48, 4158429.7 ], [ 280458.56, 4158429.65 ], [ 280460.55, 4158428.71 ], [ 280461.64, 4158421.05 ], [ 280458.67, 4158417.63 ], [ 280456.17, 4158417.63 ], [ 280453.71, 4158418.81 ], [ 280453.62, 4158418.84 ], [ 280453.52, 4158418.87 ], [ 280453.43, 4158418.89 ], [ 280453.33, 4158418.9 ], [ 280453.23, 4158418.9 ], [ 280453.14, 4158418.89 ], [ 280453.04, 4158418.88 ], [ 280452.95, 4158418.85 ], [ 280452.85, 4158418.81 ], [ 280452.77, 4158418.76 ], [ 280452.69, 4158418.71 ], [ 280452.61, 4158418.65 ], [ 280452.54, 4158418.58 ], [ 280452.48, 4158418.51 ], [ 280452.42, 4158418.42 ], [ 280452.38, 4158418.34 ], [ 280451.97, 4158417.5 ], [ 280451.63, 4158417.41 ], [ 280449.97, 4158416.38 ], [ 280445.49, 4158418.21 ], [ 280444.82, 4158420.87 ], [ 280444.3, 4158421.66 ], [ 280443.49, 4158422.3 ], [ 280444.57, 4158424.71 ], [ 280444.6, 4158424.81 ], [ 280444.63, 4158424.9 ], [ 280444.64, 4158425.0 ], [ 280444.65, 4158425.1 ], [ 280444.65, 4158425.19 ], [ 280444.64, 4158425.29 ], [ 280444.62, 4158425.39 ], [ 280444.59, 4158425.48 ], [ 280444.55, 4158425.57 ], [ 280444.5, 4158425.66 ], [ 280444.44, 4158425.74 ], [ 280444.38, 4158425.81 ], [ 280444.3, 4158425.88 ], [ 280444.23, 4158425.94 ], [ 280444.14, 4158425.99 ], [ 280444.06, 4158426.04 ], [ 280440.69, 4158427.52 ], [ 280440.6, 4158427.56 ], [ 280440.51, 4158427.58 ], [ 280440.41, 4158427.6 ], [ 280440.31, 4158427.61 ], [ 280440.21, 4158427.61 ], [ 280440.12, 4158427.59 ], [ 280440.02, 4158427.57 ], [ 280439.93, 4158427.54 ], [ 280439.84, 4158427.5 ], [ 280439.75, 4158427.45 ], [ 280439.67, 4158427.4 ], [ 280439.6, 4158427.33 ], [ 280439.53, 4158427.26 ], [ 280439.47, 4158427.19 ], [ 280439.42, 4158427.1 ], [ 280439.37, 4158427.02 ], [ 280437.62, 4158423.06 ], [ 280437.58, 4158422.97 ], [ 280437.55, 4158422.88 ], [ 280437.54, 4158422.78 ], [ 280437.53, 4158422.68 ], [ 280437.53, 4158422.58 ], [ 280437.54, 4158422.49 ], [ 280437.57, 4158422.39 ], [ 280437.6, 4158422.3 ], [ 280437.64, 4158422.21 ], [ 280437.68, 4158422.12 ], [ 280437.74, 4158422.04 ], [ 280437.81, 4158421.97 ], [ 280437.88, 4158421.9 ], [ 280437.95, 4158421.84 ], [ 280438.04, 4158421.79 ], [ 280438.12, 4158421.74 ], [ 280438.9, 4158421.4 ], [ 280438.55, 4158421.05 ], [ 280438.13, 4158420.03 ], [ 280438.13, 4158417.4 ], [ 280418.95, 4158426.67 ], [ 280419.62, 4158428.36 ], [ 280419.72, 4158428.82 ], [ 280421.11, 4158431.75 ], [ 280421.15, 4158431.84 ], [ 280421.17, 4158431.94 ], [ 280421.19, 4158432.04 ], [ 280421.2, 4158432.13 ], [ 280421.2, 4158432.23 ], [ 280421.19, 4158432.33 ], [ 280421.17, 4158432.42 ], [ 280421.15, 4158432.52 ], [ 280421.11, 4158432.61 ], [ 280421.06, 4158432.7 ] ], [ [ 280421.99, 4158426.99 ], [ 280421.95, 4158426.9 ], [ 280421.92, 4158426.81 ], [ 280421.9, 4158426.71 ], [ 280421.89, 4158426.61 ], [ 280421.89, 4158426.51 ], [ 280421.89, 4158426.42 ], [ 280421.91, 4158426.32 ], [ 280421.94, 4158426.23 ], [ 280421.97, 4158426.13 ], [ 280422.02, 4158426.05 ], [ 280422.07, 4158425.96 ], [ 280422.13, 4158425.89 ], [ 280422.2, 4158425.82 ], [ 280422.28, 4158425.75 ], [ 280422.36, 4158425.7 ], [ 280422.44, 4158425.65 ], [ 280425.62, 4158424.09 ], [ 280425.71, 4158424.05 ], [ 280425.8, 4158424.02 ], [ 280425.9, 4158424.0 ], [ 280426.0, 4158423.99 ], [ 280426.1, 4158423.99 ], [ 280426.19, 4158423.99 ], [ 280426.29, 4158424.01 ], [ 280426.38, 4158424.04 ], [ 280426.48, 4158424.08 ], [ 280426.56, 4158424.12 ], [ 280426.64, 4158424.17 ], [ 280426.72, 4158424.23 ], [ 280426.79, 4158424.3 ], [ 280426.86, 4158424.38 ], [ 280426.91, 4158424.46 ], [ 280426.96, 4158424.54 ], [ 280429.09, 4158428.86 ], [ 280429.13, 4158428.95 ], [ 280429.16, 4158429.05 ], [ 280429.18, 4158429.14 ], [ 280429.19, 4158429.24 ], [ 280429.19, 4158429.34 ], [ 280429.18, 4158429.44 ], [ 280429.17, 4158429.53 ], [ 280429.14, 4158429.63 ], [ 280429.1, 4158429.72 ], [ 280429.06, 4158429.81 ], [ 280429.0, 4158429.89 ], [ 280428.94, 4158429.97 ], [ 280428.87, 4158430.04 ], [ 280428.8, 4158430.1 ], [ 280428.72, 4158430.16 ], [ 280428.63, 4158430.2 ], [ 280425.46, 4158431.76 ], [ 280425.37, 4158431.8 ], [ 280425.27, 4158431.83 ], [ 280425.18, 4158431.85 ], [ 280425.08, 4158431.86 ], [ 280424.98, 4158431.87 ], [ 280424.88, 4158431.86 ], [ 280424.79, 4158431.84 ], [ 280424.69, 4158431.81 ], [ 280424.6, 4158431.78 ], [ 280424.51, 4158431.73 ], [ 280424.43, 4158431.68 ], [ 280424.36, 4158431.62 ], [ 280424.29, 4158431.55 ], [ 280424.22, 4158431.47 ], [ 280424.17, 4158431.39 ], [ 280424.12, 4158431.31 ], [ 280421.99, 4158426.99 ] ] ], [ [ [ 280432.35, 4158468.63 ], [ 280433.25, 4158468.63 ], [ 280433.49, 4158468.75 ], [ 280459.13, 4158456.3 ], [ 280459.13, 4158453.63 ], [ 280456.13, 4158450.63 ], [ 280451.99, 4158450.63 ], [ 280449.3, 4158452.28 ], [ 280447.94, 4158455.01 ], [ 280447.52, 4158455.52 ], [ 280445.96, 4158456.71 ], [ 280445.36, 4158456.98 ], [ 280433.57, 4158459.34 ], [ 280431.47, 4158460.94 ], [ 280430.15, 4158463.59 ], [ 280430.14, 4158463.6 ], [ 280432.35, 4158468.63 ] ] ], [ [ [ 280403.46, 4158474.45 ], [ 280403.38, 4158474.5 ], [ 280403.29, 4158474.55 ], [ 280399.4, 4158476.32 ], [ 280399.31, 4158476.35 ], [ 280399.22, 4158476.38 ], [ 280399.12, 4158476.4 ], [ 280399.02, 4158476.41 ], [ 280398.93, 4158476.41 ], [ 280398.83, 4158476.4 ], [ 280398.73, 4158476.37 ], [ 280398.67, 4158476.36 ], [ 280389.96, 4158480.71 ], [ 280389.94, 4158480.76 ], [ 280389.9, 4158480.85 ], [ 280389.84, 4158480.93 ], [ 280389.78, 4158481.01 ], [ 280389.71, 4158481.07 ], [ 280389.64, 4158481.14 ], [ 280389.55, 4158481.19 ], [ 280389.47, 4158481.24 ], [ 280385.41, 4158483.17 ], [ 280385.32, 4158483.2 ], [ 280385.22, 4158483.23 ], [ 280385.13, 4158483.25 ], [ 280385.03, 4158483.26 ], [ 280384.93, 4158483.26 ], [ 280384.87, 4158483.26 ], [ 280379.5, 4158485.94 ], [ 280379.45, 4158486.02 ], [ 280379.39, 4158486.09 ], [ 280379.32, 4158486.16 ], [ 280379.24, 4158486.23 ], [ 280379.16, 4158486.28 ], [ 280379.07, 4158486.33 ], [ 280374.53, 4158488.5 ], [ 280374.67, 4158488.8 ], [ 280374.71, 4158488.89 ], [ 280374.74, 4158488.98 ], [ 280374.76, 4158489.08 ], [ 280374.77, 4158489.18 ], [ 280374.77, 4158489.27 ], [ 280374.76, 4158489.37 ], [ 280374.74, 4158489.47 ], [ 280374.71, 4158489.56 ], [ 280374.67, 4158489.65 ], [ 280374.63, 4158489.74 ], [ 280374.57, 4158489.82 ], [ 280374.51, 4158489.9 ], [ 280374.44, 4158489.97 ], [ 280374.37, 4158490.03 ], [ 280374.29, 4158490.08 ], [ 280374.2, 4158490.13 ], [ 280372.71, 4158490.84 ], [ 280372.62, 4158490.88 ], [ 280372.52, 4158490.91 ], [ 280372.43, 4158490.93 ], [ 280372.33, 4158490.94 ], [ 280372.23, 4158490.94 ], [ 280372.13, 4158490.93 ], [ 280372.04, 4158490.91 ], [ 280371.94, 4158490.89 ], [ 280371.85, 4158490.85 ], [ 280371.77, 4158490.8 ], [ 280371.69, 4158490.75 ], [ 280371.61, 4158490.69 ], [ 280371.54, 4158490.62 ], [ 280371.48, 4158490.54 ], [ 280371.42, 4158490.46 ], [ 280371.38, 4158490.37 ], [ 280371.3, 4158490.21 ], [ 280368.33, 4158491.7 ], [ 280368.24, 4158491.74 ], [ 280368.14, 4158491.77 ], [ 280368.05, 4158491.79 ], [ 280367.95, 4158491.8 ], [ 280367.85, 4158491.8 ], [ 280367.78, 4158491.8 ], [ 280366.08, 4158492.65 ], [ 280366.05, 4158492.68 ], [ 280365.96, 4158492.74 ], [ 280365.88, 4158492.78 ], [ 280363.1, 4158494.14 ], [ 280356.38, 4158497.5 ], [ 280355.08, 4158500.0 ], [ 280369.08, 4158500.0 ], [ 280390.67, 4158489.55 ], [ 280409.39, 4158480.45 ], [ 280408.72, 4158475.75 ], [ 280404.41, 4158473.49 ], [ 280403.87, 4158473.76 ], [ 280403.86, 4158473.8 ], [ 280403.84, 4158473.9 ], [ 280403.81, 4158473.99 ], [ 280403.77, 4158474.08 ], [ 280403.72, 4158474.17 ], [ 280403.67, 4158474.25 ], [ 280403.61, 4158474.32 ], [ 280403.54, 4158474.39 ], [ 280403.46, 4158474.45 ] ] ], [ [ [ 280488.49, 4158461.65 ], [ 280488.32, 4158461.7 ], [ 280488.15, 4158461.74 ], [ 280487.98, 4158461.76 ], [ 280487.8, 4158461.76 ], [ 280487.62, 4158461.75 ], [ 280487.45, 4158461.72 ], [ 280487.28, 4158461.67 ], [ 280487.12, 4158461.6 ], [ 280486.96, 4158461.52 ], [ 280486.81, 4158461.43 ], [ 280486.67, 4158461.31 ], [ 280486.55, 4158461.19 ], [ 280486.43, 4158461.06 ], [ 280486.33, 4158460.91 ], [ 280486.25, 4158460.76 ], [ 280486.18, 4158460.59 ], [ 280486.12, 4158460.43 ], [ 280486.09, 4158460.25 ], [ 280486.07, 4158460.08 ], [ 280486.06, 4158459.9 ], [ 280486.08, 4158459.73 ], [ 280486.11, 4158459.55 ], [ 280486.16, 4158459.38 ], [ 280486.23, 4158459.22 ], [ 280486.31, 4158459.06 ], [ 280486.4, 4158458.91 ], [ 280486.51, 4158458.77 ], [ 280486.64, 4158458.65 ], [ 280486.77, 4158458.53 ], [ 280486.92, 4158458.43 ], [ 280487.07, 4158458.35 ], [ 280500.0, 4158452.01 ], [ 280500.0, 4158450.6 ], [ 280433.49, 4158482.56 ], [ 280432.96, 4158484.13 ], [ 280432.43, 4158484.85 ], [ 280430.35, 4158486.35 ], [ 280429.5, 4158486.63 ], [ 280425.03, 4158486.63 ], [ 280415.6, 4158491.16 ], [ 280414.55, 4158492.2 ], [ 280413.89, 4158492.48 ], [ 280413.32, 4158492.27 ], [ 280413.31, 4158492.26 ], [ 280397.2, 4158500.0 ], [ 280417.85, 4158500.0 ], [ 280417.86, 4158499.99 ], [ 280419.12, 4158499.62 ], [ 280421.0, 4158500.0 ], [ 280426.53, 4158500.0 ], [ 280427.02, 4158499.77 ], [ 280427.11, 4158499.74 ], [ 280427.21, 4158499.71 ], [ 280427.3, 4158499.69 ], [ 280427.4, 4158499.69 ], [ 280427.5, 4158499.69 ], [ 280427.6, 4158499.7 ], [ 280427.69, 4158499.72 ], [ 280427.79, 4158499.75 ], [ 280427.88, 4158499.79 ], [ 280427.96, 4158499.83 ], [ 280428.04, 4158499.89 ], [ 280428.12, 4158499.95 ], [ 280428.16, 4158500.0 ], [ 280429.29, 4158500.0 ], [ 280430.16, 4158499.58 ], [ 280430.33, 4158499.22 ], [ 280430.23, 4158499.01 ], [ 280430.2, 4158498.92 ], [ 280430.17, 4158498.83 ], [ 280430.15, 4158498.73 ], [ 280430.14, 4158498.63 ], [ 280430.14, 4158498.53 ], [ 280430.15, 4158498.44 ], [ 280430.17, 4158498.34 ], [ 280430.2, 4158498.25 ], [ 280430.24, 4158498.16 ], [ 280430.28, 4158498.07 ], [ 280430.34, 4158497.99 ], [ 280430.4, 4158497.91 ], [ 280430.47, 4158497.84 ], [ 280430.55, 4158497.78 ], [ 280430.63, 4158497.73 ], [ 280430.72, 4158497.68 ], [ 280431.37, 4158497.38 ], [ 280431.66, 4158497.06 ], [ 280432.82, 4158496.35 ], [ 280432.81, 4158496.3 ], [ 280432.79, 4158496.21 ], [ 280432.78, 4158496.11 ], [ 280432.78, 4158496.01 ], [ 280432.79, 4158495.91 ], [ 280432.81, 4158495.82 ], [ 280432.84, 4158495.72 ], [ 280432.88, 4158495.63 ], [ 280432.92, 4158495.54 ], [ 280432.98, 4158495.46 ], [ 280433.04, 4158495.39 ], [ 280433.11, 4158495.32 ], [ 280433.19, 4158495.26 ], [ 280433.27, 4158495.2 ], [ 280433.36, 4158495.16 ], [ 280436.46, 4158493.72 ], [ 280436.55, 4158493.68 ], [ 280436.64, 4158493.66 ], [ 280436.74, 4158493.64 ], [ 280436.84, 4158493.63 ], [ 280436.93, 4158493.63 ], [ 280437.03, 4158493.64 ], [ 280437.13, 4158493.66 ], [ 280437.22, 4158493.69 ], [ 280437.31, 4158493.73 ], [ 280437.4, 4158493.77 ], [ 280437.48, 4158493.83 ], [ 280437.55, 4158493.89 ], [ 280437.62, 4158493.96 ], [ 280437.68, 4158494.03 ], [ 280437.74, 4158494.11 ], [ 280437.78, 4158494.2 ], [ 280437.86, 4158494.36 ], [ 280442.21, 4158492.35 ], [ 280442.3, 4158492.31 ], [ 280442.39, 4158492.28 ], [ 280442.49, 4158492.26 ], [ 280442.58, 4158492.25 ], [ 280442.68, 4158492.26 ], [ 280442.78, 4158492.27 ], [ 280442.87, 4158492.29 ], [ 280442.97, 4158492.31 ], [ 280443.06, 4158492.35 ], [ 280443.14, 4158492.4 ], [ 280443.22, 4158492.45 ], [ 280443.3, 4158492.52 ], [ 280443.37, 4158492.59 ], [ 280443.43, 4158492.66 ], [ 280443.48, 4158492.74 ], [ 280443.53, 4158492.83 ], [ 280444.26, 4158494.4 ], [ 280444.96, 4158493.97 ], [ 280445.69, 4158492.52 ], [ 280445.42, 4158491.96 ], [ 280445.39, 4158491.87 ], [ 280445.36, 4158491.77 ], [ 280445.34, 4158491.68 ], [ 280445.33, 4158491.58 ], [ 280445.33, 4158491.48 ], [ 280445.34, 4158491.38 ], [ 280445.36, 4158491.29 ], [ 280445.39, 4158491.19 ], [ 280445.43, 4158491.1 ], [ 280445.47, 4158491.02 ], [ 280445.53, 4158490.93 ], [ 280445.59, 4158490.86 ], [ 280445.66, 4158490.79 ], [ 280445.74, 4158490.73 ], [ 280445.82, 4158490.67 ], [ 280445.91, 4158490.63 ], [ 280449.45, 4158488.98 ], [ 280449.33, 4158488.72 ], [ 280449.3, 4158488.63 ], [ 280449.27, 4158488.54 ], [ 280449.25, 4158488.44 ], [ 280449.24, 4158488.34 ], [ 280449.24, 4158488.25 ], [ 280449.25, 4158488.15 ], [ 280449.27, 4158488.05 ], [ 280449.3, 4158487.96 ], [ 280449.34, 4158487.87 ], [ 280449.38, 4158487.78 ], [ 280449.44, 4158487.7 ], [ 280449.5, 4158487.63 ], [ 280449.57, 4158487.56 ], [ 280449.64, 4158487.5 ], [ 280449.73, 4158487.44 ], [ 280449.81, 4158487.39 ], [ 280451.73, 4158486.49 ], [ 280451.82, 4158486.45 ], [ 280451.92, 4158486.42 ], [ 280452.02, 4158486.4 ], [ 280452.11, 4158486.39 ], [ 280452.21, 4158486.39 ], [ 280452.31, 4158486.4 ], [ 280452.41, 4158486.42 ], [ 280452.5, 4158486.45 ], [ 280452.59, 4158486.49 ], [ 280452.68, 4158486.54 ], [ 280452.76, 4158486.59 ], [ 280452.83, 4158486.65 ], [ 280452.9, 4158486.72 ], [ 280452.97, 4158486.8 ], [ 280453.02, 4158486.88 ], [ 280453.07, 4158486.97 ], [ 280453.16, 4158487.16 ], [ 280456.1, 4158485.79 ], [ 280456.19, 4158485.76 ], [ 280456.28, 4158485.73 ], [ 280456.38, 4158485.71 ], [ 280456.48, 4158485.7 ], [ 280456.57, 4158485.7 ], [ 280456.67, 4158485.71 ], [ 280456.77, 4158485.73 ], [ 280456.86, 4158485.76 ], [ 280456.95, 4158485.8 ], [ 280457.04, 4158485.85 ], [ 280457.12, 4158485.9 ], [ 280457.19, 4158485.96 ], [ 280457.26, 4158486.03 ], [ 280457.32, 4158486.11 ], [ 280457.38, 4158486.19 ], [ 280457.42, 4158486.28 ], [ 280457.43, 4158486.29 ], [ 280458.66, 4158485.72 ], [ 280458.75, 4158485.68 ], [ 280458.84, 4158485.65 ], [ 280458.94, 4158485.63 ], [ 280459.03, 4158485.62 ], [ 280459.13, 4158485.62 ], [ 280459.23, 4158485.63 ], [ 280459.33, 4158485.65 ], [ 280459.42, 4158485.68 ], [ 280459.51, 4158485.72 ], [ 280459.6, 4158485.77 ], [ 280459.68, 4158485.82 ], [ 280459.75, 4158485.88 ], [ 280459.82, 4158485.95 ], [ 280459.88, 4158486.03 ], [ 280459.94, 4158486.11 ], [ 280459.99, 4158486.2 ], [ 280460.36, 4158486.98 ], [ 280460.59, 4158486.93 ], [ 280460.51, 4158486.53 ], [ 280461.48, 4158486.02 ], [ 280460.76, 4158484.52 ], [ 280460.72, 4158484.42 ], [ 280460.7, 4158484.33 ], [ 280460.68, 4158484.23 ], [ 280460.67, 4158484.14 ], [ 280460.67, 4158484.04 ], [ 280460.68, 4158483.94 ], [ 280460.7, 4158483.84 ], [ 280460.73, 4158483.75 ], [ 280460.76, 4158483.66 ], [ 280460.81, 4158483.57 ], [ 280460.86, 4158483.49 ], [ 280460.93, 4158483.41 ], [ 280461.0, 4158483.35 ], [ 280461.07, 4158483.28 ], [ 280461.16, 4158483.23 ], [ 280461.24, 4158483.18 ], [ 280464.0, 4158481.89 ], [ 280463.85, 4158481.55 ], [ 280463.81, 4158481.46 ], [ 280463.78, 4158481.37 ], [ 280463.76, 4158481.27 ], [ 280463.75, 4158481.18 ], [ 280463.75, 4158481.08 ], [ 280463.76, 4158480.98 ], [ 280463.78, 4158480.88 ], [ 280463.81, 4158480.79 ], [ 280463.85, 4158480.7 ], [ 280463.9, 4158480.61 ], [ 280463.95, 4158480.53 ], [ 280464.02, 4158480.46 ], [ 280464.08, 4158480.39 ], [ 280464.16, 4158480.32 ], [ 280464.24, 4158480.27 ], [ 280464.33, 4158480.22 ], [ 280467.53, 4158478.73 ], [ 280467.62, 4158478.69 ], [ 280467.71, 4158478.66 ], [ 280467.81, 4158478.65 ], [ 280467.9, 4158478.64 ], [ 280468.0, 4158478.64 ], [ 280468.1, 4158478.65 ], [ 280468.2, 4158478.67 ], [ 280468.29, 4158478.69 ], [ 280468.38, 4158478.73 ], [ 280468.47, 4158478.78 ], [ 280468.55, 4158478.83 ], [ 280468.62, 4158478.9 ], [ 280468.69, 4158478.96 ], [ 280468.75, 4158479.04 ], [ 280468.81, 4158479.12 ], [ 280468.85, 4158479.21 ], [ 280469.01, 4158479.54 ], [ 280471.31, 4158478.46 ], [ 280471.4, 4158478.43 ], [ 280471.5, 4158478.4 ], [ 280471.6, 4158478.38 ], [ 280471.69, 4158478.37 ], [ 280471.79, 4158478.37 ], [ 280471.89, 4158478.38 ], [ 280471.99, 4158478.4 ], [ 280472.08, 4158478.43 ], [ 280472.17, 4158478.47 ], [ 280472.26, 4158478.51 ], [ 280472.34, 4158478.57 ], [ 280472.41, 4158478.63 ], [ 280472.48, 4158478.7 ], [ 280472.54, 4158478.77 ], [ 280472.89, 4158478.69 ], [ 280473.77, 4158478.28 ], [ 280473.86, 4158478.24 ], [ 280473.95, 4158478.21 ], [ 280474.05, 4158478.19 ], [ 280474.14, 4158478.18 ], [ 280474.24, 4158478.18 ], [ 280474.34, 4158478.19 ], [ 280474.43, 4158478.21 ], [ 280474.53, 4158478.24 ], [ 280474.58, 4158478.26 ], [ 280476.83, 4158477.7 ], [ 280476.84, 4158477.66 ], [ 280476.87, 4158477.57 ], [ 280476.9, 4158477.48 ], [ 280476.95, 4158477.39 ], [ 280477.01, 4158477.31 ], [ 280477.07, 4158477.24 ], [ 280477.14, 4158477.17 ], [ 280477.21, 4158477.1 ], [ 280477.3, 4158477.05 ], [ 280477.38, 4158477.0 ], [ 280479.21, 4158476.15 ], [ 280479.06, 4158475.83 ], [ 280479.03, 4158475.74 ], [ 280479.0, 4158475.65 ], [ 280478.98, 4158475.55 ], [ 280478.97, 4158475.45 ], [ 280478.97, 4158475.36 ], [ 280478.98, 4158475.26 ], [ 280479.0, 4158475.16 ], [ 280479.03, 4158475.07 ], [ 280479.07, 4158474.98 ], [ 280479.11, 4158474.89 ], [ 280479.17, 4158474.81 ], [ 280479.23, 4158474.73 ], [ 280479.3, 4158474.67 ], [ 280479.38, 4158474.6 ], [ 280479.46, 4158474.55 ], [ 280479.55, 4158474.5 ], [ 280483.06, 4158472.86 ], [ 280483.16, 4158472.82 ], [ 280483.25, 4158472.79 ], [ 280483.34, 4158472.77 ], [ 280483.44, 4158472.76 ], [ 280483.54, 4158472.76 ], [ 280483.64, 4158472.77 ], [ 280483.73, 4158472.79 ], [ 280483.83, 4158472.82 ], [ 280483.92, 4158472.86 ], [ 280484.0, 4158472.9 ], [ 280484.08, 4158472.96 ], [ 280484.16, 4158473.02 ], [ 280484.23, 4158473.09 ], [ 280484.29, 4158473.16 ], [ 280484.34, 4158473.24 ], [ 280484.39, 4158473.33 ], [ 280484.52, 4158473.61 ], [ 280486.29, 4158472.78 ], [ 280486.38, 4158472.74 ], [ 280486.48, 4158472.72 ], [ 280486.57, 4158472.7 ], [ 280486.67, 4158472.69 ], [ 280486.77, 4158472.69 ], [ 280486.87, 4158472.7 ], [ 280486.96, 4158472.72 ], [ 280487.06, 4158472.75 ], [ 280487.15, 4158472.79 ], [ 280487.23, 4158472.83 ], [ 280487.32, 4158472.89 ], [ 280487.39, 4158472.95 ], [ 280487.46, 4158473.02 ], [ 280487.52, 4158473.1 ], [ 280487.57, 4158473.17 ], [ 280489.07, 4158472.47 ], [ 280489.16, 4158472.44 ], [ 280489.25, 4158472.41 ], [ 280489.35, 4158472.39 ], [ 280489.45, 4158472.38 ], [ 280489.54, 4158472.38 ], [ 280489.64, 4158472.39 ], [ 280489.74, 4158472.41 ], [ 280489.83, 4158472.44 ], [ 280489.92, 4158472.48 ], [ 280490.01, 4158472.52 ], [ 280490.09, 4158472.58 ], [ 280490.16, 4158472.64 ], [ 280490.23, 4158472.71 ], [ 280490.3, 4158472.79 ], [ 280490.35, 4158472.87 ], [ 280490.4, 4158472.95 ], [ 280492.21, 4158476.8 ], [ 280492.25, 4158476.89 ], [ 280492.28, 4158476.99 ], [ 280492.3, 4158477.08 ], [ 280492.31, 4158477.18 ], [ 280492.31, 4158477.28 ], [ 280492.3, 4158477.38 ], [ 280492.28, 4158477.47 ], [ 280492.25, 4158477.57 ], [ 280492.21, 4158477.66 ], [ 280492.16, 4158477.75 ], [ 280492.11, 4158477.83 ], [ 280492.05, 4158477.9 ], [ 280491.98, 4158477.97 ], [ 280491.9, 4158478.04 ], [ 280491.82, 4158478.09 ], [ 280491.73, 4158478.14 ], [ 280490.43, 4158478.75 ], [ 280491.21, 4158480.39 ], [ 280491.25, 4158480.48 ], [ 280491.28, 4158480.58 ], [ 280491.3, 4158480.68 ], [ 280491.31, 4158480.77 ], [ 280491.31, 4158480.87 ], [ 280491.3, 4158480.97 ], [ 280491.28, 4158481.07 ], [ 280491.25, 4158481.16 ], [ 280491.21, 4158481.25 ], [ 280491.16, 4158481.34 ], [ 280491.11, 4158481.42 ], [ 280491.05, 4158481.5 ], [ 280490.98, 4158481.56 ], [ 280490.9, 4158481.63 ], [ 280490.82, 4158481.68 ], [ 280490.73, 4158481.73 ], [ 280486.91, 4158483.51 ], [ 280486.67, 4158484.48 ], [ 280486.28, 4158485.17 ], [ 280484.67, 4158486.77 ], [ 280483.99, 4158487.16 ], [ 280468.01, 4158491.16 ], [ 280465.55, 4158492.31 ], [ 280465.46, 4158492.35 ], [ 280465.36, 4158492.37 ], [ 280465.27, 4158492.39 ], [ 280465.17, 4158492.4 ], [ 280465.07, 4158492.4 ], [ 280464.97, 4158492.39 ], [ 280464.88, 4158492.37 ], [ 280464.78, 4158492.34 ], [ 280464.69, 4158492.31 ], [ 280464.61, 4158492.26 ], [ 280464.53, 4158492.21 ], [ 280464.45, 4158492.14 ], [ 280464.38, 4158492.07 ], [ 280464.37, 4158492.07 ], [ 280463.8, 4158492.21 ], [ 280463.82, 4158492.28 ], [ 280462.47, 4158492.63 ], [ 280462.28, 4158492.77 ], [ 280461.51, 4158493.56 ], [ 280457.23, 4158499.98 ], [ 280457.21, 4158500.0 ], [ 280500.0, 4158500.0 ], [ 280500.0, 4158477.92 ], [ 280499.98, 4158477.91 ], [ 280499.89, 4158477.88 ], [ 280499.8, 4158477.84 ], [ 280499.71, 4158477.79 ], [ 280499.63, 4158477.74 ], [ 280499.56, 4158477.67 ], [ 280499.51, 4158477.63 ], [ 280495.73, 4158477.63 ], [ 280494.71, 4158477.2 ], [ 280492.55, 4158475.05 ], [ 280492.13, 4158474.03 ], [ 280492.13, 4158471.47 ], [ 280492.44, 4158470.57 ], [ 280491.9, 4158469.33 ], [ 280491.86, 4158469.24 ], [ 280491.84, 4158469.15 ], [ 280491.82, 4158469.05 ], [ 280491.81, 4158468.95 ], [ 280491.82, 4158468.85 ], [ 280491.83, 4158468.76 ], [ 280491.85, 4158468.66 ], [ 280491.88, 4158468.57 ], [ 280491.92, 4158468.48 ], [ 280491.97, 4158468.39 ], [ 280492.03, 4158468.31 ], [ 280492.09, 4158468.24 ], [ 280492.16, 4158468.17 ], [ 280492.24, 4158468.11 ], [ 280492.32, 4158468.06 ], [ 280492.41, 4158468.01 ], [ 280493.86, 4158467.38 ], [ 280493.14, 4158465.75 ], [ 280493.1, 4158465.66 ], [ 280493.08, 4158465.56 ], [ 280493.06, 4158465.46 ], [ 280493.05, 4158465.37 ], [ 280493.06, 4158465.27 ], [ 280493.07, 4158465.17 ], [ 280493.09, 4158465.07 ], [ 280493.12, 4158464.98 ], [ 280493.16, 4158464.89 ], [ 280493.21, 4158464.81 ], [ 280493.27, 4158464.73 ], [ 280493.33, 4158464.65 ], [ 280493.4, 4158464.58 ], [ 280493.48, 4158464.52 ], [ 280493.56, 4158464.47 ], [ 280493.65, 4158464.43 ], [ 280498.61, 4158462.24 ], [ 280498.71, 4158462.21 ], [ 280498.8, 4158462.18 ], [ 280498.9, 4158462.16 ], [ 280498.99, 4158462.16 ], [ 280499.09, 4158462.16 ], [ 280499.19, 4158462.17 ], [ 280499.29, 4158462.19 ], [ 280499.38, 4158462.22 ], [ 280499.47, 4158462.26 ], [ 280499.55, 4158462.31 ], [ 280499.63, 4158462.37 ], [ 280499.71, 4158462.43 ], [ 280499.78, 4158462.5 ], [ 280499.84, 4158462.58 ], [ 280499.89, 4158462.66 ], [ 280499.93, 4158462.75 ], [ 280500.0, 4158462.91 ], [ 280500.0, 4158456.02 ], [ 280488.66, 4158461.58 ], [ 280488.49, 4158461.65 ] ] ], [ [ [ 280336.24, 4158496.6 ], [ 280336.9, 4158495.02 ], [ 280337.22, 4158494.54 ], [ 280341.45, 4158490.31 ], [ 280341.75, 4158490.08 ], [ 280342.71, 4158489.51 ], [ 280343.06, 4158489.36 ], [ 280348.92, 4158487.68 ], [ 280348.89, 4158487.62 ], [ 280348.86, 4158487.52 ], [ 280348.84, 4158487.43 ], [ 280348.83, 4158487.33 ], [ 280348.83, 4158487.23 ], [ 280348.84, 4158487.13 ], [ 280348.86, 4158487.04 ], [ 280348.88, 4158486.94 ], [ 280348.92, 4158486.85 ], [ 280348.96, 4158486.77 ], [ 280349.02, 4158486.68 ], [ 280349.08, 4158486.61 ], [ 280349.15, 4158486.54 ], [ 280349.22, 4158486.47 ], [ 280349.3, 4158486.42 ], [ 280349.39, 4158486.37 ], [ 280355.71, 4158483.23 ], [ 280355.8, 4158483.19 ], [ 280355.89, 4158483.16 ], [ 280355.99, 4158483.14 ], [ 280356.09, 4158483.13 ], [ 280356.19, 4158483.12 ], [ 280356.29, 4158483.13 ], [ 280356.38, 4158483.15 ], [ 280356.48, 4158483.18 ], [ 280356.57, 4158483.21 ], [ 280356.66, 4158483.26 ], [ 280356.74, 4158483.31 ], [ 280356.82, 4158483.37 ], [ 280356.89, 4158483.44 ], [ 280356.95, 4158483.52 ], [ 280357.01, 4158483.6 ], [ 280357.02, 4158483.62 ], [ 280360.56, 4158481.89 ], [ 280360.65, 4158481.86 ], [ 280360.75, 4158481.83 ], [ 280360.84, 4158481.81 ], [ 280360.94, 4158481.8 ], [ 280361.04, 4158481.79 ], [ 280361.14, 4158481.8 ], [ 280361.23, 4158481.82 ], [ 280361.33, 4158481.85 ], [ 280361.42, 4158481.88 ], [ 280361.5, 4158481.93 ], [ 280361.59, 4158481.98 ], [ 280361.66, 4158482.04 ], [ 280361.73, 4158482.11 ], [ 280361.8, 4158482.19 ], [ 280361.85, 4158482.27 ], [ 280361.9, 4158482.35 ], [ 280362.28, 4158483.14 ], [ 280363.49, 4158481.83 ], [ 280368.91, 4158454.73 ], [ 280369.06, 4158454.32 ], [ 280369.67, 4158453.18 ], [ 280369.93, 4158452.83 ], [ 280374.04, 4158448.71 ], [ 280374.53, 4158448.39 ], [ 280376.1, 4158447.74 ], [ 280376.67, 4158447.63 ], [ 280381.79, 4158447.63 ], [ 280384.7, 4158445.35 ], [ 280385.31, 4158442.93 ], [ 280323.74, 4158472.69 ], [ 280294.13, 4158488.85 ], [ 280294.13, 4158500.0 ], [ 280336.13, 4158500.0 ], [ 280336.13, 4158497.16 ], [ 280336.24, 4158496.6 ] ] ] ] } },
{ "type": "Feature", "properties": { "id": "richmond_structure:260744", "name": null, "kind": "deck", "sport": null, "surface": null, "pitch_layout": null, "source": "richmond_structures", "source_updated": "2026-09-08T12:07:13.637000Z", "base_z": null, "top_z": null }, "geometry": { "type": "Polygon", "coordinates": [ [ [ 280488.45, 4158250.0 ], [ 280483.77, 4158250.0 ], [ 280484.46, 4158251.81 ], [ 280488.45, 4158250.0 ] ] ] } },
{ "type": "Feature", "properties": { "id": "richmond_structure:409957", "name": null, "kind": "deck", "sport": null, "surface": null, "pitch_layout": null, "source": "richmond_structures", "source_updated": "2026-09-08T12:07:13.637000Z", "base_z": null, "top_z": null }, "geometry": { "type": "Polygon", "coordinates": [ [ [ 280469.24, 4158252.59 ], [ 280469.48, 4158250.0 ], [ 280464.97, 4158250.0 ], [ 280466.46, 4158253.01 ], [ 280463.52, 4158254.46 ], [ 280465.87, 4158258.57 ], [ 280470.97, 4158255.68 ], [ 280469.88, 4158254.65 ], [ 280469.24, 4158252.59 ] ] ] } },
{ "type": "Feature", "properties": { "id": "richmond_structure:409951", "name": null, "kind": "deck", "sport": null, "surface": null, "pitch_layout": null, "source": "richmond_structures", "source_updated": "2026-09-08T12:07:13.637000Z", "base_z": null, "top_z": null }, "geometry": { "type": "Polygon", "coordinates": [ [ [ 280487.81, 4158260.98 ], [ 280495.04, 4158258.18 ], [ 280492.03, 4158251.31 ], [ 280484.77, 4158254.05 ], [ 280487.81, 4158260.98 ] ] ] } },
{ "type": "Feature", "properties": { "id": "imagery:groundcover_paved:2092", "name": null, "kind": "groundcover_paved", "sport": null, "surface": null, "pitch_layout": null, "source": "vgin_vbmp+naip+lidar2025", "source_updated": null, "base_z": null, "top_z": null }, "geometry": { "type": "Polygon", "coordinates": [ [ [ 280492.13, 4158263.9 ], [ 280492.13, 4158266.46 ], [ 280492.33, 4158266.6 ], [ 280500.0, 4158263.01 ], [ 280500.0, 4158255.63 ], [ 280498.73, 4158255.63 ], [ 280497.71, 4158255.2 ], [ 280495.55, 4158253.05 ], [ 280495.13, 4158252.03 ], [ 280495.13, 4158250.0 ], [ 280492.4, 4158250.0 ], [ 280489.22, 4158251.4 ], [ 280488.76, 4158251.58 ], [ 280488.29, 4158251.71 ], [ 280487.84, 4158251.78 ], [ 280486.71, 4158256.29 ], [ 280487.17, 4158257.28 ], [ 280487.33, 4158257.45 ], [ 280487.64, 4158257.83 ], [ 280487.91, 4158258.24 ], [ 280488.13, 4158258.68 ], [ 280488.31, 4158259.14 ], [ 280488.55, 4158259.83 ], [ 280490.1, 4158260.61 ], [ 280490.69, 4158261.15 ], [ 280491.91, 4158263.12 ], [ 280492.13, 4158263.9 ] ] ] } },
{ "type": "Feature", "properties": { "id": "richmond_structure:409954", "name": null, "kind": "deck", "sport": null, "surface": null, "pitch_layout": null, "source": "richmond_structures", "source_updated": "2026-09-08T12:07:13.637000Z", "base_z": null, "top_z": null }, "geometry": { "type": "Polygon", "coordinates": [ [ [ 280497.39, 4158278.99 ], [ 280498.86, 4158278.26 ], [ 280498.07, 4158276.66 ], [ 280496.6, 4158277.39 ], [ 280497.39, 4158278.99 ] ] ] } },
{ "type": "Feature", "properties": { "id": "richmond_structure:409955", "name": null, "kind": "deck", "sport": null, "surface": null, "pitch_layout": null, "source": "richmond_structures", "source_updated": "2026-09-08T12:07:13.637000Z", "base_z": null, "top_z": null }, "geometry": { "type": "Polygon", "coordinates": [ [ [ 280499.08, 4158282.18 ], [ 280500.0, 4158281.76 ], [ 280500.0, 4158280.94 ], [ 280499.54, 4158279.94 ], [ 280498.3, 4158280.51 ], [ 280499.08, 4158282.18 ] ] ] } },
{ "type": "Feature", "properties": { "id": "richmond_structure:409956", "name": null, "kind": "deck", "sport": null, "surface": null, "pitch_layout": null, "source": "richmond_structures", "source_updated": "2026-09-08T12:07:13.637000Z", "base_z": null, "top_z": null }, "geometry": { "type": "Polygon", "coordinates": [ [ [ 280473.99, 4158306.47 ], [ 280482.74, 4158302.59 ], [ 280481.51, 4158299.81 ], [ 280472.75, 4158303.69 ], [ 280473.99, 4158306.47 ] ] ] } },
{ "type": "Feature", "properties": { "id": "richmond_structure:260917", "name": null, "kind": "deck", "sport": null, "surface": null, "pitch_layout": null, "source": "richmond_structures", "source_updated": "2026-09-08T12:07:13.637000Z", "base_z": null, "top_z": null }, "geometry": { "type": "Polygon", "coordinates": [ [ [ 280480.1, 4158408.18 ], [ 280477.02, 4158401.6 ], [ 280467.82, 4158405.93 ], [ 280468.32, 4158406.97 ], [ 280474.0, 4158404.3 ], [ 280476.57, 4158409.79 ], [ 280480.1, 4158408.18 ] ] ] } },
{ "type": "Feature", "properties": { "id": "richmond_structure:409943", "name": null, "kind": "deck", "sport": null, "surface": null, "pitch_layout": null, "source": "richmond_structures", "source_updated": "2026-09-08T12:07:13.637000Z", "base_z": null, "top_z": null }, "geometry": { "type": "Polygon", "coordinates": [ [ [ 280492.31, 4158415.76 ], [ 280499.09, 4158412.55 ], [ 280496.61, 4158407.32 ], [ 280489.84, 4158410.54 ], [ 280492.31, 4158415.76 ] ] ] } },
{ "type": "Feature", "properties": { "id": "richmond_structure:409959", "name": null, "kind": "deck", "sport": null, "surface": null, "pitch_layout": null, "source": "richmond_structures", "source_updated": "2026-09-08T12:07:13.637000Z", "base_z": null, "top_z": null }, "geometry": { "type": "Polygon", "coordinates": [ [ [ 280406.41, 4158295.6 ], [ 280410.08, 4158293.81 ], [ 280405.39, 4158284.21 ], [ 280401.6, 4158285.74 ], [ 280406.41, 4158295.6 ] ] ] } },
{ "type": "Feature", "properties": { "id": "imagery:groundcover_paved:2059", "name": null, "kind": "groundcover_paved", "sport": null, "surface": null, "pitch_layout": null, "source": "vgin_vbmp+naip+lidar2025", "source_updated": null, "base_z": null, "top_z": null }, "geometry": { "type": "Polygon", "coordinates": [ [ [ 280347.9, 4158299.97 ], [ 280348.38, 4158299.87 ], [ 280348.87, 4158299.82 ], [ 280349.36, 4158299.82 ], [ 280349.85, 4158299.87 ], [ 280350.33, 4158299.96 ], [ 280350.8, 4158300.11 ], [ 280351.25, 4158300.29 ], [ 280351.68, 4158300.52 ], [ 280352.05, 4158300.77 ], [ 280352.11, 4158300.39 ], [ 280352.23, 4158299.91 ], [ 280352.39, 4158299.45 ], [ 280352.6, 4158299.0 ], [ 280352.85, 4158298.58 ], [ 280353.15, 4158298.19 ], [ 280353.48, 4158297.83 ], [ 280353.84, 4158297.5 ], [ 280354.23, 4158297.2 ], [ 280354.65, 4158296.95 ], [ 280363.13, 4158292.41 ], [ 280363.13, 4158291.63 ], [ 280360.13, 4158288.63 ], [ 280351.84, 4158288.63 ], [ 280350.5, 4158288.94 ], [ 280347.18, 4158290.6 ], [ 280345.58, 4158293.87 ], [ 280346.87, 4158300.34 ], [ 280346.98, 4158300.3 ], [ 280347.43, 4158300.11 ], [ 280347.9, 4158299.97 ] ] ] } },
{ "type": "Feature", "properties": { "id": "richmond_structure:260353", "name": null, "kind": "deck", "sport": null, "surface": null, "pitch_layout": null, "source": "richmond_structures", "source_updated": "2026-09-08T12:07:13.637000Z", "base_z": null, "top_z": null }, "geometry": { "type": "Polygon", "coordinates": [ [ [ 280401.21, 4158295.82 ], [ 280399.89, 4158292.88 ], [ 280396.66, 4158294.42 ], [ 280398.14, 4158297.53 ], [ 280401.21, 4158295.82 ] ] ] } },
{ "type": "Feature", "properties": { "id": "richmond_structure:262825", "name": null, "kind": "deck", "sport": null, "surface": null, "pitch_layout": null, "source": "richmond_structures", "source_updated": "2026-09-08T12:07:13.637000Z", "base_z": null, "top_z": null }, "geometry": { "type": "Polygon", "coordinates": [ [ [ 280383.56, 4158300.04 ], [ 280383.97, 4158300.88 ], [ 280388.18, 4158299.39 ], [ 280386.56, 4158295.17 ], [ 280382.99, 4158296.86 ], [ 280384.33, 4158299.68 ], [ 280383.56, 4158300.04 ] ] ] } },
{ "type": "Feature", "properties": { "id": "richmond_structure:409960", "name": null, "kind": "deck", "sport": null, "surface": null, "pitch_layout": null, "source": "richmond_structures", "source_updated": "2026-09-08T12:07:13.637000Z", "base_z": null, "top_z": null }, "geometry": { "type": "Polygon", "coordinates": [ [ [ 280395.15, 4158303.14 ], [ 280399.69, 4158300.97 ], [ 280398.42, 4158298.3 ], [ 280393.88, 4158300.47 ], [ 280395.15, 4158303.14 ] ] ] } },
{ "type": "Feature", "properties": { "id": "richmond_structure:262304", "name": null, "kind": "deck", "sport": null, "surface": null, "pitch_layout": null, "source": "richmond_structures", "source_updated": "2026-09-08T12:07:13.637000Z", "base_z": null, "top_z": null }, "geometry": { "type": "Polygon", "coordinates": [ [ [ 280375.21, 4158308.66 ], [ 280373.65, 4158305.19 ], [ 280369.54, 4158307.52 ], [ 280371.22, 4158310.58 ], [ 280375.21, 4158308.66 ] ] ] } },
{ "type": "Feature", "properties": { "id": "richmond_structure:262707", "name": null, "kind": "deck", "sport": null, "surface": null, "pitch_layout": null, "source": "richmond_structures", "source_updated": "2026-09-08T12:07:13.637000Z", "base_z": null, "top_z": null }, "geometry": { "type": "Polygon", "coordinates": [ [ [ 280367.67, 4158305.11 ], [ 280365.69, 4158306.17 ], [ 280367.72, 4158309.97 ], [ 280363.6, 4158312.18 ], [ 280364.91, 4158314.9 ], [ 280368.44, 4158313.1 ], [ 280369.54, 4158311.38 ], [ 280371.2, 4158310.82 ], [ 280369.54, 4158307.52 ], [ 280369.09, 4158307.76 ], [ 280367.67, 4158305.11 ] ] ] } },
{ "type": "Feature", "properties": { "id": "imagery:groundcover_paved:2066", "name": null, "kind": "groundcover_paved", "sport": null, "surface": null, "pitch_layout": null, "source": "vgin_vbmp+naip+lidar2025", "source_updated": null, "base_z": null, "top_z": null }, "geometry": { "type": "Polygon", "coordinates": [ [ [ 280306.13, 4158322.77 ], [ 280306.13, 4158309.08 ], [ 280294.13, 4158314.89 ], [ 280294.13, 4158325.77 ], [ 280298.47, 4158328.45 ], [ 280304.47, 4158325.45 ], [ 280306.13, 4158322.77 ] ] ] } },
{ "type": "Feature", "properties": { "id": "imagery:groundcover_paved:2047", "name": null, "kind": "groundcover_paved", "sport": null, "surface": null, "pitch_layout": null, "source": "vgin_vbmp+naip+lidar2025", "source_updated": null, "base_z": null, "top_z": null }, "geometry": { "type": "Polygon", "coordinates": [ [ [ 280408.7, 4158339.12 ], [ 280409.18, 4158339.03 ], [ 280409.36, 4158339.02 ], [ 280409.56, 4158338.82 ], [ 280409.96, 4158338.52 ], [ 280410.38, 4158338.25 ], [ 280410.82, 4158338.02 ], [ 280411.13, 4158337.89 ], [ 280411.13, 4158334.22 ], [ 280411.55, 4158333.2 ], [ 280413.71, 4158331.05 ], [ 280414.52, 4158330.71 ], [ 280416.28, 4158327.21 ], [ 280414.77, 4158321.19 ], [ 280411.84, 4158318.91 ], [ 280408.94, 4158321.22 ], [ 280408.63, 4158322.54 ], [ 280406.04, 4158325.13 ], [ 280404.44, 4158325.5 ], [ 280402.13, 4158328.42 ], [ 280402.13, 4158341.93 ], [ 280407.77, 4158339.43 ], [ 280408.23, 4158339.25 ], [ 280408.7, 4158339.12 ] ] ] } },
{ "type": "Feature", "properties": { "id": "richmond_structure:260532", "name": null, "kind": "deck", "sport": null, "surface": null, "pitch_layout": null, "source": "richmond_structures", "source_updated": "2026-09-08T12:07:13.637000Z", "base_z": null, "top_z": null }, "geometry": { "type": "Polygon", "coordinates": [ [ [ 280406.8, 4158340.67 ], [ 280403.0, 4158341.74 ], [ 280401.59, 4158343.12 ], [ 280403.53, 4158349.27 ], [ 280405.26, 4158348.4 ], [ 280404.22, 4158346.2 ], [ 280408.15, 4158344.99 ], [ 280406.8, 4158340.67 ] ] ] } },
{ "type": "Feature", "properties": { "id": "richmond_structure:409958", "name": null, "kind": "deck", "sport": null, "surface": null, "pitch_layout": null, "source": "richmond_structures", "source_updated": "2026-09-08T12:07:13.637000Z", "base_z": null, "top_z": null }, "geometry": { "type": "Polygon", "coordinates": [ [ [ 280432.15, 4158278.95 ], [ 280431.25, 4158277.43 ], [ 280429.35, 4158278.39 ], [ 280428.03, 4158275.76 ], [ 280424.12, 4158277.72 ], [ 280426.0, 4158281.48 ], [ 280428.35, 4158282.2 ], [ 280427.67, 4158284.43 ], [ 280430.13, 4158284.89 ], [ 280434.6, 4158280.19 ], [ 280433.62, 4158278.23 ], [ 280432.15, 4158278.95 ] ] ] } },
{ "type": "Feature", "properties": { "id": "richmond_structure:409961", "name": null, "kind": "deck", "sport": null, "surface": null, "pitch_layout": null, "source": "richmond_structures", "source_updated": "2026-09-08T12:07:13.637000Z", "base_z": null, "top_z": null }, "geometry": { "type": "Polygon", "coordinates": [ [ [ 280435.69, 4158308.16 ], [ 280434.17, 4158304.95 ], [ 280429.16, 4158307.32 ], [ 280428.44, 4158305.79 ], [ 280424.43, 4158307.69 ], [ 280426.8, 4158312.7 ], [ 280429.24, 4158311.55 ], [ 280432.12, 4158312.08 ], [ 280431.26, 4158310.25 ], [ 280435.69, 4158308.16 ] ] ] } },
{ "type": "Feature", "properties": { "id": "richmond_structure:260525", "name": null, "kind": "deck", "sport": null, "surface": null, "pitch_layout": null, "source": "richmond_structures", "source_updated": "2026-09-08T12:07:13.637000Z", "base_z": null, "top_z": null }, "geometry": { "type": "Polygon", "coordinates": [ [ [ 280439.73, 4158321.33 ], [ 280440.04, 4158323.3 ], [ 280441.84, 4158324.66 ], [ 280444.17, 4158324.32 ], [ 280442.17, 4158319.71 ], [ 280439.93, 4158320.68 ], [ 280439.73, 4158321.33 ] ] ] } },
{ "type": "Feature", "properties": { "id": "richmond_structure:424822", "name": null, "kind": "deck", "sport": null, "surface": null, "pitch_layout": null, "source": "richmond_structures", "source_updated": "2026-09-08T12:07:13.637000Z", "base_z": null, "top_z": null }, "geometry": { "type": "Polygon", "coordinates": [ [ [ 280457.42, 4158335.2 ], [ 280456.36, 4158332.8 ], [ 280453.49, 4158334.05 ], [ 280454.53, 4158336.5 ], [ 280457.42, 4158335.2 ] ] ] } },
{ "type": "Feature", "properties": { "id": "richmond_structure:409962", "name": null, "kind": "deck", "sport": null, "surface": null, "pitch_layout": null, "source": "richmond_structures", "source_updated": "2026-09-08T12:07:13.637000Z", "base_z": null, "top_z": null }, "geometry": { "type": "Polygon", "coordinates": [ [ [ 280418.83, 4158338.14 ], [ 280417.1, 4158338.92 ], [ 280416.58, 4158337.77 ], [ 280416.15, 4158337.96 ], [ 280415.25, 4158335.97 ], [ 280411.89, 4158337.48 ], [ 280412.89, 4158339.68 ], [ 280412.49, 4158339.86 ], [ 280414.57, 4158344.48 ], [ 280422.22, 4158341.04 ], [ 280421.65, 4158339.77 ], [ 280418.83, 4158338.14 ] ] ] } },
{ "type": "Feature", "properties": { "id": "imagery:groundcover_bare:2020", "name": null, "kind": "groundcover_bare", "sport": null, "surface": null, "pitch_layout": null, "source": "vgin_vbmp+naip+lidar2025", "source_updated": null, "base_z": null, "top_z": null }, "geometry": { "type": "Polygon", "coordinates": [ [ [ 280443.03, 4158371.17 ], [ 280443.12, 4158371.14 ], [ 280443.22, 4158371.12 ], [ 280443.32, 4158371.1 ], [ 280443.42, 4158371.1 ], [ 280443.52, 4158371.11 ], [ 280443.61, 4158371.13 ], [ 280443.71, 4158371.16 ], [ 280443.8, 4158371.19 ], [ 280443.89, 4158371.24 ], [ 280443.97, 4158371.29 ], [ 280444.05, 4158371.36 ], [ 280444.12, 4158371.42 ], [ 280444.18, 4158371.5 ], [ 280444.24, 4158371.58 ], [ 280444.28, 4158371.67 ], [ 280445.92, 4158375.07 ], [ 280447.89, 4158373.74 ], [ 280448.1, 4158373.21 ], [ 280446.81, 4158370.23 ], [ 280446.77, 4158370.14 ], [ 280446.75, 4158370.04 ], [ 280446.73, 4158369.95 ], [ 280446.72, 4158369.85 ], [ 280446.73, 4158369.75 ], [ 280446.74, 4158369.65 ], [ 280446.76, 4158369.56 ], [ 280446.8, 4158369.46 ], [ 280446.84, 4158369.37 ], [ 280446.89, 4158369.29 ], [ 280446.94, 4158369.21 ], [ 280447.01, 4158369.13 ], [ 280447.08, 4158369.07 ], [ 280447.16, 4158369.01 ], [ 280447.24, 4158368.96 ], [ 280447.33, 4158368.91 ], [ 280449.54, 4158367.97 ], [ 280449.36, 4158367.56 ], [ 280449.33, 4158367.47 ], [ 280449.3, 4158367.38 ], [ 280449.29, 4158367.28 ], [ 280449.28, 4158367.18 ], [ 280449.28, 4158367.08 ], [ 280449.3, 4158366.99 ], [ 280449.32, 4158366.89 ], [ 280449.35, 4158366.8 ], [ 280449.39, 4158366.71 ], [ 280449.44, 4158366.62 ], [ 280449.5, 4158366.54 ], [ 280449.56, 4158366.47 ], [ 280449.64, 4158366.4 ], [ 280449.71, 4158366.34 ], [ 280449.8, 4158366.29 ], [ 280449.89, 4158366.25 ], [ 280450.77, 4158365.87 ], [ 280447.44, 4158362.05 ], [ 280447.21, 4158362.11 ], [ 280430.34, 4158370.27 ], [ 280431.45, 4158373.57 ], [ 280434.15, 4158375.53 ], [ 280442.94, 4158371.2 ], [ 280443.03, 4158371.17 ] ] ] } },
{ "type": "Feature", "properties": { "id": "richmond_structure:263183", "name": null, "kind": "deck", "sport": null, "surface": null, "pitch_layout": null, "source": "richmond_structures", "source_updated": "2026-09-08T12:07:13.637000Z", "base_z": null, "top_z": null }, "geometry": { "type": "Polygon", "coordinates": [ [ [ 280427.01, 4158391.84 ], [ 280427.51, 4158392.85 ], [ 280432.06, 4158390.66 ], [ 280430.26, 4158387.55 ], [ 280425.46, 4158389.87 ], [ 280426.55, 4158392.13 ], [ 280427.01, 4158391.84 ] ] ] } },
{ "type": "Feature", "properties": { "id": "richmond_structure:260916", "name": null, "kind": "deck", "sport": null, "surface": null, "pitch_layout": null, "source": "richmond_structures", "source_updated": "2026-09-08T12:07:13.637000Z", "base_z": null, "top_z": null }, "geometry": { "type": "Polygon", "coordinates": [ [ [ 280427.76, 4158405.48 ], [ 280429.36, 4158408.4 ], [ 280433.94, 4158406.07 ], [ 280432.6, 4158403.13 ], [ 280427.76, 4158405.48 ] ] ] } },
{ "type": "Feature", "properties": { "id": "richmond_structure:272488", "name": null, "kind": "deck", "sport": null, "surface": null, "pitch_layout": null, "source": "richmond_structures", "source_updated": "2026-09-08T12:07:13.637000Z", "base_z": null, "top_z": null }, "geometry": { "type": "Polygon", "coordinates": [ [ [ 280456.6, 4158410.11 ], [ 280456.95, 4158410.84 ], [ 280457.3, 4158410.68 ], [ 280459.83, 4158415.88 ], [ 280461.23, 4158415.2 ], [ 280459.89, 4158412.65 ], [ 280464.82, 4158410.23 ], [ 280463.4, 4158407.26 ], [ 280456.6, 4158410.11 ] ] ] } },
{ "type": "Feature", "properties": { "id": "richmond_structure:424808", "name": null, "kind": "deck", "sport": null, "surface": null, "pitch_layout": null, "source": "richmond_structures", "source_updated": "2026-09-08T12:07:13.637000Z", "base_z": null, "top_z": null }, "geometry": { "type": "Polygon", "coordinates": [ [ [ 280443.41, 4158425.54 ], [ 280444.38, 4158425.07 ], [ 280440.64, 4158417.83 ], [ 280435.28, 4158420.54 ], [ 280439.12, 4158427.9 ], [ 280440.36, 4158427.23 ], [ 280438.82, 4158423.89 ], [ 280441.98, 4158422.43 ], [ 280443.41, 4158425.54 ] ] ] } },
{ "type": "Feature", "properties": { "id": "richmond_structure:260658", "name": null, "kind": "deck", "sport": null, "surface": null, "pitch_layout": null, "source": "richmond_structures", "source_updated": "2026-09-08T12:07:13.637000Z", "base_z": null, "top_z": null }, "geometry": { "type": "Polygon", "coordinates": [ [ [ 280393.67, 4158354.12 ], [ 280398.57, 4158351.84 ], [ 280397.16, 4158348.78 ], [ 280392.21, 4158351.49 ], [ 280393.67, 4158354.12 ] ] ] } },
{ "type": "Feature", "properties": { "id": "richmond_structure:260918", "name": null, "kind": "deck", "sport": null, "surface": null, "pitch_layout": null, "source": "richmond_structures", "source_updated": "2026-09-08T12:07:13.637000Z", "base_z": null, "top_z": null }, "geometry": { "type": "Polygon", "coordinates": [ [ [ 280381.1, 4158414.78 ], [ 280382.8, 4158417.76 ], [ 280392.34, 4158412.78 ], [ 280390.47, 4158409.45 ], [ 280385.02, 4158412.24 ], [ 280385.24, 4158412.66 ], [ 280381.1, 4158414.78 ] ] ] } },
{ "type": "Feature", "properties": { "id": "richmond_structure:409942", "name": null, "kind": "deck", "sport": null, "surface": null, "pitch_layout": null, "source": "richmond_structures", "source_updated": "2026-09-08T12:07:13.637000Z", "base_z": null, "top_z": null }, "geometry": { "type": "Polygon", "coordinates": [ [ [ 280353.31, 4158431.21 ], [ 280360.67, 4158427.66 ], [ 280359.02, 4158424.23 ], [ 280351.66, 4158427.78 ], [ 280353.31, 4158431.21 ] ] ] } },
{ "type": "Feature", "properties": { "id": "imagery:groundcover_paved:1988", "name": null, "kind": "groundcover_paved", "sport": null, "surface": null, "pitch_layout": null, "source": "vgin_vbmp+naip+lidar2025", "source_updated": null, "base_z": null, "top_z": null }, "geometry": { "type": "Polygon", "coordinates": [ [ [ 280396.13, 4158458.09 ], [ 280396.13, 4158449.47 ], [ 280396.29, 4158448.81 ], [ 280397.17, 4158447.04 ], [ 280397.61, 4158446.52 ], [ 280405.67, 4158440.47 ], [ 280403.16, 4158435.59 ], [ 280402.95, 4158435.15 ], [ 280402.79, 4158434.68 ], [ 280402.75, 4158434.5 ], [ 280382.7, 4158444.19 ], [ 280381.64, 4158450.59 ], [ 280381.14, 4158451.46 ], [ 280379.0, 4158453.28 ], [ 280378.06, 4158453.63 ], [ 280371.39, 4158453.63 ], [ 280368.51, 4158455.8 ], [ 280363.39, 4158473.73 ], [ 280363.42, 4158475.51 ], [ 280364.02, 4158477.29 ], [ 280364.93, 4158477.56 ], [ 280372.85, 4158473.77 ], [ 280373.03, 4158473.33 ], [ 280373.26, 4158472.9 ], [ 280373.54, 4158472.49 ], [ 280373.85, 4158472.11 ], [ 280374.2, 4158471.76 ], [ 280374.58, 4158471.45 ], [ 280374.98, 4158471.18 ], [ 280375.42, 4158470.94 ], [ 280387.08, 4158465.43 ], [ 280387.53, 4158465.24 ], [ 280388.0, 4158465.1 ], [ 280388.13, 4158465.07 ], [ 280388.28, 4158464.95 ], [ 280388.69, 4158464.68 ], [ 280389.13, 4158464.46 ], [ 280397.26, 4158460.75 ], [ 280397.22, 4158460.71 ], [ 280396.9, 4158460.23 ], [ 280396.24, 4158458.66 ], [ 280396.13, 4158458.09 ] ] ] } },
{ "type": "Feature", "properties": { "id": "richmond_structure:409940", "name": null, "kind": "deck", "sport": null, "surface": null, "pitch_layout": null, "source": "richmond_structures", "source_updated": "2026-09-08T12:07:13.637000Z", "base_z": null, "top_z": null }, "geometry": { "type": "Polygon", "coordinates": [ [ [ 280388.24, 4158466.98 ], [ 280380.56, 4158470.71 ], [ 280382.53, 4158474.77 ], [ 280386.85, 4158472.67 ], [ 280386.32, 4158471.59 ], [ 280389.68, 4158469.96 ], [ 280388.24, 4158466.98 ] ] ] } },
{ "type": "Feature", "properties": { "id": "richmond_structure:409941", "name": null, "kind": "deck", "sport": null, "surface": null, "pitch_layout": null, "source": "richmond_structures", "source_updated": "2026-09-08T12:07:13.637000Z", "base_z": null, "top_z": null }, "geometry": { "type": "Polygon", "coordinates": [ [ [ 280371.6, 4158479.91 ], [ 280374.6, 4158478.47 ], [ 280372.93, 4158474.98 ], [ 280369.93, 4158476.42 ], [ 280371.6, 4158479.91 ] ] ] } },
{ "type": "Feature", "properties": { "id": "imagery:groundcover_bare:1992", "name": null, "kind": "groundcover_bare", "sport": null, "surface": null, "pitch_layout": null, "source": "vgin_vbmp+naip+lidar2025", "source_updated": null, "base_z": null, "top_z": null }, "geometry": { "type": "Polygon", "coordinates": [ [ [ 280479.63, 4158425.14 ], [ 280478.38, 4158422.51 ], [ 280478.34, 4158422.42 ], [ 280478.31, 4158422.33 ], [ 280478.3, 4158422.23 ], [ 280478.29, 4158422.13 ], [ 280478.28, 4158422.03 ], [ 280478.29, 4158421.94 ], [ 280478.31, 4158421.84 ], [ 280478.34, 4158421.75 ], [ 280478.38, 4158421.65 ], [ 280478.42, 4158421.57 ], [ 280478.48, 4158421.49 ], [ 280478.54, 4158421.41 ], [ 280478.61, 4158421.34 ], [ 280478.69, 4158421.28 ], [ 280478.77, 4158421.22 ], [ 280478.85, 4158421.18 ], [ 280484.74, 4158418.38 ], [ 280484.83, 4158418.34 ], [ 280484.92, 4158418.31 ], [ 280485.02, 4158418.29 ], [ 280485.12, 4158418.28 ], [ 280485.22, 4158418.28 ], [ 280485.31, 4158418.29 ], [ 280485.41, 4158418.31 ], [ 280485.5, 4158418.34 ], [ 280485.59, 4158418.38 ], [ 280485.68, 4158418.42 ], [ 280485.76, 4158418.48 ], [ 280485.84, 4158418.54 ], [ 280485.91, 4158418.61 ], [ 280485.97, 4158418.68 ], [ 280486.02, 4158418.76 ], [ 280486.07, 4158418.85 ], [ 280488.08, 4158423.05 ], [ 280488.68, 4158422.7 ], [ 280488.18, 4158421.57 ], [ 280488.14, 4158421.48 ], [ 280488.12, 4158421.39 ], [ 280488.1, 4158421.29 ], [ 280488.09, 4158421.19 ], [ 280488.09, 4158421.09 ], [ 280488.11, 4158421.0 ], [ 280488.13, 4158420.9 ], [ 280488.16, 4158420.81 ], [ 280488.2, 4158420.72 ], [ 280488.25, 4158420.63 ], [ 280488.3, 4158420.55 ], [ 280488.37, 4158420.48 ], [ 280488.44, 4158420.41 ], [ 280488.52, 4158420.35 ], [ 280488.6, 4158420.29 ], [ 280488.69, 4158420.25 ], [ 280492.13, 4158418.73 ], [ 280492.13, 4158417.26 ], [ 280491.0, 4158414.75 ], [ 280490.97, 4158414.66 ], [ 280490.94, 4158414.56 ], [ 280490.93, 4158414.46 ], [ 280490.92, 4158414.37 ], [ 280490.92, 4158414.27 ], [ 280490.93, 4158414.17 ], [ 280490.94, 4158414.15 ], [ 280488.64, 4158412.21 ], [ 280477.19, 4158414.12 ], [ 280474.74, 4158417.66 ], [ 280476.3, 4158425.45 ], [ 280477.68, 4158426.06 ], [ 280479.63, 4158425.14 ] ] ] } },
{ "type": "Feature", "properties": { "id": "richmond_structure:262679", "name": null, "kind": "deck", "sport": null, "surface": null, "pitch_layout": null, "source": "richmond_structures", "source_updated": "2026-09-08T12:07:13.637000Z", "base_z": null, "top_z": null }, "geometry": { "type": "Polygon", "coordinates": [ [ [ 280479.4, 4158422.96 ], [ 280481.16, 4158426.98 ], [ 280487.11, 4158424.14 ], [ 280485.32, 4158420.31 ], [ 280484.07, 4158420.63 ], [ 280479.4, 4158422.96 ] ] ] } },
{ "type": "Feature", "properties": { "id": "richmond_structure:260920", "name": null, "kind": "deck", "sport": null, "surface": null, "pitch_layout": null, "source": "richmond_structures", "source_updated": "2026-09-08T12:07:13.637000Z", "base_z": null, "top_z": null }, "geometry": { "type": "Polygon", "coordinates": [ [ [ 280464.04, 4158424.69 ], [ 280464.16, 4158426.14 ], [ 280465.67, 4158429.15 ], [ 280466.15, 4158428.91 ], [ 280465.89, 4158428.31 ], [ 280470.19, 4158426.24 ], [ 280469.34, 4158425.57 ], [ 280466.35, 4158424.44 ], [ 280464.04, 4158424.69 ] ] ] } },
{ "type": "Feature", "properties": { "id": "richmond_structure:260923", "name": null, "kind": "deck", "sport": null, "surface": null, "pitch_layout": null, "source": "richmond_structures", "source_updated": "2026-09-08T12:07:13.637000Z", "base_z": null, "top_z": null }, "geometry": { "type": "Polygon", "coordinates": [ [ [ 280477.69, 4158439.41 ], [ 280476.83, 4158437.92 ], [ 280471.3, 4158440.62 ], [ 280471.58, 4158442.46 ], [ 280477.69, 4158439.41 ] ] ] } },
{ "type": "Feature", "properties": { "id": "richmond_structure:261127", "name": null, "kind": "deck", "sport": null, "surface": null, "pitch_layout": null, "source": "richmond_structures", "source_updated": "2026-09-08T12:07:13.637000Z", "base_z": null, "top_z": null }, "geometry": { "type": "Polygon", "coordinates": [ [ [ 280470.7, 4158489.93 ], [ 280472.51, 4158493.23 ], [ 280478.86, 4158489.62 ], [ 280476.11, 4158484.01 ], [ 280474.32, 4158484.9 ], [ 280475.61, 4158487.49 ], [ 280470.7, 4158489.93 ] ] ] } },
{ "type": "Feature", "properties": { "id": "richmond_structure:260922", "name": null, "kind": "deck", "sport": null, "surface": null, "pitch_layout": null, "source": "richmond_structures", "source_updated": "2026-09-08T12:07:13.637000Z", "base_z": null, "top_z": null }, "geometry": { "type": "Polygon", "coordinates": [ [ [ 280443.35, 4158437.31 ], [ 280445.56, 4158441.54 ], [ 280451.93, 4158438.46 ], [ 280449.72, 4158433.86 ], [ 280443.35, 4158437.31 ] ] ] } },
{ "type": "Feature", "properties": { "id": "richmond_structure:260924", "name": null, "kind": "deck", "sport": null, "surface": null, "pitch_layout": null, "source": "richmond_structures", "source_updated": "2026-09-08T12:07:13.637000Z", "base_z": null, "top_z": null }, "geometry": { "type": "Polygon", "coordinates": [ [ [ 280461.11, 4158437.52 ], [ 280465.39, 4158445.54 ], [ 280470.11, 4158443.19 ], [ 280469.1, 4158441.69 ], [ 280465.51, 4158443.44 ], [ 280462.35, 4158437.01 ], [ 280461.11, 4158437.52 ] ] ] } },
{ "type": "Feature", "properties": { "id": "richmond_structure:263203", "name": null, "kind": "deck", "sport": null, "surface": null, "pitch_layout": null, "source": "richmond_structures", "source_updated": "2026-09-08T12:07:13.637000Z", "base_z": null, "top_z": null }, "geometry": { "type": "Polygon", "coordinates": [ [ [ 280434.67, 4158443.17 ], [ 280433.48, 4158443.42 ], [ 280433.13, 4158443.88 ], [ 280433.11, 4158444.48 ], [ 280433.87, 4158445.52 ], [ 280435.23, 4158445.57 ], [ 280436.88, 4158448.56 ], [ 280441.25, 4158446.46 ], [ 280438.86, 4158442.33 ], [ 280435.95, 4158444.0 ], [ 280434.67, 4158443.17 ] ] ] } },
{ "type": "Feature", "properties": { "id": "richmond_structure:261133", "name": null, "kind": "deck", "sport": null, "surface": null, "pitch_layout": null, "source": "richmond_structures", "source_updated": "2026-09-08T12:07:13.637000Z", "base_z": null, "top_z": null }, "geometry": { "type": "Polygon", "coordinates": [ [ [ 280426.53, 4158448.51 ], [ 280426.76, 4158448.84 ], [ 280426.15, 4158449.61 ], [ 280425.69, 4158448.94 ], [ 280425.08, 4158449.24 ], [ 280427.14, 4158453.18 ], [ 280432.11, 4158450.96 ], [ 280429.93, 4158446.8 ], [ 280426.53, 4158448.51 ] ] ] } },
{ "type": "Feature", "properties": { "id": "richmond_structure:262733", "name": null, "kind": "deck", "sport": null, "surface": null, "pitch_layout": null, "source": "richmond_structures", "source_updated": "2026-09-08T12:07:13.637000Z", "base_z": null, "top_z": null }, "geometry": { "type": "Polygon", "coordinates": [ [ [ 280459.49, 4158493.0 ], [ 280460.34, 4158494.75 ], [ 280458.22, 4158495.78 ], [ 280459.02, 4158497.38 ], [ 280463.4, 4158495.26 ], [ 280461.01, 4158491.21 ], [ 280459.76, 4158491.81 ], [ 280460.18, 4158492.67 ], [ 280459.49, 4158493.0 ] ] ] } },
{ "type": "Feature", "properties": { "id": "richmond_structure:409938", "name": null, "kind": "deck", "sport": null, "surface": null, "pitch_layout": null, "source": "richmond_structures", "source_updated": "2026-09-08T12:07:13.637000Z", "base_z": null, "top_z": null }, "geometry": { "type": "Polygon", "coordinates": [ [ [ 280459.02, 4158497.38 ], [ 280458.22, 4158495.78 ], [ 280452.38, 4158498.61 ], [ 280453.05, 4158500.0 ], [ 280466.97, 4158500.0 ], [ 280464.43, 4158494.76 ], [ 280459.02, 4158497.38 ] ] ] } }
]
}
