{
"type": "FeatureCollection",
"name": "buildings",
"crs": { "type": "name", "properties": { "name": "urn:ogc:def:crs:EPSG::32618" } },
"xy_coordinate_resolution": 0.01,
"features": [
{ "type": "Feature", "properties": { "id": "osm:way/745223838", "name": null, "height": 3.14, "min_height": 0.0, "levels": null, "height_source": "lidar", "roof_shape": "flat", "roof_height": 0.73, "roof_azimuth": null, "roof_source": "lod2", "roof_color": "roof_flat", "roof_color_source": "ortho", "lod2_roof": { "v": [ [ 282596.28, 4155502.67, 0.0 ], [ 282597.83, 4155503.18, 0.73 ], [ 282596.04, 4155506.81, 0.73 ], [ 282594.57, 4155506.09, 0.0 ], [ 282599.19, 4155503.62, 0.08 ], [ 282597.33, 4155507.44, 0.08 ] ], "f": [ [ [ 0, 1, 2, 3 ] ], [ [ 1, 4, 5, 2 ] ] ] }, "roof_props": null, "wall_color": "brick_dark", "wall_color_source": "assessor", "type": "yes", "landmark": null, "footprint_source": "osm", "source_updated": null, "is_part": false, "parent": null, "hidden": false, "addr": null, "wikidata": null, "website": null, "zoning": "R-6", "lidar_p90": 3.41, "ground_z": 45.54 }, "geometry": { "type": "Polygon", "coordinates": [ [ [ 282596.03, 4155500.58 ], [ 282593.59, 4155505.61 ], [ 282597.32, 4155507.44 ], [ 282599.78, 4155502.41 ], [ 282596.03, 4155500.58 ] ] ] } },
{ "type": "Feature", "properties": { "id": "osm:way/745224538", "name": null, "height": 3.11, "min_height": 0.0, "levels": null, "height_source": "lidar", "roof_shape": "flat", "roof_height": 0.0, "roof_azimuth": null, "roof_source": "heuristic", "roof_color": "roof_flat", "roof_color_source": "ortho", "lod2_roof": null, "roof_props": null, "wall_color": "brick_dark", "wall_color_source": "assessor", "type": "yes", "landmark": null, "footprint_source": "osm", "source_updated": null, "is_part": false, "parent": null, "hidden": false, "addr": null, "wikidata": null, "website": null, "zoning": "R-5", "lidar_p90": 3.18, "ground_z": 45.38 }, "geometry": { "type": "Polygon", "coordinates": [ [ [ 282603.76, 4155505.12 ], [ 282601.16, 4155510.4 ], [ 282606.5, 4155513.04 ], [ 282609.11, 4155507.76 ], [ 282603.76, 4155505.12 ] ] ] } },
{ "type": "Feature", "properties": { "id": "osm:way/745224279", "name": null, "height": 8.54, "min_height": 0.0, "levels": null, "height_source": "lidar", "roof_shape": "flat", "roof_height": 2.32, "roof_azimuth": null, "roof_source": "lod2", "roof_color": "roof_flat", "roof_color_source": "ortho", "lod2_roof": { "v": [ [ 282684.0, 4155520.62, 1.05 ], [ 282686.55, 4155520.0, 0.0 ], [ 282685.14, 4155522.87, 0.0 ], [ 282682.16, 4155519.39, 1.08 ], [ 282684.26, 4155518.66, 0.13 ], [ 282684.59, 4155518.59, 0.0 ], [ 282682.57, 4155520.29, 1.34 ], [ 282681.43, 4155514.4, 0.13 ], [ 282681.6, 4155514.25, 0.0 ], [ 282686.14, 4155516.51, 0.0 ], [ 282683.86, 4155516.78, 0.76 ], [ 282682.58, 4155516.93, 1.19 ], [ 282682.56, 4155516.49, 0.96 ], [ 282681.15, 4155514.65, 0.34 ], [ 282681.85, 4155515.57, 0.0 ], [ 282682.56, 4155516.49, 0.35 ], [ 282682.58, 4155516.93, 0.58 ], [ 282682.63, 4155517.99, 1.15 ], [ 282681.71, 4155518.38, 1.55 ], [ 282682.03, 4155519.11, 1.88 ], [ 282679.26, 4155518.84, 2.32 ], [ 282677.0, 4155513.7, 0.0 ], [ 282682.16, 4155519.39, 1.76 ], [ 282683.27, 4155523.42, 0.0 ], [ 282682.71, 4155523.18, 0.16 ], [ 282682.52, 4155523.63, 0.0 ], [ 282680.37, 4155524.27, 0.0 ], [ 282676.66, 4155522.7, 1.07 ], [ 282678.65, 4155520.59, 1.69 ], [ 282678.86, 4155519.45, 2.12 ], [ 282678.91, 4155519.23, 2.2 ], [ 282682.03, 4155519.11, 1.21 ], [ 282682.58, 4155516.93, 1.41 ], [ 282685.37, 4155516.6, 0.0 ], [ 282684.53, 4155518.6, 0.0 ], [ 282678.86, 4155519.45, 2.23 ], [ 282678.19, 4155519.3, 1.83 ], [ 282674.28, 4155520.64, 0.0 ], [ 282678.86, 4155519.45, 1.95 ], [ 282678.65, 4155520.59, 1.31 ], [ 282677.08, 4155522.26, 0.0 ], [ 282676.66, 4155522.7, 0.0 ], [ 282681.15, 4155514.65, 0.0 ], [ 282681.43, 4155514.4, 0.0 ] ], "f": [ [ [ 0, 1, 2 ] ], [ [ 3, 4, 5, 1, 0, 6 ] ], [ [ 7, 8, 9, 10, 11, 12, 13 ] ], [ [ 14, 15, 16, 17, 18, 19, 20, 21 ] ], [ [ 22, 6, 0, 2, 23, 24, 25, 26, 27, 28, 29, 30, 20, 19 ] ], [ [ 4, 3, 31, 18, 17, 32, 10, 33, 34 ] ], [ [ 21, 20, 30, 35, 36, 37 ] ], [ [ 37, 36, 38, 39, 40 ] ], [ [ 35, 29, 38, 36 ] ], [ [ 27, 41, 40, 39, 28 ] ], [ [ 28, 39, 38, 29 ] ], [ [ 11, 16, 15, 12 ] ], [ [ 33, 10, 9 ] ], [ [ 32, 11, 10 ] ], [ [ 16, 11, 32, 17 ] ], [ [ 19, 31, 3, 22 ] ], [ [ 29, 35, 30 ] ], [ [ 31, 19, 18 ] ], [ [ 12, 15, 14, 42, 13 ] ], [ [ 13, 42, 43, 7 ] ], [ [ 7, 43, 8 ] ], [ [ 22, 3, 6 ] ] ] }, "roof_props": null, "wall_color": "brick", "wall_color_source": "assessor", "type": "yes", "landmark": null, "footprint_source": "osm", "source_updated": null, "is_part": false, "parent": null, "hidden": false, "addr": "519 West 25th Street", "wikidata": null, "website": null, "zoning": "R-5", "lidar_p90": 9.77, "ground_z": 43.44 }, "geometry": { "type": "Polygon", "coordinates": [ [ [ 282688.62, 4155515.49 ], [ 282682.17, 4155512.76 ], [ 282682.65, 4155511.62 ], [ 282675.97, 4155508.8 ], [ 282673.72, 4155514.11 ], [ 282673.05, 4155513.82 ], [ 282671.24, 4155518.11 ], [ 282672.8, 4155518.76 ], [ 282671.98, 4155520.72 ], [ 282681.96, 4155524.94 ], [ 282682.71, 4155523.18 ], [ 282684.95, 4155524.13 ], [ 282688.62, 4155515.49 ] ] ] } },
{ "type": "Feature", "properties": { "id": "osm:way/745224547", "name": null, "height": 8.0, "min_height": 0.0, "levels": null, "height_source": "lidar", "roof_shape": "flat", "roof_height": 0.0, "roof_azimuth": null, "roof_source": "heuristic", "roof_color": "roof_flat", "roof_color_source": "ortho", "lod2_roof": null, "roof_props": null, "wall_color": "cream", "wall_color_source": "assessor", "type": "yes", "landmark": null, "footprint_source": "osm", "source_updated": null, "is_part": false, "parent": null, "hidden": false, "addr": "606 West 26th Street", "wikidata": null, "website": null, "zoning": "R-6", "lidar_p90": 9.06, "ground_z": 45.93 }, "geometry": { "type": "Polygon", "coordinates": [ [ [ 282511.65, 4155494.52 ], [ 282508.67, 4155501.34 ], [ 282509.97, 4155501.9 ], [ 282509.4, 4155503.23 ], [ 282519.17, 4155507.52 ], [ 282519.37, 4155507.06 ], [ 282521.93, 4155508.18 ], [ 282525.36, 4155500.36 ], [ 282511.65, 4155494.52 ] ] ] } },
{ "type": "Feature", "properties": { "id": "osm:way/745224154", "name": null, "height": 8.29, "min_height": 0.0, "levels": null, "height_source": "lidar", "roof_shape": "flat", "roof_height": 0.0, "roof_azimuth": null, "roof_source": "heuristic", "roof_color": "roof_flat", "roof_color_source": "ortho", "lod2_roof": null, "roof_props": null, "wall_color": "terracotta", "wall_color_source": "assessor", "type": "yes", "landmark": null, "footprint_source": "osm", "source_updated": null, "is_part": false, "parent": null, "hidden": false, "addr": "603 West 26th Street", "wikidata": null, "website": null, "zoning": "R-6", "lidar_p90": 8.94, "ground_z": 45.7 }, "geometry": { "type": "Polygon", "coordinates": [ [ [ 282565.82, 4155514.02 ], [ 282553.24, 4155508.22 ], [ 282550.07, 4155515.08 ], [ 282553.82, 4155516.8 ], [ 282553.22, 4155518.1 ], [ 282558.42, 4155520.49 ], [ 282558.99, 4155519.27 ], [ 282562.64, 4155520.95 ], [ 282565.82, 4155514.02 ] ] ] } },
{ "type": "Feature", "properties": { "id": "osm:way/745224619", "name": null, "height": 8.4, "min_height": 0.0, "levels": null, "height_source": "lidar", "roof_shape": "flat", "roof_height": 0.0, "roof_azimuth": null, "roof_source": "heuristic", "roof_color": "concrete", "roof_color_source": "ortho", "lod2_roof": null, "roof_props": null, "wall_color": "brick", "wall_color_source": "assessor", "type": "yes", "landmark": null, "footprint_source": "osm", "source_updated": null, "is_part": false, "parent": null, "hidden": false, "addr": "610 West 26th Street", "wikidata": null, "website": null, "zoning": "R-6", "lidar_p90": 9.21, "ground_z": 45.27 }, "geometry": { "type": "Polygon", "coordinates": [ [ [ 282503.16, 4155519.61 ], [ 282515.11, 4155525.06 ], [ 282518.11, 4155518.49 ], [ 282515.85, 4155517.46 ], [ 282516.31, 4155516.45 ], [ 282506.62, 4155512.02 ], [ 282503.16, 4155519.61 ] ] ] } },
{ "type": "Feature", "properties": { "id": "richmond_structure:429337", "name": null, "height": 6.55, "min_height": 0.0, "levels": null, "height_source": "lidar", "roof_shape": "gable", "roof_height": 3.78, "roof_azimuth": 66.0, "roof_source": "lod2", "roof_color": "concrete", "roof_color_source": "ortho", "lod2_roof": { "v": [ [ 282508.32, 4155531.3, 3.22 ], [ 282495.16, 4155525.42, 2.77 ], [ 282495.84, 4155523.89, 3.53 ], [ 282508.8, 4155530.17, 3.78 ], [ 282510.21, 4155526.86, 0.26 ], [ 282497.19, 4155520.87, 0.3 ], [ 282508.8, 4155530.17, 0.0 ], [ 282508.32, 4155531.3, 0.0 ], [ 282510.21, 4155526.86, 0.0 ] ], "f": [ [ [ 0, 1, 2, 3 ] ], [ [ 4, 3, 2, 5 ] ], [ [ 3, 6, 7, 0 ] ], [ [ 4, 8, 6, 3 ] ] ] }, "roof_props": null, "wall_color": "brick_dark", "wall_color_source": "assessor", "type": "yes", "landmark": null, "footprint_source": "richmond_structures", "source_updated": "2026-09-08T12:07:13.637000Z", "is_part": false, "parent": null, "hidden": false, "addr": "612 W 26th St", "wikidata": null, "website": null, "zoning": "R-6", "lidar_p90": 9.92, "ground_z": 44.86 }, "geometry": { "type": "Polygon", "coordinates": [ [ [ 282495.16, 4155525.42 ], [ 282509.74, 4155531.93 ], [ 282512.21, 4155526.39 ], [ 282497.63, 4155519.89 ], [ 282495.16, 4155525.42 ] ] ] } },
{ "type": "Feature", "properties": { "id": "osm:way/745224142", "name": null, "height": 6.62, "min_height": 0.0, "levels": null, "height_source": "lidar", "roof_shape": "skillion", "roof_height": 2.35, "roof_azimuth": 63.3, "roof_source": "lod2", "roof_color": "roof_flat", "roof_color_source": "ortho", "lod2_roof": { "v": [ [ 282547.49, 4155525.41, 1.17 ], [ 282546.06, 4155526.5, 0.72 ], [ 282545.79, 4155526.7, 0.64 ], [ 282544.74, 4155528.79, 0.6 ], [ 282543.69, 4155528.31, 0.0 ], [ 282546.63, 4155521.98, 0.03 ], [ 282547.22, 4155522.25, 0.36 ], [ 282547.31, 4155523.32, 0.63 ], [ 282552.07, 4155529.38, 2.35 ], [ 282552.85, 4155531.9, 1.48 ], [ 282552.74, 4155532.52, 1.21 ], [ 282544.74, 4155528.79, 0.99 ], [ 282545.79, 4155526.7, 2.07 ], [ 282546.06, 4155526.5, 2.22 ], [ 282557.08, 4155527.36, 0.58 ], [ 282554.33, 4155533.26, 0.56 ], [ 282552.74, 4155532.52, 1.4 ], [ 282547.22, 4155522.25, 0.2 ], [ 282557.32, 4155526.85, 0.32 ], [ 282547.49, 4155525.41, 1.49 ] ], "f": [ [ [ 0, 1, 2, 3, 4, 5, 6, 7 ] ], [ [ 8, 9, 10, 11, 12, 13 ] ], [ [ 8, 14, 15, 16, 9 ] ], [ [ 17, 18, 14, 8, 13, 19, 7 ] ], [ [ 11, 3, 2, 12 ] ], [ [ 16, 10, 9 ] ], [ [ 6, 17, 7 ] ], [ [ 19, 0, 7 ] ], [ [ 12, 2, 1, 13 ] ], [ [ 13, 1, 0, 19 ] ] ] }, "roof_props": null, "wall_color": "brick_dark", "wall_color_source": "assessor", "type": "yes", "landmark": null, "footprint_source": "osm", "source_updated": null, "is_part": false, "parent": null, "hidden": false, "addr": "605 West 26th Street", "wikidata": null, "website": null, "zoning": "R-6", "lidar_p90": 8.56, "ground_z": 45.27 }, "geometry": { "type": "Polygon", "coordinates": [ [ [ 282547.21, 4155520.72 ], [ 282543.69, 4155528.31 ], [ 282554.33, 4155533.26 ], [ 282557.87, 4155525.67 ], [ 282547.21, 4155520.72 ] ] ] } },
{ "type": "Feature", "properties": { "id": "osm:way/745224536", "name": null, "height": 4.98, "min_height": 0.0, "levels": null, "height_source": "lidar", "roof_shape": "flat", "roof_height": 0.16, "roof_azimuth": null, "roof_source": "lod2", "roof_color": "roof_dark", "roof_color_source": "heuristic", "lod2_roof": { "v": [ [ 282581.13, 4155528.92, 0.01 ], [ 282585.95, 4155530.71, 0.16 ], [ 282583.63, 4155536.41, 0.16 ], [ 282578.75, 4155534.24, 0.0 ] ], "f": [ [ [ 0, 1, 2, 3 ] ] ] }, "roof_props": null, "wall_color": "cream", "wall_color_source": "assessor", "type": "yes", "landmark": null, "footprint_source": "osm", "source_updated": null, "is_part": false, "parent": null, "hidden": false, "addr": null, "wikidata": null, "website": null, "zoning": "R-6", "lidar_p90": 5.1, "ground_z": 44.42 }, "geometry": { "type": "Polygon", "coordinates": [ [ [ 282581.8, 4155527.42 ], [ 282578.75, 4155534.24 ], [ 282583.63, 4155536.41 ], [ 282586.45, 4155529.49 ], [ 282581.8, 4155527.42 ] ] ] } },
{ "type": "Feature", "properties": { "id": "osm:way/745224612", "name": null, "height": 7.75, "min_height": 0.0, "levels": null, "height_source": "lidar", "roof_shape": "flat", "roof_height": 0.0, "roof_azimuth": null, "roof_source": "heuristic", "roof_color": "roof_flat", "roof_color_source": "ortho", "lod2_roof": null, "roof_props": null, "wall_color": "terracotta", "wall_color_source": "assessor", "type": "yes", "landmark": null, "footprint_source": "osm", "source_updated": null, "is_part": false, "parent": null, "hidden": false, "addr": "614 West 26th Street", "wikidata": null, "website": null, "zoning": "R-6", "lidar_p90": 8.6, "ground_z": 44.3 }, "geometry": { "type": "Polygon", "coordinates": [ [ [ 282495.76, 4155532.49 ], [ 282497.62, 4155533.35 ], [ 282495.75, 4155537.34 ], [ 282506.62, 4155542.45 ], [ 282509.78, 4155535.71 ], [ 282507.91, 4155534.84 ], [ 282508.22, 4155534.16 ], [ 282499.18, 4155529.93 ], [ 282498.95, 4155530.42 ], [ 282497.13, 4155529.58 ], [ 282495.76, 4155532.49 ] ] ] } },
{ "type": "Feature", "properties": { "id": "osm:way/745224054", "name": null, "height": 2.88, "min_height": 0.0, "levels": null, "height_source": "lidar", "roof_shape": "flat", "roof_height": 1.09, "roof_azimuth": null, "roof_source": "lod2", "roof_color": "concrete", "roof_color_source": "heuristic", "lod2_roof": { "v": [ [ 282571.95, 4155537.51, 1.09 ], [ 282577.84, 4155540.15, 1.05 ], [ 282577.38, 4155541.12, 0.54 ], [ 282571.62, 4155538.34, 0.66 ], [ 282578.88, 4155538.01, 0.0 ], [ 282572.79, 4155535.39, 0.08 ], [ 282573.39, 4155535.47, 0.0 ] ], "f": [ [ [ 0, 1, 2, 3 ] ], [ [ 4, 1, 0, 5, 6 ] ] ] }, "roof_props": null, "wall_color": "brick", "wall_color_source": "assessor", "type": "yes", "landmark": null, "footprint_source": "osm", "source_updated": null, "is_part": false, "parent": null, "hidden": false, "addr": null, "wikidata": null, "website": null, "zoning": "R-6", "lidar_p90": 3.51, "ground_z": 44.33 }, "geometry": { "type": "Polygon", "coordinates": [ [ [ 282579.72, 4155536.28 ], [ 282573.64, 4155533.34 ], [ 282571.29, 4155538.19 ], [ 282577.38, 4155541.12 ], [ 282579.72, 4155536.28 ] ] ] } },
{ "type": "Feature", "properties": { "id": "osm:way/745224072", "name": null, "height": 7.04, "min_height": 0.0, "levels": null, "height_source": "lidar", "roof_shape": "skillion", "roof_height": 1.99, "roof_azimuth": 64.9, "roof_source": "lod2", "roof_color": "slate", "roof_color_source": "ortho", "lod2_roof": { "v": [ [ 282550.51, 4155548.86, 1.98 ], [ 282538.13, 4155543.11, 1.99 ], [ 282539.3, 4155540.72, 0.48 ], [ 282538.74, 4155540.47, 0.48 ], [ 282539.1, 4155539.7, 0.0 ], [ 282550.69, 4155545.09, 0.0 ], [ 282550.46, 4155545.61, 0.32 ], [ 282551.76, 4155546.19, 0.3 ], [ 282549.78, 4155550.42, 0.97 ], [ 282537.39, 4155544.61, 1.01 ], [ 282537.39, 4155544.61, 0.0 ], [ 282538.13, 4155543.11, 0.0 ], [ 282539.3, 4155540.72, 0.0 ], [ 282538.74, 4155540.47, 0.0 ] ], "f": [ [ [ 0, 1, 2, 3, 4, 5, 6, 7 ] ], [ [ 1, 0, 8, 9 ] ], [ [ 9, 10, 11, 1 ] ], [ [ 2, 12, 13, 3 ] ], [ [ 1, 11, 12, 2 ] ] ] }, "roof_props": null, "wall_color": "cream", "wall_color_source": "assessor", "type": "yes", "landmark": null, "footprint_source": "osm", "source_updated": null, "is_part": false, "parent": null, "hidden": false, "addr": "609 West 26th Street", "wikidata": null, "website": null, "zoning": "R-6", "lidar_p90": 8.64, "ground_z": 44.27 }, "geometry": { "type": "Polygon", "coordinates": [ [ [ 282539.67, 4155538.48 ], [ 282536.9, 4155544.39 ], [ 282549.78, 4155550.42 ], [ 282552.54, 4155544.52 ], [ 282539.67, 4155538.48 ] ] ] } },
{ "type": "Feature", "properties": { "id": "osm:way/745223665", "name": null, "height": 10.78, "min_height": 0.0, "levels": null, "height_source": "lidar", "roof_shape": "flat", "roof_height": 0.0, "roof_azimuth": null, "roof_source": "heuristic", "roof_color": "roof_flat", "roof_color_source": "ortho", "lod2_roof": null, "roof_props": null, "wall_color": "brick_dark", "wall_color_source": "assessor", "type": "yes", "landmark": null, "footprint_source": "osm", "source_updated": null, "is_part": false, "parent": null, "hidden": false, "addr": "600 West 25th Street", "wikidata": null, "website": null, "zoning": "R-5", "lidar_p90": 12.52, "ground_z": 44.39 }, "geometry": { "type": "Polygon", "coordinates": [ [ [ 282622.21, 4155525.6 ], [ 282625.41, 4155527.22 ], [ 282624.52, 4155529.23 ], [ 282634.74, 4155534.09 ], [ 282635.1, 4155533.29 ], [ 282636.75, 4155534.05 ], [ 282641.74, 4155523.32 ], [ 282640.08, 4155522.53 ], [ 282640.29, 4155522.06 ], [ 282630.11, 4155517.13 ], [ 282628.99, 4155519.38 ], [ 282625.82, 4155517.98 ], [ 282622.21, 4155525.6 ] ] ] } },
{ "type": "Feature", "properties": { "id": "richmond_structure:385707", "name": null, "height": 5.15, "min_height": 0.0, "levels": null, "height_source": "lidar", "roof_shape": "gable", "roof_height": 1.72, "roof_azimuth": 170.3, "roof_source": "lod2", "roof_color": "roof_dark", "roof_color_source": "heuristic", "lod2_roof": { "v": [ [ 282592.83, 4155529.94, 0.25 ], [ 282595.42, 4155534.49, 1.7 ], [ 282593.0, 4155539.57, 1.72 ], [ 282589.06, 4155537.76, 0.26 ], [ 282592.73, 4155529.77, 0.19 ], [ 282600.48, 4155534.43, 0.67 ], [ 282597.23, 4155541.51, 0.67 ], [ 282600.68, 4155534.01, 0.45 ], [ 282593.04, 4155529.47, 0.0 ] ], "f": [ [ [ 0, 1, 2, 3, 4 ] ], [ [ 1, 5, 6, 2 ] ], [ [ 7, 5, 1, 0, 8 ] ] ] }, "roof_props": null, "wall_color": "brick", "wall_color_source": "assessor", "type": "yes", "landmark": null, "footprint_source": "richmond_structures", "source_updated": "2026-09-08T12:07:13.637000Z", "is_part": false, "parent": null, "hidden": false, "addr": null, "wikidata": null, "website": null, "zoning": "R-5", "lidar_p90": 6.57, "ground_z": 44.14 }, "geometry": { "type": "Polygon", "coordinates": [ [ [ 282597.23, 4155541.51 ], [ 282601.79, 4155531.58 ], [ 282593.62, 4155527.83 ], [ 282589.06, 4155537.76 ], [ 282597.23, 4155541.51 ] ] ] } },
{ "type": "Feature", "properties": { "id": "richmond_structure:347395", "name": null, "height": 3.92, "min_height": 0.0, "levels": null, "height_source": "lidar", "roof_shape": "flat", "roof_height": 0.61, "roof_azimuth": null, "roof_source": "lod2", "roof_color": "concrete", "roof_color_source": "heuristic", "lod2_roof": { "v": [ [ 282663.49, 4155540.09, 0.58 ], [ 282661.34, 4155544.59, 0.61 ], [ 282659.65, 4155543.78, 0.05 ], [ 282661.77, 4155539.26, 0.0 ] ], "f": [ [ [ 0, 1, 2, 3 ] ] ] }, "roof_props": null, "wall_color": "brick", "wall_color_source": "assessor", "type": "yes", "landmark": null, "footprint_source": "richmond_structures", "source_updated": "2026-09-08T12:07:13.637000Z", "is_part": false, "parent": null, "hidden": false, "addr": null, "wikidata": null, "website": null, "zoning": "R-5", "lidar_p90": 6.14, "ground_z": 42.83 }, "geometry": { "type": "Polygon", "coordinates": [ [ [ 282661.0, 4155538.89 ], [ 282658.84, 4155543.39 ], [ 282661.34, 4155544.59 ], [ 282663.49, 4155540.09 ], [ 282661.0, 4155538.89 ] ] ] } },
{ "type": "Feature", "properties": { "id": "osm:way/745223982", "name": null, "height": 7.02, "min_height": 0.0, "levels": null, "height_source": "lidar", "roof_shape": "gable", "roof_height": 2.49, "roof_azimuth": 154.4, "roof_source": "lod2", "roof_color": "roof_flat", "roof_color_source": "ortho", "lod2_roof": { "v": [ [ 282669.42, 4155538.52, 2.49 ], [ 282665.86, 4155545.92, 2.46 ], [ 282661.52, 4155543.76, 0.0 ], [ 282665.34, 4155535.79, 0.02 ], [ 282665.98, 4155536.1, 0.39 ], [ 282664.65, 4155538.29, 0.25 ], [ 282669.51, 4155538.52, 2.44 ], [ 282672.79, 4155541.62, 0.3 ], [ 282669.79, 4155547.89, 0.27 ] ], "f": [ [ [ 0, 1, 2, 3, 4, 5 ] ], [ [ 6, 7, 8, 1, 0 ] ] ] }, "roof_props": null, "wall_color": "brick_dark", "wall_color_source": "assessor", "type": "yes", "landmark": null, "footprint_source": "osm", "source_updated": null, "is_part": false, "parent": null, "hidden": false, "addr": "601 West 25th Street", "wikidata": null, "website": null, "zoning": "R-5", "lidar_p90": 8.99, "ground_z": 42.45 }, "geometry": { "type": "Polygon", "coordinates": [ [ [ 282661.52, 4155543.76 ], [ 282669.79, 4155547.89 ], [ 282673.67, 4155539.78 ], [ 282665.34, 4155535.79 ], [ 282661.52, 4155543.76 ] ] ] } },
{ "type": "Feature", "properties": { "id": "osm:way/745223859", "name": null, "height": 8.04, "min_height": 0.0, "levels": null, "height_source": "lidar", "roof_shape": "flat", "roof_height": 2.91, "roof_azimuth": null, "roof_source": "lod2", "roof_color": "roof_flat", "roof_color_source": "ortho", "lod2_roof": { "v": [ [ 282616.25, 4155548.95, 0.78 ], [ 282621.61, 4155546.48, 2.62 ], [ 282621.62, 4155546.49, 2.62 ], [ 282623.89, 4155552.54, 0.38 ], [ 282629.76, 4155541.97, 0.0 ], [ 282622.4, 4155544.76, 2.62 ], [ 282619.84, 4155537.27, 0.0 ], [ 282621.35, 4155545.6, 2.91 ], [ 282622.18, 4155545.25, 2.62 ], [ 282622.51, 4155545.1, 2.51 ], [ 282625.27, 4155551.85, 0.0 ], [ 282625.14, 4155551.83, 0.06 ], [ 282624.63, 4155552.89, 0.07 ], [ 282623.89, 4155552.54, 0.46 ], [ 282621.33, 4155545.71, 2.9 ], [ 282622.51, 4155545.1, 2.74 ], [ 282621.35, 4155545.6, 2.34 ], [ 282621.33, 4155545.71, 2.35 ], [ 282614.77, 4155548.25, 0.0 ] ], "f": [ [ [ 0, 1, 2, 3 ] ], [ [ 4, 5, 6 ] ], [ [ 7, 8, 9, 5, 4, 10, 11, 12, 13, 2, 1, 14 ] ], [ [ 6, 5, 15, 8, 16, 17, 1, 0, 18 ] ], [ [ 17, 14, 1 ] ], [ [ 9, 15, 5 ] ], [ [ 13, 3, 2 ] ], [ [ 14, 17, 16, 7 ] ], [ [ 15, 9, 8 ] ], [ [ 7, 16, 8 ] ] ] }, "roof_props": null, "wall_color": "brick", "wall_color_source": "assessor", "type": "yes", "landmark": null, "footprint_source": "osm", "source_updated": null, "is_part": false, "parent": null, "hidden": false, "addr": "604 West 25th Street", "wikidata": null, "website": null, "zoning": "R-5", "lidar_p90": 9.31, "ground_z": 43.68 }, "geometry": { "type": "Polygon", "coordinates": [ [ [ 282625.14, 4155551.83 ], [ 282628.09, 4155552.37 ], [ 282632.03, 4155543.92 ], [ 282629.68, 4155542.19 ], [ 282630.62, 4155540.19 ], [ 282620.29, 4155535.32 ], [ 282614.31, 4155548.03 ], [ 282624.63, 4155552.89 ], [ 282625.14, 4155551.83 ] ] ] } },
{ "type": "Feature", "properties": { "id": "osm:way/745223977", "name": null, "height": 3.19, "min_height": 0.0, "levels": null, "height_source": "lidar", "roof_shape": "gable", "roof_height": 1.23, "roof_azimuth": 157.2, "roof_source": "lidar", "roof_color": "roof_flat", "roof_color_source": "ortho", "lod2_roof": null, "roof_props": null, "wall_color": "sand", "wall_color_source": "assessor", "type": "yes", "landmark": null, "footprint_source": "osm", "source_updated": null, "is_part": false, "parent": null, "hidden": false, "addr": null, "wikidata": null, "website": null, "zoning": "R-5", "lidar_p90": 4.38, "ground_z": 43.68 }, "geometry": { "type": "Polygon", "coordinates": [ [ [ 282585.69, 4155547.75 ], [ 282593.06, 4155550.79 ], [ 282596.67, 4155543.1 ], [ 282589.13, 4155539.55 ], [ 282585.69, 4155547.75 ] ] ] } },
{ "type": "Feature", "properties": { "id": "osm:way/745223884", "name": null, "height": 7.5, "min_height": 0.0, "levels": null, "height_source": "zoning", "roof_shape": "flat", "roof_height": 0.0, "roof_azimuth": null, "roof_source": "heuristic", "roof_color": "roof_flat", "roof_color_source": "ortho", "lod2_roof": null, "roof_props": null, "wall_color": "brick", "wall_color_source": "assessor", "type": "yes", "landmark": null, "footprint_source": "osm", "source_updated": null, "is_part": false, "parent": null, "hidden": false, "addr": null, "wikidata": null, "website": null, "zoning": "R-5", "lidar_p90": 2.63, "ground_z": 43.38 }, "geometry": { "type": "Polygon", "coordinates": [ [ [ 282583.59, 4155546.76 ], [ 282579.45, 4155555.58 ], [ 282587.36, 4155559.6 ], [ 282591.84, 4155550.29 ], [ 282583.59, 4155546.76 ] ] ] } },
{ "type": "Feature", "properties": { "id": "osm:way/745223887", "name": null, "height": 7.68, "min_height": 0.0, "levels": null, "height_source": "lidar", "roof_shape": "flat", "roof_height": 2.46, "roof_azimuth": null, "roof_source": "lod2", "roof_color": "roof_flat", "roof_color_source": "ortho", "lod2_roof": { "v": [ [ 282613.17, 4155563.35, 1.93 ], [ 282612.35, 4155562.79, 1.74 ], [ 282610.66, 4155561.63, 1.36 ], [ 282607.52, 4155560.48, 1.03 ], [ 282608.3, 4155558.82, 0.37 ], [ 282608.42, 4155558.94, 0.41 ], [ 282609.27, 4155557.93, 0.0 ], [ 282612.29, 4155558.18, 0.0 ], [ 282613.73, 4155562.59, 1.62 ], [ 282613.45, 4155562.96, 1.77 ], [ 282606.63, 4155562.36, 0.2 ], [ 282612.35, 4155562.79, 1.36 ], [ 282611.16, 4155564.53, 0.51 ], [ 282619.4, 4155565.42, 2.18 ], [ 282619.24, 4155565.36, 2.19 ], [ 282613.45, 4155562.96, 2.46 ], [ 282613.73, 4155562.59, 2.24 ], [ 282612.21, 4155557.94, 0.57 ], [ 282620.9, 4155561.51, 0.15 ], [ 282620.26, 4155562.33, 0.65 ], [ 282621.31, 4155563.04, 0.72 ], [ 282612.35, 4155562.79, 2.38 ], [ 282613.17, 4155563.35, 2.23 ], [ 282618.33, 4155567.44, 1.0 ], [ 282618.01, 4155567.25, 1.04 ], [ 282617.79, 4155567.7, 0.78 ], [ 282611.16, 4155564.53, 1.32 ], [ 282619.24, 4155565.36, 0.0 ], [ 282618.33, 4155567.44, 0.0 ], [ 282612.21, 4155557.94, 0.0 ], [ 282621.31, 4155563.04, 0.0 ], [ 282619.4, 4155565.42, 0.0 ] ], "f": [ [ [ 0, 1, 2, 3, 4, 5, 6, 7, 8, 9 ] ], [ [ 10, 3, 2, 11, 12 ] ], [ [ 13, 14, 15, 16, 17, 18, 19, 20 ] ], [ [ 21, 22, 15, 14, 23, 24, 25, 26 ] ], [ [ 1, 11, 2 ] ], [ [ 26, 12, 11, 1, 21 ] ], [ [ 14, 27, 28, 23 ] ], [ [ 16, 8, 7, 29, 17 ] ], [ [ 20, 30, 31, 13 ] ], [ [ 15, 9, 8, 16 ] ], [ [ 22, 0, 9, 15 ] ], [ [ 13, 31, 27, 14 ] ], [ [ 21, 1, 0, 22 ] ] ] }, "roof_props": null, "wall_color": "sand", "wall_color_source": "assessor", "type": "yes", "landmark": null, "footprint_source": "osm", "source_updated": null, "is_part": false, "parent": null, "hidden": false, "addr": "610 West 25th Street", "wikidata": null, "website": null, "zoning": "R-5", "lidar_p90": 8.76, "ground_z": 42.71 }, "geometry": { "type": "Polygon", "coordinates": [ [ [ 282622.85, 4155567.08 ], [ 282621.43, 4155566.27 ], [ 282621.68, 4155565.28 ], [ 282623.42, 4155561.96 ], [ 282620.97, 4155560.97 ], [ 282621.4, 4155560.07 ], [ 282610.2, 4155554.79 ], [ 282606.63, 4155562.36 ], [ 282617.79, 4155567.7 ], [ 282618.01, 4155567.25 ], [ 282621.52, 4155569.42 ], [ 282622.85, 4155567.08 ] ] ] } },
{ "type": "Feature", "properties": { "id": "osm:way/745223699", "name": null, "height": 8.83, "min_height": 0.0, "levels": null, "height_source": "lidar", "roof_shape": "flat", "roof_height": 2.58, "roof_azimuth": null, "roof_source": "lod2", "roof_color": "roof_flat", "roof_color_source": "ortho", "lod2_roof": { "v": [ [ 282656.2, 4155568.55, 2.12 ], [ 282657.0, 4155569.01, 2.02 ], [ 282656.84, 4155570.96, 1.15 ], [ 282654.6, 4155569.84, 1.37 ], [ 282655.64, 4155568.24, 2.19 ], [ 282654.23, 4155560.75, 0.0 ], [ 282654.71, 4155565.16, 1.41 ], [ 282652.78, 4155563.95, 0.0 ], [ 282659.49, 4155567.0, 2.35 ], [ 282659.3, 4155567.42, 2.14 ], [ 282661.6, 4155571.01, 0.39 ], [ 282661.29, 4155571.26, 0.27 ], [ 282661.12, 4155571.4, 0.2 ], [ 282660.94, 4155571.31, 0.24 ], [ 282660.68, 4155571.82, 0.0 ], [ 282659.56, 4155571.83, 0.0 ], [ 282658.95, 4155571.53, 0.15 ], [ 282658.79, 4155571.84, 0.0 ], [ 282658.59, 4155571.84, 0.0 ], [ 282656.84, 4155570.96, 0.44 ], [ 282657.0, 4155569.01, 1.39 ], [ 282656.2, 4155568.55, 1.62 ], [ 282656.91, 4155566.56, 2.58 ], [ 282654.71, 4155565.16, 2.25 ], [ 282655.64, 4155568.24, 1.52 ], [ 282654.6, 4155569.84, 0.57 ], [ 282651.71, 4155568.39, 0.0 ], [ 282651.08, 4155567.71, 0.0 ], [ 282651.35, 4155567.63, 0.13 ], [ 282652.77, 4155563.94, 1.95 ], [ 282660.15, 4155565.47, 1.44 ], [ 282654.23, 4155560.7, 0.0 ], [ 282656.82, 4155561.59, 0.0 ], [ 282658.13, 4155562.14, 0.05 ], [ 282658.41, 4155562.13, 0.0 ], [ 282658.97, 4155562.32, 0.0 ], [ 282659.05, 4155562.52, 0.09 ], [ 282659.44, 4155562.69, 0.11 ], [ 282659.7, 4155564.27, 0.89 ], [ 282660.01, 4155565.11, 1.27 ], [ 282660.42, 4155564.84, 1.44 ], [ 282661.21, 4155563.0, 1.45 ], [ 282661.31, 4155562.05, 1.55 ], [ 282661.33, 4155561.76, 1.59 ], [ 282663.12, 4155562.66, 0.91 ], [ 282662.22, 4155564.44, 0.94 ], [ 282664.58, 4155565.88, 0.0 ], [ 282661.92, 4155571.79, 0.0 ], [ 282661.12, 4155571.4, 0.3 ], [ 282661.6, 4155571.01, 0.21 ], [ 282659.3, 4155567.42, 1.42 ], [ 282659.49, 4155567.0, 1.43 ], [ 282660.01, 4155565.11, 1.53 ], [ 282659.44, 4155562.69, 0.36 ], [ 282659.35, 4155562.11, 0.16 ], [ 282661.31, 4155562.05, 1.27 ], [ 282651.35, 4155567.63, 0.0 ], [ 282652.77, 4155563.94, 0.0 ] ], "f": [ [ [ 0, 1, 2, 3, 4 ] ], [ [ 5, 6, 7 ] ], [ [ 8, 9, 10, 11, 12, 13, 14, 15, 16, 17, 18, 19, 20, 21, 22 ] ], [ [ 23, 22, 21, 24, 25, 26, 27, 28, 29 ] ], [ [ 30, 8, 22, 23, 31, 32, 33, 34, 35, 36, 37, 38, 39 ] ], [ [ 40, 41, 42, 43, 44, 45, 46, 47, 48, 11, 49, 50, 51, 30, 52 ] ], [ [ 41, 40, 39, 38, 53, 54, 55 ] ], [ [ 10, 49, 11 ] ], [ [ 48, 12, 11 ] ], [ [ 1, 20, 19, 2 ] ], [ [ 56, 28, 27 ] ], [ [ 55, 42, 41 ] ], [ [ 3, 25, 24, 4 ] ], [ [ 4, 24, 21, 0 ] ], [ [ 23, 6, 5, 31 ] ], [ [ 29, 57, 7, 6, 23 ] ], [ [ 0, 21, 20, 1 ] ], [ [ 28, 56, 57, 29 ] ], [ [ 9, 50, 49, 10 ] ], [ [ 8, 51, 50, 9 ] ], [ [ 37, 53, 38 ] ], [ [ 39, 52, 30 ] ], [ [ 51, 8, 30 ] ], [ [ 52, 39, 40 ] ] ] }, "roof_props": null, "wall_color": "sand", "wall_color_source": "assessor", "type": "yes", "landmark": null, "footprint_source": "osm", "source_updated": null, "is_part": false, "parent": null, "hidden": false, "addr": "605 West 25th Street", "wikidata": null, "website": null, "zoning": "R-5", "lidar_p90": 9.93, "ground_z": 41.13 }, "geometry": { "type": "Polygon", "coordinates": [ [ [ 282666.44, 4155567.04 ], [ 282662.22, 4155564.44 ], [ 282663.11, 4155562.66 ], [ 282658.22, 4155560.2 ], [ 282657.8, 4155561.03 ], [ 282651.61, 4155558.31 ], [ 282647.94, 4155565.64 ], [ 282648.88, 4155566.12 ], [ 282648.54, 4155566.79 ], [ 282658.75, 4155571.92 ], [ 282658.95, 4155571.53 ], [ 282660.45, 4155572.28 ], [ 282660.94, 4155571.31 ], [ 282663.62, 4155572.65 ], [ 282666.44, 4155567.04 ] ] ] } },
{ "type": "Feature", "properties": { "id": "osm:way/745223387", "name": null, "height": 7.01, "min_height": 0.0, "levels": null, "height_source": "lidar", "roof_shape": "gable", "roof_height": 2.99, "roof_azimuth": 168.9, "roof_source": "lidar", "roof_color": "roof_flat", "roof_color_source": "ortho", "lod2_roof": null, "roof_props": null, "wall_color": "brick_dark", "wall_color_source": "assessor", "type": "yes", "landmark": null, "footprint_source": "osm", "source_updated": null, "is_part": false, "parent": null, "hidden": false, "addr": "612 West 25th Street", "wikidata": null, "website": null, "zoning": "R-5", "lidar_p90": 10.33, "ground_z": 41.51 }, "geometry": { "type": "Polygon", "coordinates": [ [ [ 282605.53, 4155570.69 ], [ 282604.48, 4155572.82 ], [ 282603.27, 4155572.23 ], [ 282600.35, 4155578.15 ], [ 282602.18, 4155579.04 ], [ 282601.16, 4155581.14 ], [ 282609.44, 4155585.21 ], [ 282614.42, 4155575.06 ], [ 282605.53, 4155570.69 ] ] ] } },
{ "type": "Feature", "properties": { "id": "osm:way/745223889", "name": null, "height": 6.85, "min_height": 0.0, "levels": null, "height_source": "lidar", "roof_shape": "flat", "roof_height": 0.0, "roof_azimuth": null, "roof_source": "heuristic", "roof_color": "roof_flat", "roof_color_source": "ortho", "lod2_roof": null, "roof_props": null, "wall_color": "cream", "wall_color_source": "assessor", "type": "yes", "landmark": null, "footprint_source": "osm", "source_updated": null, "is_part": false, "parent": null, "hidden": false, "addr": "611 West 26th Street", "wikidata": null, "website": null, "zoning": "R-6", "lidar_p90": 8.94, "ground_z": 43.99 }, "geometry": { "type": "Polygon", "coordinates": [ [ [ 282545.97, 4155556.03 ], [ 282547.08, 4155556.6 ], [ 282548.44, 4155553.97 ], [ 282544.33, 4155551.85 ], [ 282544.92, 4155550.69 ], [ 282535.13, 4155545.09 ], [ 282531.04, 4155553.02 ], [ 282544.07, 4155559.72 ], [ 282545.97, 4155556.03 ] ] ] } },
{ "type": "Feature", "properties": { "id": "osm:way/745224345", "name": null, "height": 2.87, "min_height": 0.0, "levels": null, "height_source": "lidar", "roof_shape": "flat", "roof_height": 1.32, "roof_azimuth": null, "roof_source": "lod2", "roof_color": "concrete", "roof_color_source": "ortho", "lod2_roof": { "v": [ [ 282567.64, 4155555.11, 1.3 ], [ 282567.29, 4155554.94, 1.29 ], [ 282568.44, 4155552.24, 0.0 ], [ 282573.75, 4155554.73, 0.0 ], [ 282572.6, 4155557.49, 1.32 ], [ 282566.96, 4155555.7, 0.93 ], [ 282572.15, 4155558.56, 0.81 ], [ 282566.71, 4155556.3, 0.65 ] ], "f": [ [ [ 0, 1, 2, 3, 4 ] ], [ [ 5, 0, 4, 6, 7 ] ] ] }, "roof_props": null, "wall_color": "cream", "wall_color_source": "assessor", "type": "yes", "landmark": null, "footprint_source": "osm", "source_updated": null, "is_part": false, "parent": null, "hidden": false, "addr": null, "wikidata": null, "website": null, "zoning": "R-6", "lidar_p90": 3.57, "ground_z": 43.64 }, "geometry": { "type": "Polygon", "coordinates": [ [ [ 282568.98, 4155550.96 ], [ 282566.71, 4155556.3 ], [ 282572.15, 4155558.56 ], [ 282574.38, 4155553.22 ], [ 282568.98, 4155550.96 ] ] ] } },
{ "type": "Feature", "properties": { "id": "osm:way/745224274", "name": null, "height": 8.56, "min_height": 0.0, "levels": null, "height_source": "lidar", "roof_shape": "flat", "roof_height": 0.0, "roof_azimuth": null, "roof_source": "heuristic", "roof_color": "roof_flat", "roof_color_source": "ortho", "lod2_roof": null, "roof_props": null, "wall_color": "brick_dark", "wall_color_source": "assessor", "type": "yes", "landmark": null, "footprint_source": "osm", "source_updated": null, "is_part": false, "parent": null, "hidden": false, "addr": "619 West 26th Street", "wikidata": null, "website": null, "zoning": "R-6", "lidar_p90": 9.64, "ground_z": 43.1 }, "geometry": { "type": "Polygon", "coordinates": [ [ [ 282537.42, 4155568.19 ], [ 282539.02, 4155564.91 ], [ 282533.86, 4155562.5 ], [ 282532.35, 4155565.77 ], [ 282527.82, 4155563.61 ], [ 282524.14, 4155571.34 ], [ 282535.64, 4155576.82 ], [ 282539.33, 4155569.1 ], [ 282537.42, 4155568.19 ] ] ] } },
{ "type": "Feature", "properties": { "id": "osm:way/745223902", "name": null, "height": 2.88, "min_height": 0.0, "levels": null, "height_source": "lidar", "roof_shape": "flat", "roof_height": 0.62, "roof_azimuth": null, "roof_source": "lod2", "roof_color": "roof_flat", "roof_color_source": "heuristic", "lod2_roof": { "v": [ [ 282563.91, 4155572.85, 0.62 ], [ 282563.14, 4155574.53, 0.61 ], [ 282561.7, 4155573.92, 0.01 ], [ 282562.34, 4155572.39, 0.0 ], [ 282565.69, 4155573.36, 0.34 ], [ 282564.89, 4155575.26, 0.32 ] ], "f": [ [ [ 0, 1, 2, 3 ] ], [ [ 4, 5, 1, 0 ] ] ] }, "roof_props": null, "wall_color": "sand", "wall_color_source": "assessor", "type": "yes", "landmark": null, "footprint_source": "osm", "source_updated": null, "is_part": false, "parent": null, "hidden": false, "addr": null, "wikidata": null, "website": null, "zoning": "R-6", "lidar_p90": 3.15, "ground_z": 42.79 }, "geometry": { "type": "Polygon", "coordinates": [ [ [ 282563.12, 4155570.54 ], [ 282561.7, 4155573.92 ], [ 282564.89, 4155575.26 ], [ 282566.31, 4155571.88 ], [ 282563.12, 4155570.54 ] ] ] } },
{ "type": "Feature", "properties": { "id": "osm:way/745224591", "name": null, "height": 2.92, "min_height": 0.0, "levels": null, "height_source": "lidar", "roof_shape": "flat", "roof_height": 1.36, "roof_azimuth": null, "roof_source": "lod2", "roof_color": "concrete", "roof_color_source": "ortho", "lod2_roof": { "v": [ [ 282556.71, 4155582.41, 0.0 ], [ 282559.6, 4155583.9, 1.36 ], [ 282557.92, 4155587.26, 1.3 ], [ 282555.14, 4155585.92, 0.0 ], [ 282561.7, 4155584.98, 0.45 ], [ 282560.1, 4155588.31, 0.36 ] ], "f": [ [ [ 0, 1, 2, 3 ] ], [ [ 1, 4, 5, 2 ] ] ] }, "roof_props": null, "wall_color": "brick", "wall_color_source": "assessor", "type": "yes", "landmark": null, "footprint_source": "osm", "source_updated": null, "is_part": false, "parent": null, "hidden": false, "addr": null, "wikidata": null, "website": null, "zoning": "R-6", "lidar_p90": 3.24, "ground_z": 42.24 }, "geometry": { "type": "Polygon", "coordinates": [ [ [ 282557.29, 4155581.14 ], [ 282555.03, 4155585.87 ], [ 282560.1, 4155588.31 ], [ 282562.37, 4155583.57 ], [ 282557.29, 4155581.14 ] ] ] } },
{ "type": "Feature", "properties": { "id": "osm:way/745224573", "name": null, "height": 2.8, "min_height": 0.0, "levels": null, "height_source": "lidar", "roof_shape": "flat", "roof_height": 0.73, "roof_azimuth": null, "roof_source": "lod2", "roof_color": "roof_flat", "roof_color_source": "heuristic", "lod2_roof": { "v": [ [ 282568.1, 4155587.87, 0.71 ], [ 282566.51, 4155591.27, 0.73 ], [ 282564.26, 4155590.18, 0.0 ], [ 282565.85, 4155586.97, 0.0 ], [ 282570.28, 4155588.74, 0.14 ], [ 282568.57, 4155592.27, 0.17 ] ], "f": [ [ [ 0, 1, 2, 3 ] ], [ [ 4, 5, 1, 0 ] ] ] }, "roof_props": null, "wall_color": "brick", "wall_color_source": "assessor", "type": "yes", "landmark": null, "footprint_source": "osm", "source_updated": null, "is_part": false, "parent": null, "hidden": false, "addr": null, "wikidata": null, "website": null, "zoning": "R-5", "lidar_p90": 2.94, "ground_z": 41.53 }, "geometry": { "type": "Polygon", "coordinates": [ [ [ 282566.43, 4155585.39 ], [ 282564.14, 4155590.12 ], [ 282568.57, 4155592.27 ], [ 282570.86, 4155587.53 ], [ 282566.43, 4155585.39 ] ] ] } },
{ "type": "Feature", "properties": { "id": "osm:way/745224292", "name": null, "height": 3.43, "min_height": 0.0, "levels": null, "height_source": "lidar", "roof_shape": "gable", "roof_height": 1.83, "roof_azimuth": 154.5, "roof_source": "lidar", "roof_color": "roof_flat", "roof_color_source": "ortho", "lod2_roof": null, "roof_props": null, "wall_color": "sand", "wall_color_source": "assessor", "type": "yes", "landmark": null, "footprint_source": "osm", "source_updated": null, "is_part": false, "parent": null, "hidden": false, "addr": "701 West 26th Street", "wikidata": null, "website": null, "zoning": "R-5", "lidar_p90": 6.18, "ground_z": 41.46 }, "geometry": { "type": "Polygon", "coordinates": [ [ [ 282531.44, 4155598.06 ], [ 282522.95, 4155593.48 ], [ 282522.75, 4155593.89 ], [ 282518.17, 4155591.71 ], [ 282517.87, 4155592.36 ], [ 282515.46, 4155591.21 ], [ 282512.11, 4155598.24 ], [ 282514.44, 4155599.34 ], [ 282514.19, 4155599.87 ], [ 282520.21, 4155602.73 ], [ 282519.61, 4155603.99 ], [ 282522.84, 4155605.53 ], [ 282523.48, 4155604.17 ], [ 282527.59, 4155606.13 ], [ 282531.44, 4155598.06 ] ] ] } },
{ "type": "Feature", "properties": { "id": "osm:way/745224062", "name": null, "height": 3.3, "min_height": 0.0, "levels": null, "height_source": "lidar", "roof_shape": "gable", "roof_height": 2.45, "roof_azimuth": 156.1, "roof_source": "lod2", "roof_color": "roof_flat", "roof_color_source": "ortho", "lod2_roof": { "v": [ [ 282537.89, 4155604.69, 0.0 ], [ 282540.57, 4155605.26, 1.54 ], [ 282541.96, 4155606.06, 2.45 ], [ 282539.03, 4155612.65, 2.44 ], [ 282535.12, 4155610.92, 0.0 ], [ 282545.04, 4155607.86, 0.39 ], [ 282542.4, 4155614.14, 0.31 ] ], "f": [ [ [ 0, 1, 2, 3, 4 ] ], [ [ 5, 6, 3, 2 ] ] ] }, "roof_props": null, "wall_color": "sand", "wall_color_source": "assessor", "type": "yes", "landmark": null, "footprint_source": "osm", "source_updated": null, "is_part": false, "parent": null, "hidden": false, "addr": null, "wikidata": null, "website": null, "zoning": "R-5", "lidar_p90": 5.17, "ground_z": 40.55 }, "geometry": { "type": "Polygon", "coordinates": [ [ [ 282538.29, 4155603.46 ], [ 282534.96, 4155610.85 ], [ 282542.4, 4155614.14 ], [ 282545.5, 4155606.76 ], [ 282538.29, 4155603.46 ] ] ] } },
{ "type": "Feature", "properties": { "id": "osm:way/745224423", "name": null, "height": 3.53, "min_height": 0.0, "levels": null, "height_source": "lidar", "roof_shape": "gable", "roof_height": 2.21, "roof_azimuth": 156.5, "roof_source": "lod2", "roof_color": "roof_flat", "roof_color_source": "ortho", "lod2_roof": { "v": [ [ 282518.93, 4155611.54, 0.38 ], [ 282515.87, 4155618.55, 0.31 ], [ 282510.2, 4155616.07, 2.21 ], [ 282513.44, 4155609.21, 2.21 ], [ 282513.96, 4155608.1, 2.21 ], [ 282506.4, 4155614.42, 0.11 ], [ 282509.05, 4155608.34, 0.0 ] ], "f": [ [ [ 0, 1, 2, 3 ] ], [ [ 4, 3, 2, 5, 6 ] ] ] }, "roof_props": null, "wall_color": "sand", "wall_color_source": "assessor", "type": "yes", "landmark": null, "footprint_source": "osm", "source_updated": null, "is_part": false, "parent": null, "hidden": false, "addr": "703 West 26th Street", "wikidata": null, "website": null, "zoning": "R-5", "lidar_p90": 5.35, "ground_z": 40.23 }, "geometry": { "type": "Polygon", "coordinates": [ [ [ 282519.67, 4155609.84 ], [ 282510.19, 4155605.72 ], [ 282506.4, 4155614.42 ], [ 282515.87, 4155618.55 ], [ 282519.67, 4155609.84 ] ] ] } },
{ "type": "Feature", "properties": { "id": "osm:way/745224614", "name": null, "height": 3.22, "min_height": 0.0, "levels": null, "height_source": "lidar", "roof_shape": "flat", "roof_height": 1.03, "roof_azimuth": null, "roof_source": "lod2", "roof_color": "roof_flat", "roof_color_source": "heuristic", "lod2_roof": { "v": [ [ 282548.77, 4155625.94, 1.01 ], [ 282553.63, 4155628.22, 1.03 ], [ 282552.9, 4155629.67, 0.29 ], [ 282548.11, 4155627.28, 0.33 ], [ 282554.71, 4155626.04, 0.0 ], [ 282549.83, 4155623.81, 0.0 ] ], "f": [ [ [ 0, 1, 2, 3 ] ], [ [ 4, 1, 0, 5 ] ] ] }, "roof_props": null, "wall_color": "sand", "wall_color_source": "assessor", "type": "yes", "landmark": null, "footprint_source": "osm", "source_updated": null, "is_part": false, "parent": null, "hidden": false, "addr": null, "wikidata": null, "website": null, "zoning": "R-5", "lidar_p90": 3.87, "ground_z": 39.07 }, "geometry": { "type": "Polygon", "coordinates": [ [ [ 282550.98, 4155621.5 ], [ 282548.11, 4155627.28 ], [ 282552.9, 4155629.67 ], [ 282555.79, 4155623.89 ], [ 282550.98, 4155621.5 ] ] ] } },
{ "type": "Feature", "properties": { "id": "osm:way/745223593", "name": null, "height": 8.39, "min_height": 0.0, "levels": null, "height_source": "lidar", "roof_shape": "flat", "roof_height": 0.0, "roof_azimuth": null, "roof_source": "heuristic", "roof_color": "roof_flat", "roof_color_source": "ortho", "lod2_roof": null, "roof_props": null, "wall_color": "cream", "wall_color_source": "assessor", "type": "yes", "landmark": null, "footprint_source": "osm", "source_updated": null, "is_part": false, "parent": null, "hidden": false, "addr": "607 West 25th Street", "wikidata": null, "website": null, "zoning": "R-5", "lidar_p90": 10.09, "ground_z": 40.41 }, "geometry": { "type": "Polygon", "coordinates": [ [ [ 282657.04, 4155583.51 ], [ 282659.29, 4155584.57 ], [ 282661.14, 4155580.64 ], [ 282657.42, 4155578.9 ], [ 282658.47, 4155576.67 ], [ 282646.69, 4155571.15 ], [ 282642.21, 4155580.71 ], [ 282644.22, 4155581.66 ], [ 282643.91, 4155582.29 ], [ 282655.13, 4155587.55 ], [ 282657.04, 4155583.51 ] ] ] } },
{ "type": "Feature", "properties": { "id": "osm:way/745223929", "name": null, "height": 8.41, "min_height": 0.0, "levels": null, "height_source": "lidar", "roof_shape": "flat", "roof_height": 0.0, "roof_azimuth": null, "roof_source": "heuristic", "roof_color": "roof_flat", "roof_color_source": "ortho", "lod2_roof": null, "roof_props": null, "wall_color": "brick", "wall_color_source": "assessor", "type": "yes", "landmark": null, "footprint_source": "osm", "source_updated": null, "is_part": false, "parent": null, "hidden": false, "addr": "614 West 25th Street", "wikidata": null, "website": null, "zoning": "R-5", "lidar_p90": 9.27, "ground_z": 40.15 }, "geometry": { "type": "Polygon", "coordinates": [ [ [ 282610.32, 4155591.04 ], [ 282598.32, 4155585.51 ], [ 282596.67, 4155589.14 ], [ 282595.53, 4155588.61 ], [ 282594.45, 4155590.97 ], [ 282595.7, 4155591.54 ], [ 282594.78, 4155593.56 ], [ 282606.48, 4155598.81 ], [ 282610.32, 4155591.04 ] ] ] } },
{ "type": "Feature", "properties": { "id": "osm:way/745223392", "name": null, "height": 8.44, "min_height": 0.0, "levels": null, "height_source": "lidar", "roof_shape": "flat", "roof_height": 1.95, "roof_azimuth": null, "roof_source": "lod2", "roof_color": "roof_flat", "roof_color_source": "ortho", "lod2_roof": { "v": [ [ 282638.5, 4155596.85, 1.61 ], [ 282646.18, 4155600.02, 1.95 ], [ 282646.78, 4155601.78, 1.23 ], [ 282646.58, 4155602.39, 0.88 ], [ 282637.49, 4155598.07, 0.75 ], [ 282638.15, 4155597.62, 1.14 ], [ 282648.69, 4155598.42, 1.01 ], [ 282649.12, 4155597.55, 0.99 ], [ 282649.08, 4155596.55, 1.25 ], [ 282652.34, 4155594.59, 0.0 ], [ 282648.95, 4155602.17, 0.0 ], [ 282648.41, 4155603.25, 0.03 ], [ 282646.58, 4155602.39, 1.19 ], [ 282638.41, 4155596.82, 1.6 ], [ 282638.44, 4155594.89, 0.84 ], [ 282638.49, 4155594.82, 0.8 ], [ 282638.92, 4155594.63, 0.68 ], [ 282638.88, 4155594.35, 0.57 ], [ 282639.71, 4155593.35, 0.07 ], [ 282639.64, 4155593.15, 0.0 ], [ 282649.05, 4155595.99, 0.0 ], [ 282649.08, 4155596.55, 0.22 ], [ 282649.12, 4155597.55, 0.61 ], [ 282649.03, 4155595.48, 0.84 ], [ 282648.94, 4155593.27, 0.0 ], [ 282638.44, 4155594.89, 0.0 ], [ 282638.49, 4155594.82, 0.0 ], [ 282638.15, 4155597.62, 0.0 ], [ 282638.5, 4155596.85, 0.0 ], [ 282638.41, 4155596.82, 0.0 ], [ 282638.92, 4155594.63, 0.0 ], [ 282638.88, 4155594.35, 0.0 ], [ 282639.71, 4155593.35, 0.0 ], [ 282637.49, 4155598.07, 0.0 ], [ 282649.03, 4155595.48, 0.0 ] ], "f": [ [ [ 0, 1, 2, 3, 4, 5 ] ], [ [ 6, 7, 8, 9, 10, 11, 12, 2, 1 ] ], [ [ 13, 14, 15, 16, 17, 18, 19, 20, 21, 22, 6, 1, 0 ] ], [ [ 9, 8, 23, 24 ] ], [ [ 14, 25, 26, 15 ] ], [ [ 5, 27, 28, 0 ] ], [ [ 0, 28, 29, 13 ] ], [ [ 12, 3, 2 ] ], [ [ 15, 26, 30, 16 ] ], [ [ 16, 30, 31, 17 ] ], [ [ 17, 31, 32, 18 ] ], [ [ 4, 33, 27, 5 ] ], [ [ 8, 21, 20, 34, 23 ] ], [ [ 7, 22, 21, 8 ] ], [ [ 22, 7, 6 ] ], [ [ 13, 29, 25, 14 ] ] ] }, "roof_props": null, "wall_color": "cream", "wall_color_source": "assessor", "type": "yes", "landmark": null, "footprint_source": "osm", "source_updated": null, "is_part": false, "parent": null, "hidden": false, "addr": "609 West 25th Street", "wikidata": null, "website": null, "zoning": "R-5", "lidar_p90": 9.58, "ground_z": 39.8 }, "geometry": { "type": "Polygon", "coordinates": [ [ [ 282653.56, 4155592.96 ], [ 282649.32, 4155590.84 ], [ 282648.19, 4155593.11 ], [ 282645.88, 4155591.95 ], [ 282646.3, 4155591.1 ], [ 282639.53, 4155587.72 ], [ 282634.95, 4155596.86 ], [ 282648.41, 4155603.25 ], [ 282653.56, 4155592.96 ] ] ] } },
{ "type": "Feature", "properties": { "id": "osm:way/745223359", "name": null, "height": 7.72, "min_height": 0.0, "levels": null, "height_source": "lidar", "roof_shape": "gable", "roof_height": 2.84, "roof_azimuth": 64.3, "roof_source": "lod2", "roof_color": "concrete", "roof_color_source": "ortho", "lod2_roof": { "v": [ [ 282636.74, 4155619.31, 2.84 ], [ 282635.24, 4155622.44, 0.47 ], [ 282626.91, 4155618.44, 0.55 ], [ 282628.39, 4155616.32, 2.29 ], [ 282628.86, 4155616.19, 2.5 ], [ 282629.04, 4155615.77, 2.82 ], [ 282627.99, 4155615.28, 2.81 ], [ 282630.65, 4155611.76, 0.0 ], [ 282637.75, 4155614.99, 0.0 ], [ 282638.62, 4155615.42, 0.02 ], [ 282629.47, 4155614.77, 2.11 ], [ 282628.84, 4155615.67, 2.82 ], [ 282626.91, 4155618.44, 0.0 ], [ 282628.39, 4155616.32, 0.0 ], [ 282628.86, 4155616.19, 0.0 ], [ 282629.04, 4155615.77, 0.0 ], [ 282629.47, 4155614.77, 0.0 ], [ 282628.84, 4155615.67, 0.0 ], [ 282627.99, 4155615.28, 0.0 ] ], "f": [ [ [ 0, 1, 2, 3, 4, 5 ] ], [ [ 6, 7, 8, 9, 0, 5, 10, 11 ] ], [ [ 2, 12, 13, 3 ] ], [ [ 3, 13, 14, 4 ] ], [ [ 5, 15, 16, 10 ] ], [ [ 4, 14, 15, 5 ] ], [ [ 10, 16, 17, 11 ] ], [ [ 11, 17, 18, 6 ] ], [ [ 6, 18, 7 ] ] ] }, "roof_props": null, "wall_color": "cream", "wall_color_source": "assessor", "type": "yes", "landmark": null, "footprint_source": "osm", "source_updated": null, "is_part": false, "parent": null, "hidden": false, "addr": "619 West 25th Street", "wikidata": null, "website": null, "zoning": "R-5", "lidar_p90": 9.98, "ground_z": 38.21 }, "geometry": { "type": "Polygon", "coordinates": [ [ [ 282638.92, 4155614.79 ], [ 282629.85, 4155610.43 ], [ 282626.17, 4155618.08 ], [ 282635.23, 4155622.44 ], [ 282638.92, 4155614.79 ] ] ] } },
{ "type": "Feature", "properties": { "id": "richmond_structure:347431", "name": null, "height": 9.47, "min_height": 0.0, "levels": null, "height_source": "lidar", "roof_shape": "flat", "roof_height": 0.0, "roof_azimuth": null, "roof_source": "heuristic", "roof_color": "roof_flat", "roof_color_source": "heuristic", "lod2_roof": null, "roof_props": null, "wall_color": "brick_dark", "wall_color_source": "assessor", "type": "yes", "landmark": null, "footprint_source": "richmond_structures", "source_updated": "2026-09-08T12:07:13.637000Z", "is_part": false, "parent": null, "hidden": false, "addr": null, "wikidata": null, "website": null, "zoning": "R-5", "lidar_p90": 10.9, "ground_z": 37.69 }, "geometry": { "type": "Polygon", "coordinates": [ [ [ 282638.53, 4155616.04 ], [ 282635.71, 4155621.9 ], [ 282637.64, 4155622.83 ], [ 282640.46, 4155616.97 ], [ 282638.53, 4155616.04 ] ] ] } },
{ "type": "Feature", "properties": { "id": "osm:way/745223406", "name": null, "height": 7.72, "min_height": 0.0, "levels": null, "height_source": "lidar", "roof_shape": "flat", "roof_height": 0.0, "roof_azimuth": null, "roof_source": "heuristic", "roof_color": "roof_flat", "roof_color_source": "ortho", "lod2_roof": null, "roof_props": null, "wall_color": "brick_dark", "wall_color_source": "assessor", "type": "yes", "landmark": null, "footprint_source": "osm", "source_updated": null, "is_part": false, "parent": null, "hidden": false, "addr": "700 West 25th Street", "wikidata": null, "website": null, "zoning": "R-5", "lidar_p90": 8.73, "ground_z": 39.55 }, "geometry": { "type": "Polygon", "coordinates": [ [ [ 282595.11, 4155624.46 ], [ 282592.61, 4155623.09 ], [ 282592.99, 4155622.28 ], [ 282580.94, 4155616.58 ], [ 282576.96, 4155624.98 ], [ 282591.34, 4155631.97 ], [ 282595.11, 4155624.46 ] ] ] } },
{ "type": "Feature", "properties": { "id": "osm:way/745224714", "name": null, "height": 3.21, "min_height": 0.0, "levels": null, "height_source": "lidar", "roof_shape": "flat", "roof_height": 1.41, "roof_azimuth": null, "roof_source": "lod2", "roof_color": "roof_dark", "roof_color_source": "heuristic", "lod2_roof": { "v": [ [ 282658.88, 4155629.19, 0.09 ], [ 282661.87, 4155630.57, 1.41 ], [ 282660.16, 4155634.47, 1.41 ], [ 282657.04, 4155632.86, 0.0 ], [ 282657.34, 4155632.18, 0.0 ], [ 282662.44, 4155635.64, 0.31 ], [ 282663.86, 4155631.49, 0.48 ], [ 282664.53, 4155631.59, 0.19 ] ], "f": [ [ [ 0, 1, 2, 3, 4 ] ], [ [ 5, 2, 1, 6, 7 ] ] ] }, "roof_props": null, "wall_color": "cream", "wall_color_source": "assessor", "type": "yes", "landmark": null, "footprint_source": "osm", "source_updated": null, "is_part": false, "parent": null, "hidden": false, "addr": null, "wikidata": null, "website": null, "zoning": "R-5", "lidar_p90": 3.66, "ground_z": 36.7 }, "geometry": { "type": "Polygon", "coordinates": [ [ [ 282659.84, 4155627.32 ], [ 282657.0, 4155632.84 ], [ 282662.44, 4155635.64 ], [ 282665.29, 4155630.12 ], [ 282659.84, 4155627.32 ] ] ] } },
{ "type": "Feature", "properties": { "id": "osm:way/745223662", "name": null, "height": 3.55, "min_height": 0.0, "levels": null, "height_source": "lidar", "roof_shape": "flat", "roof_height": 1.52, "roof_azimuth": null, "roof_source": "lod2", "roof_color": "roof_dark", "roof_color_source": "heuristic", "lod2_roof": { "v": [ [ 282671.16, 4155634.64, 1.52 ], [ 282672.09, 4155632.3, 0.0 ], [ 282677.63, 4155634.77, 0.0 ], [ 282676.81, 4155636.78, 1.31 ] ], "f": [ [ [ 0, 1, 2, 3 ] ] ] }, "roof_props": null, "wall_color": "cream", "wall_color_source": "assessor", "type": "yes", "landmark": null, "footprint_source": "osm", "source_updated": null, "is_part": false, "parent": null, "hidden": false, "addr": null, "wikidata": null, "website": null, "zoning": "R-5", "lidar_p90": 3.85, "ground_z": 35.79 }, "geometry": { "type": "Polygon", "coordinates": [ [ [ 282672.42, 4155631.45 ], [ 282671.16, 4155634.64 ], [ 282676.81, 4155636.78 ], [ 282678.07, 4155633.7 ], [ 282672.42, 4155631.45 ] ] ] } },
{ "type": "Feature", "properties": { "id": "osm:way/745223736", "name": null, "height": 3.86, "min_height": 0.0, "levels": null, "height_source": "lidar", "roof_shape": "gable", "roof_height": 1.75, "roof_azimuth": 155.1, "roof_source": "lidar", "roof_color": "roof_dark", "roof_color_source": "heuristic", "lod2_roof": null, "roof_props": null, "wall_color": "brick", "wall_color_source": "assessor", "type": "yes", "landmark": null, "footprint_source": "osm", "source_updated": null, "is_part": false, "parent": null, "hidden": false, "addr": "701 West 25th Street", "wikidata": null, "website": null, "zoning": "R-5", "lidar_p90": 5.74, "ground_z": 37.23 }, "geometry": { "type": "Polygon", "coordinates": [ [ [ 282626.66, 4155646.02 ], [ 282628.55, 4155646.89 ], [ 282630.92, 4155641.78 ], [ 282629.06, 4155640.92 ], [ 282630.12, 4155638.63 ], [ 282621.71, 4155634.72 ], [ 282617.23, 4155644.34 ], [ 282625.63, 4155648.23 ], [ 282626.66, 4155646.02 ] ] ] } },
{ "type": "Feature", "properties": { "id": "osm:way/745224718", "name": null, "height": 7.5, "min_height": 0.0, "levels": null, "height_source": "zoning", "roof_shape": "flat", "roof_height": 0.0, "roof_azimuth": null, "roof_source": "heuristic", "roof_color": "roof_flat", "roof_color_source": "heuristic", "lod2_roof": null, "roof_props": null, "wall_color": "cream", "wall_color_source": "assessor", "type": "yes", "landmark": null, "footprint_source": "osm", "source_updated": null, "is_part": false, "parent": null, "hidden": false, "addr": null, "wikidata": null, "website": null, "zoning": "R-5", "lidar_p90": 2.88, "ground_z": 35.7 }, "geometry": { "type": "Polygon", "coordinates": [ [ [ 282636.44, 4155649.22 ], [ 282635.2, 4155652.36 ], [ 282638.59, 4155653.9 ], [ 282639.93, 4155650.64 ], [ 282636.44, 4155649.22 ] ] ] } },
{ "type": "Feature", "properties": { "id": "osm:way/745224172", "name": null, "height": 4.8, "min_height": 0.0, "levels": null, "height_source": "lidar", "roof_shape": "flat", "roof_height": 1.15, "roof_azimuth": null, "roof_source": "lod2", "roof_color": "concrete", "roof_color_source": "ortho", "lod2_roof": { "v": [ [ 282506.83, 4155629.27, 0.0 ], [ 282506.58, 4155627.51, 0.49 ], [ 282506.78, 4155626.64, 0.78 ], [ 282514.67, 4155630.32, 0.69 ], [ 282513.84, 4155632.3, 0.0 ], [ 282515.52, 4155628.28, 0.0 ], [ 282506.89, 4155626.18, 0.63 ], [ 282508.24, 4155625.3, 0.2 ], [ 282508.85, 4155624.9, 0.0 ], [ 282505.3, 4155627.19, 1.14 ], [ 282504.38, 4155629.19, 1.15 ], [ 282502.28, 4155628.29, 0.0 ], [ 282505.47, 4155621.49, 0.0 ], [ 282507.56, 4155622.33, 1.13 ], [ 282509.65, 4155623.18, 0.0 ], [ 282508.86, 4155624.9, 0.0 ], [ 282506.78, 4155626.64, 0.58 ], [ 282506.45, 4155630.08, 0.0 ], [ 282504.38, 4155629.19, 1.13 ] ], "f": [ [ [ 0, 1, 2, 3, 4 ] ], [ [ 5, 3, 2, 6, 7, 8 ] ], [ [ 9, 10, 11, 12, 13 ] ], [ [ 13, 14, 15, 7, 6, 16, 1, 0, 17, 18, 9 ] ], [ [ 2, 16, 6 ] ], [ [ 1, 16, 2 ] ], [ [ 9, 18, 10 ] ] ] }, "roof_props": null, "wall_color": "brick", "wall_color_source": "assessor", "type": "yes", "landmark": null, "footprint_source": "osm", "source_updated": null, "is_part": false, "parent": null, "hidden": false, "addr": "705 West 26th Street", "wikidata": null, "website": null, "zoning": "R-5", "lidar_p90": 5.28, "ground_z": 38.63 }, "geometry": { "type": "Polygon", "coordinates": [ [ [ 282517.22, 4155624.18 ], [ 282504.52, 4155618.68 ], [ 282500.67, 4155627.6 ], [ 282513.51, 4155633.11 ], [ 282517.22, 4155624.18 ] ] ] } },
{ "type": "Feature", "properties": { "id": "osm:way/745223562", "name": null, "height": 7.5, "min_height": 0.0, "levels": null, "height_source": "zoning", "roof_shape": "flat", "roof_height": 0.0, "roof_azimuth": null, "roof_source": "heuristic", "roof_color": "concrete", "roof_color_source": "heuristic", "lod2_roof": null, "roof_props": null, "wall_color": "brick", "wall_color_source": "assessor", "type": "yes", "landmark": null, "footprint_source": "osm", "source_updated": null, "is_part": false, "parent": null, "hidden": false, "addr": null, "wikidata": null, "website": null, "zoning": "R-5", "lidar_p90": 1.4, "ground_z": 38.43 }, "geometry": { "type": "Polygon", "coordinates": [ [ [ 282532.85, 4155628.53 ], [ 282530.5, 4155632.33 ], [ 282535.34, 4155635.33 ], [ 282537.69, 4155631.52 ], [ 282532.85, 4155628.53 ] ] ] } },
{ "type": "Feature", "properties": { "id": "osm:way/745223394", "name": null, "height": 7.8, "min_height": 0.0, "levels": null, "height_source": "lidar", "roof_shape": "flat", "roof_height": 0.0, "roof_azimuth": null, "roof_source": "heuristic", "roof_color": "roof_flat", "roof_color_source": "ortho", "lod2_roof": null, "roof_props": null, "wall_color": "brick", "wall_color_source": "assessor", "type": "yes", "landmark": null, "footprint_source": "osm", "source_updated": null, "is_part": false, "parent": null, "hidden": false, "addr": "702 West 25th Street", "wikidata": null, "website": null, "zoning": "R-5", "lidar_p90": 8.84, "ground_z": 38.74 }, "geometry": { "type": "Polygon", "coordinates": [ [ [ 282568.45, 4155640.75 ], [ 282566.89, 4155639.95 ], [ 282563.74, 4155646.14 ], [ 282580.88, 4155654.88 ], [ 282584.05, 4155648.06 ], [ 282576.98, 4155643.81 ], [ 282577.31, 4155643.16 ], [ 282572.94, 4155640.94 ], [ 282572.49, 4155641.84 ], [ 282568.8, 4155640.05 ], [ 282568.45, 4155640.75 ] ] ] } },
{ "type": "Feature", "properties": { "id": "osm:way/745224742", "name": null, "height": 3.82, "min_height": 0.0, "levels": null, "height_source": "lidar", "roof_shape": "gable", "roof_height": 2.76, "roof_azimuth": 155.9, "roof_source": "lod2", "roof_color": "roof_flat", "roof_color_source": "ortho", "lod2_roof": { "v": [ [ 282565.87, 4155652.43, 0.21 ], [ 282566.03, 4155652.67, 0.37 ], [ 282567.06, 4155655.22, 1.57 ], [ 282566.03, 4155655.62, 1.02 ], [ 282564.63, 4155654.92, 0.0 ], [ 282565.51, 4155652.48, 0.0 ], [ 282574.42, 4155660.14, 0.13 ], [ 282575.61, 4155660.52, 0.0 ], [ 282576.29, 4155660.88, 0.0 ], [ 282575.3, 4155663.12, 1.44 ], [ 282573.2, 4155662.18, 1.54 ], [ 282572.96, 4155662.7, 1.87 ], [ 282572.46, 4155662.21, 1.75 ], [ 282573.06, 4155660.68, 0.79 ], [ 282568.11, 4155655.76, 1.59 ], [ 282568.37, 4155656.15, 1.45 ], [ 282567.25, 4155657.16, 0.53 ], [ 282566.17, 4155657.45, 0.03 ], [ 282566.81, 4155656.0, 1.05 ], [ 282569.21, 4155653.55, 0.0 ], [ 282568.7, 4155654.28, 0.57 ], [ 282569.17, 4155655.42, 1.1 ], [ 282568.37, 4155656.15, 1.74 ], [ 282565.87, 4155652.43, 0.27 ], [ 282565.43, 4155652.49, 0.43 ], [ 282565.7, 4155651.88, 0.0 ], [ 282572.3, 4155655.32, 2.71 ], [ 282568.27, 4155663.96, 2.76 ], [ 282563.92, 4155662.01, 0.0 ], [ 282565.57, 4155658.56, 0.0 ], [ 282565.65, 4155658.6, 0.05 ], [ 282568.37, 4155656.15, 0.86 ], [ 282569.21, 4155653.55, 0.65 ], [ 282575.67, 4155657.25, 0.18 ], [ 282575.12, 4155658.48, 0.17 ], [ 282575.36, 4155658.59, 0.0 ], [ 282574.61, 4155660.2, 0.0 ], [ 282572.46, 4155662.21, 0.73 ], [ 282572.96, 4155662.7, 0.3 ], [ 282571.71, 4155665.5, 0.28 ], [ 282565.43, 4155652.49, 0.0 ] ], "f": [ [ [ 0, 1, 2, 3, 4, 5 ] ], [ [ 6, 7, 8, 9, 10, 11, 12, 13 ] ], [ [ 2, 14, 15, 16, 17, 18, 3 ] ], [ [ 19, 20, 21, 22, 14, 2, 1, 23, 24, 25 ] ], [ [ 26, 27, 28, 29, 30, 17, 16, 31, 21, 20, 32 ] ], [ [ 27, 26, 33, 34, 35, 36, 6, 13, 37, 38, 39 ] ], [ [ 12, 37, 13 ] ], [ [ 11, 38, 37, 12 ] ], [ [ 31, 15, 22, 21 ] ], [ [ 22, 15, 14 ] ], [ [ 23, 0, 5, 40, 24 ] ], [ [ 7, 6, 36 ] ], [ [ 15, 31, 16 ] ], [ [ 19, 32, 20 ] ] ] }, "roof_props": null, "wall_color": "cream", "wall_color_source": "assessor", "type": "yes", "landmark": null, "footprint_source": "osm", "source_updated": null, "is_part": false, "parent": null, "hidden": false, "addr": "706 West 25th Street", "wikidata": null, "website": null, "zoning": "R-5", "lidar_p90": 6.04, "ground_z": 38.54 }, "geometry": { "type": "Polygon", "coordinates": [ [ [ 282566.81, 4155656.0 ], [ 282565.65, 4155658.6 ], [ 282564.37, 4155658.03 ], [ 282562.82, 4155661.52 ], [ 282571.71, 4155665.5 ], [ 282573.2, 4155662.18 ], [ 282575.3, 4155663.12 ], [ 282576.99, 4155659.32 ], [ 282575.12, 4155658.48 ], [ 282576.61, 4155655.14 ], [ 282566.3, 4155650.53 ], [ 282564.4, 4155654.8 ], [ 282566.81, 4155656.0 ] ] ] } },
{ "type": "Feature", "properties": { "id": "osm:way/745224426", "name": null, "height": 4.17, "min_height": 0.0, "levels": null, "height_source": "lidar", "roof_shape": "gable", "roof_height": 3.64, "roof_azimuth": 156.3, "roof_source": "lidar", "roof_color": "concrete", "roof_color_source": "ortho", "lod2_roof": null, "roof_props": null, "wall_color": "brick_dark", "wall_color_source": "assessor", "type": "yes", "landmark": null, "footprint_source": "osm", "source_updated": null, "is_part": false, "parent": null, "hidden": false, "addr": "708 West 25th Street", "wikidata": null, "website": null, "zoning": "R-5", "lidar_p90": 7.82, "ground_z": 38.25 }, "geometry": { "type": "Polygon", "coordinates": [ [ [ 282568.11, 4155673.96 ], [ 282570.25, 4155674.9 ], [ 282571.89, 4155671.16 ], [ 282569.58, 4155670.16 ], [ 282570.73, 4155667.53 ], [ 282562.08, 4155663.73 ], [ 282560.73, 4155666.82 ], [ 282559.6, 4155666.33 ], [ 282558.31, 4155669.28 ], [ 282559.88, 4155669.98 ], [ 282558.58, 4155672.93 ], [ 282566.95, 4155676.61 ], [ 282568.11, 4155673.96 ] ] ] } },
{ "type": "Feature", "properties": { "id": "osm:way/745223597", "name": null, "height": 4.29, "min_height": 0.0, "levels": null, "height_source": "lidar", "roof_shape": "gable", "roof_height": 4.22, "roof_azimuth": 157.0, "roof_source": "lod2", "roof_color": "roof_flat", "roof_color_source": "ortho", "lod2_roof": { "v": [ [ 282561.1, 4155678.81, 3.86 ], [ 282561.22, 4155679.2, 3.95 ], [ 282558.42, 4155685.21, 3.98 ], [ 282554.49, 4155683.55, 2.5 ], [ 282556.85, 4155678.07, 2.42 ], [ 282560.48, 4155678.95, 3.68 ], [ 282563.58, 4155684.95, 1.47 ], [ 282562.14, 4155684.32, 1.53 ], [ 282562.94, 4155683.59, 0.6 ], [ 282563.76, 4155683.27, 0.0 ], [ 282565.76, 4155684.25, 0.0 ], [ 282564.95, 4155686.13, 1.9 ], [ 282564.01, 4155685.74, 1.95 ], [ 282564.28, 4155685.44, 1.59 ], [ 282562.14, 4155684.32, 1.01 ], [ 282561.85, 4155684.58, 1.17 ], [ 282561.87, 4155684.72, 1.09 ], [ 282562.37, 4155686.12, 0.06 ], [ 282562.09, 4155686.76, 0.04 ], [ 282561.1, 4155678.81, 4.22 ], [ 282561.44, 4155678.74, 3.95 ], [ 282561.56, 4155678.48, 3.95 ], [ 282563.66, 4155680.1, 1.39 ], [ 282565.39, 4155679.47, 0.1 ], [ 282564.56, 4155681.41, 0.04 ], [ 282564.6, 4155681.43, 0.0 ], [ 282564.28, 4155685.44, 1.29 ], [ 282564.01, 4155685.74, 0.94 ], [ 282562.75, 4155685.21, 0.97 ], [ 282561.85, 4155684.58, 1.2 ], [ 282560.48, 4155678.95, 0.0 ], [ 282561.1, 4155678.81, 0.0 ], [ 282556.85, 4155678.07, 0.0 ], [ 282561.44, 4155678.74, 0.0 ], [ 282561.56, 4155678.48, 0.0 ] ], "f": [ [ [ 0, 1, 2, 3, 4, 5 ] ], [ [ 6, 7, 8, 9, 10, 11, 12, 13 ] ], [ [ 9, 8, 14, 15, 16, 17, 18, 2, 1, 19, 20, 21, 22, 23, 24, 25 ] ], [ [ 7, 6, 26, 27, 28, 17, 16, 29 ] ], [ [ 13, 26, 6 ] ], [ [ 12, 27, 26, 13 ] ], [ [ 5, 30, 31, 0 ] ], [ [ 29, 15, 14, 7 ] ], [ [ 4, 32, 30, 5 ] ], [ [ 0, 19, 1 ] ], [ [ 19, 0, 31, 33, 20 ] ], [ [ 7, 14, 8 ] ], [ [ 20, 33, 34, 21 ] ] ] }, "roof_props": null, "wall_color": "cream", "wall_color_source": "assessor", "type": "yes", "landmark": null, "footprint_source": "osm", "source_updated": null, "is_part": false, "parent": null, "hidden": false, "addr": "710 West 25th Street", "wikidata": null, "website": null, "zoning": "R-5", "lidar_p90": 7.83, "ground_z": 38.03 }, "geometry": { "type": "Polygon", "coordinates": [ [ [ 282554.49, 4155683.55 ], [ 282562.09, 4155686.76 ], [ 282562.75, 4155685.21 ], [ 282564.95, 4155686.13 ], [ 282566.59, 4155682.27 ], [ 282564.56, 4155681.41 ], [ 282565.85, 4155678.39 ], [ 282558.12, 4155675.12 ], [ 282554.49, 4155683.55 ] ] ] } },
{ "type": "Feature", "properties": { "id": "osm:way/745224480", "name": null, "height": 3.81, "min_height": 0.0, "levels": null, "height_source": "lidar", "roof_shape": "flat", "roof_height": 0.95, "roof_azimuth": null, "roof_source": "lod2", "roof_color": "roof_flat", "roof_color_source": "ortho", "lod2_roof": { "v": [ [ 282512.22, 4155680.92, 0.86 ], [ 282513.93, 4155681.62, 0.09 ], [ 282511.5, 4155686.71, 0.19 ], [ 282509.83, 4155685.99, 0.95 ], [ 282510.21, 4155680.1, 0.0 ], [ 282507.63, 4155685.04, 0.0 ] ], "f": [ [ [ 0, 1, 2, 3 ] ], [ [ 4, 0, 3, 5 ] ] ] }, "roof_props": null, "wall_color": "cream", "wall_color_source": "assessor", "type": "yes", "landmark": null, "footprint_source": "osm", "source_updated": null, "is_part": false, "parent": null, "hidden": false, "addr": null, "wikidata": null, "website": null, "zoning": "R-5", "lidar_p90": 4.08, "ground_z": 36.49 }, "geometry": { "type": "Polygon", "coordinates": [ [ [ 282508.58, 4155679.43 ], [ 282506.34, 4155684.48 ], [ 282511.5, 4155686.71 ], [ 282513.93, 4155681.62 ], [ 282508.58, 4155679.43 ] ] ] } },
{ "type": "Feature", "properties": { "id": "osm:way/745224489", "name": null, "height": 3.38, "min_height": 0.0, "levels": null, "height_source": "lidar", "roof_shape": "flat", "roof_height": 0.0, "roof_azimuth": null, "roof_source": "heuristic", "roof_color": "roof_dark", "roof_color_source": "ortho", "lod2_roof": null, "roof_props": null, "wall_color": "brick_dark", "wall_color_source": "assessor", "type": "yes", "landmark": null, "footprint_source": "osm", "source_updated": null, "is_part": false, "parent": null, "hidden": false, "addr": null, "wikidata": null, "website": null, "zoning": "R-5", "lidar_p90": 3.71, "ground_z": 36.79 }, "geometry": { "type": "Polygon", "coordinates": [ [ [ 282525.92, 4155693.42 ], [ 282520.72, 4155690.7 ], [ 282518.0, 4155695.87 ], [ 282523.21, 4155698.6 ], [ 282525.92, 4155693.42 ] ] ] } },
{ "type": "Feature", "properties": { "id": "osm:way/745224716", "name": null, "height": 3.96, "min_height": 0.0, "levels": null, "height_source": "lidar", "roof_shape": "gable", "roof_height": 3.1, "roof_azimuth": 156.7, "roof_source": "lod2", "roof_color": "roof_flat", "roof_color_source": "ortho", "lod2_roof": { "v": [ [ 282623.49, 4155662.1, 1.17 ], [ 282619.76, 4155660.5, 2.0 ], [ 282621.3, 4155657.29, 1.97 ], [ 282624.99, 4155658.62, 1.17 ], [ 282613.12, 4155653.11, 0.82 ], [ 282614.93, 4155655.71, 1.89 ], [ 282614.27, 4155657.17, 2.99 ], [ 282611.82, 4155656.12, 3.06 ], [ 282611.47, 4155656.93, 2.43 ], [ 282613.9, 4155657.98, 2.36 ], [ 282619.99, 4155651.74, 2.92 ], [ 282616.68, 4155659.17, 3.1 ], [ 282613.9, 4155657.98, 1.95 ], [ 282614.27, 4155657.17, 1.93 ], [ 282614.54, 4155649.79, 0.72 ], [ 282625.6, 4155653.74, 0.49 ], [ 282624.32, 4155656.73, 0.55 ], [ 282625.49, 4155657.45, 0.0 ], [ 282624.99, 4155658.62, 0.02 ], [ 282621.3, 4155657.29, 1.62 ], [ 282619.76, 4155660.5, 1.74 ] ], "f": [ [ [ 0, 1, 2, 3 ] ], [ [ 4, 5, 6, 7 ] ], [ [ 8, 7, 6, 9 ] ], [ [ 10, 11, 12, 13, 5, 4, 14 ] ], [ [ 11, 10, 15, 16, 17, 18, 19, 20 ] ], [ [ 2, 19, 18, 3 ] ], [ [ 13, 6, 5 ] ], [ [ 1, 20, 19, 2 ] ], [ [ 6, 13, 12, 9 ] ] ] }, "roof_props": null, "wall_color": "cream", "wall_color_source": "assessor", "type": "yes", "landmark": null, "footprint_source": "osm", "source_updated": null, "is_part": false, "parent": null, "hidden": false, "addr": "703 West 25th Street", "wikidata": null, "website": null, "zoning": "R-5", "lidar_p90": 5.86, "ground_z": 37.1 }, "geometry": { "type": "Polygon", "coordinates": [ [ [ 282624.32, 4155656.73 ], [ 282626.12, 4155652.54 ], [ 282615.26, 4155648.14 ], [ 282611.47, 4155656.93 ], [ 282623.49, 4155662.1 ], [ 282625.49, 4155657.45 ], [ 282624.32, 4155656.73 ] ] ] } },
{ "type": "Feature", "properties": { "id": "osm:way/745223976", "name": null, "height": 2.7, "min_height": 0.0, "levels": null, "height_source": "lidar", "roof_shape": "flat", "roof_height": 1.04, "roof_azimuth": null, "roof_source": "lod2", "roof_color": "concrete", "roof_color_source": "heuristic", "lod2_roof": { "v": [ [ 282645.2, 4155654.17, 0.2 ], [ 282650.02, 4155655.73, 0.0 ], [ 282650.93, 4155656.15, 0.0 ], [ 282649.55, 4155658.93, 1.04 ], [ 282644.16, 4155656.28, 0.98 ] ], "f": [ [ [ 0, 1, 2, 3, 4 ] ] ] }, "roof_props": null, "wall_color": "cream", "wall_color_source": "assessor", "type": "yes", "landmark": null, "footprint_source": "osm", "source_updated": null, "is_part": false, "parent": null, "hidden": false, "addr": null, "wikidata": null, "website": null, "zoning": "R-5", "lidar_p90": 3.01, "ground_z": 35.25 }, "geometry": { "type": "Polygon", "coordinates": [ [ [ 282646.13, 4155652.26 ], [ 282644.16, 4155656.28 ], [ 282649.55, 4155658.93 ], [ 282651.53, 4155654.92 ], [ 282646.13, 4155652.26 ] ] ] } },
{ "type": "Feature", "properties": { "id": "osm:way/745223865", "name": null, "height": 7.5, "min_height": 0.0, "levels": null, "height_source": "zoning", "roof_shape": "flat", "roof_height": 0.0, "roof_azimuth": null, "roof_source": "heuristic", "roof_color": "concrete", "roof_color_source": "heuristic", "lod2_roof": null, "roof_props": null, "wall_color": "brick", "wall_color_source": "assessor", "type": "yes", "landmark": null, "footprint_source": "osm", "source_updated": null, "is_part": false, "parent": null, "hidden": false, "addr": null, "wikidata": null, "website": null, "zoning": "R-5", "lidar_p90": 2.24, "ground_z": 35.08 }, "geometry": { "type": "Polygon", "coordinates": [ [ [ 282637.27, 4155662.2 ], [ 282643.81, 4155665.3 ], [ 282645.51, 4155662.08 ], [ 282638.59, 4155658.94 ], [ 282637.27, 4155662.2 ] ] ] } },
{ "type": "Feature", "properties": { "id": "osm:way/745223790", "name": null, "height": 3.47, "min_height": 0.0, "levels": null, "height_source": "lidar", "roof_shape": "gable", "roof_height": 3.44, "roof_azimuth": 153.8, "roof_source": "lod2", "roof_color": "roof_flat", "roof_color_source": "ortho", "lod2_roof": { "v": [ [ 282607.52, 4155664.23, 0.0 ], [ 282610.99, 4155670.57, 2.84 ], [ 282611.04, 4155670.59, 2.84 ], [ 282611.02, 4155670.63, 2.87 ], [ 282610.64, 4155671.47, 3.44 ], [ 282605.25, 4155668.82, 3.11 ], [ 282614.1, 4155673.18, 1.5 ], [ 282610.64, 4155671.47, 2.87 ], [ 282611.04, 4155670.59, 2.87 ], [ 282614.04, 4155664.04, 2.87 ], [ 282617.47, 4155665.55, 1.54 ], [ 282617.13, 4155666.25, 1.55 ], [ 282620.01, 4155667.67, 0.41 ], [ 282618.25, 4155671.25, 0.45 ], [ 282615.68, 4155669.97, 1.46 ], [ 282609.08, 4155661.06, 0.05 ], [ 282612.02, 4155663.15, 1.79 ] ], "f": [ [ [ 0, 1, 2, 3, 4, 5 ] ], [ [ 6, 7, 3, 8, 9, 10, 11, 12, 13, 14 ] ], [ [ 15, 16, 9, 8, 1, 0 ] ], [ [ 7, 4, 3 ] ] ] }, "roof_props": null, "wall_color": "sand", "wall_color_source": "assessor", "type": "yes", "landmark": null, "footprint_source": "osm", "source_updated": null, "is_part": false, "parent": null, "hidden": false, "addr": "705 West 25th Street", "wikidata": null, "website": null, "zoning": "R-5", "lidar_p90": 5.66, "ground_z": 37.57 }, "geometry": { "type": "Polygon", "coordinates": [ [ [ 282618.25, 4155671.25 ], [ 282620.01, 4155667.67 ], [ 282617.13, 4155666.25 ], [ 282618.23, 4155664.02 ], [ 282609.7, 4155659.81 ], [ 282605.25, 4155668.82 ], [ 282614.1, 4155673.18 ], [ 282615.68, 4155669.97 ], [ 282618.25, 4155671.25 ] ] ] } },
{ "type": "Feature", "properties": { "id": "osm:way/745223858", "name": null, "height": 7.5, "min_height": 0.0, "levels": null, "height_source": "zoning", "roof_shape": "flat", "roof_height": 0.0, "roof_azimuth": null, "roof_source": "heuristic", "roof_color": "roof_flat", "roof_color_source": "heuristic", "lod2_roof": null, "roof_props": null, "wall_color": "cream", "wall_color_source": "assessor", "type": "yes", "landmark": null, "footprint_source": "osm", "source_updated": null, "is_part": false, "parent": null, "hidden": false, "addr": null, "wikidata": null, "website": null, "zoning": "R-5", "lidar_p90": 2.78, "ground_z": 35.11 }, "geometry": { "type": "Polygon", "coordinates": [ [ [ 282633.89, 4155664.73 ], [ 282632.2, 4155667.74 ], [ 282635.85, 4155669.79 ], [ 282637.54, 4155666.78 ], [ 282633.89, 4155664.73 ] ] ] } },
{ "type": "Feature", "properties": { "id": "osm:way/745224019", "name": null, "height": 7.5, "min_height": 0.0, "levels": null, "height_source": "zoning", "roof_shape": "flat", "roof_height": 0.0, "roof_azimuth": null, "roof_source": "heuristic", "roof_color": "roof_dark", "roof_color_source": "heuristic", "lod2_roof": null, "roof_props": null, "wall_color": "brick", "wall_color_source": "assessor", "type": "yes", "landmark": null, "footprint_source": "osm", "source_updated": null, "is_part": false, "parent": null, "hidden": false, "addr": null, "wikidata": null, "website": null, "zoning": "R-5", "lidar_p90": 0.9, "ground_z": 34.2 }, "geometry": { "type": "Polygon", "coordinates": [ [ [ 282651.89, 4155670.87 ], [ 282649.53, 4155676.58 ], [ 282652.92, 4155677.98 ], [ 282655.29, 4155672.27 ], [ 282651.89, 4155670.87 ] ] ] } },
{ "type": "Feature", "properties": { "id": "richmond_structure:399181", "name": null, "height": 3.69, "min_height": 0.0, "levels": null, "height_source": "lidar", "roof_shape": "flat", "roof_height": 0.8, "roof_azimuth": null, "roof_source": "lod2", "roof_color": "concrete", "roof_color_source": "heuristic", "lod2_roof": { "v": [ [ 282638.78, 4155675.06, 0.8 ], [ 282637.5, 4155678.16, 0.08 ], [ 282633.77, 4155676.63, 0.0 ], [ 282635.05, 4155673.52, 0.72 ] ], "f": [ [ [ 0, 1, 2, 3 ] ] ] }, "roof_props": null, "wall_color": "brick", "wall_color_source": "assessor", "type": "yes", "landmark": null, "footprint_source": "richmond_structures", "source_updated": "2026-09-08T12:07:13.637000Z", "is_part": false, "parent": null, "hidden": false, "addr": null, "wikidata": null, "website": null, "zoning": "R-5", "lidar_p90": 3.95, "ground_z": 34.74 }, "geometry": { "type": "Polygon", "coordinates": [ [ [ 282635.05, 4155673.52 ], [ 282633.77, 4155676.63 ], [ 282637.5, 4155678.16 ], [ 282638.78, 4155675.06 ], [ 282635.05, 4155673.52 ] ] ] } },
{ "type": "Feature", "properties": { "id": "osm:way/745223777", "name": null, "height": 4.12, "min_height": 0.0, "levels": null, "height_source": "lidar", "roof_shape": "gable", "roof_height": 2.31, "roof_azimuth": 153.6, "roof_source": "lidar", "roof_color": "roof_flat", "roof_color_source": "ortho", "lod2_roof": null, "roof_props": null, "wall_color": "cream", "wall_color_source": "assessor", "type": "yes", "landmark": null, "footprint_source": "osm", "source_updated": null, "is_part": false, "parent": null, "hidden": false, "addr": "709 West 25th Street", "wikidata": null, "website": null, "zoning": "R-5", "lidar_p90": 6.56, "ground_z": 37.6 }, "geometry": { "type": "Polygon", "coordinates": [ [ [ 282609.39, 4155684.67 ], [ 282609.93, 4155683.59 ], [ 282608.45, 4155682.85 ], [ 282610.85, 4155678.01 ], [ 282607.39, 4155676.19 ], [ 282607.9, 4155675.15 ], [ 282603.66, 4155673.04 ], [ 282598.04, 4155684.33 ], [ 282609.12, 4155689.83 ], [ 282611.06, 4155685.93 ], [ 282609.39, 4155684.67 ] ] ] } },
{ "type": "Feature", "properties": { "id": "osm:way/745223875", "name": null, "height": 2.6, "min_height": 0.0, "levels": null, "height_source": "lidar", "roof_shape": "flat", "roof_height": 0.08, "roof_azimuth": null, "roof_source": "lod2", "roof_color": "roof_dark", "roof_color_source": "heuristic", "lod2_roof": { "v": [ [ 282650.45, 4155680.79, 0.06 ], [ 282652.7, 4155681.78, 0.0 ], [ 282651.33, 4155684.55, 0.02 ], [ 282649.11, 4155683.52, 0.08 ] ], "f": [ [ [ 0, 1, 2, 3 ] ] ] }, "roof_props": null, "wall_color": "brick_dark", "wall_color_source": "assessor", "type": "yes", "landmark": null, "footprint_source": "osm", "source_updated": null, "is_part": false, "parent": null, "hidden": false, "addr": null, "wikidata": null, "website": null, "zoning": "R-5", "lidar_p90": 2.63, "ground_z": 34.1 }, "geometry": { "type": "Polygon", "coordinates": [ [ [ 282651.28, 4155679.09 ], [ 282649.11, 4155683.52 ], [ 282651.33, 4155684.55 ], [ 282653.55, 4155680.06 ], [ 282651.28, 4155679.09 ] ] ] } },
{ "type": "Feature", "properties": { "id": "osm:way/745223819", "name": null, "height": 6.23, "min_height": 0.0, "levels": null, "height_source": "lidar", "roof_shape": "gable", "roof_height": 2.96, "roof_azimuth": 155.5, "roof_source": "lod2", "roof_color": "roof_flat", "roof_color_source": "ortho", "lod2_roof": { "v": [ [ 282683.57, 4155690.72, 1.66 ], [ 282682.59, 4155687.75, 2.96 ], [ 282687.31, 4155685.98, 0.85 ], [ 282687.97, 4155685.73, 0.55 ], [ 282687.66, 4155686.18, 0.6 ], [ 282688.14, 4155686.45, 0.27 ], [ 282685.79, 4155691.63, 0.22 ], [ 282683.6, 4155690.65, 1.66 ], [ 282680.15, 4155686.54, 2.94 ], [ 282680.9, 4155685.38, 2.14 ], [ 282677.94, 4155680.58, 0.36 ], [ 282680.15, 4155686.54, 2.08 ], [ 282680.03, 4155686.72, 2.08 ], [ 282679.4, 4155686.82, 1.88 ], [ 282678.02, 4155687.98, 1.61 ], [ 282677.97, 4155687.99, 1.6 ], [ 282677.72, 4155688.42, 1.59 ], [ 282673.89, 4155686.54, 0.0 ], [ 282677.34, 4155679.62, 0.0 ], [ 282680.03, 4155686.72, 2.81 ], [ 282683.35, 4155691.19, 1.36 ], [ 282677.72, 4155688.42, 1.3 ], [ 282679.4, 4155686.82, 2.59 ] ], "f": [ [ [ 0, 1, 2, 3, 4, 5, 6, 7 ] ], [ [ 1, 8, 9, 10, 2 ] ], [ [ 11, 12, 13, 14, 15, 16, 17, 18, 10, 9 ] ], [ [ 19, 8, 1, 0, 20, 21, 15, 14, 22 ] ], [ [ 13, 22, 14 ] ], [ [ 22, 13, 12, 19 ] ], [ [ 8, 11, 9 ] ], [ [ 21, 16, 15 ] ], [ [ 19, 12, 11, 8 ] ] ] }, "roof_props": null, "wall_color": "cream", "wall_color_source": "assessor", "type": "yes", "landmark": null, "footprint_source": "osm", "source_updated": null, "is_part": false, "parent": null, "hidden": false, "addr": "704 West 24th Street", "wikidata": null, "website": null, "zoning": "R-5", "lidar_p90": 8.65, "ground_z": 33.24 }, "geometry": { "type": "Polygon", "coordinates": [ [ [ 282686.47, 4155684.32 ], [ 282687.0, 4155683.16 ], [ 282677.56, 4155678.87 ], [ 282677.21, 4155679.64 ], [ 282675.23, 4155678.74 ], [ 282672.09, 4155685.65 ], [ 282683.35, 4155691.19 ], [ 282683.6, 4155690.65 ], [ 282685.79, 4155691.63 ], [ 282688.66, 4155685.32 ], [ 282686.47, 4155684.32 ] ] ] } },
{ "type": "Feature", "properties": { "id": "osm:way/745223880", "name": null, "height": 3.51, "min_height": 0.0, "levels": null, "height_source": "lidar", "roof_shape": "flat", "roof_height": 0.0, "roof_azimuth": null, "roof_source": "heuristic", "roof_color": "roof_dark", "roof_color_source": "heuristic", "lod2_roof": null, "roof_props": null, "wall_color": "sand", "wall_color_source": "assessor", "type": "yes", "landmark": null, "footprint_source": "osm", "source_updated": null, "is_part": false, "parent": null, "hidden": false, "addr": null, "wikidata": null, "website": null, "zoning": "R-5", "lidar_p90": 3.66, "ground_z": 33.35 }, "geometry": { "type": "Polygon", "coordinates": [ [ [ 282657.03, 4155683.07 ], [ 282654.93, 4155687.47 ], [ 282657.68, 4155688.79 ], [ 282659.8, 4155684.4 ], [ 282657.03, 4155683.07 ] ] ] } },
{ "type": "Feature", "properties": { "id": "osm:way/745223743", "name": null, "height": 7.5, "min_height": 0.0, "levels": null, "height_source": "zoning", "roof_shape": "flat", "roof_height": 0.0, "roof_azimuth": null, "roof_source": "heuristic", "roof_color": "roof_flat", "roof_color_source": "heuristic", "lod2_roof": null, "roof_props": null, "wall_color": "brick", "wall_color_source": "assessor", "type": "yes", "landmark": null, "footprint_source": "osm", "source_updated": null, "is_part": false, "parent": null, "hidden": false, "addr": null, "wikidata": null, "website": null, "zoning": "R-5", "lidar_p90": 1.81, "ground_z": 33.99 }, "geometry": { "type": "Polygon", "coordinates": [ [ [ 282641.47, 4155693.08 ], [ 282639.57, 4155697.92 ], [ 282642.59, 4155699.1 ], [ 282644.49, 4155694.26 ], [ 282641.47, 4155693.08 ] ] ] } },
{ "type": "Feature", "properties": { "id": "osm:way/745223811", "name": null, "height": 3.86, "min_height": 0.0, "levels": null, "height_source": "lidar", "roof_shape": "gable", "roof_height": 3.08, "roof_azimuth": 155.1, "roof_source": "lod2", "roof_color": "roof_flat", "roof_color_source": "ortho", "lod2_roof": { "v": [ [ 282676.9, 4155695.83, 3.08 ], [ 282675.45, 4155698.98, 3.08 ], [ 282673.31, 4155703.63, 3.07 ], [ 282669.99, 4155702.09, 0.0 ], [ 282673.6, 4155694.19, 0.0 ], [ 282676.57, 4155705.15, 0.0 ], [ 282680.12, 4155697.45, 0.0 ] ], "f": [ [ [ 0, 1, 2, 3, 4 ] ], [ [ 5, 2, 1, 0, 6 ] ] ] }, "roof_props": null, "wall_color": "brick", "wall_color_source": "assessor", "type": "yes", "landmark": null, "footprint_source": "osm", "source_updated": null, "is_part": false, "parent": null, "hidden": false, "addr": "706 West 24th Street", "wikidata": null, "website": null, "zoning": "R-5", "lidar_p90": 6.69, "ground_z": 32.85 }, "geometry": { "type": "Polygon", "coordinates": [ [ [ 282673.62, 4155692.36 ], [ 282669.26, 4155701.75 ], [ 282676.73, 4155705.22 ], [ 282681.09, 4155695.83 ], [ 282673.62, 4155692.36 ] ] ] } },
{ "type": "Feature", "properties": { "id": "osm:way/745223745", "name": null, "height": 6.53, "min_height": 0.0, "levels": null, "height_source": "lidar", "roof_shape": "flat", "roof_height": 0.0, "roof_azimuth": null, "roof_source": "heuristic", "roof_color": "concrete", "roof_color_source": "ortho", "lod2_roof": null, "roof_props": null, "wall_color": "brick_dark", "wall_color_source": "assessor", "type": "yes", "landmark": null, "footprint_source": "osm", "source_updated": null, "is_part": false, "parent": null, "hidden": false, "addr": "711 West 25th Street", "wikidata": null, "website": null, "zoning": "R-5", "lidar_p90": 7.91, "ground_z": 36.99 }, "geometry": { "type": "Polygon", "coordinates": [ [ [ 282603.38, 4155704.79 ], [ 282605.87, 4155699.74 ], [ 282599.65, 4155696.67 ], [ 282600.57, 4155694.8 ], [ 282596.12, 4155692.6 ], [ 282593.33, 4155698.27 ], [ 282592.38, 4155697.81 ], [ 282591.0, 4155700.61 ], [ 282593.08, 4155701.63 ], [ 282591.45, 4155704.93 ], [ 282602.7, 4155710.46 ], [ 282604.9, 4155706.0 ], [ 282603.38, 4155704.79 ] ] ] } },
{ "type": "Feature", "properties": { "id": "osm:way/745224727", "name": null, "height": 5.06, "min_height": 0.0, "levels": null, "height_source": "lidar", "roof_shape": "gable", "roof_height": 1.83, "roof_azimuth": 154.4, "roof_source": "lidar", "roof_color": "roof_flat", "roof_color_source": "ortho", "lod2_roof": null, "roof_props": null, "wall_color": "brick_dark", "wall_color_source": "assessor", "type": "yes", "landmark": null, "footprint_source": "osm", "source_updated": null, "is_part": false, "parent": null, "hidden": false, "addr": "708 West 24th Street", "wikidata": null, "website": null, "zoning": "R-5", "lidar_p90": 7.11, "ground_z": 32.76 }, "geometry": { "type": "Polygon", "coordinates": [ [ [ 282662.28, 4155716.26 ], [ 282669.8, 4155719.86 ], [ 282674.41, 4155710.25 ], [ 282666.88, 4155706.65 ], [ 282662.28, 4155716.26 ] ] ] } },
{ "type": "Feature", "properties": { "id": "osm:way/745224631", "name": null, "height": 3.81, "min_height": 0.0, "levels": null, "height_source": "lidar", "roof_shape": "flat", "roof_height": 0.0, "roof_azimuth": null, "roof_source": "heuristic", "roof_color": "roof_dark", "roof_color_source": "ortho", "lod2_roof": null, "roof_props": null, "wall_color": "terracotta", "wall_color_source": "assessor", "type": "yes", "landmark": null, "footprint_source": "osm", "source_updated": null, "is_part": false, "parent": null, "hidden": false, "addr": null, "wikidata": null, "website": null, "zoning": "R-5", "lidar_p90": 4.13, "ground_z": 36.26 }, "geometry": { "type": "Polygon", "coordinates": [ [ [ 282587.47, 4155719.0 ], [ 282584.67, 4155725.47 ], [ 282590.46, 4155727.99 ], [ 282593.27, 4155721.52 ], [ 282587.47, 4155719.0 ] ] ] } },
{ "type": "Feature", "properties": { "id": "osm:way/745223728", "name": null, "height": 4.32, "min_height": 0.0, "levels": null, "height_source": "lidar", "roof_shape": "gable", "roof_height": 2.74, "roof_azimuth": 156.6, "roof_source": "lod2", "roof_color": "roof_flat", "roof_color_source": "ortho", "lod2_roof": { "v": [ [ 282663.07, 4155733.29, 0.0 ], [ 282660.18, 4155732.04, 2.74 ], [ 282663.81, 4155724.34, 2.69 ], [ 282666.58, 4155725.17, 0.2 ], [ 282666.46, 4155725.46, 0.19 ], [ 282666.67, 4155725.55, 0.0 ], [ 282659.68, 4155723.0, 1.97 ], [ 282663.42, 4155724.18, 2.62 ], [ 282656.42, 4155730.42, 2.05 ], [ 282657.81, 4155727.26, 2.01 ], [ 282658.42, 4155725.89, 2.0 ], [ 282654.19, 4155729.46, 0.28 ], [ 282654.46, 4155728.74, 0.0 ], [ 282656.74, 4155729.69, 0.0 ], [ 282656.42, 4155730.42, 0.29 ], [ 282657.81, 4155727.26, 0.0 ] ], "f": [ [ [ 0, 1, 2, 3, 4, 5 ] ], [ [ 6, 7, 2, 1, 8, 9, 10 ] ], [ [ 11, 12, 13, 14 ] ], [ [ 8, 14, 13, 15, 9 ] ] ] }, "roof_props": null, "wall_color": "brick_dark", "wall_color_source": "assessor", "type": "yes", "landmark": null, "footprint_source": "osm", "source_updated": null, "is_part": false, "parent": null, "hidden": false, "addr": "710 West 24th Street", "wikidata": null, "website": null, "zoning": "R-5", "lidar_p90": 6.91, "ground_z": 32.89 }, "geometry": { "type": "Polygon", "coordinates": [ [ [ 282667.51, 4155723.92 ], [ 282660.58, 4155720.92 ], [ 282658.43, 4155725.9 ], [ 282655.54, 4155724.64 ], [ 282653.57, 4155729.19 ], [ 282663.41, 4155733.44 ], [ 282667.51, 4155723.92 ] ] ] } },
{ "type": "Feature", "properties": { "id": "osm:way/745223928", "name": null, "height": 4.66, "min_height": 0.0, "levels": null, "height_source": "lidar", "roof_shape": "gable", "roof_height": 3.18, "roof_azimuth": 154.3, "roof_source": "lod2", "roof_color": "roof_flat", "roof_color_source": "ortho", "lod2_roof": { "v": [ [ 282598.37, 4155728.59, 3.15 ], [ 282601.81, 4155730.12, 3.16 ], [ 282607.17, 4155732.52, 3.18 ], [ 282606.06, 4155734.78, 1.13 ], [ 282597.32, 4155730.74, 1.21 ], [ 282603.73, 4155726.87, 2.22 ], [ 282604.13, 4155727.07, 2.6 ], [ 282603.31, 4155728.93, 2.53 ], [ 282602.34, 4155728.3, 1.6 ], [ 282602.05, 4155727.6, 1.16 ], [ 282602.62, 4155727.14, 1.45 ], [ 282602.59, 4155727.04, 1.4 ], [ 282602.9, 4155726.91, 1.6 ], [ 282603.25, 4155726.62, 1.78 ], [ 282603.4, 4155726.7, 1.92 ], [ 282603.67, 4155726.58, 2.09 ], [ 282605.64, 4155727.85, 1.31 ], [ 282605.47, 4155728.04, 1.37 ], [ 282604.29, 4155729.34, 1.73 ], [ 282604.06, 4155729.41, 1.86 ], [ 282600.02, 4155725.18, 0.0 ], [ 282603.08, 4155726.53, 0.0 ], [ 282603.25, 4155726.62, 0.01 ], [ 282602.9, 4155726.91, 0.35 ], [ 282602.59, 4155727.04, 0.55 ], [ 282602.62, 4155727.14, 0.62 ], [ 282603.31, 4155728.93, 1.75 ], [ 282605.47, 4155728.04, 0.34 ], [ 282607.43, 4155728.46, 0.0 ], [ 282608.85, 4155729.08, 0.0 ] ], "f": [ [ [ 0, 1, 2, 3, 4 ] ], [ [ 5, 6, 7, 8, 9, 10, 11, 12, 13, 14, 15 ] ], [ [ 16, 17, 18, 19, 7, 6 ] ], [ [ 2, 1, 0, 20, 21, 22, 23, 24, 25, 9, 8, 26, 19, 18, 27, 28, 29 ] ], [ [ 10, 25, 24, 11 ] ], [ [ 11, 24, 23, 12 ] ], [ [ 7, 26, 8 ] ], [ [ 25, 10, 9 ] ], [ [ 26, 7, 19 ] ], [ [ 17, 27, 18 ] ], [ [ 12, 23, 22, 13 ] ] ] }, "roof_props": null, "wall_color": "brick_dark", "wall_color_source": "assessor", "type": "yes", "landmark": null, "footprint_source": "osm", "source_updated": null, "is_part": false, "parent": null, "hidden": false, "addr": null, "wikidata": null, "website": null, "zoning": "R-5", "lidar_p90": 7.31, "ground_z": 35.98 }, "geometry": { "type": "Polygon", "coordinates": [ [ [ 282600.91, 4155723.35 ], [ 282597.32, 4155730.74 ], [ 282606.06, 4155734.78 ], [ 282609.61, 4155727.53 ], [ 282600.91, 4155723.35 ] ] ] } },
{ "type": "Feature", "properties": { "id": "osm:way/745224739", "name": null, "height": 3.77, "min_height": 0.0, "levels": null, "height_source": "lidar", "roof_shape": "flat", "roof_height": 0.0, "roof_azimuth": null, "roof_source": "heuristic", "roof_color": "roof_flat", "roof_color_source": "ortho", "lod2_roof": null, "roof_props": null, "wall_color": "brick", "wall_color_source": "assessor", "type": "yes", "landmark": null, "footprint_source": "osm", "source_updated": null, "is_part": false, "parent": null, "hidden": false, "addr": null, "wikidata": null, "website": null, "zoning": "R-5", "lidar_p90": 4.51, "ground_z": 35.09 }, "geometry": { "type": "Polygon", "coordinates": [ [ [ 282624.42, 4155735.05 ], [ 282621.51, 4155740.39 ], [ 282627.73, 4155743.78 ], [ 282630.64, 4155738.44 ], [ 282624.42, 4155735.05 ] ] ] } },
{ "type": "Feature", "properties": { "id": "richmond_structure:422830", "name": null, "height": 2.5, "min_height": 0.0, "levels": null, "height_source": "lidar", "roof_shape": "flat", "roof_height": 0.0, "roof_azimuth": null, "roof_source": "heuristic", "roof_color": "roof_flat", "roof_color_source": "heuristic", "lod2_roof": null, "roof_props": null, "wall_color": "brick", "wall_color_source": "assessor", "type": "yes", "landmark": null, "footprint_source": "richmond_structures", "source_updated": "2026-09-08T12:07:13.637000Z", "is_part": false, "parent": null, "hidden": false, "addr": null, "wikidata": null, "website": null, "zoning": "R-5", "lidar_p90": 2.52, "ground_z": 36.92 }, "geometry": { "type": "Polygon", "coordinates": [ [ [ 282526.08, 4155700.43 ], [ 282524.67, 4155703.18 ], [ 282528.6, 4155705.2 ], [ 282530.01, 4155702.46 ], [ 282526.08, 4155700.43 ] ] ] } },
{ "type": "Feature", "properties": { "id": "osm:way/745224139", "name": null, "height": 6.76, "min_height": 0.0, "levels": null, "height_source": "lidar", "roof_shape": "flat", "roof_height": 0.0, "roof_azimuth": null, "roof_source": "heuristic", "roof_color": "roof_flat", "roof_color_source": "ortho", "lod2_roof": null, "roof_props": null, "wall_color": "brick_dark", "wall_color_source": "assessor", "type": "yes", "landmark": null, "footprint_source": "osm", "source_updated": null, "is_part": false, "parent": null, "hidden": false, "addr": "720 West 25th Street", "wikidata": null, "website": null, "zoning": "R-5", "lidar_p90": 7.93, "ground_z": 37.35 }, "geometry": { "type": "Polygon", "coordinates": [ [ [ 282543.23, 4155698.36 ], [ 282539.73, 4155696.8 ], [ 282535.79, 4155705.63 ], [ 282551.98, 4155712.85 ], [ 282557.2, 4155701.14 ], [ 282544.81, 4155695.62 ], [ 282543.23, 4155698.36 ] ] ] } },
{ "type": "Feature", "properties": { "id": "osm:way/745224070", "name": null, "height": 4.62, "min_height": 0.0, "levels": null, "height_source": "lidar", "roof_shape": "flat", "roof_height": 1.28, "roof_azimuth": null, "roof_source": "lod2", "roof_color": "roof_flat", "roof_color_source": "ortho", "lod2_roof": { "v": [ [ 282507.39, 4155735.29, 1.06 ], [ 282508.77, 4155735.92, 0.39 ], [ 282509.16, 4155737.01, 0.0 ], [ 282508.71, 4155737.8, 0.0 ], [ 282506.61, 4155736.8, 1.03 ], [ 282502.39, 4155730.84, 1.27 ], [ 282511.02, 4155734.94, 1.28 ], [ 282510.42, 4155736.2, 0.61 ], [ 282511.05, 4155736.49, 0.62 ], [ 282510.51, 4155737.65, 0.0 ], [ 282507.39, 4155735.29, 0.38 ], [ 282506.02, 4155734.66, 0.37 ], [ 282504.98, 4155735.01, 0.0 ], [ 282502.97, 4155734.06, 0.0 ], [ 282502.99, 4155734.02, 0.02 ], [ 282498.62, 4155731.96, 0.01 ], [ 282499.75, 4155729.58, 1.27 ], [ 282504.25, 4155727.23, 0.0 ], [ 282502.39, 4155730.84, 1.07 ], [ 282499.75, 4155729.58, 1.01 ], [ 282501.38, 4155726.13, 0.0 ], [ 282504.6, 4155735.85, 0.0 ], [ 282509.77, 4155732.63, 0.6 ], [ 282510.55, 4155730.35, 0.0 ], [ 282512.73, 4155731.32, 0.0 ], [ 282511.47, 4155733.98, 0.74 ], [ 282505.3, 4155725.2, 0.23 ], [ 282505.95, 4155723.95, 0.0 ], [ 282512.65, 4155727.05, 0.0 ], [ 282511.91, 4155728.3, 0.23 ], [ 282511.34, 4155728.04, 0.24 ], [ 282509.77, 4155732.63, 1.03 ], [ 282511.47, 4155733.98, 1.11 ], [ 282511.91, 4155728.3, 0.0 ], [ 282511.34, 4155728.04, 0.0 ], [ 282505.3, 4155725.2, 0.0 ] ], "f": [ [ [ 0, 1, 2, 3, 4 ] ], [ [ 5, 6, 7, 8, 9, 2, 1, 10, 11, 12, 13, 14, 15, 16 ] ], [ [ 17, 18, 19, 20 ] ], [ [ 4, 21, 12, 11, 0 ] ], [ [ 22, 23, 24, 25 ] ], [ [ 6, 5, 26, 27, 28, 29, 30, 31, 32 ] ], [ [ 10, 0, 11 ] ], [ [ 31, 22, 25, 32 ] ], [ [ 29, 33, 34, 30 ] ], [ [ 16, 19, 18, 5 ] ], [ [ 0, 10, 1 ] ], [ [ 5, 18, 17, 35, 26 ] ], [ [ 30, 34, 23, 22, 31 ] ] ] }, "roof_props": null, "wall_color": "cream", "wall_color_source": "assessor", "type": "yes", "landmark": null, "footprint_source": "osm", "source_updated": null, "is_part": false, "parent": null, "hidden": false, "addr": "2504 Riverside Drive", "wikidata": null, "website": null, "zoning": "R-5", "lidar_p90": 5.34, "ground_z": 34.97 }, "geometry": { "type": "Polygon", "coordinates": [ [ [ 282514.02, 4155721.86 ], [ 282507.93, 4155719.22 ], [ 282506.02, 4155723.5 ], [ 282503.24, 4155722.2 ], [ 282498.62, 4155731.96 ], [ 282502.99, 4155734.02 ], [ 282502.58, 4155734.89 ], [ 282510.12, 4155738.47 ], [ 282511.05, 4155736.49 ], [ 282510.42, 4155736.2 ], [ 282514.52, 4155727.53 ], [ 282512.22, 4155726.44 ], [ 282514.02, 4155721.86 ] ] ] } },
{ "type": "Feature", "properties": { "id": "osm:way/745224640", "name": null, "height": 9.02, "min_height": 0.0, "levels": null, "height_source": "lidar", "roof_shape": "flat", "roof_height": 0.0, "roof_azimuth": null, "roof_source": "heuristic", "roof_color": "roof_flat", "roof_color_source": "ortho", "lod2_roof": null, "roof_props": null, "wall_color": "brick", "wall_color_source": "assessor", "type": "yes", "landmark": null, "footprint_source": "osm", "source_updated": null, "is_part": false, "parent": null, "hidden": false, "addr": "2500 Riverside Drive", "wikidata": null, "website": null, "zoning": "R-5", "lidar_p90": 10.51, "ground_z": 35.64 }, "geometry": { "type": "Polygon", "coordinates": [ [ [ 282533.04, 4155722.11 ], [ 282530.81, 4155726.98 ], [ 282525.64, 4155724.62 ], [ 282519.83, 4155737.27 ], [ 282533.23, 4155743.42 ], [ 282541.24, 4155725.88 ], [ 282533.04, 4155722.11 ] ] ] } },
{ "type": "Feature", "properties": { "id": "osm:way/745224157", "name": null, "height": 7.87, "min_height": 0.0, "levels": null, "height_source": "lidar", "roof_shape": "flat", "roof_height": 0.0, "roof_azimuth": null, "roof_source": "heuristic", "roof_color": "roof_dark", "roof_color_source": "heuristic", "lod2_roof": null, "roof_props": null, "wall_color": "cream", "wall_color_source": "assessor", "type": "yes", "landmark": null, "footprint_source": "osm", "source_updated": null, "is_part": false, "parent": null, "hidden": false, "addr": null, "wikidata": null, "website": null, "zoning": "R-5", "lidar_p90": 8.47, "ground_z": 35.02 }, "geometry": { "type": "Polygon", "coordinates": [ [ [ 282519.28, 4155737.02 ], [ 282517.96, 4155739.9 ], [ 282525.84, 4155743.51 ], [ 282527.15, 4155740.64 ], [ 282519.28, 4155737.02 ] ] ] } },
{ "type": "Feature", "properties": { "id": "richmond_structure:399127", "name": null, "height": 3.44, "min_height": 0.0, "levels": null, "height_source": "lidar", "roof_shape": "flat", "roof_height": 0.0, "roof_azimuth": null, "roof_source": "heuristic", "roof_color": "roof_flat", "roof_color_source": "heuristic", "lod2_roof": null, "roof_props": null, "wall_color": "brick", "wall_color_source": "assessor", "type": "yes", "landmark": null, "footprint_source": "richmond_structures", "source_updated": "2026-09-08T12:07:13.637000Z", "is_part": false, "parent": null, "hidden": false, "addr": null, "wikidata": null, "website": null, "zoning": "R-5", "lidar_p90": 3.49, "ground_z": 42.96 }, "geometry": { "type": "Polygon", "coordinates": [ [ [ 282708.21, 4155497.95 ], [ 282706.47, 4155501.98 ], [ 282710.48, 4155503.71 ], [ 282712.22, 4155499.68 ], [ 282708.21, 4155497.95 ] ] ] } },
{ "type": "Feature", "properties": { "id": "osm:way/745223704", "name": null, "height": 3.99, "min_height": 0.0, "levels": null, "height_source": "lidar", "roof_shape": "flat", "roof_height": 0.0, "roof_azimuth": null, "roof_source": "heuristic", "roof_color": "roof_dark", "roof_color_source": "heuristic", "lod2_roof": null, "roof_props": null, "wall_color": "brick", "wall_color_source": "assessor", "type": "yes", "landmark": null, "footprint_source": "osm", "source_updated": null, "is_part": false, "parent": null, "hidden": false, "addr": null, "wikidata": null, "website": null, "zoning": "R-5", "lidar_p90": 4.2, "ground_z": 41.26 }, "geometry": { "type": "Polygon", "coordinates": [ [ [ 282730.8, 4155500.35 ], [ 282728.21, 4155505.6 ], [ 282733.88, 4155508.07 ], [ 282735.95, 4155502.74 ], [ 282730.8, 4155500.35 ] ] ] } },
{ "type": "Feature", "properties": { "id": "osm:way/745223835", "name": null, "height": 7.5, "min_height": 0.0, "levels": null, "height_source": "zoning", "roof_shape": "flat", "roof_height": 0.0, "roof_azimuth": null, "roof_source": "heuristic", "roof_color": "roof_dark", "roof_color_source": "heuristic", "lod2_roof": null, "roof_props": null, "wall_color": "cream", "wall_color_source": "assessor", "type": "yes", "landmark": null, "footprint_source": "osm", "source_updated": null, "is_part": false, "parent": null, "hidden": false, "addr": null, "wikidata": null, "website": null, "zoning": "R-5", "lidar_p90": 1.54, "ground_z": 42.6 }, "geometry": { "type": "Polygon", "coordinates": [ [ [ 282700.49, 4155507.05 ], [ 282699.48, 4155509.68 ], [ 282705.86, 4155512.13 ], [ 282706.87, 4155509.49 ], [ 282700.49, 4155507.05 ] ] ] } },
{ "type": "Feature", "properties": { "id": "osm:way/745224311", "name": null, "height": 3.0, "min_height": 0.0, "levels": null, "height_source": "lidar", "roof_shape": "flat", "roof_height": 1.18, "roof_azimuth": null, "roof_source": "lod2", "roof_color": "roof_flat", "roof_color_source": "heuristic", "lod2_roof": { "v": [ [ 282703.49, 4155529.36, 0.28 ], [ 282709.76, 4155531.49, 0.0 ], [ 282707.95, 4155535.15, 1.14 ], [ 282702.07, 4155532.24, 1.18 ] ], "f": [ [ [ 0, 1, 2, 3 ] ] ] }, "roof_props": null, "wall_color": "sand", "wall_color_source": "assessor", "type": "yes", "landmark": null, "footprint_source": "osm", "source_updated": null, "is_part": false, "parent": null, "hidden": false, "addr": null, "wikidata": null, "website": null, "zoning": "R-5", "lidar_p90": 3.63, "ground_z": 41.51 }, "geometry": { "type": "Polygon", "coordinates": [ [ [ 282702.07, 4155532.23 ], [ 282707.95, 4155535.15 ], [ 282710.51, 4155529.98 ], [ 282704.62, 4155527.07 ], [ 282702.07, 4155532.23 ] ] ] } },
{ "type": "Feature", "properties": { "id": "osm:way/745224353", "name": null, "height": 2.98, "min_height": 0.0, "levels": null, "height_source": "lidar", "roof_shape": "gable", "roof_height": 1.57, "roof_azimuth": 156.5, "roof_source": "lod2", "roof_color": "roof_flat", "roof_color_source": "ortho", "lod2_roof": { "v": [ [ 282715.47, 4155539.11, 1.56 ], [ 282712.62, 4155537.87, 0.0 ], [ 282717.32, 4155527.41, 0.0 ], [ 282720.27, 4155528.49, 1.57 ], [ 282722.71, 4155529.39, 0.21 ], [ 282718.2, 4155540.3, 0.01 ] ], "f": [ [ [ 0, 1, 2, 3 ] ], [ [ 4, 5, 0, 3 ] ] ] }, "roof_props": null, "wall_color": "sand", "wall_color_source": "assessor", "type": "yes", "landmark": null, "footprint_source": "osm", "source_updated": null, "is_part": false, "parent": null, "hidden": false, "addr": null, "wikidata": null, "website": null, "zoning": "R-5", "lidar_p90": 3.96, "ground_z": 40.56 }, "geometry": { "type": "Polygon", "coordinates": [ [ [ 282717.81, 4155525.93 ], [ 282712.62, 4155537.87 ], [ 282719.78, 4155540.99 ], [ 282721.93, 4155536.06 ], [ 282720.36, 4155535.37 ], [ 282723.41, 4155528.37 ], [ 282717.81, 4155525.93 ] ] ] } },
{ "type": "Feature", "properties": { "id": "richmond_structure:397548", "name": null, "height": 3.27, "min_height": 0.0, "levels": null, "height_source": "lidar", "roof_shape": "flat", "roof_height": 0.73, "roof_azimuth": null, "roof_source": "lod2", "roof_color": "roof_flat", "roof_color_source": "ortho", "lod2_roof": { "v": [ [ 282728.06, 4155539.88, 0.09 ], [ 282726.43, 4155543.41, 0.73 ], [ 282720.62, 4155540.74, 0.69 ], [ 282722.07, 4155536.86, 0.0 ], [ 282723.97, 4155537.64, 0.0 ] ], "f": [ [ [ 0, 1, 2, 3, 4 ] ] ] }, "roof_props": null, "wall_color": "brick", "wall_color_source": "assessor", "type": "yes", "landmark": null, "footprint_source": "richmond_structures", "source_updated": "2026-09-08T12:07:13.637000Z", "is_part": false, "parent": null, "hidden": false, "addr": null, "wikidata": null, "website": null, "zoning": "R-5", "lidar_p90": 3.59, "ground_z": 40.0 }, "geometry": { "type": "Polygon", "coordinates": [ [ [ 282721.56, 4155535.78 ], [ 282719.51, 4155540.23 ], [ 282726.43, 4155543.41 ], [ 282728.48, 4155538.96 ], [ 282721.56, 4155535.78 ] ] ] } },
{ "type": "Feature", "properties": { "id": "osm:way/745223373", "name": null, "height": 6.68, "min_height": 0.0, "levels": null, "height_source": "lidar", "roof_shape": "hip", "roof_height": 3.05, "roof_azimuth": 48.6, "roof_source": "lod2", "roof_color": "concrete", "roof_color_source": "ortho", "lod2_roof": { "v": [ [ 282746.71, 4155547.0, 1.46 ], [ 282746.92, 4155546.69, 1.22 ], [ 282747.84, 4155546.71, 0.89 ], [ 282748.8, 4155546.47, 0.41 ], [ 282747.37, 4155549.35, 2.45 ], [ 282744.21, 4155547.63, 2.71 ], [ 282740.02, 4155547.4, 1.99 ], [ 282742.26, 4155546.48, 2.91 ], [ 282742.3, 4155546.58, 2.86 ], [ 282746.32, 4155551.48, 1.14 ], [ 282739.5, 4155548.06, 1.54 ], [ 282740.13, 4155541.17, 0.49 ], [ 282739.5, 4155548.06, 1.89 ], [ 282736.54, 4155546.58, 0.0 ], [ 282736.72, 4155546.21, 0.0 ], [ 282737.18, 4155546.46, 0.3 ], [ 282739.5, 4155541.92, 0.36 ], [ 282739.32, 4155541.77, 0.23 ], [ 282739.7, 4155541.0, 0.23 ], [ 282739.7, 4155541.0, 0.51 ], [ 282740.07, 4155540.26, 0.0 ], [ 282740.87, 4155540.62, 0.0 ], [ 282740.63, 4155541.37, 0.48 ], [ 282749.55, 4155544.96, 0.19 ], [ 282748.8, 4155546.47, 1.23 ], [ 282747.84, 4155546.71, 1.61 ], [ 282746.92, 4155546.69, 1.83 ], [ 282746.71, 4155547.0, 2.06 ], [ 282744.21, 4155547.63, 3.05 ], [ 282742.3, 4155546.58, 2.96 ], [ 282739.5, 4155541.92, 0.0 ], [ 282739.32, 4155541.77, 0.0 ], [ 282737.18, 4155546.46, 0.0 ] ], "f": [ [ [ 0, 1, 2, 3, 4, 5 ] ], [ [ 6, 7, 8, 5, 4, 9, 10 ] ], [ [ 11, 7, 6, 12, 13, 14, 15, 16, 17, 18 ] ], [ [ 7, 11, 19, 20, 21, 22, 23, 24, 25, 26, 27, 28, 29 ] ], [ [ 18, 19, 11 ] ], [ [ 16, 30, 31, 17 ] ], [ [ 25, 2, 1, 26 ] ], [ [ 28, 5, 8, 29 ] ], [ [ 24, 3, 2, 25 ] ], [ [ 27, 0, 5, 28 ] ], [ [ 32, 15, 14 ] ], [ [ 26, 1, 0, 27 ] ], [ [ 10, 12, 6 ] ], [ [ 15, 32, 30, 16 ] ] ] }, "roof_props": null, "wall_color": "brick", "wall_color_source": "assessor", "type": "yes", "landmark": null, "footprint_source": "osm", "source_updated": null, "is_part": false, "parent": null, "hidden": false, "addr": "518 West 24th Street", "wikidata": null, "website": null, "zoning": "R-5", "lidar_p90": 9.03, "ground_z": 39.11 }, "geometry": { "type": "Polygon", "coordinates": [ [ [ 282737.89, 4155544.63 ], [ 282736.67, 4155544.02 ], [ 282735.62, 4155546.12 ], [ 282746.32, 4155551.48 ], [ 282750.16, 4155543.74 ], [ 282740.68, 4155539.02 ], [ 282737.89, 4155544.63 ] ] ] } },
{ "type": "Feature", "properties": { "id": "osm:way/745223371", "name": null, "height": 3.8, "min_height": 0.0, "levels": null, "height_source": "lidar", "roof_shape": "flat", "roof_height": 0.65, "roof_azimuth": null, "roof_source": "lod2", "roof_color": "roof_dark", "roof_color_source": "heuristic", "lod2_roof": { "v": [ [ 282699.66, 4155555.0, 0.0 ], [ 282694.66, 4155552.63, 0.0 ], [ 282696.2, 4155549.35, 0.65 ], [ 282701.19, 4155551.74, 0.64 ] ], "f": [ [ [ 0, 1, 2, 3 ] ] ] }, "roof_props": null, "wall_color": "brick", "wall_color_source": "assessor", "type": "yes", "landmark": null, "footprint_source": "osm", "source_updated": null, "is_part": false, "parent": null, "hidden": false, "addr": null, "wikidata": null, "website": null, "zoning": "R-5", "lidar_p90": 3.92, "ground_z": 40.08 }, "geometry": { "type": "Polygon", "coordinates": [ [ [ 282696.93, 4155547.8 ], [ 282694.66, 4155552.63 ], [ 282699.66, 4155555.0 ], [ 282701.93, 4155550.16 ], [ 282696.93, 4155547.8 ] ] ] } },
{ "type": "Feature", "properties": { "id": "osm:way/745223994", "name": null, "height": 3.99, "min_height": 0.0, "levels": null, "height_source": "lidar", "roof_shape": "flat", "roof_height": 1.24, "roof_azimuth": null, "roof_source": "lod2", "roof_color": "roof_flat", "roof_color_source": "ortho", "lod2_roof": { "v": [ [ 282708.12, 4155554.46, 1.23 ], [ 282705.2, 4155560.55, 1.19 ], [ 282702.37, 4155559.37, 0.04 ], [ 282705.34, 4155552.62, 0.0 ], [ 282708.83, 4155552.98, 1.24 ], [ 282712.06, 4155554.41, 0.34 ], [ 282708.81, 4155562.06, 0.19 ] ], "f": [ [ [ 0, 1, 2, 3 ] ], [ [ 0, 4, 5, 6, 1 ] ] ] }, "roof_props": null, "wall_color": "brick", "wall_color_source": "assessor", "type": "yes", "landmark": null, "footprint_source": "osm", "source_updated": null, "is_part": false, "parent": null, "hidden": false, "addr": null, "wikidata": null, "website": null, "zoning": "R-5", "lidar_p90": 4.38, "ground_z": 39.43 }, "geometry": { "type": "Polygon", "coordinates": [ [ [ 282712.06, 4155554.4 ], [ 282705.78, 4155551.64 ], [ 282702.37, 4155559.37 ], [ 282708.81, 4155562.06 ], [ 282712.06, 4155554.4 ] ] ] } },
{ "type": "Feature", "properties": { "id": "osm:way/745223656", "name": null, "height": 4.52, "min_height": 0.0, "levels": null, "height_source": "lidar", "roof_shape": "flat", "roof_height": 0.0, "roof_azimuth": null, "roof_source": "heuristic", "roof_color": "roof_flat", "roof_color_source": "heuristic", "lod2_roof": null, "roof_props": null, "wall_color": "brick_dark", "wall_color_source": "assessor", "type": "yes", "landmark": null, "footprint_source": "osm", "source_updated": null, "is_part": false, "parent": null, "hidden": false, "addr": null, "wikidata": null, "website": null, "zoning": "R-5", "lidar_p90": 5.0, "ground_z": 38.4 }, "geometry": { "type": "Polygon", "coordinates": [ [ [ 282704.39, 4155560.17 ], [ 282702.71, 4155564.02 ], [ 282707.13, 4155565.93 ], [ 282708.81, 4155562.06 ], [ 282704.39, 4155560.17 ] ] ] } },
{ "type": "Feature", "properties": { "id": "osm:way/745223384", "name": null, "height": 6.96, "min_height": 0.0, "levels": null, "height_source": "lidar", "roof_shape": "gable", "roof_height": 1.51, "roof_azimuth": 83.8, "roof_source": "lidar", "roof_color": "roof_flat", "roof_color_source": "ortho", "lod2_roof": null, "roof_props": null, "wall_color": "brick", "wall_color_source": "assessor", "type": "yes", "landmark": null, "footprint_source": "osm", "source_updated": null, "is_part": false, "parent": null, "hidden": false, "addr": "600 West 24th Street", "wikidata": null, "website": null, "zoning": "R-5", "lidar_p90": 9.81, "ground_z": 38.04 }, "geometry": { "type": "Polygon", "coordinates": [ [ [ 282737.3, 4155574.15 ], [ 282732.37, 4155572.24 ], [ 282733.66, 4155568.92 ], [ 282728.57, 4155566.95 ], [ 282728.01, 4155568.4 ], [ 282723.15, 4155566.52 ], [ 282719.98, 4155573.3 ], [ 282725.08, 4155575.27 ], [ 282724.44, 4155576.95 ], [ 282729.85, 4155579.05 ], [ 282730.19, 4155578.15 ], [ 282735.03, 4155580.02 ], [ 282737.3, 4155574.15 ] ] ] } },
{ "type": "Feature", "properties": { "id": "osm:way/745223853", "name": null, "height": 3.74, "min_height": 0.0, "levels": null, "height_source": "lidar", "roof_shape": "flat", "roof_height": 0.0, "roof_azimuth": null, "roof_source": "heuristic", "roof_color": "roof_flat", "roof_color_source": "heuristic", "lod2_roof": null, "roof_props": null, "wall_color": "brick", "wall_color_source": "assessor", "type": "yes", "landmark": null, "footprint_source": "osm", "source_updated": null, "is_part": false, "parent": null, "hidden": false, "addr": null, "wikidata": null, "website": null, "zoning": "R-5", "lidar_p90": 3.91, "ground_z": 37.15 }, "geometry": { "type": "Polygon", "coordinates": [ [ [ 282696.77, 4155575.38 ], [ 282694.97, 4155580.51 ], [ 282698.76, 4155581.84 ], [ 282700.55, 4155576.7 ], [ 282696.77, 4155575.38 ] ] ] } },
{ "type": "Feature", "properties": { "id": "osm:way/745223991", "name": null, "height": 3.9, "min_height": 0.0, "levels": null, "height_source": "lidar", "roof_shape": "gable", "roof_height": 2.74, "roof_azimuth": 141.2, "roof_source": "lod2", "roof_color": "roof_flat", "roof_color_source": "ortho", "lod2_roof": { "v": [ [ 282727.24, 4155587.91, 2.74 ], [ 282723.04, 4155596.69, 2.74 ], [ 282722.35, 4155596.39, 2.19 ], [ 282723.14, 4155594.62, 2.15 ], [ 282720.48, 4155593.45, 0.0 ], [ 282723.88, 4155586.37, 0.0 ], [ 282729.14, 4155588.78, 1.17 ], [ 282730.79, 4155588.83, 0.03 ], [ 282730.2, 4155590.16, 0.0 ], [ 282728.47, 4155593.77, 0.0 ], [ 282728.18, 4155593.64, 0.24 ], [ 282726.22, 4155598.09, 0.13 ] ], "f": [ [ [ 0, 1, 2, 3, 4, 5 ] ], [ [ 1, 0, 6, 7, 8, 9, 10, 11 ] ] ] }, "roof_props": null, "wall_color": "brick", "wall_color_source": "assessor", "type": "yes", "landmark": null, "footprint_source": "osm", "source_updated": null, "is_part": false, "parent": null, "hidden": false, "addr": "602 West 24th Street", "wikidata": null, "website": null, "zoning": "R-5", "lidar_p90": 6.1, "ground_z": 37.1 }, "geometry": { "type": "Polygon", "coordinates": [ [ [ 282723.64, 4155584.61 ], [ 282719.86, 4155593.18 ], [ 282723.14, 4155594.62 ], [ 282722.35, 4155596.39 ], [ 282726.22, 4155598.09 ], [ 282728.18, 4155593.64 ], [ 282729.35, 4155594.15 ], [ 282730.38, 4155591.83 ], [ 282729.61, 4155591.49 ], [ 282731.18, 4155587.94 ], [ 282723.64, 4155584.61 ] ] ] } },
{ "type": "Feature", "properties": { "id": "osm:way/745223941", "name": null, "height": 8.77, "min_height": 0.0, "levels": null, "height_source": "lidar", "roof_shape": "flat", "roof_height": 0.0, "roof_azimuth": null, "roof_source": "heuristic", "roof_color": "roof_flat", "roof_color_source": "ortho", "lod2_roof": null, "roof_props": null, "wall_color": "brick", "wall_color_source": "assessor", "type": "yes", "landmark": null, "footprint_source": "osm", "source_updated": null, "is_part": false, "parent": null, "hidden": false, "addr": "608 West 24th Street", "wikidata": null, "website": null, "zoning": "R-5", "lidar_p90": 9.49, "ground_z": 36.23 }, "geometry": { "type": "Polygon", "coordinates": [ [ [ 282709.74, 4155605.18 ], [ 282724.84, 4155612.07 ], [ 282727.98, 4155605.25 ], [ 282712.83, 4155598.3 ], [ 282709.74, 4155605.18 ] ] ] } },
{ "type": "Feature", "properties": { "id": "osm:way/745223855", "name": null, "height": 3.6, "min_height": 0.0, "levels": null, "height_source": "lidar", "roof_shape": "flat", "roof_height": 0.0, "roof_azimuth": null, "roof_source": "heuristic", "roof_color": "roof_flat", "roof_color_source": "heuristic", "lod2_roof": null, "roof_props": null, "wall_color": "brick_dark", "wall_color_source": "assessor", "type": "yes", "landmark": null, "footprint_source": "osm", "source_updated": null, "is_part": false, "parent": null, "hidden": false, "addr": null, "wikidata": null, "website": null, "zoning": "R-5", "lidar_p90": 3.8, "ground_z": 35.33 }, "geometry": { "type": "Polygon", "coordinates": [ [ [ 282745.64, 4155623.06 ], [ 282742.59, 4155630.02 ], [ 282745.46, 4155631.26 ], [ 282748.49, 4155624.31 ], [ 282745.64, 4155623.06 ] ] ] } },
{ "type": "Feature", "properties": { "id": "osm:way/745223721", "name": null, "height": 3.44, "min_height": 0.0, "levels": null, "height_source": "lidar", "roof_shape": "gable", "roof_height": 2.07, "roof_azimuth": 155.8, "roof_source": "lod2", "roof_color": "roof_flat", "roof_color_source": "ortho", "lod2_roof": { "v": [ [ 282709.23, 4155622.33, 1.72 ], [ 282703.89, 4155634.17, 2.07 ], [ 282699.72, 4155632.3, 0.11 ], [ 282701.34, 4155628.69, 0.0 ], [ 282705.71, 4155620.44, 0.0 ], [ 282712.73, 4155624.2, 0.04 ], [ 282707.52, 4155635.8, 0.37 ] ], "f": [ [ [ 0, 1, 2, 3, 4 ] ], [ [ 0, 5, 6, 1 ] ] ] }, "roof_props": null, "wall_color": "brick", "wall_color_source": "assessor", "type": "yes", "landmark": null, "footprint_source": "osm", "source_updated": null, "is_part": false, "parent": null, "hidden": false, "addr": "610 West 24th Street", "wikidata": null, "website": null, "zoning": "R-5", "lidar_p90": 4.95, "ground_z": 34.62 }, "geometry": { "type": "Polygon", "coordinates": [ [ [ 282705.82, 4155618.73 ], [ 282699.72, 4155632.3 ], [ 282707.52, 4155635.8 ], [ 282713.62, 4155622.22 ], [ 282705.82, 4155618.73 ] ] ] } },
{ "type": "Feature", "properties": { "id": "osm:way/745223829", "name": null, "height": 6.73, "min_height": 0.0, "levels": null, "height_source": "lidar", "roof_shape": "flat", "roof_height": 0.0, "roof_azimuth": null, "roof_source": "heuristic", "roof_color": "roof_flat", "roof_color_source": "ortho", "lod2_roof": null, "roof_props": null, "wall_color": "brick", "wall_color_source": "assessor", "type": "yes", "landmark": null, "footprint_source": "osm", "source_updated": null, "is_part": false, "parent": null, "hidden": false, "addr": "618 West 24th Street", "wikidata": null, "website": null, "zoning": "R-5", "lidar_p90": 7.11, "ground_z": 34.18 }, "geometry": { "type": "Polygon", "coordinates": [ [ [ 282690.71, 4155644.89 ], [ 282695.29, 4155647.09 ], [ 282694.29, 4155649.17 ], [ 282698.25, 4155651.08 ], [ 282699.46, 4155648.58 ], [ 282701.07, 4155649.36 ], [ 282705.0, 4155641.21 ], [ 282695.04, 4155636.41 ], [ 282690.71, 4155644.89 ] ] ] } },
{ "type": "Feature", "properties": { "id": "osm:way/745223981", "name": null, "height": 4.28, "min_height": 0.0, "levels": null, "height_source": "lidar", "roof_shape": "gable", "roof_height": 1.76, "roof_azimuth": 155.6, "roof_source": "lod2", "roof_color": "concrete", "roof_color_source": "ortho", "lod2_roof": { "v": [ [ 282740.94, 4155641.62, 0.0 ], [ 282744.73, 4155643.52, 1.76 ], [ 282740.59, 4155652.48, 1.76 ], [ 282736.8, 4155650.76, 0.03 ], [ 282745.6, 4155643.95, 1.36 ], [ 282746.64, 4155643.57, 1.04 ], [ 282748.34, 4155644.75, 0.2 ], [ 282744.11, 4155654.07, 0.16 ] ], "f": [ [ [ 0, 1, 2, 3 ] ], [ [ 4, 5, 6, 7, 2, 1 ] ] ] }, "roof_props": null, "wall_color": "brick", "wall_color_source": "assessor", "type": "yes", "landmark": null, "footprint_source": "osm", "source_updated": null, "is_part": false, "parent": null, "hidden": false, "addr": "609 West 24th Street", "wikidata": null, "website": null, "zoning": "R-5", "lidar_p90": 5.75, "ground_z": 33.25 }, "geometry": { "type": "Polygon", "coordinates": [ [ [ 282749.04, 4155643.21 ], [ 282741.73, 4155639.88 ], [ 282736.79, 4155650.76 ], [ 282744.11, 4155654.07 ], [ 282749.04, 4155643.21 ] ] ] } },
{ "type": "Feature", "properties": { "id": "osm:way/745223915", "name": null, "height": 4.96, "min_height": 0.0, "levels": null, "height_source": "lidar", "roof_shape": "gable", "roof_height": 1.89, "roof_azimuth": 155.3, "roof_source": "lod2", "roof_color": "roof_flat", "roof_color_source": "ortho", "lod2_roof": { "v": [ [ 282736.01, 4155667.59, 1.77 ], [ 282731.47, 4155665.51, 0.32 ], [ 282734.04, 4155659.91, 0.49 ], [ 282732.47, 4155659.28, 0.0 ], [ 282733.42, 4155657.04, 0.05 ], [ 282739.94, 4155657.52, 1.89 ], [ 282739.64, 4155658.3, 1.88 ], [ 282742.77, 4155659.51, 0.48 ], [ 282738.53, 4155668.74, 0.61 ] ], "f": [ [ [ 0, 1, 2, 3, 4, 5, 6 ] ], [ [ 7, 8, 0, 6 ] ] ] }, "roof_props": null, "wall_color": "sand", "wall_color_source": "assessor", "type": "yes", "landmark": null, "footprint_source": "osm", "source_updated": null, "is_part": false, "parent": null, "hidden": false, "addr": "611 West 24th Street", "wikidata": null, "website": null, "zoning": "R-5", "lidar_p90": 6.48, "ground_z": 32.32 }, "geometry": { "type": "Polygon", "coordinates": [ [ [ 282743.43, 4155658.09 ], [ 282736.36, 4155654.84 ], [ 282736.1, 4155655.4 ], [ 282734.43, 4155654.65 ], [ 282732.47, 4155659.28 ], [ 282734.04, 4155659.91 ], [ 282731.47, 4155665.51 ], [ 282738.53, 4155668.74 ], [ 282743.43, 4155658.09 ] ] ] } },
{ "type": "Feature", "properties": { "id": "osm:way/745223689", "name": null, "height": 6.08, "min_height": 0.0, "levels": null, "height_source": "lidar", "roof_shape": "hip", "roof_height": 2.94, "roof_azimuth": 155.0, "roof_source": "lod2", "roof_color": "roof_flat", "roof_color_source": "ortho", "lod2_roof": { "v": [ [ 282689.7, 4155672.11, 2.57 ], [ 282695.62, 4155670.25, 0.2 ], [ 282695.98, 4155670.42, 0.0 ], [ 282693.26, 4155676.28, 0.02 ], [ 282690.84, 4155675.14, 1.4 ], [ 282690.6, 4155675.65, 1.4 ], [ 282690.51, 4155675.6, 1.46 ], [ 282690.19, 4155674.23, 1.89 ], [ 282685.3, 4155673.35, 1.18 ], [ 282685.92, 4155672.69, 1.67 ], [ 282687.28, 4155671.24, 2.74 ], [ 282687.35, 4155671.29, 2.73 ], [ 282688.39, 4155671.91, 2.66 ], [ 282688.7, 4155671.93, 2.73 ], [ 282689.67, 4155671.97, 2.94 ], [ 282689.7, 4155672.11, 2.87 ], [ 282690.51, 4155675.6, 1.27 ], [ 282690.6, 4155675.65, 1.26 ], [ 282690.54, 4155675.79, 1.18 ], [ 282687.31, 4155666.25, 0.23 ], [ 282687.33, 4155666.44, 0.32 ], [ 282689.67, 4155671.97, 2.51 ], [ 282688.39, 4155671.91, 2.8 ], [ 282687.28, 4155671.24, 2.73 ], [ 282687.8, 4155670.7, 2.33 ], [ 282687.66, 4155669.39, 1.71 ], [ 282685.39, 4155665.84, 0.49 ], [ 282681.43, 4155671.55, 0.12 ], [ 282684.12, 4155665.56, 0.06 ], [ 282687.8, 4155670.7, 1.95 ], [ 282687.28, 4155671.24, 1.87 ], [ 282685.3, 4155673.35, 1.57 ] ], "f": [ [ [ 0, 1, 2, 3, 4, 5, 6, 7 ] ], [ [ 8, 9, 10, 11, 12, 13, 14, 15, 7, 16, 17, 18 ] ], [ [ 19, 20, 1, 0, 21, 13, 22, 11, 23, 24, 25, 26 ] ], [ [ 27, 28, 26, 25, 29, 30, 9, 31 ] ], [ [ 21, 14, 13 ] ], [ [ 12, 22, 13 ] ], [ [ 6, 16, 7 ] ], [ [ 15, 0, 7 ] ], [ [ 5, 17, 16, 6 ] ], [ [ 24, 29, 25 ] ], [ [ 14, 21, 0, 15 ] ], [ [ 22, 12, 11 ] ], [ [ 30, 23, 10, 9 ] ], [ [ 8, 31, 9 ] ], [ [ 23, 30, 29, 24 ] ] ] }, "roof_props": null, "wall_color": "brick", "wall_color_source": "assessor", "type": "yes", "landmark": null, "footprint_source": "osm", "source_updated": null, "is_part": false, "parent": null, "hidden": false, "addr": "700 West 24th Street", "wikidata": null, "website": null, "zoning": "R-5", "lidar_p90": 8.51, "ground_z": 33.47 }, "geometry": { "type": "Polygon", "coordinates": [ [ [ 282685.22, 4155663.79 ], [ 282684.99, 4155664.28 ], [ 282683.14, 4155663.41 ], [ 282680.06, 4155670.01 ], [ 282681.42, 4155670.65 ], [ 282681.07, 4155671.38 ], [ 282690.54, 4155675.79 ], [ 282690.84, 4155675.14 ], [ 282693.26, 4155676.28 ], [ 282696.47, 4155669.36 ], [ 282685.22, 4155663.79 ] ] ] } },
{ "type": "Feature", "properties": { "id": "osm:way/745224041", "name": null, "height": 3.49, "min_height": 0.0, "levels": null, "height_source": "lidar", "roof_shape": "gable", "roof_height": 2.41, "roof_azimuth": 158.1, "roof_source": "lod2", "roof_color": "roof_flat", "roof_color_source": "ortho", "lod2_roof": { "v": [ [ 282721.99, 4155685.32, 0.0 ], [ 282726.23, 4155686.21, 2.14 ], [ 282726.67, 4155686.54, 2.41 ], [ 282723.17, 4155693.34, 2.27 ], [ 282719.36, 4155691.81, 0.19 ], [ 282721.84, 4155685.64, 0.0 ], [ 282731.44, 4155690.14, 0.17 ], [ 282731.2, 4155690.73, 0.13 ], [ 282729.05, 4155689.87, 1.0 ], [ 282727.04, 4155694.9, 0.71 ] ], "f": [ [ [ 0, 1, 2, 3, 4, 5 ] ], [ [ 2, 6, 7, 8, 9, 3 ] ] ] }, "roof_props": null, "wall_color": "sand", "wall_color_source": "assessor", "type": "yes", "landmark": null, "footprint_source": "osm", "source_updated": null, "is_part": false, "parent": null, "hidden": false, "addr": "701 West 24th Street", "wikidata": null, "website": null, "zoning": "R-5", "lidar_p90": 5.21, "ground_z": 31.86 }, "geometry": { "type": "Polygon", "coordinates": [ [ [ 282729.05, 4155689.87 ], [ 282731.2, 4155690.73 ], [ 282732.65, 4155687.12 ], [ 282722.83, 4155683.18 ], [ 282719.36, 4155691.81 ], [ 282727.03, 4155694.9 ], [ 282729.05, 4155689.87 ] ] ] } },
{ "type": "Feature", "properties": { "id": "osm:way/745223799", "name": null, "height": 3.82, "min_height": 0.0, "levels": null, "height_source": "lidar", "roof_shape": "gable", "roof_height": 1.99, "roof_azimuth": 158.2, "roof_source": "lod2", "roof_color": "roof_flat", "roof_color_source": "ortho", "lod2_roof": { "v": [ [ 282717.32, 4155705.91, 1.84 ], [ 282713.86, 4155704.53, 0.0 ], [ 282716.9, 4155698.0, 0.0 ], [ 282720.54, 4155699.72, 1.99 ], [ 282724.77, 4155702.95, 0.0 ], [ 282723.19, 4155702.37, 0.62 ], [ 282721.16, 4155707.44, 0.31 ], [ 282725.34, 4155701.99, 0.0 ] ], "f": [ [ [ 0, 1, 2, 3 ] ], [ [ 4, 5, 6, 0, 3, 7 ] ] ] }, "roof_props": null, "wall_color": "brick", "wall_color_source": "assessor", "type": "yes", "landmark": null, "footprint_source": "osm", "source_updated": null, "is_part": false, "parent": null, "hidden": false, "addr": "703 West 24th Street", "wikidata": null, "website": null, "zoning": "R-5", "lidar_p90": 5.33, "ground_z": 31.73 }, "geometry": { "type": "Polygon", "coordinates": [ [ [ 282726.91, 4155699.71 ], [ 282717.21, 4155695.83 ], [ 282713.75, 4155704.48 ], [ 282721.16, 4155707.44 ], [ 282723.19, 4155702.37 ], [ 282725.51, 4155703.22 ], [ 282726.91, 4155699.71 ] ] ] } },
{ "type": "Feature", "properties": { "id": "osm:way/745224004", "name": null, "height": 3.54, "min_height": 0.0, "levels": null, "height_source": "lidar", "roof_shape": "gable", "roof_height": 2.29, "roof_azimuth": 156.0, "roof_source": "lod2", "roof_color": "roof_flat", "roof_color_source": "ortho", "lod2_roof": { "v": [ [ 282711.67, 4155711.5, 0.0 ], [ 282715.93, 4155713.05, 2.29 ], [ 282712.65, 4155719.58, 2.17 ], [ 282709.24, 4155718.06, 0.29 ], [ 282709.35, 4155717.77, 0.27 ], [ 282708.88, 4155717.53, 0.0 ], [ 282717.97, 4155713.8, 1.45 ], [ 282720.86, 4155716.1, 0.04 ], [ 282720.59, 4155716.71, 0.02 ], [ 282718.48, 4155715.76, 0.91 ], [ 282716.09, 4155721.11, 0.72 ] ], "f": [ [ [ 0, 1, 2, 3, 4, 5 ] ], [ [ 6, 7, 8, 9, 10, 2, 1 ] ] ] }, "roof_props": null, "wall_color": "sand", "wall_color_source": "assessor", "type": "yes", "landmark": null, "footprint_source": "osm", "source_updated": null, "is_part": false, "parent": null, "hidden": false, "addr": "705 West 24th Street", "wikidata": null, "website": null, "zoning": "R-5", "lidar_p90": 5.15, "ground_z": 31.98 }, "geometry": { "type": "Polygon", "coordinates": [ [ [ 282718.48, 4155715.76 ], [ 282720.59, 4155716.71 ], [ 282721.92, 4155713.73 ], [ 282712.41, 4155709.49 ], [ 282708.7, 4155717.82 ], [ 282716.09, 4155721.11 ], [ 282718.48, 4155715.76 ] ] ] } },
{ "type": "Feature", "properties": { "id": "osm:way/745223944", "name": null, "height": 8.58, "min_height": 0.0, "levels": null, "height_source": "lidar", "roof_shape": "flat", "roof_height": 0.0, "roof_azimuth": null, "roof_source": "heuristic", "roof_color": "roof_flat", "roof_color_source": "ortho", "lod2_roof": null, "roof_props": null, "wall_color": "brick_dark", "wall_color_source": "assessor", "type": "yes", "landmark": null, "footprint_source": "osm", "source_updated": null, "is_part": false, "parent": null, "hidden": false, "addr": "709 West 24th Street", "wikidata": null, "website": null, "zoning": "R-5", "lidar_p90": 9.77, "ground_z": 32.25 }, "geometry": { "type": "Polygon", "coordinates": [ [ [ 282714.1, 4155728.53 ], [ 282701.55, 4155722.71 ], [ 282698.07, 4155729.76 ], [ 282710.79, 4155735.61 ], [ 282714.1, 4155728.53 ] ] ] } },
{ "type": "Feature", "properties": { "id": "osm:way/745224731", "name": null, "height": 3.79, "min_height": 0.0, "levels": null, "height_source": "lidar", "roof_shape": "flat", "roof_height": 1.57, "roof_azimuth": null, "roof_source": "lod2", "roof_color": "concrete", "roof_color_source": "heuristic", "lod2_roof": { "v": [ [ 282734.61, 4155741.25, 1.57 ], [ 282729.98, 4155738.66, 1.57 ], [ 282730.86, 4155736.44, 0.0 ], [ 282735.75, 4155739.18, 0.0 ], [ 282734.16, 4155742.06, 0.99 ], [ 282728.84, 4155739.12, 0.96 ], [ 282729.3, 4155738.28, 1.57 ] ], "f": [ [ [ 0, 1, 2, 3 ] ], [ [ 1, 0, 4, 5, 6 ] ] ] }, "roof_props": null, "wall_color": "cream", "wall_color_source": "assessor", "type": "yes", "landmark": null, "footprint_source": "osm", "source_updated": null, "is_part": false, "parent": null, "hidden": false, "addr": null, "wikidata": null, "website": null, "zoning": "R-5", "lidar_p90": 4.36, "ground_z": 32.84 }, "geometry": { "type": "Polygon", "coordinates": [ [ [ 282731.4, 4155734.49 ], [ 282728.84, 4155739.12 ], [ 282734.16, 4155742.06 ], [ 282736.72, 4155737.44 ], [ 282731.4, 4155734.49 ] ] ] } },
{ "type": "Feature", "properties": { "id": "osm:way/745223610", "name": null, "height": 7.5, "min_height": 0.0, "levels": null, "height_source": "zoning", "roof_shape": "flat", "roof_height": 0.0, "roof_azimuth": null, "roof_source": "heuristic", "roof_color": "roof_flat", "roof_color_source": "heuristic", "lod2_roof": null, "roof_props": null, "wall_color": "brick_dark", "wall_color_source": "assessor", "type": "yes", "landmark": null, "footprint_source": "osm", "source_updated": null, "is_part": false, "parent": null, "hidden": false, "addr": null, "wikidata": null, "website": null, "zoning": "R-5", "lidar_p90": 3.73, "ground_z": 32.91 }, "geometry": { "type": "Polygon", "coordinates": [ [ [ 282697.51, 4155737.9 ], [ 282693.72, 4155745.94 ], [ 282695.36, 4155746.68 ], [ 282699.05, 4155738.46 ], [ 282697.51, 4155737.9 ] ] ] } },
{ "type": "Feature", "properties": { "id": "osm:way/745223922", "name": null, "height": 3.17, "min_height": 0.0, "levels": null, "height_source": "lidar", "roof_shape": "flat", "roof_height": 0.85, "roof_azimuth": null, "roof_source": "lod2", "roof_color": "roof_flat", "roof_color_source": "ortho", "lod2_roof": { "v": [ [ 282730.78, 4155743.31, 0.78 ], [ 282734.2, 4155743.28, 0.68 ], [ 282734.6, 4155743.67, 0.67 ], [ 282732.74, 4155747.47, 0.65 ], [ 282727.5, 4155744.91, 0.84 ], [ 282728.73, 4155742.4, 0.85 ], [ 282734.2, 4155743.28, 0.53 ], [ 282732.54, 4155743.29, 0.0 ], [ 282729.19, 4155741.46, 0.0 ], [ 282729.63, 4155740.57, 0.65 ], [ 282734.86, 4155743.13, 0.82 ], [ 282734.6, 4155743.67, 0.43 ], [ 282728.73, 4155742.4, 0.0 ], [ 282730.78, 4155743.31, 0.0 ] ], "f": [ [ [ 0, 1, 2, 3, 4, 5 ] ], [ [ 6, 7, 8, 9, 10, 11 ] ], [ [ 5, 12, 13, 0 ] ], [ [ 1, 6, 11, 2 ] ], [ [ 0, 13, 7, 6, 1 ] ] ] }, "roof_props": null, "wall_color": "cream", "wall_color_source": "assessor", "type": "yes", "landmark": null, "footprint_source": "osm", "source_updated": null, "is_part": false, "parent": null, "hidden": false, "addr": null, "wikidata": null, "website": null, "zoning": "R-5", "lidar_p90": 3.4, "ground_z": 33.17 }, "geometry": { "type": "Polygon", "coordinates": [ [ [ 282729.63, 4155740.57 ], [ 282727.5, 4155744.91 ], [ 282732.73, 4155747.47 ], [ 282734.86, 4155743.13 ], [ 282729.63, 4155740.57 ] ] ] } },
{ "type": "Feature", "properties": { "id": "osm:way/745223871", "name": null, "height": 3.65, "min_height": 0.0, "levels": null, "height_source": "lidar", "roof_shape": "gable", "roof_height": 2.49, "roof_azimuth": 155.8, "roof_source": "lod2", "roof_color": "roof_flat", "roof_color_source": "ortho", "lod2_roof": { "v": [ [ 282699.35, 4155749.18, 2.49 ], [ 282695.1, 4155747.26, 0.31 ], [ 282699.42, 4155737.64, 0.22 ], [ 282703.74, 4155739.54, 2.42 ], [ 282707.12, 4155741.02, 0.97 ], [ 282704.29, 4155747.32, 1.01 ], [ 282706.64, 4155748.32, 0.0 ], [ 282705.13, 4155751.79, 0.0 ] ], "f": [ [ [ 0, 1, 2, 3 ] ], [ [ 3, 4, 5, 6, 7, 0 ] ] ] }, "roof_props": null, "wall_color": "sand", "wall_color_source": "assessor", "type": "yes", "landmark": null, "footprint_source": "osm", "source_updated": null, "is_part": false, "parent": null, "hidden": false, "addr": "711 West 24th Street", "wikidata": null, "website": null, "zoning": "R-5", "lidar_p90": 5.7, "ground_z": 33.2 }, "geometry": { "type": "Polygon", "coordinates": [ [ [ 282695.1, 4155747.26 ], [ 282705.18, 4155751.81 ], [ 282706.64, 4155748.32 ], [ 282704.29, 4155747.32 ], [ 282707.69, 4155739.77 ], [ 282700.02, 4155736.31 ], [ 282695.1, 4155747.26 ] ] ] } }
]
}
