{
"type": "FeatureCollection",
"name": "landuse",
"crs": { "type": "name", "properties": { "name": "urn:ogc:def:crs:EPSG::32618" } },
"xy_coordinate_resolution": 0.01,
"features": [
{ "type": "Feature", "properties": { "id": "imagery:groundcover_lawn:2823", "name": null, "kind": "groundcover_lawn", "sport": null, "surface": null, "pitch_layout": null, "source": "vgin_vbmp+naip+lidar2025", "source_updated": null, "base_z": null, "top_z": null }, "geometry": { "type": "MultiPolygon", "coordinates": [ [ [ [ 280308.31, 4158000.0 ], [ 280294.13, 4158000.0 ], [ 280294.13, 4158007.29 ], [ 280308.31, 4158000.0 ] ] ], [ [ [ 280375.48, 4158000.0 ], [ 280363.6, 4158000.0 ], [ 280373.12, 4158004.89 ], [ 280375.48, 4158000.0 ] ] ], [ [ [ 280327.97, 4158021.63 ], [ 280330.81, 4158019.57 ], [ 280332.3, 4158015.12 ], [ 280332.83, 4158014.4 ], [ 280334.91, 4158012.9 ], [ 280335.77, 4158012.63 ], [ 280336.13, 4158012.63 ], [ 280339.13, 4158009.63 ], [ 280339.13, 4158007.39 ], [ 280339.08, 4158007.34 ], [ 280339.02, 4158007.27 ], [ 280338.96, 4158007.19 ], [ 280338.91, 4158007.1 ], [ 280338.87, 4158007.01 ], [ 280338.84, 4158006.92 ], [ 280338.82, 4158006.82 ], [ 280338.81, 4158006.72 ], [ 280338.81, 4158006.63 ], [ 280338.82, 4158006.53 ], [ 280338.84, 4158006.43 ], [ 280338.86, 4158006.34 ], [ 280338.9, 4158006.25 ], [ 280338.94, 4158006.16 ], [ 280339.0, 4158006.08 ], [ 280341.38, 4158002.75 ], [ 280341.44, 4158002.67 ], [ 280341.51, 4158002.6 ], [ 280341.58, 4158002.54 ], [ 280341.67, 4158002.48 ], [ 280341.75, 4158002.43 ], [ 280341.84, 4158002.39 ], [ 280341.93, 4158002.36 ], [ 280342.03, 4158002.34 ], [ 280342.13, 4158002.33 ], [ 280342.23, 4158002.33 ], [ 280342.32, 4158002.34 ], [ 280342.42, 4158002.36 ], [ 280342.52, 4158002.38 ], [ 280342.61, 4158002.42 ], [ 280342.69, 4158002.46 ], [ 280342.78, 4158002.52 ], [ 280344.32, 4158003.63 ], [ 280351.68, 4158003.63 ], [ 280351.75, 4158003.56 ], [ 280351.82, 4158003.49 ], [ 280351.9, 4158003.44 ], [ 280351.99, 4158003.39 ], [ 280352.08, 4158003.35 ], [ 280352.17, 4158003.32 ], [ 280352.27, 4158003.3 ], [ 280352.37, 4158003.29 ], [ 280352.46, 4158003.29 ], [ 280352.56, 4158003.3 ], [ 280352.66, 4158003.31 ], [ 280352.75, 4158003.34 ], [ 280352.84, 4158003.38 ], [ 280352.93, 4158003.42 ], [ 280353.01, 4158003.47 ], [ 280353.23, 4158003.63 ], [ 280353.53, 4158003.63 ], [ 280354.55, 4158004.05 ], [ 280356.42, 4158005.91 ], [ 280358.61, 4158007.48 ], [ 280358.68, 4158007.54 ], [ 280358.75, 4158007.61 ], [ 280358.82, 4158007.68 ], [ 280358.87, 4158007.76 ], [ 280358.92, 4158007.85 ], [ 280358.96, 4158007.94 ], [ 280358.99, 4158008.03 ], [ 280359.01, 4158008.13 ], [ 280359.02, 4158008.23 ], [ 280359.02, 4158008.32 ], [ 280359.01, 4158008.42 ], [ 280359.0, 4158008.52 ], [ 280358.97, 4158008.61 ], [ 280358.93, 4158008.7 ], [ 280358.89, 4158008.79 ], [ 280358.84, 4158008.87 ], [ 280357.13, 4158011.25 ], [ 280357.13, 4158014.09 ], [ 280357.02, 4158014.66 ], [ 280356.37, 4158016.23 ], [ 280356.04, 4158016.71 ], [ 280337.61, 4158035.15 ], [ 280336.96, 4158035.53 ], [ 280334.86, 4158036.11 ], [ 280334.11, 4158036.12 ], [ 280326.47, 4158034.21 ], [ 280323.05, 4158035.78 ], [ 280318.97, 4158043.94 ], [ 280318.53, 4158044.47 ], [ 280316.91, 4158045.67 ], [ 280316.27, 4158045.94 ], [ 280301.08, 4158048.47 ], [ 280299.45, 4158049.31 ], [ 280295.01, 4158053.75 ], [ 280294.13, 4158055.87 ], [ 280294.13, 4158063.82 ], [ 280326.77, 4158048.05 ], [ 280338.33, 4158041.67 ], [ 280351.75, 4158032.24 ], [ 280360.25, 4158024.03 ], [ 280367.33, 4158015.3 ], [ 280370.25, 4158010.28 ], [ 280350.26, 4158000.0 ], [ 280321.64, 4158000.0 ], [ 280294.13, 4158014.15 ], [ 280294.13, 4158034.07 ], [ 280296.14, 4158036.9 ], [ 280299.47, 4158035.95 ], [ 280305.02, 4158029.02 ], [ 280305.53, 4158028.61 ], [ 280307.27, 4158027.77 ], [ 280307.91, 4158027.63 ], [ 280312.13, 4158027.63 ], [ 280314.9, 4158025.77 ], [ 280315.55, 4158024.2 ], [ 280317.71, 4158022.05 ], [ 280318.73, 4158021.63 ], [ 280327.97, 4158021.63 ] ] ], [ [ [ 280488.8, 4158026.96 ], [ 280488.82, 4158027.15 ], [ 280489.07, 4158029.77 ], [ 280492.56, 4158030.14 ], [ 280492.66, 4158030.15 ], [ 280492.75, 4158030.18 ], [ 280492.85, 4158030.21 ], [ 280492.93, 4158030.25 ], [ 280493.02, 4158030.3 ], [ 280493.1, 4158030.36 ], [ 280493.17, 4158030.43 ], [ 280493.23, 4158030.5 ], [ 280493.29, 4158030.58 ], [ 280493.34, 4158030.67 ], [ 280493.38, 4158030.75 ], [ 280493.42, 4158030.85 ], [ 280493.44, 4158030.94 ], [ 280493.45, 4158031.04 ], [ 280493.46, 4158031.14 ], [ 280493.45, 4158031.24 ], [ 280492.64, 4158038.85 ], [ 280500.0, 4158039.62 ], [ 280500.0, 4158029.23 ], [ 280497.73, 4158024.69 ], [ 280493.83, 4158024.78 ], [ 280493.61, 4158024.77 ], [ 280487.29, 4158024.13 ], [ 280488.6, 4158026.43 ], [ 280488.68, 4158026.6 ], [ 280488.75, 4158026.78 ], [ 280488.8, 4158026.96 ] ] ], [ [ [ 280489.53, 4158053.0 ], [ 280489.43, 4158052.98 ], [ 280489.34, 4158052.95 ], [ 280489.25, 4158052.9 ], [ 280489.17, 4158052.85 ], [ 280489.09, 4158052.79 ], [ 280489.02, 4158052.73 ], [ 280488.95, 4158052.65 ], [ 280488.89, 4158052.57 ], [ 280488.84, 4158052.49 ], [ 280488.8, 4158052.4 ], [ 280488.77, 4158052.31 ], [ 280488.75, 4158052.21 ], [ 280488.73, 4158052.11 ], [ 280488.73, 4158052.02 ], [ 280488.73, 4158051.92 ], [ 280489.27, 4158046.92 ], [ 280480.63, 4158046.01 ], [ 280480.5, 4158047.19 ], [ 280480.49, 4158047.29 ], [ 280480.46, 4158047.38 ], [ 280480.43, 4158047.48 ], [ 280480.39, 4158047.56 ], [ 280480.34, 4158047.65 ], [ 280480.28, 4158047.73 ], [ 280480.21, 4158047.8 ], [ 280480.14, 4158047.86 ], [ 280480.06, 4158047.92 ], [ 280479.97, 4158047.97 ], [ 280479.88, 4158048.01 ], [ 280479.79, 4158048.05 ], [ 280479.7, 4158048.07 ], [ 280479.6, 4158048.08 ], [ 280479.5, 4158048.09 ], [ 280479.4, 4158048.08 ], [ 280477.69, 4158047.9 ], [ 280477.76, 4158047.95 ], [ 280477.83, 4158048.02 ], [ 280477.9, 4158048.09 ], [ 280477.96, 4158048.17 ], [ 280478.01, 4158048.25 ], [ 280478.05, 4158048.34 ], [ 280478.09, 4158048.43 ], [ 280478.11, 4158048.53 ], [ 280478.13, 4158048.62 ], [ 280478.13, 4158048.72 ], [ 280478.13, 4158048.82 ], [ 280478.12, 4158048.92 ], [ 280478.09, 4158049.01 ], [ 280476.67, 4158053.9 ], [ 280476.64, 4158053.99 ], [ 280476.6, 4158054.08 ], [ 280476.55, 4158054.17 ], [ 280476.49, 4158054.25 ], [ 280476.42, 4158054.32 ], [ 280476.35, 4158054.39 ], [ 280476.27, 4158054.45 ], [ 280476.19, 4158054.5 ], [ 280476.1, 4158054.54 ], [ 280476.01, 4158054.57 ], [ 280475.91, 4158054.6 ], [ 280475.82, 4158054.62 ], [ 280475.72, 4158054.62 ], [ 280475.62, 4158054.62 ], [ 280475.52, 4158054.6 ], [ 280475.43, 4158054.58 ], [ 280469.69, 4158052.91 ], [ 280469.59, 4158052.88 ], [ 280469.5, 4158052.84 ], [ 280469.42, 4158052.79 ], [ 280469.34, 4158052.73 ], [ 280469.27, 4158052.66 ], [ 280469.2, 4158052.59 ], [ 280469.14, 4158052.51 ], [ 280469.09, 4158052.43 ], [ 280469.05, 4158052.34 ], [ 280469.01, 4158052.25 ], [ 280468.99, 4158052.15 ], [ 280468.97, 4158052.06 ], [ 280468.97, 4158051.96 ], [ 280468.97, 4158051.86 ], [ 280468.98, 4158051.76 ], [ 280469.01, 4158051.67 ], [ 280470.43, 4158046.78 ], [ 280470.46, 4158046.69 ], [ 280470.5, 4158046.6 ], [ 280470.55, 4158046.51 ], [ 280470.61, 4158046.43 ], [ 280470.68, 4158046.36 ], [ 280470.75, 4158046.29 ], [ 280470.83, 4158046.23 ], [ 280470.91, 4158046.18 ], [ 280471.0, 4158046.14 ], [ 280471.09, 4158046.11 ], [ 280471.18, 4158046.08 ], [ 280471.28, 4158046.07 ], [ 280471.38, 4158046.06 ], [ 280471.48, 4158046.06 ], [ 280471.57, 4158046.08 ], [ 280471.67, 4158046.1 ], [ 280472.27, 4158046.27 ], [ 280473.04, 4158039.04 ], [ 280473.06, 4158038.94 ], [ 280473.08, 4158038.85 ], [ 280473.12, 4158038.76 ], [ 280473.16, 4158038.67 ], [ 280473.21, 4158038.58 ], [ 280473.27, 4158038.51 ], [ 280473.34, 4158038.43 ], [ 280473.41, 4158038.37 ], [ 280473.49, 4158038.31 ], [ 280473.57, 4158038.26 ], [ 280473.66, 4158038.22 ], [ 280473.75, 4158038.19 ], [ 280473.85, 4158038.16 ], [ 280473.95, 4158038.15 ], [ 280474.04, 4158038.15 ], [ 280474.14, 4158038.15 ], [ 280476.61, 4158038.41 ], [ 280477.55, 4158029.55 ], [ 280477.56, 4158029.45 ], [ 280477.59, 4158029.36 ], [ 280477.62, 4158029.26 ], [ 280477.67, 4158029.18 ], [ 280477.72, 4158029.09 ], [ 280477.78, 4158029.01 ], [ 280477.84, 4158028.94 ], [ 280477.92, 4158028.88 ], [ 280477.99, 4158028.82 ], [ 280478.08, 4158028.77 ], [ 280478.17, 4158028.73 ], [ 280478.26, 4158028.7 ], [ 280478.36, 4158028.67 ], [ 280478.45, 4158028.66 ], [ 280478.55, 4158028.65 ], [ 280478.65, 4158028.66 ], [ 280485.42, 4158029.38 ], [ 280485.28, 4158027.87 ], [ 280483.95, 4158025.54 ], [ 280483.87, 4158025.39 ], [ 280483.81, 4158025.23 ], [ 280483.27, 4158023.64 ], [ 280478.92, 4158022.85 ], [ 280478.88, 4158022.84 ], [ 280474.68, 4158021.96 ], [ 280474.5, 4158021.91 ], [ 280468.29, 4158019.91 ], [ 280468.17, 4158019.87 ], [ 280464.52, 4158018.4 ], [ 280464.31, 4158018.66 ], [ 280463.87, 4158019.9 ], [ 280463.51, 4158021.16 ], [ 280463.45, 4158021.34 ], [ 280463.36, 4158021.51 ], [ 280463.27, 4158021.67 ], [ 280463.15, 4158021.82 ], [ 280462.43, 4158022.68 ], [ 280467.59, 4158025.35 ], [ 280467.67, 4158025.4 ], [ 280467.75, 4158025.46 ], [ 280467.83, 4158025.52 ], [ 280467.89, 4158025.59 ], [ 280467.95, 4158025.67 ], [ 280468.0, 4158025.76 ], [ 280468.05, 4158025.84 ], [ 280468.08, 4158025.94 ], [ 280468.11, 4158026.03 ], [ 280468.12, 4158026.13 ], [ 280468.13, 4158026.23 ], [ 280468.12, 4158026.33 ], [ 280468.11, 4158026.42 ], [ 280468.09, 4158026.52 ], [ 280468.05, 4158026.61 ], [ 280468.01, 4158026.7 ], [ 280465.72, 4158031.07 ], [ 280465.82, 4158031.04 ], [ 280465.91, 4158031.02 ], [ 280466.01, 4158031.01 ], [ 280466.11, 4158031.02 ], [ 280466.21, 4158031.03 ], [ 280466.3, 4158031.04 ], [ 280466.4, 4158031.07 ], [ 280466.49, 4158031.11 ], [ 280469.83, 4158032.71 ], [ 280469.92, 4158032.76 ], [ 280470.0, 4158032.81 ], [ 280470.07, 4158032.87 ], [ 280470.14, 4158032.94 ], [ 280470.21, 4158033.02 ], [ 280470.26, 4158033.1 ], [ 280470.31, 4158033.19 ], [ 280470.34, 4158033.28 ], [ 280470.37, 4158033.37 ], [ 280470.39, 4158033.47 ], [ 280470.4, 4158033.57 ], [ 280470.4, 4158033.67 ], [ 280470.39, 4158033.76 ], [ 280470.37, 4158033.86 ], [ 280470.34, 4158033.95 ], [ 280470.3, 4158034.04 ], [ 280467.99, 4158038.89 ], [ 280467.94, 4158038.98 ], [ 280467.88, 4158039.06 ], [ 280467.82, 4158039.13 ], [ 280467.75, 4158039.2 ], [ 280467.68, 4158039.27 ], [ 280467.59, 4158039.32 ], [ 280467.51, 4158039.37 ], [ 280467.42, 4158039.4 ], [ 280467.32, 4158039.43 ], [ 280467.23, 4158039.45 ], [ 280467.13, 4158039.46 ], [ 280467.03, 4158039.46 ], [ 280466.93, 4158039.45 ], [ 280466.84, 4158039.43 ], [ 280466.74, 4158039.4 ], [ 280466.65, 4158039.36 ], [ 280463.31, 4158037.76 ], [ 280463.22, 4158037.72 ], [ 280463.14, 4158037.66 ], [ 280463.06, 4158037.6 ], [ 280462.99, 4158037.53 ], [ 280462.93, 4158037.45 ], [ 280462.88, 4158037.37 ], [ 280462.83, 4158037.28 ], [ 280462.8, 4158037.19 ], [ 280462.77, 4158037.1 ], [ 280462.75, 4158037.0 ], [ 280462.74, 4158036.91 ], [ 280462.74, 4158036.81 ], [ 280462.75, 4158036.71 ], [ 280462.77, 4158036.61 ], [ 280462.8, 4158036.52 ], [ 280462.84, 4158036.43 ], [ 280463.28, 4158035.49 ], [ 280463.26, 4158035.51 ], [ 280463.18, 4158035.56 ], [ 280463.09, 4158035.6 ], [ 280463.0, 4158035.64 ], [ 280462.9, 4158035.66 ], [ 280462.81, 4158035.68 ], [ 280462.71, 4158035.68 ], [ 280462.61, 4158035.68 ], [ 280462.52, 4158035.67 ], [ 280462.42, 4158035.64 ], [ 280462.33, 4158035.61 ], [ 280462.24, 4158035.57 ], [ 280446.32, 4158027.31 ], [ 280446.23, 4158027.26 ], [ 280446.19, 4158027.23 ], [ 280439.26, 4158037.49 ], [ 280439.08, 4158037.73 ], [ 280438.88, 4158037.95 ], [ 280438.66, 4158038.15 ], [ 280438.41, 4158038.32 ], [ 280438.21, 4158038.45 ], [ 280438.93, 4158038.75 ], [ 280439.02, 4158038.8 ], [ 280439.11, 4158038.85 ], [ 280439.18, 4158038.91 ], [ 280439.26, 4158038.98 ], [ 280439.32, 4158039.05 ], [ 280439.38, 4158039.13 ], [ 280439.43, 4158039.21 ], [ 280439.47, 4158039.3 ], [ 280439.5, 4158039.4 ], [ 280439.52, 4158039.49 ], [ 280439.54, 4158039.59 ], [ 280439.54, 4158039.69 ], [ 280439.54, 4158039.78 ], [ 280439.52, 4158039.88 ], [ 280439.49, 4158039.98 ], [ 280439.46, 4158040.07 ], [ 280436.67, 4158046.56 ], [ 280436.63, 4158046.65 ], [ 280436.58, 4158046.73 ], [ 280436.52, 4158046.81 ], [ 280436.45, 4158046.88 ], [ 280436.38, 4158046.95 ], [ 280436.3, 4158047.0 ], [ 280436.21, 4158047.05 ], [ 280436.12, 4158047.09 ], [ 280436.03, 4158047.13 ], [ 280435.94, 4158047.15 ], [ 280435.84, 4158047.16 ], [ 280435.74, 4158047.17 ], [ 280435.64, 4158047.16 ], [ 280435.55, 4158047.15 ], [ 280435.45, 4158047.12 ], [ 280435.36, 4158047.09 ], [ 280429.33, 4158044.53 ], [ 280429.24, 4158044.48 ], [ 280429.16, 4158044.43 ], [ 280429.08, 4158044.37 ], [ 280429.01, 4158044.31 ], [ 280428.94, 4158044.23 ], [ 280428.89, 4158044.15 ], [ 280428.84, 4158044.07 ], [ 280428.8, 4158043.98 ], [ 280428.76, 4158043.89 ], [ 280428.74, 4158043.79 ], [ 280428.73, 4158043.69 ], [ 280428.72, 4158043.59 ], [ 280428.73, 4158043.5 ], [ 280428.75, 4158043.4 ], [ 280428.77, 4158043.3 ], [ 280428.8, 4158043.21 ], [ 280431.59, 4158036.71 ], [ 280431.64, 4158036.62 ], [ 280431.69, 4158036.54 ], [ 280431.75, 4158036.46 ], [ 280431.82, 4158036.39 ], [ 280431.89, 4158036.32 ], [ 280431.97, 4158036.26 ], [ 280432.05, 4158036.21 ], [ 280432.14, 4158036.17 ], [ 280432.23, 4158036.14 ], [ 280432.33, 4158036.12 ], [ 280432.43, 4158036.11 ], [ 280432.52, 4158036.1 ], [ 280432.62, 4158036.11 ], [ 280432.72, 4158036.12 ], [ 280432.81, 4158036.15 ], [ 280432.91, 4158036.18 ], [ 280433.79, 4158036.56 ], [ 280433.74, 4158036.36 ], [ 280433.7, 4158036.06 ], [ 280433.68, 4158035.76 ], [ 280433.7, 4158035.47 ], [ 280433.74, 4158035.17 ], [ 280433.82, 4158034.88 ], [ 280433.92, 4158034.6 ], [ 280434.05, 4158034.33 ], [ 280434.2, 4158034.07 ], [ 280449.6, 4158011.27 ], [ 280450.33, 4158010.19 ], [ 280442.16, 4158004.13 ], [ 280442.05, 4158004.04 ], [ 280441.94, 4158003.94 ], [ 280438.11, 4158000.0 ], [ 280430.0, 4158000.0 ], [ 280432.71, 4158001.81 ], [ 280432.79, 4158001.87 ], [ 280432.86, 4158001.94 ], [ 280432.92, 4158002.01 ], [ 280432.98, 4158002.09 ], [ 280433.03, 4158002.17 ], [ 280433.08, 4158002.26 ], [ 280433.11, 4158002.35 ], [ 280433.13, 4158002.45 ], [ 280433.15, 4158002.55 ], [ 280433.15, 4158002.65 ], [ 280433.15, 4158002.74 ], [ 280433.13, 4158002.84 ], [ 280433.11, 4158002.94 ], [ 280433.07, 4158003.03 ], [ 280433.03, 4158003.12 ], [ 280432.98, 4158003.2 ], [ 280427.81, 4158010.86 ], [ 280427.76, 4158010.93 ], [ 280427.69, 4158011.01 ], [ 280427.62, 4158011.07 ], [ 280427.54, 4158011.13 ], [ 280427.45, 4158011.18 ], [ 280427.37, 4158011.22 ], [ 280427.27, 4158011.25 ], [ 280427.18, 4158011.28 ], [ 280427.08, 4158011.29 ], [ 280426.98, 4158011.3 ], [ 280426.89, 4158011.29 ], [ 280426.79, 4158011.28 ], [ 280426.69, 4158011.25 ], [ 280426.6, 4158011.22 ], [ 280426.51, 4158011.18 ], [ 280426.43, 4158011.13 ], [ 280421.51, 4158007.84 ], [ 280418.57, 4158012.19 ], [ 280418.51, 4158012.27 ], [ 280418.44, 4158012.34 ], [ 280418.37, 4158012.41 ], [ 280418.29, 4158012.46 ], [ 280418.2, 4158012.51 ], [ 280418.12, 4158012.55 ], [ 280418.02, 4158012.59 ], [ 280417.93, 4158012.61 ], [ 280417.83, 4158012.62 ], [ 280417.73, 4158012.63 ], [ 280417.64, 4158012.62 ], [ 280417.54, 4158012.61 ], [ 280417.45, 4158012.59 ], [ 280417.35, 4158012.55 ], [ 280417.26, 4158012.51 ], [ 280417.18, 4158012.46 ], [ 280410.59, 4158008.06 ], [ 280410.51, 4158008.0 ], [ 280410.44, 4158007.94 ], [ 280410.37, 4158007.86 ], [ 280410.32, 4158007.78 ], [ 280410.27, 4158007.7 ], [ 280410.22, 4158007.61 ], [ 280410.19, 4158007.52 ], [ 280410.17, 4158007.42 ], [ 280410.15, 4158007.32 ], [ 280410.15, 4158007.23 ], [ 280410.15, 4158007.13 ], [ 280410.17, 4158007.03 ], [ 280410.19, 4158006.94 ], [ 280410.23, 4158006.84 ], [ 280410.27, 4158006.75 ], [ 280410.32, 4158006.67 ], [ 280414.82, 4158000.0 ], [ 280394.25, 4158000.0 ], [ 280387.87, 4158012.8 ], [ 280430.3, 4158045.54 ], [ 280430.54, 4158045.76 ], [ 280436.63, 4158051.58 ], [ 280454.95, 4158051.65 ], [ 280455.35, 4158051.68 ], [ 280464.75, 4158052.95 ], [ 280465.08, 4158053.01 ], [ 280465.4, 4158053.11 ], [ 280465.71, 4158053.24 ], [ 280466.0, 4158053.41 ], [ 280470.6, 4158056.39 ], [ 280470.82, 4158056.54 ], [ 280471.03, 4158056.72 ], [ 280474.58, 4158060.05 ], [ 280474.82, 4158060.29 ], [ 280475.02, 4158060.55 ], [ 280475.19, 4158060.84 ], [ 280485.91, 4158080.93 ], [ 280486.05, 4158081.24 ], [ 280486.16, 4158081.55 ], [ 280487.63, 4158086.86 ], [ 280500.0, 4158080.73 ], [ 280500.0, 4158054.11 ], [ 280489.62, 4158053.02 ], [ 280489.53, 4158053.0 ] ] ], [ [ [ 280354.05, 4158035.02 ], [ 280353.94, 4158035.11 ], [ 280340.32, 4158044.67 ], [ 280340.15, 4158044.78 ], [ 280328.47, 4158051.23 ], [ 280328.38, 4158051.27 ], [ 280294.13, 4158067.82 ], [ 280294.13, 4158069.24 ], [ 280337.22, 4158047.51 ], [ 280359.6, 4158032.58 ], [ 280369.97, 4158020.84 ], [ 280374.27, 4158012.34 ], [ 280373.46, 4158011.92 ], [ 280370.37, 4158017.23 ], [ 280370.29, 4158017.34 ], [ 280370.21, 4158017.45 ], [ 280362.98, 4158026.39 ], [ 280362.83, 4158026.55 ], [ 280354.15, 4158034.93 ], [ 280354.05, 4158035.02 ] ] ], [ [ [ 280318.13, 4158093.65 ], [ 280317.8, 4158094.57 ], [ 280316.05, 4158096.71 ], [ 280315.21, 4158097.21 ], [ 280304.57, 4158099.34 ], [ 280302.47, 4158100.94 ], [ 280301.15, 4158103.59 ], [ 280300.6, 4158104.19 ], [ 280298.63, 4158105.41 ], [ 280297.46, 4158105.74 ], [ 280295.31, 4158109.04 ], [ 280298.28, 4158111.63 ], [ 280301.59, 4158111.63 ], [ 280302.16, 4158111.74 ], [ 280303.74, 4158112.39 ], [ 280304.22, 4158112.71 ], [ 280305.1, 4158113.59 ], [ 280348.02, 4158092.7 ], [ 280346.42, 4158089.54 ], [ 280346.38, 4158089.45 ], [ 280346.35, 4158089.35 ], [ 280346.33, 4158089.26 ], [ 280346.32, 4158089.16 ], [ 280346.32, 4158089.06 ], [ 280346.32, 4158088.96 ], [ 280346.34, 4158088.87 ], [ 280346.37, 4158088.77 ], [ 280346.4, 4158088.68 ], [ 280346.44, 4158088.59 ], [ 280346.5, 4158088.51 ], [ 280346.56, 4158088.43 ], [ 280346.62, 4158088.36 ], [ 280346.7, 4158088.3 ], [ 280346.78, 4158088.24 ], [ 280346.86, 4158088.19 ], [ 280350.77, 4158086.22 ], [ 280350.86, 4158086.18 ], [ 280350.95, 4158086.14 ], [ 280351.05, 4158086.12 ], [ 280351.15, 4158086.11 ], [ 280351.25, 4158086.11 ], [ 280351.34, 4158086.12 ], [ 280351.44, 4158086.13 ], [ 280351.54, 4158086.16 ], [ 280351.63, 4158086.19 ], [ 280351.71, 4158086.24 ], [ 280351.8, 4158086.29 ], [ 280351.88, 4158086.35 ], [ 280351.95, 4158086.42 ], [ 280352.01, 4158086.49 ], [ 280352.07, 4158086.57 ], [ 280352.12, 4158086.66 ], [ 280353.76, 4158089.91 ], [ 280385.17, 4158074.63 ], [ 280383.91, 4158071.84 ], [ 280383.87, 4158071.75 ], [ 280383.84, 4158071.66 ], [ 280383.83, 4158071.56 ], [ 280383.82, 4158071.46 ], [ 280383.82, 4158071.36 ], [ 280383.83, 4158071.27 ], [ 280383.85, 4158071.17 ], [ 280383.88, 4158071.08 ], [ 280383.92, 4158070.99 ], [ 280383.97, 4158070.9 ], [ 280384.02, 4158070.82 ], [ 280384.09, 4158070.75 ], [ 280384.16, 4158070.68 ], [ 280384.24, 4158070.62 ], [ 280384.32, 4158070.56 ], [ 280384.41, 4158070.52 ], [ 280388.91, 4158068.48 ], [ 280389.0, 4158068.45 ], [ 280389.1, 4158068.42 ], [ 280389.19, 4158068.4 ], [ 280389.29, 4158068.39 ], [ 280389.39, 4158068.4 ], [ 280389.49, 4158068.41 ], [ 280389.58, 4158068.43 ], [ 280389.68, 4158068.46 ], [ 280389.77, 4158068.5 ], [ 280389.85, 4158068.54 ], [ 280389.93, 4158068.6 ], [ 280390.01, 4158068.66 ], [ 280390.08, 4158068.73 ], [ 280390.14, 4158068.81 ], [ 280390.19, 4158068.89 ], [ 280390.23, 4158068.98 ], [ 280391.41, 4158071.59 ], [ 280427.37, 4158054.09 ], [ 280427.75, 4158053.94 ], [ 280429.62, 4158053.32 ], [ 280426.44, 4158050.27 ], [ 280408.65, 4158036.54 ], [ 280408.65, 4158036.56 ], [ 280408.62, 4158036.65 ], [ 280408.58, 4158036.74 ], [ 280408.54, 4158036.83 ], [ 280408.48, 4158036.91 ], [ 280403.47, 4158043.81 ], [ 280403.41, 4158043.89 ], [ 280403.34, 4158043.96 ], [ 280403.27, 4158044.02 ], [ 280403.19, 4158044.07 ], [ 280403.1, 4158044.12 ], [ 280403.01, 4158044.16 ], [ 280402.92, 4158044.19 ], [ 280402.82, 4158044.21 ], [ 280402.73, 4158044.22 ], [ 280402.63, 4158044.22 ], [ 280402.53, 4158044.21 ], [ 280402.43, 4158044.19 ], [ 280402.34, 4158044.17 ], [ 280402.25, 4158044.13 ], [ 280402.16, 4158044.09 ], [ 280402.08, 4158044.03 ], [ 280397.38, 4158040.65 ], [ 280396.18, 4158042.31 ], [ 280396.11, 4158042.39 ], [ 280396.05, 4158042.46 ], [ 280395.97, 4158042.52 ], [ 280395.89, 4158042.58 ], [ 280395.8, 4158042.63 ], [ 280395.71, 4158042.66 ], [ 280395.62, 4158042.69 ], [ 280395.52, 4158042.71 ], [ 280395.43, 4158042.72 ], [ 280395.33, 4158042.73 ], [ 280395.23, 4158042.72 ], [ 280395.14, 4158042.7 ], [ 280395.04, 4158042.67 ], [ 280394.95, 4158042.64 ], [ 280394.86, 4158042.59 ], [ 280394.78, 4158042.54 ], [ 280384.88, 4158035.42 ], [ 280384.8, 4158035.36 ], [ 280384.73, 4158035.29 ], [ 280384.67, 4158035.21 ], [ 280384.61, 4158035.13 ], [ 280384.56, 4158035.05 ], [ 280384.53, 4158034.96 ], [ 280384.5, 4158034.87 ], [ 280384.47, 4158034.77 ], [ 280384.46, 4158034.68 ], [ 280384.46, 4158034.58 ], [ 280384.47, 4158034.48 ], [ 280384.48, 4158034.39 ], [ 280384.51, 4158034.29 ], [ 280384.54, 4158034.2 ], [ 280384.59, 4158034.11 ], [ 280384.64, 4158034.03 ], [ 280391.26, 4158024.54 ], [ 280391.32, 4158024.46 ], [ 280391.39, 4158024.39 ], [ 280391.46, 4158024.32 ], [ 280391.54, 4158024.27 ], [ 280391.63, 4158024.22 ], [ 280391.72, 4158024.18 ], [ 280391.81, 4158024.15 ], [ 280391.91, 4158024.13 ], [ 280392.01, 4158024.11 ], [ 280392.11, 4158024.11 ], [ 280392.21, 4158024.12 ], [ 280392.3, 4158024.14 ], [ 280392.4, 4158024.16 ], [ 280392.49, 4158024.2 ], [ 280392.58, 4158024.25 ], [ 280392.66, 4158024.3 ], [ 280394.52, 4158025.63 ], [ 280384.85, 4158018.17 ], [ 280378.85, 4158027.88 ], [ 280378.77, 4158027.99 ], [ 280378.69, 4158028.1 ], [ 280369.26, 4158039.21 ], [ 280369.07, 4158039.4 ], [ 280359.07, 4158048.18 ], [ 280358.88, 4158048.33 ], [ 280345.69, 4158057.03 ], [ 280345.51, 4158057.14 ], [ 280294.13, 4158082.9 ], [ 280294.13, 4158087.63 ], [ 280297.13, 4158090.63 ], [ 280298.28, 4158090.63 ], [ 280300.96, 4158088.97 ], [ 280302.12, 4158086.66 ], [ 280302.66, 4158086.06 ], [ 280304.63, 4158084.85 ], [ 280305.4, 4158084.63 ], [ 280314.53, 4158084.63 ], [ 280315.55, 4158085.05 ], [ 280317.71, 4158087.2 ], [ 280318.13, 4158088.22 ], [ 280318.13, 4158093.65 ] ], [ [ 280373.38, 4158048.01 ], [ 280373.32, 4158047.93 ], [ 280373.26, 4158047.85 ], [ 280373.21, 4158047.77 ], [ 280373.16, 4158047.68 ], [ 280373.13, 4158047.59 ], [ 280373.11, 4158047.49 ], [ 280373.09, 4158047.4 ], [ 280373.09, 4158047.3 ], [ 280373.09, 4158047.2 ], [ 280373.11, 4158047.1 ], [ 280373.13, 4158047.01 ], [ 280373.17, 4158046.91 ], [ 280373.21, 4158046.82 ], [ 280373.26, 4158046.74 ], [ 280373.32, 4158046.66 ], [ 280373.38, 4158046.59 ], [ 280380.65, 4158039.36 ], [ 280380.73, 4158039.29 ], [ 280380.81, 4158039.23 ], [ 280380.89, 4158039.18 ], [ 280380.98, 4158039.14 ], [ 280381.07, 4158039.11 ], [ 280381.17, 4158039.08 ], [ 280381.26, 4158039.07 ], [ 280381.36, 4158039.07 ], [ 280381.46, 4158039.07 ], [ 280381.56, 4158039.08 ], [ 280381.65, 4158039.11 ], [ 280381.74, 4158039.14 ], [ 280381.83, 4158039.18 ], [ 280381.92, 4158039.23 ], [ 280381.99, 4158039.29 ], [ 280382.07, 4158039.36 ], [ 280385.14, 4158042.43 ], [ 280387.91, 4158039.66 ], [ 280387.99, 4158039.6 ], [ 280388.06, 4158039.54 ], [ 280388.15, 4158039.49 ], [ 280388.24, 4158039.45 ], [ 280388.33, 4158039.42 ], [ 280388.42, 4158039.39 ], [ 280388.52, 4158039.38 ], [ 280388.62, 4158039.37 ], [ 280388.72, 4158039.38 ], [ 280388.81, 4158039.39 ], [ 280388.91, 4158039.42 ], [ 280389.0, 4158039.45 ], [ 280389.09, 4158039.49 ], [ 280389.17, 4158039.54 ], [ 280389.25, 4158039.6 ], [ 280389.32, 4158039.66 ], [ 280395.91, 4158046.23 ], [ 280395.98, 4158046.3 ], [ 280396.03, 4158046.38 ], [ 280396.08, 4158046.47 ], [ 280396.13, 4158046.56 ], [ 280396.16, 4158046.65 ], [ 280396.18, 4158046.74 ], [ 280396.2, 4158046.84 ], [ 280396.2, 4158046.94 ], [ 280396.2, 4158047.04 ], [ 280396.18, 4158047.14 ], [ 280396.16, 4158047.23 ], [ 280396.13, 4158047.32 ], [ 280396.08, 4158047.41 ], [ 280396.03, 4158047.5 ], [ 280395.97, 4158047.58 ], [ 280395.91, 4158047.65 ], [ 280391.96, 4158051.57 ], [ 280391.89, 4158051.64 ], [ 280391.81, 4158051.7 ], [ 280391.73, 4158051.75 ], [ 280391.64, 4158051.79 ], [ 280391.55, 4158051.82 ], [ 280391.45, 4158051.84 ], [ 280391.35, 4158051.86 ], [ 280391.26, 4158051.86 ], [ 280391.16, 4158051.86 ], [ 280391.06, 4158051.84 ], [ 280390.97, 4158051.82 ], [ 280390.88, 4158051.79 ], [ 280390.79, 4158051.75 ], [ 280390.7, 4158051.7 ], [ 280390.62, 4158051.64 ], [ 280390.55, 4158051.57 ], [ 280387.11, 4158048.14 ], [ 280385.95, 4158049.3 ], [ 280387.03, 4158050.37 ], [ 280387.1, 4158050.45 ], [ 280387.16, 4158050.52 ], [ 280387.21, 4158050.61 ], [ 280387.25, 4158050.7 ], [ 280387.29, 4158050.79 ], [ 280387.31, 4158050.89 ], [ 280387.32, 4158050.98 ], [ 280387.33, 4158051.08 ], [ 280387.32, 4158051.18 ], [ 280387.31, 4158051.28 ], [ 280387.29, 4158051.37 ], [ 280387.25, 4158051.47 ], [ 280387.21, 4158051.56 ], [ 280387.16, 4158051.64 ], [ 280387.1, 4158051.72 ], [ 280387.03, 4158051.79 ], [ 280382.8, 4158056.0 ], [ 280382.73, 4158056.07 ], [ 280382.65, 4158056.13 ], [ 280382.57, 4158056.18 ], [ 280382.48, 4158056.22 ], [ 280382.39, 4158056.25 ], [ 280382.29, 4158056.27 ], [ 280382.2, 4158056.29 ], [ 280382.1, 4158056.29 ], [ 280382.0, 4158056.29 ], [ 280381.9, 4158056.27 ], [ 280381.81, 4158056.25 ], [ 280381.72, 4158056.22 ], [ 280381.63, 4158056.17 ], [ 280381.54, 4158056.12 ], [ 280381.47, 4158056.07 ], [ 280381.39, 4158056.0 ], [ 280373.38, 4158048.01 ] ], [ [ 280418.29, 4158054.06 ], [ 280418.37, 4158054.12 ], [ 280418.44, 4158054.18 ], [ 280418.5, 4158054.26 ], [ 280418.56, 4158054.34 ], [ 280418.61, 4158054.42 ], [ 280418.65, 4158054.51 ], [ 280418.68, 4158054.61 ], [ 280418.7, 4158054.7 ], [ 280418.71, 4158054.8 ], [ 280418.71, 4158054.9 ], [ 280418.71, 4158055.0 ], [ 280418.69, 4158055.09 ], [ 280418.66, 4158055.19 ], [ 280418.63, 4158055.28 ], [ 280418.58, 4158055.37 ], [ 280418.53, 4158055.45 ], [ 280416.13, 4158058.82 ], [ 280416.07, 4158058.9 ], [ 280416.0, 4158058.97 ], [ 280415.93, 4158059.04 ], [ 280415.85, 4158059.09 ], [ 280415.76, 4158059.14 ], [ 280415.68, 4158059.18 ], [ 280415.58, 4158059.21 ], [ 280415.49, 4158059.23 ], [ 280415.39, 4158059.24 ], [ 280415.29, 4158059.24 ], [ 280415.19, 4158059.24 ], [ 280415.1, 4158059.22 ], [ 280415.0, 4158059.19 ], [ 280414.91, 4158059.16 ], [ 280414.82, 4158059.11 ], [ 280414.74, 4158059.06 ], [ 280411.07, 4158056.47 ], [ 280410.99, 4158056.41 ], [ 280410.92, 4158056.34 ], [ 280410.85, 4158056.27 ], [ 280410.8, 4158056.19 ], [ 280410.75, 4158056.1 ], [ 280410.71, 4158056.01 ], [ 280410.68, 4158055.92 ], [ 280410.66, 4158055.83 ], [ 280410.64, 4158055.73 ], [ 280410.64, 4158055.63 ], [ 280410.65, 4158055.53 ], [ 280410.67, 4158055.44 ], [ 280410.69, 4158055.34 ], [ 280410.73, 4158055.25 ], [ 280410.77, 4158055.16 ], [ 280410.82, 4158055.08 ], [ 280413.21, 4158051.7 ], [ 280413.27, 4158051.62 ], [ 280413.34, 4158051.55 ], [ 280413.41, 4158051.48 ], [ 280413.49, 4158051.43 ], [ 280413.58, 4158051.38 ], [ 280413.67, 4158051.34 ], [ 280413.76, 4158051.31 ], [ 280413.86, 4158051.29 ], [ 280413.96, 4158051.27 ], [ 280414.05, 4158051.27 ], [ 280414.15, 4158051.28 ], [ 280414.25, 4158051.3 ], [ 280414.34, 4158051.32 ], [ 280414.43, 4158051.36 ], [ 280414.52, 4158051.4 ], [ 280414.6, 4158051.45 ], [ 280418.29, 4158054.06 ] ], [ [ 280362.04, 4158057.76 ], [ 280361.98, 4158057.68 ], [ 280361.93, 4158057.59 ], [ 280361.89, 4158057.5 ], [ 280361.86, 4158057.41 ], [ 280361.84, 4158057.31 ], [ 280361.83, 4158057.21 ], [ 280361.83, 4158057.11 ], [ 280361.84, 4158057.02 ], [ 280361.85, 4158056.92 ], [ 280361.88, 4158056.82 ], [ 280361.92, 4158056.73 ], [ 280361.96, 4158056.65 ], [ 280362.02, 4158056.56 ], [ 280362.08, 4158056.49 ], [ 280362.14, 4158056.42 ], [ 280368.97, 4158050.04 ], [ 280369.05, 4158049.98 ], [ 280369.13, 4158049.92 ], [ 280369.21, 4158049.87 ], [ 280369.3, 4158049.83 ], [ 280369.39, 4158049.8 ], [ 280369.49, 4158049.78 ], [ 280369.59, 4158049.77 ], [ 280369.68, 4158049.77 ], [ 280369.78, 4158049.78 ], [ 280369.88, 4158049.79 ], [ 280369.97, 4158049.82 ], [ 280370.06, 4158049.86 ], [ 280370.15, 4158049.9 ], [ 280370.23, 4158049.95 ], [ 280370.31, 4158050.02 ], [ 280370.38, 4158050.08 ], [ 280379.34, 4158059.58 ], [ 280379.41, 4158059.66 ], [ 280379.46, 4158059.74 ], [ 280379.51, 4158059.83 ], [ 280379.55, 4158059.92 ], [ 280379.58, 4158060.01 ], [ 280379.6, 4158060.11 ], [ 280379.61, 4158060.2 ], [ 280379.61, 4158060.3 ], [ 280379.61, 4158060.4 ], [ 280379.59, 4158060.5 ], [ 280379.56, 4158060.59 ], [ 280379.53, 4158060.68 ], [ 280379.48, 4158060.77 ], [ 280379.43, 4158060.85 ], [ 280379.37, 4158060.93 ], [ 280379.3, 4158061.0 ], [ 280372.47, 4158067.39 ], [ 280372.4, 4158067.45 ], [ 280372.32, 4158067.51 ], [ 280372.23, 4158067.56 ], [ 280372.14, 4158067.59 ], [ 280372.05, 4158067.62 ], [ 280371.95, 4158067.65 ], [ 280371.86, 4158067.66 ], [ 280371.76, 4158067.66 ], [ 280371.66, 4158067.65 ], [ 280371.56, 4158067.63 ], [ 280371.47, 4158067.61 ], [ 280371.38, 4158067.57 ], [ 280371.29, 4158067.53 ], [ 280371.21, 4158067.47 ], [ 280371.13, 4158067.41 ], [ 280371.06, 4158067.34 ], [ 280362.1, 4158057.83 ], [ 280362.04, 4158057.76 ] ], [ [ 280357.85, 4158061.76 ], [ 280357.94, 4158061.72 ], [ 280358.03, 4158061.69 ], [ 280358.13, 4158061.66 ], [ 280358.22, 4158061.65 ], [ 280358.32, 4158061.65 ], [ 280358.42, 4158061.65 ], [ 280358.52, 4158061.66 ], [ 280358.61, 4158061.69 ], [ 280358.7, 4158061.72 ], [ 280358.79, 4158061.76 ], [ 280358.88, 4158061.82 ], [ 280358.95, 4158061.87 ], [ 280359.03, 4158061.94 ], [ 280359.09, 4158062.01 ], [ 280359.15, 4158062.09 ], [ 280359.2, 4158062.18 ], [ 280366.07, 4158075.11 ], [ 280366.11, 4158075.2 ], [ 280366.14, 4158075.29 ], [ 280366.17, 4158075.39 ], [ 280366.18, 4158075.49 ], [ 280366.18, 4158075.58 ], [ 280366.18, 4158075.68 ], [ 280366.17, 4158075.78 ], [ 280366.14, 4158075.87 ], [ 280366.11, 4158075.97 ], [ 280366.07, 4158076.06 ], [ 280366.01, 4158076.14 ], [ 280365.96, 4158076.22 ], [ 280365.89, 4158076.29 ], [ 280365.82, 4158076.36 ], [ 280365.74, 4158076.41 ], [ 280365.65, 4158076.46 ], [ 280357.99, 4158080.54 ], [ 280357.9, 4158080.58 ], [ 280357.8, 4158080.61 ], [ 280357.71, 4158080.63 ], [ 280357.61, 4158080.65 ], [ 280357.51, 4158080.65 ], [ 280357.42, 4158080.65 ], [ 280357.32, 4158080.63 ], [ 280357.22, 4158080.61 ], [ 280357.13, 4158080.57 ], [ 280357.04, 4158080.53 ], [ 280356.96, 4158080.48 ], [ 280356.88, 4158080.42 ], [ 280356.81, 4158080.36 ], [ 280356.74, 4158080.28 ], [ 280356.68, 4158080.2 ], [ 280356.63, 4158080.12 ], [ 280355.26, 4158077.54 ], [ 280354.12, 4158078.15 ], [ 280354.03, 4158078.19 ], [ 280353.93, 4158078.22 ], [ 280353.84, 4158078.25 ], [ 280353.74, 4158078.26 ], [ 280353.64, 4158078.27 ], [ 280353.55, 4158078.26 ], [ 280353.45, 4158078.25 ], [ 280353.35, 4158078.22 ], [ 280353.26, 4158078.19 ], [ 280353.17, 4158078.15 ], [ 280353.09, 4158078.1 ], [ 280353.01, 4158078.04 ], [ 280352.94, 4158077.97 ], [ 280352.87, 4158077.9 ], [ 280352.81, 4158077.82 ], [ 280352.76, 4158077.74 ], [ 280347.41, 4158067.65 ], [ 280347.37, 4158067.56 ], [ 280347.34, 4158067.47 ], [ 280347.31, 4158067.38 ], [ 280347.3, 4158067.28 ], [ 280347.3, 4158067.18 ], [ 280347.3, 4158067.08 ], [ 280347.32, 4158066.99 ], [ 280347.34, 4158066.89 ], [ 280347.37, 4158066.8 ], [ 280347.41, 4158066.71 ], [ 280347.47, 4158066.63 ], [ 280347.52, 4158066.55 ], [ 280347.59, 4158066.48 ], [ 280347.66, 4158066.41 ], [ 280347.74, 4158066.35 ], [ 280347.83, 4158066.3 ], [ 280354.49, 4158062.76 ], [ 280354.58, 4158062.72 ], [ 280354.67, 4158062.69 ], [ 280354.77, 4158062.66 ], [ 280354.87, 4158062.65 ], [ 280354.96, 4158062.65 ], [ 280355.06, 4158062.65 ], [ 280355.16, 4158062.67 ], [ 280355.25, 4158062.69 ], [ 280355.35, 4158062.72 ], [ 280355.44, 4158062.77 ], [ 280355.52, 4158062.82 ], [ 280355.6, 4158062.87 ], [ 280355.66, 4158062.93 ], [ 280357.85, 4158061.76 ] ] ], [ [ [ 280500.0, 4158115.15 ], [ 280500.0, 4158098.49 ], [ 280494.0, 4158101.29 ], [ 280500.0, 4158115.15 ] ] ], [ [ [ 280319.17, 4158147.45 ], [ 280320.82, 4158149.57 ], [ 280321.14, 4158150.49 ], [ 280324.92, 4158152.36 ], [ 280328.63, 4158151.13 ], [ 280328.86, 4158150.5 ], [ 280328.92, 4158150.36 ], [ 280328.99, 4158150.22 ], [ 280329.07, 4158150.09 ], [ 280331.6, 4158146.5 ], [ 280331.71, 4158146.36 ], [ 280331.83, 4158146.23 ], [ 280334.01, 4158144.17 ], [ 280334.12, 4158144.08 ], [ 280336.95, 4158141.81 ], [ 280337.08, 4158141.72 ], [ 280337.21, 4158141.64 ], [ 280340.69, 4158139.74 ], [ 280340.77, 4158139.69 ], [ 280343.83, 4158138.23 ], [ 280344.12, 4158137.66 ], [ 280344.66, 4158137.06 ], [ 280346.63, 4158135.85 ], [ 280347.4, 4158135.63 ], [ 280349.24, 4158135.63 ], [ 280360.43, 4158130.21 ], [ 280361.3, 4158129.55 ], [ 280361.91, 4158129.27 ], [ 280362.69, 4158129.11 ], [ 280366.6, 4158127.22 ], [ 280366.63, 4158127.21 ], [ 280378.96, 4158121.52 ], [ 280375.12, 4158113.56 ], [ 280374.95, 4158113.64 ], [ 280374.85, 4158113.68 ], [ 280374.76, 4158113.71 ], [ 280374.66, 4158113.73 ], [ 280374.57, 4158113.74 ], [ 280374.47, 4158113.74 ], [ 280374.37, 4158113.73 ], [ 280374.27, 4158113.71 ], [ 280374.18, 4158113.68 ], [ 280374.09, 4158113.64 ], [ 280374.0, 4158113.59 ], [ 280373.92, 4158113.54 ], [ 280373.85, 4158113.48 ], [ 280373.78, 4158113.41 ], [ 280373.72, 4158113.33 ], [ 280373.66, 4158113.25 ], [ 280373.62, 4158113.16 ], [ 280373.48, 4158112.87 ], [ 280372.14, 4158113.51 ], [ 280372.05, 4158113.54 ], [ 280371.96, 4158113.57 ], [ 280371.86, 4158113.59 ], [ 280371.76, 4158113.6 ], [ 280371.66, 4158113.6 ], [ 280371.57, 4158113.59 ], [ 280371.47, 4158113.57 ], [ 280371.38, 4158113.54 ], [ 280371.29, 4158113.51 ], [ 280371.2, 4158113.46 ], [ 280371.12, 4158113.41 ], [ 280371.04, 4158113.34 ], [ 280370.97, 4158113.27 ], [ 280370.91, 4158113.2 ], [ 280370.86, 4158113.12 ], [ 280370.81, 4158113.03 ], [ 280368.84, 4158108.91 ], [ 280368.81, 4158108.82 ], [ 280368.78, 4158108.72 ], [ 280368.76, 4158108.63 ], [ 280368.75, 4158108.53 ], [ 280368.75, 4158108.43 ], [ 280368.76, 4158108.33 ], [ 280368.78, 4158108.24 ], [ 280368.81, 4158108.14 ], [ 280368.84, 4158108.05 ], [ 280368.89, 4158107.96 ], [ 280368.94, 4158107.88 ], [ 280369.01, 4158107.81 ], [ 280369.08, 4158107.74 ], [ 280369.15, 4158107.67 ], [ 280369.23, 4158107.62 ], [ 280369.32, 4158107.57 ], [ 280370.71, 4158106.92 ], [ 280369.49, 4158104.36 ], [ 280369.46, 4158104.27 ], [ 280369.43, 4158104.18 ], [ 280369.41, 4158104.08 ], [ 280369.4, 4158103.98 ], [ 280369.4, 4158103.88 ], [ 280369.41, 4158103.78 ], [ 280369.43, 4158103.69 ], [ 280369.45, 4158103.59 ], [ 280369.49, 4158103.5 ], [ 280369.54, 4158103.42 ], [ 280369.59, 4158103.33 ], [ 280369.66, 4158103.26 ], [ 280369.72, 4158103.19 ], [ 280369.8, 4158103.13 ], [ 280369.88, 4158103.07 ], [ 280369.97, 4158103.03 ], [ 280372.86, 4158101.66 ], [ 280372.95, 4158101.62 ], [ 280373.04, 4158101.6 ], [ 280373.14, 4158101.58 ], [ 280373.24, 4158101.57 ], [ 280373.34, 4158101.57 ], [ 280373.43, 4158101.58 ], [ 280373.53, 4158101.6 ], [ 280373.62, 4158101.62 ], [ 280373.71, 4158101.66 ], [ 280373.8, 4158101.71 ], [ 280373.88, 4158101.76 ], [ 280373.96, 4158101.82 ], [ 280374.03, 4158101.89 ], [ 280374.09, 4158101.97 ], [ 280374.14, 4158102.05 ], [ 280374.19, 4158102.14 ], [ 280374.48, 4158102.74 ], [ 280380.67, 4158099.82 ], [ 280380.76, 4158099.78 ], [ 280380.86, 4158099.76 ], [ 280380.95, 4158099.74 ], [ 280381.05, 4158099.73 ], [ 280381.15, 4158099.73 ], [ 280381.25, 4158099.74 ], [ 280381.34, 4158099.76 ], [ 280381.44, 4158099.79 ], [ 280381.53, 4158099.82 ], [ 280381.61, 4158099.87 ], [ 280381.69, 4158099.92 ], [ 280381.77, 4158099.99 ], [ 280381.84, 4158100.05 ], [ 280381.9, 4158100.13 ], [ 280381.96, 4158100.21 ], [ 280382.0, 4158100.3 ], [ 280385.52, 4158107.72 ], [ 280385.56, 4158107.81 ], [ 280385.59, 4158107.91 ], [ 280385.61, 4158108.0 ], [ 280385.62, 4158108.1 ], [ 280385.62, 4158108.2 ], [ 280385.61, 4158108.3 ], [ 280385.59, 4158108.39 ], [ 280385.56, 4158108.49 ], [ 280385.52, 4158108.58 ], [ 280385.48, 4158108.67 ], [ 280385.42, 4158108.75 ], [ 280385.36, 4158108.82 ], [ 280385.29, 4158108.89 ], [ 280385.21, 4158108.96 ], [ 280385.13, 4158109.01 ], [ 280385.05, 4158109.06 ], [ 280382.38, 4158110.31 ], [ 280382.66, 4158110.9 ], [ 280382.7, 4158110.99 ], [ 280382.73, 4158111.09 ], [ 280382.75, 4158111.19 ], [ 280382.76, 4158111.28 ], [ 280382.76, 4158111.38 ], [ 280382.75, 4158111.48 ], [ 280382.73, 4158111.58 ], [ 280382.7, 4158111.67 ], [ 280382.66, 4158111.76 ], [ 280382.62, 4158111.85 ], [ 280382.56, 4158111.93 ], [ 280382.5, 4158112.01 ], [ 280382.43, 4158112.08 ], [ 280382.35, 4158112.14 ], [ 280382.27, 4158112.2 ], [ 280382.19, 4158112.24 ], [ 280379.17, 4158113.66 ], [ 280382.2, 4158119.96 ], [ 280398.22, 4158111.92 ], [ 280395.56, 4158106.24 ], [ 280395.53, 4158106.26 ], [ 280395.44, 4158106.3 ], [ 280395.34, 4158106.32 ], [ 280395.25, 4158106.34 ], [ 280395.15, 4158106.35 ], [ 280395.05, 4158106.35 ], [ 280394.95, 4158106.34 ], [ 280394.86, 4158106.32 ], [ 280394.76, 4158106.29 ], [ 280394.67, 4158106.26 ], [ 280394.59, 4158106.21 ], [ 280394.51, 4158106.15 ], [ 280394.43, 4158106.09 ], [ 280394.36, 4158106.02 ], [ 280394.3, 4158105.95 ], [ 280394.24, 4158105.87 ], [ 280394.2, 4158105.78 ], [ 280393.76, 4158104.85 ], [ 280391.55, 4158105.88 ], [ 280391.46, 4158105.91 ], [ 280391.37, 4158105.94 ], [ 280391.27, 4158105.96 ], [ 280391.18, 4158105.97 ], [ 280391.08, 4158105.97 ], [ 280390.98, 4158105.96 ], [ 280390.89, 4158105.94 ], [ 280390.79, 4158105.91 ], [ 280390.7, 4158105.87 ], [ 280390.62, 4158105.83 ], [ 280390.53, 4158105.77 ], [ 280390.46, 4158105.71 ], [ 280390.39, 4158105.64 ], [ 280390.33, 4158105.56 ], [ 280390.27, 4158105.48 ], [ 280390.23, 4158105.4 ], [ 280389.65, 4158104.17 ], [ 280388.32, 4158104.78 ], [ 280388.23, 4158104.82 ], [ 280388.14, 4158104.85 ], [ 280388.04, 4158104.87 ], [ 280387.95, 4158104.88 ], [ 280387.85, 4158104.88 ], [ 280387.75, 4158104.87 ], [ 280387.65, 4158104.85 ], [ 280387.56, 4158104.82 ], [ 280387.47, 4158104.78 ], [ 280387.38, 4158104.73 ], [ 280387.3, 4158104.68 ], [ 280387.23, 4158104.62 ], [ 280387.16, 4158104.55 ], [ 280387.1, 4158104.47 ], [ 280387.04, 4158104.39 ], [ 280387.0, 4158104.3 ], [ 280385.53, 4158101.16 ], [ 280385.5, 4158101.07 ], [ 280385.47, 4158100.98 ], [ 280385.45, 4158100.88 ], [ 280385.44, 4158100.78 ], [ 280385.44, 4158100.69 ], [ 280385.45, 4158100.59 ], [ 280385.47, 4158100.49 ], [ 280385.5, 4158100.4 ], [ 280385.54, 4158100.31 ], [ 280385.59, 4158100.22 ], [ 280385.64, 4158100.14 ], [ 280385.7, 4158100.06 ], [ 280385.77, 4158100.0 ], [ 280385.85, 4158099.93 ], [ 280385.93, 4158099.88 ], [ 280386.02, 4158099.83 ], [ 280387.75, 4158099.03 ], [ 280387.06, 4158097.56 ], [ 280387.02, 4158097.47 ], [ 280386.99, 4158097.37 ], [ 280386.97, 4158097.28 ], [ 280386.96, 4158097.18 ], [ 280386.96, 4158097.08 ], [ 280386.97, 4158096.98 ], [ 280386.99, 4158096.89 ], [ 280387.02, 4158096.79 ], [ 280387.06, 4158096.7 ], [ 280387.11, 4158096.62 ], [ 280387.16, 4158096.54 ], [ 280387.23, 4158096.46 ], [ 280387.3, 4158096.39 ], [ 280387.37, 4158096.33 ], [ 280387.45, 4158096.27 ], [ 280387.54, 4158096.23 ], [ 280397.2, 4158091.74 ], [ 280397.29, 4158091.71 ], [ 280397.39, 4158091.68 ], [ 280397.48, 4158091.66 ], [ 280397.58, 4158091.65 ], [ 280397.68, 4158091.65 ], [ 280397.78, 4158091.66 ], [ 280397.87, 4158091.68 ], [ 280397.97, 4158091.71 ], [ 280398.06, 4158091.75 ], [ 280398.14, 4158091.79 ], [ 280398.22, 4158091.85 ], [ 280398.3, 4158091.91 ], [ 280398.37, 4158091.98 ], [ 280398.43, 4158092.06 ], [ 280398.48, 4158092.14 ], [ 280398.53, 4158092.22 ], [ 280402.11, 4158099.85 ], [ 280402.15, 4158099.94 ], [ 280402.17, 4158100.03 ], [ 280402.19, 4158100.13 ], [ 280402.2, 4158100.23 ], [ 280402.2, 4158100.33 ], [ 280402.19, 4158100.42 ], [ 280402.17, 4158100.52 ], [ 280402.14, 4158100.61 ], [ 280402.1, 4158100.7 ], [ 280402.06, 4158100.79 ], [ 280402.0, 4158100.87 ], [ 280401.94, 4158100.95 ], [ 280401.87, 4158101.02 ], [ 280401.79, 4158101.08 ], [ 280401.71, 4158101.13 ], [ 280401.62, 4158101.18 ], [ 280399.42, 4158102.21 ], [ 280399.85, 4158103.14 ], [ 280399.89, 4158103.23 ], [ 280399.92, 4158103.32 ], [ 280399.94, 4158103.42 ], [ 280399.95, 4158103.52 ], [ 280399.95, 4158103.62 ], [ 280399.94, 4158103.72 ], [ 280399.92, 4158103.81 ], [ 280399.89, 4158103.91 ], [ 280399.85, 4158104.0 ], [ 280399.8, 4158104.08 ], [ 280399.75, 4158104.16 ], [ 280399.68, 4158104.24 ], [ 280399.61, 4158104.31 ], [ 280399.54, 4158104.37 ], [ 280399.46, 4158104.42 ], [ 280399.37, 4158104.47 ], [ 280398.83, 4158104.72 ], [ 280401.45, 4158110.35 ], [ 280411.86, 4158105.44 ], [ 280408.05, 4158097.77 ], [ 280407.98, 4158097.8 ], [ 280407.89, 4158097.83 ], [ 280407.79, 4158097.85 ], [ 280407.69, 4158097.86 ], [ 280407.6, 4158097.86 ], [ 280407.5, 4158097.85 ], [ 280407.4, 4158097.83 ], [ 280407.31, 4158097.8 ], [ 280407.22, 4158097.77 ], [ 280407.13, 4158097.72 ], [ 280407.05, 4158097.67 ], [ 280406.97, 4158097.61 ], [ 280406.9, 4158097.54 ], [ 280406.84, 4158097.46 ], [ 280406.78, 4158097.38 ], [ 280406.74, 4158097.29 ], [ 280402.63, 4158088.8 ], [ 280402.59, 4158088.71 ], [ 280402.56, 4158088.61 ], [ 280402.54, 4158088.52 ], [ 280402.53, 4158088.42 ], [ 280402.53, 4158088.32 ], [ 280402.54, 4158088.22 ], [ 280402.56, 4158088.13 ], [ 280402.59, 4158088.03 ], [ 280402.62, 4158087.94 ], [ 280402.67, 4158087.85 ], [ 280402.72, 4158087.77 ], [ 280402.79, 4158087.7 ], [ 280402.86, 4158087.63 ], [ 280402.93, 4158087.56 ], [ 280403.01, 4158087.51 ], [ 280403.1, 4158087.46 ], [ 280405.54, 4158086.29 ], [ 280405.63, 4158086.25 ], [ 280405.73, 4158086.22 ], [ 280405.82, 4158086.2 ], [ 280405.92, 4158086.19 ], [ 280406.02, 4158086.19 ], [ 280406.12, 4158086.2 ], [ 280406.21, 4158086.22 ], [ 280406.31, 4158086.24 ], [ 280406.4, 4158086.28 ], [ 280406.49, 4158086.33 ], [ 280406.57, 4158086.38 ], [ 280406.65, 4158086.44 ], [ 280406.72, 4158086.51 ], [ 280406.78, 4158086.59 ], [ 280406.83, 4158086.67 ], [ 280406.88, 4158086.76 ], [ 280406.94, 4158086.89 ], [ 280413.44, 4158083.78 ], [ 280413.54, 4158083.74 ], [ 280413.63, 4158083.71 ], [ 280413.72, 4158083.69 ], [ 280413.82, 4158083.68 ], [ 280413.92, 4158083.68 ], [ 280414.02, 4158083.69 ], [ 280414.11, 4158083.71 ], [ 280414.21, 4158083.74 ], [ 280414.3, 4158083.77 ], [ 280414.39, 4158083.82 ], [ 280414.47, 4158083.87 ], [ 280414.54, 4158083.93 ], [ 280414.61, 4158084.0 ], [ 280414.68, 4158084.08 ], [ 280414.73, 4158084.16 ], [ 280414.78, 4158084.24 ], [ 280418.42, 4158091.78 ], [ 280418.45, 4158091.87 ], [ 280418.48, 4158091.96 ], [ 280418.5, 4158092.06 ], [ 280418.51, 4158092.16 ], [ 280418.52, 4158092.25 ], [ 280418.51, 4158092.35 ], [ 280418.49, 4158092.45 ], [ 280418.46, 4158092.54 ], [ 280418.42, 4158092.63 ], [ 280418.38, 4158092.72 ], [ 280418.32, 4158092.8 ], [ 280418.26, 4158092.88 ], [ 280418.19, 4158092.95 ], [ 280418.12, 4158093.01 ], [ 280418.04, 4158093.07 ], [ 280417.95, 4158093.11 ], [ 280414.94, 4158094.56 ], [ 280415.13, 4158094.98 ], [ 280415.17, 4158095.07 ], [ 280415.2, 4158095.16 ], [ 280415.22, 4158095.26 ], [ 280415.23, 4158095.36 ], [ 280415.23, 4158095.45 ], [ 280415.22, 4158095.55 ], [ 280415.2, 4158095.65 ], [ 280415.17, 4158095.74 ], [ 280415.14, 4158095.83 ], [ 280415.09, 4158095.92 ], [ 280415.04, 4158096.0 ], [ 280414.98, 4158096.08 ], [ 280414.91, 4158096.15 ], [ 280414.83, 4158096.21 ], [ 280414.75, 4158096.26 ], [ 280414.66, 4158096.31 ], [ 280411.98, 4158097.6 ], [ 280415.11, 4158103.9 ], [ 280431.03, 4158096.24 ], [ 280428.25, 4158090.49 ], [ 280428.24, 4158090.5 ], [ 280428.15, 4158090.52 ], [ 280428.05, 4158090.54 ], [ 280427.96, 4158090.55 ], [ 280427.86, 4158090.55 ], [ 280427.76, 4158090.54 ], [ 280427.66, 4158090.51 ], [ 280427.57, 4158090.48 ], [ 280427.48, 4158090.45 ], [ 280427.39, 4158090.4 ], [ 280427.31, 4158090.34 ], [ 280427.24, 4158090.28 ], [ 280427.17, 4158090.21 ], [ 280427.11, 4158090.13 ], [ 280427.06, 4158090.05 ], [ 280427.01, 4158089.96 ], [ 280426.65, 4158089.15 ], [ 280424.66, 4158090.05 ], [ 280424.57, 4158090.08 ], [ 280424.48, 4158090.11 ], [ 280424.38, 4158090.13 ], [ 280424.28, 4158090.13 ], [ 280424.19, 4158090.13 ], [ 280424.09, 4158090.12 ], [ 280423.99, 4158090.1 ], [ 280423.9, 4158090.07 ], [ 280423.81, 4158090.03 ], [ 280423.72, 4158089.98 ], [ 280423.64, 4158089.93 ], [ 280423.57, 4158089.86 ], [ 280423.5, 4158089.79 ], [ 280423.44, 4158089.72 ], [ 280423.39, 4158089.63 ], [ 280423.34, 4158089.55 ], [ 280422.79, 4158088.32 ], [ 280421.21, 4158089.03 ], [ 280421.12, 4158089.06 ], [ 280421.03, 4158089.09 ], [ 280420.93, 4158089.11 ], [ 280420.83, 4158089.12 ], [ 280420.74, 4158089.11 ], [ 280420.64, 4158089.1 ], [ 280420.54, 4158089.08 ], [ 280420.45, 4158089.05 ], [ 280420.36, 4158089.01 ], [ 280420.27, 4158088.97 ], [ 280420.19, 4158088.91 ], [ 280420.12, 4158088.85 ], [ 280420.05, 4158088.78 ], [ 280419.99, 4158088.7 ], [ 280419.94, 4158088.62 ], [ 280419.89, 4158088.53 ], [ 280418.36, 4158085.15 ], [ 280418.33, 4158085.06 ], [ 280418.3, 4158084.96 ], [ 280418.28, 4158084.87 ], [ 280418.27, 4158084.77 ], [ 280418.27, 4158084.67 ], [ 280418.29, 4158084.57 ], [ 280418.31, 4158084.48 ], [ 280418.34, 4158084.38 ], [ 280418.38, 4158084.29 ], [ 280418.42, 4158084.21 ], [ 280418.48, 4158084.12 ], [ 280418.55, 4158084.05 ], [ 280418.62, 4158083.98 ], [ 280418.69, 4158083.92 ], [ 280418.78, 4158083.87 ], [ 280418.86, 4158083.82 ], [ 280420.01, 4158083.31 ], [ 280418.81, 4158080.65 ], [ 280418.77, 4158080.56 ], [ 280418.75, 4158080.46 ], [ 280418.73, 4158080.37 ], [ 280418.72, 4158080.27 ], [ 280418.72, 4158080.17 ], [ 280418.73, 4158080.07 ], [ 280418.75, 4158079.98 ], [ 280418.78, 4158079.88 ], [ 280418.82, 4158079.79 ], [ 280418.87, 4158079.71 ], [ 280418.93, 4158079.63 ], [ 280418.99, 4158079.55 ], [ 280419.06, 4158079.49 ], [ 280419.14, 4158079.42 ], [ 280419.22, 4158079.37 ], [ 280419.31, 4158079.33 ], [ 280422.31, 4158077.97 ], [ 280422.41, 4158077.93 ], [ 280422.5, 4158077.91 ], [ 280422.6, 4158077.89 ], [ 280422.69, 4158077.88 ], [ 280422.79, 4158077.88 ], [ 280422.89, 4158077.9 ], [ 280422.99, 4158077.92 ], [ 280423.08, 4158077.95 ], [ 280423.17, 4158077.99 ], [ 280423.25, 4158078.03 ], [ 280423.33, 4158078.09 ], [ 280423.41, 4158078.15 ], [ 280423.48, 4158078.22 ], [ 280423.54, 4158078.3 ], [ 280423.59, 4158078.38 ], [ 280423.64, 4158078.47 ], [ 280423.68, 4158078.56 ], [ 280429.97, 4158075.73 ], [ 280430.06, 4158075.7 ], [ 280430.15, 4158075.67 ], [ 280430.25, 4158075.66 ], [ 280430.35, 4158075.65 ], [ 280430.44, 4158075.65 ], [ 280430.54, 4158075.66 ], [ 280430.64, 4158075.68 ], [ 280430.73, 4158075.71 ], [ 280430.82, 4158075.75 ], [ 280430.9, 4158075.8 ], [ 280430.99, 4158075.85 ], [ 280431.06, 4158075.92 ], [ 280431.13, 4158075.99 ], [ 280431.19, 4158076.06 ], [ 280431.24, 4158076.15 ], [ 280431.29, 4158076.23 ], [ 280434.9, 4158084.19 ], [ 280434.94, 4158084.28 ], [ 280434.96, 4158084.38 ], [ 280434.98, 4158084.47 ], [ 280434.99, 4158084.57 ], [ 280434.99, 4158084.67 ], [ 280434.98, 4158084.77 ], [ 280434.96, 4158084.86 ], [ 280434.93, 4158084.96 ], [ 280434.89, 4158085.05 ], [ 280434.84, 4158085.13 ], [ 280434.78, 4158085.21 ], [ 280434.72, 4158085.29 ], [ 280434.65, 4158085.36 ], [ 280434.57, 4158085.42 ], [ 280434.49, 4158085.47 ], [ 280434.4, 4158085.52 ], [ 280432.67, 4158086.29 ], [ 280433.09, 4158087.22 ], [ 280433.13, 4158087.31 ], [ 280433.15, 4158087.4 ], [ 280433.17, 4158087.5 ], [ 280433.18, 4158087.6 ], [ 280433.18, 4158087.69 ], [ 280433.16, 4158087.79 ], [ 280433.14, 4158087.89 ], [ 280433.11, 4158087.98 ], [ 280433.07, 4158088.07 ], [ 280433.03, 4158088.16 ], [ 280432.97, 4158088.24 ], [ 280432.91, 4158088.31 ], [ 280432.84, 4158088.38 ], [ 280432.76, 4158088.44 ], [ 280432.68, 4158088.49 ], [ 280432.59, 4158088.54 ], [ 280431.54, 4158089.01 ], [ 280434.27, 4158094.66 ], [ 280444.73, 4158089.47 ], [ 280440.93, 4158081.75 ], [ 280440.86, 4158081.76 ], [ 280440.77, 4158081.77 ], [ 280440.67, 4158081.77 ], [ 280440.57, 4158081.76 ], [ 280440.47, 4158081.74 ], [ 280440.38, 4158081.71 ], [ 280440.29, 4158081.68 ], [ 280440.2, 4158081.63 ], [ 280440.12, 4158081.58 ], [ 280440.05, 4158081.51 ], [ 280439.98, 4158081.44 ], [ 280439.91, 4158081.37 ], [ 280439.9, 4158081.35 ], [ 280438.43, 4158082.05 ], [ 280438.34, 4158082.08 ], [ 280438.25, 4158082.11 ], [ 280438.15, 4158082.13 ], [ 280438.05, 4158082.14 ], [ 280437.96, 4158082.14 ], [ 280437.86, 4158082.13 ], [ 280437.76, 4158082.11 ], [ 280437.67, 4158082.09 ], [ 280437.58, 4158082.05 ], [ 280437.49, 4158082.0 ], [ 280437.41, 4158081.95 ], [ 280437.33, 4158081.89 ], [ 280437.26, 4158081.82 ], [ 280437.2, 4158081.74 ], [ 280437.15, 4158081.66 ], [ 280437.1, 4158081.57 ], [ 280434.92, 4158077.01 ], [ 280434.88, 4158076.92 ], [ 280434.85, 4158076.83 ], [ 280434.83, 4158076.73 ], [ 280434.82, 4158076.63 ], [ 280434.82, 4158076.54 ], [ 280434.83, 4158076.44 ], [ 280434.85, 4158076.34 ], [ 280434.88, 4158076.25 ], [ 280434.92, 4158076.16 ], [ 280434.96, 4158076.07 ], [ 280435.02, 4158075.99 ], [ 280435.08, 4158075.91 ], [ 280435.15, 4158075.84 ], [ 280435.22, 4158075.78 ], [ 280435.31, 4158075.72 ], [ 280435.39, 4158075.68 ], [ 280436.57, 4158075.12 ], [ 280435.95, 4158073.82 ], [ 280435.91, 4158073.73 ], [ 280435.88, 4158073.63 ], [ 280435.86, 4158073.54 ], [ 280435.85, 4158073.44 ], [ 280435.85, 4158073.34 ], [ 280435.86, 4158073.24 ], [ 280435.88, 4158073.15 ], [ 280435.91, 4158073.05 ], [ 280435.95, 4158072.96 ], [ 280435.99, 4158072.88 ], [ 280436.05, 4158072.79 ], [ 280436.11, 4158072.72 ], [ 280436.18, 4158072.65 ], [ 280436.26, 4158072.59 ], [ 280436.34, 4158072.53 ], [ 280436.42, 4158072.48 ], [ 280446.44, 4158067.74 ], [ 280446.53, 4158067.71 ], [ 280446.62, 4158067.68 ], [ 280446.72, 4158067.66 ], [ 280446.82, 4158067.65 ], [ 280446.92, 4158067.65 ], [ 280447.01, 4158067.66 ], [ 280447.11, 4158067.68 ], [ 280447.2, 4158067.71 ], [ 280447.29, 4158067.74 ], [ 280447.38, 4158067.79 ], [ 280447.46, 4158067.84 ], [ 280447.54, 4158067.91 ], [ 280447.61, 4158067.98 ], [ 280447.67, 4158068.05 ], [ 280447.72, 4158068.13 ], [ 280447.77, 4158068.22 ], [ 280451.37, 4158075.76 ], [ 280451.4, 4158075.85 ], [ 280451.43, 4158075.95 ], [ 280451.45, 4158076.04 ], [ 280451.46, 4158076.14 ], [ 280451.46, 4158076.24 ], [ 280451.45, 4158076.34 ], [ 280451.43, 4158076.44 ], [ 280451.4, 4158076.53 ], [ 280451.37, 4158076.62 ], [ 280451.32, 4158076.71 ], [ 280451.27, 4158076.79 ], [ 280451.2, 4158076.87 ], [ 280451.13, 4158076.93 ], [ 280451.06, 4158077.0 ], [ 280450.98, 4158077.05 ], [ 280450.89, 4158077.1 ], [ 280447.71, 4158078.6 ], [ 280447.95, 4158079.09 ], [ 280447.99, 4158079.18 ], [ 280448.02, 4158079.28 ], [ 280448.04, 4158079.37 ], [ 280448.05, 4158079.47 ], [ 280448.05, 4158079.57 ], [ 280448.04, 4158079.67 ], [ 280448.02, 4158079.77 ], [ 280447.99, 4158079.86 ], [ 280447.95, 4158079.95 ], [ 280447.91, 4158080.04 ], [ 280447.85, 4158080.12 ], [ 280447.79, 4158080.2 ], [ 280447.72, 4158080.27 ], [ 280447.65, 4158080.33 ], [ 280447.57, 4158080.38 ], [ 280447.48, 4158080.43 ], [ 280444.9, 4158081.65 ], [ 280447.96, 4158087.88 ], [ 280458.94, 4158082.48 ], [ 280459.11, 4158082.41 ], [ 280459.29, 4158082.36 ], [ 280461.76, 4158081.72 ], [ 280460.71, 4158076.61 ], [ 280458.97, 4158077.02 ], [ 280458.87, 4158077.03 ], [ 280458.78, 4158077.04 ], [ 280458.68, 4158077.04 ], [ 280458.58, 4158077.03 ], [ 280458.48, 4158077.01 ], [ 280458.39, 4158076.98 ], [ 280458.3, 4158076.94 ], [ 280458.22, 4158076.89 ], [ 280458.13, 4158076.83 ], [ 280458.06, 4158076.77 ], [ 280457.99, 4158076.7 ], [ 280457.93, 4158076.62 ], [ 280457.88, 4158076.54 ], [ 280457.83, 4158076.45 ], [ 280457.8, 4158076.36 ], [ 280457.77, 4158076.27 ], [ 280457.4, 4158074.67 ], [ 280455.17, 4158075.18 ], [ 280455.08, 4158075.2 ], [ 280454.98, 4158075.21 ], [ 280454.88, 4158075.21 ], [ 280454.78, 4158075.2 ], [ 280454.69, 4158075.18 ], [ 280454.59, 4158075.15 ], [ 280454.5, 4158075.11 ], [ 280454.42, 4158075.06 ], [ 280454.34, 4158075.0 ], [ 280454.26, 4158074.94 ], [ 280454.19, 4158074.87 ], [ 280454.13, 4158074.79 ], [ 280454.08, 4158074.71 ], [ 280454.04, 4158074.62 ], [ 280454.0, 4158074.53 ], [ 280453.97, 4158074.44 ], [ 280451.98, 4158065.93 ], [ 280451.96, 4158065.83 ], [ 280451.95, 4158065.73 ], [ 280451.95, 4158065.64 ], [ 280451.97, 4158065.54 ], [ 280451.99, 4158065.44 ], [ 280452.02, 4158065.35 ], [ 280452.06, 4158065.26 ], [ 280452.1, 4158065.17 ], [ 280452.16, 4158065.09 ], [ 280452.22, 4158065.02 ], [ 280452.29, 4158064.95 ], [ 280452.37, 4158064.89 ], [ 280452.45, 4158064.83 ], [ 280452.54, 4158064.79 ], [ 280452.63, 4158064.75 ], [ 280452.73, 4158064.73 ], [ 280463.75, 4158062.16 ], [ 280463.84, 4158062.14 ], [ 280463.94, 4158062.13 ], [ 280464.04, 4158062.13 ], [ 280464.14, 4158062.15 ], [ 280464.23, 4158062.17 ], [ 280464.32, 4158062.2 ], [ 280464.41, 4158062.24 ], [ 280464.5, 4158062.28 ], [ 280464.58, 4158062.34 ], [ 280464.66, 4158062.4 ], [ 280464.72, 4158062.47 ], [ 280464.79, 4158062.55 ], [ 280464.84, 4158062.63 ], [ 280464.88, 4158062.72 ], [ 280464.92, 4158062.81 ], [ 280464.95, 4158062.9 ], [ 280467.03, 4158071.79 ], [ 280467.05, 4158071.89 ], [ 280467.06, 4158071.98 ], [ 280467.05, 4158072.08 ], [ 280467.04, 4158072.18 ], [ 280467.02, 4158072.28 ], [ 280466.99, 4158072.37 ], [ 280466.95, 4158072.46 ], [ 280466.9, 4158072.55 ], [ 280466.85, 4158072.63 ], [ 280466.79, 4158072.7 ], [ 280466.71, 4158072.77 ], [ 280466.64, 4158072.83 ], [ 280466.55, 4158072.88 ], [ 280466.47, 4158072.93 ], [ 280466.38, 4158072.96 ], [ 280466.28, 4158072.99 ], [ 280463.78, 4158073.57 ], [ 280464.07, 4158074.8 ], [ 280464.09, 4158074.89 ], [ 280464.09, 4158074.99 ], [ 280464.09, 4158075.09 ], [ 280464.08, 4158075.16 ], [ 280465.29, 4158080.98 ], [ 280466.38, 4158080.8 ], [ 280466.62, 4158080.77 ], [ 280472.21, 4158080.63 ], [ 280472.46, 4158080.64 ], [ 280474.76, 4158080.9 ], [ 280474.93, 4158080.92 ], [ 280475.08, 4158080.96 ], [ 280475.24, 4158081.02 ], [ 280479.51, 4158082.75 ], [ 280479.65, 4158082.81 ], [ 280479.79, 4158082.89 ], [ 280480.17, 4158083.13 ], [ 280470.05, 4158064.16 ], [ 280467.06, 4158061.36 ], [ 280463.26, 4158058.9 ], [ 280454.73, 4158057.75 ], [ 280435.88, 4158057.68 ], [ 280429.85, 4158059.67 ], [ 280407.67, 4158070.46 ], [ 280407.77, 4158070.46 ], [ 280407.87, 4158070.47 ], [ 280407.96, 4158070.49 ], [ 280408.06, 4158070.52 ], [ 280408.15, 4158070.55 ], [ 280408.23, 4158070.6 ], [ 280408.32, 4158070.65 ], [ 280408.39, 4158070.71 ], [ 280408.46, 4158070.78 ], [ 280408.52, 4158070.86 ], [ 280408.58, 4158070.94 ], [ 280408.63, 4158071.02 ], [ 280411.75, 4158077.46 ], [ 280411.79, 4158077.55 ], [ 280411.82, 4158077.64 ], [ 280411.84, 4158077.74 ], [ 280411.85, 4158077.84 ], [ 280411.85, 4158077.94 ], [ 280411.84, 4158078.03 ], [ 280411.82, 4158078.13 ], [ 280411.79, 4158078.23 ], [ 280411.76, 4158078.32 ], [ 280411.71, 4158078.4 ], [ 280411.66, 4158078.49 ], [ 280411.6, 4158078.56 ], [ 280411.53, 4158078.63 ], [ 280411.45, 4158078.7 ], [ 280411.37, 4158078.75 ], [ 280411.28, 4158078.8 ], [ 280405.82, 4158081.43 ], [ 280405.73, 4158081.47 ], [ 280405.63, 4158081.5 ], [ 280405.54, 4158081.52 ], [ 280405.44, 4158081.53 ], [ 280405.34, 4158081.53 ], [ 280405.25, 4158081.52 ], [ 280405.15, 4158081.5 ], [ 280405.06, 4158081.47 ], [ 280404.97, 4158081.44 ], [ 280404.88, 4158081.39 ], [ 280404.8, 4158081.34 ], [ 280404.72, 4158081.28 ], [ 280404.65, 4158081.21 ], [ 280404.59, 4158081.13 ], [ 280404.53, 4158081.05 ], [ 280404.49, 4158080.97 ], [ 280401.36, 4158074.53 ], [ 280401.32, 4158074.44 ], [ 280401.29, 4158074.35 ], [ 280401.27, 4158074.25 ], [ 280401.26, 4158074.15 ], [ 280401.26, 4158074.05 ], [ 280401.27, 4158073.95 ], [ 280401.29, 4158073.86 ], [ 280401.32, 4158073.76 ], [ 280401.35, 4158073.67 ], [ 280401.4, 4158073.59 ], [ 280401.45, 4158073.5 ], [ 280401.47, 4158073.48 ], [ 280308.97, 4158118.49 ], [ 280309.02, 4158118.6 ], [ 280309.13, 4158119.16 ], [ 280309.13, 4158120.03 ], [ 280308.71, 4158121.05 ], [ 280306.55, 4158123.2 ], [ 280304.98, 4158123.85 ], [ 280303.13, 4158126.63 ], [ 280303.13, 4158131.92 ], [ 280303.45, 4158133.26 ], [ 280308.51, 4158143.39 ], [ 280310.47, 4158144.96 ], [ 280318.37, 4158146.94 ], [ 280319.17, 4158147.45 ] ], [ [ 280415.77, 4158071.97 ], [ 280415.86, 4158071.93 ], [ 280415.95, 4158071.9 ], [ 280416.05, 4158071.88 ], [ 280416.15, 4158071.87 ], [ 280416.24, 4158071.87 ], [ 280416.34, 4158071.88 ], [ 280416.44, 4158071.9 ], [ 280416.53, 4158071.92 ], [ 280416.62, 4158071.96 ], [ 280416.71, 4158072.0 ], [ 280416.79, 4158072.06 ], [ 280416.87, 4158072.12 ], [ 280416.94, 4158072.19 ], [ 280417.0, 4158072.26 ], [ 280417.06, 4158072.34 ], [ 280417.11, 4158072.43 ], [ 280419.73, 4158077.77 ], [ 280419.77, 4158077.86 ], [ 280419.8, 4158077.95 ], [ 280419.82, 4158078.05 ], [ 280419.83, 4158078.14 ], [ 280419.83, 4158078.24 ], [ 280419.83, 4158078.34 ], [ 280419.81, 4158078.44 ], [ 280419.78, 4158078.53 ], [ 280419.74, 4158078.62 ], [ 280419.7, 4158078.71 ], [ 280419.64, 4158078.79 ], [ 280419.58, 4158078.87 ], [ 280419.51, 4158078.94 ], [ 280419.44, 4158079.0 ], [ 280419.36, 4158079.06 ], [ 280419.27, 4158079.11 ], [ 280415.94, 4158080.73 ], [ 280415.85, 4158080.77 ], [ 280415.75, 4158080.8 ], [ 280415.66, 4158080.82 ], [ 280415.56, 4158080.83 ], [ 280415.46, 4158080.83 ], [ 280415.37, 4158080.82 ], [ 280415.27, 4158080.8 ], [ 280415.18, 4158080.77 ], [ 280415.08, 4158080.74 ], [ 280415.0, 4158080.69 ], [ 280414.92, 4158080.64 ], [ 280414.84, 4158080.58 ], [ 280414.77, 4158080.51 ], [ 280414.71, 4158080.44 ], [ 280414.65, 4158080.36 ], [ 280414.6, 4158080.27 ], [ 280411.98, 4158074.94 ], [ 280411.94, 4158074.85 ], [ 280411.91, 4158074.76 ], [ 280411.89, 4158074.66 ], [ 280411.88, 4158074.56 ], [ 280411.87, 4158074.47 ], [ 280411.88, 4158074.37 ], [ 280411.9, 4158074.27 ], [ 280411.93, 4158074.18 ], [ 280411.96, 4158074.09 ], [ 280412.01, 4158074.0 ], [ 280412.06, 4158073.92 ], [ 280412.12, 4158073.84 ], [ 280412.19, 4158073.77 ], [ 280412.27, 4158073.71 ], [ 280412.35, 4158073.65 ], [ 280412.43, 4158073.6 ], [ 280415.77, 4158071.97 ] ], [ [ 280372.39, 4158094.12 ], [ 280372.3, 4158094.16 ], [ 280372.21, 4158094.18 ], [ 280372.11, 4158094.2 ], [ 280372.01, 4158094.2 ], [ 280371.91, 4158094.2 ], [ 280371.81, 4158094.18 ], [ 280371.72, 4158094.16 ], [ 280371.63, 4158094.13 ], [ 280371.54, 4158094.09 ], [ 280371.45, 4158094.03 ], [ 280371.37, 4158093.98 ], [ 280371.3, 4158093.91 ], [ 280371.23, 4158093.84 ], [ 280371.17, 4158093.76 ], [ 280371.12, 4158093.67 ], [ 280371.08, 4158093.58 ], [ 280369.74, 4158090.34 ], [ 280369.7, 4158090.25 ], [ 280369.68, 4158090.15 ], [ 280369.67, 4158090.05 ], [ 280369.66, 4158089.95 ], [ 280369.67, 4158089.86 ], [ 280369.68, 4158089.76 ], [ 280369.7, 4158089.66 ], [ 280369.74, 4158089.57 ], [ 280369.78, 4158089.48 ], [ 280369.83, 4158089.4 ], [ 280369.89, 4158089.32 ], [ 280369.96, 4158089.25 ], [ 280370.03, 4158089.18 ], [ 280370.11, 4158089.12 ], [ 280370.19, 4158089.07 ], [ 280370.28, 4158089.03 ], [ 280374.27, 4158087.41 ], [ 280374.36, 4158087.38 ], [ 280374.45, 4158087.35 ], [ 280374.55, 4158087.34 ], [ 280374.64, 4158087.33 ], [ 280374.74, 4158087.34 ], [ 280374.83, 4158087.35 ], [ 280374.92, 4158087.37 ], [ 280375.01, 4158087.4 ], [ 280375.1, 4158087.44 ], [ 280375.18, 4158087.49 ], [ 280375.26, 4158087.55 ], [ 280375.33, 4158087.61 ], [ 280375.4, 4158087.68 ], [ 280375.46, 4158087.75 ], [ 280375.51, 4158087.83 ], [ 280375.56, 4158087.92 ], [ 280377.0, 4158091.06 ], [ 280377.03, 4158091.15 ], [ 280377.06, 4158091.25 ], [ 280377.08, 4158091.35 ], [ 280377.09, 4158091.45 ], [ 280377.08, 4158091.55 ], [ 280377.07, 4158091.65 ], [ 280377.05, 4158091.74 ], [ 280377.02, 4158091.84 ], [ 280376.98, 4158091.93 ], [ 280376.93, 4158092.02 ], [ 280376.87, 4158092.1 ], [ 280376.8, 4158092.17 ], [ 280376.73, 4158092.24 ], [ 280376.65, 4158092.3 ], [ 280376.57, 4158092.35 ], [ 280376.48, 4158092.4 ], [ 280372.39, 4158094.12 ] ], [ [ 280356.05, 4158108.95 ], [ 280356.15, 4158108.92 ], [ 280356.24, 4158108.9 ], [ 280356.34, 4158108.89 ], [ 280356.44, 4158108.89 ], [ 280356.53, 4158108.9 ], [ 280356.63, 4158108.92 ], [ 280356.72, 4158108.95 ], [ 280356.81, 4158108.98 ], [ 280356.9, 4158109.03 ], [ 280356.98, 4158109.08 ], [ 280357.05, 4158109.14 ], [ 280357.12, 4158109.21 ], [ 280357.19, 4158109.29 ], [ 280357.24, 4158109.37 ], [ 280357.29, 4158109.45 ], [ 280358.57, 4158112.06 ], [ 280364.66, 4158109.02 ], [ 280364.75, 4158108.98 ], [ 280364.84, 4158108.95 ], [ 280364.94, 4158108.93 ], [ 280365.03, 4158108.92 ], [ 280365.13, 4158108.92 ], [ 280365.23, 4158108.93 ], [ 280365.33, 4158108.94 ], [ 280365.42, 4158108.97 ], [ 280365.51, 4158109.01 ], [ 280365.6, 4158109.05 ], [ 280365.68, 4158109.1 ], [ 280365.76, 4158109.17 ], [ 280365.83, 4158109.23 ], [ 280365.9, 4158109.31 ], [ 280365.95, 4158109.39 ], [ 280366.0, 4158109.48 ], [ 280369.78, 4158117.18 ], [ 280369.82, 4158117.27 ], [ 280369.85, 4158117.37 ], [ 280369.87, 4158117.46 ], [ 280369.88, 4158117.56 ], [ 280369.89, 4158117.66 ], [ 280369.88, 4158117.76 ], [ 280369.86, 4158117.85 ], [ 280369.83, 4158117.95 ], [ 280369.8, 4158118.04 ], [ 280369.75, 4158118.12 ], [ 280369.7, 4158118.21 ], [ 280369.64, 4158118.28 ], [ 280369.57, 4158118.35 ], [ 280369.49, 4158118.42 ], [ 280369.41, 4158118.47 ], [ 280369.33, 4158118.52 ], [ 280366.59, 4158119.87 ], [ 280367.14, 4158120.99 ], [ 280367.18, 4158121.08 ], [ 280367.21, 4158121.18 ], [ 280367.23, 4158121.27 ], [ 280367.24, 4158121.37 ], [ 280367.25, 4158121.47 ], [ 280367.24, 4158121.57 ], [ 280367.22, 4158121.66 ], [ 280367.19, 4158121.76 ], [ 280367.16, 4158121.85 ], [ 280367.11, 4158121.93 ], [ 280367.06, 4158122.02 ], [ 280367.0, 4158122.09 ], [ 280366.93, 4158122.16 ], [ 280366.85, 4158122.23 ], [ 280366.77, 4158122.28 ], [ 280366.69, 4158122.33 ], [ 280363.14, 4158124.07 ], [ 280363.05, 4158124.11 ], [ 280362.96, 4158124.14 ], [ 280362.86, 4158124.16 ], [ 280362.76, 4158124.17 ], [ 280362.67, 4158124.17 ], [ 280362.57, 4158124.17 ], [ 280362.47, 4158124.15 ], [ 280362.38, 4158124.12 ], [ 280362.29, 4158124.09 ], [ 280362.2, 4158124.04 ], [ 280362.12, 4158123.99 ], [ 280362.04, 4158123.93 ], [ 280361.97, 4158123.86 ], [ 280361.91, 4158123.78 ], [ 280361.85, 4158123.7 ], [ 280361.8, 4158123.62 ], [ 280361.4, 4158122.8 ], [ 280359.49, 4158123.74 ], [ 280359.4, 4158123.78 ], [ 280359.3, 4158123.81 ], [ 280359.21, 4158123.83 ], [ 280359.11, 4158123.84 ], [ 280359.01, 4158123.85 ], [ 280358.91, 4158123.84 ], [ 280358.82, 4158123.82 ], [ 280358.72, 4158123.79 ], [ 280358.63, 4158123.76 ], [ 280358.54, 4158123.71 ], [ 280358.46, 4158123.66 ], [ 280358.39, 4158123.6 ], [ 280358.31, 4158123.53 ], [ 280358.25, 4158123.45 ], [ 280358.2, 4158123.37 ], [ 280358.15, 4158123.29 ], [ 280357.4, 4158121.77 ], [ 280355.94, 4158122.49 ], [ 280355.85, 4158122.53 ], [ 280355.76, 4158122.56 ], [ 280355.66, 4158122.58 ], [ 280355.56, 4158122.59 ], [ 280355.46, 4158122.59 ], [ 280355.37, 4158122.58 ], [ 280355.27, 4158122.57 ], [ 280355.18, 4158122.54 ], [ 280355.08, 4158122.5 ], [ 280355.0, 4158122.46 ], [ 280354.91, 4158122.41 ], [ 280354.84, 4158122.34 ], [ 280354.77, 4158122.28 ], [ 280354.7, 4158122.2 ], [ 280354.65, 4158122.12 ], [ 280354.6, 4158122.03 ], [ 280353.11, 4158118.99 ], [ 280353.07, 4158118.9 ], [ 280353.04, 4158118.8 ], [ 280353.02, 4158118.71 ], [ 280353.0, 4158118.61 ], [ 280353.0, 4158118.51 ], [ 280353.01, 4158118.42 ], [ 280353.03, 4158118.32 ], [ 280353.06, 4158118.22 ], [ 280353.09, 4158118.13 ], [ 280353.14, 4158118.05 ], [ 280353.19, 4158117.96 ], [ 280353.25, 4158117.89 ], [ 280353.32, 4158117.82 ], [ 280353.4, 4158117.75 ], [ 280353.48, 4158117.7 ], [ 280353.56, 4158117.65 ], [ 280354.69, 4158117.1 ], [ 280352.14, 4158111.92 ], [ 280352.1, 4158111.83 ], [ 280352.07, 4158111.74 ], [ 280352.05, 4158111.64 ], [ 280352.04, 4158111.54 ], [ 280352.04, 4158111.44 ], [ 280352.05, 4158111.34 ], [ 280352.07, 4158111.25 ], [ 280352.1, 4158111.15 ], [ 280352.13, 4158111.06 ], [ 280352.18, 4158110.97 ], [ 280352.23, 4158110.89 ], [ 280352.3, 4158110.81 ], [ 280352.37, 4158110.74 ], [ 280352.44, 4158110.68 ], [ 280352.52, 4158110.63 ], [ 280352.61, 4158110.58 ], [ 280355.96, 4158108.99 ], [ 280356.05, 4158108.95 ] ], [ [ 280340.21, 4158129.93 ], [ 280339.3, 4158130.39 ], [ 280339.21, 4158130.43 ], [ 280339.11, 4158130.46 ], [ 280339.02, 4158130.48 ], [ 280338.92, 4158130.49 ], [ 280338.82, 4158130.49 ], [ 280338.73, 4158130.48 ], [ 280338.63, 4158130.47 ], [ 280338.53, 4158130.44 ], [ 280338.44, 4158130.4 ], [ 280338.36, 4158130.36 ], [ 280338.27, 4158130.31 ], [ 280338.2, 4158130.25 ], [ 280338.13, 4158130.18 ], [ 280338.06, 4158130.1 ], [ 280338.01, 4158130.02 ], [ 280337.96, 4158129.94 ], [ 280336.4, 4158126.81 ], [ 280336.36, 4158126.72 ], [ 280336.33, 4158126.63 ], [ 280336.31, 4158126.53 ], [ 280336.3, 4158126.43 ], [ 280336.3, 4158126.33 ], [ 280336.31, 4158126.24 ], [ 280336.32, 4158126.14 ], [ 280336.35, 4158126.05 ], [ 280336.39, 4158125.95 ], [ 280336.43, 4158125.87 ], [ 280336.48, 4158125.78 ], [ 280336.54, 4158125.71 ], [ 280336.61, 4158125.64 ], [ 280336.69, 4158125.57 ], [ 280336.77, 4158125.52 ], [ 280336.85, 4158125.47 ], [ 280337.87, 4158124.96 ], [ 280336.46, 4158122.13 ], [ 280336.42, 4158122.04 ], [ 280336.39, 4158121.94 ], [ 280336.37, 4158121.85 ], [ 280336.35, 4158121.75 ], [ 280336.35, 4158121.65 ], [ 280336.36, 4158121.56 ], [ 280336.38, 4158121.46 ], [ 280336.4, 4158121.36 ], [ 280336.44, 4158121.27 ], [ 280336.48, 4158121.19 ], [ 280336.54, 4158121.1 ], [ 280336.6, 4158121.03 ], [ 280336.67, 4158120.95 ], [ 280336.74, 4158120.89 ], [ 280336.82, 4158120.83 ], [ 280336.91, 4158120.79 ], [ 280340.08, 4158119.21 ], [ 280340.17, 4158119.17 ], [ 280340.27, 4158119.14 ], [ 280340.36, 4158119.12 ], [ 280340.46, 4158119.11 ], [ 280340.56, 4158119.1 ], [ 280340.66, 4158119.11 ], [ 280340.75, 4158119.13 ], [ 280340.85, 4158119.16 ], [ 280340.94, 4158119.19 ], [ 280341.02, 4158119.24 ], [ 280341.11, 4158119.29 ], [ 280341.18, 4158119.35 ], [ 280341.26, 4158119.42 ], [ 280341.32, 4158119.49 ], [ 280341.38, 4158119.57 ], [ 280341.42, 4158119.66 ], [ 280341.75, 4158120.32 ], [ 280348.44, 4158117.0 ], [ 280348.53, 4158116.96 ], [ 280348.62, 4158116.93 ], [ 280348.72, 4158116.91 ], [ 280348.81, 4158116.9 ], [ 280348.91, 4158116.9 ], [ 280349.01, 4158116.91 ], [ 280349.11, 4158116.92 ], [ 280349.2, 4158116.95 ], [ 280349.29, 4158116.99 ], [ 280349.38, 4158117.03 ], [ 280349.46, 4158117.08 ], [ 280349.54, 4158117.14 ], [ 280349.61, 4158117.21 ], [ 280349.67, 4158117.29 ], [ 280349.73, 4158117.37 ], [ 280349.78, 4158117.45 ], [ 280353.53, 4158124.99 ], [ 280353.57, 4158125.08 ], [ 280353.6, 4158125.17 ], [ 280353.62, 4158125.27 ], [ 280353.63, 4158125.37 ], [ 280353.63, 4158125.46 ], [ 280353.62, 4158125.56 ], [ 280353.6, 4158125.66 ], [ 280353.58, 4158125.75 ], [ 280353.54, 4158125.85 ], [ 280353.5, 4158125.93 ], [ 280353.45, 4158126.02 ], [ 280353.38, 4158126.09 ], [ 280353.32, 4158126.16 ], [ 280353.24, 4158126.23 ], [ 280353.16, 4158126.28 ], [ 280353.08, 4158126.33 ], [ 280348.64, 4158128.53 ], [ 280348.85, 4158128.95 ], [ 280348.89, 4158129.04 ], [ 280348.92, 4158129.13 ], [ 280348.94, 4158129.22 ], [ 280348.95, 4158129.32 ], [ 280348.95, 4158129.42 ], [ 280348.94, 4158129.52 ], [ 280348.93, 4158129.61 ], [ 280348.9, 4158129.71 ], [ 280348.87, 4158129.8 ], [ 280348.82, 4158129.89 ], [ 280348.77, 4158129.97 ], [ 280348.71, 4158130.05 ], [ 280348.64, 4158130.12 ], [ 280348.56, 4158130.18 ], [ 280348.48, 4158130.24 ], [ 280348.4, 4158130.29 ], [ 280346.07, 4158131.44 ], [ 280345.98, 4158131.48 ], [ 280345.89, 4158131.51 ], [ 280345.79, 4158131.53 ], [ 280345.69, 4158131.55 ], [ 280345.6, 4158131.55 ], [ 280345.5, 4158131.54 ], [ 280345.4, 4158131.52 ], [ 280345.31, 4158131.5 ], [ 280345.22, 4158131.46 ], [ 280345.13, 4158131.42 ], [ 280345.05, 4158131.36 ], [ 280344.97, 4158131.3 ], [ 280344.9, 4158131.23 ], [ 280344.83, 4158131.16 ], [ 280344.78, 4158131.08 ], [ 280344.73, 4158130.99 ], [ 280344.55, 4158130.63 ], [ 280342.25, 4158131.78 ], [ 280342.16, 4158131.82 ], [ 280342.06, 4158131.85 ], [ 280341.97, 4158131.87 ], [ 280341.87, 4158131.88 ], [ 280341.77, 4158131.88 ], [ 280341.67, 4158131.87 ], [ 280341.58, 4158131.86 ], [ 280341.48, 4158131.83 ], [ 280341.39, 4158131.79 ], [ 280341.3, 4158131.75 ], [ 280341.22, 4158131.7 ], [ 280341.14, 4158131.64 ], [ 280341.07, 4158131.57 ], [ 280341.01, 4158131.49 ], [ 280340.95, 4158131.41 ], [ 280340.9, 4158131.33 ], [ 280340.21, 4158129.93 ] ] ], [ [ [ 280411.33, 4158115.98 ], [ 280403.87, 4158119.62 ], [ 280384.58, 4158129.0 ], [ 280374.29, 4158134.01 ], [ 280370.77, 4158135.78 ], [ 280365.72, 4158138.31 ], [ 280364.45, 4158146.57 ], [ 280476.3, 4158092.31 ], [ 280474.7, 4158091.28 ], [ 280469.81, 4158090.33 ], [ 280465.57, 4158091.23 ], [ 280463.24, 4158091.73 ], [ 280452.11, 4158096.72 ], [ 280450.61, 4158097.44 ], [ 280436.79, 4158104.05 ], [ 280432.63, 4158106.04 ], [ 280432.6, 4158106.05 ], [ 280417.55, 4158113.08 ], [ 280411.33, 4158115.98 ] ] ], [ [ [ 280480.4, 4158095.28 ], [ 280479.82, 4158094.6 ], [ 280363.78, 4158150.9 ], [ 280363.71, 4158151.34 ], [ 280387.67, 4158140.1 ], [ 280480.4, 4158095.28 ] ] ], [ [ [ 280421.62, 4158178.77 ], [ 280421.63, 4158178.67 ], [ 280421.65, 4158178.57 ], [ 280421.68, 4158178.48 ], [ 280421.71, 4158178.39 ], [ 280421.76, 4158178.3 ], [ 280421.81, 4158178.22 ], [ 280421.87, 4158178.14 ], [ 280421.94, 4158178.07 ], [ 280422.02, 4158178.01 ], [ 280422.1, 4158177.96 ], [ 280422.19, 4158177.91 ], [ 280426.02, 4158176.06 ], [ 280426.11, 4158176.02 ], [ 280426.2, 4158175.99 ], [ 280426.3, 4158175.97 ], [ 280426.4, 4158175.96 ], [ 280426.5, 4158175.96 ], [ 280426.59, 4158175.97 ], [ 280426.69, 4158175.99 ], [ 280426.78, 4158176.02 ], [ 280426.87, 4158176.06 ], [ 280426.96, 4158176.1 ], [ 280427.04, 4158176.16 ], [ 280427.12, 4158176.22 ], [ 280427.19, 4158176.29 ], [ 280427.25, 4158176.36 ], [ 280427.31, 4158176.44 ], [ 280427.35, 4158176.53 ], [ 280428.68, 4158179.27 ], [ 280476.21, 4158156.87 ], [ 280474.24, 4158151.96 ], [ 280474.21, 4158151.87 ], [ 280474.18, 4158151.77 ], [ 280474.17, 4158151.67 ], [ 280474.17, 4158151.58 ], [ 280474.17, 4158151.48 ], [ 280474.19, 4158151.38 ], [ 280474.21, 4158151.29 ], [ 280474.25, 4158151.19 ], [ 280474.29, 4158151.11 ], [ 280474.34, 4158151.02 ], [ 280474.4, 4158150.94 ], [ 280474.47, 4158150.87 ], [ 280474.54, 4158150.81 ], [ 280474.62, 4158150.75 ], [ 280474.7, 4158150.7 ], [ 280474.79, 4158150.66 ], [ 280480.61, 4158148.33 ], [ 280480.7, 4158148.3 ], [ 280480.79, 4158148.28 ], [ 280480.89, 4158148.26 ], [ 280480.99, 4158148.26 ], [ 280481.09, 4158148.26 ], [ 280481.18, 4158148.28 ], [ 280481.28, 4158148.31 ], [ 280481.37, 4158148.34 ], [ 280481.46, 4158148.38 ], [ 280481.54, 4158148.43 ], [ 280481.62, 4158148.49 ], [ 280481.69, 4158148.56 ], [ 280481.76, 4158148.63 ], [ 280481.82, 4158148.71 ], [ 280481.87, 4158148.8 ], [ 280481.91, 4158148.89 ], [ 280483.69, 4158153.34 ], [ 280500.0, 4158145.66 ], [ 280500.0, 4158145.56 ], [ 280499.91, 4158145.61 ], [ 280499.82, 4158145.66 ], [ 280489.44, 4158150.35 ], [ 280489.34, 4158150.39 ], [ 280489.25, 4158150.42 ], [ 280489.15, 4158150.43 ], [ 280489.06, 4158150.44 ], [ 280488.96, 4158150.44 ], [ 280488.86, 4158150.43 ], [ 280488.77, 4158150.41 ], [ 280488.67, 4158150.38 ], [ 280488.58, 4158150.34 ], [ 280488.5, 4158150.29 ], [ 280488.42, 4158150.24 ], [ 280488.34, 4158150.17 ], [ 280488.27, 4158150.1 ], [ 280488.21, 4158150.03 ], [ 280488.16, 4158149.94 ], [ 280488.11, 4158149.86 ], [ 280485.08, 4158143.2 ], [ 280485.05, 4158143.11 ], [ 280485.02, 4158143.01 ], [ 280485.0, 4158142.91 ], [ 280484.99, 4158142.82 ], [ 280484.99, 4158142.72 ], [ 280485.01, 4158142.62 ], [ 280485.03, 4158142.52 ], [ 280485.06, 4158142.43 ], [ 280485.1, 4158142.34 ], [ 280485.14, 4158142.25 ], [ 280485.2, 4158142.17 ], [ 280485.26, 4158142.1 ], [ 280485.33, 4158142.03 ], [ 280485.41, 4158141.97 ], [ 280485.49, 4158141.92 ], [ 280485.58, 4158141.87 ], [ 280495.97, 4158137.19 ], [ 280496.06, 4158137.15 ], [ 280496.16, 4158137.12 ], [ 280496.25, 4158137.11 ], [ 280496.35, 4158137.1 ], [ 280496.45, 4158137.1 ], [ 280496.54, 4158137.11 ], [ 280496.64, 4158137.13 ], [ 280496.73, 4158137.16 ], [ 280496.82, 4158137.2 ], [ 280496.91, 4158137.25 ], [ 280496.99, 4158137.31 ], [ 280497.06, 4158137.37 ], [ 280497.13, 4158137.44 ], [ 280497.19, 4158137.52 ], [ 280497.25, 4158137.6 ], [ 280497.29, 4158137.68 ], [ 280500.0, 4158143.63 ], [ 280500.0, 4158136.78 ], [ 280486.25, 4158105.04 ], [ 280485.28, 4158105.51 ], [ 280398.93, 4158147.57 ], [ 280396.3, 4158148.85 ], [ 280397.27, 4158151.08 ], [ 280412.81, 4158186.75 ], [ 280423.02, 4158181.94 ], [ 280421.72, 4158179.24 ], [ 280421.68, 4158179.15 ], [ 280421.65, 4158179.06 ], [ 280421.63, 4158178.96 ], [ 280421.62, 4158178.87 ], [ 280421.62, 4158178.77 ] ], [ [ 280437.74, 4158147.92 ], [ 280437.77, 4158148.01 ], [ 280437.79, 4158148.11 ], [ 280437.8, 4158148.21 ], [ 280437.81, 4158148.31 ], [ 280437.8, 4158148.4 ], [ 280437.78, 4158148.5 ], [ 280437.75, 4158148.59 ], [ 280437.72, 4158148.69 ], [ 280437.67, 4158148.77 ], [ 280437.62, 4158148.86 ], [ 280437.56, 4158148.93 ], [ 280437.49, 4158149.0 ], [ 280437.41, 4158149.07 ], [ 280437.33, 4158149.12 ], [ 280437.25, 4158149.17 ], [ 280435.96, 4158149.8 ], [ 280436.92, 4158151.77 ], [ 280436.96, 4158151.86 ], [ 280436.99, 4158151.95 ], [ 280437.01, 4158152.05 ], [ 280437.02, 4158152.15 ], [ 280437.03, 4158152.25 ], [ 280437.02, 4158152.34 ], [ 280437.0, 4158152.44 ], [ 280436.97, 4158152.54 ], [ 280436.94, 4158152.63 ], [ 280436.89, 4158152.71 ], [ 280436.84, 4158152.8 ], [ 280436.77, 4158152.87 ], [ 280436.71, 4158152.94 ], [ 280436.63, 4158153.01 ], [ 280436.55, 4158153.06 ], [ 280436.46, 4158153.11 ], [ 280429.29, 4158156.59 ], [ 280429.2, 4158156.63 ], [ 280429.1, 4158156.65 ], [ 280429.01, 4158156.67 ], [ 280428.91, 4158156.69 ], [ 280428.81, 4158156.69 ], [ 280428.71, 4158156.68 ], [ 280428.62, 4158156.66 ], [ 280428.52, 4158156.63 ], [ 280428.43, 4158156.6 ], [ 280428.35, 4158156.55 ], [ 280428.26, 4158156.5 ], [ 280428.19, 4158156.44 ], [ 280428.12, 4158156.37 ], [ 280428.05, 4158156.29 ], [ 280428.0, 4158156.21 ], [ 280427.95, 4158156.13 ], [ 280422.83, 4158145.65 ], [ 280422.79, 4158145.56 ], [ 280422.76, 4158145.46 ], [ 280422.74, 4158145.37 ], [ 280422.73, 4158145.27 ], [ 280422.73, 4158145.17 ], [ 280422.74, 4158145.07 ], [ 280422.76, 4158144.97 ], [ 280422.78, 4158144.88 ], [ 280422.82, 4158144.79 ], [ 280422.86, 4158144.7 ], [ 280422.92, 4158144.62 ], [ 280422.98, 4158144.54 ], [ 280423.05, 4158144.47 ], [ 280423.12, 4158144.41 ], [ 280423.21, 4158144.35 ], [ 280423.29, 4158144.31 ], [ 280432.65, 4158139.77 ], [ 280432.74, 4158139.73 ], [ 280432.83, 4158139.7 ], [ 280432.93, 4158139.68 ], [ 280433.03, 4158139.67 ], [ 280433.13, 4158139.67 ], [ 280433.22, 4158139.68 ], [ 280433.32, 4158139.7 ], [ 280433.41, 4158139.73 ], [ 280433.5, 4158139.76 ], [ 280433.59, 4158139.81 ], [ 280433.67, 4158139.86 ], [ 280433.75, 4158139.92 ], [ 280433.82, 4158139.99 ], [ 280433.88, 4158140.07 ], [ 280433.94, 4158140.15 ], [ 280433.98, 4158140.23 ], [ 280437.7, 4158147.83 ], [ 280437.74, 4158147.92 ] ], [ [ 280418.84, 4158159.87 ], [ 280418.88, 4158159.96 ], [ 280418.9, 4158160.06 ], [ 280418.92, 4158160.16 ], [ 280418.93, 4158160.25 ], [ 280418.92, 4158160.35 ], [ 280418.91, 4158160.45 ], [ 280418.89, 4158160.55 ], [ 280418.86, 4158160.64 ], [ 280418.82, 4158160.73 ], [ 280418.77, 4158160.81 ], [ 280418.71, 4158160.89 ], [ 280418.65, 4158160.97 ], [ 280418.58, 4158161.03 ], [ 280418.5, 4158161.09 ], [ 280418.42, 4158161.15 ], [ 280418.33, 4158161.19 ], [ 280410.08, 4158164.78 ], [ 280409.98, 4158164.82 ], [ 280409.89, 4158164.84 ], [ 280409.79, 4158164.86 ], [ 280409.69, 4158164.87 ], [ 280409.6, 4158164.86 ], [ 280409.5, 4158164.85 ], [ 280409.4, 4158164.83 ], [ 280409.31, 4158164.8 ], [ 280409.22, 4158164.76 ], [ 280409.14, 4158164.71 ], [ 280409.06, 4158164.65 ], [ 280408.98, 4158164.59 ], [ 280408.92, 4158164.52 ], [ 280408.86, 4158164.44 ], [ 280408.8, 4158164.36 ], [ 280408.76, 4158164.27 ], [ 280403.9, 4158153.17 ], [ 280403.86, 4158153.08 ], [ 280403.83, 4158152.98 ], [ 280403.82, 4158152.89 ], [ 280403.81, 4158152.79 ], [ 280403.81, 4158152.69 ], [ 280403.83, 4158152.59 ], [ 280403.85, 4158152.5 ], [ 280403.88, 4158152.4 ], [ 280403.92, 4158152.32 ], [ 280403.97, 4158152.23 ], [ 280404.03, 4158152.15 ], [ 280404.09, 4158152.08 ], [ 280404.16, 4158152.01 ], [ 280404.24, 4158151.95 ], [ 280404.32, 4158151.9 ], [ 280404.41, 4158151.85 ], [ 280412.66, 4158148.26 ], [ 280412.76, 4158148.22 ], [ 280412.85, 4158148.2 ], [ 280412.95, 4158148.18 ], [ 280413.04, 4158148.18 ], [ 280413.14, 4158148.18 ], [ 280413.24, 4158148.19 ], [ 280413.34, 4158148.21 ], [ 280413.43, 4158148.24 ], [ 280413.52, 4158148.28 ], [ 280413.6, 4158148.33 ], [ 280413.68, 4158148.39 ], [ 280413.76, 4158148.45 ], [ 280413.82, 4158148.53 ], [ 280413.88, 4158148.6 ], [ 280413.94, 4158148.69 ], [ 280413.98, 4158148.77 ], [ 280418.84, 4158159.87 ] ], [ [ 280487.65, 4158113.36 ], [ 280487.75, 4158113.33 ], [ 280487.84, 4158113.31 ], [ 280487.94, 4158113.3 ], [ 280488.04, 4158113.3 ], [ 280488.14, 4158113.31 ], [ 280488.23, 4158113.33 ], [ 280488.32, 4158113.36 ], [ 280488.42, 4158113.4 ], [ 280488.5, 4158113.44 ], [ 280488.58, 4158113.5 ], [ 280488.66, 4158113.56 ], [ 280488.73, 4158113.63 ], [ 280488.79, 4158113.7 ], [ 280488.84, 4158113.78 ], [ 280488.89, 4158113.87 ], [ 280494.34, 4158125.3 ], [ 280494.38, 4158125.39 ], [ 280494.41, 4158125.48 ], [ 280494.43, 4158125.58 ], [ 280494.44, 4158125.68 ], [ 280494.44, 4158125.78 ], [ 280494.43, 4158125.87 ], [ 280494.41, 4158125.97 ], [ 280494.38, 4158126.07 ], [ 280494.34, 4158126.16 ], [ 280494.29, 4158126.24 ], [ 280494.24, 4158126.33 ], [ 280494.18, 4158126.4 ], [ 280494.11, 4158126.47 ], [ 280494.03, 4158126.53 ], [ 280493.95, 4158126.59 ], [ 280493.86, 4158126.63 ], [ 280493.51, 4158126.8 ], [ 280493.79, 4158127.37 ], [ 280493.82, 4158127.46 ], [ 280493.85, 4158127.55 ], [ 280493.87, 4158127.65 ], [ 280493.88, 4158127.75 ], [ 280493.88, 4158127.85 ], [ 280493.87, 4158127.94 ], [ 280493.85, 4158128.04 ], [ 280493.82, 4158128.13 ], [ 280493.79, 4158128.22 ], [ 280493.74, 4158128.31 ], [ 280493.68, 4158128.39 ], [ 280493.62, 4158128.47 ], [ 280493.55, 4158128.54 ], [ 280493.48, 4158128.6 ], [ 280493.4, 4158128.66 ], [ 280493.31, 4158128.7 ], [ 280488.38, 4158131.03 ], [ 280488.29, 4158131.07 ], [ 280488.2, 4158131.1 ], [ 280488.1, 4158131.12 ], [ 280488.01, 4158131.13 ], [ 280487.91, 4158131.13 ], [ 280487.81, 4158131.12 ], [ 280487.72, 4158131.1 ], [ 280487.62, 4158131.07 ], [ 280487.53, 4158131.03 ], [ 280487.44, 4158130.99 ], [ 280487.36, 4158130.93 ], [ 280487.29, 4158130.87 ], [ 280487.22, 4158130.8 ], [ 280487.16, 4158130.73 ], [ 280487.1, 4158130.65 ], [ 280487.05, 4158130.56 ], [ 280486.76, 4158129.95 ], [ 280485.29, 4158130.65 ], [ 280485.2, 4158130.68 ], [ 280485.1, 4158130.71 ], [ 280485.01, 4158130.73 ], [ 280484.91, 4158130.74 ], [ 280484.81, 4158130.74 ], [ 280484.71, 4158130.73 ], [ 280484.62, 4158130.71 ], [ 280484.52, 4158130.68 ], [ 280484.43, 4158130.65 ], [ 280484.35, 4158130.6 ], [ 280484.27, 4158130.55 ], [ 280484.19, 4158130.48 ], [ 280484.12, 4158130.41 ], [ 280484.06, 4158130.34 ], [ 280484.0, 4158130.26 ], [ 280483.96, 4158130.17 ], [ 280478.53, 4158118.77 ], [ 280478.49, 4158118.68 ], [ 280478.46, 4158118.58 ], [ 280478.44, 4158118.49 ], [ 280478.43, 4158118.39 ], [ 280478.43, 4158118.29 ], [ 280478.44, 4158118.19 ], [ 280478.46, 4158118.09 ], [ 280478.49, 4158118.0 ], [ 280478.53, 4158117.91 ], [ 280478.57, 4158117.82 ], [ 280478.63, 4158117.74 ], [ 280478.69, 4158117.66 ], [ 280478.76, 4158117.6 ], [ 280478.83, 4158117.53 ], [ 280478.92, 4158117.48 ], [ 280479.0, 4158117.43 ], [ 280487.56, 4158113.4 ], [ 280487.65, 4158113.36 ] ], [ [ 280470.25, 4158122.47 ], [ 280470.35, 4158122.44 ], [ 280470.44, 4158122.41 ], [ 280470.54, 4158122.4 ], [ 280470.63, 4158122.39 ], [ 280470.73, 4158122.39 ], [ 280470.83, 4158122.4 ], [ 280470.92, 4158122.42 ], [ 280471.02, 4158122.45 ], [ 280471.11, 4158122.49 ], [ 280471.19, 4158122.54 ], [ 280471.27, 4158122.6 ], [ 280471.35, 4158122.66 ], [ 280471.41, 4158122.73 ], [ 280471.48, 4158122.81 ], [ 280471.53, 4158122.89 ], [ 280471.57, 4158122.98 ], [ 280476.76, 4158134.56 ], [ 280476.8, 4158134.65 ], [ 280476.82, 4158134.74 ], [ 280476.84, 4158134.84 ], [ 280476.85, 4158134.94 ], [ 280476.84, 4158135.04 ], [ 280476.83, 4158135.14 ], [ 280476.81, 4158135.23 ], [ 280476.78, 4158135.33 ], [ 280476.74, 4158135.42 ], [ 280476.69, 4158135.5 ], [ 280476.63, 4158135.58 ], [ 280476.57, 4158135.66 ], [ 280476.5, 4158135.72 ], [ 280476.42, 4158135.78 ], [ 280476.34, 4158135.84 ], [ 280477.0, 4158137.32 ], [ 280477.04, 4158137.41 ], [ 280477.06, 4158137.5 ], [ 280477.08, 4158137.6 ], [ 280477.09, 4158137.7 ], [ 280477.09, 4158137.8 ], [ 280477.07, 4158137.89 ], [ 280477.05, 4158137.99 ], [ 280477.02, 4158138.08 ], [ 280476.98, 4158138.17 ], [ 280476.93, 4158138.26 ], [ 280476.88, 4158138.34 ], [ 280476.81, 4158138.41 ], [ 280476.74, 4158138.48 ], [ 280476.66, 4158138.54 ], [ 280476.58, 4158138.6 ], [ 280476.49, 4158138.64 ], [ 280472.89, 4158140.23 ], [ 280472.8, 4158140.27 ], [ 280472.71, 4158140.3 ], [ 280472.61, 4158140.31 ], [ 280472.51, 4158140.32 ], [ 280472.41, 4158140.32 ], [ 280472.32, 4158140.3 ], [ 280472.22, 4158140.28 ], [ 280472.13, 4158140.25 ], [ 280472.04, 4158140.21 ], [ 280471.95, 4158140.17 ], [ 280471.87, 4158140.11 ], [ 280471.8, 4158140.05 ], [ 280471.73, 4158139.97 ], [ 280471.67, 4158139.9 ], [ 280471.62, 4158139.82 ], [ 280471.57, 4158139.73 ], [ 280470.91, 4158138.25 ], [ 280469.88, 4158138.7 ], [ 280469.79, 4158138.74 ], [ 280469.7, 4158138.76 ], [ 280469.6, 4158138.78 ], [ 280469.5, 4158138.79 ], [ 280469.4, 4158138.79 ], [ 280469.31, 4158138.77 ], [ 280469.21, 4158138.75 ], [ 280469.12, 4158138.72 ], [ 280469.03, 4158138.68 ], [ 280468.94, 4158138.64 ], [ 280468.86, 4158138.58 ], [ 280468.79, 4158138.52 ], [ 280468.72, 4158138.44 ], [ 280468.66, 4158138.37 ], [ 280468.61, 4158138.29 ], [ 280468.56, 4158138.2 ], [ 280463.38, 4158126.62 ], [ 280463.34, 4158126.53 ], [ 280463.31, 4158126.43 ], [ 280463.3, 4158126.34 ], [ 280463.29, 4158126.24 ], [ 280463.29, 4158126.14 ], [ 280463.3, 4158126.04 ], [ 280463.32, 4158125.95 ], [ 280463.35, 4158125.85 ], [ 280463.39, 4158125.76 ], [ 280463.44, 4158125.68 ], [ 280463.5, 4158125.6 ], [ 280463.56, 4158125.52 ], [ 280463.63, 4158125.45 ], [ 280463.71, 4158125.39 ], [ 280463.8, 4158125.34 ], [ 280463.88, 4158125.3 ], [ 280470.25, 4158122.47 ] ], [ [ 280449.18, 4158132.13 ], [ 280449.14, 4158132.04 ], [ 280449.12, 4158131.94 ], [ 280449.1, 4158131.85 ], [ 280449.09, 4158131.75 ], [ 280449.09, 4158131.65 ], [ 280449.11, 4158131.55 ], [ 280449.13, 4158131.46 ], [ 280449.16, 4158131.36 ], [ 280449.2, 4158131.27 ], [ 280449.24, 4158131.19 ], [ 280449.3, 4158131.11 ], [ 280449.36, 4158131.03 ], [ 280449.43, 4158130.96 ], [ 280449.51, 4158130.9 ], [ 280449.59, 4158130.85 ], [ 280449.68, 4158130.8 ], [ 280460.73, 4158125.84 ], [ 280460.82, 4158125.8 ], [ 280460.91, 4158125.77 ], [ 280461.01, 4158125.76 ], [ 280461.11, 4158125.75 ], [ 280461.2, 4158125.75 ], [ 280461.3, 4158125.76 ], [ 280461.4, 4158125.78 ], [ 280461.49, 4158125.81 ], [ 280461.58, 4158125.85 ], [ 280461.67, 4158125.9 ], [ 280461.75, 4158125.96 ], [ 280461.82, 4158126.02 ], [ 280461.89, 4158126.09 ], [ 280461.95, 4158126.17 ], [ 280462.0, 4158126.25 ], [ 280462.05, 4158126.34 ], [ 280465.83, 4158134.69 ], [ 280465.87, 4158134.78 ], [ 280465.9, 4158134.87 ], [ 280465.91, 4158134.97 ], [ 280465.92, 4158135.07 ], [ 280465.92, 4158135.17 ], [ 280465.91, 4158135.26 ], [ 280465.89, 4158135.36 ], [ 280465.86, 4158135.45 ], [ 280465.82, 4158135.54 ], [ 280465.77, 4158135.63 ], [ 280465.71, 4158135.71 ], [ 280465.65, 4158135.78 ], [ 280465.58, 4158135.85 ], [ 280465.5, 4158135.91 ], [ 280465.42, 4158135.97 ], [ 280465.33, 4158136.01 ], [ 280454.29, 4158140.98 ], [ 280454.2, 4158141.01 ], [ 280454.1, 4158141.04 ], [ 280454.0, 4158141.06 ], [ 280453.91, 4158141.07 ], [ 280453.81, 4158141.06 ], [ 280453.71, 4158141.05 ], [ 280453.62, 4158141.03 ], [ 280453.52, 4158141.0 ], [ 280453.43, 4158140.96 ], [ 280453.35, 4158140.92 ], [ 280453.27, 4158140.86 ], [ 280453.19, 4158140.8 ], [ 280453.12, 4158140.73 ], [ 280453.06, 4158140.65 ], [ 280453.01, 4158140.57 ], [ 280452.97, 4158140.48 ], [ 280449.18, 4158132.13 ] ], [ [ 280451.65, 4158140.89 ], [ 280451.68, 4158140.98 ], [ 280451.7, 4158141.08 ], [ 280451.71, 4158141.18 ], [ 280451.71, 4158141.28 ], [ 280451.71, 4158141.37 ], [ 280451.69, 4158141.47 ], [ 280451.66, 4158141.57 ], [ 280451.62, 4158141.66 ], [ 280451.58, 4158141.74 ], [ 280451.52, 4158141.83 ], [ 280451.46, 4158141.9 ], [ 280451.39, 4158141.97 ], [ 280451.32, 4158142.04 ], [ 280451.24, 4158142.09 ], [ 280451.15, 4158142.14 ], [ 280441.89, 4158146.63 ], [ 280441.8, 4158146.66 ], [ 280441.7, 4158146.69 ], [ 280441.61, 4158146.71 ], [ 280441.51, 4158146.72 ], [ 280441.41, 4158146.73 ], [ 280441.32, 4158146.72 ], [ 280441.22, 4158146.7 ], [ 280441.13, 4158146.67 ], [ 280441.03, 4158146.63 ], [ 280440.95, 4158146.59 ], [ 280440.87, 4158146.54 ], [ 280440.79, 4158146.47 ], [ 280440.72, 4158146.41 ], [ 280440.66, 4158146.33 ], [ 280440.6, 4158146.25 ], [ 280440.55, 4158146.16 ], [ 280436.95, 4158138.78 ], [ 280436.91, 4158138.69 ], [ 280436.88, 4158138.59 ], [ 280436.86, 4158138.5 ], [ 280436.85, 4158138.4 ], [ 280436.84, 4158138.3 ], [ 280436.85, 4158138.2 ], [ 280436.87, 4158138.1 ], [ 280436.9, 4158138.01 ], [ 280436.94, 4158137.92 ], [ 280436.98, 4158137.83 ], [ 280437.03, 4158137.75 ], [ 280437.1, 4158137.67 ], [ 280437.16, 4158137.6 ], [ 280437.24, 4158137.54 ], [ 280437.32, 4158137.48 ], [ 280437.41, 4158137.44 ], [ 280446.67, 4158132.95 ], [ 280446.76, 4158132.91 ], [ 280446.85, 4158132.88 ], [ 280446.95, 4158132.86 ], [ 280447.05, 4158132.85 ], [ 280447.15, 4158132.85 ], [ 280447.24, 4158132.86 ], [ 280447.34, 4158132.88 ], [ 280447.43, 4158132.9 ], [ 280447.52, 4158132.94 ], [ 280447.61, 4158132.99 ], [ 280447.69, 4158133.04 ], [ 280447.77, 4158133.1 ], [ 280447.84, 4158133.17 ], [ 280447.9, 4158133.24 ], [ 280447.96, 4158133.33 ], [ 280448.01, 4158133.41 ], [ 280451.61, 4158140.8 ], [ 280451.65, 4158140.89 ] ], [ [ 280448.58, 4158168.27 ], [ 280448.49, 4158168.3 ], [ 280448.39, 4158168.31 ], [ 280448.3, 4158168.32 ], [ 280448.2, 4158168.32 ], [ 280448.11, 4158168.31 ], [ 280448.01, 4158168.29 ], [ 280447.92, 4158168.26 ], [ 280447.83, 4158168.22 ], [ 280447.75, 4158168.18 ], [ 280447.67, 4158168.12 ], [ 280447.59, 4158168.06 ], [ 280447.52, 4158167.99 ], [ 280447.46, 4158167.92 ], [ 280447.41, 4158167.84 ], [ 280447.36, 4158167.75 ], [ 280444.77, 4158162.35 ], [ 280444.73, 4158162.26 ], [ 280444.7, 4158162.16 ], [ 280444.68, 4158162.07 ], [ 280444.67, 4158161.97 ], [ 280444.67, 4158161.88 ], [ 280444.68, 4158161.78 ], [ 280444.69, 4158161.68 ], [ 280444.72, 4158161.59 ], [ 280444.76, 4158161.5 ], [ 280444.8, 4158161.41 ], [ 280444.85, 4158161.33 ], [ 280444.91, 4158161.26 ], [ 280444.98, 4158161.19 ], [ 280445.05, 4158161.12 ], [ 280445.13, 4158161.07 ], [ 280445.22, 4158161.02 ], [ 280449.47, 4158158.87 ], [ 280449.56, 4158158.83 ], [ 280449.66, 4158158.8 ], [ 280449.76, 4158158.78 ], [ 280449.86, 4158158.77 ], [ 280449.96, 4158158.77 ], [ 280450.06, 4158158.78 ], [ 280450.15, 4158158.79 ], [ 280450.25, 4158158.82 ], [ 280450.34, 4158158.86 ], [ 280450.43, 4158158.91 ], [ 280450.52, 4158158.96 ], [ 280450.59, 4158159.03 ], [ 280450.66, 4158159.1 ], [ 280450.73, 4158159.18 ], [ 280450.78, 4158159.26 ], [ 280450.83, 4158159.35 ], [ 280453.44, 4158165.01 ], [ 280453.47, 4158165.1 ], [ 280453.5, 4158165.2 ], [ 280453.52, 4158165.3 ], [ 280453.53, 4158165.39 ], [ 280453.53, 4158165.49 ], [ 280453.51, 4158165.59 ], [ 280453.49, 4158165.69 ], [ 280453.46, 4158165.78 ], [ 280453.42, 4158165.87 ], [ 280453.38, 4158165.96 ], [ 280453.32, 4158166.04 ], [ 280453.25, 4158166.12 ], [ 280453.18, 4158166.18 ], [ 280453.1, 4158166.25 ], [ 280453.02, 4158166.3 ], [ 280452.93, 4158166.34 ], [ 280448.67, 4158168.24 ], [ 280448.58, 4158168.27 ] ] ], [ [ [ 280312.13, 4158162.63 ], [ 280309.13, 4158159.63 ], [ 280305.47, 4158159.63 ], [ 280302.56, 4158161.9 ], [ 280300.82, 4158168.87 ], [ 280300.3, 4158169.66 ], [ 280298.18, 4158171.32 ], [ 280297.29, 4158171.63 ], [ 280297.13, 4158171.63 ], [ 280294.13, 4158174.63 ], [ 280294.13, 4158184.64 ], [ 280312.13, 4158175.84 ], [ 280312.13, 4158162.63 ] ] ], [ [ [ 280436.32, 4158213.93 ], [ 280436.23, 4158213.91 ], [ 280436.14, 4158213.88 ], [ 280436.05, 4158213.84 ], [ 280435.96, 4158213.79 ], [ 280435.88, 4158213.73 ], [ 280435.81, 4158213.67 ], [ 280435.74, 4158213.59 ], [ 280435.68, 4158213.52 ], [ 280435.63, 4158213.43 ], [ 280435.59, 4158213.34 ], [ 280433.65, 4158208.78 ], [ 280433.61, 4158208.68 ], [ 280433.59, 4158208.59 ], [ 280433.57, 4158208.49 ], [ 280433.57, 4158208.39 ], [ 280433.57, 4158208.29 ], [ 280433.59, 4158208.2 ], [ 280433.61, 4158208.1 ], [ 280433.64, 4158208.01 ], [ 280433.68, 4158207.92 ], [ 280433.73, 4158207.83 ], [ 280433.79, 4158207.75 ], [ 280433.86, 4158207.68 ], [ 280433.93, 4158207.61 ], [ 280434.01, 4158207.55 ], [ 280434.09, 4158207.5 ], [ 280434.18, 4158207.46 ], [ 280435.89, 4158206.75 ], [ 280435.38, 4158205.56 ], [ 280435.35, 4158205.47 ], [ 280435.33, 4158205.38 ], [ 280435.31, 4158205.28 ], [ 280435.3, 4158205.18 ], [ 280435.31, 4158205.08 ], [ 280435.32, 4158204.99 ], [ 280435.35, 4158204.89 ], [ 280435.38, 4158204.8 ], [ 280435.42, 4158204.71 ], [ 280435.47, 4158204.62 ], [ 280435.53, 4158204.54 ], [ 280435.59, 4158204.47 ], [ 280435.67, 4158204.4 ], [ 280435.74, 4158204.35 ], [ 280435.83, 4158204.29 ], [ 280435.92, 4158204.25 ], [ 280444.3, 4158200.72 ], [ 280444.39, 4158200.69 ], [ 280444.49, 4158200.66 ], [ 280444.59, 4158200.65 ], [ 280444.68, 4158200.64 ], [ 280444.78, 4158200.65 ], [ 280444.88, 4158200.66 ], [ 280444.97, 4158200.68 ], [ 280445.07, 4158200.72 ], [ 280445.16, 4158200.76 ], [ 280445.24, 4158200.81 ], [ 280445.32, 4158200.86 ], [ 280445.39, 4158200.93 ], [ 280445.46, 4158201.0 ], [ 280445.52, 4158201.08 ], [ 280445.57, 4158201.16 ], [ 280445.61, 4158201.25 ], [ 280448.44, 4158207.92 ], [ 280448.47, 4158208.01 ], [ 280448.5, 4158208.1 ], [ 280448.51, 4158208.2 ], [ 280448.52, 4158208.3 ], [ 280448.52, 4158208.4 ], [ 280448.5, 4158208.5 ], [ 280448.48, 4158208.59 ], [ 280448.45, 4158208.68 ], [ 280448.41, 4158208.77 ], [ 280448.36, 4158208.86 ], [ 280448.3, 4158208.94 ], [ 280448.23, 4158209.01 ], [ 280448.16, 4158209.08 ], [ 280448.08, 4158209.14 ], [ 280448.0, 4158209.19 ], [ 280447.91, 4158209.23 ], [ 280446.1, 4158209.99 ], [ 280449.26, 4158216.91 ], [ 280462.11, 4158210.73 ], [ 280458.91, 4158204.07 ], [ 280453.35, 4158206.57 ], [ 280453.26, 4158206.6 ], [ 280453.16, 4158206.63 ], [ 280453.07, 4158206.65 ], [ 280452.97, 4158206.65 ], [ 280452.87, 4158206.65 ], [ 280452.77, 4158206.64 ], [ 280452.68, 4158206.62 ], [ 280452.59, 4158206.59 ], [ 280452.5, 4158206.55 ], [ 280452.41, 4158206.5 ], [ 280452.33, 4158206.45 ], [ 280452.26, 4158206.38 ], [ 280452.19, 4158206.31 ], [ 280452.13, 4158206.24 ], [ 280452.07, 4158206.15 ], [ 280452.03, 4158206.07 ], [ 280449.88, 4158201.29 ], [ 280449.84, 4158201.2 ], [ 280449.81, 4158201.11 ], [ 280449.8, 4158201.01 ], [ 280449.79, 4158200.91 ], [ 280449.79, 4158200.81 ], [ 280449.8, 4158200.72 ], [ 280449.82, 4158200.62 ], [ 280449.85, 4158200.53 ], [ 280449.89, 4158200.44 ], [ 280449.94, 4158200.35 ], [ 280450.0, 4158200.27 ], [ 280450.06, 4158200.19 ], [ 280450.13, 4158200.13 ], [ 280450.21, 4158200.07 ], [ 280450.29, 4158200.01 ], [ 280450.38, 4158199.97 ], [ 280452.13, 4158199.19 ], [ 280451.25, 4158197.22 ], [ 280451.21, 4158197.13 ], [ 280451.18, 4158197.04 ], [ 280451.17, 4158196.94 ], [ 280451.16, 4158196.84 ], [ 280451.16, 4158196.75 ], [ 280451.17, 4158196.65 ], [ 280451.19, 4158196.55 ], [ 280451.22, 4158196.46 ], [ 280451.26, 4158196.37 ], [ 280451.31, 4158196.28 ], [ 280451.37, 4158196.2 ], [ 280451.43, 4158196.13 ], [ 280451.5, 4158196.06 ], [ 280451.58, 4158196.0 ], [ 280451.66, 4158195.95 ], [ 280451.75, 4158195.9 ], [ 280459.57, 4158192.4 ], [ 280459.66, 4158192.36 ], [ 280459.76, 4158192.33 ], [ 280459.85, 4158192.32 ], [ 280459.95, 4158192.31 ], [ 280460.05, 4158192.31 ], [ 280460.15, 4158192.32 ], [ 280460.24, 4158192.34 ], [ 280460.33, 4158192.37 ], [ 280460.42, 4158192.41 ], [ 280460.51, 4158192.46 ], [ 280460.59, 4158192.52 ], [ 280460.66, 4158192.58 ], [ 280460.73, 4158192.65 ], [ 280460.79, 4158192.73 ], [ 280460.85, 4158192.81 ], [ 280460.89, 4158192.9 ], [ 280464.35, 4158200.53 ], [ 280464.38, 4158200.63 ], [ 280464.41, 4158200.72 ], [ 280464.43, 4158200.82 ], [ 280464.43, 4158200.91 ], [ 280464.43, 4158201.01 ], [ 280464.42, 4158201.11 ], [ 280464.4, 4158201.21 ], [ 280464.37, 4158201.3 ], [ 280464.33, 4158201.39 ], [ 280464.28, 4158201.48 ], [ 280464.23, 4158201.56 ], [ 280464.16, 4158201.63 ], [ 280464.09, 4158201.7 ], [ 280464.02, 4158201.76 ], [ 280463.93, 4158201.81 ], [ 280463.84, 4158201.86 ], [ 280462.2, 4158202.6 ], [ 280465.35, 4158209.16 ], [ 280480.39, 4158201.92 ], [ 280476.74, 4158194.79 ], [ 280473.89, 4158196.09 ], [ 280473.8, 4158196.13 ], [ 280473.71, 4158196.16 ], [ 280473.61, 4158196.17 ], [ 280473.52, 4158196.18 ], [ 280473.42, 4158196.18 ], [ 280473.32, 4158196.17 ], [ 280473.22, 4158196.15 ], [ 280473.13, 4158196.12 ], [ 280473.04, 4158196.08 ], [ 280472.96, 4158196.04 ], [ 280472.87, 4158195.98 ], [ 280472.8, 4158195.92 ], [ 280472.73, 4158195.85 ], [ 280472.67, 4158195.77 ], [ 280472.62, 4158195.69 ], [ 280472.57, 4158195.6 ], [ 280469.45, 4158188.85 ], [ 280469.41, 4158188.75 ], [ 280469.38, 4158188.66 ], [ 280469.36, 4158188.56 ], [ 280469.36, 4158188.47 ], [ 280469.36, 4158188.37 ], [ 280469.37, 4158188.27 ], [ 280469.39, 4158188.17 ], [ 280469.42, 4158188.08 ], [ 280469.46, 4158187.99 ], [ 280469.5, 4158187.9 ], [ 280469.56, 4158187.82 ], [ 280469.62, 4158187.75 ], [ 280469.69, 4158187.68 ], [ 280469.77, 4158187.62 ], [ 280469.85, 4158187.56 ], [ 280469.94, 4158187.52 ], [ 280478.36, 4158183.66 ], [ 280478.45, 4158183.63 ], [ 280478.55, 4158183.6 ], [ 280478.64, 4158183.58 ], [ 280478.74, 4158183.57 ], [ 280478.84, 4158183.57 ], [ 280478.93, 4158183.58 ], [ 280479.03, 4158183.6 ], [ 280479.12, 4158183.63 ], [ 280479.21, 4158183.67 ], [ 280479.3, 4158183.72 ], [ 280479.38, 4158183.78 ], [ 280479.46, 4158183.84 ], [ 280479.52, 4158183.91 ], [ 280479.59, 4158183.98 ], [ 280479.64, 4158184.07 ], [ 280479.68, 4158184.15 ], [ 280482.8, 4158190.91 ], [ 280482.84, 4158191.0 ], [ 280482.86, 4158191.1 ], [ 280482.88, 4158191.19 ], [ 280482.89, 4158191.29 ], [ 280482.89, 4158191.39 ], [ 280482.88, 4158191.49 ], [ 280482.86, 4158191.58 ], [ 280482.83, 4158191.68 ], [ 280482.79, 4158191.77 ], [ 280482.74, 4158191.85 ], [ 280482.69, 4158191.94 ], [ 280482.62, 4158192.01 ], [ 280482.55, 4158192.08 ], [ 280482.48, 4158192.14 ], [ 280482.39, 4158192.19 ], [ 280482.31, 4158192.24 ], [ 280480.02, 4158193.29 ], [ 280483.63, 4158200.36 ], [ 280500.0, 4158192.48 ], [ 280500.0, 4158184.02 ], [ 280497.44, 4158185.29 ], [ 280497.35, 4158185.33 ], [ 280497.26, 4158185.36 ], [ 280497.16, 4158185.38 ], [ 280497.06, 4158185.39 ], [ 280496.96, 4158185.39 ], [ 280496.87, 4158185.38 ], [ 280496.77, 4158185.36 ], [ 280496.68, 4158185.34 ], [ 280496.58, 4158185.3 ], [ 280496.5, 4158185.26 ], [ 280496.42, 4158185.2 ], [ 280496.34, 4158185.14 ], [ 280496.27, 4158185.08 ], [ 280496.2, 4158185.0 ], [ 280496.15, 4158184.92 ], [ 280496.1, 4158184.84 ], [ 280492.53, 4158177.67 ], [ 280492.49, 4158177.58 ], [ 280492.46, 4158177.48 ], [ 280492.44, 4158177.39 ], [ 280492.43, 4158177.29 ], [ 280492.43, 4158177.19 ], [ 280492.44, 4158177.09 ], [ 280492.45, 4158177.0 ], [ 280492.48, 4158176.9 ], [ 280492.52, 4158176.81 ], [ 280492.56, 4158176.72 ], [ 280492.61, 4158176.64 ], [ 280492.68, 4158176.56 ], [ 280492.74, 4158176.49 ], [ 280492.82, 4158176.43 ], [ 280492.9, 4158176.37 ], [ 280492.98, 4158176.33 ], [ 280500.0, 4158172.86 ], [ 280500.0, 4158152.4 ], [ 280415.33, 4158192.31 ], [ 280430.97, 4158225.34 ], [ 280431.11, 4158225.65 ], [ 280433.84, 4158224.35 ], [ 280434.79, 4158223.89 ], [ 280446.02, 4158218.48 ], [ 280442.78, 4158211.39 ], [ 280436.9, 4158213.87 ], [ 280436.81, 4158213.91 ], [ 280436.71, 4158213.93 ], [ 280436.62, 4158213.95 ], [ 280436.52, 4158213.95 ], [ 280436.42, 4158213.95 ], [ 280436.32, 4158213.93 ] ] ], [ [ [ 280367.35, 4158171.05 ], [ 280367.44, 4158171.08 ], [ 280367.52, 4158171.13 ], [ 280367.6, 4158171.18 ], [ 280367.68, 4158171.25 ], [ 280367.75, 4158171.31 ], [ 280367.81, 4158171.39 ], [ 280367.87, 4158171.47 ], [ 280367.91, 4158171.56 ], [ 280368.01, 4158171.76 ], [ 280371.05, 4158170.3 ], [ 280371.14, 4158170.26 ], [ 280371.24, 4158170.23 ], [ 280371.33, 4158170.21 ], [ 280371.43, 4158170.2 ], [ 280371.53, 4158170.2 ], [ 280371.63, 4158170.21 ], [ 280371.72, 4158170.23 ], [ 280371.82, 4158170.25 ], [ 280371.91, 4158170.29 ], [ 280371.99, 4158170.34 ], [ 280372.08, 4158170.39 ], [ 280372.15, 4158170.45 ], [ 280372.22, 4158170.52 ], [ 280372.29, 4158170.6 ], [ 280372.34, 4158170.68 ], [ 280372.39, 4158170.76 ], [ 280375.56, 4158177.33 ], [ 280375.64, 4158177.34 ], [ 280375.74, 4158177.36 ], [ 280375.84, 4158177.38 ], [ 280375.93, 4158177.42 ], [ 280376.02, 4158177.47 ], [ 280376.1, 4158177.52 ], [ 280376.18, 4158177.58 ], [ 280376.25, 4158177.65 ], [ 280376.31, 4158177.73 ], [ 280376.37, 4158177.81 ], [ 280376.41, 4158177.9 ], [ 280377.98, 4158181.13 ], [ 280378.01, 4158181.22 ], [ 280378.04, 4158181.31 ], [ 280378.06, 4158181.41 ], [ 280378.07, 4158181.51 ], [ 280378.07, 4158181.61 ], [ 280378.06, 4158181.71 ], [ 280378.05, 4158181.8 ], [ 280378.02, 4158181.9 ], [ 280377.98, 4158181.99 ], [ 280377.94, 4158182.07 ], [ 280377.88, 4158182.16 ], [ 280377.82, 4158182.23 ], [ 280377.75, 4158182.3 ], [ 280377.67, 4158182.37 ], [ 280377.59, 4158182.42 ], [ 280377.51, 4158182.47 ], [ 280373.73, 4158184.27 ], [ 280372.14, 4158185.62 ], [ 280370.99, 4158185.93 ], [ 280366.02, 4158185.11 ], [ 280362.67, 4158186.71 ], [ 280362.58, 4158186.75 ], [ 280362.48, 4158186.78 ], [ 280362.39, 4158186.8 ], [ 280362.29, 4158186.81 ], [ 280362.19, 4158186.81 ], [ 280362.09, 4158186.8 ], [ 280362.0, 4158186.78 ], [ 280361.9, 4158186.75 ], [ 280361.81, 4158186.72 ], [ 280361.73, 4158186.67 ], [ 280361.65, 4158186.62 ], [ 280361.57, 4158186.56 ], [ 280361.5, 4158186.49 ], [ 280361.44, 4158186.41 ], [ 280361.38, 4158186.33 ], [ 280361.33, 4158186.25 ], [ 280359.62, 4158182.69 ], [ 280357.73, 4158181.94 ], [ 280358.54, 4158180.48 ], [ 280358.53, 4158180.44 ], [ 280356.82, 4158176.88 ], [ 280356.78, 4158176.79 ], [ 280356.75, 4158176.7 ], [ 280356.73, 4158176.6 ], [ 280356.72, 4158176.5 ], [ 280356.72, 4158176.41 ], [ 280356.73, 4158176.31 ], [ 280356.75, 4158176.21 ], [ 280356.77, 4158176.12 ], [ 280356.81, 4158176.03 ], [ 280356.86, 4158175.94 ], [ 280356.91, 4158175.86 ], [ 280356.97, 4158175.78 ], [ 280357.04, 4158175.71 ], [ 280357.12, 4158175.65 ], [ 280357.2, 4158175.59 ], [ 280357.28, 4158175.55 ], [ 280358.15, 4158175.13 ], [ 280356.78, 4158172.46 ], [ 280355.81, 4158172.46 ], [ 280352.17, 4158170.65 ], [ 280330.13, 4158181.55 ], [ 280330.13, 4158182.42 ], [ 280329.63, 4158183.51 ], [ 280328.65, 4158184.34 ], [ 280327.99, 4158186.84 ], [ 280326.6, 4158186.27 ], [ 280326.64, 4158186.04 ], [ 280322.45, 4158185.35 ], [ 280294.13, 4158199.36 ], [ 280294.13, 4158200.38 ], [ 280298.8, 4158202.88 ], [ 280299.53, 4158202.39 ], [ 280301.1, 4158201.74 ], [ 280301.67, 4158201.63 ], [ 280314.53, 4158201.63 ], [ 280315.55, 4158202.05 ], [ 280317.71, 4158204.2 ], [ 280318.13, 4158205.22 ], [ 280318.13, 4158210.03 ], [ 280317.71, 4158211.05 ], [ 280315.55, 4158213.2 ], [ 280314.53, 4158213.63 ], [ 280303.13, 4158213.63 ], [ 280300.36, 4158215.48 ], [ 280299.71, 4158217.05 ], [ 280297.55, 4158219.2 ], [ 280295.98, 4158219.85 ], [ 280294.13, 4158222.63 ], [ 280294.13, 4158242.73 ], [ 280343.03, 4158218.64 ], [ 280343.11, 4158218.6 ], [ 280354.6, 4158213.36 ], [ 280354.54, 4158213.3 ], [ 280354.48, 4158213.22 ], [ 280354.42, 4158213.14 ], [ 280354.38, 4158213.05 ], [ 280352.61, 4158209.09 ], [ 280352.57, 4158209.0 ], [ 280352.55, 4158208.91 ], [ 280352.53, 4158208.81 ], [ 280352.52, 4158208.71 ], [ 280352.53, 4158208.61 ], [ 280352.54, 4158208.51 ], [ 280352.56, 4158208.42 ], [ 280352.59, 4158208.32 ], [ 280352.63, 4158208.23 ], [ 280352.68, 4158208.15 ], [ 280352.74, 4158208.07 ], [ 280352.8, 4158207.99 ], [ 280352.88, 4158207.92 ], [ 280352.96, 4158207.86 ], [ 280353.04, 4158207.81 ], [ 280353.13, 4158207.77 ], [ 280357.59, 4158205.85 ], [ 280357.68, 4158205.81 ], [ 280357.78, 4158205.79 ], [ 280357.87, 4158205.77 ], [ 280357.97, 4158205.77 ], [ 280358.07, 4158205.77 ], [ 280358.16, 4158205.78 ], [ 280358.26, 4158205.8 ], [ 280358.35, 4158205.83 ], [ 280358.44, 4158205.87 ], [ 280358.52, 4158205.92 ], [ 280358.6, 4158205.98 ], [ 280358.68, 4158206.04 ], [ 280358.74, 4158206.11 ], [ 280358.8, 4158206.19 ], [ 280358.86, 4158206.27 ], [ 280358.9, 4158206.36 ], [ 280360.64, 4158210.21 ], [ 280360.67, 4158210.3 ], [ 280360.7, 4158210.39 ], [ 280360.72, 4158210.49 ], [ 280360.72, 4158210.57 ], [ 280405.01, 4158190.37 ], [ 280389.38, 4158154.51 ], [ 280388.57, 4158152.64 ], [ 280386.94, 4158153.44 ], [ 280361.45, 4158166.06 ], [ 280360.87, 4158169.85 ], [ 280360.85, 4158169.87 ], [ 280362.48, 4158173.06 ], [ 280366.58, 4158171.09 ], [ 280366.67, 4158171.05 ], [ 280366.77, 4158171.02 ], [ 280366.86, 4158171.0 ], [ 280366.96, 4158170.99 ], [ 280367.06, 4158170.99 ], [ 280367.16, 4158171.0 ], [ 280367.25, 4158171.02 ], [ 280367.35, 4158171.05 ] ], [ [ 280356.4, 4158189.19 ], [ 280356.34, 4158189.27 ], [ 280356.28, 4158189.35 ], [ 280356.21, 4158189.42 ], [ 280356.13, 4158189.48 ], [ 280356.05, 4158189.53 ], [ 280355.96, 4158189.58 ], [ 280353.88, 4158190.52 ], [ 280353.82, 4158190.68 ], [ 280352.17, 4158192.8 ], [ 280351.37, 4158193.32 ], [ 280343.73, 4158195.23 ], [ 280341.61, 4158197.19 ], [ 280339.96, 4158202.13 ], [ 280339.43, 4158202.85 ], [ 280337.35, 4158204.35 ], [ 280336.5, 4158204.63 ], [ 280330.73, 4158204.63 ], [ 280329.71, 4158204.2 ], [ 280327.55, 4158202.05 ], [ 280327.13, 4158201.03 ], [ 280327.13, 4158193.22 ], [ 280327.55, 4158192.2 ], [ 280328.77, 4158190.98 ], [ 280329.09, 4158188.57 ], [ 280330.59, 4158189.63 ], [ 280334.89, 4158189.63 ], [ 280337.01, 4158188.75 ], [ 280344.04, 4158181.71 ], [ 280344.53, 4158181.39 ], [ 280346.1, 4158180.74 ], [ 280346.67, 4158180.63 ], [ 280350.53, 4158180.63 ], [ 280351.33, 4158180.95 ], [ 280351.93, 4158180.68 ], [ 280352.03, 4158180.64 ], [ 280352.12, 4158180.62 ], [ 280352.22, 4158180.6 ], [ 280352.31, 4158180.59 ], [ 280352.41, 4158180.59 ], [ 280352.51, 4158180.6 ], [ 280352.61, 4158180.62 ], [ 280352.7, 4158180.65 ], [ 280352.79, 4158180.69 ], [ 280352.88, 4158180.74 ], [ 280352.96, 4158180.8 ], [ 280353.03, 4158180.86 ], [ 280353.1, 4158180.93 ], [ 280353.16, 4158181.01 ], [ 280353.21, 4158181.09 ], [ 280353.26, 4158181.18 ], [ 280354.1, 4158183.04 ], [ 280354.95, 4158183.19 ], [ 280354.46, 4158183.83 ], [ 280356.46, 4158188.25 ], [ 280356.5, 4158188.34 ], [ 280356.53, 4158188.44 ], [ 280356.54, 4158188.54 ], [ 280356.55, 4158188.63 ], [ 280356.55, 4158188.73 ], [ 280356.54, 4158188.83 ], [ 280356.52, 4158188.92 ], [ 280356.49, 4158189.02 ], [ 280356.45, 4158189.11 ], [ 280356.4, 4158189.19 ] ], [ [ 280381.96, 4158163.82 ], [ 280382.05, 4158163.78 ], [ 280382.15, 4158163.75 ], [ 280382.24, 4158163.73 ], [ 280382.34, 4158163.72 ], [ 280382.44, 4158163.72 ], [ 280382.54, 4158163.73 ], [ 280382.63, 4158163.75 ], [ 280382.73, 4158163.78 ], [ 280382.82, 4158163.82 ], [ 280382.9, 4158163.86 ], [ 280382.99, 4158163.92 ], [ 280383.06, 4158163.98 ], [ 280383.13, 4158164.05 ], [ 280383.19, 4158164.12 ], [ 280383.25, 4158164.2 ], [ 280383.3, 4158164.29 ], [ 280383.58, 4158164.89 ], [ 280388.22, 4158162.68 ], [ 280388.31, 4158162.64 ], [ 280388.4, 4158162.61 ], [ 280388.5, 4158162.59 ], [ 280388.6, 4158162.58 ], [ 280388.69, 4158162.58 ], [ 280388.79, 4158162.59 ], [ 280388.89, 4158162.61 ], [ 280388.98, 4158162.64 ], [ 280389.07, 4158162.67 ], [ 280389.16, 4158162.72 ], [ 280389.24, 4158162.77 ], [ 280389.32, 4158162.83 ], [ 280389.39, 4158162.9 ], [ 280389.45, 4158162.98 ], [ 280389.51, 4158163.06 ], [ 280389.55, 4158163.15 ], [ 280393.82, 4158172.01 ], [ 280393.86, 4158172.1 ], [ 280393.89, 4158172.19 ], [ 280393.91, 4158172.29 ], [ 280393.92, 4158172.38 ], [ 280393.92, 4158172.48 ], [ 280393.91, 4158172.58 ], [ 280393.89, 4158172.68 ], [ 280393.86, 4158172.77 ], [ 280393.82, 4158172.86 ], [ 280393.78, 4158172.95 ], [ 280393.72, 4158173.03 ], [ 280393.66, 4158173.11 ], [ 280393.59, 4158173.18 ], [ 280393.52, 4158173.24 ], [ 280393.43, 4158173.3 ], [ 280393.35, 4158173.34 ], [ 280380.45, 4158179.5 ], [ 280380.36, 4158179.54 ], [ 280380.27, 4158179.57 ], [ 280380.17, 4158179.59 ], [ 280380.07, 4158179.6 ], [ 280379.98, 4158179.6 ], [ 280379.88, 4158179.59 ], [ 280379.78, 4158179.57 ], [ 280379.69, 4158179.54 ], [ 280379.6, 4158179.51 ], [ 280379.51, 4158179.46 ], [ 280379.43, 4158179.41 ], [ 280379.35, 4158179.35 ], [ 280379.28, 4158179.28 ], [ 280379.22, 4158179.2 ], [ 280379.17, 4158179.12 ], [ 280379.12, 4158179.03 ], [ 280374.12, 4158168.67 ], [ 280374.09, 4158168.58 ], [ 280374.06, 4158168.49 ], [ 280374.04, 4158168.39 ], [ 280374.03, 4158168.29 ], [ 280374.03, 4158168.2 ], [ 280374.03, 4158168.1 ], [ 280374.05, 4158168.0 ], [ 280374.08, 4158167.91 ], [ 280374.12, 4158167.82 ], [ 280374.16, 4158167.73 ], [ 280374.22, 4158167.65 ], [ 280374.28, 4158167.57 ], [ 280374.35, 4158167.5 ], [ 280374.43, 4158167.44 ], [ 280374.51, 4158167.38 ], [ 280374.59, 4158167.34 ], [ 280381.96, 4158163.82 ] ], [ [ 280384.75, 4158191.4 ], [ 280390.1, 4158188.86 ], [ 280390.19, 4158188.82 ], [ 280390.28, 4158188.79 ], [ 280390.38, 4158188.77 ], [ 280390.48, 4158188.76 ], [ 280390.57, 4158188.76 ], [ 280390.67, 4158188.77 ], [ 280390.77, 4158188.79 ], [ 280390.86, 4158188.82 ], [ 280390.95, 4158188.85 ], [ 280391.04, 4158188.9 ], [ 280391.12, 4158188.95 ], [ 280391.2, 4158189.02 ], [ 280391.27, 4158189.08 ], [ 280391.33, 4158189.16 ], [ 280391.38, 4158189.24 ], [ 280391.43, 4158189.33 ], [ 280393.44, 4158193.52 ], [ 280393.48, 4158193.61 ], [ 280393.51, 4158193.7 ], [ 280393.53, 4158193.8 ], [ 280393.54, 4158193.89 ], [ 280393.54, 4158193.99 ], [ 280393.53, 4158194.09 ], [ 280393.51, 4158194.19 ], [ 280393.48, 4158194.28 ], [ 280393.45, 4158194.37 ], [ 280393.4, 4158194.46 ], [ 280393.35, 4158194.54 ], [ 280393.28, 4158194.62 ], [ 280393.21, 4158194.69 ], [ 280393.14, 4158194.75 ], [ 280393.06, 4158194.8 ], [ 280392.97, 4158194.85 ], [ 280387.63, 4158197.4 ], [ 280387.54, 4158197.44 ], [ 280387.44, 4158197.47 ], [ 280387.35, 4158197.49 ], [ 280387.25, 4158197.5 ], [ 280387.15, 4158197.5 ], [ 280387.05, 4158197.49 ], [ 280386.96, 4158197.47 ], [ 280386.86, 4158197.44 ], [ 280386.77, 4158197.41 ], [ 280386.69, 4158197.36 ], [ 280386.61, 4158197.31 ], [ 280386.53, 4158197.24 ], [ 280386.46, 4158197.18 ], [ 280386.4, 4158197.1 ], [ 280386.34, 4158197.02 ], [ 280386.3, 4158196.93 ], [ 280384.27, 4158192.73 ], [ 280384.24, 4158192.64 ], [ 280384.21, 4158192.55 ], [ 280384.19, 4158192.45 ], [ 280384.18, 4158192.35 ], [ 280384.18, 4158192.26 ], [ 280384.19, 4158192.16 ], [ 280384.2, 4158192.06 ], [ 280384.23, 4158191.97 ], [ 280384.27, 4158191.88 ], [ 280384.32, 4158191.79 ], [ 280384.37, 4158191.71 ], [ 280384.43, 4158191.63 ], [ 280384.5, 4158191.56 ], [ 280384.58, 4158191.5 ], [ 280384.66, 4158191.44 ], [ 280384.75, 4158191.4 ] ] ], [ [ [ 280422.0, 4158232.88 ], [ 280421.98, 4158232.82 ], [ 280421.93, 4158232.66 ], [ 280421.9, 4158232.49 ], [ 280421.89, 4158232.32 ], [ 280421.89, 4158232.15 ], [ 280421.91, 4158231.98 ], [ 280421.94, 4158231.81 ], [ 280421.99, 4158231.64 ], [ 280422.24, 4158230.95 ], [ 280422.25, 4158230.93 ], [ 280422.25, 4158230.91 ], [ 280422.48, 4158230.3 ], [ 280422.55, 4158230.15 ], [ 280422.64, 4158230.0 ], [ 280422.73, 4158229.86 ], [ 280422.84, 4158229.72 ], [ 280422.97, 4158229.6 ], [ 280423.1, 4158229.5 ], [ 280423.24, 4158229.4 ], [ 280423.35, 4158229.35 ], [ 280423.19, 4158229.02 ], [ 280407.53, 4158195.93 ], [ 280345.68, 4158224.13 ], [ 280294.13, 4158249.53 ], [ 280294.13, 4158250.0 ], [ 280336.58, 4158250.0 ], [ 280336.43, 4158249.7 ], [ 280336.39, 4158249.61 ], [ 280336.36, 4158249.52 ], [ 280336.34, 4158249.42 ], [ 280336.33, 4158249.32 ], [ 280336.33, 4158249.23 ], [ 280336.34, 4158249.13 ], [ 280336.35, 4158249.03 ], [ 280336.38, 4158248.94 ], [ 280336.42, 4158248.85 ], [ 280336.46, 4158248.76 ], [ 280336.51, 4158248.68 ], [ 280336.58, 4158248.6 ], [ 280336.64, 4158248.53 ], [ 280336.72, 4158248.47 ], [ 280336.8, 4158248.41 ], [ 280336.89, 4158248.36 ], [ 280348.87, 4158242.44 ], [ 280348.96, 4158242.41 ], [ 280349.05, 4158242.38 ], [ 280349.15, 4158242.35 ], [ 280349.25, 4158242.34 ], [ 280349.34, 4158242.34 ], [ 280349.44, 4158242.35 ], [ 280349.54, 4158242.37 ], [ 280349.63, 4158242.39 ], [ 280349.72, 4158242.43 ], [ 280349.81, 4158242.47 ], [ 280349.89, 4158242.53 ], [ 280349.97, 4158242.59 ], [ 280350.04, 4158242.66 ], [ 280350.11, 4158242.73 ], [ 280350.16, 4158242.81 ], [ 280350.21, 4158242.9 ], [ 280353.72, 4158250.0 ], [ 280359.1, 4158250.0 ], [ 280354.95, 4158241.12 ], [ 280354.91, 4158241.03 ], [ 280354.89, 4158240.94 ], [ 280354.87, 4158240.84 ], [ 280354.86, 4158240.74 ], [ 280354.86, 4158240.65 ], [ 280354.87, 4158240.55 ], [ 280354.89, 4158240.45 ], [ 280354.92, 4158240.36 ], [ 280354.95, 4158240.27 ], [ 280355.0, 4158240.18 ], [ 280355.06, 4158240.1 ], [ 280355.12, 4158240.02 ], [ 280355.19, 4158239.96 ], [ 280355.26, 4158239.89 ], [ 280355.35, 4158239.84 ], [ 280355.43, 4158239.79 ], [ 280367.41, 4158234.19 ], [ 280367.5, 4158234.16 ], [ 280367.59, 4158234.13 ], [ 280367.69, 4158234.11 ], [ 280367.79, 4158234.1 ], [ 280367.88, 4158234.1 ], [ 280367.98, 4158234.11 ], [ 280368.08, 4158234.13 ], [ 280368.17, 4158234.16 ], [ 280368.26, 4158234.2 ], [ 280368.35, 4158234.25 ], [ 280368.43, 4158234.3 ], [ 280368.5, 4158234.36 ], [ 280368.57, 4158234.43 ], [ 280368.64, 4158234.51 ], [ 280368.69, 4158234.59 ], [ 280368.74, 4158234.68 ], [ 280372.63, 4158243.0 ], [ 280372.67, 4158243.09 ], [ 280372.69, 4158243.19 ], [ 280372.71, 4158243.28 ], [ 280372.72, 4158243.38 ], [ 280372.72, 4158243.48 ], [ 280372.71, 4158243.58 ], [ 280372.69, 4158243.67 ], [ 280372.66, 4158243.77 ], [ 280372.63, 4158243.86 ], [ 280372.58, 4158243.95 ], [ 280372.52, 4158244.03 ], [ 280372.46, 4158244.1 ], [ 280372.39, 4158244.17 ], [ 280372.32, 4158244.23 ], [ 280372.23, 4158244.29 ], [ 280372.15, 4158244.33 ], [ 280368.17, 4158246.19 ], [ 280368.47, 4158246.83 ], [ 280368.5, 4158246.92 ], [ 280368.53, 4158247.01 ], [ 280368.55, 4158247.11 ], [ 280368.56, 4158247.21 ], [ 280368.56, 4158247.3 ], [ 280368.55, 4158247.4 ], [ 280368.53, 4158247.5 ], [ 280368.5, 4158247.59 ], [ 280368.46, 4158247.68 ], [ 280368.42, 4158247.77 ], [ 280368.36, 4158247.85 ], [ 280368.3, 4158247.93 ], [ 280368.23, 4158247.99 ], [ 280368.15, 4158248.06 ], [ 280368.07, 4158248.11 ], [ 280367.98, 4158248.16 ], [ 280364.04, 4158250.0 ], [ 280386.58, 4158250.0 ], [ 280421.15, 4158233.29 ], [ 280422.0, 4158232.88 ] ], [ [ 280387.47, 4158211.12 ], [ 280387.38, 4158211.14 ], [ 280387.28, 4158211.15 ], [ 280387.18, 4158211.16 ], [ 280387.09, 4158211.15 ], [ 280386.99, 4158211.14 ], [ 280386.89, 4158211.11 ], [ 280386.8, 4158211.08 ], [ 280386.71, 4158211.03 ], [ 280386.63, 4158210.98 ], [ 280386.55, 4158210.92 ], [ 280386.48, 4158210.86 ], [ 280386.41, 4158210.78 ], [ 280386.36, 4158210.71 ], [ 280386.31, 4158210.62 ], [ 280386.26, 4158210.53 ], [ 280385.05, 4158207.54 ], [ 280385.02, 4158207.45 ], [ 280385.0, 4158207.35 ], [ 280384.98, 4158207.26 ], [ 280384.98, 4158207.16 ], [ 280384.98, 4158207.06 ], [ 280385.0, 4158206.96 ], [ 280385.02, 4158206.87 ], [ 280385.06, 4158206.78 ], [ 280385.1, 4158206.69 ], [ 280385.15, 4158206.6 ], [ 280385.21, 4158206.52 ], [ 280385.28, 4158206.45 ], [ 280385.35, 4158206.39 ], [ 280385.43, 4158206.33 ], [ 280385.51, 4158206.28 ], [ 280385.6, 4158206.24 ], [ 280390.19, 4158204.38 ], [ 280390.28, 4158204.35 ], [ 280390.38, 4158204.32 ], [ 280390.48, 4158204.31 ], [ 280390.57, 4158204.31 ], [ 280390.67, 4158204.31 ], [ 280390.77, 4158204.33 ], [ 280390.86, 4158204.35 ], [ 280390.96, 4158204.39 ], [ 280391.05, 4158204.43 ], [ 280391.13, 4158204.48 ], [ 280391.21, 4158204.54 ], [ 280391.28, 4158204.6 ], [ 280391.35, 4158204.68 ], [ 280391.4, 4158204.76 ], [ 280391.45, 4158204.84 ], [ 280391.49, 4158204.93 ], [ 280392.71, 4158207.92 ], [ 280392.74, 4158208.01 ], [ 280392.76, 4158208.11 ], [ 280392.77, 4158208.21 ], [ 280392.78, 4158208.3 ], [ 280392.77, 4158208.4 ], [ 280392.76, 4158208.5 ], [ 280392.73, 4158208.59 ], [ 280392.7, 4158208.69 ], [ 280392.66, 4158208.78 ], [ 280392.61, 4158208.86 ], [ 280392.55, 4158208.94 ], [ 280392.48, 4158209.01 ], [ 280392.41, 4158209.08 ], [ 280392.33, 4158209.13 ], [ 280392.24, 4158209.18 ], [ 280392.15, 4158209.22 ], [ 280387.57, 4158211.08 ], [ 280387.47, 4158211.12 ] ], [ [ 280398.33, 4158217.8 ], [ 280398.29, 4158217.71 ], [ 280398.27, 4158217.61 ], [ 280398.25, 4158217.52 ], [ 280398.24, 4158217.42 ], [ 280398.25, 4158217.32 ], [ 280398.26, 4158217.22 ], [ 280398.28, 4158217.13 ], [ 280398.31, 4158217.03 ], [ 280398.35, 4158216.94 ], [ 280398.4, 4158216.86 ], [ 280398.46, 4158216.78 ], [ 280398.52, 4158216.7 ], [ 280398.59, 4158216.63 ], [ 280398.67, 4158216.57 ], [ 280398.75, 4158216.52 ], [ 280398.84, 4158216.48 ], [ 280399.31, 4158216.27 ], [ 280397.03, 4158211.17 ], [ 280397.0, 4158211.08 ], [ 280396.97, 4158210.98 ], [ 280396.95, 4158210.89 ], [ 280396.95, 4158210.79 ], [ 280396.95, 4158210.69 ], [ 280396.96, 4158210.59 ], [ 280396.98, 4158210.5 ], [ 280397.01, 4158210.4 ], [ 280397.05, 4158210.32 ], [ 280397.1, 4158210.23 ], [ 280397.16, 4158210.15 ], [ 280397.22, 4158210.07 ], [ 280397.29, 4158210.01 ], [ 280397.37, 4158209.95 ], [ 280397.45, 4158209.89 ], [ 280397.54, 4158209.85 ], [ 280400.08, 4158208.72 ], [ 280399.95, 4158208.43 ], [ 280399.91, 4158208.33 ], [ 280399.89, 4158208.24 ], [ 280399.87, 4158208.14 ], [ 280399.86, 4158208.05 ], [ 280399.86, 4158207.95 ], [ 280399.88, 4158207.85 ], [ 280399.9, 4158207.75 ], [ 280399.93, 4158207.66 ], [ 280399.97, 4158207.57 ], [ 280400.02, 4158207.49 ], [ 280400.07, 4158207.4 ], [ 280400.14, 4158207.33 ], [ 280400.21, 4158207.26 ], [ 280400.29, 4158207.2 ], [ 280400.37, 4158207.15 ], [ 280400.46, 4158207.11 ], [ 280405.64, 4158204.81 ], [ 280405.73, 4158204.78 ], [ 280405.83, 4158204.75 ], [ 280405.92, 4158204.74 ], [ 280406.02, 4158204.73 ], [ 280406.12, 4158204.73 ], [ 280406.21, 4158204.74 ], [ 280406.31, 4158204.77 ], [ 280406.4, 4158204.8 ], [ 280406.49, 4158204.84 ], [ 280406.58, 4158204.88 ], [ 280406.66, 4158204.94 ], [ 280406.73, 4158205.0 ], [ 280406.8, 4158205.07 ], [ 280406.86, 4158205.15 ], [ 280406.91, 4158205.23 ], [ 280406.96, 4158205.32 ], [ 280409.31, 4158210.59 ], [ 280411.46, 4158209.64 ], [ 280411.55, 4158209.6 ], [ 280411.65, 4158209.57 ], [ 280411.74, 4158209.56 ], [ 280411.84, 4158209.55 ], [ 280411.94, 4158209.55 ], [ 280412.04, 4158209.56 ], [ 280412.13, 4158209.59 ], [ 280412.22, 4158209.62 ], [ 280412.31, 4158209.66 ], [ 280412.4, 4158209.7 ], [ 280412.48, 4158209.76 ], [ 280412.55, 4158209.82 ], [ 280412.62, 4158209.89 ], [ 280412.68, 4158209.97 ], [ 280412.73, 4158210.05 ], [ 280412.78, 4158210.14 ], [ 280416.98, 4158219.54 ], [ 280417.02, 4158219.63 ], [ 280417.04, 4158219.72 ], [ 280417.06, 4158219.82 ], [ 280417.07, 4158219.92 ], [ 280417.06, 4158220.02 ], [ 280417.05, 4158220.11 ], [ 280417.03, 4158220.21 ], [ 280417.0, 4158220.3 ], [ 280416.96, 4158220.39 ], [ 280416.91, 4158220.48 ], [ 280416.86, 4158220.56 ], [ 280416.79, 4158220.63 ], [ 280416.72, 4158220.7 ], [ 280416.64, 4158220.76 ], [ 280416.56, 4158220.81 ], [ 280416.47, 4158220.86 ], [ 280414.61, 4158221.69 ], [ 280414.95, 4158222.47 ], [ 280414.99, 4158222.56 ], [ 280415.02, 4158222.65 ], [ 280415.03, 4158222.75 ], [ 280415.04, 4158222.85 ], [ 280415.04, 4158222.95 ], [ 280415.03, 4158223.04 ], [ 280415.0, 4158223.14 ], [ 280414.97, 4158223.23 ], [ 280414.93, 4158223.32 ], [ 280414.89, 4158223.41 ], [ 280414.83, 4158223.49 ], [ 280414.76, 4158223.56 ], [ 280414.69, 4158223.63 ], [ 280414.62, 4158223.69 ], [ 280414.53, 4158223.74 ], [ 280414.45, 4158223.79 ], [ 280404.14, 4158228.36 ], [ 280404.05, 4158228.39 ], [ 280403.96, 4158228.42 ], [ 280403.86, 4158228.44 ], [ 280403.76, 4158228.44 ], [ 280403.66, 4158228.44 ], [ 280403.57, 4158228.43 ], [ 280403.47, 4158228.41 ], [ 280403.38, 4158228.38 ], [ 280403.29, 4158228.34 ], [ 280403.2, 4158228.29 ], [ 280403.12, 4158228.23 ], [ 280403.05, 4158228.17 ], [ 280402.98, 4158228.1 ], [ 280402.92, 4158228.02 ], [ 280402.87, 4158227.94 ], [ 280402.82, 4158227.85 ], [ 280398.33, 4158217.8 ] ], [ [ 280388.16, 4158218.29 ], [ 280388.25, 4158218.25 ], [ 280388.35, 4158218.23 ], [ 280388.44, 4158218.21 ], [ 280388.54, 4158218.2 ], [ 280388.64, 4158218.2 ], [ 280388.74, 4158218.2 ], [ 280388.83, 4158218.22 ], [ 280388.93, 4158218.25 ], [ 280389.02, 4158218.29 ], [ 280389.1, 4158218.33 ], [ 280389.18, 4158218.39 ], [ 280389.26, 4158218.45 ], [ 280389.33, 4158218.52 ], [ 280389.39, 4158218.59 ], [ 280389.45, 4158218.68 ], [ 280389.49, 4158218.76 ], [ 280390.16, 4158220.14 ], [ 280396.02, 4158217.35 ], [ 280396.12, 4158217.31 ], [ 280396.21, 4158217.28 ], [ 280396.3, 4158217.26 ], [ 280396.4, 4158217.26 ], [ 280396.5, 4158217.25 ], [ 280396.6, 4158217.26 ], [ 280396.69, 4158217.28 ], [ 280396.79, 4158217.31 ], [ 280396.88, 4158217.35 ], [ 280396.96, 4158217.39 ], [ 280397.05, 4158217.45 ], [ 280397.12, 4158217.51 ], [ 280397.19, 4158217.58 ], [ 280397.25, 4158217.65 ], [ 280397.31, 4158217.73 ], [ 280397.36, 4158217.82 ], [ 280402.55, 4158228.61 ], [ 280402.59, 4158228.7 ], [ 280402.62, 4158228.79 ], [ 280402.64, 4158228.89 ], [ 280402.65, 4158228.99 ], [ 280402.65, 4158229.09 ], [ 280402.64, 4158229.18 ], [ 280402.62, 4158229.28 ], [ 280402.59, 4158229.38 ], [ 280402.55, 4158229.47 ], [ 280402.51, 4158229.55 ], [ 280402.45, 4158229.64 ], [ 280402.39, 4158229.71 ], [ 280402.32, 4158229.78 ], [ 280402.25, 4158229.84 ], [ 280402.17, 4158229.9 ], [ 280402.08, 4158229.95 ], [ 280389.91, 4158235.76 ], [ 280389.82, 4158235.8 ], [ 280389.72, 4158235.83 ], [ 280389.63, 4158235.85 ], [ 280389.53, 4158235.86 ], [ 280389.43, 4158235.86 ], [ 280389.33, 4158235.85 ], [ 280389.24, 4158235.83 ], [ 280389.14, 4158235.81 ], [ 280389.05, 4158235.77 ], [ 280388.97, 4158235.72 ], [ 280388.88, 4158235.67 ], [ 280388.81, 4158235.61 ], [ 280388.74, 4158235.54 ], [ 280388.68, 4158235.46 ], [ 280388.62, 4158235.38 ], [ 280388.57, 4158235.3 ], [ 280382.28, 4158222.2 ], [ 280382.24, 4158222.11 ], [ 280382.21, 4158222.02 ], [ 280382.19, 4158221.92 ], [ 280382.18, 4158221.82 ], [ 280382.18, 4158221.73 ], [ 280382.19, 4158221.63 ], [ 280382.21, 4158221.53 ], [ 280382.24, 4158221.44 ], [ 280382.27, 4158221.35 ], [ 280382.32, 4158221.26 ], [ 280382.37, 4158221.18 ], [ 280382.44, 4158221.1 ], [ 280382.5, 4158221.03 ], [ 280382.58, 4158220.97 ], [ 280382.66, 4158220.91 ], [ 280382.75, 4158220.87 ], [ 280388.16, 4158218.29 ] ], [ [ 280381.1, 4158225.71 ], [ 280381.19, 4158225.68 ], [ 280381.29, 4158225.66 ], [ 280381.38, 4158225.65 ], [ 280381.48, 4158225.65 ], [ 280381.58, 4158225.66 ], [ 280381.68, 4158225.67 ], [ 280381.77, 4158225.7 ], [ 280381.86, 4158225.74 ], [ 280381.95, 4158225.78 ], [ 280382.03, 4158225.84 ], [ 280382.11, 4158225.9 ], [ 280382.18, 4158225.97 ], [ 280382.24, 4158226.04 ], [ 280382.29, 4158226.12 ], [ 280382.34, 4158226.21 ], [ 280386.12, 4158233.99 ], [ 280386.16, 4158234.08 ], [ 280386.19, 4158234.18 ], [ 280386.21, 4158234.27 ], [ 280386.22, 4158234.37 ], [ 280386.22, 4158234.47 ], [ 280386.21, 4158234.57 ], [ 280386.19, 4158234.67 ], [ 280386.16, 4158234.76 ], [ 280386.13, 4158234.85 ], [ 280386.08, 4158234.94 ], [ 280386.03, 4158235.02 ], [ 280385.97, 4158235.1 ], [ 280385.9, 4158235.17 ], [ 280385.82, 4158235.23 ], [ 280385.74, 4158235.29 ], [ 280385.65, 4158235.33 ], [ 280382.38, 4158236.91 ], [ 280383.06, 4158238.32 ], [ 280383.1, 4158238.41 ], [ 280383.13, 4158238.5 ], [ 280383.15, 4158238.6 ], [ 280383.16, 4158238.7 ], [ 280383.16, 4158238.79 ], [ 280383.15, 4158238.89 ], [ 280383.13, 4158238.99 ], [ 280383.1, 4158239.08 ], [ 280383.07, 4158239.17 ], [ 280383.02, 4158239.26 ], [ 280382.97, 4158239.34 ], [ 280382.91, 4158239.42 ], [ 280382.84, 4158239.49 ], [ 280382.76, 4158239.55 ], [ 280382.68, 4158239.61 ], [ 280382.59, 4158239.65 ], [ 280374.93, 4158243.34 ], [ 280374.84, 4158243.38 ], [ 280374.74, 4158243.41 ], [ 280374.65, 4158243.43 ], [ 280374.55, 4158243.44 ], [ 280374.45, 4158243.44 ], [ 280374.36, 4158243.43 ], [ 280374.26, 4158243.42 ], [ 280374.17, 4158243.39 ], [ 280374.07, 4158243.35 ], [ 280373.99, 4158243.31 ], [ 280373.91, 4158243.25 ], [ 280373.83, 4158243.19 ], [ 280373.76, 4158243.12 ], [ 280373.7, 4158243.05 ], [ 280373.64, 4158242.97 ], [ 280373.59, 4158242.88 ], [ 280368.69, 4158232.79 ], [ 280368.66, 4158232.7 ], [ 280368.63, 4158232.61 ], [ 280368.61, 4158232.51 ], [ 280368.6, 4158232.42 ], [ 280368.59, 4158232.32 ], [ 280368.6, 4158232.22 ], [ 280368.62, 4158232.12 ], [ 280368.65, 4158232.03 ], [ 280368.69, 4158231.94 ], [ 280368.73, 4158231.85 ], [ 280368.79, 4158231.77 ], [ 280368.85, 4158231.69 ], [ 280368.92, 4158231.62 ], [ 280368.99, 4158231.56 ], [ 280369.07, 4158231.5 ], [ 280369.16, 4158231.46 ], [ 280381.01, 4158225.75 ], [ 280381.1, 4158225.71 ] ] ], [ [ [ 280444.71, 4158244.54 ], [ 280444.68, 4158244.55 ], [ 280444.12, 4158244.8 ], [ 280443.29, 4158245.52 ], [ 280443.24, 4158245.57 ], [ 280443.18, 4158245.61 ], [ 280443.17, 4158245.62 ], [ 280443.16, 4158245.63 ], [ 280443.09, 4158245.67 ], [ 280443.03, 4158245.71 ], [ 280443.02, 4158245.72 ], [ 280443.01, 4158245.73 ], [ 280442.94, 4158245.76 ], [ 280442.88, 4158245.79 ], [ 280441.04, 4158246.66 ], [ 280441.48, 4158247.64 ], [ 280441.49, 4158247.65 ], [ 280442.55, 4158250.0 ], [ 280452.93, 4158250.0 ], [ 280452.91, 4158249.96 ], [ 280452.89, 4158249.86 ], [ 280452.87, 4158249.76 ], [ 280452.87, 4158249.67 ], [ 280452.87, 4158249.57 ], [ 280452.88, 4158249.47 ], [ 280452.9, 4158249.38 ], [ 280452.94, 4158249.28 ], [ 280452.98, 4158249.19 ], [ 280453.03, 4158249.11 ], [ 280453.08, 4158249.03 ], [ 280453.15, 4158248.95 ], [ 280453.22, 4158248.89 ], [ 280453.3, 4158248.83 ], [ 280453.38, 4158248.77 ], [ 280453.47, 4158248.73 ], [ 280464.09, 4158244.15 ], [ 280464.18, 4158244.12 ], [ 280464.28, 4158244.09 ], [ 280464.37, 4158244.08 ], [ 280464.47, 4158244.07 ], [ 280464.57, 4158244.07 ], [ 280464.67, 4158244.09 ], [ 280464.76, 4158244.11 ], [ 280464.86, 4158244.14 ], [ 280464.94, 4158244.18 ], [ 280465.03, 4158244.23 ], [ 280465.11, 4158244.29 ], [ 280465.18, 4158244.35 ], [ 280465.25, 4158244.42 ], [ 280465.31, 4158244.5 ], [ 280465.36, 4158244.58 ], [ 280465.4, 4158244.67 ], [ 280467.72, 4158250.0 ], [ 280500.0, 4158250.0 ], [ 280500.0, 4158240.35 ], [ 280495.19, 4158229.77 ], [ 280495.15, 4158229.68 ], [ 280495.12, 4158229.58 ], [ 280495.11, 4158229.49 ], [ 280495.1, 4158229.39 ], [ 280495.1, 4158229.29 ], [ 280495.11, 4158229.19 ], [ 280495.13, 4158229.1 ], [ 280495.16, 4158229.0 ], [ 280495.2, 4158228.91 ], [ 280495.25, 4158228.83 ], [ 280495.3, 4158228.75 ], [ 280495.37, 4158228.67 ], [ 280495.44, 4158228.6 ], [ 280495.52, 4158228.54 ], [ 280495.6, 4158228.49 ], [ 280495.69, 4158228.44 ], [ 280500.0, 4158226.5 ], [ 280500.0, 4158217.63 ], [ 280444.74, 4158244.52 ], [ 280444.71, 4158244.54 ] ], [ [ 280488.06, 4158232.32 ], [ 280488.15, 4158232.28 ], [ 280488.25, 4158232.26 ], [ 280488.34, 4158232.24 ], [ 280488.44, 4158232.23 ], [ 280488.54, 4158232.24 ], [ 280488.64, 4158232.25 ], [ 280488.73, 4158232.27 ], [ 280488.82, 4158232.3 ], [ 280488.91, 4158232.34 ], [ 280489.0, 4158232.39 ], [ 280489.08, 4158232.44 ], [ 280489.15, 4158232.51 ], [ 280489.22, 4158232.58 ], [ 280489.28, 4158232.66 ], [ 280489.33, 4158232.74 ], [ 280489.38, 4158232.83 ], [ 280493.35, 4158241.76 ], [ 280493.39, 4158241.85 ], [ 280493.42, 4158241.95 ], [ 280493.43, 4158242.04 ], [ 280493.44, 4158242.14 ], [ 280493.44, 4158242.24 ], [ 280493.43, 4158242.34 ], [ 280493.4, 4158242.43 ], [ 280493.37, 4158242.53 ], [ 280493.33, 4158242.62 ], [ 280493.28, 4158242.7 ], [ 280493.23, 4158242.78 ], [ 280493.16, 4158242.86 ], [ 280493.09, 4158242.92 ], [ 280493.02, 4158242.98 ], [ 280492.93, 4158243.04 ], [ 280492.85, 4158243.08 ], [ 280492.08, 4158243.42 ], [ 280492.55, 4158244.47 ], [ 280492.59, 4158244.56 ], [ 280492.61, 4158244.66 ], [ 280492.63, 4158244.75 ], [ 280492.64, 4158244.85 ], [ 280492.63, 4158244.95 ], [ 280492.62, 4158245.05 ], [ 280492.6, 4158245.14 ], [ 280492.57, 4158245.24 ], [ 280492.53, 4158245.33 ], [ 280492.48, 4158245.41 ], [ 280492.42, 4158245.49 ], [ 280492.36, 4158245.57 ], [ 280492.29, 4158245.63 ], [ 280492.21, 4158245.69 ], [ 280492.13, 4158245.75 ], [ 280492.04, 4158245.79 ], [ 280487.61, 4158247.74 ], [ 280487.52, 4158247.78 ], [ 280487.42, 4158247.8 ], [ 280487.33, 4158247.82 ], [ 280487.23, 4158247.82 ], [ 280487.13, 4158247.82 ], [ 280487.03, 4158247.81 ], [ 280486.94, 4158247.79 ], [ 280486.84, 4158247.76 ], [ 280486.76, 4158247.72 ], [ 280486.67, 4158247.67 ], [ 280486.59, 4158247.61 ], [ 280486.52, 4158247.55 ], [ 280486.45, 4158247.48 ], [ 280486.39, 4158247.4 ], [ 280486.34, 4158247.32 ], [ 280486.29, 4158247.23 ], [ 280485.9, 4158246.35 ], [ 280483.52, 4158247.4 ], [ 280483.43, 4158247.44 ], [ 280483.34, 4158247.46 ], [ 280483.24, 4158247.48 ], [ 280483.14, 4158247.49 ], [ 280483.05, 4158247.49 ], [ 280482.95, 4158247.47 ], [ 280482.85, 4158247.45 ], [ 280482.76, 4158247.42 ], [ 280482.67, 4158247.38 ], [ 280482.58, 4158247.33 ], [ 280482.5, 4158247.28 ], [ 280482.43, 4158247.21 ], [ 280482.36, 4158247.14 ], [ 280482.3, 4158247.06 ], [ 280482.25, 4158246.98 ], [ 280482.21, 4158246.89 ], [ 280478.15, 4158237.77 ], [ 280478.12, 4158237.68 ], [ 280478.09, 4158237.59 ], [ 280478.08, 4158237.49 ], [ 280478.07, 4158237.39 ], [ 280478.07, 4158237.29 ], [ 280478.08, 4158237.2 ], [ 280478.1, 4158237.1 ], [ 280478.13, 4158237.01 ], [ 280478.17, 4158236.92 ], [ 280478.22, 4158236.83 ], [ 280478.28, 4158236.75 ], [ 280478.34, 4158236.68 ], [ 280478.42, 4158236.61 ], [ 280478.49, 4158236.55 ], [ 280478.58, 4158236.5 ], [ 280478.66, 4158236.45 ], [ 280488.06, 4158232.32 ] ] ], [ [ [ 280431.15, 4158249.92 ], [ 280431.14, 4158249.92 ], [ 280430.06, 4158249.56 ], [ 280429.89, 4158249.49 ], [ 280429.72, 4158249.41 ], [ 280429.6, 4158249.33 ], [ 280428.21, 4158250.0 ], [ 280431.38, 4158250.0 ], [ 280431.16, 4158249.93 ], [ 280431.15, 4158249.92 ] ] ] ] } },
{ "type": "Feature", "properties": { "id": "osm:way/1215878071", "name": null, "kind": "grass", "sport": null, "surface": null, "pitch_layout": null, "source": null, "source_updated": null, "base_z": null, "top_z": null }, "geometry": { "type": "Polygon", "coordinates": [ [ [ 280481.02, 4158013.44 ], [ 280497.28, 4158013.93 ], [ 280490.76, 4158000.0 ], [ 280453.2, 4158000.0 ], [ 280461.88, 4158006.03 ], [ 280481.02, 4158013.44 ] ] ] } },
{ "type": "Feature", "properties": { "id": "richmond_structure:262306", "name": null, "kind": "deck", "sport": null, "surface": null, "pitch_layout": null, "source": "richmond_structures", "source_updated": "2026-09-08T12:07:13.637000Z", "base_z": null, "top_z": null }, "geometry": { "type": "Polygon", "coordinates": [ [ [ 280447.28, 4158033.19 ], [ 280449.07, 4158030.37 ], [ 280446.96, 4158029.36 ], [ 280445.27, 4158032.12 ], [ 280447.28, 4158033.19 ] ] ] } },
{ "type": "Feature", "properties": { "id": "richmond_structure:408826", "name": null, "kind": "deck", "sport": null, "surface": null, "pitch_layout": null, "source": "richmond_structures", "source_updated": "2026-09-08T12:07:13.637000Z", "base_z": null, "top_z": null }, "geometry": { "type": "Polygon", "coordinates": [ [ [ 280460.28, 4158064.47 ], [ 280463.57, 4158063.62 ], [ 280462.93, 4158059.77 ], [ 280446.82, 4158058.89 ], [ 280446.16, 4158060.4 ], [ 280448.01, 4158062.62 ], [ 280448.36, 4158064.37 ], [ 280446.69, 4158065.72 ], [ 280450.95, 4158074.28 ], [ 280454.63, 4158072.92 ], [ 280453.26, 4158067.64 ], [ 280460.6, 4158065.74 ], [ 280460.28, 4158064.47 ] ], [ [ 280449.96, 4158070.84 ], [ 280449.02, 4158068.6 ], [ 280451.38, 4158067.61 ], [ 280452.32, 4158069.84 ], [ 280449.96, 4158070.84 ] ] ] } },
{ "type": "Feature", "properties": { "id": "richmond_structure:262731", "name": null, "kind": "deck", "sport": null, "surface": null, "pitch_layout": null, "source": "richmond_structures", "source_updated": "2026-09-08T12:07:13.637000Z", "base_z": null, "top_z": null }, "geometry": { "type": "Polygon", "coordinates": [ [ [ 280468.87, 4158066.41 ], [ 280466.79, 4158066.96 ], [ 280467.56, 4158069.93 ], [ 280469.53, 4158069.48 ], [ 280468.87, 4158066.41 ] ] ] } },
{ "type": "Feature", "properties": { "id": "richmond_structure:262802", "name": null, "kind": "deck", "sport": null, "surface": null, "pitch_layout": null, "source": "richmond_structures", "source_updated": "2026-09-08T12:07:13.637000Z", "base_z": null, "top_z": null }, "geometry": { "type": "Polygon", "coordinates": [ [ [ 280485.86, 4158133.17 ], [ 280487.44, 4158136.76 ], [ 280493.48, 4158134.22 ], [ 280492.33, 4158130.87 ], [ 280486.52, 4158133.58 ], [ 280486.22, 4158132.94 ], [ 280485.86, 4158133.17 ] ] ] } },
{ "type": "Feature", "properties": { "id": "richmond_structure:263171", "name": null, "kind": "deck", "sport": null, "surface": null, "pitch_layout": null, "source": "richmond_structures", "source_updated": "2026-09-08T12:07:13.637000Z", "base_z": null, "top_z": null }, "geometry": { "type": "Polygon", "coordinates": [ [ [ 280457.97, 4158140.97 ], [ 280467.1, 4158136.68 ], [ 280465.99, 4158134.52 ], [ 280464.64, 4158135.1 ], [ 280464.96, 4158135.77 ], [ 280457.2, 4158139.57 ], [ 280457.97, 4158140.97 ] ] ] } },
{ "type": "Feature", "properties": { "id": "richmond_structure:263172", "name": null, "kind": "deck", "sport": null, "surface": null, "pitch_layout": null, "source": "richmond_structures", "source_updated": "2026-09-08T12:07:13.637000Z", "base_z": null, "top_z": null }, "geometry": { "type": "Polygon", "coordinates": [ [ [ 280475.44, 4158141.9 ], [ 280477.16, 4158141.01 ], [ 280477.24, 4158140.21 ], [ 280476.08, 4158138.61 ], [ 280473.13, 4158140.01 ], [ 280473.74, 4158141.17 ], [ 280475.44, 4158141.9 ] ] ] } },
{ "type": "Feature", "properties": { "id": "richmond_structure:408832", "name": null, "kind": "deck", "sport": null, "surface": null, "pitch_layout": null, "source": "richmond_structures", "source_updated": "2026-09-08T12:07:13.637000Z", "base_z": null, "top_z": null }, "geometry": { "type": "Polygon", "coordinates": [ [ [ 280454.85, 4158144.6 ], [ 280457.95, 4158143.08 ], [ 280456.42, 4158139.95 ], [ 280453.32, 4158141.47 ], [ 280454.85, 4158144.6 ] ] ] } },
{ "type": "Feature", "properties": { "id": "richmond_structure:263173", "name": null, "kind": "deck", "sport": null, "surface": null, "pitch_layout": null, "source": "richmond_structures", "source_updated": "2026-09-08T12:07:13.637000Z", "base_z": null, "top_z": null }, "geometry": { "type": "Polygon", "coordinates": [ [ [ 280474.08, 4158151.81 ], [ 280467.4, 4158155.46 ], [ 280470.54, 4158161.2 ], [ 280477.22, 4158157.54 ], [ 280474.08, 4158151.81 ] ] ] } },
{ "type": "Feature", "properties": { "id": "richmond_structure:262308", "name": null, "kind": "deck", "sport": null, "surface": null, "pitch_layout": null, "source": "richmond_structures", "source_updated": "2026-09-08T12:07:13.637000Z", "base_z": null, "top_z": null }, "geometry": { "type": "Polygon", "coordinates": [ [ [ 280372.06, 4158003.92 ], [ 280373.87, 4158000.0 ], [ 280372.97, 4158000.0 ], [ 280371.57, 4158002.86 ], [ 280365.7, 4158000.0 ], [ 280364.05, 4158000.0 ], [ 280363.99, 4158000.13 ], [ 280372.06, 4158003.92 ] ] ] } },
{ "type": "Feature", "properties": { "id": "richmond_structure:260538", "name": null, "kind": "deck", "sport": null, "surface": null, "pitch_layout": null, "source": "richmond_structures", "source_updated": "2026-09-08T12:07:13.637000Z", "base_z": null, "top_z": null }, "geometry": { "type": "Polygon", "coordinates": [ [ [ 280434.65, 4158006.98 ], [ 280432.61, 4158005.3 ], [ 280428.07, 4158012.21 ], [ 280430.11, 4158013.58 ], [ 280434.65, 4158006.98 ] ] ] } },
{ "type": "Feature", "properties": { "id": "richmond_structure:260537", "name": null, "kind": "deck", "sport": null, "surface": null, "pitch_layout": null, "source": "richmond_structures", "source_updated": "2026-09-08T12:07:13.637000Z", "base_z": null, "top_z": null }, "geometry": { "type": "Polygon", "coordinates": [ [ [ 280421.25, 4158008.84 ], [ 280427.39, 4158013.15 ], [ 280428.07, 4158012.21 ], [ 280421.75, 4158008.07 ], [ 280421.25, 4158008.84 ] ] ] } },
{ "type": "Feature", "properties": { "id": "richmond_structure:260539", "name": null, "kind": "deck", "sport": null, "surface": null, "pitch_layout": null, "source": "richmond_structures", "source_updated": "2026-09-08T12:07:13.637000Z", "base_z": null, "top_z": null }, "geometry": { "type": "Polygon", "coordinates": [ [ [ 280423.06, 4158016.98 ], [ 280427.23, 4158020.33 ], [ 280432.21, 4158015.58 ], [ 280427.92, 4158012.41 ], [ 280427.39, 4158013.15 ], [ 280426.83, 4158012.76 ], [ 280423.06, 4158016.98 ] ] ] } },
{ "type": "Feature", "properties": { "id": "richmond_structure:262757", "name": null, "kind": "deck", "sport": null, "surface": null, "pitch_layout": null, "source": "richmond_structures", "source_updated": "2026-09-08T12:07:13.637000Z", "base_z": null, "top_z": null }, "geometry": { "type": "Polygon", "coordinates": [ [ [ 280384.87, 4158051.63 ], [ 280384.72, 4158051.77 ], [ 280388.25, 4158054.42 ], [ 280387.82, 4158054.92 ], [ 280388.66, 4158055.19 ], [ 280388.06, 4158056.46 ], [ 280389.66, 4158058.01 ], [ 280386.0, 4158062.08 ], [ 280394.67, 4158071.04 ], [ 280400.17, 4158066.85 ], [ 280400.32, 4158064.52 ], [ 280399.77, 4158062.58 ], [ 280395.91, 4158059.51 ], [ 280390.15, 4158053.06 ], [ 280390.63, 4158051.75 ], [ 280385.03, 4158045.68 ], [ 280381.98, 4158048.5 ], [ 280384.87, 4158051.63 ] ], [ [ 280398.93, 4158066.68 ], [ 280398.36, 4158067.1 ], [ 280396.09, 4158067.34 ], [ 280391.93, 4158062.82 ], [ 280393.29, 4158060.64 ], [ 280393.76, 4158060.52 ], [ 280395.32, 4158061.02 ], [ 280398.98, 4158064.23 ], [ 280399.17, 4158066.0 ], [ 280398.93, 4158066.68 ] ] ] } },
{ "type": "Feature", "properties": { "id": "richmond_structure:263243", "name": null, "kind": "deck", "sport": null, "surface": null, "pitch_layout": null, "source": "richmond_structures", "source_updated": "2026-09-08T12:07:13.637000Z", "base_z": null, "top_z": null }, "geometry": { "type": "Polygon", "coordinates": [ [ [ 280373.95, 4158071.99 ], [ 280377.05, 4158069.38 ], [ 280373.04, 4158064.64 ], [ 280370.8, 4158066.98 ], [ 280369.91, 4158067.52 ], [ 280373.95, 4158071.99 ] ] ] } },
{ "type": "Feature", "properties": { "id": "richmond_structure:260550", "name": null, "kind": "deck", "sport": null, "surface": null, "pitch_layout": null, "source": "richmond_structures", "source_updated": "2026-09-08T12:07:13.637000Z", "base_z": null, "top_z": null }, "geometry": { "type": "Polygon", "coordinates": [ [ [ 280360.11, 4158084.41 ], [ 280368.16, 4158081.17 ], [ 280365.06, 4158074.54 ], [ 280364.65, 4158074.58 ], [ 280365.18, 4158075.58 ], [ 280357.45, 4158079.52 ], [ 280360.11, 4158084.41 ] ] ] } },
{ "type": "Feature", "properties": { "id": "richmond_structure:262872", "name": null, "kind": "deck", "sport": null, "surface": null, "pitch_layout": null, "source": "richmond_structures", "source_updated": "2026-09-08T12:07:13.637000Z", "base_z": null, "top_z": null }, "geometry": { "type": "Polygon", "coordinates": [ [ [ 280447.25, 4158081.53 ], [ 280446.35, 4158080.05 ], [ 280444.84, 4158080.79 ], [ 280445.7, 4158082.27 ], [ 280447.25, 4158081.53 ] ] ] } },
{ "type": "Feature", "properties": { "id": "richmond_structure:262875", "name": null, "kind": "deck", "sport": null, "surface": null, "pitch_layout": null, "source": "richmond_structures", "source_updated": "2026-09-08T12:07:13.637000Z", "base_z": null, "top_z": null }, "geometry": { "type": "Polygon", "coordinates": [ [ [ 280370.46, 4158105.95 ], [ 280373.32, 4158104.59 ], [ 280372.12, 4158102.18 ], [ 280369.29, 4158103.74 ], [ 280370.46, 4158105.95 ] ] ] } },
{ "type": "Feature", "properties": { "id": "richmond_structure:262726", "name": null, "kind": "deck", "sport": null, "surface": null, "pitch_layout": null, "source": "richmond_structures", "source_updated": "2026-09-08T12:07:13.637000Z", "base_z": null, "top_z": null }, "geometry": { "type": "Polygon", "coordinates": [ [ [ 280354.26, 4158113.97 ], [ 280350.57, 4158115.54 ], [ 280352.3, 4158119.45 ], [ 280354.09, 4158118.73 ], [ 280354.0, 4158118.55 ], [ 280356.02, 4158117.55 ], [ 280354.26, 4158113.97 ] ] ] } },
{ "type": "Feature", "properties": { "id": "imagery:groundcover_paved:2156", "name": null, "kind": "groundcover_paved", "sport": null, "surface": null, "pitch_layout": null, "source": "vgin_vbmp+naip+lidar2025", "source_updated": null, "base_z": null, "top_z": null }, "geometry": { "type": "MultiPolygon", "coordinates": [ [ [ [ 280300.13, 4158154.28 ], [ 280302.4, 4158157.19 ], [ 280309.37, 4158158.94 ], [ 280310.17, 4158159.45 ], [ 280311.82, 4158161.57 ], [ 280312.13, 4158162.47 ], [ 280312.13, 4158175.84 ], [ 280325.16, 4158169.47 ], [ 280325.93, 4158164.12 ], [ 280325.99, 4158163.75 ], [ 280326.56, 4158161.3 ], [ 280326.62, 4158161.1 ], [ 280327.74, 4158157.12 ], [ 280327.63, 4158157.02 ], [ 280327.51, 4158156.9 ], [ 280327.4, 4158156.76 ], [ 280327.3, 4158156.61 ], [ 280327.22, 4158156.45 ], [ 280327.15, 4158156.29 ], [ 280327.1, 4158156.12 ], [ 280327.07, 4158155.95 ], [ 280327.06, 4158155.77 ], [ 280327.06, 4158155.59 ], [ 280327.08, 4158155.42 ], [ 280327.11, 4158155.25 ], [ 280327.17, 4158155.08 ], [ 280328.63, 4158151.13 ], [ 280325.77, 4158152.08 ], [ 280324.49, 4158151.89 ], [ 280321.72, 4158149.89 ], [ 280320.93, 4158148.34 ], [ 280319.37, 4158146.92 ], [ 280308.43, 4158142.55 ], [ 280307.76, 4158142.01 ], [ 280306.38, 4158139.97 ], [ 280306.13, 4158139.14 ], [ 280306.13, 4158119.87 ], [ 280294.13, 4158125.71 ], [ 280294.13, 4158135.63 ], [ 280295.98, 4158138.4 ], [ 280297.55, 4158139.05 ], [ 280299.71, 4158141.2 ], [ 280300.13, 4158142.22 ], [ 280300.13, 4158154.28 ] ] ], [ [ [ 280346.69, 4158155.19 ], [ 280365.25, 4158146.18 ], [ 280365.86, 4158138.94 ], [ 280366.31, 4158138.02 ], [ 280351.72, 4158145.34 ], [ 280347.79, 4158147.31 ], [ 280341.72, 4158151.34 ], [ 280341.01, 4158152.09 ], [ 280341.0, 4158152.1 ], [ 280336.87, 4158156.47 ], [ 280336.51, 4158157.74 ], [ 280335.72, 4158160.51 ], [ 280340.63, 4158158.13 ], [ 280341.3, 4158156.12 ], [ 280341.83, 4158155.4 ], [ 280343.91, 4158153.9 ], [ 280344.64, 4158153.67 ], [ 280345.55, 4158154.05 ], [ 280346.69, 4158155.19 ] ] ] ] } },
{ "type": "Feature", "properties": { "id": "richmond_structure:408833", "name": null, "kind": "deck", "sport": null, "surface": null, "pitch_layout": null, "source": "richmond_structures", "source_updated": "2026-09-08T12:07:13.637000Z", "base_z": null, "top_z": null }, "geometry": { "type": "Polygon", "coordinates": [ [ [ 280418.29, 4158169.46 ], [ 280422.33, 4158167.63 ], [ 280420.08, 4158162.66 ], [ 280416.04, 4158164.48 ], [ 280418.29, 4158169.46 ] ] ] } },
{ "type": "Feature", "properties": { "id": "richmond_structure:263174", "name": null, "kind": "deck", "sport": null, "surface": null, "pitch_layout": null, "source": "richmond_structures", "source_updated": "2026-09-08T12:07:13.637000Z", "base_z": null, "top_z": null }, "geometry": { "type": "Polygon", "coordinates": [ [ [ 280416.94, 4158169.35 ], [ 280413.86, 4158162.71 ], [ 280410.92, 4158163.95 ], [ 280413.72, 4158170.82 ], [ 280416.94, 4158169.35 ] ] ] } },
{ "type": "Feature", "properties": { "id": "richmond_structure:263175", "name": null, "kind": "deck", "sport": null, "surface": null, "pitch_layout": null, "source": "richmond_structures", "source_updated": "2026-09-08T12:07:13.637000Z", "base_z": null, "top_z": null }, "geometry": { "type": "Polygon", "coordinates": [ [ [ 280393.94, 4158177.97 ], [ 280392.15, 4158174.4 ], [ 280387.71, 4158176.64 ], [ 280389.4, 4158180.12 ], [ 280393.94, 4158177.97 ] ] ] } },
{ "type": "Feature", "properties": { "id": "richmond_structure:262718", "name": null, "kind": "deck", "sport": null, "surface": null, "pitch_layout": null, "source": "richmond_structures", "source_updated": "2026-09-08T12:07:13.637000Z", "base_z": null, "top_z": null }, "geometry": { "type": "Polygon", "coordinates": [ [ [ 280385.93, 4158179.62 ], [ 280385.04, 4158177.99 ], [ 280382.61, 4158179.23 ], [ 280383.34, 4158180.86 ], [ 280385.93, 4158179.62 ] ] ] } },
{ "type": "Feature", "properties": { "id": "richmond_structure:408834", "name": null, "kind": "deck", "sport": null, "surface": null, "pitch_layout": null, "source": "richmond_structures", "source_updated": "2026-09-08T12:07:13.637000Z", "base_z": null, "top_z": null }, "geometry": { "type": "Polygon", "coordinates": [ [ [ 280379.92, 4158208.68 ], [ 280381.67, 4158212.84 ], [ 280387.19, 4158210.16 ], [ 280385.56, 4158206.17 ], [ 280379.92, 4158208.68 ] ] ] } },
{ "type": "Feature", "properties": { "id": "richmond_structure:408835", "name": null, "kind": "deck", "sport": null, "surface": null, "pitch_layout": null, "source": "richmond_structures", "source_updated": "2026-09-08T12:07:13.637000Z", "base_z": null, "top_z": null }, "geometry": { "type": "Polygon", "coordinates": [ [ [ 280406.73, 4158207.72 ], [ 280409.61, 4158213.23 ], [ 280410.7, 4158212.67 ], [ 280411.78, 4158211.39 ], [ 280409.19, 4158206.43 ], [ 280406.73, 4158207.72 ] ] ] } },
{ "type": "Feature", "properties": { "id": "richmond_structure:409969", "name": null, "kind": "deck", "sport": null, "surface": null, "pitch_layout": null, "source": "richmond_structures", "source_updated": "2026-09-08T12:07:13.637000Z", "base_z": null, "top_z": null }, "geometry": { "type": "Polygon", "coordinates": [ [ [ 280395.65, 4158213.23 ], [ 280398.57, 4158219.6 ], [ 280401.15, 4158218.29 ], [ 280398.27, 4158212.03 ], [ 280395.65, 4158213.23 ] ] ] } },
{ "type": "Feature", "properties": { "id": "imagery:groundcover_paved:2142", "name": null, "kind": "groundcover_paved", "sport": null, "surface": null, "pitch_layout": null, "source": "vgin_vbmp+naip+lidar2025", "source_updated": null, "base_z": null, "top_z": null }, "geometry": { "type": "Polygon", "coordinates": [ [ [ 280498.21, 4158153.91 ], [ 280498.55, 4158154.05 ], [ 280500.0, 4158155.49 ], [ 280500.0, 4158152.4 ], [ 280497.98, 4158153.35 ], [ 280498.21, 4158153.91 ] ] ] } },
{ "type": "Feature", "properties": { "id": "richmond_structure:260743", "name": null, "kind": "deck", "sport": null, "surface": null, "pitch_layout": null, "source": "richmond_structures", "source_updated": "2026-09-08T12:07:13.637000Z", "base_z": null, "top_z": null }, "geometry": { "type": "Polygon", "coordinates": [ [ [ 280473.01, 4158185.52 ], [ 280474.02, 4158188.92 ], [ 280479.25, 4158186.56 ], [ 280479.4, 4158185.14 ], [ 280478.15, 4158182.31 ], [ 280473.01, 4158185.52 ] ] ] } },
{ "type": "Feature", "properties": { "id": "richmond_structure:261267", "name": null, "kind": "deck", "sport": null, "surface": null, "pitch_layout": null, "source": "richmond_structures", "source_updated": "2026-09-08T12:07:13.637000Z", "base_z": null, "top_z": null }, "geometry": { "type": "Polygon", "coordinates": [ [ [ 280457.61, 4158191.86 ], [ 280456.35, 4158192.85 ], [ 280455.61, 4158194.24 ], [ 280454.96, 4158196.36 ], [ 280455.24, 4158198.04 ], [ 280460.01, 4158195.75 ], [ 280460.05, 4158193.64 ], [ 280459.34, 4158192.09 ], [ 280457.61, 4158191.86 ] ] ] } },
{ "type": "Feature", "properties": { "id": "richmond_structure:260660", "name": null, "kind": "deck", "sport": null, "surface": null, "pitch_layout": null, "source": "richmond_structures", "source_updated": "2026-09-08T12:07:13.637000Z", "base_z": null, "top_z": null }, "geometry": { "type": "Polygon", "coordinates": [ [ [ 280500.0, 4158239.33 ], [ 280500.0, 4158236.83 ], [ 280499.06, 4158237.27 ], [ 280499.86, 4158239.4 ], [ 280500.0, 4158239.33 ] ] ] } },
{ "type": "Feature", "properties": { "id": "richmond_structure:260744", "name": null, "kind": "deck", "sport": null, "surface": null, "pitch_layout": null, "source": "richmond_structures", "source_updated": "2026-09-08T12:07:13.637000Z", "base_z": null, "top_z": null }, "geometry": { "type": "Polygon", "coordinates": [ [ [ 280482.55, 4158246.84 ], [ 280483.77, 4158250.0 ], [ 280488.45, 4158250.0 ], [ 280488.49, 4158249.98 ], [ 280487.26, 4158247.26 ], [ 280485.56, 4158247.97 ], [ 280484.64, 4158245.81 ], [ 280482.55, 4158246.84 ] ] ] } },
{ "type": "Feature", "properties": { "id": "richmond_structure:409957", "name": null, "kind": "deck", "sport": null, "surface": null, "pitch_layout": null, "source": "richmond_structures", "source_updated": "2026-09-08T12:07:13.637000Z", "base_z": null, "top_z": null }, "geometry": { "type": "Polygon", "coordinates": [ [ [ 280469.13, 4158246.88 ], [ 280464.55, 4158249.15 ], [ 280464.97, 4158250.0 ], [ 280469.48, 4158250.0 ], [ 280469.67, 4158247.97 ], [ 280469.13, 4158246.88 ] ] ] } },
{ "type": "Feature", "properties": { "id": "imagery:groundcover_paved:2092", "name": null, "kind": "groundcover_paved", "sport": null, "surface": null, "pitch_layout": null, "source": "vgin_vbmp+naip+lidar2025", "source_updated": null, "base_z": null, "top_z": null }, "geometry": { "type": "Polygon", "coordinates": [ [ [ 280494.49, 4158248.98 ], [ 280494.09, 4158249.23 ], [ 280493.65, 4158249.45 ], [ 280492.4, 4158250.0 ], [ 280495.13, 4158250.0 ], [ 280495.13, 4158249.63 ], [ 280494.49, 4158248.98 ] ] ] } }
]
}
