{
"type": "FeatureCollection",
"name": "buildings",
"crs": { "type": "name", "properties": { "name": "urn:ogc:def:crs:EPSG::32618" } },
"xy_coordinate_resolution": 0.01,
"features": [
{ "type": "Feature", "properties": { "id": "osm:way/334119697", "name": null, "height": 7.56, "min_height": 0.0, "levels": null, "height_source": "lidar", "roof_shape": "flat", "roof_height": 1.47, "roof_azimuth": null, "roof_source": "lod2", "roof_color": "roof_flat", "roof_color_source": "ortho", "lod2_roof": { "v": [ [ 284392.63, 4158503.58, 1.17 ], [ 284401.29, 4158504.57, 0.23 ], [ 284394.43, 4158509.57, 1.46 ], [ 284390.08, 4158503.65, 1.47 ], [ 284390.51, 4158503.34, 1.4 ], [ 284401.29, 4158504.57, 0.04 ], [ 284392.63, 4158503.58, 0.81 ], [ 284394.45, 4158502.11, 0.76 ], [ 284395.74, 4158499.52, 0.82 ], [ 284406.61, 4158491.6, 0.46 ], [ 284409.62, 4158494.79, 0.0 ], [ 284409.16, 4158495.36, 0.0 ], [ 284407.38, 4158496.66, 0.06 ], [ 284407.73, 4158497.14, 0.0 ], [ 284402.48, 4158503.7, 0.0 ] ], "f": [ [ [ 0, 1, 2, 3, 4 ] ], [ [ 5, 6, 7, 8, 9, 10, 11, 12, 13, 14 ] ], [ [ 0, 6, 5, 1 ] ] ] }, "roof_props": null, "wall_color": "brick", "wall_color_source": "assessor", "type": "yes", "landmark": null, "footprint_source": "osm", "source_updated": null, "is_part": false, "parent": null, "hidden": false, "addr": "513 North Adams Street", "wikidata": null, "website": null, "zoning": "R-6", "lidar_p90": 8.48, "ground_z": 51.74 }, "geometry": { "type": "Polygon", "coordinates": [ [ [ 284394.43, 4158509.57 ], [ 284409.03, 4158498.92 ], [ 284407.38, 4158496.66 ], [ 284410.79, 4158494.18 ], [ 284408.09, 4158490.52 ], [ 284390.08, 4158503.65 ], [ 284394.43, 4158509.57 ] ] ] } },
{ "type": "Feature", "properties": { "id": "osm:way/334119675", "name": null, "height": 4.44, "min_height": 0.0, "levels": null, "height_source": "lidar", "roof_shape": "gable", "roof_height": 1.55, "roof_azimuth": 37.4, "roof_source": "lod2", "roof_color": "roof_flat", "roof_color_source": "ortho", "lod2_roof": { "v": [ [ 284488.2, 4158498.77, 1.53 ], [ 284489.9, 4158498.32, 1.21 ], [ 284491.36, 4158500.26, 0.2 ], [ 284481.31, 4158507.78, 0.56 ], [ 284479.86, 4158505.91, 1.55 ], [ 284488.33, 4158498.92, 1.45 ], [ 284485.88, 4158496.02, 0.0 ], [ 284488.2, 4158498.77, 1.38 ], [ 284477.37, 4158502.72, 0.0 ] ], "f": [ [ [ 0, 1, 2, 3, 4, 5 ] ], [ [ 6, 7, 5, 4, 8 ] ], [ [ 7, 0, 5 ] ] ] }, "roof_props": null, "wall_color": "brick_dark", "wall_color_source": "assessor", "type": "yes", "landmark": null, "footprint_source": "osm", "source_updated": null, "is_part": false, "parent": null, "hidden": false, "addr": null, "wikidata": null, "website": null, "zoning": "R-63", "lidar_p90": 5.77, "ground_z": 50.62 }, "geometry": { "type": "Polygon", "coordinates": [ [ [ 284486.77, 4158494.17 ], [ 284476.69, 4158501.86 ], [ 284481.31, 4158507.78 ], [ 284491.36, 4158500.26 ], [ 284486.77, 4158494.17 ] ] ] } },
{ "type": "Feature", "properties": { "id": "osm:way/334119666", "name": null, "height": 2.78, "min_height": 0.0, "levels": null, "height_source": "lidar", "roof_shape": "flat", "roof_height": 0.0, "roof_azimuth": null, "roof_source": "heuristic", "roof_color": "roof_flat", "roof_color_source": "heuristic", "lod2_roof": null, "roof_props": null, "wall_color": "terracotta", "wall_color_source": "assessor", "type": "yes", "landmark": null, "footprint_source": "osm", "source_updated": null, "is_part": false, "parent": null, "hidden": false, "addr": null, "wikidata": null, "website": null, "zoning": "R-63", "lidar_p90": 3.03, "ground_z": 50.95 }, "geometry": { "type": "Polygon", "coordinates": [ [ [ 284462.37, 4158509.77 ], [ 284465.33, 4158507.51 ], [ 284463.05, 4158504.56 ], [ 284460.1, 4158506.82 ], [ 284462.37, 4158509.77 ] ] ] } },
{ "type": "Feature", "properties": { "id": "osm:way/334119665", "name": null, "height": 8.74, "min_height": 0.0, "levels": null, "height_source": "lidar", "roof_shape": "flat", "roof_height": 0.0, "roof_azimuth": null, "roof_source": "heuristic", "roof_color": "roof_flat", "roof_color_source": "ortho", "lod2_roof": null, "roof_props": null, "wall_color": "brick", "wall_color_source": "assessor", "type": "yes", "landmark": null, "footprint_source": "osm", "source_updated": null, "is_part": false, "parent": null, "hidden": false, "addr": "515 North Adams Street", "wikidata": null, "website": null, "zoning": "R-6", "lidar_p90": 8.99, "ground_z": 51.61 }, "geometry": { "type": "Polygon", "coordinates": [ [ [ 284400.59, 4158515.81 ], [ 284409.85, 4158509.06 ], [ 284406.01, 4158503.85 ], [ 284396.76, 4158510.6 ], [ 284400.59, 4158515.81 ] ] ] } },
{ "type": "Feature", "properties": { "id": "osm:way/321404470", "name": null, "height": 6.65, "min_height": 0.0, "levels": null, "height_source": "lidar", "roof_shape": "flat", "roof_height": 0.42, "roof_azimuth": null, "roof_source": "lod2", "roof_color": "roof_flat", "roof_color_source": "ortho", "lod2_roof": { "v": [ [ 284367.82, 4158500.38, 0.42 ], [ 284360.08, 4158506.28, 0.0 ], [ 284354.71, 4158499.28, 0.0 ], [ 284361.17, 4158494.37, 0.35 ], [ 284363.48, 4158498.2, 0.33 ], [ 284363.48, 4158498.2, 0.0 ], [ 284367.82, 4158500.38, 0.0 ], [ 284361.17, 4158494.37, 0.0 ] ], "f": [ [ [ 0, 1, 2, 3, 4 ] ], [ [ 4, 5, 6, 0 ] ], [ [ 3, 7, 5, 4 ] ] ] }, "roof_props": null, "wall_color": "sand", "wall_color_source": "assessor", "type": "yes", "landmark": null, "footprint_source": "osm", "source_updated": null, "is_part": false, "parent": null, "hidden": false, "addr": "506 N Adams St", "wikidata": null, "website": null, "zoning": "B-6", "lidar_p90": 7.11, "ground_z": 51.52 }, "geometry": { "type": "Polygon", "coordinates": [ [ [ 284352.68, 4158500.82 ], [ 284358.05, 4158507.82 ], [ 284368.47, 4158499.88 ], [ 284366.14, 4158496.85 ], [ 284365.29, 4158497.49 ], [ 284362.26, 4158493.54 ], [ 284352.68, 4158500.82 ] ] ] } },
{ "type": "Feature", "properties": { "id": "osm:way/321404422", "name": null, "height": 8.4, "min_height": 0.0, "levels": null, "height_source": "lidar", "roof_shape": "flat", "roof_height": 0.61, "roof_azimuth": null, "roof_source": "lod2", "roof_color": "roof_flat", "roof_color_source": "ortho", "lod2_roof": { "v": [ [ 284335.24, 4158510.07, 0.0 ], [ 284332.15, 4158506.18, 0.13 ], [ 284328.12, 4158501.11, 0.3 ], [ 284327.54, 4158501.57, 0.3 ], [ 284320.64, 4158492.88, 0.6 ], [ 284321.18, 4158492.34, 0.61 ], [ 284322.13, 4158493.05, 0.58 ], [ 284324.87, 4158490.49, 0.61 ], [ 284339.09, 4158508.35, 0.0 ], [ 284320.64, 4158492.88, 0.0 ], [ 284321.18, 4158492.34, 0.0 ], [ 284322.13, 4158493.05, 0.0 ], [ 284324.87, 4158490.49, 0.0 ] ], "f": [ [ [ 0, 1, 2, 3, 4, 5, 6, 7, 8 ] ], [ [ 4, 9, 10, 5 ] ], [ [ 6, 11, 12, 7 ] ], [ [ 5, 10, 11, 6 ] ] ] }, "roof_props": null, "wall_color": "brick", "wall_color_source": "assessor", "type": "yes", "landmark": null, "footprint_source": "osm", "source_updated": null, "is_part": false, "parent": null, "hidden": false, "addr": "110 West Clay Street", "wikidata": null, "website": null, "zoning": "R-6", "lidar_p90": 8.85, "ground_z": 52.02 }, "geometry": { "type": "Polygon", "coordinates": [ [ [ 284327.54, 4158501.57 ], [ 284328.12, 4158501.11 ], [ 284332.15, 4158506.18 ], [ 284335.72, 4158510.67 ], [ 284335.13, 4158511.14 ], [ 284339.15, 4158516.2 ], [ 284342.95, 4158513.21 ], [ 284323.48, 4158488.74 ], [ 284319.76, 4158491.78 ], [ 284327.54, 4158501.57 ] ] ] } },
{ "type": "Feature", "properties": { "id": "osm:way/321404424", "name": null, "height": 9.12, "min_height": 0.0, "levels": null, "height_source": "lidar", "roof_shape": "flat", "roof_height": 0.0, "roof_azimuth": null, "roof_source": "heuristic", "roof_color": "roof_flat", "roof_color_source": "ortho", "lod2_roof": null, "roof_props": null, "wall_color": "sand", "wall_color_source": "assessor", "type": "yes", "landmark": null, "footprint_source": "osm", "source_updated": null, "is_part": false, "parent": null, "hidden": false, "addr": "112 West Clay Street", "wikidata": null, "website": null, "zoning": "R-6", "lidar_p90": 9.85, "ground_z": 52.0 }, "geometry": { "type": "Polygon", "coordinates": [ [ [ 284328.26, 4158518.24 ], [ 284332.65, 4158514.76 ], [ 284328.25, 4158509.27 ], [ 284332.15, 4158506.18 ], [ 284328.12, 4158501.11 ], [ 284327.54, 4158501.57 ], [ 284319.76, 4158491.78 ], [ 284313.66, 4158496.6 ], [ 284321.61, 4158506.54 ], [ 284319.96, 4158507.85 ], [ 284328.26, 4158518.24 ] ] ] } },
{ "type": "Feature", "properties": { "id": "osm:way/321404474", "name": null, "height": 9.7, "min_height": 0.0, "levels": null, "height_source": "lidar", "roof_shape": "flat", "roof_height": 0.0, "roof_azimuth": null, "roof_source": "heuristic", "roof_color": "roof_flat", "roof_color_source": "ortho", "lod2_roof": null, "roof_props": null, "wall_color": "brick", "wall_color_source": "assessor", "type": "yes", "landmark": null, "footprint_source": "osm", "source_updated": null, "is_part": false, "parent": null, "hidden": false, "addr": "114 West Clay Street", "wikidata": null, "website": null, "zoning": "R-6", "lidar_p90": 10.32, "ground_z": 51.89 }, "geometry": { "type": "Polygon", "coordinates": [ [ [ 284307.22, 4158501.53 ], [ 284316.27, 4158513.26 ], [ 284318.02, 4158511.91 ], [ 284321.36, 4158516.23 ], [ 284324.64, 4158513.72 ], [ 284312.29, 4158497.65 ], [ 284307.22, 4158501.53 ] ] ] } },
{ "type": "Feature", "properties": { "id": "osm:way/334119678", "name": null, "height": 9.98, "min_height": 0.0, "levels": null, "height_source": "lidar", "roof_shape": "flat", "roof_height": 0.0, "roof_azimuth": null, "roof_source": "heuristic", "roof_color": "slate", "roof_color_source": "ortho", "lod2_roof": null, "roof_props": null, "wall_color": "terracotta", "wall_color_source": "assessor", "type": "yes", "landmark": null, "footprint_source": "osm", "source_updated": null, "is_part": false, "parent": null, "hidden": false, "addr": "1 West Leigh Street", "wikidata": null, "website": null, "zoning": "R-63", "lidar_p90": 11.55, "ground_z": 50.42 }, "geometry": { "type": "Polygon", "coordinates": [ [ [ 284504.76, 4158518.0 ], [ 284491.36, 4158500.26 ], [ 284483.35, 4158506.25 ], [ 284496.75, 4158524.0 ], [ 284504.76, 4158518.0 ] ] ] } },
{ "type": "Feature", "properties": { "id": "osm:way/334119634", "name": null, "height": 6.04, "min_height": 0.0, "levels": null, "height_source": "lidar", "roof_shape": "flat", "roof_height": 0.0, "roof_azimuth": null, "roof_source": "lidar", "roof_color": "roof_flat", "roof_color_source": "ortho", "lod2_roof": null, "roof_props": null, "wall_color": "sand", "wall_color_source": "assessor", "type": "yes", "landmark": null, "footprint_source": "osm", "source_updated": null, "is_part": false, "parent": null, "hidden": false, "addr": "3 West Leigh Street", "wikidata": null, "website": null, "zoning": "R-63", "lidar_p90": 6.6, "ground_z": 50.5 }, "geometry": { "type": "Polygon", "coordinates": [ [ [ 284472.56, 4158505.05 ], [ 284482.69, 4158518.07 ], [ 284480.92, 4158519.44 ], [ 284483.88, 4158523.25 ], [ 284484.71, 4158522.61 ], [ 284490.58, 4158530.13 ], [ 284495.66, 4158526.2 ], [ 284476.69, 4158501.86 ], [ 284472.56, 4158505.05 ] ] ] } },
{ "type": "Feature", "properties": { "id": "osm:way/334119685", "name": null, "height": 8.29, "min_height": 0.0, "levels": null, "height_source": "lidar", "roof_shape": "flat", "roof_height": 1.61, "roof_azimuth": null, "roof_source": "lod2", "roof_color": "roof_flat", "roof_color_source": "ortho", "lod2_roof": { "v": [ [ 284405.49, 4158517.2, 1.6 ], [ 284408.99, 4158521.71, 1.59 ], [ 284406.93, 4158523.23, 0.4 ], [ 284402.62, 4158517.4, 0.49 ], [ 284404.54, 4158515.98, 1.61 ], [ 284410.51, 4158519.3, 0.36 ], [ 284410.88, 4158520.13, 0.46 ], [ 284410.98, 4158520.25, 0.45 ], [ 284406.37, 4158515.55, 0.82 ], [ 284406.64, 4158515.3, 0.65 ], [ 284408.86, 4158517.83, 0.55 ], [ 284409.62, 4158517.32, 0.13 ], [ 284409.62, 4158517.32, 0.46 ], [ 284406.18, 4158514.78, 0.67 ], [ 284410.85, 4158511.34, 0.11 ], [ 284412.58, 4158513.58, 0.04 ], [ 284410.85, 4158511.34, 0.0 ], [ 284412.58, 4158513.58, 0.0 ], [ 284410.88, 4158520.13, 0.0 ], [ 284410.98, 4158520.25, 0.0 ], [ 284409.62, 4158517.32, 0.0 ], [ 284410.51, 4158519.3, 0.0 ] ], "f": [ [ [ 0, 1, 2, 3, 4 ] ], [ [ 5, 6, 7, 1, 0, 8, 9, 10, 11 ] ], [ [ 12, 10, 9, 13, 14, 15 ] ], [ [ 14, 16, 17, 15 ] ], [ [ 6, 18, 19, 7 ] ], [ [ 15, 17, 20, 11, 12 ] ], [ [ 11, 20, 21, 5 ] ], [ [ 12, 11, 10 ] ], [ [ 5, 21, 18, 6 ] ] ] }, "roof_props": null, "wall_color": "brick_dark", "wall_color_source": "assessor", "type": "yes", "landmark": null, "footprint_source": "osm", "source_updated": null, "is_part": false, "parent": null, "hidden": false, "addr": "517 North Adams Street", "wikidata": null, "website": null, "zoning": "R-6", "lidar_p90": 9.4, "ground_z": 51.37 }, "geometry": { "type": "Polygon", "coordinates": [ [ [ 284406.93, 4158523.23 ], [ 284418.33, 4158514.85 ], [ 284414.02, 4158509.02 ], [ 284402.62, 4158517.4 ], [ 284406.93, 4158523.23 ] ] ] } },
{ "type": "Feature", "properties": { "id": "osm:way/334119772", "name": null, "height": 6.75, "min_height": 0.0, "levels": null, "height_source": "lidar", "roof_shape": "flat", "roof_height": 3.55, "roof_azimuth": null, "roof_source": "lod2", "roof_color": "roof_flat", "roof_color_source": "ortho", "lod2_roof": { "v": [ [ 284405.87, 4158524.3, 1.55 ], [ 284409.1, 4158521.82, 3.53 ], [ 284410.2, 4158522.95, 3.55 ], [ 284406.94, 4158525.63, 1.5 ], [ 284413.67, 4158518.31, 0.62 ], [ 284414.48, 4158519.42, 0.74 ], [ 284420.6, 4158521.35, 0.0 ], [ 284420.74, 4158522.91, 0.07 ], [ 284419.59, 4158523.83, 0.15 ], [ 284420.52, 4158524.97, 0.17 ], [ 284411.97, 4158531.83, 0.76 ], [ 284406.94, 4158525.63, 0.64 ], [ 284410.2, 4158522.95, 0.41 ], [ 284414.48, 4158519.42, 0.11 ], [ 284415.48, 4158518.6, 0.04 ], [ 284415.95, 4158519.18, 0.05 ], [ 284416.69, 4158518.58, 0.0 ], [ 284414.48, 4158519.42, 0.0 ], [ 284415.48, 4158518.6, 0.0 ], [ 284413.67, 4158518.31, 0.0 ], [ 284420.74, 4158522.91, 0.0 ] ], "f": [ [ [ 0, 1, 2, 3 ] ], [ [ 4, 5, 2, 1 ] ], [ [ 6, 7, 8, 9, 10, 11, 12, 13, 14, 15, 16 ] ], [ [ 5, 13, 12, 2 ] ], [ [ 2, 12, 11, 3 ] ], [ [ 13, 17, 18, 14 ] ], [ [ 4, 19, 17, 13, 5 ] ], [ [ 20, 7, 6 ] ] ] }, "roof_props": null, "wall_color": "brick", "wall_color_source": "assessor", "type": "yes", "landmark": null, "footprint_source": "osm", "source_updated": null, "is_part": false, "parent": null, "hidden": false, "addr": "519 N Adams St", "wikidata": null, "website": null, "zoning": "R-6", "lidar_p90": 7.78, "ground_z": 51.11 }, "geometry": { "type": "Polygon", "coordinates": [ [ [ 284420.52, 4158524.97 ], [ 284419.59, 4158523.83 ], [ 284422.49, 4158521.5 ], [ 284418.78, 4158516.91 ], [ 284415.95, 4158519.18 ], [ 284414.63, 4158517.57 ], [ 284405.87, 4158524.3 ], [ 284411.97, 4158531.83 ], [ 284420.52, 4158524.97 ] ] ] } },
{ "type": "Feature", "properties": { "id": "osm:way/334119652", "name": null, "height": 7.39, "min_height": 0.0, "levels": null, "height_source": "lidar", "roof_shape": "flat", "roof_height": 0.79, "roof_azimuth": null, "roof_source": "lod2", "roof_color": "roof_flat", "roof_color_source": "ortho", "lod2_roof": { "v": [ [ 284479.72, 4158521.42, 0.09 ], [ 284486.41, 4158530.38, 0.79 ], [ 284484.53, 4158531.62, 0.77 ], [ 284482.56, 4158533.49, 0.78 ], [ 284481.9, 4158533.98, 0.77 ], [ 284474.58, 4158524.29, 0.0 ], [ 284478.92, 4158520.34, 0.0 ], [ 284484.53, 4158531.62, 0.0 ], [ 284482.56, 4158533.49, 0.0 ], [ 284486.41, 4158530.38, 0.0 ], [ 284479.72, 4158521.42, 0.0 ] ], "f": [ [ [ 0, 1, 2, 3, 4, 5, 6 ] ], [ [ 2, 7, 8, 3 ] ], [ [ 1, 9, 7, 2 ] ], [ [ 0, 10, 9, 1 ] ] ] }, "roof_props": null, "wall_color": "cream", "wall_color_source": "assessor", "type": "yes", "landmark": null, "footprint_source": "osm", "source_updated": null, "is_part": false, "parent": null, "hidden": false, "addr": "5 West Leigh Street", "wikidata": null, "website": null, "zoning": "R-63", "lidar_p90": 7.91, "ground_z": 50.51 }, "geometry": { "type": "Polygon", "coordinates": [ [ [ 284487.83, 4158529.54 ], [ 284479.44, 4158518.43 ], [ 284473.51, 4158522.87 ], [ 284481.9, 4158533.98 ], [ 284487.83, 4158529.54 ] ] ] } },
{ "type": "Feature", "properties": { "id": "osm:way/334119699", "name": null, "height": 6.81, "min_height": 0.0, "levels": null, "height_source": "lidar", "roof_shape": "flat", "roof_height": 1.07, "roof_azimuth": null, "roof_source": "lod2", "roof_color": "roof_flat", "roof_color_source": "ortho", "lod2_roof": { "v": [ [ 284473.81, 4158524.72, 0.0 ], [ 284481.16, 4158534.46, 1.07 ], [ 284476.95, 4158537.61, 0.94 ], [ 284470.51, 4158529.08, 0.0 ], [ 284472.59, 4158526.31, 0.0 ], [ 284472.78, 4158526.43, 0.02 ], [ 284472.63, 4158526.26, 0.0 ] ], "f": [ [ [ 0, 1, 2, 3, 4, 5, 6 ] ] ] }, "roof_props": null, "wall_color": "brick", "wall_color_source": "assessor", "type": "yes", "landmark": null, "footprint_source": "osm", "source_updated": null, "is_part": false, "parent": null, "hidden": false, "addr": "7 West Leigh Street", "wikidata": null, "website": null, "zoning": "R-63", "lidar_p90": 7.15, "ground_z": 50.52 }, "geometry": { "type": "Polygon", "coordinates": [ [ [ 284481.16, 4158534.46 ], [ 284473.12, 4158523.81 ], [ 284471.59, 4158524.96 ], [ 284468.68, 4158521.1 ], [ 284466.0, 4158523.11 ], [ 284476.95, 4158537.61 ], [ 284481.16, 4158534.46 ] ] ] } },
{ "type": "Feature", "properties": { "id": "osm:way/334119774", "name": null, "height": 6.34, "min_height": 0.0, "levels": null, "height_source": "lidar", "roof_shape": "flat", "roof_height": 0.94, "roof_azimuth": null, "roof_source": "lod2", "roof_color": "roof_flat", "roof_color_source": "ortho", "lod2_roof": { "v": [ [ 284457.27, 4158524.17, 0.02 ], [ 284460.82, 4158527.88, 0.42 ], [ 284460.09, 4158529.02, 0.45 ], [ 284459.57, 4158529.83, 0.47 ], [ 284455.87, 4158525.3, 0.01 ], [ 284469.26, 4158541.71, 0.93 ], [ 284460.92, 4158531.48, 0.0 ], [ 284461.94, 4158530.58, 0.0 ], [ 284462.37, 4158530.95, 0.04 ], [ 284466.67, 4158531.92, 0.29 ], [ 284465.06, 4158529.89, 0.11 ], [ 284465.13, 4158529.83, 0.11 ], [ 284472.45, 4158539.11, 0.94 ], [ 284460.09, 4158529.02, 0.0 ], [ 284459.57, 4158529.83, 0.0 ] ], "f": [ [ [ 0, 1, 2, 3, 4 ] ], [ [ 5, 6, 7, 8, 9, 10, 11, 12 ] ], [ [ 2, 13, 14, 3 ] ] ] }, "roof_props": null, "wall_color": "brick", "wall_color_source": "assessor", "type": "yes", "landmark": null, "footprint_source": "osm", "source_updated": null, "is_part": false, "parent": null, "hidden": false, "addr": "11 West Leigh Street", "wikidata": null, "website": null, "zoning": "R-63", "lidar_p90": 7.56, "ground_z": 50.83 }, "geometry": { "type": "Polygon", "coordinates": [ [ [ 284472.45, 4158539.11 ], [ 284465.13, 4158529.83 ], [ 284464.06, 4158530.76 ], [ 284462.03, 4158528.28 ], [ 284462.5, 4158527.9 ], [ 284456.36, 4158520.39 ], [ 284453.64, 4158522.58 ], [ 284469.26, 4158541.71 ], [ 284472.45, 4158539.11 ] ] ] } },
{ "type": "Feature", "properties": { "id": "osm:way/334119753", "name": null, "height": 6.91, "min_height": 0.0, "levels": null, "height_source": "lidar", "roof_shape": "flat", "roof_height": 0.9, "roof_azimuth": null, "roof_source": "lod2", "roof_color": "roof_flat", "roof_color_source": "ortho", "lod2_roof": { "v": [ [ 284473.42, 4158540.33, 0.89 ], [ 284467.37, 4158532.67, 0.0 ], [ 284471.01, 4158529.75, 0.0 ], [ 284476.95, 4158537.61, 0.9 ] ], "f": [ [ [ 0, 1, 2, 3 ] ] ] }, "roof_props": null, "wall_color": "brick_dark", "wall_color_source": "assessor", "type": "yes", "landmark": null, "footprint_source": "osm", "source_updated": null, "is_part": false, "parent": null, "hidden": false, "addr": "9 West Leigh Street", "wikidata": null, "website": null, "zoning": "R-63", "lidar_p90": 7.61, "ground_z": 50.59 }, "geometry": { "type": "Polygon", "coordinates": [ [ [ 284473.42, 4158540.33 ], [ 284476.95, 4158537.61 ], [ 284466.0, 4158523.11 ], [ 284463.42, 4158525.05 ], [ 284466.4, 4158528.83 ], [ 284465.13, 4158529.83 ], [ 284473.42, 4158540.33 ] ] ] } },
{ "type": "Feature", "properties": { "id": "osm:way/334119648", "name": null, "height": 4.79, "min_height": 0.0, "levels": null, "height_source": "lidar", "roof_shape": "flat", "roof_height": 0.52, "roof_azimuth": null, "roof_source": "lod2", "roof_color": "slate", "roof_color_source": "ortho", "lod2_roof": { "v": [ [ 284420.79, 4158531.0, 0.33 ], [ 284431.18, 4158522.9, 0.0 ], [ 284439.57, 4158534.28, 0.03 ], [ 284424.16, 4158546.29, 0.52 ], [ 284416.48, 4158536.51, 0.51 ], [ 284420.29, 4158533.26, 0.38 ] ], "f": [ [ [ 0, 1, 2, 3, 4, 5 ] ] ] }, "roof_props": null, "wall_color": "cream", "wall_color_source": "assessor", "type": "yes", "landmark": null, "footprint_source": "osm", "source_updated": null, "is_part": false, "parent": null, "hidden": false, "addr": "523 N Adams St", "wikidata": null, "website": null, "zoning": "R-63", "lidar_p90": 5.63, "ground_z": 50.89 }, "geometry": { "type": "Polygon", "coordinates": [ [ [ 284424.16, 4158546.29 ], [ 284441.28, 4158532.95 ], [ 284432.55, 4158521.84 ], [ 284415.43, 4158535.18 ], [ 284424.16, 4158546.29 ] ] ] } },
{ "type": "Feature", "properties": { "id": "osm:way/334119692", "name": null, "height": 6.79, "min_height": 0.0, "levels": null, "height_source": "lidar", "roof_shape": "flat", "roof_height": 0.75, "roof_azimuth": null, "roof_source": "lod2", "roof_color": "roof_flat", "roof_color_source": "ortho", "lod2_roof": { "v": [ [ 284463.91, 4158535.16, 0.0 ], [ 284469.26, 4158541.71, 0.75 ], [ 284465.36, 4158544.64, 0.73 ], [ 284460.26, 4158538.17, 0.0 ], [ 284460.85, 4158533.97, 0.18 ], [ 284457.31, 4158529.91, 0.19 ], [ 284458.72, 4158528.8, 0.04 ], [ 284461.99, 4158532.8, 0.03 ], [ 284461.99, 4158532.8, 0.0 ], [ 284460.85, 4158533.97, 0.0 ], [ 284457.31, 4158529.91, 0.0 ] ], "f": [ [ [ 0, 1, 2, 3 ] ], [ [ 4, 5, 6, 7 ] ], [ [ 7, 8, 9, 4 ] ], [ [ 4, 9, 10, 5 ] ] ] }, "roof_props": null, "wall_color": "brick", "wall_color_source": "assessor", "type": "yes", "landmark": null, "footprint_source": "osm", "source_updated": null, "is_part": false, "parent": null, "hidden": false, "addr": "13 West Leigh Street", "wikidata": null, "website": null, "zoning": "R-63", "lidar_p90": 7.36, "ground_z": 50.57 }, "geometry": { "type": "Polygon", "coordinates": [ [ [ 284469.26, 4158541.71 ], [ 284458.72, 4158528.8 ], [ 284456.58, 4158530.48 ], [ 284459.42, 4158534.1 ], [ 284457.96, 4158535.24 ], [ 284465.36, 4158544.64 ], [ 284469.26, 4158541.71 ] ] ] } },
{ "type": "Feature", "properties": { "id": "richmond_structure:393859", "name": null, "height": 2.83, "min_height": 0.0, "levels": null, "height_source": "lidar", "roof_shape": "flat", "roof_height": 0.0, "roof_azimuth": null, "roof_source": "heuristic", "roof_color": "concrete", "roof_color_source": "heuristic", "lod2_roof": null, "roof_props": null, "wall_color": "brick_dark", "wall_color_source": "assessor", "type": "yes", "landmark": null, "footprint_source": "richmond_structures", "source_updated": "2026-09-08T12:07:13.637000Z", "is_part": false, "parent": null, "hidden": false, "addr": null, "wikidata": null, "website": null, "zoning": "R-6", "lidar_p90": 10.28, "ground_z": 51.8 }, "geometry": { "type": "Polygon", "coordinates": [ [ [ 284305.52, 4158509.88 ], [ 284307.36, 4158512.3 ], [ 284311.73, 4158508.99 ], [ 284309.9, 4158506.56 ], [ 284305.52, 4158509.88 ] ] ] } },
{ "type": "Feature", "properties": { "id": "osm:way/321404468", "name": null, "height": 8.56, "min_height": 0.0, "levels": null, "height_source": "lidar", "roof_shape": "flat", "roof_height": 0.0, "roof_azimuth": null, "roof_source": "heuristic", "roof_color": "roof_flat", "roof_color_source": "ortho", "lod2_roof": null, "roof_props": null, "wall_color": "cream", "wall_color_source": "assessor", "type": "yes", "landmark": null, "footprint_source": "osm", "source_updated": null, "is_part": false, "parent": null, "hidden": false, "addr": "122 West Clay Street", "wikidata": null, "website": null, "zoning": "R-6", "lidar_p90": 9.13, "ground_z": 51.67 }, "geometry": { "type": "Polygon", "coordinates": [ [ [ 284294.5, 4158509.5 ], [ 284304.39, 4158522.19 ], [ 284307.02, 4158520.17 ], [ 284307.59, 4158520.9 ], [ 284310.57, 4158518.6 ], [ 284300.11, 4158505.17 ], [ 284294.5, 4158509.5 ] ] ] } },
{ "type": "Feature", "properties": { "id": "osm:way/321404487", "name": null, "height": 9.11, "min_height": 0.0, "levels": null, "height_source": "lidar", "roof_shape": "flat", "roof_height": 1.13, "roof_azimuth": null, "roof_source": "lod2", "roof_color": "roof_flat", "roof_color_source": "ortho", "lod2_roof": { "v": [ [ 284294.35, 4158512.78, 0.73 ], [ 284295.5, 4158511.84, 0.72 ], [ 284298.72, 4158515.96, 0.0 ], [ 284297.35, 4158517.22, 0.0 ], [ 284300.48, 4158521.85, 0.16 ], [ 284296.11, 4158525.68, 0.12 ], [ 284293.62, 4158527.86, 0.09 ], [ 284293.17, 4158527.79, 0.12 ], [ 284286.47, 4158519.23, 1.08 ], [ 284294.35, 4158512.78, 1.13 ], [ 284300.48, 4158521.85, 0.0 ], [ 284293.62, 4158527.86, 0.0 ], [ 284293.17, 4158527.79, 0.0 ], [ 284296.11, 4158525.68, 0.0 ], [ 284286.47, 4158519.23, 0.0 ], [ 284294.35, 4158512.78, 0.0 ], [ 284295.5, 4158511.84, 0.0 ] ], "f": [ [ [ 0, 1, 2, 3 ] ], [ [ 4, 5, 6, 7, 8, 9 ] ], [ [ 9, 0, 3, 10, 4 ] ], [ [ 6, 11, 12, 7 ] ], [ [ 5, 13, 11, 6 ] ], [ [ 8, 14, 15, 0, 9 ] ], [ [ 0, 15, 16, 1 ] ], [ [ 4, 10, 13, 5 ] ] ] }, "roof_props": null, "wall_color": "brick_dark", "wall_color_source": "assessor", "type": "yes", "landmark": null, "footprint_source": "osm", "source_updated": null, "is_part": false, "parent": null, "hidden": false, "addr": "124 W Clay St Fl 1", "wikidata": null, "website": null, "zoning": "R-6", "lidar_p90": 9.26, "ground_z": 51.68 }, "geometry": { "type": "Polygon", "coordinates": [ [ [ 284293.81, 4158528.61 ], [ 284295.68, 4158527.16 ], [ 284298.15, 4158530.32 ], [ 284303.7, 4158526.01 ], [ 284301.24, 4158522.87 ], [ 284303.03, 4158521.47 ], [ 284294.04, 4158509.98 ], [ 284284.83, 4158517.13 ], [ 284293.81, 4158528.61 ] ] ] } },
{ "type": "Feature", "properties": { "id": "osm:way/321404466", "name": null, "height": 9.68, "min_height": 0.0, "levels": null, "height_source": "lidar", "roof_shape": "flat", "roof_height": 0.0, "roof_azimuth": null, "roof_source": "heuristic", "roof_color": "roof_flat", "roof_color_source": "ortho", "lod2_roof": null, "roof_props": null, "wall_color": "brick", "wall_color_source": "assessor", "type": "yes", "landmark": null, "footprint_source": "osm", "source_updated": null, "is_part": false, "parent": null, "hidden": false, "addr": "128 West Clay Street", "wikidata": null, "website": null, "zoning": "R-6", "lidar_p90": 10.67, "ground_z": 51.36 }, "geometry": { "type": "Polygon", "coordinates": [ [ [ 284296.46, 4158541.4 ], [ 284299.47, 4158538.95 ], [ 284290.74, 4158528.27 ], [ 284291.82, 4158527.38 ], [ 284284.49, 4158518.4 ], [ 284280.38, 4158521.72 ], [ 284296.46, 4158541.4 ] ] ] } },
{ "type": "Feature", "properties": { "id": "osm:way/321404460", "name": null, "height": 9.78, "min_height": 0.0, "levels": null, "height_source": "lidar", "roof_shape": "flat", "roof_height": 2.39, "roof_azimuth": null, "roof_source": "lod2", "roof_color": "roof_flat", "roof_color_source": "ortho", "lod2_roof": { "v": [ [ 284279.53, 4158525.21, 0.7 ], [ 284279.8, 4158523.82, 0.17 ], [ 284281.82, 4158523.48, 0.86 ], [ 284282.22, 4158523.97, 1.25 ], [ 284278.19, 4158525.83, 1.64 ], [ 284277.46, 4158526.17, 2.15 ], [ 284276.43, 4158524.88, 2.39 ], [ 284277.2, 4158524.26, 1.78 ], [ 284284.1, 4158530.03, 0.48 ], [ 284282.45, 4158532.37, 0.35 ], [ 284277.46, 4158526.17, 1.67 ], [ 284279.53, 4158525.21, 1.58 ], [ 284282.22, 4158523.97, 1.46 ], [ 284286.0, 4158528.59, 0.47 ], [ 284286.0, 4158528.59, 0.28 ], [ 284295.15, 4158539.8, 0.0 ], [ 284287.76, 4158537.56, 0.0 ], [ 284284.41, 4158533.4, 0.1 ], [ 284283.73, 4158533.96, 0.07 ], [ 284282.45, 4158532.37, 0.11 ], [ 284284.1, 4158530.03, 0.21 ], [ 284279.8, 4158523.82, 0.0 ], [ 284281.82, 4158523.48, 0.0 ], [ 284277.2, 4158524.26, 0.0 ] ], "f": [ [ [ 0, 1, 2, 3 ] ], [ [ 0, 4, 5, 6, 7, 1 ] ], [ [ 8, 9, 10, 4, 11, 12, 13 ] ], [ [ 14, 15, 16, 17, 18, 19, 20 ] ], [ [ 1, 21, 22, 2 ] ], [ [ 7, 23, 21, 1 ] ], [ [ 11, 0, 3, 12 ] ], [ [ 10, 5, 4 ] ], [ [ 0, 11, 4 ] ], [ [ 13, 14, 20, 8 ] ], [ [ 8, 20, 19, 9 ] ] ] }, "roof_props": null, "wall_color": "terracotta", "wall_color_source": "assessor", "type": "yes", "landmark": null, "footprint_source": "osm", "source_updated": null, "is_part": false, "parent": null, "hidden": false, "addr": "130 West Clay Street", "wikidata": null, "website": null, "zoning": "R-6", "lidar_p90": 10.78, "ground_z": 51.26 }, "geometry": { "type": "Polygon", "coordinates": [ [ [ 284276.43, 4158524.88 ], [ 284283.73, 4158533.96 ], [ 284284.41, 4158533.41 ], [ 284293.11, 4158544.21 ], [ 284296.46, 4158541.4 ], [ 284280.38, 4158521.72 ], [ 284276.43, 4158524.88 ] ] ] } },
{ "type": "Feature", "properties": { "id": "richmond_structure:305146", "name": null, "height": 5.57, "min_height": 0.0, "levels": null, "height_source": "lidar", "roof_shape": "flat", "roof_height": 0.41, "roof_azimuth": null, "roof_source": "lod2", "roof_color": "roof_flat", "roof_color_source": "heuristic", "lod2_roof": { "v": [ [ 284311.87, 4158532.7, 0.38 ], [ 284315.48, 4158529.91, 0.0 ], [ 284319.56, 4158535.18, 0.03 ], [ 284315.95, 4158537.97, 0.41 ] ], "f": [ [ [ 0, 1, 2, 3 ] ] ] }, "roof_props": null, "wall_color": "brick_dark", "wall_color_source": "assessor", "type": "yes", "landmark": null, "footprint_source": "richmond_structures", "source_updated": "2026-09-08T12:07:13.637000Z", "is_part": false, "parent": null, "hidden": false, "addr": null, "wikidata": null, "website": null, "zoning": "R-6", "lidar_p90": 5.67, "ground_z": 51.26 }, "geometry": { "type": "Polygon", "coordinates": [ [ [ 284315.48, 4158529.91 ], [ 284311.87, 4158532.7 ], [ 284315.95, 4158537.97 ], [ 284319.56, 4158535.18 ], [ 284315.48, 4158529.91 ] ] ] } },
{ "type": "Feature", "properties": { "id": "osm:way/321404488", "name": null, "height": 8.25, "min_height": 0.0, "levels": null, "height_source": "lidar", "roof_shape": "flat", "roof_height": 0.0, "roof_azimuth": null, "roof_source": "heuristic", "roof_color": "roof_flat", "roof_color_source": "ortho", "lod2_roof": null, "roof_props": null, "wall_color": "brick", "wall_color_source": "assessor", "type": "yes", "landmark": null, "footprint_source": "osm", "source_updated": null, "is_part": false, "parent": null, "hidden": false, "addr": "132 West Clay Street", "wikidata": null, "website": null, "zoning": "R-6", "lidar_p90": 8.69, "ground_z": 51.38 }, "geometry": { "type": "Polygon", "coordinates": [ [ [ 284281.92, 4158549.36 ], [ 284285.65, 4158546.43 ], [ 284282.13, 4158541.99 ], [ 284284.66, 4158539.99 ], [ 284273.87, 4158526.39 ], [ 284268.6, 4158530.55 ], [ 284275.67, 4158539.47 ], [ 284274.69, 4158540.24 ], [ 284281.92, 4158549.36 ] ] ] } },
{ "type": "Feature", "properties": { "id": "osm:way/321404430", "name": null, "height": 8.41, "min_height": 0.0, "levels": null, "height_source": "lidar", "roof_shape": "flat", "roof_height": 1.47, "roof_azimuth": null, "roof_source": "lod2", "roof_color": "roof_flat", "roof_color_source": "ortho", "lod2_roof": { "v": [ [ 284260.0, 4158545.13, 0.46 ], [ 284268.88, 4158537.76, 0.53 ], [ 284271.48, 4158540.13, 0.0 ], [ 284261.91, 4158547.45, 0.0 ], [ 284267.77, 4158536.23, 1.45 ], [ 284258.69, 4158543.54, 1.47 ], [ 284255.97, 4158540.23, 0.0 ], [ 284259.1, 4158537.73, 0.0 ], [ 284259.9, 4158537.92, 0.22 ], [ 284262.21, 4158535.97, 0.19 ], [ 284261.82, 4158535.57, 0.0 ], [ 284264.26, 4158533.62, 0.0 ], [ 284264.79, 4158533.79, 0.16 ], [ 284266.0, 4158532.77, 0.14 ], [ 284268.28, 4158537.21, 0.93 ], [ 284262.21, 4158535.97, 0.0 ], [ 284259.9, 4158537.92, 0.0 ] ], "f": [ [ [ 0, 1, 2, 3 ] ], [ [ 4, 5, 6, 7, 8, 9, 10, 11, 12, 13 ] ], [ [ 0, 5, 4, 14, 1 ] ], [ [ 9, 15, 10 ] ], [ [ 16, 8, 7 ] ], [ [ 8, 16, 15, 9 ] ] ] }, "roof_props": null, "wall_color": "brick", "wall_color_source": "assessor", "type": "yes", "landmark": null, "footprint_source": "osm", "source_updated": null, "is_part": false, "parent": null, "hidden": false, "addr": "136 W Clay St", "wikidata": null, "website": null, "zoning": "R-6", "lidar_p90": 9.38, "ground_z": 51.58 }, "geometry": { "type": "Polygon", "coordinates": [ [ [ 284263.91, 4158549.87 ], [ 284274.25, 4158541.42 ], [ 284265.92, 4158531.32 ], [ 284255.58, 4158539.76 ], [ 284263.91, 4158549.87 ] ] ] } },
{ "type": "Feature", "properties": { "id": "osm:way/321404462", "name": null, "height": 6.42, "min_height": 0.0, "levels": null, "height_source": "lidar", "roof_shape": "skillion", "roof_height": 1.5, "roof_azimuth": 24.0, "roof_source": "lod2", "roof_color": "roof_flat", "roof_color_source": "ortho", "lod2_roof": { "v": [ [ 284349.05, 4158537.87, 0.57 ], [ 284351.7, 4158540.31, 0.83 ], [ 284358.5, 4158546.57, 1.5 ], [ 284355.44, 4158549.06, 1.45 ], [ 284347.39, 4158539.19, 0.55 ], [ 284347.39, 4158539.19, 0.0 ], [ 284349.05, 4158537.87, 0.0 ], [ 284351.7, 4158540.31, 0.0 ] ], "f": [ [ [ 0, 1, 2, 3, 4 ] ], [ [ 4, 5, 6, 0 ] ], [ [ 0, 6, 7, 1 ] ] ] }, "roof_props": null, "wall_color": "terracotta", "wall_color_source": "assessor", "type": "yes", "landmark": null, "footprint_source": "osm", "source_updated": null, "is_part": false, "parent": null, "hidden": false, "addr": "105 Pulliam Street", "wikidata": null, "website": null, "zoning": "R-6", "lidar_p90": 7.7, "ground_z": 51.24 }, "geometry": { "type": "Polygon", "coordinates": [ [ [ 284355.44, 4158549.06 ], [ 284359.07, 4158546.11 ], [ 284352.91, 4158538.54 ], [ 284351.42, 4158539.74 ], [ 284348.82, 4158536.54 ], [ 284346.67, 4158538.32 ], [ 284355.44, 4158549.06 ] ] ] } },
{ "type": "Feature", "properties": { "id": "osm:way/321404463", "name": null, "height": 6.78, "min_height": 0.0, "levels": null, "height_source": "lidar", "roof_shape": "flat", "roof_height": 1.02, "roof_azimuth": null, "roof_source": "lod2", "roof_color": "roof_flat", "roof_color_source": "ortho", "lod2_roof": { "v": [ [ 284346.67, 4158538.32, 0.0 ], [ 284355.44, 4158549.06, 0.98 ], [ 284351.61, 4158552.18, 1.02 ], [ 284344.85, 4158543.92, 0.26 ], [ 284345.91, 4158543.07, 0.26 ], [ 284343.89, 4158540.58, 0.03 ] ], "f": [ [ [ 0, 1, 2, 3, 4, 5 ] ] ] }, "roof_props": null, "wall_color": "cream", "wall_color_source": "assessor", "type": "yes", "landmark": null, "footprint_source": "osm", "source_updated": null, "is_part": false, "parent": null, "hidden": false, "addr": "107 Pulliam Street", "wikidata": null, "website": null, "zoning": "R-6", "lidar_p90": 7.37, "ground_z": 51.38 }, "geometry": { "type": "Polygon", "coordinates": [ [ [ 284343.89, 4158540.58 ], [ 284345.91, 4158543.07 ], [ 284344.85, 4158543.92 ], [ 284351.61, 4158552.18 ], [ 284355.44, 4158549.06 ], [ 284346.67, 4158538.32 ], [ 284343.89, 4158540.58 ] ] ] } },
{ "type": "Feature", "properties": { "id": "osm:way/334119636", "name": null, "height": 6.14, "min_height": 0.0, "levels": null, "height_source": "lidar", "roof_shape": "skillion", "roof_height": 1.7, "roof_azimuth": 8.6, "roof_source": "lod2", "roof_color": "roof_flat", "roof_color_source": "ortho", "lod2_roof": { "v": [ [ 284464.55, 4158545.67, 1.59 ], [ 284461.21, 4158547.6, 1.56 ], [ 284453.15, 4158537.34, 0.57 ], [ 284455.0, 4158535.9, 0.57 ], [ 284453.91, 4158534.52, 0.43 ], [ 284454.61, 4158533.6, 0.41 ], [ 284462.18, 4158540.62, 1.18 ], [ 284466.42, 4158546.01, 1.7 ], [ 284465.42, 4158546.79, 1.7 ], [ 284465.42, 4158546.49, 1.68 ], [ 284464.42, 4158546.6, 1.64 ], [ 284465.42, 4158546.79, 0.0 ], [ 284465.42, 4158546.49, 0.0 ], [ 284464.42, 4158546.6, 0.0 ], [ 284464.55, 4158545.67, 0.0 ], [ 284461.21, 4158547.6, 0.0 ] ], "f": [ [ [ 0, 1, 2, 3, 4, 5, 6, 7, 8, 9, 10 ] ], [ [ 8, 11, 12, 9 ] ], [ [ 9, 12, 13, 10 ] ], [ [ 10, 13, 14, 0 ] ], [ [ 0, 14, 15, 1 ] ] ] }, "roof_props": null, "wall_color": "brick", "wall_color_source": "assessor", "type": "yes", "landmark": null, "footprint_source": "osm", "source_updated": null, "is_part": false, "parent": null, "hidden": false, "addr": "13 1/2 W Leigh St", "wikidata": null, "website": null, "zoning": "R-63", "lidar_p90": 7.47, "ground_z": 50.6 }, "geometry": { "type": "Polygon", "coordinates": [ [ [ 284462.41, 4158549.14 ], [ 284466.42, 4158546.01 ], [ 284453.61, 4158529.69 ], [ 284451.44, 4158531.38 ], [ 284455.0, 4158535.9 ], [ 284453.15, 4158537.34 ], [ 284462.41, 4158549.14 ] ] ] } },
{ "type": "Feature", "properties": { "id": "osm:way/334119674", "name": null, "height": 5.98, "min_height": 0.0, "levels": null, "height_source": "lidar", "roof_shape": "skillion", "roof_height": 1.61, "roof_azimuth": 24.0, "roof_source": "lod2", "roof_color": "roof_flat", "roof_color_source": "ortho", "lod2_roof": { "v": [ [ 284453.86, 4158540.43, 0.2 ], [ 284460.13, 4158548.41, 1.01 ], [ 284457.81, 4158550.28, 0.95 ], [ 284451.9, 4158542.39, 0.16 ], [ 284454.17, 4158538.62, 0.65 ], [ 284461.18, 4158547.56, 1.61 ], [ 284460.13, 4158548.41, 1.6 ], [ 284453.86, 4158540.43, 0.74 ], [ 284453.08, 4158539.43, 0.64 ], [ 284460.13, 4158548.41, 0.0 ], [ 284457.81, 4158550.28, 0.0 ], [ 284461.18, 4158547.56, 0.0 ] ], "f": [ [ [ 0, 1, 2, 3 ] ], [ [ 4, 5, 6, 7, 8 ] ], [ [ 1, 9, 10, 2 ] ], [ [ 5, 11, 9, 1, 6 ] ], [ [ 6, 1, 0, 7 ] ] ] }, "roof_props": null, "wall_color": "brick", "wall_color_source": "assessor", "type": "yes", "landmark": null, "footprint_source": "osm", "source_updated": null, "is_part": false, "parent": null, "hidden": false, "addr": "15 West Leigh Street", "wikidata": null, "website": null, "zoning": "R-63", "lidar_p90": 6.96, "ground_z": 50.58 }, "geometry": { "type": "Polygon", "coordinates": [ [ [ 284461.81, 4158548.36 ], [ 284454.17, 4158538.62 ], [ 284450.9, 4158541.05 ], [ 284458.32, 4158550.96 ], [ 284461.81, 4158548.36 ] ] ] } },
{ "type": "Feature", "properties": { "id": "osm:way/334119650", "name": null, "height": 6.25, "min_height": 0.0, "levels": null, "height_source": "lidar", "roof_shape": "flat", "roof_height": 1.14, "roof_azimuth": null, "roof_source": "lod2", "roof_color": "roof_flat", "roof_color_source": "ortho", "lod2_roof": { "v": [ [ 284443.55, 4158546.68, 0.0 ], [ 284444.6, 4158545.59, 0.07 ], [ 284454.52, 4158558.83, 1.14 ], [ 284450.69, 4158561.7, 0.87 ], [ 284442.66, 4158551.07, 0.0 ] ], "f": [ [ [ 0, 1, 2, 3, 4 ] ] ] }, "roof_props": null, "wall_color": "brick", "wall_color_source": "assessor", "type": "yes", "landmark": null, "footprint_source": "osm", "source_updated": null, "is_part": false, "parent": null, "hidden": false, "addr": "19 West Leigh Street", "wikidata": null, "website": null, "zoning": "R-63", "lidar_p90": 7.05, "ground_z": 50.57 }, "geometry": { "type": "Polygon", "coordinates": [ [ [ 284439.89, 4158547.4 ], [ 284450.69, 4158561.7 ], [ 284455.76, 4158557.9 ], [ 284444.95, 4158543.6 ], [ 284439.89, 4158547.4 ] ] ] } },
{ "type": "Feature", "properties": { "id": "osm:way/334119687", "name": null, "height": 7.45, "min_height": 0.0, "levels": null, "height_source": "lidar", "roof_shape": "flat", "roof_height": 7.16, "roof_azimuth": null, "roof_source": "lod2", "roof_color": "roof_flat", "roof_color_source": "ortho", "lod2_roof": { "v": [ [ 284487.15, 4158562.52, 6.72 ], [ 284485.75, 4158560.88, 6.59 ], [ 284486.99, 4158559.88, 6.56 ], [ 284488.53, 4158561.77, 6.7 ], [ 284487.62, 4158562.26, 6.71 ], [ 284487.85, 4158563.34, 7.1 ], [ 284487.75, 4158562.86, 7.13 ], [ 284487.62, 4158562.26, 7.16 ], [ 284488.53, 4158561.77, 7.14 ], [ 284499.08, 4158574.69, 6.16 ], [ 284498.18, 4158575.41, 6.17 ], [ 284483.54, 4158566.23, 0.56 ], [ 284487.75, 4158562.86, 0.7 ], [ 284487.85, 4158563.34, 0.67 ], [ 284498.18, 4158575.41, 0.03 ], [ 284497.21, 4158576.2, 0.0 ], [ 284493.64, 4158576.73, 0.0 ], [ 284492.15, 4158575.25, 0.08 ], [ 284490.87, 4158575.32, 0.08 ], [ 284491.44, 4158576.95, 0.0 ], [ 284488.51, 4158577.31, 0.0 ], [ 284480.7, 4158567.74, 0.51 ], [ 284487.75, 4158562.86, 0.0 ], [ 284487.62, 4158562.26, 0.0 ], [ 284487.15, 4158562.52, 0.0 ], [ 284480.7, 4158567.74, 0.0 ], [ 284483.54, 4158566.23, 0.0 ] ], "f": [ [ [ 0, 1, 2, 3, 4 ] ], [ [ 5, 6, 7, 8, 9, 10 ] ], [ [ 11, 12, 13, 14, 15, 16, 17, 18, 19, 20, 21 ] ], [ [ 10, 14, 13, 5 ] ], [ [ 7, 4, 3, 8 ] ], [ [ 6, 12, 22, 23, 4, 7 ] ], [ [ 4, 23, 24, 0 ] ], [ [ 21, 25, 26, 11 ] ], [ [ 5, 13, 12, 6 ] ], [ [ 11, 26, 22, 12 ] ] ] }, "roof_props": null, "wall_color": "brick", "wall_color_source": "assessor", "type": "yes", "landmark": null, "footprint_source": "osm", "source_updated": null, "is_part": false, "parent": null, "hidden": false, "addr": "14 West Leigh Street", "wikidata": null, "website": null, "zoning": "R-63", "lidar_p90": 8.39, "ground_z": 50.19 }, "geometry": { "type": "Polygon", "coordinates": [ [ [ 284491.42, 4158580.88 ], [ 284499.08, 4158574.69 ], [ 284486.99, 4158559.88 ], [ 284479.33, 4158566.07 ], [ 284491.42, 4158580.88 ] ] ] } },
{ "type": "Feature", "properties": { "id": "osm:way/334119668", "name": null, "height": 6.46, "min_height": 0.0, "levels": null, "height_source": "lidar", "roof_shape": "skillion", "roof_height": 1.62, "roof_azimuth": 70.3, "roof_source": "lod2", "roof_color": "roof_flat", "roof_color_source": "ortho", "lod2_roof": { "v": [ [ 284489.77, 4158579.25, 0.58 ], [ 284489.64, 4158579.1, 0.59 ], [ 284483.28, 4158581.52, 0.24 ], [ 284475.78, 4158572.4, 1.12 ], [ 284479.86, 4158569.21, 1.52 ], [ 284480.92, 4158568.39, 1.62 ], [ 284489.82, 4158579.2, 0.58 ], [ 284479.86, 4158569.21, 0.0 ], [ 284480.92, 4158568.39, 0.0 ], [ 284475.78, 4158572.4, 0.0 ] ], "f": [ [ [ 0, 1, 2, 3, 4, 5, 6 ] ], [ [ 4, 7, 8, 5 ] ], [ [ 3, 9, 7, 4 ] ] ] }, "roof_props": null, "wall_color": "cream", "wall_color_source": "assessor", "type": "yes", "landmark": null, "footprint_source": "osm", "source_updated": null, "is_part": false, "parent": null, "hidden": false, "addr": "14 1/2 W Leigh St", "wikidata": null, "website": null, "zoning": "R-63", "lidar_p90": 7.6, "ground_z": 50.21 }, "geometry": { "type": "Polygon", "coordinates": [ [ [ 284484.77, 4158583.33 ], [ 284489.82, 4158579.21 ], [ 284480.13, 4158567.42 ], [ 284475.07, 4158571.54 ], [ 284484.77, 4158583.33 ] ] ] } },
{ "type": "Feature", "properties": { "id": "osm:way/334119746", "name": null, "height": 8.24, "min_height": 0.0, "levels": null, "height_source": "lidar", "roof_shape": "flat", "roof_height": 0.0, "roof_azimuth": null, "roof_source": "heuristic", "roof_color": "roof_flat", "roof_color_source": "ortho", "lod2_roof": null, "roof_props": null, "wall_color": "brick_dark", "wall_color_source": "assessor", "type": "yes", "landmark": null, "footprint_source": "osm", "source_updated": null, "is_part": false, "parent": null, "hidden": false, "addr": "16 West Leigh Street", "wikidata": null, "website": null, "zoning": "R-63", "lidar_p90": 8.97, "ground_z": 50.02 }, "geometry": { "type": "Polygon", "coordinates": [ [ [ 284477.31, 4158582.6 ], [ 284480.07, 4158585.95 ], [ 284483.57, 4158583.11 ], [ 284472.93, 4158570.18 ], [ 284468.92, 4158573.46 ], [ 284476.79, 4158583.02 ], [ 284477.31, 4158582.6 ] ] ] } },
{ "type": "Feature", "properties": { "id": "osm:way/334119704", "name": null, "height": 7.85, "min_height": 0.0, "levels": null, "height_source": "lidar", "roof_shape": "flat", "roof_height": 1.6, "roof_azimuth": null, "roof_source": "lod2", "roof_color": "roof_flat", "roof_color_source": "ortho", "lod2_roof": { "v": [ [ 284470.92, 4158576.48, 1.58 ], [ 284471.18, 4158576.21, 1.59 ], [ 284474.75, 4158580.55, 0.81 ], [ 284467.71, 4158583.76, 0.95 ], [ 284466.07, 4158581.68, 1.32 ], [ 284467.72, 4158579.91, 1.41 ], [ 284468.88, 4158577.51, 1.6 ], [ 284466.51, 4158578.22, 0.32 ], [ 284467.12, 4158578.39, 0.73 ], [ 284466.07, 4158581.68, 0.78 ], [ 284465.71, 4158581.22, 0.46 ], [ 284482.18, 4158595.15, 0.14 ], [ 284483.5, 4158594.01, 0.11 ], [ 284483.68, 4158594.23, 0.11 ], [ 284478.86, 4158597.98, 0.22 ], [ 284467.71, 4158583.76, 0.67 ], [ 284474.75, 4158580.55, 0.49 ], [ 284476.79, 4158583.02, 0.41 ], [ 284475.65, 4158584.0, 0.43 ], [ 284475.87, 4158584.28, 0.42 ], [ 284475.39, 4158585.06, 0.43 ], [ 284465.71, 4158581.22, 0.0 ], [ 284466.51, 4158578.22, 0.0 ], [ 284467.12, 4158578.39, 0.0 ], [ 284468.88, 4158577.51, 0.0 ], [ 284470.92, 4158576.48, 0.0 ], [ 284471.18, 4158576.21, 0.0 ] ], "f": [ [ [ 0, 1, 2, 3, 4, 5, 6 ] ], [ [ 7, 8, 6, 5, 9, 10 ] ], [ [ 11, 12, 13, 14, 15, 16, 17, 18, 19, 20 ] ], [ [ 2, 16, 15, 3 ] ], [ [ 4, 9, 5 ] ], [ [ 10, 21, 22, 7 ] ], [ [ 8, 23, 24, 6 ] ], [ [ 6, 24, 25, 0 ] ], [ [ 0, 25, 26, 1 ] ], [ [ 7, 22, 23, 8 ] ] ] }, "roof_props": null, "wall_color": "brick_dark", "wall_color_source": "assessor", "type": "yes", "landmark": null, "footprint_source": "osm", "source_updated": null, "is_part": false, "parent": null, "hidden": false, "addr": "18 West Leigh Street", "wikidata": null, "website": null, "zoning": "R-63", "lidar_p90": 8.87, "ground_z": 50.06 }, "geometry": { "type": "Polygon", "coordinates": [ [ [ 284478.86, 4158597.98 ], [ 284483.68, 4158594.23 ], [ 284475.65, 4158584.0 ], [ 284476.79, 4158583.02 ], [ 284468.92, 4158573.46 ], [ 284463.08, 4158577.87 ], [ 284478.86, 4158597.98 ] ] ] } },
{ "type": "Feature", "properties": { "id": "osm:way/321404455", "name": null, "height": 8.41, "min_height": 0.0, "levels": null, "height_source": "lidar", "roof_shape": "flat", "roof_height": 0.0, "roof_azimuth": null, "roof_source": "lidar", "roof_color": "roof_flat", "roof_color_source": "ortho", "lod2_roof": null, "roof_props": null, "wall_color": "terracotta", "wall_color_source": "assessor", "type": "yes", "landmark": null, "footprint_source": "osm", "source_updated": null, "is_part": false, "parent": null, "hidden": false, "addr": "140 West Clay Street", "wikidata": null, "website": null, "zoning": "R-6", "lidar_p90": 8.79, "ground_z": 51.6 }, "geometry": { "type": "Polygon", "coordinates": [ [ [ 284261.19, 4158557.98 ], [ 284264.76, 4158555.06 ], [ 284258.04, 4158546.91 ], [ 284260.03, 4158545.29 ], [ 284253.4, 4158537.24 ], [ 284247.84, 4158541.78 ], [ 284261.19, 4158557.98 ] ] ] } },
{ "type": "Feature", "properties": { "id": "osm:way/321404457", "name": null, "height": 6.87, "min_height": 0.0, "levels": null, "height_source": "lidar", "roof_shape": "flat", "roof_height": 1.05, "roof_azimuth": null, "roof_source": "lod2", "roof_color": "roof_flat", "roof_color_source": "ortho", "lod2_roof": { "v": [ [ 284343.43, 4158546.43, 0.37 ], [ 284344.22, 4158546.67, 0.42 ], [ 284344.65, 4158546.11, 0.42 ], [ 284345.6, 4158544.84, 0.41 ], [ 284351.61, 4158552.18, 1.05 ], [ 284347.29, 4158555.63, 1.0 ], [ 284339.75, 4158546.49, 0.19 ], [ 284339.84, 4158545.32, 0.14 ], [ 284341.5, 4158545.83, 0.25 ], [ 284342.61, 4158547.28, 0.37 ], [ 284344.22, 4158546.67, 0.0 ], [ 284344.65, 4158546.11, 0.0 ], [ 284342.61, 4158547.28, 0.0 ], [ 284343.43, 4158546.43, 0.0 ], [ 284341.5, 4158545.83, 0.0 ] ], "f": [ [ [ 0, 1, 2, 3, 4, 5, 6, 7, 8, 9 ] ], [ [ 1, 10, 11, 2 ] ], [ [ 9, 12, 13, 0 ] ], [ [ 8, 14, 12, 9 ] ], [ [ 0, 13, 10, 1 ] ] ] }, "roof_props": null, "wall_color": "terracotta", "wall_color_source": "assessor", "type": "yes", "landmark": null, "footprint_source": "osm", "source_updated": null, "is_part": false, "parent": null, "hidden": false, "addr": "109 Pulliam Street", "wikidata": null, "website": null, "zoning": "R-6", "lidar_p90": 7.75, "ground_z": 51.36 }, "geometry": { "type": "Polygon", "coordinates": [ [ [ 284343.38, 4158545.11 ], [ 284341.4, 4158542.71 ], [ 284338.58, 4158545.08 ], [ 284347.29, 4158555.63 ], [ 284351.61, 4158552.18 ], [ 284344.85, 4158543.92 ], [ 284343.38, 4158545.11 ] ] ] } },
{ "type": "Feature", "properties": { "id": "richmond_structure:306222", "name": null, "height": 5.07, "min_height": 0.0, "levels": null, "height_source": "lidar", "roof_shape": "flat", "roof_height": 0.0, "roof_azimuth": null, "roof_source": "heuristic", "roof_color": "roof_flat", "roof_color_source": "ortho", "lod2_roof": null, "roof_props": null, "wall_color": "brick_dark", "wall_color_source": "assessor", "type": "yes", "landmark": null, "footprint_source": "richmond_structures", "source_updated": "2026-09-08T12:07:13.637000Z", "is_part": false, "parent": null, "hidden": false, "addr": null, "wikidata": null, "website": null, "zoning": "R-6", "lidar_p90": 5.79, "ground_z": 51.15 }, "geometry": { "type": "Polygon", "coordinates": [ [ [ 284277.38, 4158547.56 ], [ 284272.46, 4158550.95 ], [ 284275.33, 4158555.11 ], [ 284280.25, 4158551.73 ], [ 284277.38, 4158547.56 ] ] ] } },
{ "type": "Feature", "properties": { "id": "osm:way/321404481", "name": null, "height": 7.19, "min_height": 0.0, "levels": null, "height_source": "lidar", "roof_shape": "flat", "roof_height": 0.72, "roof_azimuth": null, "roof_source": "lod2", "roof_color": "roof_flat", "roof_color_source": "ortho", "lod2_roof": { "v": [ [ 284341.07, 4158548.09, 0.0 ], [ 284347.29, 4158555.63, 0.72 ], [ 284343.59, 4158558.66, 0.67 ], [ 284337.83, 4158551.69, 0.0 ] ], "f": [ [ [ 0, 1, 2, 3 ] ] ] }, "roof_props": null, "wall_color": "terracotta", "wall_color_source": "assessor", "type": "yes", "landmark": null, "footprint_source": "osm", "source_updated": null, "is_part": false, "parent": null, "hidden": false, "addr": "111 Pulliam Street", "wikidata": null, "website": null, "zoning": "R-6", "lidar_p90": 7.44, "ground_z": 51.0 }, "geometry": { "type": "Polygon", "coordinates": [ [ [ 284338.58, 4158545.08 ], [ 284336.2, 4158547.03 ], [ 284338.21, 4158549.46 ], [ 284336.89, 4158550.54 ], [ 284343.59, 4158558.66 ], [ 284347.29, 4158555.63 ], [ 284338.58, 4158545.08 ] ] ] } },
{ "type": "Feature", "properties": { "id": "richmond_structure:315754", "name": null, "height": 7.5, "min_height": 0.0, "levels": null, "height_source": "zoning", "roof_shape": "flat", "roof_height": 0.0, "roof_azimuth": null, "roof_source": "heuristic", "roof_color": "roof_dark", "roof_color_source": "heuristic", "lod2_roof": null, "roof_props": null, "wall_color": "terracotta", "wall_color_source": "assessor", "type": "yes", "landmark": null, "footprint_source": "richmond_structures", "source_updated": "2026-09-08T12:07:13.637000Z", "is_part": false, "parent": null, "hidden": false, "addr": null, "wikidata": null, "website": null, "zoning": "R-6", "lidar_p90": 0.96, "ground_z": 51.39 }, "geometry": { "type": "Polygon", "coordinates": [ [ [ 284264.63, 4158557.61 ], [ 284262.26, 4158559.57 ], [ 284265.71, 4158563.84 ], [ 284268.28, 4158561.77 ], [ 284264.63, 4158557.61 ] ] ] } },
{ "type": "Feature", "properties": { "id": "osm:way/321404478", "name": null, "height": 9.07, "min_height": 0.0, "levels": null, "height_source": "lidar", "roof_shape": "flat", "roof_height": 0.0, "roof_azimuth": null, "roof_source": "heuristic", "roof_color": "roof_flat", "roof_color_source": "ortho", "lod2_roof": null, "roof_props": null, "wall_color": "brick", "wall_color_source": "assessor", "type": "yes", "landmark": null, "footprint_source": "osm", "source_updated": null, "is_part": false, "parent": null, "hidden": false, "addr": null, "wikidata": null, "website": null, "zoning": "R-6", "lidar_p90": 9.35, "ground_z": 50.51 }, "geometry": { "type": "Polygon", "coordinates": [ [ [ 284344.58, 4158560.07 ], [ 284337.46, 4158551.24 ], [ 284303.11, 4158578.18 ], [ 284310.15, 4158587.07 ], [ 284344.58, 4158560.07 ] ] ] } },
{ "type": "Feature", "properties": { "id": "osm:way/321404446", "name": null, "height": 8.14, "min_height": 0.0, "levels": null, "height_source": "lidar", "roof_shape": "flat", "roof_height": 0.0, "roof_azimuth": null, "roof_source": "heuristic", "roof_color": "concrete", "roof_color_source": "heuristic", "lod2_roof": null, "roof_props": null, "wall_color": "brick_dark", "wall_color_source": "assessor", "type": "yes", "landmark": null, "footprint_source": "osm", "source_updated": null, "is_part": false, "parent": null, "hidden": false, "addr": null, "wikidata": null, "website": null, "zoning": "R-6", "lidar_p90": 8.18, "ground_z": 50.27 }, "geometry": { "type": "Polygon", "coordinates": [ [ [ 284328.76, 4158588.37 ], [ 284331.33, 4158586.38 ], [ 284323.58, 4158576.54 ], [ 284321.03, 4158578.54 ], [ 284328.76, 4158588.37 ] ] ] } },
{ "type": "Feature", "properties": { "id": "osm:way/321404469", "name": null, "height": 13.95, "min_height": 0.0, "levels": null, "height_source": "lidar", "roof_shape": "flat", "roof_height": 0.0, "roof_azimuth": null, "roof_source": "heuristic", "roof_color": "roof_flat", "roof_color_source": "ortho", "lod2_roof": null, "roof_props": [ { "x": 284331.51, "y": 4158595.96, "w": 4.8, "d": 3.07, "h": 2.08, "a": 2.3562, "b": 0.0 }, { "x": 284335.98, "y": 4158611.45, "w": 3.07, "d": 3.07, "h": 3.6, "a": -0.7854, "b": 0.0 }, { "x": 284343.51, "y": 4158626.18, "w": 3.78, "d": 2.75, "h": 2.63, "a": 2.9442, "b": 0.0 } ], "wall_color": "cream", "wall_color_source": "assessor", "type": "school", "landmark": null, "footprint_source": "osm", "source_updated": null, "is_part": false, "parent": null, "hidden": false, "addr": "119 West Leigh Street", "wikidata": null, "website": null, "zoning": "R-6", "lidar_p90": 14.7, "ground_z": 50.21 }, "geometry": { "type": "Polygon", "coordinates": [ [ [ 284343.21, 4158643.55 ], [ 284379.29, 4158615.07 ], [ 284346.75, 4158574.18 ], [ 284310.67, 4158602.67 ], [ 284343.21, 4158643.55 ] ] ] } },
{ "type": "Feature", "properties": { "id": "osm:way/321404472", "name": null, "height": 8.02, "min_height": 0.0, "levels": null, "height_source": "lidar", "roof_shape": "flat", "roof_height": 1.68, "roof_azimuth": null, "roof_source": "lod2", "roof_color": "roof_flat", "roof_color_source": "ortho", "lod2_roof": { "v": [ [ 284385.81, 4158644.15, 1.68 ], [ 284387.55, 4158644.65, 1.58 ], [ 284390.61, 4158648.0, 1.18 ], [ 284391.64, 4158649.57, 1.0 ], [ 284391.56, 4158649.94, 0.97 ], [ 284394.73, 4158654.9, 0.42 ], [ 284392.62, 4158656.6, 0.33 ], [ 284389.75, 4158653.06, 0.74 ], [ 284389.07, 4158653.61, 0.72 ], [ 284383.74, 4158647.06, 1.48 ], [ 284387.55, 4158644.65, 0.81 ], [ 284385.93, 4158642.87, 0.94 ], [ 284386.45, 4158641.71, 0.96 ], [ 284386.18, 4158641.3, 0.99 ], [ 284386.46, 4158641.08, 0.98 ], [ 284396.52, 4158653.46, 0.13 ], [ 284394.73, 4158654.9, 0.14 ], [ 284391.56, 4158649.94, 0.45 ], [ 284391.64, 4158649.57, 0.46 ], [ 284390.61, 4158648.0, 0.56 ], [ 284383.74, 4158647.06, 0.0 ], [ 284385.81, 4158644.15, 0.0 ], [ 284387.55, 4158644.65, 0.0 ], [ 284385.93, 4158642.87, 0.0 ] ], "f": [ [ [ 0, 1, 2, 3, 4, 5, 6, 7, 8, 9 ] ], [ [ 10, 11, 12, 13, 14, 15, 16, 17, 18, 19 ] ], [ [ 4, 17, 16, 5 ] ], [ [ 1, 10, 19, 2 ] ], [ [ 2, 19, 18, 3 ] ], [ [ 3, 18, 17, 4 ] ], [ [ 9, 20, 21, 0 ] ], [ [ 0, 21, 22, 10, 1 ] ], [ [ 10, 22, 23, 11 ] ] ] }, "roof_props": null, "wall_color": "brick", "wall_color_source": "assessor", "type": "yes", "landmark": null, "footprint_source": "osm", "source_updated": null, "is_part": false, "parent": null, "hidden": false, "addr": "106 West Leigh Street", "wikidata": null, "website": null, "zoning": "R-6", "lidar_p90": 8.62, "ground_z": 50.44 }, "geometry": { "type": "Polygon", "coordinates": [ [ [ 284389.07, 4158653.61 ], [ 284389.75, 4158653.06 ], [ 284392.62, 4158656.6 ], [ 284396.52, 4158653.46 ], [ 284386.46, 4158641.08 ], [ 284381.88, 4158644.76 ], [ 284389.07, 4158653.61 ] ] ] } },
{ "type": "Feature", "properties": { "id": "osm:way/321404436", "name": null, "height": 6.74, "min_height": 0.0, "levels": null, "height_source": "lidar", "roof_shape": "flat", "roof_height": 1.95, "roof_azimuth": null, "roof_source": "lod2", "roof_color": "roof_flat", "roof_color_source": "ortho", "lod2_roof": { "v": [ [ 284378.73, 4158649.49, 1.79 ], [ 284389.8, 4158661.77, 0.67 ], [ 284388.31, 4158662.69, 0.76 ], [ 284385.74, 4158664.29, 0.91 ], [ 284375.89, 4158652.04, 1.95 ], [ 284375.89, 4158652.04, 0.0 ], [ 284378.73, 4158649.49, 0.0 ], [ 284388.31, 4158662.69, 0.0 ], [ 284385.74, 4158664.29, 0.0 ] ], "f": [ [ [ 0, 1, 2, 3, 4 ] ], [ [ 4, 5, 6, 0 ] ], [ [ 2, 7, 8, 3 ] ] ] }, "roof_props": null, "wall_color": "brick", "wall_color_source": "assessor", "type": "yes", "landmark": null, "footprint_source": "osm", "source_updated": null, "is_part": false, "parent": null, "hidden": false, "addr": "110 West Leigh Street", "wikidata": null, "website": null, "zoning": "R-6", "lidar_p90": 7.61, "ground_z": 50.65 }, "geometry": { "type": "Polygon", "coordinates": [ [ [ 284387.63, 4158666.63 ], [ 284392.36, 4158662.87 ], [ 284378.86, 4158646.09 ], [ 284374.14, 4158649.87 ], [ 284387.63, 4158666.63 ] ] ] } },
{ "type": "Feature", "properties": { "id": "osm:way/924967518", "name": null, "height": 10.91, "min_height": 0.0, "levels": null, "height_source": "lidar", "roof_shape": "flat", "roof_height": 0.0, "roof_azimuth": null, "roof_source": "lidar", "roof_color": "roof_flat", "roof_color_source": "ortho", "lod2_roof": null, "roof_props": null, "wall_color": "brick_dark", "wall_color_source": "assessor", "type": "detached", "landmark": null, "footprint_source": "osm", "source_updated": null, "is_part": false, "parent": null, "hidden": false, "addr": null, "wikidata": null, "website": null, "zoning": "R-63", "lidar_p90": 11.21, "ground_z": 50.14 }, "geometry": { "type": "Polygon", "coordinates": [ [ [ 284470.34, 4158599.72 ], [ 284475.06, 4158596.07 ], [ 284466.18, 4158584.66 ], [ 284461.46, 4158588.31 ], [ 284470.34, 4158599.72 ] ] ] } },
{ "type": "Feature", "properties": { "id": "osm:way/321404438", "name": null, "height": 10.45, "min_height": 0.0, "levels": null, "height_source": "lidar", "roof_shape": "flat", "roof_height": 0.0, "roof_azimuth": null, "roof_source": "lidar", "roof_color": "slate", "roof_color_source": "ortho", "lod2_roof": null, "roof_props": null, "wall_color": "brick", "wall_color_source": "assessor", "type": "yes", "landmark": null, "footprint_source": "osm", "source_updated": null, "is_part": false, "parent": null, "hidden": false, "addr": null, "wikidata": null, "website": null, "zoning": "R-63", "lidar_p90": 10.68, "ground_z": 50.13 }, "geometry": { "type": "Polygon", "coordinates": [ [ [ 284466.79, 4158607.49 ], [ 284471.64, 4158603.82 ], [ 284465.3, 4158595.47 ], [ 284460.43, 4158599.13 ], [ 284466.79, 4158607.49 ] ] ] } },
{ "type": "Feature", "properties": { "id": "osm:way/321404441", "name": null, "height": 10.32, "min_height": 0.0, "levels": null, "height_source": "lidar", "roof_shape": "flat", "roof_height": 0.0, "roof_azimuth": null, "roof_source": "lidar", "roof_color": "concrete", "roof_color_source": "ortho", "lod2_roof": null, "roof_props": null, "wall_color": "brick", "wall_color_source": "assessor", "type": "yes", "landmark": null, "footprint_source": "osm", "source_updated": null, "is_part": false, "parent": null, "hidden": false, "addr": null, "wikidata": null, "website": null, "zoning": "R-63", "lidar_p90": 10.67, "ground_z": 50.2 }, "geometry": { "type": "Polygon", "coordinates": [ [ [ 284464.14, 4158614.0 ], [ 284469.0, 4158610.34 ], [ 284462.65, 4158601.99 ], [ 284457.79, 4158605.64 ], [ 284464.14, 4158614.0 ] ] ] } },
{ "type": "Feature", "properties": { "id": "osm:way/1131769804", "name": null, "height": 3.42, "min_height": 0.0, "levels": null, "height_source": "lidar", "roof_shape": "flat", "roof_height": 0.2, "roof_azimuth": null, "roof_source": "lod2", "roof_color": "roof_flat", "roof_color_source": "ortho", "lod2_roof": { "v": [ [ 284482.61, 4158615.2, 0.0 ], [ 284477.14, 4158608.03, 0.19 ], [ 284481.83, 4158604.49, 0.2 ], [ 284487.34, 4158611.34, 0.01 ] ], "f": [ [ [ 0, 1, 2, 3 ] ] ] }, "roof_props": null, "wall_color": "cream", "wall_color_source": "assessor", "type": "yes", "landmark": null, "footprint_source": "osm", "source_updated": null, "is_part": false, "parent": null, "hidden": false, "addr": null, "wikidata": null, "website": null, "zoning": "R-63", "lidar_p90": 3.56, "ground_z": 50.42 }, "geometry": { "type": "Polygon", "coordinates": [ [ [ 284482.73, 4158615.36 ], [ 284488.68, 4158610.86 ], [ 284483.1, 4158603.53 ], [ 284477.14, 4158608.03 ], [ 284482.73, 4158615.36 ] ] ] } },
{ "type": "Feature", "properties": { "id": "osm:way/321404429", "name": null, "height": 10.28, "min_height": 0.0, "levels": null, "height_source": "lidar", "roof_shape": "flat", "roof_height": 0.51, "roof_azimuth": null, "roof_source": "lod2", "roof_color": "concrete", "roof_color_source": "ortho", "lod2_roof": { "v": [ [ 284460.27, 4158618.91, 0.0 ], [ 284455.99, 4158613.27, 0.51 ], [ 284459.56, 4158607.92, 0.41 ], [ 284463.02, 4158612.47, 0.0 ], [ 284455.99, 4158613.27, 0.0 ], [ 284459.56, 4158607.92, 0.0 ] ], "f": [ [ [ 0, 1, 2, 3 ] ], [ [ 1, 4, 5, 2 ] ] ] }, "roof_props": null, "wall_color": "brick", "wall_color_source": "assessor", "type": "yes", "landmark": null, "footprint_source": "osm", "source_updated": null, "is_part": false, "parent": null, "hidden": false, "addr": "603 Chamberlayne Parkway", "wikidata": null, "website": null, "zoning": "R-63", "lidar_p90": 10.69, "ground_z": 50.18 }, "geometry": { "type": "Polygon", "coordinates": [ [ [ 284461.03, 4158619.91 ], [ 284465.89, 4158616.25 ], [ 284459.54, 4158607.9 ], [ 284454.68, 4158611.55 ], [ 284461.03, 4158619.91 ] ] ] } },
{ "type": "Feature", "properties": { "id": "osm:way/321404444", "name": null, "height": 10.19, "min_height": 0.0, "levels": null, "height_source": "lidar", "roof_shape": "flat", "roof_height": 0.7, "roof_azimuth": null, "roof_source": "lod2", "roof_color": "slate", "roof_color_source": "ortho", "lod2_roof": { "v": [ [ 284452.13, 4158618.43, 0.7 ], [ 284456.98, 4158614.77, 0.5 ], [ 284461.06, 4158620.12, 0.0 ], [ 284457.83, 4158625.92, 0.0 ] ], "f": [ [ [ 0, 1, 2, 3 ] ] ] }, "roof_props": null, "wall_color": "brick", "wall_color_source": "assessor", "type": "yes", "landmark": null, "footprint_source": "osm", "source_updated": null, "is_part": false, "parent": null, "hidden": false, "addr": "605 Chamberlayne Parkway", "wikidata": null, "website": null, "zoning": "R-63", "lidar_p90": 10.57, "ground_z": 50.25 }, "geometry": { "type": "Polygon", "coordinates": [ [ [ 284458.48, 4158626.78 ], [ 284463.34, 4158623.12 ], [ 284456.98, 4158614.77 ], [ 284452.13, 4158618.43 ], [ 284458.48, 4158626.78 ] ] ] } },
{ "type": "Feature", "properties": { "id": "osm:way/321404442", "name": null, "height": 3.19, "min_height": 0.0, "levels": null, "height_source": "lidar", "roof_shape": "flat", "roof_height": 0.47, "roof_azimuth": null, "roof_source": "lod2", "roof_color": "slate", "roof_color_source": "ortho", "lod2_roof": { "v": [ [ 284464.04, 4158633.88, 0.0 ], [ 284460.8, 4158629.71, 0.44 ], [ 284478.97, 4158615.47, 0.47 ], [ 284482.27, 4158619.78, 0.02 ] ], "f": [ [ [ 0, 1, 2, 3 ] ] ] }, "roof_props": null, "wall_color": "slate", "wall_color_source": "assessor", "type": "parking", "landmark": null, "footprint_source": "osm", "source_updated": null, "is_part": false, "parent": null, "hidden": false, "addr": null, "wikidata": null, "website": null, "zoning": "R-63", "lidar_p90": 3.57, "ground_z": 50.52 }, "geometry": { "type": "Polygon", "coordinates": [ [ [ 284464.04, 4158633.88 ], [ 284483.78, 4158618.62 ], [ 284479.91, 4158613.64 ], [ 284460.16, 4158628.9 ], [ 284464.04, 4158633.88 ] ] ] } },
{ "type": "Feature", "properties": { "id": "osm:way/321404437", "name": null, "height": 7.39, "min_height": 0.0, "levels": null, "height_source": "lidar", "roof_shape": "flat", "roof_height": 0.0, "roof_azimuth": null, "roof_source": "lidar", "roof_color": "roof_flat", "roof_color_source": "ortho", "lod2_roof": null, "roof_props": null, "wall_color": "brick", "wall_color_source": "assessor", "type": "yes", "landmark": null, "footprint_source": "osm", "source_updated": null, "is_part": false, "parent": null, "hidden": false, "addr": "100 W Leigh St", "wikidata": null, "website": null, "zoning": "R-6", "lidar_p90": 8.07, "ground_z": 49.73 }, "geometry": { "type": "Polygon", "coordinates": [ [ [ 284406.86, 4158645.43 ], [ 284411.58, 4158641.78 ], [ 284401.24, 4158628.53 ], [ 284396.53, 4158632.18 ], [ 284406.86, 4158645.43 ] ] ] } },
{ "type": "Feature", "properties": { "id": "osm:way/321404484", "name": null, "height": 7.21, "min_height": 0.0, "levels": null, "height_source": "lidar", "roof_shape": "flat", "roof_height": 1.12, "roof_azimuth": null, "roof_source": "lod2", "roof_color": "roof_flat", "roof_color_source": "ortho", "lod2_roof": { "v": [ [ 284392.89, 4158635.37, 1.1 ], [ 284397.17, 4158633.35, 1.06 ], [ 284396.95, 4158633.07, 1.08 ], [ 284397.18, 4158633.02, 1.08 ], [ 284405.89, 4158644.19, 0.0 ], [ 284399.66, 4158648.14, 0.0 ], [ 284391.0, 4158637.3, 1.06 ], [ 284391.12, 4158636.21, 1.12 ], [ 284392.46, 4158635.58, 1.11 ], [ 284392.49, 4158635.39, 1.12 ], [ 284397.17, 4158633.35, 0.0 ], [ 284396.95, 4158633.07, 0.0 ], [ 284397.18, 4158633.02, 0.0 ], [ 284392.46, 4158635.58, 0.0 ], [ 284392.49, 4158635.39, 0.0 ], [ 284391.12, 4158636.21, 0.0 ], [ 284392.89, 4158635.37, 0.0 ] ], "f": [ [ [ 0, 1, 2, 3, 4, 5, 6, 7, 8, 9 ] ], [ [ 1, 10, 11, 2 ] ], [ [ 2, 11, 12, 3 ] ], [ [ 8, 13, 14, 9 ] ], [ [ 7, 15, 13, 8 ] ], [ [ 9, 14, 16, 0 ] ], [ [ 0, 16, 10, 1 ] ] ] }, "roof_props": null, "wall_color": "brick_dark", "wall_color_source": "assessor", "type": "yes", "landmark": null, "footprint_source": "osm", "source_updated": null, "is_part": false, "parent": null, "hidden": false, "addr": "102 West Leigh Street", "wikidata": null, "website": null, "zoning": "R-6", "lidar_p90": 8.09, "ground_z": 50.0 }, "geometry": { "type": "Polygon", "coordinates": [ [ [ 284401.05, 4158649.88 ], [ 284406.86, 4158645.43 ], [ 284396.53, 4158632.18 ], [ 284394.85, 4158633.71 ], [ 284392.94, 4158633.68 ], [ 284391.23, 4158635.23 ], [ 284391.0, 4158637.31 ], [ 284401.05, 4158649.88 ] ] ] } },
{ "type": "Feature", "properties": { "id": "osm:way/321404475", "name": null, "height": 7.74, "min_height": 0.0, "levels": null, "height_source": "lidar", "roof_shape": "flat", "roof_height": 1.31, "roof_azimuth": null, "roof_source": "lod2", "roof_color": "roof_flat", "roof_color_source": "ortho", "lod2_roof": { "v": [ [ 284395.25, 4158644.92, 0.0 ], [ 284391.1, 4158639.86, 0.49 ], [ 284389.69, 4158638.14, 0.65 ], [ 284389.88, 4158638.16, 0.64 ], [ 284391.0, 4158637.3, 0.57 ], [ 284395.81, 4158643.32, 0.0 ], [ 284391.1, 4158639.86, 1.19 ], [ 284398.38, 4158648.74, 0.58 ], [ 284398.24, 4158649.41, 0.56 ], [ 284399.86, 4158650.54, 0.46 ], [ 284400.0, 4158650.71, 0.45 ], [ 284396.52, 4158653.46, 0.42 ], [ 284386.46, 4158641.08, 1.27 ], [ 284386.51, 4158640.12, 1.31 ], [ 284391.1, 4158639.86, 0.0 ], [ 284389.69, 4158638.14, 0.0 ], [ 284398.38, 4158648.74, 0.0 ], [ 284398.24, 4158649.41, 0.0 ], [ 284399.86, 4158650.54, 0.0 ], [ 284400.0, 4158650.71, 0.0 ], [ 284386.51, 4158640.12, 0.0 ] ], "f": [ [ [ 0, 1, 2, 3, 4, 5 ] ], [ [ 6, 7, 8, 9, 10, 11, 12, 13 ] ], [ [ 1, 14, 15, 2 ] ], [ [ 7, 16, 17, 8 ] ], [ [ 8, 17, 18, 9 ] ], [ [ 9, 18, 19, 10 ] ], [ [ 13, 20, 14, 1, 6 ] ], [ [ 6, 1, 0, 16, 7 ] ] ] }, "roof_props": null, "wall_color": "brick", "wall_color_source": "assessor", "type": "yes", "landmark": null, "footprint_source": "osm", "source_updated": null, "is_part": false, "parent": null, "hidden": false, "addr": "104 West Leigh Street", "wikidata": null, "website": null, "zoning": "R-6", "lidar_p90": 8.44, "ground_z": 50.27 }, "geometry": { "type": "Polygon", "coordinates": [ [ [ 284396.52, 4158653.46 ], [ 284401.05, 4158649.88 ], [ 284391.0, 4158637.31 ], [ 284389.88, 4158638.16 ], [ 284387.76, 4158638.02 ], [ 284386.56, 4158639.12 ], [ 284386.46, 4158641.08 ], [ 284396.52, 4158653.46 ] ] ] } },
{ "type": "Feature", "properties": { "id": "osm:way/334121424", "name": null, "height": 7.24, "min_height": 0.0, "levels": null, "height_source": "lidar", "roof_shape": "flat", "roof_height": 0.0, "roof_azimuth": null, "roof_source": "heuristic", "roof_color": "concrete", "roof_color_source": "ortho", "lod2_roof": null, "roof_props": null, "wall_color": "brick", "wall_color_source": "assessor", "type": "yes", "landmark": null, "footprint_source": "osm", "source_updated": null, "is_part": false, "parent": null, "hidden": false, "addr": "613 Price Street", "wikidata": null, "website": null, "zoning": "R-63", "lidar_p90": 8.02, "ground_z": 50.37 }, "geometry": { "type": "Polygon", "coordinates": [ [ [ 284452.93, 4158664.17 ], [ 284454.19, 4158663.15 ], [ 284459.19, 4158669.35 ], [ 284463.63, 4158665.79 ], [ 284458.53, 4158659.48 ], [ 284459.63, 4158658.6 ], [ 284453.0, 4158650.39 ], [ 284446.19, 4158655.84 ], [ 284452.93, 4158664.17 ] ] ] } },
{ "type": "Feature", "properties": { "id": "osm:way/334119651", "name": null, "height": 7.0, "min_height": 0.0, "levels": null, "height_source": "lidar", "roof_shape": "flat", "roof_height": 0.89, "roof_azimuth": null, "roof_source": "lod2", "roof_color": "roof_flat", "roof_color_source": "ortho", "lod2_roof": { "v": [ [ 284484.77, 4158666.13, 0.0 ], [ 284493.65, 4158676.44, 0.8 ], [ 284489.83, 4158678.93, 0.89 ], [ 284480.54, 4158667.23, 0.0 ], [ 284493.65, 4158676.44, 0.0 ], [ 284489.83, 4158678.93, 0.0 ] ], "f": [ [ [ 0, 1, 2, 3 ] ], [ [ 1, 4, 5, 2 ] ] ] }, "roof_props": null, "wall_color": "terracotta", "wall_color_source": "assessor", "type": "yes", "landmark": null, "footprint_source": "osm", "source_updated": null, "is_part": false, "parent": null, "hidden": false, "addr": "29 West Jackson Street", "wikidata": null, "website": null, "zoning": "R-63", "lidar_p90": 7.63, "ground_z": 50.38 }, "geometry": { "type": "Polygon", "coordinates": [ [ [ 284490.32, 4158679.54 ], [ 284495.22, 4158675.68 ], [ 284483.4, 4158660.79 ], [ 284478.5, 4158664.65 ], [ 284490.32, 4158679.54 ] ] ] } },
{ "type": "Feature", "properties": { "id": "osm:way/321404440", "name": null, "height": 7.55, "min_height": 0.0, "levels": null, "height_source": "lidar", "roof_shape": "flat", "roof_height": 0.89, "roof_azimuth": null, "roof_source": "lod2", "roof_color": "roof_dark", "roof_color_source": "heuristic", "lod2_roof": { "v": [ [ 284409.44, 4158670.91, 0.89 ], [ 284398.6, 4158679.69, 0.11 ], [ 284395.5, 4158675.9, 0.12 ], [ 284406.44, 4158667.22, 0.89 ], [ 284406.44, 4158667.22, 0.0 ], [ 284409.44, 4158670.91, 0.0 ] ], "f": [ [ [ 0, 1, 2, 3 ] ], [ [ 3, 4, 5, 0 ] ] ] }, "roof_props": null, "wall_color": "brick", "wall_color_source": "assessor", "type": "yes", "landmark": null, "footprint_source": "osm", "source_updated": null, "is_part": false, "parent": null, "hidden": false, "addr": "606 Chamberlayne Parkway", "wikidata": null, "website": null, "zoning": "R-63", "lidar_p90": 8.2, "ground_z": 50.77 }, "geometry": { "type": "Polygon", "coordinates": [ [ [ 284410.18, 4158670.31 ], [ 284406.52, 4158665.83 ], [ 284394.94, 4158675.21 ], [ 284398.6, 4158679.69 ], [ 284410.18, 4158670.31 ] ] ] } },
{ "type": "Feature", "properties": { "id": "osm:way/334119683", "name": null, "height": 7.67, "min_height": 0.0, "levels": null, "height_source": "lidar", "roof_shape": "flat", "roof_height": 0.73, "roof_azimuth": null, "roof_source": "lod2", "roof_color": "slate", "roof_color_source": "ortho", "lod2_roof": { "v": [ [ 284481.18, 4158674.85, 0.0 ], [ 284486.3, 4158681.41, 0.73 ], [ 284471.57, 4158692.93, 0.71 ], [ 284466.57, 4158686.64, 0.0 ], [ 284486.3, 4158681.41, 0.0 ], [ 284471.57, 4158692.93, 0.0 ] ], "f": [ [ [ 0, 1, 2, 3 ] ], [ [ 1, 4, 5, 2 ] ] ] }, "roof_props": null, "wall_color": "cream", "wall_color_source": "assessor", "type": "yes", "landmark": null, "footprint_source": "osm", "source_updated": null, "is_part": false, "parent": null, "hidden": false, "addr": "35 West Jackson Street", "wikidata": null, "website": null, "zoning": "R-63", "lidar_p90": 8.08, "ground_z": 50.64 }, "geometry": { "type": "Polygon", "coordinates": [ [ [ 284472.38, 4158693.95 ], [ 284488.93, 4158680.88 ], [ 284480.41, 4158670.18 ], [ 284463.86, 4158683.24 ], [ 284472.38, 4158693.95 ] ] ] } },
{ "type": "Feature", "properties": { "id": "osm:way/334119656", "name": null, "height": 7.84, "min_height": 0.0, "levels": null, "height_source": "lidar", "roof_shape": "flat", "roof_height": 0.66, "roof_azimuth": null, "roof_source": "lod2", "roof_color": "roof_flat", "roof_color_source": "ortho", "lod2_roof": { "v": [ [ 284456.39, 4158705.73, 0.66 ], [ 284453.82, 4158705.36, 0.61 ], [ 284443.32, 4158691.46, 0.0 ], [ 284449.02, 4158689.02, 0.0 ], [ 284458.39, 4158701.43, 0.55 ], [ 284457.21, 4158704.86, 0.65 ], [ 284456.02, 4158708.27, 0.22 ], [ 284453.82, 4158705.36, 0.33 ], [ 284456.39, 4158705.73, 0.26 ], [ 284457.21, 4158704.86, 0.26 ], [ 284458.39, 4158701.43, 0.3 ], [ 284460.84, 4158704.66, 0.18 ] ], "f": [ [ [ 0, 1, 2, 3, 4, 5 ] ], [ [ 6, 7, 8, 9, 10, 11 ] ], [ [ 4, 10, 9, 5 ] ], [ [ 5, 9, 8, 0 ] ], [ [ 0, 8, 7, 1 ] ] ] }, "roof_props": null, "wall_color": "brick", "wall_color_source": "assessor", "type": "yes", "landmark": null, "footprint_source": "osm", "source_updated": null, "is_part": false, "parent": null, "hidden": false, "addr": "101 W Jackson St", "wikidata": null, "website": null, "zoning": "R-63", "lidar_p90": 8.2, "ground_z": 50.83 }, "geometry": { "type": "Polygon", "coordinates": [ [ [ 284460.84, 4158704.66 ], [ 284443.66, 4158681.93 ], [ 284438.85, 4158685.54 ], [ 284456.02, 4158708.27 ], [ 284460.84, 4158704.66 ] ] ] } },
{ "type": "Feature", "properties": { "id": "osm:way/334119657", "name": null, "height": 8.35, "min_height": 0.0, "levels": null, "height_source": "lidar", "roof_shape": "flat", "roof_height": 0.42, "roof_azimuth": null, "roof_source": "lod2", "roof_color": "roof_flat", "roof_color_source": "ortho", "lod2_roof": { "v": [ [ 284448.13, 4158697.84, 0.17 ], [ 284453.33, 4158704.71, 0.0 ], [ 284453.48, 4158705.88, 0.0 ], [ 284448.39, 4158709.78, 0.22 ], [ 284442.49, 4158702.17, 0.42 ] ], "f": [ [ [ 0, 1, 2, 3, 4 ] ] ] }, "roof_props": null, "wall_color": "sand", "wall_color_source": "assessor", "type": "yes", "landmark": null, "footprint_source": "osm", "source_updated": null, "is_part": false, "parent": null, "hidden": false, "addr": "1 -1/2 West Jackson Street", "wikidata": null, "website": null, "zoning": "R-63", "lidar_p90": 8.49, "ground_z": 50.89 }, "geometry": { "type": "Polygon", "coordinates": [ [ [ 284453.94, 4158705.52 ], [ 284448.13, 4158697.84 ], [ 284442.49, 4158702.17 ], [ 284448.39, 4158709.78 ], [ 284453.94, 4158705.52 ] ] ] } },
{ "type": "Feature", "properties": { "id": "richmond_structure:436480", "name": null, "height": 9.62, "min_height": 0.0, "levels": null, "height_source": "lidar", "roof_shape": "flat", "roof_height": 0.63, "roof_azimuth": null, "roof_source": "lod2", "roof_color": "roof_flat", "roof_color_source": "ortho", "lod2_roof": { "v": [ [ 284401.19, 4158698.86, 0.63 ], [ 284399.99, 4158704.32, 0.62 ], [ 284399.99, 4158704.96, 0.63 ], [ 284399.83, 4158705.05, 0.62 ], [ 284398.7, 4158710.25, 0.61 ], [ 284398.7, 4158711.01, 0.62 ], [ 284391.85, 4158709.72, 0.47 ], [ 284394.33, 4158696.42, 0.48 ], [ 284399.98, 4158697.48, 0.6 ], [ 284399.99, 4158698.65, 0.6 ], [ 284398.7, 4158710.25, 0.0 ], [ 284398.7, 4158711.01, 0.0 ], [ 284399.99, 4158704.96, 0.0 ], [ 284399.83, 4158705.05, 0.0 ], [ 284399.99, 4158698.65, 0.0 ], [ 284401.19, 4158698.86, 0.0 ], [ 284399.98, 4158697.48, 0.0 ], [ 284399.99, 4158704.32, 0.0 ] ], "f": [ [ [ 0, 1, 2, 3, 4, 5, 6, 7, 8, 9 ] ], [ [ 4, 10, 11, 5 ] ], [ [ 2, 12, 13, 3 ] ], [ [ 3, 13, 10, 4 ] ], [ [ 9, 14, 15, 0 ] ], [ [ 8, 16, 14, 9 ] ], [ [ 1, 17, 12, 2 ] ], [ [ 0, 15, 17, 1 ] ] ] }, "roof_props": null, "wall_color": "concrete", "wall_color_source": "heuristic", "type": "yes", "landmark": null, "footprint_source": "richmond_structures", "source_updated": "2026-09-08T12:07:13.637000Z", "is_part": false, "parent": null, "hidden": false, "addr": "616 Chamberlayne Pkwy", "wikidata": null, "website": null, "zoning": "R-63", "lidar_p90": 9.85, "ground_z": 50.87 }, "geometry": { "type": "Polygon", "coordinates": [ [ [ 284402.52, 4158711.72 ], [ 284405.0, 4158698.42 ], [ 284394.33, 4158696.42 ], [ 284391.85, 4158709.72 ], [ 284402.52, 4158711.72 ] ] ] } },
{ "type": "Feature", "properties": { "id": "osm:way/334119641", "name": null, "height": 7.08, "min_height": 0.0, "levels": null, "height_source": "lidar", "roof_shape": "gable", "roof_height": 1.75, "roof_azimuth": 127.5, "roof_source": "lod2", "roof_color": "roof_flat", "roof_color_source": "ortho", "lod2_roof": { "v": [ [ 284441.66, 4158703.95, 1.52 ], [ 284439.51, 4158701.42, 0.93 ], [ 284441.1, 4158700.2, 0.9 ], [ 284443.68, 4158703.59, 1.66 ], [ 284442.19, 4158703.85, 1.56 ], [ 284441.66, 4158703.95, 0.37 ], [ 284445.59, 4158708.56, 0.92 ], [ 284447.53, 4158708.64, 1.05 ], [ 284448.39, 4158709.78, 1.18 ], [ 284442.06, 4158714.53, 1.09 ], [ 284434.76, 4158705.06, 0.0 ], [ 284439.51, 4158701.42, 0.06 ], [ 284445.59, 4158708.56, 1.75 ], [ 284441.66, 4158703.95, 1.62 ], [ 284443.68, 4158703.59, 1.39 ], [ 284447.53, 4158708.64, 1.58 ] ], "f": [ [ [ 0, 1, 2, 3, 4 ] ], [ [ 5, 6, 7, 8, 9, 10, 11 ] ], [ [ 12, 13, 4, 14, 15 ] ], [ [ 15, 7, 6, 12 ] ], [ [ 13, 0, 4 ] ], [ [ 3, 14, 4 ] ], [ [ 0, 5, 11, 1 ] ], [ [ 12, 6, 5, 0, 13 ] ] ] }, "roof_props": null, "wall_color": "brick_dark", "wall_color_source": "assessor", "type": "yes", "landmark": null, "footprint_source": "osm", "source_updated": null, "is_part": false, "parent": null, "hidden": false, "addr": "103 West Jackson Street", "wikidata": null, "website": null, "zoning": "R-63", "lidar_p90": 9.51, "ground_z": 50.92 }, "geometry": { "type": "Polygon", "coordinates": [ [ [ 284448.39, 4158709.78 ], [ 284441.1, 4158700.2 ], [ 284434.76, 4158705.06 ], [ 284442.06, 4158714.53 ], [ 284448.39, 4158709.78 ] ] ] } },
{ "type": "Feature", "properties": { "id": "osm:way/334119761", "name": null, "height": 7.08, "min_height": 0.0, "levels": null, "height_source": "lidar", "roof_shape": "gable", "roof_height": 2.65, "roof_azimuth": 37.8, "roof_source": "lod2", "roof_color": "slate", "roof_color_source": "heuristic", "lod2_roof": { "v": [ [ 284440.05, 4158711.93, 2.65 ], [ 284431.11, 4158719.14, 2.6 ], [ 284428.97, 4158716.4, 0.19 ], [ 284434.71, 4158712.07, 0.38 ], [ 284434.36, 4158711.65, 0.0 ], [ 284437.7, 4158708.92, 0.0 ], [ 284441.39, 4158713.65, 1.4 ], [ 284438.58, 4158715.82, 1.42 ], [ 284439.49, 4158716.99, 0.57 ], [ 284436.7, 4158718.23, 1.01 ], [ 284436.31, 4158717.72, 1.38 ], [ 284432.38, 4158720.77, 1.41 ], [ 284439.49, 4158716.99, 0.0 ], [ 284436.7, 4158718.23, 0.0 ] ], "f": [ [ [ 0, 1, 2, 3, 4, 5 ] ], [ [ 1, 0, 6, 7, 8, 9, 10, 11 ] ], [ [ 8, 12, 13, 9 ] ] ] }, "roof_props": null, "wall_color": "brick_dark", "wall_color_source": "assessor", "type": "yes", "landmark": null, "footprint_source": "osm", "source_updated": null, "is_part": false, "parent": null, "hidden": false, "addr": "105 West Jackson Street", "wikidata": null, "website": null, "zoning": "R-63", "lidar_p90": 9.2, "ground_z": 50.83 }, "geometry": { "type": "Polygon", "coordinates": [ [ [ 284436.31, 4158717.72 ], [ 284437.49, 4158719.25 ], [ 284439.84, 4158717.43 ], [ 284438.58, 4158715.82 ], [ 284441.39, 4158713.65 ], [ 284437.18, 4158708.26 ], [ 284428.11, 4158715.31 ], [ 284432.38, 4158720.77 ], [ 284436.31, 4158717.72 ] ] ] } },
{ "type": "Feature", "properties": { "id": "richmond_structure:436482", "name": null, "height": 9.67, "min_height": 0.0, "levels": null, "height_source": "lidar", "roof_shape": "flat", "roof_height": 0.66, "roof_azimuth": null, "roof_source": "lod2", "roof_color": "roof_flat", "roof_color_source": "ortho", "lod2_roof": { "v": [ [ 284391.85, 4158709.72, 0.53 ], [ 284398.4, 4158710.95, 0.66 ], [ 284396.12, 4158724.24, 0.66 ], [ 284389.37, 4158722.97, 0.52 ], [ 284398.4, 4158710.95, 0.0 ], [ 284396.12, 4158724.24, 0.0 ] ], "f": [ [ [ 0, 1, 2, 3 ] ], [ [ 1, 4, 5, 2 ] ] ] }, "roof_props": null, "wall_color": "cream", "wall_color_source": "heuristic", "type": "yes", "landmark": null, "footprint_source": "richmond_structures", "source_updated": "2026-09-08T12:07:13.637000Z", "is_part": false, "parent": null, "hidden": false, "addr": "620 Chamberlayne Pkwy", "wikidata": null, "website": null, "zoning": "R-63", "lidar_p90": 9.88, "ground_z": 50.86 }, "geometry": { "type": "Polygon", "coordinates": [ [ [ 284391.85, 4158709.72 ], [ 284389.37, 4158722.98 ], [ 284400.05, 4158724.97 ], [ 284402.52, 4158711.72 ], [ 284391.85, 4158709.72 ] ] ] } },
{ "type": "Feature", "properties": { "id": "osm:way/321404425", "name": null, "height": 8.42, "min_height": 0.0, "levels": null, "height_source": "lidar", "roof_shape": "flat", "roof_height": 0.0, "roof_azimuth": null, "roof_source": "heuristic", "roof_color": "roof_flat", "roof_color_source": "ortho", "lod2_roof": null, "roof_props": null, "wall_color": "cream", "wall_color_source": "assessor", "type": "yes", "landmark": null, "footprint_source": "osm", "source_updated": null, "is_part": false, "parent": null, "hidden": false, "addr": "112 West Leigh Street", "wikidata": null, "website": null, "zoning": "R-6", "lidar_p90": 9.8, "ground_z": 50.28 }, "geometry": { "type": "Polygon", "coordinates": [ [ [ 284372.8, 4158668.04 ], [ 284373.93, 4158667.13 ], [ 284376.2, 4158669.95 ], [ 284373.3, 4158672.28 ], [ 284377.91, 4158677.98 ], [ 284385.35, 4158672.02 ], [ 284380.94, 4158666.56 ], [ 284381.12, 4158664.63 ], [ 284379.43, 4158662.54 ], [ 284377.89, 4158662.32 ], [ 284370.86, 4158653.62 ], [ 284364.97, 4158658.34 ], [ 284372.8, 4158668.04 ] ] ] } },
{ "type": "Feature", "properties": { "id": "osm:way/321404454", "name": null, "height": 6.58, "min_height": 0.0, "levels": null, "height_source": "lidar", "roof_shape": "flat", "roof_height": 2.07, "roof_azimuth": null, "roof_source": "lod2", "roof_color": "roof_flat", "roof_color_source": "ortho", "lod2_roof": { "v": [ [ 284360.22, 4158666.58, 2.07 ], [ 284359.16, 4158667.14, 1.97 ], [ 284354.79, 4158670.46, 1.91 ], [ 284353.22, 4158668.53, 0.86 ], [ 284358.39, 4158663.94, 0.73 ], [ 284362.21, 4158668.23, 0.82 ], [ 284356.3, 4158672.31, 0.88 ], [ 284360.22, 4158666.58, 1.9 ], [ 284360.78, 4158667.39, 1.47 ], [ 284364.6, 4158669.62, 0.61 ], [ 284363.3, 4158672.48, 0.5 ], [ 284362.34, 4158673.27, 0.5 ], [ 284362.73, 4158673.74, 0.45 ], [ 284361.24, 4158677.02, 0.33 ], [ 284360.58, 4158677.56, 0.33 ], [ 284353.22, 4158668.53, 0.0 ], [ 284358.39, 4158663.94, 0.0 ] ], "f": [ [ [ 0, 1, 2, 3, 4 ] ], [ [ 5, 6, 2, 1, 7, 8 ] ], [ [ 6, 5, 9, 10, 11, 12, 13, 14 ] ], [ [ 3, 15, 16, 4 ] ], [ [ 0, 7, 1 ] ] ] }, "roof_props": null, "wall_color": "brick", "wall_color_source": "assessor", "type": "yes", "landmark": null, "footprint_source": "osm", "source_updated": null, "is_part": false, "parent": null, "hidden": false, "addr": "114 W Leigh St", "wikidata": null, "website": null, "zoning": "R-6", "lidar_p90": 7.54, "ground_z": 50.46 }, "geometry": { "type": "Polygon", "coordinates": [ [ [ 284360.58, 4158677.56 ], [ 284363.74, 4158674.96 ], [ 284362.34, 4158673.27 ], [ 284365.7, 4158670.5 ], [ 284358.9, 4158662.29 ], [ 284352.47, 4158667.61 ], [ 284360.58, 4158677.56 ] ] ] } },
{ "type": "Feature", "properties": { "id": "osm:way/321404477", "name": null, "height": 7.72, "min_height": 0.0, "levels": null, "height_source": "lidar", "roof_shape": "flat", "roof_height": 0.0, "roof_azimuth": null, "roof_source": "lidar", "roof_color": "roof_flat", "roof_color_source": "ortho", "lod2_roof": null, "roof_props": null, "wall_color": "cream", "wall_color_source": "assessor", "type": "yes", "landmark": null, "footprint_source": "osm", "source_updated": null, "is_part": false, "parent": null, "hidden": false, "addr": "116 West Leigh Street", "wikidata": null, "website": null, "zoning": "R-6", "lidar_p90": 8.9, "ground_z": 50.61 }, "geometry": { "type": "Polygon", "coordinates": [ [ [ 284355.67, 4158679.96 ], [ 284360.18, 4158685.5 ], [ 284364.33, 4158682.14 ], [ 284352.47, 4158667.61 ], [ 284347.23, 4158671.84 ], [ 284354.58, 4158680.85 ], [ 284355.67, 4158679.96 ] ] ] } },
{ "type": "Feature", "properties": { "id": "osm:way/1471759178", "name": null, "height": 8.46, "min_height": 0.0, "levels": null, "height_source": "lidar", "roof_shape": "flat", "roof_height": 1.11, "roof_azimuth": null, "roof_source": "lod2", "roof_color": "roof_flat", "roof_color_source": "ortho", "lod2_roof": { "v": [ [ 284354.58, 4158680.85, 0.37 ], [ 284349.42, 4158685.02, 0.37 ], [ 284343.26, 4158677.49, 1.11 ], [ 284347.06, 4158674.74, 1.1 ], [ 284348.65, 4158673.59, 1.09 ], [ 284343.26, 4158677.49, 0.0 ], [ 284347.06, 4158674.74, 0.0 ] ], "f": [ [ [ 0, 1, 2, 3, 4 ] ], [ [ 2, 5, 6, 3 ] ] ] }, "roof_props": null, "wall_color": "brick_dark", "wall_color_source": "assessor", "type": "yes", "landmark": null, "footprint_source": "osm", "source_updated": null, "is_part": false, "parent": null, "hidden": false, "addr": "118 West Leigh Street", "wikidata": null, "website": null, "zoning": "R-6", "lidar_p90": 9.29, "ground_z": 50.2 }, "geometry": { "type": "Polygon", "coordinates": [ [ [ 284342.07, 4158676.03 ], [ 284349.42, 4158685.02 ], [ 284354.58, 4158680.85 ], [ 284347.23, 4158671.84 ], [ 284342.07, 4158676.03 ] ] ] } },
{ "type": "Feature", "properties": { "id": "osm:way/321404453", "name": null, "height": 7.0, "min_height": 0.0, "levels": null, "height_source": "osm_height", "roof_shape": "flat", "roof_height": 2.72, "roof_azimuth": null, "roof_source": "lod2", "roof_color": "roof_flat", "roof_color_source": "ortho", "lod2_roof": { "v": [ [ 284343.61, 4158677.91, 2.54 ], [ 284350.03, 4158685.75, 1.73 ], [ 284348.82, 4158686.76, 1.85 ], [ 284342.19, 4158678.88, 2.67 ], [ 284341.81, 4158678.42, 2.72 ], [ 284343.27, 4158677.78, 2.57 ], [ 284343.47, 4158678.0, 2.55 ], [ 284352.79, 4158691.47, 0.76 ], [ 284348.77, 4158694.73, 0.95 ], [ 284338.08, 4158681.68, 1.53 ], [ 284342.19, 4158678.88, 1.34 ], [ 284348.82, 4158686.76, 0.98 ], [ 284338.08, 4158681.68, 0.0 ], [ 284342.19, 4158678.88, 0.0 ], [ 284343.27, 4158677.78, 0.0 ], [ 284343.47, 4158678.0, 0.0 ], [ 284341.81, 4158678.42, 0.0 ], [ 284343.61, 4158677.91, 0.0 ] ], "f": [ [ [ 0, 1, 2, 3, 4, 5, 6 ] ], [ [ 7, 8, 9, 10, 11 ] ], [ [ 9, 12, 13, 10 ] ], [ [ 2, 11, 10, 3 ] ], [ [ 5, 14, 15, 6 ] ], [ [ 3, 10, 13, 16, 4 ] ], [ [ 4, 16, 14, 5 ] ], [ [ 6, 15, 17, 0 ] ] ] }, "roof_props": null, "wall_color": "sand", "wall_color_source": "assessor", "type": "yes", "landmark": null, "footprint_source": "osm", "source_updated": null, "is_part": false, "parent": null, "hidden": false, "addr": "120 West Leigh Street", "wikidata": null, "website": null, "zoning": "R-6", "lidar_p90": 7.96, "ground_z": 50.53 }, "geometry": { "type": "Polygon", "coordinates": [ [ [ 284348.77, 4158694.74 ], [ 284353.95, 4158690.53 ], [ 284342.07, 4158676.03 ], [ 284336.91, 4158680.25 ], [ 284348.77, 4158694.74 ] ] ] } },
{ "type": "Feature", "properties": { "id": "osm:way/321404428", "name": null, "height": 11.2, "min_height": 0.0, "levels": null, "height_source": "lidar", "roof_shape": "flat", "roof_height": 0.0, "roof_azimuth": null, "roof_source": "heuristic", "roof_color": "roof_flat", "roof_color_source": "ortho", "lod2_roof": null, "roof_props": null, "wall_color": "sand", "wall_color_source": "assessor", "type": "military", "landmark": null, "footprint_source": "osm", "source_updated": null, "is_part": false, "parent": null, "hidden": false, "addr": "122 West Leigh Street", "wikidata": "Q16836914", "website": null, "zoning": "R-6", "lidar_p90": 12.81, "ground_z": 49.98 }, "geometry": { "type": "Polygon", "coordinates": [ [ [ 284319.51, 4158692.76 ], [ 284319.69, 4158695.06 ], [ 284320.54, 4158695.66 ], [ 284321.72, 4158695.46 ], [ 284330.21, 4158705.99 ], [ 284329.28, 4158706.8 ], [ 284331.49, 4158709.66 ], [ 284334.41, 4158707.46 ], [ 284333.08, 4158705.75 ], [ 284334.56, 4158704.45 ], [ 284343.06, 4158714.33 ], [ 284353.8, 4158706.04 ], [ 284336.15, 4158683.54 ], [ 284336.22, 4158681.91 ], [ 284335.59, 4158681.14 ], [ 284334.58, 4158681.11 ], [ 284333.55, 4158682.87 ], [ 284321.57, 4158691.99 ], [ 284319.51, 4158692.76 ] ] ] } },
{ "type": "Feature", "properties": { "id": "richmond_structure:390574", "name": null, "height": 6.57, "min_height": 0.0, "levels": null, "height_source": "lidar", "roof_shape": "flat", "roof_height": 3.4, "roof_azimuth": null, "roof_source": "lod2", "roof_color": "roof_flat", "roof_color_source": "heuristic", "lod2_roof": { "v": [ [ 284336.14, 4158708.77, 0.0 ], [ 284339.48, 4158712.73, 0.09 ], [ 284337.05, 4158714.58, 0.1 ], [ 284333.96, 4158710.51, 0.02 ], [ 284339.48, 4158712.73, 3.37 ], [ 284336.14, 4158708.77, 3.4 ], [ 284337.92, 4158707.34, 3.05 ], [ 284341.15, 4158711.46, 3.05 ] ], "f": [ [ [ 0, 1, 2, 3 ] ], [ [ 4, 5, 6, 7 ] ], [ [ 4, 1, 0, 5 ] ] ] }, "roof_props": null, "wall_color": "brick", "wall_color_source": "assessor", "type": "yes", "landmark": null, "footprint_source": "richmond_structures", "source_updated": "2026-09-08T12:07:13.637000Z", "is_part": false, "parent": null, "hidden": false, "addr": null, "wikidata": null, "website": null, "zoning": "R-6", "lidar_p90": 9.74, "ground_z": 50.27 }, "geometry": { "type": "Polygon", "coordinates": [ [ [ 284337.92, 4158707.34 ], [ 284333.96, 4158710.51 ], [ 284337.05, 4158714.58 ], [ 284341.15, 4158711.46 ], [ 284337.92, 4158707.34 ] ] ] } },
{ "type": "Feature", "properties": { "id": "osm:way/321404434", "name": null, "height": 7.83, "min_height": 0.0, "levels": null, "height_source": "lidar", "roof_shape": "flat", "roof_height": 0.0, "roof_azimuth": null, "roof_source": "heuristic", "roof_color": "roof_flat", "roof_color_source": "ortho", "lod2_roof": null, "roof_props": null, "wall_color": "brick", "wall_color_source": "assessor", "type": "yes", "landmark": null, "footprint_source": "osm", "source_updated": null, "is_part": false, "parent": null, "hidden": false, "addr": "611 Saint Peter Street", "wikidata": null, "website": null, "zoning": "R-6", "lidar_p90": 8.56, "ground_z": 50.03 }, "geometry": { "type": "Polygon", "coordinates": [ [ [ 284354.37, 4158732.88 ], [ 284366.39, 4158723.04 ], [ 284362.66, 4158718.53 ], [ 284350.65, 4158728.37 ], [ 284354.37, 4158732.88 ] ] ] } },
{ "type": "Feature", "properties": { "id": "osm:way/321404450", "name": null, "height": 7.4, "min_height": 0.0, "levels": null, "height_source": "lidar", "roof_shape": "skillion", "roof_height": 1.48, "roof_azimuth": 170.5, "roof_source": "lod2", "roof_color": "roof_flat", "roof_color_source": "ortho", "lod2_roof": { "v": [ [ 284369.66, 4158727.9, 0.0 ], [ 284357.04, 4158738.17, 1.48 ], [ 284354.42, 4158734.76, 1.33 ], [ 284354.37, 4158732.88, 1.18 ], [ 284363.8, 4158725.16, 0.07 ] ], "f": [ [ [ 0, 1, 2, 3, 4 ] ] ] }, "roof_props": null, "wall_color": "brick_dark", "wall_color_source": "assessor", "type": "yes", "landmark": null, "footprint_source": "osm", "source_updated": null, "is_part": false, "parent": null, "hidden": false, "addr": "613 Saint Peter Street", "wikidata": null, "website": null, "zoning": "R-6", "lidar_p90": 9.13, "ground_z": 50.12 }, "geometry": { "type": "Polygon", "coordinates": [ [ [ 284354.42, 4158734.76 ], [ 284357.04, 4158738.17 ], [ 284369.99, 4158727.63 ], [ 284366.39, 4158723.04 ], [ 284354.37, 4158732.88 ], [ 284354.42, 4158734.76 ] ] ] } },
{ "type": "Feature", "properties": { "id": "osm:way/1471758841", "name": null, "height": 7.64, "min_height": 0.0, "levels": null, "height_source": "lidar", "roof_shape": "flat", "roof_height": 0.58, "roof_azimuth": null, "roof_source": "lod2", "roof_color": "roof_flat", "roof_color_source": "ortho", "lod2_roof": { "v": [ [ 284297.06, 4158735.38, 0.16 ], [ 284299.62, 4158738.05, 0.06 ], [ 284295.83, 4158740.96, 0.06 ], [ 284297.25, 4158742.79, 0.0 ], [ 284293.84, 4158745.44, 0.0 ], [ 284280.65, 4158728.43, 0.57 ], [ 284284.11, 4158725.76, 0.56 ], [ 284283.67, 4158725.19, 0.58 ], [ 284295.1, 4158716.4, 0.58 ], [ 284295.29, 4158716.64, 0.57 ], [ 284295.94, 4158716.04, 0.57 ], [ 284305.03, 4158727.76, 0.18 ], [ 284304.13, 4158728.46, 0.18 ], [ 284304.63, 4158729.11, 0.16 ], [ 284304.63, 4158729.11, 0.0 ], [ 284297.06, 4158735.38, 0.0 ], [ 284299.62, 4158738.05, 0.0 ] ], "f": [ [ [ 0, 1, 2, 3, 4, 5, 6, 7, 8, 9, 10, 11, 12, 13 ] ], [ [ 13, 14, 15, 0 ] ], [ [ 0, 15, 16, 1 ] ] ] }, "roof_props": null, "wall_color": "brick", "wall_color_source": "assessor", "type": "yes", "landmark": null, "footprint_source": "osm", "source_updated": null, "is_part": false, "parent": null, "hidden": false, "addr": "208 W Leigh St", "wikidata": null, "website": null, "zoning": "R-6", "lidar_p90": 7.92, "ground_z": 49.2 }, "geometry": { "type": "Polygon", "coordinates": [ [ [ 284296.62, 4158749.03 ], [ 284298.65, 4158747.46 ], [ 284297.98, 4158746.6 ], [ 284299.37, 4158745.53 ], [ 284295.83, 4158740.96 ], [ 284300.19, 4158737.61 ], [ 284299.65, 4158736.91 ], [ 284306.55, 4158731.6 ], [ 284304.13, 4158728.46 ], [ 284305.03, 4158727.76 ], [ 284295.8, 4158715.86 ], [ 284283.67, 4158725.19 ], [ 284284.11, 4158725.76 ], [ 284280.65, 4158728.43 ], [ 284296.62, 4158749.03 ] ] ] } },
{ "type": "Feature", "properties": { "id": "osm:way/321404447", "name": null, "height": 8.06, "min_height": 0.0, "levels": null, "height_source": "lidar", "roof_shape": "flat", "roof_height": 1.29, "roof_azimuth": null, "roof_source": "lod2", "roof_color": "roof_flat", "roof_color_source": "ortho", "lod2_roof": { "v": [ [ 284371.4, 4158734.57, 0.0 ], [ 284361.75, 4158741.86, 1.16 ], [ 284360.06, 4158741.74, 1.28 ], [ 284357.04, 4158738.17, 1.29 ], [ 284367.51, 4158729.65, 0.0 ] ], "f": [ [ [ 0, 1, 2, 3, 4 ] ] ] }, "roof_props": null, "wall_color": "sand", "wall_color_source": "assessor", "type": "yes", "landmark": null, "footprint_source": "osm", "source_updated": null, "is_part": false, "parent": null, "hidden": false, "addr": "1 -1/2;615 Saint Peter Street", "wikidata": null, "website": null, "zoning": "R-6", "lidar_p90": 8.9, "ground_z": 50.12 }, "geometry": { "type": "Polygon", "coordinates": [ [ [ 284360.06, 4158741.74 ], [ 284361.75, 4158741.86 ], [ 284373.89, 4158732.69 ], [ 284369.99, 4158727.63 ], [ 284357.04, 4158738.17 ], [ 284360.06, 4158741.74 ] ] ] } },
{ "type": "Feature", "properties": { "id": "osm:way/321404433", "name": null, "height": 7.02, "min_height": 0.0, "levels": null, "height_source": "lidar", "roof_shape": "skillion", "roof_height": 1.09, "roof_azimuth": 166.1, "roof_source": "lod2", "roof_color": "roof_flat", "roof_color_source": "ortho", "lod2_roof": { "v": [ [ 284372.61, 4158733.66, 0.14 ], [ 284376.0, 4158738.21, 0.0 ], [ 284365.19, 4158746.38, 0.94 ], [ 284361.75, 4158741.86, 1.09 ] ], "f": [ [ [ 0, 1, 2, 3 ] ] ] }, "roof_props": null, "wall_color": "brick", "wall_color_source": "assessor", "type": "yes", "landmark": null, "footprint_source": "osm", "source_updated": null, "is_part": false, "parent": null, "hidden": false, "addr": "617 Saint Peter Street", "wikidata": null, "website": null, "zoning": "R-6", "lidar_p90": 8.31, "ground_z": 50.33 }, "geometry": { "type": "Polygon", "coordinates": [ [ [ 284365.19, 4158746.38 ], [ 284377.33, 4158737.2 ], [ 284373.89, 4158732.69 ], [ 284361.75, 4158741.86 ], [ 284365.19, 4158746.38 ] ] ] } },
{ "type": "Feature", "properties": { "id": "osm:way/1471758840", "name": null, "height": 7.4, "min_height": 0.0, "levels": null, "height_source": "lidar", "roof_shape": "flat", "roof_height": 0.0, "roof_azimuth": null, "roof_source": "lidar", "roof_color": "roof_flat", "roof_color_source": "ortho", "lod2_roof": null, "roof_props": null, "wall_color": "cream", "wall_color_source": "assessor", "type": "yes", "landmark": null, "footprint_source": "osm", "source_updated": null, "is_part": false, "parent": null, "hidden": false, "addr": null, "wikidata": null, "website": null, "zoning": "R-6", "lidar_p90": 8.81, "ground_z": 49.14 }, "geometry": { "type": "Polygon", "coordinates": [ [ [ 284292.5, 4158755.51 ], [ 284290.67, 4158756.92 ], [ 284293.78, 4158760.89 ], [ 284301.33, 4158755.07 ], [ 284280.11, 4158727.76 ], [ 284274.38, 4158732.17 ], [ 284292.5, 4158755.51 ] ] ] } },
{ "type": "Feature", "properties": { "id": "osm:way/321404467", "name": null, "height": 7.18, "min_height": 0.0, "levels": null, "height_source": "lidar", "roof_shape": "flat", "roof_height": 0.0, "roof_azimuth": null, "roof_source": "lidar", "roof_color": "roof_flat", "roof_color_source": "ortho", "lod2_roof": null, "roof_props": null, "wall_color": "brick_dark", "wall_color_source": "assessor", "type": "yes", "landmark": null, "footprint_source": "osm", "source_updated": null, "is_part": false, "parent": null, "hidden": false, "addr": "619 Saint Peter Street", "wikidata": null, "website": null, "zoning": "R-6", "lidar_p90": 7.79, "ground_z": 50.23 }, "geometry": { "type": "Polygon", "coordinates": [ [ [ 284368.88, 4158754.79 ], [ 284377.09, 4158748.21 ], [ 284375.76, 4158746.58 ], [ 284379.83, 4158743.32 ], [ 284377.41, 4158740.32 ], [ 284365.14, 4158750.15 ], [ 284368.88, 4158754.79 ] ] ] } },
{ "type": "Feature", "properties": { "id": "osm:way/334119654", "name": null, "height": 7.4, "min_height": 0.0, "levels": null, "height_source": "lidar", "roof_shape": "flat", "roof_height": 0.49, "roof_azimuth": null, "roof_source": "lod2", "roof_color": "slate", "roof_color_source": "ortho", "lod2_roof": { "v": [ [ 284468.42, 4158719.57, 0.49 ], [ 284476.07, 4158728.99, 0.19 ], [ 284472.42, 4158731.98, 0.17 ], [ 284464.8, 4158722.71, 0.48 ], [ 284464.8, 4158722.71, 0.0 ], [ 284468.42, 4158719.57, 0.0 ] ], "f": [ [ [ 0, 1, 2, 3 ] ], [ [ 3, 4, 5, 0 ] ] ] }, "roof_props": null, "wall_color": "brick_dark", "wall_color_source": "assessor", "type": "yes", "landmark": null, "footprint_source": "osm", "source_updated": null, "is_part": false, "parent": null, "hidden": false, "addr": "100 West Jackson Street", "wikidata": null, "website": null, "zoning": "R-63", "lidar_p90": 7.55, "ground_z": 50.85 }, "geometry": { "type": "Polygon", "coordinates": [ [ [ 284472.42, 4158731.98 ], [ 284477.36, 4158727.94 ], [ 284467.84, 4158716.37 ], [ 284462.9, 4158720.4 ], [ 284472.42, 4158731.98 ] ] ] } },
{ "type": "Feature", "properties": { "id": "osm:way/334119731", "name": null, "height": 6.6, "min_height": 0.0, "levels": null, "height_source": "lidar", "roof_shape": "gable", "roof_height": 2.38, "roof_azimuth": 126.9, "roof_source": "lod2", "roof_color": "roof_flat", "roof_color_source": "ortho", "lod2_roof": { "v": [ [ 284460.03, 4158722.24, 0.0 ], [ 284462.81, 4158726.63, 2.38 ], [ 284459.58, 4158728.96, 2.37 ], [ 284456.47, 4158724.81, 0.0 ], [ 284463.01, 4158732.61, 1.26 ], [ 284463.13, 4158730.48, 1.45 ], [ 284465.07, 4158729.45, 1.61 ], [ 284468.53, 4158732.79, 1.45 ], [ 284469.43, 4158736.19, 1.19 ], [ 284467.58, 4158737.57, 1.0 ], [ 284464.02, 4158732.82, 1.28 ], [ 284463.57, 4158733.15, 1.23 ], [ 284463.3, 4158732.89, 1.25 ], [ 284463.57, 4158733.15, 1.17 ], [ 284463.03, 4158733.55, 1.16 ], [ 284463.38, 4158726.21, 2.38 ], [ 284463.31, 4158727.42, 2.18 ], [ 284463.46, 4158727.64, 2.13 ], [ 284463.96, 4158727.38, 2.11 ], [ 284464.39, 4158728.79, 1.82 ], [ 284465.07, 4158729.45, 1.62 ], [ 284463.13, 4158730.48, 1.68 ], [ 284463.01, 4158732.61, 1.33 ] ], "f": [ [ [ 0, 1, 2, 3 ] ], [ [ 4, 5, 6, 7, 8, 9, 10, 11, 12 ] ], [ [ 13, 14, 2, 1, 15, 16, 17, 18, 19, 20, 21, 22, 12 ] ], [ [ 22, 4, 12 ] ], [ [ 11, 13, 12 ] ], [ [ 20, 6, 5, 21 ] ], [ [ 21, 5, 4, 22 ] ] ] }, "roof_props": null, "wall_color": "brick", "wall_color_source": "assessor", "type": "yes", "landmark": null, "footprint_source": "osm", "source_updated": null, "is_part": false, "parent": null, "hidden": false, "addr": "102 West Jackson Street", "wikidata": null, "website": null, "zoning": "R-63", "lidar_p90": 8.74, "ground_z": 50.7 }, "geometry": { "type": "Polygon", "coordinates": [ [ [ 284467.58, 4158737.57 ], [ 284471.66, 4158734.53 ], [ 284460.59, 4158719.79 ], [ 284455.53, 4158723.57 ], [ 284463.03, 4158733.55 ], [ 284464.02, 4158732.82 ], [ 284467.58, 4158737.57 ] ] ] } },
{ "type": "Feature", "properties": { "id": "osm:way/334119642", "name": null, "height": 7.62, "min_height": 0.0, "levels": null, "height_source": "lidar", "roof_shape": "flat", "roof_height": 0.4, "roof_azimuth": null, "roof_source": "lod2", "roof_color": "roof_flat", "roof_color_source": "ortho", "lod2_roof": { "v": [ [ 284455.02, 4158730.43, 0.4 ], [ 284462.57, 4158739.73, 0.09 ], [ 284458.69, 4158742.84, 0.07 ], [ 284451.0, 4158733.31, 0.39 ], [ 284452.93, 4158732.23, 0.39 ], [ 284451.0, 4158733.31, 0.0 ], [ 284452.93, 4158732.23, 0.0 ], [ 284455.02, 4158730.43, 0.0 ] ], "f": [ [ [ 0, 1, 2, 3, 4 ] ], [ [ 3, 5, 6, 4 ] ], [ [ 4, 6, 7, 0 ] ] ] }, "roof_props": null, "wall_color": "brick_dark", "wall_color_source": "assessor", "type": "yes", "landmark": null, "footprint_source": "osm", "source_updated": null, "is_part": false, "parent": null, "hidden": false, "addr": "104 West Jackson Street", "wikidata": null, "website": null, "zoning": "R-63", "lidar_p90": 7.72, "ground_z": 50.67 }, "geometry": { "type": "Polygon", "coordinates": [ [ [ 284458.69, 4158742.84 ], [ 284463.79, 4158738.74 ], [ 284454.27, 4158726.95 ], [ 284449.16, 4158731.04 ], [ 284458.69, 4158742.84 ] ] ] } },
{ "type": "Feature", "properties": { "id": "osm:way/334119679", "name": null, "height": 3.24, "min_height": 0.0, "levels": null, "height_source": "lidar", "roof_shape": "flat", "roof_height": 0.51, "roof_azimuth": null, "roof_source": "lod2", "roof_color": "roof_green", "roof_color_source": "ortho", "lod2_roof": { "v": [ [ 284478.63, 4158732.48, 0.51 ], [ 284482.96, 4158737.61, 0.0 ], [ 284479.07, 4158740.09, 0.0 ], [ 284475.16, 4158735.3, 0.47 ] ], "f": [ [ [ 0, 1, 2, 3 ] ] ] }, "roof_props": null, "wall_color": "slate", "wall_color_source": "assessor", "type": "yes", "landmark": null, "footprint_source": "osm", "source_updated": null, "is_part": false, "parent": null, "hidden": false, "addr": null, "wikidata": null, "website": null, "zoning": "R-63", "lidar_p90": 3.49, "ground_z": 50.47 }, "geometry": { "type": "Polygon", "coordinates": [ [ [ 284475.16, 4158735.3 ], [ 284479.57, 4158740.7 ], [ 284484.27, 4158736.88 ], [ 284479.85, 4158731.48 ], [ 284475.16, 4158735.3 ] ] ] } },
{ "type": "Feature", "properties": { "id": "osm:way/334119673", "name": null, "height": 7.46, "min_height": 0.0, "levels": null, "height_source": "lidar", "roof_shape": "flat", "roof_height": 0.55, "roof_azimuth": null, "roof_source": "lod2", "roof_color": "roof_flat", "roof_color_source": "ortho", "lod2_roof": { "v": [ [ 284454.07, 4158746.28, 0.2 ], [ 284445.49, 4158753.14, 0.23 ], [ 284437.83, 4158743.64, 0.55 ], [ 284446.32, 4158736.65, 0.53 ], [ 284437.83, 4158743.64, 0.0 ], [ 284446.32, 4158736.65, 0.0 ] ], "f": [ [ [ 0, 1, 2, 3 ] ], [ [ 2, 4, 5, 3 ] ] ] }, "roof_props": null, "wall_color": "sand", "wall_color_source": "assessor", "type": "yes", "landmark": null, "footprint_source": "osm", "source_updated": null, "is_part": false, "parent": null, "hidden": false, "addr": "106 W Jackson St", "wikidata": null, "website": null, "zoning": "R-63", "lidar_p90": 7.6, "ground_z": 50.56 }, "geometry": { "type": "Polygon", "coordinates": [ [ [ 284446.27, 4158733.24 ], [ 284436.04, 4158741.42 ], [ 284445.49, 4158753.14 ], [ 284455.71, 4158744.97 ], [ 284446.27, 4158733.24 ] ] ] } },
{ "type": "Feature", "properties": { "id": "osm:way/334119659", "name": null, "height": 3.21, "min_height": 0.0, "levels": null, "height_source": "lidar", "roof_shape": "flat", "roof_height": 0.43, "roof_azimuth": null, "roof_source": "lod2", "roof_color": "roof_flat", "roof_color_source": "ortho", "lod2_roof": { "v": [ [ 284465.18, 4158743.24, 0.43 ], [ 284468.59, 4158747.93, 0.0 ], [ 284464.92, 4158750.55, 0.0 ], [ 284461.43, 4158746.29, 0.4 ] ], "f": [ [ [ 0, 1, 2, 3 ] ] ] }, "roof_props": null, "wall_color": "cream", "wall_color_source": "assessor", "type": "yes", "landmark": null, "footprint_source": "osm", "source_updated": null, "is_part": false, "parent": null, "hidden": false, "addr": null, "wikidata": null, "website": null, "zoning": "R-63", "lidar_p90": 3.33, "ground_z": 50.41 }, "geometry": { "type": "Polygon", "coordinates": [ [ [ 284465.62, 4158751.4 ], [ 284470.51, 4158747.42 ], [ 284466.33, 4158742.31 ], [ 284461.43, 4158746.29 ], [ 284465.62, 4158751.4 ] ] ] } }
]
}
