{
"type": "FeatureCollection",
"name": "landuse",
"crs": { "type": "name", "properties": { "name": "urn:ogc:def:crs:EPSG::32618" } },
"xy_coordinate_resolution": 0.01,
"features": [
{ "type": "Feature", "properties": { "id": "imagery:groundcover_lawn:2280", "name": null, "kind": "groundcover_lawn", "sport": null, "surface": null, "pitch_layout": null, "source": "vgin_vbmp+naip+lidar2025", "source_updated": null, "base_z": null, "top_z": null }, "geometry": { "type": "MultiPolygon", "coordinates": [ [ [ [ 282017.88, 4158008.25 ], [ 282015.52, 4158000.0 ], [ 282000.0, 4158000.0 ], [ 282000.0, 4158016.84 ], [ 282000.55, 4158016.58 ], [ 282017.88, 4158008.25 ] ] ], [ [ [ 282019.31, 4158037.66 ], [ 282017.18, 4158033.11 ], [ 282017.15, 4158033.02 ], [ 282017.12, 4158032.92 ], [ 282017.1, 4158032.83 ], [ 282017.09, 4158032.73 ], [ 282017.09, 4158032.63 ], [ 282017.1, 4158032.53 ], [ 282017.12, 4158032.44 ], [ 282017.15, 4158032.34 ], [ 282017.19, 4158032.25 ], [ 282017.24, 4158032.16 ], [ 282017.29, 4158032.08 ], [ 282017.35, 4158032.01 ], [ 282017.42, 4158031.94 ], [ 282017.5, 4158031.88 ], [ 282017.58, 4158031.82 ], [ 282017.67, 4158031.78 ], [ 282021.54, 4158029.98 ], [ 282021.57, 4158029.88 ], [ 282021.98, 4158029.17 ], [ 282023.68, 4158027.55 ], [ 282024.41, 4158027.17 ], [ 282030.03, 4158026.05 ], [ 282032.47, 4158024.91 ], [ 282032.56, 4158024.88 ], [ 282032.65, 4158024.85 ], [ 282032.75, 4158024.83 ], [ 282032.85, 4158024.82 ], [ 282032.94, 4158024.82 ], [ 282033.04, 4158024.83 ], [ 282033.14, 4158024.85 ], [ 282033.23, 4158024.88 ], [ 282033.32, 4158024.92 ], [ 282033.41, 4158024.97 ], [ 282033.49, 4158025.02 ], [ 282033.56, 4158025.08 ], [ 282033.63, 4158025.15 ], [ 282033.69, 4158025.23 ], [ 282033.74, 4158025.3 ], [ 282033.8, 4158025.29 ], [ 282036.06, 4158021.4 ], [ 282035.68, 4158020.26 ], [ 282035.87, 4158018.99 ], [ 282037.87, 4158016.21 ], [ 282039.02, 4158015.63 ], [ 282048.53, 4158015.63 ], [ 282049.55, 4158016.05 ], [ 282050.64, 4158017.13 ], [ 282050.65, 4158017.13 ], [ 282050.75, 4158017.12 ], [ 282050.85, 4158017.12 ], [ 282050.94, 4158017.13 ], [ 282051.04, 4158017.16 ], [ 282051.13, 4158017.18 ], [ 282051.22, 4158017.22 ], [ 282051.31, 4158017.27 ], [ 282051.39, 4158017.32 ], [ 282051.46, 4158017.39 ], [ 282051.53, 4158017.46 ], [ 282051.59, 4158017.53 ], [ 282051.65, 4158017.62 ], [ 282051.69, 4158017.7 ], [ 282055.65, 4158026.25 ], [ 282055.69, 4158026.34 ], [ 282055.71, 4158026.43 ], [ 282055.73, 4158026.53 ], [ 282055.74, 4158026.63 ], [ 282055.74, 4158026.73 ], [ 282055.73, 4158026.83 ], [ 282055.71, 4158026.92 ], [ 282055.68, 4158027.02 ], [ 282055.64, 4158027.11 ], [ 282055.59, 4158027.19 ], [ 282055.54, 4158027.27 ], [ 282055.48, 4158027.35 ], [ 282055.41, 4158027.42 ], [ 282055.33, 4158027.48 ], [ 282055.25, 4158027.53 ], [ 282055.16, 4158027.58 ], [ 282049.66, 4158030.1 ], [ 282049.55, 4158030.2 ], [ 282048.53, 4158030.63 ], [ 282048.51, 4158030.63 ], [ 282041.15, 4158034.0 ], [ 282041.06, 4158034.03 ], [ 282040.97, 4158034.06 ], [ 282040.87, 4158034.08 ], [ 282040.77, 4158034.09 ], [ 282040.68, 4158034.09 ], [ 282040.58, 4158034.08 ], [ 282040.48, 4158034.06 ], [ 282040.39, 4158034.03 ], [ 282040.3, 4158033.99 ], [ 282040.21, 4158033.94 ], [ 282040.13, 4158033.89 ], [ 282040.06, 4158033.82 ], [ 282039.99, 4158033.75 ], [ 282039.93, 4158033.68 ], [ 282039.87, 4158033.6 ], [ 282039.83, 4158033.51 ], [ 282038.6, 4158030.86 ], [ 282036.86, 4158031.94 ], [ 282038.1, 4158034.6 ], [ 282038.14, 4158034.69 ], [ 282038.17, 4158034.79 ], [ 282038.19, 4158034.88 ], [ 282038.2, 4158034.98 ], [ 282038.2, 4158035.08 ], [ 282038.19, 4158035.18 ], [ 282038.17, 4158035.27 ], [ 282038.14, 4158035.37 ], [ 282038.1, 4158035.46 ], [ 282038.05, 4158035.54 ], [ 282038.0, 4158035.63 ], [ 282037.93, 4158035.7 ], [ 282037.86, 4158035.77 ], [ 282037.79, 4158035.83 ], [ 282037.71, 4158035.89 ], [ 282037.62, 4158035.93 ], [ 282035.46, 4158036.93 ], [ 282035.66, 4158038.15 ], [ 282039.25, 4158041.75 ], [ 282040.63, 4158042.32 ], [ 282062.38, 4158032.03 ], [ 282063.11, 4158031.44 ], [ 282063.55, 4158031.2 ], [ 282064.94, 4158030.71 ], [ 282065.29, 4158030.65 ], [ 282087.33, 4158020.22 ], [ 282087.44, 4158020.0 ], [ 282087.8, 4158019.54 ], [ 282088.6, 4158018.85 ], [ 282089.17, 4158016.01 ], [ 282092.57, 4158017.15 ], [ 282096.84, 4158015.72 ], [ 282103.9, 4158012.38 ], [ 282105.19, 4158011.77 ], [ 282106.13, 4158010.46 ], [ 282106.13, 4158009.63 ], [ 282103.13, 4158006.63 ], [ 282099.33, 4158006.63 ], [ 282096.11, 4158008.09 ], [ 282096.01, 4158008.13 ], [ 282095.92, 4158008.16 ], [ 282095.82, 4158008.17 ], [ 282095.73, 4158008.18 ], [ 282095.63, 4158008.18 ], [ 282095.53, 4158008.17 ], [ 282095.43, 4158008.15 ], [ 282095.34, 4158008.12 ], [ 282095.25, 4158008.08 ], [ 282095.17, 4158008.03 ], [ 282095.08, 4158007.98 ], [ 282095.01, 4158007.91 ], [ 282094.94, 4158007.84 ], [ 282094.88, 4158007.77 ], [ 282094.83, 4158007.69 ], [ 282094.78, 4158007.6 ], [ 282094.34, 4158006.63 ], [ 282094.13, 4158006.63 ], [ 282091.38, 4158009.38 ], [ 282091.4, 4158009.43 ], [ 282091.44, 4158009.52 ], [ 282091.46, 4158009.61 ], [ 282091.48, 4158009.71 ], [ 282091.49, 4158009.81 ], [ 282091.49, 4158009.9 ], [ 282091.48, 4158010.0 ], [ 282091.46, 4158010.1 ], [ 282091.43, 4158010.19 ], [ 282091.39, 4158010.28 ], [ 282091.34, 4158010.37 ], [ 282091.28, 4158010.45 ], [ 282091.22, 4158010.52 ], [ 282091.15, 4158010.59 ], [ 282091.07, 4158010.65 ], [ 282090.99, 4158010.71 ], [ 282090.9, 4158010.75 ], [ 282090.5, 4158010.93 ], [ 282089.3, 4158012.4 ], [ 282089.18, 4158015.19 ], [ 282086.04, 4158013.64 ], [ 282083.28, 4158014.2 ], [ 282078.51, 4158016.35 ], [ 282078.42, 4158016.39 ], [ 282078.33, 4158016.41 ], [ 282078.23, 4158016.43 ], [ 282078.13, 4158016.44 ], [ 282078.03, 4158016.44 ], [ 282077.94, 4158016.43 ], [ 282077.84, 4158016.41 ], [ 282077.75, 4158016.38 ], [ 282077.66, 4158016.34 ], [ 282077.57, 4158016.29 ], [ 282077.49, 4158016.23 ], [ 282077.42, 4158016.17 ], [ 282077.35, 4158016.1 ], [ 282077.29, 4158016.02 ], [ 282077.23, 4158015.94 ], [ 282077.19, 4158015.85 ], [ 282073.71, 4158008.19 ], [ 282073.67, 4158008.1 ], [ 282073.64, 4158008.01 ], [ 282073.63, 4158007.91 ], [ 282073.62, 4158007.81 ], [ 282073.62, 4158007.72 ], [ 282073.63, 4158007.62 ], [ 282073.65, 4158007.52 ], [ 282073.68, 4158007.43 ], [ 282073.72, 4158007.34 ], [ 282073.77, 4158007.25 ], [ 282073.83, 4158007.17 ], [ 282073.89, 4158007.1 ], [ 282073.96, 4158007.03 ], [ 282074.04, 4158006.97 ], [ 282074.12, 4158006.91 ], [ 282074.21, 4158006.87 ], [ 282077.27, 4158005.49 ], [ 282078.71, 4158004.05 ], [ 282079.73, 4158003.63 ], [ 282081.4, 4158003.63 ], [ 282085.76, 4158001.66 ], [ 282086.81, 4158000.0 ], [ 282049.12, 4158000.0 ], [ 282039.95, 4158004.41 ], [ 282039.84, 4158004.75 ], [ 282038.25, 4158006.86 ], [ 282037.49, 4158007.38 ], [ 282028.31, 4158010.0 ], [ 282006.01, 4158020.72 ], [ 282012.1, 4158032.6 ], [ 282012.71, 4158033.2 ], [ 282013.13, 4158034.22 ], [ 282013.13, 4158034.6 ], [ 282015.27, 4158038.76 ], [ 282016.13, 4158039.63 ], [ 282016.79, 4158039.63 ], [ 282019.31, 4158037.66 ] ], [ [ 282068.74, 4158009.99 ], [ 282068.84, 4158009.99 ], [ 282068.93, 4158009.99 ], [ 282069.03, 4158010.0 ], [ 282069.13, 4158010.02 ], [ 282069.22, 4158010.06 ], [ 282069.31, 4158010.1 ], [ 282069.39, 4158010.15 ], [ 282069.47, 4158010.2 ], [ 282069.55, 4158010.27 ], [ 282069.61, 4158010.34 ], [ 282069.67, 4158010.42 ], [ 282069.72, 4158010.5 ], [ 282069.77, 4158010.59 ], [ 282073.12, 4158018.36 ], [ 282073.15, 4158018.46 ], [ 282073.18, 4158018.55 ], [ 282073.19, 4158018.65 ], [ 282073.2, 4158018.75 ], [ 282073.2, 4158018.84 ], [ 282073.18, 4158018.94 ], [ 282073.16, 4158019.04 ], [ 282073.13, 4158019.13 ], [ 282073.09, 4158019.22 ], [ 282073.04, 4158019.3 ], [ 282072.98, 4158019.38 ], [ 282072.92, 4158019.46 ], [ 282072.84, 4158019.53 ], [ 282072.77, 4158019.58 ], [ 282072.68, 4158019.64 ], [ 282072.59, 4158019.68 ], [ 282060.53, 4158024.84 ], [ 282060.44, 4158024.87 ], [ 282060.34, 4158024.9 ], [ 282060.24, 4158024.91 ], [ 282060.15, 4158024.92 ], [ 282060.05, 4158024.91 ], [ 282059.95, 4158024.9 ], [ 282059.86, 4158024.88 ], [ 282059.76, 4158024.85 ], [ 282059.67, 4158024.81 ], [ 282059.59, 4158024.76 ], [ 282059.51, 4158024.7 ], [ 282059.44, 4158024.63 ], [ 282059.37, 4158024.56 ], [ 282059.31, 4158024.49 ], [ 282059.26, 4158024.4 ], [ 282059.22, 4158024.31 ], [ 282055.86, 4158016.54 ], [ 282055.83, 4158016.45 ], [ 282055.8, 4158016.35 ], [ 282055.79, 4158016.26 ], [ 282055.78, 4158016.16 ], [ 282055.79, 4158016.06 ], [ 282055.8, 4158015.96 ], [ 282055.82, 4158015.87 ], [ 282055.85, 4158015.77 ], [ 282055.89, 4158015.68 ], [ 282055.94, 4158015.6 ], [ 282056.0, 4158015.52 ], [ 282056.07, 4158015.45 ], [ 282056.14, 4158015.38 ], [ 282056.22, 4158015.32 ], [ 282056.3, 4158015.27 ], [ 282056.39, 4158015.22 ], [ 282060.13, 4158013.62 ], [ 282060.71, 4158013.05 ], [ 282061.73, 4158012.63 ], [ 282062.47, 4158012.63 ], [ 282068.46, 4158010.07 ], [ 282068.55, 4158010.03 ], [ 282068.64, 4158010.01 ], [ 282068.74, 4158009.99 ] ], [ [ 282032.79, 4158020.28 ], [ 282032.7, 4158020.32 ], [ 282032.61, 4158020.35 ], [ 282032.51, 4158020.37 ], [ 282032.42, 4158020.38 ], [ 282032.32, 4158020.38 ], [ 282032.22, 4158020.37 ], [ 282032.12, 4158020.35 ], [ 282032.03, 4158020.32 ], [ 282031.94, 4158020.29 ], [ 282031.85, 4158020.24 ], [ 282031.77, 4158020.19 ], [ 282031.69, 4158020.13 ], [ 282031.62, 4158020.06 ], [ 282031.56, 4158019.98 ], [ 282031.5, 4158019.9 ], [ 282031.46, 4158019.81 ], [ 282029.25, 4158015.25 ], [ 282029.21, 4158015.16 ], [ 282029.18, 4158015.07 ], [ 282029.16, 4158014.97 ], [ 282029.15, 4158014.88 ], [ 282029.15, 4158014.78 ], [ 282029.16, 4158014.68 ], [ 282029.18, 4158014.58 ], [ 282029.21, 4158014.49 ], [ 282029.24, 4158014.4 ], [ 282029.29, 4158014.31 ], [ 282029.34, 4158014.23 ], [ 282029.41, 4158014.15 ], [ 282029.47, 4158014.08 ], [ 282029.55, 4158014.02 ], [ 282029.63, 4158013.97 ], [ 282029.72, 4158013.92 ], [ 282032.07, 4158012.78 ], [ 282032.16, 4158012.74 ], [ 282032.25, 4158012.71 ], [ 282032.35, 4158012.69 ], [ 282032.45, 4158012.68 ], [ 282032.54, 4158012.68 ], [ 282032.64, 4158012.69 ], [ 282032.74, 4158012.71 ], [ 282032.83, 4158012.74 ], [ 282032.92, 4158012.77 ], [ 282033.01, 4158012.82 ], [ 282033.09, 4158012.87 ], [ 282033.17, 4158012.93 ], [ 282033.24, 4158013.0 ], [ 282033.3, 4158013.08 ], [ 282033.36, 4158013.16 ], [ 282033.4, 4158013.25 ], [ 282035.61, 4158017.81 ], [ 282035.65, 4158017.9 ], [ 282035.68, 4158017.99 ], [ 282035.7, 4158018.09 ], [ 282035.71, 4158018.18 ], [ 282035.71, 4158018.28 ], [ 282035.7, 4158018.38 ], [ 282035.68, 4158018.48 ], [ 282035.65, 4158018.57 ], [ 282035.62, 4158018.66 ], [ 282035.57, 4158018.75 ], [ 282035.52, 4158018.83 ], [ 282035.46, 4158018.91 ], [ 282035.39, 4158018.98 ], [ 282035.31, 4158019.04 ], [ 282035.23, 4158019.09 ], [ 282035.15, 4158019.14 ], [ 282032.79, 4158020.28 ] ] ], [ [ [ 282007.13, 4158057.63 ], [ 282004.19, 4158054.68 ], [ 282000.82, 4158056.18 ], [ 282000.73, 4158056.22 ], [ 282000.64, 4158056.24 ], [ 282000.54, 4158056.26 ], [ 282000.44, 4158056.27 ], [ 282000.35, 4158056.27 ], [ 282000.33, 4158056.26 ], [ 282000.3, 4158056.28 ], [ 282000.0, 4158056.89 ], [ 282000.0, 4158061.55 ], [ 282007.13, 4158058.17 ], [ 282007.13, 4158057.63 ] ] ], [ [ [ 282003.2, 4158038.9 ], [ 282002.23, 4158035.03 ], [ 282002.49, 4158033.81 ], [ 282004.53, 4158031.2 ], [ 282000.51, 4158023.37 ], [ 282000.0, 4158023.61 ], [ 282000.0, 4158042.63 ], [ 282000.29, 4158042.63 ], [ 282003.2, 4158038.9 ] ] ], [ [ [ 282000.12, 4158084.91 ], [ 282000.22, 4158084.88 ], [ 282000.31, 4158084.86 ], [ 282000.41, 4158084.85 ], [ 282000.51, 4158084.85 ], [ 282000.61, 4158084.86 ], [ 282000.7, 4158084.88 ], [ 282000.8, 4158084.9 ], [ 282000.89, 4158084.94 ], [ 282000.98, 4158084.98 ], [ 282001.06, 4158085.04 ], [ 282001.13, 4158085.1 ], [ 282001.2, 4158085.16 ], [ 282001.27, 4158085.24 ], [ 282001.32, 4158085.32 ], [ 282001.37, 4158085.41 ], [ 282001.76, 4158086.18 ], [ 282004.53, 4158085.26 ], [ 282004.14, 4158084.51 ], [ 282004.1, 4158084.42 ], [ 282004.07, 4158084.32 ], [ 282004.05, 4158084.23 ], [ 282004.04, 4158084.13 ], [ 282004.04, 4158084.03 ], [ 282004.04, 4158083.93 ], [ 282004.06, 4158083.84 ], [ 282004.09, 4158083.74 ], [ 282004.12, 4158083.65 ], [ 282004.16, 4158083.56 ], [ 282004.22, 4158083.48 ], [ 282004.28, 4158083.4 ], [ 282004.34, 4158083.33 ], [ 282004.42, 4158083.27 ], [ 282004.5, 4158083.21 ], [ 282004.58, 4158083.16 ], [ 282006.96, 4158081.96 ], [ 282007.96, 4158079.97 ], [ 282005.31, 4158075.69 ], [ 282000.0, 4158078.19 ], [ 282000.0, 4158084.97 ], [ 282000.03, 4158084.95 ], [ 282000.12, 4158084.91 ] ] ] ] } },
{ "type": "Feature", "properties": { "id": "imagery:groundcover_paved:2227", "name": null, "kind": "groundcover_paved", "sport": null, "surface": null, "pitch_layout": null, "source": "vgin_vbmp+naip+lidar2025", "source_updated": null, "base_z": null, "top_z": null }, "geometry": { "type": "Polygon", "coordinates": [ [ [ 282035.04, 4158000.0 ], [ 282015.03, 4158000.0 ], [ 282016.06, 4158006.18 ], [ 282016.33, 4158007.03 ], [ 282017.12, 4158008.61 ], [ 282035.04, 4158000.0 ] ] ] } },
{ "type": "Feature", "properties": { "id": "richmond_structure:263898", "name": null, "kind": "deck", "sport": null, "surface": null, "pitch_layout": null, "source": "richmond_structures", "source_updated": "2026-09-08T12:07:13.637000Z", "base_z": null, "top_z": null }, "geometry": { "type": "Polygon", "coordinates": [ [ [ 282062.02, 4158013.45 ], [ 282068.07, 4158010.66 ], [ 282066.65, 4158007.59 ], [ 282060.6, 4158010.38 ], [ 282062.02, 4158013.45 ] ] ] } },
{ "type": "Feature", "properties": { "id": "richmond_structure:269319", "name": null, "kind": "deck", "sport": null, "surface": null, "pitch_layout": null, "source": "richmond_structures", "source_updated": "2026-09-08T12:07:13.637000Z", "base_z": null, "top_z": null }, "geometry": { "type": "Polygon", "coordinates": [ [ [ 282042.6, 4158021.84 ], [ 282045.53, 4158020.43 ], [ 282043.63, 4158016.77 ], [ 282040.41, 4158018.53 ], [ 282042.6, 4158021.84 ] ] ] } },
{ "type": "Feature", "properties": { "id": "richmond_structure:409050", "name": null, "kind": "deck", "sport": null, "surface": null, "pitch_layout": null, "source": "richmond_structures", "source_updated": "2026-09-08T12:07:13.637000Z", "base_z": null, "top_z": null }, "geometry": { "type": "Polygon", "coordinates": [ [ [ 282000.0, 4158036.17 ], [ 282000.0, 4158038.79 ], [ 282004.95, 4158036.95 ], [ 282004.1, 4158034.65 ], [ 282000.0, 4158036.17 ] ] ] } },
{ "type": "Feature", "properties": { "id": "imagery:groundcover_lawn:2202", "name": null, "kind": "groundcover_lawn", "sport": null, "surface": null, "pitch_layout": null, "source": "vgin_vbmp+naip+lidar2025", "source_updated": null, "base_z": null, "top_z": null }, "geometry": { "type": "MultiPolygon", "coordinates": [ [ [ [ 282048.4, 4158087.63 ], [ 282048.43, 4158087.6 ], [ 282048.5, 4158087.55 ], [ 282048.59, 4158087.49 ], [ 282048.68, 4158087.45 ], [ 282052.37, 4158085.88 ], [ 282052.47, 4158085.84 ], [ 282052.56, 4158085.82 ], [ 282052.66, 4158085.8 ], [ 282052.76, 4158085.8 ], [ 282052.85, 4158085.8 ], [ 282052.95, 4158085.81 ], [ 282053.05, 4158085.84 ], [ 282053.14, 4158085.87 ], [ 282053.23, 4158085.91 ], [ 282053.31, 4158085.96 ], [ 282053.39, 4158086.02 ], [ 282053.47, 4158086.08 ], [ 282053.53, 4158086.16 ], [ 282053.59, 4158086.23 ], [ 282053.64, 4158086.32 ], [ 282053.69, 4158086.41 ], [ 282054.54, 4158088.41 ], [ 282055.96, 4158089.28 ], [ 282056.2, 4158088.9 ], [ 282059.78, 4158088.98 ], [ 282060.71, 4158088.05 ], [ 282061.73, 4158087.63 ], [ 282063.47, 4158087.63 ], [ 282066.41, 4158084.04 ], [ 282064.98, 4158076.87 ], [ 282065.28, 4158075.69 ], [ 282067.63, 4158072.83 ], [ 282067.69, 4158071.81 ], [ 282068.81, 4158072.63 ], [ 282085.13, 4158072.63 ], [ 282088.13, 4158069.63 ], [ 282088.13, 4158066.82 ], [ 282088.49, 4158065.86 ], [ 282090.4, 4158063.71 ], [ 282091.3, 4158063.23 ], [ 282108.77, 4158061.05 ], [ 282111.31, 4158057.34 ], [ 282110.32, 4158053.37 ], [ 282108.76, 4158050.16 ], [ 282106.79, 4158048.63 ], [ 282101.99, 4158048.63 ], [ 282099.3, 4158050.28 ], [ 282099.13, 4158050.64 ], [ 282100.18, 4158052.99 ], [ 282100.21, 4158053.08 ], [ 282100.24, 4158053.17 ], [ 282100.26, 4158053.27 ], [ 282100.26, 4158053.37 ], [ 282100.26, 4158053.47 ], [ 282100.25, 4158053.56 ], [ 282100.23, 4158053.66 ], [ 282100.2, 4158053.75 ], [ 282100.16, 4158053.84 ], [ 282100.11, 4158053.93 ], [ 282100.05, 4158054.01 ], [ 282099.99, 4158054.08 ], [ 282099.92, 4158054.15 ], [ 282099.84, 4158054.21 ], [ 282099.76, 4158054.27 ], [ 282099.67, 4158054.31 ], [ 282094.19, 4158056.74 ], [ 282094.1, 4158056.78 ], [ 282094.0, 4158056.8 ], [ 282093.91, 4158056.82 ], [ 282093.81, 4158056.83 ], [ 282093.71, 4158056.82 ], [ 282093.62, 4158056.81 ], [ 282093.52, 4158056.79 ], [ 282093.43, 4158056.76 ], [ 282093.34, 4158056.72 ], [ 282093.25, 4158056.67 ], [ 282093.17, 4158056.62 ], [ 282093.1, 4158056.55 ], [ 282093.03, 4158056.48 ], [ 282092.97, 4158056.41 ], [ 282092.92, 4158056.32 ], [ 282092.87, 4158056.24 ], [ 282091.28, 4158052.67 ], [ 282090.63, 4158052.46 ], [ 282089.91, 4158051.93 ], [ 282086.71, 4158053.55 ], [ 282087.44, 4158055.19 ], [ 282087.48, 4158055.28 ], [ 282087.5, 4158055.37 ], [ 282087.52, 4158055.47 ], [ 282087.53, 4158055.57 ], [ 282087.53, 4158055.66 ], [ 282087.51, 4158055.76 ], [ 282087.49, 4158055.86 ], [ 282087.46, 4158055.95 ], [ 282087.42, 4158056.04 ], [ 282087.38, 4158056.12 ], [ 282087.32, 4158056.2 ], [ 282087.26, 4158056.28 ], [ 282087.19, 4158056.35 ], [ 282087.11, 4158056.41 ], [ 282087.03, 4158056.46 ], [ 282086.94, 4158056.51 ], [ 282075.51, 4158061.7 ], [ 282075.42, 4158061.74 ], [ 282075.33, 4158061.77 ], [ 282075.23, 4158061.78 ], [ 282075.13, 4158061.79 ], [ 282075.03, 4158061.79 ], [ 282074.94, 4158061.78 ], [ 282074.84, 4158061.76 ], [ 282074.75, 4158061.73 ], [ 282074.65, 4158061.69 ], [ 282074.57, 4158061.64 ], [ 282074.49, 4158061.58 ], [ 282074.41, 4158061.52 ], [ 282074.34, 4158061.45 ], [ 282074.28, 4158061.37 ], [ 282074.23, 4158061.29 ], [ 282074.19, 4158061.2 ], [ 282072.23, 4158056.81 ], [ 282072.11, 4158056.8 ], [ 282072.18, 4158056.71 ], [ 282070.22, 4158052.32 ], [ 282070.19, 4158052.23 ], [ 282070.16, 4158052.13 ], [ 282070.14, 4158052.04 ], [ 282070.14, 4158051.94 ], [ 282070.14, 4158051.84 ], [ 282070.15, 4158051.74 ], [ 282070.17, 4158051.65 ], [ 282070.2, 4158051.55 ], [ 282070.24, 4158051.46 ], [ 282070.29, 4158051.38 ], [ 282070.35, 4158051.3 ], [ 282070.41, 4158051.22 ], [ 282070.48, 4158051.16 ], [ 282070.56, 4158051.1 ], [ 282070.64, 4158051.04 ], [ 282070.73, 4158051.0 ], [ 282082.21, 4158045.92 ], [ 282082.3, 4158045.89 ], [ 282082.39, 4158045.86 ], [ 282082.49, 4158045.84 ], [ 282082.59, 4158045.84 ], [ 282082.68, 4158045.84 ], [ 282082.78, 4158045.85 ], [ 282082.88, 4158045.87 ], [ 282082.97, 4158045.9 ], [ 282083.06, 4158045.94 ], [ 282083.14, 4158045.99 ], [ 282083.22, 4158046.05 ], [ 282083.3, 4158046.11 ], [ 282083.37, 4158046.18 ], [ 282083.43, 4158046.26 ], [ 282083.48, 4158046.34 ], [ 282083.52, 4158046.43 ], [ 282085.08, 4158049.92 ], [ 282086.28, 4158050.15 ], [ 282088.13, 4158047.38 ], [ 282088.13, 4158045.65 ], [ 282087.69, 4158044.66 ], [ 282087.65, 4158044.56 ], [ 282087.63, 4158044.47 ], [ 282087.61, 4158044.37 ], [ 282087.6, 4158044.27 ], [ 282087.6, 4158044.18 ], [ 282087.61, 4158044.08 ], [ 282087.64, 4158043.98 ], [ 282087.67, 4158043.89 ], [ 282087.71, 4158043.8 ], [ 282087.75, 4158043.71 ], [ 282087.81, 4158043.63 ], [ 282087.88, 4158043.56 ], [ 282087.95, 4158043.49 ], [ 282088.02, 4158043.43 ], [ 282088.11, 4158043.38 ], [ 282088.2, 4158043.33 ], [ 282088.39, 4158043.25 ], [ 282088.9, 4158042.02 ], [ 282089.38, 4158041.29 ], [ 282087.09, 4158037.01 ], [ 282061.42, 4158049.17 ], [ 282061.13, 4158049.87 ], [ 282061.13, 4158051.63 ], [ 282064.01, 4158054.51 ], [ 282065.33, 4158053.87 ], [ 282065.42, 4158053.84 ], [ 282065.51, 4158053.81 ], [ 282065.61, 4158053.79 ], [ 282065.71, 4158053.78 ], [ 282065.8, 4158053.78 ], [ 282065.9, 4158053.78 ], [ 282066.0, 4158053.8 ], [ 282066.09, 4158053.83 ], [ 282066.18, 4158053.87 ], [ 282066.27, 4158053.91 ], [ 282066.35, 4158053.97 ], [ 282066.43, 4158054.03 ], [ 282066.5, 4158054.1 ], [ 282066.56, 4158054.17 ], [ 282066.62, 4158054.25 ], [ 282066.66, 4158054.34 ], [ 282068.07, 4158057.24 ], [ 282069.34, 4158057.7 ], [ 282068.87, 4158058.89 ], [ 282071.8, 4158064.93 ], [ 282071.84, 4158065.02 ], [ 282071.87, 4158065.11 ], [ 282071.89, 4158065.21 ], [ 282071.9, 4158065.31 ], [ 282071.9, 4158065.41 ], [ 282071.89, 4158065.51 ], [ 282071.88, 4158065.6 ], [ 282071.85, 4158065.7 ], [ 282071.81, 4158065.79 ], [ 282071.77, 4158065.88 ], [ 282071.71, 4158065.96 ], [ 282071.65, 4158066.03 ], [ 282071.58, 4158066.1 ], [ 282071.5, 4158066.17 ], [ 282071.42, 4158066.22 ], [ 282071.34, 4158066.27 ], [ 282068.8, 4158067.48 ], [ 282068.71, 4158067.52 ], [ 282068.62, 4158067.55 ], [ 282068.52, 4158067.57 ], [ 282068.43, 4158067.58 ], [ 282068.33, 4158067.58 ], [ 282068.23, 4158067.57 ], [ 282068.14, 4158067.55 ], [ 282068.04, 4158067.52 ], [ 282067.95, 4158067.48 ], [ 282067.87, 4158067.44 ], [ 282067.78, 4158067.39 ], [ 282067.71, 4158067.32 ], [ 282067.64, 4158067.26 ], [ 282067.58, 4158067.18 ], [ 282067.52, 4158067.1 ], [ 282067.47, 4158067.01 ], [ 282067.43, 4158066.92 ], [ 282067.02, 4158067.22 ], [ 282066.52, 4158068.79 ], [ 282064.68, 4158068.06 ], [ 282059.25, 4158070.41 ], [ 282059.16, 4158070.44 ], [ 282059.07, 4158070.47 ], [ 282058.98, 4158070.48 ], [ 282058.88, 4158070.49 ], [ 282058.79, 4158070.49 ], [ 282058.69, 4158070.48 ], [ 282058.6, 4158070.46 ], [ 282058.51, 4158070.43 ], [ 282058.42, 4158070.39 ], [ 282058.34, 4158070.35 ], [ 282058.26, 4158070.29 ], [ 282058.18, 4158070.23 ], [ 282058.12, 4158070.16 ], [ 282058.05, 4158070.09 ], [ 282058.0, 4158070.01 ], [ 282057.96, 4158069.93 ], [ 282053.48, 4158060.7 ], [ 282053.44, 4158060.61 ], [ 282053.41, 4158060.51 ], [ 282053.39, 4158060.42 ], [ 282053.38, 4158060.32 ], [ 282053.38, 4158060.22 ], [ 282053.39, 4158060.12 ], [ 282053.41, 4158060.02 ], [ 282053.43, 4158059.93 ], [ 282053.47, 4158059.84 ], [ 282053.52, 4158059.75 ], [ 282053.57, 4158059.67 ], [ 282053.63, 4158059.59 ], [ 282053.7, 4158059.52 ], [ 282053.78, 4158059.46 ], [ 282053.86, 4158059.41 ], [ 282053.94, 4158059.36 ], [ 282056.8, 4158057.98 ], [ 282055.17, 4158054.63 ], [ 282049.91, 4158054.63 ], [ 282033.44, 4158062.43 ], [ 282032.36, 4158063.93 ], [ 282031.67, 4158064.43 ], [ 282044.36, 4158090.2 ], [ 282044.98, 4158089.93 ], [ 282045.12, 4158089.66 ], [ 282045.66, 4158089.06 ], [ 282047.63, 4158087.85 ], [ 282048.4, 4158087.63 ] ], [ [ 282035.88, 4158068.17 ], [ 282035.86, 4158068.08 ], [ 282035.84, 4158067.98 ], [ 282035.83, 4158067.88 ], [ 282035.83, 4158067.79 ], [ 282035.84, 4158067.69 ], [ 282035.86, 4158067.59 ], [ 282035.89, 4158067.5 ], [ 282035.93, 4158067.41 ], [ 282035.98, 4158067.32 ], [ 282036.04, 4158067.24 ], [ 282036.1, 4158067.17 ], [ 282036.17, 4158067.1 ], [ 282036.25, 4158067.04 ], [ 282036.33, 4158066.98 ], [ 282036.42, 4158066.94 ], [ 282047.75, 4158061.79 ], [ 282047.84, 4158061.75 ], [ 282047.93, 4158061.73 ], [ 282048.03, 4158061.71 ], [ 282048.13, 4158061.7 ], [ 282048.23, 4158061.7 ], [ 282048.32, 4158061.71 ], [ 282048.42, 4158061.73 ], [ 282048.51, 4158061.76 ], [ 282048.6, 4158061.8 ], [ 282048.69, 4158061.85 ], [ 282048.77, 4158061.9 ], [ 282048.84, 4158061.97 ], [ 282048.91, 4158062.04 ], [ 282048.97, 4158062.11 ], [ 282049.03, 4158062.2 ], [ 282049.07, 4158062.28 ], [ 282053.18, 4158071.27 ], [ 282053.22, 4158071.36 ], [ 282053.25, 4158071.46 ], [ 282053.26, 4158071.55 ], [ 282053.27, 4158071.65 ], [ 282053.27, 4158071.75 ], [ 282053.26, 4158071.85 ], [ 282053.24, 4158071.94 ], [ 282053.21, 4158072.04 ], [ 282053.17, 4158072.13 ], [ 282053.12, 4158072.21 ], [ 282053.07, 4158072.29 ], [ 282053.0, 4158072.37 ], [ 282052.93, 4158072.44 ], [ 282052.86, 4158072.5 ], [ 282052.77, 4158072.55 ], [ 282052.69, 4158072.6 ], [ 282041.35, 4158077.75 ], [ 282041.26, 4158077.78 ], [ 282041.17, 4158077.81 ], [ 282041.07, 4158077.83 ], [ 282040.97, 4158077.84 ], [ 282040.88, 4158077.83 ], [ 282040.78, 4158077.82 ], [ 282040.68, 4158077.8 ], [ 282040.59, 4158077.77 ], [ 282040.5, 4158077.73 ], [ 282040.41, 4158077.69 ], [ 282040.33, 4158077.63 ], [ 282040.26, 4158077.57 ], [ 282040.19, 4158077.5 ], [ 282040.13, 4158077.42 ], [ 282040.07, 4158077.34 ], [ 282040.03, 4158077.25 ], [ 282037.9, 4158072.6 ], [ 282037.65, 4158072.39 ], [ 282037.13, 4158071.29 ], [ 282037.13, 4158070.91 ], [ 282035.92, 4158068.26 ], [ 282035.88, 4158068.17 ] ] ], [ [ [ 282018.41, 4158076.18 ], [ 282018.5, 4158076.14 ], [ 282018.59, 4158076.11 ], [ 282018.69, 4158076.09 ], [ 282018.78, 4158076.07 ], [ 282018.88, 4158076.07 ], [ 282018.98, 4158076.08 ], [ 282019.07, 4158076.1 ], [ 282019.17, 4158076.12 ], [ 282019.26, 4158076.16 ], [ 282019.35, 4158076.2 ], [ 282019.43, 4158076.25 ], [ 282019.51, 4158076.31 ], [ 282019.58, 4158076.38 ], [ 282019.64, 4158076.45 ], [ 282019.7, 4158076.53 ], [ 282019.75, 4158076.62 ], [ 282020.39, 4158077.87 ], [ 282020.69, 4158078.15 ], [ 282021.91, 4158080.12 ], [ 282022.13, 4158080.9 ], [ 282022.13, 4158081.3 ], [ 282024.01, 4158084.99 ], [ 282024.05, 4158085.08 ], [ 282024.08, 4158085.17 ], [ 282024.1, 4158085.27 ], [ 282024.12, 4158085.37 ], [ 282024.12, 4158085.46 ], [ 282024.11, 4158085.56 ], [ 282024.1, 4158085.66 ], [ 282024.07, 4158085.75 ], [ 282024.03, 4158085.85 ], [ 282023.99, 4158085.93 ], [ 282023.94, 4158086.02 ], [ 282023.88, 4158086.09 ], [ 282023.81, 4158086.17 ], [ 282023.74, 4158086.23 ], [ 282023.66, 4158086.29 ], [ 282023.57, 4158086.34 ], [ 282022.13, 4158087.06 ], [ 282022.13, 4158096.63 ], [ 282025.13, 4158099.63 ], [ 282032.85, 4158099.63 ], [ 282018.61, 4158069.42 ], [ 282017.44, 4158069.98 ], [ 282016.13, 4158071.79 ], [ 282016.13, 4158073.77 ], [ 282017.79, 4158076.45 ], [ 282017.83, 4158076.47 ], [ 282018.41, 4158076.18 ] ] ] ] } },
{ "type": "Feature", "properties": { "id": "richmond_structure:408735", "name": null, "kind": "deck", "sport": null, "surface": null, "pitch_layout": null, "source": "richmond_structures", "source_updated": "2026-09-08T12:07:13.637000Z", "base_z": null, "top_z": null }, "geometry": { "type": "Polygon", "coordinates": [ [ [ 282014.96, 4158088.74 ], [ 282010.02, 4158091.01 ], [ 282012.42, 4158096.25 ], [ 282020.51, 4158092.53 ], [ 282020.65, 4158092.14 ], [ 282019.62, 4158089.92 ], [ 282016.22, 4158091.48 ], [ 282014.96, 4158088.74 ] ] ] } },
{ "type": "Feature", "properties": { "id": "richmond_structure:272477", "name": null, "kind": "deck", "sport": null, "surface": null, "pitch_layout": null, "source": "richmond_structures", "source_updated": "2026-09-08T12:07:13.637000Z", "base_z": null, "top_z": null }, "geometry": { "type": "Polygon", "coordinates": [ [ [ 282058.27, 4158106.27 ], [ 282056.55, 4158102.6 ], [ 282053.75, 4158103.92 ], [ 282055.48, 4158107.59 ], [ 282058.27, 4158106.27 ] ] ] } },
{ "type": "Feature", "properties": { "id": "richmond_structure:263911", "name": null, "kind": "deck", "sport": null, "surface": null, "pitch_layout": null, "source": "richmond_structures", "source_updated": "2026-09-08T12:07:13.637000Z", "base_z": null, "top_z": null }, "geometry": { "type": "Polygon", "coordinates": [ [ [ 282065.3, 4158112.21 ], [ 282059.11, 4158115.16 ], [ 282060.9, 4158118.9 ], [ 282071.86, 4158113.67 ], [ 282071.34, 4158112.57 ], [ 282066.55, 4158114.84 ], [ 282065.3, 4158112.21 ] ] ] } },
{ "type": "Feature", "properties": { "id": "richmond_structure:409043", "name": null, "kind": "deck", "sport": null, "surface": null, "pitch_layout": null, "source": "richmond_structures", "source_updated": "2026-09-08T12:07:13.637000Z", "base_z": null, "top_z": null }, "geometry": { "type": "Polygon", "coordinates": [ [ [ 282036.07, 4158131.28 ], [ 282041.91, 4158128.28 ], [ 282039.96, 4158124.49 ], [ 282034.12, 4158127.49 ], [ 282036.07, 4158131.28 ] ] ] } },
{ "type": "Feature", "properties": { "id": "imagery:groundcover_lawn:2224", "name": null, "kind": "groundcover_lawn", "sport": null, "surface": null, "pitch_layout": null, "source": "vgin_vbmp+naip+lidar2025", "source_updated": null, "base_z": null, "top_z": null }, "geometry": { "type": "Polygon", "coordinates": [ [ [ 282199.89, 4158000.0 ], [ 282199.63, 4158000.0 ], [ 282199.8, 4158000.04 ], [ 282199.89, 4158000.0 ] ] ] } },
{ "type": "Feature", "properties": { "id": "richmond_structure:263895", "name": null, "kind": "deck", "sport": null, "surface": null, "pitch_layout": null, "source": "richmond_structures", "source_updated": "2026-09-08T12:07:13.637000Z", "base_z": null, "top_z": null }, "geometry": { "type": "Polygon", "coordinates": [ [ [ 282205.73, 4158000.0 ], [ 282204.65, 4158000.0 ], [ 282204.87, 4158000.42 ], [ 282205.73, 4158000.0 ] ] ] } },
{ "type": "Feature", "properties": { "id": "richmond_structure:263897", "name": null, "kind": "deck", "sport": null, "surface": null, "pitch_layout": null, "source": "richmond_structures", "source_updated": "2026-09-08T12:07:13.637000Z", "base_z": null, "top_z": null }, "geometry": { "type": "Polygon", "coordinates": [ [ [ 282193.4, 4158000.0 ], [ 282195.19, 4158003.71 ], [ 282198.55, 4158002.08 ], [ 282197.54, 4158000.0 ], [ 282193.4, 4158000.0 ] ] ] } },
{ "type": "Feature", "properties": { "id": "richmond_structure:267009", "name": null, "kind": "deck", "sport": null, "surface": null, "pitch_layout": null, "source": "richmond_structures", "source_updated": "2026-09-08T12:07:13.637000Z", "base_z": null, "top_z": null }, "geometry": { "type": "Polygon", "coordinates": [ [ [ 282168.37, 4158006.49 ], [ 282169.55, 4158009.1 ], [ 282171.1, 4158008.41 ], [ 282169.91, 4158005.79 ], [ 282168.37, 4158006.49 ] ] ] } },
{ "type": "Feature", "properties": { "id": "imagery:groundcover_lawn:2220", "name": null, "kind": "groundcover_lawn", "sport": null, "surface": null, "pitch_layout": null, "source": "vgin_vbmp+naip+lidar2025", "source_updated": null, "base_z": null, "top_z": null }, "geometry": { "type": "MultiPolygon", "coordinates": [ [ [ [ 282245.07, 4158030.8 ], [ 282246.2, 4158033.86 ], [ 282246.26, 4158034.04 ], [ 282246.3, 4158034.24 ], [ 282246.31, 4158034.43 ], [ 282246.37, 4158036.47 ], [ 282246.36, 4158036.66 ], [ 282246.33, 4158036.85 ], [ 282246.29, 4158037.04 ], [ 282245.42, 4158039.89 ], [ 282245.64, 4158042.62 ], [ 282246.69, 4158044.99 ], [ 282248.06, 4158046.91 ], [ 282250.0, 4158048.94 ], [ 282250.0, 4158040.01 ], [ 282239.04, 4158016.81 ], [ 282238.37, 4158017.2 ], [ 282244.99, 4158030.63 ], [ 282245.07, 4158030.8 ] ] ], [ [ [ 282246.55, 4158012.55 ], [ 282250.0, 4158019.87 ], [ 282250.0, 4158018.72 ], [ 282246.73, 4158012.45 ], [ 282246.55, 4158012.55 ] ] ], [ [ [ 282186.98, 4158073.04 ], [ 282185.76, 4158070.44 ], [ 282185.72, 4158070.35 ], [ 282185.69, 4158070.25 ], [ 282185.67, 4158070.16 ], [ 282185.66, 4158070.06 ], [ 282185.66, 4158069.96 ], [ 282185.67, 4158069.86 ], [ 282185.69, 4158069.76 ], [ 282185.72, 4158069.67 ], [ 282185.76, 4158069.58 ], [ 282185.81, 4158069.49 ], [ 282185.86, 4158069.41 ], [ 282185.93, 4158069.34 ], [ 282186.0, 4158069.27 ], [ 282186.07, 4158069.21 ], [ 282186.15, 4158069.15 ], [ 282186.24, 4158069.11 ], [ 282190.65, 4158067.06 ], [ 282190.85, 4158066.55 ], [ 282191.27, 4158066.77 ], [ 282197.27, 4158063.99 ], [ 282197.36, 4158063.95 ], [ 282197.45, 4158063.92 ], [ 282197.55, 4158063.9 ], [ 282197.64, 4158063.89 ], [ 282197.74, 4158063.89 ], [ 282197.84, 4158063.9 ], [ 282197.94, 4158063.92 ], [ 282198.03, 4158063.95 ], [ 282198.12, 4158063.99 ], [ 282198.21, 4158064.04 ], [ 282198.29, 4158064.09 ], [ 282198.36, 4158064.16 ], [ 282198.43, 4158064.23 ], [ 282198.49, 4158064.3 ], [ 282198.55, 4158064.38 ], [ 282198.59, 4158064.47 ], [ 282199.37, 4158066.13 ], [ 282199.69, 4158065.98 ], [ 282199.78, 4158065.94 ], [ 282199.88, 4158065.91 ], [ 282199.97, 4158065.89 ], [ 282200.07, 4158065.88 ], [ 282200.17, 4158065.89 ], [ 282200.27, 4158065.9 ], [ 282200.36, 4158065.91 ], [ 282200.46, 4158065.94 ], [ 282200.55, 4158065.98 ], [ 282200.63, 4158066.03 ], [ 282200.72, 4158066.08 ], [ 282200.79, 4158066.14 ], [ 282200.86, 4158066.21 ], [ 282200.92, 4158066.29 ], [ 282200.98, 4158066.37 ], [ 282201.02, 4158066.46 ], [ 282202.23, 4158069.03 ], [ 282202.34, 4158069.09 ], [ 282202.97, 4158069.96 ], [ 282204.19, 4158074.86 ], [ 282204.0, 4158076.0 ], [ 282202.27, 4158078.63 ], [ 282201.31, 4158079.26 ], [ 282198.6, 4158079.71 ], [ 282190.92, 4158083.28 ], [ 282190.83, 4158083.32 ], [ 282190.73, 4158083.34 ], [ 282190.64, 4158083.36 ], [ 282190.54, 4158083.37 ], [ 282190.44, 4158083.37 ], [ 282190.34, 4158083.36 ], [ 282190.25, 4158083.34 ], [ 282190.16, 4158083.31 ], [ 282190.06, 4158083.27 ], [ 282189.98, 4158083.23 ], [ 282189.9, 4158083.17 ], [ 282189.82, 4158083.11 ], [ 282189.75, 4158083.04 ], [ 282189.69, 4158082.96 ], [ 282189.64, 4158082.88 ], [ 282189.59, 4158082.8 ], [ 282186.93, 4158077.11 ], [ 282186.89, 4158077.02 ], [ 282186.87, 4158076.93 ], [ 282186.85, 4158076.83 ], [ 282186.85, 4158076.82 ], [ 282183.49, 4158075.15 ], [ 282183.1, 4158075.63 ], [ 282201.64, 4158112.26 ], [ 282201.68, 4158112.33 ], [ 282202.27, 4158113.65 ], [ 282204.41, 4158111.04 ], [ 282203.99, 4158108.92 ], [ 282203.34, 4158109.22 ], [ 282203.24, 4158109.25 ], [ 282203.15, 4158109.28 ], [ 282203.05, 4158109.3 ], [ 282202.96, 4158109.31 ], [ 282202.86, 4158109.31 ], [ 282202.76, 4158109.3 ], [ 282202.67, 4158109.28 ], [ 282202.57, 4158109.25 ], [ 282202.48, 4158109.21 ], [ 282202.4, 4158109.16 ], [ 282202.32, 4158109.1 ], [ 282202.24, 4158109.04 ], [ 282202.17, 4158108.97 ], [ 282202.11, 4158108.9 ], [ 282202.06, 4158108.81 ], [ 282202.01, 4158108.73 ], [ 282199.56, 4158103.39 ], [ 282199.52, 4158103.3 ], [ 282199.49, 4158103.21 ], [ 282199.47, 4158103.11 ], [ 282199.46, 4158103.01 ], [ 282199.47, 4158102.92 ], [ 282199.48, 4158102.82 ], [ 282199.5, 4158102.72 ], [ 282199.53, 4158102.63 ], [ 282199.56, 4158102.54 ], [ 282199.61, 4158102.45 ], [ 282199.67, 4158102.37 ], [ 282199.73, 4158102.29 ], [ 282199.8, 4158102.23 ], [ 282199.88, 4158102.16 ], [ 282199.96, 4158102.11 ], [ 282200.05, 4158102.07 ], [ 282201.72, 4158101.3 ], [ 282200.2, 4158100.06 ], [ 282200.28, 4158099.85 ], [ 282198.71, 4158099.2 ], [ 282198.0, 4158098.5 ], [ 282197.98, 4158098.49 ], [ 282197.89, 4158098.44 ], [ 282197.81, 4158098.39 ], [ 282197.73, 4158098.33 ], [ 282197.69, 4158098.28 ], [ 282194.58, 4158097.71 ], [ 282196.13, 4158095.38 ], [ 282196.13, 4158095.21 ], [ 282194.57, 4158092.01 ], [ 282194.53, 4158091.92 ], [ 282194.5, 4158091.82 ], [ 282194.48, 4158091.73 ], [ 282194.47, 4158091.63 ], [ 282194.47, 4158091.53 ], [ 282194.48, 4158091.43 ], [ 282194.5, 4158091.34 ], [ 282194.52, 4158091.24 ], [ 282194.56, 4158091.15 ], [ 282194.61, 4158091.06 ], [ 282194.66, 4158090.98 ], [ 282194.72, 4158090.9 ], [ 282194.79, 4158090.83 ], [ 282194.87, 4158090.77 ], [ 282194.95, 4158090.72 ], [ 282195.04, 4158090.67 ], [ 282207.84, 4158084.5 ], [ 282207.93, 4158084.46 ], [ 282208.02, 4158084.44 ], [ 282208.12, 4158084.42 ], [ 282208.21, 4158084.41 ], [ 282208.31, 4158084.4 ], [ 282208.41, 4158084.41 ], [ 282208.5, 4158084.43 ], [ 282208.6, 4158084.46 ], [ 282208.69, 4158084.5 ], [ 282208.78, 4158084.54 ], [ 282208.86, 4158084.59 ], [ 282208.93, 4158084.66 ], [ 282209.0, 4158084.72 ], [ 282209.07, 4158084.8 ], [ 282209.12, 4158084.88 ], [ 282209.17, 4158084.97 ], [ 282210.86, 4158088.45 ], [ 282212.24, 4158087.78 ], [ 282212.33, 4158087.75 ], [ 282212.42, 4158087.72 ], [ 282212.52, 4158087.7 ], [ 282212.61, 4158087.69 ], [ 282212.71, 4158087.69 ], [ 282212.81, 4158087.7 ], [ 282212.91, 4158087.71 ], [ 282213.0, 4158087.74 ], [ 282213.09, 4158087.78 ], [ 282213.18, 4158087.82 ], [ 282213.26, 4158087.88 ], [ 282213.33, 4158087.94 ], [ 282213.4, 4158088.01 ], [ 282213.47, 4158088.08 ], [ 282213.52, 4158088.16 ], [ 282213.57, 4158088.25 ], [ 282214.36, 4158089.88 ], [ 282214.4, 4158089.97 ], [ 282214.43, 4158090.07 ], [ 282214.45, 4158090.16 ], [ 282214.46, 4158090.26 ], [ 282214.46, 4158090.36 ], [ 282214.46, 4158090.46 ], [ 282214.44, 4158090.55 ], [ 282214.41, 4158090.65 ], [ 282214.37, 4158090.74 ], [ 282214.33, 4158090.83 ], [ 282214.27, 4158090.91 ], [ 282214.21, 4158090.99 ], [ 282214.14, 4158091.06 ], [ 282214.07, 4158091.12 ], [ 282213.99, 4158091.17 ], [ 282213.9, 4158091.22 ], [ 282213.86, 4158091.24 ], [ 282214.13, 4158091.83 ], [ 282214.13, 4158097.77 ], [ 282215.79, 4158100.45 ], [ 282217.32, 4158101.22 ], [ 282218.01, 4158101.96 ], [ 282219.1, 4158104.59 ], [ 282219.14, 4158105.61 ], [ 282218.86, 4158106.43 ], [ 282218.86, 4158106.44 ], [ 282218.88, 4158106.54 ], [ 282218.89, 4158106.64 ], [ 282218.89, 4158106.74 ], [ 282218.88, 4158106.83 ], [ 282218.86, 4158106.93 ], [ 282218.83, 4158107.02 ], [ 282218.79, 4158107.11 ], [ 282218.74, 4158107.2 ], [ 282218.68, 4158107.28 ], [ 282218.62, 4158107.36 ], [ 282218.55, 4158107.42 ], [ 282218.53, 4158107.44 ], [ 282218.31, 4158108.1 ], [ 282219.61, 4158110.95 ], [ 282219.62, 4158110.96 ], [ 282219.69, 4158111.02 ], [ 282219.76, 4158111.09 ], [ 282219.83, 4158111.16 ], [ 282219.88, 4158111.25 ], [ 282219.93, 4158111.33 ], [ 282220.2, 4158111.9 ], [ 282220.55, 4158112.05 ], [ 282222.71, 4158114.2 ], [ 282223.13, 4158115.22 ], [ 282223.13, 4158122.02 ], [ 282223.66, 4158123.13 ], [ 282223.7, 4158123.22 ], [ 282223.72, 4158123.31 ], [ 282223.74, 4158123.41 ], [ 282223.75, 4158123.51 ], [ 282223.75, 4158123.61 ], [ 282223.74, 4158123.7 ], [ 282223.72, 4158123.8 ], [ 282223.7, 4158123.89 ], [ 282223.66, 4158123.98 ], [ 282223.61, 4158124.07 ], [ 282223.56, 4158124.15 ], [ 282223.5, 4158124.23 ], [ 282223.43, 4158124.3 ], [ 282223.35, 4158124.36 ], [ 282223.27, 4158124.41 ], [ 282223.18, 4158124.46 ], [ 282223.13, 4158124.48 ], [ 282223.13, 4158125.35 ], [ 282233.67, 4158120.4 ], [ 282234.95, 4158112.72 ], [ 282234.56, 4158110.68 ], [ 282227.17, 4158098.36 ], [ 282226.96, 4158097.66 ], [ 282226.88, 4158095.53 ], [ 282227.04, 4158094.81 ], [ 282228.12, 4158092.66 ], [ 282228.66, 4158092.06 ], [ 282229.83, 4158091.34 ], [ 282221.7, 4158074.25 ], [ 282221.58, 4158073.98 ], [ 282221.49, 4158073.69 ], [ 282221.43, 4158073.4 ], [ 282221.4, 4158073.1 ], [ 282221.4, 4158072.8 ], [ 282221.43, 4158072.5 ], [ 282221.49, 4158072.21 ], [ 282221.58, 4158071.92 ], [ 282221.69, 4158071.64 ], [ 282221.83, 4158071.38 ], [ 282222.0, 4158071.13 ], [ 282222.19, 4158070.9 ], [ 282222.4, 4158070.69 ], [ 282222.63, 4158070.5 ], [ 282222.88, 4158070.33 ], [ 282223.14, 4158070.19 ], [ 282223.42, 4158070.07 ], [ 282223.7, 4158069.98 ], [ 282224.0, 4158069.93 ], [ 282224.29, 4158069.9 ], [ 282224.59, 4158069.89 ], [ 282224.89, 4158069.92 ], [ 282225.18, 4158069.98 ], [ 282225.47, 4158070.07 ], [ 282225.75, 4158070.18 ], [ 282226.01, 4158070.32 ], [ 282226.26, 4158070.49 ], [ 282226.49, 4158070.68 ], [ 282226.71, 4158070.89 ], [ 282226.9, 4158071.12 ], [ 282227.06, 4158071.37 ], [ 282227.2, 4158071.63 ], [ 282236.79, 4158091.76 ], [ 282238.96, 4158095.99 ], [ 282245.18, 4158093.69 ], [ 282245.49, 4158093.59 ], [ 282250.0, 4158092.45 ], [ 282250.0, 4158072.32 ], [ 282249.94, 4158072.3 ], [ 282249.08, 4158072.69 ], [ 282248.99, 4158072.72 ], [ 282248.9, 4158072.75 ], [ 282248.8, 4158072.77 ], [ 282248.7, 4158072.77 ], [ 282248.6, 4158072.77 ], [ 282248.51, 4158072.76 ], [ 282248.41, 4158072.74 ], [ 282248.32, 4158072.71 ], [ 282248.23, 4158072.67 ], [ 282248.14, 4158072.62 ], [ 282248.06, 4158072.56 ], [ 282247.99, 4158072.5 ], [ 282247.92, 4158072.43 ], [ 282247.86, 4158072.35 ], [ 282247.81, 4158072.27 ], [ 282247.76, 4158072.18 ], [ 282245.05, 4158066.15 ], [ 282241.93, 4158065.49 ], [ 282241.47, 4158066.08 ], [ 282240.35, 4158066.63 ], [ 282235.73, 4158066.63 ], [ 282234.71, 4158066.2 ], [ 282232.55, 4158064.05 ], [ 282232.13, 4158063.03 ], [ 282232.13, 4158059.35 ], [ 282229.88, 4158054.57 ], [ 282229.84, 4158054.48 ], [ 282229.81, 4158054.38 ], [ 282229.79, 4158054.29 ], [ 282229.78, 4158054.19 ], [ 282229.79, 4158054.09 ], [ 282229.79, 4158053.99 ], [ 282229.81, 4158053.9 ], [ 282229.84, 4158053.8 ], [ 282229.88, 4158053.71 ], [ 282229.93, 4158053.62 ], [ 282229.98, 4158053.54 ], [ 282230.05, 4158053.47 ], [ 282230.12, 4158053.4 ], [ 282230.19, 4158053.34 ], [ 282230.27, 4158053.28 ], [ 282230.36, 4158053.24 ], [ 282237.52, 4158049.89 ], [ 282237.61, 4158049.86 ], [ 282237.71, 4158049.83 ], [ 282237.8, 4158049.81 ], [ 282237.9, 4158049.8 ], [ 282238.0, 4158049.8 ], [ 282238.1, 4158049.81 ], [ 282238.19, 4158049.83 ], [ 282238.29, 4158049.86 ], [ 282238.38, 4158049.9 ], [ 282238.46, 4158049.94 ], [ 282238.54, 4158050.0 ], [ 282238.62, 4158050.06 ], [ 282238.69, 4158050.13 ], [ 282238.75, 4158050.21 ], [ 282238.81, 4158050.29 ], [ 282238.85, 4158050.37 ], [ 282239.82, 4158052.43 ], [ 282241.3, 4158053.59 ], [ 282241.82, 4158054.38 ], [ 282243.05, 4158059.29 ], [ 282243.17, 4158059.54 ], [ 282243.21, 4158059.63 ], [ 282243.23, 4158059.73 ], [ 282243.25, 4158059.82 ], [ 282243.26, 4158059.92 ], [ 282243.26, 4158060.02 ], [ 282243.25, 4158060.11 ], [ 282243.68, 4158061.81 ], [ 282246.99, 4158062.81 ], [ 282250.0, 4158061.48 ], [ 282250.0, 4158052.9 ], [ 282248.42, 4158052.27 ], [ 282248.25, 4158052.19 ], [ 282248.08, 4158052.09 ], [ 282247.93, 4158051.97 ], [ 282247.79, 4158051.84 ], [ 282245.36, 4158049.31 ], [ 282245.28, 4158049.21 ], [ 282245.19, 4158049.1 ], [ 282243.65, 4158046.92 ], [ 282243.56, 4158046.77 ], [ 282243.48, 4158046.61 ], [ 282242.23, 4158043.8 ], [ 282242.15, 4158043.61 ], [ 282242.1, 4158043.42 ], [ 282242.08, 4158043.22 ], [ 282241.8, 4158039.84 ], [ 282241.8, 4158039.67 ], [ 282241.81, 4158039.5 ], [ 282241.83, 4158039.33 ], [ 282241.88, 4158039.17 ], [ 282242.76, 4158036.27 ], [ 282242.72, 4158034.83 ], [ 282241.72, 4158032.14 ], [ 282234.77, 4158018.05 ], [ 282234.61, 4158018.01 ], [ 282233.32, 4158018.46 ], [ 282203.28, 4158032.86 ], [ 282205.21, 4158035.11 ], [ 282206.51, 4158034.78 ], [ 282207.34, 4158034.43 ], [ 282207.44, 4158034.39 ], [ 282207.53, 4158034.37 ], [ 282207.63, 4158034.35 ], [ 282207.72, 4158034.35 ], [ 282207.82, 4158034.35 ], [ 282207.92, 4158034.36 ], [ 282208.01, 4158034.39 ], [ 282208.04, 4158034.4 ], [ 282214.58, 4158032.76 ], [ 282218.66, 4158030.85 ], [ 282218.75, 4158030.81 ], [ 282218.84, 4158030.78 ], [ 282218.94, 4158030.76 ], [ 282219.03, 4158030.75 ], [ 282219.13, 4158030.75 ], [ 282219.23, 4158030.76 ], [ 282219.32, 4158030.78 ], [ 282219.42, 4158030.81 ], [ 282219.51, 4158030.85 ], [ 282219.59, 4158030.89 ], [ 282219.67, 4158030.95 ], [ 282219.75, 4158031.01 ], [ 282219.82, 4158031.08 ], [ 282219.88, 4158031.15 ], [ 282219.94, 4158031.23 ], [ 282219.96, 4158031.28 ], [ 282220.94, 4158030.83 ], [ 282221.03, 4158030.79 ], [ 282221.12, 4158030.76 ], [ 282221.22, 4158030.75 ], [ 282221.32, 4158030.74 ], [ 282221.42, 4158030.74 ], [ 282221.51, 4158030.75 ], [ 282221.61, 4158030.77 ], [ 282221.7, 4158030.8 ], [ 282221.79, 4158030.83 ], [ 282221.88, 4158030.88 ], [ 282221.94, 4158030.92 ], [ 282222.84, 4158030.7 ], [ 282222.63, 4158030.28 ], [ 282222.6, 4158030.19 ], [ 282222.57, 4158030.09 ], [ 282222.55, 4158030.0 ], [ 282222.53, 4158029.9 ], [ 282222.53, 4158029.8 ], [ 282222.54, 4158029.7 ], [ 282222.56, 4158029.6 ], [ 282222.59, 4158029.51 ], [ 282222.62, 4158029.42 ], [ 282222.67, 4158029.33 ], [ 282222.72, 4158029.25 ], [ 282222.78, 4158029.17 ], [ 282222.85, 4158029.1 ], [ 282222.93, 4158029.04 ], [ 282223.01, 4158028.98 ], [ 282223.1, 4158028.94 ], [ 282230.22, 4158025.47 ], [ 282230.31, 4158025.43 ], [ 282230.4, 4158025.41 ], [ 282230.5, 4158025.38 ], [ 282230.6, 4158025.37 ], [ 282230.69, 4158025.37 ], [ 282230.79, 4158025.38 ], [ 282230.89, 4158025.4 ], [ 282230.98, 4158025.43 ], [ 282231.07, 4158025.46 ], [ 282231.16, 4158025.51 ], [ 282231.24, 4158025.56 ], [ 282231.32, 4158025.62 ], [ 282231.39, 4158025.69 ], [ 282231.45, 4158025.77 ], [ 282231.51, 4158025.85 ], [ 282231.55, 4158025.93 ], [ 282233.73, 4158030.38 ], [ 282234.59, 4158031.04 ], [ 282235.13, 4158032.16 ], [ 282235.13, 4158033.23 ], [ 282236.58, 4158036.18 ], [ 282236.62, 4158036.27 ], [ 282236.65, 4158036.37 ], [ 282236.67, 4158036.46 ], [ 282236.68, 4158036.56 ], [ 282236.68, 4158036.66 ], [ 282236.67, 4158036.76 ], [ 282236.66, 4158036.85 ], [ 282236.63, 4158036.95 ], [ 282236.59, 4158037.04 ], [ 282236.55, 4158037.13 ], [ 282236.49, 4158037.21 ], [ 282236.43, 4158037.29 ], [ 282236.36, 4158037.36 ], [ 282236.29, 4158037.42 ], [ 282236.21, 4158037.48 ], [ 282236.12, 4158037.52 ], [ 282233.81, 4158038.65 ], [ 282232.97, 4158039.64 ], [ 282232.1, 4158040.13 ], [ 282218.64, 4158042.37 ], [ 282216.45, 4158043.99 ], [ 282214.34, 4158048.21 ], [ 282214.63, 4158048.91 ], [ 282214.67, 4158049.0 ], [ 282214.69, 4158049.1 ], [ 282214.71, 4158049.19 ], [ 282214.72, 4158049.29 ], [ 282214.71, 4158049.39 ], [ 282214.7, 4158049.49 ], [ 282214.68, 4158049.58 ], [ 282214.64, 4158049.68 ], [ 282214.6, 4158049.77 ], [ 282214.55, 4158049.85 ], [ 282214.49, 4158049.93 ], [ 282214.43, 4158050.0 ], [ 282214.36, 4158050.07 ], [ 282214.28, 4158050.13 ], [ 282214.19, 4158050.18 ], [ 282214.11, 4158050.22 ], [ 282213.12, 4158050.64 ], [ 282212.15, 4158052.59 ], [ 282211.6, 4158053.19 ], [ 282209.63, 4158054.41 ], [ 282208.86, 4158054.63 ], [ 282205.21, 4158054.63 ], [ 282204.27, 4158054.28 ], [ 282202.12, 4158052.46 ], [ 282201.63, 4158051.59 ], [ 282200.33, 4158043.81 ], [ 282198.4, 4158039.31 ], [ 282198.37, 4158039.22 ], [ 282198.34, 4158039.13 ], [ 282198.33, 4158039.03 ], [ 282198.32, 4158038.93 ], [ 282198.33, 4158038.83 ], [ 282198.34, 4158038.74 ], [ 282198.36, 4158038.64 ], [ 282198.39, 4158038.55 ], [ 282198.44, 4158038.46 ], [ 282198.49, 4158038.37 ], [ 282198.54, 4158038.29 ], [ 282198.61, 4158038.22 ], [ 282198.68, 4158038.15 ], [ 282198.76, 4158038.09 ], [ 282198.84, 4158038.04 ], [ 282198.93, 4158038.0 ], [ 282199.93, 4158037.58 ], [ 282198.59, 4158035.11 ], [ 282187.27, 4158040.54 ], [ 282187.13, 4158040.87 ], [ 282187.13, 4158046.46 ], [ 282187.24, 4158046.62 ], [ 282188.67, 4158045.96 ], [ 282188.76, 4158045.93 ], [ 282188.86, 4158045.9 ], [ 282188.95, 4158045.88 ], [ 282189.05, 4158045.87 ], [ 282189.15, 4158045.88 ], [ 282189.25, 4158045.89 ], [ 282189.34, 4158045.91 ], [ 282189.44, 4158045.94 ], [ 282189.53, 4158045.97 ], [ 282189.61, 4158046.02 ], [ 282189.69, 4158046.08 ], [ 282189.77, 4158046.14 ], [ 282189.84, 4158046.21 ], [ 282189.9, 4158046.29 ], [ 282189.95, 4158046.37 ], [ 282190.0, 4158046.45 ], [ 282190.79, 4158048.16 ], [ 282191.11, 4158048.01 ], [ 282191.2, 4158047.97 ], [ 282191.3, 4158047.95 ], [ 282191.39, 4158047.93 ], [ 282191.49, 4158047.92 ], [ 282191.59, 4158047.92 ], [ 282191.69, 4158047.93 ], [ 282191.78, 4158047.95 ], [ 282191.88, 4158047.98 ], [ 282191.97, 4158048.02 ], [ 282192.05, 4158048.07 ], [ 282192.13, 4158048.12 ], [ 282192.21, 4158048.19 ], [ 282192.28, 4158048.26 ], [ 282192.34, 4158048.33 ], [ 282192.39, 4158048.41 ], [ 282192.44, 4158048.5 ], [ 282193.66, 4158051.15 ], [ 282193.77, 4158051.24 ], [ 282195.18, 4158053.82 ], [ 282195.32, 4158054.87 ], [ 282194.37, 4158058.68 ], [ 282194.41, 4158058.76 ], [ 282194.44, 4158058.85 ], [ 282194.47, 4158058.94 ], [ 282194.49, 4158059.04 ], [ 282194.5, 4158059.14 ], [ 282194.49, 4158059.24 ], [ 282194.48, 4158059.33 ], [ 282194.46, 4158059.43 ], [ 282194.43, 4158059.52 ], [ 282194.39, 4158059.61 ], [ 282194.35, 4158059.7 ], [ 282194.29, 4158059.78 ], [ 282194.23, 4158059.85 ], [ 282194.16, 4158059.92 ], [ 282194.08, 4158059.98 ], [ 282194.03, 4158060.01 ], [ 282193.82, 4158060.87 ], [ 282193.3, 4158061.66 ], [ 282191.69, 4158062.92 ], [ 282191.01, 4158065.73 ], [ 282188.25, 4158063.63 ], [ 282186.15, 4158063.63 ], [ 282182.46, 4158065.31 ], [ 282182.43, 4158065.32 ], [ 282181.13, 4158066.63 ], [ 282181.13, 4158071.73 ], [ 282181.58, 4158072.61 ], [ 282183.62, 4158075.04 ], [ 282186.96, 4158073.09 ], [ 282186.98, 4158073.04 ] ] ], [ [ [ 282250.0, 4158010.93 ], [ 282250.0, 4158010.74 ], [ 282249.92, 4158010.78 ], [ 282250.0, 4158010.93 ] ] ], [ [ [ 282245.61, 4158115.77 ], [ 282245.61, 4158116.07 ], [ 282245.59, 4158116.38 ], [ 282245.53, 4158116.67 ], [ 282245.45, 4158116.96 ], [ 282244.54, 4158119.57 ], [ 282244.44, 4158119.82 ], [ 282244.32, 4158120.07 ], [ 282244.18, 4158120.29 ], [ 282244.02, 4158120.51 ], [ 282243.84, 4158120.71 ], [ 282242.01, 4158122.57 ], [ 282241.8, 4158122.76 ], [ 282241.58, 4158122.94 ], [ 282241.49, 4158122.99 ], [ 282241.46, 4158123.33 ], [ 282244.45, 4158126.63 ], [ 282245.66, 4158126.63 ], [ 282245.67, 4158126.59 ], [ 282245.7, 4158126.49 ], [ 282245.73, 4158126.4 ], [ 282245.78, 4158126.32 ], [ 282245.84, 4158126.24 ], [ 282245.9, 4158126.16 ], [ 282245.97, 4158126.09 ], [ 282246.05, 4158126.03 ], [ 282246.13, 4158125.98 ], [ 282246.22, 4158125.93 ], [ 282248.24, 4158125.0 ], [ 282248.34, 4158124.96 ], [ 282248.43, 4158124.94 ], [ 282248.53, 4158124.92 ], [ 282248.62, 4158124.91 ], [ 282248.72, 4158124.91 ], [ 282248.82, 4158124.92 ], [ 282248.91, 4158124.94 ], [ 282249.01, 4158124.97 ], [ 282249.1, 4158125.01 ], [ 282249.18, 4158125.06 ], [ 282249.26, 4158125.11 ], [ 282249.34, 4158125.17 ], [ 282249.41, 4158125.24 ], [ 282249.47, 4158125.32 ], [ 282249.52, 4158125.4 ], [ 282249.57, 4158125.49 ], [ 282250.0, 4158126.41 ], [ 282250.0, 4158116.52 ], [ 282249.07, 4158114.7 ], [ 282249.03, 4158114.61 ], [ 282249.0, 4158114.52 ], [ 282248.98, 4158114.42 ], [ 282248.97, 4158114.33 ], [ 282248.97, 4158114.23 ], [ 282248.97, 4158114.13 ], [ 282248.99, 4158114.03 ], [ 282249.01, 4158113.94 ], [ 282249.05, 4158113.85 ], [ 282249.09, 4158113.76 ], [ 282249.15, 4158113.67 ], [ 282249.21, 4158113.6 ], [ 282249.27, 4158113.53 ], [ 282249.35, 4158113.46 ], [ 282249.43, 4158113.4 ], [ 282249.51, 4158113.36 ], [ 282250.0, 4158113.11 ], [ 282250.0, 4158098.74 ], [ 282247.15, 4158099.46 ], [ 282243.72, 4158100.73 ], [ 282243.11, 4158106.87 ], [ 282244.84, 4158111.37 ], [ 282244.94, 4158111.67 ], [ 282245.01, 4158111.98 ], [ 282245.58, 4158115.47 ], [ 282245.61, 4158115.77 ] ] ] ] } },
{ "type": "Feature", "properties": { "id": "richmond_structure:269311", "name": null, "kind": "deck", "sport": null, "surface": null, "pitch_layout": null, "source": "richmond_structures", "source_updated": "2026-09-08T12:07:13.637000Z", "base_z": null, "top_z": null }, "geometry": { "type": "Polygon", "coordinates": [ [ [ 282214.95, 4158093.9 ], [ 282213.61, 4158091.14 ], [ 282210.46, 4158092.68 ], [ 282211.73, 4158095.16 ], [ 282214.95, 4158093.9 ] ] ] } },
{ "type": "Feature", "properties": { "id": "richmond_structure:261483", "name": null, "kind": "deck", "sport": null, "surface": null, "pitch_layout": null, "source": "richmond_structures", "source_updated": "2026-09-08T12:07:13.637000Z", "base_z": null, "top_z": null }, "geometry": { "type": "Polygon", "coordinates": [ [ [ 282214.55, 4158101.48 ], [ 282216.29, 4158105.28 ], [ 282218.66, 4158104.19 ], [ 282216.92, 4158100.39 ], [ 282214.55, 4158101.48 ] ] ] } },
{ "type": "Feature", "properties": { "id": "richmond_structure:261492", "name": null, "kind": "deck", "sport": null, "surface": null, "pitch_layout": null, "source": "richmond_structures", "source_updated": "2026-09-08T12:07:13.637000Z", "base_z": null, "top_z": null }, "geometry": { "type": "Polygon", "coordinates": [ [ [ 282223.31, 4158117.77 ], [ 282221.7, 4158114.38 ], [ 282219.76, 4158115.29 ], [ 282221.37, 4158118.69 ], [ 282223.31, 4158117.77 ] ] ] } },
{ "type": "Feature", "properties": { "id": "richmond_structure:263913", "name": null, "kind": "deck", "sport": null, "surface": null, "pitch_layout": null, "source": "richmond_structures", "source_updated": "2026-09-08T12:07:13.637000Z", "base_z": null, "top_z": null }, "geometry": { "type": "Polygon", "coordinates": [ [ [ 282167.55, 4158118.95 ], [ 282168.36, 4158120.55 ], [ 282179.5, 4158115.16 ], [ 282178.43, 4158112.95 ], [ 282173.21, 4158115.52 ], [ 282173.47, 4158116.04 ], [ 282167.55, 4158118.95 ] ] ] } },
{ "type": "Feature", "properties": { "id": "richmond_structure:409827", "name": null, "kind": "deck", "sport": null, "surface": null, "pitch_layout": null, "source": "richmond_structures", "source_updated": "2026-09-08T12:07:13.637000Z", "base_z": null, "top_z": null }, "geometry": { "type": "Polygon", "coordinates": [ [ [ 282166.55, 4158123.85 ], [ 282169.32, 4158122.49 ], [ 282167.55, 4158118.95 ], [ 282164.81, 4158120.3 ], [ 282166.55, 4158123.85 ] ] ] } },
{ "type": "Feature", "properties": { "id": "richmond_structure:263344", "name": null, "kind": "deck", "sport": null, "surface": null, "pitch_layout": null, "source": "richmond_structures", "source_updated": "2026-09-08T12:07:13.637000Z", "base_z": null, "top_z": null }, "geometry": { "type": "Polygon", "coordinates": [ [ [ 282157.06, 4158009.9 ], [ 282158.9, 4158013.98 ], [ 282161.22, 4158012.93 ], [ 282159.38, 4158008.85 ], [ 282157.06, 4158009.9 ] ] ] } },
{ "type": "Feature", "properties": { "id": "imagery:groundcover_lawn:2212", "name": null, "kind": "groundcover_lawn", "sport": null, "surface": null, "pitch_layout": null, "source": "vgin_vbmp+naip+lidar2025", "source_updated": null, "base_z": null, "top_z": null }, "geometry": { "type": "Polygon", "coordinates": [ [ [ 282139.79, 4158033.63 ], [ 282142.7, 4158031.35 ], [ 282144.14, 4158025.6 ], [ 282139.42, 4158015.63 ], [ 282137.37, 4158015.63 ], [ 282135.25, 4158016.5 ], [ 282131.01, 4158020.75 ], [ 282130.13, 4158022.87 ], [ 282130.13, 4158030.63 ], [ 282133.13, 4158033.63 ], [ 282139.79, 4158033.63 ] ] ] } },
{ "type": "Feature", "properties": { "id": "richmond_structure:409047", "name": null, "kind": "deck", "sport": null, "surface": null, "pitch_layout": null, "source": "richmond_structures", "source_updated": "2026-09-08T12:07:13.637000Z", "base_z": null, "top_z": null }, "geometry": { "type": "Polygon", "coordinates": [ [ [ 282103.22, 4158046.14 ], [ 282098.06, 4158048.41 ], [ 282098.59, 4158049.61 ], [ 282106.2, 4158046.24 ], [ 282105.24, 4158044.06 ], [ 282102.78, 4158045.14 ], [ 282103.22, 4158046.14 ] ] ] } },
{ "type": "Feature", "properties": { "id": "richmond_structure:409042", "name": null, "kind": "deck", "sport": null, "surface": null, "pitch_layout": null, "source": "richmond_structures", "source_updated": "2026-09-08T12:07:13.637000Z", "base_z": null, "top_z": null }, "geometry": { "type": "Polygon", "coordinates": [ [ [ 282077.12, 4158063.91 ], [ 282082.87, 4158061.18 ], [ 282081.07, 4158057.38 ], [ 282075.31, 4158060.1 ], [ 282077.12, 4158063.91 ] ] ] } },
{ "type": "Feature", "properties": { "id": "richmond_structure:409048", "name": null, "kind": "deck", "sport": null, "surface": null, "pitch_layout": null, "source": "richmond_structures", "source_updated": "2026-09-08T12:07:13.637000Z", "base_z": null, "top_z": null }, "geometry": { "type": "Polygon", "coordinates": [ [ [ 282111.57, 4158063.81 ], [ 282114.97, 4158062.12 ], [ 282113.85, 4158059.85 ], [ 282110.45, 4158061.54 ], [ 282111.57, 4158063.81 ] ] ] } },
{ "type": "Feature", "properties": { "id": "imagery:groundcover_lawn:2191", "name": null, "kind": "groundcover_lawn", "sport": null, "surface": null, "pitch_layout": null, "source": "vgin_vbmp+naip+lidar2025", "source_updated": null, "base_z": null, "top_z": null }, "geometry": { "type": "Polygon", "coordinates": [ [ [ 282139.59, 4158082.24 ], [ 282146.94, 4158092.03 ], [ 282150.06, 4158093.14 ], [ 282158.53, 4158091.03 ], [ 282160.65, 4158089.06 ], [ 282165.63, 4158074.12 ], [ 282165.19, 4158071.37 ], [ 282157.88, 4158061.62 ], [ 282157.65, 4158061.2 ], [ 282157.21, 4158059.86 ], [ 282157.13, 4158059.38 ], [ 282157.13, 4158053.48 ], [ 282155.47, 4158050.8 ], [ 282138.25, 4158042.19 ], [ 282133.94, 4158045.29 ], [ 282139.02, 4158080.86 ], [ 282139.59, 4158082.24 ] ] ] } },
{ "type": "Feature", "properties": { "id": "richmond_structure:269363", "name": null, "kind": "deck", "sport": null, "surface": null, "pitch_layout": null, "source": "richmond_structures", "source_updated": "2026-09-08T12:07:13.637000Z", "base_z": null, "top_z": null }, "geometry": { "type": "Polygon", "coordinates": [ [ [ 282084.61, 4158086.07 ], [ 282080.99, 4158088.08 ], [ 282083.43, 4158093.61 ], [ 282087.13, 4158091.89 ], [ 282084.61, 4158086.07 ] ] ] } },
{ "type": "Feature", "properties": { "id": "imagery:groundcover_lawn:2179", "name": null, "kind": "groundcover_lawn", "sport": null, "surface": null, "pitch_layout": null, "source": "vgin_vbmp+naip+lidar2025", "source_updated": null, "base_z": null, "top_z": null }, "geometry": { "type": "Polygon", "coordinates": [ [ [ 282103.15, 4158096.63 ], [ 282103.55, 4158096.77 ], [ 282106.0, 4158095.61 ], [ 282106.09, 4158095.57 ], [ 282106.18, 4158095.55 ], [ 282106.28, 4158095.53 ], [ 282106.38, 4158095.52 ], [ 282106.47, 4158095.52 ], [ 282106.57, 4158095.53 ], [ 282106.67, 4158095.55 ], [ 282106.76, 4158095.57 ], [ 282106.85, 4158095.61 ], [ 282106.94, 4158095.66 ], [ 282107.02, 4158095.71 ], [ 282107.1, 4158095.77 ], [ 282107.17, 4158095.84 ], [ 282107.23, 4158095.92 ], [ 282107.28, 4158096.0 ], [ 282107.33, 4158096.08 ], [ 282111.98, 4158105.81 ], [ 282112.02, 4158105.9 ], [ 282112.05, 4158106.0 ], [ 282112.07, 4158106.09 ], [ 282112.08, 4158106.19 ], [ 282112.08, 4158106.29 ], [ 282112.07, 4158106.39 ], [ 282112.05, 4158106.48 ], [ 282112.02, 4158106.58 ], [ 282111.98, 4158106.67 ], [ 282111.94, 4158106.76 ], [ 282111.88, 4158106.84 ], [ 282111.82, 4158106.91 ], [ 282111.75, 4158106.98 ], [ 282111.67, 4158107.05 ], [ 282111.59, 4158107.1 ], [ 282111.51, 4158107.15 ], [ 282108.52, 4158108.56 ], [ 282108.65, 4158109.21 ], [ 282111.59, 4158111.63 ], [ 282114.79, 4158111.63 ], [ 282119.17, 4158109.54 ], [ 282120.12, 4158107.66 ], [ 282120.66, 4158107.06 ], [ 282121.31, 4158106.66 ], [ 282122.53, 4158103.85 ], [ 282124.62, 4158105.63 ], [ 282127.41, 4158105.63 ], [ 282132.6, 4158103.16 ], [ 282133.13, 4158102.63 ], [ 282133.13, 4158100.79 ], [ 282129.67, 4158098.3 ], [ 282129.66, 4158098.38 ], [ 282129.63, 4158098.47 ], [ 282129.59, 4158098.57 ], [ 282129.54, 4158098.65 ], [ 282129.49, 4158098.73 ], [ 282129.42, 4158098.81 ], [ 282129.35, 4158098.88 ], [ 282129.28, 4158098.94 ], [ 282129.2, 4158098.99 ], [ 282129.11, 4158099.04 ], [ 282122.19, 4158102.23 ], [ 282121.87, 4158102.75 ], [ 282121.61, 4158102.5 ], [ 282117.95, 4158104.18 ], [ 282117.86, 4158104.22 ], [ 282117.77, 4158104.25 ], [ 282117.67, 4158104.27 ], [ 282117.57, 4158104.27 ], [ 282117.48, 4158104.27 ], [ 282117.38, 4158104.26 ], [ 282117.28, 4158104.24 ], [ 282117.19, 4158104.21 ], [ 282117.1, 4158104.18 ], [ 282117.01, 4158104.13 ], [ 282116.93, 4158104.07 ], [ 282116.86, 4158104.01 ], [ 282116.79, 4158103.94 ], [ 282116.73, 4158103.87 ], [ 282116.67, 4158103.78 ], [ 282116.63, 4158103.7 ], [ 282112.36, 4158094.51 ], [ 282112.33, 4158094.42 ], [ 282112.3, 4158094.33 ], [ 282112.28, 4158094.23 ], [ 282112.27, 4158094.13 ], [ 282112.27, 4158094.04 ], [ 282112.28, 4158093.94 ], [ 282112.3, 4158093.84 ], [ 282112.33, 4158093.75 ], [ 282112.37, 4158093.66 ], [ 282112.42, 4158093.57 ], [ 282112.47, 4158093.49 ], [ 282112.53, 4158093.41 ], [ 282112.61, 4158093.35 ], [ 282112.68, 4158093.28 ], [ 282112.76, 4158093.23 ], [ 282112.85, 4158093.18 ], [ 282115.83, 4158091.81 ], [ 282116.91, 4158090.32 ], [ 282117.63, 4158089.79 ], [ 282122.08, 4158088.31 ], [ 282124.13, 4158085.46 ], [ 282124.13, 4158081.79 ], [ 282119.7, 4158072.67 ], [ 282118.67, 4158071.99 ], [ 282114.1, 4158073.76 ], [ 282112.82, 4158078.87 ], [ 282112.3, 4158079.66 ], [ 282110.18, 4158081.32 ], [ 282109.29, 4158081.63 ], [ 282103.13, 4158081.63 ], [ 282100.36, 4158083.48 ], [ 282099.71, 4158085.05 ], [ 282097.55, 4158087.2 ], [ 282096.53, 4158087.63 ], [ 282094.13, 4158087.63 ], [ 282091.13, 4158090.63 ], [ 282091.13, 4158093.63 ], [ 282094.13, 4158096.63 ], [ 282103.15, 4158096.63 ] ] ] } },
{ "type": "Feature", "properties": { "id": "richmond_structure:263919", "name": null, "kind": "deck", "sport": null, "surface": null, "pitch_layout": null, "source": "richmond_structures", "source_updated": "2026-09-08T12:07:13.637000Z", "base_z": null, "top_z": null }, "geometry": { "type": "Polygon", "coordinates": [ [ [ 282145.88, 4158138.01 ], [ 282149.36, 4158136.24 ], [ 282147.65, 4158132.85 ], [ 282144.16, 4158134.62 ], [ 282145.88, 4158138.01 ] ] ] } },
{ "type": "Feature", "properties": { "id": "richmond_structure:409828", "name": null, "kind": "deck", "sport": null, "surface": null, "pitch_layout": null, "source": "richmond_structures", "source_updated": "2026-09-08T12:07:13.637000Z", "base_z": null, "top_z": null }, "geometry": { "type": "Polygon", "coordinates": [ [ [ 282122.35, 4158141.02 ], [ 282119.24, 4158142.49 ], [ 282119.02, 4158142.02 ], [ 282118.34, 4158142.34 ], [ 282121.12, 4158148.19 ], [ 282125.86, 4158145.94 ], [ 282123.09, 4158140.11 ], [ 282122.13, 4158140.57 ], [ 282122.35, 4158141.02 ] ] ] } },
{ "type": "Feature", "properties": { "id": "richmond_structure:263918", "name": null, "kind": "deck", "sport": null, "surface": null, "pitch_layout": null, "source": "richmond_structures", "source_updated": "2026-09-08T12:07:13.637000Z", "base_z": null, "top_z": null }, "geometry": { "type": "Polygon", "coordinates": [ [ [ 282249.22, 4158130.42 ], [ 282247.75, 4158127.24 ], [ 282243.52, 4158129.2 ], [ 282244.99, 4158132.38 ], [ 282249.22, 4158130.42 ] ] ] } },
{ "type": "Feature", "properties": { "id": "richmond_structure:261484", "name": null, "kind": "deck", "sport": null, "surface": null, "pitch_layout": null, "source": "richmond_structures", "source_updated": "2026-09-08T12:07:13.637000Z", "base_z": null, "top_z": null }, "geometry": { "type": "Polygon", "coordinates": [ [ [ 282236.58, 4158136.24 ], [ 282240.49, 4158134.36 ], [ 282238.93, 4158131.12 ], [ 282235.02, 4158133.0 ], [ 282236.58, 4158136.24 ] ] ] } },
{ "type": "Feature", "properties": { "id": "osm:way/1207244251", "name": "Petronius S. Jones Park", "kind": "park", "sport": null, "surface": null, "pitch_layout": null, "source": null, "source_updated": null, "base_z": null, "top_z": null }, "geometry": { "type": "Polygon", "coordinates": [ [ [ 282250.0, 4158220.01 ], [ 282250.0, 4158166.17 ], [ 282228.95, 4158176.19 ], [ 282250.0, 4158220.01 ] ] ] } },
{ "type": "Feature", "properties": { "id": "richmond_structure:262280", "name": null, "kind": "deck", "sport": null, "surface": null, "pitch_layout": null, "source": "richmond_structures", "source_updated": "2026-09-08T12:07:13.637000Z", "base_z": null, "top_z": null }, "geometry": { "type": "Polygon", "coordinates": [ [ [ 282232.49, 4158138.38 ], [ 282230.99, 4158135.26 ], [ 282226.92, 4158137.21 ], [ 282228.42, 4158140.33 ], [ 282232.49, 4158138.38 ] ] ] } },
{ "type": "Feature", "properties": { "id": "richmond_structure:262459", "name": null, "kind": "deck", "sport": null, "surface": null, "pitch_layout": null, "source": "richmond_structures", "source_updated": "2026-09-08T12:07:13.637000Z", "base_z": null, "top_z": null }, "geometry": { "type": "Polygon", "coordinates": [ [ [ 282219.65, 4158144.23 ], [ 282223.37, 4158142.45 ], [ 282221.85, 4158139.27 ], [ 282218.13, 4158141.05 ], [ 282219.65, 4158144.23 ] ] ] } },
{ "type": "Feature", "properties": { "id": "osm:relation/16319745", "name": null, "kind": "grass", "sport": null, "surface": null, "pitch_layout": null, "source": null, "source_updated": null, "base_z": null, "top_z": null }, "geometry": { "type": "Polygon", "coordinates": [ [ [ 282235.4, 4158175.56 ], [ 282240.17, 4158176.35 ], [ 282241.09, 4158179.93 ], [ 282238.46, 4158182.71 ], [ 282233.88, 4158180.91 ], [ 282231.38, 4158181.9 ], [ 282250.0, 4158220.32 ], [ 282250.0, 4158193.08 ], [ 282247.72, 4158194.34 ], [ 282245.05, 4158189.53 ], [ 282249.6, 4158176.81 ], [ 282250.0, 4158176.59 ], [ 282250.0, 4158166.09 ], [ 282234.37, 4158173.56 ], [ 282235.4, 4158175.56 ] ] ] } },
{ "type": "Feature", "properties": { "id": "richmond_structure:269272", "name": null, "kind": "deck", "sport": null, "surface": null, "pitch_layout": null, "source": "richmond_structures", "source_updated": "2026-09-08T12:07:13.637000Z", "base_z": null, "top_z": null }, "geometry": { "type": "Polygon", "coordinates": [ [ [ 282186.0, 4158162.02 ], [ 282190.78, 4158159.74 ], [ 282188.96, 4158156.11 ], [ 282183.84, 4158158.01 ], [ 282186.0, 4158162.02 ] ] ] } },
{ "type": "Feature", "properties": { "id": "richmond_structure:268703", "name": null, "kind": "deck", "sport": null, "surface": null, "pitch_layout": null, "source": "richmond_structures", "source_updated": "2026-09-08T12:07:13.637000Z", "base_z": null, "top_z": null }, "geometry": { "type": "Polygon", "coordinates": [ [ [ 282182.22, 4158163.83 ], [ 282185.3, 4158162.35 ], [ 282183.4, 4158158.62 ], [ 282180.64, 4158160.3 ], [ 282182.22, 4158163.83 ] ] ] } },
{ "type": "Feature", "properties": { "id": "richmond_structure:409931", "name": null, "kind": "deck", "sport": null, "surface": null, "pitch_layout": null, "source": "richmond_structures", "source_updated": "2026-09-08T12:07:13.637000Z", "base_z": null, "top_z": null }, "geometry": { "type": "Polygon", "coordinates": [ [ [ 282210.67, 4158214.7 ], [ 282211.9, 4158214.14 ], [ 282212.85, 4158216.23 ], [ 282213.46, 4158215.96 ], [ 282215.05, 4158219.44 ], [ 282216.85, 4158218.62 ], [ 282213.75, 4158211.86 ], [ 282210.13, 4158213.51 ], [ 282210.67, 4158214.7 ] ] ] } },
{ "type": "Feature", "properties": { "id": "imagery:groundcover_lawn:2112", "name": null, "kind": "groundcover_lawn", "sport": null, "surface": null, "pitch_layout": null, "source": "vgin_vbmp+naip+lidar2025", "source_updated": null, "base_z": null, "top_z": null }, "geometry": { "type": "MultiPolygon", "coordinates": [ [ [ [ 282193.13, 4158232.22 ], [ 282193.55, 4158231.2 ], [ 282195.71, 4158229.05 ], [ 282196.73, 4158228.63 ], [ 282202.84, 4158228.63 ], [ 282203.05, 4158228.53 ], [ 282203.33, 4158228.41 ], [ 282203.62, 4158228.33 ], [ 282203.91, 4158228.27 ], [ 282204.21, 4158228.24 ], [ 282204.51, 4158228.24 ], [ 282204.8, 4158228.27 ], [ 282205.1, 4158228.33 ], [ 282205.35, 4158228.41 ], [ 282208.13, 4158225.63 ], [ 282208.13, 4158224.9 ], [ 282208.35, 4158224.12 ], [ 282209.57, 4158222.15 ], [ 282210.16, 4158221.61 ], [ 282212.08, 4158220.65 ], [ 282213.68, 4158217.38 ], [ 282211.9, 4158208.48 ], [ 282207.62, 4158206.38 ], [ 282157.9, 4158231.24 ], [ 282156.25, 4158234.18 ], [ 282158.38, 4158236.8 ], [ 282174.79, 4158241.72 ], [ 282193.13, 4158233.16 ], [ 282193.13, 4158232.22 ] ] ], [ [ [ 282176.68, 4158249.63 ], [ 282176.43, 4158250.0 ], [ 282209.26, 4158250.0 ], [ 282208.08, 4158246.48 ], [ 282204.43, 4158238.68 ], [ 282202.97, 4158237.63 ], [ 282197.98, 4158237.63 ], [ 282180.89, 4158245.61 ], [ 282181.07, 4158246.17 ], [ 282180.71, 4158247.05 ], [ 282178.55, 4158249.2 ], [ 282177.53, 4158249.63 ], [ 282176.68, 4158249.63 ] ] ] ] } },
{ "type": "Feature", "properties": { "id": "imagery:groundcover_lawn:2167", "name": null, "kind": "groundcover_lawn", "sport": null, "surface": null, "pitch_layout": null, "source": "vgin_vbmp+naip+lidar2025", "source_updated": null, "base_z": null, "top_z": null }, "geometry": { "type": "MultiPolygon", "coordinates": [ [ [ [ 282001.13, 4158113.6 ], [ 282001.31, 4158112.9 ], [ 282002.29, 4158111.06 ], [ 282002.78, 4158110.53 ], [ 282008.46, 4158106.74 ], [ 282009.74, 4158103.66 ], [ 282008.57, 4158097.8 ], [ 282003.84, 4158095.98 ], [ 282002.91, 4158096.67 ], [ 282002.27, 4158096.94 ], [ 282000.0, 4158097.31 ], [ 282000.0, 4158118.44 ], [ 282001.13, 4158117.9 ], [ 282001.13, 4158113.6 ] ] ], [ [ [ 282065.4, 4158129.33 ], [ 282065.3, 4158129.33 ], [ 282065.2, 4158129.32 ], [ 282065.11, 4158129.3 ], [ 282065.02, 4158129.27 ], [ 282064.93, 4158129.23 ], [ 282064.84, 4158129.18 ], [ 282064.76, 4158129.13 ], [ 282064.68, 4158129.07 ], [ 282064.61, 4158129.0 ], [ 282064.55, 4158128.92 ], [ 282064.5, 4158128.84 ], [ 282064.45, 4158128.75 ], [ 282062.88, 4158125.38 ], [ 282061.55, 4158124.05 ], [ 282061.13, 4158123.03 ], [ 282061.13, 4158121.61 ], [ 282060.19, 4158119.58 ], [ 282060.15, 4158119.49 ], [ 282060.12, 4158119.4 ], [ 282060.11, 4158119.3 ], [ 282060.1, 4158119.2 ], [ 282060.1, 4158119.1 ], [ 282060.11, 4158119.0 ], [ 282060.13, 4158118.91 ], [ 282060.16, 4158118.81 ], [ 282060.2, 4158118.72 ], [ 282060.24, 4158118.64 ], [ 282060.3, 4158118.56 ], [ 282060.36, 4158118.48 ], [ 282060.43, 4158118.41 ], [ 282060.51, 4158118.35 ], [ 282060.59, 4158118.3 ], [ 282060.68, 4158118.25 ], [ 282061.22, 4158118.0 ], [ 282061.55, 4158117.2 ], [ 282063.71, 4158115.05 ], [ 282065.28, 4158114.4 ], [ 282067.13, 4158111.63 ], [ 282067.13, 4158105.58 ], [ 282065.11, 4158102.74 ], [ 282061.77, 4158103.73 ], [ 282060.72, 4158105.08 ], [ 282059.6, 4158105.63 ], [ 282057.29, 4158105.63 ], [ 282054.45, 4158107.68 ], [ 282053.77, 4158109.71 ], [ 282065.38, 4158134.61 ], [ 282068.35, 4158133.34 ], [ 282069.28, 4158132.6 ], [ 282069.64, 4158130.05 ], [ 282068.04, 4158128.2 ], [ 282065.78, 4158129.24 ], [ 282065.69, 4158129.28 ], [ 282065.59, 4158129.3 ], [ 282065.5, 4158129.32 ], [ 282065.4, 4158129.33 ] ] ], [ [ [ 282185.91, 4158117.35 ], [ 282183.83, 4158115.85 ], [ 282183.09, 4158114.84 ], [ 282177.83, 4158115.64 ], [ 282177.82, 4158115.68 ], [ 282176.17, 4158117.8 ], [ 282175.37, 4158118.32 ], [ 282167.47, 4158120.29 ], [ 282165.51, 4158121.86 ], [ 282164.34, 4158124.21 ], [ 282163.69, 4158124.86 ], [ 282161.37, 4158126.04 ], [ 282160.47, 4158126.18 ], [ 282158.51, 4158125.85 ], [ 282153.36, 4158128.3 ], [ 282153.27, 4158128.34 ], [ 282153.18, 4158128.37 ], [ 282153.08, 4158128.39 ], [ 282152.99, 4158128.4 ], [ 282152.89, 4158128.4 ], [ 282152.79, 4158128.39 ], [ 282152.69, 4158128.37 ], [ 282152.6, 4158128.34 ], [ 282152.51, 4158128.3 ], [ 282152.42, 4158128.26 ], [ 282152.34, 4158128.2 ], [ 282152.26, 4158128.14 ], [ 282152.2, 4158128.07 ], [ 282152.13, 4158128.0 ], [ 282152.08, 4158127.92 ], [ 282152.03, 4158127.83 ], [ 282150.44, 4158124.51 ], [ 282148.62, 4158124.21 ], [ 282146.37, 4158126.12 ], [ 282147.43, 4158128.52 ], [ 282147.47, 4158128.61 ], [ 282147.49, 4158128.7 ], [ 282147.51, 4158128.8 ], [ 282147.52, 4158128.9 ], [ 282147.52, 4158129.0 ], [ 282147.5, 4158129.09 ], [ 282147.48, 4158129.19 ], [ 282147.45, 4158129.28 ], [ 282147.41, 4158129.37 ], [ 282147.36, 4158129.46 ], [ 282147.31, 4158129.54 ], [ 282147.24, 4158129.61 ], [ 282147.17, 4158129.68 ], [ 282147.09, 4158129.74 ], [ 282147.01, 4158129.79 ], [ 282146.92, 4158129.84 ], [ 282145.82, 4158130.32 ], [ 282148.13, 4158132.63 ], [ 282148.29, 4158132.63 ], [ 282149.18, 4158132.93 ], [ 282151.3, 4158134.59 ], [ 282151.82, 4158135.38 ], [ 282153.56, 4158142.35 ], [ 282156.47, 4158144.63 ], [ 282157.13, 4158144.63 ], [ 282160.13, 4158141.63 ], [ 282160.13, 4158139.22 ], [ 282160.55, 4158138.2 ], [ 282162.71, 4158136.05 ], [ 282163.73, 4158135.63 ], [ 282177.53, 4158135.63 ], [ 282178.55, 4158136.05 ], [ 282180.71, 4158138.2 ], [ 282180.83, 4158138.49 ], [ 282193.11, 4158132.61 ], [ 282191.22, 4158130.71 ], [ 282190.9, 4158130.23 ], [ 282190.24, 4158128.66 ], [ 282190.13, 4158128.09 ], [ 282190.13, 4158125.15 ], [ 282186.62, 4158117.58 ], [ 282185.91, 4158117.35 ] ] ], [ [ [ 282000.66, 4158146.06 ], [ 282002.63, 4158144.85 ], [ 282003.4, 4158144.63 ], [ 282011.21, 4158144.63 ], [ 282011.22, 4158144.57 ], [ 282011.25, 4158144.47 ], [ 282011.29, 4158144.38 ], [ 282011.33, 4158144.3 ], [ 282011.39, 4158144.21 ], [ 282011.45, 4158144.14 ], [ 282011.52, 4158144.07 ], [ 282011.59, 4158144.01 ], [ 282011.68, 4158143.95 ], [ 282011.76, 4158143.9 ], [ 282015.75, 4158142.01 ], [ 282018.04, 4158139.71 ], [ 282018.53, 4158139.39 ], [ 282020.1, 4158138.74 ], [ 282020.67, 4158138.63 ], [ 282022.85, 4158138.63 ], [ 282024.45, 4158137.86 ], [ 282024.54, 4158137.83 ], [ 282024.64, 4158137.8 ], [ 282024.73, 4158137.78 ], [ 282024.83, 4158137.77 ], [ 282024.93, 4158137.77 ], [ 282025.02, 4158137.78 ], [ 282025.12, 4158137.8 ], [ 282025.21, 4158137.82 ], [ 282025.3, 4158137.86 ], [ 282025.39, 4158137.91 ], [ 282025.47, 4158137.96 ], [ 282025.55, 4158138.02 ], [ 282025.62, 4158138.09 ], [ 282025.68, 4158138.17 ], [ 282025.74, 4158138.25 ], [ 282025.78, 4158138.33 ], [ 282025.93, 4158138.65 ], [ 282027.03, 4158138.96 ], [ 282027.18, 4158138.45 ], [ 282029.52, 4158137.14 ], [ 282029.04, 4158136.1 ], [ 282029.0, 4158136.01 ], [ 282028.97, 4158135.91 ], [ 282028.96, 4158135.81 ], [ 282028.95, 4158135.72 ], [ 282028.95, 4158135.62 ], [ 282028.96, 4158135.52 ], [ 282028.98, 4158135.42 ], [ 282029.01, 4158135.33 ], [ 282029.05, 4158135.24 ], [ 282029.1, 4158135.15 ], [ 282029.15, 4158135.07 ], [ 282029.21, 4158135.0 ], [ 282029.29, 4158134.93 ], [ 282029.36, 4158134.87 ], [ 282029.44, 4158134.81 ], [ 282029.53, 4158134.77 ], [ 282032.25, 4158133.53 ], [ 282033.09, 4158132.45 ], [ 282033.89, 4158131.94 ], [ 282037.78, 4158130.96 ], [ 282037.85, 4158130.98 ], [ 282042.49, 4158128.87 ], [ 282042.58, 4158128.83 ], [ 282042.67, 4158128.8 ], [ 282042.77, 4158128.78 ], [ 282042.87, 4158128.78 ], [ 282042.97, 4158128.78 ], [ 282043.06, 4158128.79 ], [ 282043.16, 4158128.81 ], [ 282043.25, 4158128.84 ], [ 282043.34, 4158128.88 ], [ 282043.43, 4158128.92 ], [ 282043.51, 4158128.98 ], [ 282043.58, 4158129.04 ], [ 282043.65, 4158129.11 ], [ 282043.71, 4158129.19 ], [ 282043.77, 4158129.27 ], [ 282043.81, 4158129.36 ], [ 282047.4, 4158137.16 ], [ 282047.44, 4158137.25 ], [ 282047.47, 4158137.34 ], [ 282047.49, 4158137.44 ], [ 282047.49, 4158137.54 ], [ 282047.49, 4158137.64 ], [ 282047.48, 4158137.74 ], [ 282047.46, 4158137.83 ], [ 282047.43, 4158137.93 ], [ 282047.39, 4158138.02 ], [ 282047.35, 4158138.1 ], [ 282047.29, 4158138.18 ], [ 282047.23, 4158138.26 ], [ 282047.16, 4158138.33 ], [ 282047.08, 4158138.39 ], [ 282047.0, 4158138.44 ], [ 282046.91, 4158138.49 ], [ 282040.98, 4158141.19 ], [ 282043.61, 4158144.41 ], [ 282048.55, 4158142.04 ], [ 282048.59, 4158142.02 ], [ 282052.36, 4158140.33 ], [ 282038.28, 4158110.67 ], [ 282033.46, 4158109.29 ], [ 282027.75, 4158112.0 ], [ 282026.22, 4158113.54 ], [ 282025.74, 4158113.86 ], [ 282024.16, 4158114.51 ], [ 282023.59, 4158114.63 ], [ 282022.24, 4158114.63 ], [ 282016.32, 4158117.44 ], [ 282016.13, 4158117.63 ], [ 282016.13, 4158120.03 ], [ 282015.71, 4158121.05 ], [ 282013.55, 4158123.2 ], [ 282012.53, 4158123.63 ], [ 282004.73, 4158123.63 ], [ 282003.96, 4158123.31 ], [ 282000.0, 4158125.19 ], [ 282000.0, 4158146.89 ], [ 282000.12, 4158146.66 ], [ 282000.66, 4158146.06 ] ] ], [ [ [ 282161.59, 4158171.89 ], [ 282161.68, 4158171.9 ], [ 282161.78, 4158171.92 ], [ 282161.87, 4158171.95 ], [ 282161.96, 4158171.99 ], [ 282162.05, 4158172.04 ], [ 282162.13, 4158172.09 ], [ 282162.21, 4158172.16 ], [ 282162.27, 4158172.23 ], [ 282162.34, 4158172.3 ], [ 282162.39, 4158172.38 ], [ 282162.43, 4158172.47 ], [ 282163.7, 4158175.19 ], [ 282164.01, 4158175.5 ], [ 282169.13, 4158173.38 ], [ 282169.13, 4158168.61 ], [ 282169.3, 4158168.13 ], [ 282169.3, 4158168.06 ], [ 282169.3, 4158167.96 ], [ 282169.31, 4158167.86 ], [ 282169.33, 4158167.77 ], [ 282169.36, 4158167.67 ], [ 282169.39, 4158167.58 ], [ 282169.44, 4158167.5 ], [ 282169.5, 4158167.42 ], [ 282169.56, 4158167.34 ], [ 282169.63, 4158167.27 ], [ 282169.71, 4158167.21 ], [ 282169.79, 4158167.16 ], [ 282169.88, 4158167.11 ], [ 282169.96, 4158167.07 ], [ 282171.21, 4158165.55 ], [ 282172.05, 4158165.04 ], [ 282176.13, 4158164.23 ], [ 282188.01, 4158158.75 ], [ 282188.73, 4158158.02 ], [ 282189.35, 4158157.65 ], [ 282191.35, 4158157.05 ], [ 282191.73, 4158157.03 ], [ 282198.06, 4158154.11 ], [ 282198.15, 4158154.08 ], [ 282198.24, 4158154.05 ], [ 282198.34, 4158154.03 ], [ 282198.44, 4158154.02 ], [ 282198.54, 4158154.02 ], [ 282198.63, 4158154.03 ], [ 282198.73, 4158154.05 ], [ 282198.82, 4158154.08 ], [ 282198.91, 4158154.12 ], [ 282199.0, 4158154.17 ], [ 282199.08, 4158154.22 ], [ 282199.15, 4158154.28 ], [ 282199.22, 4158154.35 ], [ 282199.28, 4158154.43 ], [ 282199.34, 4158154.51 ], [ 282199.38, 4158154.6 ], [ 282201.38, 4158158.87 ], [ 282201.54, 4158158.91 ], [ 282205.07, 4158156.02 ], [ 282201.6, 4158148.86 ], [ 282201.16, 4158148.64 ], [ 282200.57, 4158148.1 ], [ 282199.35, 4158146.13 ], [ 282199.13, 4158145.35 ], [ 282199.13, 4158143.76 ], [ 282196.95, 4158139.26 ], [ 282196.25, 4158137.86 ], [ 282169.13, 4158150.86 ], [ 282169.13, 4158156.03 ], [ 282168.71, 4158157.05 ], [ 282166.55, 4158159.2 ], [ 282165.53, 4158159.63 ], [ 282163.13, 4158159.63 ], [ 282160.13, 4158162.63 ], [ 282160.13, 4158168.03 ], [ 282159.58, 4158169.37 ], [ 282160.77, 4158172.14 ], [ 282161.11, 4158171.98 ], [ 282161.2, 4158171.95 ], [ 282161.29, 4158171.92 ], [ 282161.39, 4158171.9 ], [ 282161.49, 4158171.89 ], [ 282161.59, 4158171.89 ] ], [ [ 282186.93, 4158155.97 ], [ 282186.84, 4158156.0 ], [ 282186.74, 4158156.02 ], [ 282186.65, 4158156.03 ], [ 282186.55, 4158156.04 ], [ 282186.45, 4158156.03 ], [ 282186.35, 4158156.01 ], [ 282186.26, 4158155.99 ], [ 282186.17, 4158155.95 ], [ 282186.08, 4158155.91 ], [ 282186.0, 4158155.86 ], [ 282185.92, 4158155.8 ], [ 282185.85, 4158155.73 ], [ 282185.78, 4158155.66 ], [ 282185.72, 4158155.58 ], [ 282185.67, 4158155.49 ], [ 282184.62, 4158153.44 ], [ 282184.58, 4158153.35 ], [ 282184.54, 4158153.26 ], [ 282184.52, 4158153.16 ], [ 282184.51, 4158153.06 ], [ 282184.5, 4158152.97 ], [ 282184.51, 4158152.87 ], [ 282184.53, 4158152.77 ], [ 282184.55, 4158152.68 ], [ 282184.59, 4158152.58 ], [ 282184.63, 4158152.5 ], [ 282184.68, 4158152.41 ], [ 282184.74, 4158152.33 ], [ 282184.81, 4158152.26 ], [ 282184.88, 4158152.2 ], [ 282184.96, 4158152.14 ], [ 282185.05, 4158152.09 ], [ 282190.11, 4158149.49 ], [ 282190.2, 4158149.44 ], [ 282190.29, 4158149.41 ], [ 282190.39, 4158149.39 ], [ 282190.48, 4158149.38 ], [ 282190.58, 4158149.37 ], [ 282190.68, 4158149.38 ], [ 282190.78, 4158149.4 ], [ 282190.87, 4158149.42 ], [ 282190.96, 4158149.46 ], [ 282191.05, 4158149.5 ], [ 282191.13, 4158149.55 ], [ 282191.21, 4158149.61 ], [ 282191.28, 4158149.68 ], [ 282191.35, 4158149.75 ], [ 282191.41, 4158149.83 ], [ 282191.45, 4158149.92 ], [ 282192.51, 4158151.97 ], [ 282192.55, 4158152.06 ], [ 282192.59, 4158152.16 ], [ 282192.61, 4158152.25 ], [ 282192.62, 4158152.35 ], [ 282192.62, 4158152.45 ], [ 282192.62, 4158152.54 ], [ 282192.6, 4158152.64 ], [ 282192.58, 4158152.74 ], [ 282192.54, 4158152.83 ], [ 282192.5, 4158152.92 ], [ 282192.45, 4158153.0 ], [ 282192.39, 4158153.08 ], [ 282192.32, 4158153.15 ], [ 282192.25, 4158153.21 ], [ 282192.17, 4158153.27 ], [ 282192.08, 4158153.32 ], [ 282187.02, 4158155.93 ], [ 282186.93, 4158155.97 ] ] ], [ [ [ 282065.45, 4158150.64 ], [ 282072.51, 4158165.15 ], [ 282074.57, 4158164.15 ], [ 282074.66, 4158164.11 ], [ 282074.75, 4158164.08 ], [ 282074.85, 4158164.06 ], [ 282074.95, 4158164.05 ], [ 282075.05, 4158164.05 ], [ 282075.14, 4158164.05 ], [ 282075.24, 4158164.07 ], [ 282075.33, 4158164.1 ], [ 282075.42, 4158164.14 ], [ 282075.51, 4158164.18 ], [ 282075.59, 4158164.24 ], [ 282075.67, 4158164.3 ], [ 282075.74, 4158164.37 ], [ 282075.8, 4158164.44 ], [ 282075.86, 4158164.52 ], [ 282075.91, 4158164.61 ], [ 282075.99, 4158164.78 ], [ 282077.51, 4158164.04 ], [ 282079.17, 4158160.99 ], [ 282078.44, 4158159.87 ], [ 282076.53, 4158152.22 ], [ 282074.57, 4158150.1 ], [ 282070.01, 4158148.58 ], [ 282069.92, 4158148.51 ], [ 282065.45, 4158150.64 ] ] ], [ [ [ 282052.68, 4158160.93 ], [ 282052.77, 4158160.97 ], [ 282052.85, 4158161.03 ], [ 282052.92, 4158161.09 ], [ 282052.99, 4158161.15 ], [ 282053.06, 4158161.23 ], [ 282053.11, 4158161.31 ], [ 282053.16, 4158161.4 ], [ 282059.88, 4158175.21 ], [ 282063.18, 4158176.31 ], [ 282066.36, 4158174.02 ], [ 282065.1, 4158171.43 ], [ 282065.06, 4158171.34 ], [ 282065.04, 4158171.24 ], [ 282065.01, 4158171.15 ], [ 282065.0, 4158171.05 ], [ 282065.0, 4158170.95 ], [ 282065.01, 4158170.85 ], [ 282065.03, 4158170.76 ], [ 282065.06, 4158170.66 ], [ 282065.09, 4158170.57 ], [ 282065.14, 4158170.48 ], [ 282065.19, 4158170.4 ], [ 282065.26, 4158170.32 ], [ 282065.32, 4158170.25 ], [ 282065.4, 4158170.19 ], [ 282065.48, 4158170.14 ], [ 282065.57, 4158170.09 ], [ 282067.12, 4158169.34 ], [ 282066.93, 4158168.96 ], [ 282066.89, 4158168.87 ], [ 282066.86, 4158168.78 ], [ 282066.84, 4158168.68 ], [ 282066.83, 4158168.58 ], [ 282066.83, 4158168.48 ], [ 282066.84, 4158168.39 ], [ 282066.86, 4158168.29 ], [ 282066.88, 4158168.19 ], [ 282066.92, 4158168.1 ], [ 282066.97, 4158168.02 ], [ 282067.02, 4158167.93 ], [ 282067.08, 4158167.86 ], [ 282067.15, 4158167.79 ], [ 282067.23, 4158167.72 ], [ 282067.31, 4158167.67 ], [ 282067.39, 4158167.62 ], [ 282068.83, 4158166.92 ], [ 282069.19, 4158166.56 ], [ 282062.19, 4158152.16 ], [ 282052.13, 4158156.75 ], [ 282052.13, 4158160.84 ], [ 282052.2, 4158160.84 ], [ 282052.3, 4158160.83 ], [ 282052.4, 4158160.84 ], [ 282052.5, 4158160.86 ], [ 282052.59, 4158160.89 ], [ 282052.68, 4158160.93 ] ] ], [ [ [ 282099.91, 4158177.26 ], [ 282099.34, 4158177.09 ], [ 282097.05, 4158175.35 ], [ 282096.5, 4158174.48 ], [ 282094.61, 4158165.04 ], [ 282091.67, 4158162.63 ], [ 282082.05, 4158162.63 ], [ 282080.13, 4158166.64 ], [ 282087.37, 4158181.49 ], [ 282087.4, 4158181.58 ], [ 282087.43, 4158181.67 ], [ 282087.45, 4158181.77 ], [ 282087.46, 4158181.79 ], [ 282088.92, 4158182.52 ], [ 282099.91, 4158177.26 ] ] ], [ [ [ 282100.12, 4158201.98 ], [ 282100.1, 4158201.88 ], [ 282100.09, 4158201.79 ], [ 282100.09, 4158201.69 ], [ 282100.1, 4158201.59 ], [ 282100.12, 4158201.49 ], [ 282100.15, 4158201.4 ], [ 282100.19, 4158201.31 ], [ 282100.24, 4158201.22 ], [ 282100.3, 4158201.14 ], [ 282100.36, 4158201.07 ], [ 282100.43, 4158201.0 ], [ 282100.51, 4158200.94 ], [ 282100.59, 4158200.88 ], [ 282100.68, 4158200.84 ], [ 282109.97, 4158196.62 ], [ 282117.09, 4158190.52 ], [ 282117.54, 4158190.26 ], [ 282118.99, 4158189.72 ], [ 282119.51, 4158189.63 ], [ 282125.38, 4158189.63 ], [ 282128.36, 4158188.28 ], [ 282128.45, 4158188.24 ], [ 282128.54, 4158188.21 ], [ 282128.64, 4158188.19 ], [ 282128.74, 4158188.19 ], [ 282128.84, 4158188.19 ], [ 282128.93, 4158188.2 ], [ 282129.03, 4158188.22 ], [ 282129.12, 4158188.25 ], [ 282129.21, 4158188.29 ], [ 282129.3, 4158188.34 ], [ 282129.38, 4158188.39 ], [ 282129.45, 4158188.45 ], [ 282129.52, 4158188.52 ], [ 282129.58, 4158188.6 ], [ 282129.64, 4158188.68 ], [ 282129.68, 4158188.77 ], [ 282131.31, 4158192.32 ], [ 282132.42, 4158192.74 ], [ 282131.93, 4158193.69 ], [ 282133.58, 4158197.3 ], [ 282133.62, 4158197.39 ], [ 282133.65, 4158197.48 ], [ 282133.66, 4158197.58 ], [ 282133.67, 4158197.68 ], [ 282133.67, 4158197.77 ], [ 282133.66, 4158197.87 ], [ 282133.64, 4158197.97 ], [ 282133.61, 4158198.06 ], [ 282133.57, 4158198.15 ], [ 282133.52, 4158198.24 ], [ 282133.47, 4158198.32 ], [ 282133.4, 4158198.39 ], [ 282133.33, 4158198.46 ], [ 282133.26, 4158198.52 ], [ 282133.17, 4158198.58 ], [ 282133.09, 4158198.62 ], [ 282132.61, 4158198.84 ], [ 282136.04, 4158200.9 ], [ 282138.55, 4158200.27 ], [ 282139.49, 4158194.86 ], [ 282137.78, 4158193.72 ], [ 282137.29, 4158193.19 ], [ 282136.96, 4158192.56 ], [ 282135.07, 4158191.86 ], [ 282136.13, 4158190.43 ], [ 282136.13, 4158184.22 ], [ 282136.55, 4158183.2 ], [ 282137.38, 4158182.38 ], [ 282136.83, 4158177.71 ], [ 282136.79, 4158177.68 ], [ 282136.07, 4158176.38 ], [ 282133.22, 4158174.85 ], [ 282116.35, 4158176.15 ], [ 282091.13, 4158188.23 ], [ 282091.13, 4158197.72 ], [ 282091.64, 4158199.38 ], [ 282095.25, 4158204.81 ], [ 282099.7, 4158205.42 ], [ 282101.12, 4158204.21 ], [ 282100.18, 4158202.17 ], [ 282100.14, 4158202.08 ], [ 282100.12, 4158201.98 ] ] ] ] } },
{ "type": "Feature", "properties": { "id": "imagery:groundcover_lawn:2148", "name": null, "kind": "groundcover_lawn", "sport": null, "surface": null, "pitch_layout": null, "source": "vgin_vbmp+naip+lidar2025", "source_updated": null, "base_z": null, "top_z": null }, "geometry": { "type": "Polygon", "coordinates": [ [ [ 282101.2, 4158167.66 ], [ 282104.66, 4158167.1 ], [ 282107.27, 4158164.49 ], [ 282108.07, 4158164.08 ], [ 282110.6, 4158163.67 ], [ 282111.49, 4158163.8 ], [ 282119.56, 4158167.84 ], [ 282128.87, 4158163.39 ], [ 282130.13, 4158161.02 ], [ 282130.13, 4158150.17 ], [ 282127.62, 4158147.21 ], [ 282115.16, 4158145.13 ], [ 282113.83, 4158144.37 ], [ 282113.7, 4158144.6 ], [ 282111.16, 4158143.93 ], [ 282112.28, 4158146.26 ], [ 282112.32, 4158146.35 ], [ 282112.35, 4158146.44 ], [ 282112.37, 4158146.54 ], [ 282112.38, 4158146.64 ], [ 282112.38, 4158146.73 ], [ 282112.37, 4158146.83 ], [ 282112.35, 4158146.93 ], [ 282112.32, 4158147.02 ], [ 282112.28, 4158147.11 ], [ 282112.24, 4158147.2 ], [ 282112.18, 4158147.28 ], [ 282112.12, 4158147.36 ], [ 282112.05, 4158147.43 ], [ 282111.98, 4158147.49 ], [ 282111.89, 4158147.55 ], [ 282111.81, 4158147.59 ], [ 282108.41, 4158149.21 ], [ 282107.17, 4158150.8 ], [ 282106.37, 4158151.32 ], [ 282101.33, 4158152.58 ], [ 282100.49, 4158152.98 ], [ 282100.4, 4158153.01 ], [ 282100.31, 4158153.04 ], [ 282100.21, 4158153.06 ], [ 282100.11, 4158153.07 ], [ 282100.01, 4158153.07 ], [ 282099.92, 4158153.06 ], [ 282099.87, 4158153.05 ], [ 282097.13, 4158155.76 ], [ 282097.13, 4158163.77 ], [ 282098.79, 4158166.45 ], [ 282101.2, 4158167.66 ] ] ] } },
{ "type": "Feature", "properties": { "id": "richmond_structure:267006", "name": null, "kind": "deck", "sport": null, "surface": null, "pitch_layout": null, "source": "richmond_structures", "source_updated": "2026-09-08T12:07:13.637000Z", "base_z": null, "top_z": null }, "geometry": { "type": "Polygon", "coordinates": [ [ [ 282091.93, 4158157.25 ], [ 282090.75, 4158154.8 ], [ 282087.82, 4158156.21 ], [ 282089.01, 4158158.67 ], [ 282091.93, 4158157.25 ] ] ] } },
{ "type": "Feature", "properties": { "id": "richmond_structure:260748", "name": null, "kind": "deck", "sport": null, "surface": null, "pitch_layout": null, "source": "richmond_structures", "source_updated": "2026-09-08T12:07:13.637000Z", "base_z": null, "top_z": null }, "geometry": { "type": "Polygon", "coordinates": [ [ [ 282156.72, 4158175.97 ], [ 282161.04, 4158173.9 ], [ 282159.98, 4158171.67 ], [ 282155.65, 4158173.75 ], [ 282156.72, 4158175.97 ] ] ] } },
{ "type": "Feature", "properties": { "id": "richmond_structure:409829", "name": null, "kind": "deck", "sport": null, "surface": null, "pitch_layout": null, "source": "richmond_structures", "source_updated": "2026-09-08T12:07:13.637000Z", "base_z": null, "top_z": null }, "geometry": { "type": "Polygon", "coordinates": [ [ [ 282146.9, 4158180.06 ], [ 282151.71, 4158177.76 ], [ 282150.99, 4158176.26 ], [ 282146.18, 4158178.56 ], [ 282146.9, 4158180.06 ] ] ] } },
{ "type": "Feature", "properties": { "id": "richmond_structure:260751", "name": null, "kind": "deck", "sport": null, "surface": null, "pitch_layout": null, "source": "richmond_structures", "source_updated": "2026-09-08T12:07:13.637000Z", "base_z": null, "top_z": null }, "geometry": { "type": "Polygon", "coordinates": [ [ [ 282142.16, 4158182.93 ], [ 282146.19, 4158181.0 ], [ 282144.99, 4158178.5 ], [ 282140.96, 4158180.43 ], [ 282142.16, 4158182.93 ] ] ] } },
{ "type": "Feature", "properties": { "id": "richmond_structure:260752", "name": null, "kind": "deck", "sport": null, "surface": null, "pitch_layout": null, "source": "richmond_structures", "source_updated": "2026-09-08T12:07:13.637000Z", "base_z": null, "top_z": null }, "geometry": { "type": "Polygon", "coordinates": [ [ [ 282136.7, 4158185.54 ], [ 282140.91, 4158183.53 ], [ 282139.93, 4158181.47 ], [ 282135.72, 4158183.49 ], [ 282136.7, 4158185.54 ] ] ] } },
{ "type": "Feature", "properties": { "id": "richmond_structure:409830", "name": null, "kind": "deck", "sport": null, "surface": null, "pitch_layout": null, "source": "richmond_structures", "source_updated": "2026-09-08T12:07:13.637000Z", "base_z": null, "top_z": null }, "geometry": { "type": "Polygon", "coordinates": [ [ [ 282119.16, 4158193.27 ], [ 282123.0, 4158191.49 ], [ 282122.27, 4158189.92 ], [ 282118.43, 4158191.69 ], [ 282119.16, 4158193.27 ] ] ] } },
{ "type": "Feature", "properties": { "id": "richmond_structure:409831", "name": null, "kind": "deck", "sport": null, "surface": null, "pitch_layout": null, "source": "richmond_structures", "source_updated": "2026-09-08T12:07:13.637000Z", "base_z": null, "top_z": null }, "geometry": { "type": "Polygon", "coordinates": [ [ [ 282109.47, 4158198.41 ], [ 282112.67, 4158196.93 ], [ 282111.75, 4158195.04 ], [ 282108.58, 4158196.57 ], [ 282109.47, 4158198.41 ] ] ] } },
{ "type": "Feature", "properties": { "id": "richmond_structure:260755", "name": null, "kind": "deck", "sport": null, "surface": null, "pitch_layout": null, "source": "richmond_structures", "source_updated": "2026-09-08T12:07:13.637000Z", "base_z": null, "top_z": null }, "geometry": { "type": "Polygon", "coordinates": [ [ [ 282080.51, 4158212.47 ], [ 282084.05, 4158210.84 ], [ 282083.12, 4158208.82 ], [ 282079.58, 4158210.45 ], [ 282080.51, 4158212.47 ] ] ] } },
{ "type": "Feature", "properties": { "id": "richmond_structure:409045", "name": null, "kind": "deck", "sport": null, "surface": null, "pitch_layout": null, "source": "richmond_structures", "source_updated": "2026-09-08T12:07:13.637000Z", "base_z": null, "top_z": null }, "geometry": { "type": "Polygon", "coordinates": [ [ [ 282000.0, 4158127.01 ], [ 282000.0, 4158131.12 ], [ 282002.13, 4158130.12 ], [ 282000.55, 4158126.75 ], [ 282000.0, 4158127.01 ] ] ] } },
{ "type": "Feature", "properties": { "id": "richmond_structure:409044", "name": null, "kind": "deck", "sport": null, "surface": null, "pitch_layout": null, "source": "richmond_structures", "source_updated": "2026-09-08T12:07:13.637000Z", "base_z": null, "top_z": null }, "geometry": { "type": "Polygon", "coordinates": [ [ [ 282001.5, 4158144.99 ], [ 282002.74, 4158147.59 ], [ 282009.11, 4158144.56 ], [ 282007.87, 4158141.96 ], [ 282001.5, 4158144.99 ] ] ] } },
{ "type": "Feature", "properties": { "id": "osm:way/365879077", "name": null, "kind": "parking", "sport": null, "surface": null, "pitch_layout": null, "source": null, "source_updated": null, "base_z": null, "top_z": null }, "geometry": { "type": "Polygon", "coordinates": [ [ [ 282019.61, 4158213.88 ], [ 282049.84, 4158201.25 ], [ 282032.4, 4158166.61 ], [ 282003.21, 4158180.39 ], [ 282019.61, 4158213.88 ] ] ] } },
{ "type": "Feature", "properties": { "id": "richmond_structure:260758", "name": null, "kind": "deck", "sport": null, "surface": null, "pitch_layout": null, "source": "richmond_structures", "source_updated": "2026-09-08T12:07:13.637000Z", "base_z": null, "top_z": null }, "geometry": { "type": "Polygon", "coordinates": [ [ [ 282059.68, 4158222.29 ], [ 282065.01, 4158219.84 ], [ 282064.17, 4158217.99 ], [ 282058.83, 4158220.44 ], [ 282059.68, 4158222.29 ] ] ] } },
{ "type": "Feature", "properties": { "id": "imagery:groundcover_lawn:2134", "name": null, "kind": "groundcover_lawn", "sport": null, "surface": null, "pitch_layout": null, "source": "vgin_vbmp+naip+lidar2025", "source_updated": null, "base_z": null, "top_z": null }, "geometry": { "type": "MultiPolygon", "coordinates": [ [ [ [ 282007.73, 4158189.63 ], [ 282006.48, 4158189.11 ], [ 282003.85, 4158189.91 ], [ 282004.65, 4158187.27 ], [ 282004.13, 4158186.03 ], [ 282004.13, 4158182.28 ], [ 282003.21, 4158180.39 ], [ 282004.13, 4158179.95 ], [ 282004.13, 4158179.63 ], [ 282000.0, 4158181.64 ], [ 282000.0, 4158187.75 ], [ 282000.22, 4158187.65 ], [ 282000.31, 4158187.62 ], [ 282000.4, 4158187.59 ], [ 282000.5, 4158187.57 ], [ 282000.6, 4158187.56 ], [ 282000.69, 4158187.57 ], [ 282000.79, 4158187.58 ], [ 282000.89, 4158187.6 ], [ 282000.98, 4158187.63 ], [ 282001.07, 4158187.67 ], [ 282001.16, 4158187.72 ], [ 282001.24, 4158187.77 ], [ 282001.31, 4158187.83 ], [ 282001.38, 4158187.91 ], [ 282001.44, 4158187.98 ], [ 282001.49, 4158188.06 ], [ 282001.54, 4158188.15 ], [ 282002.75, 4158190.84 ], [ 282002.9, 4158190.85 ], [ 282002.94, 4158191.26 ], [ 282004.74, 4158195.23 ], [ 282004.78, 4158195.32 ], [ 282004.8, 4158195.42 ], [ 282004.82, 4158195.51 ], [ 282004.83, 4158195.61 ], [ 282004.83, 4158195.71 ], [ 282004.81, 4158195.81 ], [ 282004.79, 4158195.9 ], [ 282004.76, 4158196.0 ], [ 282004.72, 4158196.09 ], [ 282004.68, 4158196.17 ], [ 282004.62, 4158196.25 ], [ 282004.56, 4158196.33 ], [ 282004.49, 4158196.4 ], [ 282004.41, 4158196.46 ], [ 282004.33, 4158196.51 ], [ 282004.24, 4158196.55 ], [ 282002.6, 4158197.29 ], [ 282001.98, 4158200.37 ], [ 282002.19, 4158200.83 ], [ 282002.22, 4158200.92 ], [ 282002.25, 4158201.01 ], [ 282002.27, 4158201.11 ], [ 282002.28, 4158201.21 ], [ 282002.28, 4158201.3 ], [ 282002.26, 4158201.4 ], [ 282002.24, 4158201.5 ], [ 282002.21, 4158201.59 ], [ 282002.17, 4158201.68 ], [ 282002.13, 4158201.77 ], [ 282002.07, 4158201.85 ], [ 282002.01, 4158201.92 ], [ 282001.94, 4158201.99 ], [ 282001.86, 4158202.05 ], [ 282001.78, 4158202.11 ], [ 282001.69, 4158202.15 ], [ 282001.36, 4158202.3 ], [ 282001.21, 4158202.54 ], [ 282000.0, 4158203.54 ], [ 282000.0, 4158212.04 ], [ 282001.66, 4158215.6 ], [ 282001.7, 4158215.7 ], [ 282001.72, 4158215.79 ], [ 282001.74, 4158215.89 ], [ 282001.75, 4158215.98 ], [ 282001.75, 4158216.08 ], [ 282001.74, 4158216.18 ], [ 282001.72, 4158216.28 ], [ 282001.69, 4158216.37 ], [ 282001.65, 4158216.46 ], [ 282001.61, 4158216.55 ], [ 282001.55, 4158216.63 ], [ 282001.49, 4158216.7 ], [ 282001.42, 4158216.77 ], [ 282001.34, 4158216.83 ], [ 282001.26, 4158216.89 ], [ 282001.18, 4158216.93 ], [ 282000.0, 4158217.48 ], [ 282000.0, 4158222.56 ], [ 282019.48, 4158213.61 ], [ 282013.58, 4158201.56 ], [ 282012.71, 4158201.2 ], [ 282010.55, 4158199.05 ], [ 282010.13, 4158198.03 ], [ 282010.13, 4158194.53 ], [ 282007.73, 4158189.63 ] ] ], [ [ [ 282006.63, 4158241.38 ], [ 282007.13, 4158239.72 ], [ 282007.13, 4158226.96 ], [ 282007.65, 4158225.86 ], [ 282007.92, 4158225.64 ], [ 282000.0, 4158229.28 ], [ 282000.0, 4158247.85 ], [ 282003.4, 4158246.22 ], [ 282006.63, 4158241.38 ] ] ] ] } },
{ "type": "Feature", "properties": { "id": "richmond_structure:260760", "name": null, "kind": "deck", "sport": null, "surface": null, "pitch_layout": null, "source": "richmond_structures", "source_updated": "2026-09-08T12:07:13.637000Z", "base_z": null, "top_z": null }, "geometry": { "type": "Polygon", "coordinates": [ [ [ 282050.67, 4158226.57 ], [ 282054.17, 4158224.91 ], [ 282053.25, 4158222.98 ], [ 282049.76, 4158224.64 ], [ 282050.67, 4158226.57 ] ] ] } },
{ "type": "Feature", "properties": { "id": "richmond_structure:260761", "name": null, "kind": "deck", "sport": null, "surface": null, "pitch_layout": null, "source": "richmond_structures", "source_updated": "2026-09-08T12:07:13.637000Z", "base_z": null, "top_z": null }, "geometry": { "type": "Polygon", "coordinates": [ [ [ 282043.08, 4158229.55 ], [ 282048.79, 4158226.84 ], [ 282048.15, 4158225.5 ], [ 282042.44, 4158228.21 ], [ 282043.08, 4158229.55 ] ] ] } },
{ "type": "Feature", "properties": { "id": "richmond_structure:260762", "name": null, "kind": "deck", "sport": null, "surface": null, "pitch_layout": null, "source": "richmond_structures", "source_updated": "2026-09-08T12:07:13.637000Z", "base_z": null, "top_z": null }, "geometry": { "type": "Polygon", "coordinates": [ [ [ 282039.77, 4158231.82 ], [ 282043.35, 4158230.12 ], [ 282042.43, 4158228.18 ], [ 282038.85, 4158229.89 ], [ 282039.77, 4158231.82 ] ] ] } },
{ "type": "Feature", "properties": { "id": "richmond_structure:260763", "name": null, "kind": "deck", "sport": null, "surface": null, "pitch_layout": null, "source": "richmond_structures", "source_updated": "2026-09-08T12:07:13.637000Z", "base_z": null, "top_z": null }, "geometry": { "type": "Polygon", "coordinates": [ [ [ 282034.81, 4158234.17 ], [ 282037.55, 4158232.87 ], [ 282036.75, 4158231.2 ], [ 282034.02, 4158232.5 ], [ 282034.81, 4158234.17 ] ] ] } },
{ "type": "Feature", "properties": { "id": "imagery:groundcover_lawn:2102", "name": null, "kind": "groundcover_lawn", "sport": null, "surface": null, "pitch_layout": null, "source": "vgin_vbmp+naip+lidar2025", "source_updated": null, "base_z": null, "top_z": null }, "geometry": { "type": "Polygon", "coordinates": [ [ [ 282073.72, 4158233.45 ], [ 282073.96, 4158232.97 ], [ 282071.28, 4158228.63 ], [ 282069.19, 4158228.63 ], [ 282064.68, 4158230.65 ], [ 282064.59, 4158230.68 ], [ 282064.5, 4158230.71 ], [ 282064.4, 4158230.73 ], [ 282064.3, 4158230.73 ], [ 282064.2, 4158230.73 ], [ 282064.11, 4158230.72 ], [ 282064.01, 4158230.7 ], [ 282063.92, 4158230.67 ], [ 282063.83, 4158230.63 ], [ 282063.74, 4158230.58 ], [ 282063.66, 4158230.53 ], [ 282063.59, 4158230.46 ], [ 282063.52, 4158230.39 ], [ 282063.46, 4158230.32 ], [ 282063.41, 4158230.23 ], [ 282063.36, 4158230.15 ], [ 282062.68, 4158228.63 ], [ 282061.13, 4158228.63 ], [ 282059.39, 4158230.37 ], [ 282060.25, 4158232.34 ], [ 282060.29, 4158232.43 ], [ 282060.32, 4158232.52 ], [ 282060.33, 4158232.62 ], [ 282060.34, 4158232.72 ], [ 282060.34, 4158232.82 ], [ 282060.32, 4158232.91 ], [ 282060.3, 4158233.01 ], [ 282060.27, 4158233.1 ], [ 282060.23, 4158233.19 ], [ 282060.18, 4158233.28 ], [ 282060.12, 4158233.36 ], [ 282060.06, 4158233.43 ], [ 282059.99, 4158233.5 ], [ 282059.91, 4158233.56 ], [ 282059.83, 4158233.61 ], [ 282059.74, 4158233.66 ], [ 282058.13, 4158234.36 ], [ 282058.13, 4158234.93 ], [ 282061.96, 4158237.82 ], [ 282069.06, 4158235.79 ], [ 282073.34, 4158233.76 ], [ 282073.72, 4158233.45 ] ] ] } },
{ "type": "Feature", "properties": { "id": "richmond_structure:409832", "name": null, "kind": "deck", "sport": null, "surface": null, "pitch_layout": null, "source": "richmond_structures", "source_updated": "2026-09-08T12:07:13.637000Z", "base_z": null, "top_z": null }, "geometry": { "type": "Polygon", "coordinates": [ [ [ 282074.45, 4158212.74 ], [ 282075.4, 4158214.81 ], [ 282079.35, 4158213.0 ], [ 282078.4, 4158210.92 ], [ 282074.45, 4158212.74 ] ] ] } },
{ "type": "Feature", "properties": { "id": "richmond_structure:260756", "name": null, "kind": "deck", "sport": null, "surface": null, "pitch_layout": null, "source": "richmond_structures", "source_updated": "2026-09-08T12:07:13.637000Z", "base_z": null, "top_z": null }, "geometry": { "type": "Polygon", "coordinates": [ [ [ 282070.88, 4158216.3 ], [ 282074.5, 4158214.64 ], [ 282073.83, 4158213.19 ], [ 282070.22, 4158214.86 ], [ 282070.88, 4158216.3 ] ] ] } },
{ "type": "Feature", "properties": { "id": "richmond_structure:260757", "name": null, "kind": "deck", "sport": null, "surface": null, "pitch_layout": null, "source": "richmond_structures", "source_updated": "2026-09-08T12:07:13.637000Z", "base_z": null, "top_z": null }, "geometry": { "type": "Polygon", "coordinates": [ [ [ 282065.01, 4158219.84 ], [ 282068.97, 4158218.02 ], [ 282068.12, 4158216.17 ], [ 282064.17, 4158217.99 ], [ 282065.01, 4158219.84 ] ] ] } },
{ "type": "Feature", "properties": { "id": "richmond_structure:265129", "name": null, "kind": "deck", "sport": null, "surface": null, "pitch_layout": null, "source": "richmond_structures", "source_updated": "2026-09-08T12:07:13.637000Z", "base_z": null, "top_z": null }, "geometry": { "type": "Polygon", "coordinates": [ [ [ 282150.14, 4158235.33 ], [ 282149.65, 4158234.29 ], [ 282151.08, 4158233.61 ], [ 282149.91, 4158231.13 ], [ 282145.43, 4158233.25 ], [ 282147.09, 4158236.77 ], [ 282150.14, 4158235.33 ] ] ] } },
{ "type": "Feature", "properties": { "id": "richmond_structure:409935", "name": null, "kind": "deck", "sport": null, "surface": null, "pitch_layout": null, "source": "richmond_structures", "source_updated": "2026-09-08T12:07:13.637000Z", "base_z": null, "top_z": null }, "geometry": { "type": "Polygon", "coordinates": [ [ [ 282131.83, 4158242.05 ], [ 282131.47, 4158242.23 ], [ 282132.05, 4158243.59 ], [ 282134.48, 4158242.33 ], [ 282136.67, 4158246.65 ], [ 282139.08, 4158245.51 ], [ 282135.56, 4158238.05 ], [ 282130.87, 4158240.25 ], [ 282131.83, 4158242.05 ] ] ] } },
{ "type": "Feature", "properties": { "id": "imagery:groundcover_lawn:2090", "name": null, "kind": "groundcover_lawn", "sport": null, "surface": null, "pitch_layout": null, "source": "vgin_vbmp+naip+lidar2025", "source_updated": null, "base_z": null, "top_z": null }, "geometry": { "type": "Polygon", "coordinates": [ [ [ 282076.85, 4158248.3 ], [ 282073.32, 4158250.0 ], [ 282077.45, 4158250.0 ], [ 282076.99, 4158248.34 ], [ 282076.85, 4158248.3 ] ] ] } },
{ "type": "Feature", "properties": { "id": "richmond_structure:260765", "name": null, "kind": "deck", "sport": null, "surface": null, "pitch_layout": null, "source": "richmond_structures", "source_updated": "2026-09-08T12:07:13.637000Z", "base_z": null, "top_z": null }, "geometry": { "type": "Polygon", "coordinates": [ [ [ 282025.49, 4158236.05 ], [ 282026.48, 4158238.13 ], [ 282030.86, 4158236.05 ], [ 282029.87, 4158233.97 ], [ 282025.49, 4158236.05 ] ] ] } },
{ "type": "Feature", "properties": { "id": "richmond_structure:263921", "name": null, "kind": "deck", "sport": null, "surface": null, "pitch_layout": null, "source": "richmond_structures", "source_updated": "2026-09-08T12:07:13.637000Z", "base_z": null, "top_z": null }, "geometry": { "type": "Polygon", "coordinates": [ [ [ 282016.51, 4158242.88 ], [ 282021.16, 4158240.68 ], [ 282020.18, 4158238.61 ], [ 282015.53, 4158240.8 ], [ 282016.51, 4158242.88 ] ] ] } },
{ "type": "Feature", "properties": { "id": "richmond_structure:409833", "name": null, "kind": "deck", "sport": null, "surface": null, "pitch_layout": null, "source": "richmond_structures", "source_updated": "2026-09-08T12:07:13.637000Z", "base_z": null, "top_z": null }, "geometry": { "type": "Polygon", "coordinates": [ [ [ 282013.08, 4158244.5 ], [ 282015.35, 4158243.43 ], [ 282014.53, 4158241.53 ], [ 282012.22, 4158242.54 ], [ 282013.08, 4158244.5 ] ] ] } },
{ "type": "Feature", "properties": { "id": "richmond_structure:409834", "name": null, "kind": "deck", "sport": null, "surface": null, "pitch_layout": null, "source": "richmond_structures", "source_updated": "2026-09-08T12:07:13.637000Z", "base_z": null, "top_z": null }, "geometry": { "type": "Polygon", "coordinates": [ [ [ 282006.75, 4158246.97 ], [ 282010.77, 4158245.07 ], [ 282010.31, 4158243.88 ], [ 282006.21, 4158245.82 ], [ 282006.75, 4158246.97 ] ] ] } },
{ "type": "Feature", "properties": { "id": "richmond_structure:263922", "name": null, "kind": "deck", "sport": null, "surface": null, "pitch_layout": null, "source": "richmond_structures", "source_updated": "2026-09-08T12:07:13.637000Z", "base_z": null, "top_z": null }, "geometry": { "type": "Polygon", "coordinates": [ [ [ 282002.42, 4158249.79 ], [ 282006.24, 4158247.98 ], [ 282005.21, 4158245.79 ], [ 282001.32, 4158247.62 ], [ 282002.42, 4158249.79 ] ] ] } },
{ "type": "Feature", "properties": { "id": "richmond_structure:263923", "name": null, "kind": "deck", "sport": null, "surface": null, "pitch_layout": null, "source": "richmond_structures", "source_updated": "2026-09-08T12:07:13.637000Z", "base_z": null, "top_z": null }, "geometry": { "type": "Polygon", "coordinates": [ [ [ 282000.0, 4158250.0 ], [ 282001.98, 4158250.0 ], [ 282002.42, 4158249.79 ], [ 282001.32, 4158247.62 ], [ 282000.0, 4158248.25 ], [ 282000.0, 4158250.0 ] ] ] } },
{ "type": "Feature", "properties": { "id": "richmond_structure:410437", "name": null, "kind": "deck", "sport": null, "surface": null, "pitch_layout": null, "source": "richmond_structures", "source_updated": "2026-09-08T12:07:13.637000Z", "base_z": null, "top_z": null }, "geometry": { "type": "Polygon", "coordinates": [ [ [ 282224.69, 4158239.95 ], [ 282224.24, 4158240.16 ], [ 282225.19, 4158242.31 ], [ 282227.53, 4158241.15 ], [ 282225.84, 4158237.49 ], [ 282223.96, 4158238.35 ], [ 282224.69, 4158239.95 ] ] ] } },
{ "type": "Feature", "properties": { "id": "imagery:groundcover_lawn:2104", "name": null, "kind": "groundcover_lawn", "sport": null, "surface": null, "pitch_layout": null, "source": "vgin_vbmp+naip+lidar2025", "source_updated": null, "base_z": null, "top_z": null }, "geometry": { "type": "Polygon", "coordinates": [ [ [ 282234.87, 4158231.9 ], [ 282234.97, 4158231.87 ], [ 282235.07, 4158231.85 ], [ 282235.16, 4158231.84 ], [ 282235.26, 4158231.85 ], [ 282235.36, 4158231.86 ], [ 282235.45, 4158231.88 ], [ 282235.55, 4158231.91 ], [ 282235.64, 4158231.95 ], [ 282235.72, 4158231.99 ], [ 282235.8, 4158232.05 ], [ 282235.88, 4158232.11 ], [ 282235.95, 4158232.18 ], [ 282236.01, 4158232.26 ], [ 282236.06, 4158232.34 ], [ 282236.11, 4158232.43 ], [ 282237.44, 4158235.34 ], [ 282238.6, 4158236.06 ], [ 282239.15, 4158236.66 ], [ 282243.74, 4158245.84 ], [ 282243.85, 4158246.16 ], [ 282244.09, 4158247.16 ], [ 282244.13, 4158247.51 ], [ 282244.13, 4158249.99 ], [ 282244.14, 4158250.0 ], [ 282249.54, 4158250.0 ], [ 282238.41, 4158225.32 ], [ 282235.77, 4158224.18 ], [ 282231.81, 4158225.79 ], [ 282231.71, 4158226.05 ], [ 282229.55, 4158228.2 ], [ 282227.98, 4158228.85 ], [ 282226.19, 4158232.21 ], [ 282229.04, 4158234.55 ], [ 282234.78, 4158231.93 ], [ 282234.87, 4158231.9 ] ] ] } },
{ "type": "Feature", "properties": { "id": "richmond_structure:409932", "name": null, "kind": "deck", "sport": null, "surface": null, "pitch_layout": null, "source": "richmond_structures", "source_updated": "2026-09-08T12:07:13.637000Z", "base_z": null, "top_z": null }, "geometry": { "type": "Polygon", "coordinates": [ [ [ 282227.35, 4158250.0 ], [ 282230.97, 4158250.0 ], [ 282229.27, 4158246.33 ], [ 282226.47, 4158247.9 ], [ 282227.35, 4158250.0 ] ] ] } },
{ "type": "Feature", "properties": { "id": "imagery:groundcover_paved:2792", "name": null, "kind": "groundcover_paved", "sport": null, "surface": null, "pitch_layout": null, "source": "vgin_vbmp+naip+lidar2025", "source_updated": null, "base_z": null, "top_z": null }, "geometry": { "type": "MultiPolygon", "coordinates": [ [ [ [ 282171.73, 4158000.49 ], [ 282171.94, 4158000.71 ], [ 282172.24, 4158001.1 ], [ 282172.51, 4158001.51 ], [ 282172.73, 4158001.95 ], [ 282173.36, 4158003.34 ], [ 282173.54, 4158003.8 ], [ 282173.67, 4158004.27 ], [ 282173.76, 4158004.75 ], [ 282173.8, 4158005.24 ], [ 282173.79, 4158005.64 ], [ 282173.85, 4158005.73 ], [ 282174.08, 4158006.17 ], [ 282176.32, 4158011.12 ], [ 282176.5, 4158011.57 ], [ 282176.64, 4158012.05 ], [ 282176.72, 4158012.53 ], [ 282176.76, 4158013.02 ], [ 282176.76, 4158013.23 ], [ 282177.16, 4158013.36 ], [ 282177.61, 4158013.56 ], [ 282178.04, 4158013.81 ], [ 282178.43, 4158014.09 ], [ 282178.8, 4158014.41 ], [ 282179.14, 4158014.77 ], [ 282179.44, 4158015.15 ], [ 282179.7, 4158015.57 ], [ 282179.92, 4158016.0 ], [ 282180.62, 4158017.61 ], [ 282180.8, 4158018.07 ], [ 282180.93, 4158018.54 ], [ 282180.94, 4158018.63 ], [ 282186.53, 4158018.63 ], [ 282187.55, 4158019.05 ], [ 282188.68, 4158020.17 ], [ 282178.96, 4158000.0 ], [ 282171.89, 4158000.0 ], [ 282171.77, 4158000.4 ], [ 282171.73, 4158000.49 ] ] ], [ [ [ 282137.66, 4158032.86 ], [ 282136.45, 4158033.97 ], [ 282135.94, 4158034.79 ], [ 282135.23, 4158035.38 ], [ 282133.25, 4158036.15 ], [ 282131.71, 4158035.71 ], [ 282130.43, 4158034.02 ], [ 282130.13, 4158033.14 ], [ 282130.13, 4158023.9 ], [ 282130.35, 4158023.12 ], [ 282131.57, 4158021.15 ], [ 282132.16, 4158020.61 ], [ 282134.61, 4158019.39 ], [ 282135.82, 4158018.28 ], [ 282136.32, 4158017.46 ], [ 282137.04, 4158016.87 ], [ 282139.01, 4158016.1 ], [ 282139.74, 4158016.31 ], [ 282137.86, 4158012.34 ], [ 282137.23, 4158011.96 ], [ 282111.68, 4158023.88 ], [ 282146.35, 4158096.65 ], [ 282146.58, 4158096.71 ], [ 282172.13, 4158084.75 ], [ 282172.14, 4158084.74 ], [ 282169.57, 4158079.31 ], [ 282168.77, 4158079.89 ], [ 282167.5, 4158080.08 ], [ 282166.2, 4158079.65 ], [ 282162.35, 4158081.77 ], [ 282160.82, 4158087.87 ], [ 282160.3, 4158088.66 ], [ 282158.18, 4158090.32 ], [ 282157.29, 4158090.63 ], [ 282149.67, 4158090.63 ], [ 282149.1, 4158090.51 ], [ 282147.53, 4158089.86 ], [ 282147.04, 4158089.54 ], [ 282140.22, 4158082.71 ], [ 282139.9, 4158082.23 ], [ 282139.24, 4158080.66 ], [ 282139.13, 4158080.09 ], [ 282139.13, 4158064.11 ], [ 282138.98, 4158063.16 ], [ 282133.76, 4158047.52 ], [ 282133.74, 4158046.67 ], [ 282134.26, 4158044.76 ], [ 282135.4, 4158043.77 ], [ 282137.37, 4158043.52 ], [ 282138.21, 4158043.66 ], [ 282147.02, 4158048.07 ], [ 282149.31, 4158048.23 ], [ 282154.1, 4158046.64 ], [ 282148.55, 4158034.91 ], [ 282148.39, 4158034.98 ], [ 282146.45, 4158034.59 ], [ 282145.7, 4158034.19 ], [ 282143.66, 4158032.15 ], [ 282140.2, 4158031.59 ], [ 282137.66, 4158032.86 ] ] ], [ [ [ 282087.71, 4158070.05 ], [ 282087.09, 4158070.67 ], [ 282087.29, 4158070.86 ], [ 282087.61, 4158071.21 ], [ 282087.89, 4158071.6 ], [ 282088.14, 4158072.01 ], [ 282089.73, 4158074.98 ], [ 282089.94, 4158075.42 ], [ 282090.03, 4158075.68 ], [ 282115.32, 4158063.66 ], [ 282114.7, 4158062.39 ], [ 282114.7, 4158062.38 ], [ 282112.13, 4158057.1 ], [ 282112.13, 4158061.35 ], [ 282111.91, 4158062.13 ], [ 282110.69, 4158064.1 ], [ 282110.1, 4158064.64 ], [ 282109.35, 4158065.02 ], [ 282108.25, 4158065.1 ], [ 282105.36, 4158064.13 ], [ 282104.52, 4158063.41 ], [ 282103.96, 4158062.28 ], [ 282101.28, 4158060.63 ], [ 282097.62, 4158060.63 ], [ 282096.67, 4158060.78 ], [ 282090.18, 4158062.94 ], [ 282088.13, 4158065.79 ], [ 282088.13, 4158069.03 ], [ 282087.71, 4158070.05 ] ] ], [ [ [ 282114.16, 4158071.61 ], [ 282115.77, 4158070.8 ], [ 282116.66, 4158070.67 ], [ 282118.9, 4158071.03 ], [ 282118.02, 4158069.23 ], [ 282117.99, 4158069.15 ], [ 282084.61, 4158085.01 ], [ 282084.64, 4158085.03 ], [ 282085.0, 4158085.37 ], [ 282085.33, 4158085.73 ], [ 282085.62, 4158086.13 ], [ 282085.87, 4158086.55 ], [ 282086.07, 4158086.99 ], [ 282089.17, 4158094.6 ], [ 282089.33, 4158095.06 ], [ 282089.44, 4158095.54 ], [ 282089.46, 4158095.63 ], [ 282089.92, 4158095.78 ], [ 282090.37, 4158095.98 ], [ 282090.8, 4158096.22 ], [ 282091.2, 4158096.5 ], [ 282091.58, 4158096.81 ], [ 282091.92, 4158097.16 ], [ 282092.22, 4158097.55 ], [ 282092.31, 4158097.68 ], [ 282092.55, 4158097.55 ], [ 282091.71, 4158091.7 ], [ 282092.05, 4158090.56 ], [ 282094.16, 4158088.12 ], [ 282095.24, 4158087.63 ], [ 282097.13, 4158087.63 ], [ 282099.9, 4158085.77 ], [ 282100.55, 4158084.2 ], [ 282102.71, 4158082.05 ], [ 282103.73, 4158081.63 ], [ 282109.13, 4158081.63 ], [ 282112.13, 4158078.63 ], [ 282112.13, 4158074.9 ], [ 282112.35, 4158074.12 ], [ 282113.57, 4158072.15 ], [ 282114.16, 4158071.61 ] ] ], [ [ [ 282136.5, 4158138.67 ], [ 282136.02, 4158138.75 ], [ 282135.53, 4158138.79 ], [ 282135.04, 4158138.77 ], [ 282134.56, 4158138.71 ], [ 282134.08, 4158138.6 ], [ 282133.62, 4158138.45 ], [ 282133.22, 4158138.27 ], [ 282133.1, 4158138.57 ], [ 282132.88, 4158139.01 ], [ 282132.62, 4158139.43 ], [ 282132.31, 4158139.81 ], [ 282131.97, 4158140.17 ], [ 282131.6, 4158140.49 ], [ 282131.2, 4158140.77 ], [ 282130.77, 4158141.01 ], [ 282121.92, 4158145.42 ], [ 282124.13, 4158147.63 ], [ 282126.53, 4158147.63 ], [ 282127.55, 4158148.05 ], [ 282129.71, 4158150.2 ], [ 282130.13, 4158151.22 ], [ 282130.13, 4158161.09 ], [ 282130.02, 4158161.66 ], [ 282129.41, 4158163.12 ], [ 282178.68, 4158139.52 ], [ 282176.28, 4158135.63 ], [ 282163.13, 4158135.63 ], [ 282160.13, 4158138.63 ], [ 282160.13, 4158141.03 ], [ 282159.71, 4158142.05 ], [ 282157.55, 4158144.2 ], [ 282156.73, 4158144.54 ], [ 282156.08, 4158144.32 ], [ 282153.96, 4158142.66 ], [ 282153.44, 4158141.87 ], [ 282151.8, 4158135.31 ], [ 282148.82, 4158133.36 ], [ 282148.53, 4158133.5 ], [ 282137.43, 4158138.37 ], [ 282136.98, 4158138.54 ], [ 282136.5, 4158138.67 ] ] ], [ [ [ 282166.13, 4158159.63 ], [ 282169.13, 4158156.63 ], [ 282169.13, 4158151.22 ], [ 282169.32, 4158150.77 ], [ 282113.26, 4158177.63 ], [ 282126.83, 4158177.63 ], [ 282127.42, 4158177.57 ], [ 282140.69, 4158174.91 ], [ 282142.79, 4158173.31 ], [ 282143.83, 4158171.24 ], [ 282144.52, 4158170.56 ], [ 282147.0, 4158169.42 ], [ 282147.96, 4158169.33 ], [ 282154.01, 4158170.85 ], [ 282155.27, 4158170.27 ], [ 282157.86, 4158168.72 ], [ 282159.44, 4158162.38 ], [ 282159.96, 4158161.59 ], [ 282162.08, 4158159.93 ], [ 282162.98, 4158159.63 ], [ 282166.13, 4158159.63 ] ] ], [ [ [ 282097.07, 4158166.91 ], [ 282095.49, 4158170.24 ], [ 282096.61, 4158175.28 ], [ 282099.39, 4158177.51 ], [ 282118.3, 4158168.45 ], [ 282117.71, 4158168.2 ], [ 282115.55, 4158166.05 ], [ 282115.54, 4158166.01 ], [ 282111.43, 4158164.48 ], [ 282104.79, 4158167.8 ], [ 282104.12, 4158167.95 ], [ 282102.14, 4158167.95 ], [ 282101.48, 4158167.8 ], [ 282099.81, 4158166.97 ], [ 282099.59, 4158167.41 ], [ 282097.07, 4158166.91 ] ] ], [ [ [ 282022.63, 4158233.85 ], [ 282023.08, 4158233.99 ], [ 282023.23, 4158233.77 ], [ 282023.56, 4158233.4 ], [ 282023.91, 4158233.06 ], [ 282024.3, 4158232.76 ], [ 282024.72, 4158232.5 ], [ 282025.16, 4158232.28 ], [ 282053.65, 4158219.81 ], [ 282054.11, 4158219.63 ], [ 282054.58, 4158219.5 ], [ 282055.06, 4158219.42 ], [ 282055.28, 4158219.41 ], [ 282055.31, 4158219.26 ], [ 282055.46, 4158218.8 ], [ 282055.66, 4158218.35 ], [ 282055.9, 4158217.92 ], [ 282056.18, 4158217.51 ], [ 282056.5, 4158217.14 ], [ 282056.85, 4158216.8 ], [ 282057.24, 4158216.5 ], [ 282057.65, 4158216.23 ], [ 282058.09, 4158216.01 ], [ 282082.68, 4158204.99 ], [ 282083.14, 4158204.81 ], [ 282083.61, 4158204.68 ], [ 282084.09, 4158204.59 ], [ 282084.58, 4158204.56 ], [ 282085.07, 4158204.57 ], [ 282085.55, 4158204.62 ], [ 282086.03, 4158204.73 ], [ 282086.5, 4158204.88 ], [ 282086.95, 4158205.07 ], [ 282087.38, 4158205.31 ], [ 282087.56, 4158205.44 ], [ 282081.34, 4158192.89 ], [ 282044.26, 4158210.36 ], [ 282044.25, 4158210.36 ], [ 282044.24, 4158210.36 ], [ 282044.14, 4158210.4 ], [ 282043.99, 4158210.47 ], [ 282029.97, 4158215.5 ], [ 282022.13, 4158219.1 ], [ 282022.13, 4158221.29 ], [ 282021.61, 4158222.39 ], [ 282019.06, 4158224.48 ], [ 282017.88, 4158224.78 ], [ 282012.25, 4158223.65 ], [ 282006.68, 4158226.21 ], [ 282004.94, 4158240.12 ], [ 282005.79, 4158240.65 ], [ 282019.28, 4158234.2 ], [ 282019.74, 4158234.01 ], [ 282020.2, 4158233.87 ], [ 282020.68, 4158233.77 ], [ 282021.17, 4158233.72 ], [ 282021.66, 4158233.71 ], [ 282022.15, 4158233.76 ], [ 282022.63, 4158233.85 ] ] ], [ [ [ 282148.54, 4158247.03 ], [ 282150.03, 4158250.0 ], [ 282157.08, 4158250.0 ], [ 282173.84, 4158242.17 ], [ 282152.14, 4158237.83 ], [ 282150.21, 4158238.09 ], [ 282146.79, 4158239.8 ], [ 282145.13, 4158242.48 ], [ 282145.13, 4158244.38 ], [ 282145.18, 4158244.39 ], [ 282145.65, 4158244.52 ], [ 282146.11, 4158244.7 ], [ 282146.55, 4158244.92 ], [ 282146.96, 4158245.19 ], [ 282147.35, 4158245.49 ], [ 282147.7, 4158245.83 ], [ 282148.02, 4158246.2 ], [ 282148.3, 4158246.6 ], [ 282148.54, 4158247.03 ] ] ], [ [ [ 282171.49, 4158250.0 ], [ 282174.82, 4158250.0 ], [ 282175.73, 4158249.63 ], [ 282178.13, 4158249.63 ], [ 282181.13, 4158246.63 ], [ 282181.13, 4158246.09 ], [ 282180.78, 4158245.66 ], [ 282171.49, 4158250.0 ] ] ], [ [ [ 282208.58, 4158189.08 ], [ 282208.85, 4158189.48 ], [ 282209.09, 4158189.91 ], [ 282214.37, 4158200.94 ], [ 282214.56, 4158201.4 ], [ 282214.71, 4158201.87 ], [ 282214.81, 4158202.35 ], [ 282214.86, 4158202.84 ], [ 282214.86, 4158203.33 ], [ 282214.85, 4158203.41 ], [ 282219.8, 4158201.02 ], [ 282220.25, 4158200.83 ], [ 282220.72, 4158200.69 ], [ 282221.2, 4158200.59 ], [ 282221.69, 4158200.54 ], [ 282222.18, 4158200.53 ], [ 282222.66, 4158200.58 ], [ 282223.15, 4158200.67 ], [ 282223.62, 4158200.81 ], [ 282224.07, 4158200.99 ], [ 282224.5, 4158201.22 ], [ 282224.91, 4158201.49 ], [ 282225.29, 4158201.79 ], [ 282225.64, 4158202.14 ], [ 282225.96, 4158202.51 ], [ 282226.23, 4158202.92 ], [ 282226.47, 4158203.35 ], [ 282235.62, 4158222.22 ], [ 282235.79, 4158222.63 ], [ 282235.86, 4158222.63 ], [ 282236.63, 4158222.85 ], [ 282237.56, 4158223.42 ], [ 282218.46, 4158181.05 ], [ 282218.09, 4158181.14 ], [ 282205.58, 4158187.18 ], [ 282205.78, 4158187.22 ], [ 282206.25, 4158187.36 ], [ 282206.7, 4158187.54 ], [ 282207.13, 4158187.77 ], [ 282207.54, 4158188.04 ], [ 282207.92, 4158188.35 ], [ 282208.27, 4158188.7 ], [ 282208.58, 4158189.08 ] ] ], [ [ [ 282216.39, 4158228.39 ], [ 282216.04, 4158228.05 ], [ 282215.73, 4158227.67 ], [ 282215.45, 4158227.27 ], [ 282215.22, 4158226.84 ], [ 282213.17, 4158222.63 ], [ 282211.13, 4158222.63 ], [ 282208.36, 4158224.48 ], [ 282207.71, 4158226.05 ], [ 282205.55, 4158228.2 ], [ 282205.18, 4158228.36 ], [ 282205.38, 4158228.42 ], [ 282205.66, 4158228.54 ], [ 282205.92, 4158228.68 ], [ 282206.17, 4158228.85 ], [ 282206.4, 4158229.04 ], [ 282206.61, 4158229.25 ], [ 282206.8, 4158229.48 ], [ 282206.97, 4158229.73 ], [ 282207.11, 4158230.0 ], [ 282216.46, 4158250.0 ], [ 282227.02, 4158250.0 ], [ 282221.94, 4158238.88 ], [ 282221.76, 4158238.43 ], [ 282221.62, 4158237.95 ], [ 282221.53, 4158237.47 ], [ 282221.49, 4158236.98 ], [ 282221.5, 4158236.49 ], [ 282221.55, 4158236.0 ], [ 282221.65, 4158235.52 ], [ 282221.8, 4158235.05 ], [ 282222.0, 4158234.6 ], [ 282222.15, 4158234.33 ], [ 282221.74, 4158233.39 ], [ 282221.46, 4158233.34 ], [ 282221.0, 4158233.2 ], [ 282220.54, 4158233.01 ], [ 282220.11, 4158232.79 ], [ 282219.7, 4158232.52 ], [ 282219.32, 4158232.21 ], [ 282218.97, 4158231.87 ], [ 282218.65, 4158231.49 ], [ 282218.38, 4158231.09 ], [ 282218.14, 4158230.66 ], [ 282217.37, 4158229.07 ], [ 282217.18, 4158228.97 ], [ 282216.77, 4158228.7 ], [ 282216.39, 4158228.39 ] ] ] ] } }
]
}
