{
"type": "FeatureCollection",
"name": "buildings",
"crs": { "type": "name", "properties": { "name": "urn:ogc:def:crs:EPSG::32618" } },
"xy_coordinate_resolution": 0.01,
"features": [
{ "type": "Feature", "properties": { "id": "osm:way/755382830", "name": null, "height": 6.2, "min_height": 0.0, "levels": null, "height_source": "lidar", "roof_shape": "hip", "roof_height": 2.64, "roof_azimuth": 173.6, "roof_source": "lod2", "roof_color": "roof_flat", "roof_color_source": "ortho", "lod2_roof": { "v": [ [ 283982.72, 4160508.3, 1.21 ], [ 283985.52, 4160505.89, 2.55 ], [ 283989.75, 4160506.58, 2.63 ], [ 283989.61, 4160509.08, 1.5 ], [ 283992.91, 4160503.03, 0.78 ], [ 283993.84, 4160503.17, 0.53 ], [ 283995.26, 4160504.16, 0.12 ], [ 283994.64, 4160509.65, 0.0 ], [ 283989.61, 4160509.08, 1.31 ], [ 283989.75, 4160506.58, 1.4 ], [ 283989.81, 4160505.52, 1.44 ], [ 283992.06, 4160503.71, 0.96 ], [ 283982.59, 4160502.17, 0.76 ], [ 283981.59, 4160508.18, 0.61 ], [ 283981.66, 4160507.54, 0.6 ], [ 283981.71, 4160507.04, 0.6 ], [ 283982.21, 4160502.12, 0.56 ], [ 283982.0, 4160501.42, 0.4 ], [ 283992.18, 4160502.92, 0.53 ], [ 283992.53, 4160502.25, 0.15 ], [ 283993.25, 4160502.76, 0.37 ], [ 283992.91, 4160503.03, 0.54 ], [ 283989.81, 4160505.52, 2.07 ], [ 283989.75, 4160506.58, 2.64 ], [ 283982.21, 4160502.12, 0.75 ], [ 283982.25, 4160501.74, 0.55 ], [ 283981.71, 4160507.04, 0.0 ], [ 283982.21, 4160502.12, 0.0 ] ], "f": [ [ [ 0, 1, 2, 3 ] ], [ [ 4, 5, 6, 7, 8, 9, 10, 11 ] ], [ [ 12, 1, 0, 13, 14, 15, 16 ] ], [ [ 17, 18, 19, 20, 21, 11, 22, 23, 1, 12, 24, 25 ] ], [ [ 2, 9, 8, 3 ] ], [ [ 22, 10, 9, 2, 23 ] ], [ [ 23, 2, 1 ] ], [ [ 21, 4, 11 ] ], [ [ 10, 22, 11 ] ], [ [ 16, 24, 12 ] ], [ [ 15, 26, 27, 16 ] ] ] }, "roof_props": null, "wall_color": "brick", "wall_color_source": "assessor", "type": "yes", "landmark": null, "footprint_source": "osm", "source_updated": null, "is_part": false, "parent": null, "hidden": false, "addr": "2507 Seminary Avenue", "wikidata": null, "website": null, "zoning": "R-5", "lidar_p90": 8.23, "ground_z": 51.01 }, "geometry": { "type": "Polygon", "coordinates": [ [ [ 283980.36, 4160500.07 ], [ 283979.6, 4160506.81 ], [ 283981.71, 4160507.04 ], [ 283981.59, 4160508.18 ], [ 283994.64, 4160509.65 ], [ 283995.52, 4160501.78 ], [ 283980.36, 4160500.07 ] ] ] } },
{ "type": "Feature", "properties": { "id": "osm:way/755382986", "name": null, "height": 4.02, "min_height": 0.0, "levels": null, "height_source": "lidar", "roof_shape": "gable", "roof_height": 5.69, "roof_azimuth": 173.6, "roof_source": "lod2", "roof_color": "roof_flat", "roof_color_source": "ortho", "lod2_roof": { "v": [ [ 283940.66, 4160504.63, 4.66 ], [ 283938.34, 4160504.31, 4.76 ], [ 283938.2, 4160503.41, 4.36 ], [ 283939.48, 4160502.27, 3.71 ], [ 283940.81, 4160504.29, 4.49 ], [ 283930.99, 4160498.76, 2.85 ], [ 283936.26, 4160500.09, 5.67 ], [ 283935.49, 4160506.84, 5.69 ], [ 283930.42, 4160506.27, 3.03 ], [ 283930.47, 4160505.8, 3.02 ], [ 283929.2, 4160505.67, 2.35 ], [ 283929.9, 4160499.41, 2.33 ], [ 283930.9, 4160499.52, 2.85 ], [ 283941.67, 4160501.15, 2.53 ], [ 283940.79, 4160505.86, 2.74 ], [ 283940.77, 4160507.44, 2.66 ], [ 283937.35, 4160500.36, 5.03 ], [ 283937.98, 4160499.97, 4.7 ], [ 283938.38, 4160500.58, 4.44 ], [ 283940.88, 4160499.8, 3.07 ], [ 283940.86, 4160501.11, 3.0 ], [ 283938.53, 4160505.52, 4.05 ], [ 283938.99, 4160506.04, 3.75 ], [ 283940.26, 4160505.57, 3.06 ], [ 283940.66, 4160504.63, 2.89 ], [ 283940.81, 4160504.29, 2.83 ], [ 283938.34, 4160504.31, 4.23 ], [ 283940.26, 4160505.57, 4.08 ], [ 283940.79, 4160505.86, 0.65 ], [ 283941.67, 4160501.15, 0.53 ], [ 283943.34, 4160501.24, 0.0 ], [ 283942.62, 4160507.65, 0.0 ], [ 283940.77, 4160507.44, 0.6 ] ], "f": [ [ [ 0, 1, 2, 3, 4 ] ], [ [ 5, 6, 7, 8, 9, 10, 11, 12 ] ], [ [ 13, 14, 15, 7, 6, 16, 17, 18, 19, 20 ], [ 21, 22, 23, 24, 25, 3, 2, 26 ] ], [ [ 21, 1, 0, 27, 22 ] ], [ [ 28, 29, 30, 31, 32 ] ], [ [ 4, 25, 24, 0 ] ], [ [ 1, 26, 2 ] ], [ [ 25, 4, 3 ] ], [ [ 27, 23, 22 ] ], [ [ 0, 24, 23, 27 ] ], [ [ 14, 28, 32, 15 ] ], [ [ 26, 1, 21 ] ], [ [ 13, 29, 28, 14 ] ] ] }, "roof_props": null, "wall_color": "brick", "wall_color_source": "assessor", "type": "yes", "landmark": null, "footprint_source": "osm", "source_updated": null, "is_part": false, "parent": null, "hidden": false, "addr": "2510 Seminary Avenue", "wikidata": null, "website": null, "zoning": "R-5", "lidar_p90": 9.2, "ground_z": 51.47 }, "geometry": { "type": "Polygon", "coordinates": [ [ [ 283931.11, 4160497.67 ], [ 283930.9, 4160499.52 ], [ 283929.9, 4160499.41 ], [ 283929.2, 4160505.67 ], [ 283930.47, 4160505.8 ], [ 283930.42, 4160506.27 ], [ 283943.15, 4160507.71 ], [ 283944.11, 4160499.13 ], [ 283931.11, 4160497.67 ] ] ] } },
{ "type": "Feature", "properties": { "id": "osm:way/755382841", "name": null, "height": 3.94, "min_height": 0.0, "levels": null, "height_source": "lidar", "roof_shape": "gable", "roof_height": 3.71, "roof_azimuth": 173.9, "roof_source": "lod2", "roof_color": "roof_flat", "roof_color_source": "ortho", "lod2_roof": { "v": [ [ 283865.62, 4160508.41, 0.24 ], [ 283864.9, 4160508.14, 0.0 ], [ 283866.42, 4160508.24, 0.0 ], [ 283866.39, 4160508.31, 0.08 ], [ 283868.79, 4160511.39, 1.34 ], [ 283868.08, 4160513.46, 1.18 ], [ 283867.33, 4160514.07, 0.96 ], [ 283866.56, 4160514.7, 0.73 ], [ 283866.19, 4160514.66, 0.61 ], [ 283866.25, 4160514.07, 0.61 ], [ 283864.36, 4160513.87, 0.0 ], [ 283866.39, 4160508.31, 0.49 ], [ 283866.75, 4160507.44, 0.57 ], [ 283867.46, 4160507.75, 0.81 ], [ 283868.01, 4160509.26, 1.03 ], [ 283874.08, 4160508.5, 2.83 ], [ 283879.32, 4160508.99, 0.05 ], [ 283879.41, 4160509.07, 0.0 ], [ 283878.76, 4160516.01, 0.0 ], [ 283872.12, 4160515.29, 3.52 ], [ 283872.12, 4160515.02, 3.53 ], [ 283877.21, 4160514.82, 0.87 ], [ 283877.45, 4160513.95, 0.79 ], [ 283877.33, 4160511.34, 0.98 ], [ 283873.47, 4160509.58, 3.09 ], [ 283872.64, 4160508.79, 3.58 ], [ 283872.12, 4160513.82, 3.61 ], [ 283872.12, 4160515.02, 3.69 ], [ 283872.12, 4160515.29, 3.71 ], [ 283866.56, 4160514.7, 0.56 ], [ 283868.08, 4160513.46, 1.33 ], [ 283868.79, 4160511.39, 1.6 ], [ 283867.46, 4160507.75, 0.63 ], [ 283867.29, 4160507.27, 0.5 ], [ 283869.71, 4160507.72, 1.88 ], [ 283869.55, 4160507.93, 1.81 ], [ 283870.35, 4160507.83, 2.24 ], [ 283871.45, 4160508.04, 2.87 ], [ 283872.44, 4160508.67, 3.46 ], [ 283872.44, 4160508.67, 3.62 ], [ 283872.57, 4160508.24, 3.61 ], [ 283874.08, 4160508.5, 3.33 ], [ 283873.47, 4160509.58, 3.42 ], [ 283877.33, 4160511.34, 2.69 ], [ 283877.45, 4160513.95, 2.64 ], [ 283877.21, 4160514.82, 2.67 ], [ 283872.12, 4160515.02, 3.59 ], [ 283866.75, 4160507.44, 0.0 ] ], "f": [ [ [ 0, 1, 2, 3 ] ], [ [ 4, 5, 6, 7, 8, 9, 10, 1, 0, 11, 12, 13, 14 ] ], [ [ 15, 16, 17, 18, 19, 20, 21, 22, 23, 24 ] ], [ [ 25, 26, 27, 28, 29, 6, 30, 31, 14, 32, 33, 34, 35, 36, 37, 38 ] ], [ [ 26, 25, 39, 40, 41, 42, 43, 44, 45, 46 ] ], [ [ 11, 3, 2, 47, 12 ] ], [ [ 3, 11, 0 ] ], [ [ 44, 22, 21, 45 ] ], [ [ 43, 23, 22, 44 ] ], [ [ 38, 39, 25 ] ], [ [ 41, 15, 24, 42 ] ], [ [ 27, 46, 20, 19, 28 ] ], [ [ 42, 24, 23, 43 ] ], [ [ 5, 30, 6 ] ], [ [ 29, 7, 6 ] ], [ [ 45, 21, 20, 46 ] ], [ [ 46, 27, 26 ] ], [ [ 31, 4, 14 ] ], [ [ 13, 32, 14 ] ], [ [ 30, 5, 4, 31 ] ] ] }, "roof_props": null, "wall_color": "cream", "wall_color_source": "assessor", "type": "yes", "landmark": null, "footprint_source": "osm", "source_updated": null, "is_part": false, "parent": null, "hidden": false, "addr": "2531 Northumberland Avenue", "wikidata": null, "website": null, "zoning": "R-5", "lidar_p90": 7.4, "ground_z": 52.39 }, "geometry": { "type": "Polygon", "coordinates": [ [ [ 283879.28, 4160513.21 ], [ 283881.06, 4160513.4 ], [ 283881.57, 4160508.57 ], [ 283879.63, 4160508.36 ], [ 283879.81, 4160506.61 ], [ 283864.24, 4160504.95 ], [ 283863.3, 4160513.76 ], [ 283866.25, 4160514.07 ], [ 283866.19, 4160514.66 ], [ 283878.99, 4160516.03 ], [ 283879.28, 4160513.21 ] ] ] } },
{ "type": "Feature", "properties": { "id": "osm:way/755382824", "name": null, "height": 3.96, "min_height": 0.0, "levels": null, "height_source": "lidar", "roof_shape": "gable", "roof_height": 5.18, "roof_azimuth": 173.6, "roof_source": "lod2", "roof_color": "roof_flat", "roof_color_source": "ortho", "lod2_roof": { "v": [ [ 283934.37, 4160516.8, 5.17 ], [ 283929.47, 4160516.24, 2.85 ], [ 283929.52, 4160515.77, 2.85 ], [ 283928.25, 4160515.63, 2.25 ], [ 283928.8, 4160510.71, 2.25 ], [ 283935.03, 4160510.98, 5.18 ], [ 283940.28, 4160511.2, 0.44 ], [ 283941.78, 4160511.26, 0.0 ], [ 283941.13, 4160517.57, 0.0 ], [ 283939.76, 4160517.41, 0.4 ], [ 283940.28, 4160511.2, 2.59 ], [ 283939.76, 4160517.41, 2.49 ] ], "f": [ [ [ 0, 1, 2, 3, 4, 5 ] ], [ [ 6, 7, 8, 9 ] ], [ [ 5, 10, 11, 0 ] ], [ [ 10, 6, 9, 11 ] ] ] }, "roof_props": null, "wall_color": "brick", "wall_color_source": "assessor", "type": "yes", "landmark": null, "footprint_source": "osm", "source_updated": null, "is_part": false, "parent": null, "hidden": false, "addr": "2512 Seminary Avenue", "wikidata": null, "website": null, "zoning": "R-5", "lidar_p90": 8.93, "ground_z": 51.58 }, "geometry": { "type": "Polygon", "coordinates": [ [ [ 283928.95, 4160509.38 ], [ 283928.24, 4160515.63 ], [ 283929.52, 4160515.78 ], [ 283929.47, 4160516.24 ], [ 283942.19, 4160517.69 ], [ 283943.15, 4160509.1 ], [ 283930.16, 4160507.64 ], [ 283929.95, 4160509.49 ], [ 283928.95, 4160509.38 ] ] ] } },
{ "type": "Feature", "properties": { "id": "osm:way/755382969", "name": null, "height": 4.03, "min_height": 0.0, "levels": null, "height_source": "lidar", "roof_shape": "gable", "roof_height": 3.63, "roof_azimuth": 174.3, "roof_source": "lod2", "roof_color": "concrete", "roof_color_source": "ortho", "lod2_roof": { "v": [ [ 283871.49, 4160521.26, 3.45 ], [ 283876.47, 4160522.95, 2.57 ], [ 283876.16, 4160525.39, 2.62 ], [ 283870.83, 4160526.38, 3.53 ], [ 283863.86, 4160519.77, 0.0 ], [ 283868.3, 4160518.81, 1.39 ], [ 283868.17, 4160519.52, 1.37 ], [ 283866.89, 4160526.3, 1.17 ], [ 283864.77, 4160526.09, 0.49 ], [ 283864.85, 4160525.31, 0.49 ], [ 283863.31, 4160525.16, 0.0 ], [ 283868.17, 4160519.52, 1.67 ], [ 283870.47, 4160519.77, 2.96 ], [ 283870.53, 4160519.6, 2.98 ], [ 283871.68, 4160519.76, 3.63 ], [ 283871.66, 4160519.9, 3.63 ], [ 283871.49, 4160521.26, 3.62 ], [ 283870.83, 4160526.38, 3.59 ], [ 283870.79, 4160526.69, 3.59 ], [ 283866.89, 4160526.3, 1.4 ], [ 283877.4, 4160527.35, 0.0 ], [ 283870.79, 4160526.69, 3.54 ], [ 283876.16, 4160525.39, 0.75 ], [ 283876.47, 4160522.95, 0.71 ], [ 283871.66, 4160519.9, 3.42 ], [ 283872.74, 4160520.01, 2.84 ], [ 283872.86, 4160519.93, 2.78 ], [ 283878.03, 4160520.68, 0.0 ], [ 283878.01, 4160520.94, 0.0 ], [ 283877.49, 4160522.52, 0.19 ], [ 283877.8, 4160523.08, 0.0 ] ], "f": [ [ [ 0, 1, 2, 3 ] ], [ [ 4, 5, 6, 7, 8, 9, 10 ] ], [ [ 11, 12, 13, 14, 15, 16, 17, 18, 19 ] ], [ [ 20, 21, 3, 22, 23, 0, 24, 25, 26, 27, 28, 29, 30 ] ], [ [ 19, 7, 6, 11 ] ], [ [ 16, 0, 3, 17 ] ], [ [ 17, 3, 21, 18 ] ], [ [ 2, 22, 3 ] ], [ [ 15, 24, 0, 16 ] ], [ [ 1, 23, 22, 2 ] ], [ [ 23, 1, 0 ] ] ] }, "roof_props": null, "wall_color": "brick", "wall_color_source": "assessor", "type": "yes", "landmark": null, "footprint_source": "osm", "source_updated": null, "is_part": false, "parent": null, "hidden": false, "addr": "2533 Northumberland Avenue", "wikidata": null, "website": null, "zoning": "R-5", "lidar_p90": 7.36, "ground_z": 52.57 }, "geometry": { "type": "Polygon", "coordinates": [ [ [ 283878.04, 4160524.86 ], [ 283879.56, 4160525.01 ], [ 283879.85, 4160522.26 ], [ 283878.02, 4160522.08 ], [ 283878.37, 4160518.69 ], [ 283863.05, 4160517.47 ], [ 283862.28, 4160525.06 ], [ 283864.85, 4160525.31 ], [ 283864.77, 4160526.09 ], [ 283877.79, 4160527.4 ], [ 283878.04, 4160524.86 ] ] ] } },
{ "type": "Feature", "properties": { "id": "osm:way/755383148", "name": null, "height": 3.63, "min_height": 0.0, "levels": null, "height_source": "lidar", "roof_shape": "flat", "roof_height": 0.0, "roof_azimuth": null, "roof_source": "heuristic", "roof_color": "roof_flat", "roof_color_source": "ortho", "lod2_roof": null, "roof_props": null, "wall_color": "brick_dark", "wall_color_source": "assessor", "type": "yes", "landmark": null, "footprint_source": "osm", "source_updated": null, "is_part": false, "parent": null, "hidden": false, "addr": null, "wikidata": null, "website": null, "zoning": "R-5", "lidar_p90": 4.12, "ground_z": 52.12 }, "geometry": { "type": "Polygon", "coordinates": [ [ [ 283893.9, 4160519.49 ], [ 283893.29, 4160525.38 ], [ 283899.2, 4160525.99 ], [ 283899.79, 4160520.1 ], [ 283893.9, 4160519.49 ] ] ] } },
{ "type": "Feature", "properties": { "id": "osm:way/755382829", "name": null, "height": 2.5, "min_height": 0.0, "levels": null, "height_source": "lidar", "roof_shape": "flat", "roof_height": 0.0, "roof_azimuth": null, "roof_source": "heuristic", "roof_color": "roof_flat", "roof_color_source": "ortho", "lod2_roof": null, "roof_props": null, "wall_color": "brick", "wall_color_source": "assessor", "type": "yes", "landmark": null, "footprint_source": "osm", "source_updated": null, "is_part": false, "parent": null, "hidden": false, "addr": null, "wikidata": null, "website": null, "zoning": "R-5", "lidar_p90": 2.59, "ground_z": 52.01 }, "geometry": { "type": "Polygon", "coordinates": [ [ [ 283906.95, 4160521.52 ], [ 283906.55, 4160525.08 ], [ 283912.35, 4160525.73 ], [ 283912.75, 4160522.18 ], [ 283906.95, 4160521.52 ] ] ] } },
{ "type": "Feature", "properties": { "id": "osm:way/755382924", "name": null, "height": 7.94, "min_height": 0.0, "levels": null, "height_source": "lidar", "roof_shape": "flat", "roof_height": 0.0, "roof_azimuth": null, "roof_source": "heuristic", "roof_color": "roof_flat", "roof_color_source": "ortho", "lod2_roof": null, "roof_props": null, "wall_color": "brick_dark", "wall_color_source": "assessor", "type": "yes", "landmark": null, "footprint_source": "osm", "source_updated": null, "is_part": false, "parent": null, "hidden": false, "addr": "2514 Seminary Avenue", "wikidata": null, "website": null, "zoning": "R-5", "lidar_p90": 8.99, "ground_z": 51.81 }, "geometry": { "type": "Polygon", "coordinates": [ [ [ 283941.08, 4160520.28 ], [ 283929.18, 4160518.94 ], [ 283928.97, 4160520.8 ], [ 283927.97, 4160520.68 ], [ 283927.27, 4160526.94 ], [ 283928.54, 4160527.08 ], [ 283928.49, 4160527.55 ], [ 283940.12, 4160528.86 ], [ 283941.08, 4160520.28 ] ] ] } },
{ "type": "Feature", "properties": { "id": "osm:way/755382974", "name": null, "height": 6.79, "min_height": 0.0, "levels": null, "height_source": "lidar", "roof_shape": "flat", "roof_height": 0.0, "roof_azimuth": null, "roof_source": "heuristic", "roof_color": "roof_flat", "roof_color_source": "ortho", "lod2_roof": null, "roof_props": null, "wall_color": "brick_dark", "wall_color_source": "assessor", "type": "yes", "landmark": null, "footprint_source": "osm", "source_updated": null, "is_part": false, "parent": null, "hidden": false, "addr": "2601 Northumberland Avenue", "wikidata": null, "website": null, "zoning": "R-5", "lidar_p90": 7.4, "ground_z": 52.59 }, "geometry": { "type": "Polygon", "coordinates": [ [ [ 283876.65, 4160536.13 ], [ 283878.27, 4160536.28 ], [ 283878.51, 4160533.73 ], [ 283877.27, 4160533.61 ], [ 283877.64, 4160529.76 ], [ 283864.71, 4160528.54 ], [ 283864.66, 4160529.11 ], [ 283862.06, 4160528.86 ], [ 283861.34, 4160536.53 ], [ 283863.58, 4160536.74 ], [ 283863.51, 4160537.47 ], [ 283876.39, 4160538.7 ], [ 283876.65, 4160536.13 ] ] ] } },
{ "type": "Feature", "properties": { "id": "osm:way/755382851", "name": null, "height": 8.06, "min_height": 0.0, "levels": null, "height_source": "lidar", "roof_shape": "flat", "roof_height": 0.0, "roof_azimuth": null, "roof_source": "heuristic", "roof_color": "concrete", "roof_color_source": "ortho", "lod2_roof": null, "roof_props": null, "wall_color": "brick", "wall_color_source": "assessor", "type": "yes", "landmark": null, "footprint_source": "osm", "source_updated": null, "is_part": false, "parent": null, "hidden": false, "addr": "2516 Seminary Avenue", "wikidata": null, "website": null, "zoning": "R-5", "lidar_p90": 9.18, "ground_z": 51.91 }, "geometry": { "type": "Polygon", "coordinates": [ [ [ 283927.28, 4160537.53 ], [ 283927.23, 4160538.0 ], [ 283939.95, 4160539.45 ], [ 283940.92, 4160530.86 ], [ 283927.91, 4160529.39 ], [ 283927.71, 4160531.25 ], [ 283926.71, 4160531.14 ], [ 283926.01, 4160537.39 ], [ 283927.28, 4160537.53 ] ] ] } },
{ "type": "Feature", "properties": { "id": "osm:way/755382825", "name": null, "height": 3.39, "min_height": 0.0, "levels": null, "height_source": "lidar", "roof_shape": "gable", "roof_height": 3.4, "roof_azimuth": 174.4, "roof_source": "lod2", "roof_color": "roof_flat", "roof_color_source": "ortho", "lod2_roof": { "v": [ [ 283756.85, 4160501.09, 0.0 ], [ 283759.29, 4160504.33, 2.09 ], [ 283759.54, 4160505.01, 2.53 ], [ 283756.08, 4160504.7, 2.4 ], [ 283756.43, 4160501.07, 0.0 ], [ 283759.62, 4160505.22, 2.41 ], [ 283758.52, 4160506.21, 1.68 ], [ 283755.95, 4160505.96, 1.6 ], [ 283761.88, 4160497.38, 3.4 ], [ 283760.74, 4160506.43, 3.35 ], [ 283759.54, 4160505.01, 2.33 ], [ 283757.07, 4160499.31, 0.0 ], [ 283757.67, 4160499.37, 0.45 ], [ 283758.02, 4160495.77, 0.4 ], [ 283760.11, 4160497.18, 2.07 ], [ 283767.61, 4160498.02, 0.0 ], [ 283766.87, 4160503.37, 0.0 ], [ 283765.96, 4160503.28, 0.54 ], [ 283765.61, 4160506.91, 0.46 ] ], "f": [ [ [ 0, 1, 2, 3, 4 ] ], [ [ 2, 5, 6, 7, 3 ] ], [ [ 8, 9, 6, 5, 10, 1, 0, 11, 12, 13, 14 ] ], [ [ 9, 8, 15, 16, 17, 18 ] ], [ [ 10, 2, 1 ] ], [ [ 2, 10, 5 ] ] ] }, "roof_props": null, "wall_color": "sand", "wall_color_source": "assessor", "type": "yes", "landmark": null, "footprint_source": "osm", "source_updated": null, "is_part": false, "parent": null, "hidden": false, "addr": "2509 Brook Road", "wikidata": null, "website": null, "zoning": "R-5", "lidar_p90": 6.5, "ground_z": 53.82 }, "geometry": { "type": "Polygon", "coordinates": [ [ [ 283765.96, 4160503.28 ], [ 283768.29, 4160503.51 ], [ 283769.01, 4160496.19 ], [ 283758.11, 4160494.8 ], [ 283757.67, 4160499.37 ], [ 283756.61, 4160499.27 ], [ 283755.95, 4160505.96 ], [ 283765.6, 4160506.91 ], [ 283765.96, 4160503.28 ] ] ] } },
{ "type": "Feature", "properties": { "id": "osm:way/755382925", "name": null, "height": 7.5, "min_height": 0.0, "levels": null, "height_source": "zoning", "roof_shape": "flat", "roof_height": 0.0, "roof_azimuth": null, "roof_source": "heuristic", "roof_color": "concrete", "roof_color_source": "heuristic", "lod2_roof": null, "roof_props": null, "wall_color": "sand", "wall_color_source": "assessor", "type": "yes", "landmark": null, "footprint_source": "osm", "source_updated": null, "is_part": false, "parent": null, "hidden": false, "addr": null, "wikidata": null, "website": null, "zoning": "R-5", "lidar_p90": 0.08, "ground_z": 53.25 }, "geometry": { "type": "Polygon", "coordinates": [ [ [ 283782.04, 4160505.08 ], [ 283781.78, 4160508.31 ], [ 283788.1, 4160509.09 ], [ 283788.29, 4160505.98 ], [ 283782.04, 4160505.08 ] ] ] } },
{ "type": "Feature", "properties": { "id": "osm:way/755383146", "name": null, "height": 3.68, "min_height": 0.0, "levels": null, "height_source": "lidar", "roof_shape": "gable", "roof_height": 2.42, "roof_azimuth": 84.3, "roof_source": "lod2", "roof_color": "concrete", "roof_color_source": "ortho", "lod2_roof": { "v": [ [ 283816.05, 4160516.62, 1.87 ], [ 283815.99, 4160517.18, 1.87 ], [ 283815.72, 4160520.37, 1.91 ], [ 283811.91, 4160519.99, 0.0 ], [ 283813.01, 4160509.81, 0.0 ], [ 283816.67, 4160510.4, 1.85 ], [ 283816.27, 4160514.35, 1.86 ], [ 283816.23, 4160514.39, 1.84 ], [ 283816.15, 4160515.49, 1.86 ], [ 283816.05, 4160516.61, 1.87 ], [ 283819.53, 4160520.75, 0.05 ], [ 283819.43, 4160510.85, 0.66 ], [ 283819.85, 4160510.55, 0.49 ], [ 283821.0, 4160510.66, 0.0 ], [ 283820.96, 4160511.07, 0.0 ], [ 283830.56, 4160512.28, 0.0 ], [ 283830.08, 4160517.09, 2.35 ], [ 283829.32, 4160517.0, 2.35 ], [ 283816.15, 4160515.49, 2.42 ], [ 283816.23, 4160514.39, 1.88 ], [ 283828.9, 4160520.79, 0.51 ], [ 283820.65, 4160519.97, 0.49 ], [ 283820.56, 4160520.86, 0.06 ] ], "f": [ [ [ 0, 1, 2, 3, 4, 5, 6, 7, 8, 9 ] ], [ [ 0, 10, 2, 1 ] ], [ [ 11, 12, 13, 14, 6, 5 ] ], [ [ 15, 16, 17, 18, 19, 6, 14 ] ], [ [ 10, 0, 9, 18, 17, 20, 21, 22 ] ], [ [ 18, 8, 7, 19 ] ], [ [ 8, 18, 9 ] ] ] }, "roof_props": null, "wall_color": "cream", "wall_color_source": "assessor", "type": "yes", "landmark": null, "footprint_source": "osm", "source_updated": null, "is_part": false, "parent": null, "hidden": false, "addr": "2526 Northumberland Avenue", "wikidata": null, "website": null, "zoning": "R-5", "lidar_p90": 5.6, "ground_z": 53.0 }, "geometry": { "type": "Polygon", "coordinates": [ [ [ 283830.8, 4160509.84 ], [ 283812.8, 4160508.05 ], [ 283811.61, 4160519.96 ], [ 283820.56, 4160520.86 ], [ 283820.65, 4160519.97 ], [ 283829.7, 4160520.88 ], [ 283830.8, 4160509.84 ] ] ] } },
{ "type": "Feature", "properties": { "id": "osm:way/755382888", "name": null, "height": 2.75, "min_height": 0.0, "levels": null, "height_source": "lidar", "roof_shape": "flat", "roof_height": 0.42, "roof_azimuth": null, "roof_source": "lod2", "roof_color": "roof_flat", "roof_color_source": "ortho", "lod2_roof": { "v": [ [ 283785.23, 4160534.23, 0.0 ], [ 283779.78, 4160533.6, 0.38 ], [ 283780.22, 4160529.77, 0.42 ], [ 283786.1, 4160530.5, 0.0 ] ], "f": [ [ [ 0, 1, 2, 3 ] ] ] }, "roof_props": null, "wall_color": "cream", "wall_color_source": "assessor", "type": "yes", "landmark": null, "footprint_source": "osm", "source_updated": null, "is_part": false, "parent": null, "hidden": false, "addr": null, "wikidata": null, "website": null, "zoning": "R-5", "lidar_p90": 3.06, "ground_z": 53.76 }, "geometry": { "type": "Polygon", "coordinates": [ [ [ 283780.46, 4160527.6 ], [ 283779.78, 4160533.6 ], [ 283785.95, 4160534.31 ], [ 283786.63, 4160528.31 ], [ 283780.46, 4160527.6 ] ] ] } },
{ "type": "Feature", "properties": { "id": "osm:way/755382934", "name": null, "height": 7.78, "min_height": 0.0, "levels": null, "height_source": "lidar", "roof_shape": "flat", "roof_height": 0.0, "roof_azimuth": null, "roof_source": "heuristic", "roof_color": "concrete", "roof_color_source": "ortho", "lod2_roof": null, "roof_props": null, "wall_color": "brick", "wall_color_source": "assessor", "type": "yes", "landmark": null, "footprint_source": "osm", "source_updated": null, "is_part": false, "parent": null, "hidden": false, "addr": "2531 Brook Road", "wikidata": null, "website": null, "zoning": "R-5", "lidar_p90": 8.9, "ground_z": 54.34 }, "geometry": { "type": "Polygon", "coordinates": [ [ [ 283763.73, 4160532.49 ], [ 283764.31, 4160527.75 ], [ 283753.34, 4160526.41 ], [ 283753.27, 4160527.0 ], [ 283750.18, 4160526.62 ], [ 283749.05, 4160535.93 ], [ 283752.11, 4160536.3 ], [ 283752.0, 4160537.27 ], [ 283763.24, 4160538.64 ], [ 283763.36, 4160537.72 ], [ 283764.64, 4160537.87 ], [ 283765.27, 4160532.67 ], [ 283763.73, 4160532.49 ] ] ] } },
{ "type": "Feature", "properties": { "id": "osm:way/755382976", "name": null, "height": 5.3, "min_height": 0.0, "levels": null, "height_source": "lidar", "roof_shape": "flat", "roof_height": 0.0, "roof_azimuth": null, "roof_source": "heuristic", "roof_color": "concrete", "roof_color_source": "ortho", "lod2_roof": null, "roof_props": null, "wall_color": "sand", "wall_color_source": "assessor", "type": "yes", "landmark": null, "footprint_source": "osm", "source_updated": null, "is_part": false, "parent": null, "hidden": false, "addr": "2602 Northumberland Avenue", "wikidata": null, "website": null, "zoning": "R-5", "lidar_p90": 6.05, "ground_z": 53.17 }, "geometry": { "type": "Polygon", "coordinates": [ [ [ 283827.73, 4160537.66 ], [ 283830.07, 4160537.91 ], [ 283830.81, 4160531.07 ], [ 283828.73, 4160530.85 ], [ 283828.82, 4160530.04 ], [ 283816.74, 4160528.74 ], [ 283816.62, 4160529.9 ], [ 283814.2, 4160529.64 ], [ 283814.02, 4160531.41 ], [ 283812.98, 4160531.29 ], [ 283812.46, 4160536.16 ], [ 283815.84, 4160536.53 ], [ 283815.77, 4160537.2 ], [ 283827.65, 4160538.47 ], [ 283827.73, 4160537.66 ] ] ] } },
{ "type": "Feature", "properties": { "id": "osm:way/755382892", "name": null, "height": 4.13, "min_height": 0.0, "levels": null, "height_source": "lidar", "roof_shape": "gable", "roof_height": 2.86, "roof_azimuth": 175.6, "roof_source": "lidar", "roof_color": "concrete", "roof_color_source": "ortho", "lod2_roof": null, "roof_props": null, "wall_color": "terracotta", "wall_color_source": "assessor", "type": "yes", "landmark": null, "footprint_source": "osm", "source_updated": null, "is_part": false, "parent": null, "hidden": false, "addr": "2603 Northumberland Avenue", "wikidata": null, "website": null, "zoning": "R-5", "lidar_p90": 6.83, "ground_z": 52.85 }, "geometry": { "type": "Polygon", "coordinates": [ [ [ 283875.36, 4160550.13 ], [ 283875.77, 4160546.28 ], [ 283874.27, 4160546.12 ], [ 283874.82, 4160540.99 ], [ 283860.84, 4160539.93 ], [ 283859.95, 4160548.29 ], [ 283862.32, 4160548.54 ], [ 283862.26, 4160549.12 ], [ 283875.36, 4160550.13 ] ] ] } },
{ "type": "Feature", "properties": { "id": "osm:way/755382981", "name": null, "height": 8.34, "min_height": 0.0, "levels": null, "height_source": "lidar", "roof_shape": "flat", "roof_height": 0.0, "roof_azimuth": null, "roof_source": "heuristic", "roof_color": "slate", "roof_color_source": "ortho", "lod2_roof": null, "roof_props": null, "wall_color": "brick_dark", "wall_color_source": "assessor", "type": "yes", "landmark": null, "footprint_source": "osm", "source_updated": null, "is_part": false, "parent": null, "hidden": false, "addr": "2604 Northumberland Avenue", "wikidata": null, "website": null, "zoning": "R-5", "lidar_p90": 9.5, "ground_z": 53.33 }, "geometry": { "type": "Polygon", "coordinates": [ [ [ 283829.62, 4160541.9 ], [ 283815.04, 4160540.37 ], [ 283814.22, 4160549.7 ], [ 283815.99, 4160549.85 ], [ 283815.93, 4160550.49 ], [ 283828.78, 4160551.46 ], [ 283829.62, 4160541.9 ] ] ] } },
{ "type": "Feature", "properties": { "id": "osm:way/755382972", "name": null, "height": 6.32, "min_height": 0.0, "levels": null, "height_source": "lidar", "roof_shape": "gable", "roof_height": 2.1, "roof_azimuth": 173.2, "roof_source": "lod2", "roof_color": "roof_flat", "roof_color_source": "ortho", "lod2_roof": { "v": [ [ 283757.17, 4160542.28, 2.1 ], [ 283756.56, 4160550.21, 1.96 ], [ 283755.63, 4160549.98, 1.47 ], [ 283755.44, 4160552.23, 1.42 ], [ 283752.67, 4160551.9, 0.0 ], [ 283752.78, 4160549.33, 0.0 ], [ 283753.7, 4160541.67, 0.3 ], [ 283756.56, 4160550.21, 0.99 ], [ 283758.49, 4160550.7, 0.0 ], [ 283758.25, 4160552.56, 0.0 ], [ 283758.54, 4160542.52, 1.42 ], [ 283761.5, 4160542.05, 0.0 ], [ 283760.68, 4160549.25, 0.0 ], [ 283759.78, 4160549.15, 0.45 ], [ 283759.56, 4160550.97, 0.45 ], [ 283759.56, 4160550.97, 0.0 ] ], "f": [ [ [ 0, 1, 2, 3, 4, 5, 6 ] ], [ [ 2, 7, 8, 9, 3 ] ], [ [ 1, 0, 10, 11, 12, 13, 14 ] ], [ [ 14, 15, 8, 7, 1 ] ], [ [ 1, 7, 2 ] ] ] }, "roof_props": null, "wall_color": "brick", "wall_color_source": "assessor", "type": "yes", "landmark": null, "footprint_source": "osm", "source_updated": null, "is_part": false, "parent": null, "hidden": false, "addr": "2601 Brook Road", "wikidata": null, "website": null, "zoning": "R-5", "lidar_p90": 7.89, "ground_z": 54.42 }, "geometry": { "type": "Polygon", "coordinates": [ [ [ 283759.78, 4160549.15 ], [ 283760.96, 4160549.28 ], [ 283761.96, 4160540.86 ], [ 283753.9, 4160539.91 ], [ 283752.48, 4160551.88 ], [ 283759.36, 4160552.69 ], [ 283759.78, 4160549.15 ] ] ] } },
{ "type": "Feature", "properties": { "id": "osm:way/755382853", "name": null, "height": 6.31, "min_height": 0.0, "levels": null, "height_source": "lidar", "roof_shape": "gable", "roof_height": 2.69, "roof_azimuth": 172.3, "roof_source": "lod2", "roof_color": "roof_flat", "roof_color_source": "ortho", "lod2_roof": { "v": [ [ 283865.2, 4160557.86, 2.53 ], [ 283862.64, 4160557.58, 2.43 ], [ 283861.11, 4160557.41, 2.38 ], [ 283861.13, 4160557.36, 2.34 ], [ 283860.89, 4160555.58, 1.06 ], [ 283861.35, 4160555.11, 0.7 ], [ 283861.33, 4160558.82, 0.85 ], [ 283862.21, 4160558.75, 1.24 ], [ 283862.37, 4160559.85, 1.36 ], [ 283860.14, 4160559.47, 0.35 ], [ 283860.8, 4160558.06, 0.59 ], [ 283861.23, 4160558.05, 0.77 ], [ 283871.73, 4160555.53, 0.66 ], [ 283873.27, 4160554.78, 0.0 ], [ 283872.83, 4160558.73, 0.0 ], [ 283871.87, 4160558.61, 0.44 ], [ 283871.5, 4160561.38, 0.47 ], [ 283869.24, 4160561.0, 1.51 ], [ 283867.09, 4160557.99, 2.63 ], [ 283871.75, 4160554.57, 0.7 ], [ 283871.76, 4160554.08, 0.46 ], [ 283866.98, 4160557.84, 2.57 ], [ 283866.28, 4160557.86, 2.62 ], [ 283865.48, 4160557.89, 2.68 ], [ 283865.2, 4160557.86, 2.68 ], [ 283861.35, 4160555.11, 1.56 ], [ 283861.43, 4160555.01, 1.51 ], [ 283861.48, 4160553.27, 0.66 ], [ 283865.48, 4160557.89, 2.54 ], [ 283866.98, 4160557.84, 2.69 ], [ 283862.37, 4160559.85, 1.43 ], [ 283862.21, 4160558.75, 1.89 ], [ 283861.33, 4160558.82, 1.79 ], [ 283861.23, 4160558.05, 2.11 ], [ 283860.8, 4160558.06, 2.07 ], [ 283861.35, 4160555.11, 0.0 ], [ 283861.43, 4160555.01, 0.0 ], [ 283860.8, 4160558.06, 0.0 ], [ 283861.11, 4160557.41, 0.0 ], [ 283860.14, 4160559.47, 0.0 ], [ 283861.48, 4160553.27, 0.0 ], [ 283861.13, 4160557.36, 0.0 ], [ 283860.89, 4160555.58, 0.0 ] ], "f": [ [ [ 0, 1, 2, 3, 4, 5 ] ], [ [ 6, 7, 8, 9, 10, 11 ] ], [ [ 12, 13, 14, 15, 16, 17, 18, 19 ] ], [ [ 20, 19, 18, 21, 22, 23, 24, 25, 26, 27 ] ], [ [ 2, 1, 0, 28, 22, 29, 18, 17, 30, 31, 32, 33, 34 ] ], [ [ 25, 5, 35, 36, 26 ] ], [ [ 24, 0, 5, 25 ] ], [ [ 21, 29, 22 ] ], [ [ 28, 23, 22 ] ], [ [ 34, 10, 37, 38, 2 ] ], [ [ 30, 8, 7, 31 ] ], [ [ 9, 39, 37, 10 ] ], [ [ 33, 11, 10, 34 ] ], [ [ 23, 28, 0, 24 ] ], [ [ 26, 36, 40, 27 ] ], [ [ 3, 41, 42, 4 ] ], [ [ 2, 38, 41, 3 ] ], [ [ 32, 6, 11, 33 ] ], [ [ 4, 42, 35, 5 ] ], [ [ 29, 21, 18 ] ], [ [ 31, 7, 6, 32 ] ] ] }, "roof_props": null, "wall_color": "brick", "wall_color_source": "assessor", "type": "yes", "landmark": null, "footprint_source": "osm", "source_updated": null, "is_part": false, "parent": null, "hidden": false, "addr": "2605 Northumberland Avenue", "wikidata": null, "website": null, "zoning": "R-5", "lidar_p90": 8.47, "ground_z": 52.99 }, "geometry": { "type": "Polygon", "coordinates": [ [ [ 283871.87, 4160558.61 ], [ 283873.22, 4160558.78 ], [ 283873.99, 4160553.1 ], [ 283859.69, 4160551.58 ], [ 283858.66, 4160559.22 ], [ 283871.5, 4160561.38 ], [ 283871.87, 4160558.61 ] ] ] } },
{ "type": "Feature", "properties": { "id": "osm:way/755382977", "name": null, "height": 4.18, "min_height": 0.0, "levels": null, "height_source": "lidar", "roof_shape": "gable", "roof_height": 2.71, "roof_azimuth": 174.8, "roof_source": "lod2", "roof_color": "roof_flat", "roof_color_source": "ortho", "lod2_roof": { "v": [ [ 283820.53, 4160557.29, 2.7 ], [ 283824.38, 4160556.96, 0.0 ], [ 283823.43, 4160565.97, 0.0 ], [ 283820.3, 4160565.68, 2.24 ], [ 283820.48, 4160563.78, 2.25 ], [ 283819.84, 4160563.72, 2.71 ], [ 283816.3, 4160561.61, 0.0 ], [ 283817.97, 4160563.55, 1.35 ], [ 283814.1, 4160563.19, 1.3 ], [ 283814.26, 4160561.46, 0.0 ], [ 283816.95, 4160555.65, 0.0 ] ], "f": [ [ [ 0, 1, 2, 3, 4, 5 ] ], [ [ 6, 7, 8, 9 ] ], [ [ 10, 0, 5, 7, 6 ] ] ] }, "roof_props": null, "wall_color": "brick", "wall_color_source": "assessor", "type": "yes", "landmark": null, "footprint_source": "osm", "source_updated": null, "is_part": false, "parent": null, "hidden": false, "addr": "2606 Northumberland Avenue", "wikidata": null, "website": null, "zoning": "R-5", "lidar_p90": 6.56, "ground_z": 53.47 }, "geometry": { "type": "Polygon", "coordinates": [ [ [ 283823.82, 4160564.38 ], [ 283824.72, 4160564.46 ], [ 283825.55, 4160555.37 ], [ 283816.77, 4160554.57 ], [ 283816.43, 4160558.23 ], [ 283814.57, 4160558.06 ], [ 283814.1, 4160563.19 ], [ 283820.48, 4160563.78 ], [ 283820.3, 4160565.68 ], [ 283823.67, 4160565.99 ], [ 283823.82, 4160564.38 ] ] ] } },
{ "type": "Feature", "properties": { "id": "osm:way/755383116", "name": null, "height": 8.01, "min_height": 0.0, "levels": null, "height_source": "lidar", "roof_shape": "flat", "roof_height": 0.0, "roof_azimuth": null, "roof_source": "heuristic", "roof_color": "roof_flat", "roof_color_source": "ortho", "lod2_roof": null, "roof_props": null, "wall_color": "cream", "wall_color_source": "assessor", "type": "yes", "landmark": null, "footprint_source": "osm", "source_updated": null, "is_part": false, "parent": null, "hidden": false, "addr": "2607 Northumberland Avenue", "wikidata": null, "website": null, "zoning": "R-5", "lidar_p90": 8.72, "ground_z": 53.08 }, "geometry": { "type": "Polygon", "coordinates": [ [ [ 283870.33, 4160570.39 ], [ 283872.25, 4160570.59 ], [ 283873.03, 4160563.58 ], [ 283858.49, 4160561.94 ], [ 283857.65, 4160569.47 ], [ 283870.26, 4160571.11 ], [ 283870.33, 4160570.39 ] ] ] } },
{ "type": "Feature", "properties": { "id": "osm:way/755382911", "name": null, "height": 2.73, "min_height": 0.0, "levels": null, "height_source": "lidar", "roof_shape": "flat", "roof_height": 0.0, "roof_azimuth": null, "roof_source": "heuristic", "roof_color": "roof_flat", "roof_color_source": "heuristic", "lod2_roof": null, "roof_props": null, "wall_color": "sand", "wall_color_source": "assessor", "type": "yes", "landmark": null, "footprint_source": "osm", "source_updated": null, "is_part": false, "parent": null, "hidden": false, "addr": null, "wikidata": null, "website": null, "zoning": "R-5", "lidar_p90": 2.77, "ground_z": 53.83 }, "geometry": { "type": "Polygon", "coordinates": [ [ [ 283789.61, 4160566.97 ], [ 283789.24, 4160570.23 ], [ 283794.44, 4160570.83 ], [ 283794.82, 4160567.57 ], [ 283789.61, 4160566.97 ] ] ] } },
{ "type": "Feature", "properties": { "id": "osm:way/755382926", "name": null, "height": 6.03, "min_height": 0.0, "levels": null, "height_source": "lidar", "roof_shape": "gable", "roof_height": 3.82, "roof_azimuth": 172.7, "roof_source": "lod2", "roof_color": "concrete", "roof_color_source": "ortho", "lod2_roof": { "v": [ [ 283753.6, 4160577.66, 3.82 ], [ 283755.7, 4160559.66, 3.81 ], [ 283760.96, 4160560.14, 0.0 ], [ 283760.88, 4160560.84, 0.0 ], [ 283758.5, 4160578.43, 0.25 ], [ 283753.5, 4160578.55, 3.82 ], [ 283749.79, 4160578.02, 1.13 ], [ 283749.62, 4160577.03, 0.93 ], [ 283749.33, 4160576.99, 0.72 ], [ 283751.42, 4160559.27, 0.72 ], [ 283749.03, 4160579.61, 0.94 ], [ 283752.88, 4160580.06, 0.93 ], [ 283758.19, 4160580.68, 0.9 ], [ 283758.08, 4160581.54, 0.0 ], [ 283748.92, 4160580.51, 0.0 ], [ 283749.14, 4160578.69, 0.0 ], [ 283758.31, 4160579.8, 0.0 ], [ 283753.5, 4160578.55, 0.0 ], [ 283749.79, 4160578.02, 0.0 ], [ 283758.5, 4160578.43, 0.0 ], [ 283753.6, 4160577.66, 0.0 ] ], "f": [ [ [ 0, 1, 2, 3, 4 ] ], [ [ 0, 5, 6, 7, 8, 9, 1 ] ], [ [ 10, 11, 12, 13, 14 ] ], [ [ 12, 11, 10, 15, 16 ] ], [ [ 5, 17, 18, 6 ] ], [ [ 4, 19, 20, 0 ] ], [ [ 0, 20, 17, 5 ] ] ] }, "roof_props": null, "wall_color": "brick", "wall_color_source": "assessor", "type": "yes", "landmark": null, "footprint_source": "osm", "source_updated": null, "is_part": false, "parent": null, "hidden": false, "addr": "2603 Brook Road", "wikidata": null, "website": null, "zoning": "R-5", "lidar_p90": 9.34, "ground_z": 54.69 }, "geometry": { "type": "Polygon", "coordinates": [ [ [ 283757.99, 4160582.2 ], [ 283761.14, 4160558.92 ], [ 283751.6, 4160557.69 ], [ 283748.86, 4160581.03 ], [ 283757.99, 4160582.2 ] ] ] } },
{ "type": "Feature", "properties": { "id": "osm:way/755382906", "name": null, "height": 4.09, "min_height": 0.0, "levels": null, "height_source": "lidar", "roof_shape": "gable", "roof_height": 4.73, "roof_azimuth": 174.8, "roof_source": "lod2", "roof_color": "roof_flat", "roof_color_source": "ortho", "lod2_roof": { "v": [ [ 283823.45, 4160577.28, 0.44 ], [ 283823.15, 4160572.84, 0.48 ], [ 283823.48, 4160572.58, 0.42 ], [ 283825.74, 4160572.86, 0.0 ], [ 283825.78, 4160575.41, 0.0 ], [ 283825.55, 4160577.93, 0.05 ], [ 283823.48, 4160577.73, 0.43 ], [ 283823.46, 4160577.46, 0.44 ], [ 283823.36, 4160577.43, 0.46 ], [ 283819.44, 4160575.85, 4.73 ], [ 283817.58, 4160575.57, 4.71 ], [ 283815.61, 4160572.92, 3.65 ], [ 283814.38, 4160572.72, 3.63 ], [ 283814.42, 4160571.46, 3.07 ], [ 283814.42, 4160571.31, 3.01 ], [ 283814.54, 4160571.47, 3.07 ], [ 283823.48, 4160572.58, 3.08 ], [ 283823.15, 4160572.84, 3.22 ], [ 283821.05, 4160578.19, 3.88 ], [ 283815.3, 4160577.66, 3.68 ], [ 283815.64, 4160577.17, 3.91 ], [ 283815.3, 4160577.66, 3.77 ], [ 283813.99, 4160577.54, 3.17 ], [ 283814.22, 4160575.08, 3.13 ], [ 283814.32, 4160575.09, 3.18 ], [ 283814.33, 4160574.56, 3.15 ], [ 283814.2, 4160572.7, 2.98 ], [ 283814.38, 4160572.72, 3.07 ], [ 283823.45, 4160577.28, 2.85 ], [ 283823.36, 4160577.43, 2.88 ], [ 283823.46, 4160577.46, 2.84 ], [ 283823.48, 4160577.73, 2.82 ], [ 283823.4, 4160577.73, 2.85 ], [ 283823.34, 4160578.41, 2.84 ], [ 283814.22, 4160575.08, 0.71 ], [ 283814.3, 4160574.16, 0.7 ], [ 283813.12, 4160574.04, 0.26 ], [ 283813.38, 4160571.33, 0.23 ], [ 283814.42, 4160571.46, 0.62 ], [ 283814.38, 4160572.72, 0.67 ], [ 283814.2, 4160572.7, 0.59 ], [ 283814.33, 4160574.56, 0.73 ], [ 283814.32, 4160575.09, 0.75 ] ], "f": [ [ [ 0, 1, 2, 3, 4, 5, 6, 7, 8 ] ], [ [ 9, 10, 11, 12, 13, 14, 15, 16, 17 ] ], [ [ 9, 18, 19, 20, 10 ] ], [ [ 20, 21, 22, 23, 24, 25, 26, 27, 11, 10 ] ], [ [ 18, 9, 17, 28, 29, 30, 31, 32, 33 ] ], [ [ 34, 35, 36, 37, 38, 39, 40, 41, 42 ] ], [ [ 24, 42, 41, 25 ] ], [ [ 27, 12, 11 ] ], [ [ 29, 8, 7, 30 ] ], [ [ 28, 0, 8, 29 ] ], [ [ 23, 34, 42, 24 ] ], [ [ 12, 27, 39, 38, 13 ] ], [ [ 26, 40, 39, 27 ] ], [ [ 16, 2, 1, 17 ] ], [ [ 30, 7, 6, 31 ] ], [ [ 25, 41, 40, 26 ] ], [ [ 17, 1, 0, 28 ] ], [ [ 19, 21, 20 ] ] ] }, "roof_props": null, "wall_color": "brick_dark", "wall_color_source": "assessor", "type": "yes", "landmark": null, "footprint_source": "osm", "source_updated": null, "is_part": false, "parent": null, "hidden": false, "addr": "2610 Northumberland Avenue", "wikidata": null, "website": null, "zoning": "R-5", "lidar_p90": 8.27, "ground_z": 53.77 }, "geometry": { "type": "Polygon", "coordinates": [ [ [ 283823.4, 4160577.73 ], [ 283825.55, 4160577.93 ], [ 283826.1, 4160571.82 ], [ 283824.12, 4160571.64 ], [ 283824.17, 4160571.0 ], [ 283813.5, 4160570.02 ], [ 283813.12, 4160574.04 ], [ 283814.3, 4160574.16 ], [ 283813.99, 4160577.54 ], [ 283823.34, 4160578.41 ], [ 283823.4, 4160577.73 ] ] ] } },
{ "type": "Feature", "properties": { "id": "osm:way/755382862", "name": null, "height": 7.81, "min_height": 0.0, "levels": null, "height_source": "lidar", "roof_shape": "flat", "roof_height": 0.0, "roof_azimuth": null, "roof_source": "heuristic", "roof_color": "roof_flat", "roof_color_source": "ortho", "lod2_roof": null, "roof_props": null, "wall_color": "cream", "wall_color_source": "assessor", "type": "yes", "landmark": null, "footprint_source": "osm", "source_updated": null, "is_part": false, "parent": null, "hidden": false, "addr": "2609 Northumberland Avenue", "wikidata": null, "website": null, "zoning": "R-5", "lidar_p90": 8.66, "ground_z": 52.99 }, "geometry": { "type": "Polygon", "coordinates": [ [ [ 283859.94, 4160571.71 ], [ 283859.88, 4160572.27 ], [ 283857.36, 4160572.01 ], [ 283856.57, 4160579.74 ], [ 283869.43, 4160581.53 ], [ 283870.33, 4160572.79 ], [ 283859.94, 4160571.71 ] ] ] } },
{ "type": "Feature", "properties": { "id": "osm:way/755382962", "name": null, "height": 7.28, "min_height": 0.0, "levels": null, "height_source": "lidar", "roof_shape": "flat", "roof_height": 0.0, "roof_azimuth": null, "roof_source": "heuristic", "roof_color": "roof_flat", "roof_color_source": "ortho", "lod2_roof": null, "roof_props": null, "wall_color": "brick", "wall_color_source": "assessor", "type": "yes", "landmark": null, "footprint_source": "osm", "source_updated": null, "is_part": false, "parent": null, "hidden": false, "addr": "2612 Northumberland Avenue", "wikidata": null, "website": null, "zoning": "R-5", "lidar_p90": 8.17, "ground_z": 53.87 }, "geometry": { "type": "Polygon", "coordinates": [ [ [ 283824.27, 4160587.22 ], [ 283825.16, 4160587.3 ], [ 283825.72, 4160581.43 ], [ 283823.11, 4160581.18 ], [ 283823.21, 4160580.13 ], [ 283811.92, 4160579.05 ], [ 283811.52, 4160583.21 ], [ 283813.15, 4160583.37 ], [ 283812.81, 4160586.9 ], [ 283824.19, 4160587.99 ], [ 283824.27, 4160587.22 ] ] ] } },
{ "type": "Feature", "properties": { "id": "osm:way/1128375898", "name": null, "height": 3.3, "min_height": 0.0, "levels": null, "height_source": "lidar", "roof_shape": "skillion", "roof_height": 1.23, "roof_azimuth": 179.5, "roof_source": "lod2", "roof_color": "concrete", "roof_color_source": "ortho", "lod2_roof": { "v": [ [ 283773.92, 4160586.85, 0.17 ], [ 283774.69, 4160581.58, 0.19 ], [ 283777.35, 4160581.65, 1.21 ], [ 283776.62, 4160587.24, 1.23 ], [ 283780.29, 4160581.72, 0.0 ], [ 283779.55, 4160587.67, 0.0 ] ], "f": [ [ [ 0, 1, 2, 3 ] ], [ [ 2, 4, 5, 3 ] ] ] }, "roof_props": null, "wall_color": "brick", "wall_color_source": "assessor", "type": "yes", "landmark": null, "footprint_source": "osm", "source_updated": null, "is_part": false, "parent": null, "hidden": false, "addr": null, "wikidata": null, "website": null, "zoning": "R-5", "lidar_p90": 4.32, "ground_z": 54.36 }, "geometry": { "type": "Polygon", "coordinates": [ [ [ 283781.22, 4160580.82 ], [ 283774.94, 4160579.9 ], [ 283773.92, 4160586.85 ], [ 283780.19, 4160587.77 ], [ 283781.22, 4160580.82 ] ] ] } },
{ "type": "Feature", "properties": { "id": "osm:way/755383153", "name": null, "height": 3.85, "min_height": 0.0, "levels": null, "height_source": "lidar", "roof_shape": "gable", "roof_height": 3.57, "roof_azimuth": 173.2, "roof_source": "lod2", "roof_color": "roof_flat", "roof_color_source": "ortho", "lod2_roof": { "v": [ [ 283858.21, 4160585.77, 0.0 ], [ 283858.39, 4160585.79, 0.12 ], [ 283858.52, 4160584.63, 0.12 ], [ 283863.63, 4160585.43, 3.45 ], [ 283862.97, 4160593.05, 3.57 ], [ 283862.59, 4160593.01, 3.32 ], [ 283862.33, 4160595.12, 3.3 ], [ 283857.94, 4160594.61, 0.46 ], [ 283858.21, 4160592.36, 0.47 ], [ 283857.48, 4160592.27, 0.0 ], [ 283869.39, 4160590.34, 0.0 ], [ 283869.17, 4160593.79, 0.0 ], [ 283869.38, 4160586.33, 0.13 ] ], "f": [ [ [ 0, 1, 2, 3, 4, 5, 6, 7, 8, 9 ] ], [ [ 10, 11, 4, 3, 12 ] ] ] }, "roof_props": null, "wall_color": "terracotta", "wall_color_source": "assessor", "type": "yes", "landmark": null, "footprint_source": "osm", "source_updated": null, "is_part": false, "parent": null, "hidden": false, "addr": "2611 Northumberland Avenue", "wikidata": null, "website": null, "zoning": "R-5", "lidar_p90": 7.01, "ground_z": 53.16 }, "geometry": { "type": "Polygon", "coordinates": [ [ [ 283862.59, 4160593.01 ], [ 283871.05, 4160594.02 ], [ 283871.69, 4160588.72 ], [ 283869.61, 4160588.47 ], [ 283870.12, 4160584.26 ], [ 283858.73, 4160582.9 ], [ 283858.39, 4160585.79 ], [ 283857.46, 4160585.67 ], [ 283857.07, 4160588.9 ], [ 283857.7, 4160588.97 ], [ 283857.31, 4160592.25 ], [ 283858.21, 4160592.36 ], [ 283857.94, 4160594.61 ], [ 283862.33, 4160595.12 ], [ 283862.59, 4160593.01 ] ] ] } },
{ "type": "Feature", "properties": { "id": "osm:way/755382959", "name": null, "height": 2.94, "min_height": 0.0, "levels": null, "height_source": "lidar", "roof_shape": "gable", "roof_height": 2.44, "roof_azimuth": 173.4, "roof_source": "lod2", "roof_color": "roof_flat", "roof_color_source": "ortho", "lod2_roof": { "v": [ [ 283761.88, 4160603.35, 0.2 ], [ 283758.11, 4160602.91, 0.49 ], [ 283759.19, 4160594.26, 0.44 ], [ 283762.64, 4160596.84, 0.16 ], [ 283750.26, 4160592.55, 1.91 ], [ 283750.76, 4160588.27, 0.18 ], [ 283752.42, 4160588.28, 0.13 ], [ 283753.46, 4160590.19, 0.86 ], [ 283754.64, 4160592.36, 1.69 ], [ 283754.79, 4160592.98, 1.93 ], [ 283754.81, 4160593.22, 2.03 ], [ 283754.86, 4160593.61, 1.9 ], [ 283753.41, 4160595.34, 1.17 ], [ 283751.77, 4160595.95, 0.83 ], [ 283751.83, 4160595.46, 1.01 ], [ 283749.95, 4160595.24, 0.94 ], [ 283756.17, 4160589.78, 2.4 ], [ 283754.72, 4160602.52, 2.41 ], [ 283751.05, 4160602.09, 0.26 ], [ 283751.77, 4160595.95, 0.26 ], [ 283754.81, 4160593.22, 1.85 ], [ 283754.79, 4160592.98, 1.81 ], [ 283754.09, 4160590.01, 1.21 ], [ 283754.01, 4160589.69, 1.15 ], [ 283755.03, 4160589.73, 1.74 ], [ 283756.28, 4160589.37, 2.44 ], [ 283756.23, 4160589.78, 2.44 ], [ 283756.23, 4160589.78, 2.37 ], [ 283760.48, 4160589.95, 0.0 ], [ 283759.92, 4160594.81, 0.0 ], [ 283762.64, 4160596.84, 0.0 ] ], "f": [ [ [ 0, 1, 2, 3 ] ], [ [ 4, 5, 6, 7, 8, 9, 10 ] ], [ [ 11, 12, 13, 14, 15, 4, 10 ] ], [ [ 16, 17, 18, 19, 12, 11, 20, 21, 8, 7, 22, 23, 24, 25, 26 ] ], [ [ 17, 16, 27, 28, 29, 2, 1 ] ], [ [ 19, 13, 12 ] ], [ [ 21, 9, 8 ] ], [ [ 9, 21, 20, 10 ] ], [ [ 30, 3, 2, 29 ] ], [ [ 10, 20, 11 ] ] ] }, "roof_props": null, "wall_color": "brick_dark", "wall_color_source": "assessor", "type": "yes", "landmark": null, "footprint_source": "osm", "source_updated": null, "is_part": false, "parent": null, "hidden": false, "addr": "2605 Brook Road", "wikidata": null, "website": null, "zoning": "R-5", "lidar_p90": 5.06, "ground_z": 54.87 }, "geometry": { "type": "Polygon", "coordinates": [ [ [ 283750.94, 4160586.67 ], [ 283749.95, 4160595.24 ], [ 283751.83, 4160595.46 ], [ 283751.05, 4160602.09 ], [ 283761.88, 4160603.35 ], [ 283762.85, 4160595.03 ], [ 283759.95, 4160594.7 ], [ 283760.75, 4160587.8 ], [ 283750.94, 4160586.67 ] ] ] } },
{ "type": "Feature", "properties": { "id": "osm:way/755383115", "name": null, "height": 4.31, "min_height": 0.0, "levels": null, "height_source": "lidar", "roof_shape": "gable", "roof_height": 2.4, "roof_azimuth": 174.0, "roof_source": "lidar", "roof_color": "roof_flat", "roof_color_source": "ortho", "lod2_roof": null, "roof_props": null, "wall_color": "sand", "wall_color_source": "assessor", "type": "yes", "landmark": null, "footprint_source": "osm", "source_updated": null, "is_part": false, "parent": null, "hidden": false, "addr": "2615 Northumberland Avenue", "wikidata": null, "website": null, "zoning": "R-5", "lidar_p90": 6.74, "ground_z": 53.19 }, "geometry": { "type": "Polygon", "coordinates": [ [ [ 283854.55, 4160596.14 ], [ 283853.88, 4160602.47 ], [ 283856.39, 4160602.73 ], [ 283856.11, 4160605.37 ], [ 283866.68, 4160606.48 ], [ 283866.98, 4160603.64 ], [ 283868.74, 4160603.83 ], [ 283869.33, 4160598.18 ], [ 283854.55, 4160596.14 ] ] ] } },
{ "type": "Feature", "properties": { "id": "osm:way/755382870", "name": null, "height": 4.06, "min_height": 0.0, "levels": null, "height_source": "lidar", "roof_shape": "gable", "roof_height": 3.14, "roof_azimuth": 174.5, "roof_source": "lod2", "roof_color": "concrete", "roof_color_source": "ortho", "lod2_roof": { "v": [ [ 283865.5, 4160615.2, 0.0 ], [ 283862.8, 4160611.67, 1.74 ], [ 283867.73, 4160612.13, 1.55 ], [ 283867.62, 4160613.23, 1.0 ], [ 283865.96, 4160613.07, 1.07 ], [ 283865.75, 4160615.2, 0.0 ], [ 283857.83, 4160606.39, 1.66 ], [ 283861.42, 4160606.73, 2.81 ], [ 283860.55, 4160611.72, 3.0 ], [ 283857.49, 4160611.5, 2.03 ], [ 283856.73, 4160611.45, 1.79 ], [ 283856.11, 4160614.34, 0.7 ], [ 283856.01, 4160614.79, 0.69 ], [ 283855.38, 4160614.73, 0.55 ], [ 283855.44, 4160614.11, 0.55 ], [ 283853.21, 4160613.9, 0.05 ], [ 283853.91, 4160606.6, 0.02 ], [ 283855.9, 4160606.8, 0.47 ], [ 283855.96, 4160606.21, 0.47 ], [ 283857.83, 4160606.39, 0.89 ], [ 283856.73, 4160611.45, 0.77 ], [ 283857.49, 4160611.5, 0.94 ], [ 283856.89, 4160613.42, 0.85 ], [ 283866.16, 4160608.88, 0.0 ], [ 283867.61, 4160609.12, 0.0 ], [ 283867.98, 4160609.55, 0.19 ], [ 283859.96, 4160615.17, 3.14 ], [ 283865.92, 4160607.17, 0.24 ], [ 283866.3, 4160607.61, 0.0 ], [ 283865.46, 4160615.7, 0.0 ], [ 283859.96, 4160615.17, 2.9 ], [ 283856.01, 4160614.79, 1.8 ], [ 283856.11, 4160614.34, 1.75 ], [ 283856.89, 4160613.42, 1.79 ], [ 283857.49, 4160611.5, 1.62 ], [ 283860.55, 4160611.72, 2.47 ] ], "f": [ [ [ 0, 1, 2, 3, 4, 5 ] ], [ [ 6, 7, 8, 9, 10 ] ], [ [ 11, 12, 13, 14, 15, 16, 17, 18, 19, 20, 21, 22 ] ], [ [ 1, 23, 24, 25, 2 ] ], [ [ 26, 8, 7, 27, 28, 23, 1, 0, 29 ] ], [ [ 30, 31, 32, 33, 34, 35 ] ], [ [ 10, 20, 19, 6 ] ], [ [ 9, 34, 21, 20, 10 ] ], [ [ 8, 35, 34, 9 ] ], [ [ 33, 22, 21, 34 ] ], [ [ 32, 11, 22, 33 ] ], [ [ 31, 12, 11, 32 ] ], [ [ 26, 30, 35, 8 ] ] ] }, "roof_props": null, "wall_color": "cream", "wall_color_source": "assessor", "type": "yes", "landmark": null, "footprint_source": "osm", "source_updated": null, "is_part": false, "parent": null, "hidden": false, "addr": "2617 Northumberland Avenue", "wikidata": null, "website": null, "zoning": "R-5", "lidar_p90": 6.61, "ground_z": 53.35 }, "geometry": { "type": "Polygon", "coordinates": [ [ [ 283867.62, 4160613.23 ], [ 283868.19, 4160607.39 ], [ 283855.96, 4160606.21 ], [ 283855.9, 4160606.8 ], [ 283853.91, 4160606.6 ], [ 283853.21, 4160613.9 ], [ 283855.44, 4160614.12 ], [ 283855.38, 4160614.73 ], [ 283865.7, 4160615.72 ], [ 283865.96, 4160613.08 ], [ 283867.62, 4160613.23 ] ] ] } },
{ "type": "Feature", "properties": { "id": "osm:way/755382622", "name": null, "height": 4.02, "min_height": 0.0, "levels": null, "height_source": "lidar", "roof_shape": "flat", "roof_height": 0.49, "roof_azimuth": null, "roof_source": "lod2", "roof_color": "roof_flat", "roof_color_source": "ortho", "lod2_roof": { "v": [ [ 283770.47, 4160614.36, 0.48 ], [ 283770.95, 4160610.0, 0.0 ], [ 283777.41, 4160610.62, 0.0 ], [ 283776.93, 4160615.07, 0.49 ] ], "f": [ [ [ 0, 1, 2, 3 ] ] ] }, "roof_props": null, "wall_color": "sand", "wall_color_source": "assessor", "type": "yes", "landmark": null, "footprint_source": "osm", "source_updated": null, "is_part": false, "parent": null, "hidden": false, "addr": null, "wikidata": null, "website": null, "zoning": "R-5", "lidar_p90": 4.12, "ground_z": 55.1 }, "geometry": { "type": "Polygon", "coordinates": [ [ [ 283776.93, 4160615.07 ], [ 283777.58, 4160609.07 ], [ 283771.13, 4160608.36 ], [ 283770.47, 4160614.36 ], [ 283776.93, 4160615.07 ] ] ] } },
{ "type": "Feature", "properties": { "id": "osm:way/755382616", "name": null, "height": 8.54, "min_height": 0.0, "levels": null, "height_source": "lidar", "roof_shape": "flat", "roof_height": 0.0, "roof_azimuth": null, "roof_source": "lidar", "roof_color": "roof_flat", "roof_color_source": "ortho", "lod2_roof": null, "roof_props": null, "wall_color": "cream", "wall_color_source": "assessor", "type": "yes", "landmark": null, "footprint_source": "osm", "source_updated": null, "is_part": false, "parent": null, "hidden": false, "addr": "2607 Brook Road", "wikidata": null, "website": null, "zoning": "R-5", "lidar_p90": 8.83, "ground_z": 55.15 }, "geometry": { "type": "Polygon", "coordinates": [ [ [ 283750.31, 4160611.53 ], [ 283751.53, 4160611.65 ], [ 283751.16, 4160615.15 ], [ 283765.67, 4160616.71 ], [ 283766.47, 4160609.34 ], [ 283750.73, 4160607.64 ], [ 283750.31, 4160611.53 ] ] ] } },
{ "type": "Feature", "properties": { "id": "osm:way/755382979", "name": null, "height": 8.28, "min_height": 0.0, "levels": null, "height_source": "lidar", "roof_shape": "flat", "roof_height": 1.57, "roof_azimuth": null, "roof_source": "lod2", "roof_color": "roof_flat", "roof_color_source": "ortho", "lod2_roof": { "v": [ [ 283807.52, 4160614.78, 1.37 ], [ 283810.48, 4160615.29, 1.57 ], [ 283809.61, 4160618.29, 1.54 ], [ 283807.59, 4160618.05, 1.41 ], [ 283805.78, 4160609.81, 0.51 ], [ 283810.62, 4160614.82, 1.21 ], [ 283810.48, 4160615.29, 1.2 ], [ 283807.52, 4160614.78, 0.83 ], [ 283807.59, 4160618.05, 0.92 ], [ 283809.61, 4160618.29, 1.17 ], [ 283809.37, 4160619.11, 1.16 ], [ 283806.26, 4160620.34, 0.81 ], [ 283806.32, 4160621.63, 0.85 ], [ 283801.51, 4160621.29, 0.27 ], [ 283801.63, 4160619.84, 0.25 ], [ 283800.09, 4160619.71, 0.06 ], [ 283799.89, 4160622.31, 0.1 ], [ 283799.07, 4160622.25, 0.0 ], [ 283801.56, 4160609.43, 0.0 ], [ 283802.79, 4160609.07, 0.14 ], [ 283802.88, 4160608.65, 0.14 ], [ 283803.8, 4160608.77, 0.25 ], [ 283804.91, 4160608.91, 0.39 ], [ 283805.74, 4160609.02, 0.49 ], [ 283816.42, 4160610.41, 0.08 ], [ 283815.0, 4160622.24, 0.51 ], [ 283809.37, 4160619.11, 0.65 ], [ 283809.61, 4160618.29, 0.61 ], [ 283810.48, 4160615.29, 0.48 ], [ 283810.62, 4160614.82, 0.46 ], [ 283802.79, 4160609.07, 0.0 ], [ 283802.88, 4160608.65, 0.0 ], [ 283803.8, 4160608.77, 0.0 ], [ 283816.42, 4160610.41, 0.0 ], [ 283815.0, 4160622.24, 0.0 ] ], "f": [ [ [ 0, 1, 2, 3 ] ], [ [ 4, 5, 6, 7, 8, 9, 10, 11, 12, 13, 14, 15, 16, 17, 18, 19, 20, 21, 22 ] ], [ [ 4, 23, 24, 25, 12, 11, 26, 27, 28, 29 ] ], [ [ 30, 19, 18 ] ], [ [ 19, 30, 31, 20 ] ], [ [ 2, 9, 8, 3 ] ], [ [ 1, 6, 28, 27, 9, 2 ] ], [ [ 10, 26, 11 ] ], [ [ 3, 8, 7, 0 ] ], [ [ 9, 27, 26, 10 ] ], [ [ 5, 29, 28, 6 ] ], [ [ 0, 7, 6, 1 ] ], [ [ 20, 31, 32, 21 ] ], [ [ 29, 5, 4 ] ], [ [ 24, 33, 34, 25 ] ] ] }, "roof_props": null, "wall_color": "brick", "wall_color_source": "assessor", "type": "yes", "landmark": null, "footprint_source": "osm", "source_updated": null, "is_part": false, "parent": null, "hidden": false, "addr": "2616 Northumberland Avenue", "wikidata": null, "website": null, "zoning": "R-5", "lidar_p90": 8.88, "ground_z": 54.48 }, "geometry": { "type": "Polygon", "coordinates": [ [ [ 283798.08, 4160622.17 ], [ 283799.89, 4160622.32 ], [ 283800.09, 4160619.71 ], [ 283801.62, 4160619.84 ], [ 283801.51, 4160621.3 ], [ 283817.94, 4160622.44 ], [ 283819.01, 4160608.99 ], [ 283816.89, 4160608.82 ], [ 283816.94, 4160608.22 ], [ 283804.04, 4160607.19 ], [ 283804.28, 4160604.2 ], [ 283799.59, 4160603.82 ], [ 283798.08, 4160622.17 ] ] ] } },
{ "type": "Feature", "properties": { "id": "osm:way/755382954", "name": null, "height": 4.38, "min_height": 0.0, "levels": null, "height_source": "lidar", "roof_shape": "flat", "roof_height": 0.0, "roof_azimuth": null, "roof_source": "lidar", "roof_color": "roof_dark", "roof_color_source": "heuristic", "lod2_roof": null, "roof_props": null, "wall_color": "brick", "wall_color_source": "assessor", "type": "yes", "landmark": null, "footprint_source": "osm", "source_updated": null, "is_part": false, "parent": null, "hidden": false, "addr": null, "wikidata": null, "website": null, "zoning": "R-5", "lidar_p90": 4.62, "ground_z": 54.99 }, "geometry": { "type": "Polygon", "coordinates": [ [ [ 283796.11, 4160611.23 ], [ 283795.92, 4160613.58 ], [ 283788.85, 4160613.02 ], [ 283788.19, 4160621.39 ], [ 283798.08, 4160622.17 ], [ 283798.98, 4160611.46 ], [ 283796.11, 4160611.23 ] ] ] } },
{ "type": "Feature", "properties": { "id": "osm:way/755382891", "name": null, "height": 4.23, "min_height": 0.0, "levels": null, "height_source": "lidar", "roof_shape": "gable", "roof_height": 3.53, "roof_azimuth": 173.6, "roof_source": "lod2", "roof_color": "roof_flat", "roof_color_source": "ortho", "lod2_roof": { "v": [ [ 283860.35, 4160617.38, 2.98 ], [ 283861.03, 4160617.57, 3.29 ], [ 283860.43, 4160622.29, 3.32 ], [ 283860.47, 4160625.37, 3.53 ], [ 283853.59, 4160624.59, 0.49 ], [ 283853.68, 4160623.84, 0.48 ], [ 283852.6, 4160623.72, 0.0 ], [ 283853.67, 4160616.18, 0.0 ], [ 283854.86, 4160616.32, 0.53 ], [ 283854.93, 4160615.67, 0.52 ], [ 283860.33, 4160616.28, 2.9 ], [ 283855.27, 4160622.15, 1.06 ], [ 283856.14, 4160621.43, 1.4 ], [ 283854.55, 4160620.31, 0.64 ], [ 283853.88, 4160621.59, 0.43 ], [ 283856.14, 4160621.43, 2.06 ], [ 283855.27, 4160622.15, 2.42 ], [ 283853.88, 4160621.59, 2.25 ], [ 283854.55, 4160620.31, 1.65 ], [ 283865.17, 4160618.75, 0.0 ], [ 283861.03, 4160617.57, 2.4 ], [ 283860.35, 4160617.38, 2.8 ], [ 283860.33, 4160616.28, 2.8 ], [ 283865.14, 4160616.82, 0.0 ], [ 283868.1, 4160619.59, 0.0 ], [ 283867.71, 4160623.02, 0.0 ], [ 283867.16, 4160622.96, 0.25 ], [ 283866.81, 4160626.08, 0.25 ], [ 283860.47, 4160625.37, 3.14 ] ], "f": [ [ [ 0, 1, 2, 3, 4, 5, 6, 7, 8, 9, 10 ], [ 11, 12, 13, 14 ] ], [ [ 15, 16, 17, 18 ] ], [ [ 19, 20, 21, 22, 23 ] ], [ [ 1, 24, 25, 26, 27, 28, 2 ] ], [ [ 18, 13, 12, 15 ] ], [ [ 10, 22, 21, 0 ] ], [ [ 28, 3, 2 ] ], [ [ 17, 14, 13, 18 ] ], [ [ 16, 11, 14, 17 ] ], [ [ 15, 12, 11, 16 ] ], [ [ 0, 21, 20, 1 ] ], [ [ 1, 20, 19, 24 ] ] ] }, "roof_props": null, "wall_color": "cream", "wall_color_source": "assessor", "type": "yes", "landmark": null, "footprint_source": "osm", "source_updated": null, "is_part": false, "parent": null, "hidden": false, "addr": "2619 Northumberland Avenue", "wikidata": null, "website": null, "zoning": "R-5", "lidar_p90": 7.18, "ground_z": 53.29 }, "geometry": { "type": "Polygon", "coordinates": [ [ [ 283867.16, 4160622.96 ], [ 283868.87, 4160623.15 ], [ 283869.42, 4160618.34 ], [ 283867.69, 4160618.14 ], [ 283867.8, 4160617.12 ], [ 283854.93, 4160615.67 ], [ 283854.86, 4160616.32 ], [ 283852.95, 4160616.1 ], [ 283852.1, 4160623.66 ], [ 283853.68, 4160623.84 ], [ 283853.59, 4160624.59 ], [ 283866.81, 4160626.08 ], [ 283867.16, 4160622.96 ] ] ] } },
{ "type": "Feature", "properties": { "id": "osm:way/755382617", "name": null, "height": 3.91, "min_height": 0.0, "levels": null, "height_source": "lidar", "roof_shape": "flat", "roof_height": 0.55, "roof_azimuth": null, "roof_source": "lod2", "roof_color": "roof_flat", "roof_color_source": "ortho", "lod2_roof": { "v": [ [ 283770.05, 4160624.05, 0.0 ], [ 283775.75, 4160627.18, 0.26 ], [ 283775.46, 4160629.97, 0.55 ], [ 283768.8, 4160629.28, 0.54 ], [ 283769.36, 4160623.98, 0.0 ] ], "f": [ [ [ 0, 1, 2, 3, 4 ] ] ] }, "roof_props": null, "wall_color": "cream", "wall_color_source": "assessor", "type": "yes", "landmark": null, "footprint_source": "osm", "source_updated": null, "is_part": false, "parent": null, "hidden": false, "addr": null, "wikidata": null, "website": null, "zoning": "R-5", "lidar_p90": 4.06, "ground_z": 55.43 }, "geometry": { "type": "Polygon", "coordinates": [ [ [ 283775.46, 4160629.97 ], [ 283776.08, 4160624.07 ], [ 283769.42, 4160623.38 ], [ 283768.8, 4160629.28 ], [ 283775.46, 4160629.97 ] ] ] } },
{ "type": "Feature", "properties": { "id": "osm:way/755382614", "name": null, "height": 7.68, "min_height": 0.0, "levels": null, "height_source": "lidar", "roof_shape": "skillion", "roof_height": 1.2, "roof_azimuth": 83.1, "roof_source": "lod2", "roof_color": "roof_flat", "roof_color_source": "ortho", "lod2_roof": { "v": [ [ 283748.64, 4160624.66, 1.19 ], [ 283761.78, 4160626.33, 1.16 ], [ 283761.17, 4160631.81, 0.0 ], [ 283746.61, 4160630.1, 0.0 ], [ 283746.93, 4160627.22, 0.61 ], [ 283746.46, 4160627.17, 0.61 ], [ 283746.42, 4160626.97, 0.65 ], [ 283747.02, 4160626.35, 0.8 ], [ 283746.92, 4160624.44, 1.2 ], [ 283746.92, 4160624.36, 0.0 ], [ 283746.6, 4160624.4, 0.01 ], [ 283745.98, 4160624.32, 0.04 ], [ 283746.15, 4160622.84, 0.17 ], [ 283749.35, 4160623.19, 0.0 ], [ 283746.6, 4160624.4, 0.0 ], [ 283746.42, 4160626.97, 0.0 ], [ 283747.02, 4160626.35, 0.0 ], [ 283745.98, 4160624.32, 0.0 ], [ 283746.46, 4160627.17, 0.0 ], [ 283746.92, 4160624.44, 0.0 ], [ 283748.64, 4160624.66, 0.0 ], [ 283761.78, 4160626.33, 0.0 ] ], "f": [ [ [ 0, 1, 2, 3, 4, 5, 6, 7, 8 ] ], [ [ 9, 10, 11, 12, 13 ] ], [ [ 6, 15, 16, 7 ] ], [ [ 10, 14, 17, 11 ] ], [ [ 5, 18, 15, 6 ] ], [ [ 7, 16, 19, 8 ] ], [ [ 0, 20, 21, 1 ] ] ] }, "roof_props": null, "wall_color": "slate", "wall_color_source": "assessor", "type": "yes", "landmark": null, "footprint_source": "osm", "source_updated": null, "is_part": false, "parent": null, "hidden": false, "addr": "2609 Brook Road", "wikidata": null, "website": null, "zoning": "R-5", "lidar_p90": 8.62, "ground_z": 55.54 }, "geometry": { "type": "Polygon", "coordinates": [ [ [ 283745.68, 4160627.08 ], [ 283746.93, 4160627.22 ], [ 283746.58, 4160630.38 ], [ 283761.15, 4160632.0 ], [ 283761.97, 4160624.59 ], [ 283746.15, 4160622.84 ], [ 283745.68, 4160627.08 ] ] ] } },
{ "type": "Feature", "properties": { "id": "osm:way/755382915", "name": null, "height": 4.47, "min_height": 0.0, "levels": null, "height_source": "lidar", "roof_shape": "gable", "roof_height": 6.34, "roof_azimuth": 173.0, "roof_source": "lod2", "roof_color": "roof_flat", "roof_color_source": "ortho", "lod2_roof": { "v": [ [ 283809.38, 4160626.65, 3.99 ], [ 283809.81, 4160628.33, 4.29 ], [ 283810.89, 4160632.61, 5.06 ], [ 283811.45, 4160634.83, 5.47 ], [ 283804.1, 4160634.11, 3.08 ], [ 283804.66, 4160629.51, 2.79 ], [ 283816.86, 4160635.37, 0.72 ], [ 283817.52, 4160628.76, 0.75 ], [ 283819.86, 4160628.61, 0.0 ], [ 283819.07, 4160635.58, 0.0 ], [ 283812.28, 4160627.87, 5.88 ], [ 283811.86, 4160631.74, 5.87 ], [ 283810.89, 4160632.61, 5.41 ], [ 283809.81, 4160628.33, 4.59 ], [ 283813.33, 4160627.68, 5.33 ], [ 283813.07, 4160629.06, 5.39 ], [ 283817.52, 4160628.76, 3.02 ], [ 283816.86, 4160635.37, 2.98 ], [ 283811.45, 4160634.83, 5.91 ], [ 283810.89, 4160632.61, 6.34 ] ], "f": [ [ [ 0, 1, 2, 3, 4, 5 ] ], [ [ 6, 7, 8, 9 ] ], [ [ 10, 11, 12, 13 ] ], [ [ 11, 10, 14, 15, 16, 17, 18, 19 ] ], [ [ 12, 2, 1, 13 ] ], [ [ 18, 3, 2, 12, 19 ] ], [ [ 16, 7, 6, 17 ] ], [ [ 19, 12, 11 ] ] ] }, "roof_props": null, "wall_color": "brick", "wall_color_source": "assessor", "type": "yes", "landmark": null, "footprint_source": "osm", "source_updated": null, "is_part": false, "parent": null, "hidden": false, "addr": "2618 Northumberland Avenue", "wikidata": null, "website": null, "zoning": "R-5", "lidar_p90": 9.49, "ground_z": 54.61 }, "geometry": { "type": "Polygon", "coordinates": [ [ [ 283819.25, 4160635.6 ], [ 283820.19, 4160627.94 ], [ 283817.77, 4160627.65 ], [ 283817.85, 4160627.03 ], [ 283807.6, 4160625.77 ], [ 283807.44, 4160627.03 ], [ 283805.0, 4160626.73 ], [ 283804.1, 4160634.11 ], [ 283819.25, 4160635.6 ] ] ] } },
{ "type": "Feature", "properties": { "id": "osm:way/755382856", "name": null, "height": 4.37, "min_height": 0.0, "levels": null, "height_source": "lidar", "roof_shape": "gable", "roof_height": 1.83, "roof_azimuth": 173.6, "roof_source": "lidar", "roof_color": "roof_flat", "roof_color_source": "ortho", "lod2_roof": null, "roof_props": null, "wall_color": "sand", "wall_color_source": "assessor", "type": "yes", "landmark": null, "footprint_source": "osm", "source_updated": null, "is_part": false, "parent": null, "hidden": false, "addr": "2621 Northumberland Avenue", "wikidata": null, "website": null, "zoning": "R-5", "lidar_p90": 6.43, "ground_z": 53.32 }, "geometry": { "type": "Polygon", "coordinates": [ [ [ 283867.59, 4160632.81 ], [ 283869.36, 4160633.01 ], [ 283869.85, 4160628.7 ], [ 283868.22, 4160628.52 ], [ 283868.29, 4160627.93 ], [ 283853.65, 4160626.38 ], [ 283853.57, 4160626.96 ], [ 283851.77, 4160626.76 ], [ 283850.88, 4160634.69 ], [ 283867.13, 4160636.91 ], [ 283867.59, 4160632.81 ] ] ] } },
{ "type": "Feature", "properties": { "id": "osm:way/755382859", "name": null, "height": 8.17, "min_height": 0.0, "levels": null, "height_source": "lidar", "roof_shape": "flat", "roof_height": 0.0, "roof_azimuth": null, "roof_source": "heuristic", "roof_color": "roof_flat", "roof_color_source": "ortho", "lod2_roof": null, "roof_props": null, "wall_color": "brick_dark", "wall_color_source": "assessor", "type": "yes", "landmark": null, "footprint_source": "osm", "source_updated": null, "is_part": false, "parent": null, "hidden": false, "addr": "2620 Northumberland Avenue", "wikidata": null, "website": null, "zoning": "R-5", "lidar_p90": 9.16, "ground_z": 54.83 }, "geometry": { "type": "Polygon", "coordinates": [ [ [ 283816.04, 4160645.37 ], [ 283818.0, 4160645.63 ], [ 283818.98, 4160638.14 ], [ 283816.79, 4160637.84 ], [ 283816.88, 4160637.17 ], [ 283806.7, 4160635.82 ], [ 283806.51, 4160637.27 ], [ 283804.22, 4160636.96 ], [ 283803.22, 4160644.47 ], [ 283815.93, 4160646.16 ], [ 283816.04, 4160645.37 ] ] ] } },
{ "type": "Feature", "properties": { "id": "osm:way/755382874", "name": null, "height": 7.63, "min_height": 0.0, "levels": null, "height_source": "lidar", "roof_shape": "flat", "roof_height": 2.31, "roof_azimuth": null, "roof_source": "lod2", "roof_color": "roof_flat", "roof_color_source": "ortho", "lod2_roof": { "v": [ [ 283851.19, 4160645.64, 0.43 ], [ 283852.05, 4160643.81, 1.33 ], [ 283852.19, 4160643.51, 1.48 ], [ 283854.71, 4160644.04, 1.68 ], [ 283855.69, 4160644.57, 1.62 ], [ 283853.79, 4160645.75, 0.82 ], [ 283853.98, 4160646.16, 0.68 ], [ 283853.33, 4160646.66, 0.37 ], [ 283852.17, 4160646.54, 0.23 ], [ 283852.26, 4160645.76, 0.56 ], [ 283855.69, 4160644.57, 1.89 ], [ 283856.5, 4160644.06, 2.2 ], [ 283857.82, 4160644.74, 1.94 ], [ 283859.66, 4160645.68, 1.57 ], [ 283859.72, 4160646.78, 1.01 ], [ 283859.76, 4160647.35, 0.71 ], [ 283853.33, 4160646.66, 0.67 ], [ 283853.98, 4160646.16, 0.97 ], [ 283853.79, 4160645.75, 1.16 ], [ 283863.95, 4160647.08, 0.0 ], [ 283862.81, 4160646.96, 0.27 ], [ 283862.73, 4160647.67, 0.32 ], [ 283859.76, 4160647.35, 1.02 ], [ 283859.66, 4160645.68, 0.98 ], [ 283859.47, 4160642.22, 0.88 ], [ 283862.53, 4160640.32, 0.07 ], [ 283862.81, 4160640.35, 0.0 ], [ 283852.32, 4160642.66, 1.12 ], [ 283852.71, 4160642.53, 1.07 ], [ 283852.82, 4160642.67, 1.12 ], [ 283853.67, 4160642.1, 0.88 ], [ 283853.11, 4160640.57, 0.25 ], [ 283852.68, 4160639.97, 0.0 ], [ 283860.46, 4160640.11, 0.0 ], [ 283859.66, 4160645.68, 2.31 ], [ 283856.5, 4160644.06, 1.67 ], [ 283852.36, 4160643.14, 1.32 ], [ 283852.35, 4160642.99, 1.26 ], [ 283852.36, 4160643.14, 0.0 ], [ 283852.71, 4160642.53, 0.15 ], [ 283852.42, 4160642.63, 0.0 ], [ 283853.67, 4160642.1, 0.61 ], [ 283852.82, 4160642.67, 0.21 ], [ 283852.05, 4160643.81, 0.0 ], [ 283852.19, 4160643.51, 0.0 ], [ 283851.19, 4160645.64, 0.0 ], [ 283852.35, 4160642.99, 0.0 ], [ 283852.32, 4160642.66, 0.0 ] ], "f": [ [ [ 0, 1, 2, 3, 4, 5, 6, 7, 8, 9 ] ], [ [ 10, 11, 12, 13, 14, 15, 16, 17, 18 ] ], [ [ 19, 20, 21, 22, 14, 23, 24, 25, 26 ] ], [ [ 27, 28, 29, 30, 31, 32, 33, 25, 24, 34, 12, 35, 10, 3, 2, 36, 37 ] ], [ [ 39, 40, 32, 31, 41, 42 ] ], [ [ 13, 23, 14 ] ], [ [ 22, 15, 14 ] ], [ [ 23, 13, 34, 24 ] ], [ [ 11, 35, 12 ] ], [ [ 34, 13, 12 ] ], [ [ 1, 43, 44, 2 ] ], [ [ 30, 41, 31 ] ], [ [ 17, 6, 5, 18 ] ], [ [ 16, 7, 6, 17 ] ], [ [ 10, 4, 3 ] ], [ [ 18, 5, 4, 10 ] ], [ [ 0, 45, 43, 1 ] ], [ [ 36, 38, 46, 37 ] ], [ [ 35, 11, 10 ] ], [ [ 29, 42, 41, 30 ] ], [ [ 37, 46, 47, 27 ] ], [ [ 28, 39, 42, 29 ] ], [ [ 2, 44, 38, 36 ] ], [ [ 27, 47, 40, 39, 28 ] ] ] }, "roof_props": null, "wall_color": "brick", "wall_color_source": "assessor", "type": "yes", "landmark": null, "footprint_source": "osm", "source_updated": null, "is_part": false, "parent": null, "hidden": false, "addr": "2623 Northumberland Avenue", "wikidata": null, "website": null, "zoning": "R-5", "lidar_p90": 8.84, "ground_z": 53.58 }, "geometry": { "type": "Polygon", "coordinates": [ [ [ 283868.77, 4160640.03 ], [ 283863.3, 4160639.18 ], [ 283863.35, 4160638.64 ], [ 283852.85, 4160637.5 ], [ 283852.73, 4160638.62 ], [ 283850.48, 4160638.37 ], [ 283849.72, 4160645.48 ], [ 283852.26, 4160645.76 ], [ 283852.17, 4160646.54 ], [ 283862.73, 4160647.67 ], [ 283862.81, 4160646.96 ], [ 283867.96, 4160647.51 ], [ 283868.77, 4160640.03 ] ] ] } },
{ "type": "Feature", "properties": { "id": "osm:way/755382895", "name": null, "height": 5.35, "min_height": 0.0, "levels": null, "height_source": "lidar", "roof_shape": "flat", "roof_height": 0.0, "roof_azimuth": null, "roof_source": "heuristic", "roof_color": "roof_flat", "roof_color_source": "ortho", "lod2_roof": null, "roof_props": null, "wall_color": "cream", "wall_color_source": "assessor", "type": "yes", "landmark": null, "footprint_source": "osm", "source_updated": null, "is_part": false, "parent": null, "hidden": false, "addr": "2611 Brook Road", "wikidata": null, "website": null, "zoning": "R-5", "lidar_p90": 6.69, "ground_z": 55.61 }, "geometry": { "type": "Polygon", "coordinates": [ [ [ 283765.22, 4160637.42 ], [ 283755.7, 4160636.38 ], [ 283755.55, 4160637.72 ], [ 283746.04, 4160636.68 ], [ 283745.65, 4160640.29 ], [ 283743.53, 4160640.05 ], [ 283742.75, 4160647.24 ], [ 283763.94, 4160649.11 ], [ 283765.22, 4160637.42 ] ] ] } },
{ "type": "Feature", "properties": { "id": "osm:way/755382930", "name": null, "height": 4.63, "min_height": 0.0, "levels": null, "height_source": "lidar", "roof_shape": "gable", "roof_height": 5.38, "roof_azimuth": 173.7, "roof_source": "lod2", "roof_color": "roof_flat", "roof_color_source": "ortho", "lod2_roof": { "v": [ [ 283803.55, 4160647.06, 2.36 ], [ 283804.9, 4160647.21, 2.87 ], [ 283805.01, 4160646.28, 2.85 ], [ 283810.29, 4160646.87, 4.86 ], [ 283809.29, 4160655.2, 5.06 ], [ 283802.11, 4160654.56, 2.35 ], [ 283802.75, 4160648.92, 2.19 ], [ 283803.8, 4160648.94, 2.58 ], [ 283815.18, 4160649.35, 0.29 ], [ 283815.25, 4160649.12, 0.27 ], [ 283815.98, 4160649.13, 0.0 ], [ 283815.31, 4160655.74, 0.0 ], [ 283814.59, 4160655.68, 0.27 ], [ 283815.25, 4160649.12, 2.51 ], [ 283815.18, 4160649.35, 2.54 ], [ 283814.59, 4160655.68, 2.51 ], [ 283809.29, 4160655.2, 5.38 ], [ 283810.29, 4160646.87, 5.3 ], [ 283815.79, 4160647.48, 2.31 ] ], "f": [ [ [ 0, 1, 2, 3, 4, 5, 6, 7 ] ], [ [ 8, 9, 10, 11, 12 ] ], [ [ 13, 14, 15, 16, 17, 18 ] ], [ [ 16, 4, 3, 17 ] ], [ [ 14, 8, 12, 15 ] ], [ [ 13, 9, 8, 14 ] ] ] }, "roof_props": null, "wall_color": "brick_dark", "wall_color_source": "assessor", "type": "yes", "landmark": null, "footprint_source": "osm", "source_updated": null, "is_part": false, "parent": null, "hidden": false, "addr": "2622 Northumberland Avenue", "wikidata": null, "website": null, "zoning": "R-5", "lidar_p90": 9.65, "ground_z": 55.2 }, "geometry": { "type": "Polygon", "coordinates": [ [ [ 283817.89, 4160648.42 ], [ 283815.85, 4160648.18 ], [ 283815.93, 4160647.49 ], [ 283805.01, 4160646.28 ], [ 283804.9, 4160647.21 ], [ 283802.96, 4160647.0 ], [ 283802.11, 4160654.56 ], [ 283817.06, 4160655.9 ], [ 283817.89, 4160648.42 ] ] ] } },
{ "type": "Feature", "properties": { "id": "osm:way/755382929", "name": null, "height": 7.3, "min_height": 0.0, "levels": null, "height_source": "lidar", "roof_shape": "gable", "roof_height": 1.96, "roof_azimuth": 175.6, "roof_source": "lidar", "roof_color": "roof_flat", "roof_color_source": "ortho", "lod2_roof": null, "roof_props": null, "wall_color": "brick_dark", "wall_color_source": "assessor", "type": "yes", "landmark": null, "footprint_source": "osm", "source_updated": null, "is_part": false, "parent": null, "hidden": false, "addr": "2625 Northumberland Avenue", "wikidata": null, "website": null, "zoning": "R-5", "lidar_p90": 9.31, "ground_z": 53.89 }, "geometry": { "type": "Polygon", "coordinates": [ [ [ 283851.46, 4160648.91 ], [ 283850.76, 4160657.87 ], [ 283862.59, 4160658.78 ], [ 283863.28, 4160649.83 ], [ 283851.46, 4160648.91 ] ] ] } },
{ "type": "Feature", "properties": { "id": "osm:way/755382897", "name": null, "height": 7.5, "min_height": 0.0, "levels": null, "height_source": "zoning", "roof_shape": "flat", "roof_height": 0.0, "roof_azimuth": null, "roof_source": "heuristic", "roof_color": "concrete", "roof_color_source": "heuristic", "lod2_roof": null, "roof_props": null, "wall_color": "brick_dark", "wall_color_source": "assessor", "type": "yes", "landmark": null, "footprint_source": "osm", "source_updated": null, "is_part": false, "parent": null, "hidden": false, "addr": null, "wikidata": null, "website": null, "zoning": "R-5", "lidar_p90": null, "ground_z": 56.19 }, "geometry": { "type": "Polygon", "coordinates": [ [ [ 283777.45, 4160676.63 ], [ 283776.69, 4160682.56 ], [ 283780.12, 4160682.98 ], [ 283780.84, 4160677.05 ], [ 283777.45, 4160676.63 ] ] ] } },
{ "type": "Feature", "properties": { "id": "osm:way/755382931", "name": null, "height": 7.86, "min_height": 0.0, "levels": null, "height_source": "lidar", "roof_shape": "flat", "roof_height": 0.0, "roof_azimuth": null, "roof_source": "heuristic", "roof_color": "roof_flat", "roof_color_source": "ortho", "lod2_roof": null, "roof_props": null, "wall_color": "brick", "wall_color_source": "assessor", "type": "yes", "landmark": null, "footprint_source": "osm", "source_updated": null, "is_part": false, "parent": null, "hidden": false, "addr": "2700 Northumberland Avenue", "wikidata": null, "website": null, "zoning": "R-5", "lidar_p90": 8.9, "ground_z": 56.12 }, "geometry": { "type": "Polygon", "coordinates": [ [ [ 283812.34, 4160674.69 ], [ 283805.23, 4160674.0 ], [ 283805.01, 4160676.23 ], [ 283803.88, 4160676.12 ], [ 283803.3, 4160682.06 ], [ 283802.15, 4160681.95 ], [ 283801.86, 4160684.96 ], [ 283811.6, 4160685.92 ], [ 283812.34, 4160674.69 ] ] ] } },
{ "type": "Feature", "properties": { "id": "osm:way/755382909", "name": null, "height": 6.81, "min_height": 0.0, "levels": null, "height_source": "lidar", "roof_shape": "flat", "roof_height": 0.0, "roof_azimuth": null, "roof_source": "heuristic", "roof_color": "concrete", "roof_color_source": "ortho", "lod2_roof": null, "roof_props": null, "wall_color": "brick", "wall_color_source": "assessor", "type": "yes", "landmark": null, "footprint_source": "osm", "source_updated": null, "is_part": false, "parent": null, "hidden": false, "addr": "2701 Northumberland Avenue", "wikidata": null, "website": null, "zoning": "R-5", "lidar_p90": 8.13, "ground_z": 55.13 }, "geometry": { "type": "Polygon", "coordinates": [ [ [ 283858.62, 4160688.33 ], [ 283860.04, 4160688.49 ], [ 283860.55, 4160683.72 ], [ 283858.99, 4160683.55 ], [ 283859.42, 4160679.57 ], [ 283849.77, 4160678.53 ], [ 283849.69, 4160679.25 ], [ 283846.98, 4160678.96 ], [ 283846.08, 4160687.38 ], [ 283848.23, 4160687.62 ], [ 283848.17, 4160688.22 ], [ 283858.51, 4160689.34 ], [ 283858.62, 4160688.33 ] ] ] } },
{ "type": "Feature", "properties": { "id": "osm:way/755382917", "name": null, "height": 3.67, "min_height": 0.0, "levels": null, "height_source": "lidar", "roof_shape": "flat", "roof_height": 0.0, "roof_azimuth": null, "roof_source": "heuristic", "roof_color": "concrete", "roof_color_source": "ortho", "lod2_roof": null, "roof_props": null, "wall_color": "sand", "wall_color_source": "assessor", "type": "yes", "landmark": null, "footprint_source": "osm", "source_updated": null, "is_part": false, "parent": null, "hidden": false, "addr": "2701 Brook Road", "wikidata": null, "website": null, "zoning": "R-5", "lidar_p90": 5.45, "ground_z": 56.34 }, "geometry": { "type": "Polygon", "coordinates": [ [ [ 283756.82, 4160689.58 ], [ 283759.88, 4160689.66 ], [ 283760.16, 4160680.73 ], [ 283759.11, 4160680.7 ], [ 283759.31, 4160674.59 ], [ 283739.87, 4160673.98 ], [ 283739.7, 4160679.5 ], [ 283743.57, 4160679.62 ], [ 283743.3, 4160688.16 ], [ 283740.94, 4160688.09 ], [ 283740.69, 4160696.04 ], [ 283756.6, 4160696.53 ], [ 283756.82, 4160689.58 ] ] ] } },
{ "type": "Feature", "properties": { "id": "osm:way/755382902", "name": null, "height": 7.24, "min_height": 0.0, "levels": null, "height_source": "lidar", "roof_shape": "flat", "roof_height": 0.0, "roof_azimuth": null, "roof_source": "heuristic", "roof_color": "roof_flat", "roof_color_source": "ortho", "lod2_roof": null, "roof_props": null, "wall_color": "brick", "wall_color_source": "assessor", "type": "yes", "landmark": null, "footprint_source": "osm", "source_updated": null, "is_part": false, "parent": null, "hidden": false, "addr": "2702 Northumberland Avenue", "wikidata": null, "website": null, "zoning": "R-5", "lidar_p90": 8.85, "ground_z": 56.45 }, "geometry": { "type": "Polygon", "coordinates": [ [ [ 283810.14, 4160698.1 ], [ 283812.39, 4160698.37 ], [ 283813.15, 4160691.74 ], [ 283810.8, 4160691.47 ], [ 283810.9, 4160690.67 ], [ 283800.88, 4160689.52 ], [ 283800.73, 4160690.82 ], [ 283798.29, 4160690.54 ], [ 283797.45, 4160697.78 ], [ 283810.02, 4160699.22 ], [ 283810.14, 4160698.1 ] ] ] } },
{ "type": "Feature", "properties": { "id": "osm:way/755382963", "name": null, "height": 2.7, "min_height": 0.0, "levels": null, "height_source": "lidar", "roof_shape": "flat", "roof_height": 0.0, "roof_azimuth": null, "roof_source": "heuristic", "roof_color": "roof_flat", "roof_color_source": "ortho", "lod2_roof": null, "roof_props": null, "wall_color": "brick", "wall_color_source": "assessor", "type": "yes", "landmark": null, "footprint_source": "osm", "source_updated": null, "is_part": false, "parent": null, "hidden": false, "addr": null, "wikidata": null, "website": null, "zoning": "R-5", "lidar_p90": 2.76, "ground_z": 56.41 }, "geometry": { "type": "Polygon", "coordinates": [ [ [ 283776.23, 4160691.61 ], [ 283775.51, 4160697.64 ], [ 283781.5, 4160698.36 ], [ 283782.23, 4160692.33 ], [ 283776.23, 4160691.61 ] ] ] } },
{ "type": "Feature", "properties": { "id": "osm:way/755382833", "name": null, "height": 6.68, "min_height": 0.0, "levels": null, "height_source": "lidar", "roof_shape": "gable", "roof_height": 3.36, "roof_azimuth": 174.0, "roof_source": "lod2", "roof_color": "roof_flat", "roof_color_source": "ortho", "lod2_roof": { "v": [ [ 283982.49, 4160516.67, 1.38 ], [ 283980.66, 4160517.77, 0.4 ], [ 283980.39, 4160517.72, 0.25 ], [ 283980.8, 4160513.68, 0.3 ], [ 283980.86, 4160513.68, 0.33 ], [ 283983.0, 4160516.35, 1.65 ], [ 283983.69, 4160518.22, 2.52 ], [ 283984.43, 4160519.17, 2.12 ], [ 283981.38, 4160521.2, 0.8 ], [ 283981.45, 4160521.71, 0.55 ], [ 283980.26, 4160521.58, 0.5 ], [ 283980.61, 4160518.31, 2.17 ], [ 283982.56, 4160518.51, 2.26 ], [ 283986.3, 4160517.92, 3.36 ], [ 283987.84, 4160519.04, 2.83 ], [ 283988.44, 4160519.48, 2.63 ], [ 283988.83, 4160519.14, 2.83 ], [ 283991.73, 4160522.79, 1.0 ], [ 283981.45, 4160521.71, 1.05 ], [ 283981.38, 4160521.2, 1.32 ], [ 283984.43, 4160519.17, 2.58 ], [ 283985.04, 4160518.76, 2.84 ], [ 283988.44, 4160519.48, 3.04 ], [ 283986.3, 4160517.92, 2.31 ], [ 283984.43, 4160519.17, 3.1 ], [ 283983.69, 4160518.22, 2.62 ], [ 283982.49, 4160516.67, 1.85 ], [ 283993.27, 4160514.98, 0.33 ], [ 283993.42, 4160515.24, 0.46 ], [ 283980.66, 4160517.77, 1.76 ], [ 283983.69, 4160518.22, 2.13 ], [ 283982.56, 4160518.51, 2.19 ], [ 283980.61, 4160518.31, 1.99 ], [ 283993.49, 4160522.98, 0.0 ], [ 283993.27, 4160514.98, 0.56 ], [ 283994.26, 4160515.08, 0.0 ], [ 283980.39, 4160517.72, 0.0 ], [ 283980.8, 4160513.68, 0.0 ] ], "f": [ [ [ 0, 1, 2, 3, 4, 5 ] ], [ [ 6, 7, 8, 9, 10, 11, 12 ] ], [ [ 13, 14, 15, 16, 17, 18, 19, 20, 21 ] ], [ [ 22, 14, 23, 21, 24, 25, 26, 5, 4, 27, 28, 16 ] ], [ [ 29, 0, 30, 31, 32 ] ], [ [ 33, 17, 16, 28, 34, 35 ] ], [ [ 19, 8, 7, 20 ] ], [ [ 18, 9, 8, 19 ] ], [ [ 12, 31, 30, 6 ] ], [ [ 25, 6, 30, 0, 26 ] ], [ [ 26, 0, 5 ] ], [ [ 11, 32, 31, 12 ] ], [ [ 27, 34, 28 ] ], [ [ 16, 15, 22 ] ], [ [ 2, 36, 37, 3 ] ], [ [ 24, 20, 7, 6, 25 ] ], [ [ 23, 13, 21 ] ], [ [ 20, 24, 21 ] ], [ [ 13, 23, 14 ] ], [ [ 22, 15, 14 ] ], [ [ 29, 1, 0 ] ] ] }, "roof_props": null, "wall_color": "terracotta", "wall_color_source": "assessor", "type": "yes", "landmark": null, "footprint_source": "osm", "source_updated": null, "is_part": false, "parent": null, "hidden": false, "addr": "2509 Seminary Avenue", "wikidata": null, "website": null, "zoning": "R-5", "lidar_p90": 9.13, "ground_z": 51.06 }, "geometry": { "type": "Polygon", "coordinates": [ [ [ 283978.87, 4160511.43 ], [ 283978.24, 4160517.49 ], [ 283980.66, 4160517.75 ], [ 283980.26, 4160521.58 ], [ 283993.7, 4160523.0 ], [ 283994.74, 4160513.1 ], [ 283978.87, 4160511.43 ] ] ] } },
{ "type": "Feature", "properties": { "id": "osm:way/755382980", "name": null, "height": 7.79, "min_height": 0.0, "levels": null, "height_source": "lidar", "roof_shape": "flat", "roof_height": 0.0, "roof_azimuth": null, "roof_source": "heuristic", "roof_color": "roof_flat", "roof_color_source": "ortho", "lod2_roof": null, "roof_props": null, "wall_color": "brick", "wall_color_source": "assessor", "type": "yes", "landmark": null, "footprint_source": "osm", "source_updated": null, "is_part": false, "parent": null, "hidden": false, "addr": "2511 Seminary Avenue", "wikidata": null, "website": null, "zoning": "R-5", "lidar_p90": 8.49, "ground_z": 51.44 }, "geometry": { "type": "Polygon", "coordinates": [ [ [ 283989.4, 4160534.58 ], [ 283991.08, 4160534.77 ], [ 283991.81, 4160528.23 ], [ 283990.26, 4160528.06 ], [ 283990.42, 4160526.58 ], [ 283977.87, 4160525.18 ], [ 283976.97, 4160533.26 ], [ 283979.14, 4160533.51 ], [ 283979.07, 4160534.13 ], [ 283989.32, 4160535.28 ], [ 283989.4, 4160534.58 ] ] ] } },
{ "type": "Feature", "properties": { "id": "osm:way/755382865", "name": null, "height": 6.67, "min_height": 0.0, "levels": null, "height_source": "lidar", "roof_shape": "gable", "roof_height": 2.71, "roof_azimuth": 174.3, "roof_source": "lod2", "roof_color": "roof_flat", "roof_color_source": "ortho", "lod2_roof": { "v": [ [ 283989.13, 4160538.21, 0.41 ], [ 283989.35, 4160538.23, 0.34 ], [ 283989.09, 4160539.23, 0.42 ], [ 283990.24, 4160539.58, 0.0 ], [ 283990.07, 4160545.05, 0.0 ], [ 283988.43, 4160544.88, 0.59 ], [ 283988.36, 4160545.51, 0.61 ], [ 283982.55, 4160544.93, 2.71 ], [ 283983.14, 4160536.34, 2.59 ], [ 283989.26, 4160536.95, 0.38 ], [ 283977.19, 4160543.24, 0.0 ], [ 283978.91, 4160543.15, 0.84 ], [ 283978.46, 4160536.59, 0.31 ], [ 283978.48, 4160536.42, 0.31 ], [ 283978.53, 4160535.87, 0.31 ], [ 283977.91, 4160544.46, 0.42 ], [ 283978.0, 4160543.65, 0.42 ], [ 283977.16, 4160543.56, 0.0 ], [ 283978.91, 4160543.15, 0.0 ], [ 283978.46, 4160536.59, 0.0 ] ], "f": [ [ [ 0, 1, 2, 3, 4, 5, 6, 7, 8, 9 ] ], [ [ 10, 11, 12, 13, 14, 8, 7, 15, 16, 17 ] ], [ [ 11, 18, 19, 12 ] ], [ [ 18, 11, 10 ] ] ] }, "roof_props": null, "wall_color": "brick", "wall_color_source": "assessor", "type": "yes", "landmark": null, "footprint_source": "osm", "source_updated": null, "is_part": false, "parent": null, "hidden": false, "addr": "2513 Seminary Avenue", "wikidata": null, "website": null, "zoning": "R-5", "lidar_p90": 9.23, "ground_z": 51.42 }, "geometry": { "type": "Polygon", "coordinates": [ [ [ 283988.43, 4160544.88 ], [ 283990.51, 4160545.09 ], [ 283991.17, 4160538.41 ], [ 283989.13, 4160538.21 ], [ 283989.26, 4160536.95 ], [ 283978.53, 4160535.88 ], [ 283978.46, 4160536.59 ], [ 283976.29, 4160536.38 ], [ 283975.59, 4160543.4 ], [ 283978.0, 4160543.65 ], [ 283977.91, 4160544.46 ], [ 283988.36, 4160545.51 ], [ 283988.43, 4160544.88 ] ] ] } },
{ "type": "Feature", "properties": { "id": "osm:way/755382967", "name": null, "height": 3.91, "min_height": 0.0, "levels": null, "height_source": "lidar", "roof_shape": "gable", "roof_height": 5.12, "roof_azimuth": 173.6, "roof_source": "lod2", "roof_color": "concrete", "roof_color_source": "ortho", "lod2_roof": { "v": [ [ 283925.43, 4160541.87, 2.26 ], [ 283931.63, 4160542.57, 5.12 ], [ 283930.89, 4160548.85, 5.11 ], [ 283926.0, 4160548.29, 2.86 ], [ 283926.05, 4160547.82, 2.85 ], [ 283924.78, 4160547.68, 2.27 ], [ 283936.88, 4160543.17, 0.4 ], [ 283938.05, 4160543.3, 0.0 ], [ 283937.46, 4160549.59, 0.0 ], [ 283936.22, 4160549.45, 0.42 ], [ 283936.88, 4160543.17, 2.52 ], [ 283936.22, 4160549.45, 2.48 ] ], "f": [ [ [ 0, 1, 2, 3, 4, 5 ] ], [ [ 6, 7, 8, 9 ] ], [ [ 1, 10, 11, 2 ] ], [ [ 10, 6, 9, 11 ] ] ] }, "roof_props": null, "wall_color": "cream", "wall_color_source": "assessor", "type": "yes", "landmark": null, "footprint_source": "osm", "source_updated": null, "is_part": false, "parent": null, "hidden": false, "addr": "2600 Seminary Avenue", "wikidata": null, "website": null, "zoning": "R-5", "lidar_p90": 8.87, "ground_z": 51.96 }, "geometry": { "type": "Polygon", "coordinates": [ [ [ 283926.05, 4160547.83 ], [ 283926.0, 4160548.29 ], [ 283938.72, 4160549.74 ], [ 283939.68, 4160541.15 ], [ 283926.69, 4160539.69 ], [ 283926.48, 4160541.54 ], [ 283925.48, 4160541.43 ], [ 283924.78, 4160547.68 ], [ 283926.05, 4160547.83 ] ] ] } },
{ "type": "Feature", "properties": { "id": "osm:way/755382898", "name": null, "height": 2.68, "min_height": 0.0, "levels": null, "height_source": "lidar", "roof_shape": "flat", "roof_height": 0.0, "roof_azimuth": null, "roof_source": "heuristic", "roof_color": "roof_dark", "roof_color_source": "heuristic", "lod2_roof": null, "roof_props": null, "wall_color": "brick", "wall_color_source": "assessor", "type": "yes", "landmark": null, "footprint_source": "osm", "source_updated": null, "is_part": false, "parent": null, "hidden": false, "addr": null, "wikidata": null, "website": null, "zoning": "R-5", "lidar_p90": 2.88, "ground_z": 52.17 }, "geometry": { "type": "Polygon", "coordinates": [ [ [ 283905.28, 4160542.95 ], [ 283904.9, 4160546.2 ], [ 283910.26, 4160546.8 ], [ 283910.63, 4160543.56 ], [ 283905.28, 4160542.95 ] ] ] } },
{ "type": "Feature", "properties": { "id": "osm:way/755383151", "name": null, "height": 7.81, "min_height": 0.0, "levels": null, "height_source": "lidar", "roof_shape": "flat", "roof_height": 0.0, "roof_azimuth": null, "roof_source": "heuristic", "roof_color": "concrete", "roof_color_source": "ortho", "lod2_roof": null, "roof_props": null, "wall_color": "brick_dark", "wall_color_source": "assessor", "type": "yes", "landmark": null, "footprint_source": "osm", "source_updated": null, "is_part": false, "parent": null, "hidden": false, "addr": "2602 Seminary Avenue", "wikidata": null, "website": null, "zoning": "R-5", "lidar_p90": 8.77, "ground_z": 52.28 }, "geometry": { "type": "Polygon", "coordinates": [ [ [ 283933.87, 4160562.73 ], [ 283936.05, 4160563.0 ], [ 283936.88, 4160555.95 ], [ 283934.76, 4160555.69 ], [ 283934.82, 4160555.21 ], [ 283924.36, 4160553.98 ], [ 283924.16, 4160555.59 ], [ 283922.51, 4160555.4 ], [ 283921.83, 4160561.15 ], [ 283923.7, 4160561.37 ], [ 283923.56, 4160562.54 ], [ 283933.74, 4160563.74 ], [ 283933.87, 4160562.73 ] ] ] } },
{ "type": "Feature", "properties": { "id": "osm:way/755383113", "name": null, "height": 7.93, "min_height": 0.0, "levels": null, "height_source": "lidar", "roof_shape": "flat", "roof_height": 0.0, "roof_azimuth": null, "roof_source": "heuristic", "roof_color": "roof_flat", "roof_color_source": "ortho", "lod2_roof": null, "roof_props": null, "wall_color": "brick", "wall_color_source": "assessor", "type": "yes", "landmark": null, "footprint_source": "osm", "source_updated": null, "is_part": false, "parent": null, "hidden": false, "addr": "2604 Seminary Avenue", "wikidata": null, "website": null, "zoning": "R-5", "lidar_p90": 8.91, "ground_z": 52.17 }, "geometry": { "type": "Polygon", "coordinates": [ [ [ 283932.59, 4160577.81 ], [ 283934.71, 4160578.05 ], [ 283935.57, 4160570.33 ], [ 283933.09, 4160570.06 ], [ 283933.18, 4160569.28 ], [ 283922.75, 4160568.14 ], [ 283922.6, 4160569.58 ], [ 283920.85, 4160569.38 ], [ 283920.06, 4160576.52 ], [ 283921.89, 4160576.72 ], [ 283921.82, 4160577.24 ], [ 283932.51, 4160578.42 ], [ 283932.59, 4160577.81 ] ] ] } },
{ "type": "Feature", "properties": { "id": "osm:way/755382861", "name": null, "height": 3.07, "min_height": 0.0, "levels": null, "height_source": "lidar", "roof_shape": "flat", "roof_height": 0.92, "roof_azimuth": null, "roof_source": "lod2", "roof_color": "roof_flat", "roof_color_source": "ortho", "lod2_roof": { "v": [ [ 283907.02, 4160577.69, 0.28 ], [ 283901.19, 4160576.85, 0.33 ], [ 283901.38, 4160575.52, 0.9 ], [ 283907.24, 4160576.17, 0.92 ], [ 283907.53, 4160574.11, 0.0 ], [ 283901.67, 4160573.51, 0.0 ] ], "f": [ [ [ 0, 1, 2, 3 ] ], [ [ 4, 3, 2, 5 ] ] ] }, "roof_props": null, "wall_color": "sand", "wall_color_source": "assessor", "type": "yes", "landmark": null, "footprint_source": "osm", "source_updated": null, "is_part": false, "parent": null, "hidden": false, "addr": null, "wikidata": null, "website": null, "zoning": "R-5", "lidar_p90": 3.85, "ground_z": 52.41 }, "geometry": { "type": "Polygon", "coordinates": [ [ [ 283902.09, 4160570.6 ], [ 283901.19, 4160576.86 ], [ 283907.02, 4160577.69 ], [ 283907.91, 4160571.43 ], [ 283902.09, 4160570.6 ] ] ] } },
{ "type": "Feature", "properties": { "id": "osm:way/755382905", "name": null, "height": 6.79, "min_height": 0.0, "levels": null, "height_source": "lidar", "roof_shape": "gable", "roof_height": 2.32, "roof_azimuth": 174.0, "roof_source": "lod2", "roof_color": "roof_flat", "roof_color_source": "ortho", "lod2_roof": { "v": [ [ 283985.44, 4160581.87, 0.0 ], [ 283984.04, 4160581.72, 0.44 ], [ 283983.95, 4160582.49, 0.46 ], [ 283980.97, 4160582.12, 1.39 ], [ 283979.26, 4160580.48, 1.93 ], [ 283980.04, 4160579.83, 1.7 ], [ 283984.12, 4160576.46, 0.47 ], [ 283985.59, 4160577.41, 0.0 ], [ 283973.65, 4160580.62, 1.21 ], [ 283974.25, 4160578.81, 2.1 ], [ 283980.04, 4160579.83, 2.32 ], [ 283973.55, 4160581.19, 0.94 ], [ 283973.97, 4160574.6, 0.15 ], [ 283984.74, 4160575.74, 0.2 ], [ 283984.73, 4160575.8, 0.23 ], [ 283984.9, 4160575.82, 0.23 ], [ 283984.12, 4160576.46, 0.57 ], [ 283973.97, 4160578.76, 2.09 ], [ 283974.55, 4160575.31, 0.45 ], [ 283974.25, 4160578.81, 0.49 ], [ 283973.65, 4160580.62, 0.3 ], [ 283973.55, 4160581.19, 0.28 ], [ 283973.06, 4160581.12, 0.05 ], [ 283973.79, 4160579.81, 0.32 ], [ 283973.97, 4160578.76, 0.35 ], [ 283973.79, 4160579.81, 0.0 ], [ 283973.97, 4160578.76, 0.0 ], [ 283973.06, 4160581.12, 0.0 ], [ 283974.55, 4160575.31, 0.0 ], [ 283973.97, 4160574.6, 0.0 ] ], "f": [ [ [ 0, 1, 2, 3, 4, 5, 6, 7 ] ], [ [ 8, 9, 10, 4, 3, 11 ] ], [ [ 12, 13, 14, 15, 16, 10, 9, 17, 18 ] ], [ [ 19, 20, 21, 22, 23, 24 ] ], [ [ 23, 25, 26, 24 ] ], [ [ 10, 5, 4 ] ], [ [ 16, 6, 5, 10 ] ], [ [ 22, 27, 25, 23 ] ], [ [ 18, 28, 29, 12 ] ], [ [ 11, 21, 20, 8 ] ], [ [ 9, 19, 24, 17 ] ], [ [ 17, 24, 26, 28, 18 ] ], [ [ 8, 20, 19, 9 ] ] ] }, "roof_props": null, "wall_color": "sand", "wall_color_source": "assessor", "type": "yes", "landmark": null, "footprint_source": "osm", "source_updated": null, "is_part": false, "parent": null, "hidden": false, "addr": "2607 Seminary Avenue", "wikidata": null, "website": null, "zoning": "R-5", "lidar_p90": 8.71, "ground_z": 51.62 }, "geometry": { "type": "Polygon", "coordinates": [ [ [ 283986.57, 4160575.99 ], [ 283984.73, 4160575.8 ], [ 283984.9, 4160574.12 ], [ 283974.97, 4160573.08 ], [ 283974.91, 4160573.59 ], [ 283972.69, 4160573.36 ], [ 283971.89, 4160580.98 ], [ 283983.95, 4160582.5 ], [ 283984.04, 4160581.72 ], [ 283985.95, 4160581.92 ], [ 283986.57, 4160575.99 ] ] ] } },
{ "type": "Feature", "properties": { "id": "osm:way/755383097", "name": null, "height": 3.68, "min_height": 0.0, "levels": null, "height_source": "lidar", "roof_shape": "flat", "roof_height": 0.0, "roof_azimuth": null, "roof_source": "heuristic", "roof_color": "roof_flat", "roof_color_source": "ortho", "lod2_roof": null, "roof_props": null, "wall_color": "cream", "wall_color_source": "assessor", "type": "yes", "landmark": null, "footprint_source": "osm", "source_updated": null, "is_part": false, "parent": null, "hidden": false, "addr": null, "wikidata": null, "website": null, "zoning": "R-5", "lidar_p90": 6.32, "ground_z": 52.56 }, "geometry": { "type": "Polygon", "coordinates": [ [ [ 283888.09, 4160576.59 ], [ 283887.44, 4160583.3 ], [ 283893.09, 4160583.86 ], [ 283893.76, 4160577.14 ], [ 283888.09, 4160576.59 ] ] ] } },
{ "type": "Feature", "properties": { "id": "osm:way/755382871", "name": null, "height": 6.5, "min_height": 0.0, "levels": null, "height_source": "lidar", "roof_shape": "gable", "roof_height": 2.91, "roof_azimuth": 172.8, "roof_source": "lod2", "roof_color": "roof_flat", "roof_color_source": "ortho", "lod2_roof": { "v": [ [ 283928.75, 4160589.68, 2.28 ], [ 283929.24, 4160590.05, 2.08 ], [ 283929.3, 4160590.09, 2.05 ], [ 283930.35, 4160590.86, 1.63 ], [ 283928.19, 4160591.49, 1.34 ], [ 283927.73, 4160591.62, 1.27 ], [ 283926.99, 4160590.26, 2.0 ], [ 283926.3, 4160589.55, 2.38 ], [ 283926.77, 4160589.25, 2.53 ], [ 283927.13, 4160589.02, 2.65 ], [ 283927.95, 4160589.69, 2.28 ], [ 283926.3, 4160589.55, 2.72 ], [ 283926.99, 4160590.26, 2.39 ], [ 283927.73, 4160591.62, 1.72 ], [ 283928.22, 4160592.54, 1.27 ], [ 283928.44, 4160592.94, 1.07 ], [ 283918.96, 4160591.75, 1.15 ], [ 283922.15, 4160589.11, 2.71 ], [ 283922.47, 4160589.51, 2.52 ], [ 283924.43, 4160589.36, 2.72 ], [ 283925.99, 4160589.23, 2.87 ], [ 283931.46, 4160586.27, 0.69 ], [ 283929.2, 4160587.71, 1.58 ], [ 283927.13, 4160589.02, 2.39 ], [ 283925.99, 4160589.23, 2.57 ], [ 283922.47, 4160589.51, 2.91 ], [ 283918.13, 4160584.07, 0.25 ], [ 283918.15, 4160583.95, 0.19 ], [ 283931.59, 4160585.23, 0.13 ], [ 283931.07, 4160589.62, 0.0 ], [ 283930.71, 4160589.71, 0.18 ], [ 283930.67, 4160590.05, 0.17 ], [ 283930.89, 4160590.4, 0.05 ], [ 283930.61, 4160590.72, 0.17 ], [ 283930.51, 4160591.77, 0.17 ], [ 283930.82, 4160592.02, 0.0 ], [ 283930.68, 4160593.23, 0.0 ], [ 283928.44, 4160592.94, 1.14 ], [ 283927.73, 4160591.62, 1.56 ], [ 283930.35, 4160590.86, 0.29 ], [ 283929.3, 4160590.09, 0.86 ], [ 283929.38, 4160590.03, 0.82 ], [ 283930.49, 4160589.76, 0.28 ], [ 283929.2, 4160587.71, 1.03 ], [ 283931.42, 4160586.3, 0.0 ], [ 283929.3, 4160590.09, 2.08 ], [ 283928.75, 4160589.68, 2.0 ], [ 283927.95, 4160589.69, 2.15 ], [ 283927.13, 4160589.02, 2.0 ], [ 283930.49, 4160589.76, 1.72 ], [ 283929.38, 4160590.03, 2.04 ], [ 283917.45, 4160591.56, 0.33 ], [ 283917.67, 4160589.8, 0.34 ], [ 283917.04, 4160589.72, 0.0 ], [ 283917.42, 4160586.29, 0.0 ], [ 283917.84, 4160586.34, 0.23 ], [ 283930.89, 4160590.4, 0.0 ], [ 283930.61, 4160590.72, 0.0 ], [ 283930.67, 4160590.05, 0.0 ], [ 283930.71, 4160589.71, 0.0 ], [ 283930.51, 4160591.77, 0.0 ], [ 283931.46, 4160586.27, 0.0 ] ], "f": [ [ [ 0, 1, 2, 3, 4, 5, 6, 7, 8, 9, 10 ] ], [ [ 11, 12, 13, 14, 15, 16, 17, 18, 19, 20 ] ], [ [ 21, 22, 23, 8, 11, 24, 19, 25, 17, 26, 27, 28 ] ], [ [ 29, 30, 31, 32, 33, 34, 35, 36, 37, 14, 38, 4, 39, 40, 41, 42, 43, 44 ] ], [ [ 45, 1, 46, 47, 48, 43, 49, 50 ] ], [ [ 16, 51, 52, 53, 54, 55, 26, 17 ] ], [ [ 23, 9, 8 ] ], [ [ 7, 11, 8 ] ], [ [ 20, 24, 11 ] ], [ [ 37, 15, 14 ] ], [ [ 13, 38, 14 ] ], [ [ 32, 56, 57, 33 ] ], [ [ 9, 23, 48, 47, 10 ] ], [ [ 31, 58, 56, 32 ] ], [ [ 30, 59, 58, 31 ] ], [ [ 10, 47, 46, 0 ] ], [ [ 25, 18, 17 ] ], [ [ 24, 20, 19 ] ], [ [ 18, 25, 19 ] ], [ [ 42, 49, 43 ] ], [ [ 3, 39, 4 ] ], [ [ 38, 5, 4 ] ], [ [ 2, 40, 39, 3 ] ], [ [ 22, 43, 48, 23 ] ], [ [ 33, 57, 60, 34 ] ], [ [ 34, 60, 35 ] ], [ [ 49, 42, 41, 50 ] ], [ [ 50, 41, 40, 2, 45 ] ], [ [ 12, 6, 5, 38, 13 ] ], [ [ 11, 7, 6, 12 ] ], [ [ 21, 61, 44, 43, 22 ] ], [ [ 0, 46, 1 ] ], [ [ 59, 30, 29 ] ] ] }, "roof_props": null, "wall_color": "brick_dark", "wall_color_source": "assessor", "type": "yes", "landmark": null, "footprint_source": "osm", "source_updated": null, "is_part": false, "parent": null, "hidden": false, "addr": "2606 Seminary Avenue", "wikidata": null, "website": null, "zoning": "R-5", "lidar_p90": 8.77, "ground_z": 52.3 }, "geometry": { "type": "Polygon", "coordinates": [ [ [ 283930.86, 4160592.13 ], [ 283932.73, 4160592.37 ], [ 283933.33, 4160587.6 ], [ 283931.32, 4160587.35 ], [ 283931.8, 4160583.57 ], [ 283918.41, 4160581.87 ], [ 283917.84, 4160586.34 ], [ 283916.73, 4160586.2 ], [ 283916.29, 4160589.62 ], [ 283917.67, 4160589.8 ], [ 283917.45, 4160591.56 ], [ 283930.72, 4160593.23 ], [ 283930.86, 4160592.13 ] ] ] } },
{ "type": "Feature", "properties": { "id": "osm:way/755382910", "name": null, "height": 7.87, "min_height": 0.0, "levels": null, "height_source": "lidar", "roof_shape": "flat", "roof_height": 0.0, "roof_azimuth": null, "roof_source": "heuristic", "roof_color": "roof_flat", "roof_color_source": "ortho", "lod2_roof": null, "roof_props": null, "wall_color": "brick", "wall_color_source": "assessor", "type": "yes", "landmark": null, "footprint_source": "osm", "source_updated": null, "is_part": false, "parent": null, "hidden": false, "addr": "2609 Seminary Avenue", "wikidata": null, "website": null, "zoning": "R-5", "lidar_p90": 8.94, "ground_z": 51.61 }, "geometry": { "type": "Polygon", "coordinates": [ [ [ 283970.68, 4160587.13 ], [ 283969.71, 4160595.91 ], [ 283985.64, 4160597.65 ], [ 283986.59, 4160588.87 ], [ 283970.68, 4160587.13 ] ] ] } },
{ "type": "Feature", "properties": { "id": "osm:way/755382903", "name": null, "height": 2.5, "min_height": 0.0, "levels": null, "height_source": "lidar", "roof_shape": "flat", "roof_height": 0.0, "roof_azimuth": null, "roof_source": "heuristic", "roof_color": "roof_flat", "roof_color_source": "heuristic", "lod2_roof": null, "roof_props": null, "wall_color": "terracotta", "wall_color_source": "assessor", "type": "yes", "landmark": null, "footprint_source": "osm", "source_updated": null, "is_part": false, "parent": null, "hidden": false, "addr": null, "wikidata": null, "website": null, "zoning": "R-5", "lidar_p90": 9.7, "ground_z": 52.85 }, "geometry": { "type": "Polygon", "coordinates": [ [ [ 283885.87, 4160594.38 ], [ 283885.57, 4160598.25 ], [ 283891.49, 4160598.71 ], [ 283891.79, 4160594.83 ], [ 283885.87, 4160594.38 ] ] ] } },
{ "type": "Feature", "properties": { "id": "osm:way/755383152", "name": null, "height": 7.85, "min_height": 0.0, "levels": null, "height_source": "lidar", "roof_shape": "flat", "roof_height": 0.0, "roof_azimuth": null, "roof_source": "heuristic", "roof_color": "roof_flat", "roof_color_source": "ortho", "lod2_roof": null, "roof_props": null, "wall_color": "brick", "wall_color_source": "assessor", "type": "yes", "landmark": null, "footprint_source": "osm", "source_updated": null, "is_part": false, "parent": null, "hidden": false, "addr": "2515 Seminary Avenue", "wikidata": null, "website": null, "zoning": "R-5", "lidar_p90": 8.77, "ground_z": 51.34 }, "geometry": { "type": "Polygon", "coordinates": [ [ [ 283989.77, 4160548.93 ], [ 283987.89, 4160548.77 ], [ 283988.05, 4160546.91 ], [ 283978.02, 4160546.06 ], [ 283977.95, 4160546.74 ], [ 283975.49, 4160546.53 ], [ 283974.89, 4160553.62 ], [ 283977.11, 4160553.8 ], [ 283977.06, 4160554.48 ], [ 283989.23, 4160555.27 ], [ 283989.77, 4160548.93 ] ] ] } },
{ "type": "Feature", "properties": { "id": "osm:way/755382867", "name": null, "height": 7.56, "min_height": 0.0, "levels": null, "height_source": "lidar", "roof_shape": "flat", "roof_height": 0.0, "roof_azimuth": null, "roof_source": "heuristic", "roof_color": "concrete", "roof_color_source": "ortho", "lod2_roof": null, "roof_props": null, "wall_color": "brick", "wall_color_source": "assessor", "type": "yes", "landmark": null, "footprint_source": "osm", "source_updated": null, "is_part": false, "parent": null, "hidden": false, "addr": "2605 Seminary Avenue", "wikidata": null, "website": null, "zoning": "R-5", "lidar_p90": 8.99, "ground_z": 51.44 }, "geometry": { "type": "Polygon", "coordinates": [ [ [ 283976.94, 4160558.49 ], [ 283976.87, 4160559.11 ], [ 283973.87, 4160558.76 ], [ 283973.2, 4160559.03 ], [ 283972.42, 4160565.83 ], [ 283975.54, 4160566.57 ], [ 283975.49, 4160567.0 ], [ 283989.06, 4160568.56 ], [ 283989.64, 4160563.45 ], [ 283987.46, 4160563.19 ], [ 283987.86, 4160559.74 ], [ 283976.94, 4160558.49 ] ] ] } },
{ "type": "Feature", "properties": { "id": "osm:way/755382872", "name": null, "height": 4.21, "min_height": 0.0, "levels": null, "height_source": "lidar", "roof_shape": "gable", "roof_height": 5.13, "roof_azimuth": 174.8, "roof_source": "lod2", "roof_color": "roof_flat", "roof_color_source": "ortho", "lod2_roof": { "v": [ [ 283930.96, 4160607.34, 0.0 ], [ 283928.69, 4160607.13, 0.46 ], [ 283929.66, 4160601.56, 0.17 ], [ 283929.77, 4160600.95, 0.14 ], [ 283930.45, 4160601.04, 0.0 ], [ 283928.69, 4160607.13, 2.77 ], [ 283923.98, 4160606.7, 5.12 ], [ 283924.71, 4160600.29, 5.13 ], [ 283929.66, 4160601.56, 2.61 ], [ 283919.0, 4160600.27, 0.0 ], [ 283920.26, 4160600.19, 0.21 ], [ 283919.13, 4160606.26, 0.47 ], [ 283917.67, 4160606.13, 0.21 ], [ 283918.0, 4160602.55, 0.0 ], [ 283920.26, 4160600.19, 2.94 ], [ 283924.75, 4160599.89, 5.13 ], [ 283919.13, 4160606.26, 2.71 ] ], "f": [ [ [ 0, 1, 2, 3, 4 ] ], [ [ 5, 6, 7, 8 ] ], [ [ 9, 10, 11, 12, 13 ] ], [ [ 14, 15, 7, 6, 16 ] ], [ [ 16, 11, 10, 14 ] ], [ [ 8, 2, 1, 5 ] ] ] }, "roof_props": null, "wall_color": "brick", "wall_color_source": "assessor", "type": "yes", "landmark": null, "footprint_source": "osm", "source_updated": null, "is_part": false, "parent": null, "hidden": false, "addr": "2614 Seminary Avenue", "wikidata": null, "website": null, "zoning": "R-5", "lidar_p90": 9.02, "ground_z": 52.29 }, "geometry": { "type": "Polygon", "coordinates": [ [ [ 283931.45, 4160607.38 ], [ 283932.19, 4160599.26 ], [ 283920.47, 4160598.2 ], [ 283920.39, 4160599.09 ], [ 283918.33, 4160598.91 ], [ 283917.67, 4160606.13 ], [ 283931.45, 4160607.38 ] ] ] } },
{ "type": "Feature", "properties": { "id": "osm:way/755382961", "name": null, "height": 2.66, "min_height": 0.0, "levels": null, "height_source": "lidar", "roof_shape": "flat", "roof_height": 0.0, "roof_azimuth": null, "roof_source": "heuristic", "roof_color": "roof_dark", "roof_color_source": "heuristic", "lod2_roof": null, "roof_props": null, "wall_color": "cream", "wall_color_source": "assessor", "type": "yes", "landmark": null, "footprint_source": "osm", "source_updated": null, "is_part": false, "parent": null, "hidden": false, "addr": null, "wikidata": null, "website": null, "zoning": "R-5", "lidar_p90": 2.76, "ground_z": 52.75 }, "geometry": { "type": "Polygon", "coordinates": [ [ [ 283884.84, 4160604.07 ], [ 283884.28, 4160607.78 ], [ 283890.18, 4160608.66 ], [ 283890.73, 4160604.95 ], [ 283884.84, 4160604.07 ] ] ] } },
{ "type": "Feature", "properties": { "id": "osm:way/755382886", "name": null, "height": 8.3, "min_height": 0.0, "levels": null, "height_source": "lidar", "roof_shape": "flat", "roof_height": 0.0, "roof_azimuth": null, "roof_source": "heuristic", "roof_color": "roof_flat", "roof_color_source": "heuristic", "lod2_roof": null, "roof_props": null, "wall_color": "brick", "wall_color_source": "assessor", "type": "yes", "landmark": null, "footprint_source": "osm", "source_updated": null, "is_part": false, "parent": null, "hidden": false, "addr": "2615 Seminary Avenue", "wikidata": null, "website": null, "zoning": "R-5", "lidar_p90": 9.37, "ground_z": 51.74 }, "geometry": { "type": "Polygon", "coordinates": [ [ [ 283968.66, 4160602.88 ], [ 283967.5, 4160612.83 ], [ 283982.16, 4160614.22 ], [ 283983.32, 4160604.48 ], [ 283968.66, 4160602.88 ] ] ] } },
{ "type": "Feature", "properties": { "id": "osm:way/755383098", "name": null, "height": 8.29, "min_height": 0.0, "levels": null, "height_source": "lidar", "roof_shape": "flat", "roof_height": 0.0, "roof_azimuth": null, "roof_source": "heuristic", "roof_color": "roof_flat", "roof_color_source": "ortho", "lod2_roof": null, "roof_props": null, "wall_color": "cream", "wall_color_source": "assessor", "type": "yes", "landmark": null, "footprint_source": "osm", "source_updated": null, "is_part": false, "parent": null, "hidden": false, "addr": "2616 Seminary Avenue", "wikidata": null, "website": null, "zoning": "R-5", "lidar_p90": 9.46, "ground_z": 52.36 }, "geometry": { "type": "Polygon", "coordinates": [ [ [ 283930.7, 4160613.01 ], [ 283928.58, 4160612.79 ], [ 283928.69, 4160611.76 ], [ 283918.41, 4160610.65 ], [ 283918.02, 4160614.21 ], [ 283915.98, 4160613.98 ], [ 283915.63, 4160617.29 ], [ 283917.78, 4160617.52 ], [ 283917.56, 4160619.57 ], [ 283927.81, 4160620.68 ], [ 283927.91, 4160619.75 ], [ 283929.95, 4160619.97 ], [ 283930.7, 4160613.01 ] ] ] } },
{ "type": "Feature", "properties": { "id": "osm:way/755382901", "name": null, "height": 5.27, "min_height": 0.0, "levels": null, "height_source": "lidar", "roof_shape": "gable", "roof_height": 4.31, "roof_azimuth": 171.2, "roof_source": "lod2", "roof_color": "concrete", "roof_color_source": "ortho", "lod2_roof": { "v": [ [ 283968.87, 4160625.13, 4.23 ], [ 283974.41, 4160626.03, 4.31 ], [ 283976.39, 4160628.95, 3.16 ], [ 283968.47, 4160627.73, 3.02 ], [ 283969.49, 4160621.12, 2.24 ], [ 283978.85, 4160622.6, 2.35 ], [ 283978.98, 4160622.62, 2.28 ], [ 283979.75, 4160622.74, 1.89 ], [ 283979.93, 4160623.59, 1.76 ], [ 283978.73, 4160623.66, 2.34 ], [ 283977.51, 4160628.8, 2.61 ], [ 283978.11, 4160629.22, 2.3 ], [ 283979.02, 4160622.47, 2.27 ], [ 283978.73, 4160623.66, 0.0 ], [ 283977.51, 4160628.8, 0.0 ], [ 283979.93, 4160623.59, 0.0 ], [ 283978.11, 4160629.22, 0.0 ] ], "f": [ [ [ 0, 1, 2, 3 ] ], [ [ 0, 4, 5, 1 ] ], [ [ 6, 7, 8, 9, 10, 11, 2, 1, 5, 12 ] ], [ [ 9, 13, 14, 10 ] ], [ [ 8, 15, 13, 9 ] ], [ [ 10, 14, 16, 11 ] ] ] }, "roof_props": null, "wall_color": "terracotta", "wall_color_source": "assessor", "type": "yes", "landmark": null, "footprint_source": "osm", "source_updated": null, "is_part": false, "parent": null, "hidden": false, "addr": "2617 Seminary Avenue", "wikidata": null, "website": null, "zoning": "R-5", "lidar_p90": 9.35, "ground_z": 51.77 }, "geometry": { "type": "Polygon", "coordinates": [ [ [ 283969.79, 4160619.18 ], [ 283968.47, 4160627.73 ], [ 283980.87, 4160629.65 ], [ 283982.2, 4160621.1 ], [ 283969.79, 4160619.18 ] ] ] } },
{ "type": "Feature", "properties": { "id": "osm:way/755382932", "name": null, "height": 2.62, "min_height": 0.0, "levels": null, "height_source": "lidar", "roof_shape": "flat", "roof_height": 0.0, "roof_azimuth": null, "roof_source": "heuristic", "roof_color": "roof_flat", "roof_color_source": "heuristic", "lod2_roof": null, "roof_props": null, "wall_color": "brick", "wall_color_source": "assessor", "type": "yes", "landmark": null, "footprint_source": "osm", "source_updated": null, "is_part": false, "parent": null, "hidden": false, "addr": null, "wikidata": null, "website": null, "zoning": "R-5", "lidar_p90": 4.86, "ground_z": 52.84 }, "geometry": { "type": "Polygon", "coordinates": [ [ [ 283883.47, 4160623.07 ], [ 283883.2, 4160626.45 ], [ 283888.59, 4160626.89 ], [ 283888.87, 4160623.51 ], [ 283883.47, 4160623.07 ] ] ] } },
{ "type": "Feature", "properties": { "id": "osm:way/755382879", "name": null, "height": 8.08, "min_height": 0.0, "levels": null, "height_source": "lidar", "roof_shape": "flat", "roof_height": 0.0, "roof_azimuth": null, "roof_source": "heuristic", "roof_color": "roof_flat", "roof_color_source": "ortho", "lod2_roof": null, "roof_props": null, "wall_color": "cream", "wall_color_source": "assessor", "type": "yes", "landmark": null, "footprint_source": "osm", "source_updated": null, "is_part": false, "parent": null, "hidden": false, "addr": "2618 Seminary Avenue", "wikidata": null, "website": null, "zoning": "R-5", "lidar_p90": 8.78, "ground_z": 52.56 }, "geometry": { "type": "Polygon", "coordinates": [ [ [ 283926.46, 4160631.85 ], [ 283928.7, 4160632.06 ], [ 283929.42, 4160624.24 ], [ 283927.21, 4160624.04 ], [ 283927.25, 4160623.52 ], [ 283916.78, 4160622.54 ], [ 283916.42, 4160626.46 ], [ 283914.85, 4160626.32 ], [ 283914.59, 4160629.04 ], [ 283916.19, 4160629.19 ], [ 283915.97, 4160631.51 ], [ 283926.41, 4160632.47 ], [ 283926.46, 4160631.85 ] ] ] } },
{ "type": "Feature", "properties": { "id": "osm:way/755382846", "name": null, "height": 3.16, "min_height": 0.0, "levels": null, "height_source": "lidar", "roof_shape": "flat", "roof_height": 0.0, "roof_azimuth": null, "roof_source": "heuristic", "roof_color": "roof_flat", "roof_color_source": "ortho", "lod2_roof": null, "roof_props": null, "wall_color": "brick", "wall_color_source": "assessor", "type": "yes", "landmark": null, "footprint_source": "osm", "source_updated": null, "is_part": false, "parent": null, "hidden": false, "addr": null, "wikidata": null, "website": null, "zoning": "R-5", "lidar_p90": 3.74, "ground_z": 52.97 }, "geometry": { "type": "Polygon", "coordinates": [ [ [ 283882.33, 4160628.59 ], [ 283881.55, 4160634.51 ], [ 283887.34, 4160635.27 ], [ 283888.13, 4160629.37 ], [ 283882.33, 4160628.59 ] ] ] } },
{ "type": "Feature", "properties": { "id": "osm:way/755382858", "name": null, "height": 8.33, "min_height": 0.0, "levels": null, "height_source": "lidar", "roof_shape": "flat", "roof_height": 0.0, "roof_azimuth": null, "roof_source": "heuristic", "roof_color": "roof_flat", "roof_color_source": "ortho", "lod2_roof": null, "roof_props": null, "wall_color": "cream", "wall_color_source": "assessor", "type": "yes", "landmark": null, "footprint_source": "osm", "source_updated": null, "is_part": false, "parent": null, "hidden": false, "addr": "2619 Seminary Avenue", "wikidata": null, "website": null, "zoning": "R-5", "lidar_p90": 9.25, "ground_z": 51.94 }, "geometry": { "type": "Polygon", "coordinates": [ [ [ 283967.07, 4160639.4 ], [ 283979.91, 4160640.93 ], [ 283980.92, 4160632.45 ], [ 283968.09, 4160630.91 ], [ 283967.07, 4160639.4 ] ] ] } },
{ "type": "Feature", "properties": { "id": "osm:way/755382978", "name": null, "height": 2.97, "min_height": 0.0, "levels": null, "height_source": "lidar", "roof_shape": "flat", "roof_height": 0.0, "roof_azimuth": null, "roof_source": "heuristic", "roof_color": "roof_flat", "roof_color_source": "ortho", "lod2_roof": null, "roof_props": null, "wall_color": "cream", "wall_color_source": "assessor", "type": "yes", "landmark": null, "footprint_source": "osm", "source_updated": null, "is_part": false, "parent": null, "hidden": false, "addr": null, "wikidata": null, "website": null, "zoning": "R-5", "lidar_p90": 3.48, "ground_z": 52.88 }, "geometry": { "type": "Polygon", "coordinates": [ [ [ 283895.54, 4160633.86 ], [ 283894.75, 4160640.73 ], [ 283900.86, 4160641.44 ], [ 283901.65, 4160634.55 ], [ 283895.54, 4160633.86 ] ] ] } },
{ "type": "Feature", "properties": { "id": "osm:way/755382955", "name": null, "height": 2.92, "min_height": 0.0, "levels": null, "height_source": "lidar", "roof_shape": "flat", "roof_height": 0.0, "roof_azimuth": null, "roof_source": "heuristic", "roof_color": "roof_flat", "roof_color_source": "ortho", "lod2_roof": null, "roof_props": null, "wall_color": "brick_dark", "wall_color_source": "assessor", "type": "yes", "landmark": null, "footprint_source": "osm", "source_updated": null, "is_part": false, "parent": null, "hidden": false, "addr": null, "wikidata": null, "website": null, "zoning": "R-5", "lidar_p90": 3.24, "ground_z": 51.85 }, "geometry": { "type": "Polygon", "coordinates": [ [ [ 283993.18, 4160635.77 ], [ 283992.67, 4160640.09 ], [ 283998.6, 4160640.78 ], [ 283999.11, 4160636.47 ], [ 283993.18, 4160635.77 ] ] ] } },
{ "type": "Feature", "properties": { "id": "osm:way/755383095", "name": null, "height": 2.91, "min_height": 0.0, "levels": null, "height_source": "lidar", "roof_shape": "flat", "roof_height": 0.0, "roof_azimuth": null, "roof_source": "heuristic", "roof_color": "roof_flat", "roof_color_source": "ortho", "lod2_roof": null, "roof_props": null, "wall_color": "brick", "wall_color_source": "assessor", "type": "yes", "landmark": null, "footprint_source": "osm", "source_updated": null, "is_part": false, "parent": null, "hidden": false, "addr": null, "wikidata": null, "website": null, "zoning": "R-5", "lidar_p90": 3.42, "ground_z": 51.98 }, "geometry": { "type": "Polygon", "coordinates": [ [ [ 283992.97, 4160661.48 ], [ 283992.31, 4160667.8 ], [ 283998.36, 4160668.44 ], [ 283999.02, 4160662.11 ], [ 283992.97, 4160661.48 ] ] ] } },
{ "type": "Feature", "properties": { "id": "osm:way/755382860", "name": null, "height": 4.31, "min_height": 0.0, "levels": null, "height_source": "lidar", "roof_shape": "gable", "roof_height": 5.1, "roof_azimuth": 173.3, "roof_source": "lod2", "roof_color": "roof_flat", "roof_color_source": "ortho", "lod2_roof": { "v": [ [ 283920.51, 4160637.34, 4.92 ], [ 283920.55, 4160638.69, 5.01 ], [ 283920.04, 4160643.34, 5.0 ], [ 283915.18, 4160642.77, 2.58 ], [ 283915.46, 4160641.82, 2.67 ], [ 283916.15, 4160636.9, 2.75 ], [ 283920.46, 4160635.52, 4.8 ], [ 283915.18, 4160642.77, 0.29 ], [ 283914.13, 4160642.64, 0.0 ], [ 283914.8, 4160637.09, 0.0 ], [ 283915.47, 4160637.11, 0.18 ], [ 283916.15, 4160636.9, 0.36 ], [ 283915.46, 4160641.82, 0.33 ], [ 283924.68, 4160642.7, 0.44 ], [ 283925.54, 4160637.65, 0.35 ], [ 283926.71, 4160637.68, 0.0 ], [ 283926.0, 4160644.04, 0.0 ], [ 283924.72, 4160643.89, 0.39 ], [ 283925.54, 4160637.65, 2.62 ], [ 283924.68, 4160642.7, 2.76 ], [ 283924.72, 4160643.89, 2.68 ], [ 283920.51, 4160637.34, 5.1 ], [ 283925.72, 4160636.58, 2.59 ] ], "f": [ [ [ 0, 1, 2, 3, 4, 5, 6 ] ], [ [ 7, 8, 9, 10, 11, 12 ] ], [ [ 13, 14, 15, 16, 17 ] ], [ [ 18, 19, 20, 2, 1, 21, 22 ] ], [ [ 4, 12, 11, 5 ] ], [ [ 3, 7, 12, 4 ] ], [ [ 0, 21, 1 ] ], [ [ 19, 13, 17, 20 ] ], [ [ 18, 14, 13, 19 ] ] ] }, "roof_props": null, "wall_color": "cream", "wall_color_source": "assessor", "type": "yes", "landmark": null, "footprint_source": "osm", "source_updated": null, "is_part": false, "parent": null, "hidden": false, "addr": "2620 Seminary Avenue", "wikidata": null, "website": null, "zoning": "R-5", "lidar_p90": 9.16, "ground_z": 52.59 }, "geometry": { "type": "Polygon", "coordinates": [ [ [ 283916.44, 4160633.88 ], [ 283916.3, 4160635.07 ], [ 283914.43, 4160634.85 ], [ 283913.52, 4160642.57 ], [ 283927.18, 4160644.18 ], [ 283928.22, 4160635.27 ], [ 283916.44, 4160633.88 ] ] ] } },
{ "type": "Feature", "properties": { "id": "richmond_structure:390036", "name": null, "height": 7.5, "min_height": 0.0, "levels": null, "height_source": "zoning", "roof_shape": "flat", "roof_height": 0.0, "roof_azimuth": null, "roof_source": "heuristic", "roof_color": "roof_dark", "roof_color_source": "heuristic", "lod2_roof": null, "roof_props": null, "wall_color": "brick", "wall_color_source": "assessor", "type": "yes", "landmark": null, "footprint_source": "richmond_structures", "source_updated": "2026-09-08T12:07:13.637000Z", "is_part": false, "parent": null, "hidden": false, "addr": null, "wikidata": null, "website": null, "zoning": "R-5", "lidar_p90": 0.08, "ground_z": 53.1 }, "geometry": { "type": "Polygon", "coordinates": [ [ [ 283894.41, 4160643.35 ], [ 283893.91, 4160647.76 ], [ 283898.64, 4160648.3 ], [ 283899.13, 4160643.88 ], [ 283894.41, 4160643.35 ] ] ] } },
{ "type": "Feature", "properties": { "id": "osm:way/755382896", "name": null, "height": 3.14, "min_height": 0.0, "levels": null, "height_source": "lidar", "roof_shape": "flat", "roof_height": 0.68, "roof_azimuth": null, "roof_source": "lod2", "roof_color": "concrete", "roof_color_source": "ortho", "lod2_roof": { "v": [ [ 283898.38, 4160653.53, 0.13 ], [ 283892.35, 4160652.85, 0.12 ], [ 283892.5, 4160651.53, 0.68 ], [ 283898.53, 4160652.24, 0.67 ], [ 283898.72, 4160650.53, 0.0 ], [ 283892.7, 4160649.79, 0.0 ] ], "f": [ [ [ 0, 1, 2, 3 ] ], [ [ 4, 3, 2, 5 ] ] ] }, "roof_props": null, "wall_color": "brick_dark", "wall_color_source": "assessor", "type": "yes", "landmark": null, "footprint_source": "osm", "source_updated": null, "is_part": false, "parent": null, "hidden": false, "addr": null, "wikidata": null, "website": null, "zoning": "R-5", "lidar_p90": 3.72, "ground_z": 53.04 }, "geometry": { "type": "Polygon", "coordinates": [ [ [ 283892.35, 4160652.85 ], [ 283898.38, 4160653.53 ], [ 283899.06, 4160647.48 ], [ 283893.03, 4160646.81 ], [ 283892.35, 4160652.85 ] ] ] } },
{ "type": "Feature", "properties": { "id": "osm:way/755382933", "name": null, "height": 7.99, "min_height": 0.0, "levels": null, "height_source": "lidar", "roof_shape": "flat", "roof_height": 0.0, "roof_azimuth": null, "roof_source": "heuristic", "roof_color": "roof_flat", "roof_color_source": "ortho", "lod2_roof": null, "roof_props": null, "wall_color": "brick", "wall_color_source": "assessor", "type": "yes", "landmark": null, "footprint_source": "osm", "source_updated": null, "is_part": false, "parent": null, "hidden": false, "addr": "2621 Seminary Avenue", "wikidata": null, "website": null, "zoning": "R-5", "lidar_p90": 8.84, "ground_z": 52.18 }, "geometry": { "type": "Polygon", "coordinates": [ [ [ 283976.2, 4160655.22 ], [ 283977.75, 4160655.4 ], [ 283978.55, 4160648.31 ], [ 283976.94, 4160648.13 ], [ 283977.09, 4160646.78 ], [ 283966.03, 4160645.55 ], [ 283965.92, 4160646.53 ], [ 283963.62, 4160646.27 ], [ 283962.78, 4160653.75 ], [ 283965.32, 4160654.04 ], [ 283965.24, 4160654.67 ], [ 283976.13, 4160655.89 ], [ 283976.2, 4160655.22 ] ] ] } },
{ "type": "Feature", "properties": { "id": "osm:way/755382966", "name": null, "height": 7.62, "min_height": 0.0, "levels": null, "height_source": "lidar", "roof_shape": "flat", "roof_height": 0.0, "roof_azimuth": null, "roof_source": "heuristic", "roof_color": "roof_flat", "roof_color_source": "ortho", "lod2_roof": null, "roof_props": null, "wall_color": "brick_dark", "wall_color_source": "assessor", "type": "yes", "landmark": null, "footprint_source": "osm", "source_updated": null, "is_part": false, "parent": null, "hidden": false, "addr": "2622 Seminary Avenue", "wikidata": null, "website": null, "zoning": "R-5", "lidar_p90": 8.65, "ground_z": 52.96 }, "geometry": { "type": "Polygon", "coordinates": [ [ [ 283924.16, 4160655.32 ], [ 283926.64, 4160655.59 ], [ 283927.43, 4160648.4 ], [ 283924.84, 4160648.11 ], [ 283924.93, 4160647.26 ], [ 283913.73, 4160646.03 ], [ 283913.61, 4160647.2 ], [ 283910.51, 4160646.86 ], [ 283909.87, 4160652.66 ], [ 283912.9, 4160652.99 ], [ 283912.67, 4160655.08 ], [ 283924.05, 4160656.34 ], [ 283924.16, 4160655.32 ] ] ] } },
{ "type": "Feature", "properties": { "id": "osm:way/755383107", "name": null, "height": 3.09, "min_height": 0.0, "levels": null, "height_source": "lidar", "roof_shape": "skillion", "roof_height": 1.19, "roof_azimuth": 83.9, "roof_source": "lod2", "roof_color": "roof_flat", "roof_color_source": "ortho", "lod2_roof": { "v": [ [ 283869.87, 4160656.76, 1.19 ], [ 283877.19, 4160657.3, 1.1 ], [ 283876.95, 4160659.39, 0.81 ], [ 283869.68, 4160659.07, 0.88 ], [ 283870.15, 4160653.21, 0.14 ], [ 283877.6, 4160653.61, 0.0 ] ], "f": [ [ [ 0, 1, 2, 3 ] ], [ [ 1, 0, 4, 5 ] ] ] }, "roof_props": null, "wall_color": "brick", "wall_color_source": "assessor", "type": "yes", "landmark": null, "footprint_source": "osm", "source_updated": null, "is_part": false, "parent": null, "hidden": false, "addr": null, "wikidata": null, "website": null, "zoning": "R-5", "lidar_p90": 4.14, "ground_z": 53.41 }, "geometry": { "type": "Polygon", "coordinates": [ [ [ 283870.33, 4160650.99 ], [ 283869.68, 4160659.07 ], [ 283877.76, 4160659.43 ], [ 283878.41, 4160651.56 ], [ 283870.33, 4160650.99 ] ] ] } },
{ "type": "Feature", "properties": { "id": "osm:way/755382880", "name": null, "height": 3.17, "min_height": 0.0, "levels": null, "height_source": "lidar", "roof_shape": "flat", "roof_height": 0.0, "roof_azimuth": null, "roof_source": "heuristic", "roof_color": "slate", "roof_color_source": "ortho", "lod2_roof": null, "roof_props": null, "wall_color": "brick_dark", "wall_color_source": "assessor", "type": "yes", "landmark": null, "footprint_source": "osm", "source_updated": null, "is_part": false, "parent": null, "hidden": false, "addr": null, "wikidata": null, "website": null, "zoning": "R-5", "lidar_p90": 3.67, "ground_z": 53.09 }, "geometry": { "type": "Polygon", "coordinates": [ [ [ 283892.14, 4160654.29 ], [ 283891.48, 4160660.12 ], [ 283897.55, 4160660.81 ], [ 283898.21, 4160654.99 ], [ 283892.14, 4160654.29 ] ] ] } },
{ "type": "Feature", "properties": { "id": "osm:way/755382900", "name": null, "height": 4.14, "min_height": 0.0, "levels": null, "height_source": "lidar", "roof_shape": "gable", "roof_height": 5.6, "roof_azimuth": 173.7, "roof_source": "lidar", "roof_color": "roof_flat", "roof_color_source": "ortho", "lod2_roof": null, "roof_props": null, "wall_color": "cream", "wall_color_source": "assessor", "type": "yes", "landmark": null, "footprint_source": "osm", "source_updated": null, "is_part": false, "parent": null, "hidden": false, "addr": "2624 Seminary Avenue", "wikidata": null, "website": null, "zoning": "R-5", "lidar_p90": 9.2, "ground_z": 52.85 }, "geometry": { "type": "Polygon", "coordinates": [ [ [ 283913.99, 4160658.07 ], [ 283913.9, 4160658.91 ], [ 283912.06, 4160658.7 ], [ 283911.29, 4160665.72 ], [ 283924.88, 4160667.23 ], [ 283925.74, 4160659.37 ], [ 283913.99, 4160658.07 ] ] ] } },
{ "type": "Feature", "properties": { "id": "osm:way/755382957", "name": null, "height": 7.79, "min_height": 0.0, "levels": null, "height_source": "lidar", "roof_shape": "flat", "roof_height": 0.0, "roof_azimuth": null, "roof_source": "heuristic", "roof_color": "roof_flat", "roof_color_source": "ortho", "lod2_roof": null, "roof_props": null, "wall_color": "brick", "wall_color_source": "assessor", "type": "yes", "landmark": null, "footprint_source": "osm", "source_updated": null, "is_part": false, "parent": null, "hidden": false, "addr": "2623 Seminary Avenue", "wikidata": null, "website": null, "zoning": "R-5", "lidar_p90": 9.21, "ground_z": 52.43 }, "geometry": { "type": "Polygon", "coordinates": [ [ [ 283965.11, 4160660.97 ], [ 283965.03, 4160661.56 ], [ 283962.47, 4160661.26 ], [ 283961.6, 4160668.84 ], [ 283973.23, 4160670.46 ], [ 283973.32, 4160669.74 ], [ 283974.51, 4160669.88 ], [ 283975.4, 4160662.16 ], [ 283965.11, 4160660.97 ] ] ] } },
{ "type": "Feature", "properties": { "id": "osm:way/755382945", "name": null, "height": 8.39, "min_height": 0.0, "levels": null, "height_source": "lidar", "roof_shape": "flat", "roof_height": 0.0, "roof_azimuth": null, "roof_source": "heuristic", "roof_color": "roof_flat", "roof_color_source": "ortho", "lod2_roof": null, "roof_props": null, "wall_color": "sand", "wall_color_source": "assessor", "type": "yes", "landmark": null, "footprint_source": "osm", "source_updated": null, "is_part": false, "parent": null, "hidden": false, "addr": "2700 Seminary Avenue", "wikidata": null, "website": null, "zoning": "R-5", "lidar_p90": 9.48, "ground_z": 53.19 }, "geometry": { "type": "Polygon", "coordinates": [ [ [ 283919.61, 4160695.18 ], [ 283921.51, 4160695.4 ], [ 283922.41, 4160687.44 ], [ 283908.09, 4160685.82 ], [ 283907.08, 4160694.82 ], [ 283919.49, 4160696.22 ], [ 283919.61, 4160695.18 ] ] ] } },
{ "type": "Feature", "properties": { "id": "osm:way/755382875", "name": null, "height": 2.99, "min_height": 0.0, "levels": null, "height_source": "lidar", "roof_shape": "flat", "roof_height": 0.0, "roof_azimuth": null, "roof_source": "heuristic", "roof_color": "roof_flat", "roof_color_source": "ortho", "lod2_roof": null, "roof_props": null, "wall_color": "sand", "wall_color_source": "assessor", "type": "yes", "landmark": null, "footprint_source": "osm", "source_updated": null, "is_part": false, "parent": null, "hidden": false, "addr": null, "wikidata": null, "website": null, "zoning": "R-5", "lidar_p90": 4.07, "ground_z": 53.65 }, "geometry": { "type": "Polygon", "coordinates": [ [ [ 283888.4, 4160688.41 ], [ 283887.92, 4160694.52 ], [ 283894.17, 4160695.0 ], [ 283894.64, 4160688.89 ], [ 283888.4, 4160688.41 ] ] ] } },
{ "type": "Feature", "properties": { "id": "osm:way/755382944", "name": null, "height": 8.62, "min_height": 0.0, "levels": null, "height_source": "lidar", "roof_shape": "flat", "roof_height": 0.0, "roof_azimuth": null, "roof_source": "heuristic", "roof_color": "concrete", "roof_color_source": "ortho", "lod2_roof": null, "roof_props": null, "wall_color": "brick_dark", "wall_color_source": "assessor", "type": "yes", "landmark": null, "footprint_source": "osm", "source_updated": null, "is_part": false, "parent": null, "hidden": false, "addr": "2701 Seminary Avenue", "wikidata": null, "website": null, "zoning": "R-5", "lidar_p90": 9.7, "ground_z": 53.01 }, "geometry": { "type": "Polygon", "coordinates": [ [ [ 283958.15, 4160691.19 ], [ 283957.54, 4160699.12 ], [ 283959.83, 4160699.29 ], [ 283959.77, 4160700.05 ], [ 283971.07, 4160700.91 ], [ 283971.7, 4160692.73 ], [ 283970.34, 4160692.63 ], [ 283970.39, 4160691.91 ], [ 283958.15, 4160691.19 ] ] ] } },
{ "type": "Feature", "properties": { "id": "osm:way/755382912", "name": null, "height": 7.5, "min_height": 0.0, "levels": null, "height_source": "zoning", "roof_shape": "flat", "roof_height": 0.0, "roof_azimuth": null, "roof_source": "heuristic", "roof_color": "roof_flat", "roof_color_source": "ortho", "lod2_roof": null, "roof_props": null, "wall_color": "cream", "wall_color_source": "assessor", "type": "yes", "landmark": null, "footprint_source": "osm", "source_updated": null, "is_part": false, "parent": null, "hidden": false, "addr": null, "wikidata": null, "website": null, "zoning": "R-5", "lidar_p90": null, "ground_z": 54.31 }, "geometry": { "type": "Polygon", "coordinates": [ [ [ 283874.49, 4160695.1 ], [ 283873.84, 4160700.98 ], [ 283880.23, 4160701.7 ], [ 283880.89, 4160695.83 ], [ 283874.49, 4160695.1 ] ] ] } },
{ "type": "Feature", "properties": { "id": "osm:way/755382942", "name": null, "height": 4.81, "min_height": 0.0, "levels": null, "height_source": "lidar", "roof_shape": "flat", "roof_height": 0.0, "roof_azimuth": null, "roof_source": "heuristic", "roof_color": "roof_flat", "roof_color_source": "ortho", "lod2_roof": null, "roof_props": null, "wall_color": "brick", "wall_color_source": "assessor", "type": "yes", "landmark": null, "footprint_source": "osm", "source_updated": null, "is_part": false, "parent": null, "hidden": false, "addr": null, "wikidata": null, "website": null, "zoning": "R-5", "lidar_p90": 4.87, "ground_z": 53.88 }, "geometry": { "type": "Polygon", "coordinates": [ [ [ 283888.02, 4160696.22 ], [ 283887.41, 4160702.16 ], [ 283893.1, 4160702.73 ], [ 283893.69, 4160696.79 ], [ 283888.02, 4160696.22 ] ] ] } },
{ "type": "Feature", "properties": { "id": "richmond_structure:285943", "name": null, "height": 7.23, "min_height": 0.0, "levels": null, "height_source": "lidar", "roof_shape": "flat", "roof_height": 0.0, "roof_azimuth": null, "roof_source": "heuristic", "roof_color": "roof_flat", "roof_color_source": "ortho", "lod2_roof": null, "roof_props": null, "wall_color": "brick", "wall_color_source": "assessor", "type": "yes", "landmark": null, "footprint_source": "richmond_structures", "source_updated": "2026-09-08T12:07:13.637000Z", "is_part": false, "parent": null, "hidden": false, "addr": "2702 Seminary Ave", "wikidata": null, "website": null, "zoning": "R-5", "lidar_p90": 8.99, "ground_z": 53.42 }, "geometry": { "type": "Polygon", "coordinates": [ [ [ 283905.17, 4160710.77 ], [ 283917.58, 4160712.1 ], [ 283917.65, 4160711.39 ], [ 283919.92, 4160711.64 ], [ 283920.79, 4160703.5 ], [ 283918.29, 4160703.23 ], [ 283918.35, 4160702.7 ], [ 283906.17, 4160701.4 ], [ 283905.17, 4160710.77 ] ] ] } },
{ "type": "Feature", "properties": { "id": "richmond_structure:286859", "name": null, "height": 8.22, "min_height": 0.0, "levels": null, "height_source": "lidar", "roof_shape": "flat", "roof_height": 0.0, "roof_azimuth": null, "roof_source": "heuristic", "roof_color": "roof_flat", "roof_color_source": "ortho", "lod2_roof": null, "roof_props": null, "wall_color": "terracotta", "wall_color_source": "heuristic", "type": "yes", "landmark": null, "footprint_source": "richmond_structures", "source_updated": "2026-09-08T12:07:13.637000Z", "is_part": false, "parent": null, "hidden": false, "addr": "2703 Seminary Ave", "wikidata": null, "website": null, "zoning": "R-5", "lidar_p90": 8.61, "ground_z": 53.3 }, "geometry": { "type": "Polygon", "coordinates": [ [ [ 283956.25, 4160708.15 ], [ 283955.06, 4160718.13 ], [ 283966.7, 4160719.52 ], [ 283967.89, 4160709.53 ], [ 283956.25, 4160708.15 ] ] ] } },
{ "type": "Feature", "properties": { "id": "richmond_structure:286856", "name": null, "height": 3.31, "min_height": 0.0, "levels": null, "height_source": "lidar", "roof_shape": "flat", "roof_height": 0.0, "roof_azimuth": null, "roof_source": "heuristic", "roof_color": "concrete", "roof_color_source": "ortho", "lod2_roof": null, "roof_props": null, "wall_color": "terracotta", "wall_color_source": "heuristic", "type": "yes", "landmark": null, "footprint_source": "richmond_structures", "source_updated": "2026-09-08T12:07:13.637000Z", "is_part": false, "parent": null, "hidden": false, "addr": null, "wikidata": null, "website": null, "zoning": "R-5", "lidar_p90": 3.37, "ground_z": 54.55 }, "geometry": { "type": "Polygon", "coordinates": [ [ [ 283886.13, 4160713.21 ], [ 283885.2, 4160720.18 ], [ 283891.6, 4160721.04 ], [ 283892.53, 4160714.06 ], [ 283886.13, 4160713.21 ] ] ] } },
{ "type": "Feature", "properties": { "id": "richmond_structure:286700", "name": null, "height": 7.93, "min_height": 0.0, "levels": null, "height_source": "lidar", "roof_shape": "flat", "roof_height": 0.0, "roof_azimuth": null, "roof_source": "heuristic", "roof_color": "concrete", "roof_color_source": "ortho", "lod2_roof": null, "roof_props": null, "wall_color": "cream", "wall_color_source": "heuristic", "type": "yes", "landmark": null, "footprint_source": "richmond_structures", "source_updated": "2026-09-08T12:07:13.637000Z", "is_part": false, "parent": null, "hidden": false, "addr": "2704 Seminary Ave", "wikidata": null, "website": null, "zoning": "R-5", "lidar_p90": 9.8, "ground_z": 53.81 }, "geometry": { "type": "Polygon", "coordinates": [ [ [ 283902.71, 4160715.62 ], [ 283904.5, 4160715.86 ], [ 283903.67, 4160722.27 ], [ 283916.28, 4160723.91 ], [ 283916.4, 4160723.02 ], [ 283918.25, 4160723.26 ], [ 283919.17, 4160716.23 ], [ 283916.95, 4160715.94 ], [ 283917.06, 4160715.08 ], [ 283903.02, 4160713.25 ], [ 283902.71, 4160715.62 ] ] ] } },
{ "type": "Feature", "properties": { "id": "richmond_structure:420774", "name": null, "height": 6.59, "min_height": 0.0, "levels": null, "height_source": "lidar", "roof_shape": "flat", "roof_height": 0.0, "roof_azimuth": null, "roof_source": "heuristic", "roof_color": "roof_dark", "roof_color_source": "heuristic", "lod2_roof": null, "roof_props": null, "wall_color": "concrete", "wall_color_source": "heuristic", "type": "yes", "landmark": null, "footprint_source": "richmond_structures", "source_updated": "2026-09-08T12:07:13.637000Z", "is_part": false, "parent": null, "hidden": false, "addr": null, "wikidata": null, "website": null, "zoning": "R-5", "lidar_p90": 6.66, "ground_z": 55.22 }, "geometry": { "type": "Polygon", "coordinates": [ [ [ 283874.3, 4160723.72 ], [ 283873.87, 4160727.01 ], [ 283877.74, 4160727.51 ], [ 283878.16, 4160724.23 ], [ 283874.3, 4160723.72 ] ] ] } },
{ "type": "Feature", "properties": { "id": "richmond_structure:286691", "name": null, "height": 5.55, "min_height": 0.0, "levels": null, "height_source": "lidar", "roof_shape": "flat", "roof_height": 0.0, "roof_azimuth": null, "roof_source": "heuristic", "roof_color": "roof_flat", "roof_color_source": "ortho", "lod2_roof": null, "roof_props": null, "wall_color": "terracotta", "wall_color_source": "heuristic", "type": "yes", "landmark": null, "footprint_source": "richmond_structures", "source_updated": "2026-09-08T12:07:13.637000Z", "is_part": false, "parent": null, "hidden": false, "addr": "2705 Seminary Ave", "wikidata": null, "website": null, "zoning": "R-5", "lidar_p90": 8.95, "ground_z": 53.33 }, "geometry": { "type": "Polygon", "coordinates": [ [ [ 283966.93, 4160727.93 ], [ 283968.56, 4160728.05 ], [ 283968.88, 4160723.93 ], [ 283965.8, 4160723.69 ], [ 283965.87, 4160722.86 ], [ 283957.28, 4160722.19 ], [ 283957.23, 4160722.79 ], [ 283954.67, 4160722.59 ], [ 283954.07, 4160730.24 ], [ 283956.03, 4160730.4 ], [ 283955.96, 4160731.24 ], [ 283966.61, 4160732.07 ], [ 283966.93, 4160727.93 ] ] ] } },
{ "type": "Feature", "properties": { "id": "richmond_structure:286890", "name": null, "height": 7.53, "min_height": 0.0, "levels": null, "height_source": "lidar", "roof_shape": "flat", "roof_height": 0.0, "roof_azimuth": null, "roof_source": "heuristic", "roof_color": "roof_flat", "roof_color_source": "ortho", "lod2_roof": null, "roof_props": null, "wall_color": "terracotta", "wall_color_source": "heuristic", "type": "yes", "landmark": null, "footprint_source": "richmond_structures", "source_updated": "2026-09-08T12:07:13.637000Z", "is_part": false, "parent": null, "hidden": false, "addr": null, "wikidata": null, "website": null, "zoning": "R-5", "lidar_p90": 9.54, "ground_z": 54.12 }, "geometry": { "type": "Polygon", "coordinates": [ [ [ 283903.89, 4160732.95 ], [ 283917.2, 4160734.46 ], [ 283918.09, 4160726.59 ], [ 283906.88, 4160725.0 ], [ 283906.76, 4160726.06 ], [ 283904.7, 4160725.83 ], [ 283903.89, 4160732.95 ] ] ] } },
{ "type": "Feature", "properties": { "id": "richmond_structure:460172", "name": null, "height": 3.66, "min_height": 0.0, "levels": null, "height_source": "lidar", "roof_shape": "flat", "roof_height": 0.0, "roof_azimuth": null, "roof_source": "heuristic", "roof_color": "roof_flat", "roof_color_source": "ortho", "lod2_roof": null, "roof_props": null, "wall_color": "terracotta", "wall_color_source": "heuristic", "type": "yes", "landmark": null, "footprint_source": "richmond_structures", "source_updated": "2026-09-08T12:07:13.637000Z", "is_part": false, "parent": null, "hidden": false, "addr": null, "wikidata": null, "website": null, "zoning": "R-5", "lidar_p90": 3.73, "ground_z": 53.07 }, "geometry": { "type": "Polygon", "coordinates": [ [ [ 283979.12, 4160734.0 ], [ 283989.98, 4160735.11 ], [ 283990.9, 4160726.04 ], [ 283980.05, 4160724.93 ], [ 283979.12, 4160734.0 ] ] ] } },
{ "type": "Feature", "properties": { "id": "osm:way/755382866", "name": null, "height": 7.09, "min_height": 0.0, "levels": null, "height_source": "lidar", "roof_shape": "flat", "roof_height": 0.0, "roof_azimuth": null, "roof_source": "heuristic", "roof_color": "roof_flat", "roof_color_source": "ortho", "lod2_roof": null, "roof_props": null, "wall_color": "brick", "wall_color_source": "assessor", "type": "yes", "landmark": null, "footprint_source": "osm", "source_updated": null, "is_part": false, "parent": null, "hidden": false, "addr": "2703 Northumberland Avenue", "wikidata": null, "website": null, "zoning": "R-5", "lidar_p90": 7.92, "ground_z": 55.48 }, "geometry": { "type": "Polygon", "coordinates": [ [ [ 283854.59, 4160694.35 ], [ 283849.1, 4160693.73 ], [ 283848.81, 4160696.26 ], [ 283847.99, 4160696.17 ], [ 283847.0, 4160704.89 ], [ 283855.19, 4160705.82 ], [ 283856.13, 4160697.43 ], [ 283854.26, 4160697.22 ], [ 283854.59, 4160694.35 ] ] ] } },
{ "type": "Feature", "properties": { "id": "osm:way/755382919", "name": null, "height": 2.5, "min_height": 0.0, "levels": null, "height_source": "lidar", "roof_shape": "flat", "roof_height": 0.0, "roof_azimuth": null, "roof_source": "heuristic", "roof_color": "roof_flat", "roof_color_source": "ortho", "lod2_roof": null, "roof_props": null, "wall_color": "cream", "wall_color_source": "assessor", "type": "yes", "landmark": null, "footprint_source": "osm", "source_updated": null, "is_part": false, "parent": null, "hidden": false, "addr": null, "wikidata": null, "website": null, "zoning": "R-5", "lidar_p90": 2.94, "ground_z": 56.64 }, "geometry": { "type": "Polygon", "coordinates": [ [ [ 283781.27, 4160703.23 ], [ 283782.18, 4160703.34 ], [ 283782.64, 4160699.29 ], [ 283776.24, 4160698.55 ], [ 283774.51, 4160708.39 ], [ 283780.59, 4160709.09 ], [ 283781.27, 4160703.23 ] ] ] } },
{ "type": "Feature", "properties": { "id": "richmond_structure:389276", "name": null, "height": 7.5, "min_height": 0.0, "levels": null, "height_source": "zoning", "roof_shape": "flat", "roof_height": 0.0, "roof_azimuth": null, "roof_source": "heuristic", "roof_color": "roof_dark", "roof_color_source": "heuristic", "lod2_roof": null, "roof_props": null, "wall_color": "cream", "wall_color_source": "assessor", "type": "yes", "landmark": null, "footprint_source": "richmond_structures", "source_updated": "2026-09-08T12:07:13.637000Z", "is_part": false, "parent": null, "hidden": false, "addr": null, "wikidata": null, "website": null, "zoning": "R-5", "lidar_p90": 0.04, "ground_z": 56.64 }, "geometry": { "type": "Polygon", "coordinates": [ [ [ 283763.26, 4160702.29 ], [ 283762.8, 4160707.18 ], [ 283767.06, 4160707.58 ], [ 283767.52, 4160702.69 ], [ 283763.26, 4160702.29 ] ] ] } },
{ "type": "Feature", "properties": { "id": "richmond_structure:286298", "name": null, "height": 7.18, "min_height": 0.0, "levels": null, "height_source": "lidar", "roof_shape": "flat", "roof_height": 0.0, "roof_azimuth": null, "roof_source": "heuristic", "roof_color": "roof_flat", "roof_color_source": "ortho", "lod2_roof": null, "roof_props": null, "wall_color": "cream", "wall_color_source": "assessor", "type": "yes", "landmark": null, "footprint_source": "richmond_structures", "source_updated": "2026-09-08T12:07:13.637000Z", "is_part": false, "parent": null, "hidden": false, "addr": "2704 Northumberland Ave", "wikidata": null, "website": null, "zoning": "R-5", "lidar_p90": 8.43, "ground_z": 56.67 }, "geometry": { "type": "Polygon", "coordinates": [ [ [ 283795.14, 4160712.53 ], [ 283808.72, 4160713.9 ], [ 283808.83, 4160712.8 ], [ 283810.88, 4160713.01 ], [ 283811.63, 4160705.55 ], [ 283809.46, 4160705.34 ], [ 283809.54, 4160704.57 ], [ 283799.3, 4160703.54 ], [ 283799.24, 4160704.2 ], [ 283796.01, 4160703.87 ], [ 283795.14, 4160712.53 ] ] ] } },
{ "type": "Feature", "properties": { "id": "richmond_structure:285940", "name": null, "height": 6.91, "min_height": 0.0, "levels": null, "height_source": "lidar", "roof_shape": "flat", "roof_height": 0.0, "roof_azimuth": null, "roof_source": "heuristic", "roof_color": "concrete", "roof_color_source": "ortho", "lod2_roof": null, "roof_props": null, "wall_color": "brick", "wall_color_source": "heuristic", "type": "yes", "landmark": null, "footprint_source": "richmond_structures", "source_updated": "2026-09-08T12:07:13.637000Z", "is_part": false, "parent": null, "hidden": false, "addr": "2705 Northumberland Ave", "wikidata": null, "website": null, "zoning": "R-5", "lidar_p90": 8.39, "ground_z": 55.92 }, "geometry": { "type": "Polygon", "coordinates": [ [ [ 283855.07, 4160719.43 ], [ 283856.87, 4160719.61 ], [ 283857.3, 4160715.2 ], [ 283855.45, 4160715.02 ], [ 283855.84, 4160711.0 ], [ 283845.84, 4160710.0 ], [ 283845.79, 4160710.55 ], [ 283843.38, 4160710.31 ], [ 283842.56, 4160718.53 ], [ 283855.01, 4160720.06 ], [ 283855.07, 4160719.43 ] ] ] } },
{ "type": "Feature", "properties": { "id": "richmond_structure:389280", "name": null, "height": 4.3, "min_height": 0.0, "levels": null, "height_source": "lidar", "roof_shape": "flat", "roof_height": 0.0, "roof_azimuth": null, "roof_source": "heuristic", "roof_color": "roof_flat", "roof_color_source": "heuristic", "lod2_roof": null, "roof_props": null, "wall_color": "brick", "wall_color_source": "heuristic", "type": "yes", "landmark": null, "footprint_source": "richmond_structures", "source_updated": "2026-09-08T12:07:13.637000Z", "is_part": false, "parent": null, "hidden": false, "addr": null, "wikidata": null, "website": null, "zoning": "R-5", "lidar_p90": 5.25, "ground_z": 56.87 }, "geometry": { "type": "Polygon", "coordinates": [ [ [ 283777.7, 4160716.22 ], [ 283776.76, 4160724.8 ], [ 283785.9, 4160725.81 ], [ 283786.84, 4160717.23 ], [ 283777.7, 4160716.22 ] ] ] } },
{ "type": "Feature", "properties": { "id": "richmond_structure:286699", "name": null, "height": 7.83, "min_height": 0.0, "levels": null, "height_source": "lidar", "roof_shape": "flat", "roof_height": 0.0, "roof_azimuth": null, "roof_source": "heuristic", "roof_color": "concrete", "roof_color_source": "ortho", "lod2_roof": null, "roof_props": null, "wall_color": "concrete", "wall_color_source": "heuristic", "type": "yes", "landmark": null, "footprint_source": "richmond_structures", "source_updated": "2026-09-08T12:07:13.637000Z", "is_part": false, "parent": null, "hidden": false, "addr": "2706 Northumberland Ave", "wikidata": null, "website": null, "zoning": "R-5", "lidar_p90": 9.48, "ground_z": 56.65 }, "geometry": { "type": "Polygon", "coordinates": [ [ [ 283794.05, 4160727.03 ], [ 283807.1, 4160728.46 ], [ 283807.18, 4160727.66 ], [ 283809.26, 4160727.88 ], [ 283810.1, 4160720.17 ], [ 283807.87, 4160719.92 ], [ 283807.92, 4160719.47 ], [ 283795.02, 4160718.2 ], [ 283794.05, 4160727.03 ] ] ] } },
{ "type": "Feature", "properties": { "id": "richmond_structure:420769", "name": null, "height": 7.5, "min_height": 0.0, "levels": null, "height_source": "zoning", "roof_shape": "flat", "roof_height": 0.0, "roof_azimuth": null, "roof_source": "heuristic", "roof_color": "roof_dark", "roof_color_source": "heuristic", "lod2_roof": null, "roof_props": null, "wall_color": "concrete", "wall_color_source": "heuristic", "type": "yes", "landmark": null, "footprint_source": "richmond_structures", "source_updated": "2026-09-08T12:07:13.637000Z", "is_part": false, "parent": null, "hidden": false, "addr": null, "wikidata": null, "website": null, "zoning": "R-5", "lidar_p90": null, "ground_z": 56.85 }, "geometry": { "type": "Polygon", "coordinates": [ [ [ 283787.08, 4160729.69 ], [ 283786.5, 4160733.3 ], [ 283790.35, 4160733.91 ], [ 283790.93, 4160730.31 ], [ 283787.08, 4160729.69 ] ] ] } },
{ "type": "Feature", "properties": { "id": "richmond_structure:285711", "name": null, "height": 7.19, "min_height": 0.0, "levels": null, "height_source": "lidar", "roof_shape": "flat", "roof_height": 0.0, "roof_azimuth": null, "roof_source": "heuristic", "roof_color": "concrete", "roof_color_source": "ortho", "lod2_roof": null, "roof_props": null, "wall_color": "concrete", "wall_color_source": "heuristic", "type": "yes", "landmark": null, "footprint_source": "richmond_structures", "source_updated": "2026-09-08T12:07:13.637000Z", "is_part": false, "parent": null, "hidden": false, "addr": "2707 Northumberland Ave", "wikidata": null, "website": null, "zoning": "R-5", "lidar_p90": 8.53, "ground_z": 56.36 }, "geometry": { "type": "Polygon", "coordinates": [ [ [ 283853.84, 4160735.86 ], [ 283855.76, 4160736.07 ], [ 283856.49, 4160729.59 ], [ 283854.61, 4160729.38 ], [ 283854.75, 4160728.11 ], [ 283844.47, 4160726.96 ], [ 283844.4, 4160727.56 ], [ 283842.1, 4160727.3 ], [ 283841.27, 4160734.77 ], [ 283843.61, 4160735.03 ], [ 283843.53, 4160735.78 ], [ 283853.72, 4160736.92 ], [ 283853.84, 4160735.86 ] ] ] } },
{ "type": "Feature", "properties": { "id": "richmond_structure:285622", "name": null, "height": 7.29, "min_height": 0.0, "levels": null, "height_source": "lidar", "roof_shape": "flat", "roof_height": 0.0, "roof_azimuth": null, "roof_source": "heuristic", "roof_color": "roof_flat", "roof_color_source": "ortho", "lod2_roof": null, "roof_props": null, "wall_color": "concrete", "wall_color_source": "heuristic", "type": "yes", "landmark": null, "footprint_source": "richmond_structures", "source_updated": "2026-09-08T12:07:13.637000Z", "is_part": false, "parent": null, "hidden": false, "addr": null, "wikidata": null, "website": null, "zoning": "R-5", "lidar_p90": 8.01, "ground_z": 56.84 }, "geometry": { "type": "Polygon", "coordinates": [ [ [ 283805.69, 4160732.42 ], [ 283800.34, 4160731.77 ], [ 283800.02, 4160734.41 ], [ 283794.57, 4160733.76 ], [ 283793.52, 4160742.55 ], [ 283805.33, 4160743.97 ], [ 283806.37, 4160735.32 ], [ 283805.35, 4160735.2 ], [ 283805.69, 4160732.42 ] ] ] } }
]
}
