{
"type": "FeatureCollection",
"name": "landuse",
"crs": { "type": "name", "properties": { "name": "urn:ogc:def:crs:EPSG::32618" } },
"xy_coordinate_resolution": 0.01,
"features": [
{ "type": "Feature", "properties": { "id": "richmond_structure:403072", "name": null, "kind": "deck", "sport": null, "surface": null, "pitch_layout": null, "source": "richmond_structures", "source_updated": "2026-09-08T12:07:13.637000Z", "base_z": null, "top_z": null }, "geometry": { "type": "Polygon", "coordinates": [ [ [ 283912.57, 4160503.71 ], [ 283912.9, 4160500.0 ], [ 283909.35, 4160500.0 ], [ 283909.05, 4160503.39 ], [ 283912.57, 4160503.71 ] ] ] } },
{ "type": "Feature", "properties": { "id": "imagery:groundcover_bare:257", "name": null, "kind": "groundcover_bare", "sport": null, "surface": null, "pitch_layout": null, "source": "vgin_vbmp+naip+lidar2025", "source_updated": null, "base_z": null, "top_z": null }, "geometry": { "type": "Polygon", "coordinates": [ [ [ 283890.71, 4160502.2 ], [ 283891.13, 4160503.22 ], [ 283891.13, 4160505.03 ], [ 283890.71, 4160506.05 ], [ 283888.55, 4160508.2 ], [ 283887.53, 4160508.63 ], [ 283886.99, 4160508.63 ], [ 283884.3, 4160510.28 ], [ 283881.3, 4160516.28 ], [ 283883.99, 4160520.63 ], [ 283892.78, 4160520.63 ], [ 283892.9, 4160519.39 ], [ 283892.92, 4160519.29 ], [ 283892.94, 4160519.2 ], [ 283892.98, 4160519.1 ], [ 283893.02, 4160519.02 ], [ 283893.07, 4160518.93 ], [ 283893.13, 4160518.85 ], [ 283893.2, 4160518.78 ], [ 283893.27, 4160518.72 ], [ 283893.35, 4160518.66 ], [ 283893.43, 4160518.61 ], [ 283893.52, 4160518.57 ], [ 283893.61, 4160518.53 ], [ 283893.71, 4160518.51 ], [ 283893.81, 4160518.5 ], [ 283893.9, 4160518.49 ], [ 283894.0, 4160518.5 ], [ 283896.48, 4160518.75 ], [ 283897.4, 4160517.92 ], [ 283899.19, 4160500.0 ], [ 283888.44, 4160500.0 ], [ 283888.55, 4160500.05 ], [ 283890.71, 4160502.2 ] ] ] } },
{ "type": "Feature", "properties": { "id": "richmond_structure:285554", "name": null, "kind": "deck", "sport": null, "surface": null, "pitch_layout": null, "source": "richmond_structures", "source_updated": "2026-09-08T12:07:13.637000Z", "base_z": null, "top_z": null }, "geometry": { "type": "Polygon", "coordinates": [ [ [ 283921.43, 4160527.78 ], [ 283921.88, 4160524.32 ], [ 283917.56, 4160524.05 ], [ 283917.16, 4160527.13 ], [ 283921.43, 4160527.78 ] ] ] } },
{ "type": "Feature", "properties": { "id": "richmond_structure:403624", "name": null, "kind": "deck", "sport": null, "surface": null, "pitch_layout": null, "source": "richmond_structures", "source_updated": "2026-09-08T12:07:13.637000Z", "base_z": null, "top_z": null }, "geometry": { "type": "Polygon", "coordinates": [ [ [ 283876.46, 4160536.97 ], [ 283876.37, 4160537.9 ], [ 283879.42, 4160538.19 ], [ 283879.75, 4160534.7 ], [ 283878.32, 4160534.56 ], [ 283878.08, 4160537.12 ], [ 283876.46, 4160536.97 ] ] ] } },
{ "type": "Feature", "properties": { "id": "richmond_structure:403628", "name": null, "kind": "deck", "sport": null, "surface": null, "pitch_layout": null, "source": "richmond_structures", "source_updated": "2026-09-08T12:07:13.637000Z", "base_z": null, "top_z": null }, "geometry": { "type": "Polygon", "coordinates": [ [ [ 283921.83, 4160548.21 ], [ 283924.59, 4160548.52 ], [ 283925.23, 4160542.87 ], [ 283922.47, 4160542.56 ], [ 283921.83, 4160548.21 ] ] ] } },
{ "type": "Feature", "properties": { "id": "richmond_structure:403629", "name": null, "kind": "deck", "sport": null, "surface": null, "pitch_layout": null, "source": "richmond_structures", "source_updated": "2026-09-08T12:07:13.637000Z", "base_z": null, "top_z": null }, "geometry": { "type": "Polygon", "coordinates": [ [ [ 283879.62, 4160552.13 ], [ 283880.11, 4160547.61 ], [ 283875.58, 4160547.12 ], [ 283875.1, 4160551.64 ], [ 283879.62, 4160552.13 ] ] ] } },
{ "type": "Feature", "properties": { "id": "richmond_structure:403631", "name": null, "kind": "deck", "sport": null, "surface": null, "pitch_layout": null, "source": "richmond_structures", "source_updated": "2026-09-08T12:07:13.637000Z", "base_z": null, "top_z": null }, "geometry": { "type": "Polygon", "coordinates": [ [ [ 283873.45, 4160556.54 ], [ 283873.03, 4160559.63 ], [ 283871.68, 4160559.44 ], [ 283871.53, 4160560.59 ], [ 283874.85, 4160561.04 ], [ 283875.22, 4160558.25 ], [ 283876.7, 4160558.45 ], [ 283876.9, 4160557.01 ], [ 283873.45, 4160556.54 ] ] ] } },
{ "type": "Feature", "properties": { "id": "richmond_structure:403634", "name": null, "kind": "deck", "sport": null, "surface": null, "pitch_layout": null, "source": "richmond_structures", "source_updated": "2026-09-08T12:07:13.637000Z", "base_z": null, "top_z": null }, "geometry": { "type": "Polygon", "coordinates": [ [ [ 283872.85, 4160564.41 ], [ 283872.06, 4160571.43 ], [ 283874.43, 4160571.7 ], [ 283874.71, 4160568.88 ], [ 283874.21, 4160565.85 ], [ 283873.68, 4160564.86 ], [ 283872.85, 4160564.41 ] ] ] } },
{ "type": "Feature", "properties": { "id": "richmond_structure:403641", "name": null, "kind": "deck", "sport": null, "surface": null, "pitch_layout": null, "source": "richmond_structures", "source_updated": "2026-09-08T12:07:13.637000Z", "base_z": null, "top_z": null }, "geometry": { "type": "Polygon", "coordinates": [ [ [ 283871.18, 4160581.29 ], [ 283871.72, 4160576.08 ], [ 283869.91, 4160575.9 ], [ 283869.37, 4160581.11 ], [ 283871.18, 4160581.29 ] ] ] } },
{ "type": "Feature", "properties": { "id": "richmond_structure:293102", "name": null, "kind": "deck", "sport": null, "surface": null, "pitch_layout": null, "source": "richmond_structures", "source_updated": "2026-09-08T12:07:13.637000Z", "base_z": null, "top_z": null }, "geometry": { "type": "Polygon", "coordinates": [ [ [ 283871.45, 4160603.73 ], [ 283871.92, 4160602.94 ], [ 283871.78, 4160601.64 ], [ 283869.83, 4160600.21 ], [ 283869.02, 4160600.19 ], [ 283868.62, 4160604.0 ], [ 283871.47, 4160604.31 ], [ 283871.45, 4160603.73 ] ] ] } },
{ "type": "Feature", "properties": { "id": "richmond_structure:403617", "name": null, "kind": "deck", "sport": null, "surface": null, "pitch_layout": null, "source": "richmond_structures", "source_updated": "2026-09-08T12:07:13.637000Z", "base_z": null, "top_z": null }, "geometry": { "type": "Polygon", "coordinates": [ [ [ 283777.74, 4160501.31 ], [ 283777.88, 4160500.0 ], [ 283771.41, 4160500.0 ], [ 283771.34, 4160500.6 ], [ 283777.74, 4160501.31 ] ] ] } },
{ "type": "Feature", "properties": { "id": "richmond_structure:286509", "name": null, "kind": "deck", "sport": null, "surface": null, "pitch_layout": null, "source": "richmond_structures", "source_updated": "2026-09-08T12:07:13.637000Z", "base_z": null, "top_z": null }, "geometry": { "type": "Polygon", "coordinates": [ [ [ 283787.91, 4160509.92 ], [ 283788.11, 4160506.81 ], [ 283781.86, 4160505.92 ], [ 283781.59, 4160509.15 ], [ 283787.91, 4160509.92 ] ] ] } },
{ "type": "Feature", "properties": { "id": "richmond_structure:292532", "name": null, "kind": "deck", "sport": null, "surface": null, "pitch_layout": null, "source": "richmond_structures", "source_updated": "2026-09-08T12:07:13.637000Z", "base_z": null, "top_z": null }, "geometry": { "type": "Polygon", "coordinates": [ [ [ 283799.87, 4160515.04 ], [ 283808.74, 4160515.92 ], [ 283809.53, 4160511.46 ], [ 283806.64, 4160507.89 ], [ 283803.43, 4160507.49 ], [ 283800.24, 4160511.0 ], [ 283799.87, 4160515.04 ] ] ] } },
{ "type": "Feature", "properties": { "id": "imagery:groundcover_lawn:237", "name": null, "kind": "groundcover_lawn", "sport": null, "surface": null, "pitch_layout": null, "source": "vgin_vbmp+naip+lidar2025", "source_updated": null, "base_z": null, "top_z": null }, "geometry": { "type": "Polygon", "coordinates": [ [ [ 283807.02, 4160535.28 ], [ 283807.35, 4160534.12 ], [ 283808.57, 4160532.15 ], [ 283809.16, 4160531.61 ], [ 283810.88, 4160530.75 ], [ 283812.5, 4160527.62 ], [ 283810.03, 4160525.11 ], [ 283803.86, 4160524.08 ], [ 283800.46, 4160526.31 ], [ 283798.8, 4160532.93 ], [ 283800.77, 4160536.5 ], [ 283803.19, 4160537.31 ], [ 283807.02, 4160535.28 ] ] ] } },
{ "type": "Feature", "properties": { "id": "richmond_structure:403622", "name": null, "kind": "deck", "sport": null, "surface": null, "pitch_layout": null, "source": "richmond_structures", "source_updated": "2026-09-08T12:07:13.637000Z", "base_z": null, "top_z": null }, "geometry": { "type": "Polygon", "coordinates": [ [ [ 283768.41, 4160533.92 ], [ 283765.08, 4160533.51 ], [ 283764.5, 4160538.26 ], [ 283768.89, 4160538.8 ], [ 283769.03, 4160537.7 ], [ 283767.96, 4160537.57 ], [ 283768.41, 4160533.92 ] ] ] } },
{ "type": "Feature", "properties": { "id": "imagery:groundcover_lawn:233", "name": null, "kind": "groundcover_lawn", "sport": null, "surface": null, "pitch_layout": null, "source": "vgin_vbmp+naip+lidar2025", "source_updated": null, "base_z": null, "top_z": null }, "geometry": { "type": "Polygon", "coordinates": [ [ [ 283826.25, 4160554.66 ], [ 283826.32, 4160554.73 ], [ 283826.38, 4160554.81 ], [ 283826.43, 4160554.9 ], [ 283826.47, 4160554.99 ], [ 283826.51, 4160555.08 ], [ 283826.53, 4160555.17 ], [ 283826.55, 4160555.27 ], [ 283826.55, 4160555.37 ], [ 283826.55, 4160555.47 ], [ 283825.71, 4160564.55 ], [ 283825.7, 4160564.65 ], [ 283825.68, 4160564.74 ], [ 283825.65, 4160564.83 ], [ 283825.6, 4160564.92 ], [ 283825.56, 4160565.01 ], [ 283825.5, 4160565.08 ], [ 283825.43, 4160565.16 ], [ 283825.36, 4160565.22 ], [ 283825.28, 4160565.28 ], [ 283825.2, 4160565.33 ], [ 283825.13, 4160565.37 ], [ 283825.13, 4160570.38 ], [ 283825.28, 4160570.74 ], [ 283826.2, 4160570.82 ], [ 283826.29, 4160570.83 ], [ 283826.39, 4160570.86 ], [ 283826.48, 4160570.89 ], [ 283826.57, 4160570.93 ], [ 283826.65, 4160570.98 ], [ 283826.73, 4160571.04 ], [ 283826.81, 4160571.1 ], [ 283826.87, 4160571.18 ], [ 283826.93, 4160571.26 ], [ 283826.98, 4160571.34 ], [ 283827.03, 4160571.43 ], [ 283827.06, 4160571.52 ], [ 283827.08, 4160571.61 ], [ 283827.1, 4160571.71 ], [ 283827.1, 4160571.81 ], [ 283827.1, 4160571.91 ], [ 283826.96, 4160573.45 ], [ 283828.19, 4160574.68 ], [ 283831.41, 4160574.16 ], [ 283836.65, 4160524.11 ], [ 283834.13, 4160526.63 ], [ 283834.13, 4160547.99 ], [ 283833.86, 4160548.85 ], [ 283832.36, 4160550.93 ], [ 283831.63, 4160551.46 ], [ 283829.48, 4160552.18 ], [ 283829.43, 4160552.22 ], [ 283829.35, 4160552.28 ], [ 283829.27, 4160552.33 ], [ 283829.18, 4160552.38 ], [ 283829.09, 4160552.41 ], [ 283829.0, 4160552.44 ], [ 283828.9, 4160552.45 ], [ 283828.8, 4160552.46 ], [ 283828.71, 4160552.46 ], [ 283828.65, 4160552.45 ], [ 283827.18, 4160552.94 ], [ 283826.05, 4160554.51 ], [ 283826.1, 4160554.54 ], [ 283826.18, 4160554.6 ], [ 283826.25, 4160554.66 ] ] ] } },
{ "type": "Feature", "properties": { "id": "imagery:groundcover_paved:296", "name": null, "kind": "groundcover_paved", "sport": null, "surface": null, "pitch_layout": null, "source": "vgin_vbmp+naip+lidar2025", "source_updated": null, "base_z": null, "top_z": null }, "geometry": { "type": "MultiPolygon", "coordinates": [ [ [ [ 283800.67, 4160581.93 ], [ 283801.5, 4160582.75 ], [ 283803.62, 4160583.63 ], [ 283806.55, 4160583.63 ], [ 283806.52, 4160583.23 ], [ 283806.55, 4160582.74 ], [ 283806.94, 4160578.58 ], [ 283807.01, 4160578.09 ], [ 283807.13, 4160577.61 ], [ 283807.29, 4160577.15 ], [ 283807.5, 4160576.71 ], [ 283807.75, 4160576.28 ], [ 283808.05, 4160575.89 ], [ 283808.36, 4160575.54 ], [ 283808.35, 4160575.52 ], [ 283808.23, 4160575.04 ], [ 283808.15, 4160574.56 ], [ 283808.12, 4160574.07 ], [ 283808.15, 4160573.58 ], [ 283808.23, 4160572.72 ], [ 283807.13, 4160571.63 ], [ 283799.37, 4160571.63 ], [ 283799.33, 4160571.89 ], [ 283799.2, 4160572.36 ], [ 283799.03, 4160572.82 ], [ 283798.81, 4160573.26 ], [ 283798.56, 4160573.68 ], [ 283798.26, 4160574.07 ], [ 283797.92, 4160574.42 ], [ 283797.55, 4160574.75 ], [ 283797.15, 4160575.03 ], [ 283796.73, 4160575.28 ], [ 283796.28, 4160575.48 ], [ 283795.82, 4160575.64 ], [ 283795.34, 4160575.75 ], [ 283794.85, 4160575.82 ], [ 283794.36, 4160575.83 ], [ 283793.87, 4160575.8 ], [ 283788.73, 4160575.21 ], [ 283787.69, 4160584.83 ], [ 283787.89, 4160584.87 ], [ 283788.71, 4160584.05 ], [ 283789.73, 4160583.63 ], [ 283792.65, 4160583.63 ], [ 283794.77, 4160582.75 ], [ 283795.59, 4160581.93 ], [ 283796.61, 4160581.5 ], [ 283799.66, 4160581.5 ], [ 283800.67, 4160581.93 ] ] ], [ [ [ 283769.16, 4160634.34 ], [ 283769.41, 4160634.69 ], [ 283769.66, 4160635.11 ], [ 283769.86, 4160635.56 ], [ 283770.02, 4160636.02 ], [ 283770.14, 4160636.5 ], [ 283770.21, 4160636.99 ], [ 283770.22, 4160637.48 ], [ 283770.19, 4160637.97 ], [ 283768.91, 4160649.66 ], [ 283768.83, 4160650.14 ], [ 283768.71, 4160650.61 ], [ 283768.54, 4160651.06 ], [ 283768.33, 4160651.5 ], [ 283768.08, 4160651.91 ], [ 283767.79, 4160652.3 ], [ 283767.47, 4160652.66 ], [ 283767.11, 4160652.98 ], [ 283766.72, 4160653.27 ], [ 283766.3, 4160653.52 ], [ 283765.87, 4160653.73 ], [ 283765.41, 4160653.89 ], [ 283764.94, 4160654.01 ], [ 283764.75, 4160654.04 ], [ 283764.81, 4160654.75 ], [ 283764.75, 4160654.93 ], [ 283773.93, 4160655.8 ], [ 283776.18, 4160634.91 ], [ 283775.92, 4160634.95 ], [ 283775.43, 4160634.97 ], [ 283774.94, 4160634.94 ], [ 283769.16, 4160634.34 ] ] ], [ [ [ 283798.68, 4160658.19 ], [ 283798.58, 4160658.09 ], [ 283798.24, 4160657.72 ], [ 283797.95, 4160657.32 ], [ 283797.69, 4160656.89 ], [ 283797.48, 4160656.44 ], [ 283797.32, 4160655.97 ], [ 283797.2, 4160655.49 ], [ 283797.13, 4160655.0 ], [ 283797.11, 4160654.5 ], [ 283797.15, 4160654.0 ], [ 283797.97, 4160646.63 ], [ 283786.21, 4160646.63 ], [ 283785.27, 4160646.28 ], [ 283783.12, 4160644.46 ], [ 283782.63, 4160643.59 ], [ 283781.87, 4160639.04 ], [ 283780.0, 4160656.38 ], [ 283798.68, 4160658.19 ] ] ], [ [ [ 283750.0, 4160669.3 ], [ 283759.46, 4160669.59 ], [ 283759.95, 4160669.63 ], [ 283760.43, 4160669.72 ], [ 283760.91, 4160669.85 ], [ 283761.22, 4160669.97 ], [ 283761.46, 4160670.01 ], [ 283764.51, 4160668.63 ], [ 283766.58, 4160665.29 ], [ 283767.77, 4160664.63 ], [ 283772.97, 4160664.63 ], [ 283773.0, 4160664.35 ], [ 283750.0, 4160662.18 ], [ 283750.0, 4160669.3 ] ] ], [ [ [ 283797.52, 4160680.05 ], [ 283797.73, 4160679.61 ], [ 283797.98, 4160679.19 ], [ 283798.27, 4160678.8 ], [ 283798.6, 4160678.43 ], [ 283798.63, 4160678.4 ], [ 283798.9, 4160675.64 ], [ 283798.97, 4160675.15 ], [ 283799.09, 4160674.68 ], [ 283799.26, 4160674.22 ], [ 283799.46, 4160673.78 ], [ 283799.71, 4160673.36 ], [ 283800.0, 4160672.96 ], [ 283800.33, 4160672.6 ], [ 283800.47, 4160672.47 ], [ 283800.61, 4160672.09 ], [ 283800.82, 4160671.65 ], [ 283801.07, 4160671.23 ], [ 283801.21, 4160671.04 ], [ 283801.55, 4160670.2 ], [ 283803.71, 4160668.05 ], [ 283804.73, 4160667.63 ], [ 283806.53, 4160667.63 ], [ 283807.55, 4160668.05 ], [ 283808.83, 4160669.33 ], [ 283812.82, 4160669.72 ], [ 283813.3, 4160669.79 ], [ 283813.76, 4160669.9 ], [ 283814.22, 4160670.06 ], [ 283814.65, 4160670.26 ], [ 283815.07, 4160670.5 ], [ 283815.46, 4160670.79 ], [ 283815.82, 4160671.1 ], [ 283816.15, 4160671.46 ], [ 283816.44, 4160671.84 ], [ 283816.69, 4160672.24 ], [ 283816.91, 4160672.67 ], [ 283817.08, 4160673.12 ], [ 283817.21, 4160673.59 ], [ 283817.22, 4160673.63 ], [ 283820.81, 4160673.63 ], [ 283821.21, 4160669.79 ], [ 283821.21, 4160669.75 ], [ 283821.22, 4160669.71 ], [ 283821.22, 4160669.66 ], [ 283821.23, 4160669.62 ], [ 283821.24, 4160669.58 ], [ 283821.25, 4160669.54 ], [ 283821.26, 4160669.49 ], [ 283821.28, 4160669.44 ], [ 283821.29, 4160669.41 ], [ 283821.3, 4160669.37 ], [ 283821.32, 4160669.33 ], [ 283821.34, 4160669.28 ], [ 283821.35, 4160669.24 ], [ 283821.37, 4160669.21 ], [ 283821.39, 4160669.16 ], [ 283821.41, 4160669.12 ], [ 283821.43, 4160669.09 ], [ 283821.45, 4160669.05 ], [ 283821.46, 4160669.04 ], [ 283779.07, 4160664.93 ], [ 283778.33, 4160671.7 ], [ 283781.44, 4160672.08 ], [ 283781.93, 4160672.17 ], [ 283782.4, 4160672.3 ], [ 283782.86, 4160672.47 ], [ 283783.3, 4160672.69 ], [ 283783.71, 4160672.95 ], [ 283784.1, 4160673.25 ], [ 283784.46, 4160673.59 ], [ 283784.78, 4160673.96 ], [ 283785.06, 4160674.36 ], [ 283785.3, 4160674.79 ], [ 283785.5, 4160675.24 ], [ 283785.66, 4160675.7 ], [ 283785.77, 4160676.18 ], [ 283785.79, 4160676.41 ], [ 283786.13, 4160677.22 ], [ 283786.13, 4160682.63 ], [ 283789.13, 4160685.63 ], [ 283792.13, 4160685.63 ], [ 283794.9, 4160683.77 ], [ 283795.55, 4160682.2 ], [ 283797.42, 4160680.33 ], [ 283797.52, 4160680.05 ] ] ], [ [ [ 283842.63, 4160504.79 ], [ 283844.5, 4160504.17 ], [ 283844.55, 4160504.18 ], [ 283845.03, 4160500.0 ], [ 283842.87, 4160500.0 ], [ 283842.32, 4160505.02 ], [ 283842.63, 4160504.79 ] ] ], [ [ [ 283808.9, 4160539.66 ], [ 283808.57, 4160539.3 ], [ 283808.28, 4160538.9 ], [ 283808.03, 4160538.48 ], [ 283807.83, 4160538.03 ], [ 283807.67, 4160537.57 ], [ 283807.66, 4160537.53 ], [ 283801.05, 4160536.21 ], [ 283800.21, 4160535.71 ], [ 283798.46, 4160533.57 ], [ 283798.13, 4160532.65 ], [ 283798.13, 4160530.22 ], [ 283798.55, 4160529.2 ], [ 283800.71, 4160527.05 ], [ 283801.73, 4160526.63 ], [ 283808.89, 4160526.63 ], [ 283811.38, 4160524.96 ], [ 283811.11, 4160524.93 ], [ 283810.62, 4160524.86 ], [ 283810.15, 4160524.74 ], [ 283809.69, 4160524.57 ], [ 283809.24, 4160524.36 ], [ 283808.82, 4160524.11 ], [ 283808.43, 4160523.82 ], [ 283808.07, 4160523.49 ], [ 283807.74, 4160523.12 ], [ 283807.45, 4160522.73 ], [ 283807.2, 4160522.31 ], [ 283806.99, 4160521.86 ], [ 283806.82, 4160521.4 ], [ 283806.7, 4160520.93 ], [ 283806.63, 4160520.44 ], [ 283806.61, 4160519.95 ], [ 283806.63, 4160519.46 ], [ 283807.83, 4160507.55 ], [ 283807.9, 4160507.06 ], [ 283808.02, 4160506.59 ], [ 283808.18, 4160506.13 ], [ 283808.39, 4160505.68 ], [ 283808.65, 4160505.26 ], [ 283808.94, 4160504.87 ], [ 283809.27, 4160504.51 ], [ 283809.63, 4160504.18 ], [ 283810.03, 4160503.88 ], [ 283810.45, 4160503.63 ], [ 283810.89, 4160503.42 ], [ 283811.0, 4160503.39 ], [ 283810.9, 4160503.23 ], [ 283810.24, 4160501.66 ], [ 283810.13, 4160501.09 ], [ 283810.13, 4160500.0 ], [ 283805.64, 4160500.0 ], [ 283805.63, 4160500.0 ], [ 283805.34, 4160500.4 ], [ 283805.02, 4160500.76 ], [ 283804.65, 4160501.09 ], [ 283804.26, 4160501.39 ], [ 283803.84, 4160501.64 ], [ 283803.4, 4160501.85 ], [ 283802.94, 4160502.02 ], [ 283802.46, 4160502.14 ], [ 283801.97, 4160502.21 ], [ 283801.48, 4160502.24 ], [ 283800.99, 4160502.21 ], [ 283796.88, 4160501.82 ], [ 283796.62, 4160501.78 ], [ 283790.48, 4160558.88 ], [ 283791.69, 4160552.82 ], [ 283792.05, 4160552.12 ], [ 283793.61, 4160550.43 ], [ 283794.29, 4160550.01 ], [ 283809.56, 4160545.65 ], [ 283810.01, 4160540.51 ], [ 283809.65, 4160540.29 ], [ 283809.26, 4160540.0 ], [ 283808.9, 4160539.66 ] ] ], [ [ [ 283837.89, 4160660.33 ], [ 283838.74, 4160659.79 ], [ 283853.78, 4160517.77 ], [ 283855.57, 4160501.08 ], [ 283855.41, 4160500.85 ], [ 283855.13, 4160500.0 ], [ 283853.68, 4160500.0 ], [ 283835.45, 4160660.03 ], [ 283837.89, 4160660.33 ] ] ], [ [ [ 283825.13, 4160601.11 ], [ 283825.13, 4160606.09 ], [ 283825.02, 4160606.66 ], [ 283824.37, 4160608.23 ], [ 283824.04, 4160608.71 ], [ 283824.0, 4160608.76 ], [ 283824.01, 4160608.9 ], [ 283824.0, 4160609.39 ], [ 283822.92, 4160622.84 ], [ 283822.86, 4160623.33 ], [ 283822.78, 4160623.67 ], [ 283823.06, 4160623.85 ], [ 283823.45, 4160624.15 ], [ 283823.8, 4160624.49 ], [ 283824.12, 4160624.86 ], [ 283824.41, 4160625.26 ], [ 283824.65, 4160625.68 ], [ 283824.85, 4160626.13 ], [ 283825.0, 4160626.6 ], [ 283825.11, 4160627.08 ], [ 283825.17, 4160627.57 ], [ 283825.18, 4160628.06 ], [ 283825.15, 4160628.55 ], [ 283824.21, 4160636.21 ], [ 283824.13, 4160636.69 ], [ 283824.0, 4160637.15 ], [ 283823.92, 4160637.36 ], [ 283823.97, 4160637.82 ], [ 283823.98, 4160638.31 ], [ 283823.94, 4160638.8 ], [ 283822.95, 4160646.28 ], [ 283822.86, 4160646.77 ], [ 283822.74, 4160647.21 ], [ 283822.81, 4160647.51 ], [ 283822.87, 4160647.99 ], [ 283822.89, 4160648.48 ], [ 283822.86, 4160648.97 ], [ 283822.03, 4160656.45 ], [ 283821.95, 4160656.93 ], [ 283821.83, 4160657.4 ], [ 283821.66, 4160657.85 ], [ 283821.45, 4160658.29 ], [ 283821.2, 4160658.7 ], [ 283820.91, 4160659.09 ], [ 283820.59, 4160659.45 ], [ 283820.23, 4160659.77 ], [ 283819.84, 4160660.06 ], [ 283819.58, 4160660.21 ], [ 283823.56, 4160660.6 ], [ 283823.08, 4160660.12 ], [ 283823.02, 4160660.06 ], [ 283822.96, 4160659.99 ], [ 283822.91, 4160659.92 ], [ 283822.86, 4160659.85 ], [ 283822.81, 4160659.77 ], [ 283822.77, 4160659.7 ], [ 283822.77, 4160659.69 ], [ 283822.73, 4160659.62 ], [ 283822.69, 4160659.54 ], [ 283822.69, 4160659.53 ], [ 283822.66, 4160659.45 ], [ 283822.64, 4160659.37 ], [ 283822.63, 4160659.37 ], [ 283822.61, 4160659.28 ], [ 283822.59, 4160659.2 ], [ 283822.58, 4160659.11 ], [ 283822.57, 4160659.03 ], [ 283822.57, 4160659.02 ], [ 283822.56, 4160658.93 ], [ 283822.56, 4160658.85 ], [ 283822.56, 4160658.84 ], [ 283822.56, 4160658.76 ], [ 283822.57, 4160658.67 ], [ 283829.86, 4160588.97 ], [ 283829.78, 4160589.19 ], [ 283829.58, 4160589.63 ], [ 283829.33, 4160590.05 ], [ 283829.04, 4160590.45 ], [ 283828.71, 4160590.81 ], [ 283828.35, 4160591.14 ], [ 283828.19, 4160591.27 ], [ 283829.21, 4160593.82 ], [ 283829.07, 4160595.13 ], [ 283827.12, 4160598.01 ], [ 283827.04, 4160598.05 ], [ 283826.88, 4160599.13 ], [ 283826.37, 4160598.63 ], [ 283826.01, 4160598.99 ], [ 283825.13, 4160601.11 ] ] ], [ [ [ 283879.05, 4160638.84 ], [ 283878.64, 4160638.58 ], [ 283878.25, 4160638.27 ], [ 283877.9, 4160637.93 ], [ 283877.58, 4160637.56 ], [ 283877.3, 4160637.15 ], [ 283877.07, 4160636.72 ], [ 283876.87, 4160636.27 ], [ 283876.72, 4160635.8 ], [ 283876.62, 4160635.32 ], [ 283876.56, 4160634.84 ], [ 283876.55, 4160634.35 ], [ 283876.59, 4160633.86 ], [ 283876.91, 4160631.46 ], [ 283875.67, 4160630.53 ], [ 283874.65, 4160630.7 ], [ 283874.33, 4160633.57 ], [ 283874.25, 4160634.06 ], [ 283874.12, 4160634.53 ], [ 283873.95, 4160634.99 ], [ 283873.73, 4160635.43 ], [ 283873.47, 4160635.85 ], [ 283873.18, 4160636.24 ], [ 283872.84, 4160636.59 ], [ 283872.59, 4160636.81 ], [ 283872.74, 4160636.99 ], [ 283873.01, 4160637.38 ], [ 283873.24, 4160637.79 ], [ 283873.44, 4160638.23 ], [ 283873.59, 4160638.68 ], [ 283873.69, 4160639.15 ], [ 283873.75, 4160639.62 ], [ 283873.77, 4160640.09 ], [ 283873.74, 4160640.57 ], [ 283873.13, 4160646.18 ], [ 283878.76, 4160646.57 ], [ 283879.25, 4160646.63 ], [ 283879.73, 4160646.74 ], [ 283880.2, 4160646.89 ], [ 283880.65, 4160647.09 ], [ 283881.08, 4160647.34 ], [ 283881.49, 4160647.62 ], [ 283881.86, 4160647.95 ], [ 283882.2, 4160648.3 ], [ 283882.5, 4160648.69 ], [ 283882.77, 4160649.11 ], [ 283882.99, 4160649.56 ], [ 283883.16, 4160650.02 ], [ 283883.29, 4160650.49 ], [ 283883.37, 4160650.98 ], [ 283883.41, 4160651.47 ], [ 283883.39, 4160651.97 ], [ 283882.75, 4160659.84 ], [ 283882.68, 4160660.31 ], [ 283882.58, 4160660.78 ], [ 283882.43, 4160661.23 ], [ 283882.23, 4160661.67 ], [ 283882.0, 4160662.09 ], [ 283881.72, 4160662.48 ], [ 283881.41, 4160662.85 ], [ 283881.07, 4160663.18 ], [ 283880.94, 4160663.28 ], [ 283884.78, 4160663.68 ], [ 283886.04, 4160652.42 ], [ 283885.36, 4160652.1 ], [ 283883.28, 4160649.56 ], [ 283882.98, 4160648.38 ], [ 283884.66, 4160639.96 ], [ 283880.9, 4160639.47 ], [ 283880.42, 4160639.38 ], [ 283879.95, 4160639.25 ], [ 283879.49, 4160639.07 ], [ 283879.05, 4160638.84 ] ] ] ] } },
{ "type": "Feature", "properties": { "id": "imagery:groundcover_lawn:217", "name": null, "kind": "groundcover_lawn", "sport": null, "surface": null, "pitch_layout": null, "source": "vgin_vbmp+naip+lidar2025", "source_updated": null, "base_z": null, "top_z": null }, "geometry": { "type": "Polygon", "coordinates": [ [ [ 283792.55, 4160566.05 ], [ 283792.84, 4160566.33 ], [ 283794.93, 4160566.57 ], [ 283795.03, 4160566.59 ], [ 283795.12, 4160566.62 ], [ 283795.22, 4160566.65 ], [ 283795.3, 4160566.69 ], [ 283795.39, 4160566.75 ], [ 283795.46, 4160566.81 ], [ 283795.54, 4160566.87 ], [ 283795.6, 4160566.95 ], [ 283795.66, 4160567.03 ], [ 283795.71, 4160567.11 ], [ 283795.75, 4160567.2 ], [ 283795.78, 4160567.29 ], [ 283795.8, 4160567.39 ], [ 283795.81, 4160567.49 ], [ 283795.82, 4160567.58 ], [ 283795.81, 4160567.68 ], [ 283795.56, 4160569.9 ], [ 283798.13, 4160571.63 ], [ 283810.59, 4160571.63 ], [ 283812.49, 4160570.01 ], [ 283812.5, 4160569.93 ], [ 283812.52, 4160569.83 ], [ 283812.54, 4160569.74 ], [ 283812.57, 4160569.65 ], [ 283812.61, 4160569.56 ], [ 283812.66, 4160569.47 ], [ 283812.72, 4160569.39 ], [ 283812.79, 4160569.32 ], [ 283812.86, 4160569.26 ], [ 283812.94, 4160569.2 ], [ 283813.02, 4160569.15 ], [ 283813.11, 4160569.1 ], [ 283813.2, 4160569.07 ], [ 283813.3, 4160569.04 ], [ 283813.39, 4160569.03 ], [ 283813.49, 4160569.02 ], [ 283813.56, 4160569.03 ], [ 283814.37, 4160564.22 ], [ 283814.0, 4160564.19 ], [ 283813.91, 4160564.17 ], [ 283813.81, 4160564.15 ], [ 283813.72, 4160564.12 ], [ 283813.63, 4160564.08 ], [ 283813.55, 4160564.03 ], [ 283813.47, 4160563.97 ], [ 283813.39, 4160563.9 ], [ 283813.33, 4160563.83 ], [ 283813.27, 4160563.75 ], [ 283813.22, 4160563.67 ], [ 283813.18, 4160563.58 ], [ 283813.14, 4160563.49 ], [ 283813.12, 4160563.39 ], [ 283813.1, 4160563.29 ], [ 283813.1, 4160563.2 ], [ 283813.1, 4160563.1 ], [ 283813.58, 4160557.97 ], [ 283813.59, 4160557.87 ], [ 283813.61, 4160557.77 ], [ 283813.65, 4160557.68 ], [ 283813.69, 4160557.59 ], [ 283813.74, 4160557.51 ], [ 283813.8, 4160557.43 ], [ 283813.86, 4160557.36 ], [ 283813.93, 4160557.29 ], [ 283814.01, 4160557.23 ], [ 283814.1, 4160557.18 ], [ 283814.19, 4160557.14 ], [ 283814.28, 4160557.1 ], [ 283814.37, 4160557.08 ], [ 283814.47, 4160557.06 ], [ 283814.57, 4160557.06 ], [ 283814.67, 4160557.06 ], [ 283815.53, 4160557.14 ], [ 283815.75, 4160554.75 ], [ 283815.04, 4160552.53 ], [ 283811.38, 4160548.87 ], [ 283808.43, 4160548.11 ], [ 283791.31, 4160553.0 ], [ 283791.08, 4160553.31 ], [ 283789.95, 4160563.85 ], [ 283790.98, 4160565.4 ], [ 283792.55, 4160566.05 ] ] ] } },
{ "type": "Feature", "properties": { "id": "richmond_structure:403633", "name": null, "kind": "deck", "sport": null, "surface": null, "pitch_layout": null, "source": "richmond_structures", "source_updated": "2026-09-08T12:07:13.637000Z", "base_z": null, "top_z": null }, "geometry": { "type": "Polygon", "coordinates": [ [ [ 283793.5, 4160571.26 ], [ 283793.89, 4160567.24 ], [ 283789.64, 4160566.87 ], [ 283789.5, 4160569.92 ], [ 283793.5, 4160571.26 ] ] ] } },
{ "type": "Feature", "properties": { "id": "richmond_structure:403400", "name": null, "kind": "deck", "sport": null, "surface": null, "pitch_layout": null, "source": "richmond_structures", "source_updated": "2026-09-08T12:07:13.637000Z", "base_z": null, "top_z": null }, "geometry": { "type": "Polygon", "coordinates": [ [ [ 283759.83, 4160568.48 ], [ 283759.38, 4160571.99 ], [ 283763.7, 4160572.25 ], [ 283764.17, 4160569.1 ], [ 283759.83, 4160568.48 ] ] ] } },
{ "type": "Feature", "properties": { "id": "richmond_structure:294039", "name": null, "kind": "deck", "sport": null, "surface": null, "pitch_layout": null, "source": "richmond_structures", "source_updated": "2026-09-08T12:07:13.637000Z", "base_z": null, "top_z": null }, "geometry": { "type": "Polygon", "coordinates": [ [ [ 283926.62, 4160500.85 ], [ 283926.43, 4160502.54 ], [ 283927.84, 4160502.7 ], [ 283927.66, 4160504.34 ], [ 283929.24, 4160504.51 ], [ 283929.75, 4160500.0 ], [ 283928.14, 4160500.0 ], [ 283928.03, 4160501.01 ], [ 283926.62, 4160500.85 ] ] ] } },
{ "type": "Feature", "properties": { "id": "richmond_structure:293393", "name": null, "kind": "deck", "sport": null, "surface": null, "pitch_layout": null, "source": "richmond_structures", "source_updated": "2026-09-08T12:07:13.637000Z", "base_z": null, "top_z": null }, "geometry": { "type": "Polygon", "coordinates": [ [ [ 283926.02, 4160512.59 ], [ 283926.09, 4160514.33 ], [ 283928.24, 4160514.94 ], [ 283928.77, 4160510.22 ], [ 283929.76, 4160510.33 ], [ 283929.82, 4160509.8 ], [ 283927.48, 4160509.58 ], [ 283927.04, 4160512.49 ], [ 283926.02, 4160512.59 ] ] ] } },
{ "type": "Feature", "properties": { "id": "richmond_structure:403620", "name": null, "kind": "deck", "sport": null, "surface": null, "pitch_layout": null, "source": "richmond_structures", "source_updated": "2026-09-08T12:07:13.637000Z", "base_z": null, "top_z": null }, "geometry": { "type": "Polygon", "coordinates": [ [ [ 283927.44, 4160524.62 ], [ 283927.79, 4160521.52 ], [ 283924.69, 4160521.17 ], [ 283924.34, 4160524.28 ], [ 283927.44, 4160524.62 ] ] ] } },
{ "type": "Feature", "properties": { "id": "richmond_structure:403623", "name": null, "kind": "deck", "sport": null, "surface": null, "pitch_layout": null, "source": "richmond_structures", "source_updated": "2026-09-08T12:07:13.637000Z", "base_z": null, "top_z": null }, "geometry": { "type": "Polygon", "coordinates": [ [ [ 283994.4, 4160531.75 ], [ 283994.49, 4160530.95 ], [ 283991.45, 4160530.61 ], [ 283991.14, 4160533.39 ], [ 283994.18, 4160533.73 ], [ 283994.26, 4160533.03 ], [ 283995.82, 4160533.21 ], [ 283995.96, 4160531.93 ], [ 283994.4, 4160531.75 ] ] ] } },
{ "type": "Feature", "properties": { "id": "richmond_structure:293381", "name": null, "kind": "deck", "sport": null, "surface": null, "pitch_layout": null, "source": "richmond_structures", "source_updated": "2026-09-08T12:07:13.637000Z", "base_z": null, "top_z": null }, "geometry": { "type": "Polygon", "coordinates": [ [ [ 283924.1, 4160534.68 ], [ 283923.39, 4160534.71 ], [ 283923.02, 4160536.58 ], [ 283923.91, 4160536.63 ], [ 283923.62, 4160538.32 ], [ 283925.22, 4160538.53 ], [ 283925.84, 4160538.11 ], [ 283926.43, 4160532.85 ], [ 283924.46, 4160532.55 ], [ 283924.1, 4160534.68 ] ] ] } },
{ "type": "Feature", "properties": { "id": "richmond_structure:403626", "name": null, "kind": "deck", "sport": null, "surface": null, "pitch_layout": null, "source": "richmond_structures", "source_updated": "2026-09-08T12:07:13.637000Z", "base_z": null, "top_z": null }, "geometry": { "type": "Polygon", "coordinates": [ [ [ 283990.99, 4160539.25 ], [ 283990.52, 4160543.9 ], [ 283992.36, 4160544.08 ], [ 283992.95, 4160538.18 ], [ 283989.08, 4160537.79 ], [ 283988.95, 4160539.04 ], [ 283990.99, 4160539.25 ] ] ] } },
{ "type": "Feature", "properties": { "id": "richmond_structure:285569", "name": null, "kind": "deck", "sport": null, "surface": null, "pitch_layout": null, "source": "richmond_structures", "source_updated": "2026-09-08T12:07:13.637000Z", "base_z": null, "top_z": null }, "geometry": { "type": "Polygon", "coordinates": [ [ [ 283989.04, 4160556.11 ], [ 283988.51, 4160556.06 ], [ 283988.82, 4160558.58 ], [ 283996.21, 4160558.48 ], [ 283996.98, 4160548.32 ], [ 283987.8, 4160548.5 ], [ 283987.71, 4160549.61 ], [ 283989.59, 4160549.77 ], [ 283989.04, 4160556.11 ] ] ] } },
{ "type": "Feature", "properties": { "id": "imagery:groundcover_lawn:276", "name": null, "kind": "groundcover_lawn", "sport": null, "surface": null, "pitch_layout": null, "source": "vgin_vbmp+naip+lidar2025", "source_updated": null, "base_z": null, "top_z": null }, "geometry": { "type": "MultiPolygon", "coordinates": [ [ [ [ 283957.13, 4160512.14 ], [ 283957.13, 4160500.75 ], [ 283957.2, 4160500.32 ], [ 283957.29, 4160500.0 ], [ 283955.29, 4160500.0 ], [ 283953.58, 4160515.84 ], [ 283953.58, 4160515.85 ], [ 283948.46, 4160562.63 ], [ 283952.02, 4160562.63 ], [ 283956.48, 4160520.19 ], [ 283955.12, 4160519.28 ], [ 283954.54, 4160517.88 ], [ 283954.92, 4160515.94 ], [ 283955.32, 4160515.19 ], [ 283956.25, 4160514.26 ], [ 283957.13, 4160512.14 ] ] ], [ [ [ 283893.65, 4160642.7 ], [ 283893.71, 4160642.63 ], [ 283893.79, 4160642.56 ], [ 283893.87, 4160642.51 ], [ 283893.95, 4160642.46 ], [ 283894.04, 4160642.42 ], [ 283894.13, 4160642.39 ], [ 283894.23, 4160642.36 ], [ 283894.33, 4160642.35 ], [ 283894.42, 4160642.35 ], [ 283894.52, 4160642.35 ], [ 283899.24, 4160642.88 ], [ 283899.34, 4160642.9 ], [ 283899.44, 4160642.93 ], [ 283899.53, 4160642.96 ], [ 283899.62, 4160643.0 ], [ 283899.7, 4160643.05 ], [ 283899.78, 4160643.11 ], [ 283899.85, 4160643.18 ], [ 283899.91, 4160643.25 ], [ 283899.97, 4160643.33 ], [ 283900.02, 4160643.42 ], [ 283900.06, 4160643.51 ], [ 283900.09, 4160643.6 ], [ 283900.12, 4160643.7 ], [ 283900.13, 4160643.79 ], [ 283900.13, 4160643.89 ], [ 283900.13, 4160643.99 ], [ 283899.82, 4160646.74 ], [ 283900.55, 4160647.05 ], [ 283902.71, 4160649.2 ], [ 283903.36, 4160650.77 ], [ 283906.13, 4160652.63 ], [ 283906.67, 4160652.63 ], [ 283909.08, 4160650.65 ], [ 283909.52, 4160646.75 ], [ 283909.53, 4160646.65 ], [ 283909.56, 4160646.56 ], [ 283909.59, 4160646.47 ], [ 283909.64, 4160646.38 ], [ 283909.69, 4160646.29 ], [ 283909.75, 4160646.22 ], [ 283909.81, 4160646.14 ], [ 283909.89, 4160646.08 ], [ 283909.97, 4160646.02 ], [ 283910.05, 4160645.97 ], [ 283910.14, 4160645.93 ], [ 283910.23, 4160645.9 ], [ 283910.33, 4160645.88 ], [ 283910.43, 4160645.86 ], [ 283910.48, 4160645.86 ], [ 283913.74, 4160629.57 ], [ 283913.71, 4160629.52 ], [ 283913.67, 4160629.43 ], [ 283913.64, 4160629.34 ], [ 283913.61, 4160629.24 ], [ 283913.6, 4160629.15 ], [ 283913.59, 4160629.05 ], [ 283913.59, 4160628.95 ], [ 283913.85, 4160626.22 ], [ 283913.86, 4160626.12 ], [ 283913.89, 4160626.03 ], [ 283913.92, 4160625.94 ], [ 283913.96, 4160625.85 ], [ 283914.01, 4160625.76 ], [ 283914.03, 4160625.74 ], [ 283911.47, 4160622.63 ], [ 283908.98, 4160622.63 ], [ 283908.08, 4160622.32 ], [ 283905.96, 4160620.66 ], [ 283905.44, 4160619.87 ], [ 283904.23, 4160615.03 ], [ 283904.49, 4160613.81 ], [ 283906.55, 4160611.17 ], [ 283907.67, 4160610.63 ], [ 283914.29, 4160610.63 ], [ 283917.14, 4160606.98 ], [ 283917.12, 4160606.97 ], [ 283917.04, 4160606.91 ], [ 283916.97, 4160606.84 ], [ 283916.9, 4160606.77 ], [ 283916.84, 4160606.69 ], [ 283916.79, 4160606.61 ], [ 283916.75, 4160606.52 ], [ 283916.72, 4160606.43 ], [ 283916.69, 4160606.33 ], [ 283916.68, 4160606.24 ], [ 283916.67, 4160606.14 ], [ 283916.67, 4160606.04 ], [ 283916.76, 4160605.13 ], [ 283915.84, 4160601.46 ], [ 283915.93, 4160600.5 ], [ 283917.28, 4160597.55 ], [ 283916.71, 4160597.28 ], [ 283916.68, 4160594.17 ], [ 283915.55, 4160593.05 ], [ 283915.13, 4160592.03 ], [ 283915.13, 4160584.0 ], [ 283915.14, 4160583.85 ], [ 283915.18, 4160583.41 ], [ 283915.2, 4160583.26 ], [ 283920.55, 4160556.55 ], [ 283921.05, 4160555.71 ], [ 283921.51, 4160555.33 ], [ 283921.52, 4160555.28 ], [ 283921.53, 4160555.19 ], [ 283921.56, 4160555.09 ], [ 283921.59, 4160555.0 ], [ 283921.64, 4160554.91 ], [ 283921.69, 4160554.83 ], [ 283921.75, 4160554.75 ], [ 283921.82, 4160554.68 ], [ 283921.89, 4160554.62 ], [ 283921.97, 4160554.56 ], [ 283922.05, 4160554.51 ], [ 283922.14, 4160554.47 ], [ 283922.24, 4160554.44 ], [ 283922.33, 4160554.42 ], [ 283922.43, 4160554.41 ], [ 283922.53, 4160554.4 ], [ 283922.62, 4160554.41 ], [ 283922.63, 4160554.41 ], [ 283923.19, 4160553.96 ], [ 283923.36, 4160553.89 ], [ 283923.36, 4160553.86 ], [ 283923.38, 4160553.76 ], [ 283923.41, 4160553.67 ], [ 283923.44, 4160553.57 ], [ 283923.48, 4160553.49 ], [ 283923.54, 4160553.4 ], [ 283923.6, 4160553.33 ], [ 283923.66, 4160553.25 ], [ 283923.74, 4160553.19 ], [ 283923.82, 4160553.13 ], [ 283923.9, 4160553.09 ], [ 283923.99, 4160553.05 ], [ 283924.09, 4160553.01 ], [ 283924.18, 4160552.99 ], [ 283924.28, 4160552.98 ], [ 283924.38, 4160552.98 ], [ 283924.47, 4160552.98 ], [ 283924.74, 4160553.02 ], [ 283927.13, 4160550.63 ], [ 283927.13, 4160549.43 ], [ 283925.89, 4160549.29 ], [ 283925.79, 4160549.27 ], [ 283925.7, 4160549.25 ], [ 283925.61, 4160549.21 ], [ 283925.52, 4160549.17 ], [ 283925.44, 4160549.12 ], [ 283925.36, 4160549.06 ], [ 283925.29, 4160548.99 ], [ 283925.22, 4160548.92 ], [ 283925.16, 4160548.84 ], [ 283925.12, 4160548.76 ], [ 283925.1, 4160548.72 ], [ 283924.67, 4160548.67 ], [ 283924.57, 4160548.66 ], [ 283924.48, 4160548.63 ], [ 283924.39, 4160548.6 ], [ 283924.3, 4160548.56 ], [ 283924.22, 4160548.5 ], [ 283924.14, 4160548.44 ], [ 283924.07, 4160548.38 ], [ 283924.0, 4160548.3 ], [ 283923.94, 4160548.22 ], [ 283923.9, 4160548.14 ], [ 283923.85, 4160548.05 ], [ 283923.82, 4160547.96 ], [ 283923.8, 4160547.86 ], [ 283923.79, 4160547.77 ], [ 283923.78, 4160547.67 ], [ 283923.79, 4160547.57 ], [ 283924.48, 4160541.32 ], [ 283924.5, 4160541.23 ], [ 283924.53, 4160541.13 ], [ 283924.56, 4160541.04 ], [ 283924.6, 4160540.95 ], [ 283924.65, 4160540.87 ], [ 283924.71, 4160540.79 ], [ 283924.78, 4160540.72 ], [ 283924.85, 4160540.65 ], [ 283924.93, 4160540.6 ], [ 283925.02, 4160540.55 ], [ 283925.1, 4160540.51 ], [ 283925.2, 4160540.47 ], [ 283925.29, 4160540.45 ], [ 283925.39, 4160540.44 ], [ 283925.49, 4160540.43 ], [ 283925.58, 4160540.44 ], [ 283925.6, 4160540.44 ], [ 283925.69, 4160539.58 ], [ 283925.71, 4160539.48 ], [ 283925.74, 4160539.39 ], [ 283925.77, 4160539.3 ], [ 283925.81, 4160539.21 ], [ 283925.86, 4160539.12 ], [ 283925.92, 4160539.05 ], [ 283925.99, 4160538.97 ], [ 283926.06, 4160538.91 ], [ 283926.14, 4160538.85 ], [ 283926.23, 4160538.8 ], [ 283926.32, 4160538.76 ], [ 283926.41, 4160538.73 ], [ 283926.51, 4160538.71 ], [ 283926.52, 4160538.71 ], [ 283926.51, 4160538.7 ], [ 283926.45, 4160538.63 ], [ 283926.39, 4160538.55 ], [ 283926.34, 4160538.46 ], [ 283926.33, 4160538.43 ], [ 283925.9, 4160538.38 ], [ 283925.8, 4160538.37 ], [ 283925.7, 4160538.34 ], [ 283925.61, 4160538.31 ], [ 283925.53, 4160538.26 ], [ 283925.44, 4160538.21 ], [ 283925.36, 4160538.15 ], [ 283925.29, 4160538.08 ], [ 283925.23, 4160538.01 ], [ 283925.17, 4160537.93 ], [ 283925.12, 4160537.85 ], [ 283925.08, 4160537.76 ], [ 283925.05, 4160537.66 ], [ 283925.03, 4160537.57 ], [ 283925.01, 4160537.47 ], [ 283925.01, 4160537.37 ], [ 283925.02, 4160537.28 ], [ 283925.72, 4160531.03 ], [ 283925.74, 4160530.93 ], [ 283925.76, 4160530.84 ], [ 283925.79, 4160530.75 ], [ 283925.84, 4160530.66 ], [ 283925.89, 4160530.57 ], [ 283925.95, 4160530.5 ], [ 283926.01, 4160530.42 ], [ 283926.09, 4160530.36 ], [ 283926.17, 4160530.3 ], [ 283926.25, 4160530.25 ], [ 283926.34, 4160530.21 ], [ 283926.43, 4160530.18 ], [ 283926.53, 4160530.16 ], [ 283926.63, 4160530.14 ], [ 283926.72, 4160530.14 ], [ 283926.82, 4160530.15 ], [ 283926.92, 4160529.28 ], [ 283926.94, 4160529.18 ], [ 283926.96, 4160529.08 ], [ 283927.0, 4160528.99 ], [ 283927.04, 4160528.9 ], [ 283927.09, 4160528.82 ], [ 283927.13, 4160528.77 ], [ 283927.13, 4160527.93 ], [ 283927.06, 4160527.92 ], [ 283926.96, 4160527.89 ], [ 283926.87, 4160527.86 ], [ 283926.78, 4160527.81 ], [ 283926.7, 4160527.76 ], [ 283926.62, 4160527.7 ], [ 283926.55, 4160527.64 ], [ 283926.48, 4160527.56 ], [ 283926.43, 4160527.48 ], [ 283926.38, 4160527.4 ], [ 283926.34, 4160527.31 ], [ 283926.31, 4160527.22 ], [ 283926.28, 4160527.12 ], [ 283926.27, 4160527.02 ], [ 283926.27, 4160526.93 ], [ 283926.27, 4160526.83 ], [ 283926.98, 4160520.57 ], [ 283926.99, 4160520.47 ], [ 283927.02, 4160520.38 ], [ 283927.05, 4160520.28 ], [ 283927.1, 4160520.2 ], [ 283927.13, 4160520.14 ], [ 283927.13, 4160502.61 ], [ 283927.46, 4160501.68 ], [ 283928.82, 4160500.02 ], [ 283928.83, 4160500.0 ], [ 283912.6, 4160500.0 ], [ 283908.62, 4160505.31 ], [ 283907.71, 4160513.38 ], [ 283908.45, 4160515.57 ], [ 283911.29, 4160517.63 ], [ 283911.53, 4160517.63 ], [ 283912.55, 4160518.05 ], [ 283914.71, 4160520.2 ], [ 283915.13, 4160521.22 ], [ 283915.13, 4160532.25 ], [ 283915.12, 4160532.4 ], [ 283915.08, 4160532.84 ], [ 283915.06, 4160532.99 ], [ 283912.72, 4160544.7 ], [ 283912.21, 4160545.54 ], [ 283911.32, 4160546.27 ], [ 283911.25, 4160546.92 ], [ 283911.23, 4160547.02 ], [ 283911.21, 4160547.11 ], [ 283911.17, 4160547.2 ], [ 283911.13, 4160547.29 ], [ 283911.08, 4160547.37 ], [ 283911.02, 4160547.45 ], [ 283910.95, 4160547.52 ], [ 283910.88, 4160547.59 ], [ 283910.8, 4160547.64 ], [ 283910.71, 4160547.69 ], [ 283910.62, 4160547.73 ], [ 283910.53, 4160547.77 ], [ 283910.44, 4160547.79 ], [ 283910.34, 4160547.8 ], [ 283910.24, 4160547.8 ], [ 283910.14, 4160547.8 ], [ 283908.62, 4160547.63 ], [ 283903.89, 4160547.63 ], [ 283901.63, 4160567.86 ], [ 283901.98, 4160568.4 ], [ 283903.55, 4160569.05 ], [ 283904.43, 4160569.92 ], [ 283908.05, 4160570.44 ], [ 283908.15, 4160570.46 ], [ 283908.24, 4160570.48 ], [ 283908.33, 4160570.52 ], [ 283908.42, 4160570.57 ], [ 283908.5, 4160570.62 ], [ 283908.58, 4160570.68 ], [ 283908.65, 4160570.75 ], [ 283908.71, 4160570.83 ], [ 283908.76, 4160570.91 ], [ 283908.81, 4160571.0 ], [ 283908.85, 4160571.09 ], [ 283908.88, 4160571.18 ], [ 283908.9, 4160571.28 ], [ 283908.91, 4160571.37 ], [ 283908.91, 4160571.47 ], [ 283908.9, 4160571.57 ], [ 283908.01, 4160577.83 ], [ 283907.99, 4160577.93 ], [ 283907.96, 4160578.02 ], [ 283907.93, 4160578.11 ], [ 283907.88, 4160578.2 ], [ 283907.83, 4160578.28 ], [ 283907.77, 4160578.36 ], [ 283907.7, 4160578.43 ], [ 283907.62, 4160578.49 ], [ 283907.54, 4160578.55 ], [ 283907.45, 4160578.59 ], [ 283907.36, 4160578.63 ], [ 283907.27, 4160578.66 ], [ 283907.17, 4160578.68 ], [ 283907.08, 4160578.69 ], [ 283906.98, 4160578.69 ], [ 283906.88, 4160578.68 ], [ 283903.69, 4160578.22 ], [ 283902.77, 4160578.89 ], [ 283901.5, 4160579.08 ], [ 283900.65, 4160578.8 ], [ 283900.39, 4160578.97 ], [ 283893.0, 4160645.07 ], [ 283893.19, 4160645.28 ], [ 283893.42, 4160643.23 ], [ 283893.43, 4160643.14 ], [ 283893.46, 4160643.04 ], [ 283893.49, 4160642.95 ], [ 283893.54, 4160642.86 ], [ 283893.59, 4160642.78 ], [ 283893.65, 4160642.7 ] ], [ [ 283901.84, 4160641.65 ], [ 283901.81, 4160641.74 ], [ 283901.78, 4160641.84 ], [ 283901.73, 4160641.92 ], [ 283901.68, 4160642.01 ], [ 283901.62, 4160642.08 ], [ 283901.55, 4160642.16 ], [ 283901.48, 4160642.22 ], [ 283901.4, 4160642.28 ], [ 283901.32, 4160642.33 ], [ 283901.23, 4160642.37 ], [ 283901.13, 4160642.4 ], [ 283901.04, 4160642.42 ], [ 283900.94, 4160642.43 ], [ 283900.84, 4160642.44 ], [ 283900.74, 4160642.43 ], [ 283894.64, 4160641.72 ], [ 283894.54, 4160641.71 ], [ 283894.44, 4160641.68 ], [ 283894.35, 4160641.65 ], [ 283894.26, 4160641.6 ], [ 283894.18, 4160641.55 ], [ 283894.1, 4160641.49 ], [ 283894.03, 4160641.43 ], [ 283893.97, 4160641.35 ], [ 283893.91, 4160641.27 ], [ 283893.86, 4160641.19 ], [ 283893.82, 4160641.1 ], [ 283893.79, 4160641.0 ], [ 283893.77, 4160640.91 ], [ 283893.75, 4160640.81 ], [ 283893.75, 4160640.71 ], [ 283893.76, 4160640.62 ], [ 283894.55, 4160633.74 ], [ 283894.57, 4160633.65 ], [ 283894.59, 4160633.55 ], [ 283894.63, 4160633.46 ], [ 283894.67, 4160633.37 ], [ 283894.72, 4160633.29 ], [ 283894.78, 4160633.21 ], [ 283894.85, 4160633.14 ], [ 283894.92, 4160633.08 ], [ 283895.0, 4160633.02 ], [ 283895.09, 4160632.97 ], [ 283895.18, 4160632.93 ], [ 283895.27, 4160632.9 ], [ 283895.36, 4160632.87 ], [ 283895.46, 4160632.86 ], [ 283895.56, 4160632.86 ], [ 283895.66, 4160632.86 ], [ 283901.77, 4160633.56 ], [ 283901.86, 4160633.58 ], [ 283901.96, 4160633.6 ], [ 283902.05, 4160633.64 ], [ 283902.14, 4160633.68 ], [ 283902.22, 4160633.73 ], [ 283902.3, 4160633.79 ], [ 283902.37, 4160633.86 ], [ 283902.44, 4160633.93 ], [ 283902.49, 4160634.01 ], [ 283902.54, 4160634.1 ], [ 283902.58, 4160634.19 ], [ 283902.61, 4160634.28 ], [ 283902.64, 4160634.38 ], [ 283902.65, 4160634.47 ], [ 283902.65, 4160634.57 ], [ 283902.65, 4160634.67 ], [ 283901.85, 4160641.55 ], [ 283901.84, 4160641.65 ] ] ], [ [ [ 283944.12, 4160507.92 ], [ 283944.1, 4160508.02 ], [ 283944.06, 4160508.11 ], [ 283944.02, 4160508.2 ], [ 283943.97, 4160508.28 ], [ 283943.91, 4160508.36 ], [ 283943.87, 4160508.4 ], [ 283943.94, 4160508.48 ], [ 283943.99, 4160508.56 ], [ 283944.04, 4160508.64 ], [ 283944.08, 4160508.73 ], [ 283944.12, 4160508.82 ], [ 283944.14, 4160508.92 ], [ 283944.15, 4160509.02 ], [ 283944.15, 4160509.12 ], [ 283944.15, 4160509.21 ], [ 283943.94, 4160511.09 ], [ 283945.01, 4160519.67 ], [ 283945.01, 4160520.05 ], [ 283944.87, 4160521.16 ], [ 283944.77, 4160521.52 ], [ 283941.39, 4160529.98 ], [ 283941.4, 4160529.98 ], [ 283941.49, 4160530.04 ], [ 283941.56, 4160530.09 ], [ 283941.64, 4160530.16 ], [ 283941.7, 4160530.24 ], [ 283941.76, 4160530.32 ], [ 283941.81, 4160530.4 ], [ 283941.85, 4160530.49 ], [ 283941.88, 4160530.58 ], [ 283941.9, 4160530.68 ], [ 283941.92, 4160530.78 ], [ 283941.92, 4160530.87 ], [ 283941.91, 4160530.97 ], [ 283940.94, 4160539.56 ], [ 283940.93, 4160539.65 ], [ 283940.9, 4160539.75 ], [ 283940.87, 4160539.84 ], [ 283940.82, 4160539.93 ], [ 283940.77, 4160540.01 ], [ 283940.71, 4160540.09 ], [ 283940.65, 4160540.16 ], [ 283940.57, 4160540.23 ], [ 283940.49, 4160540.29 ], [ 283940.41, 4160540.33 ], [ 283940.32, 4160540.38 ], [ 283940.33, 4160540.39 ], [ 283940.4, 4160540.45 ], [ 283940.47, 4160540.53 ], [ 283940.52, 4160540.61 ], [ 283940.57, 4160540.69 ], [ 283940.61, 4160540.78 ], [ 283940.65, 4160540.87 ], [ 283940.67, 4160540.97 ], [ 283940.68, 4160541.07 ], [ 283940.68, 4160541.16 ], [ 283940.68, 4160541.26 ], [ 283939.72, 4160549.85 ], [ 283939.7, 4160549.95 ], [ 283939.68, 4160550.04 ], [ 283939.64, 4160550.13 ], [ 283939.6, 4160550.22 ], [ 283939.55, 4160550.31 ], [ 283939.49, 4160550.38 ], [ 283939.42, 4160550.46 ], [ 283939.35, 4160550.52 ], [ 283939.27, 4160550.58 ], [ 283939.18, 4160550.63 ], [ 283939.09, 4160550.67 ], [ 283939.0, 4160550.7 ], [ 283938.9, 4160550.72 ], [ 283938.84, 4160550.73 ], [ 283938.71, 4160551.05 ], [ 283936.55, 4160553.2 ], [ 283934.98, 4160553.85 ], [ 283934.75, 4160554.2 ], [ 283934.94, 4160554.22 ], [ 283935.03, 4160554.24 ], [ 283935.13, 4160554.26 ], [ 283935.22, 4160554.3 ], [ 283935.31, 4160554.34 ], [ 283935.39, 4160554.39 ], [ 283935.47, 4160554.45 ], [ 283935.54, 4160554.52 ], [ 283935.6, 4160554.6 ], [ 283935.66, 4160554.68 ], [ 283935.71, 4160554.76 ], [ 283935.73, 4160554.8 ], [ 283937.0, 4160554.96 ], [ 283937.1, 4160554.97 ], [ 283937.19, 4160555.0 ], [ 283937.28, 4160555.03 ], [ 283937.37, 4160555.08 ], [ 283937.45, 4160555.13 ], [ 283937.53, 4160555.19 ], [ 283937.6, 4160555.26 ], [ 283937.67, 4160555.33 ], [ 283937.72, 4160555.41 ], [ 283937.77, 4160555.5 ], [ 283937.81, 4160555.59 ], [ 283937.84, 4160555.68 ], [ 283937.86, 4160555.77 ], [ 283937.88, 4160555.87 ], [ 283937.88, 4160555.97 ], [ 283937.87, 4160556.07 ], [ 283937.04, 4160563.12 ], [ 283937.02, 4160563.21 ], [ 283937.0, 4160563.31 ], [ 283936.96, 4160563.4 ], [ 283936.92, 4160563.49 ], [ 283936.87, 4160563.57 ], [ 283936.81, 4160563.65 ], [ 283936.74, 4160563.72 ], [ 283936.66, 4160563.79 ], [ 283936.58, 4160563.84 ], [ 283936.5, 4160563.89 ], [ 283936.41, 4160563.93 ], [ 283936.32, 4160563.96 ], [ 283936.22, 4160563.98 ], [ 283936.12, 4160564.0 ], [ 283936.02, 4160564.0 ], [ 283935.93, 4160563.99 ], [ 283934.73, 4160563.85 ], [ 283934.73, 4160563.86 ], [ 283934.72, 4160563.96 ], [ 283934.69, 4160564.05 ], [ 283934.66, 4160564.14 ], [ 283934.61, 4160564.23 ], [ 283934.56, 4160564.31 ], [ 283934.5, 4160564.39 ], [ 283934.43, 4160564.46 ], [ 283934.36, 4160564.52 ], [ 283934.28, 4160564.58 ], [ 283934.19, 4160564.63 ], [ 283934.1, 4160564.67 ], [ 283934.01, 4160564.7 ], [ 283933.92, 4160564.72 ], [ 283933.82, 4160564.73 ], [ 283933.72, 4160564.74 ], [ 283933.62, 4160564.73 ], [ 283933.13, 4160564.67 ], [ 283933.13, 4160568.27 ], [ 283933.29, 4160568.29 ], [ 283933.38, 4160568.3 ], [ 283933.48, 4160568.33 ], [ 283933.57, 4160568.36 ], [ 283933.66, 4160568.41 ], [ 283933.74, 4160568.46 ], [ 283933.82, 4160568.52 ], [ 283933.89, 4160568.58 ], [ 283933.96, 4160568.66 ], [ 283934.02, 4160568.74 ], [ 283934.07, 4160568.82 ], [ 283934.11, 4160568.91 ], [ 283934.14, 4160569.0 ], [ 283934.16, 4160569.1 ], [ 283934.17, 4160569.17 ], [ 283935.67, 4160569.34 ], [ 283935.77, 4160569.35 ], [ 283935.87, 4160569.38 ], [ 283935.96, 4160569.41 ], [ 283936.05, 4160569.45 ], [ 283936.13, 4160569.5 ], [ 283936.21, 4160569.56 ], [ 283936.28, 4160569.63 ], [ 283936.35, 4160569.7 ], [ 283936.4, 4160569.78 ], [ 283936.45, 4160569.87 ], [ 283936.49, 4160569.96 ], [ 283936.53, 4160570.05 ], [ 283936.55, 4160570.15 ], [ 283936.56, 4160570.24 ], [ 283936.57, 4160570.34 ], [ 283936.56, 4160570.44 ], [ 283935.71, 4160578.16 ], [ 283935.69, 4160578.25 ], [ 283935.67, 4160578.35 ], [ 283935.63, 4160578.44 ], [ 283935.59, 4160578.53 ], [ 283935.54, 4160578.61 ], [ 283935.48, 4160578.69 ], [ 283935.41, 4160578.76 ], [ 283935.34, 4160578.83 ], [ 283935.26, 4160578.89 ], [ 283935.18, 4160578.94 ], [ 283935.09, 4160578.98 ], [ 283934.99, 4160579.01 ], [ 283934.9, 4160579.03 ], [ 283934.8, 4160579.04 ], [ 283934.7, 4160579.05 ], [ 283934.61, 4160579.04 ], [ 283933.38, 4160578.91 ], [ 283933.34, 4160578.99 ], [ 283933.28, 4160579.06 ], [ 283933.21, 4160579.14 ], [ 283933.14, 4160579.2 ], [ 283933.13, 4160579.2 ], [ 283933.13, 4160586.57 ], [ 283933.45, 4160586.61 ], [ 283933.55, 4160586.63 ], [ 283933.64, 4160586.65 ], [ 283933.73, 4160586.69 ], [ 283933.82, 4160586.73 ], [ 283933.9, 4160586.78 ], [ 283933.98, 4160586.84 ], [ 283934.05, 4160586.91 ], [ 283934.12, 4160586.99 ], [ 283934.17, 4160587.07 ], [ 283934.22, 4160587.15 ], [ 283934.26, 4160587.24 ], [ 283934.29, 4160587.34 ], [ 283934.31, 4160587.43 ], [ 283934.33, 4160587.53 ], [ 283934.33, 4160587.63 ], [ 283934.32, 4160587.73 ], [ 283933.72, 4160592.49 ], [ 283933.7, 4160592.59 ], [ 283933.68, 4160592.69 ], [ 283933.64, 4160592.78 ], [ 283933.6, 4160592.86 ], [ 283933.54, 4160592.95 ], [ 283933.48, 4160593.02 ], [ 283933.41, 4160593.1 ], [ 283933.34, 4160593.16 ], [ 283933.26, 4160593.22 ], [ 283933.17, 4160593.26 ], [ 283933.13, 4160593.28 ], [ 283933.13, 4160598.92 ], [ 283933.15, 4160598.96 ], [ 283933.17, 4160599.05 ], [ 283933.19, 4160599.15 ], [ 283933.19, 4160599.25 ], [ 283933.19, 4160599.35 ], [ 283933.17, 4160599.52 ], [ 283935.18, 4160602.31 ], [ 283940.31, 4160604.02 ], [ 283943.13, 4160578.29 ], [ 283942.55, 4160576.41 ], [ 283942.52, 4160575.69 ], [ 283944.49, 4160565.84 ], [ 283950.0, 4160515.46 ], [ 283951.67, 4160500.0 ], [ 283945.01, 4160500.0 ], [ 283944.14, 4160507.83 ], [ 283944.12, 4160507.92 ] ] ], [ [ [ 283869.91, 4160597.37 ], [ 283869.99, 4160597.43 ], [ 283870.06, 4160597.5 ], [ 283870.12, 4160597.57 ], [ 283870.18, 4160597.65 ], [ 283870.23, 4160597.73 ], [ 283870.26, 4160597.82 ], [ 283870.3, 4160597.91 ], [ 283870.32, 4160598.0 ], [ 283870.33, 4160598.1 ], [ 283870.33, 4160598.19 ], [ 283870.33, 4160598.29 ], [ 283869.73, 4160603.94 ], [ 283869.72, 4160604.03 ], [ 283869.69, 4160604.13 ], [ 283869.66, 4160604.22 ], [ 283869.62, 4160604.31 ], [ 283869.57, 4160604.39 ], [ 283869.51, 4160604.47 ], [ 283869.44, 4160604.54 ], [ 283869.37, 4160604.61 ], [ 283869.29, 4160604.67 ], [ 283869.2, 4160604.72 ], [ 283869.11, 4160604.76 ], [ 283869.02, 4160604.79 ], [ 283868.93, 4160604.81 ], [ 283868.83, 4160604.83 ], [ 283868.73, 4160604.83 ], [ 283868.63, 4160604.82 ], [ 283867.87, 4160604.74 ], [ 283867.7, 4160606.34 ], [ 283868.28, 4160606.39 ], [ 283868.38, 4160606.41 ], [ 283868.47, 4160606.43 ], [ 283868.57, 4160606.46 ], [ 283868.66, 4160606.5 ], [ 283868.74, 4160606.55 ], [ 283868.82, 4160606.61 ], [ 283868.89, 4160606.68 ], [ 283868.96, 4160606.75 ], [ 283869.02, 4160606.83 ], [ 283869.07, 4160606.91 ], [ 283869.11, 4160607.0 ], [ 283869.14, 4160607.1 ], [ 283869.17, 4160607.19 ], [ 283869.18, 4160607.29 ], [ 283869.19, 4160607.39 ], [ 283869.18, 4160607.48 ], [ 283868.62, 4160613.33 ], [ 283868.6, 4160613.42 ], [ 283868.58, 4160613.52 ], [ 283868.55, 4160613.61 ], [ 283868.51, 4160613.7 ], [ 283868.46, 4160613.79 ], [ 283868.4, 4160613.86 ], [ 283868.33, 4160613.94 ], [ 283868.26, 4160614.0 ], [ 283868.18, 4160614.06 ], [ 283868.1, 4160614.11 ], [ 283868.01, 4160614.15 ], [ 283867.92, 4160614.19 ], [ 283867.82, 4160614.21 ], [ 283867.72, 4160614.23 ], [ 283867.63, 4160614.23 ], [ 283867.53, 4160614.23 ], [ 283867.13, 4160614.19 ], [ 283867.13, 4160616.04 ], [ 283867.92, 4160616.13 ], [ 283868.01, 4160616.15 ], [ 283868.11, 4160616.17 ], [ 283868.2, 4160616.21 ], [ 283868.29, 4160616.25 ], [ 283868.37, 4160616.3 ], [ 283868.45, 4160616.36 ], [ 283868.52, 4160616.43 ], [ 283868.59, 4160616.5 ], [ 283868.64, 4160616.58 ], [ 283868.69, 4160616.67 ], [ 283868.73, 4160616.76 ], [ 283868.76, 4160616.85 ], [ 283868.79, 4160616.94 ], [ 283868.8, 4160617.04 ], [ 283868.8, 4160617.14 ], [ 283868.8, 4160617.24 ], [ 283868.79, 4160617.26 ], [ 283869.53, 4160617.34 ], [ 283869.63, 4160617.36 ], [ 283869.72, 4160617.39 ], [ 283869.82, 4160617.42 ], [ 283869.9, 4160617.46 ], [ 283869.99, 4160617.52 ], [ 283870.06, 4160617.57 ], [ 283870.14, 4160617.64 ], [ 283870.2, 4160617.72 ], [ 283870.26, 4160617.8 ], [ 283870.31, 4160617.88 ], [ 283870.35, 4160617.97 ], [ 283870.38, 4160618.06 ], [ 283870.4, 4160618.16 ], [ 283870.41, 4160618.25 ], [ 283870.42, 4160618.35 ], [ 283870.41, 4160618.45 ], [ 283869.86, 4160623.26 ], [ 283869.85, 4160623.36 ], [ 283869.82, 4160623.45 ], [ 283869.79, 4160623.54 ], [ 283869.75, 4160623.63 ], [ 283869.69, 4160623.72 ], [ 283869.64, 4160623.79 ], [ 283869.57, 4160623.87 ], [ 283869.5, 4160623.93 ], [ 283869.42, 4160623.99 ], [ 283869.33, 4160624.04 ], [ 283869.24, 4160624.08 ], [ 283869.15, 4160624.11 ], [ 283869.05, 4160624.13 ], [ 283868.96, 4160624.15 ], [ 283868.86, 4160624.15 ], [ 283868.76, 4160624.14 ], [ 283868.04, 4160624.06 ], [ 283867.8, 4160626.19 ], [ 283867.79, 4160626.29 ], [ 283867.76, 4160626.38 ], [ 283867.73, 4160626.47 ], [ 283867.68, 4160626.56 ], [ 283867.63, 4160626.65 ], [ 283867.58, 4160626.71 ], [ 283867.7, 4160626.86 ], [ 283868.39, 4160626.93 ], [ 283868.49, 4160626.95 ], [ 283868.59, 4160626.97 ], [ 283868.68, 4160627.01 ], [ 283868.77, 4160627.05 ], [ 283868.85, 4160627.1 ], [ 283868.93, 4160627.16 ], [ 283869.01, 4160627.23 ], [ 283869.07, 4160627.31 ], [ 283869.13, 4160627.39 ], [ 283869.18, 4160627.47 ], [ 283869.22, 4160627.56 ], [ 283869.24, 4160627.63 ], [ 283869.96, 4160627.7 ], [ 283870.05, 4160627.72 ], [ 283870.15, 4160627.74 ], [ 283870.24, 4160627.78 ], [ 283870.33, 4160627.82 ], [ 283870.41, 4160627.87 ], [ 283870.49, 4160627.93 ], [ 283870.56, 4160628.0 ], [ 283870.63, 4160628.07 ], [ 283870.69, 4160628.15 ], [ 283870.73, 4160628.24 ], [ 283870.78, 4160628.33 ], [ 283870.81, 4160628.42 ], [ 283870.83, 4160628.52 ], [ 283870.84, 4160628.61 ], [ 283870.85, 4160628.71 ], [ 283870.84, 4160628.81 ], [ 283870.78, 4160629.36 ], [ 283879.09, 4160631.02 ], [ 283881.2, 4160629.57 ], [ 283881.34, 4160628.46 ], [ 283881.36, 4160628.37 ], [ 283881.39, 4160628.27 ], [ 283881.42, 4160628.18 ], [ 283881.47, 4160628.09 ], [ 283881.52, 4160628.01 ], [ 283881.58, 4160627.93 ], [ 283881.65, 4160627.86 ], [ 283881.73, 4160627.8 ], [ 283881.81, 4160627.75 ], [ 283881.89, 4160627.7 ], [ 283881.98, 4160627.66 ], [ 283882.08, 4160627.63 ], [ 283882.17, 4160627.61 ], [ 283882.27, 4160627.6 ], [ 283882.37, 4160627.6 ], [ 283882.47, 4160627.6 ], [ 283882.79, 4160627.65 ], [ 283882.84, 4160627.38 ], [ 283882.83, 4160627.38 ], [ 283882.74, 4160627.34 ], [ 283882.66, 4160627.29 ], [ 283882.58, 4160627.24 ], [ 283882.5, 4160627.17 ], [ 283882.44, 4160627.1 ], [ 283882.38, 4160627.02 ], [ 283882.32, 4160626.94 ], [ 283882.28, 4160626.85 ], [ 283882.25, 4160626.76 ], [ 283882.22, 4160626.66 ], [ 283882.2, 4160626.57 ], [ 283882.2, 4160626.47 ], [ 283882.2, 4160626.37 ], [ 283882.47, 4160622.99 ], [ 283882.49, 4160622.89 ], [ 283882.51, 4160622.79 ], [ 283882.54, 4160622.7 ], [ 283882.58, 4160622.61 ], [ 283882.63, 4160622.53 ], [ 283882.69, 4160622.45 ], [ 283882.75, 4160622.37 ], [ 283882.82, 4160622.31 ], [ 283882.9, 4160622.25 ], [ 283882.98, 4160622.19 ], [ 283883.07, 4160622.15 ], [ 283883.16, 4160622.12 ], [ 283883.26, 4160622.09 ], [ 283883.36, 4160622.08 ], [ 283883.45, 4160622.07 ], [ 283883.55, 4160622.07 ], [ 283883.72, 4160622.09 ], [ 283884.63, 4160616.66 ], [ 283885.12, 4160615.79 ], [ 283887.27, 4160613.97 ], [ 283888.21, 4160613.63 ], [ 283890.21, 4160613.63 ], [ 283890.37, 4160613.69 ], [ 283890.85, 4160609.4 ], [ 283890.77, 4160609.46 ], [ 283890.69, 4160609.52 ], [ 283890.6, 4160609.56 ], [ 283890.51, 4160609.6 ], [ 283890.42, 4160609.63 ], [ 283890.32, 4160609.65 ], [ 283890.22, 4160609.66 ], [ 283890.13, 4160609.66 ], [ 283890.03, 4160609.65 ], [ 283884.14, 4160608.77 ], [ 283884.04, 4160608.75 ], [ 283883.95, 4160608.72 ], [ 283883.86, 4160608.68 ], [ 283883.77, 4160608.64 ], [ 283883.69, 4160608.58 ], [ 283883.61, 4160608.52 ], [ 283883.54, 4160608.45 ], [ 283883.48, 4160608.37 ], [ 283883.43, 4160608.29 ], [ 283883.38, 4160608.2 ], [ 283883.34, 4160608.11 ], [ 283883.31, 4160608.02 ], [ 283883.29, 4160607.92 ], [ 283883.29, 4160607.83 ], [ 283883.29, 4160607.73 ], [ 283883.29, 4160607.63 ], [ 283883.85, 4160603.92 ], [ 283883.87, 4160603.82 ], [ 283883.9, 4160603.73 ], [ 283883.94, 4160603.64 ], [ 283883.98, 4160603.55 ], [ 283884.04, 4160603.47 ], [ 283884.1, 4160603.39 ], [ 283884.17, 4160603.32 ], [ 283884.25, 4160603.26 ], [ 283884.33, 4160603.21 ], [ 283884.41, 4160603.16 ], [ 283884.51, 4160603.12 ], [ 283884.6, 4160603.1 ], [ 283884.7, 4160603.08 ], [ 283884.79, 4160603.07 ], [ 283884.89, 4160603.07 ], [ 283884.99, 4160603.08 ], [ 283890.39, 4160603.88 ], [ 283888.55, 4160602.05 ], [ 283888.13, 4160601.03 ], [ 283888.13, 4160599.45 ], [ 283885.5, 4160599.25 ], [ 283885.4, 4160599.24 ], [ 283885.3, 4160599.21 ], [ 283885.21, 4160599.18 ], [ 283885.12, 4160599.14 ], [ 283885.04, 4160599.09 ], [ 283884.96, 4160599.04 ], [ 283884.88, 4160598.97 ], [ 283884.81, 4160598.9 ], [ 283884.75, 4160598.82 ], [ 283884.7, 4160598.74 ], [ 283884.66, 4160598.65 ], [ 283884.62, 4160598.56 ], [ 283884.6, 4160598.47 ], [ 283884.58, 4160598.37 ], [ 283884.57, 4160598.27 ], [ 283884.58, 4160598.17 ], [ 283884.87, 4160594.3 ], [ 283884.89, 4160594.2 ], [ 283884.91, 4160594.11 ], [ 283884.94, 4160594.02 ], [ 283884.98, 4160593.93 ], [ 283885.03, 4160593.84 ], [ 283885.08, 4160593.76 ], [ 283885.15, 4160593.69 ], [ 283885.22, 4160593.62 ], [ 283885.3, 4160593.56 ], [ 283885.38, 4160593.51 ], [ 283885.47, 4160593.46 ], [ 283885.56, 4160593.43 ], [ 283885.65, 4160593.4 ], [ 283885.75, 4160593.39 ], [ 283885.85, 4160593.38 ], [ 283885.95, 4160593.38 ], [ 283888.13, 4160593.55 ], [ 283888.13, 4160584.37 ], [ 283887.34, 4160584.29 ], [ 283887.24, 4160584.28 ], [ 283887.15, 4160584.26 ], [ 283887.05, 4160584.22 ], [ 283886.97, 4160584.18 ], [ 283886.88, 4160584.13 ], [ 283886.8, 4160584.07 ], [ 283886.73, 4160584.01 ], [ 283886.66, 4160583.93 ], [ 283886.61, 4160583.86 ], [ 283886.56, 4160583.77 ], [ 283886.51, 4160583.68 ], [ 283886.48, 4160583.59 ], [ 283886.46, 4160583.5 ], [ 283886.44, 4160583.4 ], [ 283886.44, 4160583.3 ], [ 283886.44, 4160583.2 ], [ 283887.1, 4160576.49 ], [ 283887.11, 4160576.39 ], [ 283887.14, 4160576.3 ], [ 283887.17, 4160576.2 ], [ 283887.21, 4160576.12 ], [ 283887.26, 4160576.03 ], [ 283887.32, 4160575.95 ], [ 283887.39, 4160575.88 ], [ 283887.46, 4160575.81 ], [ 283887.54, 4160575.76 ], [ 283887.62, 4160575.7 ], [ 283887.71, 4160575.66 ], [ 283887.8, 4160575.63 ], [ 283887.9, 4160575.61 ], [ 283888.0, 4160575.59 ], [ 283888.09, 4160575.59 ], [ 283888.13, 4160575.59 ], [ 283888.13, 4160569.75 ], [ 283888.2, 4160569.32 ], [ 283888.57, 4160568.08 ], [ 283888.76, 4160567.69 ], [ 283893.72, 4160560.24 ], [ 283893.78, 4160560.13 ], [ 283894.32, 4160559.87 ], [ 283894.52, 4160558.89 ], [ 283894.65, 4160559.04 ], [ 283896.37, 4160557.56 ], [ 283896.64, 4160557.57 ], [ 283897.64, 4160548.59 ], [ 283896.73, 4160548.16 ], [ 283895.72, 4160546.38 ], [ 283895.54, 4160545.52 ], [ 283896.85, 4160532.42 ], [ 283894.36, 4160529.16 ], [ 283882.62, 4160527.21 ], [ 283879.13, 4160530.17 ], [ 283879.13, 4160532.95 ], [ 283879.14, 4160532.95 ], [ 283879.22, 4160533.02 ], [ 283879.28, 4160533.09 ], [ 283879.34, 4160533.17 ], [ 283879.39, 4160533.26 ], [ 283879.43, 4160533.34 ], [ 283879.47, 4160533.44 ], [ 283879.49, 4160533.53 ], [ 283879.5, 4160533.63 ], [ 283879.51, 4160533.73 ], [ 283879.5, 4160533.82 ], [ 283879.26, 4160536.37 ], [ 283879.25, 4160536.47 ], [ 283879.22, 4160536.56 ], [ 283879.19, 4160536.66 ], [ 283879.15, 4160536.75 ], [ 283879.13, 4160536.78 ], [ 283879.13, 4160568.03 ], [ 283878.71, 4160569.05 ], [ 283876.55, 4160571.2 ], [ 283874.98, 4160571.85 ], [ 283873.13, 4160574.63 ], [ 283873.13, 4160590.35 ], [ 283872.91, 4160591.13 ], [ 283872.28, 4160592.15 ], [ 283872.04, 4160594.14 ], [ 283872.02, 4160594.24 ], [ 283872.0, 4160594.33 ], [ 283871.96, 4160594.42 ], [ 283871.92, 4160594.51 ], [ 283871.87, 4160594.59 ], [ 283871.81, 4160594.67 ], [ 283871.74, 4160594.74 ], [ 283871.66, 4160594.81 ], [ 283871.58, 4160594.86 ], [ 283871.5, 4160594.91 ], [ 283871.41, 4160594.95 ], [ 283871.32, 4160594.98 ], [ 283871.22, 4160595.01 ], [ 283871.12, 4160595.02 ], [ 283871.03, 4160595.02 ], [ 283870.93, 4160595.01 ], [ 283868.85, 4160594.77 ], [ 283868.79, 4160594.8 ], [ 283867.48, 4160596.92 ], [ 283869.47, 4160597.19 ], [ 283869.57, 4160597.21 ], [ 283869.66, 4160597.24 ], [ 283869.75, 4160597.27 ], [ 283869.83, 4160597.32 ], [ 283869.91, 4160597.37 ] ] ], [ [ [ 283955.5, 4160612.94 ], [ 283955.37, 4160613.11 ], [ 283951.13, 4160653.55 ], [ 283951.13, 4160653.77 ], [ 283952.79, 4160656.45 ], [ 283952.99, 4160656.55 ], [ 283957.75, 4160611.82 ], [ 283955.5, 4160612.94 ] ] ], [ [ [ 283928.18, 4160644.3 ], [ 283928.16, 4160644.4 ], [ 283928.13, 4160644.49 ], [ 283928.1, 4160644.58 ], [ 283928.06, 4160644.67 ], [ 283928.0, 4160644.75 ], [ 283927.94, 4160644.83 ], [ 283927.88, 4160644.9 ], [ 283927.8, 4160644.97 ], [ 283927.72, 4160645.02 ], [ 283927.64, 4160645.07 ], [ 283927.55, 4160645.11 ], [ 283927.46, 4160645.15 ], [ 283927.36, 4160645.17 ], [ 283927.26, 4160645.18 ], [ 283927.16, 4160645.18 ], [ 283927.13, 4160645.18 ], [ 283927.13, 4160647.36 ], [ 283927.54, 4160647.4 ], [ 283927.64, 4160647.42 ], [ 283927.74, 4160647.44 ], [ 283927.83, 4160647.48 ], [ 283927.92, 4160647.52 ], [ 283928.0, 4160647.57 ], [ 283928.08, 4160647.63 ], [ 283928.15, 4160647.7 ], [ 283928.21, 4160647.77 ], [ 283928.27, 4160647.85 ], [ 283928.32, 4160647.94 ], [ 283928.36, 4160648.02 ], [ 283928.39, 4160648.12 ], [ 283928.42, 4160648.21 ], [ 283928.43, 4160648.31 ], [ 283928.43, 4160648.41 ], [ 283928.43, 4160648.51 ], [ 283927.75, 4160654.62 ], [ 283931.25, 4160656.98 ], [ 283934.66, 4160655.61 ], [ 283937.1, 4160633.38 ], [ 283929.76, 4160634.3 ], [ 283929.17, 4160634.96 ], [ 283929.19, 4160635.0 ], [ 283929.21, 4160635.1 ], [ 283929.22, 4160635.19 ], [ 283929.22, 4160635.29 ], [ 283929.22, 4160635.39 ], [ 283928.18, 4160644.3 ] ] ], [ [ [ 283975.41, 4160535.91 ], [ 283975.46, 4160535.82 ], [ 283975.51, 4160535.74 ], [ 283975.58, 4160535.67 ], [ 283975.65, 4160535.61 ], [ 283975.73, 4160535.55 ], [ 283975.82, 4160535.5 ], [ 283975.9, 4160535.45 ], [ 283975.93, 4160535.45 ], [ 283976.29, 4160534.0 ], [ 283976.25, 4160533.96 ], [ 283976.19, 4160533.89 ], [ 283976.13, 4160533.81 ], [ 283976.08, 4160533.72 ], [ 283976.04, 4160533.63 ], [ 283976.01, 4160533.54 ], [ 283975.98, 4160533.44 ], [ 283975.97, 4160533.35 ], [ 283975.97, 4160533.25 ], [ 283975.97, 4160533.15 ], [ 283976.88, 4160525.07 ], [ 283976.89, 4160524.97 ], [ 283976.92, 4160524.87 ], [ 283976.95, 4160524.78 ], [ 283976.99, 4160524.69 ], [ 283977.05, 4160524.61 ], [ 283977.11, 4160524.53 ], [ 283977.17, 4160524.46 ], [ 283977.25, 4160524.4 ], [ 283977.33, 4160524.34 ], [ 283977.41, 4160524.29 ], [ 283977.5, 4160524.25 ], [ 283977.59, 4160524.22 ], [ 283977.69, 4160524.19 ], [ 283977.78, 4160524.18 ], [ 283977.88, 4160524.18 ], [ 283977.98, 4160524.18 ], [ 283978.13, 4160524.2 ], [ 283978.13, 4160523.63 ], [ 283975.13, 4160520.63 ], [ 283971.07, 4160520.63 ], [ 283967.88, 4160550.63 ], [ 283969.79, 4160550.63 ], [ 283972.7, 4160548.35 ], [ 283975.01, 4160539.11 ], [ 283975.29, 4160536.28 ], [ 283975.31, 4160536.18 ], [ 283975.33, 4160536.09 ], [ 283975.36, 4160535.99 ], [ 283975.41, 4160535.91 ] ] ], [ [ [ 283979.36, 4160500.0 ], [ 283973.41, 4160500.0 ], [ 283972.79, 4160505.29 ], [ 283973.08, 4160505.45 ], [ 283973.23, 4160505.96 ], [ 283974.4, 4160505.63 ], [ 283975.38, 4160505.63 ], [ 283978.1, 4160503.89 ], [ 283978.64, 4160502.74 ], [ 283979.1, 4160502.35 ], [ 283979.36, 4160500.0 ] ] ], [ [ [ 283995.73, 4160500.8 ], [ 283995.83, 4160500.82 ], [ 283995.92, 4160500.86 ], [ 283996.01, 4160500.9 ], [ 283996.09, 4160500.95 ], [ 283996.17, 4160501.01 ], [ 283996.24, 4160501.08 ], [ 283996.3, 4160501.15 ], [ 283996.36, 4160501.23 ], [ 283996.41, 4160501.32 ], [ 283996.45, 4160501.41 ], [ 283996.48, 4160501.5 ], [ 283996.51, 4160501.59 ], [ 283996.52, 4160501.69 ], [ 283996.52, 4160501.79 ], [ 283996.52, 4160501.89 ], [ 283995.63, 4160509.76 ], [ 283995.62, 4160509.86 ], [ 283995.59, 4160509.95 ], [ 283995.56, 4160510.04 ], [ 283995.52, 4160510.13 ], [ 283995.46, 4160510.22 ], [ 283995.4, 4160510.29 ], [ 283995.34, 4160510.37 ], [ 283995.26, 4160510.43 ], [ 283995.18, 4160510.49 ], [ 283995.1, 4160510.54 ], [ 283995.07, 4160510.55 ], [ 283994.87, 4160512.11 ], [ 283994.94, 4160512.12 ], [ 283995.04, 4160512.15 ], [ 283995.13, 4160512.18 ], [ 283995.22, 4160512.22 ], [ 283995.3, 4160512.27 ], [ 283995.38, 4160512.33 ], [ 283995.45, 4160512.4 ], [ 283995.52, 4160512.47 ], [ 283995.57, 4160512.55 ], [ 283995.62, 4160512.63 ], [ 283995.67, 4160512.72 ], [ 283995.7, 4160512.82 ], [ 283995.72, 4160512.91 ], [ 283995.73, 4160513.01 ], [ 283995.74, 4160513.11 ], [ 283995.73, 4160513.2 ], [ 283994.69, 4160523.1 ], [ 283994.68, 4160523.2 ], [ 283994.65, 4160523.3 ], [ 283994.62, 4160523.39 ], [ 283994.58, 4160523.48 ], [ 283994.52, 4160523.56 ], [ 283994.47, 4160523.64 ], [ 283994.4, 4160523.71 ], [ 283994.33, 4160523.78 ], [ 283994.25, 4160523.83 ], [ 283994.16, 4160523.88 ], [ 283994.07, 4160523.93 ], [ 283993.98, 4160523.96 ], [ 283993.89, 4160523.98 ], [ 283993.79, 4160524.0 ], [ 283993.69, 4160524.0 ], [ 283993.59, 4160523.99 ], [ 283993.29, 4160523.96 ], [ 283992.76, 4160527.92 ], [ 283992.77, 4160527.96 ], [ 283992.79, 4160528.05 ], [ 283992.81, 4160528.15 ], [ 283992.81, 4160528.25 ], [ 283992.8, 4160528.35 ], [ 283992.07, 4160534.88 ], [ 283992.06, 4160534.98 ], [ 283992.03, 4160535.07 ], [ 283992.0, 4160535.17 ], [ 283991.95, 4160535.25 ], [ 283991.9, 4160535.34 ], [ 283991.84, 4160535.42 ], [ 283991.78, 4160535.49 ], [ 283991.75, 4160535.51 ], [ 283991.49, 4160537.46 ], [ 283991.56, 4160537.49 ], [ 283991.64, 4160537.53 ], [ 283991.73, 4160537.58 ], [ 283991.81, 4160537.64 ], [ 283991.88, 4160537.7 ], [ 283991.95, 4160537.78 ], [ 283992.0, 4160537.86 ], [ 283992.06, 4160537.94 ], [ 283992.1, 4160538.03 ], [ 283992.13, 4160538.12 ], [ 283992.15, 4160538.22 ], [ 283992.17, 4160538.31 ], [ 283992.17, 4160538.41 ], [ 283992.17, 4160538.51 ], [ 283991.5, 4160545.19 ], [ 283991.49, 4160545.29 ], [ 283991.46, 4160545.38 ], [ 283991.43, 4160545.48 ], [ 283991.39, 4160545.56 ], [ 283991.34, 4160545.65 ], [ 283991.28, 4160545.73 ], [ 283991.21, 4160545.8 ], [ 283991.14, 4160545.87 ], [ 283991.06, 4160545.92 ], [ 283990.98, 4160545.97 ], [ 283990.89, 4160546.02 ], [ 283990.79, 4160546.05 ], [ 283990.7, 4160546.07 ], [ 283990.6, 4160546.09 ], [ 283990.5, 4160546.09 ], [ 283990.4, 4160546.09 ], [ 283990.34, 4160546.08 ], [ 283990.33, 4160546.16 ], [ 283991.18, 4160548.67 ], [ 283994.85, 4160552.35 ], [ 283995.2, 4160552.91 ], [ 283995.84, 4160554.76 ], [ 283995.91, 4160555.42 ], [ 283993.29, 4160576.36 ], [ 283993.15, 4160576.83 ], [ 283992.51, 4160578.13 ], [ 283992.23, 4160578.53 ], [ 283985.27, 4160585.49 ], [ 283984.61, 4160587.65 ], [ 283986.7, 4160587.87 ], [ 283986.8, 4160587.89 ], [ 283986.89, 4160587.91 ], [ 283986.98, 4160587.95 ], [ 283987.07, 4160587.99 ], [ 283987.16, 4160588.04 ], [ 283987.23, 4160588.1 ], [ 283987.31, 4160588.17 ], [ 283987.37, 4160588.24 ], [ 283987.43, 4160588.32 ], [ 283987.48, 4160588.41 ], [ 283987.52, 4160588.49 ], [ 283987.55, 4160588.59 ], [ 283987.57, 4160588.68 ], [ 283987.59, 4160588.78 ], [ 283987.59, 4160588.88 ], [ 283987.58, 4160588.98 ], [ 283986.63, 4160597.76 ], [ 283986.61, 4160597.86 ], [ 283986.59, 4160597.95 ], [ 283986.56, 4160598.05 ], [ 283986.51, 4160598.13 ], [ 283986.46, 4160598.22 ], [ 283986.4, 4160598.3 ], [ 283986.33, 4160598.37 ], [ 283986.26, 4160598.43 ], [ 283986.18, 4160598.49 ], [ 283986.1, 4160598.54 ], [ 283986.01, 4160598.58 ], [ 283985.95, 4160598.6 ], [ 283983.47, 4160601.63 ], [ 283983.72, 4160601.83 ], [ 283983.23, 4160603.46 ], [ 283983.43, 4160603.48 ], [ 283983.53, 4160603.5 ], [ 283983.62, 4160603.52 ], [ 283983.71, 4160603.56 ], [ 283983.8, 4160603.6 ], [ 283983.89, 4160603.65 ], [ 283983.97, 4160603.71 ], [ 283984.04, 4160603.78 ], [ 283984.1, 4160603.85 ], [ 283984.16, 4160603.93 ], [ 283984.21, 4160604.02 ], [ 283984.25, 4160604.11 ], [ 283984.28, 4160604.2 ], [ 283984.3, 4160604.3 ], [ 283984.32, 4160604.4 ], [ 283984.32, 4160604.5 ], [ 283984.31, 4160604.6 ], [ 283983.15, 4160614.34 ], [ 283983.14, 4160614.44 ], [ 283983.11, 4160614.53 ], [ 283983.08, 4160614.62 ], [ 283983.03, 4160614.71 ], [ 283982.98, 4160614.79 ], [ 283982.93, 4160614.87 ], [ 283982.86, 4160614.94 ], [ 283982.79, 4160615.0 ], [ 283982.71, 4160615.06 ], [ 283982.63, 4160615.11 ], [ 283982.54, 4160615.15 ], [ 283982.51, 4160615.16 ], [ 283982.29, 4160616.56 ], [ 283981.13, 4160618.19 ], [ 283981.55, 4160618.49 ], [ 283981.08, 4160619.91 ], [ 283982.35, 4160620.11 ], [ 283982.45, 4160620.13 ], [ 283982.54, 4160620.16 ], [ 283982.63, 4160620.19 ], [ 283982.72, 4160620.24 ], [ 283982.8, 4160620.3 ], [ 283982.87, 4160620.36 ], [ 283982.94, 4160620.43 ], [ 283983.0, 4160620.51 ], [ 283983.06, 4160620.59 ], [ 283983.1, 4160620.67 ], [ 283983.14, 4160620.77 ], [ 283983.17, 4160620.86 ], [ 283983.19, 4160620.96 ], [ 283983.2, 4160621.05 ], [ 283983.2, 4160621.15 ], [ 283983.19, 4160621.25 ], [ 283981.86, 4160629.8 ], [ 283981.84, 4160629.9 ], [ 283981.81, 4160629.99 ], [ 283981.77, 4160630.08 ], [ 283981.73, 4160630.17 ], [ 283981.67, 4160630.25 ], [ 283981.61, 4160630.32 ], [ 283981.54, 4160630.39 ], [ 283981.46, 4160630.45 ], [ 283981.38, 4160630.51 ], [ 283981.3, 4160630.55 ], [ 283981.2, 4160630.59 ], [ 283981.11, 4160630.62 ], [ 283981.01, 4160630.64 ], [ 283980.92, 4160630.65 ], [ 283980.82, 4160630.65 ], [ 283980.72, 4160630.64 ], [ 283980.14, 4160630.55 ], [ 283980.02, 4160631.33 ], [ 283981.04, 4160631.45 ], [ 283981.13, 4160631.47 ], [ 283981.23, 4160631.49 ], [ 283981.32, 4160631.53 ], [ 283981.41, 4160631.57 ], [ 283981.49, 4160631.63 ], [ 283981.57, 4160631.69 ], [ 283981.64, 4160631.75 ], [ 283981.71, 4160631.83 ], [ 283981.76, 4160631.91 ], [ 283981.81, 4160631.99 ], [ 283981.85, 4160632.08 ], [ 283981.88, 4160632.17 ], [ 283981.9, 4160632.27 ], [ 283981.92, 4160632.37 ], [ 283981.92, 4160632.47 ], [ 283981.91, 4160632.56 ], [ 283980.91, 4160641.05 ], [ 283980.89, 4160641.15 ], [ 283980.86, 4160641.24 ], [ 283980.83, 4160641.33 ], [ 283980.78, 4160641.42 ], [ 283980.73, 4160641.51 ], [ 283980.67, 4160641.58 ], [ 283980.6, 4160641.65 ], [ 283980.53, 4160641.72 ], [ 283980.45, 4160641.78 ], [ 283980.37, 4160641.82 ], [ 283980.28, 4160641.86 ], [ 283980.18, 4160641.9 ], [ 283980.09, 4160641.92 ], [ 283979.99, 4160641.93 ], [ 283979.89, 4160641.93 ], [ 283979.79, 4160641.93 ], [ 283977.07, 4160641.6 ], [ 283975.9, 4160642.42 ], [ 283975.62, 4160645.61 ], [ 283977.21, 4160645.79 ], [ 283977.3, 4160645.8 ], [ 283977.4, 4160645.83 ], [ 283977.49, 4160645.86 ], [ 283977.58, 4160645.9 ], [ 283977.66, 4160645.96 ], [ 283977.74, 4160646.02 ], [ 283977.81, 4160646.08 ], [ 283977.88, 4160646.16 ], [ 283977.93, 4160646.24 ], [ 283977.98, 4160646.32 ], [ 283978.02, 4160646.41 ], [ 283978.06, 4160646.5 ], [ 283978.08, 4160646.6 ], [ 283978.09, 4160646.7 ], [ 283978.09, 4160646.79 ], [ 283978.09, 4160646.89 ], [ 283978.05, 4160647.25 ], [ 283978.66, 4160647.31 ], [ 283978.76, 4160647.33 ], [ 283978.85, 4160647.36 ], [ 283978.94, 4160647.39 ], [ 283979.03, 4160647.43 ], [ 283979.12, 4160647.48 ], [ 283979.19, 4160647.54 ], [ 283979.27, 4160647.61 ], [ 283979.33, 4160647.68 ], [ 283979.39, 4160647.76 ], [ 283979.44, 4160647.85 ], [ 283979.48, 4160647.94 ], [ 283979.51, 4160648.03 ], [ 283979.53, 4160648.13 ], [ 283979.54, 4160648.22 ], [ 283979.55, 4160648.32 ], [ 283979.54, 4160648.42 ], [ 283978.75, 4160655.51 ], [ 283978.73, 4160655.61 ], [ 283978.7, 4160655.71 ], [ 283978.67, 4160655.8 ], [ 283978.63, 4160655.89 ], [ 283978.58, 4160655.97 ], [ 283978.52, 4160656.05 ], [ 283978.45, 4160656.12 ], [ 283978.37, 4160656.19 ], [ 283978.29, 4160656.24 ], [ 283978.21, 4160656.29 ], [ 283978.12, 4160656.33 ], [ 283978.03, 4160656.36 ], [ 283977.93, 4160656.39 ], [ 283977.83, 4160656.4 ], [ 283977.73, 4160656.4 ], [ 283977.64, 4160656.4 ], [ 283977.39, 4160656.37 ], [ 283975.7, 4160658.06 ], [ 283976.03, 4160661.38 ], [ 283976.05, 4160661.4 ], [ 283976.12, 4160661.46 ], [ 283976.18, 4160661.54 ], [ 283976.24, 4160661.62 ], [ 283976.29, 4160661.7 ], [ 283976.33, 4160661.79 ], [ 283976.36, 4160661.89 ], [ 283976.38, 4160661.98 ], [ 283976.4, 4160662.08 ], [ 283976.4, 4160662.18 ], [ 283976.39, 4160662.27 ], [ 283976.33, 4160662.82 ], [ 283978.59, 4160665.08 ], [ 283979.01, 4160666.1 ], [ 283979.01, 4160668.26 ], [ 283980.86, 4160671.03 ], [ 283981.74, 4160671.39 ], [ 283982.22, 4160671.71 ], [ 283982.84, 4160672.34 ], [ 283984.38, 4160673.16 ], [ 283985.64, 4160673.41 ], [ 283986.52, 4160673.45 ], [ 283987.38, 4160673.37 ], [ 283987.61, 4160673.45 ], [ 283988.62, 4160673.63 ], [ 283992.29, 4160673.63 ], [ 283995.2, 4160669.9 ], [ 283995.0, 4160669.09 ], [ 283992.21, 4160668.8 ], [ 283992.11, 4160668.78 ], [ 283992.02, 4160668.76 ], [ 283991.93, 4160668.73 ], [ 283991.84, 4160668.68 ], [ 283991.75, 4160668.63 ], [ 283991.68, 4160668.57 ], [ 283991.6, 4160668.51 ], [ 283991.54, 4160668.44 ], [ 283991.48, 4160668.36 ], [ 283991.43, 4160668.27 ], [ 283991.39, 4160668.18 ], [ 283991.36, 4160668.09 ], [ 283991.33, 4160667.99 ], [ 283991.32, 4160667.9 ], [ 283991.31, 4160667.8 ], [ 283991.32, 4160667.7 ], [ 283991.98, 4160661.38 ], [ 283991.99, 4160661.28 ], [ 283992.02, 4160661.18 ], [ 283992.05, 4160661.09 ], [ 283992.09, 4160661.0 ], [ 283992.14, 4160660.92 ], [ 283992.2, 4160660.84 ], [ 283992.27, 4160660.77 ], [ 283992.34, 4160660.7 ], [ 283992.42, 4160660.65 ], [ 283992.51, 4160660.6 ], [ 283992.59, 4160660.55 ], [ 283992.69, 4160660.52 ], [ 283992.78, 4160660.5 ], [ 283992.88, 4160660.48 ], [ 283992.98, 4160660.48 ], [ 283993.08, 4160660.49 ], [ 283998.19, 4160661.02 ], [ 283998.8, 4160660.4 ], [ 284000.0, 4160649.58 ], [ 284000.0, 4160637.46 ], [ 283999.6, 4160640.9 ], [ 283999.58, 4160640.99 ], [ 283999.55, 4160641.09 ], [ 283999.52, 4160641.18 ], [ 283999.48, 4160641.27 ], [ 283999.42, 4160641.35 ], [ 283999.36, 4160641.43 ], [ 283999.3, 4160641.5 ], [ 283999.22, 4160641.56 ], [ 283999.14, 4160641.62 ], [ 283999.06, 4160641.67 ], [ 283998.97, 4160641.71 ], [ 283998.88, 4160641.74 ], [ 283998.78, 4160641.76 ], [ 283998.68, 4160641.78 ], [ 283998.59, 4160641.78 ], [ 283998.49, 4160641.77 ], [ 283992.56, 4160641.08 ], [ 283992.46, 4160641.07 ], [ 283992.36, 4160641.04 ], [ 283992.27, 4160641.01 ], [ 283992.18, 4160640.96 ], [ 283992.1, 4160640.91 ], [ 283992.02, 4160640.85 ], [ 283991.95, 4160640.78 ], [ 283991.89, 4160640.71 ], [ 283991.83, 4160640.63 ], [ 283991.78, 4160640.55 ], [ 283991.74, 4160640.46 ], [ 283991.71, 4160640.36 ], [ 283991.69, 4160640.27 ], [ 283991.67, 4160640.17 ], [ 283991.67, 4160640.07 ], [ 283991.68, 4160639.97 ], [ 283992.18, 4160635.65 ], [ 283992.2, 4160635.55 ], [ 283992.23, 4160635.46 ], [ 283992.26, 4160635.37 ], [ 283992.3, 4160635.28 ], [ 283992.36, 4160635.2 ], [ 283992.42, 4160635.12 ], [ 283992.48, 4160635.05 ], [ 283992.56, 4160634.98 ], [ 283992.64, 4160634.93 ], [ 283992.72, 4160634.88 ], [ 283992.81, 4160634.84 ], [ 283992.91, 4160634.81 ], [ 283993.0, 4160634.78 ], [ 283993.1, 4160634.77 ], [ 283993.2, 4160634.77 ], [ 283993.29, 4160634.78 ], [ 283999.23, 4160635.48 ], [ 283999.32, 4160635.49 ], [ 283999.42, 4160635.52 ], [ 283999.51, 4160635.55 ], [ 283999.6, 4160635.6 ], [ 283999.68, 4160635.65 ], [ 283999.76, 4160635.71 ], [ 283999.83, 4160635.78 ], [ 283999.89, 4160635.85 ], [ 283999.95, 4160635.93 ], [ 284000.0, 4160636.01 ], [ 284000.0, 4160631.29 ], [ 283997.0, 4160630.85 ], [ 283996.9, 4160630.83 ], [ 283996.81, 4160630.8 ], [ 283996.72, 4160630.76 ], [ 283996.63, 4160630.72 ], [ 283996.55, 4160630.66 ], [ 283996.47, 4160630.6 ], [ 283996.4, 4160630.53 ], [ 283996.34, 4160630.45 ], [ 283996.29, 4160630.37 ], [ 283996.24, 4160630.29 ], [ 283996.2, 4160630.19 ], [ 283996.17, 4160630.1 ], [ 283996.15, 4160630.0 ], [ 283996.14, 4160629.91 ], [ 283996.14, 4160629.81 ], [ 283996.15, 4160629.71 ], [ 283997.08, 4160623.46 ], [ 283997.1, 4160623.36 ], [ 283997.13, 4160623.27 ], [ 283997.16, 4160623.18 ], [ 283997.21, 4160623.09 ], [ 283997.26, 4160623.01 ], [ 283997.33, 4160622.93 ], [ 283997.39, 4160622.86 ], [ 283997.47, 4160622.8 ], [ 283997.55, 4160622.75 ], [ 283997.64, 4160622.7 ], [ 283997.73, 4160622.66 ], [ 283997.82, 4160622.63 ], [ 283997.92, 4160622.61 ], [ 283998.02, 4160622.6 ], [ 283998.11, 4160622.6 ], [ 283998.21, 4160622.61 ], [ 284000.0, 4160622.88 ], [ 284000.0, 4160580.41 ], [ 283997.41, 4160580.03 ], [ 283997.31, 4160580.01 ], [ 283997.22, 4160579.99 ], [ 283997.13, 4160579.95 ], [ 283997.04, 4160579.9 ], [ 283996.96, 4160579.85 ], [ 283996.88, 4160579.79 ], [ 283996.81, 4160579.72 ], [ 283996.75, 4160579.64 ], [ 283996.7, 4160579.56 ], [ 283996.65, 4160579.48 ], [ 283996.61, 4160579.39 ], [ 283996.58, 4160579.29 ], [ 283996.56, 4160579.2 ], [ 283996.55, 4160579.1 ], [ 283996.55, 4160579.0 ], [ 283996.56, 4160578.9 ], [ 283997.3, 4160573.7 ], [ 283997.32, 4160573.6 ], [ 283997.35, 4160573.51 ], [ 283997.38, 4160573.42 ], [ 283997.43, 4160573.33 ], [ 283997.48, 4160573.25 ], [ 283997.55, 4160573.17 ], [ 283997.62, 4160573.1 ], [ 283997.69, 4160573.04 ], [ 283997.77, 4160572.98 ], [ 283997.86, 4160572.94 ], [ 283997.95, 4160572.9 ], [ 283998.04, 4160572.87 ], [ 283998.14, 4160572.85 ], [ 283998.24, 4160572.84 ], [ 283998.34, 4160572.84 ], [ 283998.43, 4160572.85 ], [ 284000.0, 4160573.07 ], [ 284000.0, 4160512.65 ], [ 283997.66, 4160512.43 ], [ 283997.56, 4160512.42 ], [ 283997.47, 4160512.39 ], [ 283997.37, 4160512.36 ], [ 283997.29, 4160512.32 ], [ 283997.2, 4160512.27 ], [ 283997.12, 4160512.21 ], [ 283997.05, 4160512.14 ], [ 283996.98, 4160512.07 ], [ 283996.92, 4160511.99 ], [ 283996.87, 4160511.91 ], [ 283996.83, 4160511.82 ], [ 283996.8, 4160511.73 ], [ 283996.77, 4160511.63 ], [ 283996.76, 4160511.54 ], [ 283996.75, 4160511.44 ], [ 283996.76, 4160511.34 ], [ 283997.28, 4160505.73 ], [ 283997.3, 4160505.63 ], [ 283997.32, 4160505.54 ], [ 283997.35, 4160505.44 ], [ 283997.4, 4160505.36 ], [ 283997.45, 4160505.27 ], [ 283997.5, 4160505.19 ], [ 283997.57, 4160505.12 ], [ 283997.64, 4160505.05 ], [ 283997.72, 4160504.99 ], [ 283997.8, 4160504.94 ], [ 283997.89, 4160504.9 ], [ 283997.99, 4160504.87 ], [ 283998.08, 4160504.84 ], [ 283998.18, 4160504.83 ], [ 283998.28, 4160504.82 ], [ 283998.37, 4160504.83 ], [ 284000.0, 4160504.98 ], [ 284000.0, 4160501.54 ], [ 283998.81, 4160500.0 ], [ 283988.68, 4160500.0 ], [ 283995.63, 4160500.78 ], [ 283995.73, 4160500.8 ] ] ], [ [ [ 283967.68, 4160602.67 ], [ 283967.71, 4160602.58 ], [ 283967.74, 4160602.48 ], [ 283967.78, 4160602.4 ], [ 283967.84, 4160602.31 ], [ 283967.9, 4160602.24 ], [ 283967.96, 4160602.16 ], [ 283968.04, 4160602.1 ], [ 283968.11, 4160602.04 ], [ 283968.2, 4160601.99 ], [ 283968.29, 4160601.95 ], [ 283968.38, 4160601.92 ], [ 283968.47, 4160601.9 ], [ 283968.57, 4160601.89 ], [ 283968.67, 4160601.88 ], [ 283968.77, 4160601.89 ], [ 283972.27, 4160602.27 ], [ 283972.47, 4160599.36 ], [ 283971.71, 4160598.29 ], [ 283971.63, 4160597.13 ], [ 283969.61, 4160596.91 ], [ 283969.51, 4160596.89 ], [ 283969.41, 4160596.87 ], [ 283969.32, 4160596.83 ], [ 283969.23, 4160596.79 ], [ 283969.15, 4160596.74 ], [ 283969.07, 4160596.68 ], [ 283969.0, 4160596.61 ], [ 283968.93, 4160596.54 ], [ 283968.88, 4160596.46 ], [ 283968.83, 4160596.38 ], [ 283968.79, 4160596.29 ], [ 283968.75, 4160596.19 ], [ 283968.73, 4160596.1 ], [ 283968.72, 4160596.0 ], [ 283968.71, 4160595.9 ], [ 283968.72, 4160595.81 ], [ 283969.69, 4160587.02 ], [ 283969.7, 4160586.92 ], [ 283969.73, 4160586.83 ], [ 283969.76, 4160586.73 ], [ 283969.8, 4160586.65 ], [ 283969.85, 4160586.56 ], [ 283969.91, 4160586.48 ], [ 283969.98, 4160586.41 ], [ 283970.05, 4160586.35 ], [ 283970.13, 4160586.29 ], [ 283970.22, 4160586.24 ], [ 283970.31, 4160586.2 ], [ 283970.4, 4160586.17 ], [ 283970.49, 4160586.14 ], [ 283970.59, 4160586.13 ], [ 283970.69, 4160586.13 ], [ 283970.79, 4160586.13 ], [ 283970.9, 4160586.15 ], [ 283970.69, 4160583.04 ], [ 283968.52, 4160580.36 ], [ 283965.27, 4160581.49 ], [ 283965.25, 4160581.5 ], [ 283964.51, 4160582.24 ], [ 283963.11, 4160595.41 ], [ 283964.56, 4160598.24 ], [ 283964.61, 4160599.42 ], [ 283963.56, 4160602.06 ], [ 283964.69, 4160605.67 ], [ 283967.36, 4160605.4 ], [ 283967.67, 4160602.77 ], [ 283967.68, 4160602.67 ] ] ], [ [ [ 283963.13, 4160654.8 ], [ 283962.67, 4160654.74 ], [ 283962.57, 4160654.73 ], [ 283962.47, 4160654.7 ], [ 283962.38, 4160654.67 ], [ 283962.3, 4160654.62 ], [ 283962.21, 4160654.57 ], [ 283962.13, 4160654.51 ], [ 283962.06, 4160654.45 ], [ 283962.0, 4160654.37 ], [ 283961.94, 4160654.29 ], [ 283961.89, 4160654.21 ], [ 283961.85, 4160654.12 ], [ 283961.82, 4160654.03 ], [ 283961.8, 4160653.93 ], [ 283961.78, 4160653.83 ], [ 283961.78, 4160653.74 ], [ 283961.79, 4160653.64 ], [ 283962.63, 4160646.15 ], [ 283962.64, 4160646.06 ], [ 283962.67, 4160645.96 ], [ 283962.7, 4160645.87 ], [ 283962.74, 4160645.78 ], [ 283962.8, 4160645.7 ], [ 283962.86, 4160645.62 ], [ 283962.92, 4160645.55 ], [ 283963.0, 4160645.48 ], [ 283963.08, 4160645.43 ], [ 283963.16, 4160645.38 ], [ 283963.25, 4160645.34 ], [ 283963.34, 4160645.3 ], [ 283963.44, 4160645.28 ], [ 283963.54, 4160645.27 ], [ 283963.63, 4160645.27 ], [ 283963.73, 4160645.27 ], [ 283965.04, 4160645.42 ], [ 283965.05, 4160645.33 ], [ 283965.08, 4160645.24 ], [ 283965.11, 4160645.15 ], [ 283965.16, 4160645.06 ], [ 283965.21, 4160644.98 ], [ 283965.27, 4160644.9 ], [ 283965.34, 4160644.83 ], [ 283965.41, 4160644.76 ], [ 283965.49, 4160644.71 ], [ 283965.57, 4160644.66 ], [ 283965.66, 4160644.62 ], [ 283965.75, 4160644.59 ], [ 283965.85, 4160644.56 ], [ 283965.95, 4160644.55 ], [ 283966.04, 4160644.55 ], [ 283966.14, 4160644.55 ], [ 283966.52, 4160644.6 ], [ 283966.81, 4160641.51 ], [ 283965.58, 4160640.71 ], [ 283963.86, 4160638.29 ], [ 283963.61, 4160637.25 ], [ 283965.69, 4160622.74 ], [ 283966.17, 4160621.85 ], [ 283968.71, 4160619.65 ], [ 283968.71, 4160619.6 ], [ 283967.96, 4160618.74 ], [ 283968.18, 4160614.65 ], [ 283968.16, 4160614.64 ], [ 283967.57, 4160614.1 ], [ 283967.4, 4160613.82 ], [ 283967.31, 4160613.81 ], [ 283967.21, 4160613.79 ], [ 283967.12, 4160613.75 ], [ 283967.03, 4160613.71 ], [ 283966.95, 4160613.66 ], [ 283966.87, 4160613.6 ], [ 283966.79, 4160613.53 ], [ 283966.73, 4160613.46 ], [ 283966.67, 4160613.38 ], [ 283966.62, 4160613.29 ], [ 283966.58, 4160613.2 ], [ 283966.54, 4160613.11 ], [ 283966.52, 4160613.01 ], [ 283966.51, 4160612.91 ], [ 283966.5, 4160612.81 ], [ 283966.51, 4160612.71 ], [ 283966.54, 4160612.44 ], [ 283966.35, 4160612.13 ], [ 283966.13, 4160611.35 ], [ 283966.13, 4160611.01 ], [ 283963.96, 4160608.13 ], [ 283961.67, 4160609.0 ], [ 283956.42, 4160658.27 ], [ 283959.39, 4160659.75 ], [ 283962.77, 4160659.27 ], [ 283963.5, 4160655.92 ], [ 283963.13, 4160655.03 ], [ 283963.13, 4160654.8 ] ] ] ] } },
{ "type": "Feature", "properties": { "id": "richmond_structure:285882", "name": null, "kind": "deck", "sport": null, "surface": null, "pitch_layout": null, "source": "richmond_structures", "source_updated": "2026-09-08T12:07:13.637000Z", "base_z": null, "top_z": null }, "geometry": { "type": "Polygon", "coordinates": [ [ [ 283985.43, 4160583.27 ], [ 283987.91, 4160583.88 ], [ 283988.55, 4160577.34 ], [ 283986.32, 4160577.52 ], [ 283985.77, 4160582.76 ], [ 283985.3, 4160582.71 ], [ 283985.43, 4160583.27 ] ] ] } },
{ "type": "Feature", "properties": { "id": "richmond_structure:286498", "name": null, "kind": "deck", "sport": null, "surface": null, "pitch_layout": null, "source": "richmond_structures", "source_updated": "2026-09-08T12:07:13.637000Z", "base_z": null, "top_z": null }, "geometry": { "type": "Polygon", "coordinates": [ [ [ 283930.59, 4160621.16 ], [ 283931.65, 4160619.45 ], [ 283929.93, 4160619.27 ], [ 283929.56, 4160620.78 ], [ 283929.44, 4160622.14 ], [ 283930.59, 4160621.16 ] ] ] } },
{ "type": "Feature", "properties": { "id": "richmond_structure:403635", "name": null, "kind": "deck", "sport": null, "surface": null, "pitch_layout": null, "source": "richmond_structures", "source_updated": "2026-09-08T12:07:13.637000Z", "base_z": null, "top_z": null }, "geometry": { "type": "Polygon", "coordinates": [ [ [ 283807.96, 4160569.13 ], [ 283807.62, 4160572.78 ], [ 283809.22, 4160572.92 ], [ 283809.3, 4160572.13 ], [ 283810.07, 4160572.2 ], [ 283809.92, 4160573.88 ], [ 283813.0, 4160574.17 ], [ 283813.31, 4160570.86 ], [ 283814.86, 4160571.0 ], [ 283814.97, 4160569.78 ], [ 283807.96, 4160569.13 ] ] ] } },
{ "type": "Feature", "properties": { "id": "imagery:groundcover_lawn:225", "name": null, "kind": "groundcover_lawn", "sport": null, "surface": null, "pitch_layout": null, "source": "vgin_vbmp+naip+lidar2025", "source_updated": null, "base_z": null, "top_z": null }, "geometry": { "type": "Polygon", "coordinates": [ [ [ 283761.05, 4160586.85 ], [ 283761.15, 4160586.88 ], [ 283761.23, 4160586.93 ], [ 283761.32, 4160586.98 ], [ 283761.4, 4160587.04 ], [ 283761.47, 4160587.11 ], [ 283761.53, 4160587.18 ], [ 283761.59, 4160587.26 ], [ 283761.64, 4160587.34 ], [ 283761.68, 4160587.43 ], [ 283761.71, 4160587.53 ], [ 283761.73, 4160587.62 ], [ 283761.75, 4160587.72 ], [ 283761.75, 4160587.82 ], [ 283761.74, 4160587.92 ], [ 283761.56, 4160589.49 ], [ 283762.02, 4160590.6 ], [ 283762.13, 4160591.16 ], [ 283762.13, 4160593.94 ], [ 283762.96, 4160594.04 ], [ 283763.06, 4160594.05 ], [ 283763.15, 4160594.08 ], [ 283763.24, 4160594.11 ], [ 283763.33, 4160594.16 ], [ 283763.42, 4160594.21 ], [ 283763.49, 4160594.27 ], [ 283763.57, 4160594.34 ], [ 283763.63, 4160594.41 ], [ 283763.69, 4160594.49 ], [ 283763.74, 4160594.57 ], [ 283763.78, 4160594.66 ], [ 283763.81, 4160594.76 ], [ 283763.83, 4160594.85 ], [ 283763.84, 4160594.95 ], [ 283763.85, 4160595.05 ], [ 283763.84, 4160595.15 ], [ 283762.9, 4160603.26 ], [ 283764.4, 4160605.19 ], [ 283770.4, 4160606.69 ], [ 283774.13, 4160603.78 ], [ 283774.13, 4160596.22 ], [ 283774.55, 4160595.2 ], [ 283775.49, 4160594.27 ], [ 283775.41, 4160590.69 ], [ 283775.79, 4160590.45 ], [ 283774.35, 4160588.13 ], [ 283774.29, 4160587.91 ], [ 283773.77, 4160587.84 ], [ 283773.68, 4160587.82 ], [ 283773.58, 4160587.79 ], [ 283773.49, 4160587.75 ], [ 283773.41, 4160587.7 ], [ 283773.33, 4160587.65 ], [ 283773.25, 4160587.59 ], [ 283773.18, 4160587.52 ], [ 283773.12, 4160587.44 ], [ 283773.06, 4160587.36 ], [ 283773.02, 4160587.28 ], [ 283772.98, 4160587.18 ], [ 283772.95, 4160587.09 ], [ 283772.93, 4160586.99 ], [ 283772.92, 4160586.9 ], [ 283772.92, 4160586.8 ], [ 283772.93, 4160586.7 ], [ 283773.95, 4160579.76 ], [ 283773.97, 4160579.66 ], [ 283774.0, 4160579.57 ], [ 283774.04, 4160579.48 ], [ 283774.08, 4160579.39 ], [ 283774.13, 4160579.32 ], [ 283774.13, 4160576.6 ], [ 283774.31, 4160575.9 ], [ 283775.29, 4160574.06 ], [ 283775.78, 4160573.53 ], [ 283781.8, 4160569.52 ], [ 283783.13, 4160567.02 ], [ 283783.13, 4160547.11 ], [ 283782.25, 4160544.99 ], [ 283782.09, 4160544.83 ], [ 283781.33, 4160544.28 ], [ 283780.87, 4160544.04 ], [ 283778.87, 4160541.26 ], [ 283778.65, 4160539.82 ], [ 283774.74, 4160537.42 ], [ 283763.84, 4160541.05 ], [ 283762.8, 4160542.27 ], [ 283761.96, 4160549.4 ], [ 283761.94, 4160549.5 ], [ 283761.92, 4160549.59 ], [ 283761.88, 4160549.68 ], [ 283761.84, 4160549.77 ], [ 283761.79, 4160549.86 ], [ 283761.73, 4160549.93 ], [ 283761.66, 4160550.0 ], [ 283761.58, 4160550.07 ], [ 283761.5, 4160550.13 ], [ 283761.42, 4160550.17 ], [ 283761.33, 4160550.21 ], [ 283761.24, 4160550.25 ], [ 283761.14, 4160550.27 ], [ 283761.05, 4160550.28 ], [ 283760.95, 4160550.28 ], [ 283760.85, 4160550.28 ], [ 283760.69, 4160550.26 ], [ 283760.55, 4160551.11 ], [ 283760.35, 4160552.81 ], [ 283760.33, 4160552.91 ], [ 283760.31, 4160553.0 ], [ 283760.27, 4160553.09 ], [ 283760.23, 4160553.18 ], [ 283760.2, 4160553.23 ], [ 283759.45, 4160557.69 ], [ 283761.26, 4160557.93 ], [ 283761.36, 4160557.94 ], [ 283761.46, 4160557.97 ], [ 283761.55, 4160558.01 ], [ 283761.63, 4160558.05 ], [ 283761.72, 4160558.11 ], [ 283761.79, 4160558.17 ], [ 283761.87, 4160558.24 ], [ 283761.93, 4160558.31 ], [ 283761.99, 4160558.39 ], [ 283762.03, 4160558.48 ], [ 283762.07, 4160558.57 ], [ 283762.1, 4160558.66 ], [ 283762.12, 4160558.76 ], [ 283762.13, 4160558.86 ], [ 283762.14, 4160558.95 ], [ 283762.13, 4160559.05 ], [ 283761.11, 4160566.56 ], [ 283764.18, 4160577.31 ], [ 283764.07, 4160578.38 ], [ 283762.68, 4160581.02 ], [ 283761.86, 4160581.72 ], [ 283760.74, 4160582.09 ], [ 283759.66, 4160586.67 ], [ 283760.86, 4160586.81 ], [ 283760.96, 4160586.82 ], [ 283761.05, 4160586.85 ] ] ] } },
{ "type": "Feature", "properties": { "id": "richmond_structure:294029", "name": null, "kind": "deck", "sport": null, "surface": null, "pitch_layout": null, "source": "richmond_structures", "source_updated": "2026-09-08T12:07:13.637000Z", "base_z": null, "top_z": null }, "geometry": { "type": "Polygon", "coordinates": [ [ [ 283797.41, 4160578.78 ], [ 283797.03, 4160582.9 ], [ 283799.39, 4160583.12 ], [ 283799.76, 4160579.0 ], [ 283797.41, 4160578.78 ] ] ] } },
{ "type": "Feature", "properties": { "id": "richmond_structure:403399", "name": null, "kind": "deck", "sport": null, "surface": null, "pitch_layout": null, "source": "richmond_structures", "source_updated": "2026-09-08T12:07:13.637000Z", "base_z": null, "top_z": null }, "geometry": { "type": "Polygon", "coordinates": [ [ [ 283761.13, 4160580.95 ], [ 283758.12, 4160580.61 ], [ 283757.8, 4160583.04 ], [ 283760.79, 4160583.53 ], [ 283761.13, 4160580.95 ] ] ] } },
{ "type": "Feature", "properties": { "id": "richmond_structure:403642", "name": null, "kind": "deck", "sport": null, "surface": null, "pitch_layout": null, "source": "richmond_structures", "source_updated": "2026-09-08T12:07:13.637000Z", "base_z": null, "top_z": null }, "geometry": { "type": "Polygon", "coordinates": [ [ [ 283807.72, 4160580.77 ], [ 283807.6, 4160582.02 ], [ 283808.73, 4160582.13 ], [ 283808.57, 4160583.79 ], [ 283811.34, 4160584.05 ], [ 283811.65, 4160580.73 ], [ 283808.89, 4160580.47 ], [ 283808.85, 4160580.88 ], [ 283807.72, 4160580.77 ] ] ] } },
{ "type": "Feature", "properties": { "id": "imagery:groundcover_lawn:193", "name": null, "kind": "groundcover_lawn", "sport": null, "surface": null, "pitch_layout": null, "source": "vgin_vbmp+naip+lidar2025", "source_updated": null, "base_z": null, "top_z": null }, "geometry": { "type": "Polygon", "coordinates": [ [ [ 283787.89, 4160612.75 ], [ 283787.92, 4160612.65 ], [ 283787.96, 4160612.56 ], [ 283788.01, 4160612.48 ], [ 283788.07, 4160612.4 ], [ 283788.13, 4160612.33 ], [ 283788.2, 4160612.26 ], [ 283788.28, 4160612.2 ], [ 283788.36, 4160612.15 ], [ 283788.45, 4160612.1 ], [ 283788.54, 4160612.07 ], [ 283788.64, 4160612.04 ], [ 283788.73, 4160612.03 ], [ 283788.83, 4160612.02 ], [ 283788.93, 4160612.02 ], [ 283795.01, 4160612.5 ], [ 283795.12, 4160611.15 ], [ 283795.13, 4160611.05 ], [ 283795.15, 4160610.96 ], [ 283795.18, 4160610.86 ], [ 283795.23, 4160610.77 ], [ 283795.27, 4160610.69 ], [ 283795.33, 4160610.61 ], [ 283795.4, 4160610.54 ], [ 283795.47, 4160610.47 ], [ 283795.54, 4160610.41 ], [ 283795.63, 4160610.36 ], [ 283795.72, 4160610.31 ], [ 283795.81, 4160610.28 ], [ 283795.9, 4160610.25 ], [ 283796.0, 4160610.24 ], [ 283796.1, 4160610.23 ], [ 283796.19, 4160610.23 ], [ 283797.52, 4160610.34 ], [ 283798.13, 4160609.13 ], [ 283798.13, 4160608.74 ], [ 283798.19, 4160608.6 ], [ 283798.59, 4160603.74 ], [ 283798.61, 4160603.64 ], [ 283798.63, 4160603.55 ], [ 283798.66, 4160603.46 ], [ 283798.7, 4160603.37 ], [ 283798.75, 4160603.28 ], [ 283798.81, 4160603.2 ], [ 283798.87, 4160603.13 ], [ 283798.94, 4160603.06 ], [ 283799.02, 4160603.0 ], [ 283799.1, 4160602.95 ], [ 283799.19, 4160602.91 ], [ 283799.28, 4160602.87 ], [ 283799.38, 4160602.85 ], [ 283799.47, 4160602.83 ], [ 283799.57, 4160602.82 ], [ 283799.67, 4160602.83 ], [ 283804.36, 4160603.2 ], [ 283804.45, 4160603.22 ], [ 283804.55, 4160603.24 ], [ 283804.64, 4160603.27 ], [ 283804.73, 4160603.31 ], [ 283804.82, 4160603.36 ], [ 283804.9, 4160603.42 ], [ 283804.97, 4160603.48 ], [ 283805.04, 4160603.55 ], [ 283805.1, 4160603.63 ], [ 283805.15, 4160603.71 ], [ 283805.19, 4160603.8 ], [ 283805.23, 4160603.89 ], [ 283805.25, 4160603.99 ], [ 283805.27, 4160604.08 ], [ 283805.28, 4160604.18 ], [ 283805.27, 4160604.28 ], [ 283805.16, 4160605.63 ], [ 283815.47, 4160607.1 ], [ 283817.02, 4160607.23 ], [ 283817.12, 4160607.24 ], [ 283817.21, 4160607.26 ], [ 283817.31, 4160607.29 ], [ 283817.4, 4160607.33 ], [ 283817.48, 4160607.38 ], [ 283817.56, 4160607.44 ], [ 283817.64, 4160607.51 ], [ 283817.66, 4160607.53 ], [ 283817.87, 4160607.62 ], [ 283818.31, 4160607.93 ], [ 283819.09, 4160607.99 ], [ 283819.19, 4160608.01 ], [ 283819.28, 4160608.03 ], [ 283819.38, 4160608.06 ], [ 283819.46, 4160608.1 ], [ 283823.56, 4160606.49 ], [ 283824.55, 4160601.55 ], [ 283825.05, 4160600.71 ], [ 283827.19, 4160598.96 ], [ 283828.05, 4160598.65 ], [ 283829.07, 4160596.54 ], [ 283829.4, 4160593.42 ], [ 283828.94, 4160592.06 ], [ 283825.6, 4160590.05 ], [ 283814.28, 4160591.93 ], [ 283813.12, 4160591.62 ], [ 283810.64, 4160589.51 ], [ 283810.13, 4160588.42 ], [ 283810.13, 4160586.63 ], [ 283807.13, 4160583.63 ], [ 283789.13, 4160583.63 ], [ 283787.66, 4160585.09 ], [ 283786.13, 4160599.35 ], [ 283786.13, 4160613.63 ], [ 283787.74, 4160614.43 ], [ 283787.85, 4160612.94 ], [ 283787.87, 4160612.84 ], [ 283787.89, 4160612.75 ] ] ] } },
{ "type": "Feature", "properties": { "id": "imagery:groundcover_lawn:307", "name": null, "kind": "groundcover_lawn", "sport": null, "surface": null, "pitch_layout": null, "source": "vgin_vbmp+naip+lidar2025", "source_updated": null, "base_z": null, "top_z": null }, "geometry": { "type": "MultiPolygon", "coordinates": [ [ [ [ 283811.44, 4160503.28 ], [ 283818.62, 4160506.87 ], [ 283821.71, 4160505.35 ], [ 283821.72, 4160505.31 ], [ 283822.11, 4160501.5 ], [ 283818.1, 4160500.8 ], [ 283818.0, 4160500.78 ], [ 283817.91, 4160500.75 ], [ 283817.81, 4160500.71 ], [ 283817.73, 4160500.66 ], [ 283817.65, 4160500.6 ], [ 283817.57, 4160500.53 ], [ 283817.5, 4160500.46 ], [ 283817.44, 4160500.38 ], [ 283817.39, 4160500.3 ], [ 283817.35, 4160500.21 ], [ 283817.31, 4160500.11 ], [ 283817.29, 4160500.01 ], [ 283817.29, 4160500.0 ], [ 283809.61, 4160500.0 ], [ 283809.84, 4160501.19 ], [ 283811.44, 4160503.28 ] ] ], [ [ [ 283750.61, 4160557.57 ], [ 283750.62, 4160557.48 ], [ 283750.65, 4160557.38 ], [ 283750.69, 4160557.29 ], [ 283750.73, 4160557.2 ], [ 283750.78, 4160557.12 ], [ 283750.84, 4160557.04 ], [ 283750.91, 4160556.97 ], [ 283750.99, 4160556.9 ], [ 283751.07, 4160556.85 ], [ 283751.15, 4160556.8 ], [ 283751.24, 4160556.76 ], [ 283751.34, 4160556.73 ], [ 283751.43, 4160556.7 ], [ 283751.53, 4160556.69 ], [ 283751.63, 4160556.69 ], [ 283751.73, 4160556.7 ], [ 283752.43, 4160556.79 ], [ 283752.99, 4160555.21 ], [ 283752.76, 4160552.92 ], [ 283752.37, 4160552.88 ], [ 283752.27, 4160552.86 ], [ 283752.18, 4160552.83 ], [ 283752.08, 4160552.8 ], [ 283752.0, 4160552.75 ], [ 283751.91, 4160552.7 ], [ 283751.83, 4160552.64 ], [ 283751.76, 4160552.58 ], [ 283751.7, 4160552.5 ], [ 283751.64, 4160552.42 ], [ 283751.59, 4160552.34 ], [ 283751.55, 4160552.25 ], [ 283751.52, 4160552.15 ], [ 283751.5, 4160552.06 ], [ 283751.49, 4160551.96 ], [ 283751.48, 4160551.86 ], [ 283751.49, 4160551.76 ], [ 283752.12, 4160546.49 ], [ 283751.26, 4160537.95 ], [ 283751.21, 4160537.89 ], [ 283751.15, 4160537.81 ], [ 283751.11, 4160537.72 ], [ 283751.07, 4160537.63 ], [ 283751.03, 4160537.54 ], [ 283751.01, 4160537.44 ], [ 283751.0, 4160537.35 ], [ 283751.0, 4160537.25 ], [ 283751.0, 4160537.17 ], [ 283750.0, 4160537.05 ], [ 283750.0, 4160559.76 ], [ 283750.4, 4160559.36 ], [ 283750.61, 4160557.57 ] ] ], [ [ [ 283750.11, 4160525.63 ], [ 283750.2, 4160525.62 ], [ 283750.3, 4160525.63 ], [ 283752.48, 4160525.9 ], [ 283752.52, 4160525.83 ], [ 283752.58, 4160525.75 ], [ 283752.65, 4160525.68 ], [ 283752.73, 4160525.62 ], [ 283752.81, 4160525.56 ], [ 283752.89, 4160525.51 ], [ 283752.98, 4160525.48 ], [ 283753.07, 4160525.44 ], [ 283753.17, 4160525.42 ], [ 283753.27, 4160525.41 ], [ 283753.36, 4160525.41 ], [ 283753.46, 4160525.42 ], [ 283763.32, 4160526.63 ], [ 283763.59, 4160526.63 ], [ 283764.03, 4160526.71 ], [ 283764.43, 4160526.76 ], [ 283764.53, 4160526.78 ], [ 283764.62, 4160526.8 ], [ 283764.71, 4160526.84 ], [ 283764.8, 4160526.88 ], [ 283764.88, 4160526.94 ], [ 283764.96, 4160527.0 ], [ 283765.03, 4160527.06 ], [ 283765.08, 4160527.12 ], [ 283765.74, 4160527.39 ], [ 283766.22, 4160527.71 ], [ 283769.82, 4160531.31 ], [ 283772.89, 4160532.04 ], [ 283779.19, 4160529.94 ], [ 283779.47, 4160527.49 ], [ 283779.49, 4160527.39 ], [ 283779.51, 4160527.29 ], [ 283779.55, 4160527.2 ], [ 283779.59, 4160527.11 ], [ 283779.64, 4160527.03 ], [ 283779.7, 4160526.95 ], [ 283779.77, 4160526.88 ], [ 283779.84, 4160526.82 ], [ 283779.92, 4160526.76 ], [ 283780.01, 4160526.71 ], [ 283780.1, 4160526.67 ], [ 283780.19, 4160526.64 ], [ 283780.28, 4160526.62 ], [ 283780.38, 4160526.6 ], [ 283780.48, 4160526.6 ], [ 283780.58, 4160526.61 ], [ 283786.75, 4160527.31 ], [ 283786.84, 4160527.33 ], [ 283786.94, 4160527.35 ], [ 283787.29, 4160527.24 ], [ 283787.82, 4160526.58 ], [ 283790.67, 4160500.0 ], [ 283778.98, 4160500.0 ], [ 283778.91, 4160500.58 ], [ 283778.9, 4160500.68 ], [ 283778.87, 4160500.77 ], [ 283778.84, 4160500.86 ], [ 283778.79, 4160500.95 ], [ 283778.74, 4160501.04 ], [ 283778.68, 4160501.11 ], [ 283778.62, 4160501.19 ], [ 283778.54, 4160501.25 ], [ 283778.46, 4160501.31 ], [ 283778.38, 4160501.36 ], [ 283778.29, 4160501.4 ], [ 283778.2, 4160501.43 ], [ 283778.1, 4160501.45 ], [ 283778.01, 4160501.47 ], [ 283777.91, 4160501.47 ], [ 283777.81, 4160501.47 ], [ 283771.42, 4160500.77 ], [ 283771.32, 4160500.75 ], [ 283771.23, 4160500.73 ], [ 283771.13, 4160500.69 ], [ 283771.05, 4160500.65 ], [ 283770.96, 4160500.6 ], [ 283770.88, 4160500.54 ], [ 283770.81, 4160500.47 ], [ 283770.75, 4160500.4 ], [ 283770.69, 4160500.32 ], [ 283770.64, 4160500.23 ], [ 283770.6, 4160500.14 ], [ 283770.57, 4160500.05 ], [ 283770.55, 4160500.0 ], [ 283769.64, 4160500.0 ], [ 283769.29, 4160503.61 ], [ 283769.27, 4160503.7 ], [ 283769.25, 4160503.8 ], [ 283769.22, 4160503.89 ], [ 283769.17, 4160503.98 ], [ 283769.12, 4160504.06 ], [ 283769.06, 4160504.14 ], [ 283769.0, 4160504.22 ], [ 283768.93, 4160504.28 ], [ 283768.85, 4160504.34 ], [ 283768.76, 4160504.39 ], [ 283768.67, 4160504.43 ], [ 283768.58, 4160504.47 ], [ 283768.49, 4160504.49 ], [ 283768.39, 4160504.5 ], [ 283768.29, 4160504.51 ], [ 283768.19, 4160504.5 ], [ 283768.13, 4160504.5 ], [ 283768.13, 4160505.03 ], [ 283767.71, 4160506.05 ], [ 283766.56, 4160507.19 ], [ 283766.56, 4160507.2 ], [ 283766.53, 4160507.29 ], [ 283766.49, 4160507.38 ], [ 283766.44, 4160507.47 ], [ 283766.38, 4160507.54 ], [ 283766.31, 4160507.62 ], [ 283766.24, 4160507.68 ], [ 283766.16, 4160507.74 ], [ 283766.08, 4160507.79 ], [ 283765.99, 4160507.83 ], [ 283765.9, 4160507.87 ], [ 283765.89, 4160507.87 ], [ 283765.55, 4160508.2 ], [ 283764.53, 4160508.63 ], [ 283759.73, 4160508.63 ], [ 283758.71, 4160508.2 ], [ 283757.64, 4160507.13 ], [ 283755.86, 4160506.96 ], [ 283755.76, 4160506.94 ], [ 283755.66, 4160506.92 ], [ 283755.57, 4160506.89 ], [ 283755.48, 4160506.85 ], [ 283755.4, 4160506.79 ], [ 283755.32, 4160506.74 ], [ 283755.25, 4160506.67 ], [ 283755.18, 4160506.6 ], [ 283755.12, 4160506.52 ], [ 283755.07, 4160506.43 ], [ 283755.03, 4160506.35 ], [ 283755.0, 4160506.25 ], [ 283754.97, 4160506.16 ], [ 283754.96, 4160506.06 ], [ 283754.95, 4160505.96 ], [ 283754.96, 4160505.87 ], [ 283755.53, 4160500.0 ], [ 283750.0, 4160500.0 ], [ 283750.0, 4160525.64 ], [ 283750.01, 4160525.64 ], [ 283750.11, 4160525.63 ] ], [ [ 283789.09, 4160509.15 ], [ 283789.08, 4160509.25 ], [ 283789.06, 4160509.34 ], [ 283789.04, 4160509.43 ], [ 283789.0, 4160509.52 ], [ 283788.95, 4160509.61 ], [ 283788.9, 4160509.68 ], [ 283788.84, 4160509.76 ], [ 283788.77, 4160509.83 ], [ 283788.7, 4160509.89 ], [ 283788.62, 4160509.94 ], [ 283788.53, 4160509.99 ], [ 283788.45, 4160510.03 ], [ 283788.35, 4160510.06 ], [ 283788.26, 4160510.08 ], [ 283788.16, 4160510.09 ], [ 283788.07, 4160510.09 ], [ 283787.97, 4160510.08 ], [ 283781.66, 4160509.3 ], [ 283781.57, 4160509.29 ], [ 283781.47, 4160509.26 ], [ 283781.38, 4160509.23 ], [ 283781.3, 4160509.19 ], [ 283781.22, 4160509.14 ], [ 283781.14, 4160509.08 ], [ 283781.07, 4160509.01 ], [ 283781.01, 4160508.94 ], [ 283780.95, 4160508.86 ], [ 283780.9, 4160508.78 ], [ 283780.86, 4160508.7 ], [ 283780.83, 4160508.61 ], [ 283780.8, 4160508.51 ], [ 283780.79, 4160508.42 ], [ 283780.78, 4160508.33 ], [ 283780.79, 4160508.23 ], [ 283781.05, 4160505.0 ], [ 283781.06, 4160504.91 ], [ 283781.08, 4160504.81 ], [ 283781.11, 4160504.72 ], [ 283781.15, 4160504.63 ], [ 283781.2, 4160504.55 ], [ 283781.25, 4160504.47 ], [ 283781.31, 4160504.4 ], [ 283781.38, 4160504.33 ], [ 283781.46, 4160504.27 ], [ 283781.54, 4160504.22 ], [ 283781.62, 4160504.18 ], [ 283781.71, 4160504.14 ], [ 283781.8, 4160504.11 ], [ 283781.9, 4160504.09 ], [ 283781.99, 4160504.08 ], [ 283782.09, 4160504.08 ], [ 283782.18, 4160504.09 ], [ 283788.43, 4160504.99 ], [ 283788.53, 4160505.0 ], [ 283788.62, 4160505.03 ], [ 283788.71, 4160505.07 ], [ 283788.8, 4160505.12 ], [ 283788.88, 4160505.17 ], [ 283788.96, 4160505.24 ], [ 283789.03, 4160505.31 ], [ 283789.09, 4160505.38 ], [ 283789.15, 4160505.47 ], [ 283789.2, 4160505.55 ], [ 283789.23, 4160505.65 ], [ 283789.26, 4160505.74 ], [ 283789.28, 4160505.84 ], [ 283789.29, 4160505.94 ], [ 283789.29, 4160506.04 ], [ 283789.09, 4160509.15 ] ] ], [ [ [ 283750.13, 4160612.51 ], [ 283750.11, 4160612.51 ], [ 283750.02, 4160612.48 ], [ 283750.0, 4160612.48 ], [ 283750.0, 4160619.82 ], [ 283750.13, 4160619.63 ], [ 283750.13, 4160612.51 ] ] ], [ [ [ 283750.1, 4160606.86 ], [ 283750.13, 4160606.84 ], [ 283750.13, 4160602.48 ], [ 283750.12, 4160602.46 ], [ 283750.09, 4160602.36 ], [ 283750.07, 4160602.27 ], [ 283750.06, 4160602.17 ], [ 283750.05, 4160602.07 ], [ 283750.06, 4160601.97 ], [ 283750.13, 4160601.36 ], [ 283750.13, 4160598.31 ], [ 283750.0, 4160598.16 ], [ 283750.0, 4160606.96 ], [ 283750.03, 4160606.93 ], [ 283750.1, 4160606.86 ] ] ], [ [ [ 283751.33, 4160653.42 ], [ 283750.0, 4160651.98 ], [ 283750.0, 4160653.55 ], [ 283751.15, 4160653.65 ], [ 283751.33, 4160653.42 ] ] ] ] } },
{ "type": "Feature", "properties": { "id": "richmond_structure:403080", "name": null, "kind": "deck", "sport": null, "surface": null, "pitch_layout": null, "source": "richmond_structures", "source_updated": "2026-09-08T12:07:13.637000Z", "base_z": null, "top_z": null }, "geometry": { "type": "Polygon", "coordinates": [ [ [ 283767.89, 4160628.88 ], [ 283767.42, 4160627.62 ], [ 283768.01, 4160626.18 ], [ 283767.49, 4160625.63 ], [ 283762.07, 4160624.98 ], [ 283761.79, 4160625.43 ], [ 283760.96, 4160632.83 ], [ 283755.13, 4160632.19 ], [ 283754.9, 4160634.48 ], [ 283768.16, 4160635.9 ], [ 283768.4, 4160634.75 ], [ 283767.47, 4160634.72 ], [ 283767.2, 4160630.09 ], [ 283767.89, 4160628.88 ] ] ] } },
{ "type": "Feature", "properties": { "id": "imagery:groundcover_lawn:160", "name": null, "kind": "groundcover_lawn", "sport": null, "surface": null, "pitch_layout": null, "source": "vgin_vbmp+naip+lidar2025", "source_updated": null, "base_z": null, "top_z": null }, "geometry": { "type": "Polygon", "coordinates": [ [ [ 283803.64, 4160629.05 ], [ 283800.67, 4160625.63 ], [ 283785.67, 4160625.63 ], [ 283783.07, 4160627.83 ], [ 283781.56, 4160641.86 ], [ 283783.17, 4160644.06 ], [ 283798.16, 4160646.2 ], [ 283801.56, 4160643.66 ], [ 283803.64, 4160629.05 ] ] ] } },
{ "type": "Feature", "properties": { "id": "richmond_structure:403660", "name": null, "kind": "deck", "sport": null, "surface": null, "pitch_layout": null, "source": "richmond_structures", "source_updated": "2026-09-08T12:07:13.637000Z", "base_z": null, "top_z": null }, "geometry": { "type": "Polygon", "coordinates": [ [ [ 283780.66, 4160677.88 ], [ 283781.47, 4160669.37 ], [ 283778.07, 4160669.05 ], [ 283777.27, 4160677.47 ], [ 283780.66, 4160677.88 ] ] ] } },
{ "type": "Feature", "properties": { "id": "richmond_structure:293532", "name": null, "kind": "deck", "sport": null, "surface": null, "pitch_layout": null, "source": "richmond_structures", "source_updated": "2026-09-08T12:07:13.637000Z", "base_z": null, "top_z": null }, "geometry": { "type": "Polygon", "coordinates": [ [ [ 283913.48, 4160603.1 ], [ 283913.3, 4160605.06 ], [ 283917.6, 4160605.77 ], [ 283918.02, 4160601.14 ], [ 283914.97, 4160601.03 ], [ 283914.81, 4160603.83 ], [ 283913.48, 4160603.1 ] ] ] } },
{ "type": "Feature", "properties": { "id": "richmond_structure:403651", "name": null, "kind": "deck", "sport": null, "surface": null, "pitch_layout": null, "source": "richmond_structures", "source_updated": "2026-09-08T12:07:13.637000Z", "base_z": null, "top_z": null }, "geometry": { "type": "Polygon", "coordinates": [ [ [ 283869.57, 4160616.95 ], [ 283869.82, 4160614.3 ], [ 283865.77, 4160613.91 ], [ 283865.51, 4160616.56 ], [ 283869.57, 4160616.95 ] ] ] } },
{ "type": "Feature", "properties": { "id": "richmond_structure:293711", "name": null, "kind": "deck", "sport": null, "surface": null, "pitch_layout": null, "source": "richmond_structures", "source_updated": "2026-09-08T12:07:13.637000Z", "base_z": null, "top_z": null }, "geometry": { "type": "Polygon", "coordinates": [ [ [ 283911.51, 4160617.7 ], [ 283915.44, 4160618.13 ], [ 283915.92, 4160613.71 ], [ 283911.99, 4160613.28 ], [ 283911.51, 4160617.7 ] ] ] } },
{ "type": "Feature", "properties": { "id": "richmond_structure:403655", "name": null, "kind": "deck", "sport": null, "surface": null, "pitch_layout": null, "source": "richmond_structures", "source_updated": "2026-09-08T12:07:13.637000Z", "base_z": null, "top_z": null }, "geometry": { "type": "Polygon", "coordinates": [ [ [ 283870.81, 4160642.62 ], [ 283870.92, 4160641.56 ], [ 283868.54, 4160641.3 ], [ 283868.02, 4160646.12 ], [ 283870.4, 4160646.38 ], [ 283870.71, 4160643.55 ], [ 283872.26, 4160643.72 ], [ 283872.36, 4160642.79 ], [ 283870.81, 4160642.62 ] ] ] } },
{ "type": "Feature", "properties": { "id": "richmond_structure:294085", "name": null, "kind": "deck", "sport": null, "surface": null, "pitch_layout": null, "source": "richmond_structures", "source_updated": "2026-09-08T12:07:13.637000Z", "base_z": null, "top_z": null }, "geometry": { "type": "Polygon", "coordinates": [ [ [ 283908.63, 4160664.73 ], [ 283911.27, 4160665.02 ], [ 283911.47, 4160663.24 ], [ 283908.83, 4160662.95 ], [ 283908.63, 4160664.73 ] ] ] } },
{ "type": "Feature", "properties": { "id": "imagery:groundcover_lawn:124", "name": null, "kind": "groundcover_lawn", "sport": null, "surface": null, "pitch_layout": null, "source": "vgin_vbmp+naip+lidar2025", "source_updated": null, "base_z": null, "top_z": null }, "geometry": { "type": "Polygon", "coordinates": [ [ [ 283864.75, 4160732.13 ], [ 283867.52, 4160730.27 ], [ 283867.55, 4160730.2 ], [ 283869.71, 4160728.05 ], [ 283871.28, 4160727.4 ], [ 283873.13, 4160724.63 ], [ 283873.13, 4160710.22 ], [ 283873.55, 4160709.2 ], [ 283875.71, 4160707.05 ], [ 283877.0, 4160706.51 ], [ 283878.84, 4160703.47 ], [ 283878.76, 4160702.54 ], [ 283873.73, 4160701.98 ], [ 283873.64, 4160701.96 ], [ 283873.54, 4160701.94 ], [ 283873.45, 4160701.9 ], [ 283873.36, 4160701.86 ], [ 283873.28, 4160701.81 ], [ 283873.2, 4160701.75 ], [ 283873.13, 4160701.68 ], [ 283873.06, 4160701.61 ], [ 283873.0, 4160701.53 ], [ 283872.96, 4160701.44 ], [ 283872.91, 4160701.36 ], [ 283872.88, 4160701.26 ], [ 283872.86, 4160701.17 ], [ 283872.85, 4160701.07 ], [ 283872.84, 4160700.97 ], [ 283872.85, 4160700.87 ], [ 283873.5, 4160694.99 ], [ 283873.52, 4160694.9 ], [ 283873.54, 4160694.8 ], [ 283873.57, 4160694.71 ], [ 283873.62, 4160694.62 ], [ 283873.67, 4160694.54 ], [ 283873.73, 4160694.46 ], [ 283873.8, 4160694.39 ], [ 283873.87, 4160694.32 ], [ 283873.95, 4160694.27 ], [ 283874.03, 4160694.22 ], [ 283874.12, 4160694.18 ], [ 283874.22, 4160694.14 ], [ 283874.31, 4160694.12 ], [ 283874.41, 4160694.11 ], [ 283874.51, 4160694.1 ], [ 283874.61, 4160694.11 ], [ 283878.03, 4160694.5 ], [ 283876.69, 4160679.78 ], [ 283860.31, 4160677.97 ], [ 283859.86, 4160678.68 ], [ 283859.9, 4160678.7 ], [ 283859.98, 4160678.75 ], [ 283860.06, 4160678.81 ], [ 283860.13, 4160678.87 ], [ 283860.2, 4160678.95 ], [ 283860.25, 4160679.03 ], [ 283860.3, 4160679.11 ], [ 283860.34, 4160679.2 ], [ 283860.38, 4160679.29 ], [ 283860.4, 4160679.39 ], [ 283860.41, 4160679.48 ], [ 283860.42, 4160679.58 ], [ 283860.41, 4160679.68 ], [ 283860.09, 4160682.66 ], [ 283860.66, 4160682.72 ], [ 283860.75, 4160682.74 ], [ 283860.85, 4160682.77 ], [ 283860.94, 4160682.8 ], [ 283861.03, 4160682.84 ], [ 283861.11, 4160682.89 ], [ 283861.19, 4160682.95 ], [ 283861.26, 4160683.02 ], [ 283861.33, 4160683.09 ], [ 283861.39, 4160683.17 ], [ 283861.44, 4160683.26 ], [ 283861.48, 4160683.35 ], [ 283861.51, 4160683.44 ], [ 283861.53, 4160683.53 ], [ 283861.55, 4160683.63 ], [ 283861.55, 4160683.73 ], [ 283861.54, 4160683.83 ], [ 283861.21, 4160686.9 ], [ 283866.89, 4160705.84 ], [ 283866.95, 4160706.16 ], [ 283867.03, 4160707.12 ], [ 283867.01, 4160707.44 ], [ 283864.89, 4160722.31 ], [ 283864.49, 4160723.13 ], [ 283863.02, 4160724.62 ], [ 283862.09, 4160724.77 ], [ 283860.35, 4160727.88 ], [ 283859.63, 4160727.88 ], [ 283859.63, 4160729.13 ], [ 283862.63, 4160732.13 ], [ 283864.75, 4160732.13 ] ] ] } },
{ "type": "Feature", "properties": { "id": "richmond_structure:293094", "name": null, "kind": "deck", "sport": null, "surface": null, "pitch_layout": null, "source": "richmond_structures", "source_updated": "2026-09-08T12:07:13.637000Z", "base_z": null, "top_z": null }, "geometry": { "type": "Polygon", "coordinates": [ [ [ 283905.59, 4160710.82 ], [ 283905.17, 4160710.77 ], [ 283905.48, 4160707.8 ], [ 283904.05, 4160707.52 ], [ 283903.89, 4160710.76 ], [ 283905.59, 4160710.82 ] ] ] } },
{ "type": "Feature", "properties": { "id": "richmond_structure:403092", "name": null, "kind": "deck", "sport": null, "surface": null, "pitch_layout": null, "source": "richmond_structures", "source_updated": "2026-09-08T12:07:13.637000Z", "base_z": null, "top_z": null }, "geometry": { "type": "Polygon", "coordinates": [ [ [ 283862.65, 4160710.99 ], [ 283857.98, 4160710.52 ], [ 283856.87, 4160719.61 ], [ 283855.07, 4160719.43 ], [ 283855.01, 4160720.06 ], [ 283857.79, 4160720.46 ], [ 283858.72, 4160714.47 ], [ 283862.24, 4160714.79 ], [ 283862.65, 4160710.99 ] ] ] } },
{ "type": "Feature", "properties": { "id": "richmond_structure:293372", "name": null, "kind": "deck", "sport": null, "surface": null, "pitch_layout": null, "source": "richmond_structures", "source_updated": "2026-09-08T12:07:13.637000Z", "base_z": null, "top_z": null }, "geometry": { "type": "Polygon", "coordinates": [ [ [ 283903.95, 4160720.11 ], [ 283904.5, 4160715.86 ], [ 283902.71, 4160715.62 ], [ 283902.85, 4160714.55 ], [ 283901.28, 4160714.39 ], [ 283900.91, 4160719.8 ], [ 283903.95, 4160720.11 ] ] ] } },
{ "type": "Feature", "properties": { "id": "richmond_structure:403668", "name": null, "kind": "deck", "sport": null, "surface": null, "pitch_layout": null, "source": "richmond_structures", "source_updated": "2026-09-08T12:07:13.637000Z", "base_z": null, "top_z": null }, "geometry": { "type": "Polygon", "coordinates": [ [ [ 283872.2, 4160726.79 ], [ 283877.74, 4160727.51 ], [ 283878.13, 4160724.52 ], [ 283872.59, 4160723.8 ], [ 283872.2, 4160726.79 ] ] ] } },
{ "type": "Feature", "properties": { "id": "richmond_structure:403653", "name": null, "kind": "deck", "sport": null, "surface": null, "pitch_layout": null, "source": "richmond_structures", "source_updated": "2026-09-08T12:07:13.637000Z", "base_z": null, "top_z": null }, "geometry": { "type": "Polygon", "coordinates": [ [ [ 283982.19, 4160627.77 ], [ 283981.89, 4160629.69 ], [ 283983.53, 4160629.95 ], [ 283984.51, 4160623.59 ], [ 283981.82, 4160623.18 ], [ 283981.13, 4160627.61 ], [ 283982.19, 4160627.77 ] ] ] } },
{ "type": "Feature", "properties": { "id": "richmond_structure:293523", "name": null, "kind": "deck", "sport": null, "surface": null, "pitch_layout": null, "source": "richmond_structures", "source_updated": "2026-09-08T12:07:13.637000Z", "base_z": null, "top_z": null }, "geometry": { "type": "Polygon", "coordinates": [ [ [ 283973.05, 4160671.29 ], [ 283972.66, 4160671.24 ], [ 283972.54, 4160673.15 ], [ 283975.0, 4160673.06 ], [ 283976.34, 4160664.91 ], [ 283974.97, 4160665.13 ], [ 283974.32, 4160670.71 ], [ 283973.13, 4160670.58 ], [ 283973.05, 4160671.29 ] ] ] } },
{ "type": "Feature", "properties": { "id": "richmond_structure:425050", "name": null, "kind": "deck", "sport": null, "surface": null, "pitch_layout": null, "source": "richmond_structures", "source_updated": "2026-09-08T12:07:13.637000Z", "base_z": null, "top_z": null }, "geometry": { "type": "Polygon", "coordinates": [ [ [ 283993.58, 4160699.26 ], [ 283993.83, 4160696.49 ], [ 283991.18, 4160696.24 ], [ 283990.93, 4160699.01 ], [ 283993.58, 4160699.26 ] ] ] } },
{ "type": "Feature", "properties": { "id": "imagery:groundcover_lawn:110", "name": null, "kind": "groundcover_lawn", "sport": null, "surface": null, "pitch_layout": null, "source": "vgin_vbmp+naip+lidar2025", "source_updated": null, "base_z": null, "top_z": null }, "geometry": { "type": "MultiPolygon", "coordinates": [ [ [ [ 283922.71, 4160693.68 ], [ 283922.5, 4160695.51 ], [ 283922.49, 4160695.61 ], [ 283922.46, 4160695.7 ], [ 283922.43, 4160695.8 ], [ 283922.38, 4160695.88 ], [ 283922.33, 4160695.97 ], [ 283922.27, 4160696.05 ], [ 283922.2, 4160696.12 ], [ 283922.13, 4160696.18 ], [ 283922.05, 4160696.24 ], [ 283921.97, 4160696.29 ], [ 283922.53, 4160699.02 ], [ 283925.66, 4160702.15 ], [ 283926.03, 4160702.8 ], [ 283926.62, 4160704.9 ], [ 283926.62, 4160705.65 ], [ 283926.13, 4160707.64 ], [ 283925.5, 4160708.51 ], [ 283923.73, 4160709.63 ], [ 283922.56, 4160713.31 ], [ 283922.63, 4160713.48 ], [ 283922.63, 4160716.53 ], [ 283922.24, 4160717.48 ], [ 283925.01, 4160721.63 ], [ 283927.57, 4160721.63 ], [ 283931.44, 4160685.28 ], [ 283926.27, 4160684.77 ], [ 283922.71, 4160693.68 ] ] ], [ [ [ 283935.16, 4160714.61 ], [ 283935.78, 4160714.3 ], [ 283938.32, 4160692.16 ], [ 283937.47, 4160690.8 ], [ 283935.16, 4160689.64 ], [ 283934.64, 4160689.17 ], [ 283931.32, 4160720.44 ], [ 283933.13, 4160718.63 ], [ 283933.13, 4160717.9 ], [ 283933.35, 4160717.12 ], [ 283934.57, 4160715.15 ], [ 283935.16, 4160714.61 ] ] ] ] } },
{ "type": "Feature", "properties": { "id": "imagery:groundcover_lawn:108", "name": null, "kind": "groundcover_lawn", "sport": null, "surface": null, "pitch_layout": null, "source": "vgin_vbmp+naip+lidar2025", "source_updated": null, "base_z": null, "top_z": null }, "geometry": { "type": "Polygon", "coordinates": [ [ [ 283984.15, 4160718.4 ], [ 283984.25, 4160718.56 ], [ 283989.26, 4160718.47 ], [ 283990.58, 4160716.4 ], [ 283990.29, 4160713.8 ], [ 283990.78, 4160713.6 ], [ 283990.13, 4160712.03 ], [ 283990.13, 4160705.16 ], [ 283990.24, 4160704.6 ], [ 283990.9, 4160703.02 ], [ 283991.22, 4160702.54 ], [ 283993.19, 4160700.57 ], [ 283992.41, 4160695.76 ], [ 283984.5, 4160691.81 ], [ 283984.03, 4160691.17 ], [ 283978.34, 4160690.51 ], [ 283977.55, 4160691.54 ], [ 283973.06, 4160713.98 ], [ 283976.73, 4160717.48 ], [ 283980.4, 4160716.56 ], [ 283981.52, 4160716.74 ], [ 283984.15, 4160718.4 ] ] ] } },
{ "type": "Feature", "properties": { "id": "richmond_structure:403667", "name": null, "kind": "deck", "sport": null, "surface": null, "pitch_layout": null, "source": "richmond_structures", "source_updated": "2026-09-08T12:07:13.637000Z", "base_z": null, "top_z": null }, "geometry": { "type": "Polygon", "coordinates": [ [ [ 283971.81, 4160711.68 ], [ 283972.67, 4160710.87 ], [ 283973.8, 4160710.5 ], [ 283973.89, 4160709.52 ], [ 283976.53, 4160707.47 ], [ 283960.59, 4160705.58 ], [ 283960.23, 4160708.62 ], [ 283969.91, 4160709.77 ], [ 283968.79, 4160719.19 ], [ 283974.04, 4160719.76 ], [ 283974.16, 4160718.66 ], [ 283972.49, 4160718.3 ], [ 283971.49, 4160716.98 ], [ 283971.81, 4160711.68 ] ] ] } },
{ "type": "Feature", "properties": { "id": "richmond_structure:293723", "name": null, "kind": "deck", "sport": null, "surface": null, "pitch_layout": null, "source": "richmond_structures", "source_updated": "2026-09-08T12:07:13.637000Z", "base_z": null, "top_z": null }, "geometry": { "type": "Polygon", "coordinates": [ [ [ 283967.89, 4160709.53 ], [ 283966.7, 4160719.52 ], [ 283968.72, 4160719.76 ], [ 283969.91, 4160709.77 ], [ 283967.89, 4160709.53 ] ] ] } },
{ "type": "Feature", "properties": { "id": "richmond_structure:425051", "name": null, "kind": "deck", "sport": null, "surface": null, "pitch_layout": null, "source": "richmond_structures", "source_updated": "2026-09-08T12:07:13.637000Z", "base_z": null, "top_z": null }, "geometry": { "type": "Polygon", "coordinates": [ [ [ 283991.81, 4160721.21 ], [ 283992.1, 4160718.2 ], [ 283986.8, 4160717.69 ], [ 283986.51, 4160720.7 ], [ 283991.81, 4160721.21 ] ] ] } },
{ "type": "Feature", "properties": { "id": "richmond_structure:293722", "name": null, "kind": "deck", "sport": null, "surface": null, "pitch_layout": null, "source": "richmond_structures", "source_updated": "2026-09-08T12:07:13.637000Z", "base_z": null, "top_z": null }, "geometry": { "type": "Polygon", "coordinates": [ [ [ 283970.77, 4160724.48 ], [ 283968.85, 4160724.33 ], [ 283968.51, 4160728.75 ], [ 283970.42, 4160728.9 ], [ 283970.77, 4160724.48 ] ] ] } },
{ "type": "Feature", "properties": { "id": "imagery:groundcover_lawn:72", "name": null, "kind": "groundcover_lawn", "sport": null, "surface": null, "pitch_layout": null, "source": "vgin_vbmp+naip+lidar2025", "source_updated": null, "base_z": null, "top_z": null }, "geometry": { "type": "MultiPolygon", "coordinates": [ [ [ [ 283944.85, 4160731.09 ], [ 283944.74, 4160731.41 ], [ 283941.79, 4160737.3 ], [ 283940.34, 4160750.0 ], [ 283942.88, 4160750.0 ], [ 283944.98, 4160730.55 ], [ 283944.85, 4160731.09 ] ] ], [ [ [ 283931.47, 4160735.8 ], [ 283929.78, 4160734.95 ], [ 283929.56, 4160736.95 ], [ 283930.11, 4160739.61 ], [ 283930.14, 4160739.8 ], [ 283930.14, 4160739.99 ], [ 283930.13, 4160740.18 ], [ 283928.99, 4160750.0 ], [ 283931.68, 4160750.0 ], [ 283933.02, 4160738.3 ], [ 283931.47, 4160735.8 ] ] ], [ [ [ 283925.98, 4160737.39 ], [ 283925.95, 4160737.21 ], [ 283925.95, 4160737.03 ], [ 283925.96, 4160736.85 ], [ 283926.18, 4160734.69 ], [ 283925.65, 4160734.74 ], [ 283916.33, 4160741.73 ], [ 283915.13, 4160744.13 ], [ 283915.13, 4160748.94 ], [ 283915.8, 4160750.0 ], [ 283925.37, 4160750.0 ], [ 283926.52, 4160740.05 ], [ 283925.98, 4160737.39 ] ] ] ] } },
{ "type": "Feature", "properties": { "id": "richmond_structure:293369", "name": null, "kind": "deck", "sport": null, "surface": null, "pitch_layout": null, "source": "richmond_structures", "source_updated": "2026-09-08T12:07:13.637000Z", "base_z": null, "top_z": null }, "geometry": { "type": "Polygon", "coordinates": [ [ [ 283789.13, 4160707.66 ], [ 283795.57, 4160708.21 ], [ 283795.97, 4160704.28 ], [ 283794.63, 4160703.26 ], [ 283789.44, 4160702.99 ], [ 283789.13, 4160707.66 ] ] ] } },
{ "type": "Feature", "properties": { "id": "richmond_structure:403093", "name": null, "kind": "deck", "sport": null, "surface": null, "pitch_layout": null, "source": "richmond_structures", "source_updated": "2026-09-08T12:07:13.637000Z", "base_z": null, "top_z": null }, "geometry": { "type": "Polygon", "coordinates": [ [ [ 283785.85, 4160726.88 ], [ 283794.09, 4160727.66 ], [ 283794.58, 4160722.19 ], [ 283786.39, 4160721.32 ], [ 283785.85, 4160726.88 ] ] ] } },
{ "type": "Feature", "properties": { "id": "richmond_structure:403671", "name": null, "kind": "deck", "sport": null, "surface": null, "pitch_layout": null, "source": "richmond_structures", "source_updated": "2026-09-08T12:07:13.637000Z", "base_z": null, "top_z": null }, "geometry": { "type": "Polygon", "coordinates": [ [ [ 283898.94, 4160732.69 ], [ 283903.98, 4160733.28 ], [ 283904.52, 4160727.38 ], [ 283899.6, 4160726.9 ], [ 283898.94, 4160732.69 ] ] ] } },
{ "type": "Feature", "properties": { "id": "imagery:groundcover_lawn:49", "name": null, "kind": "groundcover_lawn", "sport": null, "surface": null, "pitch_layout": null, "source": "vgin_vbmp+naip+lidar2025", "source_updated": null, "base_z": null, "top_z": null }, "geometry": { "type": "Polygon", "coordinates": [ [ [ 283897.55, 4160742.2 ], [ 283899.71, 4160740.05 ], [ 283901.28, 4160739.4 ], [ 283901.0, 4160738.73 ], [ 283903.02, 4160734.96 ], [ 283901.02, 4160731.96 ], [ 283898.53, 4160730.63 ], [ 283891.13, 4160730.63 ], [ 283888.13, 4160733.63 ], [ 283888.13, 4160745.03 ], [ 283887.71, 4160746.05 ], [ 283885.55, 4160748.2 ], [ 283883.98, 4160748.85 ], [ 283883.22, 4160750.0 ], [ 283897.13, 4160750.0 ], [ 283897.13, 4160743.22 ], [ 283897.55, 4160742.2 ] ] ] } },
{ "type": "Feature", "properties": { "id": "imagery:groundcover_lawn:56", "name": null, "kind": "groundcover_lawn", "sport": null, "surface": null, "pitch_layout": null, "source": "vgin_vbmp+naip+lidar2025", "source_updated": null, "base_z": null, "top_z": null }, "geometry": { "type": "MultiPolygon", "coordinates": [ [ [ [ 283996.78, 4160736.8 ], [ 283997.18, 4160736.93 ], [ 283999.3, 4160738.59 ], [ 283999.82, 4160739.38 ], [ 284000.0, 4160740.1 ], [ 284000.0, 4160730.63 ], [ 283997.43, 4160730.63 ], [ 283996.78, 4160736.8 ] ] ], [ [ [ 283984.55, 4160748.2 ], [ 283986.71, 4160746.05 ], [ 283988.28, 4160745.4 ], [ 283990.02, 4160742.79 ], [ 283990.13, 4160741.73 ], [ 283990.13, 4160740.22 ], [ 283990.34, 4160739.71 ], [ 283990.76, 4160735.73 ], [ 283990.75, 4160735.75 ], [ 283990.68, 4160735.82 ], [ 283990.61, 4160735.88 ], [ 283990.53, 4160735.94 ], [ 283990.45, 4160735.99 ], [ 283990.36, 4160736.03 ], [ 283990.27, 4160736.07 ], [ 283990.17, 4160736.09 ], [ 283990.07, 4160736.1 ], [ 283989.98, 4160736.11 ], [ 283989.88, 4160736.1 ], [ 283979.02, 4160734.99 ], [ 283978.92, 4160734.98 ], [ 283978.83, 4160734.96 ], [ 283978.73, 4160734.92 ], [ 283978.64, 4160734.88 ], [ 283978.56, 4160734.83 ], [ 283978.48, 4160734.77 ], [ 283978.41, 4160734.7 ], [ 283978.34, 4160734.63 ], [ 283978.29, 4160734.55 ], [ 283978.24, 4160734.47 ], [ 283978.19, 4160734.38 ], [ 283978.16, 4160734.29 ], [ 283978.14, 4160734.19 ], [ 283978.12, 4160734.09 ], [ 283978.12, 4160734.0 ], [ 283978.12, 4160733.9 ], [ 283978.46, 4160730.63 ], [ 283974.73, 4160730.63 ], [ 283971.76, 4160733.2 ], [ 283969.65, 4160747.98 ], [ 283970.6, 4160750.0 ], [ 283984.13, 4160750.0 ], [ 283984.13, 4160749.22 ], [ 283984.55, 4160748.2 ] ] ] ] } }
]
}
