{
"type": "FeatureCollection",
"name": "buildings",
"crs": { "type": "name", "properties": { "name": "urn:ogc:def:crs:EPSG::32618" } },
"xy_coordinate_resolution": 0.01,
"features": [
{ "type": "Feature", "properties": { "id": "osm:way/326703375", "name": null, "height": 8.3, "min_height": 0.0, "levels": null, "height_source": "lidar", "roof_shape": "skillion", "roof_height": 1.39, "roof_azimuth": 52.4, "roof_source": "lod2", "roof_color": "slate", "roof_color_source": "ortho", "lod2_roof": { "v": [ [ 283631.35, 4158768.88, 0.14 ], [ 283616.52, 4158749.73, 1.34 ], [ 283620.08, 4158746.11, 0.0 ], [ 283620.54, 4158746.75, 0.0 ], [ 283616.17, 4158749.19, 0.0 ], [ 283621.3, 4158746.19, 1.39 ], [ 283622.76, 4158748.08, 0.0 ], [ 283622.76, 4158748.08, 1.27 ], [ 283621.2, 4158747.67, 0.0 ], [ 283621.2, 4158747.67, 1.33 ], [ 283616.57, 4158749.69, 1.34 ], [ 283616.57, 4158749.69, 0.0 ], [ 283620.54, 4158746.75, 1.39 ], [ 283636.07, 4158765.26, 0.0 ], [ 283634.54, 4158766.44, 0.0 ], [ 283634.54, 4158766.44, 0.17 ] ], "f": [ [ [ 11, 4, 2, 3 ] ], [ [ 14, 8, 6, 13 ] ], [ [ 12, 5, 7, 9, 15, 0, 1, 10 ] ], [ [ 7, 6, 8, 9 ] ], [ [ 10, 11, 3, 12 ] ], [ [ 9, 8, 14, 15 ] ] ] }, "roof_props": null, "wall_color": "concrete", "type": "yes", "landmark": null, "footprint_source": "osm", "source_updated": null, "is_part": false, "parent": null, "hidden": false, "addr": "900 West Broad Street", "wikidata": null, "website": null, "zoning": "B-4", "lidar_p90": 9.5, "ground_z": 55.54 }, "geometry": { "type": "Polygon", "coordinates": [ [ [ 283631.35, 4158768.89 ], [ 283636.07, 4158765.26 ], [ 283620.79, 4158745.54 ], [ 283616.13, 4158749.23 ], [ 283631.35, 4158768.89 ] ] ] } },
{ "type": "Feature", "properties": { "id": "osm:way/326703365", "name": null, "height": 7.49, "min_height": 0.0, "levels": null, "height_source": "lidar", "roof_shape": "flat", "roof_height": 0.66, "roof_azimuth": null, "roof_source": "lod2", "roof_color": "slate", "roof_color_source": "ortho", "lod2_roof": { "v": [ [ 283653.79, 4158766.75, 0.63 ], [ 283647.39, 4158758.72, 0.66 ], [ 283661.44, 4158760.7, 0.0 ], [ 283655.28, 4158752.5, 0.0 ] ], "f": [ [ [ 3, 2, 0, 1 ] ] ] }, "roof_props": null, "wall_color": "sand", "type": "yes", "landmark": null, "footprint_source": "osm", "source_updated": null, "is_part": false, "parent": null, "hidden": false, "addr": "301 Goshen Street", "wikidata": null, "website": null, "zoning": "B-4", "lidar_p90": 8.02, "ground_z": 55.24 }, "geometry": { "type": "Polygon", "coordinates": [ [ [ 283653.79, 4158766.75 ], [ 283662.49, 4158759.87 ], [ 283656.1, 4158751.85 ], [ 283647.39, 4158758.72 ], [ 283653.79, 4158766.75 ] ] ] } },
{ "type": "Feature", "properties": { "id": "osm:way/326703377", "name": null, "height": 8.33, "min_height": 0.0, "levels": null, "height_source": "lidar", "roof_shape": "gable", "roof_height": 1.27, "roof_azimuth": 52.8, "roof_source": "lod2", "roof_color": "roof_flat", "roof_color_source": "ortho", "lod2_roof": { "v": [ [ 283631.35, 4158768.88, 0.0 ], [ 283627.37, 4158771.95, 0.03 ], [ 283616.85, 4158750.15, 0.96 ], [ 283612.72, 4158753.06, 1.27 ] ], "f": [ [ [ 3, 2, 0, 1 ] ] ] }, "roof_props": null, "wall_color": "terracotta", "type": "yes", "landmark": null, "footprint_source": "osm", "source_updated": null, "is_part": false, "parent": null, "hidden": false, "addr": "902 West Broad Street", "wikidata": null, "website": null, "zoning": "B-4", "lidar_p90": 9.96, "ground_z": 55.67 }, "geometry": { "type": "Polygon", "coordinates": [ [ [ 283631.35, 4158768.89 ], [ 283616.13, 4158749.23 ], [ 283612.16, 4158752.34 ], [ 283627.37, 4158771.95 ], [ 283631.35, 4158768.89 ] ] ] } },
{ "type": "Feature", "properties": { "id": "osm:way/1131779222", "name": null, "height": 3.76, "min_height": 0.0, "levels": null, "height_source": "lidar", "roof_shape": "flat", "roof_height": 0.24, "roof_azimuth": null, "roof_source": "lod2", "roof_color": "roof_flat", "roof_color_source": "ortho", "lod2_roof": { "v": [ [ 283692.12, 4158755.24, 0.24 ], [ 283696.22, 4158752.11, 0.04 ], [ 283707.53, 4158775.23, 0.21 ], [ 283711.86, 4158771.92, 0.0 ] ], "f": [ [ [ 1, 3, 2, 0 ] ] ] }, "roof_props": null, "wall_color": "concrete", "type": "yes", "landmark": null, "footprint_source": "osm", "source_updated": null, "is_part": false, "parent": null, "hidden": false, "addr": "811 West Marshall Street", "wikidata": null, "website": null, "zoning": "R-63", "lidar_p90": 3.83, "ground_z": 54.69 }, "geometry": { "type": "Polygon", "coordinates": [ [ [ 283697.99, 4158750.76 ], [ 283692.12, 4158755.24 ], [ 283707.53, 4158775.23 ], [ 283713.39, 4158770.74 ], [ 283697.99, 4158750.76 ] ] ] } },
{ "type": "Feature", "properties": { "id": "osm:way/326703378", "name": null, "height": 8.09, "min_height": 0.0, "levels": null, "height_source": "lidar", "roof_shape": "skillion", "roof_height": 2.07, "roof_azimuth": 48.2, "roof_source": "lod2", "roof_color": "slate", "roof_color_source": "ortho", "lod2_roof": { "v": [ [ 283625.71, 4158773.22, 0.0 ], [ 283621.85, 4158776.19, 0.0 ], [ 283610.12, 4158755.62, 1.96 ], [ 283610.12, 4158755.62, 0.99 ], [ 283610.12, 4158755.62, 0.0 ], [ 283611.33, 4158754.7, 0.0 ], [ 283611.33, 4158754.7, 2.03 ], [ 283611.95, 4158754.23, 1.36 ], [ 283611.95, 4158754.23, 0.0 ], [ 283613.0, 4158753.42, 0.0 ], [ 283613.0, 4158753.42, 1.36 ], [ 283611.16, 4158753.11, 0.0 ], [ 283617.09, 4158761.57, 1.57 ], [ 283617.09, 4158761.57, 0.88 ], [ 283616.86, 4158761.79, 1.56 ], [ 283617.55, 4158762.69, 0.44 ], [ 283617.55, 4158762.69, 1.5 ], [ 283612.16, 4158752.34, 0.0 ], [ 283618.39, 4158760.37, 0.89 ], [ 283616.53, 4158763.67, 0.48 ], [ 283616.53, 4158763.67, 1.42 ], [ 283607.23, 4158757.32, 1.13 ], [ 283609.84, 4158754.88, 0.0 ], [ 283611.95, 4158754.23, 2.07 ], [ 283609.66, 4158755.04, 0.0 ], [ 283609.66, 4158755.04, 1.02 ] ], "f": [ [ [ 11, 17, 9, 8 ] ], [ [ 10, 18, 13, 7 ] ], [ [ 4, 24, 22, 5 ] ], [ [ 20, 2, 6, 23, 12, 14, 16 ] ], [ [ 3, 19, 15, 0, 1, 21, 25 ] ], [ [ 2, 3, 4, 5, 6 ] ], [ [ 7, 8, 9, 10 ] ], [ [ 16, 15, 19, 20 ] ], [ [ 23, 7, 13, 12 ] ], [ [ 25, 24, 4, 3 ] ], [ [ 20, 19, 3, 2 ] ] ] }, "roof_props": null, "wall_color": "cream", "type": "yes", "landmark": null, "footprint_source": "osm", "source_updated": null, "is_part": false, "parent": null, "hidden": false, "addr": "904 West Broad Street", "wikidata": null, "website": null, "zoning": "B-4", "lidar_p90": 9.77, "ground_z": 55.81 }, "geometry": { "type": "Polygon", "coordinates": [ [ [ 283618.39, 4158760.37 ], [ 283612.16, 4158752.34 ], [ 283606.66, 4158756.59 ], [ 283621.85, 4158776.2 ], [ 283625.71, 4158773.22 ], [ 283616.86, 4158761.79 ], [ 283618.39, 4158760.37 ] ] ] } },
{ "type": "Feature", "properties": { "id": "osm:way/326703382", "name": "VCU Center for Cultural Experiences in Prevention", "height": 7.69, "min_height": 0.0, "levels": null, "height_source": "lidar", "roof_shape": "flat", "roof_height": 1.46, "roof_azimuth": null, "roof_source": "lod2", "roof_color": "roof_flat", "roof_color_source": "ortho", "lod2_roof": { "v": [ [ 283615.14, 4158770.33, 0.73 ], [ 283615.14, 4158770.33, 0.0 ], [ 283606.17, 4158758.76, 0.23 ], [ 283606.17, 4158758.76, 1.46 ], [ 283614.97, 4158770.47, 0.74 ], [ 283614.97, 4158770.47, 0.0 ], [ 283616.8, 4158772.47, 0.0 ], [ 283614.29, 4158774.44, 0.0 ], [ 283618.14, 4158771.42, 0.53 ], [ 283616.8, 4158772.47, 0.59 ], [ 283615.79, 4158771.17, 0.68 ], [ 283615.79, 4158771.17, 0.0 ], [ 283614.97, 4158770.47, 0.0 ], [ 283612.67, 4158772.35, 0.0 ], [ 283612.67, 4158772.35, 0.0 ], [ 283607.66, 4158757.88, 1.39 ], [ 283603.42, 4158760.39, 0.26 ] ], "f": [ [ [ 14, 16, 2, 1, 5 ] ], [ [ 9, 10, 4, 0, 3, 15, 8 ] ], [ [ 11, 6, 7, 13, 12 ] ], [ [ 0, 1, 2, 3 ] ], [ [ 4, 5, 1, 0 ] ], [ [ 10, 11, 12, 5, 4 ] ], [ [ 5, 12, 13, 14 ] ], [ [ 9, 6, 11, 10 ] ] ] }, "roof_props": null, "wall_color": "cream", "type": "yes", "landmark": null, "footprint_source": "osm", "source_updated": null, "is_part": false, "parent": null, "hidden": false, "addr": "906 West Broad Street", "wikidata": null, "website": "https://maps.vcu.edu/monroepark/culturalexp/", "zoning": "B-4", "lidar_p90": 9.92, "ground_z": 55.84 }, "geometry": { "type": "Polygon", "coordinates": [ [ [ 283614.29, 4158774.44 ], [ 283618.14, 4158771.42 ], [ 283606.66, 4158756.59 ], [ 283602.84, 4158759.65 ], [ 283614.29, 4158774.44 ] ] ] } },
{ "type": "Feature", "properties": { "id": "osm:way/326703363", "name": null, "height": 7.51, "min_height": 0.0, "levels": null, "height_source": "lidar", "roof_shape": "skillion", "roof_height": 0.84, "roof_azimuth": 168.3, "roof_source": "lod2", "roof_color": "slate", "roof_color_source": "ortho", "lod2_roof": { "v": [ [ 283661.02, 4158761.03, 0.07 ], [ 283665.91, 4158766.4, 0.0 ], [ 283658.3, 4158772.41, 0.81 ], [ 283653.79, 4158766.75, 0.84 ] ], "f": [ [ [ 2, 3, 0, 1 ] ] ] }, "roof_props": null, "wall_color": "sand", "type": "yes", "landmark": null, "footprint_source": "osm", "source_updated": null, "is_part": false, "parent": null, "hidden": false, "addr": null, "wikidata": null, "website": null, "zoning": "B-4", "lidar_p90": 8.59, "ground_z": 54.91 }, "geometry": { "type": "Polygon", "coordinates": [ [ [ 283658.3, 4158772.41 ], [ 283666.73, 4158765.75 ], [ 283662.21, 4158760.09 ], [ 283653.79, 4158766.75 ], [ 283658.3, 4158772.41 ] ] ] } },
{ "type": "Feature", "properties": { "id": "osm:way/229623340", "name": null, "height": 6.71, "min_height": 0.0, "levels": null, "height_source": "lidar", "roof_shape": "flat", "roof_height": 0.62, "roof_azimuth": null, "roof_source": "lod2", "roof_color": "roof_flat", "roof_color_source": "ortho", "lod2_roof": { "v": [ [ 283730.55, 4158778.26, 0.59 ], [ 283726.76, 4158773.68, 0.0 ], [ 283726.76, 4158773.68, 0.6 ], [ 283738.29, 4158754.56, 0.61 ], [ 283738.29, 4158754.56, 0.0 ], [ 283743.03, 4158760.22, 0.0 ], [ 283743.03, 4158760.22, 0.6 ], [ 283731.71, 4158769.32, 0.6 ], [ 283731.71, 4158769.32, 0.0 ], [ 283726.86, 4158762.87, 0.0 ], [ 283726.86, 4158762.87, 0.62 ], [ 283716.64, 4158761.44, 0.0 ], [ 283738.15, 4158743.79, 0.0 ], [ 283751.27, 4158761.26, 0.58 ], [ 283748.81, 4158756.07, 0.6 ], [ 283748.26, 4158756.47, 0.0 ], [ 283748.26, 4158756.47, 0.6 ], [ 283728.66, 4158756.5, 0.0 ], [ 283728.66, 4158756.5, 0.0 ], [ 283727.19, 4158755.07, 0.0 ], [ 283727.19, 4158755.07, 0.0 ], [ 283729.9, 4158752.97, 0.0 ], [ 283729.9, 4158752.97, 0.0 ], [ 283730.92, 4158754.26, 0.0 ], [ 283730.92, 4158754.26, 0.0 ] ], "f": [ [ [ 10, 3, 6, 16, 14, 13, 0, 2, 7 ] ], [ [ 20, 21, 24, 17 ] ], [ [ 12, 15, 5, 4, 9, 8, 1, 11 ], [ 22, 19, 18, 23 ] ], [ [ 3, 4, 5, 6 ] ], [ [ 7, 8, 9, 10 ] ], [ [ 2, 1, 8, 7 ] ], [ [ 6, 5, 15, 16 ] ], [ [ 17, 18, 19, 20 ] ], [ [ 10, 9, 4, 3 ] ], [ [ 21, 22, 23, 24 ] ], [ [ 24, 23, 18, 17 ] ], [ [ 20, 19, 22, 21 ] ] ] }, "roof_props": null, "wall_color": "sand", "type": "yes", "landmark": null, "footprint_source": "osm", "source_updated": null, "is_part": false, "parent": null, "hidden": false, "addr": "801 West Marshall Street", "wikidata": null, "website": null, "zoning": "R-63", "lidar_p90": 7.05, "ground_z": 54.05 }, "geometry": { "type": "Polygon", "coordinates": [ [ [ 283752.85, 4158759.97 ], [ 283738.93, 4158743.15 ], [ 283716.64, 4158761.44 ], [ 283730.55, 4158778.26 ], [ 283752.85, 4158759.97 ] ] ] } },
{ "type": "Feature", "properties": { "id": "osm:way/229623362", "name": null, "height": 7.66, "min_height": 0.0, "levels": null, "height_source": "lidar", "roof_shape": "flat", "roof_height": 0.67, "roof_azimuth": null, "roof_source": "lod2", "roof_color": "roof_flat", "roof_color_source": "ortho", "lod2_roof": { "v": [ [ 283756.6, 4158804.35, 0.0 ], [ 283752.89, 4158807.26, 0.0 ], [ 283755.18, 4158799.49, 0.0 ], [ 283750.97, 4158790.45, 0.67 ], [ 283756.78, 4158797.82, 0.04 ], [ 283749.83, 4158791.37, 0.65 ], [ 283749.83, 4158791.37, 0.0 ], [ 283749.75, 4158803.28, 0.0 ], [ 283747.79, 4158804.8, 0.0 ], [ 283754.98, 4158799.23, 0.02 ], [ 283742.08, 4158797.57, 0.0 ], [ 283742.08, 4158797.57, 0.57 ], [ 283741.09, 4158796.31, 0.0 ], [ 283749.6, 4158789.98, 0.0 ] ], "f": [ [ [ 11, 5, 3, 4, 9, 2, 0, 1, 7, 8 ] ], [ [ 6, 10, 12, 13 ] ], [ [ 11, 10, 6, 5 ] ] ] }, "roof_props": null, "wall_color": "brick", "type": "house", "landmark": null, "footprint_source": "osm", "source_updated": null, "is_part": false, "parent": null, "hidden": false, "addr": "806 W Marshall St", "wikidata": null, "website": null, "zoning": "R-8", "lidar_p90": 7.87, "ground_z": 53.61 }, "geometry": { "type": "Polygon", "coordinates": [ [ [ 283749.43, 4158788.49 ], [ 283740.46, 4158795.51 ], [ 283747.79, 4158804.81 ], [ 283749.75, 4158803.28 ], [ 283752.89, 4158807.26 ], [ 283758.09, 4158803.18 ], [ 283754.98, 4158799.23 ], [ 283756.78, 4158797.82 ], [ 283749.43, 4158788.49 ] ] ] } },
{ "type": "Feature", "properties": { "id": "osm:way/326703360", "name": null, "height": 7.42, "min_height": 0.0, "levels": null, "height_source": "lidar", "roof_shape": "flat", "roof_height": 0.55, "roof_azimuth": null, "roof_source": "lod2", "roof_color": "roof_flat", "roof_color_source": "ortho", "lod2_roof": { "v": [ [ 283608.32, 4158774.32, 0.0 ], [ 283599.87, 4158763.41, 0.55 ], [ 283603.6, 4158760.63, 0.53 ], [ 283612.0, 4158771.49, 0.0 ] ], "f": [ [ [ 3, 0, 1, 2 ] ] ] }, "roof_props": null, "wall_color": "sand", "type": "yes", "landmark": null, "footprint_source": "osm", "source_updated": null, "is_part": false, "parent": null, "hidden": false, "addr": "1 -1/2 West Broad Street", "wikidata": null, "website": null, "zoning": "B-4", "lidar_p90": 7.89, "ground_z": 55.93 }, "geometry": { "type": "Polygon", "coordinates": [ [ [ 283608.32, 4158774.32 ], [ 283612.0, 4158771.49 ], [ 283602.84, 4158759.65 ], [ 283599.15, 4158762.47 ], [ 283608.32, 4158774.32 ] ] ] } },
{ "type": "Feature", "properties": { "id": "osm:way/326703379", "name": null, "height": 7.07, "min_height": 0.0, "levels": null, "height_source": "lidar", "roof_shape": "flat", "roof_height": 0.72, "roof_azimuth": null, "roof_source": "lod2", "roof_color": "roof_flat", "roof_color_source": "ortho", "lod2_roof": { "v": [ [ 283598.28, 4158776.28, 0.0 ], [ 283592.26, 4158768.51, 0.57 ], [ 283599.51, 4158762.94, 0.72 ], [ 283605.66, 4158770.89, 0.0 ] ], "f": [ [ [ 3, 0, 1, 2 ] ] ] }, "roof_props": null, "wall_color": "sand", "type": "yes", "landmark": null, "footprint_source": "osm", "source_updated": null, "is_part": false, "parent": null, "hidden": false, "addr": "910 West Broad Street", "wikidata": null, "website": null, "zoning": "B-4", "lidar_p90": 7.8, "ground_z": 56.01 }, "geometry": { "type": "Polygon", "coordinates": [ [ [ 283598.28, 4158776.28 ], [ 283605.66, 4158770.89 ], [ 283599.15, 4158762.47 ], [ 283592.07, 4158768.25 ], [ 283598.28, 4158776.28 ] ] ] } },
{ "type": "Feature", "properties": { "id": "osm:way/326703358", "name": null, "height": 4.33, "min_height": 0.0, "levels": null, "height_source": "lidar", "roof_shape": "flat", "roof_height": 4.56, "roof_azimuth": null, "roof_source": "lod2", "roof_color": "slate", "roof_color_source": "ortho", "lod2_roof": { "v": [ [ 283630.14, 4158775.52, 0.0 ], [ 283628.09, 4158772.88, 0.0 ], [ 283634.59, 4158766.4, 4.16 ], [ 283634.59, 4158766.4, 0.0 ], [ 283635.14, 4158766.98, 0.0 ], [ 283635.14, 4158766.98, 3.95 ], [ 283635.16, 4158765.96, 0.0 ], [ 283628.09, 4158772.88, 4.26 ], [ 283627.37, 4158771.95, 4.56 ], [ 283637.8, 4158769.38, 0.0 ], [ 283638.07, 4158769.43, 0.0 ] ], "f": [ [ [ 8, 2, 5, 7 ] ], [ [ 6, 9, 10, 0, 1, 4, 3 ] ], [ [ 2, 3, 4, 5 ] ], [ [ 5, 4, 1, 7 ] ] ] }, "roof_props": null, "wall_color": "concrete", "type": "yes", "landmark": null, "footprint_source": "osm", "source_updated": null, "is_part": false, "parent": null, "hidden": false, "addr": null, "wikidata": null, "website": null, "zoning": "B-4", "lidar_p90": 7.94, "ground_z": 55.36 }, "geometry": { "type": "Polygon", "coordinates": [ [ [ 283630.14, 4158775.52 ], [ 283638.84, 4158768.83 ], [ 283636.07, 4158765.26 ], [ 283627.37, 4158771.95 ], [ 283630.14, 4158775.52 ] ] ] } },
{ "type": "Feature", "properties": { "id": "osm:way/326703381", "name": null, "height": 8.25, "min_height": 0.0, "levels": null, "height_source": "lidar", "roof_shape": "gable", "roof_height": 1.15, "roof_azimuth": 38.2, "roof_source": "lod2", "roof_color": "roof_flat", "roof_color_source": "ortho", "lod2_roof": { "v": [ [ 283596.23, 4158788.67, 0.0 ], [ 283584.89, 4158774.25, 0.99 ], [ 283589.75, 4158772.86, 0.91 ], [ 283599.75, 4158785.77, 0.0 ], [ 283596.01, 4158785.04, 1.01 ], [ 283596.01, 4158785.04, 0.0 ], [ 283596.83, 4158785.47, 0.0 ], [ 283596.83, 4158785.47, 0.91 ], [ 283595.44, 4158786.44, 1.15 ], [ 283595.44, 4158786.44, 0.0 ], [ 283596.74, 4158787.23, 0.0 ], [ 283596.74, 4158787.23, 1.0 ] ], "f": [ [ [ 3, 0, 1, 2 ], [ 6, 5, 9, 10 ] ], [ [ 11, 8, 4, 7 ] ], [ [ 4, 5, 6, 7 ] ], [ [ 8, 9, 5, 4 ] ], [ [ 7, 6, 10, 11 ] ], [ [ 11, 10, 9, 8 ] ] ] }, "roof_props": null, "wall_color": "terracotta", "type": "yes", "landmark": null, "footprint_source": "osm", "source_updated": null, "is_part": false, "parent": null, "hidden": false, "addr": "916 West Broad Street", "wikidata": null, "website": null, "zoning": "B-4", "lidar_p90": 9.59, "ground_z": 56.19 }, "geometry": { "type": "Polygon", "coordinates": [ [ [ 283596.23, 4158788.67 ], [ 283599.75, 4158785.77 ], [ 283588.45, 4158771.18 ], [ 283584.73, 4158774.05 ], [ 283596.23, 4158788.67 ] ] ] } },
{ "type": "Feature", "properties": { "id": "osm:way/326703366", "name": null, "height": 3.83, "min_height": 0.0, "levels": null, "height_source": "lidar", "roof_shape": "gable", "roof_height": 5.16, "roof_azimuth": 52.8, "roof_source": "lod2", "roof_color": "roof_flat", "roof_color_source": "ortho", "lod2_roof": { "v": [ [ 283591.74, 4158770.43, 5.16 ], [ 283591.74, 4158770.43, 3.48 ], [ 283602.9, 4158784.79, 1.74 ], [ 283602.9, 4158784.79, 3.74 ], [ 283600.7, 4158786.98, 3.68 ], [ 283600.7, 4158786.98, 0.77 ], [ 283589.43, 4158772.45, 5.12 ], [ 283604.02, 4158783.68, 1.7 ], [ 283602.9, 4158784.79, 0.8 ], [ 283603.0, 4158784.92, 0.79 ], [ 283604.04, 4158784.28, 0.79 ], [ 283604.7, 4158787.11, 0.62 ], [ 283608.35, 4158796.86, 0.0 ], [ 283610.81, 4158794.97, 0.01 ], [ 283590.83, 4158769.25, 3.63 ], [ 283592.07, 4158768.25, 3.57 ] ], "f": [ [ [ 11, 13, 12, 5, 8, 9, 10 ] ], [ [ 6, 0, 3, 4 ] ], [ [ 15, 7, 2, 1, 14 ] ], [ [ 0, 1, 2, 3 ] ], [ [ 3, 2, 8, 5, 4 ] ] ] }, "roof_props": null, "wall_color": "brick", "type": "yes", "landmark": null, "footprint_source": "osm", "source_updated": null, "is_part": false, "parent": null, "hidden": false, "addr": "914 W Broad St", "wikidata": null, "website": null, "zoning": "B-4", "lidar_p90": 9.15, "ground_z": 56.4 }, "geometry": { "type": "Polygon", "coordinates": [ [ [ 283608.35, 4158796.86 ], [ 283612.04, 4158794.03 ], [ 283592.07, 4158768.25 ], [ 283588.45, 4158771.18 ], [ 283608.35, 4158796.86 ] ] ] } },
{ "type": "Feature", "properties": { "id": "osm:way/229623344", "name": null, "height": 7.32, "min_height": 0.0, "levels": null, "height_source": "lidar", "roof_shape": "flat", "roof_height": 0.85, "roof_azimuth": null, "roof_source": "lod2", "roof_color": "roof_flat", "roof_color_source": "ortho", "lod2_roof": { "v": [ [ 283673.6, 4158778.5, 0.0 ], [ 283673.6, 4158778.5, 0.0 ], [ 283681.86, 4158788.99, 0.0 ], [ 283681.86, 4158788.99, 0.0 ], [ 283673.57, 4158795.21, 0.79 ], [ 283682.66, 4158788.4, 0.0 ], [ 283669.85, 4158773.74, 0.0 ], [ 283671.38, 4158773.49, 0.0 ], [ 283661.05, 4158778.65, 0.85 ], [ 283671.91, 4158776.92, 0.0 ], [ 283671.91, 4158776.92, 0.0 ], [ 283669.85, 4158773.74, 0.0 ], [ 283671.73, 4158776.13, 0.0 ], [ 283671.73, 4158776.13, 0.0 ], [ 283669.05, 4158772.72, 0.0 ] ], "f": [ [ [ 8, 14, 11, 13, 9, 0, 3, 4 ] ], [ [ 7, 5, 2, 1, 10, 12, 6 ] ], [ [ 0, 1, 2, 3 ] ], [ [ 9, 10, 1, 0 ] ], [ [ 11, 6, 12, 13 ] ], [ [ 13, 12, 10, 9 ] ] ] }, "roof_props": null, "wall_color": "terracotta", "type": "yes", "landmark": null, "footprint_source": "osm", "source_updated": null, "is_part": false, "parent": null, "hidden": false, "addr": "311 Goshen St", "wikidata": null, "website": null, "zoning": "R-63", "lidar_p90": 7.81, "ground_z": 54.77 }, "geometry": { "type": "Polygon", "coordinates": [ [ [ 283682.66, 4158788.4 ], [ 283668.74, 4158770.0 ], [ 283659.66, 4158776.81 ], [ 283673.57, 4158795.21 ], [ 283682.66, 4158788.4 ] ] ] } },
{ "type": "Feature", "properties": { "id": "osm:way/229623343", "name": null, "height": 4.5, "min_height": 0.0, "levels": null, "height_source": "lidar", "roof_shape": "flat", "roof_height": 0.15, "roof_azimuth": null, "roof_source": "lod2", "roof_color": "roof_flat", "roof_color_source": "ortho", "lod2_roof": { "v": [ [ 283695.92, 4158797.23, 0.07 ], [ 283694.58, 4158795.45, 0.06 ], [ 283706.4, 4158789.41, 0.15 ], [ 283691.71, 4158797.59, 0.04 ], [ 283698.61, 4158779.21, 0.11 ], [ 283685.47, 4158789.3, 0.0 ] ], "f": [ [ [ 3, 5, 4, 2, 0, 1 ] ] ] }, "roof_props": null, "wall_color": "brick", "type": "yes", "landmark": null, "footprint_source": "osm", "source_updated": null, "is_part": false, "parent": null, "hidden": false, "addr": "819 W Marshall St", "wikidata": null, "website": null, "zoning": "R-63", "lidar_p90": 4.59, "ground_z": 54.58 }, "geometry": { "type": "Polygon", "coordinates": [ [ [ 283694.58, 4158795.45 ], [ 283695.92, 4158797.23 ], [ 283707.09, 4158788.9 ], [ 283698.38, 4158777.3 ], [ 283684.33, 4158787.78 ], [ 283691.71, 4158797.59 ], [ 283694.58, 4158795.45 ] ] ] } },
{ "type": "Feature", "properties": { "id": "osm:way/226503213", "name": null, "height": 8.43, "min_height": 0.0, "levels": null, "height_source": "lidar", "roof_shape": "gable", "roof_height": 2.4, "roof_azimuth": 127.8, "roof_source": "lod2", "roof_color": "roof_flat", "roof_color_source": "ortho", "lod2_roof": { "v": [ [ 283619.75, 4158803.14, 0.55 ], [ 283616.68, 4158799.22, 2.4 ], [ 283643.92, 4158777.71, 2.36 ], [ 283644.82, 4158779.09, 1.75 ], [ 283647.67, 4158781.47, 0.4 ], [ 283612.78, 4158794.24, 0.04 ], [ 283640.51, 4158772.33, 0.0 ], [ 283644.41, 4158777.31, 2.36 ], [ 283647.59, 4158781.38, 0.45 ] ], "f": [ [ [ 7, 2, 1, 5, 6 ] ], [ [ 3, 8, 4, 0, 1, 2 ] ] ] }, "roof_props": null, "wall_color": "cream", "type": "yes", "landmark": null, "footprint_source": "osm", "source_updated": null, "is_part": false, "parent": null, "hidden": false, "addr": "302 Goshen St", "wikidata": null, "website": null, "zoning": "B-4", "lidar_p90": 10.45, "ground_z": 55.46 }, "geometry": { "type": "Polygon", "coordinates": [ [ [ 283619.75, 4158803.15 ], [ 283647.67, 4158781.47 ], [ 283640.33, 4158772.09 ], [ 283612.4, 4158793.76 ], [ 283619.75, 4158803.15 ] ] ] } },
{ "type": "Feature", "properties": { "id": "osm:way/964995763", "name": null, "height": 6.78, "min_height": 0.0, "levels": null, "height_source": "lidar", "roof_shape": "flat", "roof_height": 0.6, "roof_azimuth": null, "roof_source": "lod2", "roof_color": "roof_flat", "roof_color_source": "ortho", "lod2_roof": { "v": [ [ 283644.92, 4158791.99, 0.0 ], [ 283651.25, 4158786.7, 0.6 ], [ 283653.82, 4158790.01, 0.56 ], [ 283647.31, 4158795.04, 0.0 ] ], "f": [ [ [ 2, 3, 0, 1 ] ] ] }, "roof_props": null, "wall_color": "terracotta", "type": "yes", "landmark": null, "footprint_source": "osm", "source_updated": null, "is_part": false, "parent": null, "hidden": false, "addr": "312 Goshen Street", "wikidata": null, "website": null, "zoning": "R-63", "lidar_p90": 7.38, "ground_z": 54.96 }, "geometry": { "type": "Polygon", "coordinates": [ [ [ 283653.82, 4158790.01 ], [ 283650.48, 4158785.71 ], [ 283643.96, 4158790.75 ], [ 283647.31, 4158795.04 ], [ 283653.82, 4158790.01 ] ] ] } },
{ "type": "Feature", "properties": { "id": "osm:way/229623342", "name": null, "height": 7.59, "min_height": 0.0, "levels": null, "height_source": "lidar", "roof_shape": "flat", "roof_height": 0.66, "roof_azimuth": null, "roof_source": "lod2", "roof_color": "slate", "roof_color_source": "ortho", "lod2_roof": { "v": [ [ 283693.45, 4158803.07, 0.66 ], [ 283684.57, 4158809.74, 0.55 ], [ 283684.89, 4158791.76, 0.07 ], [ 283675.88, 4158798.26, 0.0 ] ], "f": [ [ [ 3, 2, 0, 1 ] ] ] }, "roof_props": null, "wall_color": "cream", "type": "yes", "landmark": null, "footprint_source": "osm", "source_updated": null, "is_part": false, "parent": null, "hidden": false, "addr": "821 W Marshall St", "wikidata": null, "website": null, "zoning": "R-63", "lidar_p90": 8.1, "ground_z": 54.32 }, "geometry": { "type": "Polygon", "coordinates": [ [ [ 283683.57, 4158790.02 ], [ 283674.69, 4158796.69 ], [ 283684.57, 4158809.74 ], [ 283693.45, 4158803.07 ], [ 283683.57, 4158790.02 ] ] ] } },
{ "type": "Feature", "properties": { "id": "richmond_structure:386446", "name": null, "height": 7.93, "min_height": 0.0, "levels": null, "height_source": "lidar", "roof_shape": "flat", "roof_height": 0.0, "roof_azimuth": null, "roof_source": "lidar", "roof_color": "roof_flat", "roof_color_source": "heuristic", "lod2_roof": null, "roof_props": null, "wall_color": "terracotta", "type": "yes", "landmark": null, "footprint_source": "richmond_structures", "source_updated": "2026-09-08T12:07:13.637000Z", "is_part": false, "parent": null, "hidden": false, "addr": "812 W Marshall St", "wikidata": null, "website": null, "zoning": "R-63", "lidar_p90": 8.01, "ground_z": 53.96 }, "geometry": { "type": "Polygon", "coordinates": [ [ [ 283742.0, 4158816.7 ], [ 283745.18, 4158814.21 ], [ 283734.21, 4158800.19 ], [ 283731.03, 4158802.68 ], [ 283742.0, 4158816.7 ] ] ] } },
{ "type": "Feature", "properties": { "id": "osm:way/229623363", "name": null, "height": 5.43, "min_height": 0.0, "levels": null, "height_source": "lidar", "roof_shape": "flat", "roof_height": 0.14, "roof_azimuth": null, "roof_source": "lod2", "roof_color": "roof_flat", "roof_color_source": "ortho", "lod2_roof": { "v": [ [ 283729.89, 4158805.06, 0.07 ], [ 283755.64, 4158837.96, 0.0 ], [ 283736.88, 4158852.52, 0.05 ], [ 283735.09, 4158850.23, 0.05 ], [ 283705.74, 4158821.11, 0.14 ], [ 283731.01, 4158853.4, 0.07 ] ], "f": [ [ [ 5, 4, 0, 1, 2, 3 ] ] ] }, "roof_props": null, "wall_color": "terracotta", "type": "yes", "landmark": null, "footprint_source": "osm", "source_updated": null, "is_part": false, "parent": null, "hidden": false, "addr": "816 W Marshall St", "wikidata": null, "website": null, "zoning": "R-63", "lidar_p90": 5.93, "ground_z": 53.45 }, "geometry": { "type": "Polygon", "coordinates": [ [ [ 283704.82, 4158819.94 ], [ 283731.01, 4158853.4 ], [ 283735.09, 4158850.23 ], [ 283736.88, 4158852.52 ], [ 283755.64, 4158837.96 ], [ 283727.66, 4158802.21 ], [ 283704.82, 4158819.94 ] ] ] } },
{ "type": "Feature", "properties": { "id": "osm:way/327205890", "name": "Ramz Hall", "height": 20.35, "min_height": 0.0, "levels": 5.0, "height_source": "osm_height", "roof_shape": "flat", "roof_height": 0.0, "roof_azimuth": null, "roof_source": "lidar", "roof_color": "concrete", "roof_color_source": "ortho", "lod2_roof": null, "roof_props": null, "wall_color": "terracotta", "type": "apartments", "landmark": null, "footprint_source": "osm", "source_updated": null, "is_part": false, "parent": null, "hidden": false, "addr": "933 W Broad St", "wikidata": null, "website": null, "zoning": "B-4", "lidar_p90": 17.69, "ground_z": 56.41 }, "geometry": { "type": "Polygon", "coordinates": [ [ [ 283568.58, 4158717.53 ], [ 283535.95, 4158743.53 ], [ 283532.73, 4158739.52 ], [ 283529.7, 4158741.93 ], [ 283532.92, 4158745.93 ], [ 283501.41, 4158771.04 ], [ 283502.48, 4158772.38 ], [ 283500.31, 4158774.11 ], [ 283510.95, 4158787.37 ], [ 283580.29, 4158732.12 ], [ 283568.58, 4158717.53 ] ] ] } },
{ "type": "Feature", "properties": { "id": "osm:way/751167417", "name": null, "height": 3.45, "min_height": 0.0, "levels": null, "height_source": "lidar", "roof_shape": "flat", "roof_height": 0.0, "roof_azimuth": null, "roof_source": "heuristic", "roof_color": "roof_flat", "roof_color_source": "heuristic", "lod2_roof": null, "roof_props": null, "wall_color": "sand", "type": "yes", "landmark": null, "footprint_source": "osm", "source_updated": null, "is_part": false, "parent": null, "hidden": false, "addr": null, "wikidata": null, "website": null, "zoning": "B-4", "lidar_p90": 3.88, "ground_z": 56.53 }, "geometry": { "type": "Polygon", "coordinates": [ [ [ 283565.2, 4158765.98 ], [ 283563.55, 4158763.9 ], [ 283549.31, 4158775.13 ], [ 283550.97, 4158777.2 ], [ 283565.2, 4158765.98 ] ] ] } },
{ "type": "Feature", "properties": { "id": "osm:way/326703384", "name": "DePillars Building", "height": 16.28, "min_height": 0.0, "levels": 4.0, "height_source": "osm_height", "roof_shape": "flat", "roof_height": 0.0, "roof_azimuth": null, "roof_source": "lidar", "roof_color": "slate", "roof_color_source": "ortho", "lod2_roof": null, "roof_props": null, "wall_color": "sand", "type": "university", "landmark": null, "footprint_source": "osm", "source_updated": null, "is_part": false, "parent": null, "hidden": false, "addr": "1000 West Broad Street", "wikidata": null, "website": null, "zoning": "B-4", "lidar_p90": 14.73, "ground_z": 56.12 }, "geometry": { "type": "Polygon", "coordinates": [ [ [ 283557.71, 4158826.98 ], [ 283599.13, 4158793.43 ], [ 283584.34, 4158774.33 ], [ 283478.18, 4158858.61 ], [ 283493.2, 4158877.4 ], [ 283557.71, 4158826.98 ] ] ] } },
{ "type": "Feature", "properties": { "id": "osm:way/229623371", "name": null, "height": 6.42, "min_height": 0.0, "levels": null, "height_source": "lidar", "roof_shape": "flat", "roof_height": 2.35, "roof_azimuth": null, "roof_source": "lod2", "roof_color": "roof_flat", "roof_color_source": "ortho", "lod2_roof": { "v": [ [ 283593.97, 4158883.55, 0.23 ], [ 283577.46, 4158896.88, 0.5 ], [ 283594.85, 4158882.84, 2.35 ], [ 283593.97, 4158883.55, 2.34 ], [ 283578.74, 4158888.0, 0.34 ], [ 283578.74, 4158888.0, 0.0 ], [ 283582.28, 4158885.32, 0.0 ], [ 283582.28, 4158885.32, 0.29 ], [ 283568.56, 4158849.93, 1.81 ], [ 283587.17, 4158881.64, 0.21 ], [ 283587.17, 4158881.64, 0.0 ], [ 283590.51, 4158879.12, 0.0 ], [ 283590.51, 4158879.12, 0.16 ], [ 283590.51, 4158879.12, 2.27 ], [ 283568.01, 4158850.34, 1.8 ], [ 283568.01, 4158850.34, 0.0 ], [ 283582.28, 4158885.32, 1.18 ], [ 283559.91, 4158856.48, 0.0 ], [ 283559.91, 4158856.48, 1.19 ], [ 283564.83, 4158852.75, 0.0 ], [ 283568.94, 4158885.73, 0.0 ], [ 283568.94, 4158885.73, 0.32 ], [ 283564.83, 4158852.75, 1.18 ], [ 283587.17, 4158881.64, 1.18 ], [ 283572.88, 4158883.31, 0.27 ], [ 283572.88, 4158883.31, 0.0 ], [ 283570.9, 4158884.8, 0.3 ], [ 283570.9, 4158884.8, 0.0 ], [ 283551.47, 4158862.88, 0.0 ] ], "f": [ [ [ 13, 14, 8, 2, 3 ] ], [ [ 22, 23, 16, 18 ] ], [ [ 10, 19, 15, 11 ] ], [ [ 21, 26, 24, 4, 7, 9, 12, 0, 1 ] ], [ [ 27, 20, 28, 17, 6, 5, 25 ] ], [ [ 4, 5, 6, 7 ] ], [ [ 9, 10, 11, 12 ] ], [ [ 3, 0, 12, 13 ] ], [ [ 13, 12, 11, 15, 14 ] ], [ [ 16, 7, 6, 17, 18 ] ], [ [ 23, 9, 7, 16 ] ], [ [ 22, 19, 10, 9, 23 ] ], [ [ 24, 25, 5, 4 ] ], [ [ 26, 27, 25, 24 ] ], [ [ 21, 20, 27, 26 ] ] ] }, "roof_props": null, "wall_color": "concrete", "type": "yes", "landmark": null, "footprint_source": "osm", "source_updated": null, "is_part": false, "parent": null, "hidden": false, "addr": "1011 West Marshall Street", "wikidata": null, "website": null, "zoning": "R-63", "lidar_p90": 7.15, "ground_z": 55.7 }, "geometry": { "type": "Polygon", "coordinates": [ [ [ 283568.56, 4158849.93 ], [ 283551.47, 4158862.88 ], [ 283577.46, 4158896.88 ], [ 283594.85, 4158882.84 ], [ 283568.56, 4158849.93 ] ] ] } },
{ "type": "Feature", "properties": { "id": "osm:way/229623373", "name": null, "height": 5.04, "min_height": 0.0, "levels": null, "height_source": "lidar", "roof_shape": "flat", "roof_height": 1.46, "roof_azimuth": null, "roof_source": "lod2", "roof_color": "roof_flat", "roof_color_source": "ortho", "lod2_roof": { "v": [ [ 283576.61, 4158897.55, 0.11 ], [ 283551.32, 4158917.38, 0.0 ], [ 283577.46, 4158896.88, 1.4 ], [ 283576.61, 4158897.55, 1.46 ], [ 283524.84, 4158884.31, 0.19 ], [ 283551.47, 4158862.88, 0.31 ], [ 283568.56, 4158887.01, 1.36 ], [ 283568.56, 4158887.01, 0.17 ], [ 283569.36, 4158886.28, 0.18 ], [ 283569.36, 4158886.28, 1.29 ] ], "f": [ [ [ 7, 0, 1, 4, 5, 8 ] ], [ [ 3, 6, 9, 2 ] ], [ [ 6, 7, 8, 9 ] ], [ [ 3, 0, 7, 6 ] ] ] }, "roof_props": null, "wall_color": "sand", "type": "yes", "landmark": null, "footprint_source": "osm", "source_updated": null, "is_part": false, "parent": null, "hidden": false, "addr": null, "wikidata": null, "website": null, "zoning": "R-63", "lidar_p90": 5.5, "ground_z": 55.63 }, "geometry": { "type": "Polygon", "coordinates": [ [ [ 283551.47, 4158862.88 ], [ 283524.84, 4158884.31 ], [ 283551.32, 4158917.39 ], [ 283577.46, 4158896.88 ], [ 283551.47, 4158862.88 ] ] ] } },
{ "type": "Feature", "properties": { "id": "richmond_structure:278051", "name": null, "height": 4.14, "min_height": 0.0, "levels": null, "height_source": "lidar", "roof_shape": "flat", "roof_height": 0.84, "roof_azimuth": null, "roof_source": "lod2", "roof_color": "roof_flat", "roof_color_source": "ortho", "lod2_roof": { "v": [ [ 283550.04, 4158918.44, 0.01 ], [ 283547.72, 4158920.23, 0.02 ], [ 283550.58, 4158918.02, 0.84 ], [ 283550.04, 4158918.44, 0.76 ], [ 283521.63, 4158886.59, 0.02 ], [ 283523.92, 4158884.81, 0.0 ], [ 283524.7, 4158884.21, 0.84 ], [ 283523.92, 4158884.81, 0.72 ] ], "f": [ [ [ 5, 0, 1, 4 ] ], [ [ 3, 7, 6, 2 ] ], [ [ 3, 0, 5, 7 ] ] ] }, "roof_props": null, "wall_color": "cream", "type": "yes", "landmark": null, "footprint_source": "richmond_structures", "source_updated": "2026-09-08T12:07:13.637000Z", "is_part": false, "parent": null, "hidden": false, "addr": null, "wikidata": null, "website": null, "zoning": "R-63", "lidar_p90": 4.78, "ground_z": 55.66 }, "geometry": { "type": "Polygon", "coordinates": [ [ [ 283524.69, 4158884.21 ], [ 283521.63, 4158886.59 ], [ 283547.72, 4158920.23 ], [ 283550.58, 4158918.02 ], [ 283524.69, 4158884.21 ] ] ] } },
{ "type": "Feature", "properties": { "id": "osm:way/334115578", "name": null, "height": 7.67, "min_height": 0.0, "levels": null, "height_source": "lidar", "roof_shape": "flat", "roof_height": 1.17, "roof_azimuth": null, "roof_source": "lod2", "roof_color": "roof_flat", "roof_color_source": "ortho", "lod2_roof": { "v": [ [ 283576.88, 4158951.62, 0.0 ], [ 283574.21, 4158953.67, 0.0 ], [ 283572.33, 4158951.23, 0.0 ], [ 283576.18, 4158946.52, 0.24 ], [ 283574.14, 4158948.08, 0.25 ], [ 283574.61, 4158948.69, 0.0 ], [ 283574.61, 4158948.69, 0.2 ], [ 283572.33, 4158951.23, 0.17 ], [ 283563.22, 4158939.41, 1.17 ], [ 283563.22, 4158939.41, 0.0 ], [ 283566.58, 4158937.07, 0.0 ], [ 283566.58, 4158937.07, 1.14 ], [ 283574.26, 4158941.5, 0.58 ], [ 283574.92, 4158944.19, 0.41 ], [ 283569.36, 4158935.14, 1.11 ], [ 283569.36, 4158935.14, 0.0 ], [ 283567.52, 4158936.42, 1.13 ], [ 283567.52, 4158936.42, 0.0 ], [ 283568.32, 4158934.4, 0.0 ], [ 283567.84, 4158933.75, 0.0 ], [ 283567.21, 4158936.12, 1.16 ], [ 283567.21, 4158936.12, 0.0 ], [ 283562.66, 4158938.68, 0.0 ], [ 283568.1, 4158933.5, 0.0 ], [ 283567.52, 4158935.64, 0.0 ], [ 283566.62, 4158934.91, 0.0 ] ], "f": [ [ [ 5, 0, 1, 2 ] ], [ [ 11, 20, 16, 14, 12, 13, 3, 4, 6, 7, 8 ] ], [ [ 25, 24, 18, 19, 23, 15, 17, 21, 10, 9, 22 ] ], [ [ 6, 5, 2, 7 ] ], [ [ 8, 9, 10, 11 ] ], [ [ 16, 17, 15, 14 ] ], [ [ 20, 21, 17, 16 ] ], [ [ 11, 10, 21, 20 ] ] ] }, "roof_props": null, "wall_color": "terracotta", "type": "yes", "landmark": null, "footprint_source": "osm", "source_updated": null, "is_part": false, "parent": null, "hidden": false, "addr": "1014 West Marshall Street", "wikidata": null, "website": null, "zoning": "R-8", "lidar_p90": 8.01, "ground_z": 54.21 }, "geometry": { "type": "Polygon", "coordinates": [ [ [ 283574.21, 4158953.67 ], [ 283576.88, 4158951.62 ], [ 283574.14, 4158948.08 ], [ 283577.41, 4158945.59 ], [ 283567.87, 4158933.21 ], [ 283561.93, 4158937.74 ], [ 283574.21, 4158953.67 ] ] ] } },
{ "type": "Feature", "properties": { "id": "osm:way/334115576", "name": null, "height": 7.45, "min_height": 0.0, "levels": null, "height_source": "lidar", "roof_shape": "flat", "roof_height": 1.31, "roof_azimuth": null, "roof_source": "lod2", "roof_color": "roof_flat", "roof_color_source": "heuristic", "lod2_roof": { "v": [ [ 283569.64, 4158947.74, 0.57 ], [ 283568.55, 4158948.63, 0.46 ], [ 283568.66, 4158948.83, 0.45 ], [ 283569.2, 4158952.56, 0.09 ], [ 283571.02, 4158952.37, 0.14 ], [ 283562.69, 4158938.94, 1.31 ], [ 283562.69, 4158938.94, 0.0 ], [ 283562.29, 4158938.44, 0.0 ], [ 283559.74, 4158942.5, 0.0 ], [ 283558.77, 4158941.31, 0.0 ], [ 283559.74, 4158942.5, 0.91 ], [ 283560.53, 4158942.14, 0.0 ], [ 283560.53, 4158942.14, 0.96 ], [ 283569.03, 4158953.97, 0.0 ] ], "f": [ [ [ 1, 2, 3, 4, 13, 10, 12, 5, 0 ] ], [ [ 9, 7, 6, 11, 8 ] ], [ [ 10, 8, 11, 12 ] ], [ [ 12, 11, 6, 5 ] ] ] }, "roof_props": null, "wall_color": "brick", "type": "yes", "landmark": null, "footprint_source": "osm", "source_updated": null, "is_part": false, "parent": null, "hidden": false, "addr": "1016 West Marshall Street", "wikidata": null, "website": null, "zoning": "R-8", "lidar_p90": 7.61, "ground_z": 54.21 }, "geometry": { "type": "Polygon", "coordinates": [ [ [ 283571.36, 4158952.1 ], [ 283568.55, 4158948.63 ], [ 283569.64, 4158947.74 ], [ 283561.54, 4158937.48 ], [ 283557.99, 4158940.34 ], [ 283569.03, 4158953.97 ], [ 283571.36, 4158952.1 ] ] ] } },
{ "type": "Feature", "properties": { "id": "osm:way/334115559", "name": null, "height": 7.51, "min_height": 0.0, "levels": null, "height_source": "lidar", "roof_shape": "flat", "roof_height": 1.01, "roof_azimuth": null, "roof_source": "lod2", "roof_color": "roof_flat", "roof_color_source": "ortho", "lod2_roof": { "v": [ [ 283566.6, 4158955.92, 0.15 ], [ 283563.73, 4158952.44, 0.38 ], [ 283569.03, 4158953.97, 0.2 ], [ 283558.66, 4158941.17, 0.0 ], [ 283558.94, 4158941.52, 0.0 ], [ 283558.46, 4158943.6, 0.92 ], [ 283558.46, 4158943.6, 0.0 ], [ 283558.94, 4158941.52, 1.01 ], [ 283562.87, 4158953.14, 0.36 ], [ 283556.2, 4158945.06, 0.0 ], [ 283556.2, 4158945.06, 0.89 ], [ 283555.24, 4158943.9, 0.0 ] ], "f": [ [ [ 10, 5, 7, 2, 0, 1, 8 ] ], [ [ 6, 9, 11, 3, 4 ] ], [ [ 5, 6, 4, 7 ] ], [ [ 10, 9, 6, 5 ] ] ] }, "roof_props": null, "wall_color": "cream", "type": "yes", "landmark": null, "footprint_source": "osm", "source_updated": null, "is_part": false, "parent": null, "hidden": false, "addr": "1018 West Marshall Street", "wikidata": null, "website": null, "zoning": "R-8", "lidar_p90": 8.33, "ground_z": 54.11 }, "geometry": { "type": "Polygon", "coordinates": [ [ [ 283562.87, 4158953.14 ], [ 283563.73, 4158952.44 ], [ 283566.6, 4158955.92 ], [ 283569.03, 4158953.97 ], [ 283557.99, 4158940.34 ], [ 283554.65, 4158943.18 ], [ 283562.87, 4158953.14 ] ] ] } },
{ "type": "Feature", "properties": { "id": "osm:way/334115543", "name": null, "height": 7.11, "min_height": 0.0, "levels": null, "height_source": "lidar", "roof_shape": "flat", "roof_height": 0.62, "roof_azimuth": null, "roof_source": "lod2", "roof_color": "roof_flat", "roof_color_source": "ortho", "lod2_roof": { "v": [ [ 283669.09, 4158810.73, 0.13 ], [ 283669.09, 4158810.73, 0.0 ], [ 283675.55, 4158819.74, 0.51 ], [ 283666.53, 4158809.48, 0.08 ], [ 283666.53, 4158809.48, 0.0 ], [ 283667.89, 4158811.27, 0.0 ], [ 283667.89, 4158811.27, 0.16 ], [ 283672.37, 4158822.19, 0.62 ], [ 283659.82, 4158806.08, 0.0 ], [ 283668.74, 4158810.79, 0.0 ], [ 283668.74, 4158810.79, 0.14 ], [ 283668.02, 4158809.23, 0.0 ], [ 283662.43, 4158804.06, 0.0 ] ], "f": [ [ [ 4, 11, 1, 9, 5 ] ], [ [ 8, 12, 3, 6, 10, 0, 2, 7 ] ], [ [ 3, 4, 5, 6 ] ], [ [ 6, 5, 9, 10 ] ], [ [ 10, 9, 1, 0 ] ] ] }, "roof_props": null, "wall_color": "sand", "type": "yes", "landmark": null, "footprint_source": "osm", "source_updated": null, "is_part": false, "parent": null, "hidden": false, "addr": "901 W Marshall St", "wikidata": null, "website": null, "zoning": "R-63", "lidar_p90": 7.96, "ground_z": 54.43 }, "geometry": { "type": "Polygon", "coordinates": [ [ [ 283676.42, 4158819.07 ], [ 283663.87, 4158802.95 ], [ 283659.82, 4158806.08 ], [ 283672.37, 4158822.19 ], [ 283676.42, 4158819.07 ] ] ] } },
{ "type": "Feature", "properties": { "id": "osm:way/334115489", "name": null, "height": 7.36, "min_height": 0.0, "levels": null, "height_source": "lidar", "roof_shape": "flat", "roof_height": 1.01, "roof_azimuth": null, "roof_source": "lod2", "roof_color": "roof_flat", "roof_color_source": "ortho", "lod2_roof": { "v": [ [ 283670.14, 4158822.01, 0.0 ], [ 283666.44, 4158824.8, 0.0 ], [ 283667.48, 4158818.82, 0.79 ], [ 283667.48, 4158818.82, 0.0 ], [ 283667.26, 4158819.93, 0.0 ], [ 283667.26, 4158819.93, 0.83 ], [ 283669.1, 4158820.76, 0.0 ], [ 283669.1, 4158820.76, 0.91 ], [ 283658.02, 4158807.43, 0.0 ], [ 283659.82, 4158806.08, 0.0 ], [ 283671.29, 4158821.15, 0.0 ], [ 283670.14, 4158822.01, 0.0 ], [ 283669.4, 4158821.13, 0.0 ], [ 283669.4, 4158821.13, 0.0 ], [ 283658.72, 4158808.27, 0.0 ], [ 283655.74, 4158810.74, 0.15 ], [ 283658.72, 4158808.27, 0.1 ], [ 283666.06, 4158824.3, 0.0 ], [ 283669.4, 4158821.13, 0.94 ], [ 283666.06, 4158824.3, 1.01 ] ], "f": [ [ [ 3, 14, 8, 9, 10, 11, 13, 6, 4 ] ], [ [ 17, 12, 0, 1 ] ], [ [ 18, 19, 15, 16, 2, 5, 7 ] ], [ [ 2, 3, 4, 5 ] ], [ [ 5, 4, 6, 7 ] ], [ [ 11, 0, 12, 13 ] ], [ [ 7, 6, 13, 18 ] ], [ [ 16, 14, 3, 2 ] ], [ [ 18, 13, 12, 17, 19 ] ] ] }, "roof_props": null, "wall_color": "cream", "type": "yes", "landmark": null, "footprint_source": "osm", "source_updated": null, "is_part": false, "parent": null, "hidden": false, "addr": "903 West Marshall Street", "wikidata": null, "website": null, "zoning": "R-63", "lidar_p90": 8.37, "ground_z": 54.87 }, "geometry": { "type": "Polygon", "coordinates": [ [ [ 283666.44, 4158824.8 ], [ 283671.29, 4158821.15 ], [ 283659.82, 4158806.08 ], [ 283654.97, 4158809.73 ], [ 283666.44, 4158824.8 ] ] ] } },
{ "type": "Feature", "properties": { "id": "osm:way/326703367", "name": "DePillars Building", "height": 5.74, "min_height": 0.0, "levels": null, "height_source": "lidar", "roof_shape": "flat", "roof_height": 9.6, "roof_azimuth": null, "roof_source": "lod2", "roof_color": "slate", "roof_color_source": "ortho", "lod2_roof": { "v": [ [ 283609.89, 4158810.19, 0.28 ], [ 283609.89, 4158810.19, 0.0 ], [ 283569.77, 4158841.75, 0.29 ], [ 283569.05, 4158820.35, 4.59 ], [ 283569.05, 4158820.35, 0.23 ], [ 283568.51, 4158819.69, 0.22 ], [ 283568.51, 4158819.69, 4.61 ], [ 283599.13, 4158793.43, 0.0 ], [ 283604.86, 4158800.95, 0.0 ], [ 283604.86, 4158800.95, 0.0 ], [ 283597.83, 4158794.49, 0.0 ], [ 283597.83, 4158794.49, 9.59 ], [ 283598.67, 4158795.58, 0.0 ], [ 283598.67, 4158795.58, 0.22 ], [ 283598.67, 4158795.58, 9.52 ], [ 283557.71, 4158826.98, 9.6 ], [ 283589.01, 4158802.5, 9.56 ], [ 283589.01, 4158802.5, 4.63 ], [ 283578.48, 4158810.88, 4.63 ], [ 283578.48, 4158810.88, 9.57 ], [ 283589.37, 4158802.99, 9.52 ], [ 283589.37, 4158802.99, 4.62 ], [ 283582.38, 4158822.74, 3.37 ], [ 283582.38, 4158822.74, 0.26 ], [ 283581.42, 4158824.71, 0.26 ], [ 283581.42, 4158824.71, 2.0 ], [ 283581.42, 4158824.71, 3.33 ], [ 283581.5, 4158822.34, 3.4 ], [ 283581.5, 4158822.34, 0.26 ], [ 283575.52, 4158813.25, 9.57 ], [ 283575.52, 4158813.25, 4.63 ], [ 283570.02, 4158817.63, 4.63 ], [ 283570.02, 4158817.63, 9.57 ], [ 283578.61, 4158822.39, 5.67 ], [ 283578.61, 4158822.39, 4.41 ], [ 283580.09, 4158821.19, 4.41 ], [ 283580.09, 4158821.19, 5.66 ], [ 283568.09, 4158819.16, 9.57 ], [ 283568.09, 4158819.16, 4.63 ], [ 283568.51, 4158819.69, 9.54 ], [ 283558.4, 4158827.82, 0.23 ], [ 283558.4, 4158827.82, 9.54 ], [ 283572.74, 4158827.25, 2.36 ], [ 283572.74, 4158827.25, 0.25 ], [ 283568.12, 4158830.83, 0.25 ], [ 283568.12, 4158830.83, 2.34 ], [ 283572.55, 4158827.12, 2.36 ], [ 283572.55, 4158827.12, 0.25 ], [ 283566.8, 4158829.22, 2.34 ], [ 283566.8, 4158829.22, 0.25 ], [ 283568.19, 4158828.01, 0.25 ], [ 283568.19, 4158828.01, 2.35 ], [ 283570.23, 4158825.54, 0.25 ], [ 283570.23, 4158825.54, 2.36 ], [ 283570.67, 4158825.84, 0.25 ], [ 283570.67, 4158825.84, 2.36 ], [ 283579.3, 4158823.76, 4.38 ], [ 283579.3, 4158823.76, 3.4 ], [ 283578.09, 4158825.25, 3.38 ], [ 283578.09, 4158825.25, 4.36 ], [ 283581.23, 4158821.42, 5.76 ], [ 283581.23, 4158821.42, 3.43 ], [ 283579.3, 4158823.76, 5.85 ], [ 283581.23, 4158821.42, 0.25 ], [ 283580.25, 4158825.65, 3.33 ], [ 283580.25, 4158825.65, 2.03 ], [ 283580.25, 4158825.65, 0.26 ], [ 283579.21, 4158826.48, 0.26 ], [ 283579.21, 4158826.48, 3.32 ], [ 283580.61, 4158826.37, 2.04 ], [ 283580.61, 4158826.37, 0.27 ], [ 283611.14, 4158809.2, 0.0 ], [ 283577.24, 4158817.61, 6.23 ], [ 283577.24, 4158817.61, 4.52 ], [ 283579.45, 4158820.09, 4.44 ], [ 283579.45, 4158820.09, 6.21 ], [ 283603.55, 4158801.93, 0.24 ], [ 283603.55, 4158801.93, 0.0 ], [ 283603.55, 4158801.93, 0.0 ], [ 283594.36, 4158809.79, 5.72 ], [ 283594.36, 4158809.79, 4.41 ], [ 283594.36, 4158809.79, 0.25 ], [ 283595.51, 4158811.37, 0.25 ], [ 283595.51, 4158811.37, 5.82 ], [ 283586.9, 4158818.24, 0.26 ], [ 283586.9, 4158818.24, 5.81 ], [ 283570.34, 4158818.22, 9.54 ], [ 283570.34, 4158818.22, 4.61 ], [ 283569.7, 4158818.73, 4.61 ], [ 283569.7, 4158818.73, 9.54 ], [ 283569.27, 4158818.22, 4.63 ], [ 283569.27, 4158818.22, 9.57 ], [ 283569.05, 4158820.35, 5.37 ], [ 283570.68, 4158818.85, 4.6 ], [ 283570.68, 4158818.85, 5.49 ], [ 283571.13, 4158822.95, 5.33 ], [ 283571.13, 4158822.95, 4.51 ], [ 283571.13, 4158822.95, 0.24 ], [ 283572.21, 4158821.69, 4.52 ], [ 283572.21, 4158821.69, 5.42 ], [ 283578.09, 4158825.25, 0.26 ], [ 283576.98, 4158812.08, 9.57 ], [ 283576.98, 4158812.08, 5.5 ], [ 283577.34, 4158813.02, 5.47 ], [ 283577.34, 4158813.02, 9.51 ], [ 283585.75, 4158817.21, 0.25 ], [ 283585.75, 4158817.21, 5.66 ], [ 283585.75, 4158817.21, 5.73 ], [ 283586.52, 4158816.54, 5.65 ], [ 283586.52, 4158816.54, 5.73 ], [ 283571.19, 4158825.39, 0.25 ], [ 283571.19, 4158825.39, 2.36 ], [ 283586.52, 4158816.54, 4.4 ], [ 283584.57, 4158814.03, 5.26 ], [ 283584.57, 4158814.03, 4.48 ], [ 283589.37, 4158802.99, 0.22 ], [ 283582.1, 4158820.35, 5.71 ], [ 283582.1, 4158820.35, 0.25 ], [ 283578.7, 4158816.05, 5.36 ], [ 283578.7, 4158816.05, 4.53 ], [ 283578.46, 4158815.99, 4.53 ], [ 283578.46, 4158815.99, 5.37 ], [ 283579.95, 4158815.23, 5.36 ], [ 283579.95, 4158815.23, 4.53 ], [ 283574.98, 4158827.74, 4.36 ], [ 283574.98, 4158827.74, 0.26 ], [ 283578.18, 4158812.45, 5.47 ], [ 283578.18, 4158812.45, 4.61 ], [ 283578.18, 4158812.45, 9.51 ], [ 283577.62, 4158811.57, 9.57 ], [ 283577.62, 4158811.57, 5.5 ], [ 283577.34, 4158813.02, 4.61 ], [ 283573.79, 4158821.43, 6.2 ], [ 283573.79, 4158821.43, 4.5 ], [ 283574.75, 4158822.81, 6.19 ], [ 283574.75, 4158822.81, 4.46 ] ], "f": [ [ [ 99, 95, 92, 94 ] ], [ [ 111, 46, 42, 45, 48, 51, 53, 55 ] ], [ [ 109, 79, 83, 85, 107 ] ], [ [ 77, 12, 10, 7, 9 ] ], [ [ 78, 8, 71, 1 ] ], [ [ 121, 103, 102, 130, 126, 122, 118 ] ], [ [ 26, 64, 68, 58, 57, 61, 27, 22 ] ], [ [ 104, 29, 32, 86, 89, 91, 37, 39, 41, 15, 11, 14, 20, 16, 19, 128, 129, 101 ] ], [ [ 25, 69, 65 ] ], [ [ 59, 124, 96, 98, 93, 3, 6, 38, 90, 88, 87, 31, 30, 131, 120, 119, 123, 127, 18, 17, 21, 80, 112, 114, 35, 34, 56 ], [ 135, 74, 73, 133 ] ], [ [ 106, 116, 60, 62, 33, 36, 113, 108 ] ], [ [ 75, 134, 132, 72 ] ], [ [ 117, 105, 84, 82, 81, 115, 13, 76, 0, 2, 40, 5, 4, 97, 125, 100, 67, 66, 70, 24, 23, 28, 63 ], [ 50, 49, 44, 43, 47, 110, 54, 52 ] ], [ [ 3, 4, 5, 6 ] ], [ [ 11, 10, 12, 13, 14 ] ], [ [ 16, 17, 18, 19 ] ], [ [ 20, 21, 17, 16 ] ], [ [ 22, 23, 24, 25, 26 ] ], [ [ 27, 28, 23, 22 ] ], [ [ 29, 30, 31, 32 ] ], [ [ 33, 34, 35, 36 ] ], [ [ 37, 38, 6, 39 ] ], [ [ 39, 6, 5, 40, 41 ] ], [ [ 42, 43, 44, 45 ] ], [ [ 46, 47, 43, 42 ] ], [ [ 48, 49, 50, 51 ] ], [ [ 45, 44, 49, 48 ] ], [ [ 51, 50, 52, 53 ] ], [ [ 53, 52, 54, 55 ] ], [ [ 56, 57, 58, 59 ] ], [ [ 60, 61, 57, 56, 62 ] ], [ [ 61, 63, 28, 27 ] ], [ [ 64, 65, 66, 67, 68 ] ], [ [ 69, 70, 66, 65 ] ], [ [ 72, 73, 74, 75 ] ], [ [ 76, 77, 78, 1, 0 ] ], [ [ 79, 80, 81, 82, 83 ] ], [ [ 83, 82, 84, 85 ] ], [ [ 86, 87, 88, 89 ] ], [ [ 89, 88, 90, 91 ] ], [ [ 92, 3, 93, 94 ] ], [ [ 95, 96, 97, 4, 3, 92 ] ], [ [ 94, 93, 98, 99 ] ], [ [ 99, 98, 96, 95 ] ], [ [ 68, 67, 100, 58 ] ], [ [ 91, 90, 38, 37 ] ], [ [ 101, 102, 103, 104 ] ], [ [ 85, 84, 105, 106, 107 ] ], [ [ 107, 106, 108, 109 ] ], [ [ 55, 54, 110, 111 ] ], [ [ 111, 110, 47, 46 ] ], [ [ 109, 108, 112, 80, 79 ] ], [ [ 113, 114, 112, 108 ] ], [ [ 32, 31, 87, 86 ] ], [ [ 9, 8, 78, 77 ] ], [ [ 13, 12, 77, 76 ] ], [ [ 14, 13, 115, 21, 20 ] ], [ [ 21, 115, 81, 80 ] ], [ [ 116, 117, 63, 61, 60 ] ], [ [ 62, 56, 34, 33 ] ], [ [ 118, 119, 120, 121 ] ], [ [ 122, 123, 119, 118 ] ], [ [ 124, 125, 97, 96 ] ], [ [ 126, 127, 123, 122 ] ], [ [ 19, 18, 127, 126, 128 ] ], [ [ 129, 130, 102, 101 ] ], [ [ 128, 126, 130, 129 ] ], [ [ 121, 120, 131, 103 ] ], [ [ 104, 103, 131, 30, 29 ] ], [ [ 36, 35, 114, 113 ] ], [ [ 26, 25, 65, 64 ] ], [ [ 25, 24, 70, 69 ] ], [ [ 59, 58, 100, 125, 124 ] ], [ [ 132, 133, 73, 72 ] ], [ [ 134, 135, 133, 132 ] ], [ [ 75, 74, 135, 134 ] ], [ [ 106, 105, 117, 116 ] ] ] }, "roof_props": null, "wall_color": "concrete", "type": "university", "landmark": null, "footprint_source": "osm", "source_updated": null, "is_part": false, "parent": null, "hidden": false, "addr": null, "wikidata": null, "website": null, "zoning": "B-4", "lidar_p90": 10.93, "ground_z": 55.88 }, "geometry": { "type": "Polygon", "coordinates": [ [ [ 283557.71, 4158826.98 ], [ 283569.77, 4158841.75 ], [ 283611.14, 4158809.2 ], [ 283599.13, 4158793.43 ], [ 283557.71, 4158826.98 ] ] ] } },
{ "type": "Feature", "properties": { "id": "osm:way/229623365", "name": null, "height": 4.27, "min_height": 0.0, "levels": null, "height_source": "lidar", "roof_shape": "flat", "roof_height": 1.7, "roof_azimuth": null, "roof_source": "lod2", "roof_color": "roof_flat", "roof_color_source": "ortho", "lod2_roof": { "v": [ [ 283719.15, 4158838.25, 1.55 ], [ 283728.41, 4158850.08, 1.54 ], [ 283712.43, 4158845.27, 0.24 ], [ 283719.55, 4158839.16, 0.1 ], [ 283728.13, 4158850.31, 1.7 ], [ 283728.13, 4158850.31, 0.0 ], [ 283719.55, 4158839.16, 1.66 ], [ 283718.97, 4158838.41, 1.66 ], [ 283721.46, 4158855.75, 0.13 ] ], "f": [ [ [ 8, 2, 3, 5 ] ], [ [ 6, 7, 0, 1, 4 ] ], [ [ 4, 5, 3, 6 ] ] ] }, "roof_props": null, "wall_color": "brick", "type": "yes", "landmark": null, "footprint_source": "osm", "source_updated": null, "is_part": false, "parent": null, "hidden": false, "addr": "405 Goshen Street", "wikidata": null, "website": null, "zoning": "R-63", "lidar_p90": 4.46, "ground_z": 53.21 }, "geometry": { "type": "Polygon", "coordinates": [ [ [ 283719.15, 4158838.25 ], [ 283711.92, 4158844.67 ], [ 283721.45, 4158855.75 ], [ 283728.41, 4158850.08 ], [ 283719.15, 4158838.25 ] ] ] } },
{ "type": "Feature", "properties": { "id": "osm:way/229623367", "name": null, "height": 8.21, "min_height": 0.0, "levels": null, "height_source": "lidar", "roof_shape": "flat", "roof_height": 1.22, "roof_azimuth": null, "roof_source": "lod2", "roof_color": "roof_flat", "roof_color_source": "ortho", "lod2_roof": { "v": [ [ 283608.23, 4158845.91, 0.02 ], [ 283625.95, 4158831.52, 0.0 ], [ 283640.55, 4158850.0, 0.09 ], [ 283622.59, 4158864.12, 0.1 ], [ 283626.6, 4158854.85, 1.11 ], [ 283626.6, 4158854.85, 0.08 ], [ 283626.79, 4158856.1, 0.08 ], [ 283626.79, 4158856.1, 0.9 ], [ 283624.9, 4158855.31, 0.08 ], [ 283624.9, 4158855.31, 1.2 ], [ 283625.97, 4158854.52, 0.07 ], [ 283625.97, 4158854.52, 1.22 ] ], "f": [ [ [ 11, 4, 7, 9 ] ], [ [ 1, 2, 3, 0 ], [ 5, 10, 8, 6 ] ], [ [ 4, 5, 6, 7 ] ], [ [ 7, 6, 8, 9 ] ], [ [ 9, 8, 10, 11 ] ], [ [ 11, 10, 5, 4 ] ] ] }, "roof_props": null, "wall_color": "concrete", "type": "yes", "landmark": null, "footprint_source": "osm", "source_updated": null, "is_part": false, "parent": null, "hidden": false, "addr": null, "wikidata": null, "website": null, "zoning": "R-63", "lidar_p90": 8.47, "ground_z": 55.2 }, "geometry": { "type": "Polygon", "coordinates": [ [ [ 283607.74, 4158845.3 ], [ 283622.59, 4158864.12 ], [ 283640.55, 4158850.0 ], [ 283625.67, 4158831.16 ], [ 283607.74, 4158845.3 ] ] ] } },
{ "type": "Feature", "properties": { "id": "osm:way/229623368", "name": null, "height": 11.25, "min_height": 0.0, "levels": null, "height_source": "lidar", "roof_shape": "flat", "roof_height": 0.15, "roof_azimuth": null, "roof_source": "lod2", "roof_color": "roof_flat", "roof_color_source": "ortho", "lod2_roof": { "v": [ [ 283612.52, 4158852.76, 0.14 ], [ 283612.52, 4158852.76, 0.0 ], [ 283614.63, 4158853.96, 0.0 ], [ 283614.63, 4158853.96, 0.14 ], [ 283598.2, 4158853.81, 0.15 ], [ 283607.8, 4158846.62, 0.0 ], [ 283607.8, 4158846.62, 0.14 ], [ 283610.81, 4158869.89, 0.15 ], [ 283620.92, 4158861.97, 0.14 ], [ 283608.47, 4158846.11, 0.0 ] ], "f": [ [ [ 3, 8, 7, 4, 6, 0 ] ], [ [ 9, 2, 1, 5 ] ], [ [ 0, 1, 2, 3 ] ], [ [ 6, 5, 1, 0 ] ] ] }, "roof_props": null, "wall_color": "sand", "type": "yes", "landmark": null, "footprint_source": "osm", "source_updated": null, "is_part": false, "parent": null, "hidden": false, "addr": null, "wikidata": null, "website": null, "zoning": "R-63", "lidar_p90": 11.83, "ground_z": 55.23 }, "geometry": { "type": "Polygon", "coordinates": [ [ [ 283608.47, 4158846.11 ], [ 283598.2, 4158853.81 ], [ 283610.81, 4158869.89 ], [ 283620.92, 4158861.97 ], [ 283608.47, 4158846.11 ] ] ] } },
{ "type": "Feature", "properties": { "id": "osm:way/229623370", "name": null, "height": 8.46, "min_height": 0.0, "levels": null, "height_source": "lidar", "roof_shape": "flat", "roof_height": 3.49, "roof_azimuth": null, "roof_source": "lod2", "roof_color": "roof_flat", "roof_color_source": "ortho", "lod2_roof": { "v": [ [ 283598.82, 4158854.6, 3.48 ], [ 283598.82, 4158854.6, 0.0 ], [ 283610.81, 4158869.89, 3.47 ], [ 283598.2, 4158853.81, 0.0 ], [ 283598.56, 4158854.81, 3.49 ], [ 283598.56, 4158854.81, 0.0 ], [ 283594.85, 4158882.84, 0.2 ], [ 283567.88, 4158849.08, 0.0 ], [ 283610.44, 4158870.19, 3.49 ], [ 283610.44, 4158870.19, 0.23 ], [ 283586.7, 4158849.94, 0.0 ], [ 283586.7, 4158849.94, 0.0 ], [ 283591.65, 4158856.13, 0.0 ], [ 283591.65, 4158856.13, 0.0 ], [ 283584.37, 4158847.65, 0.0 ], [ 283584.37, 4158847.65, 0.0 ], [ 283585.18, 4158847.19, 0.0 ], [ 283585.18, 4158847.19, 0.0 ], [ 283576.86, 4158841.97, 0.0 ], [ 283593.23, 4158857.03, 0.0 ], [ 283590.75, 4158853.92, 0.0 ], [ 283590.75, 4158853.92, 0.0 ], [ 283578.05, 4158843.2, 0.0 ], [ 283578.05, 4158843.2, 0.0 ], [ 283580.06, 4158841.63, 0.0 ], [ 283582.53, 4158847.82, 0.0 ], [ 283582.53, 4158847.82, 0.0 ], [ 283581.23, 4158843.09, 0.0 ], [ 283581.75, 4158842.65, 0.0 ] ], "f": [ [ [ 2, 8, 4, 0 ] ], [ [ 17, 10, 13, 20, 19, 3, 1, 5, 9, 6, 7, 18, 23, 25, 14 ] ], [ [ 28, 21, 12, 11, 16, 15, 26, 22, 24, 27 ] ], [ [ 4, 5, 1, 0 ] ], [ [ 8, 9, 5, 4 ] ], [ [ 10, 11, 12, 13 ] ], [ [ 14, 15, 16, 17 ] ], [ [ 13, 12, 21, 20 ] ], [ [ 25, 26, 15, 14 ] ], [ [ 23, 22, 26, 25 ] ], [ [ 17, 16, 11, 10 ] ] ] }, "roof_props": null, "wall_color": "sand", "type": "yes", "landmark": null, "footprint_source": "osm", "source_updated": null, "is_part": false, "parent": null, "hidden": false, "addr": null, "wikidata": null, "website": null, "zoning": "R-63", "lidar_p90": 8.73, "ground_z": 55.22 }, "geometry": { "type": "Polygon", "coordinates": [ [ [ 283567.88, 4158849.08 ], [ 283594.85, 4158882.84 ], [ 283610.81, 4158869.89 ], [ 283598.2, 4158853.81 ], [ 283593.23, 4158857.03 ], [ 283579.52, 4158839.86 ], [ 283567.88, 4158849.08 ] ] ] } },
{ "type": "Feature", "properties": { "id": "osm:way/229623374", "name": null, "height": 8.92, "min_height": 0.0, "levels": null, "height_source": "lidar", "roof_shape": "flat", "roof_height": 0.0, "roof_azimuth": null, "roof_source": "heuristic", "roof_color": "roof_flat", "roof_color_source": "ortho", "lod2_roof": null, "roof_props": null, "wall_color": "brick", "type": "yes", "landmark": null, "footprint_source": "osm", "source_updated": null, "is_part": false, "parent": null, "hidden": false, "addr": "900 W Marshall St", "wikidata": null, "website": null, "zoning": "R-63", "lidar_p90": 10.16, "ground_z": 53.87 }, "geometry": { "type": "Polygon", "coordinates": [ [ [ 283633.66, 4158877.65 ], [ 283667.24, 4158919.25 ], [ 283721.47, 4158875.84 ], [ 283687.88, 4158834.23 ], [ 283633.66, 4158877.65 ] ] ] } },
{ "type": "Feature", "properties": { "id": "osm:way/334118136", "name": null, "height": 7.31, "min_height": 0.0, "levels": null, "height_source": "lidar", "roof_shape": "flat", "roof_height": 0.33, "roof_azimuth": null, "roof_source": "lod2", "roof_color": "roof_flat", "roof_color_source": "ortho", "lod2_roof": { "v": [ [ 283715.33, 4158888.9, 0.0 ], [ 283715.33, 4158888.9, 0.0 ], [ 283721.37, 4158884.19, 0.0 ], [ 283721.37, 4158884.19, 0.0 ], [ 283722.62, 4158886.13, 0.0 ], [ 283722.62, 4158886.13, 0.0 ], [ 283714.81, 4158888.2, 0.0 ], [ 283722.13, 4158882.82, 0.0 ], [ 283723.21, 4158887.03, 0.0 ], [ 283723.21, 4158887.03, 0.33 ], [ 283723.55, 4158887.56, 0.0 ], [ 283723.55, 4158887.56, 0.0 ], [ 283717.34, 4158891.61, 0.31 ], [ 283718.63, 4158893.36, 0.0 ], [ 283725.05, 4158888.63, 0.0 ], [ 283725.05, 4158888.63, 0.0 ], [ 283725.96, 4158887.97, 0.0 ], [ 283723.89, 4158885.19, 0.0 ] ], "f": [ [ [ 12, 0, 3, 5, 9 ] ], [ [ 15, 13, 12, 9, 11 ] ], [ [ 7, 17, 4, 2, 1, 6 ] ], [ [ 17, 16, 14, 10, 8, 4 ] ], [ [ 0, 1, 2, 3 ] ], [ [ 3, 2, 4, 5 ] ], [ [ 5, 4, 8, 9 ] ], [ [ 9, 8, 10, 11 ] ], [ [ 11, 10, 14, 15 ] ] ] }, "roof_props": null, "wall_color": "sand", "type": "yes", "landmark": null, "footprint_source": "osm", "source_updated": null, "is_part": false, "parent": null, "hidden": false, "addr": "412 Goshen Street", "wikidata": null, "website": null, "zoning": "R-8", "lidar_p90": 12.44, "ground_z": 52.66 }, "geometry": { "type": "Polygon", "coordinates": [ [ [ 283718.63, 4158893.36 ], [ 283725.95, 4158887.97 ], [ 283722.12, 4158882.82 ], [ 283714.81, 4158888.2 ], [ 283718.63, 4158893.36 ] ] ] } },
{ "type": "Feature", "properties": { "id": "osm:way/334118133", "name": null, "height": 8.07, "min_height": 0.0, "levels": null, "height_source": "lidar", "roof_shape": "flat", "roof_height": 1.89, "roof_azimuth": null, "roof_source": "lod2", "roof_color": "roof_flat", "roof_color_source": "ortho", "lod2_roof": { "v": [ [ 283723.85, 4158920.99, 0.0 ], [ 283716.3, 4158912.16, 0.0 ], [ 283716.3, 4158912.16, 0.0 ], [ 283719.0, 4158909.96, 0.0 ], [ 283719.0, 4158909.96, 1.06 ], [ 283720.46, 4158908.76, 0.0 ], [ 283720.46, 4158908.76, 0.0 ], [ 283719.9, 4158905.84, 0.0 ], [ 283719.9, 4158905.84, 0.0 ], [ 283720.46, 4158908.76, 0.0 ], [ 283727.74, 4158914.13, 0.0 ], [ 283727.79, 4158914.46, 0.0 ], [ 283731.96, 4158919.91, 1.76 ], [ 283726.71, 4158924.35, 1.89 ], [ 283727.35, 4158920.3, 1.07 ], [ 283727.35, 4158920.3, 0.32 ], [ 283726.02, 4158921.06, 0.19 ], [ 283723.85, 4158920.99, 0.0 ], [ 283724.7, 4158920.88, 0.0 ], [ 283714.54, 4158910.09, 0.0 ], [ 283720.25, 4158905.56, 0.0 ], [ 283721.97, 4158907.53, 0.0 ], [ 283721.97, 4158907.53, 0.0 ], [ 283728.78, 4158915.76, 0.0 ], [ 283728.37, 4158919.72, 0.42 ], [ 283729.17, 4158915.76, 0.0 ], [ 283729.05, 4158916.1, 0.0 ], [ 283728.82, 4158915.37, 0.0 ], [ 283729.05, 4158916.1, 0.0 ], [ 283728.62, 4158917.26, 0.0 ] ], "f": [ [ [ 20, 21, 9, 8 ] ], [ [ 1, 19, 7, 5, 3 ] ], [ [ 29, 28, 12, 13, 17, 18, 16, 15, 24 ] ], [ [ 4, 14, 16, 18, 0, 2 ] ], [ [ 14, 4, 6, 22, 10, 11, 23, 27, 25, 26, 29, 24 ] ], [ [ 2, 1, 3, 4 ] ], [ [ 4, 3, 5, 6 ] ], [ [ 7, 8, 9, 5 ] ], [ [ 14, 15, 16 ] ], [ [ 17, 0, 18 ] ], [ [ 6, 5, 9, 21, 22 ] ], [ [ 15, 14, 24 ] ], [ [ 26, 28, 29 ] ] ] }, "roof_props": null, "wall_color": "terracotta", "type": "yes", "landmark": null, "footprint_source": "osm", "source_updated": null, "is_part": false, "parent": null, "hidden": false, "addr": "905 West Clay Street", "wikidata": null, "website": null, "zoning": "R-8", "lidar_p90": 8.73, "ground_z": 52.63 }, "geometry": { "type": "Polygon", "coordinates": [ [ [ 283726.71, 4158924.35 ], [ 283732.76, 4158919.24 ], [ 283719.87, 4158904.15 ], [ 283713.83, 4158909.26 ], [ 283726.71, 4158924.35 ] ] ] } },
{ "type": "Feature", "properties": { "id": "osm:way/334115479", "name": null, "height": 3.58, "min_height": 0.0, "levels": null, "height_source": "lidar", "roof_shape": "flat", "roof_height": 0.0, "roof_azimuth": null, "roof_source": "lod2", "roof_color": "roof_flat", "roof_color_source": "ortho", "lod2_roof": { "v": [ [ 283746.43, 4158853.72, 0.0 ], [ 283749.13, 4158850.95, 0.0 ], [ 283752.17, 4158856.59, 0.0 ], [ 283750.14, 4158858.24, 0.0 ] ], "f": [ [ [ 2, 3, 0, 1 ] ] ] }, "roof_props": null, "wall_color": "cream", "type": "yes", "landmark": null, "footprint_source": "osm", "source_updated": null, "is_part": false, "parent": null, "hidden": false, "addr": null, "wikidata": null, "website": null, "zoning": "R-8", "lidar_p90": 10.5, "ground_z": 52.66 }, "geometry": { "type": "Polygon", "coordinates": [ [ [ 283745.34, 4158852.4 ], [ 283750.14, 4158858.25 ], [ 283754.1, 4158855.03 ], [ 283749.3, 4158849.18 ], [ 283745.34, 4158852.4 ] ] ] } },
{ "type": "Feature", "properties": { "id": "osm:way/334118163", "name": null, "height": 12.44, "min_height": 0.0, "levels": null, "height_source": "lidar", "roof_shape": "flat", "roof_height": 0.0, "roof_azimuth": null, "roof_source": "heuristic", "roof_color": "concrete", "roof_color_source": "heuristic", "lod2_roof": null, "roof_props": null, "wall_color": "cream", "type": "yes", "landmark": null, "footprint_source": "osm", "source_updated": null, "is_part": false, "parent": null, "hidden": false, "addr": "412 Goshen St", "wikidata": null, "website": null, "zoning": "R-8", "lidar_p90": 14.55, "ground_z": 52.71 }, "geometry": { "type": "Polygon", "coordinates": [ [ [ 283725.15, 4158886.88 ], [ 283728.98, 4158884.06 ], [ 283725.96, 4158879.99 ], [ 283722.12, 4158882.82 ], [ 283725.15, 4158886.88 ] ] ] } },
{ "type": "Feature", "properties": { "id": "osm:way/334118174", "name": null, "height": 6.6, "min_height": 0.0, "levels": null, "height_source": "lidar", "roof_shape": "flat", "roof_height": 1.1, "roof_azimuth": null, "roof_source": "lod2", "roof_color": "roof_flat", "roof_color_source": "ortho", "lod2_roof": { "v": [ [ 283747.69, 4158908.35, 1.1 ], [ 283743.19, 4158912.03, 1.08 ], [ 283742.15, 4158901.62, 0.53 ], [ 283736.83, 4158904.32, 0.0 ], [ 283736.83, 4158904.32, 0.43 ], [ 283738.82, 4158903.18, 0.0 ], [ 283738.82, 4158903.18, 0.46 ], [ 283734.11, 4158901.02, 0.0 ], [ 283736.29, 4158899.22, 0.0 ], [ 283740.71, 4158901.03, 0.0 ], [ 283740.71, 4158901.03, 0.44 ] ], "f": [ [ [ 10, 2, 0, 1, 4, 6 ] ], [ [ 8, 9, 5, 3, 7 ] ], [ [ 4, 3, 5, 6 ] ], [ [ 6, 5, 9, 10 ] ] ] }, "roof_props": null, "wall_color": "terracotta", "type": "yes", "landmark": null, "footprint_source": "osm", "source_updated": null, "is_part": false, "parent": null, "hidden": false, "addr": "901 West Clay Street", "wikidata": null, "website": null, "zoning": "R-8", "lidar_p90": 7.21, "ground_z": 52.58 }, "geometry": { "type": "Polygon", "coordinates": [ [ [ 283747.69, 4158908.35 ], [ 283739.55, 4158898.48 ], [ 283738.17, 4158899.61 ], [ 283736.03, 4158897.01 ], [ 283732.91, 4158899.57 ], [ 283743.19, 4158912.03 ], [ 283747.69, 4158908.35 ] ] ] } },
{ "type": "Feature", "properties": { "id": "osm:way/334118173", "name": null, "height": 6.46, "min_height": 0.0, "levels": null, "height_source": "lidar", "roof_shape": "flat", "roof_height": 1.09, "roof_azimuth": null, "roof_source": "lod2", "roof_color": "roof_flat", "roof_color_source": "ortho", "lod2_roof": { "v": [ [ 283738.61, 4158915.74, 1.09 ], [ 283732.45, 4158908.27, 0.0 ], [ 283732.45, 4158908.27, 0.41 ], [ 283737.05, 4158904.59, 0.0 ], [ 283737.05, 4158904.59, 0.42 ], [ 283743.19, 4158912.03, 1.09 ], [ 283734.38, 4158901.35, 0.0 ], [ 283731.33, 4158906.9, 0.0 ], [ 283731.05, 4158904.21, 0.0 ] ], "f": [ [ [ 5, 0, 2, 4 ] ], [ [ 8, 6, 3, 1, 7 ] ], [ [ 2, 1, 3, 4 ] ] ] }, "roof_props": null, "wall_color": "sand", "type": "yes", "landmark": null, "footprint_source": "osm", "source_updated": null, "is_part": false, "parent": null, "hidden": false, "addr": "903 West Clay Street", "wikidata": null, "website": null, "zoning": "R-8", "lidar_p90": 6.97, "ground_z": 52.72 }, "geometry": { "type": "Polygon", "coordinates": [ [ [ 283738.61, 4158915.75 ], [ 283743.19, 4158912.03 ], [ 283732.91, 4158899.57 ], [ 283730.56, 4158901.52 ], [ 283731.28, 4158902.4 ], [ 283729.09, 4158904.19 ], [ 283738.61, 4158915.75 ] ] ] } },
{ "type": "Feature", "properties": { "id": "osm:way/334118180", "name": null, "height": 3.07, "min_height": 0.0, "levels": null, "height_source": "lidar", "roof_shape": "flat", "roof_height": 0.0, "roof_azimuth": null, "roof_source": "heuristic", "roof_color": "concrete", "roof_color_source": "ortho", "lod2_roof": null, "roof_props": null, "wall_color": "sand", "type": "yes", "landmark": null, "footprint_source": "osm", "source_updated": null, "is_part": false, "parent": null, "hidden": false, "addr": "903 1/2 W Clay St", "wikidata": null, "website": null, "zoning": "R-8", "lidar_p90": 6.6, "ground_z": 52.65 }, "geometry": { "type": "Polygon", "coordinates": [ [ [ 283734.12, 4158919.47 ], [ 283738.61, 4158915.75 ], [ 283727.96, 4158902.72 ], [ 283726.05, 4158904.25 ], [ 283723.6, 4158901.2 ], [ 283721.04, 4158903.24 ], [ 283734.12, 4158919.47 ] ] ] } },
{ "type": "Feature", "properties": { "id": "richmond_structure:436608", "name": null, "height": 7.61, "min_height": 0.0, "levels": null, "height_source": "lidar", "roof_shape": "gable", "roof_height": 3.07, "roof_azimuth": 38.8, "roof_source": "lod2", "roof_color": "slate", "roof_color_source": "ortho", "lod2_roof": { "v": [ [ 283721.7, 4158932.26, 0.0 ], [ 283720.59, 4158930.89, 0.0 ], [ 283709.19, 4158912.41, 3.07 ], [ 283712.64, 4158909.64, 0.23 ], [ 283707.02, 4158914.15, 1.22 ], [ 283727.17, 4158927.87, 0.0 ], [ 283725.81, 4158926.17, 0.33 ], [ 283725.81, 4158926.17, 0.0 ], [ 283725.3, 4158926.64, 0.0 ], [ 283725.3, 4158926.64, 0.77 ], [ 283721.26, 4158927.68, 2.55 ], [ 283721.26, 4158927.68, 1.9 ], [ 283721.57, 4158927.38, 1.92 ], [ 283721.57, 4158927.38, 2.36 ], [ 283722.24, 4158928.82, 2.45 ], [ 283722.24, 4158928.82, 0.95 ], [ 283722.93, 4158928.81, 2.19 ], [ 283722.93, 4158928.81, 0.0 ], [ 283722.88, 4158928.67, 0.0 ], [ 283722.88, 4158928.67, 2.17 ], [ 283723.49, 4158928.29, 0.0 ], [ 283723.49, 4158928.29, 0.7 ], [ 283722.77, 4158928.33, 2.13 ], [ 283722.77, 4158928.33, 0.97 ], [ 283723.49, 4158928.29, 1.85 ], [ 283722.24, 4158928.82, 0.0 ], [ 283722.53, 4158929.16, 0.0 ], [ 283722.53, 4158929.16, 0.67 ], [ 283722.39, 4158927.12, 1.98 ], [ 283722.39, 4158927.12, 1.72 ], [ 283719.41, 4158929.45, 1.25 ], [ 283720.71, 4158930.82, 0.0 ], [ 283720.71, 4158930.82, 0.6 ], [ 283720.67, 4158930.78, 0.0 ], [ 283720.67, 4158930.78, 0.63 ], [ 283720.59, 4158930.89, 0.62 ], [ 283719.41, 4158929.45, 1.79 ], [ 283720.05, 4158928.84, 1.83 ], [ 283720.25, 4158926.11, 3.07 ] ], "f": [ [ [ 9, 38, 2, 3, 6 ] ], [ [ 13, 28, 22, 24, 16, 19, 14, 10 ] ], [ [ 1, 33, 31, 26, 25, 18, 17, 20, 8, 7, 5, 0 ] ], [ [ 36, 37, 38, 9, 21, 23, 29, 12, 11, 15, 27, 32, 34, 35 ] ], [ [ 37, 30, 4, 2, 38 ] ], [ [ 6, 7, 8, 9 ] ], [ [ 10, 11, 12, 13 ] ], [ [ 14, 15, 11, 10 ] ], [ [ 16, 17, 18, 19 ] ], [ [ 9, 8, 20, 21 ] ], [ [ 22, 23, 21, 24 ] ], [ [ 15, 25, 26, 27 ] ], [ [ 24, 21, 20, 17, 16 ] ], [ [ 28, 29, 23, 22 ] ], [ [ 19, 18, 25, 15, 14 ] ], [ [ 13, 12, 29, 28 ] ], [ [ 27, 26, 31, 32 ] ], [ [ 32, 31, 33, 34 ] ], [ [ 34, 33, 1, 35 ] ], [ [ 36, 30, 37 ] ] ] }, "roof_props": null, "wall_color": "brick", "type": "yes", "landmark": null, "footprint_source": "richmond_structures", "source_updated": "2026-09-08T12:07:13.637000Z", "is_part": false, "parent": null, "hidden": false, "addr": "907 W Clay St", "wikidata": null, "website": null, "zoning": "R-8", "lidar_p90": 9.68, "ground_z": 52.7 }, "geometry": { "type": "Polygon", "coordinates": [ [ [ 283727.17, 4158927.87 ], [ 283712.64, 4158909.64 ], [ 283707.02, 4158914.15 ], [ 283721.7, 4158932.26 ], [ 283727.17, 4158927.87 ] ] ] } },
{ "type": "Feature", "properties": { "id": "osm:way/334115467", "name": null, "height": 8.17, "min_height": 0.0, "levels": null, "height_source": "lidar", "roof_shape": "flat", "roof_height": 1.15, "roof_azimuth": null, "roof_source": "lod2", "roof_color": "roof_flat", "roof_color_source": "ortho", "lod2_roof": { "v": [ [ 283603.21, 4158929.55, 0.0 ], [ 283603.54, 4158929.95, 0.0 ], [ 283603.21, 4158929.55, 0.13 ], [ 283596.3, 4158934.93, 0.0 ], [ 283596.3, 4158934.93, 0.12 ], [ 283594.34, 4158919.2, 0.95 ], [ 283596.68, 4158935.41, 0.0 ], [ 283585.83, 4158921.92, 0.0 ], [ 283584.76, 4158920.58, 0.0 ], [ 283591.7, 4158915.48, 0.0 ], [ 283591.73, 4158915.57, 0.0 ], [ 283592.35, 4158916.43, 0.0 ], [ 283585.83, 4158921.92, 1.12 ], [ 283592.35, 4158916.43, 1.15 ] ], "f": [ [ [ 1, 6, 3, 0 ] ], [ [ 11, 7, 8, 9, 10 ] ], [ [ 13, 5, 2, 4, 12 ] ], [ [ 2, 0, 3, 4 ] ], [ [ 12, 7, 11, 13 ] ] ] }, "roof_props": null, "wall_color": "sand", "type": "yes", "landmark": null, "footprint_source": "osm", "source_updated": null, "is_part": false, "parent": null, "hidden": false, "addr": "1006 West Marshall Street", "wikidata": null, "website": null, "zoning": "R-8", "lidar_p90": 8.69, "ground_z": 54.71 }, "geometry": { "type": "Polygon", "coordinates": [ [ [ 283596.68, 4158935.41 ], [ 283604.54, 4158929.16 ], [ 283592.07, 4158913.62 ], [ 283584.21, 4158919.89 ], [ 283596.68, 4158935.41 ] ] ] } },
{ "type": "Feature", "properties": { "id": "osm:way/334118159", "name": null, "height": 6.73, "min_height": 0.0, "levels": null, "height_source": "lidar", "roof_shape": "gable", "roof_height": 2.35, "roof_azimuth": 126.8, "roof_source": "lod2", "roof_color": "roof_flat", "roof_color_source": "ortho", "lod2_roof": { "v": [ [ 283718.27, 4158933.43, 0.46 ], [ 283712.89, 4158937.42, 0.51 ], [ 283705.49, 4158927.55, 0.0 ], [ 283707.86, 4158925.79, 0.0 ], [ 283706.26, 4158928.57, 0.0 ], [ 283709.63, 4158933.07, 2.34 ], [ 283706.26, 4158928.57, 0.52 ], [ 283715.06, 4158928.82, 2.35 ], [ 283712.05, 4158924.49, 0.65 ], [ 283708.93, 4158926.69, 0.0 ], [ 283708.93, 4158926.69, 0.58 ] ], "f": [ [ [ 5, 7, 0, 1 ] ], [ [ 9, 4, 2, 3 ] ], [ [ 10, 8, 7, 5, 6 ] ], [ [ 6, 4, 9, 10 ] ] ] }, "roof_props": null, "wall_color": "concrete", "type": "yes", "landmark": null, "footprint_source": "osm", "source_updated": null, "is_part": false, "parent": null, "hidden": false, "addr": "909 West Clay Street", "wikidata": null, "website": null, "zoning": "R-8", "lidar_p90": 8.2, "ground_z": 52.45 }, "geometry": { "type": "Polygon", "coordinates": [ [ [ 283719.33, 4158932.65 ], [ 283711.93, 4158922.77 ], [ 283705.49, 4158927.55 ], [ 283712.89, 4158937.43 ], [ 283719.33, 4158932.65 ] ] ] } },
{ "type": "Feature", "properties": { "id": "osm:way/334115540", "name": null, "height": 8.23, "min_height": 0.0, "levels": null, "height_source": "lidar", "roof_shape": "flat", "roof_height": 0.91, "roof_azimuth": null, "roof_source": "lod2", "roof_color": "roof_flat", "roof_color_source": "ortho", "lod2_roof": { "v": [ [ 283584.8, 4158920.63, 0.0 ], [ 283585.99, 4158922.11, 0.0 ], [ 283589.34, 4158941.27, 0.0 ], [ 283588.74, 4158940.52, 0.0 ], [ 283596.36, 4158935.01, 0.0 ], [ 283596.36, 4158935.01, 0.0 ], [ 283588.74, 4158940.52, 0.0 ], [ 283596.68, 4158935.41, 0.0 ], [ 283578.32, 4158927.54, 0.0 ], [ 283577.49, 4158926.51, 0.0 ], [ 283578.32, 4158927.54, 0.91 ], [ 283585.99, 4158922.11, 0.89 ] ], "f": [ [ [ 1, 8, 9, 0 ] ], [ [ 5, 7, 2, 3 ] ], [ [ 11, 4, 6, 10 ] ], [ [ 4, 5, 3, 6 ] ], [ [ 10, 8, 1, 11 ] ] ] }, "roof_props": null, "wall_color": "brick", "type": "yes", "landmark": null, "footprint_source": "osm", "source_updated": null, "is_part": false, "parent": null, "hidden": false, "addr": "1008 West Marshall Street", "wikidata": null, "website": null, "zoning": "R-8", "lidar_p90": 8.56, "ground_z": 54.55 }, "geometry": { "type": "Polygon", "coordinates": [ [ [ 283576.87, 4158925.74 ], [ 283589.34, 4158941.27 ], [ 283596.68, 4158935.41 ], [ 283584.21, 4158919.89 ], [ 283576.87, 4158925.74 ] ] ] } },
{ "type": "Feature", "properties": { "id": "osm:way/334118179", "name": null, "height": 6.79, "min_height": 0.0, "levels": null, "height_source": "lidar", "roof_shape": "flat", "roof_height": 1.59, "roof_azimuth": null, "roof_source": "lod2", "roof_color": "slate", "roof_color_source": "ortho", "lod2_roof": { "v": [ [ 283706.43, 4158928.54, 0.94 ], [ 283712.89, 4158937.42, 1.49 ], [ 283707.17, 4158941.79, 1.59 ], [ 283701.25, 4158933.55, 1.08 ], [ 283703.34, 4158928.38, 0.87 ], [ 283705.27, 4158930.22, 1.0 ], [ 283702.71, 4158928.91, 0.88 ], [ 283702.71, 4158928.91, 0.0 ], [ 283699.97, 4158934.46, 1.09 ], [ 283693.83, 4158925.91, 0.57 ], [ 283696.74, 4158923.93, 0.0 ], [ 283696.74, 4158923.93, 0.53 ], [ 283701.66, 4158929.8, 0.0 ], [ 283701.66, 4158929.8, 0.91 ], [ 283698.09, 4158923.01, 0.0 ] ], "f": [ [ [ 13, 6, 4, 5, 0, 1, 2, 3, 8, 9, 11 ] ], [ [ 10, 14, 7, 12 ] ], [ [ 11, 10, 12, 13 ] ], [ [ 13, 12, 7, 6 ] ] ] }, "roof_props": null, "wall_color": "terracotta", "type": "yes", "landmark": null, "footprint_source": "osm", "source_updated": null, "is_part": false, "parent": null, "hidden": false, "addr": "911 West Clay Street", "wikidata": null, "website": null, "zoning": "R-8", "lidar_p90": 7.64, "ground_z": 52.5 }, "geometry": { "type": "Polygon", "coordinates": [ [ [ 283699.97, 4158934.46 ], [ 283701.25, 4158933.55 ], [ 283707.16, 4158941.79 ], [ 283712.89, 4158937.43 ], [ 283700.31, 4158920.12 ], [ 283693.27, 4158925.13 ], [ 283699.97, 4158934.46 ] ] ] } },
{ "type": "Feature", "properties": { "id": "osm:way/334115574", "name": null, "height": 7.36, "min_height": 0.0, "levels": null, "height_source": "lidar", "roof_shape": "flat", "roof_height": 1.83, "roof_azimuth": null, "roof_source": "lod2", "roof_color": "roof_flat", "roof_color_source": "ortho", "lod2_roof": { "v": [ [ 283578.1, 4158928.37, 1.83 ], [ 283578.1, 4158928.37, 0.0 ], [ 283584.02, 4158935.71, 0.68 ], [ 283573.85, 4158931.61, 0.76 ], [ 283573.85, 4158931.61, 0.0 ], [ 283576.04, 4158929.23, 0.0 ], [ 283576.04, 4158929.23, 0.83 ], [ 283576.14, 4158929.36, 0.0 ], [ 283576.14, 4158929.36, 0.82 ], [ 283582.43, 4158936.98, 0.22 ], [ 283586.24, 4158941.69, 0.0 ], [ 283585.82, 4158942.02, 0.0 ], [ 283585.82, 4158942.02, 0.0 ], [ 283572.16, 4158929.52, 0.0 ], [ 283576.34, 4158926.18, 0.0 ], [ 283583.65, 4158943.77, 0.0 ], [ 283576.82, 4158929.01, 0.0 ], [ 283576.82, 4158929.01, 0.8 ], [ 283576.82, 4158929.01, 1.55 ] ], "f": [ [ [ 1, 16, 7, 5, 4, 13, 14 ] ], [ [ 17, 11, 15, 3, 6, 8 ] ], [ [ 12, 18, 0, 2, 9, 10 ] ], [ [ 3, 4, 5, 6 ] ], [ [ 6, 5, 7, 8 ] ], [ [ 8, 7, 16, 17 ] ], [ [ 18, 17, 16, 1, 0 ] ], [ [ 12, 11, 17, 18 ] ] ] }, "roof_props": null, "wall_color": "concrete", "type": "yes", "landmark": null, "footprint_source": "osm", "source_updated": null, "is_part": false, "parent": null, "hidden": false, "addr": "1010 W Marshall St", "wikidata": null, "website": null, "zoning": "R-8", "lidar_p90": 8.77, "ground_z": 54.42 }, "geometry": { "type": "Polygon", "coordinates": [ [ [ 283583.65, 4158943.77 ], [ 283586.24, 4158941.69 ], [ 283582.43, 4158936.98 ], [ 283584.02, 4158935.71 ], [ 283576.34, 4158926.18 ], [ 283572.16, 4158929.52 ], [ 283583.65, 4158943.77 ] ] ] } },
{ "type": "Feature", "properties": { "id": "osm:way/334118183", "name": null, "height": 6.72, "min_height": 0.0, "levels": null, "height_source": "lidar", "roof_shape": "flat", "roof_height": 0.0, "roof_azimuth": null, "roof_source": "lidar", "roof_color": "roof_flat", "roof_color_source": "ortho", "lod2_roof": null, "roof_props": null, "wall_color": "cream", "type": "yes", "landmark": null, "footprint_source": "osm", "source_updated": null, "is_part": false, "parent": null, "hidden": false, "addr": "913 West Clay Street", "wikidata": null, "website": null, "zoning": "R-8", "lidar_p90": 7.58, "ground_z": 52.55 }, "geometry": { "type": "Polygon", "coordinates": [ [ [ 283692.27, 4158939.56 ], [ 283693.49, 4158938.6 ], [ 283700.37, 4158947.2 ], [ 283705.65, 4158943.02 ], [ 283697.31, 4158932.59 ], [ 283695.95, 4158933.66 ], [ 283690.33, 4158926.63 ], [ 283685.18, 4158930.71 ], [ 283692.27, 4158939.56 ] ] ] } },
{ "type": "Feature", "properties": { "id": "osm:way/334115563", "name": null, "height": 7.34, "min_height": 0.0, "levels": null, "height_source": "lidar", "roof_shape": "flat", "roof_height": 0.96, "roof_azimuth": null, "roof_source": "lod2", "roof_color": "roof_flat", "roof_color_source": "ortho", "lod2_roof": { "v": [ [ 283573.7, 4158931.43, 0.96 ], [ 283573.7, 4158931.43, 0.0 ], [ 283583.65, 4158943.77, 0.0 ], [ 283572.95, 4158930.5, 0.0 ], [ 283581.16, 4158945.89, 0.0 ], [ 283577.43, 4158941.12, 0.06 ], [ 283569.92, 4158934.74, 0.94 ], [ 283569.92, 4158934.74, 0.0 ], [ 283575.87, 4158942.34, 0.06 ], [ 283569.0, 4158933.56, 0.0 ] ], "f": [ [ [ 8, 6, 0, 2, 4, 5 ] ], [ [ 9, 3, 1, 7 ] ], [ [ 6, 7, 1, 0 ] ] ] }, "roof_props": null, "wall_color": "concrete", "type": "yes", "landmark": null, "footprint_source": "osm", "source_updated": null, "is_part": false, "parent": null, "hidden": false, "addr": null, "wikidata": null, "website": null, "zoning": "R-8", "lidar_p90": 7.43, "ground_z": 54.35 }, "geometry": { "type": "Polygon", "coordinates": [ [ [ 283575.87, 4158942.34 ], [ 283577.43, 4158941.12 ], [ 283581.16, 4158945.89 ], [ 283583.65, 4158943.77 ], [ 283572.16, 4158929.52 ], [ 283568.24, 4158932.59 ], [ 283575.87, 4158942.34 ] ] ] } },
{ "type": "Feature", "properties": { "id": "osm:way/334118131", "name": null, "height": 6.63, "min_height": 0.0, "levels": null, "height_source": "lidar", "roof_shape": "flat", "roof_height": 1.76, "roof_azimuth": null, "roof_source": "lod2", "roof_color": "roof_flat", "roof_color_source": "ortho", "lod2_roof": { "v": [ [ 283695.12, 4158943.72, 0.68 ], [ 283693.72, 4158944.76, 0.81 ], [ 283696.0, 4158951.07, 0.0 ], [ 283691.06, 4158954.73, 0.0 ], [ 283686.25, 4158944.46, 1.29 ], [ 283686.25, 4158944.46, 0.58 ], [ 283684.74, 4158946.25, 0.61 ], [ 283684.74, 4158946.25, 1.35 ], [ 283687.29, 4158943.99, 1.34 ], [ 283687.29, 4158943.99, 1.19 ], [ 283687.29, 4158943.99, 0.62 ], [ 283695.79, 4158950.74, 1.76 ], [ 283695.79, 4158950.74, 0.0 ], [ 283690.93, 4158954.56, 0.0 ], [ 283690.93, 4158954.56, 1.7 ], [ 283694.2, 4158945.97, 1.28 ], [ 283693.15, 4158946.73, 1.26 ], [ 283693.45, 4158944.96, 1.15 ], [ 283682.84, 4158939.92, 1.29 ], [ 283682.84, 4158939.92, 0.52 ], [ 283681.62, 4158938.8, 1.32 ], [ 283681.82, 4158940.84, 0.53 ], [ 283693.72, 4158944.76, 1.15 ], [ 283684.99, 4158940.87, 1.2 ], [ 283684.99, 4158940.87, 0.81 ], [ 283683.33, 4158940.37, 0.61 ], [ 283683.33, 4158940.37, 1.28 ], [ 283686.58, 4158932.54, 0.75 ], [ 283681.91, 4158934.85, 1.14 ], [ 283691.78, 4158941.97, 0.79 ], [ 283691.78, 4158941.97, 0.82 ], [ 283691.92, 4158942.18, 0.82 ], [ 283683.71, 4158937.25, 1.13 ], [ 283683.01, 4158942.45, 0.8 ], [ 283684.84, 4158941.75, 1.25 ], [ 283684.84, 4158941.75, 0.89 ], [ 283686.56, 4158943.33, 1.2 ], [ 283682.29, 4158942.97, 0.79 ] ], "f": [ [ [ 3, 13, 12, 2 ] ], [ [ 9, 36, 34, 23, 26, 18, 20, 32, 28, 27, 0, 1, 31, 30 ] ], [ [ 37, 33, 21, 19, 25, 24, 35, 36, 8, 4, 7 ] ], [ [ 14, 6, 5, 10, 29, 31, 22, 17, 15, 16, 11 ] ], [ [ 4, 5, 6, 7 ] ], [ [ 8, 9, 10, 5, 4 ] ], [ [ 11, 12, 13, 14 ] ], [ [ 23, 24, 25, 26 ] ], [ [ 29, 30, 31 ] ], [ [ 1, 22, 31 ] ], [ [ 30, 29, 10, 9 ] ], [ [ 26, 25, 19, 18 ] ], [ [ 34, 35, 24, 23 ] ], [ [ 35, 34, 36 ] ], [ [ 9, 8, 36 ] ] ] }, "roof_props": null, "wall_color": "brick", "type": "yes", "landmark": null, "footprint_source": "osm", "source_updated": null, "is_part": false, "parent": null, "hidden": false, "addr": "915 West Clay Street", "wikidata": null, "website": null, "zoning": "R-8", "lidar_p90": 7.32, "ground_z": 52.54 }, "geometry": { "type": "Polygon", "coordinates": [ [ [ 283683.01, 4158942.45 ], [ 283682.29, 4158942.98 ], [ 283691.06, 4158954.73 ], [ 283697.29, 4158950.11 ], [ 283693.45, 4158944.96 ], [ 283695.12, 4158943.72 ], [ 283685.18, 4158930.71 ], [ 283681.02, 4158933.66 ], [ 283683.71, 4158937.25 ], [ 283680.77, 4158939.43 ], [ 283683.01, 4158942.45 ] ] ] } },
{ "type": "Feature", "properties": { "id": "richmond_structure:277721", "name": null, "height": 3.27, "min_height": 0.0, "levels": null, "height_source": "lidar", "roof_shape": "flat", "roof_height": 0.0, "roof_azimuth": null, "roof_source": "heuristic", "roof_color": "roof_flat", "roof_color_source": "heuristic", "lod2_roof": null, "roof_props": null, "wall_color": "cream", "type": "yes", "landmark": null, "footprint_source": "richmond_structures", "source_updated": "2026-09-08T12:07:13.637000Z", "is_part": false, "parent": null, "hidden": false, "addr": null, "wikidata": null, "website": null, "zoning": "R-8", "lidar_p90": 4.03, "ground_z": 52.85 }, "geometry": { "type": "Polygon", "coordinates": [ [ [ 283650.27, 4158941.94 ], [ 283646.88, 4158944.73 ], [ 283650.47, 4158949.1 ], [ 283653.86, 4158946.31 ], [ 283650.27, 4158941.94 ] ] ] } },
{ "type": "Feature", "properties": { "id": "osm:way/334118152", "name": null, "height": 8.53, "min_height": 0.0, "levels": null, "height_source": "lidar", "roof_shape": "flat", "roof_height": 1.31, "roof_azimuth": null, "roof_source": "lod2", "roof_color": "roof_flat", "roof_color_source": "ortho", "lod2_roof": { "v": [ [ 283753.95, 4158962.76, 0.0 ], [ 283749.32, 4158966.39, 0.0 ], [ 283741.58, 4158956.59, 0.0 ], [ 283746.36, 4158957.14, 0.0 ], [ 283746.36, 4158957.14, 0.0 ], [ 283741.58, 4158956.59, 0.28 ], [ 283739.34, 4158948.72, 1.31 ], [ 283739.34, 4158948.72, 0.0 ], [ 283742.53, 4158948.3, 0.0 ], [ 283742.53, 4158948.3, 1.16 ], [ 283740.11, 4158946.34, 0.0 ], [ 283738.18, 4158952.3, 0.98 ], [ 283740.65, 4158945.92, 0.0 ], [ 283748.01, 4158955.24, 0.0 ], [ 283748.01, 4158955.24, 0.02 ] ], "f": [ [ [ 10, 12, 8, 7 ] ], [ [ 14, 3, 5, 11, 6, 9 ] ], [ [ 13, 0, 1, 2, 4 ] ], [ [ 3, 4, 2, 5 ] ], [ [ 6, 7, 8, 9 ] ], [ [ 14, 13, 4, 3 ] ] ] }, "roof_props": null, "wall_color": "cream", "type": "yes", "landmark": null, "footprint_source": "osm", "source_updated": null, "is_part": false, "parent": null, "hidden": false, "addr": "908 West Clay Street", "wikidata": null, "website": null, "zoning": "R-8", "lidar_p90": 9.35, "ground_z": 51.59 }, "geometry": { "type": "Polygon", "coordinates": [ [ [ 283749.32, 4158966.39 ], [ 283753.95, 4158962.76 ], [ 283740.65, 4158945.92 ], [ 283736.01, 4158949.55 ], [ 283749.32, 4158966.39 ] ] ] } },
{ "type": "Feature", "properties": { "id": "osm:way/334118160", "name": null, "height": 8.36, "min_height": 0.0, "levels": null, "height_source": "lidar", "roof_shape": "flat", "roof_height": 1.58, "roof_azimuth": null, "roof_source": "lod2", "roof_color": "roof_flat", "roof_color_source": "ortho", "lod2_roof": { "v": [ [ 283748.33, 4158967.22, 0.0 ], [ 283744.32, 4158970.36, 0.18 ], [ 283730.99, 4158953.49, 0.0 ], [ 283731.06, 4158953.43, 0.0 ], [ 283739.81, 4158964.66, 0.0 ], [ 283732.76, 4158955.73, 0.0 ], [ 283732.76, 4158955.73, 1.34 ], [ 283733.37, 4158953.08, 0.0 ], [ 283733.37, 4158953.08, 1.58 ], [ 283738.22, 4158952.35, 1.31 ], [ 283744.02, 4158959.69, 0.1 ], [ 283744.02, 4158959.69, 0.15 ], [ 283749.34, 4158966.42, 0.15 ], [ 283739.81, 4158964.66, 0.09 ], [ 283741.97, 4158965.16, 0.0 ], [ 283741.97, 4158965.16, 0.0 ], [ 283748.33, 4158967.22, 0.27 ], [ 283746.17, 4158964.51, 0.0 ], [ 283746.17, 4158964.51, 0.26 ], [ 283745.74, 4158964.73, 0.0 ], [ 283745.74, 4158964.73, 0.3 ], [ 283744.38, 4158962.26, 0.24 ], [ 283744.38, 4158962.26, 0.0 ], [ 283744.06, 4158959.96, 0.12 ], [ 283743.88, 4158963.62, 0.0 ], [ 283743.88, 4158963.62, 0.0 ], [ 283743.75, 4158963.72, 0.0 ], [ 283744.73, 4158964.68, 0.0 ], [ 283744.73, 4158964.68, 0.0 ], [ 283743.96, 4158963.72, 0.0 ], [ 283745.05, 4158965.08, 0.0 ], [ 283745.92, 4158964.19, 0.25 ] ], "f": [ [ [ 7, 5, 2, 3 ] ], [ [ 30, 19, 17, 0, 1, 13, 15, 26, 25, 29, 28 ] ], [ [ 31, 21, 23, 10, 12, 16, 18, 20 ] ], [ [ 22, 27, 29, 24, 26, 14, 4, 6, 8, 9, 11, 23 ] ], [ [ 6, 5, 7, 8 ] ], [ [ 13, 4, 14, 15 ] ], [ [ 16, 0, 17, 18 ] ], [ [ 18, 17, 19, 20 ] ], [ [ 21, 22, 23 ] ], [ [ 11, 10, 23 ] ], [ [ 24, 25, 26 ] ], [ [ 15, 14, 26 ] ], [ [ 27, 28, 29 ] ], [ [ 25, 24, 29 ] ] ] }, "roof_props": null, "wall_color": "cream", "type": "yes", "landmark": null, "footprint_source": "osm", "source_updated": null, "is_part": false, "parent": null, "hidden": false, "addr": "908 1/2 W Clay St", "wikidata": null, "website": null, "zoning": "R-8", "lidar_p90": 9.31, "ground_z": 51.69 }, "geometry": { "type": "Polygon", "coordinates": [ [ [ 283744.32, 4158970.36 ], [ 283749.34, 4158966.42 ], [ 283736.01, 4158949.55 ], [ 283730.99, 4158953.49 ], [ 283744.32, 4158970.36 ] ] ] } },
{ "type": "Feature", "properties": { "id": "osm:way/334118134", "name": null, "height": 8.35, "min_height": 0.0, "levels": null, "height_source": "lidar", "roof_shape": "flat", "roof_height": 2.01, "roof_azimuth": null, "roof_source": "lod2", "roof_color": "roof_flat", "roof_color_source": "ortho", "lod2_roof": { "v": [ [ 283742.76, 4158971.52, 0.0 ], [ 283739.73, 4158973.89, 0.16 ], [ 283742.76, 4158971.52, 0.36 ], [ 283740.31, 4158969.9, 0.0 ], [ 283740.31, 4158969.9, 0.41 ], [ 283744.28, 4158970.33, 0.2 ], [ 283727.89, 4158955.91, 0.0 ], [ 283730.16, 4158955.89, 0.0 ], [ 283730.16, 4158955.89, 0.06 ], [ 283728.55, 4158959.73, 1.28 ], [ 283728.55, 4158959.73, 2.01 ], [ 283729.08, 4158958.46, 1.37 ], [ 283730.16, 4158955.89, 1.54 ], [ 283726.44, 4158957.05, 0.45 ], [ 283736.23, 4158969.46, 0.0 ], [ 283736.23, 4158969.46, 0.14 ], [ 283732.86, 4158955.86, 1.35 ], [ 283732.86, 4158955.86, 0.0 ], [ 283740.37, 4158965.37, 0.0 ], [ 283731.1, 4158953.63, 0.0 ], [ 283740.34, 4158967.54, 0.0 ], [ 283740.34, 4158967.54, 0.0 ], [ 283740.34, 4158967.54, 0.28 ], [ 283740.37, 4158965.37, 0.15 ] ], "f": [ [ [ 10, 13, 6, 8, 11 ] ], [ [ 19, 17, 7 ] ], [ [ 21, 3, 0, 1, 15 ] ], [ [ 18, 20, 14, 9, 11, 12, 16 ] ], [ [ 23, 5, 2, 4, 22 ] ], [ [ 2, 0, 3, 4 ] ], [ [ 9, 10, 11 ] ], [ [ 8, 12, 11 ] ], [ [ 12, 8, 7, 17, 16 ] ], [ [ 15, 14, 20, 21 ] ], [ [ 4, 3, 21, 22 ] ], [ [ 22, 21, 20, 18, 23 ] ] ] }, "roof_props": null, "wall_color": "sand", "type": "yes", "landmark": null, "footprint_source": "osm", "source_updated": null, "is_part": false, "parent": null, "hidden": false, "addr": "910 West Clay Street", "wikidata": null, "website": null, "zoning": "R-8", "lidar_p90": 9.38, "ground_z": 51.65 }, "geometry": { "type": "Polygon", "coordinates": [ [ [ 283739.73, 4158973.89 ], [ 283744.28, 4158970.33 ], [ 283730.99, 4158953.49 ], [ 283726.44, 4158957.05 ], [ 283739.73, 4158973.89 ] ] ] } },
{ "type": "Feature", "properties": { "id": "osm:way/334118176", "name": null, "height": 7.12, "min_height": 0.0, "levels": null, "height_source": "lidar", "roof_shape": "flat", "roof_height": 1.5, "roof_azimuth": null, "roof_source": "lod2", "roof_color": "roof_flat", "roof_color_source": "ortho", "lod2_roof": { "v": [ [ 283676.04, 4158951.96, 0.54 ], [ 283677.79, 4158950.55, 0.54 ], [ 283680.87, 4158958.01, 1.47 ], [ 283687.43, 4158957.49, 0.16 ], [ 283683.15, 4158960.88, 0.07 ], [ 283674.17, 4158946.0, 0.0 ], [ 283673.43, 4158945.08, 0.0 ], [ 283676.18, 4158942.92, 0.0 ], [ 283677.16, 4158944.19, 0.0 ], [ 283675.02, 4158945.7, 0.0 ], [ 283675.02, 4158945.7, 0.0 ], [ 283677.16, 4158944.19, 0.0 ], [ 283674.17, 4158946.0, 0.0 ], [ 283685.29, 4158954.72, 1.5 ], [ 283685.46, 4158954.59, 1.5 ], [ 283686.2, 4158955.89, 0.93 ] ], "f": [ [ [ 15, 3, 4, 2, 13, 14 ] ], [ [ 10, 5, 6, 7, 8 ] ], [ [ 11, 13, 2, 0, 1, 12, 9 ] ], [ [ 9, 10, 8, 11 ] ], [ [ 12, 5, 10, 9 ] ] ] }, "roof_props": null, "wall_color": "sand", "type": "yes", "landmark": null, "footprint_source": "osm", "source_updated": null, "is_part": false, "parent": null, "hidden": false, "addr": "917 West Clay Street", "wikidata": null, "website": null, "zoning": "R-8", "lidar_p90": 7.72, "ground_z": 52.49 }, "geometry": { "type": "Polygon", "coordinates": [ [ [ 283688.62, 4158956.55 ], [ 283677.15, 4158942.15 ], [ 283673.43, 4158945.08 ], [ 283677.79, 4158950.56 ], [ 283676.04, 4158951.96 ], [ 283683.15, 4158960.88 ], [ 283688.62, 4158956.55 ] ] ] } },
{ "type": "Feature", "properties": { "id": "osm:way/334118185", "name": null, "height": 7.18, "min_height": 0.0, "levels": null, "height_source": "lidar", "roof_shape": "flat", "roof_height": 1.82, "roof_azimuth": null, "roof_source": "lod2", "roof_color": "roof_flat", "roof_color_source": "ortho", "lod2_roof": { "v": [ [ 283683.15, 4158960.88, 0.11 ], [ 283681.82, 4158961.96, 0.06 ], [ 283680.14, 4158960.27, 1.55 ], [ 283680.14, 4158960.27, 0.88 ], [ 283681.64, 4158961.69, 0.17 ], [ 283681.64, 4158961.69, 1.78 ], [ 283681.73, 4158961.63, 1.78 ], [ 283681.73, 4158961.63, 0.17 ], [ 283681.82, 4158961.96, 1.82 ], [ 283678.09, 4158965.0, 1.79 ], [ 283667.4, 4158951.39, 0.49 ], [ 283667.91, 4158949.53, 0.6 ], [ 283669.64, 4158950.17, 0.46 ], [ 283668.6, 4158952.92, 0.31 ], [ 283668.6, 4158952.92, 0.03 ], [ 283676.69, 4158952.71, 0.63 ], [ 283680.98, 4158958.14, 1.32 ], [ 283680.98, 4158958.14, 1.43 ], [ 283668.78, 4158952.44, 0.34 ], [ 283668.78, 4158952.44, 0.0 ], [ 283669.32, 4158952.69, 0.06 ] ], "f": [ [ [ 3, 16, 0, 1, 7, 4 ] ], [ [ 12, 18, 13, 10, 11 ] ], [ [ 20, 15, 17, 2, 5, 6, 8, 9, 14, 19 ] ], [ [ 2, 3, 4, 5 ] ], [ [ 6, 7, 1, 8 ] ], [ [ 5, 4, 7, 6 ] ], [ [ 17, 16, 3, 2 ] ], [ [ 18, 19, 14, 13 ] ] ] }, "roof_props": null, "wall_color": "brick", "type": "yes", "landmark": null, "footprint_source": "osm", "source_updated": null, "is_part": false, "parent": null, "hidden": false, "addr": "919 West Clay Street", "wikidata": null, "website": null, "zoning": "R-8", "lidar_p90": 8.35, "ground_z": 52.64 }, "geometry": { "type": "Polygon", "coordinates": [ [ [ 283683.15, 4158960.88 ], [ 283674.62, 4158950.08 ], [ 283672.67, 4158951.6 ], [ 283669.35, 4158947.37 ], [ 283666.18, 4158949.84 ], [ 283678.09, 4158965.01 ], [ 283683.15, 4158960.88 ] ] ] } },
{ "type": "Feature", "properties": { "id": "osm:way/334118144", "name": null, "height": 7.4, "min_height": 0.0, "levels": null, "height_source": "lidar", "roof_shape": "flat", "roof_height": 1.32, "roof_azimuth": null, "roof_source": "lod2", "roof_color": "roof_flat", "roof_color_source": "ortho", "lod2_roof": { "v": [ [ 283667.36, 4158959.66, 0.14 ], [ 283670.75, 4158955.66, 0.0 ], [ 283678.09, 4158965.0, 1.29 ], [ 283674.19, 4158968.05, 1.32 ] ], "f": [ [ [ 2, 3, 0, 1 ] ] ] }, "roof_props": null, "wall_color": "sand", "type": "yes", "landmark": null, "footprint_source": "osm", "source_updated": null, "is_part": false, "parent": null, "hidden": false, "addr": "921 West Clay Street", "wikidata": null, "website": null, "zoning": "R-8", "lidar_p90": 8.05, "ground_z": 52.51 }, "geometry": { "type": "Polygon", "coordinates": [ [ [ 283678.09, 4158965.01 ], [ 283670.65, 4158955.54 ], [ 283666.64, 4158958.77 ], [ 283674.19, 4158968.05 ], [ 283678.09, 4158965.01 ] ] ] } },
{ "type": "Feature", "properties": { "id": "osm:way/334118178", "name": null, "height": 7.17, "min_height": 0.0, "levels": null, "height_source": "lidar", "roof_shape": "flat", "roof_height": 1.92, "roof_azimuth": null, "roof_source": "lod2", "roof_color": "concrete", "roof_color_source": "ortho", "lod2_roof": { "v": [ [ 283674.19, 4158968.05, 1.92 ], [ 283669.79, 4158971.6, 1.86 ], [ 283660.41, 4158960.07, 0.08 ], [ 283660.41, 4158960.07, 0.1 ], [ 283660.56, 4158960.06, 0.09 ], [ 283662.11, 4158960.01, 0.0 ], [ 283662.11, 4158960.01, 0.22 ], [ 283667.48, 4158959.81, 0.65 ], [ 283657.65, 4158956.69, 0.62 ], [ 283658.1, 4158956.33, 0.62 ], [ 283659.55, 4158956.97, 0.47 ], [ 283659.68, 4158955.88, 0.57 ], [ 283660.58, 4158957.42, 0.36 ], [ 283661.29, 4158957.74, 0.28 ] ], "f": [ [ [ 7, 0, 1, 2, 4, 6 ] ], [ [ 13, 5, 4, 3, 8, 9, 10, 11, 12 ] ], [ [ 2, 3, 4 ] ], [ [ 5, 6, 4 ] ] ] }, "roof_props": null, "wall_color": "cream", "type": "yes", "landmark": null, "footprint_source": "osm", "source_updated": null, "is_part": false, "parent": null, "hidden": false, "addr": "923 West Clay Street", "wikidata": null, "website": null, "zoning": "R-8", "lidar_p90": 7.99, "ground_z": 52.63 }, "geometry": { "type": "Polygon", "coordinates": [ [ [ 283674.19, 4158968.05 ], [ 283665.22, 4158957.05 ], [ 283663.44, 4158958.48 ], [ 283660.26, 4158954.58 ], [ 283657.65, 4158956.69 ], [ 283669.79, 4158971.6 ], [ 283674.19, 4158968.05 ] ] ] } },
{ "type": "Feature", "properties": { "id": "osm:way/334118177", "name": null, "height": 7.46, "min_height": 0.0, "levels": null, "height_source": "lidar", "roof_shape": "flat", "roof_height": 1.86, "roof_azimuth": null, "roof_source": "lod2", "roof_color": "concrete", "roof_color_source": "ortho", "lod2_roof": { "v": [ [ 283655.82, 4158959.56, 0.39 ], [ 283658.64, 4158957.9, 0.35 ], [ 283657.23, 4158961.31, 0.11 ], [ 283657.23, 4158961.31, 0.0 ], [ 283669.79, 4158971.6, 1.86 ], [ 283665.31, 4158975.19, 1.85 ], [ 283655.98, 4158963.65, 0.0 ], [ 283657.89, 4158962.12, 0.0 ], [ 283659.78, 4158959.3, 0.0 ], [ 283659.78, 4158959.3, 0.13 ] ], "f": [ [ [ 9, 2, 0, 1 ] ], [ [ 8, 4, 5, 6, 7, 3 ] ], [ [ 9, 8, 3, 2 ] ] ] }, "roof_props": null, "wall_color": "brick", "type": "yes", "landmark": null, "footprint_source": "osm", "source_updated": null, "is_part": false, "parent": null, "hidden": false, "addr": "925 West Clay Street", "wikidata": null, "website": null, "zoning": "R-8", "lidar_p90": 8.46, "ground_z": 52.6 }, "geometry": { "type": "Polygon", "coordinates": [ [ [ 283665.31, 4158975.19 ], [ 283669.79, 4158971.6 ], [ 283657.65, 4158956.69 ], [ 283655.1, 4158958.66 ], [ 283657.89, 4158962.12 ], [ 283655.98, 4158963.65 ], [ 283665.31, 4158975.19 ] ] ] } },
{ "type": "Feature", "properties": { "id": "osm:way/334118167", "name": null, "height": 6.37, "min_height": 0.0, "levels": null, "height_source": "lidar", "roof_shape": "flat", "roof_height": 2.89, "roof_azimuth": null, "roof_source": "lod2", "roof_color": "roof_flat", "roof_color_source": "ortho", "lod2_roof": { "v": [ [ 283665.31, 4158975.19, 2.86 ], [ 283660.37, 4158979.2, 2.89 ], [ 283647.48, 4158958.72, 0.0 ], [ 283651.19, 4158961.86, 0.0 ], [ 283658.33, 4158966.56, 1.7 ], [ 283658.33, 4158966.56, 1.26 ], [ 283652.47, 4158969.45, 0.96 ], [ 283652.47, 4158969.45, 1.58 ], [ 283653.96, 4158966.7, 1.12 ], [ 283653.96, 4158966.7, 0.0 ], [ 283653.64, 4158967.29, 0.0 ], [ 283653.64, 4158967.29, 1.09 ], [ 283654.16, 4158967.88, 0.0 ], [ 283654.16, 4158967.88, 0.0 ], [ 283654.16, 4158967.88, 1.02 ], [ 283655.04, 4158965.75, 0.46 ], [ 283655.04, 4158965.75, 0.0 ], [ 283656.57, 4158964.39, 0.47 ], [ 283645.24, 4158960.52, 0.0 ], [ 283648.37, 4158964.39, 0.0 ], [ 283650.55, 4158963.06, 1.55 ], [ 283650.55, 4158963.06, 0.0 ], [ 283651.11, 4158963.2, 0.0 ], [ 283651.11, 4158963.2, 1.52 ], [ 283651.04, 4158964.31, 1.43 ], [ 283653.16, 4158968.6, 1.55 ], [ 283653.16, 4158968.6, 1.0 ], [ 283653.16, 4158968.6, 0.0 ], [ 283654.2, 4158969.62, 0.0 ], [ 283654.2, 4158969.62, 1.7 ], [ 283652.79, 4158968.86, 1.55 ], [ 283652.79, 4158968.86, 0.99 ], [ 283655.23, 4158969.1, 1.72 ], [ 283655.23, 4158969.1, 0.0 ], [ 283655.23, 4158969.1, 0.0 ], [ 283655.54, 4158969.45, 0.0 ], [ 283655.54, 4158969.45, 1.77 ], [ 283656.49, 4158968.47, 0.0 ], [ 283656.49, 4158968.47, 1.75 ], [ 283653.49, 4158967.11, 1.11 ], [ 283657.0, 4158967.94, 1.3 ], [ 283657.0, 4158967.94, 0.0 ], [ 283656.99, 4158968.22, 0.0 ], [ 283656.99, 4158968.22, 1.76 ], [ 283657.0, 4158967.94, 1.74 ], [ 283648.37, 4158964.39, 1.53 ], [ 283657.08, 4158968.04, 1.75 ], [ 283657.08, 4158968.04, 0.0 ] ], "f": [ [ [ 5, 40, 15, 17 ] ], [ [ 27, 13, 33, 28 ] ], [ [ 47, 42, 37, 35, 34, 12, 10, 9, 16, 41 ] ], [ [ 39, 8, 11, 14, 26, 31, 6, 45, 20, 23, 24 ] ], [ [ 3, 22, 21, 19, 18, 2 ] ], [ [ 43, 46, 44, 4, 0, 1, 7, 30, 25, 29, 32, 36, 38 ] ], [ [ 8, 9, 10, 11 ] ], [ [ 11, 10, 12, 13, 14 ] ], [ [ 20, 21, 22, 23 ] ], [ [ 25, 26, 27, 28, 29 ] ], [ [ 30, 31, 26, 25 ] ], [ [ 32, 33, 34, 35, 36 ] ], [ [ 36, 35, 37, 38 ] ], [ [ 13, 12, 34, 33 ] ], [ [ 29, 28, 33, 32 ] ], [ [ 40, 41, 16, 15 ] ], [ [ 38, 37, 42, 43 ] ], [ [ 44, 40, 5, 4 ] ], [ [ 14, 13, 27, 26 ] ], [ [ 7, 6, 31, 30 ] ], [ [ 45, 19, 21, 20 ] ], [ [ 46, 47, 41, 40, 44 ] ], [ [ 43, 42, 47, 46 ] ] ] }, "roof_props": null, "wall_color": "sand", "type": "yes", "landmark": null, "footprint_source": "osm", "source_updated": null, "is_part": false, "parent": null, "hidden": false, "addr": "927 West Clay Street", "wikidata": null, "website": null, "zoning": "R-8", "lidar_p90": 8.17, "ground_z": 52.68 }, "geometry": { "type": "Polygon", "coordinates": [ [ [ 283665.31, 4158975.19 ], [ 283650.21, 4158956.54 ], [ 283645.24, 4158960.52 ], [ 283660.37, 4158979.2 ], [ 283665.31, 4158975.19 ] ] ] } },
{ "type": "Feature", "properties": { "id": "osm:way/334118139", "name": null, "height": 7.13, "min_height": 0.0, "levels": null, "height_source": "lidar", "roof_shape": "flat", "roof_height": 2.12, "roof_azimuth": null, "roof_source": "lod2", "roof_color": "roof_flat", "roof_color_source": "ortho", "lod2_roof": { "v": [ [ 283660.37, 4158979.2, 0.0 ], [ 283655.91, 4158982.78, 0.0 ], [ 283655.68, 4158982.49, 0.0 ], [ 283650.79, 4158967.39, 0.33 ], [ 283660.05, 4158978.81, 0.0 ], [ 283660.05, 4158978.81, 2.06 ], [ 283642.69, 4158966.45, 0.33 ], [ 283644.82, 4158964.11, 0.06 ], [ 283644.82, 4158964.11, 0.33 ], [ 283646.64, 4158965.99, 0.04 ], [ 283646.64, 4158965.99, 0.48 ], [ 283655.68, 4158982.49, 2.12 ], [ 283648.16, 4158964.14, 0.47 ], [ 283648.16, 4158964.14, 0.0 ], [ 283650.79, 4158967.39, 0.7 ], [ 283646.25, 4158961.78, 0.0 ], [ 283644.45, 4158968.62, 0.02 ], [ 283644.45, 4158968.62, 0.49 ], [ 283645.86, 4158962.98, 0.0 ], [ 283645.02, 4158962.76, 0.0 ], [ 283645.86, 4158962.98, 0.0 ], [ 283646.18, 4158963.07, 0.0 ], [ 283646.18, 4158963.07, 0.0 ], [ 283646.78, 4158965.88, 0.0 ], [ 283646.78, 4158965.88, 0.01 ], [ 283646.78, 4158965.88, 0.48 ], [ 283647.59, 4158965.19, 0.0 ], [ 283647.59, 4158965.19, 0.48 ] ], "f": [ [ [ 2, 4, 0, 1 ] ], [ [ 11, 16, 3, 5 ] ], [ [ 24, 9, 7, 20, 22 ] ], [ [ 27, 12, 14, 17, 6, 8, 10, 25 ] ], [ [ 13, 26, 23, 21, 18, 19, 15 ] ], [ [ 8, 7, 9, 10 ] ], [ [ 5, 4, 2, 11 ] ], [ [ 14, 3, 16, 17 ] ], [ [ 20, 18, 21, 22 ] ], [ [ 22, 21, 23, 24 ] ], [ [ 10, 9, 24, 25 ] ], [ [ 25, 24, 23, 26, 27 ] ], [ [ 27, 26, 13, 12 ] ] ] }, "roof_props": null, "wall_color": "brick", "type": "yes", "landmark": null, "footprint_source": "osm", "source_updated": null, "is_part": false, "parent": null, "hidden": false, "addr": "929 West Clay Street", "wikidata": null, "website": null, "zoning": "R-8", "lidar_p90": 8.48, "ground_z": 52.32 }, "geometry": { "type": "Polygon", "coordinates": [ [ [ 283655.91, 4158982.78 ], [ 283660.37, 4158979.2 ], [ 283646.25, 4158961.78 ], [ 283641.8, 4158965.35 ], [ 283655.91, 4158982.78 ] ] ] } },
{ "type": "Feature", "properties": { "id": "osm:way/334118142", "name": null, "height": 8.83, "min_height": 0.0, "levels": null, "height_source": "lidar", "roof_shape": "flat", "roof_height": 0.92, "roof_azimuth": null, "roof_source": "lod2", "roof_color": "roof_flat", "roof_color_source": "ortho", "lod2_roof": { "v": [ [ 283712.63, 4158971.02, 0.91 ], [ 283712.63, 4158971.02, 0.0 ], [ 283712.64, 4158970.9, 0.0 ], [ 283712.64, 4158970.9, 0.92 ], [ 283713.84, 4158971.85, 0.0 ], [ 283713.84, 4158971.85, 0.82 ], [ 283711.89, 4158970.08, 0.0 ], [ 283711.17, 4158969.16, 0.0 ], [ 283712.8, 4158967.88, 0.0 ], [ 283723.13, 4158984.31, 0.0 ], [ 283717.22, 4158968.84, 0.8 ], [ 283717.22, 4158968.84, 0.0 ], [ 283717.22, 4158968.84, 0.0 ], [ 283718.32, 4158967.87, 0.0 ], [ 283718.32, 4158967.87, 0.79 ], [ 283717.78, 4158967.16, 0.0 ], [ 283717.78, 4158967.16, 0.0 ], [ 283717.78, 4158967.16, 0.84 ], [ 283711.89, 4158970.08, 0.0 ], [ 283712.77, 4158968.46, 0.0 ], [ 283725.48, 4158982.47, 0.0 ], [ 283718.1, 4158967.08, 0.0 ], [ 283718.1, 4158967.08, 0.83 ], [ 283723.41, 4158976.92, 0.17 ], [ 283716.26, 4158965.18, 0.0 ], [ 283716.47, 4158965.02, 0.0 ], [ 283728.43, 4158980.16, 0.0 ], [ 283726.82, 4158978.97, 0.0 ], [ 283727.99, 4158980.5, 0.0 ] ], "f": [ [ [ 25, 21, 16, 24 ] ], [ [ 18, 11, 4, 2, 1 ] ], [ [ 26, 28, 27, 23, 20, 9, 0, 3, 5, 10, 14, 17, 22 ] ], [ [ 19, 15, 13, 12, 6, 7, 8 ] ], [ [ 0, 1, 2, 3 ] ], [ [ 3, 2, 4, 5 ] ], [ [ 10, 11, 12, 13, 14 ] ], [ [ 14, 13, 15, 16, 17 ] ], [ [ 17, 16, 21, 22 ] ], [ [ 5, 4, 11, 10 ] ], [ [ 18, 6, 12, 11 ] ] ] }, "roof_props": null, "wall_color": "brick", "type": "yes", "landmark": null, "footprint_source": "osm", "source_updated": null, "is_part": false, "parent": null, "hidden": false, "addr": "916 W Clay St", "wikidata": null, "website": null, "zoning": "R-8", "lidar_p90": 9.48, "ground_z": 51.52 }, "geometry": { "type": "Polygon", "coordinates": [ [ [ 283723.13, 4158984.31 ], [ 283728.43, 4158980.16 ], [ 283716.47, 4158965.02 ], [ 283711.17, 4158969.16 ], [ 283723.13, 4158984.31 ] ] ] } },
{ "type": "Feature", "properties": { "id": "osm:way/334118148", "name": null, "height": 8.78, "min_height": 0.0, "levels": null, "height_source": "lidar", "roof_shape": "flat", "roof_height": 0.0, "roof_azimuth": null, "roof_source": "heuristic", "roof_color": "roof_flat", "roof_color_source": "ortho", "lod2_roof": null, "roof_props": null, "wall_color": "terracotta", "type": "yes", "landmark": null, "footprint_source": "osm", "source_updated": null, "is_part": false, "parent": null, "hidden": false, "addr": "918 West Clay Street", "wikidata": null, "website": null, "zoning": "R-8", "lidar_p90": 9.52, "ground_z": 51.55 }, "geometry": { "type": "Polygon", "coordinates": [ [ [ 283718.48, 4158987.75 ], [ 283723.03, 4158984.19 ], [ 283711.17, 4158969.16 ], [ 283706.61, 4158972.73 ], [ 283718.48, 4158987.75 ] ] ] } },
{ "type": "Feature", "properties": { "id": "osm:way/334118166", "name": null, "height": 7.05, "min_height": 0.0, "levels": null, "height_source": "lidar", "roof_shape": "flat", "roof_height": 0.0, "roof_azimuth": null, "roof_source": "heuristic", "roof_color": "roof_flat", "roof_color_source": "ortho", "lod2_roof": null, "roof_props": null, "wall_color": "brick", "type": "yes", "landmark": null, "footprint_source": "osm", "source_updated": null, "is_part": false, "parent": null, "hidden": false, "addr": "931 West Clay Street", "wikidata": null, "website": null, "zoning": "R-8", "lidar_p90": 7.89, "ground_z": 52.05 }, "geometry": { "type": "Polygon", "coordinates": [ [ [ 283653.1, 4158984.26 ], [ 283641.3, 4158969.68 ], [ 283637.48, 4158972.76 ], [ 283649.28, 4158987.33 ], [ 283653.1, 4158984.26 ] ] ] } },
{ "type": "Feature", "properties": { "id": "osm:way/334115550", "name": null, "height": 7.14, "min_height": 0.0, "levels": null, "height_source": "lidar", "roof_shape": "flat", "roof_height": 1.25, "roof_azimuth": null, "roof_source": "lod2", "roof_color": "roof_flat", "roof_color_source": "ortho", "lod2_roof": { "v": [ [ 283560.79, 4158962.41, 0.0 ], [ 283550.39, 4158949.41, 0.0 ], [ 283550.39, 4158949.41, 0.96 ], [ 283556.2, 4158944.96, 0.0 ], [ 283556.2, 4158944.96, 1.25 ], [ 283566.53, 4158957.85, 0.05 ], [ 283555.48, 4158944.05, 0.0 ], [ 283552.64, 4158943.16, 0.0 ], [ 283553.2, 4158944.66, 0.0 ], [ 283547.37, 4158945.64, 0.0 ] ], "f": [ [ [ 5, 0, 2, 4 ] ], [ [ 8, 6, 3, 1, 9, 7 ] ], [ [ 2, 1, 3, 4 ] ] ] }, "roof_props": null, "wall_color": "terracotta", "type": "yes", "landmark": null, "footprint_source": "osm", "source_updated": null, "is_part": false, "parent": null, "hidden": false, "addr": "405 Hancock St", "wikidata": null, "website": null, "zoning": "R-63", "lidar_p90": 7.57, "ground_z": 54.09 }, "geometry": { "type": "Polygon", "coordinates": [ [ [ 283547.06, 4158945.26 ], [ 283560.79, 4158962.41 ], [ 283566.53, 4158957.85 ], [ 283552.79, 4158940.7 ], [ 283547.06, 4158945.26 ] ] ] } },
{ "type": "Feature", "properties": { "id": "osm:way/334118875", "name": null, "height": 8.77, "min_height": 0.0, "levels": null, "height_source": "lidar", "roof_shape": "flat", "roof_height": 0.0, "roof_azimuth": null, "roof_source": "heuristic", "roof_color": "roof_flat", "roof_color_source": "ortho", "lod2_roof": null, "roof_props": null, "wall_color": "terracotta", "type": "yes", "landmark": null, "footprint_source": "osm", "source_updated": null, "is_part": false, "parent": null, "hidden": false, "addr": "1100 West Marshall Street", "wikidata": null, "website": null, "zoning": "R-63", "lidar_p90": 9.9, "ground_z": 53.9 }, "geometry": { "type": "Polygon", "coordinates": [ [ [ 283544.28, 4158973.92 ], [ 283547.17, 4158971.66 ], [ 283542.68, 4158965.98 ], [ 283543.57, 4158965.3 ], [ 283536.11, 4158955.86 ], [ 283532.34, 4158958.81 ], [ 283544.28, 4158973.92 ] ] ] } },
{ "type": "Feature", "properties": { "id": "osm:way/334115514", "name": null, "height": 7.27, "min_height": 0.0, "levels": null, "height_source": "lidar", "roof_shape": "flat", "roof_height": 0.61, "roof_azimuth": null, "roof_source": "lod2", "roof_color": "roof_flat", "roof_color_source": "ortho", "lod2_roof": { "v": [ [ 283570.33, 4158974.31, 0.44 ], [ 283560.79, 4158962.41, 0.61 ], [ 283574.87, 4158970.71, 0.0 ], [ 283565.43, 4158958.72, 0.16 ] ], "f": [ [ [ 3, 2, 0, 1 ] ] ] }, "roof_props": null, "wall_color": "terracotta", "type": "yes", "landmark": null, "footprint_source": "osm", "source_updated": null, "is_part": false, "parent": null, "hidden": false, "addr": "407 Hancock St", "wikidata": null, "website": null, "zoning": "R-8", "lidar_p90": 7.65, "ground_z": 53.2 }, "geometry": { "type": "Polygon", "coordinates": [ [ [ 283570.33, 4158974.31 ], [ 283576.06, 4158969.76 ], [ 283566.53, 4158957.85 ], [ 283560.79, 4158962.41 ], [ 283570.33, 4158974.31 ] ] ] } },
{ "type": "Feature", "properties": { "id": "osm:way/334118872", "name": null, "height": 8.57, "min_height": 0.0, "levels": null, "height_source": "lidar", "roof_shape": "skillion", "roof_height": 2.43, "roof_azimuth": 81.8, "roof_source": "lod2", "roof_color": "roof_flat", "roof_color_source": "ortho", "lod2_roof": { "v": [ [ 283540.66, 4158976.73, 0.34 ], [ 283534.46, 4158968.89, 0.87 ], [ 283544.28, 4158973.92, 0.58 ], [ 283532.34, 4158958.81, 0.0 ], [ 283533.35, 4158960.09, 0.0 ], [ 283531.91, 4158962.47, 2.26 ], [ 283531.91, 4158962.47, 0.69 ], [ 283531.91, 4158962.47, 0.0 ], [ 283533.35, 4158960.09, 2.43 ], [ 283528.72, 4158961.65, 0.0 ], [ 283530.81, 4158964.28, 2.13 ], [ 283530.81, 4158964.28, 0.67 ], [ 283528.92, 4158961.89, 0.0 ], [ 283528.92, 4158961.89, 0.74 ], [ 283534.46, 4158968.89, 1.13 ], [ 283537.55, 4158965.41, 1.16 ], [ 283537.55, 4158965.41, 1.27 ], [ 283535.22, 4158967.19, 1.27 ], [ 283535.22, 4158967.19, 1.0 ] ], "f": [ [ [ 13, 6, 11 ] ], [ [ 12, 9, 3, 4, 7 ] ], [ [ 16, 17, 14, 10, 5, 8 ] ], [ [ 15, 2, 0, 1, 18 ] ], [ [ 5, 6, 7, 4, 8 ] ], [ [ 10, 11, 6, 5 ] ], [ [ 13, 12, 7, 6 ] ], [ [ 17, 18, 1, 14 ] ], [ [ 16, 15, 18, 17 ] ] ] }, "roof_props": null, "wall_color": "sand", "type": "yes", "landmark": null, "footprint_source": "osm", "source_updated": null, "is_part": false, "parent": null, "hidden": false, "addr": "1102 West Marshall Street", "wikidata": null, "website": null, "zoning": "R-8", "lidar_p90": 9.34, "ground_z": 53.54 }, "geometry": { "type": "Polygon", "coordinates": [ [ [ 283544.28, 4158973.92 ], [ 283532.34, 4158958.81 ], [ 283528.72, 4158961.65 ], [ 283540.66, 4158976.73 ], [ 283544.28, 4158973.92 ] ] ] } },
{ "type": "Feature", "properties": { "id": "osm:way/334118890", "name": null, "height": 7.86, "min_height": 0.0, "levels": null, "height_source": "lidar", "roof_shape": "hip", "roof_height": 2.43, "roof_azimuth": 38.8, "roof_source": "lod2", "roof_color": "roof_flat", "roof_color_source": "ortho", "lod2_roof": { "v": [ [ 283526.48, 4158965.08, 0.88 ], [ 283526.44, 4158963.6, 0.89 ], [ 283528.02, 4158962.44, 0.88 ], [ 283525.7, 4158967.11, 2.43 ], [ 283525.7, 4158967.11, 0.88 ], [ 283531.16, 4158964.72, 0.83 ], [ 283531.16, 4158964.72, 2.18 ], [ 283536.74, 4158976.49, 0.09 ], [ 283534.66, 4158978.24, 0.42 ], [ 283525.02, 4158966.26, 0.89 ], [ 283529.72, 4158962.9, 0.85 ], [ 283535.61, 4158970.33, 0.95 ], [ 283534.62, 4158971.18, 0.93 ], [ 283536.02, 4158972.79, 0.56 ], [ 283534.84, 4158973.3, 0.0 ], [ 283534.84, 4158973.3, 0.62 ], [ 283531.75, 4158974.63, 0.76 ], [ 283531.75, 4158974.63, 0.38 ] ], "f": [ [ [ 4, 9, 0, 1, 2, 10, 5 ] ], [ [ 15, 16, 3, 6, 11, 12, 13 ] ], [ [ 14, 7, 8, 17 ] ], [ [ 3, 4, 5, 6 ] ], [ [ 15, 14, 17, 16 ] ] ] }, "roof_props": null, "wall_color": "cream", "type": "yes", "landmark": null, "footprint_source": "osm", "source_updated": null, "is_part": false, "parent": null, "hidden": false, "addr": "1104 West Marshall Street", "wikidata": null, "website": null, "zoning": "R-8", "lidar_p90": 9.98, "ground_z": 53.81 }, "geometry": { "type": "Polygon", "coordinates": [ [ [ 283538.17, 4158975.28 ], [ 283534.62, 4158971.18 ], [ 283535.61, 4158970.33 ], [ 283529.72, 4158962.9 ], [ 283528.02, 4158962.44 ], [ 283526.44, 4158963.6 ], [ 283526.48, 4158965.08 ], [ 283525.02, 4158966.27 ], [ 283534.66, 4158978.24 ], [ 283538.17, 4158975.28 ] ] ] } },
{ "type": "Feature", "properties": { "id": "osm:way/334118851", "name": null, "height": 9.57, "min_height": 0.0, "levels": null, "height_source": "lidar", "roof_shape": "flat", "roof_height": 1.65, "roof_azimuth": null, "roof_source": "lod2", "roof_color": "roof_flat", "roof_color_source": "ortho", "lod2_roof": { "v": [ [ 283520.98, 4158968.46, 0.0 ], [ 283522.1, 4158967.52, 0.0 ], [ 283526.18, 4158967.72, 1.62 ], [ 283526.18, 4158967.72, 0.0 ], [ 283533.59, 4158976.91, 0.0 ], [ 283523.36, 4158970.11, 1.58 ], [ 283523.36, 4158970.11, 0.0 ], [ 283523.38, 4158969.61, 0.0 ], [ 283523.38, 4158969.61, 1.65 ], [ 283523.38, 4158969.61, 0.0 ], [ 283523.63, 4158969.88, 0.0 ], [ 283523.63, 4158969.88, 1.58 ], [ 283520.61, 4158970.25, 0.0 ], [ 283530.83, 4158981.25, 0.0 ], [ 283529.94, 4158980.11, 0.0 ], [ 283529.94, 4158980.11, 0.0 ], [ 283534.66, 4158978.24, 0.0 ], [ 283533.59, 4158976.91, 0.0 ], [ 283523.5, 4158967.63, 0.0 ], [ 283523.5, 4158967.63, 0.0 ], [ 283523.38, 4158969.6, 0.0 ], [ 283527.48, 4158976.94, 0.22 ], [ 283526.3, 4158977.86, 0.22 ], [ 283521.61, 4158971.59, 0.0 ], [ 283521.61, 4158971.59, 1.56 ], [ 283525.02, 4158966.26, 0.0 ] ], "f": [ [ [ 17, 16, 13, 15 ] ], [ [ 24, 5, 8, 11, 2, 4, 14, 21, 22 ] ], [ [ 19, 25, 3, 10, 9, 20 ] ], [ [ 1, 18, 20, 7, 6, 23, 12, 0 ] ], [ [ 5, 6, 7, 8 ] ], [ [ 8, 7, 9, 10, 11 ] ], [ [ 15, 14, 4, 17 ] ], [ [ 18, 19, 20 ] ], [ [ 9, 7, 20 ] ], [ [ 11, 10, 3, 2 ] ], [ [ 24, 23, 6, 5 ] ] ] }, "roof_props": null, "wall_color": "brick", "type": "yes", "landmark": null, "footprint_source": "osm", "source_updated": null, "is_part": false, "parent": null, "hidden": false, "addr": "1106 West Marshall Street", "wikidata": null, "website": null, "zoning": "R-8", "lidar_p90": 9.87, "ground_z": 53.13 }, "geometry": { "type": "Polygon", "coordinates": [ [ [ 283526.3, 4158977.86 ], [ 283527.48, 4158976.94 ], [ 283530.83, 4158981.25 ], [ 283534.66, 4158978.24 ], [ 283525.02, 4158966.27 ], [ 283523.5, 4158967.63 ], [ 283522.1, 4158967.52 ], [ 283520.98, 4158968.46 ], [ 283520.61, 4158970.26 ], [ 283526.3, 4158977.86 ] ] ] } },
{ "type": "Feature", "properties": { "id": "osm:way/334118891", "name": null, "height": 8.45, "min_height": 0.0, "levels": null, "height_source": "lidar", "roof_shape": "gable", "roof_height": 1.43, "roof_azimuth": 38.8, "roof_source": "lidar", "roof_color": "roof_flat", "roof_color_source": "ortho", "lod2_roof": null, "roof_props": null, "wall_color": "sand", "type": "yes", "landmark": null, "footprint_source": "osm", "source_updated": null, "is_part": false, "parent": null, "hidden": false, "addr": "1108 West Marshall Street", "wikidata": null, "website": null, "zoning": "R-8", "lidar_p90": 10.61, "ground_z": 53.05 }, "geometry": { "type": "Polygon", "coordinates": [ [ [ 283529.01, 4158982.67 ], [ 283525.45, 4158978.57 ], [ 283526.3, 4158977.86 ], [ 283520.61, 4158970.26 ], [ 283518.86, 4158969.83 ], [ 283517.28, 4158970.99 ], [ 283517.32, 4158972.47 ], [ 283515.86, 4158973.67 ], [ 283525.49, 4158985.63 ], [ 283529.01, 4158982.67 ] ] ] } },
{ "type": "Feature", "properties": { "id": "osm:way/334118850", "name": null, "height": 9.7, "min_height": 0.0, "levels": null, "height_source": "lidar", "roof_shape": "flat", "roof_height": 1.68, "roof_azimuth": null, "roof_source": "lod2", "roof_color": "roof_flat", "roof_color_source": "ortho", "lod2_roof": { "v": [ [ 283511.06, 4158977.1, 0.0 ], [ 283512.22, 4158975.44, 0.0 ], [ 283511.06, 4158977.1, 0.22 ], [ 283513.76, 4158977.15, 0.0 ], [ 283513.76, 4158977.15, 0.18 ], [ 283520.95, 4158989.17, 0.0 ], [ 283517.6, 4158984.86, 0.28 ], [ 283513.63, 4158975.55, 0.0 ], [ 283515.86, 4158973.67, 0.0 ], [ 283525.49, 4158985.63, 0.0 ], [ 283522.46, 4158987.99, 0.0 ], [ 283522.46, 4158987.99, 0.0 ], [ 283516.4, 4158985.87, 0.26 ], [ 283511.09, 4158979.19, 1.68 ], [ 283511.09, 4158979.19, 0.17 ], [ 283513.76, 4158977.15, 1.68 ], [ 283516.79, 4158974.82, 0.0 ], [ 283510.3, 4158978.2, 0.2 ], [ 283516.79, 4158974.82, 1.68 ], [ 283521.69, 4158986.0, 0.03 ], [ 283521.69, 4158986.0, 0.0 ], [ 283524.21, 4158984.04, 0.0 ], [ 283524.21, 4158984.04, 0.02 ], [ 283521.64, 4158986.22, 0.0 ], [ 283521.64, 4158986.22, 0.02 ] ], "f": [ [ [ 17, 2, 4, 14 ] ], [ [ 16, 3, 0, 1, 7, 8 ] ], [ [ 24, 19, 22, 9, 11 ] ], [ [ 20, 23, 10, 5, 6, 12, 13, 15, 18, 21 ] ], [ [ 2, 0, 3, 4 ] ], [ [ 13, 14, 4, 15 ] ], [ [ 15, 4, 3, 16, 18 ] ], [ [ 19, 20, 21, 22 ] ], [ [ 11, 10, 23, 24 ] ], [ [ 24, 23, 20, 19 ] ] ] }, "roof_props": null, "wall_color": "concrete", "type": "yes", "landmark": null, "footprint_source": "osm", "source_updated": null, "is_part": false, "parent": null, "hidden": false, "addr": "1110 West Marshall Street", "wikidata": null, "website": null, "zoning": "R-8", "lidar_p90": 9.82, "ground_z": 52.95 }, "geometry": { "type": "Polygon", "coordinates": [ [ [ 283516.4, 4158985.87 ], [ 283517.6, 4158984.86 ], [ 283520.95, 4158989.17 ], [ 283525.49, 4158985.63 ], [ 283515.86, 4158973.67 ], [ 283513.63, 4158975.55 ], [ 283512.22, 4158975.44 ], [ 283510.3, 4158978.2 ], [ 283516.4, 4158985.87 ] ] ] } },
{ "type": "Feature", "properties": { "id": "osm:way/334118892", "name": null, "height": 8.73, "min_height": 0.0, "levels": null, "height_source": "lidar", "roof_shape": "gable", "roof_height": 1.01, "roof_azimuth": 38.9, "roof_source": "lidar", "roof_color": "roof_flat", "roof_color_source": "ortho", "lod2_roof": null, "roof_props": null, "wall_color": "concrete", "type": "yes", "landmark": null, "footprint_source": "osm", "source_updated": null, "is_part": false, "parent": null, "hidden": false, "addr": "1112 West Marshall Street", "wikidata": null, "website": null, "zoning": "R-8", "lidar_p90": 10.19, "ground_z": 52.77 }, "geometry": { "type": "Polygon", "coordinates": [ [ [ 283519.09, 4158990.72 ], [ 283515.54, 4158986.61 ], [ 283516.4, 4158985.87 ], [ 283510.3, 4158978.2 ], [ 283508.94, 4158977.88 ], [ 283507.36, 4158979.03 ], [ 283507.4, 4158980.52 ], [ 283505.93, 4158981.71 ], [ 283515.57, 4158993.67 ], [ 283519.09, 4158990.72 ] ] ] } },
{ "type": "Feature", "properties": { "id": "osm:way/334118849", "name": null, "height": 9.75, "min_height": 0.0, "levels": null, "height_source": "lidar", "roof_shape": "flat", "roof_height": 1.56, "roof_azimuth": null, "roof_source": "lod2", "roof_color": "concrete", "roof_color_source": "ortho", "lod2_roof": { "v": [ [ 283511.75, 4158996.69, 0.0 ], [ 283511.36, 4158996.19, 0.0 ], [ 283511.36, 4158996.19, 0.0 ], [ 283504.42, 4158983.06, 0.0 ], [ 283505.93, 4158981.71, 0.0 ], [ 283503.01, 4158982.95, 0.0 ], [ 283512.21, 4158993.5, 0.0 ], [ 283512.21, 4158993.5, 0.0 ], [ 283514.59, 4158992.45, 0.0 ], [ 283514.59, 4158992.45, 0.01 ], [ 283515.57, 4158993.67, 0.0 ], [ 283508.4, 4158992.38, 0.23 ], [ 283507.22, 4158993.29, 0.23 ], [ 283502.26, 4158986.96, 1.56 ], [ 283502.26, 4158986.96, 0.16 ], [ 283504.52, 4158985.22, 0.1 ], [ 283504.52, 4158985.22, 1.55 ], [ 283501.19, 4158985.6, 0.15 ], [ 283504.08, 4158984.67, 0.1 ], [ 283501.55, 4158985.08, 0.14 ], [ 283501.55, 4158985.08, 0.0 ], [ 283501.63, 4158985.2, 0.0 ], [ 283501.63, 4158985.2, 0.14 ], [ 283506.68, 4158982.63, 0.0 ], [ 283503.86, 4158984.39, 0.1 ], [ 283503.86, 4158984.39, 0.0 ], [ 283504.08, 4158984.67, 0.0 ], [ 283507.14, 4158983.2, 1.54 ], [ 283506.68, 4158982.63, 0.03 ] ], "f": [ [ [ 2, 6, 9, 10, 0 ] ], [ [ 22, 24, 18, 15, 14, 17, 19 ] ], [ [ 27, 8, 7, 1, 11, 12, 13, 16 ] ], [ [ 23, 26, 25, 21, 20, 5, 3, 4 ] ], [ [ 18, 28, 27, 16 ] ], [ [ 6, 7, 8, 9 ] ], [ [ 13, 14, 15, 16 ] ], [ [ 16, 15, 18 ] ], [ [ 19, 20, 21, 22 ] ], [ [ 24, 25, 26, 18 ] ], [ [ 2, 1, 7, 6 ] ], [ [ 22, 21, 25, 24 ] ], [ [ 18, 26, 23, 28 ] ] ] }, "roof_props": null, "wall_color": "cream", "type": "yes", "landmark": null, "footprint_source": "osm", "source_updated": null, "is_part": false, "parent": null, "hidden": false, "addr": "1114 West Marshall Street", "wikidata": null, "website": null, "zoning": "R-8", "lidar_p90": 9.99, "ground_z": 52.64 }, "geometry": { "type": "Polygon", "coordinates": [ [ [ 283507.22, 4158993.29 ], [ 283508.4, 4158992.38 ], [ 283511.75, 4158996.69 ], [ 283515.57, 4158993.67 ], [ 283505.93, 4158981.71 ], [ 283504.42, 4158983.06 ], [ 283503.01, 4158982.95 ], [ 283501.19, 4158985.6 ], [ 283507.22, 4158993.29 ] ] ] } },
{ "type": "Feature", "properties": { "id": "osm:way/334118146", "name": null, "height": 8.43, "min_height": 0.0, "levels": null, "height_source": "lidar", "roof_shape": "flat", "roof_height": 0.0, "roof_azimuth": null, "roof_source": "heuristic", "roof_color": "roof_flat", "roof_color_source": "ortho", "lod2_roof": null, "roof_props": null, "wall_color": "terracotta", "type": "yes", "landmark": null, "footprint_source": "osm", "source_updated": null, "is_part": false, "parent": null, "hidden": false, "addr": "912 West Clay Street", "wikidata": null, "website": null, "zoning": "R-8", "lidar_p90": 9.49, "ground_z": 51.63 }, "geometry": { "type": "Polygon", "coordinates": [ [ [ 283734.89, 4158977.37 ], [ 283739.73, 4158973.89 ], [ 283726.44, 4158957.05 ], [ 283721.74, 4158960.73 ], [ 283734.89, 4158977.37 ] ] ] } },
{ "type": "Feature", "properties": { "id": "osm:way/334118162", "name": null, "height": 8.68, "min_height": 0.0, "levels": null, "height_source": "lidar", "roof_shape": "flat", "roof_height": 1.32, "roof_azimuth": null, "roof_source": "lod2", "roof_color": "roof_flat", "roof_color_source": "ortho", "lod2_roof": { "v": [ [ 283732.89, 4158978.94, 0.0 ], [ 283730.26, 4158980.99, 0.0 ], [ 283727.12, 4158977.01, 0.0 ], [ 283727.12, 4158977.01, 0.0 ], [ 283730.64, 4158977.69, 0.0 ], [ 283730.64, 4158977.69, 0.0 ], [ 283734.89, 4158977.37, 0.0 ], [ 283732.89, 4158978.94, 0.17 ], [ 283718.66, 4158966.3, 1.2 ], [ 283718.66, 4158966.3, 1.2 ], [ 283732.37, 4158978.02, 0.0 ], [ 283732.37, 4158978.02, 0.17 ], [ 283730.64, 4158977.69, 0.27 ], [ 283721.33, 4158963.06, 0.0 ], [ 283721.63, 4158962.56, 0.0 ], [ 283720.96, 4158963.05, 0.0 ], [ 283721.33, 4158963.06, 0.43 ], [ 283723.52, 4158963.3, 1.17 ], [ 283723.52, 4158963.3, 0.0 ], [ 283723.37, 4158963.12, 0.0 ], [ 283723.37, 4158963.12, 1.2 ], [ 283722.23, 4158963.59, 1.22 ], [ 283722.23, 4158963.59, 0.0 ], [ 283722.31, 4158961.44, 0.0 ], [ 283723.64, 4158963.13, 0.0 ], [ 283721.33, 4158963.06, 1.32 ], [ 283721.93, 4158963.08, 0.0 ], [ 283721.93, 4158963.08, 1.28 ], [ 283720.32, 4158964.74, 1.23 ], [ 283723.64, 4158963.13, 1.18 ], [ 283731.62, 4158973.24, 0.0 ], [ 283731.62, 4158973.24, 0.03 ], [ 283730.26, 4158973.38, 0.13 ], [ 283730.26, 4158973.38, 0.0 ], [ 283721.37, 4158962.1, 0.0 ], [ 283722.09, 4158961.8, 0.0 ], [ 283718.13, 4158965.64, 0.0 ] ], "f": [ [ [ 5, 10, 0, 1, 2 ] ], [ [ 12, 32, 31, 6, 7, 11 ] ], [ [ 35, 23, 24, 19, 18, 22, 26, 13, 14, 34 ] ], [ [ 28, 25, 27, 21, 17, 20, 29, 30, 33, 4, 3, 9 ] ], [ [ 36, 15, 16, 28, 8 ] ], [ [ 2, 3, 4, 5 ] ], [ [ 7, 0, 10, 11 ] ], [ [ 11, 10, 5, 12 ] ], [ [ 17, 18, 19, 20 ] ], [ [ 21, 22, 18, 17 ] ], [ [ 25, 16, 13, 26, 27 ] ], [ [ 27, 26, 22, 21 ] ], [ [ 9, 8, 28 ] ], [ [ 20, 19, 24, 29 ] ], [ [ 32, 33, 30, 31 ] ], [ [ 12, 5, 4, 33, 32 ] ], [ [ 16, 25, 28 ] ] ] }, "roof_props": null, "wall_color": "concrete", "type": "yes", "landmark": null, "footprint_source": "osm", "source_updated": null, "is_part": false, "parent": null, "hidden": false, "addr": "914 West Clay Street", "wikidata": null, "website": null, "zoning": "R-8", "lidar_p90": 9.45, "ground_z": 51.57 }, "geometry": { "type": "Polygon", "coordinates": [ [ [ 283730.26, 4158980.99 ], [ 283734.89, 4158977.37 ], [ 283721.74, 4158960.73 ], [ 283717.12, 4158964.35 ], [ 283730.26, 4158980.99 ] ] ] } },
{ "type": "Feature", "properties": { "id": "osm:way/334115510", "name": null, "height": 6.18, "min_height": 0.0, "levels": null, "height_source": "lidar", "roof_shape": "flat", "roof_height": 0.65, "roof_azimuth": null, "roof_source": "lod2", "roof_color": "roof_flat", "roof_color_source": "ortho", "lod2_roof": { "v": [ [ 283581.99, 4158988.63, 0.65 ], [ 283573.06, 4158977.17, 0.55 ], [ 283588.29, 4158983.77, 0.1 ], [ 283579.26, 4158972.17, 0.0 ] ], "f": [ [ [ 1, 3, 2, 0 ] ] ] }, "roof_props": null, "wall_color": "terracotta", "type": "yes", "landmark": null, "footprint_source": "osm", "source_updated": null, "is_part": false, "parent": null, "hidden": false, "addr": "411 Hancock St", "wikidata": null, "website": null, "zoning": "R-8", "lidar_p90": 6.59, "ground_z": 52.79 }, "geometry": { "type": "Polygon", "coordinates": [ [ [ 283581.99, 4158988.63 ], [ 283588.29, 4158983.77 ], [ 283578.33, 4158970.97 ], [ 283572.03, 4158975.83 ], [ 283581.99, 4158988.63 ] ] ] } },
{ "type": "Feature", "properties": { "id": "osm:way/334118175", "name": null, "height": 7.2, "min_height": 0.0, "levels": null, "height_source": "lidar", "roof_shape": "flat", "roof_height": 1.55, "roof_azimuth": null, "roof_source": "lod2", "roof_color": "slate", "roof_color_source": "ortho", "lod2_roof": { "v": [ [ 283649.28, 4158987.33, 1.55 ], [ 283645.5, 4158990.36, 1.52 ], [ 283637.12, 4158980.02, 0.22 ], [ 283638.12, 4158979.22, 0.23 ], [ 283638.01, 4158973.42, 0.0 ], [ 283634.89, 4158975.24, 0.0 ] ], "f": [ [ [ 5, 4, 0, 1, 2, 3 ] ] ] }, "roof_props": null, "wall_color": "brick", "type": "yes", "landmark": null, "footprint_source": "osm", "source_updated": null, "is_part": false, "parent": null, "hidden": false, "addr": "933 West Clay Street", "wikidata": null, "website": null, "zoning": "R-8", "lidar_p90": 8.1, "ground_z": 52.21 }, "geometry": { "type": "Polygon", "coordinates": [ [ [ 283649.28, 4158987.33 ], [ 283637.44, 4158972.72 ], [ 283634.66, 4158974.95 ], [ 283638.12, 4158979.22 ], [ 283637.12, 4158980.02 ], [ 283645.5, 4158990.36 ], [ 283649.28, 4158987.33 ] ] ] } },
{ "type": "Feature", "properties": { "id": "osm:way/334118145", "name": null, "height": 8.08, "min_height": 0.0, "levels": null, "height_source": "lidar", "roof_shape": "flat", "roof_height": 0.0, "roof_azimuth": null, "roof_source": "heuristic", "roof_color": "roof_flat", "roof_color_source": "ortho", "lod2_roof": null, "roof_props": null, "wall_color": "terracotta", "type": "yes", "landmark": null, "footprint_source": "osm", "source_updated": null, "is_part": false, "parent": null, "hidden": false, "addr": "920 West Clay Street", "wikidata": null, "website": null, "zoning": "R-8", "lidar_p90": 8.54, "ground_z": 51.52 }, "geometry": { "type": "Polygon", "coordinates": [ [ [ 283712.12, 4158992.58 ], [ 283717.18, 4158988.62 ], [ 283705.19, 4158973.43 ], [ 283700.13, 4158977.39 ], [ 283712.12, 4158992.58 ] ] ] } },
{ "type": "Feature", "properties": { "id": "osm:way/334118182", "name": null, "height": 7.21, "min_height": 0.0, "levels": null, "height_source": "lidar", "roof_shape": "flat", "roof_height": 1.03, "roof_azimuth": null, "roof_source": "lod2", "roof_color": "slate", "roof_color_source": "ortho", "lod2_roof": { "v": [ [ 283630.65, 4158980.32, 0.06 ], [ 283632.26, 4158978.63, 0.0 ], [ 283636.21, 4158982.23, 0.28 ], [ 283645.5, 4158990.36, 0.93 ], [ 283641.14, 4158993.74, 1.03 ], [ 283637.96, 4158981.05, 0.25 ] ], "f": [ [ [ 4, 0, 1, 2, 5, 3 ] ] ] }, "roof_props": null, "wall_color": "cream", "type": "yes", "landmark": null, "footprint_source": "osm", "source_updated": null, "is_part": false, "parent": null, "hidden": false, "addr": "935 W Clay St", "wikidata": null, "website": null, "zoning": "R-8", "lidar_p90": 8.11, "ground_z": 52.03 }, "geometry": { "type": "Polygon", "coordinates": [ [ [ 283641.14, 4158993.74 ], [ 283645.5, 4158990.36 ], [ 283637.12, 4158980.02 ], [ 283636.39, 4158980.67 ], [ 283633.01, 4158976.35 ], [ 283629.62, 4158978.99 ], [ 283641.14, 4158993.74 ] ] ] } },
{ "type": "Feature", "properties": { "id": "osm:way/334118165", "name": null, "height": 8.18, "min_height": 0.0, "levels": null, "height_source": "lidar", "roof_shape": "flat", "roof_height": 0.82, "roof_azimuth": null, "roof_source": "lod2", "roof_color": "slate", "roof_color_source": "ortho", "lod2_roof": { "v": [ [ 283706.96, 4158996.62, 0.0 ], [ 283696.75, 4158983.69, 0.0 ], [ 283696.75, 4158983.69, 0.81 ], [ 283712.12, 4158992.58, 0.0 ], [ 283701.83, 4158979.55, 0.82 ], [ 283701.83, 4158979.55, 0.0 ], [ 283700.71, 4158978.13, 0.0 ], [ 283695.92, 4158982.63, 0.0 ] ], "f": [ [ [ 2, 4, 3, 0 ] ], [ [ 7, 6, 5, 1 ] ], [ [ 2, 1, 5, 4 ] ] ] }, "roof_props": null, "wall_color": "brick", "type": "yes", "landmark": null, "footprint_source": "osm", "source_updated": null, "is_part": false, "parent": null, "hidden": false, "addr": "922 West Clay Street", "wikidata": null, "website": null, "zoning": "R-8", "lidar_p90": 8.48, "ground_z": 51.49 }, "geometry": { "type": "Polygon", "coordinates": [ [ [ 283706.96, 4158996.62 ], [ 283712.12, 4158992.58 ], [ 283700.13, 4158977.39 ], [ 283694.97, 4158981.43 ], [ 283706.96, 4158996.62 ] ] ] } },
{ "type": "Feature", "properties": { "id": "osm:way/334118168", "name": null, "height": 7.54, "min_height": 0.0, "levels": null, "height_source": "lidar", "roof_shape": "flat", "roof_height": 1.0, "roof_azimuth": null, "roof_source": "lod2", "roof_color": "slate", "roof_color_source": "ortho", "lod2_roof": { "v": [ [ 283629.33, 4158987.77, 0.18 ], [ 283630.18, 4158987.12, 0.23 ], [ 283636.08, 4158996.36, 0.77 ], [ 283640.5, 4158992.92, 1.0 ], [ 283627.55, 4158983.77, 0.0 ], [ 283627.94, 4158982.37, 0.0 ], [ 283628.53, 4158982.64, 0.05 ], [ 283634.55, 4158985.3, 0.49 ], [ 283628.53, 4158982.64, 0.59 ], [ 283630.46, 4158980.08, 0.54 ], [ 283634.55, 4158985.3, 0.69 ] ], "f": [ [ [ 10, 8, 9 ] ], [ [ 6, 7, 3, 2, 0, 1, 4, 5 ] ], [ [ 10, 7, 6, 8 ] ] ] }, "roof_props": null, "wall_color": "brick", "type": "yes", "landmark": null, "footprint_source": "osm", "source_updated": null, "is_part": false, "parent": null, "hidden": false, "addr": "1009 West Clay Street", "wikidata": null, "website": null, "zoning": "R-8", "lidar_p90": 8.28, "ground_z": 51.89 }, "geometry": { "type": "Polygon", "coordinates": [ [ [ 283640.5, 4158992.92 ], [ 283629.62, 4158978.99 ], [ 283626.06, 4158981.87 ], [ 283630.17, 4158987.12 ], [ 283629.33, 4158987.77 ], [ 283636.08, 4158996.36 ], [ 283640.5, 4158992.92 ] ] ] } },
{ "type": "Feature", "properties": { "id": "osm:way/334118161", "name": null, "height": 6.67, "min_height": 0.0, "levels": null, "height_source": "lidar", "roof_shape": "gable", "roof_height": 1.89, "roof_azimuth": 23.3, "roof_source": "lod2", "roof_color": "roof_flat", "roof_color_source": "ortho", "lod2_roof": { "v": [ [ 283688.72, 4158990.35, 0.56 ], [ 283688.72, 4158990.35, 0.0 ], [ 283692.2, 4158987.6, 0.0 ], [ 283692.2, 4158987.6, 0.55 ], [ 283687.12, 4158988.32, 0.0 ], [ 283689.33, 4158991.13, 1.03 ], [ 283691.36, 4158985.0, 0.0 ], [ 283692.35, 4158986.19, 0.0 ], [ 283692.35, 4158986.19, 0.06 ], [ 283697.8, 4158992.79, 0.05 ], [ 283696.4, 4158993.89, 0.91 ], [ 283693.39, 4158996.25, 0.82 ], [ 283694.38, 4158995.48, 0.93 ], [ 283694.38, 4158995.48, 1.52 ], [ 283693.75, 4158994.31, 1.69 ], [ 283691.8, 4158991.55, 1.89 ], [ 283693.8, 4158993.88, 1.86 ] ], "f": [ [ [ 7, 2, 1, 4, 6 ] ], [ [ 3, 15, 5, 0 ] ], [ [ 8, 9, 10, 16, 15, 3 ] ], [ [ 12, 14, 16, 10 ] ], [ [ 13, 11, 5, 15, 16, 14 ] ], [ [ 0, 1, 2, 3 ] ], [ [ 3, 2, 7, 8 ] ], [ [ 12, 13, 14 ] ] ] }, "roof_props": null, "wall_color": "terracotta", "type": "yes", "landmark": null, "footprint_source": "osm", "source_updated": null, "is_part": false, "parent": null, "hidden": false, "addr": "1000 West Clay Street", "wikidata": null, "website": null, "zoning": "R-8", "lidar_p90": 8.53, "ground_z": 51.29 }, "geometry": { "type": "Polygon", "coordinates": [ [ [ 283693.39, 4158996.25 ], [ 283699.03, 4158991.83 ], [ 283692.76, 4158983.9 ], [ 283687.11, 4158988.32 ], [ 283693.39, 4158996.25 ] ] ] } },
{ "type": "Feature", "properties": { "id": "osm:way/334118150", "name": null, "height": 7.32, "min_height": 0.0, "levels": null, "height_source": "lidar", "roof_shape": "flat", "roof_height": 1.26, "roof_azimuth": null, "roof_source": "lod2", "roof_color": "roof_flat", "roof_color_source": "ortho", "lod2_roof": { "v": [ [ 283636.67, 4158998.04, 1.26 ], [ 283636.3, 4158998.34, 0.0 ], [ 283636.3, 4158998.34, 1.25 ], [ 283631.14, 4158991.19, 0.79 ], [ 283632.08, 4159001.69, 0.0 ], [ 283631.55, 4159001.03, 0.0 ], [ 283631.55, 4159001.03, 1.18 ], [ 283622.16, 4158989.38, 0.4 ], [ 283623.2, 4158986.58, 0.33 ] ], "f": [ [ [ 1, 4, 5 ] ], [ [ 8, 3, 0, 2, 6, 7 ] ], [ [ 2, 1, 5, 6 ] ] ] }, "roof_props": null, "wall_color": "terracotta", "type": "yes", "landmark": null, "footprint_source": "osm", "source_updated": null, "is_part": false, "parent": null, "hidden": false, "addr": "1011 West Clay Street", "wikidata": null, "website": null, "zoning": "R-8", "lidar_p90": 8.27, "ground_z": 51.66 }, "geometry": { "type": "Polygon", "coordinates": [ [ [ 283636.67, 4158998.04 ], [ 283624.74, 4158983.24 ], [ 283620.16, 4158986.9 ], [ 283632.08, 4159001.69 ], [ 283636.67, 4158998.04 ] ] ] } },
{ "type": "Feature", "properties": { "id": "osm:way/334118181", "name": null, "height": 6.58, "min_height": 0.0, "levels": null, "height_source": "lidar", "roof_shape": "skillion", "roof_height": 1.97, "roof_azimuth": 25.1, "roof_source": "lod2", "roof_color": "roof_flat", "roof_color_source": "ortho", "lod2_roof": { "v": [ [ 283631.18, 4159001.85, 1.28 ], [ 283631.18, 4159001.85, 0.0 ], [ 283626.85, 4159004.91, 0.0 ], [ 283626.85, 4159004.91, 1.26 ], [ 283627.32, 4159005.51, 0.0 ], [ 283631.84, 4159001.39, 1.97 ], [ 283631.84, 4159001.39, 0.0 ], [ 283631.18, 4159001.85, 1.97 ], [ 283632.08, 4159001.69, 0.0 ], [ 283619.54, 4158990.6, 0.53 ], [ 283622.51, 4158993.47, 0.72 ], [ 283617.07, 4158992.77, 0.53 ], [ 283624.1, 4158992.04, 1.4 ], [ 283624.22, 4158991.94, 1.4 ], [ 283624.14, 4158992.09, 1.4 ], [ 283622.51, 4158993.47, 1.4 ] ], "f": [ [ [ 8, 4, 2, 1, 6 ] ], [ [ 10, 0, 3, 11, 9 ] ], [ [ 13, 5, 7, 15, 14, 12 ] ], [ [ 0, 1, 2, 3 ] ], [ [ 5, 6, 1, 0, 7 ] ], [ [ 7, 0, 10, 15 ] ] ] }, "roof_props": null, "wall_color": "concrete", "type": "yes", "landmark": null, "footprint_source": "osm", "source_updated": null, "is_part": false, "parent": null, "hidden": false, "addr": "1013 West Clay Street", "wikidata": null, "website": null, "zoning": "R-8", "lidar_p90": 7.65, "ground_z": 51.58 }, "geometry": { "type": "Polygon", "coordinates": [ [ [ 283632.08, 4159001.69 ], [ 283624.22, 4158991.94 ], [ 283622.9, 4158993.0 ], [ 283619.78, 4158989.12 ], [ 283616.34, 4158991.87 ], [ 283627.32, 4159005.51 ], [ 283632.08, 4159001.69 ] ] ] } },
{ "type": "Feature", "properties": { "id": "osm:way/334118147", "name": null, "height": 7.23, "min_height": 0.0, "levels": null, "height_source": "lidar", "roof_shape": "flat", "roof_height": 0.72, "roof_azimuth": null, "roof_source": "lod2", "roof_color": "roof_flat", "roof_color_source": "ortho", "lod2_roof": { "v": [ [ 283685.87, 4158992.72, 0.0 ], [ 283687.11, 4158991.88, 0.0 ], [ 283695.4, 4159002.37, 0.0 ], [ 283694.35, 4159003.5, 0.0 ], [ 283693.56, 4159002.48, 0.0 ], [ 283681.26, 4158994.76, 0.72 ], [ 283684.41, 4158994.75, 0.64 ], [ 283695.56, 4159007.6, 0.0 ], [ 283692.99, 4159009.61, 0.0 ], [ 283692.43, 4159003.8, 0.05 ], [ 283693.56, 4159002.48, 0.08 ], [ 283685.98, 4158992.86, 0.0 ], [ 283685.98, 4158992.86, 0.68 ] ], "f": [ [ [ 8, 5, 6, 12, 10, 9, 7 ] ], [ [ 11, 0, 1, 2, 3, 4 ] ], [ [ 12, 11, 4, 10 ] ] ] }, "roof_props": null, "wall_color": "brick", "type": "yes", "landmark": null, "footprint_source": "osm", "source_updated": null, "is_part": false, "parent": null, "hidden": false, "addr": "1002 West Clay Street", "wikidata": null, "website": null, "zoning": "R-8", "lidar_p90": 7.92, "ground_z": 50.95 }, "geometry": { "type": "Polygon", "coordinates": [ [ [ 283692.99, 4159009.61 ], [ 283698.02, 4159005.68 ], [ 283685.7, 4158990.09 ], [ 283680.68, 4158994.02 ], [ 283692.99, 4159009.61 ] ] ] } },
{ "type": "Feature", "properties": { "id": "osm:way/334118883", "name": null, "height": 7.98, "min_height": 0.0, "levels": null, "height_source": "lidar", "roof_shape": "flat", "roof_height": 0.56, "roof_azimuth": null, "roof_source": "lod2", "roof_color": "slate", "roof_color_source": "ortho", "lod2_roof": { "v": [ [ 283540.15, 4158995.25, 0.0 ], [ 283544.29, 4158992.05, 0.0 ], [ 283544.44, 4158992.24, 0.0 ], [ 283553.09, 4158983.95, 0.0 ], [ 283557.03, 4158989.02, 0.0 ], [ 283552.53, 4158986.06, 0.0 ], [ 283553.14, 4158985.6, 0.0 ], [ 283552.53, 4158986.06, 0.56 ], [ 283555.83, 4158989.94, 0.0 ], [ 283555.83, 4158989.94, 0.5 ], [ 283542.55, 4158998.34, 0.23 ], [ 283542.55, 4158998.34, 0.09 ], [ 283543.45, 4158999.5, 0.0 ], [ 283544.44, 4158992.24, 0.37 ], [ 283546.89, 4158995.32, 0.32 ], [ 283546.89, 4158995.32, 0.03 ], [ 283547.64, 4158996.26, 0.0 ], [ 283547.64, 4158996.26, 0.31 ] ], "f": [ [ [ 15, 16, 12, 11 ] ], [ [ 2, 14, 10, 0, 1 ] ], [ [ 6, 3, 4, 8, 5 ] ], [ [ 14, 13, 7, 9, 17 ] ], [ [ 7, 5, 8, 9 ] ], [ [ 14, 15, 11, 10 ] ], [ [ 17, 16, 15, 14 ] ], [ [ 2, 13, 14 ] ] ] }, "roof_props": null, "wall_color": "brick", "type": "yes", "landmark": null, "footprint_source": "osm", "source_updated": null, "is_part": false, "parent": null, "hidden": false, "addr": "402 Hancock Street", "wikidata": null, "website": null, "zoning": "R-8", "lidar_p90": 8.18, "ground_z": 52.4 }, "geometry": { "type": "Polygon", "coordinates": [ [ [ 283557.03, 4158989.02 ], [ 283553.01, 4158983.86 ], [ 283544.48, 4158990.44 ], [ 283545.19, 4158991.36 ], [ 283540.15, 4158995.25 ], [ 283543.45, 4158999.5 ], [ 283557.03, 4158989.02 ] ] ] } },
{ "type": "Feature", "properties": { "id": "osm:way/334118856", "name": null, "height": 7.87, "min_height": 0.0, "levels": null, "height_source": "lidar", "roof_shape": "flat", "roof_height": 1.56, "roof_azimuth": null, "roof_source": "lod2", "roof_color": "roof_flat", "roof_color_source": "ortho", "lod2_roof": { "v": [ [ 283545.35, 4159001.84, 0.0 ], [ 283543.45, 4158999.5, 0.04 ], [ 283546.86, 4159003.71, 0.0 ], [ 283555.77, 4158992.5, 0.94 ], [ 283555.77, 4158992.5, 0.0 ], [ 283554.77, 4158993.01, 0.0 ], [ 283554.77, 4158993.01, 0.0 ], [ 283554.77, 4158993.01, 1.0 ], [ 283557.07, 4158993.9, 0.36 ], [ 283557.07, 4158993.9, 0.0 ], [ 283557.64, 4158994.21, 0.0 ], [ 283557.64, 4158994.21, 0.67 ], [ 283556.85, 4158995.83, 0.13 ], [ 283556.85, 4158995.83, 0.0 ], [ 283556.28, 4158995.05, 0.0 ], [ 283556.28, 4158995.05, 0.82 ], [ 283552.62, 4158994.12, 1.52 ], [ 283552.62, 4158994.12, 1.12 ], [ 283553.22, 4158993.81, 1.09 ], [ 283551.77, 4158993.08, 1.56 ], [ 283551.77, 4158993.08, 1.06 ], [ 283558.38, 4158994.62, 0.1 ], [ 283558.38, 4158994.62, 0.0 ], [ 283559.05, 4158994.09, 0.0 ], [ 283555.12, 4158997.19, 1.42 ], [ 283557.03, 4158989.02, 0.0 ], [ 283557.87, 4158990.11, 0.0 ], [ 283555.43, 4158993.91, 0.0 ], [ 283556.49, 4158989.43, 0.68 ], [ 283556.49, 4158989.43, 0.0 ], [ 283555.94, 4158991.79, 0.0 ], [ 283555.94, 4158991.79, 0.0 ], [ 283555.94, 4158991.79, 0.88 ], [ 283545.48, 4158997.93, 0.0 ], [ 283545.48, 4158997.93, 0.07 ], [ 283556.86, 4158992.47, 0.0 ], [ 283556.82, 4158992.44, 0.0 ], [ 283556.82, 4158992.44, 0.0 ], [ 283546.06, 4158999.59, 0.0 ] ], "f": [ [ [ 11, 21, 12, 15 ] ], [ [ 37, 8, 11, 15, 27, 5, 4, 31 ] ], [ [ 32, 3, 7, 18, 17, 20, 28 ] ], [ [ 34, 38, 0, 1 ] ], [ [ 16, 24, 2, 0, 38, 33, 19 ] ], [ [ 24, 16, 18, 6, 27, 14, 13 ] ], [ [ 9, 36, 30, 29, 25, 26, 35, 23, 22, 10 ] ], [ [ 3, 4, 5, 6, 7 ] ], [ [ 8, 9, 10, 11 ] ], [ [ 12, 13, 14, 15 ] ], [ [ 16, 17, 18 ] ], [ [ 7, 6, 18 ] ], [ [ 19, 20, 17, 16 ] ], [ [ 11, 10, 22, 21 ] ], [ [ 15, 14, 27 ] ], [ [ 6, 5, 27 ] ], [ [ 28, 29, 30, 31, 32 ] ], [ [ 32, 31, 4, 3 ] ], [ [ 31, 30, 36, 37 ] ], [ [ 34, 33, 38 ] ], [ [ 37, 36, 9, 8 ] ] ] }, "roof_props": null, "wall_color": "brick", "type": "yes", "landmark": null, "footprint_source": "osm", "source_updated": null, "is_part": false, "parent": null, "hidden": false, "addr": "404 Hancock Street", "wikidata": null, "website": null, "zoning": "R-8", "lidar_p90": 8.67, "ground_z": 52.21 }, "geometry": { "type": "Polygon", "coordinates": [ [ [ 283560.22, 4158993.16 ], [ 283557.03, 4158989.02 ], [ 283543.45, 4158999.5 ], [ 283546.86, 4159003.71 ], [ 283560.22, 4158993.16 ] ] ] } }
]
}
