{
"type": "FeatureCollection",
"name": "landuse",
"crs": { "type": "name", "properties": { "name": "urn:ogc:def:crs:EPSG::32618" } },
"xy_coordinate_resolution": 0.01,
"features": [
{ "type": "Feature", "properties": { "id": "imagery:groundcover_paved:3417", "name": null, "kind": "groundcover_paved", "sport": null, "surface": null, "pitch_layout": null, "source": "vgin_vbmp+naip+lidar2025", "source_updated": null, "base_z": null, "top_z": null }, "geometry": { "type": "Polygon", "coordinates": [ [ [ 280298.81, 4155030.63 ], [ 280297.46, 4155024.77 ], [ 280297.38, 4155024.34 ], [ 280297.35, 4155023.91 ], [ 280297.37, 4155023.47 ], [ 280297.42, 4155023.03 ], [ 280297.52, 4155022.61 ], [ 280303.62, 4155001.73 ], [ 280303.94, 4155000.0 ], [ 280300.76, 4155000.0 ], [ 280300.55, 4155000.2 ], [ 280299.53, 4155000.63 ], [ 280297.13, 4155000.63 ], [ 280294.13, 4155003.63 ], [ 280294.13, 4155027.63 ], [ 280297.13, 4155030.63 ], [ 280298.81, 4155030.63 ] ] ] } },
{ "type": "Feature", "properties": { "id": "imagery:groundcover_paved:3364", "name": null, "kind": "groundcover_paved", "sport": null, "surface": null, "pitch_layout": null, "source": "vgin_vbmp+naip+lidar2025", "source_updated": null, "base_z": null, "top_z": null }, "geometry": { "type": "MultiPolygon", "coordinates": [ [ [ [ 280318.55, 4155112.05 ], [ 280319.15, 4155112.65 ], [ 280316.52, 4155103.01 ], [ 280316.5, 4155102.91 ], [ 280312.13, 4155085.32 ], [ 280312.13, 4155096.55 ], [ 280311.79, 4155097.49 ], [ 280309.97, 4155099.64 ], [ 280309.1, 4155100.13 ], [ 280296.64, 4155102.21 ], [ 280294.13, 4155105.17 ], [ 280294.13, 4155108.63 ], [ 280297.13, 4155111.63 ], [ 280317.53, 4155111.63 ], [ 280318.55, 4155112.05 ] ] ], [ [ [ 280337.66, 4155108.19 ], [ 280338.28, 4155107.65 ], [ 280367.37, 4155094.42 ], [ 280369.13, 4155091.69 ], [ 280369.13, 4155091.02 ], [ 280365.76, 4155088.05 ], [ 280324.31, 4155093.23 ], [ 280323.32, 4155092.99 ], [ 280322.81, 4155092.64 ], [ 280324.83, 4155100.79 ], [ 280330.77, 4155122.55 ], [ 280332.54, 4155122.91 ], [ 280336.13, 4155119.97 ], [ 280336.13, 4155110.99 ], [ 280336.37, 4155110.19 ], [ 280337.66, 4155108.19 ] ] ] ] } },
{ "type": "Feature", "properties": { "id": "richmond_structure:413529", "name": null, "kind": "deck", "sport": null, "surface": null, "pitch_layout": null, "source": "richmond_structures", "source_updated": "2026-09-08T12:07:13.637000Z", "base_z": null, "top_z": null }, "geometry": { "type": "Polygon", "coordinates": [ [ [ 280361.95, 4155128.17 ], [ 280361.6, 4155125.91 ], [ 280360.72, 4155123.88 ], [ 280359.17, 4155122.38 ], [ 280358.02, 4155121.86 ], [ 280356.22, 4155122.04 ], [ 280358.28, 4155130.94 ], [ 280357.69, 4155131.11 ], [ 280357.93, 4155132.15 ], [ 280360.83, 4155130.81 ], [ 280361.47, 4155130.09 ], [ 280361.95, 4155128.17 ] ] ] } },
{ "type": "Feature", "properties": { "id": "richmond_structure:413525", "name": null, "kind": "deck", "sport": null, "surface": null, "pitch_layout": null, "source": "richmond_structures", "source_updated": "2026-09-08T12:07:13.637000Z", "base_z": null, "top_z": null }, "geometry": { "type": "Polygon", "coordinates": [ [ [ 280289.98, 4155134.01 ], [ 280294.93, 4155132.95 ], [ 280294.08, 4155128.98 ], [ 280289.18, 4155130.27 ], [ 280289.98, 4155134.01 ] ] ] } },
{ "type": "Feature", "properties": { "id": "richmond_structure:349385", "name": null, "kind": "deck", "sport": null, "surface": null, "pitch_layout": null, "source": "richmond_structures", "source_updated": "2026-09-08T12:07:13.637000Z", "base_z": null, "top_z": null }, "geometry": { "type": "Polygon", "coordinates": [ [ [ 280250.0, 4155140.17 ], [ 280253.33, 4155139.32 ], [ 280251.93, 4155132.72 ], [ 280250.0, 4155133.3 ], [ 280250.0, 4155140.17 ] ] ] } },
{ "type": "Feature", "properties": { "id": "richmond_structure:413520", "name": null, "kind": "deck", "sport": null, "surface": null, "pitch_layout": null, "source": "richmond_structures", "source_updated": "2026-09-08T12:07:13.637000Z", "base_z": null, "top_z": null }, "geometry": { "type": "Polygon", "coordinates": [ [ [ 280261.85, 4155139.54 ], [ 280262.63, 4155142.37 ], [ 280266.49, 4155141.31 ], [ 280265.71, 4155138.48 ], [ 280261.85, 4155139.54 ] ] ] } },
{ "type": "Feature", "properties": { "id": "richmond_structure:349988", "name": null, "kind": "deck", "sport": null, "surface": null, "pitch_layout": null, "source": "richmond_structures", "source_updated": "2026-09-08T12:07:13.637000Z", "base_z": null, "top_z": null }, "geometry": { "type": "Polygon", "coordinates": [ [ [ 280298.02, 4155140.55 ], [ 280295.98, 4155140.97 ], [ 280297.55, 4155147.51 ], [ 280302.2, 4155146.5 ], [ 280301.54, 4155143.83 ], [ 280298.97, 4155144.46 ], [ 280298.02, 4155140.55 ] ] ] } },
{ "type": "Feature", "properties": { "id": "richmond_structure:349389", "name": null, "kind": "deck", "sport": null, "surface": null, "pitch_layout": null, "source": "richmond_structures", "source_updated": "2026-09-08T12:07:13.637000Z", "base_z": null, "top_z": null }, "geometry": { "type": "Polygon", "coordinates": [ [ [ 280311.94, 4155160.21 ], [ 280315.41, 4155159.44 ], [ 280314.31, 4155155.38 ], [ 280312.88, 4155155.69 ], [ 280312.94, 4155155.9 ], [ 280310.96, 4155156.46 ], [ 280311.94, 4155160.21 ] ] ] } },
{ "type": "Feature", "properties": { "id": "richmond_structure:413523", "name": null, "kind": "deck", "sport": null, "surface": null, "pitch_layout": null, "source": "richmond_structures", "source_updated": "2026-09-08T12:07:13.637000Z", "base_z": null, "top_z": null }, "geometry": { "type": "Polygon", "coordinates": [ [ [ 280301.44, 4155157.75 ], [ 280296.25, 4155158.92 ], [ 280295.41, 4155158.18 ], [ 280294.3, 4155158.01 ], [ 280292.89, 4155158.91 ], [ 280292.59, 4155160.03 ], [ 280292.94, 4155161.1 ], [ 280294.29, 4155161.93 ], [ 280295.81, 4155161.51 ], [ 280296.33, 4155163.79 ], [ 280299.52, 4155163.07 ], [ 280298.87, 4155159.65 ], [ 280301.73, 4155159.03 ], [ 280301.44, 4155157.75 ] ] ] } },
{ "type": "Feature", "properties": { "id": "richmond_structure:413521", "name": null, "kind": "deck", "sport": null, "surface": null, "pitch_layout": null, "source": "richmond_structures", "source_updated": "2026-09-08T12:07:13.637000Z", "base_z": null, "top_z": null }, "geometry": { "type": "Polygon", "coordinates": [ [ [ 280256.33, 4155165.76 ], [ 280255.4, 4155161.25 ], [ 280254.32, 4155159.72 ], [ 280253.38, 4155159.34 ], [ 280251.98, 4155160.04 ], [ 280254.25, 4155169.2 ], [ 280256.37, 4155168.31 ], [ 280256.95, 4155167.25 ], [ 280256.33, 4155165.76 ] ] ] } },
{ "type": "Feature", "properties": { "id": "imagery:groundcover_paved:3408", "name": null, "kind": "groundcover_paved", "sport": null, "surface": null, "pitch_layout": null, "source": "vgin_vbmp+naip+lidar2025", "source_updated": null, "base_z": null, "top_z": null }, "geometry": { "type": "Polygon", "coordinates": [ [ [ 280492.56, 4155045.14 ], [ 280500.0, 4155044.07 ], [ 280500.0, 4155025.44 ], [ 280498.62, 4155025.21 ], [ 280495.13, 4155028.17 ], [ 280495.13, 4155034.35 ], [ 280494.91, 4155035.13 ], [ 280493.69, 4155037.1 ], [ 280493.1, 4155037.64 ], [ 280490.79, 4155038.8 ], [ 280489.13, 4155041.48 ], [ 280489.13, 4155042.17 ], [ 280492.56, 4155045.14 ] ] ] } },
{ "type": "Feature", "properties": { "id": "richmond_structure:349133", "name": null, "kind": "deck", "sport": null, "surface": null, "pitch_layout": null, "source": "richmond_structures", "source_updated": "2026-09-08T12:07:13.637000Z", "base_z": null, "top_z": null }, "geometry": { "type": "Polygon", "coordinates": [ [ [ 280410.19, 4155131.97 ], [ 280416.75, 4155130.32 ], [ 280414.88, 4155122.79 ], [ 280408.27, 4155124.1 ], [ 280410.19, 4155131.97 ] ] ] } },
{ "type": "Feature", "properties": { "id": "richmond_structure:349620", "name": null, "kind": "deck", "sport": null, "surface": null, "pitch_layout": null, "source": "richmond_structures", "source_updated": "2026-09-08T12:07:13.637000Z", "base_z": null, "top_z": null }, "geometry": { "type": "Polygon", "coordinates": [ [ [ 280420.58, 4155140.63 ], [ 280421.14, 4155138.04 ], [ 280420.3, 4155137.99 ], [ 280419.15, 4155138.99 ], [ 280418.67, 4155138.35 ], [ 280417.27, 4155139.37 ], [ 280417.69, 4155140.1 ], [ 280415.99, 4155141.5 ], [ 280417.76, 4155149.43 ], [ 280420.47, 4155148.84 ], [ 280419.56, 4155144.82 ], [ 280421.55, 4155144.29 ], [ 280420.58, 4155140.63 ] ] ] } },
{ "type": "Feature", "properties": { "id": "richmond_structure:349314", "name": null, "kind": "deck", "sport": null, "surface": null, "pitch_layout": null, "source": "richmond_structures", "source_updated": "2026-09-08T12:07:13.637000Z", "base_z": null, "top_z": null }, "geometry": { "type": "Polygon", "coordinates": [ [ [ 280462.31, 4155150.97 ], [ 280464.97, 4155153.17 ], [ 280465.98, 4155154.64 ], [ 280464.67, 4155160.21 ], [ 280465.18, 4155161.41 ], [ 280465.08, 4155163.18 ], [ 280465.83, 4155165.19 ], [ 280466.78, 4155166.01 ], [ 280467.68, 4155166.26 ], [ 280470.83, 4155164.94 ], [ 280471.88, 4155162.6 ], [ 280471.59, 4155160.03 ], [ 280469.92, 4155157.28 ], [ 280467.71, 4155155.92 ], [ 280468.94, 4155154.0 ], [ 280463.65, 4155146.54 ], [ 280462.14, 4155148.08 ], [ 280462.31, 4155150.97 ] ], [ [ 280466.85, 4155162.87 ], [ 280467.56, 4155161.79 ], [ 280467.56, 4155161.1 ], [ 280468.2, 4155159.69 ], [ 280469.01, 4155159.11 ], [ 280470.05, 4155159.49 ], [ 280470.6, 4155160.8 ], [ 280470.6, 4155161.71 ], [ 280469.15, 4155163.56 ], [ 280468.2, 4155164.18 ], [ 280467.4, 4155164.21 ], [ 280466.85, 4155162.87 ] ] ] } },
{ "type": "Feature", "properties": { "id": "richmond_structure:349391", "name": null, "kind": "deck", "sport": null, "surface": null, "pitch_layout": null, "source": "richmond_structures", "source_updated": "2026-09-08T12:07:13.637000Z", "base_z": null, "top_z": null }, "geometry": { "type": "Polygon", "coordinates": [ [ [ 280434.7, 4155152.59 ], [ 280432.3, 4155153.04 ], [ 280434.16, 4155160.36 ], [ 280436.78, 4155160.04 ], [ 280434.7, 4155152.59 ] ] ] } },
{ "type": "Feature", "properties": { "id": "richmond_structure:348561", "name": null, "kind": "deck", "sport": null, "surface": null, "pitch_layout": null, "source": "richmond_structures", "source_updated": "2026-09-08T12:07:13.637000Z", "base_z": null, "top_z": null }, "geometry": { "type": "Polygon", "coordinates": [ [ [ 280419.16, 4155162.9 ], [ 280422.51, 4155162.21 ], [ 280421.22, 4155156.69 ], [ 280417.58, 4155157.45 ], [ 280419.16, 4155162.9 ] ] ] } },
{ "type": "Feature", "properties": { "id": "richmond_structure:349624", "name": null, "kind": "deck", "sport": null, "surface": null, "pitch_layout": null, "source": "richmond_structures", "source_updated": "2026-09-08T12:07:13.637000Z", "base_z": null, "top_z": null }, "geometry": { "type": "Polygon", "coordinates": [ [ [ 280428.41, 4155168.41 ], [ 280425.93, 4155169.26 ], [ 280423.28, 4155172.86 ], [ 280424.66, 4155179.31 ], [ 280428.26, 4155178.27 ], [ 280426.79, 4155172.03 ], [ 280429.17, 4155171.6 ], [ 280428.41, 4155168.41 ] ] ] } },
{ "type": "Feature", "properties": { "id": "richmond_structure:413537", "name": null, "kind": "deck", "sport": null, "surface": null, "pitch_layout": null, "source": "richmond_structures", "source_updated": "2026-09-08T12:07:13.637000Z", "base_z": null, "top_z": null }, "geometry": { "type": "Polygon", "coordinates": [ [ [ 280494.24, 4155178.92 ], [ 280491.25, 4155181.4 ], [ 280496.64, 4155187.89 ], [ 280500.0, 4155185.1 ], [ 280500.0, 4155182.2 ], [ 280497.77, 4155179.52 ], [ 280495.98, 4155181.01 ], [ 280494.24, 4155178.92 ] ] ] } },
{ "type": "Feature", "properties": { "id": "richmond_structure:413535", "name": null, "kind": "deck", "sport": null, "surface": null, "pitch_layout": null, "source": "richmond_structures", "source_updated": "2026-09-08T12:07:13.637000Z", "base_z": null, "top_z": null }, "geometry": { "type": "Polygon", "coordinates": [ [ [ 280390.37, 4155188.08 ], [ 280393.45, 4155187.33 ], [ 280392.68, 4155183.97 ], [ 280389.56, 4155184.72 ], [ 280390.37, 4155188.08 ] ] ] } },
{ "type": "Feature", "properties": { "id": "richmond_structure:349636", "name": null, "kind": "deck", "sport": null, "surface": null, "pitch_layout": null, "source": "richmond_structures", "source_updated": "2026-09-08T12:07:13.637000Z", "base_z": null, "top_z": null }, "geometry": { "type": "Polygon", "coordinates": [ [ [ 280423.23, 4155185.17 ], [ 280422.93, 4155186.32 ], [ 280423.54, 4155187.91 ], [ 280424.68, 4155188.94 ], [ 280425.96, 4155191.69 ], [ 280426.37, 4155192.31 ], [ 280428.4, 4155192.94 ], [ 280428.82, 4155192.78 ], [ 280429.52, 4155191.16 ], [ 280427.29, 4155182.53 ], [ 280424.54, 4155183.73 ], [ 280423.23, 4155185.17 ] ] ] } },
{ "type": "Feature", "properties": { "id": "richmond_structure:349132", "name": null, "kind": "deck", "sport": null, "surface": null, "pitch_layout": null, "source": "richmond_structures", "source_updated": "2026-09-08T12:07:13.637000Z", "base_z": null, "top_z": null }, "geometry": { "type": "Polygon", "coordinates": [ [ [ 280299.79, 4155166.6 ], [ 280300.84, 4155170.36 ], [ 280308.12, 4155168.43 ], [ 280307.75, 4155167.2 ], [ 280310.56, 4155166.31 ], [ 280310.03, 4155164.11 ], [ 280309.36, 4155163.26 ], [ 280299.31, 4155166.08 ], [ 280299.79, 4155166.6 ] ] ] } },
{ "type": "Feature", "properties": { "id": "richmond_structure:350006", "name": null, "kind": "deck", "sport": null, "surface": null, "pitch_layout": null, "source": "richmond_structures", "source_updated": "2026-09-08T12:07:13.637000Z", "base_z": null, "top_z": null }, "geometry": { "type": "Polygon", "coordinates": [ [ [ 280377.82, 4155172.15 ], [ 280377.7, 4155168.77 ], [ 280375.47, 4155167.55 ], [ 280373.95, 4155163.03 ], [ 280371.89, 4155163.35 ], [ 280373.86, 4155172.49 ], [ 280371.21, 4155173.09 ], [ 280372.01, 4155176.89 ], [ 280376.6, 4155175.69 ], [ 280376.56, 4155173.42 ], [ 280377.82, 4155172.15 ] ] ] } },
{ "type": "Feature", "properties": { "id": "richmond_structure:413524", "name": null, "kind": "deck", "sport": null, "surface": null, "pitch_layout": null, "source": "richmond_structures", "source_updated": "2026-09-08T12:07:13.637000Z", "base_z": null, "top_z": null }, "geometry": { "type": "Polygon", "coordinates": [ [ [ 280290.36, 4155182.42 ], [ 280290.31, 4155181.45 ], [ 280289.6, 4155180.37 ], [ 280288.42, 4155179.89 ], [ 280287.98, 4155176.65 ], [ 280286.28, 4155176.88 ], [ 280286.77, 4155180.46 ], [ 280286.16, 4155181.47 ], [ 280286.16, 4155182.62 ], [ 280286.96, 4155183.77 ], [ 280288.34, 4155184.19 ], [ 280289.24, 4155183.95 ], [ 280289.98, 4155183.31 ], [ 280290.36, 4155182.42 ] ] ] } },
{ "type": "Feature", "properties": { "id": "richmond_structure:349497", "name": null, "kind": "deck", "sport": null, "surface": null, "pitch_layout": null, "source": "richmond_structures", "source_updated": "2026-09-08T12:07:13.637000Z", "base_z": null, "top_z": null }, "geometry": { "type": "Polygon", "coordinates": [ [ [ 280260.34, 4155187.51 ], [ 280265.57, 4155186.38 ], [ 280265.01, 4155183.8 ], [ 280264.0, 4155181.16 ], [ 280261.0, 4155181.75 ], [ 280261.35, 4155183.16 ], [ 280259.4, 4155183.64 ], [ 280260.34, 4155187.51 ] ] ] } },
{ "type": "Feature", "properties": { "id": "richmond_structure:414918", "name": null, "kind": "deck", "sport": null, "surface": null, "pitch_layout": null, "source": "richmond_structures", "source_updated": "2026-09-08T12:07:13.637000Z", "base_z": null, "top_z": null }, "geometry": { "type": "Polygon", "coordinates": [ [ [ 280265.72, 4155187.08 ], [ 280268.87, 4155186.4 ], [ 280268.5, 4155184.66 ], [ 280265.34, 4155185.34 ], [ 280265.72, 4155187.08 ] ] ] } },
{ "type": "Feature", "properties": { "id": "richmond_structure:413531", "name": null, "kind": "deck", "sport": null, "surface": null, "pitch_layout": null, "source": "richmond_structures", "source_updated": "2026-09-08T12:07:13.637000Z", "base_z": null, "top_z": null }, "geometry": { "type": "Polygon", "coordinates": [ [ [ 280375.25, 4155182.03 ], [ 280373.74, 4155182.41 ], [ 280374.3, 4155184.69 ], [ 280372.26, 4155185.19 ], [ 280373.94, 4155192.06 ], [ 280378.43, 4155190.95 ], [ 280377.16, 4155185.8 ], [ 280376.24, 4155186.03 ], [ 280375.25, 4155182.03 ] ] ] } },
{ "type": "Feature", "properties": { "id": "richmond_structure:349395", "name": null, "kind": "deck", "sport": null, "surface": null, "pitch_layout": null, "source": "richmond_structures", "source_updated": "2026-09-08T12:07:13.637000Z", "base_z": null, "top_z": null }, "geometry": { "type": "Polygon", "coordinates": [ [ [ 280363.72, 4155190.16 ], [ 280364.67, 4155189.95 ], [ 280364.02, 4155187.28 ], [ 280363.15, 4155187.47 ], [ 280363.72, 4155190.16 ] ] ] } },
{ "type": "Feature", "properties": { "id": "richmond_structure:349130", "name": null, "kind": "deck", "sport": null, "surface": null, "pitch_layout": null, "source": "richmond_structures", "source_updated": "2026-09-08T12:07:13.637000Z", "base_z": null, "top_z": null }, "geometry": { "type": "Polygon", "coordinates": [ [ [ 280268.68, 4155208.88 ], [ 280266.12, 4155209.72 ], [ 280267.44, 4155214.97 ], [ 280269.96, 4155214.16 ], [ 280268.68, 4155208.88 ] ] ] } },
{ "type": "Feature", "properties": { "id": "richmond_structure:349345", "name": null, "kind": "deck", "sport": null, "surface": null, "pitch_layout": null, "source": "richmond_structures", "source_updated": "2026-09-08T12:07:13.637000Z", "base_z": null, "top_z": null }, "geometry": { "type": "Polygon", "coordinates": [ [ [ 280298.58, 4155214.51 ], [ 280297.48, 4155214.66 ], [ 280297.99, 4155217.02 ], [ 280299.03, 4155216.85 ], [ 280298.58, 4155214.51 ] ] ] } },
{ "type": "Feature", "properties": { "id": "richmond_structure:413538", "name": null, "kind": "deck", "sport": null, "surface": null, "pitch_layout": null, "source": "richmond_structures", "source_updated": "2026-09-08T12:07:13.637000Z", "base_z": null, "top_z": null }, "geometry": { "type": "Polygon", "coordinates": [ [ [ 280494.22, 4155196.18 ], [ 280493.38, 4155193.45 ], [ 280490.89, 4155190.88 ], [ 280488.17, 4155191.55 ], [ 280489.97, 4155198.93 ], [ 280493.5, 4155197.75 ], [ 280494.05, 4155197.15 ], [ 280494.22, 4155196.18 ] ] ] } },
{ "type": "Feature", "properties": { "id": "richmond_structure:349142", "name": null, "kind": "deck", "sport": null, "surface": null, "pitch_layout": null, "source": "richmond_structures", "source_updated": "2026-09-08T12:07:13.637000Z", "base_z": null, "top_z": null }, "geometry": { "type": "Polygon", "coordinates": [ [ [ 280426.79, 4155200.33 ], [ 280427.77, 4155204.11 ], [ 280429.18, 4155205.2 ], [ 280431.85, 4155205.05 ], [ 280430.26, 4155198.76 ], [ 280427.67, 4155199.38 ], [ 280426.79, 4155200.33 ] ] ] } },
{ "type": "Feature", "properties": { "id": "richmond_structure:348417", "name": null, "kind": "deck", "sport": null, "surface": null, "pitch_layout": null, "source": "richmond_structures", "source_updated": "2026-09-08T12:07:13.637000Z", "base_z": null, "top_z": null }, "geometry": { "type": "Polygon", "coordinates": [ [ [ 280437.08, 4155210.74 ], [ 280437.71, 4155213.09 ], [ 280444.07, 4155211.38 ], [ 280443.44, 4155209.03 ], [ 280437.08, 4155210.74 ] ] ] } },
{ "type": "Feature", "properties": { "id": "richmond_structure:413532", "name": null, "kind": "deck", "sport": null, "surface": null, "pitch_layout": null, "source": "richmond_structures", "source_updated": "2026-09-08T12:07:13.637000Z", "base_z": null, "top_z": null }, "geometry": { "type": "Polygon", "coordinates": [ [ [ 280386.6, 4155218.54 ], [ 280389.42, 4155217.77 ], [ 280388.18, 4155213.21 ], [ 280385.36, 4155213.98 ], [ 280386.6, 4155218.54 ] ] ] } },
{ "type": "Feature", "properties": { "id": "richmond_structure:349399", "name": null, "kind": "deck", "sport": null, "surface": null, "pitch_layout": null, "source": "richmond_structures", "source_updated": "2026-09-08T12:07:13.637000Z", "base_z": null, "top_z": null }, "geometry": { "type": "Polygon", "coordinates": [ [ [ 280435.17, 4155217.17 ], [ 280434.27, 4155218.04 ], [ 280433.99, 4155219.06 ], [ 280434.58, 4155222.39 ], [ 280436.64, 4155222.85 ], [ 280438.64, 4155222.42 ], [ 280440.03, 4155221.74 ], [ 280438.62, 4155216.48 ], [ 280437.06, 4155216.57 ], [ 280435.17, 4155217.17 ] ] ] } },
{ "type": "Feature", "properties": { "id": "richmond_structure:349401", "name": null, "kind": "deck", "sport": null, "surface": null, "pitch_layout": null, "source": "richmond_structures", "source_updated": "2026-09-08T12:07:13.637000Z", "base_z": null, "top_z": null }, "geometry": { "type": "Polygon", "coordinates": [ [ [ 280390.76, 4155228.3 ], [ 280389.25, 4155228.73 ], [ 280390.06, 4155232.25 ], [ 280391.8, 4155231.6 ], [ 280390.76, 4155228.3 ] ] ] } },
{ "type": "Feature", "properties": { "id": "richmond_structure:349656", "name": null, "kind": "deck", "sport": null, "surface": null, "pitch_layout": null, "source": "richmond_structures", "source_updated": "2026-09-08T12:07:13.637000Z", "base_z": null, "top_z": null }, "geometry": { "type": "Polygon", "coordinates": [ [ [ 280494.42, 4155228.0 ], [ 280493.12, 4155228.61 ], [ 280492.65, 4155229.4 ], [ 280492.48, 4155230.7 ], [ 280496.64, 4155229.78 ], [ 280498.25, 4155237.01 ], [ 280500.0, 4155236.62 ], [ 280500.0, 4155229.26 ], [ 280495.39, 4155227.97 ], [ 280494.42, 4155228.0 ] ] ] } },
{ "type": "Feature", "properties": { "id": "richmond_structure:413533", "name": null, "kind": "deck", "sport": null, "surface": null, "pitch_layout": null, "source": "richmond_structures", "source_updated": "2026-09-08T12:07:13.637000Z", "base_z": null, "top_z": null }, "geometry": { "type": "Polygon", "coordinates": [ [ [ 280425.77, 4155236.47 ], [ 280431.06, 4155235.68 ], [ 280430.16, 4155229.68 ], [ 280424.88, 4155230.46 ], [ 280425.77, 4155236.47 ] ] ] } },
{ "type": "Feature", "properties": { "id": "imagery:groundcover_lawn:3468", "name": null, "kind": "groundcover_lawn", "sport": null, "surface": null, "pitch_layout": null, "source": "vgin_vbmp+naip+lidar2025", "source_updated": null, "base_z": null, "top_z": null }, "geometry": { "type": "MultiPolygon", "coordinates": [ [ [ [ 280309.13, 4155099.63 ], [ 280312.13, 4155096.63 ], [ 280312.13, 4155091.09 ], [ 280312.4, 4155090.24 ], [ 280313.11, 4155089.26 ], [ 280301.95, 4155044.3 ], [ 280301.93, 4155044.22 ], [ 280298.81, 4155030.63 ], [ 280297.13, 4155030.63 ], [ 280294.13, 4155033.63 ], [ 280294.13, 4155071.38 ], [ 280295.01, 4155073.5 ], [ 280299.04, 4155077.54 ], [ 280299.37, 4155078.02 ], [ 280300.02, 4155079.6 ], [ 280300.13, 4155080.16 ], [ 280300.13, 4155092.92 ], [ 280300.45, 4155094.26 ], [ 280302.3, 4155097.97 ], [ 280304.99, 4155099.63 ], [ 280309.13, 4155099.63 ] ] ], [ [ [ 280304.73, 4155118.55 ], [ 280304.83, 4155118.53 ], [ 280304.93, 4155118.53 ], [ 280305.03, 4155118.53 ], [ 280305.12, 4155118.54 ], [ 280305.22, 4155118.56 ], [ 280305.31, 4155118.6 ], [ 280305.4, 4155118.64 ], [ 280305.49, 4155118.69 ], [ 280305.57, 4155118.74 ], [ 280305.64, 4155118.81 ], [ 280305.71, 4155118.88 ], [ 280305.77, 4155118.96 ], [ 280305.82, 4155119.04 ], [ 280305.86, 4155119.13 ], [ 280305.9, 4155119.22 ], [ 280305.92, 4155119.32 ], [ 280306.63, 4155122.65 ], [ 280306.75, 4155122.72 ], [ 280307.35, 4155124.06 ], [ 280307.19, 4155125.23 ], [ 280308.07, 4155129.35 ], [ 280308.09, 4155129.45 ], [ 280308.09, 4155129.55 ], [ 280308.09, 4155129.65 ], [ 280308.08, 4155129.74 ], [ 280308.05, 4155129.84 ], [ 280308.02, 4155129.93 ], [ 280307.98, 4155130.02 ], [ 280307.93, 4155130.11 ], [ 280307.87, 4155130.19 ], [ 280307.81, 4155130.26 ], [ 280307.74, 4155130.33 ], [ 280307.66, 4155130.39 ], [ 280307.58, 4155130.44 ], [ 280307.49, 4155130.48 ], [ 280307.4, 4155130.52 ], [ 280307.3, 4155130.54 ], [ 280306.4, 4155130.73 ], [ 280306.34, 4155131.14 ], [ 280306.69, 4155132.19 ], [ 280307.63, 4155131.95 ], [ 280307.73, 4155131.93 ], [ 280307.82, 4155131.92 ], [ 280307.92, 4155131.92 ], [ 280308.02, 4155131.93 ], [ 280308.12, 4155131.95 ], [ 280308.21, 4155131.97 ], [ 280308.31, 4155132.01 ], [ 280308.39, 4155132.06 ], [ 280308.47, 4155132.11 ], [ 280308.55, 4155132.18 ], [ 280308.62, 4155132.25 ], [ 280308.68, 4155132.32 ], [ 280308.74, 4155132.41 ], [ 280308.79, 4155132.49 ], [ 280308.82, 4155132.58 ], [ 280308.85, 4155132.68 ], [ 280309.72, 4155136.21 ], [ 280310.81, 4155137.3 ], [ 280310.84, 4155137.29 ], [ 280310.94, 4155137.27 ], [ 280311.04, 4155137.26 ], [ 280311.14, 4155137.26 ], [ 280311.23, 4155137.27 ], [ 280311.33, 4155137.29 ], [ 280311.42, 4155137.32 ], [ 280311.51, 4155137.36 ], [ 280311.6, 4155137.41 ], [ 280311.68, 4155137.46 ], [ 280311.76, 4155137.53 ], [ 280311.83, 4155137.6 ], [ 280311.89, 4155137.67 ], [ 280311.94, 4155137.75 ], [ 280311.99, 4155137.84 ], [ 280312.03, 4155137.93 ], [ 280312.05, 4155138.03 ], [ 280313.71, 4155144.8 ], [ 280313.73, 4155144.9 ], [ 280313.74, 4155144.99 ], [ 280313.74, 4155145.09 ], [ 280313.73, 4155145.19 ], [ 280313.71, 4155145.29 ], [ 280313.68, 4155145.38 ], [ 280313.64, 4155145.47 ], [ 280313.59, 4155145.56 ], [ 280313.54, 4155145.64 ], [ 280313.48, 4155145.71 ], [ 280313.41, 4155145.78 ], [ 280313.33, 4155145.84 ], [ 280313.25, 4155145.9 ], [ 280313.16, 4155145.94 ], [ 280313.07, 4155145.98 ], [ 280312.98, 4155146.01 ], [ 280312.13, 4155146.22 ], [ 280312.13, 4155148.05 ], [ 280312.15, 4155148.11 ], [ 280314.09, 4155154.79 ], [ 280314.11, 4155154.88 ], [ 280314.12, 4155154.98 ], [ 280314.13, 4155155.08 ], [ 280314.12, 4155155.18 ], [ 280314.1, 4155155.28 ], [ 280314.08, 4155155.37 ], [ 280314.05, 4155155.46 ], [ 280314.0, 4155155.55 ], [ 280313.95, 4155155.63 ], [ 280313.89, 4155155.71 ], [ 280313.82, 4155155.78 ], [ 280313.75, 4155155.85 ], [ 280313.67, 4155155.91 ], [ 280313.58, 4155155.96 ], [ 280313.49, 4155156.0 ], [ 280313.4, 4155156.03 ], [ 280312.36, 4155156.32 ], [ 280313.09, 4155159.12 ], [ 280313.11, 4155159.21 ], [ 280313.12, 4155159.31 ], [ 280313.12, 4155159.41 ], [ 280313.11, 4155159.51 ], [ 280313.09, 4155159.61 ], [ 280313.06, 4155159.71 ], [ 280313.02, 4155159.8 ], [ 280312.97, 4155159.89 ], [ 280312.92, 4155159.97 ], [ 280312.85, 4155160.05 ], [ 280312.78, 4155160.12 ], [ 280312.7, 4155160.18 ], [ 280312.62, 4155160.23 ], [ 280312.53, 4155160.28 ], [ 280312.44, 4155160.32 ], [ 280312.34, 4155160.34 ], [ 280312.13, 4155160.39 ], [ 280312.13, 4155160.77 ], [ 280312.61, 4155161.55 ], [ 280313.9, 4155161.17 ], [ 280314.0, 4155161.15 ], [ 280314.1, 4155161.14 ], [ 280314.19, 4155161.13 ], [ 280314.29, 4155161.14 ], [ 280314.39, 4155161.16 ], [ 280314.48, 4155161.18 ], [ 280314.58, 4155161.22 ], [ 280314.66, 4155161.26 ], [ 280314.75, 4155161.31 ], [ 280314.83, 4155161.37 ], [ 280314.9, 4155161.44 ], [ 280314.96, 4155161.51 ], [ 280315.02, 4155161.59 ], [ 280315.07, 4155161.68 ], [ 280315.11, 4155161.76 ], [ 280315.14, 4155161.86 ], [ 280315.44, 4155162.88 ], [ 280315.53, 4155162.86 ], [ 280315.63, 4155162.85 ], [ 280315.72, 4155162.85 ], [ 280315.82, 4155162.86 ], [ 280315.92, 4155162.88 ], [ 280316.01, 4155162.9 ], [ 280316.1, 4155162.94 ], [ 280316.19, 4155162.99 ], [ 280316.27, 4155163.04 ], [ 280316.35, 4155163.1 ], [ 280316.42, 4155163.17 ], [ 280316.48, 4155163.25 ], [ 280316.54, 4155163.33 ], [ 280316.59, 4155163.42 ], [ 280316.62, 4155163.51 ], [ 280316.65, 4155163.6 ], [ 280317.31, 4155166.15 ], [ 280317.91, 4155167.12 ], [ 280318.13, 4155167.9 ], [ 280318.13, 4155169.34 ], [ 280319.04, 4155172.86 ], [ 280319.06, 4155172.96 ], [ 280319.07, 4155173.06 ], [ 280319.07, 4155173.16 ], [ 280319.06, 4155173.26 ], [ 280319.04, 4155173.35 ], [ 280319.01, 4155173.45 ], [ 280318.98, 4155173.54 ], [ 280318.93, 4155173.62 ], [ 280318.88, 4155173.71 ], [ 280318.81, 4155173.78 ], [ 280318.74, 4155173.85 ], [ 280318.67, 4155173.92 ], [ 280318.59, 4155173.97 ], [ 280318.5, 4155174.02 ], [ 280318.41, 4155174.05 ], [ 280318.32, 4155174.08 ], [ 280318.13, 4155174.13 ], [ 280318.13, 4155174.55 ], [ 280317.79, 4155175.49 ], [ 280315.97, 4155177.64 ], [ 280315.1, 4155178.13 ], [ 280304.28, 4155179.93 ], [ 280303.12, 4155179.62 ], [ 280301.5, 4155178.25 ], [ 280301.41, 4155178.23 ], [ 280301.32, 4155178.2 ], [ 280301.23, 4155178.16 ], [ 280301.14, 4155178.12 ], [ 280301.12, 4155178.11 ], [ 280297.84, 4155177.87 ], [ 280296.51, 4155181.14 ], [ 280296.57, 4155181.37 ], [ 280298.08, 4155180.98 ], [ 280298.17, 4155180.96 ], [ 280298.27, 4155180.94 ], [ 280298.37, 4155180.94 ], [ 280298.47, 4155180.95 ], [ 280298.56, 4155180.97 ], [ 280298.66, 4155181.0 ], [ 280298.75, 4155181.03 ], [ 280298.83, 4155181.08 ], [ 280298.92, 4155181.13 ], [ 280298.99, 4155181.19 ], [ 280299.06, 4155181.26 ], [ 280299.13, 4155181.34 ], [ 280299.18, 4155181.42 ], [ 280299.23, 4155181.5 ], [ 280299.27, 4155181.59 ], [ 280299.3, 4155181.69 ], [ 280300.66, 4155186.84 ], [ 280300.68, 4155186.93 ], [ 280300.7, 4155187.03 ], [ 280300.7, 4155187.13 ], [ 280300.69, 4155187.23 ], [ 280300.67, 4155187.32 ], [ 280300.64, 4155187.42 ], [ 280300.61, 4155187.51 ], [ 280300.56, 4155187.59 ], [ 280300.51, 4155187.68 ], [ 280300.45, 4155187.75 ], [ 280300.38, 4155187.82 ], [ 280300.3, 4155187.89 ], [ 280300.22, 4155187.94 ], [ 280300.14, 4155187.99 ], [ 280300.05, 4155188.03 ], [ 280299.95, 4155188.06 ], [ 280298.35, 4155188.48 ], [ 280300.02, 4155195.18 ], [ 280300.05, 4155195.36 ], [ 280300.12, 4155195.9 ], [ 280300.13, 4155196.09 ], [ 280300.13, 4155196.67 ], [ 280300.38, 4155197.77 ], [ 280302.72, 4155200.45 ], [ 280306.02, 4155198.3 ], [ 280306.17, 4155197.77 ], [ 280305.74, 4155195.94 ], [ 280305.72, 4155195.85 ], [ 280305.71, 4155195.75 ], [ 280305.71, 4155195.65 ], [ 280305.72, 4155195.56 ], [ 280305.74, 4155195.46 ], [ 280305.77, 4155195.37 ], [ 280305.81, 4155195.28 ], [ 280305.86, 4155195.19 ], [ 280305.91, 4155195.11 ], [ 280305.97, 4155195.04 ], [ 280306.04, 4155194.97 ], [ 280306.12, 4155194.91 ], [ 280306.2, 4155194.85 ], [ 280306.28, 4155194.81 ], [ 280306.37, 4155194.77 ], [ 280306.47, 4155194.74 ], [ 280309.34, 4155194.02 ], [ 280310.47, 4155193.45 ], [ 280311.86, 4155191.21 ], [ 280311.72, 4155190.64 ], [ 280311.7, 4155190.55 ], [ 280311.69, 4155190.45 ], [ 280311.69, 4155190.35 ], [ 280311.7, 4155190.25 ], [ 280311.72, 4155190.16 ], [ 280311.75, 4155190.06 ], [ 280311.79, 4155189.97 ], [ 280311.83, 4155189.89 ], [ 280311.89, 4155189.81 ], [ 280311.95, 4155189.73 ], [ 280312.02, 4155189.66 ], [ 280312.09, 4155189.6 ], [ 280312.18, 4155189.54 ], [ 280312.26, 4155189.5 ], [ 280312.35, 4155189.46 ], [ 280312.45, 4155189.43 ], [ 280312.46, 4155189.43 ], [ 280312.52, 4155189.29 ], [ 280312.14, 4155188.1 ], [ 280312.12, 4155188.01 ], [ 280312.11, 4155187.92 ], [ 280312.1, 4155187.82 ], [ 280312.1, 4155187.72 ], [ 280312.11, 4155187.63 ], [ 280312.14, 4155187.54 ], [ 280312.17, 4155187.44 ], [ 280312.2, 4155187.36 ], [ 280312.25, 4155187.27 ], [ 280312.31, 4155187.19 ], [ 280312.37, 4155187.12 ], [ 280312.44, 4155187.05 ], [ 280312.51, 4155186.99 ], [ 280312.59, 4155186.94 ], [ 280312.68, 4155186.9 ], [ 280312.76, 4155186.86 ], [ 280312.86, 4155186.83 ], [ 280319.02, 4155185.29 ], [ 280319.11, 4155185.27 ], [ 280319.21, 4155185.27 ], [ 280319.31, 4155185.27 ], [ 280319.41, 4155185.27 ], [ 280319.5, 4155185.29 ], [ 280319.6, 4155185.32 ], [ 280319.69, 4155185.36 ], [ 280319.78, 4155185.41 ], [ 280319.86, 4155185.46 ], [ 280319.93, 4155185.52 ], [ 280320.0, 4155185.59 ], [ 280320.06, 4155185.67 ], [ 280320.12, 4155185.75 ], [ 280320.16, 4155185.84 ], [ 280320.2, 4155185.93 ], [ 280320.23, 4155186.03 ], [ 280320.59, 4155187.5 ], [ 280320.65, 4155187.5 ], [ 280320.75, 4155187.5 ], [ 280320.84, 4155187.52 ], [ 280320.94, 4155187.55 ], [ 280321.03, 4155187.59 ], [ 280321.12, 4155187.64 ], [ 280321.2, 4155187.69 ], [ 280321.27, 4155187.75 ], [ 280321.34, 4155187.82 ], [ 280321.4, 4155187.9 ], [ 280321.46, 4155187.98 ], [ 280321.51, 4155188.07 ], [ 280321.54, 4155188.16 ], [ 280321.57, 4155188.25 ], [ 280322.44, 4155191.74 ], [ 280322.95, 4155191.61 ], [ 280323.05, 4155191.59 ], [ 280323.14, 4155191.58 ], [ 280323.24, 4155191.58 ], [ 280323.34, 4155191.59 ], [ 280323.44, 4155191.61 ], [ 280323.53, 4155191.64 ], [ 280323.62, 4155191.67 ], [ 280323.71, 4155191.72 ], [ 280323.79, 4155191.78 ], [ 280323.87, 4155191.84 ], [ 280323.94, 4155191.91 ], [ 280324.0, 4155191.98 ], [ 280324.05, 4155192.07 ], [ 280324.1, 4155192.15 ], [ 280324.14, 4155192.24 ], [ 280324.16, 4155192.34 ], [ 280326.32, 4155200.99 ], [ 280326.34, 4155201.08 ], [ 280326.35, 4155201.18 ], [ 280326.35, 4155201.28 ], [ 280326.34, 4155201.38 ], [ 280326.32, 4155201.47 ], [ 280326.29, 4155201.57 ], [ 280326.25, 4155201.66 ], [ 280326.21, 4155201.74 ], [ 280326.15, 4155201.82 ], [ 280326.09, 4155201.9 ], [ 280326.02, 4155201.97 ], [ 280325.95, 4155202.03 ], [ 280325.86, 4155202.09 ], [ 280325.78, 4155202.13 ], [ 280325.69, 4155202.17 ], [ 280325.59, 4155202.2 ], [ 280321.13, 4155203.31 ], [ 280321.13, 4155204.63 ], [ 280322.57, 4155206.07 ], [ 280325.77, 4155205.37 ], [ 280325.87, 4155205.36 ], [ 280325.97, 4155205.35 ], [ 280326.07, 4155205.36 ], [ 280326.17, 4155205.37 ], [ 280326.27, 4155205.39 ], [ 280326.36, 4155205.43 ], [ 280326.46, 4155205.47 ], [ 280326.54, 4155205.52 ], [ 280326.62, 4155205.58 ], [ 280326.7, 4155205.65 ], [ 280326.76, 4155205.73 ], [ 280326.82, 4155205.81 ], [ 280326.87, 4155205.9 ], [ 280326.91, 4155205.99 ], [ 280326.95, 4155206.09 ], [ 280327.84, 4155209.32 ], [ 280328.15, 4155209.66 ], [ 280329.13, 4155211.63 ], [ 280329.15, 4155211.65 ], [ 280329.22, 4155211.72 ], [ 280329.28, 4155211.79 ], [ 280329.34, 4155211.88 ], [ 280329.38, 4155211.96 ], [ 280329.42, 4155212.05 ], [ 280329.45, 4155212.15 ], [ 280329.5, 4155212.36 ], [ 280329.84, 4155213.05 ], [ 280329.94, 4155213.29 ], [ 280330.16, 4155214.01 ], [ 280330.21, 4155214.26 ], [ 280331.31, 4155223.03 ], [ 280331.34, 4155223.08 ], [ 280331.4, 4155223.16 ], [ 280331.44, 4155223.25 ], [ 280331.48, 4155223.34 ], [ 280331.51, 4155223.43 ], [ 280334.01, 4155233.84 ], [ 280334.03, 4155233.94 ], [ 280334.04, 4155234.03 ], [ 280334.04, 4155234.13 ], [ 280334.03, 4155234.23 ], [ 280334.01, 4155234.33 ], [ 280333.98, 4155234.42 ], [ 280333.94, 4155234.51 ], [ 280333.89, 4155234.6 ], [ 280333.83, 4155234.68 ], [ 280333.77, 4155234.75 ], [ 280333.7, 4155234.82 ], [ 280333.62, 4155234.88 ], [ 280333.54, 4155234.94 ], [ 280333.45, 4155234.98 ], [ 280333.36, 4155235.02 ], [ 280333.26, 4155235.05 ], [ 280331.69, 4155235.41 ], [ 280331.49, 4155235.64 ], [ 280333.73, 4155240.63 ], [ 280335.53, 4155240.63 ], [ 280335.63, 4155240.67 ], [ 280335.7, 4155240.65 ], [ 280335.79, 4155240.63 ], [ 280335.89, 4155240.63 ], [ 280335.99, 4155240.63 ], [ 280336.09, 4155240.64 ], [ 280336.18, 4155240.66 ], [ 280336.28, 4155240.69 ], [ 280336.37, 4155240.73 ], [ 280336.45, 4155240.78 ], [ 280336.53, 4155240.84 ], [ 280336.61, 4155240.9 ], [ 280336.68, 4155240.97 ], [ 280336.74, 4155241.05 ], [ 280336.79, 4155241.13 ], [ 280336.83, 4155241.22 ], [ 280336.87, 4155241.31 ], [ 280336.89, 4155241.38 ], [ 280338.71, 4155243.2 ], [ 280339.13, 4155244.22 ], [ 280339.13, 4155250.0 ], [ 280356.62, 4155250.0 ], [ 280351.79, 4155232.29 ], [ 280351.55, 4155232.05 ], [ 280351.13, 4155231.03 ], [ 280351.13, 4155229.86 ], [ 280349.97, 4155225.6 ], [ 280349.47, 4155224.8 ], [ 280346.86, 4155223.49 ], [ 280346.32, 4155223.03 ], [ 280345.12, 4155221.36 ], [ 280344.86, 4155220.71 ], [ 280342.89, 4155206.96 ], [ 280343.36, 4155205.7 ], [ 280344.31, 4155204.87 ], [ 280339.98, 4155189.0 ], [ 280338.88, 4155189.22 ], [ 280337.48, 4155188.64 ], [ 280336.38, 4155187.0 ], [ 280336.13, 4155186.18 ], [ 280336.13, 4155179.16 ], [ 280336.68, 4155178.04 ], [ 280336.94, 4155177.84 ], [ 280319.3, 4155113.18 ], [ 280319.03, 4155112.83 ], [ 280316.63, 4155111.63 ], [ 280311.37, 4155111.63 ], [ 280309.4, 4155112.36 ], [ 280309.01, 4155112.7 ], [ 280307.28, 4155113.16 ], [ 280305.92, 4155114.08 ], [ 280304.77, 4155114.29 ], [ 280297.86, 4155112.56 ], [ 280294.13, 4155115.47 ], [ 280294.13, 4155117.63 ], [ 280296.76, 4155120.25 ], [ 280304.73, 4155118.55 ] ] ], [ [ [ 280324.37, 4155249.88 ], [ 280324.42, 4155249.79 ], [ 280324.47, 4155249.71 ], [ 280324.53, 4155249.64 ], [ 280324.6, 4155249.57 ], [ 280324.67, 4155249.51 ], [ 280324.75, 4155249.45 ], [ 280324.84, 4155249.4 ], [ 280324.93, 4155249.37 ], [ 280325.87, 4155249.01 ], [ 280325.44, 4155247.36 ], [ 280325.42, 4155247.27 ], [ 280325.41, 4155247.17 ], [ 280325.41, 4155247.07 ], [ 280325.41, 4155246.98 ], [ 280325.43, 4155246.88 ], [ 280325.46, 4155246.79 ], [ 280325.49, 4155246.7 ], [ 280325.54, 4155246.61 ], [ 280325.59, 4155246.53 ], [ 280325.65, 4155246.45 ], [ 280325.71, 4155246.38 ], [ 280325.79, 4155246.32 ], [ 280325.86, 4155246.27 ], [ 280325.95, 4155246.22 ], [ 280326.04, 4155246.18 ], [ 280326.13, 4155246.15 ], [ 280327.58, 4155245.73 ], [ 280329.12, 4155242.66 ], [ 280329.12, 4155242.65 ], [ 280326.91, 4155237.63 ], [ 280319.08, 4155237.63 ], [ 280318.02, 4155237.15 ], [ 280317.14, 4155236.18 ], [ 280317.11, 4155236.18 ], [ 280317.02, 4155236.18 ], [ 280316.92, 4155236.16 ], [ 280316.83, 4155236.14 ], [ 280316.74, 4155236.11 ], [ 280316.65, 4155236.07 ], [ 280316.57, 4155236.02 ], [ 280316.49, 4155235.96 ], [ 280316.42, 4155235.9 ], [ 280316.35, 4155235.83 ], [ 280316.29, 4155235.75 ], [ 280316.24, 4155235.67 ], [ 280316.2, 4155235.59 ], [ 280316.16, 4155235.5 ], [ 280316.14, 4155235.4 ], [ 280316.04, 4155234.96 ], [ 280315.89, 4155234.8 ], [ 280315.52, 4155233.69 ], [ 280315.59, 4155233.02 ], [ 280315.37, 4155232.04 ], [ 280315.35, 4155231.94 ], [ 280315.34, 4155231.85 ], [ 280315.34, 4155231.75 ], [ 280315.35, 4155231.65 ], [ 280315.38, 4155231.56 ], [ 280315.4, 4155231.47 ], [ 280315.44, 4155231.38 ], [ 280315.49, 4155231.29 ], [ 280315.54, 4155231.21 ], [ 280315.61, 4155231.14 ], [ 280315.68, 4155231.07 ], [ 280315.75, 4155231.01 ], [ 280315.8, 4155230.98 ], [ 280316.02, 4155228.74 ], [ 280315.68, 4155227.4 ], [ 280315.66, 4155227.3 ], [ 280315.65, 4155227.2 ], [ 280315.65, 4155227.11 ], [ 280315.66, 4155227.01 ], [ 280315.68, 4155226.91 ], [ 280315.71, 4155226.82 ], [ 280315.75, 4155226.73 ], [ 280315.79, 4155226.64 ], [ 280315.85, 4155226.56 ], [ 280315.91, 4155226.48 ], [ 280315.98, 4155226.41 ], [ 280316.06, 4155226.35 ], [ 280316.14, 4155226.3 ], [ 280316.22, 4155226.25 ], [ 280316.27, 4155226.23 ], [ 280317.5, 4155213.96 ], [ 280316.65, 4155210.47 ], [ 280316.63, 4155210.38 ], [ 280316.62, 4155210.28 ], [ 280316.62, 4155210.18 ], [ 280316.63, 4155210.08 ], [ 280316.65, 4155209.98 ], [ 280316.68, 4155209.89 ], [ 280316.72, 4155209.8 ], [ 280316.74, 4155209.76 ], [ 280314.82, 4155207.63 ], [ 280309.73, 4155207.63 ], [ 280308.71, 4155207.2 ], [ 280306.55, 4155205.05 ], [ 280305.9, 4155203.48 ], [ 280302.55, 4155201.68 ], [ 280301.55, 4155202.89 ], [ 280302.08, 4155205.19 ], [ 280302.09, 4155205.29 ], [ 280302.1, 4155205.39 ], [ 280302.1, 4155205.49 ], [ 280302.09, 4155205.59 ], [ 280302.06, 4155205.69 ], [ 280302.03, 4155205.78 ], [ 280301.99, 4155205.88 ], [ 280301.94, 4155205.96 ], [ 280301.88, 4155206.04 ], [ 280301.81, 4155206.12 ], [ 280301.73, 4155206.19 ], [ 280301.65, 4155206.25 ], [ 280301.56, 4155206.3 ], [ 280301.47, 4155206.34 ], [ 280301.38, 4155206.37 ], [ 280299.41, 4155206.93 ], [ 280298.69, 4155208.1 ], [ 280298.1, 4155208.64 ], [ 280295.79, 4155209.8 ], [ 280294.63, 4155211.67 ], [ 280295.03, 4155213.3 ], [ 280297.48, 4155212.85 ], [ 280297.58, 4155212.83 ], [ 280297.67, 4155212.83 ], [ 280297.77, 4155212.84 ], [ 280297.86, 4155212.85 ], [ 280297.96, 4155212.87 ], [ 280298.05, 4155212.91 ], [ 280298.13, 4155212.95 ], [ 280298.22, 4155213.0 ], [ 280298.29, 4155213.06 ], [ 280298.37, 4155213.12 ], [ 280298.43, 4155213.19 ], [ 280298.49, 4155213.27 ], [ 280298.54, 4155213.35 ], [ 280298.58, 4155213.44 ], [ 280298.61, 4155213.53 ], [ 280298.64, 4155213.62 ], [ 280299.78, 4155218.87 ], [ 280299.79, 4155218.97 ], [ 280299.8, 4155219.07 ], [ 280299.8, 4155219.17 ], [ 280299.78, 4155219.27 ], [ 280299.76, 4155219.36 ], [ 280299.73, 4155219.46 ], [ 280299.69, 4155219.55 ], [ 280299.64, 4155219.63 ], [ 280299.58, 4155219.71 ], [ 280299.51, 4155219.79 ], [ 280299.44, 4155219.85 ], [ 280299.36, 4155219.91 ], [ 280299.28, 4155219.97 ], [ 280299.19, 4155220.01 ], [ 280299.1, 4155220.04 ], [ 280299.0, 4155220.07 ], [ 280296.79, 4155220.51 ], [ 280300.56, 4155236.0 ], [ 280304.49, 4155235.02 ], [ 280304.58, 4155235.0 ], [ 280304.68, 4155234.99 ], [ 280304.78, 4155234.99 ], [ 280304.88, 4155235.0 ], [ 280304.97, 4155235.02 ], [ 280305.07, 4155235.04 ], [ 280305.16, 4155235.08 ], [ 280305.25, 4155235.13 ], [ 280305.33, 4155235.18 ], [ 280305.4, 4155235.25 ], [ 280305.47, 4155235.31 ], [ 280305.53, 4155235.39 ], [ 280305.59, 4155235.47 ], [ 280305.64, 4155235.56 ], [ 280305.67, 4155235.65 ], [ 280305.7, 4155235.74 ], [ 280307.13, 4155241.43 ], [ 280307.15, 4155241.53 ], [ 280307.16, 4155241.63 ], [ 280307.16, 4155241.73 ], [ 280307.15, 4155241.82 ], [ 280307.14, 4155241.92 ], [ 280307.11, 4155242.01 ], [ 280307.07, 4155242.11 ], [ 280307.02, 4155242.19 ], [ 280306.97, 4155242.27 ], [ 280306.91, 4155242.35 ], [ 280306.84, 4155242.42 ], [ 280306.76, 4155242.48 ], [ 280306.68, 4155242.54 ], [ 280306.59, 4155242.58 ], [ 280306.5, 4155242.62 ], [ 280306.41, 4155242.65 ], [ 280302.43, 4155243.65 ], [ 280303.98, 4155250.0 ], [ 280324.32, 4155250.0 ], [ 280324.33, 4155249.97 ], [ 280324.37, 4155249.88 ] ] ], [ [ [ 280296.34, 4155247.82 ], [ 280296.41, 4155247.89 ], [ 280296.47, 4155247.97 ], [ 280296.52, 4155248.05 ], [ 280296.56, 4155248.14 ], [ 280296.59, 4155248.23 ], [ 280296.62, 4155248.33 ], [ 280296.94, 4155250.0 ], [ 280297.7, 4155250.0 ], [ 280294.13, 4155235.37 ], [ 280294.13, 4155247.8 ], [ 280295.44, 4155247.54 ], [ 280295.54, 4155247.53 ], [ 280295.64, 4155247.52 ], [ 280295.74, 4155247.53 ], [ 280295.83, 4155247.54 ], [ 280295.93, 4155247.57 ], [ 280296.02, 4155247.6 ], [ 280296.11, 4155247.64 ], [ 280296.19, 4155247.69 ], [ 280296.27, 4155247.75 ], [ 280296.34, 4155247.82 ] ] ], [ [ [ 280489.86, 4155231.7 ], [ 280489.6, 4155230.55 ], [ 280489.59, 4155230.45 ], [ 280489.58, 4155230.35 ], [ 280489.58, 4155230.26 ], [ 280489.59, 4155230.16 ], [ 280489.62, 4155230.06 ], [ 280489.65, 4155229.97 ], [ 280489.69, 4155229.88 ], [ 280489.74, 4155229.79 ], [ 280489.79, 4155229.71 ], [ 280489.86, 4155229.64 ], [ 280489.93, 4155229.57 ], [ 280490.01, 4155229.51 ], [ 280490.09, 4155229.46 ], [ 280490.18, 4155229.42 ], [ 280490.27, 4155229.38 ], [ 280490.36, 4155229.35 ], [ 280492.61, 4155228.86 ], [ 280493.12, 4155228.63 ], [ 280493.65, 4155228.63 ], [ 280496.61, 4155227.97 ], [ 280496.7, 4155227.95 ], [ 280496.8, 4155227.94 ], [ 280496.9, 4155227.95 ], [ 280497.0, 4155227.96 ], [ 280497.09, 4155227.98 ], [ 280497.18, 4155228.01 ], [ 280497.27, 4155228.05 ], [ 280497.36, 4155228.1 ], [ 280497.44, 4155228.16 ], [ 280497.51, 4155228.22 ], [ 280497.58, 4155228.29 ], [ 280497.64, 4155228.37 ], [ 280497.69, 4155228.45 ], [ 280497.74, 4155228.54 ], [ 280497.77, 4155228.63 ], [ 280497.8, 4155228.73 ], [ 280499.2, 4155234.98 ], [ 280500.0, 4155234.8 ], [ 280500.0, 4155202.45 ], [ 280499.99, 4155202.46 ], [ 280499.95, 4155202.55 ], [ 280499.9, 4155202.64 ], [ 280499.84, 4155202.71 ], [ 280499.77, 4155202.78 ], [ 280499.7, 4155202.85 ], [ 280499.62, 4155202.91 ], [ 280499.53, 4155202.96 ], [ 280499.44, 4155203.0 ], [ 280499.35, 4155203.03 ], [ 280499.26, 4155203.05 ], [ 280495.07, 4155203.82 ], [ 280494.97, 4155203.83 ], [ 280494.87, 4155203.83 ], [ 280494.77, 4155203.83 ], [ 280494.68, 4155203.81 ], [ 280494.58, 4155203.78 ], [ 280494.49, 4155203.75 ], [ 280494.4, 4155203.71 ], [ 280494.32, 4155203.66 ], [ 280494.24, 4155203.6 ], [ 280494.17, 4155203.53 ], [ 280494.1, 4155203.45 ], [ 280494.05, 4155203.37 ], [ 280494.0, 4155203.29 ], [ 280493.96, 4155203.2 ], [ 280493.92, 4155203.11 ], [ 280493.9, 4155203.01 ], [ 280493.22, 4155199.27 ], [ 280493.21, 4155199.17 ], [ 280493.2, 4155199.07 ], [ 280493.21, 4155198.97 ], [ 280493.23, 4155198.88 ], [ 280493.25, 4155198.78 ], [ 280493.29, 4155198.69 ], [ 280493.33, 4155198.6 ], [ 280493.38, 4155198.52 ], [ 280493.44, 4155198.44 ], [ 280493.51, 4155198.37 ], [ 280493.58, 4155198.3 ], [ 280493.66, 4155198.25 ], [ 280493.75, 4155198.2 ], [ 280493.84, 4155198.16 ], [ 280493.93, 4155198.12 ], [ 280494.02, 4155198.1 ], [ 280498.21, 4155197.34 ], [ 280498.31, 4155197.32 ], [ 280498.41, 4155197.32 ], [ 280498.51, 4155197.33 ], [ 280498.6, 4155197.34 ], [ 280498.7, 4155197.37 ], [ 280498.79, 4155197.4 ], [ 280498.88, 4155197.45 ], [ 280498.96, 4155197.5 ], [ 280499.04, 4155197.56 ], [ 280499.11, 4155197.62 ], [ 280499.18, 4155197.7 ], [ 280499.23, 4155197.78 ], [ 280499.28, 4155197.86 ], [ 280499.32, 4155197.95 ], [ 280499.36, 4155198.05 ], [ 280499.38, 4155198.14 ], [ 280500.0, 4155201.56 ], [ 280500.0, 4155196.6 ], [ 280498.05, 4155196.21 ], [ 280496.77, 4155195.44 ], [ 280496.58, 4155195.75 ], [ 280494.12, 4155195.07 ], [ 280492.13, 4155197.9 ], [ 280492.13, 4155201.03 ], [ 280491.71, 4155202.05 ], [ 280489.55, 4155204.2 ], [ 280488.53, 4155204.63 ], [ 280485.44, 4155204.63 ], [ 280484.67, 4155204.81 ], [ 280484.57, 4155204.83 ], [ 280484.47, 4155204.84 ], [ 280484.37, 4155204.84 ], [ 280484.28, 4155204.83 ], [ 280484.18, 4155204.81 ], [ 280484.09, 4155204.78 ], [ 280484.0, 4155204.74 ], [ 280483.91, 4155204.7 ], [ 280483.83, 4155204.64 ], [ 280483.81, 4155204.63 ], [ 280483.73, 4155204.63 ], [ 280482.71, 4155204.2 ], [ 280480.55, 4155202.05 ], [ 280480.13, 4155201.03 ], [ 280480.13, 4155194.16 ], [ 280480.2, 4155194.01 ], [ 280479.72, 4155192.02 ], [ 280479.7, 4155191.92 ], [ 280479.69, 4155191.82 ], [ 280479.69, 4155191.72 ], [ 280479.7, 4155191.63 ], [ 280479.72, 4155191.53 ], [ 280479.75, 4155191.44 ], [ 280479.79, 4155191.35 ], [ 280479.84, 4155191.26 ], [ 280479.89, 4155191.18 ], [ 280479.95, 4155191.1 ], [ 280480.02, 4155191.04 ], [ 280480.1, 4155190.97 ], [ 280480.18, 4155190.92 ], [ 280480.27, 4155190.87 ], [ 280480.36, 4155190.84 ], [ 280480.45, 4155190.81 ], [ 280487.93, 4155188.99 ], [ 280488.03, 4155188.97 ], [ 280488.13, 4155188.96 ], [ 280488.22, 4155188.96 ], [ 280488.32, 4155188.97 ], [ 280488.42, 4155188.99 ], [ 280488.51, 4155189.02 ], [ 280488.6, 4155189.06 ], [ 280488.69, 4155189.11 ], [ 280488.77, 4155189.16 ], [ 280488.85, 4155189.23 ], [ 280488.91, 4155189.3 ], [ 280488.98, 4155189.37 ], [ 280489.03, 4155189.45 ], [ 280489.08, 4155189.54 ], [ 280489.11, 4155189.63 ], [ 280489.14, 4155189.73 ], [ 280489.74, 4155192.17 ], [ 280490.5, 4155192.67 ], [ 280495.13, 4155190.15 ], [ 280495.13, 4155187.96 ], [ 280495.26, 4155187.68 ], [ 280495.26, 4155187.63 ], [ 280495.25, 4155187.53 ], [ 280495.26, 4155187.44 ], [ 280495.27, 4155187.34 ], [ 280495.29, 4155187.24 ], [ 280495.33, 4155187.15 ], [ 280495.37, 4155187.06 ], [ 280495.42, 4155186.98 ], [ 280495.47, 4155186.9 ], [ 280495.54, 4155186.82 ], [ 280495.61, 4155186.76 ], [ 280500.0, 4155183.12 ], [ 280500.0, 4155152.24 ], [ 280462.56, 4155104.34 ], [ 280461.16, 4155103.64 ], [ 280460.57, 4155103.1 ], [ 280459.35, 4155101.13 ], [ 280459.13, 4155100.35 ], [ 280459.13, 4155099.95 ], [ 280449.76, 4155087.96 ], [ 280441.05, 4155080.93 ], [ 280440.86, 4155086.4 ], [ 280481.67, 4155250.0 ], [ 280491.51, 4155250.0 ], [ 280489.57, 4155232.59 ], [ 280489.86, 4155231.7 ] ], [ [ 280461.93, 4155144.55 ], [ 280461.92, 4155144.45 ], [ 280461.93, 4155144.35 ], [ 280461.94, 4155144.25 ], [ 280461.96, 4155144.16 ], [ 280461.99, 4155144.07 ], [ 280462.03, 4155143.98 ], [ 280462.08, 4155143.89 ], [ 280462.13, 4155143.81 ], [ 280462.2, 4155143.73 ], [ 280462.27, 4155143.67 ], [ 280462.35, 4155143.61 ], [ 280469.52, 4155138.52 ], [ 280469.6, 4155138.47 ], [ 280469.69, 4155138.42 ], [ 280469.78, 4155138.39 ], [ 280469.87, 4155138.36 ], [ 280469.97, 4155138.34 ], [ 280470.07, 4155138.34 ], [ 280470.17, 4155138.34 ], [ 280470.26, 4155138.35 ], [ 280470.36, 4155138.37 ], [ 280470.45, 4155138.4 ], [ 280470.54, 4155138.44 ], [ 280470.63, 4155138.49 ], [ 280470.71, 4155138.55 ], [ 280470.78, 4155138.61 ], [ 280470.85, 4155138.68 ], [ 280470.91, 4155138.76 ], [ 280477.35, 4155147.85 ], [ 280479.04, 4155149.54 ], [ 280479.37, 4155150.02 ], [ 280480.02, 4155151.6 ], [ 280480.02, 4155151.61 ], [ 280482.4, 4155154.97 ], [ 280482.45, 4155155.05 ], [ 280482.49, 4155155.14 ], [ 280482.53, 4155155.23 ], [ 280482.56, 4155155.32 ], [ 280482.57, 4155155.42 ], [ 280482.58, 4155155.52 ], [ 280482.58, 4155155.62 ], [ 280482.57, 4155155.71 ], [ 280482.55, 4155155.81 ], [ 280482.51, 4155155.9 ], [ 280482.48, 4155155.99 ], [ 280482.43, 4155156.08 ], [ 280482.37, 4155156.16 ], [ 280482.31, 4155156.23 ], [ 280482.24, 4155156.3 ], [ 280482.16, 4155156.36 ], [ 280480.13, 4155157.8 ], [ 280480.13, 4155159.03 ], [ 280479.71, 4155160.05 ], [ 280481.65, 4155162.3 ], [ 280485.2, 4155159.35 ], [ 280485.28, 4155159.29 ], [ 280485.37, 4155159.24 ], [ 280485.45, 4155159.2 ], [ 280485.55, 4155159.16 ], [ 280485.64, 4155159.14 ], [ 280485.74, 4155159.12 ], [ 280485.84, 4155159.12 ], [ 280485.93, 4155159.12 ], [ 280486.03, 4155159.14 ], [ 280486.13, 4155159.16 ], [ 280486.22, 4155159.19 ], [ 280486.31, 4155159.23 ], [ 280486.39, 4155159.28 ], [ 280486.47, 4155159.34 ], [ 280486.54, 4155159.41 ], [ 280486.61, 4155159.48 ], [ 280490.29, 4155163.92 ], [ 280490.61, 4155164.1 ], [ 280494.04, 4155167.54 ], [ 280494.37, 4155168.02 ], [ 280495.02, 4155169.6 ], [ 280495.02, 4155169.62 ], [ 280496.6, 4155171.52 ], [ 280496.66, 4155171.6 ], [ 280496.71, 4155171.68 ], [ 280496.75, 4155171.77 ], [ 280496.78, 4155171.86 ], [ 280496.81, 4155171.96 ], [ 280496.82, 4155172.06 ], [ 280496.83, 4155172.15 ], [ 280496.82, 4155172.25 ], [ 280496.81, 4155172.35 ], [ 280496.79, 4155172.44 ], [ 280496.75, 4155172.54 ], [ 280496.71, 4155172.63 ], [ 280496.66, 4155172.71 ], [ 280496.6, 4155172.79 ], [ 280496.54, 4155172.86 ], [ 280496.47, 4155172.93 ], [ 280495.13, 4155174.04 ], [ 280494.71, 4155175.05 ], [ 280492.55, 4155177.2 ], [ 280491.53, 4155177.63 ], [ 280490.8, 4155177.63 ], [ 280487.64, 4155180.25 ], [ 280487.56, 4155180.31 ], [ 280487.47, 4155180.36 ], [ 280487.39, 4155180.4 ], [ 280487.29, 4155180.43 ], [ 280487.2, 4155180.46 ], [ 280487.1, 4155180.47 ], [ 280487.0, 4155180.48 ], [ 280486.91, 4155180.47 ], [ 280486.81, 4155180.46 ], [ 280486.71, 4155180.44 ], [ 280486.62, 4155180.4 ], [ 280486.53, 4155180.36 ], [ 280486.45, 4155180.31 ], [ 280486.37, 4155180.25 ], [ 280486.29, 4155180.19 ], [ 280486.23, 4155180.11 ], [ 280484.17, 4155177.63 ], [ 280480.73, 4155177.63 ], [ 280479.71, 4155177.2 ], [ 280477.55, 4155175.05 ], [ 280477.13, 4155174.03 ], [ 280477.13, 4155169.14 ], [ 280476.25, 4155168.07 ], [ 280476.19, 4155168.0 ], [ 280476.14, 4155167.91 ], [ 280476.1, 4155167.82 ], [ 280476.07, 4155167.73 ], [ 280476.04, 4155167.64 ], [ 280476.03, 4155167.54 ], [ 280476.02, 4155167.44 ], [ 280476.03, 4155167.34 ], [ 280476.04, 4155167.25 ], [ 280476.06, 4155167.15 ], [ 280476.1, 4155167.06 ], [ 280476.14, 4155166.97 ], [ 280476.19, 4155166.89 ], [ 280476.25, 4155166.81 ], [ 280476.31, 4155166.73 ], [ 280476.38, 4155166.67 ], [ 280476.91, 4155166.23 ], [ 280475.15, 4155162.63 ], [ 280474.73, 4155162.63 ], [ 280473.71, 4155162.2 ], [ 280471.55, 4155160.05 ], [ 280471.13, 4155159.03 ], [ 280471.13, 4155158.48 ], [ 280469.47, 4155155.8 ], [ 280467.16, 4155154.64 ], [ 280466.57, 4155154.1 ], [ 280465.35, 4155152.13 ], [ 280465.13, 4155151.35 ], [ 280465.13, 4155149.26 ], [ 280462.11, 4155145.0 ], [ 280462.06, 4155144.92 ], [ 280462.01, 4155144.83 ], [ 280461.98, 4155144.74 ], [ 280461.95, 4155144.64 ], [ 280461.93, 4155144.55 ] ], [ [ 280476.06, 4155166.47 ], [ 280472.48, 4155169.42 ], [ 280472.4, 4155169.48 ], [ 280472.32, 4155169.53 ], [ 280472.23, 4155169.57 ], [ 280472.13, 4155169.61 ], [ 280472.04, 4155169.63 ], [ 280471.94, 4155169.65 ], [ 280471.84, 4155169.65 ], [ 280471.75, 4155169.65 ], [ 280471.65, 4155169.63 ], [ 280471.55, 4155169.61 ], [ 280471.46, 4155169.57 ], [ 280471.37, 4155169.53 ], [ 280471.29, 4155169.48 ], [ 280471.21, 4155169.42 ], [ 280471.14, 4155169.36 ], [ 280471.07, 4155169.28 ], [ 280469.37, 4155167.21 ], [ 280469.31, 4155167.13 ], [ 280469.26, 4155167.04 ], [ 280469.22, 4155166.96 ], [ 280469.19, 4155166.86 ], [ 280469.16, 4155166.77 ], [ 280469.15, 4155166.67 ], [ 280469.14, 4155166.57 ], [ 280469.15, 4155166.48 ], [ 280469.16, 4155166.38 ], [ 280469.19, 4155166.28 ], [ 280469.22, 4155166.19 ], [ 280469.26, 4155166.1 ], [ 280469.31, 4155166.02 ], [ 280469.37, 4155165.94 ], [ 280469.43, 4155165.87 ], [ 280469.51, 4155165.8 ], [ 280473.08, 4155162.85 ], [ 280473.16, 4155162.8 ], [ 280473.25, 4155162.74 ], [ 280473.33, 4155162.7 ], [ 280473.43, 4155162.67 ], [ 280473.52, 4155162.65 ], [ 280473.62, 4155162.63 ], [ 280473.72, 4155162.63 ], [ 280473.81, 4155162.63 ], [ 280473.91, 4155162.64 ], [ 280474.01, 4155162.67 ], [ 280474.1, 4155162.7 ], [ 280474.19, 4155162.74 ], [ 280474.27, 4155162.79 ], [ 280474.35, 4155162.85 ], [ 280474.42, 4155162.92 ], [ 280474.49, 4155162.99 ], [ 280476.2, 4155165.07 ], [ 280476.26, 4155165.14 ], [ 280476.31, 4155165.23 ], [ 280476.35, 4155165.32 ], [ 280476.38, 4155165.41 ], [ 280476.41, 4155165.51 ], [ 280476.42, 4155165.6 ], [ 280476.43, 4155165.7 ], [ 280476.42, 4155165.8 ], [ 280476.41, 4155165.9 ], [ 280476.38, 4155165.99 ], [ 280476.35, 4155166.08 ], [ 280476.31, 4155166.17 ], [ 280476.26, 4155166.26 ], [ 280476.2, 4155166.34 ], [ 280476.14, 4155166.41 ], [ 280476.06, 4155166.47 ] ] ], [ [ [ 280312.13, 4155013.65 ], [ 280311.96, 4155014.35 ], [ 280310.97, 4155016.19 ], [ 280310.49, 4155016.72 ], [ 280307.65, 4155018.61 ], [ 280306.09, 4155023.94 ], [ 280310.3, 4155042.26 ], [ 280322.59, 4155091.74 ], [ 280329.77, 4155093.54 ], [ 280330.5, 4155093.63 ], [ 280337.89, 4155093.63 ], [ 280340.01, 4155092.75 ], [ 280344.04, 4155088.71 ], [ 280344.53, 4155088.39 ], [ 280346.1, 4155087.74 ], [ 280346.67, 4155087.63 ], [ 280365.53, 4155087.63 ], [ 280366.55, 4155088.05 ], [ 280368.71, 4155090.2 ], [ 280369.12, 4155091.19 ], [ 280368.88, 4155091.97 ], [ 280367.5, 4155094.01 ], [ 280366.83, 4155094.55 ], [ 280356.19, 4155098.8 ], [ 280354.32, 4155101.84 ], [ 280355.85, 4155120.31 ], [ 280356.15, 4155120.23 ], [ 280356.25, 4155120.21 ], [ 280356.35, 4155120.2 ], [ 280356.45, 4155120.2 ], [ 280356.55, 4155120.21 ], [ 280356.65, 4155120.23 ], [ 280356.74, 4155120.25 ], [ 280356.83, 4155120.29 ], [ 280356.92, 4155120.34 ], [ 280357.0, 4155120.4 ], [ 280357.08, 4155120.46 ], [ 280357.15, 4155120.53 ], [ 280357.21, 4155120.61 ], [ 280357.27, 4155120.69 ], [ 280357.32, 4155120.78 ], [ 280357.35, 4155120.88 ], [ 280357.38, 4155120.97 ], [ 280359.44, 4155129.88 ], [ 280359.45, 4155129.98 ], [ 280359.46, 4155130.08 ], [ 280359.46, 4155130.18 ], [ 280359.45, 4155130.28 ], [ 280359.42, 4155130.38 ], [ 280359.39, 4155130.47 ], [ 280359.35, 4155130.57 ], [ 280359.3, 4155130.65 ], [ 280359.24, 4155130.73 ], [ 280359.17, 4155130.81 ], [ 280359.1, 4155130.88 ], [ 280359.05, 4155130.91 ], [ 280359.1, 4155131.08 ], [ 280359.11, 4155131.18 ], [ 280359.12, 4155131.27 ], [ 280359.12, 4155131.37 ], [ 280359.11, 4155131.47 ], [ 280359.09, 4155131.57 ], [ 280359.06, 4155131.66 ], [ 280359.02, 4155131.75 ], [ 280358.97, 4155131.84 ], [ 280358.92, 4155131.92 ], [ 280358.85, 4155131.99 ], [ 280358.78, 4155132.06 ], [ 280358.71, 4155132.12 ], [ 280358.62, 4155132.18 ], [ 280358.54, 4155132.22 ], [ 280358.44, 4155132.26 ], [ 280358.35, 4155132.29 ], [ 280356.88, 4155132.63 ], [ 280356.9, 4155132.87 ], [ 280359.17, 4155134.96 ], [ 280358.98, 4155135.4 ], [ 280359.84, 4155135.75 ], [ 280360.44, 4155135.6 ], [ 280360.54, 4155135.58 ], [ 280360.63, 4155135.56 ], [ 280360.73, 4155135.56 ], [ 280360.83, 4155135.57 ], [ 280360.93, 4155135.59 ], [ 280361.02, 4155135.62 ], [ 280361.11, 4155135.65 ], [ 280361.2, 4155135.7 ], [ 280361.28, 4155135.75 ], [ 280361.35, 4155135.81 ], [ 280361.42, 4155135.88 ], [ 280361.49, 4155135.95 ], [ 280361.54, 4155136.03 ], [ 280361.59, 4155136.12 ], [ 280361.63, 4155136.21 ], [ 280361.66, 4155136.3 ], [ 280361.98, 4155137.47 ], [ 280362.71, 4155138.2 ], [ 280362.94, 4155138.76 ], [ 280363.02, 4155138.78 ], [ 280363.12, 4155138.81 ], [ 280363.21, 4155138.85 ], [ 280363.3, 4155138.9 ], [ 280363.38, 4155138.95 ], [ 280363.46, 4155139.02 ], [ 280363.52, 4155139.09 ], [ 280363.58, 4155139.17 ], [ 280363.64, 4155139.26 ], [ 280363.68, 4155139.35 ], [ 280363.72, 4155139.45 ], [ 280363.74, 4155139.54 ], [ 280364.23, 4155141.97 ], [ 280364.24, 4155142.07 ], [ 280364.25, 4155142.16 ], [ 280364.24, 4155142.26 ], [ 280364.23, 4155142.35 ], [ 280364.21, 4155142.45 ], [ 280364.18, 4155142.54 ], [ 280364.14, 4155142.62 ], [ 280364.09, 4155142.71 ], [ 280364.04, 4155142.79 ], [ 280363.97, 4155142.86 ], [ 280363.91, 4155142.92 ], [ 280363.83, 4155142.98 ], [ 280363.75, 4155143.04 ], [ 280363.67, 4155143.08 ], [ 280363.58, 4155143.11 ], [ 280363.48, 4155143.14 ], [ 280363.88, 4155144.79 ], [ 280363.9, 4155144.88 ], [ 280363.91, 4155144.98 ], [ 280363.91, 4155145.08 ], [ 280363.9, 4155145.18 ], [ 280363.88, 4155145.27 ], [ 280363.85, 4155145.37 ], [ 280363.81, 4155145.46 ], [ 280363.76, 4155145.54 ], [ 280363.71, 4155145.62 ], [ 280363.64, 4155145.7 ], [ 280363.57, 4155145.77 ], [ 280363.5, 4155145.83 ], [ 280363.42, 4155145.88 ], [ 280363.33, 4155145.93 ], [ 280363.24, 4155145.97 ], [ 280363.14, 4155145.99 ], [ 280363.13, 4155146.0 ], [ 280363.13, 4155147.63 ], [ 280364.34, 4155149.44 ], [ 280368.24, 4155148.55 ], [ 280368.33, 4155148.54 ], [ 280368.43, 4155148.53 ], [ 280368.53, 4155148.53 ], [ 280368.63, 4155148.54 ], [ 280368.72, 4155148.56 ], [ 280368.82, 4155148.59 ], [ 280368.91, 4155148.63 ], [ 280368.99, 4155148.68 ], [ 280369.07, 4155148.74 ], [ 280369.15, 4155148.8 ], [ 280369.21, 4155148.87 ], [ 280369.27, 4155148.95 ], [ 280369.33, 4155149.03 ], [ 280369.37, 4155149.12 ], [ 280369.41, 4155149.21 ], [ 280369.43, 4155149.31 ], [ 280370.54, 4155154.16 ], [ 280370.55, 4155154.26 ], [ 280370.56, 4155154.36 ], [ 280370.56, 4155154.46 ], [ 280370.55, 4155154.55 ], [ 280370.52, 4155154.65 ], [ 280370.49, 4155154.74 ], [ 280370.45, 4155154.83 ], [ 280370.41, 4155154.92 ], [ 280370.35, 4155155.0 ], [ 280370.29, 4155155.07 ], [ 280370.22, 4155155.14 ], [ 280370.14, 4155155.2 ], [ 280370.06, 4155155.25 ], [ 280369.97, 4155155.3 ], [ 280369.88, 4155155.33 ], [ 280369.78, 4155155.36 ], [ 280369.13, 4155155.51 ], [ 280369.13, 4155159.63 ], [ 280370.98, 4155162.4 ], [ 280372.55, 4155163.05 ], [ 280374.71, 4155165.2 ], [ 280375.13, 4155166.22 ], [ 280375.13, 4155182.29 ], [ 280375.46, 4155183.62 ], [ 280375.48, 4155183.72 ], [ 280375.49, 4155183.81 ], [ 280375.49, 4155183.91 ], [ 280375.48, 4155184.01 ], [ 280375.46, 4155184.11 ], [ 280375.43, 4155184.2 ], [ 280375.39, 4155184.29 ], [ 280375.34, 4155184.38 ], [ 280375.29, 4155184.46 ], [ 280375.22, 4155184.54 ], [ 280375.16, 4155184.6 ], [ 280375.13, 4155184.62 ], [ 280375.13, 4155191.11 ], [ 280375.26, 4155191.66 ], [ 280375.28, 4155191.75 ], [ 280375.29, 4155191.85 ], [ 280375.29, 4155191.95 ], [ 280375.28, 4155192.05 ], [ 280375.26, 4155192.14 ], [ 280375.23, 4155192.24 ], [ 280375.19, 4155192.33 ], [ 280375.15, 4155192.41 ], [ 280375.13, 4155192.44 ], [ 280375.13, 4155195.63 ], [ 280376.07, 4155196.57 ], [ 280376.12, 4155196.57 ], [ 280376.21, 4155196.6 ], [ 280376.3, 4155196.64 ], [ 280376.39, 4155196.68 ], [ 280376.47, 4155196.73 ], [ 280376.55, 4155196.79 ], [ 280376.62, 4155196.86 ], [ 280376.68, 4155196.93 ], [ 280376.74, 4155197.01 ], [ 280376.78, 4155197.1 ], [ 280376.82, 4155197.18 ], [ 280376.86, 4155197.28 ], [ 280376.88, 4155197.38 ], [ 280378.13, 4155198.63 ], [ 280379.35, 4155198.63 ], [ 280379.19, 4155198.05 ], [ 280379.17, 4155197.96 ], [ 280379.16, 4155197.86 ], [ 280379.15, 4155197.76 ], [ 280379.16, 4155197.66 ], [ 280379.18, 4155197.57 ], [ 280379.2, 4155197.47 ], [ 280379.24, 4155197.38 ], [ 280379.28, 4155197.29 ], [ 280379.33, 4155197.21 ], [ 280379.39, 4155197.13 ], [ 280379.46, 4155197.06 ], [ 280379.53, 4155196.99 ], [ 280379.61, 4155196.94 ], [ 280379.7, 4155196.89 ], [ 280379.79, 4155196.85 ], [ 280379.88, 4155196.82 ], [ 280382.81, 4155196.0 ], [ 280382.9, 4155195.97 ], [ 280383.0, 4155195.96 ], [ 280383.1, 4155195.96 ], [ 280383.2, 4155195.97 ], [ 280383.29, 4155195.98 ], [ 280383.39, 4155196.01 ], [ 280383.48, 4155196.04 ], [ 280383.57, 4155196.09 ], [ 280383.65, 4155196.14 ], [ 280383.73, 4155196.2 ], [ 280383.8, 4155196.27 ], [ 280383.86, 4155196.34 ], [ 280383.92, 4155196.42 ], [ 280383.97, 4155196.51 ], [ 280384.01, 4155196.6 ], [ 280384.04, 4155196.69 ], [ 280384.33, 4155197.71 ], [ 280386.57, 4155197.07 ], [ 280386.66, 4155197.05 ], [ 280386.76, 4155197.04 ], [ 280386.86, 4155197.04 ], [ 280386.96, 4155197.04 ], [ 280387.05, 4155197.06 ], [ 280387.15, 4155197.09 ], [ 280387.24, 4155197.12 ], [ 280387.33, 4155197.16 ], [ 280387.41, 4155197.22 ], [ 280387.49, 4155197.28 ], [ 280387.56, 4155197.34 ], [ 280387.62, 4155197.42 ], [ 280387.68, 4155197.5 ], [ 280387.73, 4155197.58 ], [ 280387.77, 4155197.67 ], [ 280387.8, 4155197.77 ], [ 280389.44, 4155203.6 ], [ 280389.46, 4155203.69 ], [ 280389.48, 4155203.79 ], [ 280389.48, 4155203.89 ], [ 280389.47, 4155203.99 ], [ 280389.46, 4155204.08 ], [ 280389.43, 4155204.18 ], [ 280389.39, 4155204.27 ], [ 280389.35, 4155204.36 ], [ 280389.3, 4155204.44 ], [ 280389.24, 4155204.52 ], [ 280389.17, 4155204.59 ], [ 280389.1, 4155204.65 ], [ 280389.02, 4155204.71 ], [ 280388.93, 4155204.76 ], [ 280388.84, 4155204.8 ], [ 280388.75, 4155204.83 ], [ 280386.21, 4155205.54 ], [ 280384.55, 4155207.2 ], [ 280382.98, 4155207.85 ], [ 280381.19, 4155211.21 ], [ 280381.74, 4155211.66 ], [ 280384.9, 4155210.8 ], [ 280385.0, 4155210.78 ], [ 280385.1, 4155210.76 ], [ 280385.19, 4155210.76 ], [ 280385.29, 4155210.77 ], [ 280385.39, 4155210.79 ], [ 280385.48, 4155210.81 ], [ 280385.57, 4155210.85 ], [ 280385.66, 4155210.89 ], [ 280385.75, 4155210.95 ], [ 280385.82, 4155211.01 ], [ 280385.89, 4155211.07 ], [ 280385.96, 4155211.15 ], [ 280386.01, 4155211.23 ], [ 280386.06, 4155211.31 ], [ 280386.1, 4155211.4 ], [ 280386.13, 4155211.5 ], [ 280387.55, 4155216.7 ], [ 280387.58, 4155216.74 ], [ 280387.59, 4155216.82 ], [ 280388.19, 4155219.02 ], [ 280388.21, 4155219.11 ], [ 280388.22, 4155219.21 ], [ 280388.22, 4155219.31 ], [ 280388.22, 4155219.41 ], [ 280388.2, 4155219.5 ], [ 280388.17, 4155219.6 ], [ 280388.14, 4155219.69 ], [ 280388.09, 4155219.78 ], [ 280388.04, 4155219.86 ], [ 280388.02, 4155219.88 ], [ 280388.36, 4155222.26 ], [ 280388.43, 4155222.26 ], [ 280388.53, 4155222.27 ], [ 280388.62, 4155222.29 ], [ 280388.72, 4155222.32 ], [ 280388.81, 4155222.36 ], [ 280388.89, 4155222.41 ], [ 280388.97, 4155222.47 ], [ 280389.05, 4155222.53 ], [ 280389.12, 4155222.6 ], [ 280389.18, 4155222.68 ], [ 280389.23, 4155222.76 ], [ 280389.27, 4155222.85 ], [ 280389.31, 4155222.94 ], [ 280389.34, 4155223.03 ], [ 280391.22, 4155231.19 ], [ 280391.24, 4155231.29 ], [ 280391.25, 4155231.38 ], [ 280391.25, 4155231.48 ], [ 280391.24, 4155231.58 ], [ 280391.22, 4155231.67 ], [ 280391.19, 4155231.77 ], [ 280391.15, 4155231.86 ], [ 280391.1, 4155231.94 ], [ 280391.05, 4155232.02 ], [ 280390.98, 4155232.1 ], [ 280390.91, 4155232.16 ], [ 280390.84, 4155232.23 ], [ 280390.76, 4155232.28 ], [ 280390.67, 4155232.32 ], [ 280390.58, 4155232.36 ], [ 280390.48, 4155232.39 ], [ 280388.12, 4155232.96 ], [ 280387.79, 4155233.34 ], [ 280389.29, 4155237.62 ], [ 280391.88, 4155236.93 ], [ 280391.98, 4155236.91 ], [ 280392.08, 4155236.9 ], [ 280392.17, 4155236.9 ], [ 280392.27, 4155236.9 ], [ 280392.37, 4155236.92 ], [ 280392.46, 4155236.95 ], [ 280392.55, 4155236.99 ], [ 280392.64, 4155237.03 ], [ 280392.72, 4155237.08 ], [ 280392.8, 4155237.15 ], [ 280392.87, 4155237.21 ], [ 280392.93, 4155237.29 ], [ 280392.99, 4155237.37 ], [ 280393.04, 4155237.46 ], [ 280393.07, 4155237.55 ], [ 280393.1, 4155237.64 ], [ 280393.88, 4155240.57 ], [ 280395.44, 4155240.16 ], [ 280395.54, 4155240.14 ], [ 280395.63, 4155240.12 ], [ 280395.73, 4155240.12 ], [ 280395.83, 4155240.13 ], [ 280395.93, 4155240.15 ], [ 280396.02, 4155240.18 ], [ 280396.11, 4155240.21 ], [ 280396.2, 4155240.26 ], [ 280396.28, 4155240.31 ], [ 280396.36, 4155240.37 ], [ 280396.43, 4155240.44 ], [ 280396.49, 4155240.51 ], [ 280396.55, 4155240.59 ], [ 280396.6, 4155240.68 ], [ 280396.64, 4155240.77 ], [ 280396.67, 4155240.86 ], [ 280397.65, 4155244.55 ], [ 280397.67, 4155244.64 ], [ 280397.68, 4155244.74 ], [ 280397.68, 4155244.83 ], [ 280397.67, 4155244.93 ], [ 280397.66, 4155245.03 ], [ 280397.63, 4155245.12 ], [ 280397.6, 4155245.21 ], [ 280397.55, 4155245.3 ], [ 280397.5, 4155245.38 ], [ 280397.44, 4155245.45 ], [ 280397.37, 4155245.53 ], [ 280397.3, 4155245.59 ], [ 280397.22, 4155245.65 ], [ 280397.14, 4155245.69 ], [ 280397.05, 4155245.73 ], [ 280396.96, 4155245.77 ], [ 280395.12, 4155246.3 ], [ 280395.0, 4155247.0 ], [ 280393.27, 4155249.63 ], [ 280392.71, 4155250.0 ], [ 280407.28, 4155250.0 ], [ 280406.8, 4155248.05 ], [ 280406.78, 4155247.95 ], [ 280406.77, 4155247.86 ], [ 280406.77, 4155247.76 ], [ 280406.78, 4155247.66 ], [ 280406.8, 4155247.56 ], [ 280406.83, 4155247.47 ], [ 280406.87, 4155247.38 ], [ 280406.92, 4155247.29 ], [ 280406.97, 4155247.21 ], [ 280407.03, 4155247.14 ], [ 280407.1, 4155247.07 ], [ 280407.18, 4155247.01 ], [ 280407.26, 4155246.95 ], [ 280407.35, 4155246.9 ], [ 280407.44, 4155246.87 ], [ 280407.53, 4155246.84 ], [ 280413.77, 4155245.29 ], [ 280412.16, 4155238.57 ], [ 280406.95, 4155239.69 ], [ 280406.85, 4155239.7 ], [ 280406.75, 4155239.71 ], [ 280406.65, 4155239.71 ], [ 280406.56, 4155239.69 ], [ 280406.46, 4155239.67 ], [ 280406.37, 4155239.64 ], [ 280406.28, 4155239.6 ], [ 280406.19, 4155239.55 ], [ 280406.11, 4155239.49 ], [ 280406.04, 4155239.43 ], [ 280405.97, 4155239.36 ], [ 280405.91, 4155239.28 ], [ 280405.86, 4155239.19 ], [ 280405.82, 4155239.11 ], [ 280405.78, 4155239.01 ], [ 280405.76, 4155238.92 ], [ 280404.47, 4155232.94 ], [ 280404.45, 4155232.84 ], [ 280404.45, 4155232.74 ], [ 280404.45, 4155232.64 ], [ 280404.46, 4155232.55 ], [ 280404.48, 4155232.45 ], [ 280404.52, 4155232.36 ], [ 280404.56, 4155232.27 ], [ 280404.61, 4155232.18 ], [ 280404.66, 4155232.1 ], [ 280404.73, 4155232.03 ], [ 280404.8, 4155231.96 ], [ 280404.88, 4155231.9 ], [ 280404.96, 4155231.85 ], [ 280405.05, 4155231.81 ], [ 280405.14, 4155231.77 ], [ 280405.24, 4155231.75 ], [ 280410.26, 4155230.66 ], [ 280409.67, 4155228.2 ], [ 280408.46, 4155223.69 ], [ 280403.54, 4155224.92 ], [ 280403.44, 4155224.94 ], [ 280403.34, 4155224.95 ], [ 280403.25, 4155224.95 ], [ 280403.15, 4155224.94 ], [ 280403.05, 4155224.92 ], [ 280402.96, 4155224.89 ], [ 280402.87, 4155224.86 ], [ 280402.78, 4155224.81 ], [ 280402.7, 4155224.76 ], [ 280402.62, 4155224.69 ], [ 280402.55, 4155224.62 ], [ 280402.49, 4155224.55 ], [ 280402.44, 4155224.47 ], [ 280402.39, 4155224.38 ], [ 280402.35, 4155224.29 ], [ 280402.32, 4155224.2 ], [ 280400.93, 4155218.6 ], [ 280400.91, 4155218.51 ], [ 280400.9, 4155218.41 ], [ 280400.9, 4155218.31 ], [ 280400.91, 4155218.21 ], [ 280400.93, 4155218.12 ], [ 280400.96, 4155218.02 ], [ 280401.0, 4155217.93 ], [ 280401.04, 4155217.85 ], [ 280401.1, 4155217.76 ], [ 280401.16, 4155217.69 ], [ 280401.23, 4155217.62 ], [ 280401.3, 4155217.56 ], [ 280401.39, 4155217.5 ], [ 280401.47, 4155217.46 ], [ 280401.56, 4155217.42 ], [ 280401.66, 4155217.39 ], [ 280406.45, 4155216.19 ], [ 280404.49, 4155208.89 ], [ 280401.76, 4155209.54 ], [ 280401.66, 4155209.56 ], [ 280401.56, 4155209.56 ], [ 280401.47, 4155209.56 ], [ 280401.37, 4155209.55 ], [ 280401.27, 4155209.53 ], [ 280401.18, 4155209.5 ], [ 280401.09, 4155209.46 ], [ 280401.0, 4155209.42 ], [ 280400.92, 4155209.36 ], [ 280400.85, 4155209.3 ], [ 280400.78, 4155209.23 ], [ 280400.72, 4155209.15 ], [ 280400.66, 4155209.07 ], [ 280400.62, 4155208.98 ], [ 280400.58, 4155208.89 ], [ 280400.55, 4155208.79 ], [ 280399.22, 4155203.17 ], [ 280399.2, 4155203.07 ], [ 280399.19, 4155202.97 ], [ 280399.19, 4155202.87 ], [ 280399.2, 4155202.78 ], [ 280399.22, 4155202.68 ], [ 280399.25, 4155202.59 ], [ 280399.29, 4155202.5 ], [ 280399.34, 4155202.41 ], [ 280399.4, 4155202.33 ], [ 280399.46, 4155202.25 ], [ 280399.53, 4155202.19 ], [ 280399.61, 4155202.12 ], [ 280399.69, 4155202.07 ], [ 280399.78, 4155202.03 ], [ 280399.87, 4155201.99 ], [ 280399.96, 4155201.96 ], [ 280402.34, 4155201.4 ], [ 280399.08, 4155190.23 ], [ 280399.02, 4155189.99 ], [ 280398.31, 4155186.59 ], [ 280398.26, 4155186.62 ], [ 280398.17, 4155186.65 ], [ 280398.08, 4155186.68 ], [ 280394.87, 4155187.45 ], [ 280394.77, 4155187.47 ], [ 280394.68, 4155187.48 ], [ 280394.58, 4155187.48 ], [ 280394.48, 4155187.47 ], [ 280394.38, 4155187.45 ], [ 280394.29, 4155187.42 ], [ 280394.2, 4155187.38 ], [ 280394.11, 4155187.33 ], [ 280394.03, 4155187.28 ], [ 280393.96, 4155187.22 ], [ 280393.89, 4155187.15 ], [ 280393.83, 4155187.07 ], [ 280393.77, 4155186.99 ], [ 280393.73, 4155186.9 ], [ 280393.69, 4155186.81 ], [ 280393.66, 4155186.72 ], [ 280392.8, 4155183.15 ], [ 280392.78, 4155183.06 ], [ 280392.77, 4155182.96 ], [ 280392.77, 4155182.86 ], [ 280392.78, 4155182.76 ], [ 280392.8, 4155182.67 ], [ 280392.83, 4155182.57 ], [ 280392.87, 4155182.48 ], [ 280392.92, 4155182.4 ], [ 280392.97, 4155182.31 ], [ 280393.04, 4155182.24 ], [ 280393.11, 4155182.17 ], [ 280393.18, 4155182.11 ], [ 280393.27, 4155182.05 ], [ 280393.35, 4155182.01 ], [ 280393.44, 4155181.97 ], [ 280393.54, 4155181.95 ], [ 280396.75, 4155181.17 ], [ 280396.85, 4155181.15 ], [ 280396.95, 4155181.14 ], [ 280397.05, 4155181.15 ], [ 280397.14, 4155181.16 ], [ 280397.19, 4155181.16 ], [ 280395.5, 4155173.04 ], [ 280390.75, 4155153.63 ], [ 280390.71, 4155153.69 ], [ 280390.66, 4155153.77 ], [ 280390.59, 4155153.84 ], [ 280390.52, 4155153.91 ], [ 280390.44, 4155153.97 ], [ 280390.36, 4155154.02 ], [ 280390.27, 4155154.07 ], [ 280390.18, 4155154.1 ], [ 280390.08, 4155154.13 ], [ 280385.59, 4155155.1 ], [ 280385.49, 4155155.12 ], [ 280385.39, 4155155.12 ], [ 280385.3, 4155155.12 ], [ 280385.2, 4155155.11 ], [ 280385.1, 4155155.08 ], [ 280385.01, 4155155.05 ], [ 280384.92, 4155155.01 ], [ 280384.83, 4155154.96 ], [ 280384.76, 4155154.91 ], [ 280384.68, 4155154.84 ], [ 280384.61, 4155154.77 ], [ 280384.55, 4155154.69 ], [ 280384.5, 4155154.61 ], [ 280384.46, 4155154.52 ], [ 280384.42, 4155154.43 ], [ 280384.0, 4155153.09 ], [ 280383.47, 4155153.21 ], [ 280383.38, 4155153.23 ], [ 280383.29, 4155153.23 ], [ 280383.19, 4155153.23 ], [ 280383.1, 4155153.22 ], [ 280383.0, 4155153.2 ], [ 280382.91, 4155153.17 ], [ 280382.82, 4155153.14 ], [ 280382.74, 4155153.09 ], [ 280382.66, 4155153.04 ], [ 280382.59, 4155152.98 ], [ 280382.52, 4155152.91 ], [ 280382.46, 4155152.84 ], [ 280382.4, 4155152.76 ], [ 280382.36, 4155152.67 ], [ 280382.32, 4155152.59 ], [ 280382.29, 4155152.5 ], [ 280381.77, 4155150.57 ], [ 280381.75, 4155150.47 ], [ 280381.74, 4155150.37 ], [ 280381.74, 4155150.27 ], [ 280381.75, 4155150.18 ], [ 280381.76, 4155150.08 ], [ 280381.79, 4155149.98 ], [ 280381.83, 4155149.89 ], [ 280381.87, 4155149.81 ], [ 280381.93, 4155149.72 ], [ 280381.99, 4155149.65 ], [ 280382.05, 4155149.58 ], [ 280382.13, 4155149.51 ], [ 280382.21, 4155149.46 ], [ 280382.3, 4155149.41 ], [ 280382.34, 4155149.39 ], [ 280381.52, 4155146.29 ], [ 280381.51, 4155146.2 ], [ 280381.49, 4155146.1 ], [ 280381.49, 4155146.01 ], [ 280381.5, 4155145.91 ], [ 280381.52, 4155145.81 ], [ 280381.54, 4155145.72 ], [ 280381.58, 4155145.63 ], [ 280381.62, 4155145.55 ], [ 280381.67, 4155145.47 ], [ 280381.73, 4155145.39 ], [ 280381.8, 4155145.32 ], [ 280381.87, 4155145.26 ], [ 280381.95, 4155145.2 ], [ 280382.03, 4155145.15 ], [ 280382.12, 4155145.11 ], [ 280382.21, 4155145.08 ], [ 280382.3, 4155145.06 ], [ 280387.86, 4155143.96 ], [ 280387.96, 4155143.95 ], [ 280388.05, 4155143.95 ], [ 280388.15, 4155143.95 ], [ 280383.13, 4155125.92 ], [ 280383.09, 4155125.77 ], [ 280379.79, 4155111.18 ], [ 280378.07, 4155105.17 ], [ 280377.71, 4155106.05 ], [ 280375.55, 4155108.2 ], [ 280374.53, 4155108.63 ], [ 280372.73, 4155108.63 ], [ 280371.71, 4155108.2 ], [ 280369.55, 4155106.05 ], [ 280369.13, 4155105.03 ], [ 280369.13, 4155103.22 ], [ 280369.55, 4155102.2 ], [ 280371.71, 4155100.05 ], [ 280372.73, 4155099.63 ], [ 280374.53, 4155099.63 ], [ 280375.55, 4155100.05 ], [ 280377.04, 4155101.53 ], [ 280376.08, 4155098.17 ], [ 280373.03, 4155089.6 ], [ 280372.94, 4155089.31 ], [ 280372.89, 4155089.02 ], [ 280372.86, 4155088.72 ], [ 280372.86, 4155088.42 ], [ 280372.89, 4155088.12 ], [ 280372.95, 4155087.83 ], [ 280373.04, 4155087.54 ], [ 280373.15, 4155087.27 ], [ 280373.29, 4155087.0 ], [ 280373.46, 4155086.75 ], [ 280373.65, 4155086.52 ], [ 280373.86, 4155086.31 ], [ 280374.09, 4155086.12 ], [ 280374.34, 4155085.96 ], [ 280374.61, 4155085.82 ], [ 280374.88, 4155085.7 ], [ 280375.17, 4155085.62 ], [ 280375.46, 4155085.56 ], [ 280375.76, 4155085.53 ], [ 280376.06, 4155085.53 ], [ 280376.36, 4155085.56 ], [ 280376.65, 4155085.62 ], [ 280376.94, 4155085.71 ], [ 280377.22, 4155085.82 ], [ 280377.48, 4155085.96 ], [ 280377.73, 4155086.13 ], [ 280377.96, 4155086.32 ], [ 280378.17, 4155086.53 ], [ 280378.36, 4155086.77 ], [ 280378.52, 4155087.01 ], [ 280378.67, 4155087.28 ], [ 280378.78, 4155087.56 ], [ 280381.86, 4155096.21 ], [ 280381.92, 4155096.4 ], [ 280385.68, 4155109.59 ], [ 280385.72, 4155109.75 ], [ 280389.03, 4155124.35 ], [ 280394.21, 4155142.97 ], [ 280394.29, 4155142.94 ], [ 280394.39, 4155142.92 ], [ 280400.92, 4155141.52 ], [ 280401.02, 4155141.51 ], [ 280401.11, 4155141.5 ], [ 280401.21, 4155141.5 ], [ 280401.3, 4155141.52 ], [ 280401.4, 4155141.54 ], [ 280401.49, 4155141.57 ], [ 280401.58, 4155141.6 ], [ 280401.66, 4155141.65 ], [ 280401.74, 4155141.7 ], [ 280401.81, 4155141.77 ], [ 280401.88, 4155141.83 ], [ 280401.94, 4155141.91 ], [ 280401.99, 4155141.99 ], [ 280402.04, 4155142.07 ], [ 280402.07, 4155142.16 ], [ 280402.1, 4155142.25 ], [ 280403.04, 4155145.86 ], [ 280403.06, 4155145.95 ], [ 280403.07, 4155146.05 ], [ 280403.07, 4155146.14 ], [ 280403.06, 4155146.24 ], [ 280403.04, 4155146.33 ], [ 280403.02, 4155146.42 ], [ 280402.98, 4155146.51 ], [ 280402.94, 4155146.6 ], [ 280402.89, 4155146.68 ], [ 280402.83, 4155146.75 ], [ 280402.77, 4155146.82 ], [ 280402.7, 4155146.89 ], [ 280402.62, 4155146.94 ], [ 280402.54, 4155146.99 ], [ 280402.45, 4155147.03 ], [ 280402.36, 4155147.06 ], [ 280402.27, 4155147.09 ], [ 280401.06, 4155147.33 ], [ 280401.59, 4155149.77 ], [ 280401.61, 4155149.87 ], [ 280401.61, 4155149.97 ], [ 280401.61, 4155150.07 ], [ 280401.6, 4155150.16 ], [ 280401.58, 4155150.26 ], [ 280401.55, 4155150.35 ], [ 280401.51, 4155150.44 ], [ 280401.46, 4155150.53 ], [ 280401.4, 4155150.61 ], [ 280401.34, 4155150.68 ], [ 280401.26, 4155150.75 ], [ 280401.19, 4155150.81 ], [ 280401.1, 4155150.86 ], [ 280401.02, 4155150.9 ], [ 280400.92, 4155150.94 ], [ 280400.83, 4155150.97 ], [ 280396.6, 4155151.9 ], [ 280401.43, 4155171.61 ], [ 280401.46, 4155171.57 ], [ 280401.53, 4155171.51 ], [ 280401.61, 4155171.45 ], [ 280401.69, 4155171.39 ], [ 280401.78, 4155171.35 ], [ 280401.87, 4155171.32 ], [ 280401.96, 4155171.29 ], [ 280409.07, 4155169.75 ], [ 280409.17, 4155169.73 ], [ 280409.27, 4155169.73 ], [ 280409.36, 4155169.73 ], [ 280409.46, 4155169.74 ], [ 280409.56, 4155169.76 ], [ 280409.65, 4155169.79 ], [ 280409.74, 4155169.84 ], [ 280409.82, 4155169.88 ], [ 280409.9, 4155169.94 ], [ 280409.98, 4155170.01 ], [ 280410.04, 4155170.08 ], [ 280410.1, 4155170.15 ], [ 280410.16, 4155170.24 ], [ 280410.2, 4155170.33 ], [ 280410.23, 4155170.42 ], [ 280410.26, 4155170.51 ], [ 280411.43, 4155175.88 ], [ 280411.44, 4155175.98 ], [ 280411.45, 4155176.07 ], [ 280411.45, 4155176.17 ], [ 280411.43, 4155176.27 ], [ 280411.41, 4155176.36 ], [ 280411.38, 4155176.46 ], [ 280411.34, 4155176.55 ], [ 280411.29, 4155176.63 ], [ 280411.23, 4155176.71 ], [ 280411.17, 4155176.79 ], [ 280411.1, 4155176.85 ], [ 280411.02, 4155176.91 ], [ 280410.94, 4155176.96 ], [ 280410.85, 4155177.01 ], [ 280410.76, 4155177.04 ], [ 280410.66, 4155177.07 ], [ 280403.57, 4155178.61 ], [ 280403.47, 4155178.63 ], [ 280403.37, 4155178.63 ], [ 280403.27, 4155178.63 ], [ 280403.18, 4155178.62 ], [ 280403.08, 4155178.6 ], [ 280402.99, 4155178.56 ], [ 280402.9, 4155178.52 ], [ 280402.86, 4155178.5 ], [ 280404.97, 4155188.64 ], [ 280410.05, 4155206.06 ], [ 280410.06, 4155206.13 ], [ 280415.19, 4155225.24 ], [ 280417.16, 4155224.84 ], [ 280417.26, 4155224.83 ], [ 280417.35, 4155224.82 ], [ 280417.45, 4155224.83 ], [ 280417.55, 4155224.84 ], [ 280417.64, 4155224.87 ], [ 280417.74, 4155224.9 ], [ 280417.83, 4155224.94 ], [ 280417.91, 4155224.99 ], [ 280417.99, 4155225.05 ], [ 280418.06, 4155225.12 ], [ 280418.13, 4155225.19 ], [ 280418.19, 4155225.27 ], [ 280418.24, 4155225.35 ], [ 280418.28, 4155225.44 ], [ 280418.31, 4155225.54 ], [ 280418.34, 4155225.63 ], [ 280419.45, 4155231.25 ], [ 280419.46, 4155231.35 ], [ 280419.47, 4155231.45 ], [ 280419.46, 4155231.55 ], [ 280419.45, 4155231.64 ], [ 280419.42, 4155231.74 ], [ 280419.39, 4155231.83 ], [ 280419.35, 4155231.92 ], [ 280419.3, 4155232.01 ], [ 280419.24, 4155232.08 ], [ 280419.17, 4155232.16 ], [ 280419.1, 4155232.22 ], [ 280419.02, 4155232.28 ], [ 280418.94, 4155232.33 ], [ 280418.85, 4155232.37 ], [ 280418.75, 4155232.41 ], [ 280418.66, 4155232.43 ], [ 280417.04, 4155232.75 ], [ 280420.53, 4155247.34 ], [ 280421.2, 4155250.0 ], [ 280423.53, 4155250.0 ], [ 280423.13, 4155249.03 ], [ 280423.13, 4155247.22 ], [ 280423.14, 4155247.19 ], [ 280422.82, 4155245.9 ], [ 280422.8, 4155245.8 ], [ 280422.79, 4155245.71 ], [ 280422.79, 4155245.61 ], [ 280422.8, 4155245.51 ], [ 280422.82, 4155245.41 ], [ 280422.85, 4155245.32 ], [ 280422.88, 4155245.23 ], [ 280422.93, 4155245.14 ], [ 280422.98, 4155245.06 ], [ 280423.05, 4155244.98 ], [ 280423.12, 4155244.91 ], [ 280423.19, 4155244.85 ], [ 280423.27, 4155244.8 ], [ 280423.36, 4155244.75 ], [ 280423.45, 4155244.71 ], [ 280423.54, 4155244.68 ], [ 280425.59, 4155244.17 ], [ 280425.71, 4155244.05 ], [ 280426.73, 4155243.63 ], [ 280427.76, 4155243.63 ], [ 280431.59, 4155242.66 ], [ 280431.69, 4155242.64 ], [ 280431.79, 4155242.63 ], [ 280431.88, 4155242.63 ], [ 280431.98, 4155242.64 ], [ 280432.08, 4155242.66 ], [ 280432.17, 4155242.69 ], [ 280432.26, 4155242.73 ], [ 280432.35, 4155242.77 ], [ 280432.43, 4155242.83 ], [ 280432.51, 4155242.89 ], [ 280432.58, 4155242.96 ], [ 280432.64, 4155243.03 ], [ 280432.69, 4155243.12 ], [ 280432.74, 4155243.2 ], [ 280432.78, 4155243.29 ], [ 280432.81, 4155243.39 ], [ 280434.48, 4155250.0 ], [ 280442.07, 4155250.0 ], [ 280441.4, 4155243.33 ], [ 280438.42, 4155240.63 ], [ 280435.73, 4155240.63 ], [ 280434.71, 4155240.2 ], [ 280432.55, 4155238.05 ], [ 280432.13, 4155237.03 ], [ 280432.13, 4155230.16 ], [ 280432.24, 4155229.6 ], [ 280432.9, 4155228.02 ], [ 280433.22, 4155227.54 ], [ 280434.09, 4155226.67 ], [ 280434.25, 4155226.6 ], [ 280435.47, 4155221.98 ], [ 280433.49, 4155219.44 ], [ 280433.23, 4155218.23 ], [ 280434.21, 4155214.29 ], [ 280432.28, 4155210.73 ], [ 280431.08, 4155210.32 ], [ 280428.96, 4155208.66 ], [ 280428.44, 4155207.87 ], [ 280427.09, 4155202.47 ], [ 280427.29, 4155201.32 ], [ 280429.07, 4155198.68 ], [ 280429.53, 4155198.39 ], [ 280429.4, 4155197.9 ], [ 280429.38, 4155197.8 ], [ 280429.38, 4155197.7 ], [ 280429.37, 4155197.61 ], [ 280429.38, 4155197.51 ], [ 280429.4, 4155197.41 ], [ 280429.43, 4155197.32 ], [ 280429.47, 4155197.23 ], [ 280429.51, 4155197.14 ], [ 280429.57, 4155197.06 ], [ 280429.63, 4155196.99 ], [ 280429.7, 4155196.92 ], [ 280429.77, 4155196.85 ], [ 280429.85, 4155196.8 ], [ 280429.94, 4155196.75 ], [ 280430.03, 4155196.71 ], [ 280430.12, 4155196.68 ], [ 280444.11, 4155193.03 ], [ 280444.21, 4155193.01 ], [ 280444.31, 4155193.0 ], [ 280444.41, 4155193.0 ], [ 280444.51, 4155193.01 ], [ 280444.6, 4155193.02 ], [ 280444.7, 4155193.05 ], [ 280444.79, 4155193.09 ], [ 280444.88, 4155193.13 ], [ 280444.96, 4155193.19 ], [ 280445.04, 4155193.25 ], [ 280445.11, 4155193.32 ], [ 280445.17, 4155193.4 ], [ 280445.22, 4155193.48 ], [ 280445.27, 4155193.56 ], [ 280445.31, 4155193.66 ], [ 280445.34, 4155193.75 ], [ 280446.26, 4155197.4 ], [ 280447.22, 4155198.08 ], [ 280447.8, 4155198.97 ], [ 280452.98, 4155224.89 ], [ 280453.01, 4155225.19 ], [ 280453.01, 4155226.07 ], [ 280452.98, 4155226.36 ], [ 280452.52, 4155228.68 ], [ 280453.83, 4155235.14 ], [ 280453.84, 4155235.24 ], [ 280453.85, 4155235.33 ], [ 280453.84, 4155235.43 ], [ 280453.83, 4155235.53 ], [ 280453.8, 4155235.62 ], [ 280453.77, 4155235.72 ], [ 280453.73, 4155235.81 ], [ 280453.68, 4155235.89 ], [ 280453.62, 4155235.97 ], [ 280453.55, 4155236.04 ], [ 280453.48, 4155236.11 ], [ 280453.4, 4155236.17 ], [ 280453.32, 4155236.22 ], [ 280453.23, 4155236.26 ], [ 280453.14, 4155236.29 ], [ 280453.04, 4155236.32 ], [ 280450.91, 4155236.75 ], [ 280450.5, 4155238.8 ], [ 280450.55, 4155238.81 ], [ 280450.65, 4155238.85 ], [ 280450.74, 4155238.89 ], [ 280450.82, 4155238.94 ], [ 280450.9, 4155239.0 ], [ 280450.98, 4155239.07 ], [ 280451.04, 4155239.14 ], [ 280451.1, 4155239.22 ], [ 280451.15, 4155239.31 ], [ 280451.19, 4155239.4 ], [ 280451.23, 4155239.49 ], [ 280451.25, 4155239.59 ], [ 280451.57, 4155241.3 ], [ 280452.93, 4155242.77 ], [ 280453.0, 4155242.84 ], [ 280453.05, 4155242.92 ], [ 280453.1, 4155243.01 ], [ 280453.14, 4155243.09 ], [ 280453.17, 4155243.19 ], [ 280453.19, 4155243.28 ], [ 280454.09, 4155248.53 ], [ 280454.82, 4155250.0 ], [ 280472.81, 4155250.0 ], [ 280432.37, 4155087.89 ], [ 280432.29, 4155087.5 ], [ 280432.25, 4155087.1 ], [ 280432.24, 4155086.7 ], [ 280432.75, 4155072.02 ], [ 280432.76, 4155071.9 ], [ 280432.76, 4155071.78 ], [ 280432.77, 4155071.69 ], [ 280432.78, 4155071.6 ], [ 280432.8, 4155071.48 ], [ 280432.82, 4155071.37 ], [ 280432.84, 4155071.28 ], [ 280432.86, 4155071.19 ], [ 280432.89, 4155071.07 ], [ 280432.92, 4155070.95 ], [ 280432.95, 4155070.87 ], [ 280432.97, 4155070.78 ], [ 280433.02, 4155070.67 ], [ 280433.06, 4155070.56 ], [ 280433.1, 4155070.47 ], [ 280433.13, 4155070.39 ], [ 280433.19, 4155070.28 ], [ 280433.24, 4155070.17 ], [ 280433.28, 4155070.09 ], [ 280433.32, 4155070.01 ], [ 280433.39, 4155069.91 ], [ 280433.45, 4155069.81 ], [ 280433.5, 4155069.74 ], [ 280433.55, 4155069.66 ], [ 280433.63, 4155069.57 ], [ 280433.7, 4155069.47 ], [ 280433.76, 4155069.4 ], [ 280433.82, 4155069.33 ], [ 280433.9, 4155069.24 ], [ 280433.98, 4155069.15 ], [ 280434.05, 4155069.09 ], [ 280434.11, 4155069.03 ], [ 280434.2, 4155068.95 ], [ 280434.29, 4155068.87 ], [ 280434.36, 4155068.81 ], [ 280434.43, 4155068.75 ], [ 280434.53, 4155068.69 ], [ 280434.63, 4155068.61 ], [ 280434.7, 4155068.57 ], [ 280434.78, 4155068.51 ], [ 280434.88, 4155068.46 ], [ 280434.99, 4155068.39 ], [ 280435.07, 4155068.35 ], [ 280435.15, 4155068.31 ], [ 280435.26, 4155068.26 ], [ 280435.37, 4155068.21 ], [ 280435.45, 4155068.18 ], [ 280435.54, 4155068.14 ], [ 280435.65, 4155068.11 ], [ 280435.76, 4155068.07 ], [ 280435.85, 4155068.04 ], [ 280435.94, 4155068.01 ], [ 280436.06, 4155067.99 ], [ 280436.17, 4155067.96 ], [ 280436.26, 4155067.95 ], [ 280436.35, 4155067.93 ], [ 280436.47, 4155067.91 ], [ 280436.59, 4155067.89 ], [ 280436.68, 4155067.89 ], [ 280436.77, 4155067.88 ], [ 280436.89, 4155067.88 ], [ 280437.01, 4155067.87 ], [ 280437.1, 4155067.87 ], [ 280437.19, 4155067.87 ], [ 280437.31, 4155067.88 ], [ 280437.43, 4155067.89 ], [ 280437.52, 4155067.9 ], [ 280437.61, 4155067.91 ], [ 280437.73, 4155067.93 ], [ 280437.85, 4155067.95 ], [ 280437.94, 4155067.97 ], [ 280438.03, 4155067.98 ], [ 280438.14, 4155068.02 ], [ 280438.26, 4155068.04 ], [ 280438.35, 4155068.08 ], [ 280438.43, 4155068.1 ], [ 280438.54, 4155068.14 ], [ 280438.66, 4155068.18 ], [ 280438.74, 4155068.22 ], [ 280438.83, 4155068.26 ], [ 280438.93, 4155068.31 ], [ 280439.04, 4155068.36 ], [ 280439.12, 4155068.41 ], [ 280439.2, 4155068.45 ], [ 280439.3, 4155068.51 ], [ 280439.4, 4155068.58 ], [ 280439.48, 4155068.63 ], [ 280439.55, 4155068.68 ], [ 280439.65, 4155068.75 ], [ 280439.75, 4155068.82 ], [ 280447.6, 4155075.16 ], [ 280449.71, 4155073.05 ], [ 280450.46, 4155072.74 ], [ 280451.07, 4155072.96 ], [ 280453.21, 4155074.71 ], [ 280453.72, 4155075.55 ], [ 280454.8, 4155080.98 ], [ 280455.54, 4155081.58 ], [ 280455.91, 4155081.91 ], [ 280456.23, 4155082.27 ], [ 280466.55, 4155095.48 ], [ 280468.37, 4155095.94 ], [ 280469.17, 4155096.45 ], [ 280470.82, 4155098.57 ], [ 280471.13, 4155099.47 ], [ 280471.13, 4155101.34 ], [ 280500.0, 4155138.27 ], [ 280500.0, 4155110.49 ], [ 280493.22, 4155103.71 ], [ 280492.9, 4155103.23 ], [ 280492.24, 4155101.66 ], [ 280492.13, 4155101.09 ], [ 280492.13, 4155096.63 ], [ 280489.13, 4155093.63 ], [ 280482.4, 4155093.63 ], [ 280481.63, 4155093.41 ], [ 280479.66, 4155092.19 ], [ 280479.12, 4155091.59 ], [ 280477.53, 4155088.41 ], [ 280477.41, 4155088.09 ], [ 280477.17, 4155087.09 ], [ 280477.13, 4155086.74 ], [ 280477.13, 4155082.22 ], [ 280477.55, 4155081.2 ], [ 280479.71, 4155079.05 ], [ 280480.73, 4155078.63 ], [ 280484.28, 4155078.63 ], [ 280486.96, 4155076.97 ], [ 280487.73, 4155075.44 ], [ 280488.47, 4155074.75 ], [ 280491.1, 4155073.66 ], [ 280492.11, 4155073.62 ], [ 280495.29, 4155074.68 ], [ 280499.08, 4155072.78 ], [ 280500.0, 4155070.02 ], [ 280500.0, 4155044.07 ], [ 280493.2, 4155045.04 ], [ 280492.06, 4155044.71 ], [ 280489.62, 4155042.59 ], [ 280489.2, 4155041.66 ], [ 280489.35, 4155041.12 ], [ 280490.57, 4155039.15 ], [ 280491.16, 4155038.61 ], [ 280493.47, 4155037.45 ], [ 280495.13, 4155034.77 ], [ 280495.13, 4155028.83 ], [ 280495.64, 4155027.74 ], [ 280498.38, 4155025.41 ], [ 280498.72, 4155023.92 ], [ 280499.03, 4155025.28 ], [ 280500.0, 4155025.44 ], [ 280500.0, 4155018.28 ], [ 280497.77, 4155019.88 ], [ 280498.11, 4155021.3 ], [ 280497.04, 4155020.73 ], [ 280497.18, 4155020.31 ], [ 280485.63, 4155016.46 ], [ 280484.91, 4155015.93 ], [ 280483.41, 4155013.85 ], [ 280483.13, 4155012.99 ], [ 280483.13, 4155006.7 ], [ 280483.48, 4155005.76 ], [ 280485.29, 4155003.61 ], [ 280486.16, 4155003.12 ], [ 280496.99, 4155001.32 ], [ 280498.14, 4155001.64 ], [ 280500.0, 4155003.21 ], [ 280500.0, 4155000.0 ], [ 280312.69, 4155000.0 ], [ 280312.13, 4155003.0 ], [ 280312.13, 4155013.65 ] ], [ [ 280412.01, 4155087.63 ], [ 280414.12, 4155087.63 ], [ 280415.05, 4155087.96 ], [ 280417.19, 4155089.73 ], [ 280417.69, 4155090.58 ], [ 280423.09, 4155118.9 ], [ 280423.19, 4155118.9 ], [ 280423.29, 4155118.91 ], [ 280423.39, 4155118.93 ], [ 280423.48, 4155118.96 ], [ 280423.57, 4155118.99 ], [ 280423.66, 4155119.04 ], [ 280423.74, 4155119.1 ], [ 280423.82, 4155119.16 ], [ 280423.89, 4155119.23 ], [ 280423.95, 4155119.3 ], [ 280424.0, 4155119.39 ], [ 280424.05, 4155119.47 ], [ 280424.09, 4155119.56 ], [ 280424.11, 4155119.66 ], [ 280425.06, 4155123.45 ], [ 280425.49, 4155123.35 ], [ 280425.58, 4155123.33 ], [ 280425.68, 4155123.32 ], [ 280425.78, 4155123.32 ], [ 280425.88, 4155123.33 ], [ 280425.97, 4155123.35 ], [ 280426.07, 4155123.38 ], [ 280426.16, 4155123.41 ], [ 280426.24, 4155123.46 ], [ 280426.33, 4155123.51 ], [ 280426.4, 4155123.58 ], [ 280426.47, 4155123.65 ], [ 280426.53, 4155123.72 ], [ 280426.59, 4155123.8 ], [ 280426.63, 4155123.89 ], [ 280426.67, 4155123.98 ], [ 280426.7, 4155124.07 ], [ 280427.55, 4155127.47 ], [ 280427.57, 4155127.57 ], [ 280427.58, 4155127.67 ], [ 280427.58, 4155127.76 ], [ 280427.57, 4155127.86 ], [ 280427.55, 4155127.96 ], [ 280427.52, 4155128.05 ], [ 280427.48, 4155128.14 ], [ 280427.44, 4155128.23 ], [ 280427.38, 4155128.31 ], [ 280427.32, 4155128.39 ], [ 280427.25, 4155128.46 ], [ 280427.18, 4155128.52 ], [ 280427.09, 4155128.57 ], [ 280427.01, 4155128.62 ], [ 280426.92, 4155128.66 ], [ 280426.82, 4155128.68 ], [ 280426.26, 4155128.83 ], [ 280426.72, 4155130.69 ], [ 280426.74, 4155130.79 ], [ 280426.75, 4155130.89 ], [ 280426.75, 4155130.99 ], [ 280426.74, 4155131.08 ], [ 280426.72, 4155131.18 ], [ 280426.69, 4155131.27 ], [ 280426.66, 4155131.36 ], [ 280426.61, 4155131.45 ], [ 280426.56, 4155131.53 ], [ 280426.49, 4155131.61 ], [ 280426.42, 4155131.68 ], [ 280426.35, 4155131.74 ], [ 280426.27, 4155131.79 ], [ 280426.18, 4155131.84 ], [ 280426.09, 4155131.88 ], [ 280425.99, 4155131.91 ], [ 280425.58, 4155132.01 ], [ 280426.09, 4155134.64 ], [ 280426.29, 4155134.59 ], [ 280426.39, 4155134.57 ], [ 280426.49, 4155134.57 ], [ 280426.59, 4155134.57 ], [ 280426.69, 4155134.59 ], [ 280426.79, 4155134.61 ], [ 280426.88, 4155134.64 ], [ 280426.97, 4155134.68 ], [ 280427.06, 4155134.74 ], [ 280427.14, 4155134.8 ], [ 280427.22, 4155134.86 ], [ 280427.28, 4155134.94 ], [ 280427.34, 4155135.02 ], [ 280427.39, 4155135.11 ], [ 280427.43, 4155135.2 ], [ 280427.47, 4155135.3 ], [ 280428.39, 4155138.56 ], [ 280428.44, 4155138.57 ], [ 280428.54, 4155138.6 ], [ 280428.63, 4155138.64 ], [ 280428.72, 4155138.69 ], [ 280428.8, 4155138.74 ], [ 280428.88, 4155138.8 ], [ 280428.95, 4155138.88 ], [ 280429.01, 4155138.95 ], [ 280429.06, 4155139.03 ], [ 280429.11, 4155139.12 ], [ 280429.15, 4155139.21 ], [ 280429.17, 4155139.31 ], [ 280430.79, 4155146.03 ], [ 280430.81, 4155146.13 ], [ 280430.82, 4155146.22 ], [ 280430.82, 4155146.32 ], [ 280430.81, 4155146.42 ], [ 280430.79, 4155146.52 ], [ 280430.76, 4155146.61 ], [ 280430.72, 4155146.7 ], [ 280430.67, 4155146.79 ], [ 280430.62, 4155146.87 ], [ 280430.55, 4155146.94 ], [ 280430.48, 4155147.01 ], [ 280430.41, 4155147.07 ], [ 280430.32, 4155147.13 ], [ 280430.24, 4155147.17 ], [ 280430.15, 4155147.21 ], [ 280430.05, 4155147.24 ], [ 280428.55, 4155147.59 ], [ 280428.68, 4155148.26 ], [ 280430.34, 4155150.41 ], [ 280431.11, 4155150.78 ], [ 280432.06, 4155150.54 ], [ 280432.15, 4155150.52 ], [ 280432.25, 4155150.51 ], [ 280432.35, 4155150.51 ], [ 280432.45, 4155150.52 ], [ 280432.54, 4155150.53 ], [ 280432.64, 4155150.56 ], [ 280432.73, 4155150.6 ], [ 280432.81, 4155150.65 ], [ 280432.9, 4155150.7 ], [ 280432.97, 4155150.76 ], [ 280433.04, 4155150.83 ], [ 280433.1, 4155150.91 ], [ 280433.16, 4155150.99 ], [ 280433.21, 4155151.07 ], [ 280433.24, 4155151.16 ], [ 280433.27, 4155151.26 ], [ 280433.85, 4155153.53 ], [ 280433.99, 4155153.69 ], [ 280434.28, 4155154.87 ], [ 280434.24, 4155155.07 ], [ 280435.32, 4155159.28 ], [ 280435.33, 4155159.37 ], [ 280435.34, 4155159.47 ], [ 280435.35, 4155159.57 ], [ 280435.34, 4155159.67 ], [ 280435.32, 4155159.76 ], [ 280435.29, 4155159.86 ], [ 280435.25, 4155159.95 ], [ 280435.21, 4155160.04 ], [ 280435.15, 4155160.12 ], [ 280435.09, 4155160.19 ], [ 280435.02, 4155160.26 ], [ 280434.95, 4155160.33 ], [ 280434.86, 4155160.38 ], [ 280434.78, 4155160.43 ], [ 280434.69, 4155160.46 ], [ 280434.59, 4155160.49 ], [ 280433.08, 4155160.88 ], [ 280432.65, 4155163.03 ], [ 280433.17, 4155163.93 ], [ 280437.78, 4155162.84 ], [ 280437.87, 4155162.82 ], [ 280437.97, 4155162.81 ], [ 280438.07, 4155162.82 ], [ 280438.17, 4155162.83 ], [ 280438.26, 4155162.85 ], [ 280438.36, 4155162.88 ], [ 280438.45, 4155162.92 ], [ 280438.53, 4155162.96 ], [ 280438.61, 4155163.02 ], [ 280438.69, 4155163.08 ], [ 280438.76, 4155163.15 ], [ 280438.82, 4155163.23 ], [ 280438.87, 4155163.31 ], [ 280438.92, 4155163.4 ], [ 280438.95, 4155163.49 ], [ 280438.98, 4155163.58 ], [ 280440.46, 4155169.86 ], [ 280440.86, 4155170.4 ], [ 280441.13, 4155171.26 ], [ 280441.13, 4155172.71 ], [ 280441.62, 4155174.78 ], [ 280441.64, 4155174.87 ], [ 280441.65, 4155174.97 ], [ 280441.64, 4155175.07 ], [ 280441.63, 4155175.16 ], [ 280441.61, 4155175.26 ], [ 280441.58, 4155175.35 ], [ 280441.54, 4155175.44 ], [ 280441.5, 4155175.53 ], [ 280441.44, 4155175.61 ], [ 280441.38, 4155175.69 ], [ 280441.31, 4155175.75 ], [ 280441.23, 4155175.82 ], [ 280441.15, 4155175.87 ], [ 280441.13, 4155175.88 ], [ 280441.13, 4155185.71 ], [ 280441.49, 4155187.04 ], [ 280441.51, 4155187.14 ], [ 280441.52, 4155187.24 ], [ 280441.52, 4155187.34 ], [ 280441.51, 4155187.43 ], [ 280441.49, 4155187.53 ], [ 280441.47, 4155187.63 ], [ 280441.43, 4155187.72 ], [ 280441.38, 4155187.8 ], [ 280441.33, 4155187.89 ], [ 280441.27, 4155187.96 ], [ 280441.2, 4155188.03 ], [ 280441.13, 4155188.09 ], [ 280441.02, 4155188.33 ], [ 280441.19, 4155189.0 ], [ 280441.21, 4155189.09 ], [ 280441.22, 4155189.19 ], [ 280441.23, 4155189.29 ], [ 280441.22, 4155189.39 ], [ 280441.2, 4155189.48 ], [ 280441.17, 4155189.58 ], [ 280441.14, 4155189.67 ], [ 280441.09, 4155189.75 ], [ 280441.04, 4155189.84 ], [ 280440.98, 4155189.91 ], [ 280440.91, 4155189.98 ], [ 280440.83, 4155190.05 ], [ 280440.75, 4155190.1 ], [ 280440.67, 4155190.15 ], [ 280440.58, 4155190.19 ], [ 280440.48, 4155190.22 ], [ 280438.68, 4155190.7 ], [ 280437.93, 4155191.28 ], [ 280437.44, 4155193.19 ], [ 280436.09, 4155191.37 ], [ 280432.79, 4155190.54 ], [ 280429.96, 4155191.3 ], [ 280429.86, 4155191.32 ], [ 280429.77, 4155191.33 ], [ 280429.67, 4155191.33 ], [ 280429.57, 4155191.32 ], [ 280429.47, 4155191.3 ], [ 280429.38, 4155191.28 ], [ 280429.29, 4155191.24 ], [ 280429.2, 4155191.19 ], [ 280429.12, 4155191.14 ], [ 280429.04, 4155191.08 ], [ 280428.97, 4155191.01 ], [ 280428.9, 4155190.93 ], [ 280428.85, 4155190.85 ], [ 280428.8, 4155190.76 ], [ 280428.76, 4155190.67 ], [ 280428.73, 4155190.58 ], [ 280428.08, 4155188.05 ], [ 280423.98, 4155181.91 ], [ 280423.76, 4155181.37 ], [ 280423.43, 4155179.7 ], [ 280423.43, 4155179.12 ], [ 280425.44, 4155169.07 ], [ 280424.93, 4155166.91 ], [ 280424.91, 4155166.81 ], [ 280424.9, 4155166.71 ], [ 280424.9, 4155166.61 ], [ 280424.91, 4155166.52 ], [ 280424.94, 4155166.42 ], [ 280424.95, 4155166.38 ], [ 280424.08, 4155164.6 ], [ 280421.95, 4155163.53 ], [ 280421.39, 4155163.05 ], [ 280420.18, 4155161.29 ], [ 280419.93, 4155160.6 ], [ 280417.24, 4155133.75 ], [ 280417.19, 4155133.71 ], [ 280417.11, 4155133.65 ], [ 280417.04, 4155133.58 ], [ 280416.98, 4155133.51 ], [ 280416.92, 4155133.42 ], [ 280416.88, 4155133.34 ], [ 280416.84, 4155133.25 ], [ 280416.81, 4155133.15 ], [ 280416.24, 4155130.84 ], [ 280414.96, 4155128.28 ], [ 280412.28, 4155126.63 ], [ 280412.24, 4155126.63 ], [ 280411.16, 4155126.13 ], [ 280409.05, 4155123.69 ], [ 280408.71, 4155122.56 ], [ 280410.78, 4155108.1 ], [ 280408.76, 4155104.83 ], [ 280405.3, 4155103.68 ], [ 280404.49, 4155103.01 ], [ 280403.08, 4155100.43 ], [ 280402.94, 4155099.38 ], [ 280404.72, 4155092.28 ], [ 280405.0, 4155091.71 ], [ 280406.16, 4155090.26 ], [ 280406.66, 4155089.86 ], [ 280410.34, 4155088.02 ], [ 280410.67, 4155087.9 ], [ 280411.67, 4155087.67 ], [ 280412.01, 4155087.63 ] ], [ [ 280467.53, 4155036.63 ], [ 280466.74, 4155036.63 ], [ 280464.24, 4155037.96 ], [ 280460.23, 4155043.98 ], [ 280459.7, 4155044.46 ], [ 280457.85, 4155045.45 ], [ 280457.16, 4155045.63 ], [ 280456.11, 4155045.63 ], [ 280455.19, 4155045.3 ], [ 280453.05, 4155043.54 ], [ 280452.55, 4155042.7 ], [ 280450.98, 4155034.87 ], [ 280451.28, 4155033.69 ], [ 280453.36, 4155031.15 ], [ 280455.07, 4155030.34 ], [ 280455.0, 4155030.18 ], [ 280456.96, 4155028.97 ], [ 280457.83, 4155027.24 ], [ 280458.52, 4155026.56 ], [ 280461.0, 4155025.42 ], [ 280461.96, 4155025.33 ], [ 280468.37, 4155026.94 ], [ 280469.17, 4155027.45 ], [ 280470.82, 4155029.57 ], [ 280471.13, 4155030.47 ], [ 280471.13, 4155033.03 ], [ 280470.71, 4155034.05 ], [ 280468.55, 4155036.2 ], [ 280467.53, 4155036.63 ] ], [ [ 280435.2, 4155050.48 ], [ 280432.65, 4155048.39 ], [ 280432.13, 4155047.29 ], [ 280432.13, 4155035.16 ], [ 280432.68, 4155034.04 ], [ 280435.31, 4155031.98 ], [ 280436.53, 4155031.73 ], [ 280441.88, 4155033.06 ], [ 280442.58, 4155033.47 ], [ 280444.21, 4155035.18 ], [ 280444.59, 4155035.9 ], [ 280446.43, 4155045.1 ], [ 280446.21, 4155046.18 ], [ 280444.52, 4155048.72 ], [ 280443.6, 4155049.33 ], [ 280436.38, 4155050.78 ], [ 280435.2, 4155050.48 ] ], [ [ 280411.02, 4155047.66 ], [ 280410.37, 4155049.23 ], [ 280410.04, 4155049.71 ], [ 280406.53, 4155053.23 ], [ 280405.91, 4155053.6 ], [ 280403.91, 4155054.2 ], [ 280403.19, 4155054.24 ], [ 280392.23, 4155052.04 ], [ 280391.54, 4155051.7 ], [ 280389.88, 4155050.24 ], [ 280389.46, 4155049.6 ], [ 280388.68, 4155047.26 ], [ 280388.87, 4155045.99 ], [ 280390.87, 4155043.21 ], [ 280391.33, 4155042.98 ], [ 280392.09, 4155042.43 ], [ 280392.25, 4155042.26 ], [ 280392.87, 4155040.76 ], [ 280392.9, 4155040.77 ], [ 280393.55, 4155039.2 ], [ 280395.71, 4155037.05 ], [ 280396.73, 4155036.63 ], [ 280407.53, 4155036.63 ], [ 280408.55, 4155037.05 ], [ 280410.71, 4155039.2 ], [ 280411.13, 4155040.22 ], [ 280411.13, 4155047.09 ], [ 280411.02, 4155047.66 ] ], [ [ 280405.8, 4155081.6 ], [ 280405.26, 4155081.82 ], [ 280404.29, 4155082.47 ], [ 280400.22, 4155086.54 ], [ 280399.74, 4155086.86 ], [ 280398.16, 4155087.51 ], [ 280397.59, 4155087.63 ], [ 280390.73, 4155087.63 ], [ 280389.71, 4155087.2 ], [ 280387.55, 4155085.05 ], [ 280387.14, 4155084.06 ], [ 280387.38, 4155083.28 ], [ 280388.76, 4155081.24 ], [ 280389.43, 4155080.7 ], [ 280401.46, 4155075.89 ], [ 280401.73, 4155075.81 ], [ 280402.57, 4155075.65 ], [ 280402.85, 4155075.63 ], [ 280404.61, 4155075.63 ], [ 280405.53, 4155075.96 ], [ 280407.24, 4155077.36 ], [ 280407.57, 4155078.99 ], [ 280406.52, 4155080.94 ], [ 280405.8, 4155081.6 ] ], [ [ 280356.63, 4155055.64 ], [ 280354.53, 4155072.45 ], [ 280354.05, 4155073.36 ], [ 280351.89, 4155075.26 ], [ 280350.93, 4155075.63 ], [ 280330.73, 4155075.63 ], [ 280329.71, 4155075.2 ], [ 280327.55, 4155073.05 ], [ 280327.13, 4155072.03 ], [ 280327.13, 4155066.7 ], [ 280327.48, 4155065.76 ], [ 280329.29, 4155063.61 ], [ 280330.16, 4155063.12 ], [ 280343.35, 4155060.92 ], [ 280345.7, 4155058.91 ], [ 280347.3, 4155054.12 ], [ 280347.83, 4155053.4 ], [ 280349.91, 4155051.9 ], [ 280350.77, 4155051.63 ], [ 280353.09, 4155051.63 ], [ 280354.16, 4155052.11 ], [ 280356.28, 4155054.51 ], [ 280356.63, 4155055.64 ] ], [ [ 280376.6, 4155138.97 ], [ 280376.5, 4155138.99 ], [ 280376.4, 4155138.99 ], [ 280376.3, 4155138.98 ], [ 280376.21, 4155138.97 ], [ 280376.11, 4155138.94 ], [ 280376.02, 4155138.91 ], [ 280375.93, 4155138.86 ], [ 280375.84, 4155138.81 ], [ 280375.76, 4155138.75 ], [ 280375.69, 4155138.68 ], [ 280375.62, 4155138.6 ], [ 280375.57, 4155138.52 ], [ 280375.52, 4155138.43 ], [ 280375.48, 4155138.34 ], [ 280375.45, 4155138.25 ], [ 280374.1, 4155133.14 ], [ 280374.08, 4155133.04 ], [ 280374.07, 4155132.95 ], [ 280374.07, 4155132.85 ], [ 280374.08, 4155132.75 ], [ 280374.1, 4155132.65 ], [ 280374.12, 4155132.56 ], [ 280374.16, 4155132.47 ], [ 280374.2, 4155132.38 ], [ 280374.26, 4155132.3 ], [ 280374.32, 4155132.22 ], [ 280374.39, 4155132.15 ], [ 280374.46, 4155132.09 ], [ 280374.54, 4155132.03 ], [ 280374.63, 4155131.99 ], [ 280374.72, 4155131.95 ], [ 280374.81, 4155131.92 ], [ 280382.21, 4155129.95 ], [ 280382.3, 4155129.93 ], [ 280382.4, 4155129.92 ], [ 280382.49, 4155129.91 ], [ 280382.59, 4155129.92 ], [ 280382.68, 4155129.94 ], [ 280382.78, 4155129.96 ], [ 280382.87, 4155130.0 ], [ 280382.95, 4155130.04 ], [ 280383.04, 4155130.09 ], [ 280383.11, 4155130.15 ], [ 280383.18, 4155130.22 ], [ 280383.25, 4155130.29 ], [ 280383.3, 4155130.37 ], [ 280383.35, 4155130.45 ], [ 280383.39, 4155130.54 ], [ 280383.42, 4155130.63 ], [ 280384.85, 4155135.48 ], [ 280384.87, 4155135.57 ], [ 280384.89, 4155135.67 ], [ 280384.89, 4155135.77 ], [ 280384.89, 4155135.87 ], [ 280384.87, 4155135.96 ], [ 280384.85, 4155136.06 ], [ 280384.81, 4155136.15 ], [ 280384.77, 4155136.24 ], [ 280384.72, 4155136.32 ], [ 280384.66, 4155136.4 ], [ 280384.6, 4155136.47 ], [ 280384.52, 4155136.54 ], [ 280384.44, 4155136.6 ], [ 280384.36, 4155136.65 ], [ 280384.27, 4155136.69 ], [ 280384.18, 4155136.72 ], [ 280376.7, 4155138.95 ], [ 280376.6, 4155138.97 ] ], [ [ 280421.4, 4155235.73 ], [ 280421.3, 4155235.74 ], [ 280421.2, 4155235.74 ], [ 280421.11, 4155235.73 ], [ 280421.01, 4155235.71 ], [ 280420.92, 4155235.68 ], [ 280420.83, 4155235.64 ], [ 280420.74, 4155235.6 ], [ 280420.66, 4155235.54 ], [ 280420.58, 4155235.48 ], [ 280420.51, 4155235.41 ], [ 280420.45, 4155235.34 ], [ 280420.4, 4155235.25 ], [ 280420.35, 4155235.17 ], [ 280420.31, 4155235.08 ], [ 280420.28, 4155234.98 ], [ 280420.26, 4155234.89 ], [ 280419.6, 4155230.44 ], [ 280419.59, 4155230.34 ], [ 280419.59, 4155230.24 ], [ 280419.6, 4155230.15 ], [ 280419.62, 4155230.05 ], [ 280419.64, 4155229.96 ], [ 280419.68, 4155229.87 ], [ 280419.73, 4155229.78 ], [ 280419.78, 4155229.7 ], [ 280419.85, 4155229.62 ], [ 280419.91, 4155229.55 ], [ 280419.99, 4155229.49 ], [ 280420.07, 4155229.43 ], [ 280420.16, 4155229.39 ], [ 280420.25, 4155229.35 ], [ 280420.34, 4155229.32 ], [ 280420.44, 4155229.3 ], [ 280424.92, 4155228.64 ], [ 280425.01, 4155228.63 ], [ 280425.11, 4155228.63 ], [ 280425.21, 4155228.64 ], [ 280425.31, 4155228.66 ], [ 280425.4, 4155228.69 ], [ 280425.49, 4155228.73 ], [ 280425.58, 4155228.77 ], [ 280425.66, 4155228.83 ], [ 280425.73, 4155228.89 ], [ 280425.8, 4155228.96 ], [ 280425.87, 4155229.03 ], [ 280425.92, 4155229.12 ], [ 280425.97, 4155229.2 ], [ 280426.0, 4155229.29 ], [ 280426.03, 4155229.39 ], [ 280426.05, 4155229.48 ], [ 280426.71, 4155233.93 ], [ 280426.72, 4155234.03 ], [ 280426.72, 4155234.13 ], [ 280426.71, 4155234.22 ], [ 280426.69, 4155234.32 ], [ 280426.66, 4155234.41 ], [ 280426.62, 4155234.5 ], [ 280426.58, 4155234.59 ], [ 280426.52, 4155234.67 ], [ 280426.46, 4155234.75 ], [ 280426.39, 4155234.82 ], [ 280426.31, 4155234.88 ], [ 280426.23, 4155234.93 ], [ 280426.15, 4155234.98 ], [ 280426.06, 4155235.02 ], [ 280425.96, 4155235.05 ], [ 280425.87, 4155235.07 ], [ 280421.4, 4155235.73 ] ] ], [ [ [ 280378.13, 4155248.42 ], [ 280378.13, 4155245.72 ], [ 280377.14, 4155241.86 ], [ 280377.12, 4155241.76 ], [ 280377.11, 4155241.66 ], [ 280377.11, 4155241.57 ], [ 280377.12, 4155241.47 ], [ 280377.14, 4155241.37 ], [ 280377.17, 4155241.28 ], [ 280377.2, 4155241.19 ], [ 280377.25, 4155241.1 ], [ 280377.3, 4155241.02 ], [ 280377.36, 4155240.95 ], [ 280377.43, 4155240.88 ], [ 280377.51, 4155240.81 ], [ 280377.59, 4155240.76 ], [ 280377.67, 4155240.71 ], [ 280377.76, 4155240.67 ], [ 280377.85, 4155240.64 ], [ 280380.94, 4155239.83 ], [ 280382.0, 4155237.18 ], [ 280381.9, 4155237.21 ], [ 280381.81, 4155237.24 ], [ 280377.38, 4155238.26 ], [ 280377.28, 4155238.27 ], [ 280377.18, 4155238.28 ], [ 280377.09, 4155238.28 ], [ 280376.99, 4155238.27 ], [ 280376.89, 4155238.25 ], [ 280376.8, 4155238.22 ], [ 280376.71, 4155238.18 ], [ 280376.63, 4155238.13 ], [ 280376.55, 4155238.07 ], [ 280376.47, 4155238.01 ], [ 280376.4, 4155237.94 ], [ 280376.34, 4155237.86 ], [ 280376.29, 4155237.78 ], [ 280376.24, 4155237.69 ], [ 280376.21, 4155237.6 ], [ 280376.18, 4155237.51 ], [ 280375.49, 4155234.53 ], [ 280374.71, 4155234.2 ], [ 280372.55, 4155232.05 ], [ 280372.13, 4155231.03 ], [ 280372.13, 4155220.71 ], [ 280371.2, 4155217.31 ], [ 280371.18, 4155217.22 ], [ 280371.17, 4155217.12 ], [ 280371.16, 4155217.02 ], [ 280371.17, 4155216.97 ], [ 280367.97, 4155208.2 ], [ 280367.53, 4155207.96 ], [ 280367.72, 4155207.5 ], [ 280360.36, 4155187.25 ], [ 280360.29, 4155186.99 ], [ 280360.15, 4155186.23 ], [ 280360.13, 4155185.97 ], [ 280360.13, 4155167.48 ], [ 280358.57, 4155164.95 ], [ 280358.51, 4155164.93 ], [ 280358.42, 4155164.88 ], [ 280358.34, 4155164.83 ], [ 280358.27, 4155164.76 ], [ 280358.2, 4155164.69 ], [ 280358.15, 4155164.64 ], [ 280356.16, 4155163.64 ], [ 280355.57, 4155163.1 ], [ 280354.35, 4155161.13 ], [ 280354.13, 4155160.35 ], [ 280354.13, 4155157.22 ], [ 280354.09, 4155157.17 ], [ 280354.03, 4155157.1 ], [ 280353.98, 4155157.01 ], [ 280353.93, 4155156.93 ], [ 280353.9, 4155156.83 ], [ 280353.87, 4155156.74 ], [ 280353.03, 4155153.05 ], [ 280353.01, 4155152.96 ], [ 280353.0, 4155152.86 ], [ 280353.01, 4155152.76 ], [ 280353.02, 4155152.66 ], [ 280353.04, 4155152.57 ], [ 280353.07, 4155152.47 ], [ 280353.11, 4155152.38 ], [ 280353.16, 4155152.3 ], [ 280353.21, 4155152.22 ], [ 280353.28, 4155152.14 ], [ 280353.35, 4155152.08 ], [ 280353.43, 4155152.02 ], [ 280353.51, 4155151.96 ], [ 280353.6, 4155151.92 ], [ 280353.69, 4155151.88 ], [ 280353.78, 4155151.86 ], [ 280354.13, 4155151.78 ], [ 280354.13, 4155148.08 ], [ 280354.0, 4155147.19 ], [ 280342.78, 4155110.74 ], [ 280339.92, 4155108.63 ], [ 280339.13, 4155108.63 ], [ 280336.13, 4155111.63 ], [ 280336.13, 4155120.03 ], [ 280335.71, 4155121.05 ], [ 280333.55, 4155123.2 ], [ 280332.53, 4155123.63 ], [ 280331.06, 4155123.63 ], [ 280336.47, 4155143.46 ], [ 280336.96, 4155144.12 ], [ 280337.59, 4155145.99 ], [ 280337.43, 4155146.98 ], [ 280345.66, 4155177.12 ], [ 280346.17, 4155177.45 ], [ 280347.82, 4155179.57 ], [ 280348.13, 4155180.47 ], [ 280348.13, 4155183.03 ], [ 280347.71, 4155184.05 ], [ 280347.58, 4155184.18 ], [ 280353.2, 4155204.79 ], [ 280359.86, 4155206.69 ], [ 280360.71, 4155207.34 ], [ 280362.22, 4155209.89 ], [ 280362.39, 4155210.94 ], [ 280359.02, 4155226.11 ], [ 280365.54, 4155250.0 ], [ 280379.21, 4155250.0 ], [ 280378.64, 4155249.51 ], [ 280378.13, 4155248.42 ] ] ] ] } }
]
}
