{
"type": "FeatureCollection",
"name": "landuse",
"crs": { "type": "name", "properties": { "name": "urn:ogc:def:crs:EPSG::32618" } },
"xy_coordinate_resolution": 0.01,
"features": [
{ "type": "Feature", "properties": { "id": "imagery:groundcover_paved:3456", "name": null, "kind": "groundcover_paved", "sport": null, "surface": null, "pitch_layout": null, "source": "vgin_vbmp+naip+lidar2025", "source_updated": null, "base_z": null, "top_z": null }, "geometry": { "type": "Polygon", "coordinates": [ [ [ 282801.18, 4155000.43 ], [ 282802.46, 4155001.54 ], [ 282802.82, 4155002.0 ], [ 282804.3, 4155004.97 ], [ 282806.99, 4155006.63 ], [ 282829.13, 4155006.63 ], [ 282832.13, 4155003.63 ], [ 282832.13, 4155000.63 ], [ 282831.51, 4155000.0 ], [ 282800.25, 4155000.0 ], [ 282800.67, 4155000.14 ], [ 282801.18, 4155000.43 ] ] ] } },
{ "type": "Feature", "properties": { "id": "richmond_structure:242450", "name": null, "kind": "deck", "sport": null, "surface": null, "pitch_layout": null, "source": "richmond_structures", "source_updated": "2026-09-08T12:07:13.637000Z", "base_z": null, "top_z": null }, "geometry": { "type": "Polygon", "coordinates": [ [ [ 282830.38, 4155043.91 ], [ 282831.99, 4155039.81 ], [ 282827.84, 4155037.82 ], [ 282826.03, 4155042.11 ], [ 282830.38, 4155043.91 ] ] ] } },
{ "type": "Feature", "properties": { "id": "richmond_structure:242537", "name": null, "kind": "deck", "sport": null, "surface": null, "pitch_layout": null, "source": "richmond_structures", "source_updated": "2026-09-08T12:07:13.637000Z", "base_z": null, "top_z": null }, "geometry": { "type": "Polygon", "coordinates": [ [ [ 282761.72, 4155065.31 ], [ 282763.35, 4155061.48 ], [ 282760.26, 4155060.06 ], [ 282758.39, 4155063.83 ], [ 282761.72, 4155065.31 ] ] ] } },
{ "type": "Feature", "properties": { "id": "imagery:groundcover_paved:3381", "name": null, "kind": "groundcover_paved", "sport": null, "surface": null, "pitch_layout": null, "source": "vgin_vbmp+naip+lidar2025", "source_updated": null, "base_z": null, "top_z": null }, "geometry": { "type": "Polygon", "coordinates": [ [ [ 282750.0, 4155064.41 ], [ 282750.54, 4155061.17 ], [ 282750.0, 4155060.91 ], [ 282750.0, 4155064.41 ] ] ] } },
{ "type": "Feature", "properties": { "id": "richmond_structure:242451", "name": null, "kind": "deck", "sport": null, "surface": null, "pitch_layout": null, "source": "richmond_structures", "source_updated": "2026-09-08T12:07:13.637000Z", "base_z": null, "top_z": null }, "geometry": { "type": "Polygon", "coordinates": [ [ [ 282792.88, 4155079.94 ], [ 282794.46, 4155076.63 ], [ 282790.09, 4155074.49 ], [ 282788.29, 4155077.89 ], [ 282792.88, 4155079.94 ] ] ] } },
{ "type": "Feature", "properties": { "id": "imagery:groundcover_lawn:3375", "name": null, "kind": "groundcover_lawn", "sport": null, "surface": null, "pitch_layout": null, "source": "vgin_vbmp+naip+lidar2025", "source_updated": null, "base_z": null, "top_z": null }, "geometry": { "type": "MultiPolygon", "coordinates": [ [ [ [ 282759.14, 4155076.61 ], [ 282764.4, 4155066.16 ], [ 282764.16, 4155065.68 ], [ 282760.88, 4155064.08 ], [ 282750.54, 4155066.14 ], [ 282750.0, 4155066.81 ], [ 282750.0, 4155079.59 ], [ 282755.62, 4155082.41 ], [ 282756.85, 4155079.34 ], [ 282756.99, 4155079.07 ], [ 282757.48, 4155078.32 ], [ 282757.67, 4155078.08 ], [ 282759.14, 4155076.61 ] ] ], [ [ [ 282753.34, 4155088.1 ], [ 282750.0, 4155086.41 ], [ 282750.0, 4155094.79 ], [ 282753.25, 4155088.34 ], [ 282753.34, 4155088.1 ] ] ] ] } },
{ "type": "Feature", "properties": { "id": "imagery:groundcover_paved:3358", "name": null, "kind": "groundcover_paved", "sport": null, "surface": null, "pitch_layout": null, "source": "vgin_vbmp+naip+lidar2025", "source_updated": null, "base_z": null, "top_z": null }, "geometry": { "type": "MultiPolygon", "coordinates": [ [ [ [ 282818.34, 4155104.03 ], [ 282816.63, 4155103.46 ], [ 282815.91, 4155102.93 ], [ 282814.41, 4155100.85 ], [ 282814.13, 4155099.99 ], [ 282814.13, 4155091.77 ], [ 282809.68, 4155089.52 ], [ 282809.26, 4155089.27 ], [ 282808.86, 4155088.99 ], [ 282808.55, 4155088.72 ], [ 282807.38, 4155089.51 ], [ 282802.35, 4155102.09 ], [ 282802.13, 4155103.2 ], [ 282802.13, 4155105.64 ], [ 282827.32, 4155118.2 ], [ 282823.61, 4155107.05 ], [ 282822.44, 4155105.89 ], [ 282822.21, 4155105.83 ], [ 282821.74, 4155105.68 ], [ 282821.29, 4155105.49 ], [ 282818.34, 4155104.03 ] ] ], [ [ [ 282821.91, 4155123.9 ], [ 282822.77, 4155123.63 ], [ 282824.54, 4155123.63 ], [ 282815.59, 4155119.16 ], [ 282814.55, 4155120.2 ], [ 282813.53, 4155120.63 ], [ 282802.13, 4155120.63 ], [ 282799.97, 4155122.79 ], [ 282800.08, 4155122.81 ], [ 282800.54, 4155122.98 ], [ 282800.98, 4155123.18 ], [ 282806.14, 4155125.91 ], [ 282806.56, 4155126.17 ], [ 282806.96, 4155126.46 ], [ 282807.32, 4155126.79 ], [ 282807.66, 4155127.15 ], [ 282807.95, 4155127.54 ], [ 282808.2, 4155127.96 ], [ 282808.41, 4155128.41 ], [ 282808.58, 4155128.87 ], [ 282808.7, 4155129.35 ], [ 282808.78, 4155129.83 ], [ 282808.8, 4155130.33 ], [ 282808.78, 4155130.82 ], [ 282808.71, 4155131.3 ], [ 282808.59, 4155131.78 ], [ 282808.42, 4155132.24 ], [ 282808.3, 4155132.5 ], [ 282808.73, 4155132.5 ], [ 282809.22, 4155132.55 ], [ 282809.7, 4155132.65 ], [ 282810.17, 4155132.79 ], [ 282810.62, 4155132.98 ], [ 282812.36, 4155133.82 ], [ 282815.53, 4155133.03 ], [ 282817.65, 4155131.06 ], [ 282819.3, 4155126.12 ], [ 282819.83, 4155125.4 ], [ 282821.91, 4155123.9 ] ] ] ] } },
{ "type": "Feature", "properties": { "id": "richmond_structure:243087", "name": null, "kind": "deck", "sport": null, "surface": null, "pitch_layout": null, "source": "richmond_structures", "source_updated": "2026-09-08T12:07:13.637000Z", "base_z": null, "top_z": null }, "geometry": { "type": "Polygon", "coordinates": [ [ [ 282766.6, 4155114.81 ], [ 282767.02, 4155113.95 ], [ 282765.79, 4155113.35 ], [ 282766.28, 4155112.33 ], [ 282765.24, 4155111.83 ], [ 282764.33, 4155113.72 ], [ 282766.6, 4155114.81 ] ] ] } },
{ "type": "Feature", "properties": { "id": "richmond_structure:242583", "name": null, "kind": "deck", "sport": null, "surface": null, "pitch_layout": null, "source": "richmond_structures", "source_updated": "2026-09-08T12:07:13.637000Z", "base_z": null, "top_z": null }, "geometry": { "type": "Polygon", "coordinates": [ [ [ 282798.43, 4155128.43 ], [ 282796.35, 4155132.58 ], [ 282801.41, 4155135.3 ], [ 282803.63, 4155131.17 ], [ 282798.43, 4155128.43 ] ] ] } },
{ "type": "Feature", "properties": { "id": "richmond_structure:242948", "name": null, "kind": "deck", "sport": null, "surface": null, "pitch_layout": null, "source": "richmond_structures", "source_updated": "2026-09-08T12:07:13.637000Z", "base_z": null, "top_z": null }, "geometry": { "type": "Polygon", "coordinates": [ [ [ 282815.83, 4155139.71 ], [ 282817.06, 4155137.09 ], [ 282810.48, 4155133.85 ], [ 282808.28, 4155138.34 ], [ 282818.67, 4155143.3 ], [ 282819.47, 4155141.4 ], [ 282815.83, 4155139.71 ] ] ] } },
{ "type": "Feature", "properties": { "id": "imagery:groundcover_lawn:3407", "name": null, "kind": "groundcover_lawn", "sport": null, "surface": null, "pitch_layout": null, "source": "vgin_vbmp+naip+lidar2025", "source_updated": null, "base_z": null, "top_z": null }, "geometry": { "type": "Polygon", "coordinates": [ [ [ 282908.49, 4155036.63 ], [ 282913.13, 4155027.69 ], [ 282913.13, 4155026.9 ], [ 282913.26, 4155026.45 ], [ 282912.3, 4155024.04 ], [ 282914.87, 4155023.87 ], [ 282915.16, 4155023.61 ], [ 282915.28, 4155023.55 ], [ 282918.64, 4155017.1 ], [ 282917.08, 4155014.94 ], [ 282914.08, 4155013.94 ], [ 282910.13, 4155016.79 ], [ 282910.13, 4155020.09 ], [ 282909.96, 4155020.95 ], [ 282910.22, 4155021.0 ], [ 282910.85, 4155023.17 ], [ 282908.25, 4155023.5 ], [ 282902.66, 4155029.1 ], [ 282902.1, 4155032.56 ], [ 282903.3, 4155034.97 ], [ 282905.99, 4155036.63 ], [ 282908.49, 4155036.63 ] ] ] } },
{ "type": "Feature", "properties": { "id": "imagery:groundcover_lawn:3414", "name": null, "kind": "groundcover_lawn", "sport": null, "surface": null, "pitch_layout": null, "source": "vgin_vbmp+naip+lidar2025", "source_updated": null, "base_z": null, "top_z": null }, "geometry": { "type": "Polygon", "coordinates": [ [ [ 282851.27, 4155049.25 ], [ 282851.35, 4155049.29 ], [ 282851.44, 4155049.34 ], [ 282851.52, 4155049.4 ], [ 282851.59, 4155049.47 ], [ 282851.65, 4155049.54 ], [ 282851.71, 4155049.62 ], [ 282851.76, 4155049.7 ], [ 282851.8, 4155049.79 ], [ 282851.83, 4155049.88 ], [ 282851.86, 4155049.97 ], [ 282851.87, 4155050.07 ], [ 282851.88, 4155050.17 ], [ 282851.88, 4155050.21 ], [ 282852.34, 4155050.36 ], [ 282853.21, 4155048.71 ], [ 282853.26, 4155048.63 ], [ 282853.32, 4155048.55 ], [ 282853.38, 4155048.48 ], [ 282853.45, 4155048.41 ], [ 282853.53, 4155048.35 ], [ 282853.61, 4155048.3 ], [ 282853.7, 4155048.26 ], [ 282853.79, 4155048.22 ], [ 282853.89, 4155048.2 ], [ 282853.98, 4155048.18 ], [ 282854.08, 4155048.18 ], [ 282854.18, 4155048.18 ], [ 282854.27, 4155048.19 ], [ 282854.37, 4155048.22 ], [ 282854.46, 4155048.25 ], [ 282854.55, 4155048.29 ], [ 282857.81, 4155049.95 ], [ 282864.33, 4155043.42 ], [ 282864.68, 4155043.16 ], [ 282865.83, 4155042.55 ], [ 282866.24, 4155042.4 ], [ 282877.72, 4155040.11 ], [ 282880.13, 4155037.17 ], [ 282880.13, 4155023.48 ], [ 282878.47, 4155020.8 ], [ 282869.51, 4155016.31 ], [ 282869.05, 4155015.96 ], [ 282867.93, 4155014.67 ], [ 282867.64, 4155014.17 ], [ 282866.22, 4155009.91 ], [ 282862.04, 4155008.17 ], [ 282861.11, 4155008.63 ], [ 282859.5, 4155011.81 ], [ 282861.44, 4155023.48 ], [ 282861.12, 4155024.64 ], [ 282859.02, 4155027.12 ], [ 282857.93, 4155027.63 ], [ 282854.99, 4155027.63 ], [ 282852.3, 4155029.28 ], [ 282847.45, 4155038.99 ], [ 282847.13, 4155040.33 ], [ 282847.13, 4155046.46 ], [ 282848.21, 4155047.96 ], [ 282851.27, 4155049.25 ] ] ] } },
{ "type": "Feature", "properties": { "id": "richmond_structure:242249", "name": null, "kind": "deck", "sport": null, "surface": null, "pitch_layout": null, "source": "richmond_structures", "source_updated": "2026-09-08T12:07:13.637000Z", "base_z": null, "top_z": null }, "geometry": { "type": "Polygon", "coordinates": [ [ [ 282860.6, 4155053.16 ], [ 282859.62, 4155052.45 ], [ 282858.64, 4155054.08 ], [ 282857.05, 4155053.21 ], [ 282855.47, 4155056.59 ], [ 282858.01, 4155057.87 ], [ 282860.6, 4155053.16 ] ] ] } },
{ "type": "Feature", "properties": { "id": "richmond_structure:242538", "name": null, "kind": "deck", "sport": null, "surface": null, "pitch_layout": null, "source": "richmond_structures", "source_updated": "2026-09-08T12:07:13.637000Z", "base_z": null, "top_z": null }, "geometry": { "type": "Polygon", "coordinates": [ [ [ 282837.96, 4155063.48 ], [ 282843.57, 4155065.83 ], [ 282844.31, 4155063.56 ], [ 282839.51, 4155061.79 ], [ 282838.22, 4155062.54 ], [ 282837.96, 4155063.48 ] ] ] } },
{ "type": "Feature", "properties": { "id": "osm:way/266877966", "name": null, "kind": "pitch", "sport": "basketball", "surface": null, "pitch_layout": { "cx": 282921.3056818658, "cy": 4155064.7663040967, "ax": 0.40716269132758687, "ay": -0.9133556496737053, "hl": 13.137188432481443, "hs": 7.753684811153754 }, "source": null, "source_updated": null, "base_z": null, "top_z": null }, "geometry": { "type": "Polygon", "coordinates": [ [ [ 282908.87, 4155073.61 ], [ 282923.06, 4155079.88 ], [ 282933.74, 4155055.92 ], [ 282919.55, 4155049.65 ], [ 282908.87, 4155073.61 ] ] ] } },
{ "type": "Feature", "properties": { "id": "richmond_structure:242252", "name": null, "kind": "deck", "sport": null, "surface": null, "pitch_layout": null, "source": "richmond_structures", "source_updated": "2026-09-08T12:07:13.637000Z", "base_z": null, "top_z": null }, "geometry": { "type": "Polygon", "coordinates": [ [ [ 282850.48, 4155069.18 ], [ 282851.17, 4155067.22 ], [ 282846.21, 4155064.66 ], [ 282845.49, 4155066.57 ], [ 282850.48, 4155069.18 ] ] ] } },
{ "type": "Feature", "properties": { "id": "richmond_structure:242578", "name": null, "kind": "deck", "sport": null, "surface": null, "pitch_layout": null, "source": "richmond_structures", "source_updated": "2026-09-08T12:07:13.637000Z", "base_z": null, "top_z": null }, "geometry": { "type": "Polygon", "coordinates": [ [ [ 282842.58, 4155099.75 ], [ 282843.54, 4155097.65 ], [ 282841.19, 4155096.46 ], [ 282840.26, 4155098.51 ], [ 282842.58, 4155099.75 ] ] ] } },
{ "type": "Feature", "properties": { "id": "richmond_structure:242579", "name": null, "kind": "deck", "sport": null, "surface": null, "pitch_layout": null, "source": "richmond_structures", "source_updated": "2026-09-08T12:07:13.637000Z", "base_z": null, "top_z": null }, "geometry": { "type": "Polygon", "coordinates": [ [ [ 282851.1, 4155102.75 ], [ 282851.66, 4155101.74 ], [ 282849.05, 4155100.42 ], [ 282848.51, 4155101.39 ], [ 282851.1, 4155102.75 ] ] ] } },
{ "type": "Feature", "properties": { "id": "richmond_structure:242580", "name": null, "kind": "deck", "sport": null, "surface": null, "pitch_layout": null, "source": "richmond_structures", "source_updated": "2026-09-08T12:07:13.637000Z", "base_z": null, "top_z": null }, "geometry": { "type": "Polygon", "coordinates": [ [ [ 282858.64, 4155106.09 ], [ 282859.5, 4155104.4 ], [ 282857.26, 4155103.42 ], [ 282856.47, 4155105.01 ], [ 282858.64, 4155106.09 ] ] ] } },
{ "type": "Feature", "properties": { "id": "osm:way/266877965", "name": null, "kind": "pitch", "sport": "baseball", "surface": null, "pitch_layout": { "cx": 282926.8076610386, "cy": 4155133.0754408673, "ax": 0.9051676600963725, "ay": 0.4250547107322278, "hl": 39.25623351413413, "hs": 37.78952418511943, "hx": 282884.22274708364, "hy": 4155154.826776858, "dax": 0.2068349801272234, "day": -0.9783758434240755, "dbx": 0.9108478087254089, "dby": 0.41274237647728956, "la": 43.54061851055239, "lb": 43.828989204228456 }, "source": null, "source_updated": null, "base_z": null, "top_z": null }, "geometry": { "type": "Polygon", "coordinates": [ [ [ 282954.22, 4155114.75 ], [ 282946.83, 4155108.36 ], [ 282938.06, 4155096.67 ], [ 282917.35, 4155086.92 ], [ 282913.0, 4155086.22 ], [ 282905.84, 4155088.87 ], [ 282893.23, 4155112.23 ], [ 282891.98, 4155119.46 ], [ 282894.25, 4155127.63 ], [ 282894.46, 4155135.65 ], [ 282884.22, 4155154.83 ], [ 282924.14, 4155172.92 ], [ 282957.28, 4155160.54 ], [ 282974.49, 4155123.89 ], [ 282954.22, 4155114.75 ] ] ] } },
{ "type": "Feature", "properties": { "id": "imagery:groundcover_paved:3425", "name": null, "kind": "groundcover_paved", "sport": null, "surface": null, "pitch_layout": null, "source": "vgin_vbmp+naip+lidar2025", "source_updated": null, "base_z": null, "top_z": null }, "geometry": { "type": "Polygon", "coordinates": [ [ [ 282999.79, 4155005.79 ], [ 282999.56, 4155006.44 ], [ 283000.0, 4155006.6 ], [ 283000.0, 4155000.0 ], [ 282997.96, 4155000.0 ], [ 282997.55, 4155003.25 ], [ 282999.79, 4155005.79 ] ] ] } },
{ "type": "Feature", "properties": { "id": "imagery:groundcover_lawn:3448", "name": null, "kind": "groundcover_lawn", "sport": null, "surface": null, "pitch_layout": null, "source": "vgin_vbmp+naip+lidar2025", "source_updated": null, "base_z": null, "top_z": null }, "geometry": { "type": "MultiPolygon", "coordinates": [ [ [ [ 282952.6, 4155003.78 ], [ 282953.24, 4155000.0 ], [ 282928.13, 4155000.0 ], [ 282928.13, 4155000.98 ], [ 282930.76, 4155003.95 ], [ 282949.27, 4155006.27 ], [ 282952.6, 4155003.78 ] ] ], [ [ [ 282982.21, 4155007.54 ], [ 282980.07, 4155009.3 ], [ 282979.15, 4155009.63 ], [ 282961.13, 4155009.63 ], [ 282958.19, 4155012.04 ], [ 282959.98, 4155015.4 ], [ 282961.55, 4155016.05 ], [ 282963.71, 4155018.2 ], [ 282964.13, 4155019.22 ], [ 282964.13, 4155020.28 ], [ 282991.28, 4155032.73 ], [ 283000.0, 4155030.23 ], [ 283000.0, 4155016.65 ], [ 282992.28, 4155017.93 ], [ 282991.12, 4155017.62 ], [ 282988.64, 4155015.51 ], [ 282988.13, 4155014.42 ], [ 282988.13, 4155010.22 ], [ 282988.55, 4155009.2 ], [ 282990.71, 4155007.05 ], [ 282991.73, 4155006.63 ], [ 282994.13, 4155006.63 ], [ 282997.13, 4155003.63 ], [ 282997.13, 4155000.0 ], [ 282984.06, 4155000.0 ], [ 282982.72, 4155006.7 ], [ 282982.21, 4155007.54 ] ] ], [ [ [ 282952.55, 4155031.05 ], [ 282952.22, 4155030.24 ], [ 282948.72, 4155028.48 ], [ 282945.27, 4155029.34 ], [ 282943.88, 4155034.37 ], [ 282946.49, 4155036.98 ], [ 282966.97, 4155045.92 ], [ 282973.9, 4155047.46 ], [ 282974.08, 4155047.04 ], [ 282974.12, 4155046.96 ], [ 282974.17, 4155046.87 ], [ 282974.23, 4155046.8 ], [ 282974.3, 4155046.72 ], [ 282974.37, 4155046.66 ], [ 282974.45, 4155046.6 ], [ 282974.54, 4155046.55 ], [ 282974.63, 4155046.51 ], [ 282974.72, 4155046.48 ], [ 282974.82, 4155046.46 ], [ 282974.91, 4155046.44 ], [ 282975.01, 4155046.44 ], [ 282975.11, 4155046.45 ], [ 282975.21, 4155046.46 ], [ 282975.3, 4155046.49 ], [ 282975.39, 4155046.52 ], [ 282976.5, 4155047.0 ], [ 282979.13, 4155044.89 ], [ 282979.13, 4155043.22 ], [ 282979.55, 4155042.2 ], [ 282981.71, 4155040.05 ], [ 282982.73, 4155039.63 ], [ 282983.29, 4155039.63 ], [ 282963.85, 4155030.71 ], [ 282963.71, 4155031.05 ], [ 282961.55, 4155033.2 ], [ 282960.53, 4155033.63 ], [ 282955.73, 4155033.63 ], [ 282954.71, 4155033.2 ], [ 282952.55, 4155031.05 ] ] ] ] } },
{ "type": "Feature", "properties": { "id": "richmond_structure:242456", "name": null, "kind": "deck", "sport": null, "surface": null, "pitch_layout": null, "source": "richmond_structures", "source_updated": "2026-09-08T12:07:13.637000Z", "base_z": null, "top_z": null }, "geometry": { "type": "Polygon", "coordinates": [ [ [ 282972.5, 4155064.42 ], [ 282973.51, 4155061.82 ], [ 282969.24, 4155059.98 ], [ 282968.11, 4155062.57 ], [ 282972.5, 4155064.42 ] ] ] } },
{ "type": "Feature", "properties": { "id": "imagery:groundcover_paved:3365", "name": null, "kind": "groundcover_paved", "sport": null, "surface": null, "pitch_layout": null, "source": "vgin_vbmp+naip+lidar2025", "source_updated": null, "base_z": null, "top_z": null }, "geometry": { "type": "MultiPolygon", "coordinates": [ [ [ [ 282997.13, 4155090.63 ], [ 282994.13, 4155093.63 ], [ 282994.13, 4155094.61 ], [ 283000.0, 4155097.15 ], [ 283000.0, 4155090.43 ], [ 282999.53, 4155090.63 ], [ 282997.13, 4155090.63 ] ] ], [ [ [ 282997.61, 4155120.39 ], [ 282999.31, 4155121.15 ], [ 282999.71, 4155121.02 ], [ 283000.0, 4155120.97 ], [ 283000.0, 4155103.8 ], [ 282994.13, 4155101.26 ], [ 282994.13, 4155102.44 ], [ 282994.15, 4155102.81 ], [ 282996.3, 4155120.01 ], [ 282996.69, 4155120.08 ], [ 282997.16, 4155120.21 ], [ 282997.61, 4155120.39 ] ] ] ] } },
{ "type": "Feature", "properties": { "id": "richmond_structure:242724", "name": null, "kind": "deck", "sport": null, "surface": null, "pitch_layout": null, "source": "richmond_structures", "source_updated": "2026-09-08T12:07:13.637000Z", "base_z": null, "top_z": null }, "geometry": { "type": "Polygon", "coordinates": [ [ [ 282998.6, 4155124.43 ], [ 282997.34, 4155124.51 ], [ 282996.38, 4155126.23 ], [ 282999.32, 4155127.54 ], [ 282999.79, 4155125.21 ], [ 282998.6, 4155124.43 ] ] ] } },
{ "type": "Feature", "properties": { "id": "imagery:groundcover_lawn:3373", "name": null, "kind": "groundcover_lawn", "sport": null, "surface": null, "pitch_layout": null, "source": "vgin_vbmp+naip+lidar2025", "source_updated": null, "base_z": null, "top_z": null }, "geometry": { "type": "MultiPolygon", "coordinates": [ [ [ [ 282999.09, 4155075.8 ], [ 282997.44, 4155073.68 ], [ 282997.23, 4155073.07 ], [ 282993.19, 4155071.3 ], [ 282992.22, 4155071.73 ], [ 282991.23, 4155071.8 ], [ 282977.58, 4155067.9 ], [ 282973.79, 4155071.21 ], [ 282975.55, 4155083.56 ], [ 282975.21, 4155084.69 ], [ 282974.14, 4155085.94 ], [ 282994.51, 4155094.77 ], [ 282994.49, 4155094.53 ], [ 282994.85, 4155093.43 ], [ 282996.99, 4155091.09 ], [ 282998.05, 4155090.63 ], [ 283000.0, 4155090.63 ], [ 283000.0, 4155076.34 ], [ 282999.89, 4155076.32 ], [ 282999.09, 4155075.8 ] ] ], [ [ [ 282960.21, 4155195.55 ], [ 282961.05, 4155195.04 ], [ 282967.63, 4155193.72 ], [ 282969.17, 4155188.66 ], [ 282968.22, 4155187.71 ], [ 282967.9, 4155187.23 ], [ 282967.24, 4155185.66 ], [ 282967.13, 4155185.09 ], [ 282967.13, 4155184.01 ], [ 282966.58, 4155183.78 ], [ 282966.49, 4155183.74 ], [ 282966.41, 4155183.69 ], [ 282966.33, 4155183.63 ], [ 282966.26, 4155183.56 ], [ 282966.19, 4155183.49 ], [ 282966.13, 4155183.41 ], [ 282966.08, 4155183.33 ], [ 282966.04, 4155183.24 ], [ 282966.01, 4155183.14 ], [ 282965.98, 4155183.05 ], [ 282965.97, 4155182.95 ], [ 282965.97, 4155182.85 ], [ 282965.97, 4155182.76 ], [ 282965.99, 4155182.66 ], [ 282966.01, 4155182.56 ], [ 282966.04, 4155182.47 ], [ 282967.13, 4155179.88 ], [ 282967.13, 4155178.22 ], [ 282967.55, 4155177.2 ], [ 282968.76, 4155176.0 ], [ 282969.62, 4155173.93 ], [ 282969.67, 4155173.84 ], [ 282969.72, 4155173.76 ], [ 282969.78, 4155173.68 ], [ 282969.84, 4155173.6 ], [ 282969.92, 4155173.54 ], [ 282969.99, 4155173.48 ], [ 282970.08, 4155173.43 ], [ 282970.17, 4155173.39 ], [ 282970.26, 4155173.36 ], [ 282970.36, 4155173.33 ], [ 282970.45, 4155173.32 ], [ 282970.55, 4155173.31 ], [ 282970.65, 4155173.32 ], [ 282970.75, 4155173.33 ], [ 282970.84, 4155173.36 ], [ 282970.93, 4155173.39 ], [ 282971.94, 4155173.82 ], [ 282973.75, 4155172.45 ], [ 282978.38, 4155156.27 ], [ 282978.9, 4155155.51 ], [ 282981.0, 4155153.92 ], [ 282981.69, 4155153.69 ], [ 282982.55, 4155154.05 ], [ 282984.71, 4155156.2 ], [ 282985.36, 4155157.77 ], [ 282988.13, 4155159.63 ], [ 282990.18, 4155159.63 ], [ 282991.24, 4155160.1 ], [ 282993.37, 4155162.45 ], [ 282993.74, 4155163.56 ], [ 282991.45, 4155186.45 ], [ 282992.64, 4155188.44 ], [ 282999.06, 4155191.12 ], [ 282999.15, 4155191.17 ], [ 282999.24, 4155191.22 ], [ 282999.31, 4155191.28 ], [ 282999.39, 4155191.34 ], [ 282999.45, 4155191.41 ], [ 282999.51, 4155191.49 ], [ 282999.56, 4155191.58 ], [ 282999.6, 4155191.67 ], [ 282999.63, 4155191.76 ], [ 282999.66, 4155191.85 ], [ 282999.67, 4155191.95 ], [ 282999.68, 4155192.05 ], [ 282999.67, 4155192.15 ], [ 282999.66, 4155192.25 ], [ 282999.63, 4155192.34 ], [ 282999.6, 4155192.43 ], [ 282997.13, 4155198.33 ], [ 282997.13, 4155198.63 ], [ 282997.45, 4155198.63 ], [ 282997.86, 4155200.18 ], [ 282996.22, 4155200.51 ], [ 282996.18, 4155200.61 ], [ 282996.14, 4155200.69 ], [ 282996.08, 4155200.78 ], [ 282996.03, 4155200.86 ], [ 282995.96, 4155200.93 ], [ 282995.89, 4155201.0 ], [ 282995.81, 4155201.05 ], [ 282995.72, 4155201.1 ], [ 282995.63, 4155201.15 ], [ 282995.54, 4155201.18 ], [ 282995.45, 4155201.2 ], [ 282995.35, 4155201.22 ], [ 282995.25, 4155201.22 ], [ 282995.15, 4155201.21 ], [ 282995.06, 4155201.2 ], [ 282994.96, 4155201.18 ], [ 282994.87, 4155201.14 ], [ 282994.69, 4155201.07 ], [ 282994.55, 4155201.2 ], [ 282992.98, 4155201.85 ], [ 282991.19, 4155205.21 ], [ 282994.13, 4155207.63 ], [ 282997.13, 4155207.63 ], [ 282998.99, 4155205.77 ], [ 282998.94, 4155205.71 ], [ 282998.88, 4155205.63 ], [ 282998.83, 4155205.55 ], [ 282998.79, 4155205.46 ], [ 282998.76, 4155205.37 ], [ 282998.73, 4155205.27 ], [ 282998.72, 4155205.17 ], [ 282998.72, 4155205.08 ], [ 282998.72, 4155204.98 ], [ 282998.74, 4155204.88 ], [ 282998.76, 4155204.79 ], [ 282998.8, 4155204.69 ], [ 282999.8, 4155202.37 ], [ 282999.1, 4155201.32 ], [ 283000.0, 4155201.33 ], [ 283000.0, 4155139.73 ], [ 282994.3, 4155139.02 ], [ 282993.4, 4155138.54 ], [ 282991.49, 4155136.39 ], [ 282991.13, 4155135.43 ], [ 282991.13, 4155133.22 ], [ 282991.12, 4155133.19 ], [ 282991.09, 4155133.1 ], [ 282991.07, 4155133.0 ], [ 282991.06, 4155132.9 ], [ 282991.05, 4155132.8 ], [ 282991.06, 4155132.71 ], [ 282991.08, 4155132.61 ], [ 282991.1, 4155132.52 ], [ 282991.13, 4155132.45 ], [ 282991.13, 4155128.9 ], [ 282991.35, 4155128.12 ], [ 282992.57, 4155126.15 ], [ 282993.16, 4155125.61 ], [ 282994.49, 4155124.95 ], [ 282994.67, 4155124.55 ], [ 282994.71, 4155124.46 ], [ 282994.76, 4155124.38 ], [ 282994.83, 4155124.3 ], [ 282994.89, 4155124.23 ], [ 282994.97, 4155124.17 ], [ 282995.05, 4155124.11 ], [ 282995.13, 4155124.06 ], [ 282995.22, 4155124.02 ], [ 282995.32, 4155123.99 ], [ 282995.41, 4155123.97 ], [ 282995.51, 4155123.96 ], [ 282995.61, 4155123.96 ], [ 282995.62, 4155123.96 ], [ 282996.95, 4155121.59 ], [ 282995.14, 4155101.69 ], [ 282962.69, 4155087.63 ], [ 282958.13, 4155087.63 ], [ 282955.13, 4155090.63 ], [ 282955.13, 4155091.65 ], [ 282954.96, 4155092.35 ], [ 282953.97, 4155094.19 ], [ 282953.49, 4155094.72 ], [ 282948.33, 4155098.16 ], [ 282947.32, 4155101.99 ], [ 282951.43, 4155110.22 ], [ 282953.69, 4155111.85 ], [ 282971.22, 4155114.35 ], [ 282971.87, 4155114.62 ], [ 282973.54, 4155115.82 ], [ 282974.0, 4155116.36 ], [ 282977.95, 4155124.27 ], [ 282978.09, 4155125.16 ], [ 282977.68, 4155127.69 ], [ 282977.27, 4155128.49 ], [ 282967.96, 4155137.8 ], [ 282966.63, 4155140.63 ], [ 282961.48, 4155161.23 ], [ 282961.25, 4155161.73 ], [ 282960.33, 4155163.04 ], [ 282959.94, 4155163.42 ], [ 282953.47, 4155167.74 ], [ 282952.13, 4155170.23 ], [ 282952.13, 4155189.03 ], [ 282951.71, 4155190.05 ], [ 282949.55, 4155192.2 ], [ 282948.53, 4155192.63 ], [ 282943.97, 4155192.63 ], [ 282941.06, 4155196.35 ], [ 282941.72, 4155198.97 ], [ 282956.53, 4155205.37 ], [ 282958.13, 4155202.77 ], [ 282958.13, 4155198.61 ], [ 282958.46, 4155197.68 ], [ 282960.21, 4155195.55 ] ] ] ] } },
{ "type": "Feature", "properties": { "id": "richmond_structure:242626", "name": null, "kind": "deck", "sport": null, "surface": null, "pitch_layout": null, "source": "richmond_structures", "source_updated": "2026-09-08T12:07:13.637000Z", "base_z": null, "top_z": null }, "geometry": { "type": "Polygon", "coordinates": [ [ [ 282988.52, 4155169.08 ], [ 282993.06, 4155157.67 ], [ 282981.77, 4155153.23 ], [ 282976.95, 4155164.39 ], [ 282988.52, 4155169.08 ] ] ] } },
{ "type": "Feature", "properties": { "id": "imagery:groundcover_paved:3329", "name": null, "kind": "groundcover_paved", "sport": null, "surface": null, "pitch_layout": null, "source": "vgin_vbmp+naip+lidar2025", "source_updated": null, "base_z": null, "top_z": null }, "geometry": { "type": "Polygon", "coordinates": [ [ [ 282987.71, 4155165.2 ], [ 282985.55, 4155163.05 ], [ 282985.13, 4155162.03 ], [ 282985.13, 4155156.63 ], [ 282982.13, 4155153.63 ], [ 282981.39, 4155153.63 ], [ 282978.51, 4155155.8 ], [ 282974.32, 4155170.47 ], [ 282982.67, 4155173.98 ], [ 282983.12, 4155174.2 ], [ 282983.55, 4155174.46 ], [ 282983.95, 4155174.76 ], [ 282984.32, 4155175.11 ], [ 282984.65, 4155175.49 ], [ 282984.94, 4155175.9 ], [ 282985.19, 4155176.33 ], [ 282985.4, 4155176.79 ], [ 282985.56, 4155177.27 ], [ 282985.66, 4155177.76 ], [ 282985.7, 4155178.06 ], [ 282991.85, 4155180.63 ], [ 282991.98, 4155180.7 ], [ 282993.64, 4155169.05 ], [ 282990.67, 4155165.63 ], [ 282988.73, 4155165.63 ], [ 282987.71, 4155165.2 ] ] ] } },
{ "type": "Feature", "properties": { "id": "richmond_structure:242737", "name": null, "kind": "deck", "sport": null, "surface": null, "pitch_layout": null, "source": "richmond_structures", "source_updated": "2026-09-08T12:07:13.637000Z", "base_z": null, "top_z": null }, "geometry": { "type": "Polygon", "coordinates": [ [ [ 282973.3, 4155175.59 ], [ 282972.92, 4155176.23 ], [ 282978.15, 4155178.42 ], [ 282978.44, 4155177.9 ], [ 282973.3, 4155175.59 ] ] ] } },
{ "type": "Feature", "properties": { "id": "richmond_structure:242736", "name": null, "kind": "deck", "sport": null, "surface": null, "pitch_layout": null, "source": "richmond_structures", "source_updated": "2026-09-08T12:07:13.637000Z", "base_z": null, "top_z": null }, "geometry": { "type": "Polygon", "coordinates": [ [ [ 282982.22, 4155182.13 ], [ 282981.94, 4155182.82 ], [ 282987.29, 4155185.06 ], [ 282987.63, 4155184.45 ], [ 282982.22, 4155182.13 ] ] ] } },
{ "type": "Feature", "properties": { "id": "imagery:groundcover_lawn:3372", "name": null, "kind": "groundcover_lawn", "sport": null, "surface": null, "pitch_layout": null, "source": "vgin_vbmp+naip+lidar2025", "source_updated": null, "base_z": null, "top_z": null }, "geometry": { "type": "MultiPolygon", "coordinates": [ [ [ [ 282808.52, 4155092.45 ], [ 282810.94, 4155085.19 ], [ 282810.03, 4155081.95 ], [ 282806.68, 4155081.6 ], [ 282805.73, 4155082.1 ], [ 282795.33, 4155084.19 ], [ 282792.93, 4155086.86 ], [ 282791.69, 4155100.43 ], [ 282802.13, 4155105.64 ], [ 282802.13, 4155098.9 ], [ 282802.35, 4155098.12 ], [ 282803.57, 4155096.15 ], [ 282804.16, 4155095.61 ], [ 282807.02, 4155094.18 ], [ 282808.52, 4155092.45 ] ] ], [ [ [ 282858.0, 4155118.42 ], [ 282858.96, 4155118.33 ], [ 282864.4, 4155119.69 ], [ 282865.41, 4155118.91 ], [ 282868.13, 4155113.78 ], [ 282868.13, 4155106.02 ], [ 282864.76, 4155103.05 ], [ 282864.6, 4155103.07 ], [ 282863.64, 4155105.27 ], [ 282863.6, 4155105.36 ], [ 282863.55, 4155105.44 ], [ 282863.49, 4155105.52 ], [ 282863.42, 4155105.59 ], [ 282863.35, 4155105.66 ], [ 282863.27, 4155105.71 ], [ 282863.18, 4155105.76 ], [ 282863.09, 4155105.8 ], [ 282863.0, 4155105.84 ], [ 282862.9, 4155105.86 ], [ 282862.81, 4155105.87 ], [ 282862.71, 4155105.87 ], [ 282862.61, 4155105.87 ], [ 282862.51, 4155105.85 ], [ 282862.42, 4155105.83 ], [ 282862.33, 4155105.79 ], [ 282857.96, 4155103.9 ], [ 282846.7, 4155105.3 ], [ 282845.83, 4155105.14 ], [ 282843.59, 4155103.95 ], [ 282842.97, 4155103.31 ], [ 282838.96, 4155095.28 ], [ 282836.28, 4155093.63 ], [ 282832.13, 4155093.63 ], [ 282829.13, 4155096.63 ], [ 282829.13, 4155100.35 ], [ 282828.91, 4155101.13 ], [ 282827.69, 4155103.1 ], [ 282827.1, 4155103.64 ], [ 282825.46, 4155104.46 ], [ 282823.95, 4155108.09 ], [ 282827.32, 4155118.2 ], [ 282835.21, 4155122.13 ], [ 282835.87, 4155121.21 ], [ 282837.02, 4155120.63 ], [ 282837.53, 4155120.63 ], [ 282838.55, 4155121.05 ], [ 282840.71, 4155123.2 ], [ 282841.13, 4155124.22 ], [ 282841.13, 4155125.08 ], [ 282854.48, 4155131.74 ], [ 282853.33, 4155124.82 ], [ 282853.33, 4155124.35 ], [ 282853.53, 4155122.99 ], [ 282853.67, 4155122.54 ], [ 282854.83, 4155120.24 ], [ 282855.52, 4155119.56 ], [ 282858.0, 4155118.42 ] ], [ [ 282846.35, 4155119.89 ], [ 282844.63, 4155116.69 ], [ 282844.68, 4155115.75 ], [ 282845.39, 4155115.37 ], [ 282848.88, 4155115.37 ], [ 282849.58, 4155115.75 ], [ 282849.63, 4155116.69 ], [ 282847.92, 4155119.89 ], [ 282847.13, 4155120.36 ], [ 282846.35, 4155119.89 ] ] ], [ [ [ 282770.1, 4155114.54 ], [ 282770.16, 4155114.62 ], [ 282770.21, 4155114.7 ], [ 282770.26, 4155114.79 ], [ 282770.3, 4155114.88 ], [ 282770.32, 4155114.97 ], [ 282770.34, 4155115.07 ], [ 282770.35, 4155115.17 ], [ 282770.35, 4155115.27 ], [ 282770.34, 4155115.36 ], [ 282770.32, 4155115.46 ], [ 282770.29, 4155115.55 ], [ 282770.25, 4155115.64 ], [ 282768.66, 4155118.93 ], [ 282771.16, 4155120.63 ], [ 282772.68, 4155120.63 ], [ 282773.54, 4155118.96 ], [ 282773.59, 4155118.87 ], [ 282773.65, 4155118.79 ], [ 282773.72, 4155118.72 ], [ 282773.79, 4155118.65 ], [ 282773.87, 4155118.59 ], [ 282773.95, 4155118.54 ], [ 282774.04, 4155118.5 ], [ 282774.13, 4155118.47 ], [ 282774.22, 4155118.44 ], [ 282774.32, 4155118.43 ], [ 282774.42, 4155118.42 ], [ 282774.52, 4155118.42 ], [ 282774.61, 4155118.44 ], [ 282774.71, 4155118.46 ], [ 282774.8, 4155118.49 ], [ 282774.89, 4155118.53 ], [ 282780.97, 4155121.68 ], [ 282781.06, 4155121.73 ], [ 282781.14, 4155121.79 ], [ 282781.21, 4155121.85 ], [ 282781.28, 4155121.93 ], [ 282781.34, 4155122.0 ], [ 282781.39, 4155122.09 ], [ 282781.43, 4155122.18 ], [ 282781.46, 4155122.27 ], [ 282781.49, 4155122.36 ], [ 282781.51, 4155122.46 ], [ 282781.51, 4155122.56 ], [ 282781.51, 4155122.66 ], [ 282781.49, 4155122.75 ], [ 282781.47, 4155122.85 ], [ 282781.44, 4155122.94 ], [ 282781.4, 4155123.03 ], [ 282780.98, 4155123.85 ], [ 282781.36, 4155124.77 ], [ 282782.94, 4155125.83 ], [ 282784.0, 4155123.9 ], [ 282784.05, 4155123.81 ], [ 282784.11, 4155123.74 ], [ 282784.17, 4155123.66 ], [ 282784.25, 4155123.6 ], [ 282784.33, 4155123.54 ], [ 282784.41, 4155123.49 ], [ 282784.5, 4155123.45 ], [ 282784.59, 4155123.42 ], [ 282784.69, 4155123.39 ], [ 282784.78, 4155123.38 ], [ 282784.88, 4155123.38 ], [ 282784.98, 4155123.38 ], [ 282785.08, 4155123.4 ], [ 282785.17, 4155123.42 ], [ 282785.27, 4155123.46 ], [ 282785.35, 4155123.5 ], [ 282791.24, 4155126.71 ], [ 282791.32, 4155126.76 ], [ 282791.4, 4155126.82 ], [ 282791.47, 4155126.89 ], [ 282791.54, 4155126.96 ], [ 282791.6, 4155127.04 ], [ 282791.65, 4155127.12 ], [ 282791.69, 4155127.21 ], [ 282791.72, 4155127.3 ], [ 282791.74, 4155127.4 ], [ 282791.76, 4155127.5 ], [ 282791.76, 4155127.59 ], [ 282791.76, 4155127.69 ], [ 282791.74, 4155127.79 ], [ 282791.72, 4155127.88 ], [ 282791.68, 4155127.98 ], [ 282791.64, 4155128.07 ], [ 282790.17, 4155130.76 ], [ 282791.43, 4155132.2 ], [ 282790.54, 4155132.56 ], [ 282790.13, 4155132.08 ], [ 282788.87, 4155133.15 ], [ 282787.35, 4155135.94 ], [ 282787.3, 4155136.02 ], [ 282787.24, 4155136.1 ], [ 282787.18, 4155136.17 ], [ 282787.1, 4155136.24 ], [ 282787.02, 4155136.3 ], [ 282786.94, 4155136.35 ], [ 282786.85, 4155136.39 ], [ 282786.76, 4155136.42 ], [ 282786.66, 4155136.44 ], [ 282786.56, 4155136.46 ], [ 282786.47, 4155136.46 ], [ 282786.37, 4155136.46 ], [ 282786.27, 4155136.44 ], [ 282786.18, 4155136.42 ], [ 282786.08, 4155136.38 ], [ 282786.0, 4155136.34 ], [ 282782.27, 4155134.32 ], [ 282775.62, 4155133.21 ], [ 282772.13, 4155136.17 ], [ 282772.13, 4155136.55 ], [ 282773.41, 4155138.39 ], [ 282779.62, 4155141.43 ], [ 282794.76, 4155147.11 ], [ 282795.24, 4155147.4 ], [ 282796.45, 4155148.49 ], [ 282796.78, 4155148.93 ], [ 282797.39, 4155150.14 ], [ 282804.11, 4155153.43 ], [ 282806.81, 4155149.68 ], [ 282805.61, 4155146.05 ], [ 282804.61, 4155145.57 ], [ 282804.52, 4155145.53 ], [ 282804.44, 4155145.47 ], [ 282804.37, 4155145.41 ], [ 282804.3, 4155145.34 ], [ 282804.24, 4155145.26 ], [ 282804.18, 4155145.18 ], [ 282804.14, 4155145.09 ], [ 282804.1, 4155145.0 ], [ 282804.07, 4155144.91 ], [ 282804.05, 4155144.81 ], [ 282804.04, 4155144.72 ], [ 282804.04, 4155144.62 ], [ 282804.05, 4155144.52 ], [ 282804.07, 4155144.42 ], [ 282804.1, 4155144.33 ], [ 282804.14, 4155144.24 ], [ 282804.65, 4155143.17 ], [ 282804.42, 4155142.48 ], [ 282800.33, 4155141.52 ], [ 282800.17, 4155141.13 ], [ 282798.89, 4155143.53 ], [ 282798.84, 4155143.61 ], [ 282798.79, 4155143.69 ], [ 282798.72, 4155143.76 ], [ 282798.65, 4155143.83 ], [ 282798.57, 4155143.89 ], [ 282798.48, 4155143.94 ], [ 282798.4, 4155143.98 ], [ 282798.3, 4155144.01 ], [ 282798.21, 4155144.04 ], [ 282798.11, 4155144.05 ], [ 282798.01, 4155144.05 ], [ 282797.92, 4155144.05 ], [ 282797.82, 4155144.04 ], [ 282797.72, 4155144.01 ], [ 282797.63, 4155143.98 ], [ 282797.54, 4155143.94 ], [ 282791.6, 4155140.78 ], [ 282791.51, 4155140.73 ], [ 282791.43, 4155140.68 ], [ 282791.36, 4155140.61 ], [ 282791.29, 4155140.54 ], [ 282791.23, 4155140.46 ], [ 282791.18, 4155140.37 ], [ 282791.14, 4155140.29 ], [ 282791.11, 4155140.19 ], [ 282791.08, 4155140.1 ], [ 282791.07, 4155140.0 ], [ 282791.07, 4155139.9 ], [ 282791.07, 4155139.8 ], [ 282791.08, 4155139.71 ], [ 282791.11, 4155139.61 ], [ 282791.14, 4155139.52 ], [ 282791.18, 4155139.43 ], [ 282794.26, 4155133.68 ], [ 282793.87, 4155132.92 ], [ 282795.08, 4155132.14 ], [ 282796.71, 4155129.09 ], [ 282798.38, 4155123.27 ], [ 282798.9, 4155122.51 ], [ 282801.0, 4155120.92 ], [ 282801.88, 4155120.63 ], [ 282814.13, 4155120.63 ], [ 282815.59, 4155119.16 ], [ 282791.1, 4155106.95 ], [ 282790.6, 4155112.51 ], [ 282789.88, 4155113.61 ], [ 282786.85, 4155115.3 ], [ 282785.53, 4155115.33 ], [ 282785.51, 4155115.31 ], [ 282785.05, 4155114.96 ], [ 282783.93, 4155113.67 ], [ 282783.64, 4155113.17 ], [ 282779.67, 4155101.25 ], [ 282771.55, 4155097.2 ], [ 282769.13, 4155099.63 ], [ 282769.13, 4155102.03 ], [ 282768.71, 4155103.05 ], [ 282766.55, 4155105.2 ], [ 282766.21, 4155105.35 ], [ 282764.57, 4155109.23 ], [ 282765.84, 4155112.41 ], [ 282769.79, 4155114.31 ], [ 282769.87, 4155114.36 ], [ 282769.95, 4155114.41 ], [ 282770.03, 4155114.47 ], [ 282770.1, 4155114.54 ] ] ], [ [ [ 282877.8, 4155126.77 ], [ 282878.83, 4155127.22 ], [ 282878.92, 4155127.27 ], [ 282879.0, 4155127.32 ], [ 282879.08, 4155127.38 ], [ 282879.15, 4155127.45 ], [ 282879.21, 4155127.52 ], [ 282879.27, 4155127.6 ], [ 282879.32, 4155127.69 ], [ 282879.36, 4155127.78 ], [ 282879.39, 4155127.87 ], [ 282879.41, 4155127.97 ], [ 282879.42, 4155128.07 ], [ 282879.42, 4155128.16 ], [ 282879.41, 4155128.26 ], [ 282879.4, 4155128.36 ], [ 282879.37, 4155128.45 ], [ 282879.34, 4155128.54 ], [ 282879.05, 4155129.19 ], [ 282880.07, 4155130.55 ], [ 282880.58, 4155130.78 ], [ 282880.67, 4155130.82 ], [ 282880.75, 4155130.87 ], [ 282880.83, 4155130.93 ], [ 282880.9, 4155131.0 ], [ 282880.97, 4155131.08 ], [ 282881.02, 4155131.16 ], [ 282881.07, 4155131.24 ], [ 282881.11, 4155131.33 ], [ 282881.14, 4155131.42 ], [ 282881.16, 4155131.52 ], [ 282881.17, 4155131.62 ], [ 282881.18, 4155131.72 ], [ 282881.17, 4155131.81 ], [ 282881.15, 4155131.91 ], [ 282881.14, 4155131.97 ], [ 282882.26, 4155133.47 ], [ 282882.49, 4155135.35 ], [ 282886.46, 4155137.83 ], [ 282886.54, 4155137.8 ], [ 282887.67, 4155137.09 ], [ 282891.25, 4155133.5 ], [ 282892.13, 4155131.38 ], [ 282892.13, 4155124.02 ], [ 282888.76, 4155121.05 ], [ 282879.34, 4155122.22 ], [ 282877.8, 4155126.77 ] ] ], [ [ [ 282824.01, 4155154.5 ], [ 282823.55, 4155154.05 ], [ 282823.13, 4155153.03 ], [ 282823.13, 4155152.82 ], [ 282823.1, 4155152.79 ], [ 282823.04, 4155152.71 ], [ 282822.99, 4155152.63 ], [ 282822.94, 4155152.54 ], [ 282822.9, 4155152.45 ], [ 282822.88, 4155152.36 ], [ 282822.86, 4155152.26 ], [ 282822.85, 4155152.16 ], [ 282822.85, 4155152.06 ], [ 282822.86, 4155151.97 ], [ 282822.88, 4155151.87 ], [ 282822.91, 4155151.78 ], [ 282822.94, 4155151.69 ], [ 282823.13, 4155151.3 ], [ 282823.13, 4155150.26 ], [ 282823.41, 4155149.4 ], [ 282824.91, 4155147.32 ], [ 282825.1, 4155147.18 ], [ 282826.58, 4155144.08 ], [ 282826.63, 4155144.0 ], [ 282826.69, 4155143.92 ], [ 282826.75, 4155143.84 ], [ 282826.82, 4155143.77 ], [ 282826.89, 4155143.71 ], [ 282826.98, 4155143.66 ], [ 282827.06, 4155143.61 ], [ 282827.15, 4155143.57 ], [ 282827.25, 4155143.55 ], [ 282827.34, 4155143.53 ], [ 282827.44, 4155143.52 ], [ 282827.54, 4155143.52 ], [ 282827.64, 4155143.53 ], [ 282827.73, 4155143.55 ], [ 282827.83, 4155143.58 ], [ 282827.92, 4155143.61 ], [ 282836.47, 4155147.71 ], [ 282836.56, 4155147.76 ], [ 282836.64, 4155147.81 ], [ 282836.72, 4155147.87 ], [ 282836.78, 4155147.94 ], [ 282836.85, 4155148.02 ], [ 282836.9, 4155148.1 ], [ 282836.95, 4155148.19 ], [ 282836.98, 4155148.28 ], [ 282837.01, 4155148.37 ], [ 282837.03, 4155148.47 ], [ 282837.04, 4155148.57 ], [ 282837.04, 4155148.67 ], [ 282837.03, 4155148.76 ], [ 282837.01, 4155148.86 ], [ 282836.98, 4155148.95 ], [ 282836.94, 4155149.04 ], [ 282833.3, 4155156.65 ], [ 282833.26, 4155156.73 ], [ 282833.2, 4155156.81 ], [ 282833.14, 4155156.89 ], [ 282833.07, 4155156.96 ], [ 282832.99, 4155157.02 ], [ 282832.91, 4155157.07 ], [ 282832.82, 4155157.12 ], [ 282832.73, 4155157.16 ], [ 282832.64, 4155157.19 ], [ 282832.54, 4155157.2 ], [ 282832.44, 4155157.21 ], [ 282832.35, 4155157.21 ], [ 282832.25, 4155157.2 ], [ 282832.15, 4155157.18 ], [ 282832.06, 4155157.15 ], [ 282831.97, 4155157.12 ], [ 282830.77, 4155156.54 ], [ 282830.6, 4155156.63 ], [ 282829.35, 4155156.63 ], [ 282827.14, 4155161.65 ], [ 282827.15, 4155161.66 ], [ 282828.3, 4155163.97 ], [ 282830.99, 4155165.63 ], [ 282840.51, 4155165.63 ], [ 282843.82, 4155159.58 ], [ 282854.88, 4155138.75 ], [ 282824.49, 4155123.6 ], [ 282824.17, 4155123.83 ], [ 282824.01, 4155123.99 ], [ 282823.13, 4155126.11 ], [ 282823.13, 4155127.35 ], [ 282822.91, 4155128.13 ], [ 282821.69, 4155130.1 ], [ 282821.1, 4155130.64 ], [ 282817.92, 4155132.23 ], [ 282817.6, 4155132.35 ], [ 282816.59, 4155132.59 ], [ 282816.49, 4155132.6 ], [ 282814.15, 4155136.91 ], [ 282814.55, 4155137.72 ], [ 282814.9, 4155139.46 ], [ 282819.29, 4155141.56 ], [ 282819.38, 4155141.61 ], [ 282819.46, 4155141.66 ], [ 282819.54, 4155141.73 ], [ 282819.61, 4155141.8 ], [ 282819.67, 4155141.87 ], [ 282819.72, 4155141.95 ], [ 282819.77, 4155142.04 ], [ 282819.8, 4155142.13 ], [ 282819.83, 4155142.23 ], [ 282819.85, 4155142.32 ], [ 282819.86, 4155142.42 ], [ 282819.86, 4155142.52 ], [ 282819.85, 4155142.62 ], [ 282819.83, 4155142.71 ], [ 282819.8, 4155142.81 ], [ 282819.76, 4155142.9 ], [ 282816.33, 4155150.07 ], [ 282816.29, 4155150.16 ], [ 282816.23, 4155150.24 ], [ 282816.17, 4155150.31 ], [ 282816.1, 4155150.38 ], [ 282816.02, 4155150.45 ], [ 282815.94, 4155150.5 ], [ 282815.86, 4155150.55 ], [ 282815.76, 4155150.58 ], [ 282815.67, 4155150.61 ], [ 282815.57, 4155150.63 ], [ 282815.48, 4155150.64 ], [ 282815.38, 4155150.64 ], [ 282815.28, 4155150.63 ], [ 282815.18, 4155150.61 ], [ 282815.09, 4155150.58 ], [ 282815.0, 4155150.54 ], [ 282813.95, 4155150.04 ], [ 282813.9, 4155150.1 ], [ 282812.8, 4155150.63 ], [ 282812.66, 4155150.63 ], [ 282811.84, 4155150.74 ], [ 282811.62, 4155150.8 ], [ 282810.32, 4155155.81 ], [ 282810.71, 4155156.2 ], [ 282810.95, 4155156.79 ], [ 282816.75, 4155159.63 ], [ 282821.89, 4155159.63 ], [ 282824.66, 4155157.77 ], [ 282824.01, 4155154.5 ] ] ], [ [ [ 282894.44, 4155171.38 ], [ 282894.96, 4155170.59 ], [ 282897.08, 4155168.93 ], [ 282897.98, 4155168.63 ], [ 282902.97, 4155168.63 ], [ 282905.81, 4155164.68 ], [ 282905.79, 4155164.6 ], [ 282884.22, 4155154.83 ], [ 282886.51, 4155150.54 ], [ 282885.71, 4155150.2 ], [ 282883.55, 4155148.05 ], [ 282883.13, 4155147.03 ], [ 282883.13, 4155141.98 ], [ 282879.8, 4155139.0 ], [ 282877.93, 4155139.2 ], [ 282877.23, 4155140.78 ], [ 282877.19, 4155140.87 ], [ 282877.14, 4155140.95 ], [ 282877.07, 4155141.03 ], [ 282877.01, 4155141.1 ], [ 282876.93, 4155141.16 ], [ 282876.85, 4155141.22 ], [ 282876.77, 4155141.27 ], [ 282876.68, 4155141.31 ], [ 282876.58, 4155141.34 ], [ 282876.49, 4155141.36 ], [ 282876.39, 4155141.37 ], [ 282876.29, 4155141.38 ], [ 282876.2, 4155141.37 ], [ 282876.1, 4155141.35 ], [ 282876.0, 4155141.32 ], [ 282875.91, 4155141.29 ], [ 282872.56, 4155139.8 ], [ 282863.52, 4155140.8 ], [ 282853.53, 4155159.63 ], [ 282855.53, 4155159.63 ], [ 282856.55, 4155160.05 ], [ 282858.71, 4155162.2 ], [ 282859.13, 4155163.22 ], [ 282859.13, 4155163.28 ], [ 282892.83, 4155177.84 ], [ 282894.44, 4155171.38 ] ] ], [ [ [ 282842.4, 4155180.06 ], [ 282842.38, 4155180.09 ], [ 282842.35, 4155180.15 ], [ 282842.12, 4155180.5 ], [ 282842.1, 4155180.53 ], [ 282842.09, 4155180.55 ], [ 282838.49, 4155185.42 ], [ 282840.25, 4155194.23 ], [ 282844.86, 4155196.14 ], [ 282847.49, 4155194.39 ], [ 282847.73, 4155193.95 ], [ 282847.79, 4155193.87 ], [ 282847.85, 4155193.79 ], [ 282847.91, 4155193.72 ], [ 282847.99, 4155193.66 ], [ 282848.07, 4155193.6 ], [ 282848.15, 4155193.55 ], [ 282848.24, 4155193.51 ], [ 282848.34, 4155193.48 ], [ 282848.43, 4155193.46 ], [ 282848.53, 4155193.45 ], [ 282848.63, 4155193.45 ], [ 282848.73, 4155193.45 ], [ 282848.82, 4155193.47 ], [ 282848.89, 4155193.49 ], [ 282849.34, 4155193.31 ], [ 282851.11, 4155193.0 ], [ 282851.72, 4155193.02 ], [ 282857.41, 4155194.45 ], [ 282857.54, 4155194.23 ], [ 282857.59, 4155194.15 ], [ 282857.66, 4155194.07 ], [ 282857.72, 4155194.0 ], [ 282857.8, 4155193.94 ], [ 282857.88, 4155193.88 ], [ 282857.97, 4155193.83 ], [ 282858.06, 4155193.8 ], [ 282858.15, 4155193.77 ], [ 282858.25, 4155193.75 ], [ 282858.34, 4155193.74 ], [ 282858.44, 4155193.73 ], [ 282858.54, 4155193.74 ], [ 282858.64, 4155193.76 ], [ 282858.73, 4155193.79 ], [ 282858.82, 4155193.83 ], [ 282858.91, 4155193.87 ], [ 282864.4, 4155197.08 ], [ 282864.49, 4155197.13 ], [ 282864.56, 4155197.2 ], [ 282864.63, 4155197.26 ], [ 282864.7, 4155197.34 ], [ 282864.75, 4155197.42 ], [ 282864.8, 4155197.51 ], [ 282864.84, 4155197.6 ], [ 282864.87, 4155197.69 ], [ 282864.89, 4155197.79 ], [ 282864.9, 4155197.89 ], [ 282864.9, 4155197.98 ], [ 282864.89, 4155198.08 ], [ 282864.87, 4155198.18 ], [ 282864.84, 4155198.27 ], [ 282866.77, 4155199.02 ], [ 282869.04, 4155196.44 ], [ 282870.72, 4155181.31 ], [ 282871.27, 4155180.33 ], [ 282873.71, 4155178.44 ], [ 282874.8, 4155178.15 ], [ 282879.82, 4155178.87 ], [ 282859.13, 4155169.93 ], [ 282859.13, 4155171.03 ], [ 282858.71, 4155172.05 ], [ 282856.55, 4155174.2 ], [ 282855.53, 4155174.63 ], [ 282845.74, 4155174.63 ], [ 282845.23, 4155174.9 ], [ 282842.4, 4155180.06 ] ] ] ] } },
{ "type": "Feature", "properties": { "id": "richmond_structure:244055", "name": null, "kind": "deck", "sport": null, "surface": null, "pitch_layout": null, "source": "richmond_structures", "source_updated": "2026-09-08T12:07:13.637000Z", "base_z": null, "top_z": null }, "geometry": { "type": "Polygon", "coordinates": [ [ [ 282883.08, 4155153.46 ], [ 282883.38, 4155154.15 ], [ 282884.58, 4155154.84 ], [ 282886.73, 4155149.63 ], [ 282884.4, 4155148.47 ], [ 282883.08, 4155153.46 ] ] ] } },
{ "type": "Feature", "properties": { "id": "richmond_structure:243090", "name": null, "kind": "deck", "sport": null, "surface": null, "pitch_layout": null, "source": "richmond_structures", "source_updated": "2026-09-08T12:07:13.637000Z", "base_z": null, "top_z": null }, "geometry": { "type": "Polygon", "coordinates": [ [ [ 282867.83, 4155196.42 ], [ 282872.84, 4155198.72 ], [ 282875.08, 4155193.84 ], [ 282870.07, 4155191.54 ], [ 282867.83, 4155196.42 ] ] ] } },
{ "type": "Feature", "properties": { "id": "richmond_structure:242729", "name": null, "kind": "deck", "sport": null, "surface": null, "pitch_layout": null, "source": "richmond_structures", "source_updated": "2026-09-08T12:07:13.637000Z", "base_z": null, "top_z": null }, "geometry": { "type": "Polygon", "coordinates": [ [ [ 282850.0, 4155192.18 ], [ 282848.42, 4155195.29 ], [ 282854.27, 4155198.59 ], [ 282855.75, 4155195.18 ], [ 282850.0, 4155192.18 ] ] ] } },
{ "type": "Feature", "properties": { "id": "richmond_structure:242730", "name": null, "kind": "deck", "sport": null, "surface": null, "pitch_layout": null, "source": "richmond_structures", "source_updated": "2026-09-08T12:07:13.637000Z", "base_z": null, "top_z": null }, "geometry": { "type": "Polygon", "coordinates": [ [ [ 282862.66, 4155198.16 ], [ 282864.74, 4155194.17 ], [ 282862.85, 4155192.71 ], [ 282860.29, 4155196.77 ], [ 282862.66, 4155198.16 ] ] ] } },
{ "type": "Feature", "properties": { "id": "richmond_structure:242940", "name": null, "kind": "deck", "sport": null, "surface": null, "pitch_layout": null, "source": "richmond_structures", "source_updated": "2026-09-08T12:07:13.637000Z", "base_z": null, "top_z": null }, "geometry": { "type": "Polygon", "coordinates": [ [ [ 282911.57, 4155213.41 ], [ 282916.91, 4155215.92 ], [ 282917.66, 4155214.32 ], [ 282912.33, 4155211.81 ], [ 282911.57, 4155213.41 ] ] ] } },
{ "type": "Feature", "properties": { "id": "richmond_structure:242740", "name": null, "kind": "deck", "sport": null, "surface": null, "pitch_layout": null, "source": "richmond_structures", "source_updated": "2026-09-08T12:07:13.637000Z", "base_z": null, "top_z": null }, "geometry": { "type": "Polygon", "coordinates": [ [ [ 282864.66, 4155216.1 ], [ 282865.56, 4155214.77 ], [ 282860.21, 4155211.81 ], [ 282858.76, 4155213.22 ], [ 282864.66, 4155216.1 ] ] ] } },
{ "type": "Feature", "properties": { "id": "imagery:groundcover_lawn:3306", "name": null, "kind": "groundcover_lawn", "sport": null, "surface": null, "pitch_layout": null, "source": "vgin_vbmp+naip+lidar2025", "source_updated": null, "base_z": null, "top_z": null }, "geometry": { "type": "Polygon", "coordinates": [ [ [ 282838.94, 4155217.39 ], [ 282846.54, 4155218.91 ], [ 282850.13, 4155215.97 ], [ 282850.13, 4155213.63 ], [ 282847.13, 4155210.63 ], [ 282838.13, 4155210.63 ], [ 282835.13, 4155213.63 ], [ 282835.13, 4155214.17 ], [ 282837.16, 4155216.65 ], [ 282838.94, 4155217.39 ] ] ] } },
{ "type": "Feature", "properties": { "id": "imagery:groundcover_lawn:3308", "name": null, "kind": "groundcover_lawn", "sport": null, "surface": null, "pitch_layout": null, "source": "vgin_vbmp+naip+lidar2025", "source_updated": null, "base_z": null, "top_z": null }, "geometry": { "type": "Polygon", "coordinates": [ [ [ 282917.69, 4155214.28 ], [ 282917.76, 4155214.35 ], [ 282917.83, 4155214.41 ], [ 282917.89, 4155214.49 ], [ 282917.95, 4155214.57 ], [ 282917.99, 4155214.66 ], [ 282918.03, 4155214.75 ], [ 282918.06, 4155214.84 ], [ 282918.08, 4155214.94 ], [ 282918.09, 4155215.04 ], [ 282918.09, 4155215.13 ], [ 282918.08, 4155215.23 ], [ 282918.06, 4155215.33 ], [ 282918.03, 4155215.42 ], [ 282918.0, 4155215.51 ], [ 282916.13, 4155219.48 ], [ 282916.13, 4155223.08 ], [ 282917.41, 4155224.59 ], [ 282920.86, 4155226.01 ], [ 282920.95, 4155226.05 ], [ 282921.03, 4155226.1 ], [ 282921.11, 4155226.16 ], [ 282921.18, 4155226.23 ], [ 282921.25, 4155226.3 ], [ 282921.31, 4155226.38 ], [ 282921.36, 4155226.46 ], [ 282921.38, 4155226.5 ], [ 282924.41, 4155227.01 ], [ 282924.93, 4155225.88 ], [ 282924.98, 4155225.79 ], [ 282925.03, 4155225.71 ], [ 282925.1, 4155225.64 ], [ 282925.17, 4155225.57 ], [ 282925.24, 4155225.5 ], [ 282925.32, 4155225.45 ], [ 282925.41, 4155225.4 ], [ 282925.5, 4155225.36 ], [ 282925.59, 4155225.33 ], [ 282925.69, 4155225.32 ], [ 282925.79, 4155225.3 ], [ 282925.88, 4155225.3 ], [ 282925.98, 4155225.31 ], [ 282926.08, 4155225.33 ], [ 282926.17, 4155225.36 ], [ 282926.26, 4155225.4 ], [ 282931.1, 4155227.65 ], [ 282933.56, 4155225.57 ], [ 282933.99, 4155225.71 ], [ 282934.41, 4155224.4 ], [ 282935.91, 4155222.32 ], [ 282936.63, 4155221.79 ], [ 282940.62, 4155220.46 ], [ 282942.61, 4155217.03 ], [ 282940.7, 4155207.47 ], [ 282937.27, 4155205.1 ], [ 282923.08, 4155207.47 ], [ 282921.45, 4155208.31 ], [ 282917.01, 4155212.75 ], [ 282916.6, 4155213.75 ], [ 282917.52, 4155214.18 ], [ 282917.6, 4155214.23 ], [ 282917.69, 4155214.28 ] ] ] } },
{ "type": "Feature", "properties": { "id": "imagery:groundcover_bare:3299", "name": null, "kind": "groundcover_bare", "sport": null, "surface": null, "pitch_layout": null, "source": "vgin_vbmp+naip+lidar2025", "source_updated": null, "base_z": null, "top_z": null }, "geometry": { "type": "Polygon", "coordinates": [ [ [ 282967.55, 4155232.12 ], [ 282969.55, 4155220.12 ], [ 282966.59, 4155216.63 ], [ 282963.67, 4155216.63 ], [ 282960.71, 4155219.13 ], [ 282958.71, 4155231.13 ], [ 282961.67, 4155234.63 ], [ 282964.59, 4155234.63 ], [ 282967.55, 4155232.12 ] ] ] } },
{ "type": "Feature", "properties": { "id": "richmond_structure:242455", "name": null, "kind": "deck", "sport": null, "surface": null, "pitch_layout": null, "source": "richmond_structures", "source_updated": "2026-09-08T12:07:13.637000Z", "base_z": null, "top_z": null }, "geometry": { "type": "Polygon", "coordinates": [ [ [ 282750.0, 4155160.44 ], [ 282750.0, 4155162.26 ], [ 282750.76, 4155160.83 ], [ 282750.0, 4155160.44 ] ] ] } },
{ "type": "Feature", "properties": { "id": "richmond_structure:242506", "name": null, "kind": "deck", "sport": null, "surface": null, "pitch_layout": null, "source": "richmond_structures", "source_updated": "2026-09-08T12:07:13.637000Z", "base_z": null, "top_z": null }, "geometry": { "type": "Polygon", "coordinates": [ [ [ 282757.93, 4155171.25 ], [ 282759.58, 4155167.99 ], [ 282754.65, 4155165.42 ], [ 282752.84, 4155168.89 ], [ 282757.93, 4155171.25 ] ] ] } },
{ "type": "Feature", "properties": { "id": "richmond_structure:242507", "name": null, "kind": "deck", "sport": null, "surface": null, "pitch_layout": null, "source": "richmond_structures", "source_updated": "2026-09-08T12:07:13.637000Z", "base_z": null, "top_z": null }, "geometry": { "type": "Polygon", "coordinates": [ [ [ 282765.3, 4155173.16 ], [ 282766.56, 4155170.56 ], [ 282763.49, 4155169.17 ], [ 282762.32, 4155171.52 ], [ 282765.3, 4155173.16 ] ] ] } },
{ "type": "Feature", "properties": { "id": "richmond_structure:242522", "name": null, "kind": "deck", "sport": null, "surface": null, "pitch_layout": null, "source": "richmond_structures", "source_updated": "2026-09-08T12:07:13.637000Z", "base_z": null, "top_z": null }, "geometry": { "type": "Polygon", "coordinates": [ [ [ 282774.11, 4155177.04 ], [ 282775.35, 4155174.75 ], [ 282771.94, 4155173.11 ], [ 282770.96, 4155175.37 ], [ 282774.11, 4155177.04 ] ] ] } },
{ "type": "Feature", "properties": { "id": "richmond_structure:242585", "name": null, "kind": "deck", "sport": null, "surface": null, "pitch_layout": null, "source": "richmond_structures", "source_updated": "2026-09-08T12:07:13.637000Z", "base_z": null, "top_z": null }, "geometry": { "type": "Polygon", "coordinates": [ [ [ 282782.91, 4155183.0 ], [ 282784.29, 4155180.45 ], [ 282781.33, 4155178.84 ], [ 282780.02, 4155181.44 ], [ 282782.91, 4155183.0 ] ] ] } },
{ "type": "Feature", "properties": { "id": "richmond_structure:242584", "name": null, "kind": "deck", "sport": null, "surface": null, "pitch_layout": null, "source": "richmond_structures", "source_updated": "2026-09-08T12:07:13.637000Z", "base_z": null, "top_z": null }, "geometry": { "type": "Polygon", "coordinates": [ [ [ 282789.05, 4155187.19 ], [ 282789.79, 4155187.72 ], [ 282792.38, 4155187.35 ], [ 282794.11, 4155183.81 ], [ 282789.85, 4155181.73 ], [ 282787.97, 4155185.18 ], [ 282789.05, 4155187.19 ] ] ] } },
{ "type": "Feature", "properties": { "id": "imagery:groundcover_lawn:3320", "name": null, "kind": "groundcover_lawn", "sport": null, "surface": null, "pitch_layout": null, "source": "vgin_vbmp+naip+lidar2025", "source_updated": null, "base_z": null, "top_z": null }, "geometry": { "type": "Polygon", "coordinates": [ [ [ 282796.8, 4155198.04 ], [ 282800.21, 4155196.47 ], [ 282802.39, 4155192.11 ], [ 282799.12, 4155187.83 ], [ 282792.86, 4155189.08 ], [ 282791.93, 4155188.96 ], [ 282789.55, 4155187.79 ], [ 282788.89, 4155187.13 ], [ 282787.75, 4155184.86 ], [ 282785.79, 4155183.29 ], [ 282778.86, 4155181.56 ], [ 282775.13, 4155184.47 ], [ 282775.13, 4155189.65 ], [ 282789.71, 4155196.27 ], [ 282796.8, 4155198.04 ] ] ] } },
{ "type": "Feature", "properties": { "id": "richmond_structure:242453", "name": null, "kind": "deck", "sport": null, "surface": null, "pitch_layout": null, "source": "richmond_structures", "source_updated": "2026-09-08T12:07:13.637000Z", "base_z": null, "top_z": null }, "geometry": { "type": "Polygon", "coordinates": [ [ [ 282813.17, 4155195.18 ], [ 282814.33, 4155192.65 ], [ 282808.93, 4155189.91 ], [ 282807.73, 4155192.44 ], [ 282813.17, 4155195.18 ] ] ] } },
{ "type": "Feature", "properties": { "id": "richmond_structure:242628", "name": null, "kind": "deck", "sport": null, "surface": null, "pitch_layout": null, "source": "richmond_structures", "source_updated": "2026-09-08T12:07:13.637000Z", "base_z": null, "top_z": null }, "geometry": { "type": "Polygon", "coordinates": [ [ [ 282763.79, 4155222.58 ], [ 282761.12, 4155221.08 ], [ 282757.76, 4155228.21 ], [ 282760.64, 4155229.56 ], [ 282763.79, 4155222.58 ] ] ] } },
{ "type": "Feature", "properties": { "id": "richmond_structure:242738", "name": null, "kind": "deck", "sport": null, "surface": null, "pitch_layout": null, "source": "richmond_structures", "source_updated": "2026-09-08T12:07:13.637000Z", "base_z": null, "top_z": null }, "geometry": { "type": "Polygon", "coordinates": [ [ [ 282757.67, 4155237.49 ], [ 282760.69, 4155230.8 ], [ 282756.47, 4155228.75 ], [ 282753.4, 4155235.7 ], [ 282757.67, 4155237.49 ] ] ] } },
{ "type": "Feature", "properties": { "id": "richmond_structure:242568", "name": null, "kind": "deck", "sport": null, "surface": null, "pitch_layout": null, "source": "richmond_structures", "source_updated": "2026-09-08T12:07:13.637000Z", "base_z": null, "top_z": null }, "geometry": { "type": "Polygon", "coordinates": [ [ [ 282967.31, 4155186.42 ], [ 282968.86, 4155187.22 ], [ 282969.54, 4155187.19 ], [ 282970.47, 4155185.23 ], [ 282967.48, 4155183.98 ], [ 282966.81, 4155185.31 ], [ 282967.31, 4155186.42 ] ] ] } },
{ "type": "Feature", "properties": { "id": "richmond_structure:242569", "name": null, "kind": "deck", "sport": null, "surface": null, "pitch_layout": null, "source": "richmond_structures", "source_updated": "2026-09-08T12:07:13.637000Z", "base_z": null, "top_z": null }, "geometry": { "type": "Polygon", "coordinates": [ [ [ 282972.08, 4155188.51 ], [ 282973.07, 4155189.21 ], [ 282974.03, 4155189.17 ], [ 282974.54, 4155186.94 ], [ 282972.47, 4155186.07 ], [ 282971.82, 4155187.5 ], [ 282972.08, 4155188.51 ] ] ] } },
{ "type": "Feature", "properties": { "id": "richmond_structure:242735", "name": null, "kind": "deck", "sport": null, "surface": null, "pitch_layout": null, "source": "richmond_structures", "source_updated": "2026-09-08T12:07:13.637000Z", "base_z": null, "top_z": null }, "geometry": { "type": "Polygon", "coordinates": [ [ [ 282991.38, 4155188.72 ], [ 282990.82, 4155189.67 ], [ 282996.5, 4155192.05 ], [ 282996.81, 4155191.22 ], [ 282991.38, 4155188.72 ] ] ] } },
{ "type": "Feature", "properties": { "id": "richmond_structure:242594", "name": null, "kind": "deck", "sport": null, "surface": null, "pitch_layout": null, "source": "richmond_structures", "source_updated": "2026-09-08T12:07:13.637000Z", "base_z": null, "top_z": null }, "geometry": { "type": "Polygon", "coordinates": [ [ [ 282976.45, 4155193.22 ], [ 282977.31, 4155193.69 ], [ 282978.1, 4155193.66 ], [ 282979.11, 4155193.4 ], [ 282979.64, 4155192.09 ], [ 282976.84, 4155190.92 ], [ 282976.13, 4155192.27 ], [ 282976.45, 4155193.22 ] ] ] } },
{ "type": "Feature", "properties": { "id": "richmond_structure:242564", "name": null, "kind": "deck", "sport": null, "surface": null, "pitch_layout": null, "source": "richmond_structures", "source_updated": "2026-09-08T12:07:13.637000Z", "base_z": null, "top_z": null }, "geometry": { "type": "Polygon", "coordinates": [ [ [ 282980.92, 4155194.69 ], [ 282981.52, 4155195.69 ], [ 282983.06, 4155195.92 ], [ 282983.82, 4155195.09 ], [ 282984.02, 4155193.93 ], [ 282981.49, 4155192.87 ], [ 282980.87, 4155193.45 ], [ 282980.92, 4155194.69 ] ] ] } },
{ "type": "Feature", "properties": { "id": "richmond_structure:242570", "name": null, "kind": "deck", "sport": null, "surface": null, "pitch_layout": null, "source": "richmond_structures", "source_updated": "2026-09-08T12:07:13.637000Z", "base_z": null, "top_z": null }, "geometry": { "type": "Polygon", "coordinates": [ [ [ 282986.16, 4155200.27 ], [ 282987.42, 4155200.56 ], [ 282988.41, 4155199.68 ], [ 282989.01, 4155198.52 ], [ 282986.23, 4155197.35 ], [ 282985.39, 4155199.39 ], [ 282986.16, 4155200.27 ] ] ] } },
{ "type": "Feature", "properties": { "id": "richmond_structure:242565", "name": null, "kind": "deck", "sport": null, "surface": null, "pitch_layout": null, "source": "richmond_structures", "source_updated": "2026-09-08T12:07:13.637000Z", "base_z": null, "top_z": null }, "geometry": { "type": "Polygon", "coordinates": [ [ [ 282990.3, 4155201.87 ], [ 282991.51, 4155202.56 ], [ 282992.69, 4155202.35 ], [ 282993.74, 4155200.49 ], [ 282991.09, 4155199.39 ], [ 282990.26, 4155200.8 ], [ 282990.3, 4155201.87 ] ] ] } },
{ "type": "Feature", "properties": { "id": "richmond_structure:242561", "name": null, "kind": "deck", "sport": null, "surface": null, "pitch_layout": null, "source": "richmond_structures", "source_updated": "2026-09-08T12:07:13.637000Z", "base_z": null, "top_z": null }, "geometry": { "type": "Polygon", "coordinates": [ [ [ 283000.0, 4155208.6 ], [ 283000.0, 4155207.82 ], [ 282999.84, 4155208.44 ], [ 283000.0, 4155208.6 ] ] ] } },
{ "type": "Feature", "properties": { "id": "imagery:groundcover_lawn:3296", "name": null, "kind": "groundcover_lawn", "sport": null, "surface": null, "pitch_layout": null, "source": "vgin_vbmp+naip+lidar2025", "source_updated": null, "base_z": null, "top_z": null }, "geometry": { "type": "Polygon", "coordinates": [ [ [ 282995.45, 4155231.77 ], [ 282993.89, 4155230.32 ], [ 282993.49, 4155229.7 ], [ 282992.67, 4155227.24 ], [ 282972.08, 4155218.58 ], [ 282969.74, 4155220.15 ], [ 282967.62, 4155239.19 ], [ 282968.88, 4155239.72 ], [ 282968.97, 4155239.76 ], [ 282969.05, 4155239.81 ], [ 282969.13, 4155239.87 ], [ 282969.2, 4155239.94 ], [ 282969.26, 4155240.01 ], [ 282969.32, 4155240.09 ], [ 282969.37, 4155240.18 ], [ 282969.41, 4155240.27 ], [ 282969.44, 4155240.36 ], [ 282969.47, 4155240.46 ], [ 282969.48, 4155240.55 ], [ 282969.77, 4155240.01 ], [ 282969.82, 4155239.93 ], [ 282969.88, 4155239.85 ], [ 282969.95, 4155239.78 ], [ 282970.02, 4155239.71 ], [ 282970.1, 4155239.65 ], [ 282970.18, 4155239.6 ], [ 282970.27, 4155239.56 ], [ 282970.37, 4155239.53 ], [ 282970.46, 4155239.5 ], [ 282970.56, 4155239.49 ], [ 282970.66, 4155239.48 ], [ 282970.75, 4155239.49 ], [ 282970.85, 4155239.5 ], [ 282970.95, 4155239.53 ], [ 282971.04, 4155239.56 ], [ 282971.13, 4155239.6 ], [ 282974.56, 4155241.43 ], [ 282974.65, 4155241.48 ], [ 282974.73, 4155241.54 ], [ 282974.8, 4155241.61 ], [ 282974.86, 4155241.68 ], [ 282974.92, 4155241.76 ], [ 282974.97, 4155241.84 ], [ 282975.02, 4155241.93 ], [ 282975.05, 4155242.02 ], [ 282975.07, 4155242.12 ], [ 282975.09, 4155242.22 ], [ 282975.09, 4155242.31 ], [ 282975.09, 4155242.41 ], [ 282975.07, 4155242.51 ], [ 282975.05, 4155242.6 ], [ 282975.02, 4155242.7 ], [ 282974.97, 4155242.79 ], [ 282973.11, 4155246.28 ], [ 282973.13, 4155246.34 ], [ 282973.15, 4155246.44 ], [ 282973.16, 4155246.54 ], [ 282973.16, 4155246.63 ], [ 282973.15, 4155246.73 ], [ 282973.14, 4155246.83 ], [ 282973.11, 4155246.92 ], [ 282973.07, 4155247.01 ], [ 282973.06, 4155247.05 ], [ 282973.13, 4155247.22 ], [ 282973.13, 4155250.0 ], [ 283000.0, 4155250.0 ], [ 283000.0, 4155233.09 ], [ 282996.1, 4155232.12 ], [ 282995.45, 4155231.77 ] ] ] } },
{ "type": "Feature", "properties": { "id": "richmond_structure:242629", "name": null, "kind": "deck", "sport": null, "surface": null, "pitch_layout": null, "source": "richmond_structures", "source_updated": "2026-09-08T12:07:13.637000Z", "base_z": null, "top_z": null }, "geometry": { "type": "Polygon", "coordinates": [ [ [ 282968.32, 4155250.0 ], [ 282969.72, 4155250.0 ], [ 282971.15, 4155247.24 ], [ 282968.42, 4155245.78 ], [ 282966.69, 4155249.12 ], [ 282968.32, 4155250.0 ] ] ] } },
{ "type": "Feature", "properties": { "id": "richmond_structure:242542", "name": null, "kind": "deck", "sport": null, "surface": null, "pitch_layout": null, "source": "richmond_structures", "source_updated": "2026-09-08T12:07:13.637000Z", "base_z": null, "top_z": null }, "geometry": { "type": "Polygon", "coordinates": [ [ [ 282921.4, 4155228.7 ], [ 282920.23, 4155227.94 ], [ 282918.99, 4155230.95 ], [ 282920.22, 4155231.5 ], [ 282921.4, 4155228.7 ] ] ] } },
{ "type": "Feature", "properties": { "id": "richmond_structure:244003", "name": null, "kind": "deck", "sport": null, "surface": null, "pitch_layout": null, "source": "richmond_structures", "source_updated": "2026-09-08T12:07:13.637000Z", "base_z": null, "top_z": null }, "geometry": { "type": "Polygon", "coordinates": [ [ [ 282958.78, 4155234.56 ], [ 282957.75, 4155236.97 ], [ 282962.53, 4155239.01 ], [ 282963.56, 4155236.6 ], [ 282958.78, 4155234.56 ] ] ] } },
{ "type": "Feature", "properties": { "id": "richmond_structure:242744", "name": null, "kind": "deck", "sport": null, "surface": null, "pitch_layout": null, "source": "richmond_structures", "source_updated": "2026-09-08T12:07:13.637000Z", "base_z": null, "top_z": null }, "geometry": { "type": "Polygon", "coordinates": [ [ [ 282965.74, 4155247.72 ], [ 282966.41, 4155245.89 ], [ 282956.3, 4155241.58 ], [ 282954.12, 4155246.55 ], [ 282957.84, 4155248.14 ], [ 282959.14, 4155245.21 ], [ 282965.74, 4155247.72 ] ] ] } },
{ "type": "Feature", "properties": { "id": "richmond_structure:243096", "name": null, "kind": "deck", "sport": null, "surface": null, "pitch_layout": null, "source": "richmond_structures", "source_updated": "2026-09-08T12:07:13.637000Z", "base_z": null, "top_z": null }, "geometry": { "type": "Polygon", "coordinates": [ [ [ 282966.18, 4155250.0 ], [ 282966.31, 4155249.75 ], [ 282964.08, 4155248.66 ], [ 282963.42, 4155250.0 ], [ 282966.18, 4155250.0 ] ] ] } },
{ "type": "Feature", "properties": { "id": "imagery:groundcover_paved:3471", "name": null, "kind": "groundcover_paved", "sport": null, "surface": null, "pitch_layout": null, "source": "vgin_vbmp+naip+lidar2025", "source_updated": null, "base_z": null, "top_z": null }, "geometry": { "type": "MultiPolygon", "coordinates": [ [ [ [ 282896.13, 4155000.63 ], [ 282909.53, 4155000.63 ], [ 282909.86, 4155000.0 ], [ 282894.3, 4155000.0 ], [ 282894.33, 4155000.03 ], [ 282896.13, 4155000.63 ] ] ], [ [ [ 282912.71, 4155003.2 ], [ 282913.13, 4155004.22 ], [ 282913.13, 4155004.77 ], [ 282914.79, 4155007.45 ], [ 282916.59, 4155008.35 ], [ 282917.25, 4155009.03 ], [ 282918.41, 4155011.46 ], [ 282918.51, 4155012.4 ], [ 282916.6, 4155021.02 ], [ 282922.96, 4155008.78 ], [ 282922.96, 4155008.7 ], [ 282923.0, 4155008.23 ], [ 282923.09, 4155007.76 ], [ 282923.22, 4155007.31 ], [ 282923.39, 4155006.87 ], [ 282923.61, 4155006.46 ], [ 282923.87, 4155006.06 ], [ 282924.16, 4155005.69 ], [ 282924.49, 4155005.36 ], [ 282924.85, 4155005.05 ], [ 282925.24, 4155004.79 ], [ 282925.65, 4155004.56 ], [ 282926.09, 4155004.38 ], [ 282926.54, 4155004.23 ], [ 282927.0, 4155004.14 ], [ 282927.47, 4155004.08 ], [ 282927.94, 4155004.08 ], [ 282928.41, 4155004.12 ], [ 282928.87, 4155004.21 ], [ 282929.32, 4155004.34 ], [ 282929.76, 4155004.51 ], [ 282964.13, 4155020.28 ], [ 282964.13, 4155018.63 ], [ 282962.28, 4155015.85 ], [ 282960.71, 4155015.2 ], [ 282958.55, 4155013.05 ], [ 282957.9, 4155011.48 ], [ 282957.7, 4155011.56 ], [ 282955.72, 4155009.14 ], [ 282931.05, 4155004.21 ], [ 282930.21, 4155003.71 ], [ 282928.46, 4155001.57 ], [ 282928.13, 4155000.65 ], [ 282928.13, 4155000.0 ], [ 282911.77, 4155000.0 ], [ 282912.13, 4155002.63 ], [ 282912.71, 4155003.2 ] ] ], [ [ [ 282944.63, 4155027.85 ], [ 282945.4, 4155027.63 ], [ 282954.53, 4155027.63 ], [ 282955.55, 4155028.05 ], [ 282957.71, 4155030.2 ], [ 282958.36, 4155031.77 ], [ 282961.72, 4155033.57 ], [ 282964.0, 4155030.78 ], [ 282929.45, 4155014.93 ], [ 282928.61, 4155016.57 ], [ 282928.78, 4155016.54 ], [ 282934.37, 4155017.94 ], [ 282935.17, 4155018.45 ], [ 282936.82, 4155020.57 ], [ 282937.05, 4155021.23 ], [ 282936.71, 4155022.05 ], [ 282934.55, 4155024.2 ], [ 282933.53, 4155024.63 ], [ 282932.29, 4155024.63 ], [ 282931.31, 4155025.99 ], [ 282941.68, 4155030.52 ], [ 282942.12, 4155029.66 ], [ 282942.66, 4155029.06 ], [ 282944.63, 4155027.85 ] ] ], [ [ [ 282837.33, 4155037.71 ], [ 282837.82, 4155037.72 ], [ 282838.31, 4155037.78 ], [ 282838.78, 4155037.89 ], [ 282839.25, 4155038.05 ], [ 282839.7, 4155038.25 ], [ 282843.54, 4155040.21 ], [ 282844.13, 4155039.63 ], [ 282844.13, 4155037.22 ], [ 282844.55, 4155036.2 ], [ 282846.71, 4155034.05 ], [ 282848.28, 4155033.4 ], [ 282849.9, 4155031.77 ], [ 282850.55, 4155030.2 ], [ 282852.71, 4155028.05 ], [ 282853.73, 4155027.63 ], [ 282856.13, 4155027.63 ], [ 282859.13, 4155024.63 ], [ 282859.13, 4155012.63 ], [ 282856.13, 4155009.63 ], [ 282850.13, 4155009.63 ], [ 282847.36, 4155011.48 ], [ 282846.71, 4155013.05 ], [ 282844.55, 4155015.2 ], [ 282843.53, 4155015.63 ], [ 282833.74, 4155015.63 ], [ 282831.24, 4155016.96 ], [ 282827.23, 4155022.98 ], [ 282826.7, 4155023.46 ], [ 282824.85, 4155024.45 ], [ 282824.16, 4155024.63 ], [ 282817.13, 4155024.63 ], [ 282814.13, 4155027.63 ], [ 282814.13, 4155029.28 ], [ 282818.29, 4155031.38 ], [ 282818.71, 4155031.62 ], [ 282818.77, 4155031.66 ], [ 282818.8, 4155031.65 ], [ 282819.24, 4155031.43 ], [ 282819.69, 4155031.26 ], [ 282820.17, 4155031.13 ], [ 282820.65, 4155031.05 ], [ 282821.14, 4155031.02 ], [ 282821.63, 4155031.03 ], [ 282822.12, 4155031.1 ], [ 282822.6, 4155031.21 ], [ 282823.06, 4155031.37 ], [ 282823.51, 4155031.57 ], [ 282828.53, 4155034.15 ], [ 282828.96, 4155034.4 ], [ 282829.36, 4155034.68 ], [ 282829.73, 4155035.0 ], [ 282830.06, 4155035.36 ], [ 282830.36, 4155035.75 ], [ 282830.62, 4155036.17 ], [ 282830.84, 4155036.61 ], [ 282831.01, 4155037.07 ], [ 282831.14, 4155037.54 ], [ 282831.22, 4155038.03 ], [ 282831.25, 4155038.52 ], [ 282831.23, 4155039.01 ], [ 282831.17, 4155039.49 ], [ 282831.06, 4155039.97 ], [ 282830.9, 4155040.44 ], [ 282830.7, 4155040.88 ], [ 282828.55, 4155045.06 ], [ 282830.89, 4155044.51 ], [ 282832.97, 4155040.44 ], [ 282833.22, 4155040.01 ], [ 282833.5, 4155039.61 ], [ 282833.82, 4155039.24 ], [ 282834.18, 4155038.9 ], [ 282834.57, 4155038.6 ], [ 282834.98, 4155038.34 ], [ 282835.42, 4155038.12 ], [ 282835.88, 4155037.95 ], [ 282836.36, 4155037.82 ], [ 282836.84, 4155037.74 ], [ 282837.33, 4155037.71 ] ] ], [ [ [ 282995.87, 4155034.83 ], [ 283000.0, 4155036.73 ], [ 283000.0, 4155028.88 ], [ 282990.86, 4155032.53 ], [ 282995.87, 4155034.83 ] ] ], [ [ [ 282890.0, 4155020.12 ], [ 282887.59, 4155020.83 ], [ 282886.71, 4155020.82 ], [ 282884.08, 4155019.94 ], [ 282880.13, 4155022.79 ], [ 282880.13, 4155036.03 ], [ 282879.71, 4155037.05 ], [ 282877.55, 4155039.2 ], [ 282876.53, 4155039.63 ], [ 282872.13, 4155039.63 ], [ 282870.33, 4155040.23 ], [ 282861.0, 4155047.22 ], [ 282861.28, 4155047.47 ], [ 282861.61, 4155047.81 ], [ 282861.91, 4155048.19 ], [ 282862.17, 4155048.59 ], [ 282862.39, 4155049.02 ], [ 282862.56, 4155049.47 ], [ 282862.7, 4155049.93 ], [ 282862.79, 4155050.4 ], [ 282862.83, 4155050.88 ], [ 282862.83, 4155051.35 ], [ 282862.78, 4155051.83 ], [ 282862.68, 4155052.3 ], [ 282862.55, 4155052.76 ], [ 282862.36, 4155053.2 ], [ 282861.52, 4155055.01 ], [ 282861.62, 4155055.39 ], [ 282861.68, 4155055.87 ], [ 282861.71, 4155056.36 ], [ 282861.7, 4155056.57 ], [ 282861.72, 4155056.74 ], [ 282861.6, 4155058.44 ], [ 282861.44, 4155059.0 ], [ 282857.15, 4155067.59 ], [ 282856.6, 4155068.19 ], [ 282855.8, 4155068.68 ], [ 282855.77, 4155068.73 ], [ 282855.53, 4155069.15 ], [ 282855.24, 4155069.54 ], [ 282854.91, 4155069.9 ], [ 282854.55, 4155070.23 ], [ 282854.16, 4155070.52 ], [ 282853.75, 4155070.78 ], [ 282853.31, 4155070.99 ], [ 282852.85, 4155071.16 ], [ 282852.38, 4155071.28 ], [ 282851.9, 4155071.35 ], [ 282851.41, 4155071.38 ], [ 282850.93, 4155071.36 ], [ 282850.45, 4155071.3 ], [ 282849.97, 4155071.19 ], [ 282849.51, 4155071.03 ], [ 282849.07, 4155070.83 ], [ 282846.74, 4155069.63 ], [ 282845.67, 4155069.63 ], [ 282845.27, 4155069.55 ], [ 282881.9, 4155087.78 ], [ 282907.84, 4155037.86 ], [ 282905.89, 4155037.21 ], [ 282905.31, 4155036.85 ], [ 282903.9, 4155035.45 ], [ 282903.55, 4155034.87 ], [ 282901.79, 4155029.59 ], [ 282900.28, 4155027.86 ], [ 282898.68, 4155027.06 ], [ 282896.65, 4155024.37 ], [ 282896.42, 4155023.12 ], [ 282897.03, 4155020.99 ], [ 282895.52, 4155017.5 ], [ 282891.8, 4155018.29 ], [ 282890.73, 4155019.63 ], [ 282890.0, 4155020.12 ] ], [ [ 282883.55, 4155046.05 ], [ 282883.13, 4155045.03 ], [ 282883.13, 4155043.22 ], [ 282883.55, 4155042.2 ], [ 282885.71, 4155040.05 ], [ 282886.73, 4155039.63 ], [ 282888.53, 4155039.63 ], [ 282889.55, 4155040.05 ], [ 282891.71, 4155042.2 ], [ 282892.13, 4155043.22 ], [ 282892.13, 4155045.03 ], [ 282891.71, 4155046.05 ], [ 282889.55, 4155048.2 ], [ 282888.53, 4155048.63 ], [ 282886.73, 4155048.63 ], [ 282885.71, 4155048.2 ], [ 282883.55, 4155046.05 ] ] ], [ [ [ 282991.25, 4155047.43 ], [ 282991.73, 4155047.34 ], [ 282992.22, 4155047.29 ], [ 282992.71, 4155047.29 ], [ 282993.2, 4155047.33 ], [ 282993.68, 4155047.43 ], [ 282994.15, 4155047.57 ], [ 282994.6, 4155047.76 ], [ 283000.0, 4155050.3 ], [ 283000.0, 4155047.29 ], [ 282991.87, 4155043.56 ], [ 282983.29, 4155039.63 ], [ 282982.13, 4155039.63 ], [ 282979.13, 4155042.63 ], [ 282979.13, 4155043.77 ], [ 282982.9, 4155045.39 ], [ 282983.33, 4155045.6 ], [ 282983.74, 4155045.85 ], [ 282984.1, 4155046.12 ], [ 282984.38, 4155046.2 ], [ 282984.84, 4155046.37 ], [ 282989.39, 4155048.35 ], [ 282989.49, 4155048.27 ], [ 282989.89, 4155048.0 ], [ 282990.33, 4155047.76 ], [ 282990.78, 4155047.57 ], [ 282991.25, 4155047.43 ] ] ], [ [ [ 282835.25, 4155077.3 ], [ 282835.67, 4155077.54 ], [ 282836.08, 4155077.82 ], [ 282836.45, 4155078.14 ], [ 282836.79, 4155078.49 ], [ 282837.1, 4155078.88 ], [ 282837.36, 4155079.29 ], [ 282837.58, 4155079.72 ], [ 282837.76, 4155080.18 ], [ 282837.9, 4155080.65 ], [ 282837.98, 4155081.14 ], [ 282838.02, 4155081.63 ], [ 282838.02, 4155082.12 ], [ 282837.96, 4155082.6 ], [ 282837.85, 4155083.08 ], [ 282837.7, 4155083.55 ], [ 282837.51, 4155084.0 ], [ 282835.52, 4155088.01 ], [ 282837.46, 4155089.95 ], [ 282841.4, 4155082.2 ], [ 282841.64, 4155081.77 ], [ 282841.92, 4155081.37 ], [ 282842.24, 4155081.0 ], [ 282842.6, 4155080.66 ], [ 282842.99, 4155080.36 ], [ 282843.4, 4155080.1 ], [ 282843.84, 4155079.88 ], [ 282844.3, 4155079.71 ], [ 282844.77, 4155079.58 ], [ 282845.26, 4155079.5 ], [ 282845.75, 4155079.46 ], [ 282845.9, 4155079.47 ], [ 282788.47, 4155050.88 ], [ 282787.25, 4155050.27 ], [ 282786.95, 4155050.84 ], [ 282787.12, 4155050.79 ], [ 282787.29, 4155050.75 ], [ 282787.46, 4155050.72 ], [ 282787.64, 4155050.71 ], [ 282787.81, 4155050.72 ], [ 282787.99, 4155050.75 ], [ 282788.16, 4155050.8 ], [ 282788.33, 4155050.86 ], [ 282788.48, 4155050.93 ], [ 282788.64, 4155051.03 ], [ 282788.78, 4155051.13 ], [ 282788.91, 4155051.25 ], [ 282789.02, 4155051.38 ], [ 282789.13, 4155051.53 ], [ 282789.22, 4155051.68 ], [ 282789.56, 4155051.76 ], [ 282790.03, 4155051.92 ], [ 282790.48, 4155052.12 ], [ 282795.77, 4155054.86 ], [ 282796.2, 4155055.11 ], [ 282796.6, 4155055.4 ], [ 282796.97, 4155055.73 ], [ 282797.02, 4155055.79 ], [ 282797.41, 4155055.83 ], [ 282797.89, 4155055.94 ], [ 282798.35, 4155056.09 ], [ 282798.8, 4155056.29 ], [ 282804.19, 4155058.98 ], [ 282804.62, 4155059.22 ], [ 282805.02, 4155059.51 ], [ 282805.35, 4155059.78 ], [ 282805.39, 4155059.79 ], [ 282805.86, 4155059.94 ], [ 282806.3, 4155060.12 ], [ 282812.19, 4155062.91 ], [ 282812.61, 4155063.14 ], [ 282813.01, 4155063.4 ], [ 282813.38, 4155063.7 ], [ 282813.72, 4155064.03 ], [ 282814.02, 4155064.4 ], [ 282814.29, 4155064.79 ], [ 282814.53, 4155065.21 ], [ 282814.72, 4155065.65 ], [ 282814.87, 4155066.1 ], [ 282814.97, 4155066.57 ], [ 282814.98, 4155066.63 ], [ 282816.53, 4155066.63 ], [ 282817.55, 4155067.05 ], [ 282819.71, 4155069.2 ], [ 282820.13, 4155070.22 ], [ 282820.13, 4155070.94 ], [ 282827.86, 4155074.86 ], [ 282828.27, 4155074.79 ], [ 282828.76, 4155074.75 ], [ 282829.25, 4155074.76 ], [ 282829.74, 4155074.82 ], [ 282830.22, 4155074.92 ], [ 282830.69, 4155075.07 ], [ 282831.14, 4155075.27 ], [ 282835.25, 4155077.3 ] ] ], [ [ [ 282791.48, 4155083.85 ], [ 282791.03, 4155083.68 ], [ 282786.43, 4155081.62 ], [ 282786.0, 4155081.4 ], [ 282785.59, 4155081.14 ], [ 282785.21, 4155080.85 ], [ 282784.86, 4155080.52 ], [ 282784.54, 4155080.15 ], [ 282784.26, 4155079.76 ], [ 282784.02, 4155079.35 ], [ 282783.82, 4155078.91 ], [ 282783.67, 4155078.45 ], [ 282783.55, 4155077.98 ], [ 282783.49, 4155077.51 ], [ 282783.47, 4155077.03 ], [ 282783.49, 4155076.54 ], [ 282783.57, 4155076.07 ], [ 282783.68, 4155075.6 ], [ 282783.85, 4155075.15 ], [ 282784.05, 4155074.71 ], [ 282784.52, 4155073.82 ], [ 282781.13, 4155076.47 ], [ 282781.13, 4155081.03 ], [ 282780.71, 4155082.05 ], [ 282778.55, 4155084.2 ], [ 282777.53, 4155084.63 ], [ 282773.52, 4155084.63 ], [ 282770.81, 4155090.02 ], [ 282788.66, 4155098.92 ], [ 282787.76, 4155097.57 ], [ 282787.57, 4155097.17 ], [ 282787.2, 4155095.93 ], [ 282787.13, 4155095.5 ], [ 282787.13, 4155092.16 ], [ 282787.24, 4155091.6 ], [ 282787.9, 4155090.02 ], [ 282788.22, 4155089.54 ], [ 282793.69, 4155084.07 ], [ 282793.38, 4155084.1 ], [ 282792.9, 4155084.11 ], [ 282792.42, 4155084.07 ], [ 282791.94, 4155083.98 ], [ 282791.48, 4155083.85 ] ] ], [ [ [ 282893.23, 4155112.23 ], [ 282894.16, 4155110.5 ], [ 282893.97, 4155110.07 ], [ 282893.82, 4155109.6 ], [ 282893.71, 4155109.12 ], [ 282893.65, 4155108.64 ], [ 282893.64, 4155108.15 ], [ 282893.67, 4155107.66 ], [ 282893.76, 4155107.17 ], [ 282893.89, 4155106.7 ], [ 282894.06, 4155106.24 ], [ 282897.51, 4155098.46 ], [ 282897.73, 4155098.02 ], [ 282898.0, 4155097.6 ], [ 282898.3, 4155097.22 ], [ 282898.64, 4155096.86 ], [ 282899.01, 4155096.54 ], [ 282899.41, 4155096.26 ], [ 282899.83, 4155096.02 ], [ 282900.28, 4155095.82 ], [ 282900.75, 4155095.66 ], [ 282901.22, 4155095.56 ], [ 282901.71, 4155095.49 ], [ 282902.2, 4155095.48 ], [ 282902.27, 4155095.49 ], [ 282905.84, 4155088.87 ], [ 282913.0, 4155086.22 ], [ 282917.35, 4155086.92 ], [ 282920.31, 4155088.32 ], [ 282920.64, 4155088.22 ], [ 282921.13, 4155088.12 ], [ 282921.61, 4155088.07 ], [ 282922.1, 4155088.07 ], [ 282922.59, 4155088.12 ], [ 282923.07, 4155088.22 ], [ 282923.54, 4155088.36 ], [ 282924.0, 4155088.55 ], [ 282931.7, 4155092.2 ], [ 282932.13, 4155092.43 ], [ 282932.54, 4155092.71 ], [ 282932.92, 4155093.02 ], [ 282933.26, 4155093.37 ], [ 282933.58, 4155093.75 ], [ 282933.85, 4155094.15 ], [ 282934.08, 4155094.59 ], [ 282934.19, 4155094.84 ], [ 282938.06, 4155096.67 ], [ 282946.83, 4155108.36 ], [ 282954.22, 4155114.75 ], [ 282970.65, 4155122.16 ], [ 282970.96, 4155121.97 ], [ 282972.16, 4155119.56 ], [ 282971.6, 4155116.1 ], [ 282968.01, 4155112.5 ], [ 282965.89, 4155111.63 ], [ 282954.4, 4155111.63 ], [ 282953.63, 4155111.41 ], [ 282951.66, 4155110.19 ], [ 282951.12, 4155109.59 ], [ 282947.56, 4155102.48 ], [ 282947.46, 4155101.46 ], [ 282948.19, 4155098.69 ], [ 282948.79, 4155097.85 ], [ 282953.8, 4155094.52 ], [ 282955.13, 4155092.02 ], [ 282955.13, 4155091.22 ], [ 282955.55, 4155090.2 ], [ 282957.71, 4155088.05 ], [ 282958.73, 4155087.63 ], [ 282962.69, 4155087.63 ], [ 282939.27, 4155077.47 ], [ 282939.0, 4155077.34 ], [ 282938.74, 4155077.18 ], [ 282938.51, 4155077.0 ], [ 282938.29, 4155076.79 ], [ 282938.09, 4155076.57 ], [ 282937.92, 4155076.32 ], [ 282937.77, 4155076.06 ], [ 282937.64, 4155075.79 ], [ 282937.55, 4155075.51 ], [ 282937.48, 4155075.22 ], [ 282937.44, 4155074.92 ], [ 282937.43, 4155074.62 ], [ 282937.45, 4155074.32 ], [ 282937.5, 4155074.03 ], [ 282937.58, 4155073.74 ], [ 282937.68, 4155073.46 ], [ 282937.81, 4155073.19 ], [ 282937.97, 4155072.93 ], [ 282938.15, 4155072.7 ], [ 282938.36, 4155072.48 ], [ 282938.58, 4155072.28 ], [ 282938.83, 4155072.11 ], [ 282939.09, 4155071.96 ], [ 282939.36, 4155071.83 ], [ 282939.64, 4155071.74 ], [ 282939.93, 4155071.67 ], [ 282940.23, 4155071.63 ], [ 282940.53, 4155071.62 ], [ 282940.83, 4155071.64 ], [ 282941.12, 4155071.69 ], [ 282941.41, 4155071.77 ], [ 282941.69, 4155071.87 ], [ 282974.61, 4155086.14 ], [ 282976.13, 4155084.63 ], [ 282976.13, 4155079.2 ], [ 282975.92, 4155078.09 ], [ 282971.34, 4155066.65 ], [ 282967.28, 4155065.11 ], [ 282966.03, 4155067.94 ], [ 282965.81, 4155068.38 ], [ 282965.55, 4155068.79 ], [ 282965.25, 4155069.18 ], [ 282964.91, 4155069.54 ], [ 282964.54, 4155069.86 ], [ 282964.14, 4155070.14 ], [ 282963.72, 4155070.38 ], [ 282963.27, 4155070.58 ], [ 282962.81, 4155070.74 ], [ 282962.33, 4155070.85 ], [ 282961.84, 4155070.91 ], [ 282961.36, 4155070.93 ], [ 282960.87, 4155070.89 ], [ 282960.38, 4155070.81 ], [ 282959.91, 4155070.68 ], [ 282959.45, 4155070.51 ], [ 282934.91, 4155059.8 ], [ 282932.27, 4155059.21 ], [ 282923.06, 4155079.88 ], [ 282908.87, 4155073.61 ], [ 282918.27, 4155052.54 ], [ 282917.5, 4155052.2 ], [ 282915.45, 4155053.68 ], [ 282912.49, 4155062.55 ], [ 282911.77, 4155063.38 ], [ 282909.04, 4155064.74 ], [ 282907.94, 4155064.82 ], [ 282906.13, 4155064.22 ], [ 282905.32, 4155064.07 ], [ 282904.81, 4155064.04 ], [ 282904.14, 4155063.63 ], [ 282889.53, 4155091.74 ], [ 282890.2, 4155092.37 ], [ 282890.61, 4155093.72 ], [ 282889.82, 4155096.87 ], [ 282889.3, 4155097.66 ], [ 282887.18, 4155099.32 ], [ 282886.53, 4155099.54 ], [ 282885.71, 4155099.2 ], [ 282885.64, 4155099.14 ], [ 282873.64, 4155121.74 ], [ 282874.06, 4155121.65 ], [ 282874.54, 4155121.59 ], [ 282875.03, 4155121.58 ], [ 282875.52, 4155121.61 ], [ 282876.01, 4155121.7 ], [ 282876.48, 4155121.83 ], [ 282876.94, 4155122.01 ], [ 282879.24, 4155123.03 ], [ 282880.96, 4155121.97 ], [ 282882.12, 4155119.66 ], [ 282882.66, 4155119.06 ], [ 282884.63, 4155117.85 ], [ 282885.4, 4155117.63 ], [ 282886.86, 4155117.63 ], [ 282887.63, 4155117.85 ], [ 282889.6, 4155119.06 ], [ 282890.15, 4155119.66 ], [ 282894.26, 4155127.88 ], [ 282894.25, 4155127.63 ], [ 282891.98, 4155119.46 ], [ 282893.23, 4155112.23 ] ] ], [ [ [ 282830.43, 4155180.4 ], [ 282830.4, 4155180.44 ], [ 282830.38, 4155180.47 ], [ 282830.36, 4155180.5 ], [ 282830.33, 4155180.54 ], [ 282830.3, 4155180.59 ], [ 282830.28, 4155180.61 ], [ 282830.25, 4155180.64 ], [ 282830.22, 4155180.68 ], [ 282830.18, 4155180.72 ], [ 282830.16, 4155180.75 ], [ 282830.13, 4155180.77 ], [ 282830.09, 4155180.81 ], [ 282830.06, 4155180.84 ], [ 282830.03, 4155180.86 ], [ 282830.0, 4155180.89 ], [ 282829.96, 4155180.92 ], [ 282829.92, 4155180.95 ], [ 282829.89, 4155180.97 ], [ 282829.86, 4155180.99 ], [ 282829.81, 4155181.02 ], [ 282829.77, 4155181.05 ], [ 282829.74, 4155181.06 ], [ 282829.71, 4155181.08 ], [ 282829.66, 4155181.1 ], [ 282829.61, 4155181.13 ], [ 282829.58, 4155181.14 ], [ 282829.54, 4155181.15 ], [ 282829.49, 4155181.17 ], [ 282829.45, 4155181.19 ], [ 282829.41, 4155181.2 ], [ 282829.38, 4155181.21 ], [ 282829.33, 4155181.22 ], [ 282829.28, 4155181.24 ], [ 282828.39, 4155181.44 ], [ 282828.22, 4155181.47 ], [ 282828.04, 4155181.48 ], [ 282827.87, 4155181.48 ], [ 282827.69, 4155181.46 ], [ 282827.52, 4155181.42 ], [ 282827.36, 4155181.37 ], [ 282827.2, 4155181.3 ], [ 282755.59, 4155146.15 ], [ 282755.58, 4155146.49 ], [ 282755.52, 4155146.98 ], [ 282759.62, 4155149.07 ], [ 282760.04, 4155149.31 ], [ 282760.44, 4155149.59 ], [ 282760.81, 4155149.92 ], [ 282761.15, 4155150.27 ], [ 282761.22, 4155150.36 ], [ 282761.44, 4155150.44 ], [ 282761.89, 4155150.64 ], [ 282767.35, 4155153.5 ], [ 282767.78, 4155153.75 ], [ 282768.17, 4155154.04 ], [ 282768.54, 4155154.36 ], [ 282768.87, 4155154.72 ], [ 282768.95, 4155154.75 ], [ 282775.1, 4155157.53 ], [ 282775.53, 4155157.75 ], [ 282775.94, 4155158.02 ], [ 282776.33, 4155158.32 ], [ 282776.68, 4155158.66 ], [ 282776.79, 4155158.79 ], [ 282777.12, 4155158.89 ], [ 282777.57, 4155159.09 ], [ 282783.45, 4155161.92 ], [ 282783.88, 4155162.15 ], [ 282784.29, 4155162.43 ], [ 282784.66, 4155162.74 ], [ 282785.01, 4155163.09 ], [ 282785.19, 4155163.32 ], [ 282785.37, 4155163.32 ], [ 282785.84, 4155163.35 ], [ 282786.32, 4155163.43 ], [ 282786.78, 4155163.55 ], [ 282787.23, 4155163.71 ], [ 282787.67, 4155163.92 ], [ 282789.99, 4155165.18 ], [ 282790.42, 4155165.44 ], [ 282790.81, 4155165.74 ], [ 282791.18, 4155166.08 ], [ 282791.51, 4155166.46 ], [ 282791.8, 4155166.87 ], [ 282792.05, 4155167.3 ], [ 282792.26, 4155167.75 ], [ 282792.34, 4155168.01 ], [ 282792.37, 4155168.02 ], [ 282792.39, 4155168.04 ], [ 282792.67, 4155168.1 ], [ 282793.13, 4155168.25 ], [ 282793.58, 4155168.44 ], [ 282794.97, 4155169.12 ], [ 282795.34, 4155169.01 ], [ 282795.83, 4155168.92 ], [ 282796.31, 4155168.88 ], [ 282796.8, 4155168.89 ], [ 282797.29, 4155168.94 ], [ 282797.77, 4155169.04 ], [ 282798.24, 4155169.19 ], [ 282798.69, 4155169.38 ], [ 282803.84, 4155171.9 ], [ 282804.27, 4155172.14 ], [ 282804.67, 4155172.42 ], [ 282805.05, 4155172.73 ], [ 282805.39, 4155173.08 ], [ 282805.7, 4155173.47 ], [ 282805.96, 4155173.88 ], [ 282806.19, 4155174.31 ], [ 282806.37, 4155174.77 ], [ 282806.47, 4155175.11 ], [ 282806.55, 4155175.15 ], [ 282806.98, 4155175.39 ], [ 282807.14, 4155175.5 ], [ 282807.2, 4155175.48 ], [ 282807.67, 4155175.35 ], [ 282808.16, 4155175.27 ], [ 282808.65, 4155175.23 ], [ 282809.14, 4155175.24 ], [ 282809.63, 4155175.31 ], [ 282810.11, 4155175.41 ], [ 282810.57, 4155175.57 ], [ 282811.02, 4155175.77 ], [ 282821.28, 4155180.98 ], [ 282821.71, 4155181.22 ], [ 282822.11, 4155181.5 ], [ 282822.48, 4155181.83 ], [ 282822.82, 4155182.18 ], [ 282823.12, 4155182.57 ], [ 282823.38, 4155182.99 ], [ 282823.6, 4155183.43 ], [ 282823.77, 4155183.88 ], [ 282823.9, 4155184.36 ], [ 282823.99, 4155184.84 ], [ 282824.02, 4155185.33 ], [ 282824.01, 4155185.82 ], [ 282823.94, 4155186.31 ], [ 282823.83, 4155186.79 ], [ 282823.68, 4155187.25 ], [ 282823.48, 4155187.7 ], [ 282819.98, 4155194.59 ], [ 282819.74, 4155195.01 ], [ 282819.45, 4155195.41 ], [ 282819.13, 4155195.78 ], [ 282818.77, 4155196.12 ], [ 282818.39, 4155196.42 ], [ 282817.97, 4155196.68 ], [ 282817.53, 4155196.9 ], [ 282817.07, 4155197.08 ], [ 282816.6, 4155197.21 ], [ 282816.12, 4155197.29 ], [ 282815.63, 4155197.32 ], [ 282815.14, 4155197.31 ], [ 282814.65, 4155197.25 ], [ 282814.17, 4155197.14 ], [ 282813.71, 4155196.98 ], [ 282813.26, 4155196.78 ], [ 282805.06, 4155192.63 ], [ 282803.99, 4155192.63 ], [ 282801.3, 4155194.28 ], [ 282800.44, 4155196.02 ], [ 282799.74, 4155196.69 ], [ 282797.26, 4155197.83 ], [ 282796.3, 4155197.92 ], [ 282789.71, 4155196.27 ], [ 282801.93, 4155201.82 ], [ 282812.38, 4155206.28 ], [ 282832.01, 4155179.71 ], [ 282831.05, 4155179.27 ], [ 282830.45, 4155180.35 ], [ 282830.43, 4155180.4 ] ] ], [ [ [ 282775.13, 4155189.65 ], [ 282775.13, 4155181.47 ], [ 282771.4, 4155178.56 ], [ 282765.16, 4155180.12 ], [ 282764.4, 4155180.11 ], [ 282762.3, 4155179.53 ], [ 282761.66, 4155179.15 ], [ 282752.01, 4155169.5 ], [ 282750.0, 4155168.67 ], [ 282750.0, 4155178.23 ], [ 282751.0, 4155178.68 ], [ 282775.13, 4155189.65 ] ] ], [ [ [ 282919.64, 4155185.42 ], [ 282922.62, 4155186.66 ], [ 282923.43, 4155187.53 ], [ 282923.59, 4155187.99 ], [ 282923.39, 4155189.26 ], [ 282922.41, 4155190.63 ], [ 282941.72, 4155198.97 ], [ 282941.23, 4155197.03 ], [ 282941.49, 4155195.81 ], [ 282943.55, 4155193.17 ], [ 282944.67, 4155192.63 ], [ 282949.13, 4155192.63 ], [ 282952.13, 4155189.63 ], [ 282952.13, 4155170.9 ], [ 282952.35, 4155170.12 ], [ 282953.57, 4155168.15 ], [ 282954.16, 4155167.61 ], [ 282956.47, 4155166.45 ], [ 282958.13, 4155163.77 ], [ 282958.13, 4155162.54 ], [ 282956.97, 4155160.65 ], [ 282924.14, 4155172.92 ], [ 282907.11, 4155165.2 ], [ 282907.13, 4155165.26 ], [ 282907.13, 4155165.65 ], [ 282906.8, 4155166.57 ], [ 282905.05, 4155168.71 ], [ 282904.21, 4155169.21 ], [ 282894.54, 4155171.14 ], [ 282892.13, 4155174.09 ], [ 282892.13, 4155176.51 ], [ 282891.74, 4155177.37 ], [ 282916.41, 4155188.03 ], [ 282917.57, 4155186.15 ], [ 282918.16, 4155185.61 ], [ 282918.45, 4155185.46 ], [ 282919.64, 4155185.42 ] ] ], [ [ [ 282891.52, 4155207.83 ], [ 282892.13, 4155206.46 ], [ 282892.35, 4155206.02 ], [ 282892.61, 4155205.6 ], [ 282892.91, 4155205.22 ], [ 282893.24, 4155204.86 ], [ 282893.61, 4155204.54 ], [ 282894.01, 4155204.25 ], [ 282894.44, 4155204.01 ], [ 282894.89, 4155203.81 ], [ 282895.35, 4155203.65 ], [ 282895.83, 4155203.54 ], [ 282896.32, 4155203.48 ], [ 282896.81, 4155203.47 ], [ 282897.3, 4155203.5 ], [ 282897.78, 4155203.58 ], [ 282898.26, 4155203.71 ], [ 282898.71, 4155203.89 ], [ 282898.99, 4155204.01 ], [ 282899.36, 4155203.75 ], [ 282899.78, 4155203.51 ], [ 282900.23, 4155203.31 ], [ 282900.7, 4155203.16 ], [ 282901.17, 4155203.05 ], [ 282901.66, 4155202.99 ], [ 282902.15, 4155202.98 ], [ 282902.64, 4155203.01 ], [ 282903.12, 4155203.09 ], [ 282903.6, 4155203.22 ], [ 282904.05, 4155203.4 ], [ 282904.58, 4155203.63 ], [ 282904.85, 4155203.43 ], [ 282905.28, 4155203.19 ], [ 282905.73, 4155202.99 ], [ 282906.2, 4155202.84 ], [ 282906.68, 4155202.73 ], [ 282907.17, 4155202.67 ], [ 282907.66, 4155202.65 ], [ 282908.15, 4155202.69 ], [ 282908.63, 4155202.77 ], [ 282909.11, 4155202.91 ], [ 282909.57, 4155203.08 ], [ 282911.93, 4155204.13 ], [ 282912.37, 4155204.35 ], [ 282912.79, 4155204.62 ], [ 282913.17, 4155204.92 ], [ 282913.53, 4155205.26 ], [ 282913.85, 4155205.63 ], [ 282914.13, 4155206.04 ], [ 282914.37, 4155206.47 ], [ 282914.57, 4155206.92 ], [ 282914.72, 4155207.39 ], [ 282914.83, 4155207.87 ], [ 282914.89, 4155208.36 ], [ 282914.89, 4155208.52 ], [ 282919.22, 4155210.57 ], [ 282919.66, 4155210.8 ], [ 282920.07, 4155211.07 ], [ 282920.31, 4155211.27 ], [ 282921.29, 4155209.31 ], [ 282921.73, 4155208.78 ], [ 282923.35, 4155207.59 ], [ 282923.99, 4155207.32 ], [ 282937.47, 4155205.07 ], [ 282938.85, 4155205.28 ], [ 282938.98, 4155204.43 ], [ 282879.82, 4155178.87 ], [ 282874.92, 4155178.17 ], [ 282871.51, 4155181.44 ], [ 282873.54, 4155201.7 ], [ 282873.88, 4155201.58 ], [ 282874.36, 4155201.46 ], [ 282874.84, 4155201.39 ], [ 282875.33, 4155201.37 ], [ 282875.82, 4155201.4 ], [ 282876.31, 4155201.48 ], [ 282876.78, 4155201.6 ], [ 282877.24, 4155201.77 ], [ 282882.0, 4155203.79 ], [ 282891.52, 4155207.83 ] ] ], [ [ [ 282839.11, 4155202.79 ], [ 282839.1, 4155202.3 ], [ 282839.14, 4155201.81 ], [ 282839.22, 4155201.32 ], [ 282839.35, 4155200.85 ], [ 282839.53, 4155200.39 ], [ 282839.75, 4155199.95 ], [ 282840.73, 4155198.22 ], [ 282839.22, 4155196.71 ], [ 282838.9, 4155196.23 ], [ 282838.24, 4155194.66 ], [ 282838.13, 4155194.09 ], [ 282838.13, 4155185.9 ], [ 282820.53, 4155209.71 ], [ 282837.16, 4155216.65 ], [ 282835.46, 4155214.57 ], [ 282835.13, 4155213.65 ], [ 282835.13, 4155212.16 ], [ 282835.24, 4155211.6 ], [ 282835.9, 4155210.02 ], [ 282836.22, 4155209.54 ], [ 282840.21, 4155205.55 ], [ 282840.16, 4155205.5 ], [ 282839.88, 4155205.1 ], [ 282839.64, 4155204.67 ], [ 282839.44, 4155204.22 ], [ 282839.28, 4155203.75 ], [ 282839.17, 4155203.28 ], [ 282839.11, 4155202.79 ] ] ], [ [ [ 282997.3, 4155209.47 ], [ 282996.89, 4155209.21 ], [ 282996.5, 4155208.91 ], [ 282996.2, 4155208.64 ], [ 282994.05, 4155208.21 ], [ 282993.21, 4155207.71 ], [ 282991.46, 4155205.57 ], [ 282991.13, 4155204.65 ], [ 282991.13, 4155204.63 ], [ 282989.91, 4155203.4 ], [ 282983.34, 4155200.65 ], [ 282982.9, 4155200.44 ], [ 282982.47, 4155200.18 ], [ 282982.08, 4155199.88 ], [ 282981.71, 4155199.55 ], [ 282981.38, 4155199.18 ], [ 282981.09, 4155198.78 ], [ 282980.84, 4155198.35 ], [ 282980.64, 4155197.9 ], [ 282980.47, 4155197.44 ], [ 282980.36, 4155196.95 ], [ 282980.35, 4155196.9 ], [ 282973.79, 4155194.15 ], [ 282973.34, 4155193.93 ], [ 282972.91, 4155193.67 ], [ 282972.74, 4155193.54 ], [ 282960.71, 4155195.26 ], [ 282958.13, 4155198.23 ], [ 282958.13, 4155202.35 ], [ 282957.91, 4155203.13 ], [ 282956.69, 4155205.1 ], [ 282956.44, 4155205.33 ], [ 282961.7, 4155207.61 ], [ 283000.0, 4155223.7 ], [ 283000.0, 4155210.65 ], [ 282997.74, 4155209.68 ], [ 282997.3, 4155209.47 ] ] ], [ [ [ 282767.77, 4155200.68 ], [ 282768.15, 4155200.36 ], [ 282768.56, 4155200.09 ], [ 282769.0, 4155199.85 ], [ 282769.46, 4155199.66 ], [ 282769.93, 4155199.52 ], [ 282770.42, 4155199.42 ], [ 282770.91, 4155199.37 ], [ 282771.41, 4155199.37 ], [ 282771.9, 4155199.42 ], [ 282772.39, 4155199.52 ], [ 282772.86, 4155199.67 ], [ 282773.32, 4155199.86 ], [ 282787.08, 4155206.51 ], [ 282787.51, 4155206.74 ], [ 282787.91, 4155207.02 ], [ 282788.28, 4155207.33 ], [ 282788.63, 4155207.67 ], [ 282788.93, 4155208.05 ], [ 282789.2, 4155208.45 ], [ 282789.43, 4155208.88 ], [ 282789.61, 4155209.33 ], [ 282789.76, 4155209.79 ], [ 282789.85, 4155210.27 ], [ 282789.9, 4155210.75 ], [ 282789.9, 4155211.23 ], [ 282789.86, 4155211.72 ], [ 282789.77, 4155212.19 ], [ 282789.63, 4155212.66 ], [ 282789.45, 4155213.11 ], [ 282786.44, 4155219.64 ], [ 282786.43, 4155219.64 ], [ 282786.41, 4155219.73 ], [ 282786.23, 4155220.18 ], [ 282783.19, 4155226.75 ], [ 282782.97, 4155227.18 ], [ 282782.7, 4155227.59 ], [ 282782.4, 4155227.97 ], [ 282782.06, 4155228.32 ], [ 282781.69, 4155228.63 ], [ 282781.29, 4155228.91 ], [ 282781.13, 4155229.0 ], [ 282778.12, 4155235.38 ], [ 282778.12, 4155235.5 ], [ 282778.08, 4155235.99 ], [ 282777.99, 4155236.47 ], [ 282777.86, 4155236.95 ], [ 282777.68, 4155237.41 ], [ 282774.82, 4155243.74 ], [ 282775.55, 4155244.05 ], [ 282777.7, 4155246.2 ], [ 282794.55, 4155207.92 ], [ 282750.24, 4155187.78 ], [ 282750.0, 4155188.32 ], [ 282750.0, 4155196.76 ], [ 282750.71, 4155196.05 ], [ 282751.73, 4155195.63 ], [ 282753.53, 4155195.63 ], [ 282754.55, 4155196.05 ], [ 282756.71, 4155198.2 ], [ 282757.13, 4155199.22 ], [ 282757.13, 4155201.03 ], [ 282756.71, 4155202.05 ], [ 282754.55, 4155204.2 ], [ 282753.53, 4155204.63 ], [ 282751.73, 4155204.63 ], [ 282750.71, 4155204.2 ], [ 282750.0, 4155203.49 ], [ 282750.0, 4155214.44 ], [ 282760.21, 4155216.14 ], [ 282763.35, 4155209.33 ], [ 282766.6, 4155202.27 ], [ 282766.83, 4155201.83 ], [ 282767.11, 4155201.42 ], [ 282767.42, 4155201.03 ], [ 282767.77, 4155200.68 ] ] ], [ [ [ 282935.08, 4155225.47 ], [ 282935.13, 4155225.61 ], [ 282935.31, 4155225.84 ], [ 282935.36, 4155225.86 ], [ 282938.66, 4155227.29 ], [ 282939.11, 4155227.51 ], [ 282939.52, 4155227.77 ], [ 282939.85, 4155228.03 ], [ 282940.56, 4155228.19 ], [ 282943.1, 4155225.66 ], [ 282943.4, 4155225.76 ], [ 282943.73, 4155225.63 ], [ 282945.53, 4155225.63 ], [ 282946.55, 4155226.05 ], [ 282948.43, 4155227.93 ], [ 282956.35, 4155211.94 ], [ 282943.68, 4155206.46 ], [ 282943.19, 4155206.6 ], [ 282942.81, 4155209.63 ], [ 282942.68, 4155209.67 ], [ 282942.85, 4155210.16 ], [ 282943.09, 4155211.16 ], [ 282943.13, 4155211.51 ], [ 282943.13, 4155216.99 ], [ 282942.86, 4155217.85 ], [ 282941.36, 4155219.93 ], [ 282940.48, 4155220.57 ], [ 282940.44, 4155220.74 ], [ 282940.18, 4155220.61 ], [ 282936.98, 4155221.68 ], [ 282935.08, 4155225.47 ] ] ], [ [ [ 282862.74, 4155220.04 ], [ 282862.31, 4155219.82 ], [ 282856.83, 4155216.7 ], [ 282856.42, 4155216.43 ], [ 282856.03, 4155216.13 ], [ 282855.67, 4155215.79 ], [ 282855.35, 4155215.42 ], [ 282855.07, 4155215.01 ], [ 282854.83, 4155214.59 ], [ 282854.63, 4155214.13 ], [ 282854.55, 4155213.89 ], [ 282852.3, 4155215.28 ], [ 282851.38, 4155217.13 ], [ 282850.71, 4155217.79 ], [ 282848.33, 4155218.96 ], [ 282847.4, 4155219.08 ], [ 282838.94, 4155217.39 ], [ 282892.88, 4155239.88 ], [ 282889.81, 4155230.68 ], [ 282886.97, 4155228.63 ], [ 282875.67, 4155228.63 ], [ 282875.1, 4155228.51 ], [ 282873.53, 4155227.86 ], [ 282873.04, 4155227.54 ], [ 282865.86, 4155220.35 ], [ 282865.61, 4155220.41 ], [ 282865.13, 4155220.46 ], [ 282864.64, 4155220.47 ], [ 282864.15, 4155220.44 ], [ 282863.67, 4155220.35 ], [ 282863.2, 4155220.22 ], [ 282862.74, 4155220.04 ] ] ], [ [ [ 282993.61, 4155230.06 ], [ 282995.73, 4155232.03 ], [ 283000.0, 4155233.09 ], [ 283000.0, 4155230.32 ], [ 282992.67, 4155227.24 ], [ 282993.61, 4155230.06 ] ] ], [ [ [ 282796.94, 4155241.74 ], [ 282797.29, 4155241.4 ], [ 282797.67, 4155241.08 ], [ 282798.03, 4155240.84 ], [ 282798.5, 4155239.86 ], [ 282798.73, 4155239.43 ], [ 282799.0, 4155239.02 ], [ 282799.31, 4155238.65 ], [ 282799.66, 4155238.3 ], [ 282800.04, 4155237.99 ], [ 282800.45, 4155237.72 ], [ 282800.88, 4155237.49 ], [ 282801.34, 4155237.3 ], [ 282801.81, 4155237.16 ], [ 282802.11, 4155237.1 ], [ 282802.04, 4155237.01 ], [ 282801.75, 4155236.59 ], [ 282801.51, 4155236.15 ], [ 282801.32, 4155235.69 ], [ 282801.17, 4155235.21 ], [ 282801.07, 4155234.72 ], [ 282801.02, 4155234.22 ], [ 282801.02, 4155233.72 ], [ 282801.07, 4155233.22 ], [ 282801.17, 4155232.72 ], [ 282801.32, 4155232.24 ], [ 282801.52, 4155231.78 ], [ 282806.78, 4155221.04 ], [ 282807.01, 4155220.62 ], [ 282807.28, 4155220.22 ], [ 282807.59, 4155219.86 ], [ 282807.93, 4155219.52 ], [ 282808.3, 4155219.22 ], [ 282808.7, 4155218.95 ], [ 282809.12, 4155218.72 ], [ 282809.56, 4155218.54 ], [ 282810.02, 4155218.4 ], [ 282810.49, 4155218.3 ], [ 282810.97, 4155218.25 ], [ 282811.45, 4155218.24 ], [ 282811.93, 4155218.28 ], [ 282812.4, 4155218.37 ], [ 282812.86, 4155218.5 ], [ 282813.31, 4155218.67 ], [ 282827.86, 4155225.17 ], [ 282828.3, 4155225.39 ], [ 282828.73, 4155225.66 ], [ 282829.12, 4155225.97 ], [ 282829.48, 4155226.32 ], [ 282829.8, 4155226.7 ], [ 282830.08, 4155227.11 ], [ 282830.32, 4155227.55 ], [ 282830.52, 4155228.01 ], [ 282830.66, 4155228.49 ], [ 282830.76, 4155228.97 ], [ 282830.82, 4155229.47 ], [ 282830.82, 4155229.97 ], [ 282830.77, 4155230.47 ], [ 282830.67, 4155230.96 ], [ 282830.52, 4155231.43 ], [ 282830.33, 4155231.89 ], [ 282828.53, 4155235.64 ], [ 282831.29, 4155237.63 ], [ 282835.97, 4155237.63 ], [ 282838.81, 4155235.57 ], [ 282840.55, 4155230.38 ], [ 282840.9, 4155229.8 ], [ 282842.31, 4155228.4 ], [ 282842.59, 4155228.23 ], [ 282812.16, 4155215.54 ], [ 282812.13, 4155215.52 ], [ 282802.42, 4155211.38 ], [ 282785.43, 4155250.0 ], [ 282789.94, 4155250.0 ], [ 282792.12, 4155245.66 ], [ 282792.66, 4155245.06 ], [ 282794.63, 4155243.85 ], [ 282795.4, 4155243.63 ], [ 282795.81, 4155243.63 ], [ 282796.13, 4155242.96 ], [ 282796.36, 4155242.53 ], [ 282796.63, 4155242.12 ], [ 282796.94, 4155241.74 ] ] ], [ [ [ 282950.0, 4155243.4 ], [ 282949.55, 4155243.19 ], [ 282949.14, 4155242.93 ], [ 282948.74, 4155242.64 ], [ 282948.38, 4155242.3 ], [ 282948.21, 4155242.11 ], [ 282944.31, 4155250.0 ], [ 282953.86, 4155250.0 ], [ 282955.73, 4155245.85 ], [ 282950.0, 4155243.4 ] ] ] ] } },
{ "type": "Feature", "properties": { "id": "richmond_structure:244012", "name": null, "kind": "deck", "sport": null, "surface": null, "pitch_layout": null, "source": "richmond_structures", "source_updated": "2026-09-08T12:07:13.637000Z", "base_z": null, "top_z": null }, "geometry": { "type": "Polygon", "coordinates": [ [ [ 282791.56, 4155242.12 ], [ 282792.57, 4155239.6 ], [ 282791.13, 4155239.12 ], [ 282790.02, 4155241.53 ], [ 282791.56, 4155242.12 ] ] ] } },
{ "type": "Feature", "properties": { "id": "richmond_structure:242743", "name": null, "kind": "deck", "sport": null, "surface": null, "pitch_layout": null, "source": "richmond_structures", "source_updated": "2026-09-08T12:07:13.637000Z", "base_z": null, "top_z": null }, "geometry": { "type": "Polygon", "coordinates": [ [ [ 282750.0, 4155247.29 ], [ 282750.0, 4155247.44 ], [ 282750.08, 4155247.28 ], [ 282750.0, 4155247.29 ] ] ] } },
{ "type": "Feature", "properties": { "id": "imagery:groundcover_lawn:3468", "name": null, "kind": "groundcover_lawn", "sport": null, "surface": null, "pitch_layout": null, "source": "vgin_vbmp+naip+lidar2025", "source_updated": null, "base_z": null, "top_z": null }, "geometry": { "type": "MultiPolygon", "coordinates": [ [ [ [ 282764.15, 4155006.75 ], [ 282785.17, 4155009.38 ], [ 282785.84, 4155009.64 ], [ 282787.55, 4155010.85 ], [ 282788.01, 4155011.39 ], [ 282789.3, 4155013.97 ], [ 282789.52, 4155014.9 ], [ 282793.27, 4155017.1 ], [ 282795.01, 4155016.6 ], [ 282803.17, 4155018.23 ], [ 282803.83, 4155018.55 ], [ 282805.45, 4155019.9 ], [ 282805.87, 4155020.48 ], [ 282808.21, 4155026.31 ], [ 282813.41, 4155026.98 ], [ 282813.83, 4155026.4 ], [ 282815.91, 4155024.9 ], [ 282816.77, 4155024.63 ], [ 282824.53, 4155024.63 ], [ 282827.02, 4155023.29 ], [ 282831.04, 4155017.27 ], [ 282831.57, 4155016.79 ], [ 282833.41, 4155015.8 ], [ 282834.11, 4155015.63 ], [ 282843.47, 4155015.63 ], [ 282846.41, 4155012.04 ], [ 282844.61, 4155003.04 ], [ 282841.67, 4155000.63 ], [ 282835.13, 4155000.63 ], [ 282832.13, 4155003.63 ], [ 282832.13, 4155004.35 ], [ 282831.91, 4155005.13 ], [ 282830.69, 4155007.1 ], [ 282830.1, 4155007.64 ], [ 282820.92, 4155012.23 ], [ 282820.6, 4155012.35 ], [ 282819.59, 4155012.59 ], [ 282819.25, 4155012.63 ], [ 282807.98, 4155012.63 ], [ 282807.08, 4155012.32 ], [ 282804.96, 4155010.66 ], [ 282804.44, 4155009.87 ], [ 282802.53, 4155002.22 ], [ 282800.57, 4155000.1 ], [ 282800.25, 4155000.0 ], [ 282756.51, 4155000.0 ], [ 282762.4, 4155005.9 ], [ 282764.15, 4155006.75 ] ] ], [ [ [ 282902.01, 4155226.5 ], [ 282899.89, 4155225.63 ], [ 282891.85, 4155225.63 ], [ 282889.43, 4155230.4 ], [ 282889.96, 4155231.12 ], [ 282892.88, 4155239.88 ], [ 282904.98, 4155244.93 ], [ 282908.77, 4155237.36 ], [ 282908.74, 4155237.31 ], [ 282908.71, 4155237.22 ], [ 282908.69, 4155237.12 ], [ 282908.67, 4155237.02 ], [ 282908.67, 4155236.93 ], [ 282908.67, 4155236.83 ], [ 282908.68, 4155236.73 ], [ 282908.71, 4155236.64 ], [ 282908.74, 4155236.54 ], [ 282909.04, 4155235.81 ], [ 282908.6, 4155233.1 ], [ 282902.01, 4155226.5 ] ] ], [ [ [ 282775.13, 4155243.63 ], [ 282762.01, 4155243.63 ], [ 282760.13, 4155245.06 ], [ 282759.87, 4155243.37 ], [ 282757.55, 4155241.05 ], [ 282757.13, 4155240.03 ], [ 282757.13, 4155237.62 ], [ 282757.05, 4155237.55 ], [ 282756.99, 4155237.47 ], [ 282756.93, 4155237.39 ], [ 282756.88, 4155237.31 ], [ 282756.84, 4155237.22 ], [ 282756.81, 4155237.12 ], [ 282756.78, 4155237.03 ], [ 282756.77, 4155236.93 ], [ 282756.77, 4155236.83 ], [ 282756.78, 4155236.73 ], [ 282756.79, 4155236.63 ], [ 282756.82, 4155236.53 ], [ 282756.86, 4155236.44 ], [ 282757.13, 4155235.83 ], [ 282757.13, 4155230.9 ], [ 282757.35, 4155230.12 ], [ 282758.57, 4155228.15 ], [ 282759.16, 4155227.61 ], [ 282760.39, 4155227.0 ], [ 282762.26, 4155223.02 ], [ 282760.68, 4155218.28 ], [ 282758.42, 4155216.28 ], [ 282750.0, 4155214.6 ], [ 282750.0, 4155248.75 ], [ 282750.72, 4155248.16 ], [ 282751.72, 4155246.07 ], [ 282751.77, 4155245.99 ], [ 282751.83, 4155245.9 ], [ 282751.89, 4155245.83 ], [ 282751.96, 4155245.76 ], [ 282752.03, 4155245.7 ], [ 282752.12, 4155245.64 ], [ 282752.2, 4155245.6 ], [ 282752.29, 4155245.56 ], [ 282752.39, 4155245.53 ], [ 282752.48, 4155245.51 ], [ 282752.58, 4155245.5 ], [ 282752.68, 4155245.5 ], [ 282752.78, 4155245.51 ], [ 282752.87, 4155245.53 ], [ 282752.97, 4155245.56 ], [ 282753.06, 4155245.6 ], [ 282758.07, 4155248.0 ], [ 282759.69, 4155247.24 ], [ 282760.45, 4155249.14 ], [ 282762.25, 4155250.0 ], [ 282776.03, 4155250.0 ], [ 282777.7, 4155246.2 ], [ 282775.13, 4155243.63 ] ] ], [ [ [ 282799.05, 4155248.01 ], [ 282798.98, 4155247.95 ], [ 282798.91, 4155247.88 ], [ 282798.84, 4155247.8 ], [ 282798.79, 4155247.72 ], [ 282798.74, 4155247.64 ], [ 282798.71, 4155247.54 ], [ 282798.68, 4155247.45 ], [ 282798.66, 4155247.35 ], [ 282798.65, 4155247.26 ], [ 282798.65, 4155247.16 ], [ 282798.66, 4155247.06 ], [ 282798.68, 4155246.96 ], [ 282798.71, 4155246.87 ], [ 282798.74, 4155246.78 ], [ 282798.92, 4155246.41 ], [ 282796.13, 4155243.63 ], [ 282794.99, 4155243.63 ], [ 282792.3, 4155245.28 ], [ 282789.94, 4155250.0 ], [ 282798.18, 4155250.0 ], [ 282799.11, 4155248.05 ], [ 282799.05, 4155248.01 ] ] ], [ [ [ 282872.78, 4155241.04 ], [ 282872.22, 4155240.76 ], [ 282871.76, 4155240.39 ], [ 282842.79, 4155228.31 ], [ 282839.15, 4155235.59 ], [ 282838.6, 4155236.19 ], [ 282836.63, 4155237.41 ], [ 282835.86, 4155237.63 ], [ 282823.14, 4155237.63 ], [ 282821.56, 4155240.92 ], [ 282821.52, 4155241.0 ], [ 282821.47, 4155241.08 ], [ 282821.4, 4155241.15 ], [ 282821.34, 4155241.22 ], [ 282821.26, 4155241.28 ], [ 282821.18, 4155241.34 ], [ 282821.1, 4155241.38 ], [ 282821.01, 4155241.42 ], [ 282820.92, 4155241.45 ], [ 282820.82, 4155241.47 ], [ 282820.73, 4155241.48 ], [ 282820.63, 4155241.48 ], [ 282820.53, 4155241.47 ], [ 282820.44, 4155241.46 ], [ 282820.35, 4155241.43 ], [ 282820.26, 4155241.4 ], [ 282811.76, 4155237.63 ], [ 282811.13, 4155237.63 ], [ 282808.13, 4155240.63 ], [ 282808.13, 4155243.34 ], [ 282810.26, 4155244.35 ], [ 282810.34, 4155244.4 ], [ 282810.43, 4155244.45 ], [ 282810.5, 4155244.51 ], [ 282810.57, 4155244.58 ], [ 282810.63, 4155244.66 ], [ 282810.69, 4155244.74 ], [ 282810.73, 4155244.83 ], [ 282810.77, 4155244.92 ], [ 282810.8, 4155245.01 ], [ 282810.82, 4155245.11 ], [ 282810.83, 4155245.21 ], [ 282810.83, 4155245.3 ], [ 282810.82, 4155245.4 ], [ 282810.8, 4155245.5 ], [ 282810.77, 4155245.59 ], [ 282810.73, 4155245.68 ], [ 282808.97, 4155249.37 ], [ 282809.25, 4155249.5 ], [ 282809.34, 4155249.55 ], [ 282809.42, 4155249.6 ], [ 282809.49, 4155249.67 ], [ 282809.56, 4155249.74 ], [ 282809.63, 4155249.81 ], [ 282809.68, 4155249.89 ], [ 282809.73, 4155249.98 ], [ 282809.73, 4155250.0 ], [ 282894.81, 4155250.0 ], [ 282874.11, 4155241.37 ], [ 282872.78, 4155241.04 ] ] ] ] } }
]
}
