{
"type": "FeatureCollection",
"name": "landuse",
"crs": { "type": "name", "properties": { "name": "urn:ogc:def:crs:EPSG::32618" } },
"xy_coordinate_resolution": 0.01,
"features": [
{ "type": "Feature", "properties": { "id": "imagery:groundcover_paved:2240", "name": null, "kind": "groundcover_paved", "sport": null, "surface": null, "pitch_layout": null, "source": "vgin_vbmp+naip+lidar2025", "source_updated": null, "base_z": null, "top_z": null }, "geometry": { "type": "MultiPolygon", "coordinates": [ [ [ [ 286193.36, 4158252.54 ], [ 286191.06, 4158250.0 ], [ 286186.22, 4158250.0 ], [ 286190.74, 4158254.97 ], [ 286193.36, 4158252.54 ] ] ], [ [ [ 286127.11, 4158327.9 ], [ 286127.29, 4158327.54 ], [ 286133.45, 4158316.67 ], [ 286133.67, 4158316.32 ], [ 286133.93, 4158316.0 ], [ 286141.19, 4158307.52 ], [ 286141.58, 4158307.12 ], [ 286179.68, 4158272.86 ], [ 286204.83, 4158250.0 ], [ 286201.41, 4158250.0 ], [ 286197.12, 4158253.97 ], [ 286191.86, 4158258.84 ], [ 286175.65, 4158273.89 ], [ 286175.63, 4158273.91 ], [ 286175.62, 4158273.92 ], [ 286159.17, 4158288.53 ], [ 286159.08, 4158288.6 ], [ 286153.3, 4158293.1 ], [ 286137.38, 4158307.67 ], [ 286132.64, 4158313.61 ], [ 286130.23, 4158317.16 ], [ 286128.02, 4158320.72 ], [ 286127.22, 4158322.22 ], [ 286125.95, 4158324.63 ], [ 286123.53, 4158330.15 ], [ 286122.15, 4158334.98 ], [ 286121.03, 4158340.7 ], [ 286120.49, 4158345.45 ], [ 286120.48, 4158350.56 ], [ 286120.47, 4158354.24 ], [ 286120.72, 4158369.03 ], [ 286123.59, 4158368.55 ], [ 286123.35, 4158356.91 ], [ 286123.35, 4158356.73 ], [ 286123.65, 4158342.38 ], [ 286123.69, 4158341.92 ], [ 286123.77, 4158341.47 ], [ 286126.85, 4158328.66 ], [ 286126.96, 4158328.27 ], [ 286127.11, 4158327.9 ] ] ], [ [ [ 286145.24, 4158319.3 ], [ 286145.26, 4158319.27 ], [ 286145.28, 4158319.25 ], [ 286145.3, 4158319.23 ], [ 286145.33, 4158319.2 ], [ 286145.38, 4158319.15 ], [ 286145.4, 4158319.12 ], [ 286145.41, 4158319.11 ], [ 286145.43, 4158319.09 ], [ 286146.81, 4158317.82 ], [ 286146.96, 4158317.59 ], [ 286147.62, 4158317.07 ], [ 286162.64, 4158303.21 ], [ 286168.24, 4158298.03 ], [ 286168.25, 4158298.02 ], [ 286184.25, 4158283.54 ], [ 286200.79, 4158268.49 ], [ 286200.8, 4158268.49 ], [ 286200.8, 4158268.48 ], [ 286200.82, 4158268.46 ], [ 286206.53, 4158263.53 ], [ 286220.74, 4158250.35 ], [ 286220.87, 4158250.0 ], [ 286217.61, 4158250.0 ], [ 286185.45, 4158279.23 ], [ 286185.44, 4158279.25 ], [ 286147.54, 4158313.32 ], [ 286140.73, 4158321.28 ], [ 286135.07, 4158331.25 ], [ 286134.14, 4158335.12 ], [ 286136.78, 4158333.14 ], [ 286137.32, 4158331.63 ], [ 286137.37, 4158331.52 ], [ 286138.82, 4158328.2 ], [ 286138.88, 4158328.07 ], [ 286138.96, 4158327.95 ], [ 286141.43, 4158324.15 ], [ 286141.52, 4158324.02 ], [ 286145.24, 4158319.3 ] ] ], [ [ [ 286241.51, 4158310.08 ], [ 286244.11, 4158307.7 ], [ 286207.58, 4158267.38 ], [ 286204.57, 4158269.98 ], [ 286207.24, 4158272.94 ], [ 286207.39, 4158273.02 ], [ 286207.8, 4158273.3 ], [ 286208.18, 4158273.61 ], [ 286208.53, 4158273.95 ], [ 286241.51, 4158310.08 ] ] ], [ [ [ 286225.1, 4158321.56 ], [ 286195.04, 4158288.63 ], [ 286192.73, 4158288.63 ], [ 286191.71, 4158288.2 ], [ 286189.55, 4158286.05 ], [ 286189.13, 4158285.03 ], [ 286189.13, 4158283.97 ], [ 286188.01, 4158284.98 ], [ 286225.0, 4158325.15 ], [ 286226.3, 4158323.96 ], [ 286225.1, 4158321.56 ] ] ], [ [ [ 286247.08, 4158317.96 ], [ 286247.1, 4158317.79 ], [ 286247.14, 4158317.61 ], [ 286247.19, 4158317.45 ], [ 286247.26, 4158317.28 ], [ 286247.35, 4158317.13 ], [ 286247.45, 4158316.99 ], [ 286247.56, 4158316.85 ], [ 286247.69, 4158316.73 ], [ 286247.83, 4158316.62 ], [ 286247.98, 4158316.52 ], [ 286248.13, 4158316.44 ], [ 286248.3, 4158316.38 ], [ 286248.47, 4158316.33 ], [ 286250.0, 4158315.97 ], [ 286250.0, 4158309.63 ], [ 286249.73, 4158309.63 ], [ 286248.71, 4158309.2 ], [ 286248.28, 4158308.77 ], [ 286247.86, 4158309.15 ], [ 286247.86, 4158309.16 ], [ 286242.96, 4158313.62 ], [ 286242.96, 4158313.84 ], [ 286242.91, 4158314.33 ], [ 286242.82, 4158314.81 ], [ 286242.68, 4158315.28 ], [ 286242.49, 4158315.73 ], [ 286242.26, 4158316.17 ], [ 286241.99, 4158316.58 ], [ 286241.68, 4158316.96 ], [ 286241.34, 4158317.3 ], [ 286239.19, 4158319.27 ], [ 286239.38, 4158319.74 ], [ 286242.16, 4158321.63 ], [ 286247.61, 4158321.63 ], [ 286247.68, 4158321.42 ], [ 286247.75, 4158321.25 ], [ 286247.12, 4158318.49 ], [ 286247.09, 4158318.31 ], [ 286247.08, 4158318.14 ], [ 286247.08, 4158317.96 ] ] ] ] } },
{ "type": "Feature", "properties": { "id": "richmond_structure:308726", "name": null, "kind": "deck", "sport": null, "surface": null, "pitch_layout": null, "source": "richmond_structures", "source_updated": "2026-09-08T12:07:13.637000Z", "base_z": null, "top_z": null }, "geometry": { "type": "Polygon", "coordinates": [ [ [ 286234.0, 4158250.0 ], [ 286231.44, 4158250.0 ], [ 286232.52, 4158251.11 ], [ 286234.0, 4158250.0 ] ] ] } },
{ "type": "Feature", "properties": { "id": "richmond_structure:309110", "name": null, "kind": "deck", "sport": null, "surface": null, "pitch_layout": null, "source": "richmond_structures", "source_updated": "2026-09-08T12:07:13.637000Z", "base_z": null, "top_z": null }, "geometry": { "type": "Polygon", "coordinates": [ [ [ 286250.0, 4158251.45 ], [ 286250.0, 4158250.0 ], [ 286249.46, 4158250.0 ], [ 286249.99, 4158251.45 ], [ 286250.0, 4158251.45 ] ] ] } },
{ "type": "Feature", "properties": { "id": "richmond_structure:309031", "name": null, "kind": "deck", "sport": null, "surface": null, "pitch_layout": null, "source": "richmond_structures", "source_updated": "2026-09-08T12:07:13.637000Z", "base_z": null, "top_z": null }, "geometry": { "type": "Polygon", "coordinates": [ [ [ 286244.41, 4158265.08 ], [ 286241.41, 4158261.14 ], [ 286244.19, 4158258.41 ], [ 286247.52, 4158262.18 ], [ 286249.18, 4158260.63 ], [ 286245.54, 4158256.31 ], [ 286238.41, 4158261.64 ], [ 286242.62, 4158266.75 ], [ 286244.41, 4158265.08 ] ] ] } },
{ "type": "Feature", "properties": { "id": "richmond_structure:305474", "name": null, "kind": "deck", "sport": null, "surface": null, "pitch_layout": null, "source": "richmond_structures", "source_updated": "2026-09-08T12:07:13.637000Z", "base_z": null, "top_z": null }, "geometry": { "type": "Polygon", "coordinates": [ [ [ 286228.94, 4158258.94 ], [ 286224.57, 4158263.13 ], [ 286226.36, 4158265.09 ], [ 286230.52, 4158260.66 ], [ 286228.94, 4158258.94 ] ] ] } },
{ "type": "Feature", "properties": { "id": "richmond_structure:308727", "name": null, "kind": "deck", "sport": null, "surface": null, "pitch_layout": null, "source": "richmond_structures", "source_updated": "2026-09-08T12:07:13.637000Z", "base_z": null, "top_z": null }, "geometry": { "type": "Polygon", "coordinates": [ [ [ 286234.37, 4158264.81 ], [ 286230.09, 4158269.17 ], [ 286231.74, 4158270.98 ], [ 286235.94, 4158266.51 ], [ 286234.37, 4158264.81 ] ] ] } },
{ "type": "Feature", "properties": { "id": "richmond_structure:308728", "name": null, "kind": "deck", "sport": null, "surface": null, "pitch_layout": null, "source": "richmond_structures", "source_updated": "2026-09-08T12:07:13.637000Z", "base_z": null, "top_z": null }, "geometry": { "type": "Polygon", "coordinates": [ [ [ 286237.58, 4158268.29 ], [ 286233.13, 4158272.5 ], [ 286234.89, 4158274.43 ], [ 286239.19, 4158270.02 ], [ 286237.58, 4158268.29 ] ] ] } },
{ "type": "Feature", "properties": { "id": "imagery:groundcover_paved:2089", "name": null, "kind": "groundcover_paved", "sport": null, "surface": null, "pitch_layout": null, "source": "vgin_vbmp+naip+lidar2025", "source_updated": null, "base_z": null, "top_z": null }, "geometry": { "type": "Polygon", "coordinates": [ [ [ 286250.0, 4158277.57 ], [ 286250.0, 4158263.35 ], [ 286242.91, 4158269.78 ], [ 286250.0, 4158277.57 ] ] ] } },
{ "type": "Feature", "properties": { "id": "richmond_structure:309113", "name": null, "kind": "deck", "sport": null, "surface": null, "pitch_layout": null, "source": "richmond_structures", "source_updated": "2026-09-08T12:07:13.637000Z", "base_z": null, "top_z": null }, "geometry": { "type": "Polygon", "coordinates": [ [ [ 286241.51, 4158272.53 ], [ 286236.92, 4158276.66 ], [ 286241.35, 4158281.5 ], [ 286245.89, 4158277.26 ], [ 286241.51, 4158272.53 ] ] ] } },
{ "type": "Feature", "properties": { "id": "richmond_structure:304356", "name": null, "kind": "deck", "sport": null, "surface": null, "pitch_layout": null, "source": "richmond_structures", "source_updated": "2026-09-08T12:07:13.637000Z", "base_z": null, "top_z": null }, "geometry": { "type": "Polygon", "coordinates": [ [ [ 286248.44, 4158280.02 ], [ 286243.94, 4158284.34 ], [ 286245.58, 4158286.14 ], [ 286249.87, 4158281.57 ], [ 286248.44, 4158280.02 ] ] ] } },
{ "type": "Feature", "properties": { "id": "richmond_structure:308956", "name": null, "kind": "deck", "sport": null, "surface": null, "pitch_layout": null, "source": "richmond_structures", "source_updated": "2026-09-08T12:07:13.637000Z", "base_z": null, "top_z": null }, "geometry": { "type": "Polygon", "coordinates": [ [ [ 286180.05, 4158250.0 ], [ 286178.31, 4158250.0 ], [ 286180.45, 4158252.34 ], [ 286181.33, 4158251.43 ], [ 286180.05, 4158250.0 ] ] ] } },
{ "type": "Feature", "properties": { "id": "richmond_structure:305494", "name": null, "kind": "deck", "sport": null, "surface": null, "pitch_layout": null, "source": "richmond_structures", "source_updated": "2026-09-08T12:07:13.637000Z", "base_z": null, "top_z": null }, "geometry": { "type": "Polygon", "coordinates": [ [ [ 286161.47, 4158257.52 ], [ 286166.76, 4158251.98 ], [ 286165.43, 4158250.52 ], [ 286159.86, 4158255.75 ], [ 286161.47, 4158257.52 ] ] ] } },
{ "type": "Feature", "properties": { "id": "richmond_structure:302343", "name": null, "kind": "deck", "sport": null, "surface": null, "pitch_layout": null, "source": "richmond_structures", "source_updated": "2026-09-08T12:07:13.637000Z", "base_z": null, "top_z": null }, "geometry": { "type": "Polygon", "coordinates": [ [ [ 286164.53, 4158260.89 ], [ 286170.08, 4158255.61 ], [ 286168.44, 4158253.82 ], [ 286162.87, 4158259.07 ], [ 286164.53, 4158260.89 ] ] ] } },
{ "type": "Feature", "properties": { "id": "richmond_structure:305471", "name": null, "kind": "deck", "sport": null, "surface": null, "pitch_layout": null, "source": "richmond_structures", "source_updated": "2026-09-08T12:07:13.637000Z", "base_z": null, "top_z": null }, "geometry": { "type": "Polygon", "coordinates": [ [ [ 286168.16, 4158264.9 ], [ 286173.81, 4158259.71 ], [ 286172.14, 4158257.88 ], [ 286166.55, 4158263.12 ], [ 286168.16, 4158264.9 ] ] ] } },
{ "type": "Feature", "properties": { "id": "richmond_structure:302538", "name": null, "kind": "deck", "sport": null, "surface": null, "pitch_layout": null, "source": "richmond_structures", "source_updated": "2026-09-08T12:07:13.637000Z", "base_z": null, "top_z": null }, "geometry": { "type": "Polygon", "coordinates": [ [ [ 286158.98, 4158266.16 ], [ 286163.66, 4158261.72 ], [ 286162.0, 4158259.87 ], [ 286156.6, 4158264.76 ], [ 286157.7, 4158265.96 ], [ 286158.21, 4158265.44 ], [ 286158.98, 4158266.16 ] ] ] } },
{ "type": "Feature", "properties": { "id": "richmond_structure:301259", "name": null, "kind": "deck", "sport": null, "surface": null, "pitch_layout": null, "source": "richmond_structures", "source_updated": "2026-09-08T12:07:13.637000Z", "base_z": null, "top_z": null }, "geometry": { "type": "Polygon", "coordinates": [ [ [ 286165.67, 4158263.95 ], [ 286160.98, 4158268.34 ], [ 286161.59, 4158269.07 ], [ 286161.08, 4158269.67 ], [ 286161.95, 4158270.61 ], [ 286167.27, 4158265.72 ], [ 286165.67, 4158263.95 ] ] ] } },
{ "type": "Feature", "properties": { "id": "richmond_structure:309032", "name": null, "kind": "deck", "sport": null, "surface": null, "pitch_layout": null, "source": "richmond_structures", "source_updated": "2026-09-08T12:07:13.637000Z", "base_z": null, "top_z": null }, "geometry": { "type": "Polygon", "coordinates": [ [ [ 286212.67, 4158285.79 ], [ 286207.46, 4158280.09 ], [ 286206.91, 4158280.62 ], [ 286207.68, 4158281.46 ], [ 286212.26, 4158286.48 ], [ 286212.67, 4158285.79 ] ] ] } },
{ "type": "Feature", "properties": { "id": "richmond_structure:309033", "name": null, "kind": "deck", "sport": null, "surface": null, "pitch_layout": null, "source": "richmond_structures", "source_updated": "2026-09-08T12:07:13.637000Z", "base_z": null, "top_z": null }, "geometry": { "type": "Polygon", "coordinates": [ [ [ 286195.38, 4158293.1 ], [ 286200.29, 4158288.01 ], [ 286198.62, 4158286.18 ], [ 286193.42, 4158291.06 ], [ 286195.38, 4158293.1 ] ] ] } },
{ "type": "Feature", "properties": { "id": "richmond_structure:304357", "name": null, "kind": "deck", "sport": null, "surface": null, "pitch_layout": null, "source": "richmond_structures", "source_updated": "2026-09-08T12:07:13.637000Z", "base_z": null, "top_z": null }, "geometry": { "type": "Polygon", "coordinates": [ [ [ 286200.37, 4158298.81 ], [ 286205.5, 4158293.72 ], [ 286204.06, 4158292.14 ], [ 286198.98, 4158297.3 ], [ 286200.37, 4158298.81 ] ] ] } },
{ "type": "Feature", "properties": { "id": "richmond_structure:302345", "name": null, "kind": "deck", "sport": null, "surface": null, "pitch_layout": null, "source": "richmond_structures", "source_updated": "2026-09-08T12:07:13.637000Z", "base_z": null, "top_z": null }, "geometry": { "type": "Polygon", "coordinates": [ [ [ 286190.87, 4158293.61 ], [ 286186.51, 4158297.59 ], [ 286188.29, 4158299.54 ], [ 286192.69, 4158295.42 ], [ 286190.87, 4158293.61 ] ] ] } },
{ "type": "Feature", "properties": { "id": "richmond_structure:308743", "name": null, "kind": "deck", "sport": null, "surface": null, "pitch_layout": null, "source": "richmond_structures", "source_updated": "2026-09-08T12:07:13.637000Z", "base_z": null, "top_z": null }, "geometry": { "type": "Polygon", "coordinates": [ [ [ 286250.0, 4158284.77 ], [ 286247.06, 4158287.76 ], [ 286248.54, 4158289.39 ], [ 286250.0, 4158287.88 ], [ 286250.0, 4158284.77 ] ] ] } },
{ "type": "Feature", "properties": { "id": "richmond_structure:306585", "name": null, "kind": "deck", "sport": null, "surface": null, "pitch_layout": null, "source": "richmond_structures", "source_updated": "2026-09-08T12:07:13.637000Z", "base_z": null, "top_z": null }, "geometry": { "type": "Polygon", "coordinates": [ [ [ 286216.36, 4158289.32 ], [ 286215.63, 4158290.17 ], [ 286219.43, 4158294.34 ], [ 286220.17, 4158293.29 ], [ 286216.36, 4158289.32 ] ] ] } },
{ "type": "Feature", "properties": { "id": "richmond_structure:309034", "name": null, "kind": "deck", "sport": null, "surface": null, "pitch_layout": null, "source": "richmond_structures", "source_updated": "2026-09-08T12:07:13.637000Z", "base_z": null, "top_z": null }, "geometry": { "type": "Polygon", "coordinates": [ [ [ 286222.74, 4158296.64 ], [ 286222.08, 4158297.24 ], [ 286226.05, 4158301.59 ], [ 286226.79, 4158300.94 ], [ 286222.74, 4158296.64 ] ] ] } },
{ "type": "Feature", "properties": { "id": "richmond_structure:309035", "name": null, "kind": "deck", "sport": null, "surface": null, "pitch_layout": null, "source": "richmond_structures", "source_updated": "2026-09-08T12:07:13.637000Z", "base_z": null, "top_z": null }, "geometry": { "type": "Polygon", "coordinates": [ [ [ 286210.23, 4158309.78 ], [ 286215.73, 4158304.93 ], [ 286211.35, 4158300.12 ], [ 286206.05, 4158304.93 ], [ 286210.23, 4158309.78 ] ] ] } },
{ "type": "Feature", "properties": { "id": "imagery:groundcover_lawn:2057", "name": null, "kind": "groundcover_lawn", "sport": null, "surface": null, "pitch_layout": null, "source": "vgin_vbmp+naip+lidar2025", "source_updated": null, "base_z": null, "top_z": null }, "geometry": { "type": "Polygon", "coordinates": [ [ [ 286249.13, 4158309.63 ], [ 286250.0, 4158309.63 ], [ 286250.0, 4158307.2 ], [ 286248.28, 4158308.77 ], [ 286249.13, 4158309.63 ] ] ] } },
{ "type": "Feature", "properties": { "id": "richmond_structure:309052", "name": null, "kind": "deck", "sport": null, "surface": null, "pitch_layout": null, "source": "richmond_structures", "source_updated": "2026-09-08T12:07:13.637000Z", "base_z": null, "top_z": null }, "geometry": { "type": "Polygon", "coordinates": [ [ [ 286229.82, 4158304.6 ], [ 286229.27, 4158305.13 ], [ 286234.76, 4158311.13 ], [ 286235.27, 4158310.74 ], [ 286229.82, 4158304.6 ] ] ] } },
{ "type": "Feature", "properties": { "id": "richmond_structure:306586", "name": null, "kind": "deck", "sport": null, "surface": null, "pitch_layout": null, "source": "richmond_structures", "source_updated": "2026-09-08T12:07:13.637000Z", "base_z": null, "top_z": null }, "geometry": { "type": "Polygon", "coordinates": [ [ [ 286213.94, 4158313.98 ], [ 286219.3, 4158308.84 ], [ 286217.64, 4158307.02 ], [ 286212.43, 4158312.14 ], [ 286213.94, 4158313.98 ] ] ] } },
{ "type": "Feature", "properties": { "id": "richmond_structure:306946", "name": null, "kind": "deck", "sport": null, "surface": null, "pitch_layout": null, "source": "richmond_structures", "source_updated": "2026-09-08T12:07:13.637000Z", "base_z": null, "top_z": null }, "geometry": { "type": "Polygon", "coordinates": [ [ [ 286217.75, 4158317.83 ], [ 286222.92, 4158312.8 ], [ 286221.04, 4158310.74 ], [ 286216.01, 4158315.68 ], [ 286217.75, 4158317.83 ] ] ] } },
{ "type": "Feature", "properties": { "id": "richmond_structure:302540", "name": null, "kind": "deck", "sport": null, "surface": null, "pitch_layout": null, "source": "richmond_structures", "source_updated": "2026-09-08T12:07:13.637000Z", "base_z": null, "top_z": null }, "geometry": { "type": "Polygon", "coordinates": [ [ [ 286222.86, 4158323.76 ], [ 286228.43, 4158318.84 ], [ 286226.43, 4158316.65 ], [ 286221.13, 4158321.93 ], [ 286222.86, 4158323.76 ] ] ] } },
{ "type": "Feature", "properties": { "id": "richmond_structure:306587", "name": null, "kind": "deck", "sport": null, "surface": null, "pitch_layout": null, "source": "richmond_structures", "source_updated": "2026-09-08T12:07:13.637000Z", "base_z": null, "top_z": null }, "geometry": { "type": "Polygon", "coordinates": [ [ [ 286213.36, 4158318.22 ], [ 286209.05, 4158322.28 ], [ 286210.84, 4158324.25 ], [ 286215.31, 4158320.21 ], [ 286213.36, 4158318.22 ] ] ] } },
{ "type": "Feature", "properties": { "id": "richmond_structure:302344", "name": null, "kind": "deck", "sport": null, "surface": null, "pitch_layout": null, "source": "richmond_structures", "source_updated": "2026-09-08T12:07:13.637000Z", "base_z": null, "top_z": null }, "geometry": { "type": "Polygon", "coordinates": [ [ [ 286203.39, 4158302.0 ], [ 286208.49, 4158296.99 ], [ 286207.2, 4158295.58 ], [ 286202.09, 4158300.54 ], [ 286203.39, 4158302.0 ] ] ] } },
{ "type": "Feature", "properties": { "id": "richmond_structure:302346", "name": null, "kind": "deck", "sport": null, "surface": null, "pitch_layout": null, "source": "richmond_structures", "source_updated": "2026-09-08T12:07:13.637000Z", "base_z": null, "top_z": null }, "geometry": { "type": "Polygon", "coordinates": [ [ [ 286196.15, 4158299.17 ], [ 286191.62, 4158303.18 ], [ 286193.5, 4158305.24 ], [ 286197.97, 4158301.16 ], [ 286196.15, 4158299.17 ] ] ] } },
{ "type": "Feature", "properties": { "id": "richmond_structure:302347", "name": null, "kind": "deck", "sport": null, "surface": null, "pitch_layout": null, "source": "richmond_structures", "source_updated": "2026-09-08T12:07:13.637000Z", "base_z": null, "top_z": null }, "geometry": { "type": "Polygon", "coordinates": [ [ [ 286199.24, 4158303.24 ], [ 286195.06, 4158306.95 ], [ 286196.46, 4158308.48 ], [ 286200.55, 4158304.82 ], [ 286199.24, 4158303.24 ] ] ] } },
{ "type": "Feature", "properties": { "id": "richmond_structure:302541", "name": null, "kind": "deck", "sport": null, "surface": null, "pitch_layout": null, "source": "richmond_structures", "source_updated": "2026-09-08T12:07:13.637000Z", "base_z": null, "top_z": null }, "geometry": { "type": "Polygon", "coordinates": [ [ [ 286203.26, 4158307.28 ], [ 286199.08, 4158311.36 ], [ 286203.4, 4158316.09 ], [ 286207.69, 4158311.93 ], [ 286203.26, 4158307.28 ] ] ] } },
{ "type": "Feature", "properties": { "id": "richmond_structure:301898", "name": null, "kind": "deck", "sport": null, "surface": null, "pitch_layout": null, "source": "richmond_structures", "source_updated": "2026-09-08T12:07:13.637000Z", "base_z": null, "top_z": null }, "geometry": { "type": "Polygon", "coordinates": [ [ [ 286210.22, 4158314.59 ], [ 286205.81, 4158318.74 ], [ 286207.6, 4158320.69 ], [ 286212.05, 4158316.52 ], [ 286210.22, 4158314.59 ] ] ] } },
{ "type": "Feature", "properties": { "id": "richmond_structure:304748", "name": null, "kind": "deck", "sport": null, "surface": null, "pitch_layout": null, "source": "richmond_structures", "source_updated": "2026-09-08T12:07:13.637000Z", "base_z": null, "top_z": null }, "geometry": { "type": "Polygon", "coordinates": [ [ [ 286172.48, 4158317.81 ], [ 286171.43, 4158318.64 ], [ 286174.01, 4158321.47 ], [ 286174.75, 4158320.56 ], [ 286172.48, 4158317.81 ] ] ] } },
{ "type": "Feature", "properties": { "id": "richmond_structure:308804", "name": null, "kind": "deck", "sport": null, "surface": null, "pitch_layout": null, "source": "richmond_structures", "source_updated": "2026-09-08T12:07:13.637000Z", "base_z": null, "top_z": null }, "geometry": { "type": "Polygon", "coordinates": [ [ [ 286178.13, 4158323.93 ], [ 286177.05, 4158324.79 ], [ 286179.87, 4158327.89 ], [ 286180.9, 4158326.66 ], [ 286178.13, 4158323.93 ] ] ] } },
{ "type": "Feature", "properties": { "id": "richmond_structure:306588", "name": null, "kind": "deck", "sport": null, "surface": null, "pitch_layout": null, "source": "richmond_structures", "source_updated": "2026-09-08T12:07:13.637000Z", "base_z": null, "top_z": null }, "geometry": { "type": "Polygon", "coordinates": [ [ [ 286161.51, 4158334.43 ], [ 286167.09, 4158328.52 ], [ 286165.18, 4158326.43 ], [ 286159.55, 4158332.39 ], [ 286161.51, 4158334.43 ] ] ] } },
{ "type": "Feature", "properties": { "id": "richmond_structure:301899", "name": null, "kind": "deck", "sport": null, "surface": null, "pitch_layout": null, "source": "richmond_structures", "source_updated": "2026-09-08T12:07:13.637000Z", "base_z": null, "top_z": null }, "geometry": { "type": "Polygon", "coordinates": [ [ [ 286184.82, 4158331.35 ], [ 286183.76, 4158332.15 ], [ 286187.73, 4158336.5 ], [ 286188.48, 4158335.55 ], [ 286184.82, 4158331.35 ] ] ] } },
{ "type": "Feature", "properties": { "id": "richmond_structure:305656", "name": null, "kind": "deck", "sport": null, "surface": null, "pitch_layout": null, "source": "richmond_structures", "source_updated": "2026-09-08T12:07:13.637000Z", "base_z": null, "top_z": null }, "geometry": { "type": "Polygon", "coordinates": [ [ [ 286164.53, 4158337.76 ], [ 286170.51, 4158332.27 ], [ 286168.56, 4158330.13 ], [ 286162.67, 4158335.72 ], [ 286164.53, 4158337.76 ] ] ] } },
{ "type": "Feature", "properties": { "id": "richmond_structure:305657", "name": null, "kind": "deck", "sport": null, "surface": null, "pitch_layout": null, "source": "richmond_structures", "source_updated": "2026-09-08T12:07:13.637000Z", "base_z": null, "top_z": null }, "geometry": { "type": "Polygon", "coordinates": [ [ [ 286171.37, 4158345.4 ], [ 286177.22, 4158339.61 ], [ 286172.81, 4158334.79 ], [ 286167.07, 4158340.45 ], [ 286171.37, 4158345.4 ] ] ] } },
{ "type": "Feature", "properties": { "id": "richmond_structure:304749", "name": null, "kind": "deck", "sport": null, "surface": null, "pitch_layout": null, "source": "richmond_structures", "source_updated": "2026-09-08T12:07:13.637000Z", "base_z": null, "top_z": null }, "geometry": { "type": "Polygon", "coordinates": [ [ [ 286191.62, 4158339.35 ], [ 286190.97, 4158340.05 ], [ 286196.43, 4158346.03 ], [ 286197.1, 4158345.32 ], [ 286191.62, 4158339.35 ] ] ] } },
{ "type": "Feature", "properties": { "id": "richmond_structure:302637", "name": null, "kind": "deck", "sport": null, "surface": null, "pitch_layout": null, "source": "richmond_structures", "source_updated": "2026-09-08T12:07:13.637000Z", "base_z": null, "top_z": null }, "geometry": { "type": "Polygon", "coordinates": [ [ [ 286161.93, 4158342.43 ], [ 286155.55, 4158341.19 ], [ 286155.13, 4158343.94 ], [ 286161.61, 4158344.86 ], [ 286161.93, 4158342.43 ] ] ] } },
{ "type": "Feature", "properties": { "id": "richmond_structure:306947", "name": null, "kind": "deck", "sport": null, "surface": null, "pitch_layout": null, "source": "richmond_structures", "source_updated": "2026-09-08T12:07:13.637000Z", "base_z": null, "top_z": null }, "geometry": { "type": "Polygon", "coordinates": [ [ [ 286175.76, 4158349.9 ], [ 286181.46, 4158344.27 ], [ 286179.72, 4158342.36 ], [ 286173.69, 4158348.09 ], [ 286175.76, 4158349.9 ] ] ] } },
{ "type": "Feature", "properties": { "id": "richmond_structure:308803", "name": null, "kind": "deck", "sport": null, "surface": null, "pitch_layout": null, "source": "richmond_structures", "source_updated": "2026-09-08T12:07:13.637000Z", "base_z": null, "top_z": null }, "geometry": { "type": "Polygon", "coordinates": [ [ [ 286178.9, 4158353.57 ], [ 286184.76, 4158347.87 ], [ 286182.81, 4158345.75 ], [ 286177.05, 4158351.63 ], [ 286178.9, 4158353.57 ] ] ] } },
{ "type": "Feature", "properties": { "id": "richmond_structure:305498", "name": null, "kind": "deck", "sport": null, "surface": null, "pitch_layout": null, "source": "richmond_structures", "source_updated": "2026-09-08T12:07:13.637000Z", "base_z": null, "top_z": null }, "geometry": { "type": "Polygon", "coordinates": [ [ [ 286184.21, 4158359.04 ], [ 286189.81, 4158353.41 ], [ 286188.18, 4158351.63 ], [ 286182.37, 4158357.33 ], [ 286184.21, 4158359.04 ] ] ] } },
{ "type": "Feature", "properties": { "id": "richmond_structure:304750", "name": null, "kind": "deck", "sport": null, "surface": null, "pitch_layout": null, "source": "richmond_structures", "source_updated": "2026-09-08T12:07:13.637000Z", "base_z": null, "top_z": null }, "geometry": { "type": "Polygon", "coordinates": [ [ [ 286167.3, 4158357.61 ], [ 286167.21, 4158364.84 ], [ 286173.62, 4158364.94 ], [ 286173.71, 4158357.51 ], [ 286167.3, 4158357.61 ] ] ] } },
{ "type": "Feature", "properties": { "id": "richmond_structure:304743", "name": null, "kind": "deck", "sport": null, "surface": null, "pitch_layout": null, "source": "richmond_structures", "source_updated": "2026-09-08T12:07:13.637000Z", "base_z": null, "top_z": null }, "geometry": { "type": "Polygon", "coordinates": [ [ [ 286157.72, 4158357.77 ], [ 286157.63, 4158364.69 ], [ 286164.18, 4158364.79 ], [ 286163.98, 4158357.67 ], [ 286157.72, 4158357.77 ] ] ] } },
{ "type": "Feature", "properties": { "id": "richmond_structure:308805", "name": null, "kind": "deck", "sport": null, "surface": null, "pitch_layout": null, "source": "richmond_structures", "source_updated": "2026-09-08T12:07:13.637000Z", "base_z": null, "top_z": null }, "geometry": { "type": "Polygon", "coordinates": [ [ [ 286180.22, 4158366.09 ], [ 286180.01, 4158358.11 ], [ 286177.81, 4158357.5 ], [ 286177.8, 4158365.0 ], [ 286178.7, 4158365.02 ], [ 286178.68, 4158366.04 ], [ 286180.22, 4158366.09 ] ] ] } },
{ "type": "Feature", "properties": { "id": "richmond_structure:309049", "name": null, "kind": "deck", "sport": null, "surface": null, "pitch_layout": null, "source": "richmond_structures", "source_updated": "2026-09-08T12:07:13.637000Z", "base_z": null, "top_z": null }, "geometry": { "type": "Polygon", "coordinates": [ [ [ 286199.47, 4158372.17 ], [ 286201.03, 4158364.57 ], [ 286193.2, 4158363.19 ], [ 286192.06, 4158370.65 ], [ 286199.47, 4158372.17 ] ] ] } },
{ "type": "Feature", "properties": { "id": "richmond_structure:305654", "name": null, "kind": "deck", "sport": null, "surface": null, "pitch_layout": null, "source": "richmond_structures", "source_updated": "2026-09-08T12:07:13.637000Z", "base_z": null, "top_z": null }, "geometry": { "type": "Polygon", "coordinates": [ [ [ 286218.7, 4158323.84 ], [ 286214.22, 4158327.95 ], [ 286216.09, 4158330.0 ], [ 286220.52, 4158325.83 ], [ 286218.7, 4158323.84 ] ] ] } },
{ "type": "Feature", "properties": { "id": "richmond_structure:303453", "name": null, "kind": "deck", "sport": null, "surface": null, "pitch_layout": null, "source": "richmond_structures", "source_updated": "2026-09-08T12:07:13.637000Z", "base_z": null, "top_z": null }, "geometry": { "type": "Polygon", "coordinates": [ [ [ 286227.95, 4158352.49 ], [ 286228.67, 4158349.06 ], [ 286227.87, 4158348.84 ], [ 286227.08, 4158352.29 ], [ 286227.95, 4158352.49 ] ] ] } },
{ "type": "Feature", "properties": { "id": "imagery:groundcover_lawn:2045", "name": null, "kind": "groundcover_lawn", "sport": null, "surface": null, "pitch_layout": null, "source": "vgin_vbmp+naip+lidar2025", "source_updated": null, "base_z": null, "top_z": null }, "geometry": { "type": "MultiPolygon", "coordinates": [ [ [ [ 286201.15, 4158359.15 ], [ 286201.19, 4158359.07 ], [ 286201.24, 4158358.98 ], [ 286201.3, 4158358.9 ], [ 286201.37, 4158358.83 ], [ 286201.44, 4158358.77 ], [ 286201.52, 4158358.71 ], [ 286201.6, 4158358.66 ], [ 286201.69, 4158358.62 ], [ 286201.78, 4158358.58 ], [ 286201.88, 4158358.56 ], [ 286201.98, 4158358.55 ], [ 286202.07, 4158358.54 ], [ 286202.17, 4158358.55 ], [ 286202.27, 4158358.56 ], [ 286211.99, 4158360.56 ], [ 286212.09, 4158360.58 ], [ 286212.18, 4158360.61 ], [ 286212.27, 4158360.66 ], [ 286212.35, 4158360.71 ], [ 286212.43, 4158360.77 ], [ 286212.5, 4158360.83 ], [ 286212.57, 4158360.91 ], [ 286212.63, 4158360.98 ], [ 286212.68, 4158361.07 ], [ 286212.72, 4158361.16 ], [ 286212.75, 4158361.25 ], [ 286212.77, 4158361.35 ], [ 286212.79, 4158361.44 ], [ 286212.79, 4158361.54 ], [ 286212.79, 4158361.64 ], [ 286212.77, 4158361.74 ], [ 286212.51, 4158363.01 ], [ 286212.71, 4158363.2 ], [ 286213.36, 4158364.77 ], [ 286216.13, 4158366.63 ], [ 286218.9, 4158364.77 ], [ 286219.55, 4158363.2 ], [ 286221.28, 4158361.48 ], [ 286224.77, 4158344.34 ], [ 286224.81, 4158344.17 ], [ 286224.87, 4158344.0 ], [ 286224.95, 4158343.84 ], [ 286225.04, 4158343.69 ], [ 286225.15, 4158343.55 ], [ 286225.26, 4158343.42 ], [ 286225.4, 4158343.3 ], [ 286225.54, 4158343.2 ], [ 286225.69, 4158343.11 ], [ 286225.85, 4158343.03 ], [ 286226.02, 4158342.97 ], [ 286226.19, 4158342.93 ], [ 286226.37, 4158342.91 ], [ 286226.54, 4158342.9 ], [ 286226.72, 4158342.91 ], [ 286226.9, 4158342.94 ], [ 286249.03, 4158347.53 ], [ 286249.2, 4158347.57 ], [ 286249.36, 4158347.63 ], [ 286249.52, 4158347.71 ], [ 286249.67, 4158347.8 ], [ 286249.81, 4158347.91 ], [ 286249.94, 4158348.03 ], [ 286250.0, 4158348.09 ], [ 286250.0, 4158332.4 ], [ 286249.44, 4158331.68 ], [ 286249.13, 4158330.78 ], [ 286249.13, 4158327.28 ], [ 286248.12, 4158322.85 ], [ 286246.72, 4158321.14 ], [ 286236.88, 4158319.18 ], [ 286228.13, 4158327.16 ], [ 286228.13, 4158330.03 ], [ 286227.71, 4158331.05 ], [ 286225.55, 4158333.2 ], [ 286224.53, 4158333.63 ], [ 286221.05, 4158333.63 ], [ 286209.82, 4158343.88 ], [ 286209.82, 4158343.89 ], [ 286209.81, 4158343.89 ], [ 286207.13, 4158346.3 ], [ 286207.13, 4158348.78 ], [ 286206.82, 4158349.68 ], [ 286205.17, 4158351.8 ], [ 286204.37, 4158352.32 ], [ 286204.36, 4158352.32 ], [ 286203.6, 4158352.31 ], [ 286201.59, 4158351.75 ], [ 286198.34, 4158355.26 ], [ 286195.79, 4158358.29 ], [ 286198.13, 4158360.63 ], [ 286200.83, 4158360.63 ], [ 286201.09, 4158359.34 ], [ 286201.11, 4158359.25 ], [ 286201.15, 4158359.15 ] ] ], [ [ [ 286248.4, 4158367.19 ], [ 286250.0, 4158367.59 ], [ 286250.0, 4158351.8 ], [ 286247.24, 4158365.7 ], [ 286248.4, 4158367.19 ] ] ] ] } },
{ "type": "Feature", "properties": { "id": "richmond_structure:305480", "name": null, "kind": "deck", "sport": null, "surface": null, "pitch_layout": null, "source": "richmond_structures", "source_updated": "2026-09-08T12:07:13.637000Z", "base_z": null, "top_z": null }, "geometry": { "type": "Polygon", "coordinates": [ [ [ 286245.45, 4158355.19 ], [ 286238.81, 4158353.7 ], [ 286237.51, 4158359.93 ], [ 286244.27, 4158361.49 ], [ 286245.45, 4158355.19 ] ] ] } },
{ "type": "Feature", "properties": { "id": "richmond_structure:309140", "name": null, "kind": "deck", "sport": null, "surface": null, "pitch_layout": null, "source": "richmond_structures", "source_updated": "2026-09-08T12:07:13.637000Z", "base_z": null, "top_z": null }, "geometry": { "type": "Polygon", "coordinates": [ [ [ 286225.92, 4158362.18 ], [ 286227.12, 4158356.46 ], [ 286225.9, 4158356.25 ], [ 286224.86, 4158361.96 ], [ 286225.92, 4158362.18 ] ] ] } },
{ "type": "Feature", "properties": { "id": "richmond_structure:308777", "name": null, "kind": "deck", "sport": null, "surface": null, "pitch_layout": null, "source": "richmond_structures", "source_updated": "2026-09-08T12:07:13.637000Z", "base_z": null, "top_z": null }, "geometry": { "type": "Polygon", "coordinates": [ [ [ 286243.14, 4158364.86 ], [ 286236.83, 4158363.17 ], [ 286235.65, 4158368.82 ], [ 286241.85, 4158370.41 ], [ 286243.14, 4158364.86 ] ] ] } },
{ "type": "Feature", "properties": { "id": "richmond_structure:308942", "name": null, "kind": "deck", "sport": null, "surface": null, "pitch_layout": null, "source": "richmond_structures", "source_updated": "2026-09-08T12:07:13.637000Z", "base_z": null, "top_z": null }, "geometry": { "type": "Polygon", "coordinates": [ [ [ 286223.91, 4158371.8 ], [ 286225.01, 4158366.55 ], [ 286224.02, 4158366.24 ], [ 286223.05, 4158371.61 ], [ 286223.91, 4158371.8 ] ] ] } },
{ "type": "Feature", "properties": { "id": "richmond_structure:315867", "name": null, "kind": "deck", "sport": null, "surface": null, "pitch_layout": null, "source": "richmond_structures", "source_updated": "2026-09-08T12:07:13.637000Z", "base_z": null, "top_z": null }, "geometry": { "type": "Polygon", "coordinates": [ [ [ 286241.57, 4158374.26 ], [ 286234.82, 4158372.8 ], [ 286233.47, 4158379.25 ], [ 286240.15, 4158380.73 ], [ 286241.57, 4158374.26 ] ] ] } },
{ "type": "Feature", "properties": { "id": "richmond_structure:302567", "name": null, "kind": "deck", "sport": null, "surface": null, "pitch_layout": null, "source": "richmond_structures", "source_updated": "2026-09-08T12:07:13.637000Z", "base_z": null, "top_z": null }, "geometry": { "type": "Polygon", "coordinates": [ [ [ 286222.35, 4158379.27 ], [ 286223.14, 4158375.48 ], [ 286222.36, 4158375.47 ], [ 286221.58, 4158379.0 ], [ 286222.35, 4158379.27 ] ] ] } },
{ "type": "Feature", "properties": { "id": "richmond_structure:312105", "name": null, "kind": "deck", "sport": null, "surface": null, "pitch_layout": null, "source": "richmond_structures", "source_updated": "2026-09-08T12:07:13.637000Z", "base_z": null, "top_z": null }, "geometry": { "type": "Polygon", "coordinates": [ [ [ 286229.2, 4158384.75 ], [ 286238.5, 4158386.76 ], [ 286239.52, 4158384.09 ], [ 286232.77, 4158382.59 ], [ 286232.62, 4158383.33 ], [ 286229.7, 4158382.71 ], [ 286229.2, 4158384.75 ] ] ] } },
{ "type": "Feature", "properties": { "id": "richmond_structure:425466", "name": null, "kind": "deck", "sport": null, "surface": null, "pitch_layout": null, "source": "richmond_structures", "source_updated": "2026-09-08T12:07:13.637000Z", "base_z": null, "top_z": null }, "geometry": { "type": "Polygon", "coordinates": [ [ [ 286195.57, 4158376.38 ], [ 286195.9, 4158372.49 ], [ 286191.02, 4158372.08 ], [ 286190.7, 4158375.98 ], [ 286195.57, 4158376.38 ] ] ] } },
{ "type": "Feature", "properties": { "id": "richmond_structure:305553", "name": null, "kind": "deck", "sport": null, "surface": null, "pitch_layout": null, "source": "richmond_structures", "source_updated": "2026-09-08T12:07:13.637000Z", "base_z": null, "top_z": null }, "geometry": { "type": "Polygon", "coordinates": [ [ [ 286165.84, 4158425.88 ], [ 286166.83, 4158418.1 ], [ 286164.64, 4158417.82 ], [ 286163.67, 4158425.68 ], [ 286165.84, 4158425.88 ] ] ] } },
{ "type": "Feature", "properties": { "id": "richmond_structure:305453", "name": null, "kind": "deck", "sport": null, "surface": null, "pitch_layout": null, "source": "richmond_structures", "source_updated": "2026-09-08T12:07:13.637000Z", "base_z": null, "top_z": null }, "geometry": { "type": "Polygon", "coordinates": [ [ [ 286174.03, 4158426.33 ], [ 286174.69, 4158419.09 ], [ 286171.92, 4158418.74 ], [ 286171.44, 4158426.26 ], [ 286174.03, 4158426.33 ] ] ] } },
{ "type": "Feature", "properties": { "id": "richmond_structure:309053", "name": null, "kind": "deck", "sport": null, "surface": null, "pitch_layout": null, "source": "richmond_structures", "source_updated": "2026-09-08T12:07:13.637000Z", "base_z": null, "top_z": null }, "geometry": { "type": "Polygon", "coordinates": [ [ [ 286179.57, 4158427.45 ], [ 286180.4, 4158419.81 ], [ 286177.53, 4158419.45 ], [ 286177.0, 4158427.14 ], [ 286179.57, 4158427.45 ] ] ] } },
{ "type": "Feature", "properties": { "id": "richmond_structure:305440", "name": null, "kind": "deck", "sport": null, "surface": null, "pitch_layout": null, "source": "richmond_structures", "source_updated": "2026-09-08T12:07:13.637000Z", "base_z": null, "top_z": null }, "geometry": { "type": "Polygon", "coordinates": [ [ [ 286187.34, 4158427.91 ], [ 286188.27, 4158420.81 ], [ 286186.06, 4158420.53 ], [ 286185.24, 4158427.49 ], [ 286187.34, 4158427.91 ] ] ] } },
{ "type": "Feature", "properties": { "id": "richmond_structure:312122", "name": null, "kind": "deck", "sport": null, "surface": null, "pitch_layout": null, "source": "richmond_structures", "source_updated": "2026-09-08T12:07:13.637000Z", "base_z": null, "top_z": null }, "geometry": { "type": "Polygon", "coordinates": [ [ [ 286192.68, 4158428.7 ], [ 286193.42, 4158421.46 ], [ 286191.52, 4158421.22 ], [ 286190.66, 4158428.52 ], [ 286192.68, 4158428.7 ] ] ] } },
{ "type": "Feature", "properties": { "id": "richmond_structure:305441", "name": null, "kind": "deck", "sport": null, "surface": null, "pitch_layout": null, "source": "richmond_structures", "source_updated": "2026-09-08T12:07:13.637000Z", "base_z": null, "top_z": null }, "geometry": { "type": "Polygon", "coordinates": [ [ [ 286200.08, 4158429.56 ], [ 286201.14, 4158429.24 ], [ 286201.73, 4158422.51 ], [ 286199.66, 4158422.25 ], [ 286198.73, 4158429.24 ], [ 286200.08, 4158429.56 ] ] ] } },
{ "type": "Feature", "properties": { "id": "richmond_structure:312126", "name": null, "kind": "deck", "sport": null, "surface": null, "pitch_layout": null, "source": "richmond_structures", "source_updated": "2026-09-08T12:07:13.637000Z", "base_z": null, "top_z": null }, "geometry": { "type": "Polygon", "coordinates": [ [ [ 286206.4, 4158430.58 ], [ 286207.05, 4158423.18 ], [ 286204.65, 4158422.87 ], [ 286204.26, 4158430.38 ], [ 286206.4, 4158430.58 ] ] ] } },
{ "type": "Feature", "properties": { "id": "richmond_structure:404744", "name": null, "kind": "deck", "sport": null, "surface": null, "pitch_layout": null, "source": "richmond_structures", "source_updated": "2026-09-08T12:07:13.637000Z", "base_z": null, "top_z": null }, "geometry": { "type": "Polygon", "coordinates": [ [ [ 286246.37, 4158390.07 ], [ 286249.31, 4158384.22 ], [ 286244.59, 4158381.84 ], [ 286241.64, 4158387.7 ], [ 286246.37, 4158390.07 ] ] ] } },
{ "type": "Feature", "properties": { "id": "richmond_structure:312123", "name": null, "kind": "deck", "sport": null, "surface": null, "pitch_layout": null, "source": "richmond_structures", "source_updated": "2026-09-08T12:07:13.637000Z", "base_z": null, "top_z": null }, "geometry": { "type": "Polygon", "coordinates": [ [ [ 286229.97, 4158422.49 ], [ 286228.31, 4158426.44 ], [ 286223.99, 4158424.23 ], [ 286223.12, 4158426.09 ], [ 286230.01, 4158429.29 ], [ 286233.56, 4158421.12 ], [ 286226.8, 4158418.19 ], [ 286225.75, 4158420.45 ], [ 286229.97, 4158422.49 ] ] ] } },
{ "type": "Feature", "properties": { "id": "richmond_structure:305448", "name": null, "kind": "deck", "sport": null, "surface": null, "pitch_layout": null, "source": "richmond_structures", "source_updated": "2026-09-08T12:07:13.637000Z", "base_z": null, "top_z": null }, "geometry": { "type": "Polygon", "coordinates": [ [ [ 286214.27, 4158432.08 ], [ 286215.08, 4158424.19 ], [ 286212.9, 4158423.92 ], [ 286211.9, 4158431.59 ], [ 286214.27, 4158432.08 ] ] ] } },
{ "type": "Feature", "properties": { "id": "richmond_structure:304768", "name": null, "kind": "deck", "sport": null, "surface": null, "pitch_layout": null, "source": "richmond_structures", "source_updated": "2026-09-08T12:07:13.637000Z", "base_z": null, "top_z": null }, "geometry": { "type": "Polygon", "coordinates": [ [ [ 286226.31, 4158459.06 ], [ 286229.84, 4158451.19 ], [ 286227.55, 4158450.12 ], [ 286224.19, 4158458.1 ], [ 286226.31, 4158459.06 ] ] ] } },
{ "type": "Feature", "properties": { "id": "richmond_structure:309114", "name": null, "kind": "deck", "sport": null, "surface": null, "pitch_layout": null, "source": "richmond_structures", "source_updated": "2026-09-08T12:07:13.637000Z", "base_z": null, "top_z": null }, "geometry": { "type": "Polygon", "coordinates": [ [ [ 286233.54, 4158461.87 ], [ 286233.54, 4158462.11 ], [ 286236.96, 4158454.51 ], [ 286234.82, 4158453.52 ], [ 286231.8, 4158461.14 ], [ 286233.54, 4158461.87 ] ] ] } },
{ "type": "Feature", "properties": { "id": "richmond_structure:308744", "name": null, "kind": "deck", "sport": null, "surface": null, "pitch_layout": null, "source": "richmond_structures", "source_updated": "2026-09-08T12:07:13.637000Z", "base_z": null, "top_z": null }, "geometry": { "type": "Polygon", "coordinates": [ [ [ 286235.58, 4158462.96 ], [ 286237.89, 4158464.04 ], [ 286241.2, 4158456.49 ], [ 286238.73, 4158455.34 ], [ 286235.29, 4158463.09 ], [ 286235.58, 4158462.96 ] ] ] } },
{ "type": "Feature", "properties": { "id": "richmond_structure:308753", "name": null, "kind": "deck", "sport": null, "surface": null, "pitch_layout": null, "source": "richmond_structures", "source_updated": "2026-09-08T12:07:13.637000Z", "base_z": null, "top_z": null }, "geometry": { "type": "Polygon", "coordinates": [ [ [ 286247.06, 4158468.26 ], [ 286249.98, 4158460.59 ], [ 286244.17, 4158457.88 ], [ 286241.35, 4158465.34 ], [ 286247.06, 4158468.26 ] ] ] } },
{ "type": "Feature", "properties": { "id": "richmond_structure:305470", "name": null, "kind": "deck", "sport": null, "surface": null, "pitch_layout": null, "source": "richmond_structures", "source_updated": "2026-09-08T12:07:13.637000Z", "base_z": null, "top_z": null }, "geometry": { "type": "Polygon", "coordinates": [ [ [ 286157.79, 4158250.0 ], [ 286154.64, 4158250.0 ], [ 286156.09, 4158251.59 ], [ 286157.79, 4158250.0 ] ] ] } },
{ "type": "Feature", "properties": { "id": "richmond_structure:308649", "name": null, "kind": "deck", "sport": null, "surface": null, "pitch_layout": null, "source": "richmond_structures", "source_updated": "2026-09-08T12:07:13.637000Z", "base_z": null, "top_z": null }, "geometry": { "type": "Polygon", "coordinates": [ [ [ 286146.53, 4158251.96 ], [ 286148.66, 4158250.0 ], [ 286144.86, 4158250.0 ], [ 286144.63, 4158250.19 ], [ 286145.17, 4158251.09 ], [ 286144.58, 4158251.59 ], [ 286146.15, 4158253.3 ], [ 286146.81, 4158252.7 ], [ 286146.53, 4158251.96 ] ] ] } },
{ "type": "Feature", "properties": { "id": "richmond_structure:304767", "name": null, "kind": "deck", "sport": null, "surface": null, "pitch_layout": null, "source": "richmond_structures", "source_updated": "2026-09-08T12:07:13.637000Z", "base_z": null, "top_z": null }, "geometry": { "type": "Polygon", "coordinates": [ [ [ 286153.11, 4158250.0 ], [ 286151.74, 4158250.0 ], [ 286147.92, 4158253.41 ], [ 286148.37, 4158254.14 ], [ 286147.58, 4158254.88 ], [ 286148.78, 4158256.19 ], [ 286154.15, 4158251.16 ], [ 286153.11, 4158250.0 ] ] ] } },
{ "type": "Feature", "properties": { "id": "richmond_structure:302539", "name": null, "kind": "deck", "sport": null, "surface": null, "pitch_layout": null, "source": "richmond_structures", "source_updated": "2026-09-08T12:07:13.637000Z", "base_z": null, "top_z": null }, "geometry": { "type": "Polygon", "coordinates": [ [ [ 286132.18, 4158255.74 ], [ 286133.73, 4158254.34 ], [ 286131.43, 4158251.82 ], [ 286129.84, 4158253.25 ], [ 286132.18, 4158255.74 ] ] ] } },
{ "type": "Feature", "properties": { "id": "richmond_structure:302361", "name": null, "kind": "deck", "sport": null, "surface": null, "pitch_layout": null, "source": "richmond_structures", "source_updated": "2026-09-08T12:07:13.637000Z", "base_z": null, "top_z": null }, "geometry": { "type": "Polygon", "coordinates": [ [ [ 286118.44, 4158259.24 ], [ 286114.53, 4158254.8 ], [ 286113.35, 4158255.88 ], [ 286116.22, 4158259.03 ], [ 286117.52, 4158260.46 ], [ 286118.44, 4158259.24 ] ] ] } },
{ "type": "Feature", "properties": { "id": "richmond_structure:301258", "name": null, "kind": "deck", "sport": null, "surface": null, "pitch_layout": null, "source": "richmond_structures", "source_updated": "2026-09-08T12:07:13.637000Z", "base_z": null, "top_z": null }, "geometry": { "type": "Polygon", "coordinates": [ [ [ 286158.67, 4158256.18 ], [ 286153.86, 4158260.69 ], [ 286154.3, 4158261.17 ], [ 286153.83, 4158261.73 ], [ 286155.17, 4158263.19 ], [ 286160.26, 4158257.94 ], [ 286158.67, 4158256.18 ] ] ] } },
{ "type": "Feature", "properties": { "id": "richmond_structure:306581", "name": null, "kind": "deck", "sport": null, "surface": null, "pitch_layout": null, "source": "richmond_structures", "source_updated": "2026-09-08T12:07:13.637000Z", "base_z": null, "top_z": null }, "geometry": { "type": "Polygon", "coordinates": [ [ [ 286121.1, 4158261.31 ], [ 286119.66, 4158262.8 ], [ 286121.83, 4158265.18 ], [ 286123.28, 4158263.73 ], [ 286121.1, 4158261.31 ] ] ] } },
{ "type": "Feature", "properties": { "id": "richmond_structure:301897", "name": null, "kind": "deck", "sport": null, "surface": null, "pitch_layout": null, "source": "richmond_structures", "source_updated": "2026-09-08T12:07:13.637000Z", "base_z": null, "top_z": null }, "geometry": { "type": "Polygon", "coordinates": [ [ [ 286105.52, 4158272.65 ], [ 286110.82, 4158267.75 ], [ 286109.18, 4158265.95 ], [ 286103.71, 4158270.96 ], [ 286105.52, 4158272.65 ] ] ] } },
{ "type": "Feature", "properties": { "id": "richmond_structure:316212", "name": null, "kind": "deck", "sport": null, "surface": null, "pitch_layout": null, "source": "richmond_structures", "source_updated": "2026-09-08T12:07:13.637000Z", "base_z": null, "top_z": null }, "geometry": { "type": "Polygon", "coordinates": [ [ [ 286125.8, 4158266.47 ], [ 286124.3, 4158267.88 ], [ 286130.77, 4158274.97 ], [ 286132.31, 4158273.57 ], [ 286125.8, 4158266.47 ] ] ] } },
{ "type": "Feature", "properties": { "id": "richmond_structure:316213", "name": null, "kind": "deck", "sport": null, "surface": null, "pitch_layout": null, "source": "richmond_structures", "source_updated": "2026-09-08T12:07:13.637000Z", "base_z": null, "top_z": null }, "geometry": { "type": "Polygon", "coordinates": [ [ [ 286108.59, 4158276.7 ], [ 286114.29, 4158271.55 ], [ 286112.4, 4158269.48 ], [ 286106.92, 4158274.51 ], [ 286108.59, 4158276.7 ] ] ] } },
{ "type": "Feature", "properties": { "id": "richmond_structure:316211", "name": null, "kind": "deck", "sport": null, "surface": null, "pitch_layout": null, "source": "richmond_structures", "source_updated": "2026-09-08T12:07:13.637000Z", "base_z": null, "top_z": null }, "geometry": { "type": "Polygon", "coordinates": [ [ [ 286101.67, 4158267.79 ], [ 286106.49, 4158263.0 ], [ 286105.04, 4158261.42 ], [ 286100.11, 4158266.09 ], [ 286101.67, 4158267.79 ] ] ] } },
{ "type": "Feature", "properties": { "id": "richmond_structure:311931", "name": null, "kind": "deck", "sport": null, "surface": null, "pitch_layout": null, "source": "richmond_structures", "source_updated": "2026-09-08T12:07:13.637000Z", "base_z": null, "top_z": null }, "geometry": { "type": "Polygon", "coordinates": [ [ [ 286087.02, 4158281.22 ], [ 286084.74, 4158280.31 ], [ 286082.01, 4158286.61 ], [ 286083.91, 4158287.48 ], [ 286084.58, 4158287.32 ], [ 286087.02, 4158281.22 ] ] ] } },
{ "type": "Feature", "properties": { "id": "richmond_structure:311934", "name": null, "kind": "deck", "sport": null, "surface": null, "pitch_layout": null, "source": "richmond_structures", "source_updated": "2026-09-08T12:07:13.637000Z", "base_z": null, "top_z": null }, "geometry": { "type": "Polygon", "coordinates": [ [ [ 286089.9, 4158282.37 ], [ 286087.68, 4158287.78 ], [ 286088.15, 4158289.4 ], [ 286089.34, 4158289.94 ], [ 286091.95, 4158283.62 ], [ 286089.9, 4158282.37 ] ] ] } },
{ "type": "Feature", "properties": { "id": "richmond_structure:311939", "name": null, "kind": "deck", "sport": null, "surface": null, "pitch_layout": null, "source": "richmond_structures", "source_updated": "2026-09-08T12:07:13.637000Z", "base_z": null, "top_z": null }, "geometry": { "type": "Polygon", "coordinates": [ [ [ 286094.56, 4158284.36 ], [ 286091.87, 4158290.27 ], [ 286094.49, 4158291.37 ], [ 286097.18, 4158285.43 ], [ 286094.56, 4158284.36 ] ] ] } },
{ "type": "Feature", "properties": { "id": "richmond_structure:311944", "name": null, "kind": "deck", "sport": null, "surface": null, "pitch_layout": null, "source": "richmond_structures", "source_updated": "2026-09-08T12:07:13.637000Z", "base_z": null, "top_z": null }, "geometry": { "type": "Polygon", "coordinates": [ [ [ 286101.51, 4158287.44 ], [ 286098.91, 4158293.46 ], [ 286101.5, 4158294.64 ], [ 286103.89, 4158288.68 ], [ 286101.51, 4158287.44 ] ] ] } },
{ "type": "Feature", "properties": { "id": "richmond_structure:310570", "name": null, "kind": "deck", "sport": null, "surface": null, "pitch_layout": null, "source": "richmond_structures", "source_updated": "2026-09-08T12:07:13.637000Z", "base_z": null, "top_z": null }, "geometry": { "type": "Polygon", "coordinates": [ [ [ 286106.7, 4158290.41 ], [ 286103.93, 4158295.74 ], [ 286106.18, 4158296.76 ], [ 286108.4, 4158291.26 ], [ 286106.7, 4158290.41 ] ] ] } },
{ "type": "Feature", "properties": { "id": "richmond_structure:310575", "name": null, "kind": "deck", "sport": null, "surface": null, "pitch_layout": null, "source": "richmond_structures", "source_updated": "2026-09-08T12:07:13.637000Z", "base_z": null, "top_z": null }, "geometry": { "type": "Polygon", "coordinates": [ [ [ 286078.09, 4158298.23 ], [ 286085.11, 4158301.34 ], [ 286086.18, 4158299.3 ], [ 286079.05, 4158296.07 ], [ 286078.09, 4158298.23 ] ] ] } },
{ "type": "Feature", "properties": { "id": "richmond_structure:310579", "name": null, "kind": "deck", "sport": null, "surface": null, "pitch_layout": null, "source": "richmond_structures", "source_updated": "2026-09-08T12:07:13.637000Z", "base_z": null, "top_z": null }, "geometry": { "type": "Polygon", "coordinates": [ [ [ 286090.14, 4158303.75 ], [ 286091.12, 4158301.86 ], [ 286087.06, 4158300.02 ], [ 286086.18, 4158301.96 ], [ 286090.14, 4158303.75 ] ] ] } },
{ "type": "Feature", "properties": { "id": "richmond_structure:310590", "name": null, "kind": "deck", "sport": null, "surface": null, "pitch_layout": null, "source": "richmond_structures", "source_updated": "2026-09-08T12:07:13.637000Z", "base_z": null, "top_z": null }, "geometry": { "type": "Polygon", "coordinates": [ [ [ 286102.16, 4158308.97 ], [ 286102.95, 4158307.24 ], [ 286094.19, 4158303.26 ], [ 286093.32, 4158305.12 ], [ 286102.16, 4158308.97 ] ] ] } },
{ "type": "Feature", "properties": { "id": "richmond_structure:309041", "name": null, "kind": "deck", "sport": null, "surface": null, "pitch_layout": null, "source": "richmond_structures", "source_updated": "2026-09-08T12:07:13.637000Z", "base_z": null, "top_z": null }, "geometry": { "type": "Polygon", "coordinates": [ [ [ 286072.58, 4158311.06 ], [ 286071.87, 4158312.61 ], [ 286077.35, 4158314.94 ], [ 286078.11, 4158313.41 ], [ 286072.58, 4158311.06 ] ] ] } },
{ "type": "Feature", "properties": { "id": "richmond_structure:316214", "name": null, "kind": "deck", "sport": null, "surface": null, "pitch_layout": null, "source": "richmond_structures", "source_updated": "2026-09-08T12:07:13.637000Z", "base_z": null, "top_z": null }, "geometry": { "type": "Polygon", "coordinates": [ [ [ 286134.83, 4158276.31 ], [ 286133.23, 4158277.67 ], [ 286136.19, 4158280.91 ], [ 286137.69, 4158279.28 ], [ 286134.83, 4158276.31 ] ] ] } },
{ "type": "Feature", "properties": { "id": "richmond_structure:306582", "name": null, "kind": "deck", "sport": null, "surface": null, "pitch_layout": null, "source": "richmond_structures", "source_updated": "2026-09-08T12:07:13.637000Z", "base_z": null, "top_z": null }, "geometry": { "type": "Polygon", "coordinates": [ [ [ 286113.88, 4158282.25 ], [ 286119.35, 4158277.1 ], [ 286117.59, 4158275.17 ], [ 286112.22, 4158280.15 ], [ 286113.88, 4158282.25 ] ] ] } },
{ "type": "Feature", "properties": { "id": "richmond_structure:306945", "name": null, "kind": "deck", "sport": null, "surface": null, "pitch_layout": null, "source": "richmond_structures", "source_updated": "2026-09-08T12:07:13.637000Z", "base_z": null, "top_z": null }, "geometry": { "type": "Polygon", "coordinates": [ [ [ 286117.37, 4158286.46 ], [ 286122.97, 4158281.06 ], [ 286121.21, 4158279.14 ], [ 286115.79, 4158284.43 ], [ 286117.37, 4158286.46 ] ] ] } },
{ "type": "Feature", "properties": { "id": "richmond_structure:306583", "name": null, "kind": "deck", "sport": null, "surface": null, "pitch_layout": null, "source": "richmond_structures", "source_updated": "2026-09-08T12:07:13.637000Z", "base_z": null, "top_z": null }, "geometry": { "type": "Polygon", "coordinates": [ [ [ 286139.37, 4158281.72 ], [ 286138.11, 4158283.01 ], [ 286142.01, 4158287.28 ], [ 286143.11, 4158286.09 ], [ 286139.37, 4158281.72 ] ] ] } },
{ "type": "Feature", "properties": { "id": "richmond_structure:308802", "name": null, "kind": "deck", "sport": null, "surface": null, "pitch_layout": null, "source": "richmond_structures", "source_updated": "2026-09-08T12:07:13.637000Z", "base_z": null, "top_z": null }, "geometry": { "type": "Polygon", "coordinates": [ [ [ 286123.31, 4158291.41 ], [ 286128.29, 4158286.89 ], [ 286127.01, 4158285.49 ], [ 286122.08, 4158289.7 ], [ 286123.31, 4158291.41 ] ] ] } },
{ "type": "Feature", "properties": { "id": "richmond_structure:306584", "name": null, "kind": "deck", "sport": null, "surface": null, "pitch_layout": null, "source": "richmond_structures", "source_updated": "2026-09-08T12:07:13.637000Z", "base_z": null, "top_z": null }, "geometry": { "type": "Polygon", "coordinates": [ [ [ 286126.46, 4158295.54 ], [ 286131.66, 4158290.59 ], [ 286129.74, 4158288.48 ], [ 286124.29, 4158293.29 ], [ 286126.46, 4158295.54 ] ] ] } },
{ "type": "Feature", "properties": { "id": "imagery:groundcover_lawn:2070", "name": null, "kind": "groundcover_lawn", "sport": null, "surface": null, "pitch_layout": null, "source": "vgin_vbmp+naip+lidar2025", "source_updated": null, "base_z": null, "top_z": null }, "geometry": { "type": "Polygon", "coordinates": [ [ [ 286132.55, 4158295.05 ], [ 286132.13, 4158294.03 ], [ 286132.13, 4158293.13 ], [ 286130.93, 4158290.73 ], [ 286120.93, 4158283.23 ], [ 286119.13, 4158282.63 ], [ 286114.96, 4158282.63 ], [ 286125.18, 4158293.83 ], [ 286135.43, 4158303.38 ], [ 286138.07, 4158301.21 ], [ 286136.28, 4158297.85 ], [ 286134.71, 4158297.2 ], [ 286132.55, 4158295.05 ] ] ] } },
{ "type": "Feature", "properties": { "id": "richmond_structure:304747", "name": null, "kind": "deck", "sport": null, "surface": null, "pitch_layout": null, "source": "richmond_structures", "source_updated": "2026-09-08T12:07:13.637000Z", "base_z": null, "top_z": null }, "geometry": { "type": "Polygon", "coordinates": [ [ [ 286130.36, 4158299.65 ], [ 286135.56, 4158294.86 ], [ 286134.16, 4158293.32 ], [ 286129.14, 4158298.11 ], [ 286130.36, 4158299.65 ] ] ] } },
{ "type": "Feature", "properties": { "id": "richmond_structure:310574", "name": null, "kind": "deck", "sport": null, "surface": null, "pitch_layout": null, "source": "richmond_structures", "source_updated": "2026-09-08T12:07:13.637000Z", "base_z": null, "top_z": null }, "geometry": { "type": "Polygon", "coordinates": [ [ [ 286114.05, 4158292.81 ], [ 286111.41, 4158299.14 ], [ 286113.77, 4158300.21 ], [ 286116.48, 4158293.94 ], [ 286114.05, 4158292.81 ] ] ] } },
{ "type": "Feature", "properties": { "id": "richmond_structure:310577", "name": null, "kind": "deck", "sport": null, "surface": null, "pitch_layout": null, "source": "richmond_structures", "source_updated": "2026-09-08T12:07:13.637000Z", "base_z": null, "top_z": null }, "geometry": { "type": "Polygon", "coordinates": [ [ [ 286118.12, 4158294.65 ], [ 286115.59, 4158300.67 ], [ 286116.7, 4158301.29 ], [ 286116.61, 4158301.5 ], [ 286117.86, 4158302.07 ], [ 286120.32, 4158295.74 ], [ 286118.12, 4158294.65 ] ] ] } },
{ "type": "Feature", "properties": { "id": "richmond_structure:309029", "name": null, "kind": "deck", "sport": null, "surface": null, "pitch_layout": null, "source": "richmond_structures", "source_updated": "2026-09-08T12:07:13.637000Z", "base_z": null, "top_z": null }, "geometry": { "type": "Polygon", "coordinates": [ [ [ 286080.47, 4158314.21 ], [ 286079.65, 4158315.92 ], [ 286083.57, 4158317.59 ], [ 286084.32, 4158315.95 ], [ 286080.47, 4158314.21 ] ] ] } },
{ "type": "Feature", "properties": { "id": "richmond_structure:305495", "name": null, "kind": "deck", "sport": null, "surface": null, "pitch_layout": null, "source": "richmond_structures", "source_updated": "2026-09-08T12:07:13.637000Z", "base_z": null, "top_z": null }, "geometry": { "type": "Polygon", "coordinates": [ [ [ 286088.04, 4158317.37 ], [ 286087.23, 4158319.15 ], [ 286095.65, 4158322.73 ], [ 286096.51, 4158321.06 ], [ 286088.04, 4158317.37 ] ] ] } },
{ "type": "Feature", "properties": { "id": "richmond_structure:305439", "name": null, "kind": "deck", "sport": null, "surface": null, "pitch_layout": null, "source": "richmond_structures", "source_updated": "2026-09-08T12:07:13.637000Z", "base_z": null, "top_z": null }, "geometry": { "type": "Polygon", "coordinates": [ [ [ 286099.81, 4158322.94 ], [ 286099.14, 4158324.22 ], [ 286101.78, 4158325.34 ], [ 286102.52, 4158324.17 ], [ 286099.81, 4158322.94 ] ] ] } },
{ "type": "Feature", "properties": { "id": "richmond_structure:308958", "name": null, "kind": "deck", "sport": null, "surface": null, "pitch_layout": null, "source": "richmond_structures", "source_updated": "2026-09-08T12:07:13.637000Z", "base_z": null, "top_z": null }, "geometry": { "type": "Polygon", "coordinates": [ [ [ 286066.31, 4158329.09 ], [ 286068.6, 4158322.91 ], [ 286066.29, 4158321.93 ], [ 286064.01, 4158327.84 ], [ 286066.31, 4158329.09 ] ] ] } },
{ "type": "Feature", "properties": { "id": "richmond_structure:308959", "name": null, "kind": "deck", "sport": null, "surface": null, "pitch_layout": null, "source": "richmond_structures", "source_updated": "2026-09-08T12:07:13.637000Z", "base_z": null, "top_z": null }, "geometry": { "type": "Polygon", "coordinates": [ [ [ 286071.74, 4158331.64 ], [ 286074.4, 4158325.38 ], [ 286071.87, 4158324.31 ], [ 286069.36, 4158330.48 ], [ 286071.74, 4158331.64 ] ] ] } },
{ "type": "Feature", "properties": { "id": "richmond_structure:308960", "name": null, "kind": "deck", "sport": null, "surface": null, "pitch_layout": null, "source": "richmond_structures", "source_updated": "2026-09-08T12:07:13.637000Z", "base_z": null, "top_z": null }, "geometry": { "type": "Polygon", "coordinates": [ [ [ 286076.23, 4158333.73 ], [ 286078.77, 4158327.25 ], [ 286076.25, 4158326.17 ], [ 286073.77, 4158332.4 ], [ 286076.23, 4158333.73 ] ] ] } },
{ "type": "Feature", "properties": { "id": "richmond_structure:315714", "name": null, "kind": "deck", "sport": null, "surface": null, "pitch_layout": null, "source": "richmond_structures", "source_updated": "2026-09-08T12:07:13.637000Z", "base_z": null, "top_z": null }, "geometry": { "type": "Polygon", "coordinates": [ [ [ 286082.83, 4158336.23 ], [ 286085.62, 4158330.16 ], [ 286082.99, 4158329.04 ], [ 286080.54, 4158335.23 ], [ 286082.83, 4158336.23 ] ] ] } },
{ "type": "Feature", "properties": { "id": "richmond_structure:315715", "name": null, "kind": "deck", "sport": null, "surface": null, "pitch_layout": null, "source": "richmond_structures", "source_updated": "2026-09-08T12:07:13.637000Z", "base_z": null, "top_z": null }, "geometry": { "type": "Polygon", "coordinates": [ [ [ 286088.68, 4158338.85 ], [ 286091.17, 4158332.52 ], [ 286088.79, 4158331.51 ], [ 286086.05, 4158337.78 ], [ 286088.68, 4158338.85 ] ] ] } },
{ "type": "Feature", "properties": { "id": "richmond_structure:312068", "name": null, "kind": "deck", "sport": null, "surface": null, "pitch_layout": null, "source": "richmond_structures", "source_updated": "2026-09-08T12:07:13.637000Z", "base_z": null, "top_z": null }, "geometry": { "type": "Polygon", "coordinates": [ [ [ 286039.85, 4158338.06 ], [ 286036.05, 4158339.99 ], [ 286034.02, 4158335.38 ], [ 286031.79, 4158336.42 ], [ 286034.58, 4158342.48 ], [ 286042.73, 4158338.66 ], [ 286040.02, 4158332.55 ], [ 286037.74, 4158333.68 ], [ 286039.85, 4158338.06 ] ] ] } },
{ "type": "Feature", "properties": { "id": "richmond_structure:302037", "name": null, "kind": "deck", "sport": null, "surface": null, "pitch_layout": null, "source": "richmond_structures", "source_updated": "2026-09-08T12:07:13.637000Z", "base_z": null, "top_z": null }, "geometry": { "type": "Polygon", "coordinates": [ [ [ 286095.3, 4158341.94 ], [ 286097.84, 4158335.36 ], [ 286095.47, 4158334.35 ], [ 286092.84, 4158340.86 ], [ 286095.3, 4158341.94 ] ] ] } },
{ "type": "Feature", "properties": { "id": "richmond_structure:310583", "name": null, "kind": "deck", "sport": null, "surface": null, "pitch_layout": null, "source": "richmond_structures", "source_updated": "2026-09-08T12:07:13.637000Z", "base_z": null, "top_z": null }, "geometry": { "type": "Polygon", "coordinates": [ [ [ 286123.81, 4158295.98 ], [ 286120.81, 4158303.41 ], [ 286123.12, 4158304.46 ], [ 286125.79, 4158297.8 ], [ 286123.81, 4158295.98 ] ] ] } },
{ "type": "Feature", "properties": { "id": "richmond_structure:311948", "name": null, "kind": "deck", "sport": null, "surface": null, "pitch_layout": null, "source": "richmond_structures", "source_updated": "2026-09-08T12:07:13.637000Z", "base_z": null, "top_z": null }, "geometry": { "type": "Polygon", "coordinates": [ [ [ 286108.89, 4158311.98 ], [ 286109.69, 4158310.29 ], [ 286106.37, 4158308.79 ], [ 286105.6, 4158310.36 ], [ 286108.89, 4158311.98 ] ] ] } },
{ "type": "Feature", "properties": { "id": "richmond_structure:311956", "name": null, "kind": "deck", "sport": null, "surface": null, "pitch_layout": null, "source": "richmond_structures", "source_updated": "2026-09-08T12:07:13.637000Z", "base_z": null, "top_z": null }, "geometry": { "type": "Polygon", "coordinates": [ [ [ 286117.55, 4158315.22 ], [ 286118.55, 4158313.5 ], [ 286112.74, 4158310.86 ], [ 286111.79, 4158312.64 ], [ 286117.55, 4158315.22 ] ] ] } },
{ "type": "Feature", "properties": { "id": "richmond_structure:305655", "name": null, "kind": "deck", "sport": null, "surface": null, "pitch_layout": null, "source": "richmond_structures", "source_updated": "2026-09-08T12:07:13.637000Z", "base_z": null, "top_z": null }, "geometry": { "type": "Polygon", "coordinates": [ [ [ 286156.41, 4158328.73 ], [ 286162.08, 4158323.03 ], [ 286160.23, 4158321.01 ], [ 286154.77, 4158326.56 ], [ 286156.41, 4158328.73 ] ] ] } },
{ "type": "Feature", "properties": { "id": "richmond_structure:305472", "name": null, "kind": "deck", "sport": null, "surface": null, "pitch_layout": null, "source": "richmond_structures", "source_updated": "2026-09-08T12:07:13.637000Z", "base_z": null, "top_z": null }, "geometry": { "type": "Polygon", "coordinates": [ [ [ 286106.36, 4158325.8 ], [ 286105.69, 4158327.01 ], [ 286110.82, 4158329.19 ], [ 286111.56, 4158328.06 ], [ 286106.36, 4158325.8 ] ] ] } },
{ "type": "Feature", "properties": { "id": "imagery:groundcover_lawn:2036", "name": null, "kind": "groundcover_lawn", "sport": null, "surface": null, "pitch_layout": null, "source": "vgin_vbmp+naip+lidar2025", "source_updated": null, "base_z": null, "top_z": null }, "geometry": { "type": "Polygon", "coordinates": [ [ [ 286114.13, 4158348.63 ], [ 286116.89, 4158345.87 ], [ 286116.89, 4158345.34 ], [ 286116.9, 4158345.14 ], [ 286117.13, 4158343.11 ], [ 286117.13, 4158340.17 ], [ 286113.64, 4158337.21 ], [ 286111.16, 4158337.62 ], [ 286110.26, 4158339.74 ], [ 286110.22, 4158339.83 ], [ 286110.17, 4158339.91 ], [ 286110.11, 4158339.99 ], [ 286110.04, 4158340.06 ], [ 286109.97, 4158340.12 ], [ 286109.89, 4158340.18 ], [ 286109.8, 4158340.23 ], [ 286109.71, 4158340.27 ], [ 286109.62, 4158340.31 ], [ 286109.53, 4158340.33 ], [ 286109.43, 4158340.34 ], [ 286109.33, 4158340.35 ], [ 286109.23, 4158340.34 ], [ 286109.14, 4158340.32 ], [ 286109.04, 4158340.3 ], [ 286108.95, 4158340.27 ], [ 286105.11, 4158338.63 ], [ 286103.71, 4158338.86 ], [ 286101.7, 4158343.49 ], [ 286103.05, 4158345.5 ], [ 286110.24, 4158348.63 ], [ 286114.13, 4158348.63 ] ] ] } },
{ "type": "Feature", "properties": { "id": "richmond_structure:316095", "name": null, "kind": "deck", "sport": null, "surface": null, "pitch_layout": null, "source": "richmond_structures", "source_updated": "2026-09-08T12:07:13.637000Z", "base_z": null, "top_z": null }, "geometry": { "type": "Polygon", "coordinates": [ [ [ 286161.38, 4158348.31 ], [ 286154.61, 4158347.31 ], [ 286154.18, 4158350.15 ], [ 286160.87, 4158351.14 ], [ 286161.38, 4158348.31 ] ] ] } },
{ "type": "Feature", "properties": { "id": "richmond_structure:304742", "name": null, "kind": "deck", "sport": null, "surface": null, "pitch_layout": null, "source": "richmond_structures", "source_updated": "2026-09-08T12:07:13.637000Z", "base_z": null, "top_z": null }, "geometry": { "type": "Polygon", "coordinates": [ [ [ 286147.47, 4158357.93 ], [ 286147.38, 4158364.53 ], [ 286153.63, 4158364.62 ], [ 286153.8, 4158357.83 ], [ 286147.47, 4158357.93 ] ] ] } },
{ "type": "Feature", "properties": { "id": "richmond_structure:312084", "name": null, "kind": "deck", "sport": null, "surface": null, "pitch_layout": null, "source": "richmond_structures", "source_updated": "2026-09-08T12:07:13.637000Z", "base_z": null, "top_z": null }, "geometry": { "type": "Polygon", "coordinates": [ [ [ 286141.77, 4158369.77 ], [ 286144.11, 4158369.77 ], [ 286144.25, 4158357.98 ], [ 286141.17, 4158358.03 ], [ 286141.77, 4158369.77 ] ] ] } },
{ "type": "Feature", "properties": { "id": "richmond_structure:308752", "name": null, "kind": "deck", "sport": null, "surface": null, "pitch_layout": null, "source": "richmond_structures", "source_updated": "2026-09-08T12:07:13.637000Z", "base_z": null, "top_z": null }, "geometry": { "type": "Polygon", "coordinates": [ [ [ 286110.21, 4158372.03 ], [ 286111.52, 4158368.54 ], [ 286110.62, 4158367.95 ], [ 286113.35, 4158360.59 ], [ 286111.0, 4158359.62 ], [ 286108.76, 4158365.02 ], [ 286110.58, 4158365.77 ], [ 286108.4, 4158371.07 ], [ 286110.21, 4158372.03 ] ] ] } },
{ "type": "Feature", "properties": { "id": "richmond_structure:312072", "name": null, "kind": "deck", "sport": null, "surface": null, "pitch_layout": null, "source": "richmond_structures", "source_updated": "2026-09-08T12:07:13.637000Z", "base_z": null, "top_z": null }, "geometry": { "type": "Polygon", "coordinates": [ [ [ 286069.51, 4158336.72 ], [ 286067.83, 4158341.53 ], [ 286063.77, 4158339.93 ], [ 286065.52, 4158335.36 ], [ 286063.55, 4158334.44 ], [ 286061.05, 4158340.22 ], [ 286069.37, 4158343.54 ], [ 286071.54, 4158337.45 ], [ 286069.51, 4158336.72 ] ] ] } },
{ "type": "Feature", "properties": { "id": "richmond_structure:302038", "name": null, "kind": "deck", "sport": null, "surface": null, "pitch_layout": null, "source": "richmond_structures", "source_updated": "2026-09-08T12:07:13.637000Z", "base_z": null, "top_z": null }, "geometry": { "type": "Polygon", "coordinates": [ [ [ 286099.7, 4158343.94 ], [ 286102.28, 4158337.25 ], [ 286099.98, 4158336.27 ], [ 286097.33, 4158342.86 ], [ 286099.7, 4158343.94 ] ] ] } },
{ "type": "Feature", "properties": { "id": "richmond_structure:301260", "name": null, "kind": "deck", "sport": null, "surface": null, "pitch_layout": null, "source": "richmond_structures", "source_updated": "2026-09-08T12:07:13.637000Z", "base_z": null, "top_z": null }, "geometry": { "type": "Polygon", "coordinates": [ [ [ 286105.29, 4158346.23 ], [ 286108.08, 4158339.72 ], [ 286105.59, 4158338.66 ], [ 286102.91, 4158344.9 ], [ 286105.29, 4158346.23 ] ] ] } },
{ "type": "Feature", "properties": { "id": "richmond_structure:309030", "name": null, "kind": "deck", "sport": null, "surface": null, "pitch_layout": null, "source": "richmond_structures", "source_updated": "2026-09-08T12:07:13.637000Z", "base_z": null, "top_z": null }, "geometry": { "type": "Polygon", "coordinates": [ [ [ 286073.88, 4158356.81 ], [ 286075.35, 4158357.74 ], [ 286077.63, 4158352.2 ], [ 286078.41, 4158352.52 ], [ 286080.53, 4158347.37 ], [ 286078.32, 4158346.64 ], [ 286073.88, 4158356.81 ] ] ] } },
{ "type": "Feature", "properties": { "id": "richmond_structure:308961", "name": null, "kind": "deck", "sport": null, "surface": null, "pitch_layout": null, "source": "richmond_structures", "source_updated": "2026-09-08T12:07:13.637000Z", "base_z": null, "top_z": null }, "geometry": { "type": "Polygon", "coordinates": [ [ [ 286084.41, 4158348.92 ], [ 286082.26, 4158354.11 ], [ 286087.37, 4158356.21 ], [ 286089.61, 4158351.1 ], [ 286084.41, 4158348.92 ] ] ] } },
{ "type": "Feature", "properties": { "id": "richmond_structure:305473", "name": null, "kind": "deck", "sport": null, "surface": null, "pitch_layout": null, "source": "richmond_structures", "source_updated": "2026-09-08T12:07:13.637000Z", "base_z": null, "top_z": null }, "geometry": { "type": "Polygon", "coordinates": [ [ [ 286093.73, 4158352.45 ], [ 286091.35, 4158357.85 ], [ 286096.96, 4158360.16 ], [ 286099.07, 4158355.0 ], [ 286093.73, 4158352.45 ] ] ] } },
{ "type": "Feature", "properties": { "id": "richmond_structure:301261", "name": null, "kind": "deck", "sport": null, "surface": null, "pitch_layout": null, "source": "richmond_structures", "source_updated": "2026-09-08T12:07:13.637000Z", "base_z": null, "top_z": null }, "geometry": { "type": "Polygon", "coordinates": [ [ [ 286102.99, 4158356.16 ], [ 286100.63, 4158361.67 ], [ 286106.61, 4158364.14 ], [ 286109.03, 4158358.82 ], [ 286102.99, 4158356.16 ] ] ] } },
{ "type": "Feature", "properties": { "id": "richmond_structure:305531", "name": null, "kind": "deck", "sport": null, "surface": null, "pitch_layout": null, "source": "richmond_structures", "source_updated": "2026-09-08T12:07:13.637000Z", "base_z": null, "top_z": null }, "geometry": { "type": "Polygon", "coordinates": [ [ [ 286040.93, 4158413.36 ], [ 286043.12, 4158405.67 ], [ 286040.91, 4158405.12 ], [ 286038.89, 4158412.62 ], [ 286040.93, 4158413.36 ] ] ] } },
{ "type": "Feature", "properties": { "id": "richmond_structure:305534", "name": null, "kind": "deck", "sport": null, "surface": null, "pitch_layout": null, "source": "richmond_structures", "source_updated": "2026-09-08T12:07:13.637000Z", "base_z": null, "top_z": null }, "geometry": { "type": "Polygon", "coordinates": [ [ [ 286047.14, 4158415.27 ], [ 286049.37, 4158407.24 ], [ 286047.13, 4158406.68 ], [ 286044.97, 4158414.66 ], [ 286047.14, 4158415.27 ] ] ] } },
{ "type": "Feature", "properties": { "id": "richmond_structure:305535", "name": null, "kind": "deck", "sport": null, "surface": null, "pitch_layout": null, "source": "richmond_structures", "source_updated": "2026-09-08T12:07:13.637000Z", "base_z": null, "top_z": null }, "geometry": { "type": "Polygon", "coordinates": [ [ [ 286051.38, 4158416.43 ], [ 286053.75, 4158408.33 ], [ 286051.46, 4158407.76 ], [ 286049.18, 4158415.8 ], [ 286051.38, 4158416.43 ] ] ] } },
{ "type": "Feature", "properties": { "id": "imagery:groundcover_paved:2389", "name": null, "kind": "groundcover_paved", "sport": null, "surface": null, "pitch_layout": null, "source": "vgin_vbmp+naip+lidar2025", "source_updated": null, "base_z": null, "top_z": null }, "geometry": { "type": "MultiPolygon", "coordinates": [ [ [ [ 286002.16, 4158451.64 ], [ 286001.57, 4158451.1 ], [ 286000.35, 4158449.13 ], [ 286000.28, 4158448.89 ], [ 286000.0, 4158448.83 ], [ 286000.0, 4158452.92 ], [ 286008.65, 4158454.88 ], [ 286002.16, 4158451.64 ] ] ], [ [ [ 286006.27, 4158495.72 ], [ 286016.09, 4158491.84 ], [ 286016.03, 4158491.5 ], [ 286014.82, 4158481.84 ], [ 286014.79, 4158481.43 ], [ 286014.63, 4158475.71 ], [ 286014.65, 4158475.25 ], [ 286014.91, 4158471.98 ], [ 286012.52, 4158471.46 ], [ 286012.76, 4158472.97 ], [ 286012.78, 4158473.06 ], [ 286013.79, 4158482.49 ], [ 286013.8, 4158482.66 ], [ 286013.79, 4158482.84 ], [ 286013.77, 4158483.01 ], [ 286013.72, 4158483.19 ], [ 286013.67, 4158483.35 ], [ 286013.59, 4158483.51 ], [ 286013.5, 4158483.67 ], [ 286013.4, 4158483.81 ], [ 286013.28, 4158483.94 ], [ 286013.15, 4158484.06 ], [ 286013.01, 4158484.17 ], [ 286012.86, 4158484.26 ], [ 286012.7, 4158484.34 ], [ 286012.54, 4158484.4 ], [ 286012.36, 4158484.44 ], [ 286012.19, 4158484.47 ], [ 286012.01, 4158484.48 ], [ 286011.84, 4158484.47 ], [ 286011.66, 4158484.45 ], [ 286011.49, 4158484.41 ], [ 286011.32, 4158484.35 ], [ 286011.16, 4158484.27 ], [ 286011.01, 4158484.18 ], [ 286010.87, 4158484.08 ], [ 286010.74, 4158483.96 ], [ 286010.62, 4158483.83 ], [ 286010.51, 4158483.69 ], [ 286010.42, 4158483.54 ], [ 286010.34, 4158483.38 ], [ 286010.28, 4158483.22 ], [ 286010.24, 4158483.05 ], [ 286010.21, 4158482.87 ], [ 286009.2, 4158473.49 ], [ 286008.95, 4158471.91 ], [ 286008.27, 4158470.39 ], [ 286007.8, 4158469.73 ], [ 286006.88, 4158469.09 ], [ 286003.3, 4158468.13 ], [ 286000.0, 4158467.43 ], [ 286000.0, 4158469.85 ], [ 286002.42, 4158469.37 ], [ 286003.53, 4158469.6 ], [ 286006.07, 4158471.41 ], [ 286006.67, 4158472.38 ], [ 286008.55, 4158485.56 ], [ 286008.21, 4158486.69 ], [ 286006.1, 4158489.13 ], [ 286005.02, 4158489.63 ], [ 286000.0, 4158489.63 ], [ 286000.0, 4158498.71 ], [ 286006.07, 4158495.8 ], [ 286006.27, 4158495.72 ] ] ] ] } },
{ "type": "Feature", "properties": { "id": "richmond_structure:305538", "name": null, "kind": "deck", "sport": null, "surface": null, "pitch_layout": null, "source": "richmond_structures", "source_updated": "2026-09-08T12:07:13.637000Z", "base_z": null, "top_z": null }, "geometry": { "type": "Polygon", "coordinates": [ [ [ 286059.06, 4158418.26 ], [ 286061.32, 4158410.23 ], [ 286058.55, 4158409.54 ], [ 286056.28, 4158417.47 ], [ 286059.06, 4158418.26 ] ] ] } },
{ "type": "Feature", "properties": { "id": "richmond_structure:305539", "name": null, "kind": "deck", "sport": null, "surface": null, "pitch_layout": null, "source": "richmond_structures", "source_updated": "2026-09-08T12:07:13.637000Z", "base_z": null, "top_z": null }, "geometry": { "type": "Polygon", "coordinates": [ [ [ 286065.33, 4158419.69 ], [ 286067.29, 4158411.72 ], [ 286064.36, 4158410.99 ], [ 286062.33, 4158418.89 ], [ 286065.33, 4158419.69 ] ] ] } },
{ "type": "Feature", "properties": { "id": "richmond_structure:305541", "name": null, "kind": "deck", "sport": null, "surface": null, "pitch_layout": null, "source": "richmond_structures", "source_updated": "2026-09-08T12:07:13.637000Z", "base_z": null, "top_z": null }, "geometry": { "type": "Polygon", "coordinates": [ [ [ 286072.22, 4158421.61 ], [ 286074.38, 4158413.49 ], [ 286071.72, 4158412.83 ], [ 286069.58, 4158420.92 ], [ 286072.22, 4158421.61 ] ] ] } },
{ "type": "Feature", "properties": { "id": "richmond_structure:305544", "name": null, "kind": "deck", "sport": null, "surface": null, "pitch_layout": null, "source": "richmond_structures", "source_updated": "2026-09-08T12:07:13.637000Z", "base_z": null, "top_z": null }, "geometry": { "type": "Polygon", "coordinates": [ [ [ 286077.03, 4158422.87 ], [ 286079.31, 4158414.73 ], [ 286076.47, 4158414.02 ], [ 286074.47, 4158422.13 ], [ 286077.03, 4158422.87 ] ] ] } },
{ "type": "Feature", "properties": { "id": "richmond_structure:305546", "name": null, "kind": "deck", "sport": null, "surface": null, "pitch_layout": null, "source": "richmond_structures", "source_updated": "2026-09-08T12:07:13.637000Z", "base_z": null, "top_z": null }, "geometry": { "type": "Polygon", "coordinates": [ [ [ 286083.2, 4158424.51 ], [ 286085.53, 4158416.28 ], [ 286082.72, 4158415.58 ], [ 286080.47, 4158423.68 ], [ 286083.2, 4158424.51 ] ] ] } },
{ "type": "Feature", "properties": { "id": "richmond_structure:312214", "name": null, "kind": "deck", "sport": null, "surface": null, "pitch_layout": null, "source": "richmond_structures", "source_updated": "2026-09-08T12:07:13.637000Z", "base_z": null, "top_z": null }, "geometry": { "type": "Polygon", "coordinates": [ [ [ 286102.37, 4158427.77 ], [ 286102.28, 4158419.61 ], [ 286099.51, 4158419.65 ], [ 286099.97, 4158427.69 ], [ 286102.37, 4158427.77 ] ] ] } },
{ "type": "Feature", "properties": { "id": "imagery:groundcover_lawn:1956", "name": null, "kind": "groundcover_lawn", "sport": null, "surface": null, "pitch_layout": null, "source": "vgin_vbmp+naip+lidar2025", "source_updated": null, "base_z": null, "top_z": null }, "geometry": { "type": "Polygon", "coordinates": [ [ [ 286006.13, 4158488.78 ], [ 286006.13, 4158474.63 ], [ 286003.13, 4158471.63 ], [ 286000.0, 4158471.63 ], [ 286000.0, 4158491.09 ], [ 286002.4, 4158491.69 ], [ 286006.13, 4158488.78 ] ] ] } },
{ "type": "Feature", "properties": { "id": "richmond_structure:305555", "name": null, "kind": "deck", "sport": null, "surface": null, "pitch_layout": null, "source": "richmond_structures", "source_updated": "2026-09-08T12:07:13.637000Z", "base_z": null, "top_z": null }, "geometry": { "type": "Polygon", "coordinates": [ [ [ 286151.37, 4158427.13 ], [ 286151.04, 4158418.95 ], [ 286146.24, 4158419.01 ], [ 286146.37, 4158427.27 ], [ 286151.37, 4158427.13 ] ] ] } },
{ "type": "Feature", "properties": { "id": "richmond_structure:312121", "name": null, "kind": "deck", "sport": null, "surface": null, "pitch_layout": null, "source": "richmond_structures", "source_updated": "2026-09-08T12:07:13.637000Z", "base_z": null, "top_z": null }, "geometry": { "type": "Polygon", "coordinates": [ [ [ 286143.54, 4158428.04 ], [ 286143.25, 4158419.05 ], [ 286140.14, 4158419.09 ], [ 286140.34, 4158428.19 ], [ 286143.54, 4158428.04 ] ] ] } },
{ "type": "Feature", "properties": { "id": "richmond_structure:312120", "name": null, "kind": "deck", "sport": null, "surface": null, "pitch_layout": null, "source": "richmond_structures", "source_updated": "2026-09-08T12:07:13.637000Z", "base_z": null, "top_z": null }, "geometry": { "type": "Polygon", "coordinates": [ [ [ 286137.81, 4158428.22 ], [ 286137.32, 4158419.13 ], [ 286134.03, 4158419.18 ], [ 286134.57, 4158428.25 ], [ 286137.81, 4158428.22 ] ] ] } },
{ "type": "Feature", "properties": { "id": "richmond_structure:305556", "name": null, "kind": "deck", "sport": null, "surface": null, "pitch_layout": null, "source": "richmond_structures", "source_updated": "2026-09-08T12:07:13.637000Z", "base_z": null, "top_z": null }, "geometry": { "type": "Polygon", "coordinates": [ [ [ 286123.75, 4158428.2 ], [ 286123.89, 4158419.32 ], [ 286120.94, 4158419.36 ], [ 286120.8, 4158428.18 ], [ 286123.75, 4158428.2 ] ] ] } },
{ "type": "Feature", "properties": { "id": "richmond_structure:312118", "name": null, "kind": "deck", "sport": null, "surface": null, "pitch_layout": null, "source": "richmond_structures", "source_updated": "2026-09-08T12:07:13.637000Z", "base_z": null, "top_z": null }, "geometry": { "type": "Polygon", "coordinates": [ [ [ 286129.43, 4158428.3 ], [ 286129.1, 4158419.24 ], [ 286126.37, 4158419.28 ], [ 286126.59, 4158428.37 ], [ 286129.43, 4158428.3 ] ] ] } },
{ "type": "Feature", "properties": { "id": "richmond_structure:312116", "name": null, "kind": "deck", "sport": null, "surface": null, "pitch_layout": null, "source": "richmond_structures", "source_updated": "2026-09-08T12:07:13.637000Z", "base_z": null, "top_z": null }, "geometry": { "type": "Polygon", "coordinates": [ [ [ 286116.6, 4158428.55 ], [ 286116.14, 4158419.42 ], [ 286113.27, 4158419.46 ], [ 286113.52, 4158428.62 ], [ 286116.6, 4158428.55 ] ] ] } },
{ "type": "Feature", "properties": { "id": "richmond_structure:312117", "name": null, "kind": "deck", "sport": null, "surface": null, "pitch_layout": null, "source": "richmond_structures", "source_updated": "2026-09-08T12:07:13.637000Z", "base_z": null, "top_z": null }, "geometry": { "type": "Polygon", "coordinates": [ [ [ 286110.25, 4158428.95 ], [ 286109.86, 4158419.51 ], [ 286107.17, 4158419.54 ], [ 286107.47, 4158428.89 ], [ 286110.25, 4158428.95 ] ] ] } },
{ "type": "Feature", "properties": { "id": "imagery:groundcover_lawn:2388", "name": null, "kind": "groundcover_lawn", "sport": null, "surface": null, "pitch_layout": null, "source": "vgin_vbmp+naip+lidar2025", "source_updated": null, "base_z": null, "top_z": null }, "geometry": { "type": "MultiPolygon", "coordinates": [ [ [ [ 286057.03, 4158341.66 ], [ 286058.4, 4158338.24 ], [ 286058.44, 4158338.15 ], [ 286058.49, 4158338.07 ], [ 286058.54, 4158337.99 ], [ 286058.61, 4158337.92 ], [ 286058.68, 4158337.85 ], [ 286058.76, 4158337.79 ], [ 286058.84, 4158337.74 ], [ 286058.93, 4158337.69 ], [ 286059.02, 4158337.66 ], [ 286059.12, 4158337.64 ], [ 286059.21, 4158337.62 ], [ 286059.31, 4158337.61 ], [ 286059.41, 4158337.62 ], [ 286059.51, 4158337.63 ], [ 286059.6, 4158337.65 ], [ 286059.7, 4158337.68 ], [ 286062.86, 4158338.95 ], [ 286063.61, 4158338.2 ], [ 286065.15, 4158333.57 ], [ 286065.51, 4158333.12 ], [ 286062.63, 4158331.87 ], [ 286062.48, 4158331.79 ], [ 286062.33, 4158331.69 ], [ 286062.19, 4158331.59 ], [ 286062.06, 4158331.47 ], [ 286061.94, 4158331.33 ], [ 286061.84, 4158331.19 ], [ 286061.75, 4158331.04 ], [ 286061.68, 4158330.87 ], [ 286061.62, 4158330.71 ], [ 286061.58, 4158330.54 ], [ 286061.56, 4158330.36 ], [ 286061.55, 4158330.18 ], [ 286061.56, 4158330.01 ], [ 286061.59, 4158329.83 ], [ 286061.64, 4158329.66 ], [ 286061.7, 4158329.5 ], [ 286061.78, 4158329.34 ], [ 286061.87, 4158329.19 ], [ 286061.98, 4158329.05 ], [ 286062.1, 4158328.92 ], [ 286062.23, 4158328.8 ], [ 286062.38, 4158328.7 ], [ 286062.53, 4158328.61 ], [ 286062.69, 4158328.54 ], [ 286062.86, 4158328.48 ], [ 286063.03, 4158328.44 ], [ 286063.21, 4158328.42 ], [ 286063.38, 4158328.41 ], [ 286063.56, 4158328.43 ], [ 286063.73, 4158328.46 ], [ 286063.9, 4158328.5 ], [ 286064.07, 4158328.56 ], [ 286068.55, 4158330.51 ], [ 286070.09, 4158328.89 ], [ 286068.79, 4158326.4 ], [ 286068.97, 4158326.22 ], [ 286067.96, 4158325.21 ], [ 286066.8, 4158322.82 ], [ 286066.73, 4158322.29 ], [ 286065.35, 4158321.7 ], [ 286065.26, 4158321.66 ], [ 286065.18, 4158321.61 ], [ 286065.1, 4158321.55 ], [ 286065.03, 4158321.48 ], [ 286064.96, 4158321.41 ], [ 286064.91, 4158321.33 ], [ 286064.86, 4158321.24 ], [ 286064.82, 4158321.15 ], [ 286064.78, 4158321.06 ], [ 286064.76, 4158320.97 ], [ 286064.75, 4158320.87 ], [ 286064.74, 4158320.77 ], [ 286064.75, 4158320.67 ], [ 286064.76, 4158320.58 ], [ 286064.79, 4158320.48 ], [ 286064.82, 4158320.39 ], [ 286069.03, 4158310.49 ], [ 286069.08, 4158310.4 ], [ 286069.13, 4158310.32 ], [ 286069.19, 4158310.24 ], [ 286069.25, 4158310.16 ], [ 286069.33, 4158310.1 ], [ 286069.41, 4158310.04 ], [ 286069.49, 4158309.99 ], [ 286069.58, 4158309.95 ], [ 286069.67, 4158309.92 ], [ 286069.77, 4158309.9 ], [ 286069.87, 4158309.88 ], [ 286069.96, 4158309.88 ], [ 286070.06, 4158309.88 ], [ 286070.16, 4158309.9 ], [ 286070.25, 4158309.92 ], [ 286070.35, 4158309.96 ], [ 286072.26, 4158310.77 ], [ 286072.86, 4158310.69 ], [ 286074.07, 4158311.04 ], [ 286074.77, 4158309.25 ], [ 286074.84, 4158309.09 ], [ 286074.93, 4158308.93 ], [ 286075.04, 4158308.79 ], [ 286075.16, 4158308.65 ], [ 286075.29, 4158308.53 ], [ 286075.44, 4158308.42 ], [ 286075.59, 4158308.33 ], [ 286075.75, 4158308.25 ], [ 286075.92, 4158308.19 ], [ 286076.1, 4158308.15 ], [ 286076.28, 4158308.12 ], [ 286076.46, 4158308.11 ], [ 286076.64, 4158308.12 ], [ 286076.82, 4158308.15 ], [ 286076.99, 4158308.2 ], [ 286077.16, 4158308.26 ], [ 286104.36, 4158320.02 ], [ 286110.01, 4158319.21 ], [ 286111.19, 4158316.97 ], [ 286079.45, 4158302.96 ], [ 286079.29, 4158302.88 ], [ 286079.14, 4158302.78 ], [ 286079.0, 4158302.68 ], [ 286078.88, 4158302.56 ], [ 286078.76, 4158302.42 ], [ 286078.66, 4158302.28 ], [ 286078.57, 4158302.13 ], [ 286078.5, 4158301.97 ], [ 286078.44, 4158301.8 ], [ 286078.4, 4158301.63 ], [ 286078.38, 4158301.46 ], [ 286078.38, 4158301.28 ], [ 286078.39, 4158301.11 ], [ 286078.41, 4158300.93 ], [ 286078.46, 4158300.76 ], [ 286078.52, 4158300.6 ], [ 286079.09, 4158299.28 ], [ 286077.39, 4158298.57 ], [ 286076.73, 4158298.03 ], [ 286075.38, 4158296.0 ], [ 286075.13, 4158295.18 ], [ 286075.13, 4158291.26 ], [ 286075.41, 4158290.4 ], [ 286076.91, 4158288.32 ], [ 286077.63, 4158287.79 ], [ 286079.33, 4158287.23 ], [ 286080.37, 4158284.94 ], [ 286080.41, 4158284.86 ], [ 286080.46, 4158284.77 ], [ 286080.52, 4158284.7 ], [ 286080.59, 4158284.63 ], [ 286080.67, 4158284.56 ], [ 286080.75, 4158284.51 ], [ 286080.83, 4158284.46 ], [ 286080.92, 4158284.42 ], [ 286081.02, 4158284.39 ], [ 286081.11, 4158284.37 ], [ 286081.21, 4158284.36 ], [ 286081.31, 4158284.36 ], [ 286081.41, 4158284.37 ], [ 286081.5, 4158284.38 ], [ 286081.6, 4158284.41 ], [ 286081.69, 4158284.45 ], [ 286082.99, 4158285.04 ], [ 286083.59, 4158284.21 ], [ 286083.86, 4158284.33 ], [ 286084.62, 4158282.66 ], [ 286086.56, 4158280.98 ], [ 286081.15, 4158278.65 ], [ 286081.13, 4158278.64 ], [ 286081.12, 4158278.63 ], [ 286081.06, 4158278.6 ], [ 286080.99, 4158278.57 ], [ 286080.98, 4158278.56 ], [ 286080.96, 4158278.55 ], [ 286080.9, 4158278.51 ], [ 286080.84, 4158278.47 ], [ 286080.83, 4158278.46 ], [ 286080.81, 4158278.45 ], [ 286080.76, 4158278.41 ], [ 286080.7, 4158278.37 ], [ 286080.69, 4158278.35 ], [ 286080.67, 4158278.34 ], [ 286080.62, 4158278.29 ], [ 286080.57, 4158278.25 ], [ 286080.56, 4158278.23 ], [ 286080.55, 4158278.22 ], [ 286080.5, 4158278.17 ], [ 286080.46, 4158278.11 ], [ 286080.45, 4158278.1 ], [ 286080.43, 4158278.08 ], [ 286080.39, 4158278.03 ], [ 286080.35, 4158277.97 ], [ 286080.34, 4158277.95 ], [ 286080.33, 4158277.94 ], [ 286080.3, 4158277.88 ], [ 286080.27, 4158277.82 ], [ 286080.26, 4158277.8 ], [ 286080.25, 4158277.78 ], [ 286080.22, 4158277.72 ], [ 286080.19, 4158277.66 ], [ 286080.19, 4158277.64 ], [ 286080.18, 4158277.62 ], [ 286080.16, 4158277.56 ], [ 286080.14, 4158277.49 ], [ 286080.13, 4158277.47 ], [ 286080.12, 4158277.45 ], [ 286080.11, 4158277.38 ], [ 286080.09, 4158277.32 ], [ 286080.09, 4158277.3 ], [ 286080.09, 4158277.28 ], [ 286080.08, 4158277.21 ], [ 286080.07, 4158277.14 ], [ 286080.07, 4158277.12 ], [ 286080.07, 4158277.1 ], [ 286080.07, 4158277.04 ], [ 286080.07, 4158276.97 ], [ 286080.07, 4158276.95 ], [ 286080.07, 4158276.93 ], [ 286080.07, 4158276.86 ], [ 286080.08, 4158276.79 ], [ 286080.08, 4158276.77 ], [ 286080.08, 4158276.75 ], [ 286080.09, 4158276.68 ], [ 286080.1, 4158276.62 ], [ 286080.11, 4158276.6 ], [ 286080.11, 4158276.58 ], [ 286080.13, 4158276.51 ], [ 286080.15, 4158276.45 ], [ 286080.16, 4158276.43 ], [ 286080.16, 4158276.41 ], [ 286080.19, 4158276.34 ], [ 286080.21, 4158276.28 ], [ 286080.22, 4158276.26 ], [ 286080.23, 4158276.24 ], [ 286080.26, 4158276.18 ], [ 286080.29, 4158276.12 ], [ 286080.3, 4158276.1 ], [ 286080.31, 4158276.09 ], [ 286080.35, 4158276.03 ], [ 286080.38, 4158275.97 ], [ 286080.39, 4158275.96 ], [ 286080.41, 4158275.94 ], [ 286080.45, 4158275.89 ], [ 286080.49, 4158275.83 ], [ 286080.5, 4158275.82 ], [ 286080.52, 4158275.8 ], [ 286080.56, 4158275.75 ], [ 286080.61, 4158275.7 ], [ 286080.63, 4158275.69 ], [ 286080.64, 4158275.67 ], [ 286094.45, 4158262.84 ], [ 286094.46, 4158262.83 ], [ 286094.46, 4158262.82 ], [ 286094.48, 4158262.8 ], [ 286109.02, 4158250.0 ], [ 286084.69, 4158250.0 ], [ 286084.31, 4158250.34 ], [ 286084.23, 4158250.41 ], [ 286084.15, 4158250.46 ], [ 286084.06, 4158250.5 ], [ 286083.97, 4158250.54 ], [ 286083.88, 4158250.57 ], [ 286083.78, 4158250.59 ], [ 286083.68, 4158250.6 ], [ 286083.58, 4158250.59 ], [ 286083.49, 4158250.58 ], [ 286083.39, 4158250.56 ], [ 286083.3, 4158250.53 ], [ 286083.21, 4158250.5 ], [ 286083.12, 4158250.45 ], [ 286083.04, 4158250.39 ], [ 286082.96, 4158250.33 ], [ 286082.9, 4158250.26 ], [ 286082.66, 4158250.0 ], [ 286000.13, 4158250.0 ], [ 286000.13, 4158281.09 ], [ 286000.02, 4158281.66 ], [ 286000.0, 4158281.7 ], [ 286000.0, 4158435.91 ], [ 286000.37, 4158436.0 ], [ 286009.15, 4158437.95 ], [ 286009.31, 4158437.99 ], [ 286025.98, 4158442.16 ], [ 286026.01, 4158442.16 ], [ 286026.03, 4158442.17 ], [ 286032.17, 4158443.76 ], [ 286052.56, 4158448.27 ], [ 286052.67, 4158448.3 ], [ 286080.14, 4158456.18 ], [ 286197.43, 4158486.47 ], [ 286197.43, 4158486.46 ], [ 286202.88, 4158465.33 ], [ 286202.91, 4158465.26 ], [ 286202.93, 4158465.19 ], [ 286202.93, 4158465.18 ], [ 286202.94, 4158465.16 ], [ 286202.96, 4158465.09 ], [ 286202.99, 4158465.03 ], [ 286205.07, 4158460.48 ], [ 286216.34, 4158435.79 ], [ 286215.47, 4158435.49 ], [ 286164.1, 4158428.81 ], [ 286157.84, 4158429.46 ], [ 286151.8, 4158430.17 ], [ 286151.61, 4158430.18 ], [ 286100.63, 4158430.87 ], [ 286100.47, 4158430.87 ], [ 286100.31, 4158430.85 ], [ 286096.89, 4158430.28 ], [ 286096.74, 4158430.25 ], [ 286089.72, 4158428.45 ], [ 286089.71, 4158428.45 ], [ 286044.68, 4158416.6 ], [ 286044.55, 4158416.56 ], [ 286044.43, 4158416.51 ], [ 286040.23, 4158414.71 ], [ 286040.07, 4158414.63 ], [ 286039.92, 4158414.54 ], [ 286039.78, 4158414.43 ], [ 286039.65, 4158414.32 ], [ 286039.54, 4158414.19 ], [ 286037.24, 4158411.36 ], [ 286037.14, 4158411.22 ], [ 286037.05, 4158411.07 ], [ 286036.98, 4158410.91 ], [ 286036.92, 4158410.74 ], [ 286035.87, 4158407.24 ], [ 286035.84, 4158407.1 ], [ 286035.08, 4158403.6 ], [ 286035.05, 4158403.4 ], [ 286035.04, 4158403.21 ], [ 286035.06, 4158403.01 ], [ 286035.09, 4158402.82 ], [ 286036.43, 4158397.01 ], [ 286036.47, 4158396.84 ], [ 286036.53, 4158396.69 ], [ 286038.82, 4158391.49 ], [ 286038.9, 4158391.33 ], [ 286038.99, 4158391.19 ], [ 286039.09, 4158391.05 ], [ 286040.65, 4158389.21 ], [ 286040.7, 4158389.15 ], [ 286042.5, 4158387.21 ], [ 286040.36, 4158385.27 ], [ 286040.23, 4158385.15 ], [ 286040.12, 4158385.01 ], [ 286038.42, 4158382.73 ], [ 286038.31, 4158382.57 ], [ 286038.22, 4158382.4 ], [ 286036.97, 4158379.63 ], [ 286036.87, 4158379.39 ], [ 286035.89, 4158375.98 ], [ 286035.85, 4158375.77 ], [ 286035.82, 4158375.55 ], [ 286035.73, 4158372.71 ], [ 286035.73, 4158372.54 ], [ 286035.74, 4158372.37 ], [ 286036.21, 4158369.31 ], [ 286036.24, 4158369.16 ], [ 286036.28, 4158369.01 ], [ 286037.24, 4158366.1 ], [ 286037.31, 4158365.93 ], [ 286037.39, 4158365.77 ], [ 286038.85, 4158363.21 ], [ 286038.93, 4158363.09 ], [ 286039.02, 4158362.97 ], [ 286040.74, 4158360.85 ], [ 286040.86, 4158360.72 ], [ 286040.99, 4158360.6 ], [ 286043.25, 4158358.73 ], [ 286043.36, 4158358.65 ], [ 286043.47, 4158358.58 ], [ 286045.93, 4158357.1 ], [ 286046.06, 4158357.03 ], [ 286046.21, 4158356.97 ], [ 286046.35, 4158356.92 ], [ 286049.15, 4158356.11 ], [ 286049.33, 4158356.07 ], [ 286052.03, 4158355.59 ], [ 286052.18, 4158355.57 ], [ 286052.33, 4158355.56 ], [ 286054.68, 4158355.54 ], [ 286054.95, 4158355.56 ], [ 286057.42, 4158355.91 ], [ 286057.66, 4158355.96 ], [ 286059.83, 4158356.57 ], [ 286060.02, 4158356.64 ], [ 286060.21, 4158356.73 ], [ 286062.58, 4158358.04 ], [ 286062.75, 4158358.15 ], [ 286065.09, 4158359.82 ], [ 286065.2, 4158359.91 ], [ 286065.3, 4158360.0 ], [ 286066.94, 4158361.59 ], [ 286069.69, 4158354.87 ], [ 286069.62, 4158354.89 ], [ 286069.52, 4158354.9 ], [ 286069.42, 4158354.91 ], [ 286069.32, 4158354.91 ], [ 286069.23, 4158354.89 ], [ 286069.13, 4158354.87 ], [ 286069.04, 4158354.84 ], [ 286067.02, 4158354.04 ], [ 286066.93, 4158354.0 ], [ 286066.85, 4158353.95 ], [ 286066.77, 4158353.89 ], [ 286066.69, 4158353.82 ], [ 286066.62, 4158353.75 ], [ 286066.59, 4158353.7 ], [ 286057.16, 4158352.13 ], [ 286056.29, 4158351.64 ], [ 286054.48, 4158349.49 ], [ 286053.95, 4158348.05 ], [ 286053.73, 4158348.13 ], [ 286052.49, 4158346.63 ], [ 286053.99, 4158345.71 ], [ 286054.41, 4158344.4 ], [ 286055.91, 4158342.32 ], [ 286056.63, 4158341.79 ], [ 286057.03, 4158341.66 ] ], [ [ 286049.4, 4158347.83 ], [ 286049.36, 4158347.91 ], [ 286049.3, 4158348.0 ], [ 286049.24, 4158348.07 ], [ 286049.17, 4158348.14 ], [ 286049.09, 4158348.2 ], [ 286049.01, 4158348.26 ], [ 286048.92, 4158348.3 ], [ 286047.8, 4158348.83 ], [ 286047.71, 4158349.05 ], [ 286045.55, 4158351.2 ], [ 286044.53, 4158351.63 ], [ 286041.85, 4158351.63 ], [ 286039.3, 4158352.83 ], [ 286039.21, 4158352.86 ], [ 286039.11, 4158352.89 ], [ 286039.02, 4158352.91 ], [ 286038.92, 4158352.92 ], [ 286038.82, 4158352.92 ], [ 286038.72, 4158352.91 ], [ 286038.63, 4158352.89 ], [ 286038.53, 4158352.86 ], [ 286038.44, 4158352.82 ], [ 286038.36, 4158352.78 ], [ 286038.27, 4158352.72 ], [ 286038.2, 4158352.66 ], [ 286038.13, 4158352.59 ], [ 286038.07, 4158352.51 ], [ 286038.01, 4158352.43 ], [ 286037.97, 4158352.35 ], [ 286037.14, 4158350.59 ], [ 286035.96, 4158349.66 ], [ 286035.44, 4158348.87 ], [ 286034.42, 4158344.76 ], [ 286033.28, 4158342.34 ], [ 286033.24, 4158342.25 ], [ 286033.21, 4158342.15 ], [ 286033.2, 4158342.06 ], [ 286033.19, 4158341.96 ], [ 286033.19, 4158341.86 ], [ 286033.2, 4158341.77 ], [ 286033.22, 4158341.67 ], [ 286033.25, 4158341.58 ], [ 286033.28, 4158341.48 ], [ 286033.33, 4158341.4 ], [ 286033.38, 4158341.32 ], [ 286033.45, 4158341.24 ], [ 286033.52, 4158341.17 ], [ 286033.59, 4158341.11 ], [ 286033.67, 4158341.06 ], [ 286033.76, 4158341.01 ], [ 286043.38, 4158336.5 ], [ 286043.47, 4158336.46 ], [ 286043.56, 4158336.43 ], [ 286043.66, 4158336.41 ], [ 286043.76, 4158336.4 ], [ 286043.86, 4158336.4 ], [ 286043.95, 4158336.41 ], [ 286044.05, 4158336.43 ], [ 286044.14, 4158336.46 ], [ 286044.23, 4158336.5 ], [ 286044.32, 4158336.55 ], [ 286044.4, 4158336.6 ], [ 286044.48, 4158336.66 ], [ 286044.55, 4158336.73 ], [ 286044.61, 4158336.81 ], [ 286044.66, 4158336.89 ], [ 286044.71, 4158336.98 ], [ 286046.68, 4158341.17 ], [ 286047.71, 4158342.2 ], [ 286048.13, 4158343.22 ], [ 286048.13, 4158344.26 ], [ 286048.68, 4158345.43 ], [ 286049.78, 4158346.72 ], [ 286049.38, 4158346.93 ], [ 286049.4, 4158346.97 ], [ 286049.44, 4158347.06 ], [ 286049.47, 4158347.16 ], [ 286049.49, 4158347.25 ], [ 286049.5, 4158347.35 ], [ 286049.5, 4158347.45 ], [ 286049.49, 4158347.55 ], [ 286049.47, 4158347.64 ], [ 286049.44, 4158347.74 ], [ 286049.4, 4158347.83 ] ] ], [ [ [ 286085.11, 4158276.43 ], [ 286096.7, 4158281.42 ], [ 286101.71, 4158282.14 ], [ 286105.13, 4158279.17 ], [ 286105.13, 4158277.19 ], [ 286095.57, 4158266.71 ], [ 286085.11, 4158276.43 ] ] ], [ [ [ 286104.92, 4158377.6 ], [ 286102.48, 4158375.63 ], [ 286097.67, 4158375.63 ], [ 286097.1, 4158375.51 ], [ 286095.53, 4158374.86 ], [ 286095.04, 4158374.54 ], [ 286090.77, 4158370.27 ], [ 286089.24, 4158369.45 ], [ 286077.41, 4158367.08 ], [ 286076.68, 4158366.7 ], [ 286074.98, 4158365.08 ], [ 286074.57, 4158364.37 ], [ 286074.16, 4158362.74 ], [ 286073.28, 4158362.38 ], [ 286073.19, 4158362.33 ], [ 286073.11, 4158362.28 ], [ 286073.03, 4158362.23 ], [ 286072.96, 4158362.16 ], [ 286072.89, 4158362.09 ], [ 286072.83, 4158362.01 ], [ 286072.78, 4158361.93 ], [ 286072.74, 4158361.84 ], [ 286072.71, 4158361.74 ], [ 286072.68, 4158361.65 ], [ 286072.67, 4158361.55 ], [ 286072.66, 4158361.45 ], [ 286072.67, 4158361.36 ], [ 286072.68, 4158361.26 ], [ 286072.7, 4158361.16 ], [ 286072.74, 4158361.07 ], [ 286073.53, 4158359.15 ], [ 286073.71, 4158358.4 ], [ 286073.94, 4158358.15 ], [ 286076.89, 4158350.98 ], [ 286076.93, 4158350.89 ], [ 286076.98, 4158350.81 ], [ 286077.04, 4158350.73 ], [ 286077.1, 4158350.66 ], [ 286077.18, 4158350.59 ], [ 286077.26, 4158350.53 ], [ 286077.34, 4158350.48 ], [ 286077.43, 4158350.44 ], [ 286077.52, 4158350.41 ], [ 286077.62, 4158350.38 ], [ 286077.71, 4158350.37 ], [ 286077.81, 4158350.36 ], [ 286077.91, 4158350.37 ], [ 286078.01, 4158350.38 ], [ 286078.1, 4158350.4 ], [ 286078.19, 4158350.44 ], [ 286090.55, 4158355.53 ], [ 286092.46, 4158353.58 ], [ 286090.88, 4158344.14 ], [ 286080.49, 4158339.63 ], [ 286079.82, 4158339.63 ], [ 286069.41, 4158365.04 ], [ 286069.47, 4158365.14 ], [ 286069.54, 4158365.34 ], [ 286070.12, 4158367.19 ], [ 286071.01, 4158369.45 ], [ 286071.79, 4158371.25 ], [ 286072.27, 4158372.1 ], [ 286073.35, 4158373.07 ], [ 286074.77, 4158374.15 ], [ 286076.99, 4158375.28 ], [ 286081.48, 4158377.1 ], [ 286090.86, 4158379.96 ], [ 286095.88, 4158380.72 ], [ 286099.9, 4158380.95 ], [ 286103.93, 4158380.93 ], [ 286104.94, 4158378.94 ], [ 286105.9, 4158380.92 ], [ 286115.68, 4158380.87 ], [ 286116.45, 4158380.73 ], [ 286116.86, 4158380.51 ], [ 286117.16, 4158380.17 ], [ 286117.3, 4158379.74 ], [ 286117.17, 4158371.93 ], [ 286116.71, 4158373.05 ], [ 286114.55, 4158375.2 ], [ 286113.53, 4158375.63 ], [ 286107.4, 4158375.63 ], [ 286107.38, 4158375.65 ], [ 286107.32, 4158375.72 ], [ 286107.25, 4158375.79 ], [ 286107.17, 4158375.85 ], [ 286107.08, 4158375.9 ], [ 286107.01, 4158375.93 ], [ 286104.92, 4158377.6 ] ] ], [ [ [ 286053.53, 4158367.05 ], [ 286051.7, 4158367.4 ], [ 286050.09, 4158368.3 ], [ 286048.86, 4158369.63 ], [ 286048.04, 4158371.48 ], [ 286047.91, 4158373.45 ], [ 286048.45, 4158375.36 ], [ 286049.61, 4158376.96 ], [ 286051.26, 4158378.1 ], [ 286053.19, 4158378.62 ], [ 286055.19, 4158378.44 ], [ 286057.02, 4158377.61 ], [ 286058.46, 4158376.21 ], [ 286059.28, 4158374.59 ], [ 286059.55, 4158372.78 ], [ 286059.24, 4158370.97 ], [ 286058.38, 4158369.36 ], [ 286057.04, 4158368.08 ], [ 286055.37, 4158367.29 ], [ 286053.53, 4158367.05 ] ] ], [ [ [ 286062.47, 4158384.3 ], [ 286062.36, 4158384.4 ], [ 286062.54, 4158385.17 ], [ 286062.29, 4158386.68 ], [ 286063.7, 4158387.02 ], [ 286063.87, 4158387.07 ], [ 286064.04, 4158387.14 ], [ 286066.16, 4158388.13 ], [ 286066.23, 4158388.16 ], [ 286071.61, 4158390.98 ], [ 286077.83, 4158393.81 ], [ 286085.26, 4158395.94 ], [ 286094.5, 4158397.48 ], [ 286100.02, 4158397.71 ], [ 286100.92, 4158397.71 ], [ 286100.56, 4158394.46 ], [ 286093.19, 4158394.0 ], [ 286092.68, 4158393.94 ], [ 286083.74, 4158392.3 ], [ 286083.43, 4158392.23 ], [ 286083.12, 4158392.13 ], [ 286075.93, 4158389.65 ], [ 286075.59, 4158389.52 ], [ 286062.89, 4158383.89 ], [ 286062.47, 4158384.3 ] ] ], [ [ [ 286090.06, 4158405.5 ], [ 286090.11, 4158405.58 ], [ 286090.15, 4158405.68 ], [ 286090.17, 4158405.77 ], [ 286090.19, 4158405.87 ], [ 286090.2, 4158405.96 ], [ 286090.2, 4158406.06 ], [ 286090.19, 4158406.16 ], [ 286090.17, 4158406.26 ], [ 286087.74, 4158415.96 ], [ 286087.72, 4158416.05 ], [ 286087.68, 4158416.14 ], [ 286087.63, 4158416.23 ], [ 286087.58, 4158416.31 ], [ 286087.52, 4158416.39 ], [ 286087.45, 4158416.45 ], [ 286087.37, 4158416.52 ], [ 286087.29, 4158416.57 ], [ 286087.2, 4158416.62 ], [ 286087.11, 4158416.66 ], [ 286087.02, 4158416.68 ], [ 286086.92, 4158416.7 ], [ 286086.82, 4158416.71 ], [ 286086.73, 4158416.71 ], [ 286086.63, 4158416.7 ], [ 286086.53, 4158416.68 ], [ 286085.44, 4158416.41 ], [ 286084.84, 4158416.8 ], [ 286083.79, 4158417.0 ], [ 286042.09, 4158409.18 ], [ 286041.24, 4158408.68 ], [ 286039.47, 4158406.54 ], [ 286039.3, 4158406.08 ], [ 286039.34, 4158406.27 ], [ 286040.27, 4158409.37 ], [ 286042.05, 4158411.57 ], [ 286045.72, 4158413.15 ], [ 286088.72, 4158424.47 ], [ 286089.61, 4158419.15 ], [ 286092.28, 4158400.76 ], [ 286084.56, 4158399.47 ], [ 286084.37, 4158399.43 ], [ 286076.71, 4158397.24 ], [ 286076.58, 4158397.2 ], [ 286076.45, 4158397.14 ], [ 286070.07, 4158394.23 ], [ 286069.99, 4158394.19 ], [ 286064.6, 4158391.37 ], [ 286062.68, 4158390.48 ], [ 286061.7, 4158390.24 ], [ 286060.61, 4158396.76 ], [ 286061.5, 4158398.05 ], [ 286089.45, 4158405.04 ], [ 286089.54, 4158405.07 ], [ 286089.63, 4158405.11 ], [ 286089.72, 4158405.15 ], [ 286089.8, 4158405.21 ], [ 286089.88, 4158405.27 ], [ 286089.94, 4158405.34 ], [ 286090.01, 4158405.42 ], [ 286090.06, 4158405.5 ] ] ], [ [ [ 286081.13, 4158471.63 ], [ 286081.13, 4158469.45 ], [ 286066.8, 4158465.75 ], [ 286048.13, 4158460.91 ], [ 286048.13, 4158463.28 ], [ 286049.58, 4158465.14 ], [ 286079.85, 4158472.91 ], [ 286081.13, 4158471.63 ] ] ], [ [ [ 286141.47, 4158353.58 ], [ 286141.41, 4158353.5 ], [ 286141.37, 4158353.41 ], [ 286141.33, 4158353.32 ], [ 286141.3, 4158353.23 ], [ 286141.28, 4158353.13 ], [ 286141.27, 4158353.03 ], [ 286141.27, 4158352.93 ], [ 286141.28, 4158352.84 ], [ 286141.91, 4158348.75 ], [ 286141.36, 4158346.53 ], [ 286141.31, 4158346.17 ], [ 286141.31, 4158345.08 ], [ 286141.36, 4158344.72 ], [ 286143.26, 4158337.11 ], [ 286143.82, 4158336.36 ], [ 286144.18, 4158334.01 ], [ 286144.2, 4158333.91 ], [ 286144.23, 4158333.82 ], [ 286144.26, 4158333.73 ], [ 286144.31, 4158333.64 ], [ 286144.37, 4158333.56 ], [ 286144.43, 4158333.48 ], [ 286144.5, 4158333.41 ], [ 286144.57, 4158333.35 ], [ 286144.66, 4158333.3 ], [ 286144.74, 4158333.25 ], [ 286144.83, 4158333.21 ], [ 286144.93, 4158333.19 ], [ 286145.02, 4158333.17 ], [ 286145.12, 4158333.16 ], [ 286145.22, 4158333.16 ], [ 286145.32, 4158333.17 ], [ 286156.35, 4158334.87 ], [ 286157.21, 4158334.47 ], [ 286157.24, 4158334.41 ], [ 286151.06, 4158327.55 ], [ 286151.01, 4158327.48 ], [ 286148.33, 4158324.22 ], [ 286146.91, 4158323.0 ], [ 286144.4, 4158326.18 ], [ 286142.06, 4158329.78 ], [ 286140.69, 4158332.91 ], [ 286138.91, 4158337.81 ], [ 286138.17, 4158340.74 ], [ 286137.53, 4158345.05 ], [ 286137.28, 4158348.97 ], [ 286137.39, 4158355.56 ], [ 286143.84, 4158355.47 ], [ 286143.44, 4158354.87 ], [ 286143.26, 4158354.15 ], [ 286142.12, 4158353.98 ], [ 286142.03, 4158353.96 ], [ 286141.93, 4158353.93 ], [ 286141.84, 4158353.89 ], [ 286141.75, 4158353.84 ], [ 286141.67, 4158353.79 ], [ 286141.6, 4158353.73 ], [ 286141.53, 4158353.66 ], [ 286141.47, 4158353.58 ] ] ], [ [ [ 286179.66, 4158375.06 ], [ 286179.63, 4158375.15 ], [ 286179.59, 4158375.24 ], [ 286179.53, 4158375.33 ], [ 286179.48, 4158375.4 ], [ 286179.41, 4158375.48 ], [ 286179.33, 4158375.54 ], [ 286179.25, 4158375.6 ], [ 286179.17, 4158375.65 ], [ 286179.08, 4158375.69 ], [ 286178.99, 4158375.72 ], [ 286178.89, 4158375.74 ], [ 286178.79, 4158375.75 ], [ 286178.7, 4158375.76 ], [ 286177.16, 4158375.73 ], [ 286176.82, 4158375.9 ], [ 286147.35, 4158378.36 ], [ 286146.36, 4158378.07 ], [ 286144.05, 4158376.33 ], [ 286143.5, 4158375.46 ], [ 286143.35, 4158374.7 ], [ 286143.33, 4158374.67 ], [ 286143.29, 4158374.58 ], [ 286143.26, 4158374.49 ], [ 286143.23, 4158374.39 ], [ 286143.22, 4158374.3 ], [ 286143.22, 4158374.2 ], [ 286143.22, 4158374.07 ], [ 286141.98, 4158367.87 ], [ 286142.28, 4158366.69 ], [ 286143.35, 4158365.38 ], [ 286143.38, 4158363.62 ], [ 286143.38, 4158363.53 ], [ 286143.4, 4158363.43 ], [ 286143.43, 4158363.33 ], [ 286143.46, 4158363.24 ], [ 286143.5, 4158363.15 ], [ 286143.56, 4158363.07 ], [ 286143.61, 4158362.99 ], [ 286143.68, 4158362.92 ], [ 286143.76, 4158362.86 ], [ 286143.84, 4158362.8 ], [ 286143.92, 4158362.75 ], [ 286144.01, 4158362.71 ], [ 286144.1, 4158362.68 ], [ 286144.2, 4158362.65 ], [ 286144.3, 4158362.64 ], [ 286144.39, 4158362.64 ], [ 286147.58, 4158362.69 ], [ 286149.43, 4158361.12 ], [ 286148.18, 4158359.01 ], [ 286137.44, 4158359.16 ], [ 286137.64, 4158380.46 ], [ 286146.92, 4158380.33 ], [ 286146.95, 4158380.33 ], [ 286166.38, 4158380.39 ], [ 286166.47, 4158380.4 ], [ 286186.28, 4158381.48 ], [ 286188.08, 4158364.6 ], [ 286187.47, 4158364.3 ], [ 286184.79, 4158364.3 ], [ 286181.79, 4158365.8 ], [ 286180.13, 4158368.48 ], [ 286180.13, 4158372.3 ], [ 286179.75, 4158373.28 ], [ 286179.74, 4158373.29 ], [ 286179.71, 4158374.77 ], [ 286179.71, 4158374.87 ], [ 286179.69, 4158374.97 ], [ 286179.66, 4158375.06 ] ] ], [ [ [ 286208.9, 4158379.15 ], [ 286208.82, 4158379.2 ], [ 286208.73, 4158379.24 ], [ 286208.64, 4158379.27 ], [ 286208.54, 4158379.3 ], [ 286208.44, 4158379.31 ], [ 286208.35, 4158379.31 ], [ 286208.25, 4158379.31 ], [ 286208.15, 4158379.29 ], [ 286198.43, 4158377.3 ], [ 286198.33, 4158377.28 ], [ 286198.24, 4158377.24 ], [ 286198.15, 4158377.2 ], [ 286198.07, 4158377.15 ], [ 286197.99, 4158377.09 ], [ 286197.92, 4158377.02 ], [ 286197.85, 4158376.95 ], [ 286197.79, 4158376.87 ], [ 286197.74, 4158376.79 ], [ 286197.7, 4158376.7 ], [ 286197.67, 4158376.61 ], [ 286197.65, 4158376.51 ], [ 286197.63, 4158376.41 ], [ 286197.63, 4158376.32 ], [ 286197.63, 4158376.22 ], [ 286197.65, 4158376.12 ], [ 286198.13, 4158373.76 ], [ 286198.13, 4158371.48 ], [ 286196.47, 4158368.8 ], [ 286191.52, 4158366.32 ], [ 286189.86, 4158381.83 ], [ 286210.46, 4158384.71 ], [ 286210.58, 4158384.73 ], [ 286216.29, 4158385.96 ], [ 286218.76, 4158373.84 ], [ 286218.4, 4158373.56 ], [ 286209.91, 4158375.68 ], [ 286209.33, 4158378.51 ], [ 286209.31, 4158378.61 ], [ 286209.27, 4158378.7 ], [ 286209.23, 4158378.79 ], [ 286209.18, 4158378.87 ], [ 286209.12, 4158378.95 ], [ 286209.05, 4158379.02 ], [ 286208.98, 4158379.09 ], [ 286208.9, 4158379.15 ] ] ], [ [ [ 286137.28, 4158384.07 ], [ 286137.12, 4158384.06 ], [ 286136.96, 4158384.04 ], [ 286136.8, 4158384.01 ], [ 286136.65, 4158383.96 ], [ 286136.43, 4158383.88 ], [ 286135.56, 4158384.47 ], [ 286135.5, 4158384.5 ], [ 286135.43, 4158384.54 ], [ 286135.42, 4158384.55 ], [ 286135.41, 4158384.56 ], [ 286135.34, 4158384.59 ], [ 286135.28, 4158384.62 ], [ 286135.26, 4158384.62 ], [ 286135.25, 4158384.63 ], [ 286135.18, 4158384.66 ], [ 286135.11, 4158384.68 ], [ 286135.09, 4158384.69 ], [ 286135.08, 4158384.69 ], [ 286135.01, 4158384.71 ], [ 286135.0, 4158384.71 ], [ 286135.13, 4158385.12 ], [ 286135.13, 4158386.06 ], [ 286170.63, 4158386.25 ], [ 286172.73, 4158385.73 ], [ 286173.95, 4158385.98 ], [ 286174.32, 4158386.27 ], [ 286176.86, 4158386.28 ], [ 286177.16, 4158386.3 ], [ 286193.15, 4158387.5 ], [ 286193.45, 4158387.53 ], [ 286211.73, 4158390.18 ], [ 286212.09, 4158390.25 ], [ 286229.45, 4158394.32 ], [ 286229.75, 4158394.4 ], [ 286246.16, 4158399.53 ], [ 286246.44, 4158399.63 ], [ 286250.0, 4158401.03 ], [ 286250.0, 4158399.62 ], [ 286249.09, 4158399.25 ], [ 286238.06, 4158395.55 ], [ 286226.86, 4158392.13 ], [ 286217.3, 4158389.86 ], [ 286209.89, 4158388.27 ], [ 286187.72, 4158385.16 ], [ 286166.32, 4158383.99 ], [ 286146.95, 4158383.93 ], [ 286137.28, 4158384.07 ] ] ], [ [ [ 286108.26, 4158394.54 ], [ 286107.56, 4158397.68 ], [ 286118.38, 4158397.58 ], [ 286158.06, 4158397.12 ], [ 286158.1, 4158397.12 ], [ 286168.54, 4158397.21 ], [ 286168.4, 4158396.49 ], [ 286167.71, 4158396.2 ], [ 286166.33, 4158394.83 ], [ 286128.33, 4158394.62 ], [ 286108.26, 4158394.54 ] ] ], [ [ [ 286100.74, 4158427.27 ], [ 286151.47, 4158426.58 ], [ 286155.87, 4158426.06 ], [ 286156.25, 4158400.74 ], [ 286118.42, 4158401.17 ], [ 286118.41, 4158401.18 ], [ 286105.34, 4158401.3 ], [ 286104.83, 4158401.68 ], [ 286103.16, 4158401.59 ], [ 286102.86, 4158401.31 ], [ 286099.98, 4158401.31 ], [ 286099.91, 4158401.3 ], [ 286095.87, 4158401.14 ], [ 286093.17, 4158419.68 ], [ 286093.16, 4158419.72 ], [ 286092.22, 4158425.37 ], [ 286097.55, 4158426.74 ], [ 286100.74, 4158427.27 ] ], [ [ 286097.46, 4158408.12 ], [ 286097.53, 4158408.05 ], [ 286097.61, 4158407.99 ], [ 286097.7, 4158407.94 ], [ 286097.78, 4158407.89 ], [ 286097.88, 4158407.86 ], [ 286097.97, 4158407.83 ], [ 286098.07, 4158407.82 ], [ 286098.17, 4158407.81 ], [ 286099.76, 4158407.79 ], [ 286099.76, 4158407.71 ], [ 286099.76, 4158407.61 ], [ 286099.78, 4158407.52 ], [ 286099.8, 4158407.42 ], [ 286099.83, 4158407.33 ], [ 286099.87, 4158407.24 ], [ 286099.92, 4158407.16 ], [ 286099.98, 4158407.08 ], [ 286100.04, 4158407.0 ], [ 286100.12, 4158406.94 ], [ 286100.19, 4158406.88 ], [ 286100.28, 4158406.83 ], [ 286100.36, 4158406.78 ], [ 286100.46, 4158406.75 ], [ 286100.55, 4158406.72 ], [ 286100.65, 4158406.71 ], [ 286100.74, 4158406.7 ], [ 286109.19, 4158406.59 ], [ 286109.28, 4158406.59 ], [ 286109.38, 4158406.6 ], [ 286109.48, 4158406.62 ], [ 286109.57, 4158406.66 ], [ 286109.66, 4158406.7 ], [ 286109.74, 4158406.75 ], [ 286109.82, 4158406.8 ], [ 286109.9, 4158406.87 ], [ 286109.96, 4158406.94 ], [ 286110.02, 4158407.02 ], [ 286110.08, 4158407.1 ], [ 286110.12, 4158407.19 ], [ 286110.15, 4158407.28 ], [ 286110.18, 4158407.38 ], [ 286110.19, 4158407.48 ], [ 286110.2, 4158407.57 ], [ 286110.21, 4158408.33 ], [ 286112.84, 4158408.29 ], [ 286112.83, 4158407.94 ], [ 286112.84, 4158407.85 ], [ 286112.85, 4158407.75 ], [ 286112.87, 4158407.65 ], [ 286112.9, 4158407.56 ], [ 286112.94, 4158407.47 ], [ 286112.99, 4158407.39 ], [ 286113.05, 4158407.31 ], [ 286113.12, 4158407.23 ], [ 286113.19, 4158407.17 ], [ 286113.27, 4158407.11 ], [ 286113.35, 4158407.06 ], [ 286113.44, 4158407.01 ], [ 286113.53, 4158406.98 ], [ 286113.62, 4158406.95 ], [ 286113.72, 4158406.94 ], [ 286113.82, 4158406.93 ], [ 286123.43, 4158406.81 ], [ 286123.53, 4158406.81 ], [ 286123.63, 4158406.82 ], [ 286123.73, 4158406.85 ], [ 286123.82, 4158406.88 ], [ 286123.91, 4158406.92 ], [ 286123.99, 4158406.97 ], [ 286124.07, 4158407.02 ], [ 286124.15, 4158407.09 ], [ 286124.21, 4158407.16 ], [ 286124.27, 4158407.24 ], [ 286124.32, 4158407.32 ], [ 286124.37, 4158407.41 ], [ 286124.4, 4158407.5 ], [ 286124.43, 4158407.6 ], [ 286124.44, 4158407.69 ], [ 286124.45, 4158407.79 ], [ 286124.46, 4158408.49 ], [ 286126.87, 4158408.45 ], [ 286126.86, 4158407.6 ], [ 286126.87, 4158407.51 ], [ 286126.88, 4158407.41 ], [ 286126.9, 4158407.31 ], [ 286126.93, 4158407.22 ], [ 286126.98, 4158407.13 ], [ 286127.02, 4158407.05 ], [ 286127.08, 4158406.97 ], [ 286127.15, 4158406.89 ], [ 286127.22, 4158406.83 ], [ 286127.3, 4158406.77 ], [ 286127.38, 4158406.72 ], [ 286127.47, 4158406.67 ], [ 286127.56, 4158406.64 ], [ 286127.65, 4158406.61 ], [ 286127.75, 4158406.6 ], [ 286127.85, 4158406.59 ], [ 286136.34, 4158406.47 ], [ 286136.44, 4158406.48 ], [ 286136.54, 4158406.49 ], [ 286136.63, 4158406.51 ], [ 286136.73, 4158406.54 ], [ 286136.82, 4158406.59 ], [ 286136.9, 4158406.63 ], [ 286136.98, 4158406.69 ], [ 286137.05, 4158406.76 ], [ 286137.12, 4158406.83 ], [ 286137.18, 4158406.91 ], [ 286137.23, 4158406.99 ], [ 286137.28, 4158407.08 ], [ 286137.31, 4158407.17 ], [ 286137.33, 4158407.27 ], [ 286137.35, 4158407.36 ], [ 286137.36, 4158407.46 ], [ 286137.37, 4158408.41 ], [ 286140.69, 4158408.36 ], [ 286140.67, 4158406.99 ], [ 286140.67, 4158406.89 ], [ 286140.68, 4158406.79 ], [ 286140.71, 4158406.69 ], [ 286140.74, 4158406.6 ], [ 286140.78, 4158406.51 ], [ 286140.83, 4158406.43 ], [ 286140.88, 4158406.35 ], [ 286140.95, 4158406.27 ], [ 286141.02, 4158406.21 ], [ 286141.1, 4158406.15 ], [ 286141.18, 4158406.1 ], [ 286141.27, 4158406.05 ], [ 286141.36, 4158406.02 ], [ 286141.46, 4158405.99 ], [ 286141.55, 4158405.98 ], [ 286141.65, 4158405.97 ], [ 286149.85, 4158405.86 ], [ 286149.95, 4158405.86 ], [ 286150.05, 4158405.88 ], [ 286150.15, 4158405.9 ], [ 286150.24, 4158405.93 ], [ 286150.33, 4158405.97 ], [ 286150.41, 4158406.02 ], [ 286150.49, 4158406.08 ], [ 286150.57, 4158406.14 ], [ 286150.63, 4158406.21 ], [ 286150.69, 4158406.29 ], [ 286150.74, 4158406.38 ], [ 286150.79, 4158406.46 ], [ 286150.82, 4158406.56 ], [ 286150.85, 4158406.65 ], [ 286150.86, 4158406.75 ], [ 286150.87, 4158406.85 ], [ 286150.88, 4158408.01 ], [ 286153.99, 4158407.96 ], [ 286154.09, 4158407.97 ], [ 286154.19, 4158407.98 ], [ 286154.28, 4158408.0 ], [ 286154.38, 4158408.03 ], [ 286154.47, 4158408.07 ], [ 286154.55, 4158408.12 ], [ 286154.63, 4158408.18 ], [ 286154.7, 4158408.25 ], [ 286154.77, 4158408.32 ], [ 286154.83, 4158408.4 ], [ 286154.88, 4158408.48 ], [ 286154.93, 4158408.57 ], [ 286154.96, 4158408.66 ], [ 286154.98, 4158408.75 ], [ 286155.0, 4158408.85 ], [ 286155.01, 4158408.95 ], [ 286155.13, 4158418.05 ], [ 286155.12, 4158418.15 ], [ 286155.11, 4158418.25 ], [ 286155.09, 4158418.34 ], [ 286155.06, 4158418.44 ], [ 286155.01, 4158418.52 ], [ 286154.97, 4158418.61 ], [ 286154.91, 4158418.69 ], [ 286154.84, 4158418.76 ], [ 286154.77, 4158418.83 ], [ 286154.69, 4158418.89 ], [ 286154.61, 4158418.94 ], [ 286154.52, 4158418.98 ], [ 286154.43, 4158419.02 ], [ 286154.33, 4158419.04 ], [ 286154.24, 4158419.06 ], [ 286154.14, 4158419.06 ], [ 286151.66, 4158419.1 ], [ 286150.55, 4158420.2 ], [ 286149.53, 4158420.63 ], [ 286099.73, 4158420.63 ], [ 286098.71, 4158420.2 ], [ 286098.33, 4158419.83 ], [ 286098.23, 4158419.82 ], [ 286098.13, 4158419.81 ], [ 286098.04, 4158419.79 ], [ 286097.94, 4158419.75 ], [ 286097.85, 4158419.71 ], [ 286097.77, 4158419.66 ], [ 286097.69, 4158419.61 ], [ 286097.62, 4158419.54 ], [ 286097.55, 4158419.47 ], [ 286097.49, 4158419.39 ], [ 286097.44, 4158419.31 ], [ 286097.39, 4158419.22 ], [ 286097.36, 4158419.13 ], [ 286097.34, 4158419.03 ], [ 286097.32, 4158418.94 ], [ 286097.31, 4158418.84 ], [ 286097.31, 4158418.81 ], [ 286096.55, 4158418.05 ], [ 286096.13, 4158417.03 ], [ 286096.13, 4158412.22 ], [ 286096.55, 4158411.2 ], [ 286097.2, 4158410.55 ], [ 286097.18, 4158408.83 ], [ 286097.18, 4158408.73 ], [ 286097.2, 4158408.63 ], [ 286097.22, 4158408.54 ], [ 286097.25, 4158408.44 ], [ 286097.29, 4158408.35 ], [ 286097.34, 4158408.27 ], [ 286097.4, 4158408.19 ], [ 286097.46, 4158408.12 ] ] ], [ [ [ 286220.08, 4158412.52 ], [ 286220.13, 4158412.61 ], [ 286220.17, 4158412.7 ], [ 286220.2, 4158412.79 ], [ 286220.22, 4158412.89 ], [ 286220.23, 4158412.98 ], [ 286220.24, 4158413.08 ], [ 286220.23, 4158413.18 ], [ 286219.13, 4158421.92 ], [ 286219.13, 4158422.66 ], [ 286219.0, 4158422.94 ], [ 286218.89, 4158423.81 ], [ 286218.88, 4158423.91 ], [ 286218.85, 4158424.0 ], [ 286218.81, 4158424.09 ], [ 286218.77, 4158424.18 ], [ 286218.72, 4158424.26 ], [ 286218.66, 4158424.34 ], [ 286218.59, 4158424.41 ], [ 286218.51, 4158424.47 ], [ 286218.43, 4158424.53 ], [ 286218.35, 4158424.58 ], [ 286218.26, 4158424.62 ], [ 286218.17, 4158424.65 ], [ 286218.07, 4158424.67 ], [ 286217.97, 4158424.68 ], [ 286217.87, 4158424.68 ], [ 286217.78, 4158424.68 ], [ 286217.62, 4158424.66 ], [ 286216.29, 4158425.85 ], [ 286215.18, 4158426.21 ], [ 286165.37, 4158420.97 ], [ 286164.45, 4158420.5 ], [ 286162.5, 4158418.34 ], [ 286162.13, 4158417.37 ], [ 286162.13, 4158410.9 ], [ 286162.35, 4158410.12 ], [ 286163.46, 4158408.33 ], [ 286163.75, 4158406.05 ], [ 286163.76, 4158405.95 ], [ 286163.79, 4158405.86 ], [ 286163.83, 4158405.77 ], [ 286163.87, 4158405.68 ], [ 286163.92, 4158405.6 ], [ 286163.98, 4158405.52 ], [ 286164.05, 4158405.45 ], [ 286164.13, 4158405.39 ], [ 286164.21, 4158405.33 ], [ 286164.29, 4158405.28 ], [ 286164.38, 4158405.24 ], [ 286164.47, 4158405.21 ], [ 286164.57, 4158405.19 ], [ 286164.67, 4158405.18 ], [ 286164.77, 4158405.18 ], [ 286164.86, 4158405.18 ], [ 286167.08, 4158405.46 ], [ 286168.13, 4158403.77 ], [ 286168.13, 4158403.22 ], [ 286168.55, 4158402.2 ], [ 286169.37, 4158401.38 ], [ 286169.27, 4158400.84 ], [ 286168.59, 4158400.81 ], [ 286159.85, 4158400.73 ], [ 286159.48, 4158425.67 ], [ 286163.94, 4158425.21 ], [ 286164.15, 4158425.2 ], [ 286164.36, 4158425.22 ], [ 286216.12, 4158431.94 ], [ 286216.3, 4158431.98 ], [ 286216.48, 4158432.03 ], [ 286217.82, 4158432.5 ], [ 286222.89, 4158420.95 ], [ 286222.92, 4158420.9 ], [ 286228.09, 4158409.99 ], [ 286222.89, 4158408.52 ], [ 286212.34, 4158406.06 ], [ 286204.31, 4158404.45 ], [ 286195.91, 4158403.06 ], [ 286188.49, 4158402.13 ], [ 286182.37, 4158401.49 ], [ 286181.49, 4158401.44 ], [ 286186.33, 4158407.89 ], [ 286219.36, 4158412.06 ], [ 286219.46, 4158412.08 ], [ 286219.55, 4158412.11 ], [ 286219.64, 4158412.14 ], [ 286219.73, 4158412.19 ], [ 286219.81, 4158412.24 ], [ 286219.89, 4158412.3 ], [ 286219.96, 4158412.37 ], [ 286220.03, 4158412.44 ], [ 286220.08, 4158412.52 ] ] ], [ [ [ 286137.9, 4158487.77 ], [ 286138.55, 4158486.2 ], [ 286140.08, 4158484.67 ], [ 286093.13, 4158472.55 ], [ 286093.13, 4158475.52 ], [ 286093.81, 4158476.49 ], [ 286137.86, 4158487.8 ], [ 286137.9, 4158487.77 ] ] ], [ [ [ 286162.13, 4158493.46 ], [ 286162.72, 4158494.28 ], [ 286184.63, 4158500.0 ], [ 286199.43, 4158500.0 ], [ 286162.13, 4158490.37 ], [ 286162.13, 4158493.46 ] ] ], [ [ [ 286232.69, 4158383.49 ], [ 286232.59, 4158383.47 ], [ 286232.14, 4158383.37 ], [ 286226.14, 4158384.12 ], [ 286225.02, 4158383.78 ], [ 286222.61, 4158381.65 ], [ 286222.48, 4158381.35 ], [ 286221.94, 4158381.24 ], [ 286221.85, 4158381.21 ], [ 286221.76, 4158381.18 ], [ 286221.67, 4158381.13 ], [ 286221.59, 4158381.08 ], [ 286221.51, 4158381.02 ], [ 286221.44, 4158380.96 ], [ 286221.37, 4158380.88 ], [ 286221.31, 4158380.8 ], [ 286221.26, 4158380.72 ], [ 286221.22, 4158380.63 ], [ 286221.19, 4158380.54 ], [ 286221.17, 4158380.44 ], [ 286221.15, 4158380.34 ], [ 286221.15, 4158380.25 ], [ 286221.16, 4158380.15 ], [ 286221.17, 4158380.05 ], [ 286219.8, 4158386.75 ], [ 286227.75, 4158388.64 ], [ 286227.86, 4158388.67 ], [ 286237.41, 4158391.59 ], [ 286239.73, 4158383.92 ], [ 286240.12, 4158382.38 ], [ 286233.5, 4158383.2 ], [ 286233.5, 4158383.21 ], [ 286233.43, 4158383.27 ], [ 286233.35, 4158383.33 ], [ 286233.26, 4158383.38 ], [ 286233.17, 4158383.42 ], [ 286233.08, 4158383.45 ], [ 286232.98, 4158383.47 ], [ 286232.89, 4158383.49 ], [ 286232.79, 4158383.49 ], [ 286232.69, 4158383.49 ] ] ], [ [ [ 286221.95, 4158376.33 ], [ 286221.93, 4158376.31 ], [ 286221.17, 4158380.05 ], [ 286221.95, 4158376.33 ] ] ], [ [ [ 286250.0, 4158395.75 ], [ 286250.0, 4158392.28 ], [ 286248.35, 4158391.58 ], [ 286247.71, 4158391.04 ], [ 286246.37, 4158389.02 ], [ 286246.13, 4158388.21 ], [ 286246.13, 4158385.02 ], [ 286243.71, 4158382.88 ], [ 286243.2, 4158384.85 ], [ 286243.18, 4158384.92 ], [ 286240.84, 4158392.68 ], [ 286250.0, 4158395.75 ] ] ], [ [ [ 286175.66, 4158397.49 ], [ 286176.64, 4158397.53 ], [ 286176.68, 4158397.53 ], [ 286182.63, 4158397.9 ], [ 286182.71, 4158397.91 ], [ 286188.88, 4158398.55 ], [ 286188.92, 4158398.55 ], [ 286196.39, 4158399.49 ], [ 286196.46, 4158399.5 ], [ 286204.93, 4158400.91 ], [ 286204.99, 4158400.92 ], [ 286213.07, 4158402.53 ], [ 286213.13, 4158402.54 ], [ 286223.75, 4158405.02 ], [ 286223.82, 4158405.04 ], [ 286231.12, 4158407.1 ], [ 286231.2, 4158407.13 ], [ 286242.35, 4158410.87 ], [ 286242.43, 4158410.9 ], [ 286250.0, 4158413.85 ], [ 286250.0, 4158410.26 ], [ 286243.45, 4158407.69 ], [ 286227.33, 4158402.66 ], [ 286210.31, 4158398.66 ], [ 286192.36, 4158396.06 ], [ 286176.67, 4158394.88 ], [ 286176.18, 4158394.88 ], [ 286175.66, 4158397.49 ] ] ], [ [ [ 286227.68, 4158430.35 ], [ 286226.12, 4158422.56 ], [ 286221.13, 4158433.91 ], [ 286225.45, 4158436.1 ], [ 286228.86, 4158435.57 ], [ 286229.13, 4158435.55 ], [ 286233.05, 4158435.53 ], [ 286233.21, 4158435.54 ], [ 286239.08, 4158436.01 ], [ 286239.31, 4158436.04 ], [ 286241.55, 4158436.52 ], [ 286249.96, 4158417.7 ], [ 286241.16, 4158414.27 ], [ 286231.57, 4158411.05 ], [ 286227.99, 4158418.6 ], [ 286228.36, 4158418.15 ], [ 286229.46, 4158417.63 ], [ 286233.81, 4158417.63 ], [ 286233.96, 4158417.27 ], [ 286234.01, 4158417.19 ], [ 286234.06, 4158417.1 ], [ 286234.12, 4158417.02 ], [ 286234.19, 4158416.95 ], [ 286234.26, 4158416.89 ], [ 286234.34, 4158416.83 ], [ 286234.42, 4158416.78 ], [ 286234.51, 4158416.74 ], [ 286234.61, 4158416.71 ], [ 286234.7, 4158416.69 ], [ 286234.8, 4158416.68 ], [ 286234.9, 4158416.67 ], [ 286235.0, 4158416.68 ], [ 286235.09, 4158416.7 ], [ 286235.19, 4158416.72 ], [ 286235.28, 4158416.76 ], [ 286244.18, 4158420.62 ], [ 286244.27, 4158420.67 ], [ 286244.36, 4158420.72 ], [ 286244.43, 4158420.78 ], [ 286244.51, 4158420.85 ], [ 286244.57, 4158420.92 ], [ 286244.63, 4158421.0 ], [ 286244.68, 4158421.08 ], [ 286244.72, 4158421.17 ], [ 286244.75, 4158421.27 ], [ 286244.77, 4158421.36 ], [ 286244.78, 4158421.46 ], [ 286244.79, 4158421.56 ], [ 286244.78, 4158421.66 ], [ 286244.76, 4158421.75 ], [ 286244.74, 4158421.85 ], [ 286244.7, 4158421.94 ], [ 286239.0, 4158435.09 ], [ 286238.95, 4158435.18 ], [ 286238.9, 4158435.26 ], [ 286238.84, 4158435.34 ], [ 286238.77, 4158435.41 ], [ 286238.7, 4158435.47 ], [ 286238.62, 4158435.53 ], [ 286238.53, 4158435.58 ], [ 286238.44, 4158435.62 ], [ 286238.35, 4158435.65 ], [ 286238.26, 4158435.67 ], [ 286238.16, 4158435.69 ], [ 286238.06, 4158435.69 ], [ 286237.96, 4158435.68 ], [ 286237.87, 4158435.67 ], [ 286237.77, 4158435.64 ], [ 286237.68, 4158435.61 ], [ 286234.44, 4158434.2 ], [ 286230.39, 4158433.19 ], [ 286229.68, 4158432.78 ], [ 286228.61, 4158431.65 ], [ 286228.59, 4158431.64 ], [ 286228.52, 4158431.58 ], [ 286228.44, 4158431.52 ], [ 286228.38, 4158431.44 ], [ 286228.32, 4158431.36 ], [ 286228.31, 4158431.34 ], [ 286228.05, 4158431.07 ], [ 286227.68, 4158430.35 ] ] ], [ [ [ 286250.0, 4158440.3 ], [ 286250.0, 4158426.43 ], [ 286244.82, 4158438.02 ], [ 286250.0, 4158440.3 ] ] ], [ [ [ 286216.17, 4158457.83 ], [ 286216.02, 4158457.73 ], [ 286215.88, 4158457.62 ], [ 286215.75, 4158457.5 ], [ 286215.64, 4158457.37 ], [ 286215.54, 4158457.22 ], [ 286215.45, 4158457.07 ], [ 286215.38, 4158456.91 ], [ 286215.33, 4158456.74 ], [ 286215.29, 4158456.57 ], [ 286215.27, 4158456.39 ], [ 286215.26, 4158456.22 ], [ 286215.27, 4158456.04 ], [ 286215.3, 4158455.87 ], [ 286215.35, 4158455.7 ], [ 286215.41, 4158455.54 ], [ 286222.82, 4158438.8 ], [ 286219.66, 4158437.2 ], [ 286208.35, 4158461.97 ], [ 286208.35, 4158461.98 ], [ 286206.33, 4158466.38 ], [ 286200.92, 4158487.34 ], [ 286200.92, 4158487.37 ], [ 286212.0, 4158490.23 ], [ 286244.75, 4158498.63 ], [ 286245.67, 4158498.63 ], [ 286245.85, 4158498.64 ], [ 286246.4, 4158498.7 ], [ 286246.58, 4158498.74 ], [ 286250.0, 4158499.59 ], [ 286250.0, 4158473.02 ], [ 286216.32, 4158457.91 ], [ 286216.17, 4158457.83 ] ] ], [ [ [ 286103.84, 4158495.2 ], [ 286103.19, 4158495.21 ], [ 286101.32, 4158494.84 ], [ 286100.72, 4158494.57 ], [ 286097.28, 4158491.99 ], [ 286084.14, 4158488.62 ], [ 286082.97, 4158489.01 ], [ 286082.26, 4158489.07 ], [ 286080.23, 4158488.74 ], [ 286079.58, 4158488.46 ], [ 286077.54, 4158486.93 ], [ 286045.13, 4158478.63 ], [ 286035.67, 4158477.84 ], [ 286032.51, 4158480.1 ], [ 286030.86, 4158486.72 ], [ 286033.04, 4158490.35 ], [ 286039.37, 4158491.94 ], [ 286040.17, 4158492.45 ], [ 286041.82, 4158494.57 ], [ 286042.13, 4158495.47 ], [ 286042.13, 4158496.21 ], [ 286047.07, 4158497.45 ], [ 286055.78, 4158499.61 ], [ 286055.88, 4158499.64 ], [ 286057.02, 4158500.0 ], [ 286128.55, 4158500.0 ], [ 286106.86, 4158494.44 ], [ 286103.84, 4158495.2 ] ] ] ] } }
]
}
