{
"type": "FeatureCollection",
"name": "landuse",
"crs": { "type": "name", "properties": { "name": "urn:ogc:def:crs:EPSG::32618" } },
"xy_coordinate_resolution": 0.01,
"features": [
{ "type": "Feature", "properties": { "id": "imagery:groundcover_lawn:2388", "name": null, "kind": "groundcover_lawn", "sport": null, "surface": null, "pitch_layout": null, "source": "vgin_vbmp+naip+lidar2025", "source_updated": null, "base_z": null, "top_z": null }, "geometry": { "type": "MultiPolygon", "coordinates": [ [ [ [ 286015.13, 4158838.22 ], [ 286015.55, 4158837.2 ], [ 286015.91, 4158836.85 ], [ 286007.94, 4158814.75 ], [ 286002.13, 4158798.96 ], [ 286000.0, 4158794.38 ], [ 286000.0, 4158801.39 ], [ 286015.13, 4158840.64 ], [ 286015.13, 4158838.22 ] ] ], [ [ [ 286070.76, 4158845.05 ], [ 286070.86, 4158845.05 ], [ 286070.96, 4158845.06 ], [ 286078.62, 4158846.12 ], [ 286078.71, 4158846.14 ], [ 286078.81, 4158846.16 ], [ 286078.9, 4158846.2 ], [ 286078.98, 4158846.24 ], [ 286079.07, 4158846.3 ], [ 286079.14, 4158846.36 ], [ 286079.21, 4158846.43 ], [ 286079.28, 4158846.5 ], [ 286079.33, 4158846.59 ], [ 286079.38, 4158846.67 ], [ 286079.42, 4158846.76 ], [ 286079.45, 4158846.86 ], [ 286079.47, 4158846.95 ], [ 286079.48, 4158847.05 ], [ 286079.48, 4158847.15 ], [ 286079.47, 4158847.24 ], [ 286079.06, 4158850.23 ], [ 286081.6, 4158850.85 ], [ 286081.86, 4158848.37 ], [ 286081.88, 4158848.27 ], [ 286081.9, 4158848.17 ], [ 286081.93, 4158848.08 ], [ 286081.98, 4158847.99 ], [ 286082.03, 4158847.91 ], [ 286082.09, 4158847.83 ], [ 286082.16, 4158847.75 ], [ 286082.23, 4158847.69 ], [ 286082.31, 4158847.63 ], [ 286082.4, 4158847.58 ], [ 286082.49, 4158847.54 ], [ 286082.58, 4158847.51 ], [ 286082.68, 4158847.49 ], [ 286082.78, 4158847.47 ], [ 286082.88, 4158847.47 ], [ 286087.25, 4158847.58 ], [ 286087.37, 4158846.42 ], [ 286087.38, 4158846.32 ], [ 286087.41, 4158846.23 ], [ 286087.44, 4158846.13 ], [ 286087.48, 4158846.04 ], [ 286087.54, 4158845.96 ], [ 286087.59, 4158845.88 ], [ 286087.66, 4158845.81 ], [ 286087.73, 4158845.74 ], [ 286087.81, 4158845.69 ], [ 286087.9, 4158845.64 ], [ 286087.99, 4158845.59 ], [ 286088.08, 4158845.56 ], [ 286088.18, 4158845.54 ], [ 286088.27, 4158845.52 ], [ 286088.37, 4158845.52 ], [ 286088.47, 4158845.52 ], [ 286090.86, 4158845.77 ], [ 286090.96, 4158845.79 ], [ 286091.05, 4158845.81 ], [ 286091.15, 4158845.85 ], [ 286091.24, 4158845.89 ], [ 286091.32, 4158845.94 ], [ 286091.4, 4158846.0 ], [ 286091.47, 4158846.07 ], [ 286091.54, 4158846.14 ], [ 286091.59, 4158846.22 ], [ 286091.64, 4158846.3 ], [ 286091.68, 4158846.39 ], [ 286091.72, 4158846.49 ], [ 286091.74, 4158846.58 ], [ 286091.75, 4158846.68 ], [ 286091.76, 4158846.78 ], [ 286091.75, 4158846.87 ], [ 286091.63, 4158848.03 ], [ 286093.32, 4158848.2 ], [ 286093.42, 4158848.21 ], [ 286093.51, 4158848.24 ], [ 286093.6, 4158848.27 ], [ 286093.69, 4158848.31 ], [ 286093.78, 4158848.36 ], [ 286093.85, 4158848.42 ], [ 286093.93, 4158848.49 ], [ 286093.99, 4158848.56 ], [ 286094.05, 4158848.64 ], [ 286094.1, 4158848.73 ], [ 286094.14, 4158848.82 ], [ 286094.18, 4158848.91 ], [ 286094.2, 4158849.0 ], [ 286094.21, 4158849.1 ], [ 286094.22, 4158849.2 ], [ 286094.21, 4158849.3 ], [ 286094.04, 4158850.92 ], [ 286096.12, 4158851.12 ], [ 286096.17, 4158850.68 ], [ 286096.19, 4158850.59 ], [ 286096.21, 4158850.49 ], [ 286096.25, 4158850.4 ], [ 286096.29, 4158850.31 ], [ 286096.35, 4158850.23 ], [ 286096.41, 4158850.15 ], [ 286096.47, 4158850.08 ], [ 286096.55, 4158850.02 ], [ 286096.63, 4158849.96 ], [ 286096.71, 4158849.91 ], [ 286096.8, 4158849.87 ], [ 286096.9, 4158849.84 ], [ 286096.99, 4158849.82 ], [ 286097.09, 4158849.8 ], [ 286097.19, 4158849.8 ], [ 286097.29, 4158849.81 ], [ 286098.85, 4158850.0 ], [ 286098.87, 4158849.89 ], [ 286098.88, 4158849.8 ], [ 286098.91, 4158849.7 ], [ 286098.94, 4158849.61 ], [ 286098.99, 4158849.52 ], [ 286099.04, 4158849.44 ], [ 286099.1, 4158849.36 ], [ 286099.17, 4158849.29 ], [ 286099.24, 4158849.22 ], [ 286099.32, 4158849.17 ], [ 286099.41, 4158849.12 ], [ 286099.49, 4158849.08 ], [ 286099.59, 4158849.05 ], [ 286099.68, 4158849.03 ], [ 286099.78, 4158849.01 ], [ 286099.88, 4158849.01 ], [ 286099.98, 4158849.02 ], [ 286107.55, 4158849.91 ], [ 286107.65, 4158849.93 ], [ 286107.74, 4158849.95 ], [ 286107.83, 4158849.99 ], [ 286107.92, 4158850.03 ], [ 286108.0, 4158850.08 ], [ 286108.08, 4158850.14 ], [ 286108.15, 4158850.21 ], [ 286108.22, 4158850.28 ], [ 286108.27, 4158850.36 ], [ 286108.32, 4158850.45 ], [ 286108.36, 4158850.54 ], [ 286108.4, 4158850.63 ], [ 286108.42, 4158850.73 ], [ 286108.43, 4158850.82 ], [ 286108.43, 4158850.92 ], [ 286108.43, 4158851.02 ], [ 286108.33, 4158851.85 ], [ 286111.13, 4158849.31 ], [ 286111.13, 4158846.23 ], [ 286111.04, 4158846.12 ], [ 286067.73, 4158840.1 ], [ 286067.49, 4158840.34 ], [ 286066.92, 4158845.02 ], [ 286070.01, 4158845.46 ], [ 286070.07, 4158845.39 ], [ 286070.14, 4158845.32 ], [ 286070.22, 4158845.25 ], [ 286070.3, 4158845.2 ], [ 286070.39, 4158845.15 ], [ 286070.48, 4158845.11 ], [ 286070.57, 4158845.08 ], [ 286070.67, 4158845.06 ], [ 286070.76, 4158845.05 ] ] ], [ [ [ 286012.97, 4158963.63 ], [ 286015.81, 4158961.57 ], [ 286016.89, 4158958.35 ], [ 286014.21, 4158954.41 ], [ 286000.0, 4158953.62 ], [ 286000.0, 4158962.75 ], [ 286005.92, 4158963.6 ], [ 286006.34, 4158963.63 ], [ 286012.97, 4158963.63 ] ] ], [ [ [ 286018.78, 4158879.79 ], [ 286020.75, 4158881.95 ], [ 286021.33, 4158883.45 ], [ 286023.9, 4158884.88 ], [ 286024.31, 4158884.93 ], [ 286024.33, 4158884.93 ], [ 286024.35, 4158884.93 ], [ 286024.93, 4158885.01 ], [ 286026.63, 4158882.97 ], [ 286012.76, 4158844.5 ], [ 286000.0, 4158811.39 ], [ 286000.0, 4158815.23 ], [ 286005.37, 4158834.51 ], [ 286000.0, 4158832.65 ], [ 286000.0, 4158877.7 ], [ 286017.84, 4158879.33 ], [ 286018.78, 4158879.79 ] ] ], [ [ [ 286057.62, 4158846.66 ], [ 286057.82, 4158846.49 ], [ 286058.92, 4158837.26 ], [ 286059.02, 4158836.74 ], [ 286059.73, 4158833.87 ], [ 286059.84, 4158833.5 ], [ 286059.98, 4158833.14 ], [ 286060.15, 4158832.8 ], [ 286061.63, 4158830.16 ], [ 286061.72, 4158830.02 ], [ 286061.8, 4158829.88 ], [ 286061.83, 4158829.84 ], [ 286061.86, 4158829.8 ], [ 286061.96, 4158829.68 ], [ 286062.05, 4158829.54 ], [ 286062.09, 4158829.51 ], [ 286062.12, 4158829.47 ], [ 286062.23, 4158829.35 ], [ 286062.34, 4158829.23 ], [ 286062.37, 4158829.2 ], [ 286062.4, 4158829.16 ], [ 286062.53, 4158829.06 ], [ 286062.65, 4158828.95 ], [ 286062.69, 4158828.92 ], [ 286062.72, 4158828.89 ], [ 286062.86, 4158828.79 ], [ 286062.99, 4158828.69 ], [ 286063.03, 4158828.67 ], [ 286063.07, 4158828.64 ], [ 286063.21, 4158828.56 ], [ 286063.35, 4158828.48 ], [ 286065.69, 4158827.22 ], [ 286066.1, 4158827.03 ], [ 286066.52, 4158826.88 ], [ 286066.95, 4158826.78 ], [ 286067.4, 4158826.72 ], [ 286067.72, 4158826.69 ], [ 286067.86, 4158824.57 ], [ 286067.86, 4158824.48 ], [ 286068.57, 4158816.83 ], [ 286068.61, 4158816.54 ], [ 286068.68, 4158816.25 ], [ 286068.78, 4158815.96 ], [ 286068.91, 4158815.69 ], [ 286069.06, 4158815.44 ], [ 286069.24, 4158815.19 ], [ 286069.44, 4158814.97 ], [ 286069.66, 4158814.77 ], [ 286069.89, 4158814.59 ], [ 286070.15, 4158814.43 ], [ 286070.42, 4158814.3 ], [ 286070.7, 4158814.2 ], [ 286070.99, 4158814.13 ], [ 286071.29, 4158814.08 ], [ 286071.59, 4158814.06 ], [ 286071.89, 4158814.08 ], [ 286072.17, 4158814.12 ], [ 286072.55, 4158813.2 ], [ 286074.16, 4158811.6 ], [ 286074.55, 4158808.57 ], [ 286074.57, 4158808.47 ], [ 286074.6, 4158808.38 ], [ 286074.63, 4158808.28 ], [ 286074.68, 4158808.2 ], [ 286074.73, 4158808.11 ], [ 286074.79, 4158808.04 ], [ 286074.86, 4158807.97 ], [ 286074.93, 4158807.9 ], [ 286075.01, 4158807.85 ], [ 286075.1, 4158807.8 ], [ 286075.19, 4158807.76 ], [ 286075.28, 4158807.73 ], [ 286075.38, 4158807.71 ], [ 286075.48, 4158807.7 ], [ 286075.58, 4158807.7 ], [ 286075.67, 4158807.7 ], [ 286083.81, 4158808.77 ], [ 286083.9, 4158808.79 ], [ 286084.0, 4158808.82 ], [ 286084.09, 4158808.85 ], [ 286084.18, 4158808.9 ], [ 286084.26, 4158808.95 ], [ 286084.34, 4158809.01 ], [ 286084.41, 4158809.08 ], [ 286084.47, 4158809.15 ], [ 286084.53, 4158809.23 ], [ 286084.57, 4158809.32 ], [ 286084.61, 4158809.41 ], [ 286084.64, 4158809.5 ], [ 286084.66, 4158809.6 ], [ 286084.68, 4158809.7 ], [ 286084.68, 4158809.8 ], [ 286084.67, 4158809.89 ], [ 286084.63, 4158810.19 ], [ 286085.36, 4158810.02 ], [ 286086.02, 4158810.5 ], [ 286086.83, 4158809.4 ], [ 286087.09, 4158809.21 ], [ 286087.5, 4158805.72 ], [ 286087.52, 4158805.63 ], [ 286087.54, 4158805.53 ], [ 286087.58, 4158805.44 ], [ 286087.62, 4158805.35 ], [ 286087.67, 4158805.27 ], [ 286087.73, 4158805.19 ], [ 286087.8, 4158805.12 ], [ 286087.87, 4158805.06 ], [ 286087.95, 4158805.0 ], [ 286088.04, 4158804.95 ], [ 286088.13, 4158804.91 ], [ 286088.22, 4158804.88 ], [ 286088.32, 4158804.86 ], [ 286088.41, 4158804.84 ], [ 286088.51, 4158804.84 ], [ 286088.61, 4158804.85 ], [ 286098.41, 4158806.02 ], [ 286098.51, 4158806.03 ], [ 286098.6, 4158806.06 ], [ 286098.69, 4158806.09 ], [ 286098.78, 4158806.14 ], [ 286098.86, 4158806.19 ], [ 286098.94, 4158806.25 ], [ 286099.01, 4158806.32 ], [ 286099.08, 4158806.39 ], [ 286099.13, 4158806.47 ], [ 286099.18, 4158806.56 ], [ 286099.22, 4158806.65 ], [ 286099.25, 4158806.74 ], [ 286099.28, 4158806.83 ], [ 286099.29, 4158806.93 ], [ 286099.29, 4158807.03 ], [ 286099.28, 4158807.13 ], [ 286098.87, 4158810.6 ], [ 286099.36, 4158811.77 ], [ 286099.39, 4158811.76 ], [ 286100.01, 4158813.26 ], [ 286100.63, 4158813.88 ], [ 286103.16, 4158813.88 ], [ 286103.34, 4158812.63 ], [ 286103.36, 4158812.53 ], [ 286103.39, 4158812.44 ], [ 286103.42, 4158812.35 ], [ 286103.47, 4158812.26 ], [ 286103.52, 4158812.18 ], [ 286103.58, 4158812.11 ], [ 286103.65, 4158812.04 ], [ 286103.73, 4158811.97 ], [ 286103.81, 4158811.92 ], [ 286103.9, 4158811.87 ], [ 286103.99, 4158811.83 ], [ 286104.08, 4158811.8 ], [ 286104.18, 4158811.78 ], [ 286104.27, 4158811.77 ], [ 286104.37, 4158811.77 ], [ 286104.47, 4158811.78 ], [ 286112.34, 4158812.91 ], [ 286112.44, 4158812.93 ], [ 286112.53, 4158812.96 ], [ 286112.62, 4158813.0 ], [ 286112.71, 4158813.04 ], [ 286112.79, 4158813.09 ], [ 286112.86, 4158813.16 ], [ 286112.93, 4158813.22 ], [ 286113.0, 4158813.3 ], [ 286113.05, 4158813.38 ], [ 286113.1, 4158813.47 ], [ 286113.14, 4158813.56 ], [ 286113.16, 4158813.63 ], [ 286114.13, 4158813.63 ], [ 286115.89, 4158811.87 ], [ 286116.02, 4158810.63 ], [ 286116.04, 4158810.53 ], [ 286116.06, 4158810.44 ], [ 286116.09, 4158810.35 ], [ 286116.14, 4158810.26 ], [ 286116.19, 4158810.17 ], [ 286116.25, 4158810.1 ], [ 286116.31, 4158810.02 ], [ 286116.39, 4158809.96 ], [ 286116.47, 4158809.9 ], [ 286116.55, 4158809.85 ], [ 286116.64, 4158809.81 ], [ 286116.73, 4158809.78 ], [ 286116.83, 4158809.75 ], [ 286116.92, 4158809.74 ], [ 286117.02, 4158809.74 ], [ 286117.12, 4158809.74 ], [ 286117.13, 4158809.74 ], [ 286117.13, 4158804.47 ], [ 286117.44, 4158803.57 ], [ 286119.09, 4158801.45 ], [ 286119.89, 4158800.94 ], [ 286124.73, 4158799.73 ], [ 286125.95, 4158799.98 ], [ 286128.59, 4158802.04 ], [ 286129.13, 4158803.16 ], [ 286129.13, 4158815.78 ], [ 286131.87, 4158817.92 ], [ 286131.99, 4158816.92 ], [ 286132.01, 4158816.83 ], [ 286132.04, 4158816.73 ], [ 286132.07, 4158816.64 ], [ 286132.11, 4158816.55 ], [ 286132.17, 4158816.47 ], [ 286132.23, 4158816.39 ], [ 286132.29, 4158816.32 ], [ 286132.37, 4158816.26 ], [ 286132.45, 4158816.2 ], [ 286132.53, 4158816.15 ], [ 286132.62, 4158816.11 ], [ 286132.72, 4158816.08 ], [ 286132.81, 4158816.06 ], [ 286132.91, 4158816.05 ], [ 286133.01, 4158816.04 ], [ 286133.1, 4158816.05 ], [ 286141.13, 4158817.01 ], [ 286141.23, 4158817.02 ], [ 286141.32, 4158817.05 ], [ 286141.41, 4158817.08 ], [ 286141.5, 4158817.13 ], [ 286141.58, 4158817.18 ], [ 286141.65, 4158817.24 ], [ 286141.73, 4158817.3 ], [ 286141.79, 4158817.37 ], [ 286141.85, 4158817.45 ], [ 286141.9, 4158817.54 ], [ 286141.94, 4158817.62 ], [ 286141.97, 4158817.72 ], [ 286141.99, 4158817.81 ], [ 286142.01, 4158817.9 ], [ 286142.01, 4158818.0 ], [ 286142.01, 4158818.1 ], [ 286141.77, 4158820.55 ], [ 286145.57, 4158821.19 ], [ 286146.52, 4158820.23 ], [ 286146.7, 4158818.7 ], [ 286146.71, 4158818.6 ], [ 286146.74, 4158818.5 ], [ 286146.77, 4158818.41 ], [ 286146.81, 4158818.32 ], [ 286146.86, 4158818.24 ], [ 286146.92, 4158818.16 ], [ 286146.99, 4158818.09 ], [ 286147.06, 4158818.03 ], [ 286147.14, 4158817.97 ], [ 286147.23, 4158817.92 ], [ 286147.32, 4158817.88 ], [ 286147.41, 4158817.85 ], [ 286147.51, 4158817.82 ], [ 286147.6, 4158817.81 ], [ 286147.7, 4158817.81 ], [ 286147.8, 4158817.81 ], [ 286155.89, 4158818.72 ], [ 286155.98, 4158818.73 ], [ 286156.08, 4158818.76 ], [ 286156.17, 4158818.79 ], [ 286156.26, 4158818.83 ], [ 286156.34, 4158818.88 ], [ 286156.42, 4158818.94 ], [ 286156.49, 4158819.01 ], [ 286156.56, 4158819.08 ], [ 286156.61, 4158819.16 ], [ 286156.66, 4158819.25 ], [ 286156.7, 4158819.34 ], [ 286156.74, 4158819.43 ], [ 286156.76, 4158819.53 ], [ 286156.77, 4158819.62 ], [ 286156.77, 4158819.72 ], [ 286156.77, 4158819.82 ], [ 286156.42, 4158822.98 ], [ 286160.76, 4158823.84 ], [ 286161.14, 4158820.75 ], [ 286161.16, 4158820.66 ], [ 286161.19, 4158820.56 ], [ 286161.22, 4158820.47 ], [ 286161.27, 4158820.38 ], [ 286161.32, 4158820.3 ], [ 286161.38, 4158820.22 ], [ 286161.45, 4158820.15 ], [ 286161.52, 4158820.09 ], [ 286161.6, 4158820.03 ], [ 286161.69, 4158819.98 ], [ 286161.77, 4158819.94 ], [ 286161.87, 4158819.91 ], [ 286161.96, 4158819.89 ], [ 286162.06, 4158819.88 ], [ 286162.16, 4158819.88 ], [ 286162.26, 4158819.88 ], [ 286170.14, 4158820.85 ], [ 286170.24, 4158820.86 ], [ 286170.33, 4158820.89 ], [ 286170.42, 4158820.93 ], [ 286170.51, 4158820.97 ], [ 286170.59, 4158821.02 ], [ 286170.67, 4158821.08 ], [ 286170.74, 4158821.15 ], [ 286170.81, 4158821.22 ], [ 286170.86, 4158821.3 ], [ 286170.91, 4158821.39 ], [ 286170.95, 4158821.48 ], [ 286170.98, 4158821.57 ], [ 286171.0, 4158821.67 ], [ 286171.02, 4158821.76 ], [ 286171.02, 4158821.86 ], [ 286171.01, 4158821.96 ], [ 286170.64, 4158825.0 ], [ 286174.75, 4158825.0 ], [ 286175.63, 4158824.12 ], [ 286175.79, 4158823.0 ], [ 286175.81, 4158822.9 ], [ 286175.84, 4158822.8 ], [ 286175.87, 4158822.71 ], [ 286175.92, 4158822.63 ], [ 286175.97, 4158822.54 ], [ 286176.03, 4158822.47 ], [ 286176.1, 4158822.4 ], [ 286176.18, 4158822.34 ], [ 286176.26, 4158822.28 ], [ 286176.34, 4158822.23 ], [ 286176.43, 4158822.19 ], [ 286176.53, 4158822.16 ], [ 286176.62, 4158822.14 ], [ 286176.72, 4158822.13 ], [ 286176.82, 4158822.13 ], [ 286176.92, 4158822.14 ], [ 286179.16, 4158822.45 ], [ 286179.55, 4158819.63 ], [ 286179.57, 4158819.54 ], [ 286179.6, 4158819.44 ], [ 286179.63, 4158819.35 ], [ 286179.68, 4158819.26 ], [ 286179.73, 4158819.18 ], [ 286179.79, 4158819.11 ], [ 286179.86, 4158819.04 ], [ 286179.94, 4158818.97 ], [ 286180.02, 4158818.92 ], [ 286180.1, 4158818.87 ], [ 286180.19, 4158818.83 ], [ 286180.29, 4158818.8 ], [ 286180.38, 4158818.78 ], [ 286180.48, 4158818.77 ], [ 286180.58, 4158818.77 ], [ 286180.68, 4158818.78 ], [ 286185.79, 4158819.48 ], [ 286185.89, 4158819.5 ], [ 286185.99, 4158819.53 ], [ 286186.08, 4158819.56 ], [ 286186.16, 4158819.61 ], [ 286186.25, 4158819.66 ], [ 286186.32, 4158819.72 ], [ 286186.39, 4158819.79 ], [ 286186.46, 4158819.87 ], [ 286186.51, 4158819.95 ], [ 286186.56, 4158820.03 ], [ 286186.6, 4158820.12 ], [ 286186.63, 4158820.22 ], [ 286186.65, 4158820.31 ], [ 286186.66, 4158820.41 ], [ 286186.66, 4158820.51 ], [ 286186.65, 4158820.61 ], [ 286185.94, 4158825.76 ], [ 286186.0, 4158825.89 ], [ 286189.94, 4158826.68 ], [ 286190.17, 4158824.77 ], [ 286190.19, 4158824.68 ], [ 286190.22, 4158824.58 ], [ 286190.25, 4158824.49 ], [ 286190.29, 4158824.4 ], [ 286190.35, 4158824.32 ], [ 286190.41, 4158824.24 ], [ 286190.47, 4158824.17 ], [ 286190.55, 4158824.11 ], [ 286190.63, 4158824.05 ], [ 286190.71, 4158824.0 ], [ 286190.8, 4158823.96 ], [ 286190.9, 4158823.93 ], [ 286190.99, 4158823.91 ], [ 286191.09, 4158823.9 ], [ 286191.19, 4158823.89 ], [ 286191.29, 4158823.9 ], [ 286199.15, 4158824.85 ], [ 286199.25, 4158824.87 ], [ 286199.34, 4158824.9 ], [ 286199.44, 4158824.93 ], [ 286199.52, 4158824.97 ], [ 286199.61, 4158825.03 ], [ 286199.68, 4158825.09 ], [ 286199.76, 4158825.15 ], [ 286199.82, 4158825.23 ], [ 286199.88, 4158825.31 ], [ 286199.92, 4158825.39 ], [ 286199.96, 4158825.48 ], [ 286200.0, 4158825.58 ], [ 286200.02, 4158825.67 ], [ 286200.03, 4158825.77 ], [ 286200.03, 4158825.87 ], [ 286200.02, 4158825.97 ], [ 286199.55, 4158829.88 ], [ 286199.92, 4158830.98 ], [ 286203.96, 4158831.72 ], [ 286204.68, 4158826.54 ], [ 286204.69, 4158826.44 ], [ 286204.72, 4158826.35 ], [ 286204.76, 4158826.26 ], [ 286204.8, 4158826.17 ], [ 286204.86, 4158826.09 ], [ 286204.92, 4158826.01 ], [ 286204.99, 4158825.94 ], [ 286205.06, 4158825.88 ], [ 286205.14, 4158825.82 ], [ 286205.23, 4158825.77 ], [ 286205.32, 4158825.74 ], [ 286205.41, 4158825.71 ], [ 286205.51, 4158825.69 ], [ 286205.61, 4158825.68 ], [ 286205.7, 4158825.67 ], [ 286205.8, 4158825.68 ], [ 286213.77, 4158826.78 ], [ 286213.87, 4158826.8 ], [ 286213.96, 4158826.82 ], [ 286214.05, 4158826.86 ], [ 286214.14, 4158826.9 ], [ 286214.22, 4158826.96 ], [ 286214.3, 4158827.02 ], [ 286214.37, 4158827.09 ], [ 286214.43, 4158827.16 ], [ 286214.49, 4158827.24 ], [ 286214.53, 4158827.33 ], [ 286214.57, 4158827.42 ], [ 286214.6, 4158827.51 ], [ 286214.62, 4158827.61 ], [ 286214.63, 4158827.71 ], [ 286214.63, 4158827.81 ], [ 286214.62, 4158827.9 ], [ 286213.91, 4158833.14 ], [ 286216.13, 4158834.63 ], [ 286218.88, 4158832.79 ], [ 286219.45, 4158828.64 ], [ 286219.47, 4158828.55 ], [ 286219.5, 4158828.45 ], [ 286219.53, 4158828.36 ], [ 286219.58, 4158828.28 ], [ 286219.63, 4158828.19 ], [ 286219.69, 4158828.12 ], [ 286219.76, 4158828.05 ], [ 286219.84, 4158827.98 ], [ 286219.92, 4158827.93 ], [ 286220.0, 4158827.88 ], [ 286220.09, 4158827.84 ], [ 286220.19, 4158827.81 ], [ 286220.28, 4158827.79 ], [ 286220.38, 4158827.78 ], [ 286220.48, 4158827.78 ], [ 286220.58, 4158827.79 ], [ 286228.44, 4158828.86 ], [ 286228.53, 4158828.88 ], [ 286228.63, 4158828.91 ], [ 286228.72, 4158828.95 ], [ 286228.81, 4158828.99 ], [ 286228.89, 4158829.05 ], [ 286228.96, 4158829.11 ], [ 286229.03, 4158829.18 ], [ 286229.1, 4158829.25 ], [ 286229.15, 4158829.33 ], [ 286229.2, 4158829.42 ], [ 286229.24, 4158829.51 ], [ 286229.27, 4158829.6 ], [ 286229.29, 4158829.7 ], [ 286229.3, 4158829.8 ], [ 286229.3, 4158829.89 ], [ 286229.29, 4158829.99 ], [ 286228.26, 4158837.49 ], [ 286228.24, 4158837.59 ], [ 286228.21, 4158837.68 ], [ 286228.17, 4158837.77 ], [ 286228.13, 4158837.86 ], [ 286228.13, 4158838.35 ], [ 286227.8, 4158839.53 ], [ 286228.31, 4158839.67 ], [ 286228.87, 4158840.67 ], [ 286229.13, 4158838.71 ], [ 286229.19, 4158838.42 ], [ 286229.27, 4158838.13 ], [ 286229.38, 4158837.86 ], [ 286229.52, 4158837.59 ], [ 286229.69, 4158837.34 ], [ 286229.87, 4158837.11 ], [ 286230.08, 4158836.89 ], [ 286230.31, 4158836.7 ], [ 286230.56, 4158836.53 ], [ 286230.82, 4158836.39 ], [ 286231.1, 4158836.27 ], [ 286231.38, 4158836.18 ], [ 286231.67, 4158836.12 ], [ 286231.97, 4158836.08 ], [ 286232.27, 4158836.08 ], [ 286232.57, 4158836.11 ], [ 286232.86, 4158836.16 ], [ 286233.15, 4158836.24 ], [ 286233.43, 4158836.36 ], [ 286233.69, 4158836.49 ], [ 286233.94, 4158836.66 ], [ 286234.18, 4158836.84 ], [ 286234.39, 4158837.05 ], [ 286234.58, 4158837.28 ], [ 286234.75, 4158837.53 ], [ 286234.9, 4158837.79 ], [ 286235.02, 4158838.07 ], [ 286235.11, 4158838.35 ], [ 286235.17, 4158838.65 ], [ 286235.2, 4158838.94 ], [ 286235.2, 4158839.24 ], [ 286235.18, 4158839.54 ], [ 286234.62, 4158843.63 ], [ 286235.28, 4158843.63 ], [ 286235.94, 4158843.78 ], [ 286237.72, 4158844.67 ], [ 286238.24, 4158845.11 ], [ 286244.77, 4158853.81 ], [ 286245.06, 4158854.56 ], [ 286245.26, 4158856.87 ], [ 286245.12, 4158857.66 ], [ 286237.45, 4158872.99 ], [ 286237.13, 4158874.33 ], [ 286237.13, 4158899.5 ], [ 286237.07, 4158899.93 ], [ 286236.69, 4158901.17 ], [ 286236.5, 4158901.57 ], [ 286231.84, 4158908.57 ], [ 286231.44, 4158911.82 ], [ 286232.91, 4158922.06 ], [ 286234.66, 4158922.08 ], [ 286234.89, 4158922.1 ], [ 286250.0, 4158924.25 ], [ 286250.0, 4158750.0 ], [ 286000.0, 4158750.0 ], [ 286000.0, 4158773.32 ], [ 286003.98, 4158780.22 ], [ 286004.17, 4158780.59 ], [ 286010.92, 4158795.09 ], [ 286011.07, 4158795.46 ], [ 286016.96, 4158811.45 ], [ 286016.97, 4158811.48 ], [ 286025.97, 4158836.47 ], [ 286026.71, 4158837.2 ], [ 286027.13, 4158838.22 ], [ 286027.13, 4158839.58 ], [ 286030.17, 4158847.64 ], [ 286033.63, 4158848.79 ], [ 286034.08, 4158849.12 ], [ 286012.55, 4158791.76 ], [ 286006.59, 4158778.55 ], [ 286006.52, 4158778.38 ], [ 286006.47, 4158778.21 ], [ 286006.44, 4158778.04 ], [ 286006.43, 4158777.86 ], [ 286006.43, 4158777.69 ], [ 286006.45, 4158777.51 ], [ 286006.49, 4158777.34 ], [ 286006.54, 4158777.17 ], [ 286006.62, 4158777.01 ], [ 286006.7, 4158776.85 ], [ 286006.8, 4158776.71 ], [ 286006.92, 4158776.57 ], [ 286007.04, 4158776.45 ], [ 286007.18, 4158776.34 ], [ 286007.33, 4158776.25 ], [ 286007.49, 4158776.17 ], [ 286007.65, 4158776.1 ], [ 286007.82, 4158776.05 ], [ 286008.0, 4158776.02 ], [ 286008.17, 4158776.01 ], [ 286008.35, 4158776.01 ], [ 286008.52, 4158776.03 ], [ 286008.7, 4158776.07 ], [ 286008.87, 4158776.12 ], [ 286009.03, 4158776.19 ], [ 286009.18, 4158776.28 ], [ 286009.33, 4158776.38 ], [ 286009.46, 4158776.5 ], [ 286009.58, 4158776.62 ], [ 286009.69, 4158776.76 ], [ 286009.79, 4158776.91 ], [ 286009.87, 4158777.07 ], [ 286015.85, 4158790.34 ], [ 286015.9, 4158790.44 ], [ 286048.43, 4158877.1 ], [ 286048.82, 4158876.85 ], [ 286050.44, 4158870.38 ], [ 286050.96, 4158869.59 ], [ 286053.08, 4158867.93 ], [ 286053.98, 4158867.63 ], [ 286054.13, 4158867.63 ], [ 286055.44, 4158866.32 ], [ 286057.13, 4158852.2 ], [ 286057.13, 4158847.74 ], [ 286057.62, 4158846.66 ] ], [ [ 286226.78, 4158820.32 ], [ 286226.75, 4158820.41 ], [ 286226.71, 4158820.5 ], [ 286226.67, 4158820.59 ], [ 286226.61, 4158820.67 ], [ 286226.55, 4158820.74 ], [ 286226.48, 4158820.81 ], [ 286226.41, 4158820.87 ], [ 286226.32, 4158820.93 ], [ 286226.24, 4158820.97 ], [ 286226.15, 4158821.01 ], [ 286226.05, 4158821.04 ], [ 286225.96, 4158821.06 ], [ 286225.86, 4158821.07 ], [ 286225.76, 4158821.07 ], [ 286225.66, 4158821.06 ], [ 286221.03, 4158820.37 ], [ 286220.94, 4158820.35 ], [ 286220.84, 4158820.32 ], [ 286220.75, 4158820.28 ], [ 286220.66, 4158820.24 ], [ 286220.58, 4158820.18 ], [ 286220.51, 4158820.12 ], [ 286220.44, 4158820.05 ], [ 286220.38, 4158819.97 ], [ 286220.32, 4158819.89 ], [ 286220.27, 4158819.8 ], [ 286220.24, 4158819.71 ], [ 286220.21, 4158819.62 ], [ 286220.19, 4158819.52 ], [ 286220.18, 4158819.42 ], [ 286220.18, 4158819.33 ], [ 286220.19, 4158819.23 ], [ 286220.58, 4158816.65 ], [ 286220.6, 4158816.56 ], [ 286220.63, 4158816.46 ], [ 286220.67, 4158816.37 ], [ 286220.72, 4158816.29 ], [ 286220.77, 4158816.2 ], [ 286220.83, 4158816.13 ], [ 286220.9, 4158816.06 ], [ 286220.98, 4158816.0 ], [ 286221.06, 4158815.94 ], [ 286221.15, 4158815.9 ], [ 286221.24, 4158815.86 ], [ 286221.33, 4158815.83 ], [ 286221.43, 4158815.81 ], [ 286221.53, 4158815.8 ], [ 286221.63, 4158815.8 ], [ 286221.72, 4158815.81 ], [ 286226.36, 4158816.52 ], [ 286226.45, 4158816.54 ], [ 286226.55, 4158816.57 ], [ 286226.64, 4158816.6 ], [ 286226.72, 4158816.65 ], [ 286226.8, 4158816.7 ], [ 286226.88, 4158816.77 ], [ 286226.95, 4158816.84 ], [ 286227.01, 4158816.91 ], [ 286227.07, 4158817.0 ], [ 286227.11, 4158817.08 ], [ 286227.15, 4158817.17 ], [ 286227.18, 4158817.27 ], [ 286227.2, 4158817.36 ], [ 286227.21, 4158817.46 ], [ 286227.2, 4158817.56 ], [ 286227.19, 4158817.66 ], [ 286226.8, 4158820.22 ], [ 286226.78, 4158820.32 ] ] ], [ [ [ 286163.19, 4158835.51 ], [ 286163.28, 4158835.33 ], [ 286161.74, 4158831.22 ], [ 286161.71, 4158831.2 ], [ 286159.55, 4158829.05 ], [ 286159.27, 4158828.36 ], [ 286155.83, 4158827.67 ], [ 286155.81, 4158827.71 ], [ 286155.76, 4158827.79 ], [ 286155.7, 4158827.87 ], [ 286155.63, 4158827.94 ], [ 286155.56, 4158828.01 ], [ 286155.48, 4158828.06 ], [ 286155.39, 4158828.11 ], [ 286155.31, 4158828.15 ], [ 286155.21, 4158828.19 ], [ 286155.12, 4158828.21 ], [ 286155.02, 4158828.22 ], [ 286154.92, 4158828.23 ], [ 286154.82, 4158828.22 ], [ 286153.67, 4158828.09 ], [ 286153.55, 4158828.2 ], [ 286152.58, 4158828.61 ], [ 286152.57, 4158828.65 ], [ 286152.53, 4158828.74 ], [ 286152.49, 4158828.83 ], [ 286152.44, 4158828.91 ], [ 286152.38, 4158828.99 ], [ 286152.31, 4158829.06 ], [ 286152.24, 4158829.13 ], [ 286152.16, 4158829.18 ], [ 286152.07, 4158829.23 ], [ 286151.98, 4158829.27 ], [ 286151.89, 4158829.31 ], [ 286151.79, 4158829.33 ], [ 286151.69, 4158829.34 ], [ 286151.6, 4158829.34 ], [ 286151.5, 4158829.34 ], [ 286149.44, 4158829.1 ], [ 286149.34, 4158829.09 ], [ 286149.25, 4158829.06 ], [ 286149.16, 4158829.03 ], [ 286149.07, 4158828.98 ], [ 286148.99, 4158828.93 ], [ 286148.91, 4158828.87 ], [ 286148.84, 4158828.81 ], [ 286148.77, 4158828.73 ], [ 286148.72, 4158828.65 ], [ 286148.7, 4158828.63 ], [ 286147.73, 4158828.63 ], [ 286146.71, 4158828.2 ], [ 286144.75, 4158826.25 ], [ 286140.78, 4158826.25 ], [ 286140.75, 4158826.26 ], [ 286140.66, 4158826.3 ], [ 286140.56, 4158826.34 ], [ 286140.46, 4158826.36 ], [ 286140.39, 4158826.37 ], [ 286138.55, 4158828.2 ], [ 286136.98, 4158828.85 ], [ 286135.13, 4158831.63 ], [ 286135.13, 4158831.69 ], [ 286163.19, 4158835.51 ] ] ], [ [ [ 286184.43, 4158861.22 ], [ 286184.51, 4158861.17 ], [ 286184.59, 4158861.12 ], [ 286184.68, 4158861.08 ], [ 286184.78, 4158861.05 ], [ 286184.87, 4158861.03 ], [ 286184.97, 4158861.02 ], [ 286185.07, 4158861.02 ], [ 286185.17, 4158861.03 ], [ 286194.84, 4158862.33 ], [ 286194.93, 4158862.35 ], [ 286195.03, 4158862.38 ], [ 286195.12, 4158862.41 ], [ 286195.21, 4158862.46 ], [ 286195.29, 4158862.51 ], [ 286195.36, 4158862.57 ], [ 286195.43, 4158862.64 ], [ 286195.5, 4158862.72 ], [ 286195.55, 4158862.8 ], [ 286195.6, 4158862.88 ], [ 286195.64, 4158862.97 ], [ 286195.67, 4158863.07 ], [ 286195.69, 4158863.16 ], [ 286195.7, 4158863.26 ], [ 286195.7, 4158863.36 ], [ 286195.69, 4158863.46 ], [ 286195.36, 4158865.88 ], [ 286199.72, 4158866.82 ], [ 286199.8, 4158866.75 ], [ 286200.22, 4158864.01 ], [ 286200.24, 4158863.92 ], [ 286200.27, 4158863.82 ], [ 286200.31, 4158863.73 ], [ 286200.36, 4158863.65 ], [ 286200.41, 4158863.57 ], [ 286200.48, 4158863.49 ], [ 286200.54, 4158863.42 ], [ 286200.62, 4158863.36 ], [ 286200.7, 4158863.31 ], [ 286200.79, 4158863.26 ], [ 286200.88, 4158863.22 ], [ 286200.97, 4158863.19 ], [ 286201.07, 4158863.18 ], [ 286201.17, 4158863.17 ], [ 286201.27, 4158863.17 ], [ 286201.36, 4158863.18 ], [ 286209.42, 4158864.41 ], [ 286209.51, 4158864.43 ], [ 286209.6, 4158864.46 ], [ 286209.7, 4158864.5 ], [ 286209.78, 4158864.55 ], [ 286209.86, 4158864.6 ], [ 286209.94, 4158864.66 ], [ 286210.01, 4158864.73 ], [ 286210.07, 4158864.81 ], [ 286210.12, 4158864.89 ], [ 286210.17, 4158864.98 ], [ 286210.21, 4158865.07 ], [ 286210.23, 4158865.16 ], [ 286210.25, 4158865.26 ], [ 286210.26, 4158865.36 ], [ 286210.26, 4158865.46 ], [ 286210.25, 4158865.55 ], [ 286210.09, 4158866.62 ], [ 286212.63, 4158867.04 ], [ 286212.91, 4158865.22 ], [ 286212.93, 4158865.13 ], [ 286212.95, 4158865.03 ], [ 286212.99, 4158864.94 ], [ 286213.04, 4158864.86 ], [ 286213.09, 4158864.77 ], [ 286213.16, 4158864.7 ], [ 286213.23, 4158864.63 ], [ 286213.3, 4158864.57 ], [ 286213.38, 4158864.51 ], [ 286213.47, 4158864.47 ], [ 286213.56, 4158864.43 ], [ 286213.65, 4158864.4 ], [ 286213.75, 4158864.38 ], [ 286213.85, 4158864.37 ], [ 286213.95, 4158864.37 ], [ 286214.04, 4158864.38 ], [ 286217.06, 4158864.84 ], [ 286217.81, 4158862.57 ], [ 286216.52, 4158860.77 ], [ 286169.59, 4158854.25 ], [ 286169.45, 4158854.68 ], [ 286171.92, 4158858.11 ], [ 286172.41, 4158858.18 ], [ 286180.24, 4158859.35 ], [ 286180.33, 4158859.36 ], [ 286180.43, 4158859.39 ], [ 286180.52, 4158859.43 ], [ 286180.61, 4158859.48 ], [ 286180.69, 4158859.53 ], [ 286180.76, 4158859.59 ], [ 286180.83, 4158859.66 ], [ 286180.89, 4158859.74 ], [ 286180.95, 4158859.82 ], [ 286180.99, 4158859.91 ], [ 286181.03, 4158860.0 ], [ 286181.06, 4158860.09 ], [ 286181.08, 4158860.19 ], [ 286181.09, 4158860.29 ], [ 286181.09, 4158860.38 ], [ 286181.08, 4158860.48 ], [ 286180.7, 4158863.02 ], [ 286182.38, 4158863.44 ], [ 286182.53, 4158864.15 ], [ 286183.77, 4158863.9 ], [ 286184.04, 4158861.88 ], [ 286184.06, 4158861.79 ], [ 286184.09, 4158861.69 ], [ 286184.12, 4158861.6 ], [ 286184.17, 4158861.51 ], [ 286184.22, 4158861.43 ], [ 286184.28, 4158861.36 ], [ 286184.35, 4158861.29 ], [ 286184.43, 4158861.22 ] ] ], [ [ [ 286132.64, 4158867.01 ], [ 286132.74, 4158866.99 ], [ 286132.84, 4158866.98 ], [ 286132.94, 4158866.99 ], [ 286133.03, 4158867.0 ], [ 286133.13, 4158867.02 ], [ 286133.22, 4158867.05 ], [ 286133.31, 4158867.09 ], [ 286133.4, 4158867.14 ], [ 286133.48, 4158867.2 ], [ 286133.55, 4158867.26 ], [ 286133.62, 4158867.33 ], [ 286133.68, 4158867.41 ], [ 286133.73, 4158867.49 ], [ 286133.78, 4158867.58 ], [ 286133.81, 4158867.67 ], [ 286135.32, 4158872.27 ], [ 286135.35, 4158872.36 ], [ 286135.37, 4158872.46 ], [ 286135.37, 4158872.56 ], [ 286135.37, 4158872.65 ], [ 286135.36, 4158872.75 ], [ 286135.34, 4158872.85 ], [ 286135.31, 4158872.94 ], [ 286135.27, 4158873.03 ], [ 286135.22, 4158873.12 ], [ 286135.16, 4158873.2 ], [ 286135.1, 4158873.27 ], [ 286135.03, 4158873.34 ], [ 286134.95, 4158873.4 ], [ 286134.87, 4158873.45 ], [ 286134.78, 4158873.49 ], [ 286134.69, 4158873.53 ], [ 286130.86, 4158874.79 ], [ 286130.77, 4158874.81 ], [ 286130.67, 4158874.83 ], [ 286130.57, 4158874.84 ], [ 286130.48, 4158874.84 ], [ 286130.38, 4158874.82 ], [ 286130.28, 4158874.8 ], [ 286130.19, 4158874.77 ], [ 286130.1, 4158874.73 ], [ 286130.02, 4158874.68 ], [ 286129.94, 4158874.63 ], [ 286129.86, 4158874.56 ], [ 286129.79, 4158874.49 ], [ 286129.73, 4158874.41 ], [ 286129.68, 4158874.33 ], [ 286129.64, 4158874.24 ], [ 286129.6, 4158874.15 ], [ 286129.37, 4158873.45 ], [ 286129.31, 4158873.53 ], [ 286129.24, 4158873.59 ], [ 286129.16, 4158873.66 ], [ 286129.08, 4158873.71 ], [ 286128.99, 4158873.75 ], [ 286128.9, 4158873.79 ], [ 286128.8, 4158873.81 ], [ 286128.71, 4158873.83 ], [ 286128.61, 4158873.84 ], [ 286128.51, 4158873.84 ], [ 286122.29, 4158873.38 ], [ 286122.19, 4158873.37 ], [ 286122.09, 4158873.35 ], [ 286122.0, 4158873.32 ], [ 286121.91, 4158873.28 ], [ 286121.82, 4158873.23 ], [ 286121.74, 4158873.18 ], [ 286121.67, 4158873.11 ], [ 286121.6, 4158873.04 ], [ 286121.54, 4158872.96 ], [ 286121.49, 4158872.88 ], [ 286121.45, 4158872.79 ], [ 286121.41, 4158872.7 ], [ 286121.38, 4158872.61 ], [ 286121.37, 4158872.51 ], [ 286121.36, 4158872.41 ], [ 286121.36, 4158872.31 ], [ 286121.72, 4158867.35 ], [ 286121.63, 4158867.41 ], [ 286120.86, 4158867.63 ], [ 286118.67, 4158867.63 ], [ 286118.1, 4158867.51 ], [ 286116.53, 4158866.86 ], [ 286116.04, 4158866.54 ], [ 286115.04, 4158865.53 ], [ 286112.4, 4158865.24 ], [ 286112.3, 4158865.22 ], [ 286112.2, 4158865.19 ], [ 286112.11, 4158865.16 ], [ 286112.02, 4158865.12 ], [ 286111.94, 4158865.06 ], [ 286111.86, 4158865.0 ], [ 286111.78, 4158864.93 ], [ 286111.72, 4158864.86 ], [ 286111.66, 4158864.78 ], [ 286111.61, 4158864.69 ], [ 286111.57, 4158864.6 ], [ 286111.54, 4158864.51 ], [ 286111.52, 4158864.41 ], [ 286111.51, 4158864.31 ], [ 286111.51, 4158864.21 ], [ 286111.51, 4158864.11 ], [ 286111.75, 4158862.32 ], [ 286110.07, 4158861.52 ], [ 286084.39, 4158858.95 ], [ 286083.46, 4158858.48 ], [ 286081.51, 4158856.32 ], [ 286081.2, 4158855.52 ], [ 286078.4, 4158854.93 ], [ 286078.36, 4158855.26 ], [ 286078.34, 4158855.35 ], [ 286078.31, 4158855.45 ], [ 286078.28, 4158855.54 ], [ 286078.23, 4158855.63 ], [ 286078.18, 4158855.71 ], [ 286078.12, 4158855.78 ], [ 286078.05, 4158855.85 ], [ 286077.97, 4158855.92 ], [ 286077.89, 4158855.97 ], [ 286077.8, 4158856.02 ], [ 286077.71, 4158856.06 ], [ 286077.62, 4158856.09 ], [ 286077.52, 4158856.11 ], [ 286077.43, 4158856.12 ], [ 286077.33, 4158856.12 ], [ 286077.23, 4158856.11 ], [ 286073.72, 4158855.63 ], [ 286069.13, 4158855.63 ], [ 286066.13, 4158858.63 ], [ 286066.13, 4158864.63 ], [ 286068.43, 4158866.92 ], [ 286158.04, 4158878.79 ], [ 286156.82, 4158867.83 ], [ 286151.72, 4158866.04 ], [ 286151.48, 4158866.28 ], [ 286150.88, 4158866.64 ], [ 286148.95, 4158867.26 ], [ 286148.26, 4158867.31 ], [ 286135.8, 4158865.24 ], [ 286132.75, 4158866.62 ], [ 286132.48, 4158867.06 ], [ 286132.55, 4158867.03 ], [ 286132.64, 4158867.01 ] ], [ [ 286089.27, 4158864.29 ], [ 286089.36, 4158864.33 ], [ 286089.45, 4158864.38 ], [ 286089.53, 4158864.44 ], [ 286089.6, 4158864.5 ], [ 286089.67, 4158864.57 ], [ 286089.73, 4158864.65 ], [ 286089.78, 4158864.74 ], [ 286089.82, 4158864.82 ], [ 286089.85, 4158864.92 ], [ 286089.88, 4158865.01 ], [ 286089.89, 4158865.11 ], [ 286089.9, 4158865.21 ], [ 286089.9, 4158865.3 ], [ 286089.88, 4158865.4 ], [ 286089.35, 4158868.25 ], [ 286089.32, 4158868.34 ], [ 286089.29, 4158868.44 ], [ 286089.25, 4158868.52 ], [ 286089.2, 4158868.61 ], [ 286089.14, 4158868.69 ], [ 286089.08, 4158868.76 ], [ 286089.01, 4158868.83 ], [ 286088.93, 4158868.89 ], [ 286088.84, 4158868.94 ], [ 286088.76, 4158868.98 ], [ 286088.66, 4158869.02 ], [ 286088.57, 4158869.04 ], [ 286088.47, 4158869.06 ], [ 286088.37, 4158869.06 ], [ 286088.28, 4158869.06 ], [ 286088.18, 4158869.04 ], [ 286083.66, 4158868.2 ], [ 286083.56, 4158868.17 ], [ 286083.47, 4158868.14 ], [ 286083.38, 4158868.1 ], [ 286083.29, 4158868.05 ], [ 286083.22, 4158867.99 ], [ 286083.14, 4158867.93 ], [ 286083.08, 4158867.85 ], [ 286083.02, 4158867.78 ], [ 286082.96, 4158867.69 ], [ 286082.92, 4158867.6 ], [ 286082.89, 4158867.51 ], [ 286082.86, 4158867.42 ], [ 286082.85, 4158867.32 ], [ 286082.84, 4158867.22 ], [ 286082.85, 4158867.12 ], [ 286082.86, 4158867.03 ], [ 286083.4, 4158864.18 ], [ 286083.42, 4158864.09 ], [ 286083.45, 4158863.99 ], [ 286083.49, 4158863.9 ], [ 286083.54, 4158863.82 ], [ 286083.6, 4158863.74 ], [ 286083.66, 4158863.67 ], [ 286083.74, 4158863.6 ], [ 286083.81, 4158863.54 ], [ 286083.9, 4158863.49 ], [ 286083.99, 4158863.45 ], [ 286084.08, 4158863.41 ], [ 286084.17, 4158863.39 ], [ 286084.27, 4158863.37 ], [ 286084.37, 4158863.37 ], [ 286084.47, 4158863.37 ], [ 286084.56, 4158863.38 ], [ 286089.08, 4158864.23 ], [ 286089.18, 4158864.26 ], [ 286089.27, 4158864.29 ] ] ], [ [ [ 286208.27, 4158873.79 ], [ 286208.17, 4158873.8 ], [ 286208.07, 4158873.8 ], [ 286207.98, 4158873.79 ], [ 286206.89, 4158873.63 ], [ 286201.73, 4158873.63 ], [ 286200.71, 4158873.2 ], [ 286200.09, 4158872.58 ], [ 286199.93, 4158872.56 ], [ 286199.83, 4158872.54 ], [ 286199.74, 4158872.51 ], [ 286199.65, 4158872.47 ], [ 286199.56, 4158872.42 ], [ 286199.48, 4158872.37 ], [ 286199.4, 4158872.31 ], [ 286199.33, 4158872.24 ], [ 286199.27, 4158872.16 ], [ 286199.22, 4158872.08 ], [ 286199.17, 4158871.99 ], [ 286199.13, 4158871.9 ], [ 286199.11, 4158871.81 ], [ 286199.09, 4158871.71 ], [ 286199.08, 4158871.63 ], [ 286194.65, 4158871.9 ], [ 286194.52, 4158872.06 ], [ 286194.23, 4158874.22 ], [ 286194.21, 4158874.32 ], [ 286194.18, 4158874.41 ], [ 286194.15, 4158874.5 ], [ 286194.1, 4158874.59 ], [ 286194.05, 4158874.67 ], [ 286193.99, 4158874.75 ], [ 286193.92, 4158874.82 ], [ 286193.84, 4158874.88 ], [ 286193.76, 4158874.94 ], [ 286193.68, 4158874.99 ], [ 286193.59, 4158875.02 ], [ 286193.49, 4158875.05 ], [ 286193.4, 4158875.07 ], [ 286193.3, 4158875.09 ], [ 286193.2, 4158875.09 ], [ 286193.1, 4158875.08 ], [ 286190.65, 4158874.75 ], [ 286186.38, 4158875.81 ], [ 286185.33, 4158875.68 ], [ 286182.75, 4158874.26 ], [ 286181.71, 4158873.02 ], [ 286181.27, 4158873.39 ], [ 286177.74, 4158872.11 ], [ 286175.63, 4158873.41 ], [ 286174.86, 4158873.63 ], [ 286174.13, 4158873.63 ], [ 286171.13, 4158876.63 ], [ 286171.13, 4158880.53 ], [ 286187.47, 4158882.69 ], [ 286187.41, 4158882.63 ], [ 286187.35, 4158882.55 ], [ 286187.3, 4158882.47 ], [ 286187.26, 4158882.38 ], [ 286187.22, 4158882.29 ], [ 286187.2, 4158882.19 ], [ 286187.18, 4158882.1 ], [ 286187.17, 4158882.0 ], [ 286187.17, 4158881.9 ], [ 286187.41, 4158878.84 ], [ 286187.43, 4158878.74 ], [ 286187.45, 4158878.65 ], [ 286187.48, 4158878.56 ], [ 286187.52, 4158878.47 ], [ 286187.57, 4158878.38 ], [ 286187.63, 4158878.3 ], [ 286187.69, 4158878.23 ], [ 286187.76, 4158878.16 ], [ 286187.84, 4158878.1 ], [ 286187.92, 4158878.05 ], [ 286188.01, 4158878.0 ], [ 286188.1, 4158877.97 ], [ 286188.2, 4158877.94 ], [ 286188.29, 4158877.93 ], [ 286188.39, 4158877.92 ], [ 286188.49, 4158877.92 ], [ 286192.81, 4158878.27 ], [ 286192.9, 4158878.28 ], [ 286193.0, 4158878.3 ], [ 286193.09, 4158878.33 ], [ 286193.18, 4158878.37 ], [ 286193.27, 4158878.42 ], [ 286193.35, 4158878.48 ], [ 286193.42, 4158878.54 ], [ 286193.49, 4158878.62 ], [ 286193.55, 4158878.69 ], [ 286193.6, 4158878.78 ], [ 286193.64, 4158878.87 ], [ 286193.68, 4158878.96 ], [ 286193.7, 4158879.05 ], [ 286193.72, 4158879.15 ], [ 286193.73, 4158879.25 ], [ 286193.72, 4158879.35 ], [ 286193.47, 4158882.41 ], [ 286193.46, 4158882.5 ], [ 286193.44, 4158882.6 ], [ 286193.41, 4158882.69 ], [ 286193.37, 4158882.78 ], [ 286193.32, 4158882.87 ], [ 286193.26, 4158882.94 ], [ 286193.2, 4158883.02 ], [ 286193.13, 4158883.09 ], [ 286193.05, 4158883.15 ], [ 286192.96, 4158883.2 ], [ 286192.88, 4158883.24 ], [ 286192.78, 4158883.28 ], [ 286192.69, 4158883.3 ], [ 286192.59, 4158883.32 ], [ 286192.5, 4158883.32 ], [ 286192.4, 4158883.32 ], [ 286191.94, 4158883.28 ], [ 286213.13, 4158886.09 ], [ 286213.13, 4158884.9 ], [ 286213.35, 4158884.12 ], [ 286214.24, 4158882.69 ], [ 286213.26, 4158878.56 ], [ 286212.66, 4158878.19 ], [ 286212.12, 4158877.59 ], [ 286210.96, 4158875.28 ], [ 286208.47, 4158873.74 ], [ 286208.46, 4158873.75 ], [ 286208.37, 4158873.78 ], [ 286208.27, 4158873.79 ] ] ], [ [ [ 286074.79, 4158880.13 ], [ 286074.82, 4158880.22 ], [ 286074.84, 4158880.32 ], [ 286074.85, 4158880.42 ], [ 286074.85, 4158880.52 ], [ 286074.84, 4158880.61 ], [ 286074.58, 4158882.31 ], [ 286074.98, 4158884.71 ], [ 286074.99, 4158885.07 ], [ 286074.91, 4158886.15 ], [ 286074.84, 4158886.51 ], [ 286073.17, 4158891.51 ], [ 286072.94, 4158893.02 ], [ 286072.92, 4158893.12 ], [ 286072.89, 4158893.21 ], [ 286072.85, 4158893.3 ], [ 286072.8, 4158893.39 ], [ 286072.75, 4158893.47 ], [ 286072.69, 4158893.55 ], [ 286072.62, 4158893.61 ], [ 286072.54, 4158893.68 ], [ 286072.46, 4158893.73 ], [ 286072.37, 4158893.78 ], [ 286072.28, 4158893.81 ], [ 286072.19, 4158893.84 ], [ 286072.09, 4158893.86 ], [ 286071.99, 4158893.87 ], [ 286071.9, 4158893.87 ], [ 286071.8, 4158893.86 ], [ 286071.17, 4158893.76 ], [ 286070.35, 4158894.35 ], [ 286069.5, 4158894.63 ], [ 286065.29, 4158894.63 ], [ 286062.45, 4158896.68 ], [ 286061.84, 4158898.49 ], [ 286079.11, 4158900.87 ], [ 286081.13, 4158898.28 ], [ 286081.13, 4158894.77 ], [ 286079.59, 4158894.6 ], [ 286079.5, 4158894.58 ], [ 286079.4, 4158894.56 ], [ 286079.31, 4158894.52 ], [ 286079.22, 4158894.48 ], [ 286079.14, 4158894.43 ], [ 286079.06, 4158894.37 ], [ 286078.99, 4158894.3 ], [ 286078.92, 4158894.23 ], [ 286078.86, 4158894.15 ], [ 286078.82, 4158894.06 ], [ 286078.77, 4158893.97 ], [ 286078.74, 4158893.88 ], [ 286078.72, 4158893.79 ], [ 286078.71, 4158893.69 ], [ 286078.7, 4158893.59 ], [ 286078.71, 4158893.49 ], [ 286079.99, 4158882.04 ], [ 286080.0, 4158881.95 ], [ 286080.03, 4158881.85 ], [ 286080.06, 4158881.76 ], [ 286080.11, 4158881.67 ], [ 286080.16, 4158881.59 ], [ 286080.22, 4158881.51 ], [ 286080.28, 4158881.44 ], [ 286080.36, 4158881.37 ], [ 286080.44, 4158881.32 ], [ 286080.52, 4158881.27 ], [ 286080.61, 4158881.23 ], [ 286080.7, 4158881.19 ], [ 286080.8, 4158881.17 ], [ 286080.9, 4158881.16 ], [ 286081.0, 4158881.15 ], [ 286081.09, 4158881.16 ], [ 286084.28, 4158881.52 ], [ 286084.49, 4158881.36 ], [ 286085.77, 4158881.17 ], [ 286087.63, 4158881.79 ], [ 286087.79, 4158881.91 ], [ 286089.31, 4158882.08 ], [ 286089.41, 4158882.1 ], [ 286089.5, 4158882.12 ], [ 286089.6, 4158882.16 ], [ 286089.68, 4158882.2 ], [ 286089.77, 4158882.25 ], [ 286089.85, 4158882.31 ], [ 286089.92, 4158882.38 ], [ 286089.98, 4158882.45 ], [ 286090.04, 4158882.53 ], [ 286090.09, 4158882.62 ], [ 286090.13, 4158882.71 ], [ 286090.16, 4158882.8 ], [ 286090.18, 4158882.89 ], [ 286090.2, 4158882.99 ], [ 286090.2, 4158883.09 ], [ 286090.2, 4158883.19 ], [ 286090.11, 4158883.96 ], [ 286093.3, 4158884.68 ], [ 286095.33, 4158883.57 ], [ 286095.34, 4158883.57 ], [ 286095.39, 4158883.53 ], [ 286095.47, 4158883.48 ], [ 286095.56, 4158883.43 ], [ 286095.65, 4158883.39 ], [ 286095.74, 4158883.36 ], [ 286095.84, 4158883.34 ], [ 286095.94, 4158883.33 ], [ 286096.04, 4158883.33 ], [ 286096.13, 4158883.34 ], [ 286104.16, 4158884.53 ], [ 286104.25, 4158884.54 ], [ 286104.35, 4158884.57 ], [ 286104.44, 4158884.61 ], [ 286104.52, 4158884.66 ], [ 286104.61, 4158884.71 ], [ 286104.68, 4158884.77 ], [ 286104.75, 4158884.84 ], [ 286104.81, 4158884.92 ], [ 286104.87, 4158885.0 ], [ 286104.91, 4158885.09 ], [ 286104.95, 4158885.18 ], [ 286104.98, 4158885.27 ], [ 286105.0, 4158885.37 ], [ 286105.01, 4158885.46 ], [ 286105.01, 4158885.56 ], [ 286105.0, 4158885.66 ], [ 286104.73, 4158887.46 ], [ 286104.82, 4158887.57 ], [ 286105.13, 4158888.47 ], [ 286105.13, 4158892.04 ], [ 286105.16, 4158892.03 ], [ 286105.25, 4158892.01 ], [ 286105.35, 4158892.0 ], [ 286105.45, 4158892.0 ], [ 286105.55, 4158892.0 ], [ 286107.92, 4158892.29 ], [ 286108.2, 4158889.98 ], [ 286108.22, 4158889.88 ], [ 286108.25, 4158889.79 ], [ 286108.28, 4158889.69 ], [ 286108.32, 4158889.61 ], [ 286108.38, 4158889.52 ], [ 286108.44, 4158889.45 ], [ 286108.5, 4158889.38 ], [ 286108.58, 4158889.31 ], [ 286108.66, 4158889.26 ], [ 286108.74, 4158889.21 ], [ 286108.83, 4158889.17 ], [ 286108.93, 4158889.14 ], [ 286109.02, 4158889.11 ], [ 286109.12, 4158889.1 ], [ 286109.22, 4158889.1 ], [ 286109.32, 4158889.11 ], [ 286117.68, 4158890.14 ], [ 286117.78, 4158890.15 ], [ 286117.87, 4158890.18 ], [ 286117.96, 4158890.21 ], [ 286118.05, 4158890.26 ], [ 286118.13, 4158890.31 ], [ 286118.21, 4158890.37 ], [ 286118.28, 4158890.44 ], [ 286118.35, 4158890.51 ], [ 286118.4, 4158890.59 ], [ 286118.45, 4158890.68 ], [ 286118.49, 4158890.77 ], [ 286118.52, 4158890.86 ], [ 286118.54, 4158890.96 ], [ 286118.56, 4158891.05 ], [ 286118.56, 4158891.15 ], [ 286118.55, 4158891.25 ], [ 286118.13, 4158894.63 ], [ 286118.28, 4158894.63 ], [ 286120.66, 4158893.15 ], [ 286120.67, 4158893.14 ], [ 286120.74, 4158893.07 ], [ 286120.81, 4158893.01 ], [ 286120.9, 4158892.95 ], [ 286120.98, 4158892.91 ], [ 286120.99, 4158892.9 ], [ 286122.29, 4158890.31 ], [ 286122.73, 4158889.78 ], [ 286123.48, 4158889.23 ], [ 286123.61, 4158888.26 ], [ 286123.63, 4158888.16 ], [ 286123.66, 4158888.07 ], [ 286123.69, 4158887.98 ], [ 286123.74, 4158887.89 ], [ 286123.79, 4158887.81 ], [ 286123.85, 4158887.73 ], [ 286123.92, 4158887.66 ], [ 286124.0, 4158887.6 ], [ 286124.08, 4158887.54 ], [ 286124.17, 4158887.49 ], [ 286124.26, 4158887.46 ], [ 286124.35, 4158887.43 ], [ 286124.45, 4158887.41 ], [ 286124.54, 4158887.39 ], [ 286124.64, 4158887.39 ], [ 286124.74, 4158887.4 ], [ 286127.9, 4158887.83 ], [ 286135.14, 4158886.62 ], [ 286135.67, 4158884.31 ], [ 286135.69, 4158884.21 ], [ 286135.73, 4158884.12 ], [ 286135.78, 4158884.03 ], [ 286135.83, 4158883.95 ], [ 286135.89, 4158883.87 ], [ 286135.96, 4158883.8 ], [ 286136.03, 4158883.74 ], [ 286136.11, 4158883.68 ], [ 286136.2, 4158883.63 ], [ 286136.29, 4158883.59 ], [ 286136.38, 4158883.56 ], [ 286136.48, 4158883.54 ], [ 286136.57, 4158883.53 ], [ 286136.67, 4158883.53 ], [ 286136.77, 4158883.54 ], [ 286136.87, 4158883.55 ], [ 286143.55, 4158885.09 ], [ 286143.65, 4158885.12 ], [ 286143.74, 4158885.15 ], [ 286143.83, 4158885.2 ], [ 286143.91, 4158885.25 ], [ 286143.99, 4158885.31 ], [ 286144.06, 4158885.38 ], [ 286144.12, 4158885.46 ], [ 286144.18, 4158885.54 ], [ 286144.23, 4158885.62 ], [ 286144.27, 4158885.71 ], [ 286144.3, 4158885.81 ], [ 286144.32, 4158885.9 ], [ 286144.33, 4158886.0 ], [ 286144.33, 4158886.1 ], [ 286144.32, 4158886.2 ], [ 286144.31, 4158886.29 ], [ 286142.88, 4158892.46 ], [ 286142.85, 4158892.55 ], [ 286142.82, 4158892.64 ], [ 286142.77, 4158892.73 ], [ 286142.72, 4158892.81 ], [ 286142.66, 4158892.89 ], [ 286142.59, 4158892.96 ], [ 286142.52, 4158893.02 ], [ 286142.44, 4158893.08 ], [ 286142.35, 4158893.13 ], [ 286142.26, 4158893.17 ], [ 286142.18, 4158893.19 ], [ 286142.64, 4158893.88 ], [ 286146.44, 4158894.36 ], [ 286146.54, 4158894.38 ], [ 286146.63, 4158894.4 ], [ 286146.73, 4158894.44 ], [ 286146.81, 4158894.48 ], [ 286146.9, 4158894.53 ], [ 286146.97, 4158894.59 ], [ 286147.05, 4158894.66 ], [ 286147.11, 4158894.74 ], [ 286147.17, 4158894.82 ], [ 286147.21, 4158894.9 ], [ 286147.25, 4158894.99 ], [ 286147.28, 4158895.09 ], [ 286147.31, 4158895.18 ], [ 286147.32, 4158895.28 ], [ 286147.32, 4158895.38 ], [ 286147.31, 4158895.48 ], [ 286147.23, 4158896.09 ], [ 286150.36, 4158895.78 ], [ 286152.04, 4158893.27 ], [ 286152.57, 4158892.79 ], [ 286153.26, 4158892.42 ], [ 286153.29, 4158892.15 ], [ 286153.31, 4158892.05 ], [ 286153.33, 4158891.95 ], [ 286153.37, 4158891.86 ], [ 286153.41, 4158891.77 ], [ 286153.46, 4158891.69 ], [ 286153.52, 4158891.61 ], [ 286153.59, 4158891.54 ], [ 286153.66, 4158891.48 ], [ 286153.74, 4158891.42 ], [ 286153.83, 4158891.37 ], [ 286153.92, 4158891.33 ], [ 286154.01, 4158891.3 ], [ 286154.1, 4158891.27 ], [ 286154.2, 4158891.26 ], [ 286154.3, 4158891.26 ], [ 286154.4, 4158891.26 ], [ 286158.86, 4158891.77 ], [ 286158.95, 4158891.79 ], [ 286159.05, 4158891.81 ], [ 286159.14, 4158891.85 ], [ 286159.23, 4158891.89 ], [ 286159.31, 4158891.94 ], [ 286159.39, 4158892.0 ], [ 286159.46, 4158892.07 ], [ 286159.53, 4158892.14 ], [ 286159.58, 4158892.22 ], [ 286159.63, 4158892.31 ], [ 286159.67, 4158892.4 ], [ 286159.71, 4158892.49 ], [ 286159.73, 4158892.58 ], [ 286159.74, 4158892.68 ], [ 286159.74, 4158892.78 ], [ 286159.74, 4158892.88 ], [ 286159.61, 4158894.05 ], [ 286159.82, 4158894.38 ], [ 286160.27, 4158896.17 ], [ 286161.58, 4158896.32 ], [ 286161.68, 4158896.34 ], [ 286161.77, 4158896.36 ], [ 286161.87, 4158896.4 ], [ 286161.95, 4158896.44 ], [ 286162.04, 4158896.49 ], [ 286162.12, 4158896.55 ], [ 286162.19, 4158896.62 ], [ 286162.25, 4158896.69 ], [ 286162.31, 4158896.77 ], [ 286162.36, 4158896.86 ], [ 286162.4, 4158896.95 ], [ 286162.43, 4158897.04 ], [ 286162.45, 4158897.13 ], [ 286162.47, 4158897.23 ], [ 286162.47, 4158897.33 ], [ 286162.46, 4158897.43 ], [ 286162.35, 4158898.48 ], [ 286164.36, 4158899.49 ], [ 286164.36, 4158899.48 ], [ 286164.43, 4158899.41 ], [ 286164.5, 4158899.35 ], [ 286164.58, 4158899.29 ], [ 286164.67, 4158899.25 ], [ 286164.76, 4158899.21 ], [ 286164.85, 4158899.18 ], [ 286164.95, 4158899.15 ], [ 286165.05, 4158899.14 ], [ 286165.14, 4158899.14 ], [ 286165.24, 4158899.15 ], [ 286165.75, 4158899.21 ], [ 286166.15, 4158899.05 ], [ 286166.25, 4158898.31 ], [ 286166.26, 4158898.22 ], [ 286166.29, 4158898.12 ], [ 286166.32, 4158898.03 ], [ 286166.37, 4158897.95 ], [ 286166.42, 4158897.86 ], [ 286166.48, 4158897.79 ], [ 286166.55, 4158897.72 ], [ 286166.63, 4158897.65 ], [ 286166.71, 4158897.6 ], [ 286166.79, 4158897.55 ], [ 286166.88, 4158897.51 ], [ 286166.97, 4158897.48 ], [ 286167.07, 4158897.46 ], [ 286167.17, 4158897.45 ], [ 286167.27, 4158897.44 ], [ 286167.36, 4158897.45 ], [ 286175.46, 4158898.49 ], [ 286175.56, 4158898.5 ], [ 286175.65, 4158898.53 ], [ 286175.74, 4158898.57 ], [ 286175.83, 4158898.61 ], [ 286175.91, 4158898.66 ], [ 286175.99, 4158898.72 ], [ 286176.06, 4158898.79 ], [ 286176.13, 4158898.87 ], [ 286176.18, 4158898.95 ], [ 286176.23, 4158899.03 ], [ 286176.27, 4158899.12 ], [ 286176.3, 4158899.22 ], [ 286176.32, 4158899.31 ], [ 286176.33, 4158899.41 ], [ 286176.33, 4158899.51 ], [ 286176.33, 4158899.61 ], [ 286175.37, 4158907.03 ], [ 286175.35, 4158907.12 ], [ 286175.32, 4158907.22 ], [ 286175.29, 4158907.31 ], [ 286175.24, 4158907.4 ], [ 286175.19, 4158907.48 ], [ 286175.13, 4158907.56 ], [ 286175.06, 4158907.63 ], [ 286174.99, 4158907.69 ], [ 286174.91, 4158907.75 ], [ 286174.82, 4158907.79 ], [ 286174.73, 4158907.83 ], [ 286174.64, 4158907.86 ], [ 286174.54, 4158907.88 ], [ 286174.44, 4158907.9 ], [ 286174.35, 4158907.9 ], [ 286174.25, 4158907.89 ], [ 286173.42, 4158907.78 ], [ 286172.82, 4158913.77 ], [ 286218.1, 4158920.0 ], [ 286218.38, 4158917.87 ], [ 286216.13, 4158915.63 ], [ 286210.73, 4158915.63 ], [ 286209.71, 4158915.2 ], [ 286207.55, 4158913.05 ], [ 286206.9, 4158911.48 ], [ 286206.87, 4158911.49 ], [ 286206.69, 4158911.04 ], [ 286206.82, 4158910.99 ], [ 286206.66, 4158910.52 ], [ 286206.45, 4158910.46 ], [ 286206.25, 4158909.99 ], [ 286206.09, 4158909.83 ], [ 286205.7, 4158910.23 ], [ 286204.78, 4158909.95 ], [ 286204.67, 4158910.8 ], [ 286204.65, 4158910.9 ], [ 286204.62, 4158910.99 ], [ 286204.58, 4158911.08 ], [ 286204.54, 4158911.17 ], [ 286204.48, 4158911.25 ], [ 286204.42, 4158911.33 ], [ 286204.35, 4158911.4 ], [ 286204.28, 4158911.46 ], [ 286204.2, 4158911.52 ], [ 286204.11, 4158911.56 ], [ 286204.02, 4158911.6 ], [ 286203.93, 4158911.63 ], [ 286203.83, 4158911.65 ], [ 286203.73, 4158911.66 ], [ 286203.63, 4158911.66 ], [ 286203.54, 4158911.65 ], [ 286202.31, 4158911.48 ], [ 286202.15, 4158912.67 ], [ 286202.13, 4158912.77 ], [ 286202.1, 4158912.86 ], [ 286202.07, 4158912.95 ], [ 286202.02, 4158913.04 ], [ 286201.97, 4158913.12 ], [ 286201.91, 4158913.2 ], [ 286201.84, 4158913.27 ], [ 286201.76, 4158913.33 ], [ 286201.68, 4158913.39 ], [ 286201.6, 4158913.44 ], [ 286201.51, 4158913.48 ], [ 286201.41, 4158913.5 ], [ 286201.32, 4158913.53 ], [ 286201.22, 4158913.54 ], [ 286201.12, 4158913.54 ], [ 286201.02, 4158913.53 ], [ 286196.89, 4158912.96 ], [ 286196.79, 4158912.94 ], [ 286196.7, 4158912.91 ], [ 286196.61, 4158912.87 ], [ 286196.52, 4158912.83 ], [ 286196.44, 4158912.78 ], [ 286196.36, 4158912.71 ], [ 286196.29, 4158912.65 ], [ 286196.23, 4158912.57 ], [ 286196.17, 4158912.49 ], [ 286196.13, 4158912.4 ], [ 286196.09, 4158912.31 ], [ 286196.06, 4158912.22 ], [ 286196.04, 4158912.12 ], [ 286196.03, 4158912.03 ], [ 286196.03, 4158911.93 ], [ 286196.03, 4158911.83 ], [ 286196.2, 4158910.66 ], [ 286192.26, 4158910.12 ], [ 286192.17, 4158910.1 ], [ 286192.07, 4158910.08 ], [ 286191.98, 4158910.04 ], [ 286191.89, 4158910.0 ], [ 286191.81, 4158909.94 ], [ 286191.74, 4158909.88 ], [ 286191.67, 4158909.81 ], [ 286191.6, 4158909.74 ], [ 286191.55, 4158909.66 ], [ 286191.53, 4158909.63 ], [ 286189.71, 4158909.63 ], [ 286189.7, 4158909.63 ], [ 286189.63, 4158909.7 ], [ 286189.55, 4158909.77 ], [ 286189.47, 4158909.82 ], [ 286189.39, 4158909.87 ], [ 286189.3, 4158909.91 ], [ 286189.2, 4158909.93 ], [ 286189.11, 4158909.95 ], [ 286189.01, 4158909.96 ], [ 286188.91, 4158909.96 ], [ 286188.81, 4158909.96 ], [ 286186.52, 4158909.63 ], [ 286183.73, 4158909.63 ], [ 286182.71, 4158909.2 ], [ 286182.56, 4158909.05 ], [ 286178.28, 4158908.44 ], [ 286178.18, 4158908.42 ], [ 286178.09, 4158908.39 ], [ 286178.0, 4158908.35 ], [ 286177.91, 4158908.31 ], [ 286177.83, 4158908.25 ], [ 286177.75, 4158908.19 ], [ 286177.68, 4158908.12 ], [ 286177.62, 4158908.05 ], [ 286177.57, 4158907.97 ], [ 286177.52, 4158907.88 ], [ 286177.48, 4158907.79 ], [ 286177.45, 4158907.7 ], [ 286177.43, 4158907.6 ], [ 286177.42, 4158907.5 ], [ 286177.42, 4158907.4 ], [ 286177.43, 4158907.31 ], [ 286178.13, 4158902.46 ], [ 286178.15, 4158902.36 ], [ 286178.18, 4158902.27 ], [ 286178.21, 4158902.18 ], [ 286178.26, 4158902.09 ], [ 286178.31, 4158902.01 ], [ 286178.38, 4158901.93 ], [ 286178.45, 4158901.86 ], [ 286178.52, 4158901.8 ], [ 286178.6, 4158901.75 ], [ 286178.69, 4158901.7 ], [ 286178.78, 4158901.66 ], [ 286178.87, 4158901.63 ], [ 286178.97, 4158901.61 ], [ 286179.07, 4158901.6 ], [ 286179.16, 4158901.6 ], [ 286179.26, 4158901.61 ], [ 286180.13, 4158901.74 ], [ 286180.13, 4158901.22 ], [ 286180.55, 4158900.2 ], [ 286180.83, 4158899.92 ], [ 286181.44, 4158895.74 ], [ 286181.46, 4158895.65 ], [ 286181.49, 4158895.55 ], [ 286181.52, 4158895.46 ], [ 286181.57, 4158895.38 ], [ 286181.62, 4158895.29 ], [ 286181.69, 4158895.22 ], [ 286181.76, 4158895.15 ], [ 286181.83, 4158895.09 ], [ 286181.91, 4158895.03 ], [ 286182.0, 4158894.98 ], [ 286182.09, 4158894.95 ], [ 286182.18, 4158894.92 ], [ 286182.28, 4158894.9 ], [ 286182.38, 4158894.89 ], [ 286182.47, 4158894.89 ], [ 286182.57, 4158894.9 ], [ 286190.82, 4158896.08 ], [ 286190.91, 4158896.1 ], [ 286191.01, 4158896.13 ], [ 286191.1, 4158896.17 ], [ 286191.18, 4158896.21 ], [ 286191.27, 4158896.27 ], [ 286191.34, 4158896.33 ], [ 286191.41, 4158896.4 ], [ 286191.47, 4158896.47 ], [ 286191.53, 4158896.56 ], [ 286191.58, 4158896.64 ], [ 286191.61, 4158896.73 ], [ 286191.64, 4158896.83 ], [ 286191.66, 4158896.92 ], [ 286191.67, 4158897.02 ], [ 286191.67, 4158897.12 ], [ 286191.66, 4158897.22 ], [ 286191.59, 4158897.71 ], [ 286192.65, 4158898.0 ], [ 286193.02, 4158898.16 ], [ 286198.42, 4158901.4 ], [ 286204.83, 4158902.28 ], [ 286204.93, 4158902.3 ], [ 286205.02, 4158902.33 ], [ 286205.11, 4158902.37 ], [ 286205.2, 4158902.41 ], [ 286205.21, 4158902.42 ], [ 286207.13, 4158901.33 ], [ 286207.13, 4158899.9 ], [ 286207.35, 4158899.12 ], [ 286208.57, 4158897.15 ], [ 286209.16, 4158896.61 ], [ 286210.27, 4158896.06 ], [ 286211.29, 4158895.95 ], [ 286213.0, 4158896.4 ], [ 286214.21, 4158895.9 ], [ 286214.6, 4158897.07 ], [ 286214.9, 4158897.29 ], [ 286215.37, 4158897.98 ], [ 286220.78, 4158897.05 ], [ 286221.2, 4158895.35 ], [ 286219.42, 4158893.08 ], [ 286168.37, 4158886.32 ], [ 286163.09, 4158887.64 ], [ 286161.93, 4158887.42 ], [ 286159.29, 4158885.58 ], [ 286158.98, 4158885.07 ], [ 286120.43, 4158879.96 ], [ 286120.33, 4158880.72 ], [ 286120.31, 4158880.82 ], [ 286120.29, 4158880.92 ], [ 286120.25, 4158881.01 ], [ 286120.21, 4158881.1 ], [ 286120.15, 4158881.18 ], [ 286120.09, 4158881.26 ], [ 286120.02, 4158881.33 ], [ 286119.95, 4158881.39 ], [ 286119.87, 4158881.45 ], [ 286119.78, 4158881.49 ], [ 286119.69, 4158881.53 ], [ 286119.6, 4158881.56 ], [ 286119.5, 4158881.59 ], [ 286119.41, 4158881.6 ], [ 286119.31, 4158881.6 ], [ 286119.21, 4158881.59 ], [ 286114.67, 4158881.01 ], [ 286114.57, 4158880.99 ], [ 286114.48, 4158880.97 ], [ 286114.39, 4158880.93 ], [ 286114.3, 4158880.89 ], [ 286114.22, 4158880.83 ], [ 286114.14, 4158880.77 ], [ 286114.07, 4158880.7 ], [ 286114.01, 4158880.63 ], [ 286113.95, 4158880.55 ], [ 286113.9, 4158880.46 ], [ 286113.86, 4158880.37 ], [ 286113.83, 4158880.28 ], [ 286113.81, 4158880.18 ], [ 286113.8, 4158880.09 ], [ 286113.8, 4158879.99 ], [ 286113.8, 4158879.89 ], [ 286113.9, 4158879.1 ], [ 286085.54, 4158875.34 ], [ 286085.4, 4158876.48 ], [ 286085.38, 4158876.58 ], [ 286085.35, 4158876.67 ], [ 286085.32, 4158876.77 ], [ 286085.27, 4158876.85 ], [ 286085.22, 4158876.94 ], [ 286085.16, 4158877.01 ], [ 286085.09, 4158877.08 ], [ 286085.02, 4158877.15 ], [ 286084.94, 4158877.2 ], [ 286084.85, 4158877.25 ], [ 286084.76, 4158877.29 ], [ 286084.67, 4158877.32 ], [ 286084.57, 4158877.34 ], [ 286084.48, 4158877.36 ], [ 286084.38, 4158877.36 ], [ 286084.28, 4158877.35 ], [ 286078.83, 4158876.67 ], [ 286078.74, 4158876.65 ], [ 286078.64, 4158876.63 ], [ 286078.55, 4158876.59 ], [ 286078.46, 4158876.55 ], [ 286078.38, 4158876.49 ], [ 286078.3, 4158876.43 ], [ 286078.23, 4158876.37 ], [ 286078.17, 4158876.29 ], [ 286078.11, 4158876.21 ], [ 286078.07, 4158876.13 ], [ 286078.03, 4158876.04 ], [ 286077.99, 4158875.94 ], [ 286077.97, 4158875.85 ], [ 286077.96, 4158875.75 ], [ 286077.96, 4158875.65 ], [ 286077.97, 4158875.56 ], [ 286078.11, 4158874.36 ], [ 286073.14, 4158873.7 ], [ 286074.11, 4158879.5 ], [ 286074.19, 4158879.52 ], [ 286074.28, 4158879.56 ], [ 286074.37, 4158879.61 ], [ 286074.45, 4158879.66 ], [ 286074.52, 4158879.72 ], [ 286074.59, 4158879.79 ], [ 286074.65, 4158879.87 ], [ 286074.71, 4158879.95 ], [ 286074.75, 4158880.04 ], [ 286074.79, 4158880.13 ] ] ], [ [ [ 286104.12, 4158898.36 ], [ 286104.06, 4158898.29 ], [ 286104.0, 4158898.21 ], [ 286103.95, 4158898.12 ], [ 286103.91, 4158898.03 ], [ 286103.88, 4158897.94 ], [ 286103.86, 4158897.85 ], [ 286103.85, 4158897.75 ], [ 286103.85, 4158897.65 ], [ 286103.85, 4158897.55 ], [ 286104.26, 4158894.25 ], [ 286104.09, 4158894.42 ], [ 286103.58, 4158895.25 ], [ 286103.32, 4158897.01 ], [ 286103.3, 4158897.1 ], [ 286103.27, 4158897.2 ], [ 286103.24, 4158897.29 ], [ 286103.19, 4158897.37 ], [ 286103.14, 4158897.46 ], [ 286103.07, 4158897.53 ], [ 286103.0, 4158897.6 ], [ 286102.93, 4158897.66 ], [ 286102.85, 4158897.72 ], [ 286102.76, 4158897.76 ], [ 286102.67, 4158897.8 ], [ 286102.58, 4158897.83 ], [ 286102.48, 4158897.85 ], [ 286102.38, 4158897.86 ], [ 286102.29, 4158897.86 ], [ 286102.19, 4158897.85 ], [ 286101.84, 4158897.8 ], [ 286101.67, 4158897.94 ], [ 286101.24, 4158898.07 ], [ 286100.79, 4158898.3 ], [ 286100.71, 4158898.8 ], [ 286100.7, 4158898.89 ], [ 286100.67, 4158898.99 ], [ 286100.63, 4158899.08 ], [ 286100.58, 4158899.16 ], [ 286100.53, 4158899.25 ], [ 286100.47, 4158899.32 ], [ 286100.4, 4158899.39 ], [ 286100.32, 4158899.45 ], [ 286100.24, 4158899.51 ], [ 286100.15, 4158899.55 ], [ 286100.06, 4158899.59 ], [ 286099.97, 4158899.62 ], [ 286099.87, 4158899.64 ], [ 286099.78, 4158899.65 ], [ 286099.68, 4158899.65 ], [ 286099.58, 4158899.64 ], [ 286098.44, 4158899.47 ], [ 286097.79, 4158899.8 ], [ 286096.13, 4158902.48 ], [ 286096.13, 4158903.21 ], [ 286161.05, 4158912.15 ], [ 286162.96, 4158910.97 ], [ 286163.73, 4158909.43 ], [ 286163.68, 4158906.65 ], [ 286163.51, 4158906.33 ], [ 286160.99, 4158906.05 ], [ 286160.95, 4158906.08 ], [ 286160.85, 4158906.11 ], [ 286160.76, 4158906.13 ], [ 286160.66, 4158906.14 ], [ 286160.56, 4158906.14 ], [ 286160.46, 4158906.14 ], [ 286157.8, 4158905.81 ], [ 286150.33, 4158904.98 ], [ 286148.58, 4158903.72 ], [ 286148.22, 4158904.23 ], [ 286146.18, 4158903.52 ], [ 286146.12, 4158903.59 ], [ 286146.05, 4158903.66 ], [ 286145.98, 4158903.73 ], [ 286145.9, 4158903.78 ], [ 286145.81, 4158903.83 ], [ 286145.72, 4158903.87 ], [ 286145.63, 4158903.9 ], [ 286145.53, 4158903.92 ], [ 286145.44, 4158903.93 ], [ 286145.34, 4158903.94 ], [ 286145.24, 4158903.93 ], [ 286144.24, 4158903.8 ], [ 286143.43, 4158904.21 ], [ 286141.35, 4158903.98 ], [ 286140.43, 4158903.51 ], [ 286140.25, 4158903.31 ], [ 286137.21, 4158902.93 ], [ 286137.12, 4158902.91 ], [ 286137.02, 4158902.88 ], [ 286136.93, 4158902.85 ], [ 286136.84, 4158902.8 ], [ 286136.76, 4158902.75 ], [ 286136.68, 4158902.69 ], [ 286136.61, 4158902.62 ], [ 286136.55, 4158902.55 ], [ 286136.49, 4158902.47 ], [ 286136.44, 4158902.38 ], [ 286136.41, 4158902.29 ], [ 286136.37, 4158902.2 ], [ 286136.35, 4158902.1 ], [ 286136.34, 4158902.01 ], [ 286136.34, 4158901.91 ], [ 286136.35, 4158901.81 ], [ 286136.79, 4158898.29 ], [ 286135.79, 4158897.04 ], [ 286132.62, 4158898.58 ], [ 286131.85, 4158903.17 ], [ 286131.83, 4158903.26 ], [ 286131.8, 4158903.35 ], [ 286131.76, 4158903.44 ], [ 286131.71, 4158903.52 ], [ 286131.66, 4158903.6 ], [ 286131.6, 4158903.68 ], [ 286131.53, 4158903.75 ], [ 286131.45, 4158903.81 ], [ 286131.37, 4158903.86 ], [ 286131.29, 4158903.9 ], [ 286131.2, 4158903.94 ], [ 286131.11, 4158903.97 ], [ 286131.01, 4158903.99 ], [ 286130.92, 4158904.0 ], [ 286130.82, 4158904.0 ], [ 286130.73, 4158903.99 ], [ 286125.68, 4158903.31 ], [ 286125.58, 4158903.29 ], [ 286125.49, 4158903.27 ], [ 286125.4, 4158903.23 ], [ 286125.31, 4158903.18 ], [ 286125.23, 4158903.13 ], [ 286125.15, 4158903.07 ], [ 286125.08, 4158903.0 ], [ 286125.02, 4158902.92 ], [ 286124.96, 4158902.84 ], [ 286124.91, 4158902.76 ], [ 286124.87, 4158902.67 ], [ 286124.84, 4158902.57 ], [ 286124.82, 4158902.48 ], [ 286124.81, 4158902.38 ], [ 286124.81, 4158902.28 ], [ 286124.82, 4158902.18 ], [ 286124.82, 4158902.16 ], [ 286117.39, 4158900.68 ], [ 286116.51, 4158900.12 ], [ 286116.5, 4158900.11 ], [ 286116.45, 4158900.11 ], [ 286104.72, 4158898.67 ], [ 286104.63, 4158898.65 ], [ 286104.53, 4158898.62 ], [ 286104.44, 4158898.59 ], [ 286104.35, 4158898.54 ], [ 286104.27, 4158898.49 ], [ 286104.19, 4158898.43 ], [ 286104.12, 4158898.36 ] ] ], [ [ [ 286058.75, 4158920.86 ], [ 286058.84, 4158920.82 ], [ 286058.93, 4158920.79 ], [ 286059.03, 4158920.77 ], [ 286059.13, 4158920.76 ], [ 286059.22, 4158920.76 ], [ 286059.32, 4158920.77 ], [ 286061.03, 4158920.99 ], [ 286061.2, 4158919.69 ], [ 286061.22, 4158919.59 ], [ 286061.25, 4158919.5 ], [ 286061.28, 4158919.41 ], [ 286061.33, 4158919.32 ], [ 286061.38, 4158919.24 ], [ 286061.44, 4158919.16 ], [ 286061.51, 4158919.09 ], [ 286061.58, 4158919.02 ], [ 286061.66, 4158918.97 ], [ 286061.75, 4158918.92 ], [ 286061.84, 4158918.88 ], [ 286061.93, 4158918.85 ], [ 286062.03, 4158918.83 ], [ 286062.13, 4158918.82 ], [ 286062.22, 4158918.82 ], [ 286062.32, 4158918.82 ], [ 286067.92, 4158919.55 ], [ 286068.02, 4158919.56 ], [ 286068.11, 4158919.59 ], [ 286068.2, 4158919.63 ], [ 286068.29, 4158919.67 ], [ 286068.37, 4158919.72 ], [ 286068.45, 4158919.78 ], [ 286068.52, 4158919.85 ], [ 286068.58, 4158919.93 ], [ 286068.64, 4158920.01 ], [ 286068.69, 4158920.09 ], [ 286068.73, 4158920.18 ], [ 286068.76, 4158920.28 ], [ 286068.78, 4158920.37 ], [ 286068.79, 4158920.47 ], [ 286068.79, 4158920.57 ], [ 286068.78, 4158920.67 ], [ 286068.63, 4158921.82 ], [ 286069.26, 4158921.9 ], [ 286069.35, 4158921.92 ], [ 286069.45, 4158921.94 ], [ 286069.54, 4158921.98 ], [ 286069.63, 4158922.02 ], [ 286069.71, 4158922.07 ], [ 286069.79, 4158922.14 ], [ 286069.86, 4158922.2 ], [ 286069.92, 4158922.28 ], [ 286069.98, 4158922.36 ], [ 286070.03, 4158922.44 ], [ 286070.07, 4158922.53 ], [ 286070.1, 4158922.63 ], [ 286070.12, 4158922.72 ], [ 286070.13, 4158922.82 ], [ 286070.13, 4158922.92 ], [ 286070.13, 4158923.02 ], [ 286069.94, 4158924.48 ], [ 286073.2, 4158925.41 ], [ 286073.91, 4158924.9 ], [ 286074.06, 4158924.85 ], [ 286074.28, 4158923.08 ], [ 286074.3, 4158922.99 ], [ 286074.32, 4158922.89 ], [ 286074.36, 4158922.8 ], [ 286074.4, 4158922.71 ], [ 286074.46, 4158922.63 ], [ 286074.52, 4158922.55 ], [ 286074.59, 4158922.48 ], [ 286074.66, 4158922.42 ], [ 286074.74, 4158922.36 ], [ 286074.83, 4158922.31 ], [ 286074.92, 4158922.28 ], [ 286075.01, 4158922.24 ], [ 286075.1, 4158922.22 ], [ 286075.2, 4158922.21 ], [ 286075.3, 4158922.21 ], [ 286075.4, 4158922.22 ], [ 286082.1, 4158923.06 ], [ 286082.19, 4158923.08 ], [ 286082.29, 4158923.1 ], [ 286082.38, 4158923.14 ], [ 286082.47, 4158923.18 ], [ 286082.55, 4158923.24 ], [ 286082.63, 4158923.3 ], [ 286082.7, 4158923.36 ], [ 286082.76, 4158923.44 ], [ 286082.82, 4158923.52 ], [ 286082.87, 4158923.6 ], [ 286082.91, 4158923.69 ], [ 286082.94, 4158923.79 ], [ 286082.96, 4158923.88 ], [ 286082.97, 4158923.98 ], [ 286082.97, 4158924.08 ], [ 286082.97, 4158924.18 ], [ 286082.91, 4158924.63 ], [ 286084.74, 4158924.63 ], [ 286084.75, 4158924.53 ], [ 286084.77, 4158924.43 ], [ 286084.79, 4158924.33 ], [ 286084.83, 4158924.24 ], [ 286084.87, 4158924.15 ], [ 286084.93, 4158924.07 ], [ 286084.99, 4158923.99 ], [ 286085.05, 4158923.92 ], [ 286085.13, 4158923.86 ], [ 286085.21, 4158923.8 ], [ 286085.29, 4158923.75 ], [ 286085.38, 4158923.71 ], [ 286085.48, 4158923.68 ], [ 286085.57, 4158923.66 ], [ 286085.67, 4158923.65 ], [ 286085.77, 4158923.65 ], [ 286085.87, 4158923.65 ], [ 286092.62, 4158924.48 ], [ 286092.72, 4158924.5 ], [ 286092.81, 4158924.53 ], [ 286092.91, 4158924.56 ], [ 286092.99, 4158924.6 ], [ 286093.08, 4158924.66 ], [ 286093.15, 4158924.72 ], [ 286093.22, 4158924.79 ], [ 286093.29, 4158924.86 ], [ 286093.35, 4158924.94 ], [ 286093.39, 4158925.02 ], [ 286093.43, 4158925.11 ], [ 286093.46, 4158925.21 ], [ 286093.49, 4158925.3 ], [ 286093.5, 4158925.4 ], [ 286093.5, 4158925.5 ], [ 286093.49, 4158925.6 ], [ 286093.26, 4158927.5 ], [ 286093.56, 4158927.2 ], [ 286096.58, 4158928.17 ], [ 286096.58, 4158928.16 ], [ 286096.61, 4158928.07 ], [ 286096.64, 4158927.98 ], [ 286096.69, 4158927.89 ], [ 286096.74, 4158927.81 ], [ 286096.8, 4158927.73 ], [ 286096.87, 4158927.66 ], [ 286096.95, 4158927.6 ], [ 286097.03, 4158927.54 ], [ 286097.12, 4158927.5 ], [ 286097.21, 4158927.46 ], [ 286097.3, 4158927.43 ], [ 286097.4, 4158927.41 ], [ 286097.5, 4158927.4 ], [ 286097.59, 4158927.4 ], [ 286097.69, 4158927.41 ], [ 286099.19, 4158927.63 ], [ 286101.0, 4158927.63 ], [ 286101.43, 4158927.69 ], [ 286102.68, 4158928.07 ], [ 286102.87, 4158928.16 ], [ 286106.81, 4158928.73 ], [ 286106.91, 4158928.75 ], [ 286107.0, 4158928.78 ], [ 286107.09, 4158928.81 ], [ 286107.18, 4158928.86 ], [ 286107.26, 4158928.91 ], [ 286107.34, 4158928.98 ], [ 286107.41, 4158929.04 ], [ 286107.47, 4158929.12 ], [ 286107.53, 4158929.2 ], [ 286107.57, 4158929.29 ], [ 286107.61, 4158929.38 ], [ 286107.64, 4158929.47 ], [ 286107.66, 4158929.57 ], [ 286107.67, 4158929.67 ], [ 286107.67, 4158929.76 ], [ 286107.66, 4158929.86 ], [ 286107.57, 4158930.47 ], [ 286110.35, 4158930.87 ], [ 286110.45, 4158930.89 ], [ 286110.54, 4158930.92 ], [ 286110.63, 4158930.95 ], [ 286110.72, 4158931.0 ], [ 286110.8, 4158931.05 ], [ 286110.88, 4158931.11 ], [ 286110.95, 4158931.18 ], [ 286111.01, 4158931.26 ], [ 286111.06, 4158931.34 ], [ 286111.11, 4158931.43 ], [ 286111.15, 4158931.52 ], [ 286111.18, 4158931.61 ], [ 286111.2, 4158931.71 ], [ 286111.21, 4158931.81 ], [ 286111.21, 4158931.9 ], [ 286111.2, 4158932.0 ], [ 286110.82, 4158934.65 ], [ 286110.96, 4158934.9 ], [ 286111.13, 4158935.6 ], [ 286111.13, 4158935.97 ], [ 286113.07, 4158938.25 ], [ 286111.29, 4158939.31 ], [ 286110.82, 4158940.68 ], [ 286109.17, 4158942.8 ], [ 286108.37, 4158943.32 ], [ 286101.16, 4158945.12 ], [ 286100.4, 4158945.11 ], [ 286098.3, 4158944.53 ], [ 286097.66, 4158944.15 ], [ 286096.07, 4158942.57 ], [ 286091.32, 4158943.34 ], [ 286091.18, 4158944.44 ], [ 286091.17, 4158944.53 ], [ 286091.14, 4158944.63 ], [ 286091.11, 4158944.72 ], [ 286091.06, 4158944.81 ], [ 286091.01, 4158944.89 ], [ 286090.95, 4158944.97 ], [ 286090.88, 4158945.04 ], [ 286090.81, 4158945.1 ], [ 286090.73, 4158945.16 ], [ 286090.64, 4158945.21 ], [ 286090.55, 4158945.25 ], [ 286090.46, 4158945.28 ], [ 286090.36, 4158945.3 ], [ 286090.27, 4158945.31 ], [ 286090.17, 4158945.31 ], [ 286090.07, 4158945.31 ], [ 286089.0, 4158945.18 ], [ 286088.63, 4158945.41 ], [ 286087.86, 4158945.63 ], [ 286075.73, 4158945.63 ], [ 286074.71, 4158945.2 ], [ 286072.55, 4158943.05 ], [ 286072.52, 4158942.96 ], [ 286072.5, 4158942.95 ], [ 286072.41, 4158942.91 ], [ 286072.33, 4158942.85 ], [ 286072.25, 4158942.79 ], [ 286072.18, 4158942.73 ], [ 286072.11, 4158942.65 ], [ 286072.06, 4158942.57 ], [ 286072.01, 4158942.48 ], [ 286071.97, 4158942.39 ], [ 286071.94, 4158942.3 ], [ 286071.92, 4158942.21 ], [ 286071.91, 4158942.11 ], [ 286071.91, 4158942.01 ], [ 286071.91, 4158941.91 ], [ 286071.95, 4158941.6 ], [ 286071.9, 4158941.48 ], [ 286068.55, 4158939.68 ], [ 286066.13, 4158942.63 ], [ 286066.13, 4158946.54 ], [ 286065.94, 4158947.27 ], [ 286064.87, 4158949.16 ], [ 286064.34, 4158949.7 ], [ 286063.74, 4158950.06 ], [ 286063.71, 4158950.26 ], [ 286063.7, 4158950.36 ], [ 286063.67, 4158950.46 ], [ 286063.64, 4158950.55 ], [ 286063.59, 4158950.64 ], [ 286063.54, 4158950.72 ], [ 286063.48, 4158950.8 ], [ 286063.42, 4158950.87 ], [ 286063.34, 4158950.93 ], [ 286063.26, 4158950.99 ], [ 286063.18, 4158951.04 ], [ 286063.09, 4158951.08 ], [ 286062.99, 4158951.11 ], [ 286062.9, 4158951.13 ], [ 286062.8, 4158951.15 ], [ 286062.7, 4158951.15 ], [ 286062.6, 4158951.14 ], [ 286062.04, 4158951.08 ], [ 286052.59, 4158956.75 ], [ 286051.13, 4158959.32 ], [ 286051.13, 4158961.9 ], [ 286051.23, 4158961.92 ], [ 286063.42, 4158964.59 ], [ 286072.18, 4158965.78 ], [ 286090.51, 4158967.8 ], [ 286090.73, 4158967.83 ], [ 286102.48, 4158970.0 ], [ 286103.1, 4158969.74 ], [ 286103.67, 4158969.63 ], [ 286113.25, 4158969.63 ], [ 286113.59, 4158969.67 ], [ 286114.6, 4158969.9 ], [ 286114.92, 4158970.02 ], [ 286124.61, 4158974.86 ], [ 286125.1, 4158975.26 ], [ 286126.26, 4158976.71 ], [ 286126.32, 4158976.83 ], [ 286128.95, 4158978.13 ], [ 286137.31, 4158981.68 ], [ 286143.6, 4158982.41 ], [ 286160.89, 4158982.47 ], [ 286161.3, 4158982.5 ], [ 286169.68, 4158983.68 ], [ 286177.87, 4158984.63 ], [ 286179.82, 4158984.63 ], [ 286179.94, 4158984.63 ], [ 286180.31, 4158984.66 ], [ 286180.44, 4158984.68 ], [ 286184.7, 4158985.39 ], [ 286197.52, 4158986.55 ], [ 286197.62, 4158986.57 ], [ 286211.02, 4158988.27 ], [ 286213.47, 4158988.52 ], [ 286213.49, 4158988.34 ], [ 286216.97, 4158959.26 ], [ 286214.08, 4158958.14 ], [ 286206.16, 4158960.12 ], [ 286205.4, 4158960.11 ], [ 286203.3, 4158959.53 ], [ 286202.66, 4158959.15 ], [ 286196.22, 4158952.72 ], [ 286193.61, 4158951.88 ], [ 286187.53, 4158952.89 ], [ 286187.35, 4158954.18 ], [ 286187.33, 4158954.27 ], [ 286187.3, 4158954.37 ], [ 286187.27, 4158954.46 ], [ 286187.22, 4158954.55 ], [ 286187.17, 4158954.63 ], [ 286187.11, 4158954.7 ], [ 286187.04, 4158954.77 ], [ 286186.96, 4158954.84 ], [ 286186.88, 4158954.89 ], [ 286186.79, 4158954.94 ], [ 286186.7, 4158954.98 ], [ 286186.61, 4158955.01 ], [ 286186.51, 4158955.03 ], [ 286186.41, 4158955.04 ], [ 286186.32, 4158955.04 ], [ 286186.22, 4158955.03 ], [ 286179.73, 4158954.11 ], [ 286179.64, 4158954.09 ], [ 286179.54, 4158954.06 ], [ 286179.45, 4158954.02 ], [ 286179.36, 4158953.98 ], [ 286179.28, 4158953.92 ], [ 286179.21, 4158953.86 ], [ 286179.14, 4158953.79 ], [ 286179.07, 4158953.72 ], [ 286179.02, 4158953.64 ], [ 286178.97, 4158953.55 ], [ 286178.93, 4158953.46 ], [ 286178.9, 4158953.37 ], [ 286178.89, 4158953.27 ], [ 286178.87, 4158953.17 ], [ 286178.87, 4158953.08 ], [ 286178.88, 4158952.98 ], [ 286179.09, 4158951.51 ], [ 286178.5, 4158950.89 ], [ 286178.13, 4158949.64 ], [ 286179.55, 4158942.55 ], [ 286180.05, 4158941.71 ], [ 286180.54, 4158941.31 ], [ 286180.96, 4158938.38 ], [ 286180.97, 4158938.28 ], [ 286181.0, 4158938.19 ], [ 286181.04, 4158938.09 ], [ 286181.09, 4158938.01 ], [ 286181.14, 4158937.93 ], [ 286181.2, 4158937.85 ], [ 286181.27, 4158937.78 ], [ 286181.35, 4158937.72 ], [ 286181.43, 4158937.66 ], [ 286181.51, 4158937.62 ], [ 286181.6, 4158937.58 ], [ 286181.7, 4158937.55 ], [ 286181.79, 4158937.53 ], [ 286181.89, 4158937.52 ], [ 286181.99, 4158937.52 ], [ 286182.09, 4158937.53 ], [ 286188.56, 4158938.45 ], [ 286188.66, 4158938.47 ], [ 286188.75, 4158938.49 ], [ 286188.85, 4158938.53 ], [ 286188.93, 4158938.58 ], [ 286189.01, 4158938.63 ], [ 286189.09, 4158938.69 ], [ 286189.16, 4158938.76 ], [ 286189.22, 4158938.84 ], [ 286189.28, 4158938.92 ], [ 286189.32, 4158939.0 ], [ 286189.36, 4158939.1 ], [ 286189.39, 4158939.19 ], [ 286189.41, 4158939.29 ], [ 286189.42, 4158939.38 ], [ 286189.42, 4158939.48 ], [ 286189.41, 4158939.58 ], [ 286189.41, 4158939.63 ], [ 286190.34, 4158939.63 ], [ 286190.35, 4158939.57 ], [ 286190.38, 4158939.47 ], [ 286190.41, 4158939.38 ], [ 286190.46, 4158939.29 ], [ 286190.51, 4158939.21 ], [ 286190.57, 4158939.14 ], [ 286190.64, 4158939.07 ], [ 286190.72, 4158939.0 ], [ 286190.8, 4158938.95 ], [ 286190.88, 4158938.9 ], [ 286190.97, 4158938.86 ], [ 286191.07, 4158938.83 ], [ 286191.16, 4158938.81 ], [ 286191.26, 4158938.8 ], [ 286191.36, 4158938.8 ], [ 286191.46, 4158938.81 ], [ 286193.33, 4158939.06 ], [ 286193.42, 4158938.42 ], [ 286193.44, 4158938.32 ], [ 286193.47, 4158938.22 ], [ 286193.5, 4158938.13 ], [ 286193.55, 4158938.05 ], [ 286193.6, 4158937.96 ], [ 286193.66, 4158937.89 ], [ 286193.73, 4158937.82 ], [ 286193.81, 4158937.76 ], [ 286193.89, 4158937.7 ], [ 286193.97, 4158937.65 ], [ 286194.06, 4158937.61 ], [ 286194.16, 4158937.58 ], [ 286194.25, 4158937.56 ], [ 286194.35, 4158937.55 ], [ 286194.45, 4158937.55 ], [ 286194.55, 4158937.56 ], [ 286197.18, 4158937.91 ], [ 286197.28, 4158937.93 ], [ 286197.37, 4158937.96 ], [ 286197.46, 4158938.0 ], [ 286197.55, 4158938.04 ], [ 286197.63, 4158938.09 ], [ 286197.71, 4158938.16 ], [ 286197.78, 4158938.22 ], [ 286197.84, 4158938.3 ], [ 286197.9, 4158938.38 ], [ 286197.95, 4158938.47 ], [ 286197.98, 4158938.56 ], [ 286198.01, 4158938.65 ], [ 286198.03, 4158938.75 ], [ 286198.05, 4158938.84 ], [ 286198.05, 4158938.94 ], [ 286198.04, 4158939.04 ], [ 286197.96, 4158939.63 ], [ 286202.07, 4158939.63 ], [ 286202.17, 4158938.93 ], [ 286202.19, 4158938.84 ], [ 286202.22, 4158938.74 ], [ 286202.26, 4158938.65 ], [ 286202.3, 4158938.56 ], [ 286202.36, 4158938.48 ], [ 286202.42, 4158938.41 ], [ 286202.49, 4158938.34 ], [ 286202.57, 4158938.28 ], [ 286202.65, 4158938.22 ], [ 286202.73, 4158938.18 ], [ 286202.83, 4158938.14 ], [ 286202.92, 4158938.11 ], [ 286203.02, 4158938.09 ], [ 286203.11, 4158938.08 ], [ 286203.21, 4158938.08 ], [ 286203.31, 4158938.09 ], [ 286209.73, 4158939.06 ], [ 286211.53, 4158936.75 ], [ 286169.69, 4158930.87 ], [ 286067.97, 4158916.62 ], [ 286067.96, 4158916.62 ], [ 286056.39, 4158914.96 ], [ 286056.36, 4158914.95 ], [ 286055.45, 4158917.68 ], [ 286058.22, 4158921.53 ], [ 286058.25, 4158921.44 ], [ 286058.28, 4158921.35 ], [ 286058.33, 4158921.26 ], [ 286058.38, 4158921.18 ], [ 286058.44, 4158921.1 ], [ 286058.51, 4158921.03 ], [ 286058.58, 4158920.97 ], [ 286058.66, 4158920.91 ], [ 286058.75, 4158920.86 ] ], [ [ 286117.65, 4158932.1 ], [ 286117.74, 4158932.06 ], [ 286117.83, 4158932.02 ], [ 286117.92, 4158931.99 ], [ 286118.02, 4158931.97 ], [ 286118.11, 4158931.96 ], [ 286118.21, 4158931.95 ], [ 286118.31, 4158931.96 ], [ 286121.49, 4158932.39 ], [ 286121.61, 4158931.54 ], [ 286121.63, 4158931.45 ], [ 286121.65, 4158931.35 ], [ 286121.69, 4158931.26 ], [ 286121.73, 4158931.17 ], [ 286121.79, 4158931.09 ], [ 286121.85, 4158931.01 ], [ 286121.92, 4158930.94 ], [ 286121.99, 4158930.88 ], [ 286122.07, 4158930.82 ], [ 286122.16, 4158930.78 ], [ 286122.25, 4158930.74 ], [ 286122.34, 4158930.71 ], [ 286122.44, 4158930.69 ], [ 286122.54, 4158930.68 ], [ 286122.63, 4158930.67 ], [ 286122.73, 4158930.68 ], [ 286132.07, 4158931.93 ], [ 286132.17, 4158931.95 ], [ 286132.26, 4158931.97 ], [ 286132.35, 4158932.01 ], [ 286132.44, 4158932.06 ], [ 286132.52, 4158932.11 ], [ 286132.6, 4158932.17 ], [ 286132.67, 4158932.24 ], [ 286132.73, 4158932.31 ], [ 286132.79, 4158932.39 ], [ 286132.84, 4158932.48 ], [ 286132.88, 4158932.57 ], [ 286132.91, 4158932.66 ], [ 286132.93, 4158932.76 ], [ 286132.94, 4158932.86 ], [ 286132.94, 4158932.96 ], [ 286132.93, 4158933.05 ], [ 286131.51, 4158943.71 ], [ 286131.49, 4158943.8 ], [ 286131.46, 4158943.9 ], [ 286131.43, 4158943.99 ], [ 286131.38, 4158944.07 ], [ 286131.33, 4158944.16 ], [ 286131.27, 4158944.23 ], [ 286131.2, 4158944.3 ], [ 286131.12, 4158944.37 ], [ 286131.04, 4158944.42 ], [ 286130.96, 4158944.47 ], [ 286130.87, 4158944.51 ], [ 286130.77, 4158944.54 ], [ 286130.68, 4158944.56 ], [ 286130.58, 4158944.57 ], [ 286130.48, 4158944.57 ], [ 286130.38, 4158944.56 ], [ 286129.44, 4158944.44 ], [ 286128.9, 4158945.1 ], [ 286127.8, 4158945.63 ], [ 286120.73, 4158945.63 ], [ 286119.71, 4158945.2 ], [ 286117.55, 4158943.05 ], [ 286117.47, 4158942.84 ], [ 286116.87, 4158942.76 ], [ 286116.77, 4158942.74 ], [ 286116.67, 4158942.71 ], [ 286116.58, 4158942.68 ], [ 286116.5, 4158942.63 ], [ 286116.41, 4158942.58 ], [ 286116.34, 4158942.52 ], [ 286116.27, 4158942.45 ], [ 286116.2, 4158942.37 ], [ 286116.15, 4158942.29 ], [ 286116.1, 4158942.21 ], [ 286116.06, 4158942.12 ], [ 286116.03, 4158942.02 ], [ 286116.01, 4158941.93 ], [ 286116.0, 4158941.83 ], [ 286116.0, 4158941.73 ], [ 286116.01, 4158941.63 ], [ 286116.32, 4158939.32 ], [ 286115.2, 4158938.0 ], [ 286116.6, 4158937.16 ], [ 286117.18, 4158932.82 ], [ 286117.2, 4158932.72 ], [ 286117.23, 4158932.63 ], [ 286117.27, 4158932.54 ], [ 286117.31, 4158932.45 ], [ 286117.36, 4158932.37 ], [ 286117.43, 4158932.29 ], [ 286117.49, 4158932.22 ], [ 286117.57, 4158932.16 ], [ 286117.65, 4158932.1 ] ], [ [ 286160.57, 4158953.45 ], [ 286160.49, 4158953.5 ], [ 286160.4, 4158953.55 ], [ 286160.31, 4158953.59 ], [ 286160.22, 4158953.62 ], [ 286160.12, 4158953.64 ], [ 286160.02, 4158953.65 ], [ 286159.93, 4158953.65 ], [ 286159.83, 4158953.64 ], [ 286153.47, 4158952.79 ], [ 286153.37, 4158952.77 ], [ 286153.28, 4158952.74 ], [ 286153.18, 4158952.7 ], [ 286153.1, 4158952.66 ], [ 286153.02, 4158952.61 ], [ 286152.94, 4158952.55 ], [ 286152.87, 4158952.48 ], [ 286152.8, 4158952.4 ], [ 286152.75, 4158952.32 ], [ 286152.7, 4158952.23 ], [ 286152.66, 4158952.14 ], [ 286152.63, 4158952.05 ], [ 286152.61, 4158951.96 ], [ 286152.6, 4158951.86 ], [ 286152.6, 4158951.76 ], [ 286152.61, 4158951.66 ], [ 286152.86, 4158949.77 ], [ 286150.05, 4158949.21 ], [ 286149.21, 4158948.71 ], [ 286148.03, 4158947.27 ], [ 286146.97, 4158947.12 ], [ 286146.87, 4158947.11 ], [ 286146.77, 4158947.08 ], [ 286146.68, 4158947.04 ], [ 286146.6, 4158947.0 ], [ 286146.51, 4158946.94 ], [ 286146.44, 4158946.88 ], [ 286146.37, 4158946.81 ], [ 286146.3, 4158946.74 ], [ 286146.25, 4158946.66 ], [ 286146.2, 4158946.57 ], [ 286146.16, 4158946.48 ], [ 286146.13, 4158946.39 ], [ 286146.11, 4158946.29 ], [ 286146.1, 4158946.2 ], [ 286146.1, 4158946.1 ], [ 286146.11, 4158946.0 ], [ 286147.75, 4158933.73 ], [ 286147.77, 4158933.64 ], [ 286147.8, 4158933.54 ], [ 286147.83, 4158933.45 ], [ 286147.88, 4158933.36 ], [ 286147.93, 4158933.28 ], [ 286147.99, 4158933.2 ], [ 286148.06, 4158933.13 ], [ 286148.14, 4158933.07 ], [ 286148.22, 4158933.01 ], [ 286148.3, 4158932.97 ], [ 286148.39, 4158932.93 ], [ 286148.49, 4158932.9 ], [ 286148.58, 4158932.88 ], [ 286148.68, 4158932.87 ], [ 286148.78, 4158932.87 ], [ 286148.88, 4158932.87 ], [ 286162.37, 4158934.69 ], [ 286162.47, 4158934.71 ], [ 286162.56, 4158934.74 ], [ 286162.65, 4158934.77 ], [ 286162.74, 4158934.82 ], [ 286162.82, 4158934.87 ], [ 286162.9, 4158934.93 ], [ 286162.97, 4158935.0 ], [ 286163.03, 4158935.07 ], [ 286163.09, 4158935.16 ], [ 286163.14, 4158935.24 ], [ 286163.17, 4158935.33 ], [ 286163.2, 4158935.42 ], [ 286163.22, 4158935.52 ], [ 286163.24, 4158935.62 ], [ 286163.24, 4158935.72 ], [ 286163.23, 4158935.81 ], [ 286162.86, 4158938.61 ], [ 286162.13, 4158943.99 ], [ 286162.13, 4158947.29 ], [ 286161.61, 4158948.39 ], [ 286161.53, 4158948.46 ], [ 286160.95, 4158952.78 ], [ 286160.93, 4158952.88 ], [ 286160.91, 4158952.98 ], [ 286160.87, 4158953.07 ], [ 286160.83, 4158953.15 ], [ 286160.77, 4158953.24 ], [ 286160.71, 4158953.31 ], [ 286160.64, 4158953.38 ], [ 286160.57, 4158953.45 ] ], [ [ 286131.75, 4158960.34 ], [ 286131.73, 4158960.43 ], [ 286131.7, 4158960.53 ], [ 286131.66, 4158960.62 ], [ 286131.61, 4158960.7 ], [ 286131.56, 4158960.78 ], [ 286131.49, 4158960.86 ], [ 286131.42, 4158960.93 ], [ 286131.35, 4158960.99 ], [ 286131.26, 4158961.04 ], [ 286131.18, 4158961.09 ], [ 286131.08, 4158961.12 ], [ 286130.99, 4158961.15 ], [ 286130.89, 4158961.17 ], [ 286130.8, 4158961.18 ], [ 286130.7, 4158961.18 ], [ 286126.4, 4158960.91 ], [ 286126.31, 4158960.9 ], [ 286126.21, 4158960.88 ], [ 286126.12, 4158960.85 ], [ 286126.03, 4158960.81 ], [ 286125.94, 4158960.76 ], [ 286125.86, 4158960.71 ], [ 286125.78, 4158960.64 ], [ 286125.71, 4158960.57 ], [ 286125.65, 4158960.5 ], [ 286125.6, 4158960.41 ], [ 286125.56, 4158960.33 ], [ 286125.52, 4158960.24 ], [ 286125.49, 4158960.14 ], [ 286125.47, 4158960.04 ], [ 286125.47, 4158959.95 ], [ 286125.47, 4158959.85 ], [ 286125.66, 4158956.77 ], [ 286125.67, 4158956.67 ], [ 286125.69, 4158956.57 ], [ 286125.72, 4158956.48 ], [ 286125.76, 4158956.39 ], [ 286125.81, 4158956.31 ], [ 286125.86, 4158956.23 ], [ 286125.93, 4158956.15 ], [ 286126.0, 4158956.08 ], [ 286126.07, 4158956.02 ], [ 286126.16, 4158955.97 ], [ 286126.24, 4158955.92 ], [ 286126.33, 4158955.89 ], [ 286126.43, 4158955.86 ], [ 286126.52, 4158955.84 ], [ 286126.62, 4158955.83 ], [ 286126.72, 4158955.83 ], [ 286131.0, 4158956.09 ], [ 286131.1, 4158956.1 ], [ 286131.2, 4158956.12 ], [ 286131.29, 4158956.15 ], [ 286131.38, 4158956.19 ], [ 286131.47, 4158956.23 ], [ 286131.55, 4158956.29 ], [ 286131.62, 4158956.35 ], [ 286131.69, 4158956.42 ], [ 286131.75, 4158956.5 ], [ 286131.81, 4158956.58 ], [ 286131.85, 4158956.67 ], [ 286131.89, 4158956.76 ], [ 286131.92, 4158956.85 ], [ 286131.94, 4158956.95 ], [ 286131.94, 4158957.05 ], [ 286131.94, 4158957.15 ], [ 286131.76, 4158960.24 ], [ 286131.75, 4158960.34 ] ] ], [ [ [ 286248.87, 4158948.49 ], [ 286248.96, 4158948.44 ], [ 286249.05, 4158948.4 ], [ 286249.14, 4158948.37 ], [ 286249.24, 4158948.35 ], [ 286249.34, 4158948.34 ], [ 286249.43, 4158948.34 ], [ 286249.53, 4158948.35 ], [ 286250.0, 4158948.41 ], [ 286250.0, 4158942.02 ], [ 286249.75, 4158941.86 ], [ 286234.03, 4158939.7 ], [ 286232.21, 4158942.85 ], [ 286233.26, 4158946.0 ], [ 286233.36, 4158945.99 ], [ 286233.46, 4158945.99 ], [ 286233.56, 4158945.99 ], [ 286245.0, 4158947.55 ], [ 286245.1, 4158947.57 ], [ 286245.19, 4158947.6 ], [ 286245.28, 4158947.64 ], [ 286245.37, 4158947.68 ], [ 286245.45, 4158947.73 ], [ 286245.53, 4158947.8 ], [ 286245.6, 4158947.86 ], [ 286245.66, 4158947.94 ], [ 286245.72, 4158948.02 ], [ 286245.77, 4158948.11 ], [ 286245.8, 4158948.2 ], [ 286245.83, 4158948.29 ], [ 286245.85, 4158948.39 ], [ 286245.87, 4158948.48 ], [ 286245.87, 4158948.58 ], [ 286245.86, 4158948.68 ], [ 286245.71, 4158949.75 ], [ 286248.32, 4158949.85 ], [ 286248.41, 4158949.2 ], [ 286248.42, 4158949.11 ], [ 286248.45, 4158949.01 ], [ 286248.49, 4158948.92 ], [ 286248.53, 4158948.83 ], [ 286248.59, 4158948.75 ], [ 286248.65, 4158948.67 ], [ 286248.72, 4158948.6 ], [ 286248.79, 4158948.54 ], [ 286248.87, 4158948.49 ] ] ], [ [ [ 286248.73, 4158958.24 ], [ 286248.22, 4158958.19 ], [ 286248.12, 4158958.17 ], [ 286248.02, 4158958.15 ], [ 286247.92, 4158958.11 ], [ 286247.83, 4158958.07 ], [ 286247.75, 4158958.02 ], [ 286247.67, 4158957.96 ], [ 286247.6, 4158957.89 ], [ 286247.53, 4158957.81 ], [ 286247.47, 4158957.73 ], [ 286247.42, 4158957.64 ], [ 286247.38, 4158957.55 ], [ 286247.35, 4158957.46 ], [ 286247.33, 4158957.36 ], [ 286247.33, 4158957.34 ], [ 286247.27, 4158957.39 ], [ 286243.74, 4158956.11 ], [ 286243.55, 4158956.22 ], [ 286243.54, 4158956.32 ], [ 286243.52, 4158956.42 ], [ 286243.49, 4158956.52 ], [ 286243.45, 4158956.61 ], [ 286243.41, 4158956.69 ], [ 286243.35, 4158956.78 ], [ 286243.29, 4158956.85 ], [ 286243.22, 4158956.92 ], [ 286243.15, 4158956.99 ], [ 286243.07, 4158957.04 ], [ 286242.98, 4158957.09 ], [ 286242.89, 4158957.13 ], [ 286242.8, 4158957.16 ], [ 286242.7, 4158957.18 ], [ 286242.6, 4158957.19 ], [ 286242.51, 4158957.19 ], [ 286242.41, 4158957.18 ], [ 286242.07, 4158957.13 ], [ 286241.63, 4158957.41 ], [ 286240.86, 4158957.63 ], [ 286231.13, 4158957.63 ], [ 286228.87, 4158959.88 ], [ 286225.84, 4158984.99 ], [ 286225.92, 4158985.02 ], [ 286229.1, 4158986.61 ], [ 286229.69, 4158987.15 ], [ 286229.87, 4158987.43 ], [ 286250.0, 4158990.18 ], [ 286250.0, 4158958.95 ], [ 286248.75, 4158958.26 ], [ 286248.73, 4158958.24 ] ] ], [ [ [ 286246.13, 4158998.42 ], [ 286246.13, 4158995.81 ], [ 286228.18, 4158993.36 ], [ 286227.53, 4158993.63 ], [ 286226.84, 4158993.63 ], [ 286225.26, 4158994.07 ], [ 286224.16, 4158994.75 ], [ 286223.18, 4158997.15 ], [ 286222.8, 4158997.11 ], [ 286222.62, 4158998.64 ], [ 286221.94, 4159000.0 ], [ 286247.21, 4159000.0 ], [ 286246.64, 4158999.51 ], [ 286246.13, 4158998.42 ] ] ] ] } },
{ "type": "Feature", "properties": { "id": "richmond_structure:402202", "name": null, "kind": "deck", "sport": null, "surface": null, "pitch_layout": null, "source": "richmond_structures", "source_updated": "2026-09-08T12:07:13.637000Z", "base_z": null, "top_z": null }, "geometry": { "type": "Polygon", "coordinates": [ [ [ 286122.02, 4158803.58 ], [ 286122.97, 4158801.97 ], [ 286123.9, 4158801.48 ], [ 286124.95, 4158801.38 ], [ 286125.95, 4158801.7 ], [ 286126.76, 4158802.37 ], [ 286127.25, 4158803.3 ], [ 286127.34, 4158804.39 ], [ 286129.48, 4158804.72 ], [ 286130.22, 4158799.91 ], [ 286120.63, 4158798.43 ], [ 286119.89, 4158803.25 ], [ 286122.02, 4158803.58 ] ] ] } },
{ "type": "Feature", "properties": { "id": "richmond_structure:307585", "name": null, "kind": "deck", "sport": null, "surface": null, "pitch_layout": null, "source": "richmond_structures", "source_updated": "2026-09-08T12:07:13.637000Z", "base_z": null, "top_z": null }, "geometry": { "type": "Polygon", "coordinates": [ [ [ 286088.47, 4158805.37 ], [ 286088.31, 4158806.68 ], [ 286093.4, 4158807.29 ], [ 286093.56, 4158805.98 ], [ 286088.47, 4158805.37 ] ] ] } },
{ "type": "Feature", "properties": { "id": "richmond_structure:425578", "name": null, "kind": "deck", "sport": null, "surface": null, "pitch_layout": null, "source": "richmond_structures", "source_updated": "2026-09-08T12:07:13.637000Z", "base_z": null, "top_z": null }, "geometry": { "type": "Polygon", "coordinates": [ [ [ 286076.02, 4158805.79 ], [ 286075.36, 4158809.53 ], [ 286079.8, 4158810.11 ], [ 286080.36, 4158806.55 ], [ 286076.02, 4158805.79 ] ] ] } },
{ "type": "Feature", "properties": { "id": "richmond_structure:308716", "name": null, "kind": "deck", "sport": null, "surface": null, "pitch_layout": null, "source": "richmond_structures", "source_updated": "2026-09-08T12:07:13.637000Z", "base_z": null, "top_z": null }, "geometry": { "type": "Polygon", "coordinates": [ [ [ 286108.81, 4158809.3 ], [ 286108.03, 4158814.17 ], [ 286112.02, 4158814.74 ], [ 286112.36, 4158809.98 ], [ 286108.81, 4158809.3 ] ] ] } },
{ "type": "Feature", "properties": { "id": "richmond_structure:302976", "name": null, "kind": "deck", "sport": null, "surface": null, "pitch_layout": null, "source": "richmond_structures", "source_updated": "2026-09-08T12:07:13.637000Z", "base_z": null, "top_z": null }, "geometry": { "type": "Polygon", "coordinates": [ [ [ 286139.0, 4158815.17 ], [ 286138.6, 4158818.58 ], [ 286140.82, 4158818.84 ], [ 286141.22, 4158815.43 ], [ 286139.0, 4158815.17 ] ] ] } },
{ "type": "Feature", "properties": { "id": "richmond_structure:302978", "name": null, "kind": "deck", "sport": null, "surface": null, "pitch_layout": null, "source": "richmond_structures", "source_updated": "2026-09-08T12:07:13.637000Z", "base_z": null, "top_z": null }, "geometry": { "type": "Polygon", "coordinates": [ [ [ 286093.45, 4158821.28 ], [ 286093.61, 4158819.87 ], [ 286089.85, 4158819.42 ], [ 286089.68, 4158820.84 ], [ 286093.45, 4158821.28 ] ] ] } },
{ "type": "Feature", "properties": { "id": "richmond_structure:425563", "name": null, "kind": "deck", "sport": null, "surface": null, "pitch_layout": null, "source": "richmond_structures", "source_updated": "2026-09-08T12:07:13.637000Z", "base_z": null, "top_z": null }, "geometry": { "type": "Polygon", "coordinates": [ [ [ 286146.72, 4158826.66 ], [ 286147.14, 4158822.95 ], [ 286145.11, 4158822.72 ], [ 286144.7, 4158826.44 ], [ 286146.72, 4158826.66 ] ] ] } },
{ "type": "Feature", "properties": { "id": "richmond_structure:402154", "name": null, "kind": "deck", "sport": null, "surface": null, "pitch_layout": null, "source": "richmond_structures", "source_updated": "2026-09-08T12:07:13.637000Z", "base_z": null, "top_z": null }, "geometry": { "type": "Polygon", "coordinates": [ [ [ 286117.93, 4158823.46 ], [ 286117.96, 4158823.15 ], [ 286117.3, 4158823.08 ], [ 286117.23, 4158822.14 ], [ 286116.86, 4158825.34 ], [ 286121.33, 4158825.85 ], [ 286120.88, 4158829.8 ], [ 286126.06, 4158830.55 ], [ 286126.81, 4158824.36 ], [ 286117.93, 4158823.46 ] ] ] } },
{ "type": "Feature", "properties": { "id": "richmond_structure:425564", "name": null, "kind": "deck", "sport": null, "surface": null, "pitch_layout": null, "source": "richmond_structures", "source_updated": "2026-09-08T12:07:13.637000Z", "base_z": null, "top_z": null }, "geometry": { "type": "Polygon", "coordinates": [ [ [ 286142.27, 4158861.19 ], [ 286142.86, 4158856.99 ], [ 286140.0, 4158856.69 ], [ 286139.54, 4158860.81 ], [ 286142.27, 4158861.19 ] ] ] } },
{ "type": "Feature", "properties": { "id": "richmond_structure:309139", "name": null, "kind": "deck", "sport": null, "surface": null, "pitch_layout": null, "source": "richmond_structures", "source_updated": "2026-09-08T12:07:13.637000Z", "base_z": null, "top_z": null }, "geometry": { "type": "Polygon", "coordinates": [ [ [ 286181.37, 4158818.92 ], [ 286181.17, 4158820.72 ], [ 286184.48, 4158821.18 ], [ 286184.69, 4158819.25 ], [ 286181.37, 4158818.92 ] ] ] } },
{ "type": "Feature", "properties": { "id": "richmond_structure:402203", "name": null, "kind": "deck", "sport": null, "surface": null, "pitch_layout": null, "source": "richmond_structures", "source_updated": "2026-09-08T12:07:13.637000Z", "base_z": null, "top_z": null }, "geometry": { "type": "Polygon", "coordinates": [ [ [ 286169.51, 4158822.64 ], [ 286169.71, 4158821.17 ], [ 286166.15, 4158820.75 ], [ 286165.97, 4158822.21 ], [ 286169.51, 4158822.64 ] ] ] } },
{ "type": "Feature", "properties": { "id": "imagery:groundcover_paved:1679", "name": null, "kind": "groundcover_paved", "sport": null, "surface": null, "pitch_layout": null, "source": "vgin_vbmp+naip+lidar2025", "source_updated": null, "base_z": null, "top_z": null }, "geometry": { "type": "MultiPolygon", "coordinates": [ [ [ [ 286105.78, 4158840.95 ], [ 286108.01, 4158842.06 ], [ 286171.81, 4158850.93 ], [ 286173.08, 4158849.93 ], [ 286173.98, 4158849.63 ], [ 286176.22, 4158849.63 ], [ 286070.39, 4158835.11 ], [ 286069.43, 4158835.19 ], [ 286071.03, 4158836.93 ], [ 286086.45, 4158839.07 ], [ 286104.41, 4158840.57 ], [ 286104.69, 4158840.62 ], [ 286105.51, 4158840.85 ], [ 286105.78, 4158840.95 ] ] ], [ [ [ 286237.5, 4158873.11 ], [ 286237.66, 4158872.74 ], [ 286245.21, 4158860.17 ], [ 286245.21, 4158857.08 ], [ 286238.01, 4158845.08 ], [ 286235.43, 4158843.63 ], [ 286234.62, 4158843.63 ], [ 286234.16, 4158847.0 ], [ 286234.11, 4158847.24 ], [ 286234.05, 4158847.48 ], [ 286233.15, 4158850.39 ], [ 286234.48, 4158851.32 ], [ 286234.64, 4158851.44 ], [ 286234.79, 4158851.56 ], [ 286234.8, 4158851.57 ], [ 286234.81, 4158851.57 ], [ 286234.96, 4158851.71 ], [ 286235.1, 4158851.84 ], [ 286235.11, 4158851.85 ], [ 286235.12, 4158851.86 ], [ 286235.25, 4158852.01 ], [ 286235.38, 4158852.16 ], [ 286235.39, 4158852.17 ], [ 286235.4, 4158852.18 ], [ 286235.51, 4158852.34 ], [ 286235.63, 4158852.5 ], [ 286235.64, 4158852.51 ], [ 286235.64, 4158852.53 ], [ 286235.74, 4158852.7 ], [ 286235.84, 4158852.87 ], [ 286235.85, 4158852.88 ], [ 286235.85, 4158852.89 ], [ 286235.93, 4158853.07 ], [ 286236.02, 4158853.25 ], [ 286237.35, 4158856.59 ], [ 286237.49, 4158857.03 ], [ 286237.59, 4158857.47 ], [ 286237.65, 4158857.92 ], [ 286237.65, 4158858.38 ], [ 286237.46, 4158862.59 ], [ 286237.43, 4158862.93 ], [ 286233.85, 4158891.87 ], [ 286231.82, 4158908.66 ], [ 286231.92, 4158908.44 ], [ 286236.63, 4158901.38 ], [ 286237.13, 4158899.72 ], [ 286237.13, 4158874.66 ], [ 286237.19, 4158874.26 ], [ 286237.5, 4158873.11 ] ] ] ] } },
{ "type": "Feature", "properties": { "id": "richmond_structure:402207", "name": null, "kind": "deck", "sport": null, "surface": null, "pitch_layout": null, "source": "richmond_structures", "source_updated": "2026-09-08T12:07:13.637000Z", "base_z": null, "top_z": null }, "geometry": { "type": "Polygon", "coordinates": [ [ [ 286170.24, 4158872.4 ], [ 286171.04, 4158867.0 ], [ 286167.01, 4158866.4 ], [ 286165.87, 4158874.11 ], [ 286174.69, 4158875.42 ], [ 286174.4, 4158877.42 ], [ 286177.42, 4158877.87 ], [ 286178.65, 4158869.58 ], [ 286175.4, 4158869.09 ], [ 286174.81, 4158873.08 ], [ 286170.24, 4158872.4 ] ] ] } },
{ "type": "Feature", "properties": { "id": "richmond_structure:305450", "name": null, "kind": "deck", "sport": null, "surface": null, "pitch_layout": null, "source": "richmond_structures", "source_updated": "2026-09-08T12:07:13.637000Z", "base_z": null, "top_z": null }, "geometry": { "type": "Polygon", "coordinates": [ [ [ 286182.65, 4158869.31 ], [ 286181.85, 4158875.92 ], [ 286186.07, 4158876.81 ], [ 286186.31, 4158874.01 ], [ 286183.39, 4158873.61 ], [ 286183.96, 4158869.42 ], [ 286182.65, 4158869.31 ] ] ] } },
{ "type": "Feature", "properties": { "id": "richmond_structure:310026", "name": null, "kind": "deck", "sport": null, "surface": null, "pitch_layout": null, "source": "richmond_structures", "source_updated": "2026-09-08T12:07:13.637000Z", "base_z": null, "top_z": null }, "geometry": { "type": "Polygon", "coordinates": [ [ [ 286192.3, 4158883.16 ], [ 286192.54, 4158880.1 ], [ 286188.23, 4158879.76 ], [ 286187.99, 4158882.82 ], [ 286192.3, 4158883.16 ] ] ] } },
{ "type": "Feature", "properties": { "id": "richmond_structure:310027", "name": null, "kind": "deck", "sport": null, "surface": null, "pitch_layout": null, "source": "richmond_structures", "source_updated": "2026-09-08T12:07:13.637000Z", "base_z": null, "top_z": null }, "geometry": { "type": "Polygon", "coordinates": [ [ [ 286215.26, 4158886.75 ], [ 286215.44, 4158883.44 ], [ 286212.44, 4158883.28 ], [ 286212.27, 4158886.59 ], [ 286215.26, 4158886.75 ] ] ] } },
{ "type": "Feature", "properties": { "id": "richmond_structure:402210", "name": null, "kind": "deck", "sport": null, "surface": null, "pitch_layout": null, "source": "richmond_structures", "source_updated": "2026-09-08T12:07:13.637000Z", "base_z": null, "top_z": null }, "geometry": { "type": "Polygon", "coordinates": [ [ [ 286152.51, 4158893.13 ], [ 286152.74, 4158891.0 ], [ 286149.87, 4158890.68 ], [ 286149.63, 4158892.81 ], [ 286152.51, 4158893.13 ] ] ] } },
{ "type": "Feature", "properties": { "id": "richmond_structure:312002", "name": null, "kind": "deck", "sport": null, "surface": null, "pitch_layout": null, "source": "richmond_structures", "source_updated": "2026-09-08T12:07:13.637000Z", "base_z": null, "top_z": null }, "geometry": { "type": "Polygon", "coordinates": [ [ [ 286250.0, 4158950.28 ], [ 286250.0, 4158950.06 ], [ 286249.98, 4158950.28 ], [ 286250.0, 4158950.28 ] ] ] } },
{ "type": "Feature", "properties": { "id": "richmond_structure:310594", "name": null, "kind": "deck", "sport": null, "surface": null, "pitch_layout": null, "source": "richmond_structures", "source_updated": "2026-09-08T12:07:13.637000Z", "base_z": null, "top_z": null }, "geometry": { "type": "Polygon", "coordinates": [ [ [ 286161.03, 4158955.89 ], [ 286161.32, 4158953.69 ], [ 286157.25, 4158953.15 ], [ 286156.95, 4158955.34 ], [ 286161.03, 4158955.89 ] ] ] } },
{ "type": "Feature", "properties": { "id": "richmond_structure:311633", "name": null, "kind": "deck", "sport": null, "surface": null, "pitch_layout": null, "source": "richmond_structures", "source_updated": "2026-09-08T12:07:13.637000Z", "base_z": null, "top_z": null }, "geometry": { "type": "Polygon", "coordinates": [ [ [ 286141.53, 4158865.82 ], [ 286141.72, 4158864.46 ], [ 286139.08, 4158864.09 ], [ 286138.89, 4158865.45 ], [ 286141.53, 4158865.82 ] ] ] } },
{ "type": "Feature", "properties": { "id": "richmond_structure:402205", "name": null, "kind": "deck", "sport": null, "surface": null, "pitch_layout": null, "source": "richmond_structures", "source_updated": "2026-09-08T12:07:13.637000Z", "base_z": null, "top_z": null }, "geometry": { "type": "Polygon", "coordinates": [ [ [ 286132.29, 4158865.44 ], [ 286130.08, 4158865.08 ], [ 286129.63, 4158867.81 ], [ 286132.13, 4158868.23 ], [ 286132.86, 4158867.98 ], [ 286132.99, 4158868.37 ], [ 286134.84, 4158868.68 ], [ 286135.62, 4158863.98 ], [ 286132.62, 4158863.48 ], [ 286132.29, 4158865.44 ] ] ] } },
{ "type": "Feature", "properties": { "id": "richmond_structure:311636", "name": null, "kind": "deck", "sport": null, "surface": null, "pitch_layout": null, "source": "richmond_structures", "source_updated": "2026-09-08T12:07:13.637000Z", "base_z": null, "top_z": null }, "geometry": { "type": "Polygon", "coordinates": [ [ [ 286083.62, 4158881.2 ], [ 286083.39, 4158883.28 ], [ 286087.35, 4158883.72 ], [ 286087.58, 4158881.64 ], [ 286083.62, 4158881.2 ] ] ] } },
{ "type": "Feature", "properties": { "id": "richmond_structure:402209", "name": null, "kind": "deck", "sport": null, "surface": null, "pitch_layout": null, "source": "richmond_structures", "source_updated": "2026-09-08T12:07:13.637000Z", "base_z": null, "top_z": null }, "geometry": { "type": "Polygon", "coordinates": [ [ [ 286147.04, 4158886.92 ], [ 286147.72, 4158883.19 ], [ 286144.61, 4158882.62 ], [ 286143.92, 4158886.35 ], [ 286147.04, 4158886.92 ] ] ] } },
{ "type": "Feature", "properties": { "id": "richmond_structure:311997", "name": null, "kind": "deck", "sport": null, "surface": null, "pitch_layout": null, "source": "richmond_structures", "source_updated": "2026-09-08T12:07:13.637000Z", "base_z": null, "top_z": null }, "geometry": { "type": "Polygon", "coordinates": [ [ [ 286129.66, 4158946.95 ], [ 286130.01, 4158944.36 ], [ 286124.51, 4158943.63 ], [ 286124.17, 4158946.22 ], [ 286129.66, 4158946.95 ] ] ] } },
{ "type": "Feature", "properties": { "id": "richmond_structure:402219", "name": null, "kind": "deck", "sport": null, "surface": null, "pitch_layout": null, "source": "richmond_structures", "source_updated": "2026-09-08T12:07:13.637000Z", "base_z": null, "top_z": null }, "geometry": { "type": "Polygon", "coordinates": [ [ [ 286107.07, 4158958.38 ], [ 286107.39, 4158956.9 ], [ 286106.02, 4158956.61 ], [ 286105.71, 4158958.09 ], [ 286107.07, 4158958.38 ] ] ] } },
{ "type": "Feature", "properties": { "id": "imagery:groundcover_paved:1659", "name": null, "kind": "groundcover_paved", "sport": null, "surface": null, "pitch_layout": null, "source": "vgin_vbmp+naip+lidar2025", "source_updated": null, "base_z": null, "top_z": null }, "geometry": { "type": "MultiPolygon", "coordinates": [ [ [ [ 286018.9, 4158971.47 ], [ 286019.04, 4158971.49 ], [ 286019.05, 4158971.49 ], [ 286019.07, 4158971.49 ], [ 286019.2, 4158971.53 ], [ 286019.32, 4158971.56 ], [ 286019.34, 4158971.57 ], [ 286019.36, 4158971.58 ], [ 286019.48, 4158971.62 ], [ 286019.6, 4158971.67 ], [ 286019.62, 4158971.68 ], [ 286019.64, 4158971.68 ], [ 286019.75, 4158971.74 ], [ 286019.87, 4158971.8 ], [ 286019.89, 4158971.81 ], [ 286019.9, 4158971.82 ], [ 286020.01, 4158971.89 ], [ 286020.13, 4158971.96 ], [ 286020.14, 4158971.97 ], [ 286020.15, 4158971.98 ], [ 286020.26, 4158972.06 ], [ 286020.36, 4158972.14 ], [ 286020.38, 4158972.15 ], [ 286020.39, 4158972.16 ], [ 286020.49, 4158972.26 ], [ 286020.58, 4158972.35 ], [ 286020.59, 4158972.36 ], [ 286020.61, 4158972.37 ], [ 286020.69, 4158972.47 ], [ 286020.78, 4158972.57 ], [ 286020.79, 4158972.59 ], [ 286020.8, 4158972.6 ], [ 286020.88, 4158972.71 ], [ 286020.95, 4158972.82 ], [ 286020.96, 4158972.83 ], [ 286020.97, 4158972.84 ], [ 286021.04, 4158972.96 ], [ 286021.1, 4158973.07 ], [ 286021.11, 4158973.09 ], [ 286021.12, 4158973.1 ], [ 286021.17, 4158973.23 ], [ 286021.23, 4158973.35 ], [ 286021.23, 4158973.36 ], [ 286021.24, 4158973.38 ], [ 286021.28, 4158973.5 ], [ 286021.32, 4158973.63 ], [ 286021.33, 4158973.65 ], [ 286021.33, 4158973.66 ], [ 286021.36, 4158973.79 ], [ 286021.39, 4158973.92 ], [ 286021.39, 4158973.94 ], [ 286021.4, 4158973.96 ], [ 286021.41, 4158974.09 ], [ 286021.43, 4158974.22 ], [ 286021.43, 4158974.24 ], [ 286021.43, 4158974.25 ], [ 286021.44, 4158974.39 ], [ 286021.44, 4158974.52 ], [ 286021.44, 4158974.53 ], [ 286021.44, 4158974.55 ], [ 286021.43, 4158974.68 ], [ 286021.42, 4158974.82 ], [ 286019.28, 4158993.41 ], [ 286018.52, 4159000.0 ], [ 286026.01, 4159000.0 ], [ 286029.25, 4158973.75 ], [ 286028.28, 4158972.56 ], [ 286027.98, 4158971.38 ], [ 286029.55, 4158963.55 ], [ 286030.05, 4158962.71 ], [ 286030.67, 4158962.2 ], [ 286031.04, 4158959.26 ], [ 286031.08, 4158958.93 ], [ 286022.84, 4158957.73 ], [ 286022.52, 4158957.66 ], [ 286022.21, 4158957.57 ], [ 286021.91, 4158957.43 ], [ 286019.77, 4158956.36 ], [ 286019.51, 4158956.21 ], [ 286019.26, 4158956.03 ], [ 286019.03, 4158955.83 ], [ 286018.82, 4158955.61 ], [ 286018.64, 4158955.37 ], [ 286017.34, 4158953.51 ], [ 286017.19, 4158953.27 ], [ 286017.06, 4158953.01 ], [ 286016.96, 4158952.75 ], [ 286016.88, 4158952.48 ], [ 286016.83, 4158952.2 ], [ 286016.53, 4158950.07 ], [ 286016.5, 4158949.8 ], [ 286016.5, 4158949.53 ], [ 286016.52, 4158949.27 ], [ 286016.82, 4158946.83 ], [ 286015.81, 4158946.08 ], [ 286013.63, 4158944.46 ], [ 286012.85, 4158950.69 ], [ 286012.76, 4158951.17 ], [ 286012.63, 4158951.65 ], [ 286012.45, 4158952.1 ], [ 286012.23, 4158952.54 ], [ 286012.17, 4158952.64 ], [ 286014.72, 4158953.49 ], [ 286015.55, 4158954.21 ], [ 286016.92, 4158956.94 ], [ 286016.99, 4158958.04 ], [ 286016.02, 4158960.97 ], [ 286015.45, 4158961.71 ], [ 286013.24, 4158963.2 ], [ 286012.33, 4158963.45 ], [ 286000.0, 4158962.68 ], [ 286000.0, 4158969.07 ], [ 286018.77, 4158971.44 ], [ 286018.9, 4158971.47 ] ] ], [ [ [ 286020.21, 4158891.6 ], [ 286020.22, 4158892.09 ], [ 286020.18, 4158892.58 ], [ 286014.15, 4158940.35 ], [ 286017.33, 4158942.72 ], [ 286022.34, 4158902.05 ], [ 286021.19, 4158896.68 ], [ 286021.15, 4158896.41 ], [ 286021.13, 4158896.13 ], [ 286020.97, 4158890.67 ], [ 286020.02, 4158890.55 ], [ 286020.04, 4158890.64 ], [ 286020.15, 4158891.12 ], [ 286020.21, 4158891.6 ] ] ], [ [ [ 286022.92, 4158947.25 ], [ 286022.92, 4158947.26 ], [ 286022.62, 4158949.62 ], [ 286022.77, 4158950.62 ], [ 286023.21, 4158951.26 ], [ 286024.21, 4158951.76 ], [ 286031.82, 4158952.88 ], [ 286034.82, 4158928.55 ], [ 286035.26, 4158923.4 ], [ 286035.18, 4158917.13 ], [ 286034.37, 4158908.88 ], [ 286032.64, 4158900.15 ], [ 286030.48, 4158893.28 ], [ 286029.6, 4158890.96 ], [ 286027.09, 4158891.3 ], [ 286027.22, 4158895.68 ], [ 286028.41, 4158901.27 ], [ 286028.47, 4158901.61 ], [ 286028.48, 4158901.94 ], [ 286028.46, 4158902.28 ], [ 286022.92, 4158947.25 ] ] ], [ [ [ 286038.4, 4158928.89 ], [ 286038.4, 4158928.96 ], [ 286035.39, 4158953.39 ], [ 286037.7, 4158953.73 ], [ 286040.15, 4158935.24 ], [ 286040.76, 4158928.08 ], [ 286041.13, 4158921.33 ], [ 286040.59, 4158911.73 ], [ 286039.81, 4158905.28 ], [ 286038.59, 4158900.5 ], [ 286036.48, 4158901.03 ], [ 286037.92, 4158908.27 ], [ 286037.94, 4158908.44 ], [ 286038.77, 4158916.86 ], [ 286038.78, 4158917.01 ], [ 286038.86, 4158923.44 ], [ 286038.85, 4158923.61 ], [ 286038.4, 4158928.89 ] ] ], [ [ [ 286054.84, 4158951.17 ], [ 286054.73, 4158950.7 ], [ 286054.67, 4158950.21 ], [ 286054.65, 4158949.72 ], [ 286054.68, 4158949.23 ], [ 286055.14, 4158945.24 ], [ 286055.22, 4158944.76 ], [ 286055.34, 4158944.28 ], [ 286055.52, 4158943.82 ], [ 286055.73, 4158943.38 ], [ 286055.99, 4158942.97 ], [ 286056.29, 4158942.58 ], [ 286056.43, 4158942.42 ], [ 286056.37, 4158942.4 ], [ 286055.93, 4158942.18 ], [ 286055.52, 4158941.91 ], [ 286055.13, 4158941.61 ], [ 286054.78, 4158941.27 ], [ 286054.46, 4158940.9 ], [ 286054.18, 4158940.49 ], [ 286053.94, 4158940.07 ], [ 286053.74, 4158939.62 ], [ 286053.59, 4158939.15 ], [ 286053.48, 4158938.67 ], [ 286053.43, 4158938.18 ], [ 286053.42, 4158937.69 ], [ 286053.45, 4158937.2 ], [ 286054.38, 4158929.94 ], [ 286054.28, 4158929.79 ], [ 286054.04, 4158929.36 ], [ 286053.84, 4158928.91 ], [ 286053.69, 4158928.45 ], [ 286053.58, 4158927.97 ], [ 286053.52, 4158927.48 ], [ 286053.51, 4158926.99 ], [ 286053.55, 4158926.5 ], [ 286054.23, 4158921.13 ], [ 286054.32, 4158920.64 ], [ 286054.45, 4158920.17 ], [ 286054.63, 4158919.71 ], [ 286054.85, 4158919.27 ], [ 286055.12, 4158918.86 ], [ 286055.42, 4158918.47 ], [ 286055.53, 4158918.37 ], [ 286056.95, 4158915.04 ], [ 286056.39, 4158914.96 ], [ 286056.36, 4158914.95 ], [ 286056.32, 4158914.94 ], [ 286056.27, 4158914.93 ], [ 286056.22, 4158914.92 ], [ 286056.18, 4158914.91 ], [ 286056.15, 4158914.9 ], [ 286056.1, 4158914.89 ], [ 286056.05, 4158914.87 ], [ 286056.02, 4158914.86 ], [ 286055.98, 4158914.85 ], [ 286055.93, 4158914.83 ], [ 286055.88, 4158914.8 ], [ 286055.85, 4158914.79 ], [ 286055.82, 4158914.77 ], [ 286055.78, 4158914.75 ], [ 286055.73, 4158914.72 ], [ 286055.7, 4158914.7 ], [ 286055.67, 4158914.69 ], [ 286055.63, 4158914.65 ], [ 286055.58, 4158914.62 ], [ 286055.55, 4158914.6 ], [ 286055.53, 4158914.58 ], [ 286055.49, 4158914.55 ], [ 286055.44, 4158914.51 ], [ 286055.42, 4158914.49 ], [ 286055.39, 4158914.47 ], [ 286055.36, 4158914.43 ], [ 286055.32, 4158914.39 ], [ 286055.3, 4158914.36 ], [ 286055.27, 4158914.34 ], [ 286055.24, 4158914.29 ], [ 286055.21, 4158914.25 ], [ 286055.19, 4158914.22 ], [ 286055.16, 4158914.2 ], [ 286055.14, 4158914.15 ], [ 286055.11, 4158914.11 ], [ 286055.09, 4158914.08 ], [ 286055.07, 4158914.05 ], [ 286055.05, 4158914.0 ], [ 286055.02, 4158913.95 ], [ 286055.01, 4158913.92 ], [ 286054.99, 4158913.89 ], [ 286054.98, 4158913.84 ], [ 286054.96, 4158913.79 ], [ 286054.94, 4158913.75 ], [ 286054.93, 4158913.72 ], [ 286054.92, 4158913.67 ], [ 286054.9, 4158913.62 ], [ 286054.9, 4158913.58 ], [ 286054.89, 4158913.55 ], [ 286054.88, 4158913.5 ], [ 286054.87, 4158913.45 ], [ 286054.86, 4158913.41 ], [ 286054.86, 4158913.38 ], [ 286054.86, 4158913.32 ], [ 286054.85, 4158913.27 ], [ 286054.85, 4158913.24 ], [ 286054.85, 4158913.2 ], [ 286054.85, 4158913.15 ], [ 286054.85, 4158913.09 ], [ 286054.85, 4158913.06 ], [ 286054.85, 4158913.02 ], [ 286054.86, 4158912.97 ], [ 286054.87, 4158912.92 ], [ 286054.87, 4158912.88 ], [ 286054.88, 4158912.85 ], [ 286055.37, 4158910.19 ], [ 286053.89, 4158910.0 ], [ 286053.87, 4158910.0 ], [ 286049.98, 4158909.47 ], [ 286050.14, 4158910.74 ], [ 286050.16, 4158911.04 ], [ 286050.73, 4158921.05 ], [ 286050.73, 4158921.59 ], [ 286050.34, 4158928.68 ], [ 286050.33, 4158928.82 ], [ 286049.71, 4158936.17 ], [ 286049.68, 4158936.39 ], [ 286046.81, 4158958.06 ], [ 286046.41, 4158961.14 ], [ 286051.07, 4158961.89 ], [ 286051.13, 4158961.9 ], [ 286051.13, 4158959.16 ], [ 286051.24, 4158958.6 ], [ 286051.9, 4158957.02 ], [ 286052.22, 4158956.54 ], [ 286055.79, 4158952.97 ], [ 286055.74, 4158952.91 ], [ 286055.45, 4158952.51 ], [ 286055.21, 4158952.08 ], [ 286055.0, 4158951.64 ], [ 286054.84, 4158951.17 ] ] ], [ [ [ 286015.02, 4158977.12 ], [ 286000.0, 4158975.22 ], [ 286000.0, 4158987.8 ], [ 286013.58, 4158989.62 ], [ 286015.02, 4158977.12 ] ] ], [ [ [ 286045.62, 4158967.19 ], [ 286045.38, 4158969.02 ], [ 286044.1, 4158978.92 ], [ 286044.1, 4158978.93 ], [ 286041.32, 4159000.0 ], [ 286044.25, 4159000.0 ], [ 286048.41, 4158967.64 ], [ 286045.62, 4158967.19 ] ] ], [ [ [ 286000.0, 4158993.95 ], [ 286000.0, 4159000.0 ], [ 286012.38, 4159000.0 ], [ 286012.88, 4158995.68 ], [ 286000.0, 4158993.95 ] ] ] ] } },
{ "type": "Feature", "properties": { "id": "richmond_structure:312537", "name": null, "kind": "deck", "sport": null, "surface": null, "pitch_layout": null, "source": "richmond_structures", "source_updated": "2026-09-08T12:07:13.637000Z", "base_z": null, "top_z": null }, "geometry": { "type": "Polygon", "coordinates": [ [ [ 286207.74, 4158963.24 ], [ 286208.37, 4158958.99 ], [ 286202.38, 4158958.09 ], [ 286201.75, 4158962.34 ], [ 286207.74, 4158963.24 ] ] ] } },
{ "type": "Feature", "properties": { "id": "imagery:groundcover_paved:1740", "name": null, "kind": "groundcover_paved", "sport": null, "surface": null, "pitch_layout": null, "source": "vgin_vbmp+naip+lidar2025", "source_updated": null, "base_z": null, "top_z": null }, "geometry": { "type": "Polygon", "coordinates": [ [ [ 286205.88, 4158997.81 ], [ 286205.57, 4159000.0 ], [ 286207.72, 4159000.0 ], [ 286207.93, 4158998.33 ], [ 286205.88, 4158997.81 ] ] ] } },
{ "type": "Feature", "properties": { "id": "richmond_structure:312244", "name": null, "kind": "deck", "sport": null, "surface": null, "pitch_layout": null, "source": "richmond_structures", "source_updated": "2026-09-08T12:07:13.637000Z", "base_z": null, "top_z": null }, "geometry": { "type": "Polygon", "coordinates": [ [ [ 286239.52, 4158978.81 ], [ 286239.59, 4158976.31 ], [ 286236.79, 4158976.23 ], [ 286236.72, 4158978.73 ], [ 286239.52, 4158978.81 ] ] ] } },
{ "type": "Feature", "properties": { "id": "richmond_structure:312246", "name": null, "kind": "deck", "sport": null, "surface": null, "pitch_layout": null, "source": "richmond_structures", "source_updated": "2026-09-08T12:07:13.637000Z", "base_z": null, "top_z": null }, "geometry": { "type": "Polygon", "coordinates": [ [ [ 286250.0, 4158983.66 ], [ 286250.0, 4158980.97 ], [ 286247.5, 4158980.91 ], [ 286247.42, 4158983.59 ], [ 286250.0, 4158983.66 ] ] ] } },
{ "type": "Feature", "properties": { "id": "richmond_structure:404736", "name": null, "kind": "deck", "sport": null, "surface": null, "pitch_layout": null, "source": "richmond_structures", "source_updated": "2026-09-08T12:07:13.637000Z", "base_z": null, "top_z": null }, "geometry": { "type": "Polygon", "coordinates": [ [ [ 286182.64, 4158997.55 ], [ 286182.31, 4159000.0 ], [ 286183.24, 4159000.0 ], [ 286183.56, 4158997.67 ], [ 286182.64, 4158997.55 ] ] ] } },
{ "type": "Feature", "properties": { "id": "osm:way/1430995988", "name": null, "kind": "forest", "sport": null, "surface": null, "pitch_layout": null, "source": null, "source_updated": null, "base_z": null, "top_z": null }, "geometry": { "type": "Polygon", "coordinates": [ [ [ 286000.0, 4158815.23 ], [ 286000.0, 4158832.65 ], [ 286005.37, 4158834.51 ], [ 286000.0, 4158815.23 ] ] ] } }
]
}
