{
"type": "FeatureCollection",
"name": "buildings",
"crs": { "type": "name", "properties": { "name": "urn:ogc:def:crs:EPSG::32618" } },
"xy_coordinate_resolution": 0.01,
"features": [
{ "type": "Feature", "properties": { "id": "osm:way/394253335", "name": null, "height": 11.68, "min_height": 0.0, "levels": null, "height_source": "lidar", "roof_shape": "flat", "roof_height": 0.0, "roof_azimuth": null, "roof_source": "heuristic", "roof_color": "roof_flat", "roof_color_source": "ortho", "lod2_roof": null, "roof_props": null, "wall_color": "brick", "wall_color_source": "assessor", "type": "yes", "landmark": null, "footprint_source": "osm", "source_updated": null, "is_part": false, "parent": null, "hidden": false, "addr": "2218 Monument Avenue", "wikidata": null, "website": null, "zoning": "R-6", "lidar_p90": 12.68, "ground_z": 65.25 }, "geometry": { "type": "Polygon", "coordinates": [ [ [ 282314.94, 4159519.4 ], [ 282314.03, 4159520.09 ], [ 282313.0, 4159518.76 ], [ 282313.71, 4159518.47 ], [ 282312.87, 4159517.24 ], [ 282312.82, 4159515.54 ], [ 282310.59, 4159512.73 ], [ 282309.03, 4159512.82 ], [ 282308.94, 4159511.25 ], [ 282302.61, 4159502.84 ], [ 282301.25, 4159502.15 ], [ 282299.82, 4159502.64 ], [ 282294.76, 4159506.5 ], [ 282308.76, 4159524.66 ], [ 282309.93, 4159523.77 ], [ 282313.7, 4159528.66 ], [ 282316.18, 4159526.78 ], [ 282317.2, 4159528.12 ], [ 282320.0, 4159525.98 ], [ 282314.94, 4159519.4 ] ] ] } },
{ "type": "Feature", "properties": { "id": "osm:way/394253334", "name": null, "height": 12.11, "min_height": 0.0, "levels": null, "height_source": "lidar", "roof_shape": "flat", "roof_height": 0.0, "roof_azimuth": null, "roof_source": "heuristic", "roof_color": "roof_flat", "roof_color_source": "ortho", "lod2_roof": null, "roof_props": null, "wall_color": "terracotta", "wall_color_source": "assessor", "type": "yes", "landmark": null, "footprint_source": "osm", "source_updated": null, "is_part": false, "parent": null, "hidden": false, "addr": "2220 Monument Avenue", "wikidata": null, "website": null, "zoning": "R-6", "lidar_p90": 13.47, "ground_z": 65.41 }, "geometry": { "type": "Polygon", "coordinates": [ [ [ 282307.51, 4159529.55 ], [ 282302.18, 4159522.65 ], [ 282304.21, 4159521.1 ], [ 282300.52, 4159516.32 ], [ 282299.91, 4159516.78 ], [ 282292.62, 4159507.31 ], [ 282284.38, 4159513.6 ], [ 282288.08, 4159518.41 ], [ 282287.23, 4159519.06 ], [ 282291.47, 4159524.57 ], [ 282292.96, 4159523.43 ], [ 282301.32, 4159534.29 ], [ 282307.51, 4159529.55 ] ] ] } },
{ "type": "Feature", "properties": { "id": "richmond_structure:445240", "name": null, "height": 3.19, "min_height": 0.0, "levels": null, "height_source": "lidar", "roof_shape": "flat", "roof_height": 0.32, "roof_azimuth": null, "roof_source": "lod2", "roof_color": "roof_flat", "roof_color_source": "ortho", "lod2_roof": { "v": [ [ 282370.3, 4159504.69, 0.31 ], [ 282366.97, 4159500.3, 0.0 ], [ 282371.29, 4159497.03, 0.01 ], [ 282374.62, 4159501.42, 0.32 ] ], "f": [ [ [ 0, 1, 2, 3 ] ] ] }, "roof_props": null, "wall_color": "brick", "wall_color_source": "assessor", "type": "yes", "landmark": null, "footprint_source": "richmond_structures", "source_updated": "2026-09-08T12:07:13.637000Z", "is_part": false, "parent": null, "hidden": false, "addr": null, "wikidata": null, "website": null, "zoning": "R-48", "lidar_p90": 3.26, "ground_z": 64.24 }, "geometry": { "type": "Polygon", "coordinates": [ [ [ 282366.97, 4159500.3 ], [ 282370.3, 4159504.69 ], [ 282374.62, 4159501.42 ], [ 282371.29, 4159497.03 ], [ 282366.97, 4159500.3 ] ] ] } },
{ "type": "Feature", "properties": { "id": "richmond_structure:274733", "name": null, "height": 2.5, "min_height": 0.0, "levels": null, "height_source": "lidar", "roof_shape": "flat", "roof_height": 0.53, "roof_azimuth": null, "roof_source": "lod2", "roof_color": "roof_flat", "roof_color_source": "ortho", "lod2_roof": { "v": [ [ 282360.85, 4159505.06, 0.0 ], [ 282365.12, 4159501.45, 0.04 ], [ 282368.75, 4159505.74, 0.53 ], [ 282364.48, 4159509.35, 0.49 ] ], "f": [ [ [ 0, 1, 2, 3 ] ] ] }, "roof_props": null, "wall_color": "brick", "wall_color_source": "assessor", "type": "yes", "landmark": null, "footprint_source": "richmond_structures", "source_updated": "2026-09-08T12:07:13.637000Z", "is_part": false, "parent": null, "hidden": false, "addr": null, "wikidata": null, "website": null, "zoning": "R-48", "lidar_p90": 2.58, "ground_z": 64.63 }, "geometry": { "type": "Polygon", "coordinates": [ [ [ 282365.12, 4159501.45 ], [ 282360.85, 4159505.06 ], [ 282364.48, 4159509.35 ], [ 282368.75, 4159505.74 ], [ 282365.12, 4159501.45 ] ] ] } },
{ "type": "Feature", "properties": { "id": "osm:way/393020429", "name": null, "height": 10.55, "min_height": 0.0, "levels": null, "height_source": "lidar", "roof_shape": "flat", "roof_height": 0.0, "roof_azimuth": null, "roof_source": "heuristic", "roof_color": "roof_flat", "roof_color_source": "ortho", "lod2_roof": null, "roof_props": null, "wall_color": "brick", "wall_color_source": "assessor", "type": "yes", "landmark": null, "footprint_source": "osm", "source_updated": null, "is_part": false, "parent": null, "hidden": false, "addr": "2216 Monument Avenue", "wikidata": null, "website": null, "zoning": "R-6", "lidar_p90": 12.6, "ground_z": 65.05 }, "geometry": { "type": "Polygon", "coordinates": [ [ [ 282310.21, 4159494.86 ], [ 282308.27, 4159492.35 ], [ 282304.95, 4159494.88 ], [ 282306.82, 4159497.31 ], [ 282302.08, 4159500.92 ], [ 282311.03, 4159512.58 ], [ 282315.28, 4159509.33 ], [ 282316.07, 4159510.37 ], [ 282312.77, 4159512.88 ], [ 282318.46, 4159520.27 ], [ 282325.95, 4159514.56 ], [ 282323.41, 4159511.23 ], [ 282322.23, 4159510.64 ], [ 282323.82, 4159509.42 ], [ 282311.74, 4159493.71 ], [ 282310.21, 4159494.86 ] ] ] } },
{ "type": "Feature", "properties": { "id": "richmond_structure:276066", "name": null, "height": 3.52, "min_height": 0.0, "levels": null, "height_source": "lidar", "roof_shape": "skillion", "roof_height": 1.85, "roof_azimuth": 49.5, "roof_source": "lod2", "roof_color": "roof_flat", "roof_color_source": "ortho", "lod2_roof": { "v": [ [ 282343.84, 4159510.12, 0.74 ], [ 282341.39, 4159506.86, 0.9 ], [ 282342.1, 4159506.41, 1.46 ], [ 282342.58, 4159506.1, 1.84 ], [ 282344.4, 4159508.34, 1.81 ], [ 282344.39, 4159508.39, 1.78 ], [ 282342.79, 4159503.27, 0.41 ], [ 282342.92, 4159505.33, 1.28 ], [ 282342.85, 4159505.87, 1.48 ], [ 282342.83, 4159505.94, 1.5 ], [ 282342.58, 4159506.1, 1.49 ], [ 282341.39, 4159506.86, 1.43 ], [ 282340.06, 4159505.1, 0.28 ], [ 282342.62, 4159503.07, 0.27 ], [ 282347.58, 4159509.07, 0.32 ], [ 282344.69, 4159511.25, 0.31 ], [ 282343.84, 4159510.12, 1.19 ], [ 282344.39, 4159508.39, 1.85 ], [ 282349.53, 4159507.61, 0.18 ], [ 282347.58, 4159509.07, 0.29 ], [ 282344.24, 4159505.03, 0.37 ], [ 282344.71, 4159504.73, 0.34 ], [ 282344.83, 4159504.89, 0.34 ], [ 282346.52, 4159503.61, 0.25 ], [ 282342.62, 4159503.07, 0.41 ], [ 282343.05, 4159502.73, 0.0 ], [ 282344.66, 4159504.76, 0.0 ], [ 282342.83, 4159505.94, 1.62 ], [ 282342.85, 4159505.87, 1.57 ], [ 282344.71, 4159504.73, 0.0 ] ], "f": [ [ [ 0, 1, 2, 3, 4, 5 ] ], [ [ 6, 7, 8, 9, 10, 2, 11, 12, 13 ] ], [ [ 14, 15, 16, 17 ] ], [ [ 18, 19, 20, 21, 22, 23 ] ], [ [ 7, 6, 24, 25, 26, 20, 19, 17, 4, 3, 27, 28 ] ], [ [ 16, 0, 5, 17 ] ], [ [ 19, 14, 17 ] ], [ [ 1, 11, 2 ] ], [ [ 10, 3, 2 ] ], [ [ 29, 21, 20, 26 ] ], [ [ 6, 13, 24 ] ], [ [ 3, 10, 9, 27 ] ], [ [ 28, 8, 7 ] ] ] }, "roof_props": null, "wall_color": "sand", "wall_color_source": "assessor", "type": "yes", "landmark": null, "footprint_source": "richmond_structures", "source_updated": "2026-09-08T12:07:13.637000Z", "is_part": false, "parent": null, "hidden": false, "addr": null, "wikidata": null, "website": null, "zoning": "R-6", "lidar_p90": 4.97, "ground_z": 64.44 }, "geometry": { "type": "Polygon", "coordinates": [ [ [ 282346.52, 4159503.61 ], [ 282344.82, 4159504.89 ], [ 282343.14, 4159502.65 ], [ 282340.06, 4159505.1 ], [ 282344.69, 4159511.25 ], [ 282349.53, 4159507.61 ], [ 282346.52, 4159503.61 ] ] ] } },
{ "type": "Feature", "properties": { "id": "osm:way/393020526", "name": null, "height": 8.75, "min_height": 0.0, "levels": null, "height_source": "lidar", "roof_shape": "flat", "roof_height": 2.01, "roof_azimuth": null, "roof_source": "lod2", "roof_color": "roof_flat", "roof_color_source": "ortho", "lod2_roof": { "v": [ [ 282408.11, 4159516.91, 0.0 ], [ 282407.45, 4159517.42, 1.11 ], [ 282407.07, 4159516.9, 0.0 ], [ 282395.44, 4159510.23, 0.37 ], [ 282397.67, 4159504.04, 0.05 ], [ 282406.92, 4159516.7, 1.9 ], [ 282407.45, 4159517.42, 2.01 ], [ 282403.52, 4159520.49, 1.92 ], [ 282397.67, 4159504.04, 0.35 ], [ 282395.44, 4159510.23, 0.7 ], [ 282389.63, 4159502.86, 0.75 ], [ 282394.21, 4159499.29, 0.38 ], [ 282406.92, 4159516.7, 0.0 ] ], "f": [ [ [ 0, 1, 2 ] ], [ [ 3, 4, 5, 6, 7 ] ], [ [ 8, 9, 10, 11 ] ], [ [ 5, 12, 2, 1, 6 ] ], [ [ 8, 4, 3, 9 ] ] ] }, "roof_props": null, "wall_color": "brick", "wall_color_source": "assessor", "type": "yes", "landmark": null, "footprint_source": "osm", "source_updated": null, "is_part": false, "parent": null, "hidden": false, "addr": "2201 West Grace Street", "wikidata": null, "website": null, "zoning": "R-48", "lidar_p90": 9.83, "ground_z": 64.03 }, "geometry": { "type": "Polygon", "coordinates": [ [ [ 282403.52, 4159520.49 ], [ 282408.74, 4159516.41 ], [ 282394.86, 4159498.78 ], [ 282389.63, 4159502.86 ], [ 282403.52, 4159520.49 ] ] ] } },
{ "type": "Feature", "properties": { "id": "osm:way/1131822368", "name": null, "height": 2.83, "min_height": 0.0, "levels": null, "height_source": "lidar", "roof_shape": "flat", "roof_height": 0.21, "roof_azimuth": null, "roof_source": "lod2", "roof_color": "roof_flat", "roof_color_source": "ortho", "lod2_roof": { "v": [ [ 282354.16, 4159510.01, 0.05 ], [ 282358.3, 4159506.67, 0.0 ], [ 282362.05, 4159511.72, 0.17 ], [ 282357.78, 4159514.86, 0.21 ] ], "f": [ [ [ 0, 1, 2, 3 ] ] ] }, "roof_props": null, "wall_color": "brick", "wall_color_source": "assessor", "type": "yes", "landmark": null, "footprint_source": "osm", "source_updated": null, "is_part": false, "parent": null, "hidden": false, "addr": null, "wikidata": null, "website": null, "zoning": "R-48", "lidar_p90": 2.89, "ground_z": 64.53 }, "geometry": { "type": "Polygon", "coordinates": [ [ [ 282357.78, 4159514.86 ], [ 282362.04, 4159511.72 ], [ 282358.07, 4159506.37 ], [ 282353.8, 4159509.52 ], [ 282357.78, 4159514.86 ] ] ] } },
{ "type": "Feature", "properties": { "id": "osm:way/393020510", "name": null, "height": 8.07, "min_height": 0.0, "levels": null, "height_source": "lidar", "roof_shape": "flat", "roof_height": 0.0, "roof_azimuth": null, "roof_source": "heuristic", "roof_color": "roof_flat", "roof_color_source": "ortho", "lod2_roof": null, "roof_props": null, "wall_color": "brick", "wall_color_source": "assessor", "type": "yes", "landmark": null, "footprint_source": "osm", "source_updated": null, "is_part": false, "parent": null, "hidden": false, "addr": "2203 West Grace Street", "wikidata": null, "website": null, "zoning": "R-48", "lidar_p90": 9.88, "ground_z": 64.43 }, "geometry": { "type": "Polygon", "coordinates": [ [ [ 282397.4, 4159525.11 ], [ 282402.79, 4159520.91 ], [ 282387.33, 4159501.28 ], [ 282381.94, 4159505.49 ], [ 282397.4, 4159525.11 ] ] ] } },
{ "type": "Feature", "properties": { "id": "osm:way/1131822382", "name": null, "height": 3.37, "min_height": 0.0, "levels": null, "height_source": "lidar", "roof_shape": "flat", "roof_height": 0.22, "roof_azimuth": null, "roof_source": "lod2", "roof_color": "roof_flat", "roof_color_source": "ortho", "lod2_roof": { "v": [ [ 282349.53, 4159512.67, 0.0 ], [ 282353.8, 4159509.52, 0.03 ], [ 282357.78, 4159514.86, 0.22 ], [ 282353.51, 4159518.01, 0.2 ] ], "f": [ [ [ 0, 1, 2, 3 ] ] ] }, "roof_props": null, "wall_color": "brick", "wall_color_source": "assessor", "type": "yes", "landmark": null, "footprint_source": "osm", "source_updated": null, "is_part": false, "parent": null, "hidden": false, "addr": null, "wikidata": null, "website": null, "zoning": "R-48", "lidar_p90": 3.43, "ground_z": 64.47 }, "geometry": { "type": "Polygon", "coordinates": [ [ [ 282353.51, 4159518.01 ], [ 282357.78, 4159514.86 ], [ 282353.8, 4159509.52 ], [ 282349.53, 4159512.67 ], [ 282353.51, 4159518.01 ] ] ] } },
{ "type": "Feature", "properties": { "id": "richmond_structure:276236", "name": null, "height": 6.06, "min_height": 0.0, "levels": null, "height_source": "lidar", "roof_shape": "flat", "roof_height": 0.0, "roof_azimuth": null, "roof_source": "heuristic", "roof_color": "roof_flat", "roof_color_source": "ortho", "lod2_roof": null, "roof_props": null, "wall_color": "brick", "wall_color_source": "assessor", "type": "yes", "landmark": null, "footprint_source": "richmond_structures", "source_updated": "2026-09-08T12:07:13.637000Z", "is_part": false, "parent": null, "hidden": false, "addr": null, "wikidata": null, "website": null, "zoning": "R-6", "lidar_p90": 6.44, "ground_z": 64.83 }, "geometry": { "type": "Polygon", "coordinates": [ [ [ 282334.45, 4159512.46 ], [ 282334.56, 4159511.33 ], [ 282330.86, 4159511.06 ], [ 282330.87, 4159512.07 ], [ 282328.88, 4159509.49 ], [ 282325.79, 4159512.35 ], [ 282332.36, 4159520.87 ], [ 282340.26, 4159514.77 ], [ 282336.98, 4159510.51 ], [ 282334.45, 4159512.46 ] ] ] } },
{ "type": "Feature", "properties": { "id": "osm:way/393020446", "name": null, "height": 8.6, "min_height": 0.0, "levels": null, "height_source": "lidar", "roof_shape": "flat", "roof_height": 2.27, "roof_azimuth": null, "roof_source": "lod2", "roof_color": "roof_flat", "roof_color_source": "ortho", "lod2_roof": { "v": [ [ 282394.59, 4159523.82, 1.23 ], [ 282393.96, 4159522.99, 0.95 ], [ 282393.69, 4159522.76, 0.91 ], [ 282394.05, 4159522.11, 0.44 ], [ 282396.86, 4159525.68, 1.56 ], [ 282396.31, 4159526.11, 1.98 ], [ 282395.7, 4159525.3, 1.71 ], [ 282394.57, 4159525.68, 2.27 ], [ 282393.97, 4159525.29, 2.25 ], [ 282393.96, 4159522.99, 0.19 ], [ 282394.59, 4159523.82, 0.22 ], [ 282393.97, 4159525.29, 0.3 ], [ 282394.57, 4159525.68, 0.31 ], [ 282395.83, 4159526.49, 0.33 ], [ 282391.47, 4159529.9, 0.56 ], [ 282379.98, 4159515.29, 0.0 ], [ 282391.17, 4159518.46, 0.0 ], [ 282394.05, 4159522.11, 0.14 ], [ 282393.69, 4159522.76, 0.18 ] ], "f": [ [ [ 0, 1, 2, 3, 4, 5, 6, 7, 8 ] ], [ [ 9, 10, 11, 12, 13, 14, 15, 16, 17, 18 ] ], [ [ 8, 11, 10, 0 ] ], [ [ 7, 12, 11, 8 ] ], [ [ 2, 18, 17, 3 ] ], [ [ 1, 9, 18, 2 ] ], [ [ 0, 10, 9, 1 ] ] ] }, "roof_props": null, "wall_color": "sand", "wall_color_source": "assessor", "type": "yes", "landmark": null, "footprint_source": "osm", "source_updated": null, "is_part": false, "parent": null, "hidden": false, "addr": "2205 West Grace Street", "wikidata": null, "website": null, "zoning": "R-48", "lidar_p90": 10.03, "ground_z": 64.44 }, "geometry": { "type": "Polygon", "coordinates": [ [ [ 282391.47, 4159529.9 ], [ 282396.86, 4159525.68 ], [ 282382.95, 4159508.03 ], [ 282377.56, 4159512.23 ], [ 282391.47, 4159529.9 ] ] ] } },
{ "type": "Feature", "properties": { "id": "osm:way/1131822376", "name": null, "height": 2.74, "min_height": 0.0, "levels": null, "height_source": "lidar", "roof_shape": "flat", "roof_height": 0.37, "roof_azimuth": null, "roof_source": "lod2", "roof_color": "roof_flat", "roof_color_source": "ortho", "lod2_roof": { "v": [ [ 282342.72, 4159518.98, 0.0 ], [ 282346.72, 4159515.94, 0.02 ], [ 282349.89, 4159520.05, 0.37 ], [ 282345.9, 4159523.1, 0.36 ] ], "f": [ [ [ 0, 1, 2, 3 ] ] ] }, "roof_props": null, "wall_color": "brick", "wall_color_source": "assessor", "type": "yes", "landmark": null, "footprint_source": "osm", "source_updated": null, "is_part": false, "parent": null, "hidden": false, "addr": null, "wikidata": null, "website": null, "zoning": "R-48", "lidar_p90": 2.74, "ground_z": 64.77 }, "geometry": { "type": "Polygon", "coordinates": [ [ [ 282346.72, 4159515.94 ], [ 282342.72, 4159518.99 ], [ 282345.9, 4159523.1 ], [ 282349.89, 4159520.05 ], [ 282346.72, 4159515.94 ] ] ] } },
{ "type": "Feature", "properties": { "id": "richmond_structure:276076", "name": null, "height": 3.44, "min_height": 0.0, "levels": null, "height_source": "lidar", "roof_shape": "flat", "roof_height": 0.04, "roof_azimuth": null, "roof_source": "lod2", "roof_color": "roof_flat", "roof_color_source": "ortho", "lod2_roof": { "v": [ [ 282327.74, 4159523.66, 0.04 ], [ 282322.36, 4159527.56, 0.02 ], [ 282318.33, 4159522.0, 0.0 ], [ 282323.7, 4159518.1, 0.02 ] ], "f": [ [ [ 0, 1, 2, 3 ] ] ] }, "roof_props": null, "wall_color": "terracotta", "wall_color_source": "assessor", "type": "yes", "landmark": null, "footprint_source": "richmond_structures", "source_updated": "2026-09-08T12:07:13.637000Z", "is_part": false, "parent": null, "hidden": false, "addr": null, "wikidata": null, "website": null, "zoning": "R-6", "lidar_p90": 3.5, "ground_z": 65.01 }, "geometry": { "type": "Polygon", "coordinates": [ [ [ 282323.7, 4159518.1 ], [ 282318.32, 4159522.0 ], [ 282322.36, 4159527.56 ], [ 282327.74, 4159523.66 ], [ 282323.7, 4159518.1 ] ] ] } },
{ "type": "Feature", "properties": { "id": "osm:way/393020524", "name": null, "height": 7.69, "min_height": 0.0, "levels": null, "height_source": "lidar", "roof_shape": "flat", "roof_height": 3.87, "roof_azimuth": null, "roof_source": "lod2", "roof_color": "roof_flat", "roof_color_source": "ortho", "lod2_roof": { "v": [ [ 282386.8, 4159526.79, 0.0 ], [ 282386.03, 4159527.4, 0.06 ], [ 282382.16, 4159530.46, 0.38 ], [ 282371.23, 4159516.57, 0.14 ], [ 282373.0, 4159515.19, 0.0 ], [ 282388.87, 4159530.79, 3.1 ], [ 282387.11, 4159532.67, 3.12 ], [ 282385.37, 4159534.55, 3.15 ], [ 282382.16, 4159530.46, 2.57 ], [ 282386.03, 4159527.4, 2.61 ], [ 282391.08, 4159530.63, 1.66 ], [ 282389.66, 4159531.74, 2.36 ], [ 282389.42, 4159531.45, 2.35 ], [ 282388.87, 4159530.79, 2.33 ], [ 282386.03, 4159527.4, 2.24 ], [ 282387.57, 4159526.18, 1.47 ], [ 282385.37, 4159534.55, 2.38 ], [ 282388.87, 4159530.79, 3.87 ], [ 282389.66, 4159531.74, 1.69 ], [ 282385.64, 4159534.88, 1.63 ], [ 282387.57, 4159526.18, 0.0 ] ], "f": [ [ [ 0, 1, 2, 3, 4 ] ], [ [ 5, 6, 7, 8, 9 ] ], [ [ 10, 11, 12, 13, 14, 15 ] ], [ [ 16, 6, 17, 12, 18, 19 ] ], [ [ 8, 2, 1, 14, 9 ] ], [ [ 14, 1, 0, 20, 15 ] ], [ [ 9, 14, 13, 5 ] ], [ [ 11, 18, 12 ] ], [ [ 17, 5, 13, 12 ] ], [ [ 5, 17, 6 ] ], [ [ 16, 7, 6 ] ] ] }, "roof_props": null, "wall_color": "terracotta", "wall_color_source": "assessor", "type": "yes", "landmark": null, "footprint_source": "osm", "source_updated": null, "is_part": false, "parent": null, "hidden": false, "addr": "2207 West Grace Street", "wikidata": null, "website": null, "zoning": "R-48", "lidar_p90": 10.61, "ground_z": 64.62 }, "geometry": { "type": "Polygon", "coordinates": [ [ [ 282385.64, 4159534.88 ], [ 282391.08, 4159530.63 ], [ 282376.66, 4159512.33 ], [ 282371.22, 4159516.57 ], [ 282385.64, 4159534.88 ] ] ] } },
{ "type": "Feature", "properties": { "id": "osm:way/1131822378", "name": null, "height": 2.88, "min_height": 0.0, "levels": null, "height_source": "lidar", "roof_shape": "flat", "roof_height": 0.6, "roof_azimuth": null, "roof_source": "lod2", "roof_color": "roof_flat", "roof_color_source": "ortho", "lod2_roof": { "v": [ [ 282345.27, 4159525.23, 0.6 ], [ 282340.45, 4159528.79, 0.58 ], [ 282337.25, 4159524.51, 0.02 ], [ 282341.85, 4159520.66, 0.0 ] ], "f": [ [ [ 0, 1, 2, 3 ] ] ] }, "roof_props": null, "wall_color": "cream", "wall_color_source": "assessor", "type": "yes", "landmark": null, "footprint_source": "osm", "source_updated": null, "is_part": false, "parent": null, "hidden": false, "addr": null, "wikidata": null, "website": null, "zoning": "R-48", "lidar_p90": 2.97, "ground_z": 64.87 }, "geometry": { "type": "Polygon", "coordinates": [ [ [ 282341.45, 4159520.12 ], [ 282336.63, 4159523.69 ], [ 282340.44, 4159528.8 ], [ 282345.27, 4159525.23 ], [ 282341.45, 4159520.12 ] ] ] } },
{ "type": "Feature", "properties": { "id": "osm:way/393020453", "name": null, "height": 8.49, "min_height": 0.0, "levels": null, "height_source": "lidar", "roof_shape": "flat", "roof_height": 2.44, "roof_azimuth": null, "roof_source": "lod2", "roof_color": "roof_flat", "roof_color_source": "ortho", "lod2_roof": { "v": [ [ 282372.0, 4159529.9, 0.21 ], [ 282365.52, 4159521.69, 0.23 ], [ 282367.52, 4159520.13, 0.0 ], [ 282372.67, 4159526.96, 0.0 ], [ 282381.49, 4159531.62, 1.84 ], [ 282381.93, 4159531.74, 1.84 ], [ 282381.43, 4159529.95, 1.5 ], [ 282384.94, 4159534.4, 2.2 ], [ 282382.82, 4159534.93, 2.44 ], [ 282382.17, 4159532.6, 2.0 ], [ 282385.36, 4159534.92, 1.38 ], [ 282379.53, 4159539.47, 1.38 ], [ 282372.26, 4159530.23, 0.0 ], [ 282378.07, 4159525.69, 0.0 ], [ 282378.49, 4159526.22, 0.08 ], [ 282377.28, 4159528.1, 0.16 ], [ 282379.53, 4159531.06, 0.6 ], [ 282382.51, 4159535.0, 1.18 ], [ 282382.82, 4159534.93, 1.2 ], [ 282384.94, 4159534.4, 1.3 ], [ 282372.0, 4159529.9, 0.0 ], [ 282377.28, 4159528.1, 0.0 ], [ 282379.53, 4159531.06, 0.0 ], [ 282378.49, 4159526.22, 0.0 ], [ 282381.93, 4159531.74, 0.0 ], [ 282381.43, 4159529.95, 0.0 ], [ 282381.49, 4159531.62, 0.0 ] ], "f": [ [ [ 0, 1, 2, 3 ] ], [ [ 4, 5, 6, 7, 8, 9 ] ], [ [ 10, 11, 12, 13, 14, 15, 16, 17, 18, 19 ] ], [ [ 20, 0, 3 ] ], [ [ 15, 21, 22, 16 ] ], [ [ 14, 23, 21, 15 ] ], [ [ 7, 19, 18, 8 ] ], [ [ 5, 24, 25, 6 ] ], [ [ 4, 26, 24, 5 ] ] ] }, "roof_props": null, "wall_color": "cream", "wall_color_source": "assessor", "type": "yes", "landmark": null, "footprint_source": "osm", "source_updated": null, "is_part": false, "parent": null, "hidden": false, "addr": "2209 West Grace Street", "wikidata": null, "website": null, "zoning": "R-48", "lidar_p90": 9.92, "ground_z": 64.58 }, "geometry": { "type": "Polygon", "coordinates": [ [ [ 282379.53, 4159539.47 ], [ 282385.36, 4159534.92 ], [ 282371.34, 4159517.15 ], [ 282365.52, 4159521.69 ], [ 282379.53, 4159539.47 ] ] ] } },
{ "type": "Feature", "properties": { "id": "osm:way/1131822369", "name": null, "height": 3.03, "min_height": 0.0, "levels": null, "height_source": "lidar", "roof_shape": "flat", "roof_height": 0.62, "roof_azimuth": null, "roof_source": "lod2", "roof_color": "roof_flat", "roof_color_source": "ortho", "lod2_roof": { "v": [ [ 282331.05, 4159528.87, 0.0 ], [ 282335.82, 4159525.35, 0.01 ], [ 282340.06, 4159531.05, 0.62 ], [ 282335.29, 4159534.57, 0.61 ] ], "f": [ [ [ 0, 1, 2, 3 ] ] ] }, "roof_props": null, "wall_color": "brick_dark", "wall_color_source": "assessor", "type": "yes", "landmark": null, "footprint_source": "osm", "source_updated": null, "is_part": false, "parent": null, "hidden": false, "addr": null, "wikidata": null, "website": null, "zoning": "R-48", "lidar_p90": 3.17, "ground_z": 64.8 }, "geometry": { "type": "Polygon", "coordinates": [ [ [ 282335.29, 4159534.57 ], [ 282340.06, 4159531.05 ], [ 282335.82, 4159525.35 ], [ 282331.05, 4159528.88 ], [ 282335.29, 4159534.57 ] ] ] } },
{ "type": "Feature", "properties": { "id": "osm:way/393020411", "name": null, "height": 8.15, "min_height": 0.0, "levels": null, "height_source": "lidar", "roof_shape": "flat", "roof_height": 2.88, "roof_azimuth": null, "roof_source": "lod2", "roof_color": "roof_flat", "roof_color_source": "ortho", "lod2_roof": { "v": [ [ 282373.49, 4159544.09, 2.85 ], [ 282369.74, 4159539.33, 2.43 ], [ 282373.69, 4159536.45, 2.47 ], [ 282377.13, 4159540.87, 2.85 ], [ 282377.3, 4159541.1, 2.87 ], [ 282372.61, 4159537.24, 0.0 ], [ 282369.74, 4159539.33, 0.24 ], [ 282359.73, 4159526.63, 0.09 ], [ 282360.76, 4159525.82, 0.0 ], [ 282375.4, 4159535.21, 1.13 ], [ 282378.99, 4159539.78, 1.62 ], [ 282377.3, 4159541.1, 2.88 ], [ 282373.69, 4159536.45, 2.36 ], [ 282373.69, 4159536.45, 0.0 ], [ 282375.4, 4159535.21, 0.0 ] ], "f": [ [ [ 0, 1, 2, 3, 4 ] ], [ [ 5, 6, 7, 8 ] ], [ [ 9, 10, 11, 3, 12 ] ], [ [ 2, 12, 3 ] ], [ [ 1, 6, 5, 13, 12, 2 ] ], [ [ 12, 13, 14, 9 ] ] ] }, "roof_props": null, "wall_color": "brick_dark", "wall_color_source": "assessor", "type": "yes", "landmark": null, "footprint_source": "osm", "source_updated": null, "is_part": false, "parent": null, "hidden": false, "addr": "2211 West Grace Street", "wikidata": null, "website": null, "zoning": "R-48", "lidar_p90": 10.82, "ground_z": 64.62 }, "geometry": { "type": "Polygon", "coordinates": [ [ [ 282373.48, 4159544.09 ], [ 282378.99, 4159539.78 ], [ 282365.25, 4159522.33 ], [ 282359.73, 4159526.64 ], [ 282373.48, 4159544.09 ] ] ] } },
{ "type": "Feature", "properties": { "id": "osm:way/1131822374", "name": null, "height": 2.77, "min_height": 0.0, "levels": null, "height_source": "lidar", "roof_shape": "flat", "roof_height": 0.6, "roof_azimuth": null, "roof_source": "lod2", "roof_color": "slate", "roof_color_source": "ortho", "lod2_roof": { "v": [ [ 282326.87, 4159533.16, 0.01 ], [ 282331.17, 4159529.04, 0.0 ], [ 282335.29, 4159534.57, 0.6 ], [ 282330.52, 4159538.08, 0.54 ] ], "f": [ [ [ 0, 1, 2, 3 ] ] ] }, "roof_props": null, "wall_color": "brick", "wall_color_source": "assessor", "type": "yes", "landmark": null, "footprint_source": "osm", "source_updated": null, "is_part": false, "parent": null, "hidden": false, "addr": null, "wikidata": null, "website": null, "zoning": "R-48", "lidar_p90": 2.83, "ground_z": 65.06 }, "geometry": { "type": "Polygon", "coordinates": [ [ [ 282330.52, 4159538.08 ], [ 282335.29, 4159534.57 ], [ 282331.05, 4159528.88 ], [ 282326.29, 4159532.39 ], [ 282330.52, 4159538.08 ] ] ] } },
{ "type": "Feature", "properties": { "id": "osm:way/393020458", "name": null, "height": 8.26, "min_height": 0.0, "levels": null, "height_source": "lidar", "roof_shape": "gable", "roof_height": 1.7, "roof_azimuth": 38.2, "roof_source": "lod2", "roof_color": "roof_flat", "roof_color_source": "ortho", "lod2_roof": { "v": [ [ 282367.1, 4159539.59, 0.71 ], [ 282367.46, 4159538.79, 0.66 ], [ 282367.81, 4159538.02, 0.61 ], [ 282372.83, 4159544.39, 1.7 ], [ 282367.42, 4159548.62, 1.67 ], [ 282364.11, 4159544.42, 0.95 ], [ 282365.32, 4159543.55, 0.97 ], [ 282365.65, 4159538.22, 0.36 ], [ 282367.1, 4159539.59, 0.41 ], [ 282365.32, 4159543.55, 0.66 ], [ 282364.11, 4159544.42, 0.73 ], [ 282353.62, 4159531.1, 0.23 ], [ 282357.28, 4159528.24, 0.0 ], [ 282361.33, 4159529.79, 0.0 ], [ 282367.81, 4159538.02, 0.31 ], [ 282367.46, 4159538.79, 0.36 ], [ 282366.97, 4159538.06, 0.33 ] ], "f": [ [ [ 0, 1, 2, 3, 4, 5, 6 ] ], [ [ 7, 8, 9, 10, 11, 12, 13, 14, 15, 16 ] ], [ [ 1, 15, 14, 2 ] ], [ [ 5, 10, 9, 6 ] ], [ [ 6, 9, 8, 0 ] ] ] }, "roof_props": null, "wall_color": "brick_dark", "wall_color_source": "assessor", "type": "yes", "landmark": null, "footprint_source": "osm", "source_updated": null, "is_part": false, "parent": null, "hidden": false, "addr": "2213 West Grace Street", "wikidata": null, "website": null, "zoning": "R-48", "lidar_p90": 9.74, "ground_z": 64.69 }, "geometry": { "type": "Polygon", "coordinates": [ [ [ 282367.42, 4159548.62 ], [ 282372.83, 4159544.39 ], [ 282359.03, 4159526.88 ], [ 282353.62, 4159531.1 ], [ 282367.42, 4159548.62 ] ] ] } },
{ "type": "Feature", "properties": { "id": "osm:way/393020472", "name": null, "height": 8.27, "min_height": 0.0, "levels": null, "height_source": "lidar", "roof_shape": "flat", "roof_height": 1.95, "roof_azimuth": null, "roof_source": "lod2", "roof_color": "roof_flat", "roof_color_source": "ortho", "lod2_roof": { "v": [ [ 282360.36, 4159540.89, 0.0 ], [ 282366.89, 4159549.18, 1.95 ], [ 282361.55, 4159553.35, 1.91 ], [ 282359.62, 4159550.9, 1.33 ], [ 282362.6, 4159547.69, 1.23 ], [ 282359.26, 4159542.44, 0.09 ], [ 282359.0, 4159542.02, 0.0 ], [ 282347.88, 4159534.51, 0.52 ], [ 282350.01, 4159533.66, 0.55 ], [ 282350.97, 4159532.84, 0.64 ], [ 282350.45, 4159532.51, 0.73 ], [ 282352.5, 4159530.91, 0.89 ], [ 282355.62, 4159534.88, 0.01 ], [ 282353.06, 4159535.54, 0.04 ], [ 282353.19, 4159535.73, 0.0 ], [ 282348.81, 4159537.2, 0.0 ], [ 282347.15, 4159535.08, 0.47 ], [ 282358.38, 4159541.05, 0.0 ], [ 282362.6, 4159547.69, 0.44 ], [ 282359.62, 4159550.9, 0.83 ], [ 282348.98, 4159537.4, 0.0 ], [ 282357.2, 4159539.2, 0.87 ], [ 282355.92, 4159539.83, 1.09 ], [ 282353.88, 4159536.77, 0.71 ], [ 282353.06, 4159535.54, 0.56 ], [ 282355.62, 4159534.88, 0.22 ], [ 282358.52, 4159538.55, 0.64 ], [ 282353.88, 4159536.77, 0.0 ], [ 282350.01, 4159533.66, 0.0 ], [ 282350.97, 4159532.84, 0.0 ], [ 282350.45, 4159532.51, 0.0 ], [ 282355.92, 4159539.83, 0.0 ], [ 282347.88, 4159534.51, 0.0 ], [ 282358.52, 4159538.55, 0.0 ], [ 282357.2, 4159539.2, 0.0 ] ], "f": [ [ [ 0, 1, 2, 3, 4, 5, 6 ] ], [ [ 7, 8, 9, 10, 11, 12, 13, 14, 15, 16 ] ], [ [ 17, 5, 18, 19, 20 ] ], [ [ 21, 22, 23, 24, 25, 26 ] ], [ [ 23, 27, 14, 13, 24 ] ], [ [ 24, 13, 12, 25 ] ], [ [ 3, 19, 18, 4 ] ], [ [ 8, 28, 29, 9 ] ], [ [ 9, 29, 30, 10 ] ], [ [ 22, 31, 27, 23 ] ], [ [ 7, 32, 28, 8 ] ], [ [ 6, 5, 17 ] ], [ [ 4, 18, 5 ] ], [ [ 26, 33, 34, 21 ] ], [ [ 21, 34, 31, 22 ] ] ] }, "roof_props": null, "wall_color": "brick", "wall_color_source": "assessor", "type": "yes", "landmark": null, "footprint_source": "osm", "source_updated": null, "is_part": false, "parent": null, "hidden": false, "addr": "2215 West Grace Street", "wikidata": null, "website": null, "zoning": "R-48", "lidar_p90": 9.88, "ground_z": 64.77 }, "geometry": { "type": "Polygon", "coordinates": [ [ [ 282361.55, 4159553.35 ], [ 282366.89, 4159549.18 ], [ 282352.5, 4159530.91 ], [ 282347.15, 4159535.08 ], [ 282361.55, 4159553.35 ] ] ] } },
{ "type": "Feature", "properties": { "id": "osm:way/393020427", "name": null, "height": 8.38, "min_height": 0.0, "levels": null, "height_source": "lidar", "roof_shape": "flat", "roof_height": 2.06, "roof_azimuth": null, "roof_source": "lod2", "roof_color": "roof_flat", "roof_color_source": "ortho", "lod2_roof": { "v": [ [ 282356.24, 4159550.11, 0.27 ], [ 282357.66, 4159554.62, 0.51 ], [ 282356.74, 4159557.14, 0.68 ], [ 282355.43, 4159558.16, 0.78 ], [ 282341.6, 4159540.61, 0.05 ], [ 282342.29, 4159540.07, 0.0 ], [ 282353.78, 4159544.73, 0.0 ], [ 282357.2, 4159549.07, 0.18 ], [ 282359.74, 4159554.79, 2.06 ], [ 282359.39, 4159553.98, 1.87 ], [ 282358.71, 4159553.82, 1.89 ], [ 282358.52, 4159552.3, 1.48 ], [ 282358.91, 4159551.24, 1.14 ], [ 282360.96, 4159553.84, 1.67 ], [ 282359.39, 4159553.98, 0.8 ], [ 282359.74, 4159554.79, 0.85 ], [ 282356.74, 4159557.14, 1.09 ], [ 282357.66, 4159554.62, 0.89 ], [ 282356.24, 4159550.11, 0.63 ], [ 282357.2, 4159549.07, 0.53 ], [ 282358.91, 4159551.24, 0.63 ], [ 282358.52, 4159552.3, 0.71 ], [ 282358.71, 4159553.82, 0.81 ] ], "f": [ [ [ 0, 1, 2, 3, 4, 5, 6, 7 ] ], [ [ 8, 9, 10, 11, 12, 13 ] ], [ [ 14, 15, 16, 17, 18, 19, 20, 21, 22 ] ], [ [ 18, 0, 7, 19 ] ], [ [ 16, 2, 1, 17 ] ], [ [ 17, 1, 0, 18 ] ], [ [ 10, 22, 21, 11 ] ], [ [ 11, 21, 20, 12 ] ], [ [ 9, 14, 22, 10 ] ], [ [ 8, 15, 14, 9 ] ] ] }, "roof_props": null, "wall_color": "sand", "wall_color_source": "assessor", "type": "yes", "landmark": null, "footprint_source": "osm", "source_updated": null, "is_part": false, "parent": null, "hidden": false, "addr": "2217 West Grace Street", "wikidata": null, "website": null, "zoning": "R-48", "lidar_p90": 9.02, "ground_z": 64.92 }, "geometry": { "type": "Polygon", "coordinates": [ [ [ 282355.43, 4159558.16 ], [ 282360.96, 4159553.84 ], [ 282347.13, 4159536.29 ], [ 282341.6, 4159540.61 ], [ 282355.43, 4159558.16 ] ] ] } },
{ "type": "Feature", "properties": { "id": "richmond_structure:276068", "name": null, "height": 2.78, "min_height": 0.0, "levels": null, "height_source": "lidar", "roof_shape": "flat", "roof_height": 0.36, "roof_azimuth": null, "roof_source": "lod2", "roof_color": "roof_flat", "roof_color_source": "ortho", "lod2_roof": { "v": [ [ 282312.17, 4159543.7, 0.03 ], [ 282316.05, 4159548.47, 0.36 ], [ 282311.88, 4159551.69, 0.33 ], [ 282308.12, 4159546.83, 0.0 ] ], "f": [ [ [ 0, 1, 2, 3 ] ] ] }, "roof_props": null, "wall_color": "brick", "wall_color_source": "assessor", "type": "yes", "landmark": null, "footprint_source": "richmond_structures", "source_updated": "2026-09-08T12:07:13.637000Z", "is_part": false, "parent": null, "hidden": false, "addr": null, "wikidata": null, "website": null, "zoning": "R-48", "lidar_p90": 2.84, "ground_z": 65.27 }, "geometry": { "type": "Polygon", "coordinates": [ [ [ 282313.15, 4159542.94 ], [ 282308.12, 4159546.83 ], [ 282311.88, 4159551.7 ], [ 282316.92, 4159547.8 ], [ 282313.15, 4159542.94 ] ] ] } },
{ "type": "Feature", "properties": { "id": "richmond_structure:274171", "name": null, "height": 8.0, "min_height": 0.0, "levels": null, "height_source": "zoning", "roof_shape": "flat", "roof_height": 0.0, "roof_azimuth": null, "roof_source": "heuristic", "roof_color": "roof_flat", "roof_color_source": "heuristic", "lod2_roof": null, "roof_props": null, "wall_color": "brick_dark", "wall_color_source": "assessor", "type": "yes", "landmark": null, "footprint_source": "richmond_structures", "source_updated": "2026-09-08T12:07:13.637000Z", "is_part": false, "parent": null, "hidden": false, "addr": null, "wikidata": null, "website": null, "zoning": "R-48", "lidar_p90": 3.79, "ground_z": 65.26 }, "geometry": { "type": "Polygon", "coordinates": [ [ [ 282333.71, 4159548.38 ], [ 282333.18, 4159547.7 ], [ 282333.64, 4159547.34 ], [ 282331.87, 4159544.92 ], [ 282327.62, 4159547.9 ], [ 282329.95, 4159551.09 ], [ 282333.71, 4159548.38 ] ] ] } },
{ "type": "Feature", "properties": { "id": "osm:way/393020482", "name": null, "height": 10.42, "min_height": 0.0, "levels": null, "height_source": "lidar", "roof_shape": "flat", "roof_height": 0.32, "roof_azimuth": null, "roof_source": "lod2", "roof_color": "roof_flat", "roof_color_source": "ortho", "lod2_roof": { "v": [ [ 282353.74, 4159559.34, 0.21 ], [ 282351.27, 4159561.27, 0.0 ], [ 282338.7, 4159546.54, 0.0 ], [ 282342.41, 4159543.64, 0.32 ], [ 282342.41, 4159543.64, 0.0 ], [ 282353.74, 4159559.34, 0.0 ] ], "f": [ [ [ 0, 1, 2, 3 ] ], [ [ 3, 4, 5, 0 ] ] ] }, "roof_props": null, "wall_color": "brick_dark", "wall_color_source": "assessor", "type": "yes", "landmark": null, "footprint_source": "osm", "source_updated": null, "is_part": false, "parent": null, "hidden": false, "addr": "2219 West Grace Street", "wikidata": null, "website": null, "zoning": "R-48", "lidar_p90": 10.88, "ground_z": 64.99 }, "geometry": { "type": "Polygon", "coordinates": [ [ [ 282349.98, 4159562.28 ], [ 282355.1, 4159558.28 ], [ 282343.13, 4159543.08 ], [ 282338.01, 4159547.08 ], [ 282349.98, 4159562.28 ] ] ] } },
{ "type": "Feature", "properties": { "id": "osm:way/394253333", "name": null, "height": 8.55, "min_height": 0.0, "levels": null, "height_source": "lidar", "roof_shape": "flat", "roof_height": 0.0, "roof_azimuth": null, "roof_source": "heuristic", "roof_color": "roof_flat", "roof_color_source": "ortho", "lod2_roof": null, "roof_props": null, "wall_color": "terracotta", "wall_color_source": "assessor", "type": "yes", "landmark": null, "footprint_source": "osm", "source_updated": null, "is_part": false, "parent": null, "hidden": false, "addr": "2222 Monument Avenue", "wikidata": null, "website": null, "zoning": "R-6", "lidar_p90": 13.6, "ground_z": 65.34 }, "geometry": { "type": "Polygon", "coordinates": [ [ [ 282300.12, 4159537.7 ], [ 282289.99, 4159524.68 ], [ 282288.53, 4159525.8 ], [ 282280.97, 4159516.09 ], [ 282277.19, 4159518.99 ], [ 282276.37, 4159517.94 ], [ 282272.06, 4159521.26 ], [ 282281.53, 4159533.44 ], [ 282282.76, 4159532.49 ], [ 282288.61, 4159540.01 ], [ 282289.59, 4159539.25 ], [ 282290.17, 4159539.99 ], [ 282288.71, 4159541.11 ], [ 282291.33, 4159544.49 ], [ 282300.12, 4159537.7 ] ] ] } },
{ "type": "Feature", "properties": { "id": "osm:way/393020426", "name": null, "height": 11.15, "min_height": 0.0, "levels": null, "height_source": "lidar", "roof_shape": "flat", "roof_height": 0.0, "roof_azimuth": null, "roof_source": "heuristic", "roof_color": "roof_flat", "roof_color_source": "ortho", "lod2_roof": null, "roof_props": null, "wall_color": "brick", "wall_color_source": "assessor", "type": "yes", "landmark": null, "footprint_source": "osm", "source_updated": null, "is_part": false, "parent": null, "hidden": false, "addr": "2226 Monument Avenue", "wikidata": null, "website": null, "zoning": "R-6", "lidar_p90": 12.69, "ground_z": 65.62 }, "geometry": { "type": "Polygon", "coordinates": [ [ [ 282281.44, 4159548.74 ], [ 282285.56, 4159545.5 ], [ 282279.8, 4159538.26 ], [ 282280.8, 4159537.47 ], [ 282277.71, 4159533.57 ], [ 282278.99, 4159532.57 ], [ 282272.62, 4159524.57 ], [ 282266.23, 4159529.6 ], [ 282281.44, 4159548.74 ] ] ] } },
{ "type": "Feature", "properties": { "id": "richmond_structure:276314", "name": null, "height": 4.15, "min_height": 0.0, "levels": null, "height_source": "lidar", "roof_shape": "flat", "roof_height": 0.0, "roof_azimuth": null, "roof_source": "heuristic", "roof_color": "roof_flat", "roof_color_source": "heuristic", "lod2_roof": null, "roof_props": null, "wall_color": "cream", "wall_color_source": "assessor", "type": "yes", "landmark": null, "footprint_source": "richmond_structures", "source_updated": "2026-09-08T12:07:13.637000Z", "is_part": false, "parent": null, "hidden": false, "addr": null, "wikidata": null, "website": null, "zoning": "R-6", "lidar_p90": 4.54, "ground_z": 65.33 }, "geometry": { "type": "Polygon", "coordinates": [ [ [ 282306.75, 4159532.67 ], [ 282301.06, 4159537.2 ], [ 282304.71, 4159541.95 ], [ 282310.43, 4159537.35 ], [ 282306.75, 4159532.67 ] ] ] } },
{ "type": "Feature", "properties": { "id": "osm:way/393020470", "name": null, "height": 11.73, "min_height": 0.0, "levels": null, "height_source": "lidar", "roof_shape": "flat", "roof_height": 0.0, "roof_azimuth": null, "roof_source": "heuristic", "roof_color": "roof_flat", "roof_color_source": "ortho", "lod2_roof": null, "roof_props": null, "wall_color": "cream", "wall_color_source": "assessor", "type": "yes", "landmark": null, "footprint_source": "osm", "source_updated": null, "is_part": false, "parent": null, "hidden": false, "addr": "2230 Monument Avenue", "wikidata": null, "website": null, "zoning": "R-6", "lidar_p90": 13.99, "ground_z": 65.64 }, "geometry": { "type": "Polygon", "coordinates": [ [ [ 282262.2, 4159559.89 ], [ 282269.51, 4159554.2 ], [ 282267.01, 4159551.0 ], [ 282269.11, 4159549.37 ], [ 282257.94, 4159535.11 ], [ 282255.31, 4159537.16 ], [ 282253.3, 4159534.58 ], [ 282249.14, 4159537.82 ], [ 282251.44, 4159540.76 ], [ 282248.82, 4159542.8 ], [ 282262.2, 4159559.89 ] ] ] } },
{ "type": "Feature", "properties": { "id": "richmond_structure:274101", "name": null, "height": 2.83, "min_height": 0.0, "levels": null, "height_source": "lidar", "roof_shape": "flat", "roof_height": 0.69, "roof_azimuth": null, "roof_source": "lod2", "roof_color": "slate", "roof_color_source": "ortho", "lod2_roof": { "v": [ [ 282292.38, 4159559.83, 0.68 ], [ 282296.75, 4159565.35, 0.69 ], [ 282295.2, 4159566.51, 0.04 ], [ 282290.86, 4159560.72, 0.09 ], [ 282291.88, 4159559.2, 0.68 ], [ 282293.64, 4159557.89, 0.0 ], [ 282298.53, 4159564.02, 0.0 ] ], "f": [ [ [ 0, 1, 2, 3 ] ], [ [ 0, 4, 5, 6, 1 ] ] ] }, "roof_props": null, "wall_color": "terracotta", "wall_color_source": "assessor", "type": "yes", "landmark": null, "footprint_source": "richmond_structures", "source_updated": "2026-09-08T12:07:13.637000Z", "is_part": false, "parent": null, "hidden": false, "addr": null, "wikidata": null, "website": null, "zoning": "R-48", "lidar_p90": 3.09, "ground_z": 65.59 }, "geometry": { "type": "Polygon", "coordinates": [ [ [ 282294.86, 4159556.97 ], [ 282290.5, 4159560.24 ], [ 282295.19, 4159566.51 ], [ 282299.56, 4159563.25 ], [ 282294.86, 4159556.97 ] ] ] } },
{ "type": "Feature", "properties": { "id": "osm:way/1131822381", "name": null, "height": 2.85, "min_height": 0.0, "levels": null, "height_source": "lidar", "roof_shape": "flat", "roof_height": 0.63, "roof_azimuth": null, "roof_source": "lod2", "roof_color": "slate", "roof_color_source": "ortho", "lod2_roof": { "v": [ [ 282263.47, 4159564.82, 0.53 ], [ 282268.37, 4159561.1, 0.63 ], [ 282272.37, 4159566.33, 0.1 ], [ 282267.48, 4159570.04, 0.0 ] ], "f": [ [ [ 0, 1, 2, 3 ] ] ] }, "roof_props": null, "wall_color": "terracotta", "wall_color_source": "assessor", "type": "yes", "landmark": null, "footprint_source": "osm", "source_updated": null, "is_part": false, "parent": null, "hidden": false, "addr": null, "wikidata": null, "website": null, "zoning": "R-6", "lidar_p90": 2.91, "ground_z": 65.45 }, "geometry": { "type": "Polygon", "coordinates": [ [ [ 282267.48, 4159570.04 ], [ 282272.37, 4159566.33 ], [ 282268.37, 4159561.1 ], [ 282263.47, 4159564.82 ], [ 282267.48, 4159570.04 ] ] ] } },
{ "type": "Feature", "properties": { "id": "osm:way/393020463", "name": null, "height": 5.81, "min_height": 0.0, "levels": null, "height_source": "lidar", "roof_shape": "skillion", "roof_height": 1.54, "roof_azimuth": 100.9, "roof_source": "lod2", "roof_color": "roof_flat", "roof_color_source": "ortho", "lod2_roof": { "v": [ [ 282258.95, 4159572.3, 1.5 ], [ 282262.21, 4159572.78, 0.58 ], [ 282257.55, 4159576.42, 0.66 ], [ 282256.1, 4159574.58, 1.54 ], [ 282259.44, 4159567.59, 0.18 ], [ 282253.85, 4159571.73, 0.17 ], [ 282258.51, 4159567.68, 0.0 ], [ 282259.46, 4159567.41, 0.14 ], [ 282263.27, 4159571.96, 0.03 ] ], "f": [ [ [ 0, 1, 2, 3 ] ], [ [ 4, 0, 3, 5, 6 ] ], [ [ 7, 8, 1, 0, 4 ] ] ] }, "roof_props": null, "wall_color": "terracotta", "wall_color_source": "assessor", "type": "yes", "landmark": null, "footprint_source": "osm", "source_updated": null, "is_part": false, "parent": null, "hidden": false, "addr": null, "wikidata": null, "website": null, "zoning": "R-6", "lidar_p90": 7.11, "ground_z": 65.51 }, "geometry": { "type": "Polygon", "coordinates": [ [ [ 282253.27, 4159571.0 ], [ 282257.55, 4159576.42 ], [ 282264.26, 4159571.18 ], [ 282259.98, 4159565.75 ], [ 282253.27, 4159571.0 ] ] ] } },
{ "type": "Feature", "properties": { "id": "osm:way/393020492", "name": null, "height": 7.87, "min_height": 0.0, "levels": null, "height_source": "lidar", "roof_shape": "flat", "roof_height": 4.2, "roof_azimuth": null, "roof_source": "lod2", "roof_color": "roof_flat", "roof_color_source": "ortho", "lod2_roof": { "v": [ [ 282315.88, 4159591.51, 2.71 ], [ 282314.44, 4159591.94, 2.07 ], [ 282314.04, 4159591.44, 2.29 ], [ 282315.08, 4159590.59, 3.08 ], [ 282315.39, 4159590.34, 3.31 ], [ 282315.08, 4159590.59, 3.31 ], [ 282314.04, 4159591.44, 3.3 ], [ 282312.34, 4159589.27, 1.76 ], [ 282317.31, 4159585.14, 1.8 ], [ 282319.17, 4159587.51, 3.47 ], [ 282317.32, 4159588.94, 3.42 ], [ 282318.19, 4159590.05, 4.2 ], [ 282304.02, 4159573.06, 0.0 ], [ 282303.59, 4159572.56, 0.68 ], [ 282305.67, 4159570.63, 0.69 ], [ 282305.68, 4159570.62, 0.69 ], [ 282305.99, 4159571.24, 0.0 ], [ 282312.41, 4159580.31, 1.39 ], [ 282312.12, 4159579.82, 1.35 ], [ 282310.44, 4159580.03, 1.94 ], [ 282310.11, 4159580.07, 2.06 ], [ 282309.9, 4159579.82, 2.06 ], [ 282309.96, 4159579.07, 1.86 ], [ 282308.04, 4159575.3, 1.51 ], [ 282307.02, 4159573.99, 1.51 ], [ 282307.19, 4159573.62, 1.36 ], [ 282305.68, 4159570.62, 1.09 ], [ 282305.81, 4159570.51, 1.02 ], [ 282313.25, 4159579.97, 1.03 ], [ 282310.9, 4159580.92, 1.35 ], [ 282313.25, 4159579.97, 1.41 ], [ 282300.03, 4159573.61, 0.58 ], [ 282302.69, 4159571.53, 0.6 ], [ 282306.25, 4159575.63, 0.93 ], [ 282309.9, 4159579.82, 1.26 ], [ 282310.11, 4159580.07, 1.28 ], [ 282310.44, 4159580.03, 1.29 ], [ 282315.88, 4159591.51, 0.0 ], [ 282314.44, 4159591.94, 0.0 ], [ 282306.25, 4159575.63, 0.0 ], [ 282307.19, 4159573.62, 0.0 ], [ 282307.02, 4159573.99, 0.0 ] ], "f": [ [ [ 0, 1, 2, 3 ] ], [ [ 4, 5, 6, 7, 8, 9, 10, 11 ] ], [ [ 12, 13, 14, 15, 16 ] ], [ [ 17, 18, 19, 20, 21, 22, 23, 24, 25, 26, 27, 28 ] ], [ [ 29, 17, 30, 8, 7, 31, 32, 13, 33, 34, 35, 36 ] ], [ [ 5, 3, 2, 6 ] ], [ [ 0, 37, 38, 1 ] ], [ [ 20, 35, 34, 21 ] ], [ [ 28, 30, 17 ] ], [ [ 39, 33, 13, 12 ] ], [ [ 25, 40, 16, 15, 26 ] ], [ [ 19, 36, 35, 20 ] ], [ [ 24, 41, 40, 25 ] ] ] }, "roof_props": null, "wall_color": "brick", "wall_color_source": "assessor", "type": "yes", "landmark": null, "footprint_source": "osm", "source_updated": null, "is_part": false, "parent": null, "hidden": false, "addr": "2231 West Grace Street", "wikidata": null, "website": null, "zoning": "R-48", "lidar_p90": 8.89, "ground_z": 65.73 }, "geometry": { "type": "Polygon", "coordinates": [ [ [ 282315.59, 4159593.41 ], [ 282318.84, 4159590.87 ], [ 282317.32, 4159588.95 ], [ 282319.17, 4159587.51 ], [ 282305.12, 4159569.63 ], [ 282300.03, 4159573.61 ], [ 282315.59, 4159593.41 ] ] ] } },
{ "type": "Feature", "properties": { "id": "osm:way/393020433", "name": null, "height": 8.41, "min_height": 0.0, "levels": null, "height_source": "lidar", "roof_shape": "flat", "roof_height": 0.0, "roof_azimuth": null, "roof_source": "heuristic", "roof_color": "roof_flat", "roof_color_source": "ortho", "lod2_roof": null, "roof_props": null, "wall_color": "brick", "wall_color_source": "assessor", "type": "yes", "landmark": null, "footprint_source": "osm", "source_updated": null, "is_part": false, "parent": null, "hidden": false, "addr": "2221 West Grace Street", "wikidata": null, "website": null, "zoning": "R-48", "lidar_p90": 9.4, "ground_z": 65.05 }, "geometry": { "type": "Polygon", "coordinates": [ [ [ 282343.2, 4159567.37 ], [ 282348.98, 4159562.84 ], [ 282335.4, 4159545.61 ], [ 282329.62, 4159550.12 ], [ 282343.2, 4159567.37 ] ] ] } },
{ "type": "Feature", "properties": { "id": "osm:way/393020494", "name": null, "height": 8.66, "min_height": 0.0, "levels": null, "height_source": "lidar", "roof_shape": "flat", "roof_height": 0.0, "roof_azimuth": null, "roof_source": "heuristic", "roof_color": "roof_flat", "roof_color_source": "ortho", "lod2_roof": null, "roof_props": null, "wall_color": "brick", "wall_color_source": "assessor", "type": "yes", "landmark": null, "footprint_source": "osm", "source_updated": null, "is_part": false, "parent": null, "hidden": false, "addr": "2223 West Grace Street", "wikidata": null, "website": null, "zoning": "R-48", "lidar_p90": 9.36, "ground_z": 65.24 }, "geometry": { "type": "Polygon", "coordinates": [ [ [ 282338.31, 4159571.94 ], [ 282343.49, 4159567.89 ], [ 282328.47, 4159548.84 ], [ 282323.29, 4159552.89 ], [ 282338.31, 4159571.94 ] ] ] } },
{ "type": "Feature", "properties": { "id": "osm:way/393020439", "name": null, "height": 8.52, "min_height": 0.0, "levels": null, "height_source": "lidar", "roof_shape": "flat", "roof_height": 0.0, "roof_azimuth": null, "roof_source": "heuristic", "roof_color": "roof_flat", "roof_color_source": "ortho", "lod2_roof": null, "roof_props": null, "wall_color": "cream", "wall_color_source": "assessor", "type": "yes", "landmark": null, "footprint_source": "osm", "source_updated": null, "is_part": false, "parent": null, "hidden": false, "addr": "2225 West Grace Street", "wikidata": null, "website": null, "zoning": "R-48", "lidar_p90": 9.56, "ground_z": 65.36 }, "geometry": { "type": "Polygon", "coordinates": [ [ [ 282317.35, 4159557.46 ], [ 282332.86, 4159577.17 ], [ 282337.91, 4159573.23 ], [ 282322.4, 4159553.52 ], [ 282317.35, 4159557.46 ] ] ] } },
{ "type": "Feature", "properties": { "id": "osm:way/394253343", "name": null, "height": 7.06, "min_height": 0.0, "levels": null, "height_source": "lidar", "roof_shape": "flat", "roof_height": 0.0, "roof_azimuth": null, "roof_source": "heuristic", "roof_color": "roof_flat", "roof_color_source": "ortho", "lod2_roof": null, "roof_props": null, "wall_color": "brick_dark", "wall_color_source": "assessor", "type": "yes", "landmark": null, "footprint_source": "osm", "source_updated": null, "is_part": false, "parent": null, "hidden": false, "addr": "2208 West Grace Street", "wikidata": null, "website": null, "zoning": "R-48", "lidar_p90": 9.13, "ground_z": 64.77 }, "geometry": { "type": "Polygon", "coordinates": [ [ [ 282410.63, 4159576.84 ], [ 282396.57, 4159559.02 ], [ 282390.44, 4159563.81 ], [ 282405.07, 4159581.19 ], [ 282410.63, 4159576.84 ] ] ] } },
{ "type": "Feature", "properties": { "id": "osm:way/393020432", "name": null, "height": 7.64, "min_height": 0.0, "levels": null, "height_source": "lidar", "roof_shape": "flat", "roof_height": 2.14, "roof_azimuth": null, "roof_source": "lod2", "roof_color": "roof_flat", "roof_color_source": "ortho", "lod2_roof": { "v": [ [ 282323.46, 4159583.26, 2.14 ], [ 282319.08, 4159586.68, 2.1 ], [ 282318.49, 4159585.92, 1.52 ], [ 282322.33, 4159581.98, 1.13 ], [ 282308.33, 4159573.03, 0.09 ], [ 282305.34, 4159569.24, 0.26 ], [ 282307.77, 4159567.34, 0.0 ], [ 282308.63, 4159570.6, 0.0 ], [ 282308.26, 4159570.97, 0.04 ], [ 282317.67, 4159576.75, 0.47 ], [ 282322.33, 4159581.98, 0.95 ], [ 282318.49, 4159585.92, 0.95 ], [ 282309.79, 4159574.89, 0.0 ], [ 282312.36, 4159572.3, 0.0 ], [ 282316.79, 4159577.46, 0.46 ], [ 282308.26, 4159570.97, 0.0 ], [ 282308.33, 4159573.03, 0.0 ] ], "f": [ [ [ 0, 1, 2, 3 ] ], [ [ 4, 5, 6, 7, 8 ] ], [ [ 9, 10, 11, 12, 13, 14 ] ], [ [ 8, 15, 16, 4 ] ], [ [ 15, 8, 7 ] ], [ [ 2, 11, 10, 3 ] ] ] }, "roof_props": null, "wall_color": "brick", "wall_color_source": "assessor", "type": "yes", "landmark": null, "footprint_source": "osm", "source_updated": null, "is_part": false, "parent": null, "hidden": false, "addr": "2229 West Grace Street", "wikidata": null, "website": null, "zoning": "R-48", "lidar_p90": 8.87, "ground_z": 65.55 }, "geometry": { "type": "Polygon", "coordinates": [ [ [ 282319.08, 4159586.68 ], [ 282324.44, 4159582.5 ], [ 282310.69, 4159565.06 ], [ 282305.34, 4159569.24 ], [ 282319.08, 4159586.68 ] ] ] } },
{ "type": "Feature", "properties": { "id": "osm:way/394253342", "name": null, "height": 8.83, "min_height": 0.0, "levels": null, "height_source": "lidar", "roof_shape": "flat", "roof_height": 0.0, "roof_azimuth": null, "roof_source": "heuristic", "roof_color": "roof_flat", "roof_color_source": "ortho", "lod2_roof": null, "roof_props": null, "wall_color": "brick", "wall_color_source": "assessor", "type": "yes", "landmark": null, "footprint_source": "osm", "source_updated": null, "is_part": false, "parent": null, "hidden": false, "addr": "2210 West Grace Street", "wikidata": null, "website": null, "zoning": "R-48", "lidar_p90": 10.72, "ground_z": 64.88 }, "geometry": { "type": "Polygon", "coordinates": [ [ [ 282396.24, 4159574.88 ], [ 282397.09, 4159574.25 ], [ 282391.44, 4159566.74 ], [ 282390.02, 4159566.42 ], [ 282387.64, 4159568.33 ], [ 282387.39, 4159569.81 ], [ 282385.74, 4159570.99 ], [ 282395.58, 4159584.08 ], [ 282396.38, 4159583.48 ], [ 282398.35, 4159586.09 ], [ 282400.74, 4159586.81 ], [ 282403.61, 4159584.67 ], [ 282396.24, 4159574.88 ] ] ] } },
{ "type": "Feature", "properties": { "id": "osm:way/394253341", "name": null, "height": 7.05, "min_height": 0.0, "levels": null, "height_source": "lidar", "roof_shape": "flat", "roof_height": 0.0, "roof_azimuth": null, "roof_source": "heuristic", "roof_color": "roof_flat", "roof_color_source": "ortho", "lod2_roof": null, "roof_props": null, "wall_color": "brick_dark", "wall_color_source": "assessor", "type": "yes", "landmark": null, "footprint_source": "osm", "source_updated": null, "is_part": false, "parent": null, "hidden": false, "addr": "2212 West Grace Street", "wikidata": null, "website": null, "zoning": "R-48", "lidar_p90": 8.91, "ground_z": 65.04 }, "geometry": { "type": "Polygon", "coordinates": [ [ [ 282397.71, 4159588.18 ], [ 282383.85, 4159570.22 ], [ 282382.01, 4159571.62 ], [ 282382.95, 4159572.83 ], [ 282380.93, 4159574.38 ], [ 282379.83, 4159572.97 ], [ 282377.46, 4159574.79 ], [ 282391.87, 4159592.64 ], [ 282397.71, 4159588.18 ] ] ] } },
{ "type": "Feature", "properties": { "id": "osm:way/394253340", "name": null, "height": 8.23, "min_height": 0.0, "levels": null, "height_source": "lidar", "roof_shape": "flat", "roof_height": 3.21, "roof_azimuth": null, "roof_source": "lod2", "roof_color": "roof_flat", "roof_color_source": "ortho", "lod2_roof": { "v": [ [ 282382.0, 4159586.53, 0.42 ], [ 282389.06, 4159597.99, 0.36 ], [ 282390.44, 4159597.12, 0.26 ], [ 282386.5, 4159600.24, 0.56 ], [ 282376.02, 4159587.13, 0.76 ], [ 282381.91, 4159586.54, 0.43 ], [ 282374.27, 4159579.92, 1.12 ], [ 282375.34, 4159581.29, 3.21 ], [ 282374.12, 4159582.35, 1.98 ], [ 282372.99, 4159583.34, 0.83 ], [ 282372.56, 4159582.8, 0.0 ], [ 282373.02, 4159581.34, 0.0 ], [ 282374.38, 4159580.26, 1.42 ], [ 282377.18, 4159579.7, 1.36 ], [ 282376.47, 4159580.31, 2.07 ], [ 282374.01, 4159579.15, 0.0 ], [ 282374.91, 4159579.02, 0.0 ], [ 282375.82, 4159579.29, 0.55 ], [ 282376.36, 4159579.21, 0.53 ], [ 282376.73, 4159579.56, 1.09 ], [ 282375.34, 4159581.29, 2.03 ], [ 282377.18, 4159579.7, 2.1 ], [ 282378.16, 4159579.99, 1.96 ], [ 282377.33, 4159580.15, 2.01 ], [ 282379.66, 4159582.43, 1.45 ], [ 282379.8, 4159583.32, 1.3 ], [ 282381.91, 4159586.54, 0.61 ], [ 282376.02, 4159587.13, 1.07 ], [ 282372.99, 4159583.34, 1.93 ] ], "f": [ [ [ 0, 1, 2, 3, 4, 5 ] ], [ [ 6, 7, 8, 9, 10, 11, 12 ] ], [ [ 13, 14, 7, 6, 15, 16, 17, 18, 19 ] ], [ [ 20, 14, 21, 22, 23, 24, 25, 26, 27, 28, 8 ] ], [ [ 26, 5, 4, 27 ] ], [ [ 7, 20, 8 ] ], [ [ 28, 9, 8 ] ], [ [ 13, 21, 14 ] ], [ [ 20, 7, 14 ] ] ] }, "roof_props": null, "wall_color": "cream", "wall_color_source": "assessor", "type": "yes", "landmark": null, "footprint_source": "osm", "source_updated": null, "is_part": false, "parent": null, "hidden": false, "addr": "2214 West Grace Street", "wikidata": null, "website": null, "zoning": "R-48", "lidar_p90": 9.7, "ground_z": 65.23 }, "geometry": { "type": "Polygon", "coordinates": [ [ [ 282390.47, 4159597.1 ], [ 282385.8, 4159591.27 ], [ 282385.35, 4159588.92 ], [ 282382.74, 4159586.73 ], [ 282383.89, 4159585.84 ], [ 282377.46, 4159577.45 ], [ 282375.36, 4159577.11 ], [ 282373.8, 4159578.5 ], [ 282374.38, 4159580.26 ], [ 282372.02, 4159582.14 ], [ 282386.5, 4159600.25 ], [ 282390.47, 4159597.1 ] ] ] } },
{ "type": "Feature", "properties": { "id": "osm:way/393020498", "name": null, "height": 3.51, "min_height": 0.0, "levels": null, "height_source": "lidar", "roof_shape": "flat", "roof_height": 0.0, "roof_azimuth": null, "roof_source": "heuristic", "roof_color": "roof_flat", "roof_color_source": "ortho", "lod2_roof": null, "roof_props": null, "wall_color": "sand", "wall_color_source": "assessor", "type": "yes", "landmark": null, "footprint_source": "osm", "source_updated": null, "is_part": false, "parent": null, "hidden": false, "addr": "2216 West Grace Street", "wikidata": null, "website": null, "zoning": "R-48", "lidar_p90": 4.15, "ground_z": 65.18 }, "geometry": { "type": "Polygon", "coordinates": [ [ [ 282385.81, 4159608.96 ], [ 282389.66, 4159605.91 ], [ 282371.26, 4159582.86 ], [ 282367.41, 4159585.9 ], [ 282385.81, 4159608.96 ] ] ] } },
{ "type": "Feature", "properties": { "id": "osm:way/394253339", "name": null, "height": 8.05, "min_height": 0.0, "levels": null, "height_source": "lidar", "roof_shape": "flat", "roof_height": 2.06, "roof_azimuth": null, "roof_source": "lod2", "roof_color": "roof_flat", "roof_color_source": "ortho", "lod2_roof": { "v": [ [ 282376.95, 4159608.55, 0.4 ], [ 282374.76, 4159606.87, 0.61 ], [ 282374.65, 4159605.66, 0.41 ], [ 282374.33, 4159605.26, 0.41 ], [ 282374.99, 4159604.74, 0.16 ], [ 282375.17, 4159604.78, 0.12 ], [ 282377.64, 4159607.82, 0.09 ], [ 282366.13, 4159594.95, 1.64 ], [ 282371.9, 4159602.2, 1.22 ], [ 282371.93, 4159604.13, 1.17 ], [ 282373.72, 4159604.49, 1.09 ], [ 282374.33, 4159605.26, 1.05 ], [ 282374.65, 4159605.66, 1.02 ], [ 282374.76, 4159606.87, 0.98 ], [ 282376.95, 4159608.55, 0.86 ], [ 282373.83, 4159611.87, 0.88 ], [ 282373.01, 4159610.79, 0.94 ], [ 282372.27, 4159611.36, 0.95 ], [ 282363.99, 4159600.52, 1.56 ], [ 282364.35, 4159598.88, 1.59 ], [ 282363.33, 4159597.54, 1.67 ], [ 282362.1, 4159598.46, 1.69 ], [ 282357.55, 4159592.45, 2.03 ], [ 282357.7, 4159592.32, 2.02 ], [ 282357.21, 4159591.69, 2.06 ], [ 282359.31, 4159590.94, 2.0 ], [ 282361.26, 4159589.28, 1.98 ], [ 282361.3, 4159588.89, 1.99 ], [ 282361.47, 4159589.1, 1.98 ], [ 282362.24, 4159588.44, 1.97 ], [ 282371.9, 4159602.2, 0.0 ], [ 282371.93, 4159604.13, 0.0 ], [ 282357.55, 4159592.45, 0.0 ], [ 282357.7, 4159592.32, 0.0 ], [ 282374.33, 4159605.26, 0.0 ], [ 282374.99, 4159604.74, 0.0 ], [ 282376.95, 4159608.55, 0.0 ], [ 282373.83, 4159611.87, 0.0 ], [ 282373.72, 4159604.49, 0.0 ], [ 282359.31, 4159590.94, 0.0 ], [ 282361.26, 4159589.28, 0.0 ], [ 282361.3, 4159588.89, 0.0 ], [ 282361.47, 4159589.1, 0.0 ], [ 282362.24, 4159588.44, 0.0 ], [ 282375.17, 4159604.78, 0.0 ], [ 282357.21, 4159591.69, 0.0 ] ], "f": [ [ [ 0, 1, 2, 3, 4, 5, 6 ] ], [ [ 7, 8, 9, 10, 11, 12, 13, 14, 15, 16, 17, 18, 19, 20, 21, 22, 23, 24, 25, 26, 27, 28, 29 ] ], [ [ 8, 30, 31, 9 ] ], [ [ 22, 32, 33, 23 ] ], [ [ 3, 34, 35, 4 ] ], [ [ 11, 3, 2, 12 ] ], [ [ 14, 0, 36, 37, 15 ] ], [ [ 9, 31, 38, 10 ] ], [ [ 25, 39, 40, 26 ] ], [ [ 26, 40, 41, 27 ] ], [ [ 27, 41, 42, 28 ] ], [ [ 28, 42, 43, 29 ] ], [ [ 4, 35, 44, 5 ] ], [ [ 24, 45, 39, 25 ] ], [ [ 23, 33, 45, 24 ] ], [ [ 12, 2, 1, 13 ] ], [ [ 10, 38, 34, 3, 11 ] ], [ [ 13, 1, 0, 14 ] ] ] }, "roof_props": null, "wall_color": "brick", "wall_color_source": "assessor", "type": "yes", "landmark": null, "footprint_source": "osm", "source_updated": null, "is_part": false, "parent": null, "hidden": false, "addr": "2218 West Grace Street", "wikidata": null, "website": null, "zoning": "R-48", "lidar_p90": 8.85, "ground_z": 64.93 }, "geometry": { "type": "Polygon", "coordinates": [ [ [ 282381.25, 4159608.74 ], [ 282373.76, 4159598.96 ], [ 282371.55, 4159600.64 ], [ 282371.35, 4159598.37 ], [ 282369.74, 4159597.23 ], [ 282370.27, 4159595.85 ], [ 282362.34, 4159585.37 ], [ 282355.86, 4159590.22 ], [ 282362.1, 4159598.46 ], [ 282363.33, 4159597.54 ], [ 282364.35, 4159598.88 ], [ 282363.99, 4159600.52 ], [ 282372.27, 4159611.36 ], [ 282373.01, 4159610.79 ], [ 282375.04, 4159613.45 ], [ 282381.25, 4159608.74 ] ] ] } },
{ "type": "Feature", "properties": { "id": "osm:way/393020438", "name": null, "height": 7.87, "min_height": 0.0, "levels": null, "height_source": "lidar", "roof_shape": "flat", "roof_height": 0.0, "roof_azimuth": null, "roof_source": "heuristic", "roof_color": "roof_flat", "roof_color_source": "ortho", "lod2_roof": null, "roof_props": null, "wall_color": "brick", "wall_color_source": "assessor", "type": "yes", "landmark": null, "footprint_source": "osm", "source_updated": null, "is_part": false, "parent": null, "hidden": false, "addr": "2233 West Grace Street", "wikidata": null, "website": null, "zoning": "R-48", "lidar_p90": 8.84, "ground_z": 65.64 }, "geometry": { "type": "Polygon", "coordinates": [ [ [ 282308.59, 4159594.55 ], [ 282310.44, 4159593.12 ], [ 282311.6, 4159593.91 ], [ 282313.15, 4159593.63 ], [ 282313.94, 4159592.38 ], [ 282299.78, 4159574.19 ], [ 282295.38, 4159577.59 ], [ 282308.59, 4159594.55 ] ] ] } },
{ "type": "Feature", "properties": { "id": "richmond_structure:420545", "name": null, "height": 8.0, "min_height": 0.0, "levels": null, "height_source": "zoning", "roof_shape": "flat", "roof_height": 0.0, "roof_azimuth": null, "roof_source": "heuristic", "roof_color": "roof_flat", "roof_color_source": "heuristic", "lod2_roof": null, "roof_props": null, "wall_color": "brick_dark", "wall_color_source": "assessor", "type": "yes", "landmark": null, "footprint_source": "richmond_structures", "source_updated": "2026-09-08T12:07:13.637000Z", "is_part": false, "parent": null, "hidden": false, "addr": null, "wikidata": null, "website": null, "zoning": "R-48", "lidar_p90": 1.5, "ground_z": 65.67 }, "geometry": { "type": "Polygon", "coordinates": [ [ [ 282263.26, 4159581.51 ], [ 282260.01, 4159584.07 ], [ 282263.92, 4159589.02 ], [ 282267.17, 4159586.46 ], [ 282263.26, 4159581.51 ] ] ] } },
{ "type": "Feature", "properties": { "id": "osm:way/393020508", "name": null, "height": 7.98, "min_height": 0.0, "levels": null, "height_source": "lidar", "roof_shape": "flat", "roof_height": 3.27, "roof_azimuth": null, "roof_source": "lod2", "roof_color": "roof_flat", "roof_color_source": "ortho", "lod2_roof": { "v": [ [ 282293.86, 4159581.39, 0.58 ], [ 282292.97, 4159583.53, 0.76 ], [ 282292.85, 4159585.34, 0.86 ], [ 282290.15, 4159581.9, 0.87 ], [ 282293.98, 4159578.91, 0.44 ], [ 282294.56, 4159579.74, 0.44 ], [ 282299.28, 4159586.52, 1.46 ], [ 282294.56, 4159579.74, 1.3 ], [ 282293.98, 4159578.91, 1.29 ], [ 282294.96, 4159578.14, 0.83 ], [ 282301.52, 4159586.49, 0.81 ], [ 282300.78, 4159586.5, 1.02 ], [ 282292.97, 4159583.53, 0.42 ], [ 282293.86, 4159581.39, 0.37 ], [ 282297.99, 4159586.54, 0.86 ], [ 282299.28, 4159586.52, 0.94 ], [ 282301.52, 4159586.49, 1.06 ], [ 282307.04, 4159593.51, 1.73 ], [ 282302.19, 4159597.22, 1.63 ], [ 282292.85, 4159585.34, 0.51 ], [ 282308.17, 4159596.43, 3.26 ], [ 282304.35, 4159599.55, 3.27 ], [ 282304.15, 4159599.71, 3.27 ], [ 282308.88, 4159595.85, 3.26 ], [ 282304.35, 4159599.55, 0.9 ], [ 282308.17, 4159596.43, 0.92 ], [ 282308.42, 4159598.63, 0.77 ], [ 282308.46, 4159599.02, 0.74 ], [ 282307.09, 4159600.08, 0.74 ], [ 282305.8, 4159599.53, 0.83 ], [ 282305.22, 4159599.72, 0.85 ], [ 282305.17, 4159600.42, 0.81 ], [ 282304.66, 4159599.95, 0.86 ], [ 282305.22, 4159599.72, 0.0 ], [ 282305.17, 4159600.42, 0.0 ], [ 282305.8, 4159599.53, 0.0 ], [ 282304.35, 4159599.55, 0.0 ], [ 282304.15, 4159599.71, 0.0 ], [ 282304.66, 4159599.95, 0.0 ], [ 282307.09, 4159600.08, 0.0 ], [ 282308.17, 4159596.43, 0.0 ], [ 282308.42, 4159598.63, 0.0 ], [ 282308.88, 4159595.85, 0.0 ] ], "f": [ [ [ 0, 1, 2, 3, 4, 5 ] ], [ [ 6, 7, 8, 9, 10, 11 ] ], [ [ 12, 13, 14, 15, 11, 16, 17, 18, 19 ] ], [ [ 20, 21, 22, 18, 17, 23 ] ], [ [ 24, 25, 26, 27, 28, 29, 30, 31, 32 ] ], [ [ 30, 33, 34, 31 ] ], [ [ 29, 35, 33, 30 ] ], [ [ 21, 24, 36, 37, 22 ] ], [ [ 32, 38, 36, 24 ] ], [ [ 15, 6, 11 ] ], [ [ 10, 16, 11 ] ], [ [ 7, 5, 4, 8 ] ], [ [ 31, 34, 38, 32 ] ], [ [ 1, 12, 19, 2 ] ], [ [ 0, 13, 12, 1 ] ], [ [ 28, 39, 35, 29 ] ], [ [ 25, 40, 41, 26 ] ], [ [ 23, 42, 40, 25, 20 ] ], [ [ 20, 25, 24, 21 ] ] ] }, "roof_props": null, "wall_color": "brick", "wall_color_source": "assessor", "type": "yes", "landmark": null, "footprint_source": "osm", "source_updated": null, "is_part": false, "parent": null, "hidden": false, "addr": "2235 West Grace Street", "wikidata": null, "website": null, "zoning": "R-48", "lidar_p90": 9.62, "ground_z": 65.67 }, "geometry": { "type": "Polygon", "coordinates": [ [ [ 282305.45, 4159601.36 ], [ 282310.27, 4159597.61 ], [ 282294.96, 4159578.14 ], [ 282290.15, 4159581.9 ], [ 282305.45, 4159601.36 ] ] ] } },
{ "type": "Feature", "properties": { "id": "richmond_structure:274167", "name": null, "height": 2.69, "min_height": 0.0, "levels": null, "height_source": "lidar", "roof_shape": "flat", "roof_height": 0.87, "roof_azimuth": null, "roof_source": "lod2", "roof_color": "roof_flat", "roof_color_source": "heuristic", "lod2_roof": { "v": [ [ 282257.8, 4159594.69, 0.8 ], [ 282253.47, 4159589.22, 0.0 ], [ 282257.46, 4159586.07, 0.06 ], [ 282261.79, 4159591.53, 0.87 ] ], "f": [ [ [ 0, 1, 2, 3 ] ] ] }, "roof_props": null, "wall_color": "brick_dark", "wall_color_source": "assessor", "type": "yes", "landmark": null, "footprint_source": "richmond_structures", "source_updated": "2026-09-08T12:07:13.637000Z", "is_part": false, "parent": null, "hidden": false, "addr": null, "wikidata": null, "website": null, "zoning": "R-48", "lidar_p90": 3.11, "ground_z": 65.51 }, "geometry": { "type": "Polygon", "coordinates": [ [ [ 282261.79, 4159591.53 ], [ 282257.46, 4159586.07 ], [ 282253.47, 4159589.22 ], [ 282257.8, 4159594.69 ], [ 282261.79, 4159591.53 ] ] ] } },
{ "type": "Feature", "properties": { "id": "osm:way/394253337", "name": null, "height": 6.93, "min_height": 0.0, "levels": null, "height_source": "lidar", "roof_shape": "gable", "roof_height": 1.17, "roof_azimuth": 127.9, "roof_source": "lidar", "roof_color": "roof_flat", "roof_color_source": "ortho", "lod2_roof": null, "roof_props": null, "wall_color": "cream", "wall_color_source": "assessor", "type": "yes", "landmark": null, "footprint_source": "osm", "source_updated": null, "is_part": false, "parent": null, "hidden": false, "addr": "2237 West Grace Street", "wikidata": null, "website": null, "zoning": "R-48", "lidar_p90": 9.49, "ground_z": 65.39 }, "geometry": { "type": "Polygon", "coordinates": [ [ [ 282298.61, 4159606.58 ], [ 282305.45, 4159601.36 ], [ 282296.59, 4159590.08 ], [ 282294.78, 4159591.48 ], [ 282293.27, 4159589.54 ], [ 282289.57, 4159592.41 ], [ 282291.03, 4159594.29 ], [ 282289.78, 4159595.25 ], [ 282298.61, 4159606.58 ] ] ] } },
{ "type": "Feature", "properties": { "id": "osm:way/393020445", "name": null, "height": 8.47, "min_height": 0.0, "levels": null, "height_source": "lidar", "roof_shape": "flat", "roof_height": 0.0, "roof_azimuth": null, "roof_source": "heuristic", "roof_color": "roof_flat", "roof_color_source": "ortho", "lod2_roof": null, "roof_props": null, "wall_color": "brick_dark", "wall_color_source": "assessor", "type": "yes", "landmark": null, "footprint_source": "osm", "source_updated": null, "is_part": false, "parent": null, "hidden": false, "addr": "2239 West Grace Street", "wikidata": null, "website": null, "zoning": "R-48", "lidar_p90": 10.12, "ground_z": 65.52 }, "geometry": { "type": "Polygon", "coordinates": [ [ [ 282291.29, 4159608.74 ], [ 282292.86, 4159607.64 ], [ 282294.5, 4159609.77 ], [ 282298.61, 4159606.58 ], [ 282282.93, 4159586.57 ], [ 282277.42, 4159590.88 ], [ 282291.29, 4159608.74 ] ] ] } },
{ "type": "Feature", "properties": { "id": "osm:way/394253336", "name": null, "height": 6.94, "min_height": 0.0, "levels": null, "height_source": "lidar", "roof_shape": "gable", "roof_height": 3.7, "roof_azimuth": 128.1, "roof_source": "lod2", "roof_color": "roof_flat", "roof_color_source": "ortho", "lod2_roof": { "v": [ [ 282286.82, 4159607.01, 1.52 ], [ 282282.35, 4159610.64, 1.51 ], [ 282275.74, 4159602.21, 0.84 ], [ 282281.75, 4159597.52, 0.88 ], [ 282284.43, 4159601.75, 1.18 ], [ 282282.53, 4159601.89, 1.11 ], [ 282286.69, 4159606.95, 1.52 ], [ 282288.68, 4159607.92, 3.31 ], [ 282283.52, 4159612.13, 3.31 ], [ 282288.54, 4159607.79, 3.14 ], [ 282289.69, 4159608.95, 3.63 ], [ 282288.68, 4159607.92, 3.51 ], [ 282288.54, 4159607.79, 3.49 ], [ 282287.35, 4159606.58, 3.36 ], [ 282286.82, 4159607.01, 3.49 ], [ 282286.69, 4159606.95, 3.49 ], [ 282282.53, 4159601.89, 2.83 ], [ 282284.43, 4159601.75, 2.63 ], [ 282281.75, 4159597.52, 2.02 ], [ 282282.21, 4159597.16, 1.9 ], [ 282291.29, 4159608.74, 3.44 ], [ 282290.27, 4159609.54, 3.7 ], [ 282289.69, 4159608.95, 2.03 ], [ 282289.26, 4159610.08, 1.5 ], [ 282289.38, 4159610.22, 1.33 ], [ 282288.33, 4159611.04, 1.36 ], [ 282289.28, 4159612.24, 0.0 ], [ 282287.82, 4159613.42, 0.0 ], [ 282285.47, 4159613.34, 1.38 ], [ 282285.24, 4159613.04, 1.72 ], [ 282284.5, 4159613.38, 1.89 ], [ 282285.47, 4159613.34, 0.0 ] ], "f": [ [ [ 0, 1, 2, 3, 4, 5, 6 ] ], [ [ 7, 8, 1, 0, 9 ] ], [ [ 10, 11, 12, 13, 14, 15, 16, 17, 18, 19, 20, 21 ] ], [ [ 8, 7, 22, 23, 24, 25, 26, 27, 28, 29, 30 ] ], [ [ 15, 6, 5, 16 ] ], [ [ 31, 28, 27 ] ], [ [ 11, 7, 9, 12 ] ], [ [ 17, 4, 3, 18 ] ], [ [ 16, 5, 4, 17 ] ], [ [ 14, 0, 6, 15 ] ], [ [ 10, 22, 7, 11 ] ] ] }, "roof_props": null, "wall_color": "brick", "wall_color_source": "assessor", "type": "yes", "landmark": null, "footprint_source": "osm", "source_updated": null, "is_part": false, "parent": null, "hidden": false, "addr": "2241 West Grace Street", "wikidata": null, "website": null, "zoning": "R-48", "lidar_p90": 9.14, "ground_z": 65.5 }, "geometry": { "type": "Polygon", "coordinates": [ [ [ 282289.75, 4159612.84 ], [ 282288.33, 4159611.04 ], [ 282291.29, 4159608.74 ], [ 282282.21, 4159597.16 ], [ 282275.74, 4159602.21 ], [ 282284.5, 4159613.38 ], [ 282285.24, 4159613.04 ], [ 282286.85, 4159615.1 ], [ 282289.75, 4159612.84 ] ] ] } },
{ "type": "Feature", "properties": { "id": "osm:way/393020522", "name": null, "height": 11.18, "min_height": 0.0, "levels": null, "height_source": "lidar", "roof_shape": "flat", "roof_height": 0.0, "roof_azimuth": null, "roof_source": "heuristic", "roof_color": "slate", "roof_color_source": "ortho", "lod2_roof": null, "roof_props": null, "wall_color": "brick_dark", "wall_color_source": "assessor", "type": "yes", "landmark": null, "footprint_source": "osm", "source_updated": null, "is_part": false, "parent": null, "hidden": false, "addr": "2243 West Grace Street", "wikidata": null, "website": null, "zoning": "R-48", "lidar_p90": 12.7, "ground_z": 65.22 }, "geometry": { "type": "Polygon", "coordinates": [ [ [ 282277.07, 4159619.36 ], [ 282278.08, 4159618.58 ], [ 282279.57, 4159620.47 ], [ 282285.18, 4159616.11 ], [ 282268.82, 4159595.25 ], [ 282262.2, 4159600.4 ], [ 282277.07, 4159619.36 ] ] ] } },
{ "type": "Feature", "properties": { "id": "osm:way/394253338", "name": null, "height": 6.35, "min_height": 0.0, "levels": null, "height_source": "lidar", "roof_shape": "flat", "roof_height": 3.59, "roof_azimuth": null, "roof_source": "lod2", "roof_color": "roof_flat", "roof_color_source": "ortho", "lod2_roof": { "v": [ [ 282365.11, 4159604.11, 2.72 ], [ 282364.35, 4159603.81, 2.76 ], [ 282363.92, 4159602.59, 2.74 ], [ 282363.49, 4159602.05, 2.75 ], [ 282364.24, 4159601.57, 2.67 ], [ 282367.01, 4159605.19, 2.61 ], [ 282366.34, 4159605.69, 2.69 ], [ 282353.19, 4159593.58, 1.98 ], [ 282353.32, 4159593.75, 1.98 ], [ 282354.49, 4159595.3, 1.95 ], [ 282351.76, 4159596.77, 2.16 ], [ 282351.3, 4159595.67, 2.16 ], [ 282350.89, 4159595.09, 2.16 ], [ 282351.03, 4159595.01, 2.15 ], [ 282350.52, 4159593.81, 2.15 ], [ 282351.12, 4159593.36, 2.1 ], [ 282362.47, 4159602.69, 2.72 ], [ 282356.64, 4159593.96, 3.5 ], [ 282355.94, 4159592.91, 3.59 ], [ 282357.1, 4159592.14, 3.45 ], [ 282361.7, 4159598.15, 2.84 ], [ 282360.9, 4159598.76, 2.94 ], [ 282361.74, 4159599.86, 2.82 ], [ 282362.49, 4159599.29, 2.73 ], [ 282364.24, 4159601.57, 2.5 ], [ 282363.49, 4159602.05, 2.59 ], [ 282353.32, 4159593.75, 1.24 ], [ 282354.31, 4159593.21, 1.24 ], [ 282354.05, 4159593.68, 1.24 ], [ 282356.64, 4159593.96, 1.23 ], [ 282362.47, 4159602.69, 1.2 ], [ 282363.49, 4159602.05, 1.2 ], [ 282363.92, 4159602.59, 1.19 ], [ 282364.35, 4159603.81, 1.19 ], [ 282365.11, 4159604.11, 1.19 ], [ 282366.34, 4159605.69, 1.18 ], [ 282365.93, 4159605.99, 1.18 ], [ 282367.11, 4159607.54, 1.18 ], [ 282366.01, 4159608.6, 1.18 ], [ 282366.17, 4159609.08, 1.17 ], [ 282363.52, 4159611.1, 1.18 ], [ 282362.12, 4159609.26, 1.18 ], [ 282360.5, 4159610.49, 1.18 ], [ 282355.85, 4159604.4, 1.21 ], [ 282356.51, 4159603.91, 1.21 ], [ 282355.95, 4159603.18, 1.21 ], [ 282354.83, 4159604.03, 1.21 ], [ 282349.61, 4159597.21, 1.24 ], [ 282351.36, 4159595.89, 1.24 ], [ 282350.79, 4159595.14, 1.24 ], [ 282350.89, 4159595.09, 1.24 ], [ 282351.3, 4159595.67, 1.24 ], [ 282351.76, 4159596.77, 1.24 ], [ 282354.49, 4159595.3, 1.23 ], [ 282355.94, 4159592.91, 0.0 ], [ 282357.1, 4159592.14, 0.0 ] ], "f": [ [ [ 0, 1, 2, 3, 4, 5, 6 ] ], [ [ 7, 8, 9, 10, 11, 12, 13, 14, 15 ] ], [ [ 16, 17, 18, 19, 20, 21, 22, 23, 24, 25 ] ], [ [ 26, 27, 28, 29, 30, 31, 32, 33, 34, 35, 36, 37, 38, 39, 40, 41, 42, 43, 44, 45, 46, 47, 48, 49, 50, 51, 52, 53 ] ], [ [ 9, 53, 52, 10 ] ], [ [ 10, 52, 51, 11 ] ], [ [ 3, 25, 24, 4 ] ], [ [ 25, 31, 30, 16 ] ], [ [ 6, 35, 34, 0 ] ], [ [ 2, 32, 31, 25, 3 ] ], [ [ 1, 33, 32, 2 ] ], [ [ 18, 54, 55, 19 ] ], [ [ 0, 34, 33, 1 ] ], [ [ 11, 51, 50, 12 ] ], [ [ 8, 26, 53, 9 ] ], [ [ 16, 30, 29, 17 ] ] ] }, "roof_props": null, "wall_color": "brick_dark", "wall_color_source": "assessor", "type": "yes", "landmark": null, "footprint_source": "osm", "source_updated": null, "is_part": false, "parent": null, "hidden": false, "addr": "2220 West Grace Street", "wikidata": null, "website": null, "zoning": "R-48", "lidar_p90": 7.22, "ground_z": 65.23 }, "geometry": { "type": "Polygon", "coordinates": [ [ [ 282367.52, 4159608.06 ], [ 282365.93, 4159605.99 ], [ 282367.01, 4159605.19 ], [ 282362.49, 4159599.29 ], [ 282361.74, 4159599.86 ], [ 282360.9, 4159598.76 ], [ 282361.7, 4159598.15 ], [ 282356.82, 4159591.77 ], [ 282355.62, 4159592.69 ], [ 282354.28, 4159590.95 ], [ 282350.05, 4159594.17 ], [ 282351.36, 4159595.89 ], [ 282349.61, 4159597.22 ], [ 282354.83, 4159604.03 ], [ 282355.95, 4159603.18 ], [ 282356.51, 4159603.91 ], [ 282355.85, 4159604.4 ], [ 282360.5, 4159610.49 ], [ 282362.12, 4159609.26 ], [ 282363.52, 4159611.1 ], [ 282367.52, 4159608.06 ] ] ] } },
{ "type": "Feature", "properties": { "id": "osm:way/393020448", "name": null, "height": 8.54, "min_height": 0.0, "levels": null, "height_source": "lidar", "roof_shape": "flat", "roof_height": 1.72, "roof_azimuth": null, "roof_source": "lod2", "roof_color": "roof_flat", "roof_color_source": "ortho", "lod2_roof": { "v": [ [ 282361.51, 4159617.1, 0.35 ], [ 282361.26, 4159616.76, 0.34 ], [ 282351.87, 4159603.97, 0.0 ], [ 282361.94, 4159616.71, 0.0 ], [ 282359.14, 4159621.15, 0.28 ], [ 282344.46, 4159602.22, 1.72 ], [ 282348.01, 4159598.71, 1.68 ], [ 282361.51, 4159617.1, 0.32 ], [ 282362.56, 4159618.53, 0.21 ], [ 282348.01, 4159598.71, 0.0 ] ], "f": [ [ [ 0, 1, 2, 3 ] ], [ [ 4, 5, 6, 1, 7, 8 ] ], [ [ 6, 9, 2, 1 ] ] ] }, "roof_props": null, "wall_color": "cream", "wall_color_source": "assessor", "type": "yes", "landmark": null, "footprint_source": "osm", "source_updated": null, "is_part": false, "parent": null, "hidden": false, "addr": "2222 West Grace Street", "wikidata": null, "website": null, "zoning": "R-48", "lidar_p90": 9.51, "ground_z": 65.2 }, "geometry": { "type": "Polygon", "coordinates": [ [ [ 282363.29, 4159617.97 ], [ 282357.54, 4159610.55 ], [ 282358.61, 4159609.73 ], [ 282349.35, 4159597.79 ], [ 282347.87, 4159597.61 ], [ 282346.21, 4159599.0 ], [ 282346.14, 4159600.53 ], [ 282344.26, 4159601.96 ], [ 282359.14, 4159621.15 ], [ 282363.29, 4159617.97 ] ] ] } },
{ "type": "Feature", "properties": { "id": "osm:way/393020514", "name": null, "height": 7.77, "min_height": 0.0, "levels": null, "height_source": "lidar", "roof_shape": "gable", "roof_height": 2.51, "roof_azimuth": 127.9, "roof_source": "lod2", "roof_color": "roof_flat", "roof_color_source": "ortho", "lod2_roof": { "v": [ [ 282344.37, 4159604.83, 1.84 ], [ 282346.49, 4159607.54, 1.46 ], [ 282343.33, 4159608.2, 1.65 ], [ 282340.5, 4159609.59, 1.75 ], [ 282339.06, 4159607.71, 2.01 ], [ 282342.55, 4159602.68, 2.14 ], [ 282343.85, 4159604.22, 1.92 ], [ 282349.92, 4159609.98, 1.81 ], [ 282349.01, 4159610.75, 1.81 ], [ 282346.49, 4159607.54, 2.15 ], [ 282344.37, 4159604.83, 2.44 ], [ 282343.85, 4159604.22, 2.51 ], [ 282344.95, 4159603.37, 2.5 ], [ 282350.13, 4159610.02, 1.8 ], [ 282350.01, 4159610.1, 1.8 ], [ 282349.39, 4159610.59, 1.1 ], [ 282356.99, 4159620.36, 0.89 ], [ 282353.55, 4159623.02, 1.06 ], [ 282349.36, 4159617.63, 1.18 ], [ 282348.35, 4159617.71, 1.22 ], [ 282345.12, 4159613.5, 1.3 ], [ 282344.1, 4159614.27, 1.35 ], [ 282340.5, 4159609.59, 1.45 ], [ 282343.33, 4159608.2, 1.32 ], [ 282346.49, 4159607.54, 1.19 ], [ 282349.01, 4159610.75, 1.12 ], [ 282349.92, 4159609.98, 1.07 ], [ 282350.01, 4159610.1, 1.07 ], [ 282339.06, 4159607.71, 0.0 ], [ 282342.55, 4159602.68, 0.0 ], [ 282343.85, 4159604.22, 0.0 ], [ 282344.95, 4159603.37, 0.0 ] ], "f": [ [ [ 0, 1, 2, 3, 4, 5, 6 ] ], [ [ 7, 8, 9, 10, 11, 12, 13, 14 ] ], [ [ 15, 16, 17, 18, 19, 20, 21, 22, 23, 24, 25, 26, 27 ] ], [ [ 4, 28, 29, 5 ] ], [ [ 1, 24, 23, 2 ] ], [ [ 14, 27, 26, 7 ] ], [ [ 5, 29, 30, 6 ] ], [ [ 11, 6, 30, 31, 12 ] ], [ [ 10, 0, 6, 11 ] ], [ [ 2, 23, 22, 3 ] ], [ [ 8, 25, 24, 1, 9 ] ], [ [ 9, 1, 0, 10 ] ], [ [ 7, 26, 25, 8 ] ] ] }, "roof_props": null, "wall_color": "cream", "wall_color_source": "assessor", "type": "yes", "landmark": null, "footprint_source": "osm", "source_updated": null, "is_part": false, "parent": null, "hidden": false, "addr": "2224 West Grace Street", "wikidata": null, "website": null, "zoning": "R-48", "lidar_p90": 9.45, "ground_z": 65.11 }, "geometry": { "type": "Polygon", "coordinates": [ [ [ 282344.1, 4159614.27 ], [ 282345.12, 4159613.5 ], [ 282348.35, 4159617.71 ], [ 282349.36, 4159617.63 ], [ 282353.55, 4159623.02 ], [ 282356.99, 4159620.36 ], [ 282349.39, 4159610.59 ], [ 282350.12, 4159610.02 ], [ 282344.09, 4159602.27 ], [ 282342.21, 4159601.87 ], [ 282340.5, 4159603.21 ], [ 282340.48, 4159605.02 ], [ 282338.28, 4159606.7 ], [ 282344.1, 4159614.27 ] ] ] } },
{ "type": "Feature", "properties": { "id": "osm:way/1131822383", "name": null, "height": 6.09, "min_height": 0.0, "levels": null, "height_source": "lidar", "roof_shape": "flat", "roof_height": 0.72, "roof_azimuth": null, "roof_source": "lod2", "roof_color": "concrete", "roof_color_source": "ortho", "lod2_roof": { "v": [ [ 282381.81, 4159624.4, 0.0 ], [ 282377.51, 4159619.06, 0.67 ], [ 282383.98, 4159613.89, 0.72 ], [ 282388.41, 4159619.39, 0.03 ], [ 282384.53, 4159622.49, 0.0 ] ], "f": [ [ [ 0, 1, 2, 3, 4 ] ] ] }, "roof_props": null, "wall_color": "brick", "wall_color_source": "assessor", "type": "yes", "landmark": null, "footprint_source": "osm", "source_updated": null, "is_part": false, "parent": null, "hidden": false, "addr": null, "wikidata": null, "website": null, "zoning": "R-48", "lidar_p90": 6.18, "ground_z": 63.36 }, "geometry": { "type": "Polygon", "coordinates": [ [ [ 282377.51, 4159619.06 ], [ 282381.94, 4159624.56 ], [ 282388.41, 4159619.4 ], [ 282383.98, 4159613.89 ], [ 282377.51, 4159619.06 ] ] ] } },
{ "type": "Feature", "properties": { "id": "osm:way/393020441", "name": null, "height": 8.04, "min_height": 0.0, "levels": null, "height_source": "lidar", "roof_shape": "flat", "roof_height": 1.05, "roof_azimuth": null, "roof_source": "lod2", "roof_color": "roof_flat", "roof_color_source": "ortho", "lod2_roof": { "v": [ [ 282337.63, 4159609.49, 0.38 ], [ 282333.98, 4159614.07, 0.32 ], [ 282332.48, 4159612.16, 0.46 ], [ 282336.9, 4159608.37, 0.46 ], [ 282341.79, 4159612.51, 0.46 ], [ 282342.44, 4159615.78, 0.16 ], [ 282340.36, 4159613.72, 0.42 ], [ 282337.63, 4159609.49, 0.9 ], [ 282336.9, 4159608.37, 1.02 ], [ 282337.87, 4159607.53, 1.05 ], [ 282342.44, 4159615.78, 0.03 ], [ 282342.76, 4159617.43, 0.03 ], [ 282346.89, 4159623.81, 0.03 ], [ 282348.24, 4159623.22, 0.03 ], [ 282352.87, 4159629.37, 0.03 ], [ 282348.64, 4159632.67, 0.0 ], [ 282333.98, 4159614.07, 0.0 ], [ 282337.63, 4159609.49, 0.03 ], [ 282340.36, 4159613.72, 0.03 ] ], "f": [ [ [ 0, 1, 2, 3 ] ], [ [ 4, 5, 6, 7, 8, 9 ] ], [ [ 10, 11, 12, 13, 14, 15, 16, 17, 18 ] ], [ [ 7, 0, 3, 8 ] ], [ [ 0, 17, 16, 1 ] ], [ [ 6, 18, 17, 0, 7 ] ], [ [ 5, 10, 18, 6 ] ] ] }, "roof_props": null, "wall_color": "brick", "wall_color_source": "assessor", "type": "yes", "landmark": null, "footprint_source": "osm", "source_updated": null, "is_part": false, "parent": null, "hidden": false, "addr": "2226 West Grace Street", "wikidata": null, "website": null, "zoning": "R-48", "lidar_p90": 8.68, "ground_z": 64.93 }, "geometry": { "type": "Polygon", "coordinates": [ [ [ 282348.64, 4159632.68 ], [ 282354.23, 4159628.31 ], [ 282337.56, 4159607.14 ], [ 282331.96, 4159611.5 ], [ 282348.64, 4159632.68 ] ] ] } },
{ "type": "Feature", "properties": { "id": "osm:way/393020435", "name": null, "height": 7.94, "min_height": 0.0, "levels": null, "height_source": "lidar", "roof_shape": "flat", "roof_height": 0.72, "roof_azimuth": null, "roof_source": "lod2", "roof_color": "roof_flat", "roof_color_source": "ortho", "lod2_roof": { "v": [ [ 282331.72, 4159612.06, 0.61 ], [ 282343.5, 4159627.01, 0.0 ], [ 282337.77, 4159631.56, 0.11 ], [ 282325.95, 4159616.57, 0.72 ], [ 282343.5, 4159627.01, 0.55 ], [ 282348.19, 4159632.96, 0.41 ], [ 282342.42, 4159637.47, 0.35 ], [ 282337.77, 4159631.56, 0.48 ] ], "f": [ [ [ 0, 1, 2, 3 ] ], [ [ 4, 5, 6, 7 ] ], [ [ 7, 2, 1, 4 ] ] ] }, "roof_props": null, "wall_color": "brick_dark", "wall_color_source": "assessor", "type": "yes", "landmark": null, "footprint_source": "osm", "source_updated": null, "is_part": false, "parent": null, "hidden": false, "addr": "2228 West Grace Street", "wikidata": null, "website": null, "zoning": "R-48", "lidar_p90": 8.48, "ground_z": 64.87 }, "geometry": { "type": "Polygon", "coordinates": [ [ [ 282342.42, 4159637.47 ], [ 282348.19, 4159632.97 ], [ 282331.72, 4159612.07 ], [ 282325.95, 4159616.57 ], [ 282342.42, 4159637.47 ] ] ] } },
{ "type": "Feature", "properties": { "id": "osm:way/393020486", "name": null, "height": 8.32, "min_height": 0.0, "levels": null, "height_source": "lidar", "roof_shape": "flat", "roof_height": 2.93, "roof_azimuth": null, "roof_source": "lod2", "roof_color": "roof_flat", "roof_color_source": "ortho", "lod2_roof": { "v": [ [ 282323.56, 4159620.78, 2.93 ], [ 282322.3, 4159619.53, 0.74 ], [ 282323.56, 4159618.53, 0.0 ], [ 282323.65, 4159618.5, 0.0 ], [ 282324.3, 4159619.13, 1.1 ], [ 282324.65, 4159619.46, 1.69 ], [ 282334.83, 4159637.45, 0.12 ], [ 282336.39, 4159636.96, 0.0 ], [ 282336.56, 4159637.24, 0.0 ], [ 282336.94, 4159637.85, 0.0 ], [ 282334.47, 4159639.78, 0.23 ], [ 282332.6, 4159637.4, 0.25 ], [ 282328.62, 4159621.93, 0.61 ], [ 282328.3, 4159621.55, 0.62 ], [ 282326.07, 4159620.84, 0.99 ], [ 282324.65, 4159619.46, 1.08 ], [ 282323.63, 4159618.48, 1.15 ], [ 282325.36, 4159617.13, 0.57 ], [ 282329.12, 4159621.89, 0.49 ], [ 282323.0, 4159621.46, 2.65 ], [ 282321.88, 4159621.76, 1.51 ], [ 282320.8, 4159622.06, 0.4 ], [ 282321.48, 4159620.47, 0.31 ], [ 282321.16, 4159620.59, 0.0 ], [ 282321.29, 4159620.32, 0.0 ], [ 282330.08, 4159626.66, 0.73 ], [ 282334.69, 4159634.18, 0.0 ], [ 282332.08, 4159636.74, 0.0 ], [ 282320.57, 4159622.13, 1.56 ], [ 282320.8, 4159622.06, 1.55 ], [ 282323.0, 4159621.46, 1.46 ], [ 282323.56, 4159620.78, 1.47 ], [ 282324.65, 4159619.46, 1.48 ], [ 282326.07, 4159620.84, 1.32 ], [ 282327.32, 4159622.04, 1.17 ], [ 282328.62, 4159621.93, 1.1 ], [ 282329.12, 4159621.89, 1.07 ], [ 282333.65, 4159627.64, 0.46 ], [ 282332.16, 4159626.21, 0.63 ], [ 282320.57, 4159622.13, 0.0 ], [ 282320.8, 4159622.06, 0.0 ], [ 282332.6, 4159637.4, 0.0 ], [ 282334.83, 4159637.45, 0.0 ], [ 282321.48, 4159620.47, 0.0 ], [ 282323.63, 4159618.48, 0.0 ] ], "f": [ [ [ 0, 1, 2, 3, 4, 5 ] ], [ [ 6, 7, 8, 9, 10, 11 ] ], [ [ 12, 13, 14, 15, 4, 16, 17, 18 ] ], [ [ 0, 19, 20, 21, 22, 23, 24, 1 ] ], [ [ 25, 26, 27, 28, 29, 20, 30, 31, 32, 33, 34, 35, 36, 37, 38 ] ], [ [ 28, 39, 40, 21, 29 ] ], [ [ 11, 41, 42, 6 ] ], [ [ 22, 43, 23 ] ], [ [ 21, 40, 43, 22 ] ], [ [ 15, 32, 5, 4 ] ], [ [ 44, 16, 4, 3 ] ], [ [ 5, 32, 31, 0 ] ], [ [ 19, 30, 20 ] ], [ [ 29, 21, 20 ] ], [ [ 32, 15, 14, 33 ] ], [ [ 35, 12, 18, 36 ] ], [ [ 6, 42, 7 ] ], [ [ 0, 31, 30, 19 ] ] ] }, "roof_props": null, "wall_color": "brick", "wall_color_source": "assessor", "type": "yes", "landmark": null, "footprint_source": "osm", "source_updated": null, "is_part": false, "parent": null, "hidden": false, "addr": "2230 West Grace Street", "wikidata": null, "website": null, "zoning": "R-48", "lidar_p90": 9.3, "ground_z": 65.15 }, "geometry": { "type": "Polygon", "coordinates": [ [ [ 282334.47, 4159639.78 ], [ 282339.88, 4159635.55 ], [ 282325.36, 4159617.13 ], [ 282319.96, 4159621.36 ], [ 282334.47, 4159639.78 ] ] ] } },
{ "type": "Feature", "properties": { "id": "osm:way/1131822367", "name": null, "height": 2.5, "min_height": 0.0, "levels": null, "height_source": "lidar", "roof_shape": "flat", "roof_height": 0.41, "roof_azimuth": null, "roof_source": "lod2", "roof_color": "roof_flat", "roof_color_source": "ortho", "lod2_roof": { "v": [ [ 282364.32, 4159629.82, 0.39 ], [ 282369.45, 4159625.79, 0.41 ], [ 282373.02, 4159630.28, 0.02 ], [ 282367.9, 4159634.32, 0.0 ] ], "f": [ [ [ 0, 1, 2, 3 ] ] ] }, "roof_props": null, "wall_color": "cream", "wall_color_source": "assessor", "type": "yes", "landmark": null, "footprint_source": "osm", "source_updated": null, "is_part": false, "parent": null, "hidden": false, "addr": null, "wikidata": null, "website": null, "zoning": "R-48", "lidar_p90": 2.7, "ground_z": 63.84 }, "geometry": { "type": "Polygon", "coordinates": [ [ [ 282367.9, 4159634.32 ], [ 282373.02, 4159630.28 ], [ 282369.45, 4159625.79 ], [ 282364.32, 4159629.82 ], [ 282367.9, 4159634.32 ] ] ] } },
{ "type": "Feature", "properties": { "id": "osm:way/393020466", "name": null, "height": 8.45, "min_height": 0.0, "levels": null, "height_source": "lidar", "roof_shape": "flat", "roof_height": 0.0, "roof_azimuth": null, "roof_source": "heuristic", "roof_color": "roof_flat", "roof_color_source": "ortho", "lod2_roof": null, "roof_props": null, "wall_color": "brick_dark", "wall_color_source": "assessor", "type": "yes", "landmark": null, "footprint_source": "osm", "source_updated": null, "is_part": false, "parent": null, "hidden": false, "addr": "2232 West Grace Street", "wikidata": null, "website": null, "zoning": "R-48", "lidar_p90": 9.32, "ground_z": 65.11 }, "geometry": { "type": "Polygon", "coordinates": [ [ [ 282327.24, 4159643.58 ], [ 282332.94, 4159639.12 ], [ 282319.39, 4159621.92 ], [ 282313.69, 4159626.36 ], [ 282327.24, 4159643.58 ] ] ] } },
{ "type": "Feature", "properties": { "id": "osm:way/1131822379", "name": null, "height": 2.5, "min_height": 0.0, "levels": null, "height_source": "lidar", "roof_shape": "flat", "roof_height": 0.43, "roof_azimuth": null, "roof_source": "lod2", "roof_color": "roof_flat", "roof_color_source": "ortho", "lod2_roof": { "v": [ [ 282359.18, 4159633.86, 0.39 ], [ 282364.32, 4159629.82, 0.43 ], [ 282367.9, 4159634.32, 0.03 ], [ 282362.76, 4159638.37, 0.0 ] ], "f": [ [ [ 0, 1, 2, 3 ] ] ] }, "roof_props": null, "wall_color": "brick", "wall_color_source": "assessor", "type": "yes", "landmark": null, "footprint_source": "osm", "source_updated": null, "is_part": false, "parent": null, "hidden": false, "addr": null, "wikidata": null, "website": null, "zoning": "R-48", "lidar_p90": 2.66, "ground_z": 63.78 }, "geometry": { "type": "Polygon", "coordinates": [ [ [ 282362.76, 4159638.37 ], [ 282367.9, 4159634.32 ], [ 282364.32, 4159629.82 ], [ 282359.18, 4159633.86 ], [ 282362.76, 4159638.37 ] ] ] } },
{ "type": "Feature", "properties": { "id": "osm:way/393020428", "name": null, "height": 8.89, "min_height": 0.0, "levels": null, "height_source": "lidar", "roof_shape": "flat", "roof_height": 0.0, "roof_azimuth": null, "roof_source": "heuristic", "roof_color": "concrete", "roof_color_source": "ortho", "lod2_roof": null, "roof_props": null, "wall_color": "terracotta", "wall_color_source": "assessor", "type": "yes", "landmark": null, "footprint_source": "osm", "source_updated": null, "is_part": false, "parent": null, "hidden": false, "addr": "2301 West Grace Street", "wikidata": null, "website": null, "zoning": "R-48", "lidar_p90": 10.16, "ground_z": 65.26 }, "geometry": { "type": "Polygon", "coordinates": [ [ [ 282262.33, 4159630.88 ], [ 282245.77, 4159610.08 ], [ 282239.94, 4159614.68 ], [ 282256.49, 4159635.49 ], [ 282262.33, 4159630.88 ] ] ] } },
{ "type": "Feature", "properties": { "id": "richmond_structure:274213", "name": null, "height": 4.29, "min_height": 0.0, "levels": null, "height_source": "lidar", "roof_shape": "flat", "roof_height": 0.0, "roof_azimuth": null, "roof_source": "heuristic", "roof_color": "roof_dark", "roof_color_source": "heuristic", "lod2_roof": null, "roof_props": null, "wall_color": "brick_dark", "wall_color_source": "assessor", "type": "yes", "landmark": null, "footprint_source": "richmond_structures", "source_updated": "2026-09-08T12:07:13.637000Z", "is_part": false, "parent": null, "hidden": false, "addr": null, "wikidata": null, "website": null, "zoning": "R-48", "lidar_p90": 8.64, "ground_z": 65.16 }, "geometry": { "type": "Polygon", "coordinates": [ [ [ 282313.05, 4159628.14 ], [ 282311.34, 4159625.93 ], [ 282306.08, 4159629.99 ], [ 282307.78, 4159632.2 ], [ 282313.05, 4159628.14 ] ] ] } },
{ "type": "Feature", "properties": { "id": "osm:way/393020412", "name": null, "height": 7.95, "min_height": 0.0, "levels": null, "height_source": "lidar", "roof_shape": "flat", "roof_height": 1.15, "roof_azimuth": null, "roof_source": "lod2", "roof_color": "roof_flat", "roof_color_source": "ortho", "lod2_roof": { "v": [ [ 282298.77, 4159638.55, 0.88 ], [ 282311.26, 4159651.14, 0.09 ], [ 282311.14, 4159650.79, 0.1 ], [ 282311.71, 4159651.51, 0.06 ], [ 282311.03, 4159652.76, 0.11 ], [ 282309.84, 4159653.39, 0.2 ], [ 282310.76, 4159655.21, 0.14 ], [ 282307.56, 4159657.72, 0.37 ], [ 282295.0, 4159641.78, 1.15 ], [ 282311.03, 4159652.76, 0.0 ], [ 282309.84, 4159653.39, 0.0 ], [ 282295.0, 4159641.78, 0.0 ], [ 282298.77, 4159638.55, 0.0 ], [ 282311.71, 4159651.51, 0.0 ], [ 282310.76, 4159655.21, 0.0 ] ], "f": [ [ [ 0, 1, 2, 3, 4, 5, 6, 7, 8 ] ], [ [ 4, 9, 10, 5 ] ], [ [ 8, 11, 12, 0 ] ], [ [ 3, 13, 9, 4 ] ], [ [ 5, 10, 14, 6 ] ] ] }, "roof_props": null, "wall_color": "sand", "wall_color_source": "assessor", "type": "yes", "landmark": null, "footprint_source": "osm", "source_updated": null, "is_part": false, "parent": null, "hidden": false, "addr": "2238 West Grace Street", "wikidata": null, "website": null, "zoning": "R-48", "lidar_p90": 8.47, "ground_z": 64.74 }, "geometry": { "type": "Polygon", "coordinates": [ [ [ 282307.55, 4159657.72 ], [ 282313.15, 4159653.34 ], [ 282299.79, 4159636.38 ], [ 282294.19, 4159640.76 ], [ 282307.55, 4159657.72 ] ] ] } },
{ "type": "Feature", "properties": { "id": "osm:way/393020454", "name": null, "height": 8.02, "min_height": 0.0, "levels": null, "height_source": "lidar", "roof_shape": "gable", "roof_height": 1.9, "roof_azimuth": 53.2, "roof_source": "lod2", "roof_color": "roof_flat", "roof_color_source": "ortho", "lod2_roof": { "v": [ [ 282289.48, 4159667.6, 1.08 ], [ 282290.53, 4159669.58, 0.99 ], [ 282290.84, 4159669.41, 0.98 ], [ 282291.1, 4159669.74, 0.96 ], [ 282295.7, 4159675.79, 0.61 ], [ 282292.83, 4159678.04, 0.67 ], [ 282276.63, 4159657.47, 1.9 ], [ 282280.45, 4159654.48, 1.81 ], [ 282290.38, 4159667.13, 1.06 ], [ 282290.84, 4159669.41, 0.0 ], [ 282291.1, 4159669.74, 0.0 ], [ 282290.38, 4159667.13, 0.0 ], [ 282289.48, 4159667.6, 0.0 ], [ 282290.53, 4159669.58, 0.0 ] ], "f": [ [ [ 0, 1, 2, 3, 4, 5, 6, 7, 8 ] ], [ [ 2, 9, 10, 3 ] ], [ [ 8, 11, 12, 0 ] ], [ [ 1, 13, 9, 2 ] ], [ [ 0, 12, 13, 1 ] ] ] }, "roof_props": null, "wall_color": "brick_dark", "wall_color_source": "assessor", "type": "yes", "landmark": null, "footprint_source": "osm", "source_updated": null, "is_part": false, "parent": null, "hidden": false, "addr": "2300 West Grace Street", "wikidata": null, "website": null, "zoning": "R-48", "lidar_p90": 9.6, "ground_z": 64.52 }, "geometry": { "type": "Polygon", "coordinates": [ [ [ 282292.83, 4159678.04 ], [ 282298.3, 4159673.76 ], [ 282282.09, 4159653.2 ], [ 282276.62, 4159657.47 ], [ 282292.83, 4159678.04 ] ] ] } },
{ "type": "Feature", "properties": { "id": "osm:way/393020408", "name": null, "height": 7.91, "min_height": 0.0, "levels": null, "height_source": "lidar", "roof_shape": "flat", "roof_height": 1.01, "roof_azimuth": null, "roof_source": "lod2", "roof_color": "roof_flat", "roof_color_source": "ortho", "lod2_roof": { "v": [ [ 282282.53, 4159668.79, 0.11 ], [ 282283.09, 4159669.82, 0.02 ], [ 282282.89, 4159670.29, 0.0 ], [ 282279.25, 4159672.58, 0.0 ], [ 282270.8, 4159661.86, 0.97 ], [ 282275.71, 4159658.01, 1.01 ], [ 282283.78, 4159668.26, 0.09 ], [ 282283.25, 4159669.47, 0.04 ], [ 282284.17, 4159669.83, 0.44 ], [ 282283.42, 4159669.64, 0.5 ], [ 282283.25, 4159669.47, 0.51 ], [ 282283.78, 4159668.26, 0.36 ], [ 282287.26, 4159672.66, 0.36 ], [ 282286.36, 4159673.22, 0.49 ], [ 282288.06, 4159678.52, 0.0 ], [ 282287.71, 4159679.05, 0.06 ], [ 282285.27, 4159680.23, 0.33 ], [ 282280.12, 4159673.69, 0.31 ], [ 282280.53, 4159672.67, 0.21 ], [ 282281.57, 4159673.28, 0.17 ], [ 282282.31, 4159671.61, 0.0 ], [ 282283.25, 4159669.47, 0.0 ], [ 282282.53, 4159668.79, 0.0 ], [ 282283.09, 4159669.82, 0.0 ], [ 282281.57, 4159673.28, 0.0 ], [ 282280.53, 4159672.67, 0.0 ], [ 282280.12, 4159673.69, 0.0 ], [ 282287.26, 4159672.66, 0.0 ], [ 282286.36, 4159673.22, 0.0 ], [ 282284.17, 4159669.83, 0.0 ], [ 282283.42, 4159669.64, 0.0 ] ], "f": [ [ [ 0, 1, 2, 3, 4, 5, 6, 7 ] ], [ [ 8, 9, 10, 11, 12, 13 ] ], [ [ 14, 15, 16, 17, 18, 19, 20 ] ], [ [ 10, 7, 6, 11 ] ], [ [ 7, 21, 22, 0 ] ], [ [ 19, 24, 20 ] ], [ [ 18, 25, 24, 19 ] ], [ [ 17, 26, 25, 18 ] ], [ [ 12, 27, 28, 13 ] ], [ [ 13, 28, 29, 8 ] ], [ [ 9, 30, 21, 7, 10 ] ], [ [ 8, 29, 30, 9 ] ], [ [ 0, 22, 23, 1 ] ] ] }, "roof_props": null, "wall_color": "brick", "wall_color_source": "assessor", "type": "yes", "landmark": null, "footprint_source": "osm", "source_updated": null, "is_part": false, "parent": null, "hidden": false, "addr": "2302 W Grace St", "wikidata": null, "website": null, "zoning": "R-48", "lidar_p90": 8.46, "ground_z": 65.18 }, "geometry": { "type": "Polygon", "coordinates": [ [ [ 282288.64, 4159684.5 ], [ 282293.55, 4159680.66 ], [ 282275.71, 4159658.01 ], [ 282270.8, 4159661.86 ], [ 282288.64, 4159684.5 ] ] ] } },
{ "type": "Feature", "properties": { "id": "richmond_structure:274271", "name": null, "height": 8.52, "min_height": 0.0, "levels": null, "height_source": "lidar", "roof_shape": "flat", "roof_height": 0.0, "roof_azimuth": null, "roof_source": "heuristic", "roof_color": "roof_flat", "roof_color_source": "heuristic", "lod2_roof": null, "roof_props": null, "wall_color": "brick", "wall_color_source": "assessor", "type": "yes", "landmark": null, "footprint_source": "richmond_structures", "source_updated": "2026-09-08T12:07:13.637000Z", "is_part": false, "parent": null, "hidden": false, "addr": null, "wikidata": null, "website": null, "zoning": "R-48", "lidar_p90": 9.46, "ground_z": 65.58 }, "geometry": { "type": "Polygon", "coordinates": [ [ [ 282256.46, 4159674.45 ], [ 282254.66, 4159672.14 ], [ 282250.61, 4159675.29 ], [ 282252.41, 4159677.6 ], [ 282256.46, 4159674.45 ] ] ] } },
{ "type": "Feature", "properties": { "id": "osm:way/393020418", "name": null, "height": 8.35, "min_height": 0.0, "levels": null, "height_source": "lidar", "roof_shape": "flat", "roof_height": 1.45, "roof_azimuth": null, "roof_source": "lod2", "roof_color": "roof_flat", "roof_color_source": "ortho", "lod2_roof": { "v": [ [ 282308.76, 4159631.98, 1.01 ], [ 282310.89, 4159630.4, 1.03 ], [ 282313.69, 4159628.61, 1.03 ], [ 282318.43, 4159634.63, 0.37 ], [ 282317.97, 4159636.59, 0.24 ], [ 282319.49, 4159638.89, 0.0 ], [ 282315.93, 4159641.08, 0.0 ], [ 282308.41, 4159631.54, 0.0 ], [ 282313.18, 4159627.97, 0.0 ], [ 282313.69, 4159628.61, 1.45 ] ], "f": [ [ [ 0, 1, 2, 3, 4, 5, 6 ] ], [ [ 0, 7, 8, 9, 1 ] ], [ [ 9, 2, 1 ] ] ] }, "roof_props": null, "wall_color": "cream", "wall_color_source": "assessor", "type": "yes", "landmark": null, "footprint_source": "osm", "source_updated": null, "is_part": false, "parent": null, "hidden": false, "addr": "2234 West Grace Street", "wikidata": null, "website": null, "zoning": "R-48", "lidar_p90": 9.04, "ground_z": 65.04 }, "geometry": { "type": "Polygon", "coordinates": [ [ [ 282321.54, 4159648.2 ], [ 282326.23, 4159644.53 ], [ 282312.79, 4159627.48 ], [ 282308.09, 4159631.14 ], [ 282321.54, 4159648.2 ] ] ] } },
{ "type": "Feature", "properties": { "id": "osm:way/393020460", "name": null, "height": 8.35, "min_height": 0.0, "levels": null, "height_source": "lidar", "roof_shape": "flat", "roof_height": 1.35, "roof_azimuth": null, "roof_source": "lod2", "roof_color": "roof_flat", "roof_color_source": "ortho", "lod2_roof": { "v": [ [ 282307.44, 4159631.95, 1.35 ], [ 282316.28, 4159643.16, 0.08 ], [ 282313.41, 4159645.35, 0.03 ], [ 282312.11, 4159646.35, 0.0 ], [ 282311.09, 4159646.84, 0.0 ], [ 282306.65, 4159641.98, 0.58 ], [ 282302.06, 4159636.15, 1.23 ], [ 282306.65, 4159641.98, 0.0 ], [ 282313.41, 4159645.35, 0.0 ] ], "f": [ [ [ 0, 1, 2, 3, 4, 5, 6 ] ], [ [ 2, 8, 3 ] ], [ [ 7, 5, 4 ] ] ] }, "roof_props": null, "wall_color": "cream", "wall_color_source": "assessor", "type": "yes", "landmark": null, "footprint_source": "osm", "source_updated": null, "is_part": false, "parent": null, "hidden": false, "addr": "2236 West Grace Street", "wikidata": null, "website": null, "zoning": "R-48", "lidar_p90": 9.41, "ground_z": 65.1 }, "geometry": { "type": "Polygon", "coordinates": [ [ [ 282315.3, 4159652.95 ], [ 282320.68, 4159648.74 ], [ 282307.44, 4159631.95 ], [ 282302.06, 4159636.15 ], [ 282315.3, 4159652.95 ] ] ] } },
{ "type": "Feature", "properties": { "id": "osm:way/1131822377", "name": null, "height": 2.5, "min_height": 0.0, "levels": null, "height_source": "lidar", "roof_shape": "flat", "roof_height": 0.65, "roof_azimuth": null, "roof_source": "lod2", "roof_color": "roof_flat", "roof_color_source": "ortho", "lod2_roof": { "v": [ [ 282340.35, 4159648.92, 0.61 ], [ 282345.12, 4159645.02, 0.65 ], [ 282348.61, 4159649.24, 0.04 ], [ 282343.84, 4159653.14, 0.0 ] ], "f": [ [ [ 0, 1, 2, 3 ] ] ] }, "roof_props": null, "wall_color": "brick", "wall_color_source": "assessor", "type": "yes", "landmark": null, "footprint_source": "osm", "source_updated": null, "is_part": false, "parent": null, "hidden": false, "addr": null, "wikidata": null, "website": null, "zoning": "R-48", "lidar_p90": 3.12, "ground_z": 63.84 }, "geometry": { "type": "Polygon", "coordinates": [ [ [ 282343.84, 4159653.15 ], [ 282348.61, 4159649.24 ], [ 282345.12, 4159645.02 ], [ 282340.35, 4159648.92 ], [ 282343.84, 4159653.15 ] ] ] } },
{ "type": "Feature", "properties": { "id": "osm:way/334113929", "name": null, "height": 9.6, "min_height": 0.0, "levels": 3.0, "height_source": "osm_levels", "roof_shape": "flat", "roof_height": 0.0, "roof_azimuth": null, "roof_source": "osm", "roof_color": "roof_flat", "roof_color_source": "ortho", "lod2_roof": null, "roof_props": null, "wall_color": "cream", "wall_color_source": "assessor", "type": "yes", "landmark": null, "footprint_source": "osm", "source_updated": null, "is_part": false, "parent": null, "hidden": false, "addr": null, "wikidata": null, "website": null, "zoning": "B-6", "lidar_p90": 8.98, "ground_z": 62.95 }, "geometry": { "type": "Polygon", "coordinates": [ [ [ 282388.19, 4159627.0 ], [ 282356.64, 4159651.39 ], [ 282379.55, 4159680.49 ], [ 282410.98, 4159655.95 ], [ 282388.19, 4159627.0 ] ] ] } },
{ "type": "Feature", "properties": { "id": "richmond_structure:276221", "name": null, "height": 2.62, "min_height": 0.0, "levels": null, "height_source": "lidar", "roof_shape": "flat", "roof_height": 0.57, "roof_azimuth": null, "roof_source": "lod2", "roof_color": "roof_green", "roof_color_source": "ortho", "lod2_roof": { "v": [ [ 282334.48, 4159653.46, 0.48 ], [ 282338.95, 4159649.84, 0.57 ], [ 282342.74, 4159654.51, 0.1 ], [ 282338.28, 4159658.14, 0.0 ] ], "f": [ [ [ 0, 1, 2, 3 ] ] ] }, "roof_props": null, "wall_color": "terracotta", "wall_color_source": "assessor", "type": "yes", "landmark": null, "footprint_source": "richmond_structures", "source_updated": "2026-09-08T12:07:13.637000Z", "is_part": false, "parent": null, "hidden": false, "addr": null, "wikidata": null, "website": null, "zoning": "R-48", "lidar_p90": 2.68, "ground_z": 63.98 }, "geometry": { "type": "Polygon", "coordinates": [ [ [ 282338.95, 4159649.84 ], [ 282334.48, 4159653.46 ], [ 282338.27, 4159658.14 ], [ 282342.74, 4159654.51 ], [ 282338.95, 4159649.84 ] ] ] } },
{ "type": "Feature", "properties": { "id": "richmond_structure:276198", "name": null, "height": 2.72, "min_height": 0.0, "levels": null, "height_source": "lidar", "roof_shape": "flat", "roof_height": 0.43, "roof_azimuth": null, "roof_source": "lod2", "roof_color": "roof_flat", "roof_color_source": "heuristic", "lod2_roof": { "v": [ [ 282336.39, 4159659.22, 0.03 ], [ 282337.3, 4159658.5, 0.02 ], [ 282337.49, 4159658.73, 0.0 ], [ 282331.91, 4159663.25, 0.06 ], [ 282327.97, 4159658.38, 0.43 ], [ 282332.75, 4159654.51, 0.39 ] ], "f": [ [ [ 0, 1, 2, 3, 4, 5 ] ] ] }, "roof_props": null, "wall_color": "brick", "wall_color_source": "assessor", "type": "yes", "landmark": null, "footprint_source": "richmond_structures", "source_updated": "2026-09-08T12:07:13.637000Z", "is_part": false, "parent": null, "hidden": false, "addr": null, "wikidata": null, "website": null, "zoning": "R-48", "lidar_p90": 3.03, "ground_z": 63.98 }, "geometry": { "type": "Polygon", "coordinates": [ [ [ 282333.55, 4159653.86 ], [ 282327.97, 4159658.38 ], [ 282331.91, 4159663.25 ], [ 282337.49, 4159658.73 ], [ 282333.55, 4159653.86 ] ] ] } },
{ "type": "Feature", "properties": { "id": "richmond_structure:275136", "name": null, "height": 2.84, "min_height": 0.0, "levels": null, "height_source": "lidar", "roof_shape": "flat", "roof_height": 0.23, "roof_azimuth": null, "roof_source": "lod2", "roof_color": "concrete", "roof_color_source": "heuristic", "lod2_roof": { "v": [ [ 282322.75, 4159665.44, 0.07 ], [ 282325.59, 4159668.29, 0.2 ], [ 282321.94, 4159671.11, 0.23 ], [ 282318.22, 4159666.29, 0.04 ], [ 282321.7, 4159663.6, 0.0 ] ], "f": [ [ [ 0, 1, 2, 3, 4 ] ] ] }, "roof_props": null, "wall_color": "sand", "wall_color_source": "assessor", "type": "yes", "landmark": null, "footprint_source": "richmond_structures", "source_updated": "2026-09-08T12:07:13.637000Z", "is_part": false, "parent": null, "hidden": false, "addr": null, "wikidata": null, "website": null, "zoning": "R-48", "lidar_p90": 2.95, "ground_z": 63.92 }, "geometry": { "type": "Polygon", "coordinates": [ [ [ 282321.94, 4159671.11 ], [ 282325.95, 4159668.01 ], [ 282322.23, 4159663.19 ], [ 282318.22, 4159666.29 ], [ 282321.94, 4159671.11 ] ] ] } },
{ "type": "Feature", "properties": { "id": "richmond_structure:276126", "name": null, "height": 3.48, "min_height": 0.0, "levels": null, "height_source": "lidar", "roof_shape": "flat", "roof_height": 0.15, "roof_azimuth": null, "roof_source": "lod2", "roof_color": "roof_flat", "roof_color_source": "heuristic", "lod2_roof": { "v": [ [ 282315.95, 4159669.36, 0.15 ], [ 282318.85, 4159667.12, 0.04 ], [ 282321.94, 4159671.11, 0.0 ], [ 282319.04, 4159673.35, 0.11 ] ], "f": [ [ [ 0, 1, 2, 3 ] ] ] }, "roof_props": null, "wall_color": "cream", "wall_color_source": "assessor", "type": "yes", "landmark": null, "footprint_source": "richmond_structures", "source_updated": "2026-09-08T12:07:13.637000Z", "is_part": false, "parent": null, "hidden": false, "addr": null, "wikidata": null, "website": null, "zoning": "R-48", "lidar_p90": 3.55, "ground_z": 63.85 }, "geometry": { "type": "Polygon", "coordinates": [ [ [ 282318.85, 4159667.12 ], [ 282315.95, 4159669.36 ], [ 282319.04, 4159673.36 ], [ 282321.94, 4159671.11 ], [ 282318.85, 4159667.12 ] ] ] } },
{ "type": "Feature", "properties": { "id": "osm:way/334127327", "name": "Saturn Return", "height": 4.03, "min_height": 0.0, "levels": null, "height_source": "lidar", "roof_shape": "flat", "roof_height": 0.47, "roof_azimuth": null, "roof_source": "lod2", "roof_color": "roof_flat", "roof_color_source": "ortho", "lod2_roof": { "v": [ [ 282354.9, 4159684.56, 0.18 ], [ 282352.15, 4159686.65, 0.3 ], [ 282345.63, 4159685.91, 0.47 ], [ 282335.91, 4159673.42, 0.46 ], [ 282341.84, 4159668.44, 0.19 ], [ 282350.36, 4159678.96, 0.18 ], [ 282352.4, 4159681.47, 0.18 ], [ 282350.36, 4159678.96, 0.0 ], [ 282352.4, 4159681.47, 0.0 ] ], "f": [ [ [ 0, 1, 2, 3, 4, 5, 6 ] ], [ [ 5, 7, 8, 6 ] ] ] }, "roof_props": null, "wall_color": "brick", "wall_color_source": "assessor", "type": "yes", "landmark": null, "footprint_source": "osm", "source_updated": null, "is_part": false, "parent": null, "hidden": false, "addr": "2239 West Broad Street", "wikidata": null, "website": null, "zoning": "B-6", "lidar_p90": 4.32, "ground_z": 63.44 }, "geometry": { "type": "Polygon", "coordinates": [ [ [ 282345.63, 4159685.91 ], [ 282352.15, 4159686.65 ], [ 282356.42, 4159683.41 ], [ 282343.01, 4159666.12 ], [ 282335.02, 4159672.28 ], [ 282345.63, 4159685.91 ] ] ] } },
{ "type": "Feature", "properties": { "id": "osm:way/334127326", "name": "City Diner", "height": 3.74, "min_height": 0.0, "levels": null, "height_source": "lidar", "roof_shape": "flat", "roof_height": 0.0, "roof_azimuth": null, "roof_source": "heuristic", "roof_color": "roof_flat", "roof_color_source": "ortho", "lod2_roof": null, "roof_props": null, "wall_color": "terracotta", "wall_color_source": "assessor", "type": "yes", "landmark": null, "footprint_source": "osm", "source_updated": null, "is_part": false, "parent": null, "hidden": false, "addr": "2237 West Broad Street", "wikidata": null, "website": null, "zoning": "B-6", "lidar_p90": 4.53, "ground_z": 62.94 }, "geometry": { "type": "Polygon", "coordinates": [ [ [ 282363.25, 4159671.09 ], [ 282353.01, 4159679.03 ], [ 282365.23, 4159694.68 ], [ 282375.48, 4159686.75 ], [ 282363.25, 4159671.09 ] ] ] } },
{ "type": "Feature", "properties": { "id": "osm:way/393020413", "name": null, "height": 7.93, "min_height": 0.0, "levels": null, "height_source": "lidar", "roof_shape": "flat", "roof_height": 0.89, "roof_azimuth": null, "roof_source": "lod2", "roof_color": "roof_flat", "roof_color_source": "ortho", "lod2_roof": { "v": [ [ 282284.03, 4159688.25, 0.2 ], [ 282282.2, 4159689.67, 0.41 ], [ 282280.85, 4159687.96, 0.39 ], [ 282280.85, 4159687.96, 0.07 ], [ 282264.54, 4159667.26, 0.89 ], [ 282268.72, 4159664.0, 0.66 ], [ 282276.04, 4159673.04, 0.28 ], [ 282275.39, 4159674.21, 0.32 ], [ 282281.71, 4159681.59, 0.0 ], [ 282282.16, 4159688.08, 0.0 ], [ 282284.03, 4159688.25, 0.0 ] ], "f": [ [ [ 0, 1, 2 ] ], [ [ 3, 4, 5, 6, 7, 8, 9 ] ], [ [ 2, 3, 9, 10, 0 ] ] ] }, "roof_props": null, "wall_color": "cream", "wall_color_source": "assessor", "type": "yes", "landmark": null, "footprint_source": "osm", "source_updated": null, "is_part": false, "parent": null, "hidden": false, "addr": "2304 West Grace Street", "wikidata": null, "website": null, "zoning": "R-48", "lidar_p90": 8.65, "ground_z": 65.17 }, "geometry": { "type": "Polygon", "coordinates": [ [ [ 282282.2, 4159689.68 ], [ 282287.17, 4159685.79 ], [ 282269.51, 4159663.38 ], [ 282264.54, 4159667.26 ], [ 282282.2, 4159689.68 ] ] ] } },
{ "type": "Feature", "properties": { "id": "osm:way/393020456", "name": null, "height": 7.96, "min_height": 0.0, "levels": null, "height_source": "lidar", "roof_shape": "flat", "roof_height": 0.89, "roof_azimuth": null, "roof_source": "lod2", "roof_color": "roof_flat", "roof_color_source": "ortho", "lod2_roof": { "v": [ [ 282258.99, 4159671.53, 0.89 ], [ 282263.98, 4159667.62, 0.79 ], [ 282274.46, 4159680.92, 0.0 ], [ 282270.68, 4159686.37, 0.0 ] ], "f": [ [ [ 0, 1, 2, 3 ] ] ] }, "roof_props": null, "wall_color": "brick_dark", "wall_color_source": "assessor", "type": "yes", "landmark": null, "footprint_source": "osm", "source_updated": null, "is_part": false, "parent": null, "hidden": false, "addr": "2306 West Grace Street", "wikidata": null, "website": null, "zoning": "R-48", "lidar_p90": 8.33, "ground_z": 65.34 }, "geometry": { "type": "Polygon", "coordinates": [ [ [ 282273.04, 4159689.37 ], [ 282278.04, 4159685.47 ], [ 282263.98, 4159667.62 ], [ 282258.99, 4159671.53 ], [ 282273.04, 4159689.37 ] ] ] } },
{ "type": "Feature", "properties": { "id": "osm:way/393020409", "name": null, "height": 8.0, "min_height": 0.0, "levels": null, "height_source": "lidar", "roof_shape": "flat", "roof_height": 0.0, "roof_azimuth": null, "roof_source": "lidar", "roof_color": "roof_flat", "roof_color_source": "ortho", "lod2_roof": null, "roof_props": null, "wall_color": "brick", "wall_color_source": "assessor", "type": "yes", "landmark": null, "footprint_source": "osm", "source_updated": null, "is_part": false, "parent": null, "hidden": false, "addr": "2308 West Grace Street", "wikidata": null, "website": null, "zoning": "R-48", "lidar_p90": 8.62, "ground_z": 65.36 }, "geometry": { "type": "Polygon", "coordinates": [ [ [ 282271.89, 4159690.03 ], [ 282258.17, 4159672.62 ], [ 282252.88, 4159676.75 ], [ 282266.61, 4159694.17 ], [ 282271.89, 4159690.03 ] ] ] } },
{ "type": "Feature", "properties": { "id": "richmond_structure:276552", "name": null, "height": 2.64, "min_height": 0.0, "levels": null, "height_source": "lidar", "roof_shape": "flat", "roof_height": 0.75, "roof_azimuth": null, "roof_source": "lod2", "roof_color": "roof_dark", "roof_color_source": "heuristic", "lod2_roof": { "v": [ [ 282304.87, 4159684.34, 0.02 ], [ 282299.79, 4159688.39, 0.0 ], [ 282295.75, 4159683.1, 0.73 ], [ 282300.68, 4159679.18, 0.75 ] ], "f": [ [ [ 0, 1, 2, 3 ] ] ] }, "roof_props": null, "wall_color": "brick_dark", "wall_color_source": "assessor", "type": "yes", "landmark": null, "footprint_source": "richmond_structures", "source_updated": "2026-09-08T12:07:13.637000Z", "is_part": false, "parent": null, "hidden": false, "addr": null, "wikidata": null, "website": null, "zoning": "R-48", "lidar_p90": 2.83, "ground_z": 64.43 }, "geometry": { "type": "Polygon", "coordinates": [ [ [ 282300.68, 4159679.18 ], [ 282295.75, 4159683.11 ], [ 282299.79, 4159688.39 ], [ 282304.87, 4159684.34 ], [ 282300.68, 4159679.18 ] ] ] } },
{ "type": "Feature", "properties": { "id": "osm:way/393020450", "name": null, "height": 8.02, "min_height": 0.0, "levels": null, "height_source": "lidar", "roof_shape": "flat", "roof_height": 0.76, "roof_azimuth": null, "roof_source": "lod2", "roof_color": "roof_flat", "roof_color_source": "ortho", "lod2_roof": { "v": [ [ 282262.42, 4159697.27, 0.0 ], [ 282260.79, 4159698.54, 0.2 ], [ 282259.14, 4159696.44, 0.24 ], [ 282261.22, 4159695.2, 0.0 ], [ 282256.71, 4159693.36, 0.0 ], [ 282247.0, 4159681.04, 0.76 ], [ 282252.14, 4159677.02, 0.61 ], [ 282259.93, 4159686.9, 0.0 ], [ 282259.14, 4159696.44, 0.0 ] ], "f": [ [ [ 0, 1, 2, 3 ] ], [ [ 4, 5, 6, 7 ] ], [ [ 2, 8, 3 ] ] ] }, "roof_props": null, "wall_color": "brick", "wall_color_source": "assessor", "type": "yes", "landmark": null, "footprint_source": "osm", "source_updated": null, "is_part": false, "parent": null, "hidden": false, "addr": "2310 West Grace Street", "wikidata": null, "website": null, "zoning": "R-48", "lidar_p90": 8.77, "ground_z": 65.33 }, "geometry": { "type": "Polygon", "coordinates": [ [ [ 282260.79, 4159698.54 ], [ 282265.94, 4159694.52 ], [ 282252.14, 4159677.02 ], [ 282247.0, 4159681.04 ], [ 282260.79, 4159698.54 ] ] ] } },
{ "type": "Feature", "properties": { "id": "richmond_structure:394245", "name": null, "height": 8.0, "min_height": 0.0, "levels": null, "height_source": "zoning", "roof_shape": "flat", "roof_height": 0.0, "roof_azimuth": null, "roof_source": "heuristic", "roof_color": "roof_dark", "roof_color_source": "heuristic", "lod2_roof": null, "roof_props": null, "wall_color": "terracotta", "wall_color_source": "assessor", "type": "yes", "landmark": null, "footprint_source": "richmond_structures", "source_updated": "2026-09-08T12:07:13.637000Z", "is_part": false, "parent": null, "hidden": false, "addr": null, "wikidata": null, "website": null, "zoning": "R-48", "lidar_p90": 2.89, "ground_z": 65.22 }, "geometry": { "type": "Polygon", "coordinates": [ [ [ 282272.87, 4159695.0 ], [ 282270.64, 4159696.99 ], [ 282273.86, 4159700.6 ], [ 282276.09, 4159698.61 ], [ 282272.87, 4159695.0 ] ] ] } },
{ "type": "Feature", "properties": { "id": "richmond_structure:275949", "name": null, "height": 2.89, "min_height": 0.0, "levels": null, "height_source": "lidar", "roof_shape": "flat", "roof_height": 0.66, "roof_azimuth": null, "roof_source": "lod2", "roof_color": "roof_flat", "roof_color_source": "ortho", "lod2_roof": { "v": [ [ 282259.73, 4159712.02, 0.58 ], [ 282264.12, 4159708.46, 0.66 ], [ 282268.29, 4159713.62, 0.08 ], [ 282263.9, 4159717.17, 0.0 ] ], "f": [ [ [ 0, 1, 2, 3 ] ] ] }, "roof_props": null, "wall_color": "brick", "wall_color_source": "assessor", "type": "yes", "landmark": null, "footprint_source": "richmond_structures", "source_updated": "2026-09-08T12:07:13.637000Z", "is_part": false, "parent": null, "hidden": false, "addr": null, "wikidata": null, "website": null, "zoning": "R-48", "lidar_p90": 3.16, "ground_z": 64.55 }, "geometry": { "type": "Polygon", "coordinates": [ [ [ 282264.12, 4159708.46 ], [ 282259.73, 4159712.02 ], [ 282263.9, 4159717.17 ], [ 282268.29, 4159713.62 ], [ 282264.12, 4159708.46 ] ] ] } },
{ "type": "Feature", "properties": { "id": "richmond_structure:275427", "name": null, "height": 2.69, "min_height": 0.0, "levels": null, "height_source": "lidar", "roof_shape": "flat", "roof_height": 0.51, "roof_azimuth": null, "roof_source": "lod2", "roof_color": "roof_flat", "roof_color_source": "ortho", "lod2_roof": { "v": [ [ 282262.17, 4159718.52, 0.07 ], [ 282258.07, 4159721.74, 0.0 ], [ 282254.29, 4159716.93, 0.45 ], [ 282258.39, 4159713.71, 0.51 ] ], "f": [ [ [ 0, 1, 2, 3 ] ] ] }, "roof_props": null, "wall_color": "brick", "wall_color_source": "assessor", "type": "yes", "landmark": null, "footprint_source": "richmond_structures", "source_updated": "2026-09-08T12:07:13.637000Z", "is_part": false, "parent": null, "hidden": false, "addr": null, "wikidata": null, "website": null, "zoning": "R-48", "lidar_p90": 3.04, "ground_z": 64.7 }, "geometry": { "type": "Polygon", "coordinates": [ [ [ 282258.39, 4159713.71 ], [ 282254.29, 4159716.93 ], [ 282258.07, 4159721.74 ], [ 282262.17, 4159718.52 ], [ 282258.39, 4159713.71 ] ] ] } },
{ "type": "Feature", "properties": { "id": "richmond_structure:459211", "name": null, "height": 2.63, "min_height": 0.0, "levels": null, "height_source": "lidar", "roof_shape": "flat", "roof_height": 0.96, "roof_azimuth": null, "roof_source": "lod2", "roof_color": "roof_flat", "roof_color_source": "ortho", "lod2_roof": { "v": [ [ 282252.11, 4159715.68, 0.96 ], [ 282256.75, 4159721.63, 0.01 ], [ 282251.58, 4159725.66, 0.0 ], [ 282246.94, 4159719.72, 0.95 ] ], "f": [ [ [ 0, 1, 2, 3 ] ] ] }, "roof_props": null, "wall_color": "terracotta", "wall_color_source": "assessor", "type": "yes", "landmark": null, "footprint_source": "richmond_structures", "source_updated": "2026-09-08T12:07:13.637000Z", "is_part": false, "parent": null, "hidden": false, "addr": null, "wikidata": null, "website": null, "zoning": "R-48", "lidar_p90": 2.96, "ground_z": 65.0 }, "geometry": { "type": "Polygon", "coordinates": [ [ [ 282256.75, 4159721.63 ], [ 282252.11, 4159715.68 ], [ 282246.94, 4159719.72 ], [ 282251.58, 4159725.67 ], [ 282256.75, 4159721.63 ] ] ] } },
{ "type": "Feature", "properties": { "id": "osm:way/334113954", "name": "Starbucks", "height": 4.23, "min_height": 0.0, "levels": null, "height_source": "lidar", "roof_shape": "flat", "roof_height": 0.56, "roof_azimuth": null, "roof_source": "lod2", "roof_color": "roof_flat", "roof_color_source": "ortho", "lod2_roof": { "v": [ [ 282292.54, 4159727.29, 0.19 ], [ 282295.72, 4159731.31, 0.29 ], [ 282302.6, 4159742.23, 0.56 ], [ 282294.52, 4159748.58, 0.55 ], [ 282288.73, 4159741.28, 0.35 ], [ 282287.83, 4159741.99, 0.35 ], [ 282277.21, 4159728.6, 0.0 ], [ 282286.23, 4159721.68, 0.01 ], [ 282291.4, 4159728.19, 0.18 ] ], "f": [ [ [ 0, 1, 2, 3, 4, 5, 6, 7, 8 ] ] ] }, "roof_props": null, "wall_color": "concrete", "wall_color_source": "assessor", "type": "commercial", "landmark": null, "footprint_source": "osm", "source_updated": null, "is_part": false, "parent": null, "hidden": false, "addr": "2309 West Broad Street", "wikidata": null, "website": "https://www.starbucks.com/store-locator/store/1030917/the-fan-broad-and-strawberry-2309-w-broad-richmond-va-232202009-us", "zoning": "B-5", "lidar_p90": 5.6, "ground_z": 63.79 }, "geometry": { "type": "Polygon", "coordinates": [ [ [ 282276.14, 4159727.25 ], [ 282287.83, 4159741.99 ], [ 282288.73, 4159741.29 ], [ 282294.52, 4159748.58 ], [ 282303.71, 4159741.36 ], [ 282292.54, 4159727.29 ], [ 282291.4, 4159728.19 ], [ 282285.07, 4159720.22 ], [ 282276.14, 4159727.25 ] ] ] } },
{ "type": "Feature", "properties": { "id": "osm:way/334127331", "name": "Chicken Fiesta", "height": 3.87, "min_height": 0.0, "levels": null, "height_source": "lidar", "roof_shape": "flat", "roof_height": 0.0, "roof_azimuth": null, "roof_source": "heuristic", "roof_color": "roof_flat", "roof_color_source": "ortho", "lod2_roof": null, "roof_props": null, "wall_color": "brick", "wall_color_source": "assessor", "type": "yes", "landmark": null, "footprint_source": "osm", "source_updated": null, "is_part": false, "parent": null, "hidden": false, "addr": "2311 West Broad Street", "wikidata": null, "website": "https://chickenfiesta.com/", "zoning": "B-5", "lidar_p90": 5.33, "ground_z": 64.23 }, "geometry": { "type": "Polygon", "coordinates": [ [ [ 282257.93, 4159760.48 ], [ 282261.89, 4159757.25 ], [ 282264.28, 4159760.15 ], [ 282270.83, 4159754.81 ], [ 282255.89, 4159736.64 ], [ 282245.37, 4159745.21 ], [ 282257.93, 4159760.48 ] ] ] } },
{ "type": "Feature", "properties": { "id": "osm:way/394253354", "name": null, "height": 8.78, "min_height": 0.0, "levels": null, "height_source": "lidar", "roof_shape": "flat", "roof_height": 0.0, "roof_azimuth": null, "roof_source": "heuristic", "roof_color": "roof_flat", "roof_color_source": "ortho", "lod2_roof": null, "roof_props": null, "wall_color": "brick", "wall_color_source": "assessor", "type": "yes", "landmark": null, "footprint_source": "osm", "source_updated": null, "is_part": false, "parent": null, "hidden": false, "addr": "2030 West Grace Street", "wikidata": null, "website": null, "zoning": "R-48", "lidar_p90": 9.84, "ground_z": 62.71 }, "geometry": { "type": "Polygon", "coordinates": [ [ [ 282504.6, 4159512.7 ], [ 282499.52, 4159506.22 ], [ 282499.27, 4159504.28 ], [ 282498.3, 4159502.81 ], [ 282496.64, 4159502.5 ], [ 282497.91, 4159501.52 ], [ 282491.95, 4159493.78 ], [ 282486.1, 4159498.27 ], [ 282500.67, 4159515.74 ], [ 282504.6, 4159512.7 ] ] ] } },
{ "type": "Feature", "properties": { "id": "osm:way/394253353", "name": null, "height": 8.04, "min_height": 0.0, "levels": null, "height_source": "lidar", "roof_shape": "gable", "roof_height": 0.36, "roof_azimuth": 128.5, "roof_source": "lidar", "roof_color": "roof_flat", "roof_color_source": "ortho", "lod2_roof": null, "roof_props": null, "wall_color": "brick_dark", "wall_color_source": "assessor", "type": "yes", "landmark": null, "footprint_source": "osm", "source_updated": null, "is_part": false, "parent": null, "hidden": false, "addr": "2032 West Grace Street", "wikidata": null, "website": null, "zoning": "R-48", "lidar_p90": 9.83, "ground_z": 62.77 }, "geometry": { "type": "Polygon", "coordinates": [ [ [ 282499.25, 4159517.86 ], [ 282496.7, 4159514.67 ], [ 282495.82, 4159514.59 ], [ 282491.18, 4159508.64 ], [ 282492.42, 4159507.66 ], [ 282485.76, 4159499.13 ], [ 282483.96, 4159499.08 ], [ 282482.13, 4159500.26 ], [ 282482.03, 4159502.32 ], [ 282479.84, 4159504.05 ], [ 282494.14, 4159521.92 ], [ 282499.25, 4159517.86 ] ] ] } },
{ "type": "Feature", "properties": { "id": "osm:way/394253352", "name": null, "height": 9.27, "min_height": 0.0, "levels": null, "height_source": "lidar", "roof_shape": "flat", "roof_height": 0.0, "roof_azimuth": null, "roof_source": "heuristic", "roof_color": "roof_flat", "roof_color_source": "ortho", "lod2_roof": null, "roof_props": null, "wall_color": "brick", "wall_color_source": "assessor", "type": "yes", "landmark": null, "footprint_source": "osm", "source_updated": null, "is_part": false, "parent": null, "hidden": false, "addr": "2034 West Grace Street", "wikidata": null, "website": null, "zoning": "R-48", "lidar_p90": 10.49, "ground_z": 62.77 }, "geometry": { "type": "Polygon", "coordinates": [ [ [ 282497.24, 4159530.27 ], [ 282493.57, 4159525.54 ], [ 282493.46, 4159524.47 ], [ 282491.86, 4159522.5 ], [ 282490.79, 4159522.29 ], [ 282491.05, 4159521.03 ], [ 282489.32, 4159518.77 ], [ 282488.46, 4159518.66 ], [ 282482.65, 4159511.34 ], [ 282482.71, 4159509.25 ], [ 282478.95, 4159504.49 ], [ 282476.48, 4159505.23 ], [ 282475.03, 4159507.19 ], [ 282475.11, 4159508.42 ], [ 282472.36, 4159510.43 ], [ 282477.08, 4159516.81 ], [ 282478.46, 4159515.79 ], [ 282479.37, 4159517.03 ], [ 282478.51, 4159517.68 ], [ 282481.26, 4159521.38 ], [ 282482.48, 4159520.5 ], [ 282483.51, 4159521.89 ], [ 282482.45, 4159522.67 ], [ 282485.2, 4159526.35 ], [ 282486.27, 4159525.56 ], [ 282487.17, 4159526.76 ], [ 282486.5, 4159527.26 ], [ 282491.92, 4159534.36 ], [ 282497.24, 4159530.27 ] ] ] } },
{ "type": "Feature", "properties": { "id": "osm:way/394253350", "name": null, "height": 9.07, "min_height": 0.0, "levels": null, "height_source": "lidar", "roof_shape": "flat", "roof_height": 0.0, "roof_azimuth": null, "roof_source": "heuristic", "roof_color": "roof_flat", "roof_color_source": "ortho", "lod2_roof": null, "roof_props": null, "wall_color": "cream", "wall_color_source": "assessor", "type": "yes", "landmark": null, "footprint_source": "osm", "source_updated": null, "is_part": false, "parent": null, "hidden": false, "addr": "2038 West Grace Street", "wikidata": null, "website": null, "zoning": "R-48", "lidar_p90": 10.02, "ground_z": 63.15 }, "geometry": { "type": "Polygon", "coordinates": [ [ [ 282474.53, 4159531.46 ], [ 282472.82, 4159529.21 ], [ 282474.26, 4159528.14 ], [ 282464.37, 4159514.99 ], [ 282462.84, 4159514.91 ], [ 282457.29, 4159519.37 ], [ 282469.42, 4159535.16 ], [ 282474.53, 4159531.46 ] ] ] } },
{ "type": "Feature", "properties": { "id": "osm:way/394253351", "name": null, "height": 9.49, "min_height": 0.0, "levels": null, "height_source": "lidar", "roof_shape": "flat", "roof_height": 3.71, "roof_azimuth": null, "roof_source": "lod2", "roof_color": "roof_flat", "roof_color_source": "ortho", "lod2_roof": { "v": [ [ 282469.83, 4159513.09, 3.32 ], [ 282468.16, 4159512.19, 0.8 ], [ 282468.2, 4159511.28, 0.0 ], [ 282469.39, 4159509.99, 0.0 ], [ 282469.74, 4159509.92, 0.29 ], [ 282469.79, 4159511.51, 1.81 ], [ 282472.72, 4159510.93, 0.49 ], [ 282470.9, 4159512.74, 0.51 ], [ 282469.79, 4159511.51, 0.35 ], [ 282469.74, 4159509.92, 0.23 ], [ 282471.36, 4159509.62, 0.31 ], [ 282472.36, 4159510.43, 0.43 ], [ 282476.84, 4159516.52, 0.11 ], [ 282473.82, 4159515.96, 0.82 ], [ 282470.9, 4159512.74, 2.04 ], [ 282472.72, 4159510.93, 2.05 ], [ 282491.4, 4159533.81, 0.41 ], [ 282490.22, 4159534.89, 0.79 ], [ 282489.65, 4159535.41, 0.97 ], [ 282489.27, 4159534.85, 0.97 ], [ 282487.5, 4159532.2, 0.94 ], [ 282489.21, 4159530.88, 0.41 ], [ 282490.87, 4159537.23, 0.76 ], [ 282491.13, 4159537.62, 0.83 ], [ 282487.04, 4159540.7, 0.83 ], [ 282489.27, 4159534.85, 0.26 ], [ 282489.65, 4159535.41, 0.38 ], [ 282490.22, 4159534.89, 0.37 ], [ 282490.68, 4159534.96, 0.43 ], [ 282469.84, 4159513.51, 3.71 ], [ 282470.16, 4159513.27, 3.21 ], [ 282469.83, 4159513.23, 0.0 ], [ 282469.84, 4159513.51, 0.5 ], [ 282469.88, 4159514.83, 2.86 ], [ 282469.07, 4159515.41, 2.87 ], [ 282466.59, 4159517.19, 2.89 ], [ 282465.76, 4159516.12, 0.0 ], [ 282485.52, 4159541.53, 0.23 ], [ 282486.96, 4159540.92, 0.07 ], [ 282487.04, 4159540.7, 0.1 ], [ 282489.31, 4159538.99, 0.0 ], [ 282486.03, 4159542.18, 0.0 ], [ 282477.03, 4159519.59, 0.19 ], [ 282477.38, 4159520.07, 0.0 ], [ 282476.03, 4159521.1, 0.0 ], [ 282471.11, 4159522.99, 0.49 ], [ 282466.59, 4159517.19, 2.9 ], [ 282469.84, 4159513.51, 3.21 ], [ 282470.9, 4159512.74, 3.2 ], [ 282473.82, 4159515.96, 1.78 ], [ 282476.84, 4159516.52, 1.03 ], [ 282477.99, 4159518.07, 0.4 ], [ 282488.98, 4159535.61, 0.0 ], [ 282487.04, 4159540.7, 0.47 ], [ 282486.96, 4159540.92, 0.49 ], [ 282485.52, 4159541.53, 0.64 ], [ 282481.81, 4159527.67, 0.0 ], [ 282483.54, 4159529.93, 0.02 ], [ 282483.74, 4159529.85, 0.0 ], [ 282469.83, 4159513.09, 0.0 ], [ 282468.16, 4159512.19, 0.0 ], [ 282489.27, 4159534.85, 0.0 ], [ 282487.5, 4159532.2, 0.0 ], [ 282491.13, 4159537.62, 0.0 ], [ 282490.68, 4159534.96, 0.0 ], [ 282490.87, 4159537.23, 0.0 ], [ 282491.4, 4159533.81, 0.0 ], [ 282490.22, 4159534.89, 0.0 ] ], "f": [ [ [ 0, 1, 2, 3, 4, 5 ] ], [ [ 6, 7, 8, 9, 10, 11 ] ], [ [ 12, 13, 14, 15 ] ], [ [ 16, 17, 18, 19, 20, 21 ] ], [ [ 22, 23, 24, 25, 26, 27, 28 ] ], [ [ 29, 0, 5, 14, 30 ] ], [ [ 31, 32, 33, 34, 35, 36 ] ], [ [ 37, 38, 39, 40, 41 ] ], [ [ 42, 43, 44, 45, 46, 34, 33, 47, 30, 48, 49, 50, 51 ] ], [ [ 52, 53, 54, 55, 45, 44, 56, 57, 58 ] ], [ [ 4, 9, 8, 5 ] ], [ [ 5, 8, 7, 14 ] ], [ [ 0, 59, 60, 1 ] ], [ [ 19, 25, 61, 62, 20 ] ], [ [ 46, 35, 34 ] ], [ [ 48, 14, 13, 49 ] ], [ [ 14, 7, 6, 15 ] ], [ [ 49, 13, 12, 50 ] ], [ [ 32, 47, 33 ] ], [ [ 18, 26, 25, 19 ] ], [ [ 17, 27, 26, 18 ] ], [ [ 23, 63, 40, 39, 53, 24 ] ], [ [ 28, 64, 65, 22 ] ], [ [ 53, 39, 38, 54 ] ], [ [ 24, 53, 52, 61, 25 ] ], [ [ 16, 66, 67, 27, 17 ] ], [ [ 27, 67, 64, 28 ] ], [ [ 22, 65, 63, 23 ] ], [ [ 47, 29, 30 ] ], [ [ 14, 48, 30 ] ], [ [ 29, 47, 32, 31, 59, 0 ] ], [ [ 54, 38, 37, 55 ] ] ] }, "roof_props": null, "wall_color": "sand", "wall_color_source": "assessor", "type": "yes", "landmark": null, "footprint_source": "osm", "source_updated": null, "is_part": false, "parent": null, "hidden": false, "addr": "2036 West Grace Street", "wikidata": null, "website": null, "zoning": "R-48", "lidar_p90": 11.1, "ground_z": 62.99 }, "geometry": { "type": "Polygon", "coordinates": [ [ [ 282493.69, 4159536.9 ], [ 282489.21, 4159530.88 ], [ 282487.22, 4159532.42 ], [ 282486.54, 4159531.54 ], [ 282486.8, 4159530.47 ], [ 282484.97, 4159528.03 ], [ 282482.98, 4159527.63 ], [ 282477.03, 4159519.59 ], [ 282477.99, 4159518.07 ], [ 282472.36, 4159510.43 ], [ 282471.36, 4159509.62 ], [ 282469.23, 4159510.02 ], [ 282468.22, 4159510.83 ], [ 282468.11, 4159513.09 ], [ 282465.17, 4159515.35 ], [ 282486.34, 4159542.58 ], [ 282493.69, 4159536.9 ] ] ] } },
{ "type": "Feature", "properties": { "id": "osm:way/394253349", "name": null, "height": 7.76, "min_height": 0.0, "levels": null, "height_source": "lidar", "roof_shape": "gable", "roof_height": 1.54, "roof_azimuth": 37.5, "roof_source": "lidar", "roof_color": "roof_flat", "roof_color_source": "ortho", "lod2_roof": null, "roof_props": null, "wall_color": "brick", "wall_color_source": "assessor", "type": "yes", "landmark": null, "footprint_source": "osm", "source_updated": null, "is_part": false, "parent": null, "hidden": false, "addr": "2040 West Grace Street", "wikidata": null, "website": null, "zoning": "R-48", "lidar_p90": 10.14, "ground_z": 63.08 }, "geometry": { "type": "Polygon", "coordinates": [ [ [ 282463.86, 4159536.94 ], [ 282465.05, 4159538.49 ], [ 282469.42, 4159535.16 ], [ 282457.29, 4159519.37 ], [ 282454.45, 4159521.53 ], [ 282455.56, 4159523.0 ], [ 282452.81, 4159525.09 ], [ 282452.6, 4159526.0 ], [ 282455.15, 4159529.32 ], [ 282454.17, 4159530.07 ], [ 282457.89, 4159534.9 ], [ 282458.79, 4159534.22 ], [ 282461.98, 4159538.37 ], [ 282463.86, 4159536.94 ] ] ] } },
{ "type": "Feature", "properties": { "id": "richmond_structure:274169", "name": null, "height": 4.15, "min_height": 0.0, "levels": null, "height_source": "lidar", "roof_shape": "flat", "roof_height": 0.57, "roof_azimuth": null, "roof_source": "lod2", "roof_color": "roof_dark", "roof_color_source": "heuristic", "lod2_roof": { "v": [ [ 282421.16, 4159543.9, 0.57 ], [ 282420.12, 4159542.66, 0.12 ], [ 282423.41, 4159539.91, 0.0 ], [ 282424.2, 4159541.37, 0.46 ] ], "f": [ [ [ 0, 1, 2, 3 ] ] ] }, "roof_props": null, "wall_color": "brick_dark", "wall_color_source": "assessor", "type": "yes", "landmark": null, "footprint_source": "richmond_structures", "source_updated": "2026-09-08T12:07:13.637000Z", "is_part": false, "parent": null, "hidden": false, "addr": null, "wikidata": null, "website": null, "zoning": "R-48", "lidar_p90": 9.56, "ground_z": 63.97 }, "geometry": { "type": "Polygon", "coordinates": [ [ [ 282425.82, 4159537.9 ], [ 282420.12, 4159542.66 ], [ 282421.16, 4159543.9 ], [ 282426.86, 4159539.15 ], [ 282425.82, 4159537.9 ] ] ] } },
{ "type": "Feature", "properties": { "id": "osm:way/394253348", "name": null, "height": 11.72, "min_height": 0.0, "levels": null, "height_source": "lidar", "roof_shape": "flat", "roof_height": 0.0, "roof_azimuth": null, "roof_source": "heuristic", "roof_color": "roof_flat", "roof_color_source": "ortho", "lod2_roof": null, "roof_props": null, "wall_color": "terracotta", "wall_color_source": "assessor", "type": "yes", "landmark": null, "footprint_source": "osm", "source_updated": null, "is_part": false, "parent": null, "hidden": false, "addr": "2042 W Grace St", "wikidata": null, "website": null, "zoning": "R-48", "lidar_p90": 12.42, "ground_z": 63.01 }, "geometry": { "type": "Polygon", "coordinates": [ [ [ 282474.3, 4159554.93 ], [ 282449.67, 4159524.93 ], [ 282446.74, 4159527.32 ], [ 282448.06, 4159528.93 ], [ 282443.75, 4159532.44 ], [ 282467.07, 4159560.83 ], [ 282474.3, 4159554.93 ] ] ] } },
{ "type": "Feature", "properties": { "id": "osm:way/394253347", "name": null, "height": 7.98, "min_height": 0.0, "levels": null, "height_source": "lidar", "roof_shape": "gable", "roof_height": 3.44, "roof_azimuth": 128.5, "roof_source": "lod2", "roof_color": "roof_flat", "roof_color_source": "ortho", "lod2_roof": { "v": [ [ 282427.46, 4159541.68, 3.2 ], [ 282425.48, 4159542.73, 3.04 ], [ 282424.73, 4159542.02, 2.79 ], [ 282424.06, 4159541.36, 2.56 ], [ 282425.27, 4159540.41, 2.61 ], [ 282424.71, 4159539.69, 2.39 ], [ 282425.44, 4159539.11, 2.41 ], [ 282427.83, 4159541.35, 3.21 ], [ 282427.52, 4159543.08, 1.34 ], [ 282429.14, 4159543.0, 1.29 ], [ 282429.93, 4159543.51, 1.26 ], [ 282438.05, 4159558.06, 0.72 ], [ 282435.35, 4159560.2, 0.76 ], [ 282421.94, 4159543.36, 1.49 ], [ 282423.99, 4159543.26, 1.44 ], [ 282424.73, 4159542.02, 1.44 ], [ 282425.48, 4159542.73, 1.4 ], [ 282425.98, 4159543.69, 1.37 ], [ 282426.15, 4159544.38, 1.35 ], [ 282429.14, 4159543.0, 2.16 ], [ 282427.52, 4159543.08, 2.65 ], [ 282426.15, 4159544.38, 2.6 ], [ 282425.98, 4159543.69, 2.91 ], [ 282425.48, 4159542.73, 3.44 ], [ 282429.56, 4159542.98, 2.03 ], [ 282424.73, 4159542.02, 0.0 ], [ 282424.06, 4159541.36, 0.0 ], [ 282423.99, 4159543.26, 0.0 ], [ 282421.94, 4159543.36, 0.0 ] ], "f": [ [ [ 0, 1, 2, 3, 4, 5, 6, 7 ] ], [ [ 8, 9, 10, 11, 12, 13, 14, 15, 16, 17, 18 ] ], [ [ 19, 20, 21, 22, 23, 0, 7, 24 ] ], [ [ 2, 15, 25, 26, 3 ] ], [ [ 14, 27, 25, 15 ] ], [ [ 21, 18, 17, 22 ] ], [ [ 22, 17, 16, 1, 23 ] ], [ [ 1, 16, 15, 2 ] ], [ [ 13, 28, 27, 14 ] ], [ [ 23, 1, 0 ] ], [ [ 20, 8, 18, 21 ] ], [ [ 19, 9, 8, 20 ] ] ] }, "roof_props": null, "wall_color": "brick_dark", "wall_color_source": "assessor", "type": "yes", "landmark": null, "footprint_source": "osm", "source_updated": null, "is_part": false, "parent": null, "hidden": false, "addr": "2200 West Grace Street", "wikidata": null, "website": null, "zoning": "R-48", "lidar_p90": 10.43, "ground_z": 63.69 }, "geometry": { "type": "Polygon", "coordinates": [ [ [ 282439.38, 4159557.01 ], [ 282435.47, 4159552.1 ], [ 282436.44, 4159551.33 ], [ 282435.59, 4159550.26 ], [ 282435.4, 4159548.17 ], [ 282432.97, 4159546.2 ], [ 282426.59, 4159538.2 ], [ 282424.71, 4159539.69 ], [ 282425.27, 4159540.41 ], [ 282421.78, 4159543.16 ], [ 282435.35, 4159560.2 ], [ 282439.38, 4159557.01 ] ] ] } },
{ "type": "Feature", "properties": { "id": "osm:way/394253346", "name": null, "height": 9.42, "min_height": 0.0, "levels": null, "height_source": "lidar", "roof_shape": "flat", "roof_height": 0.0, "roof_azimuth": null, "roof_source": "heuristic", "roof_color": "roof_flat", "roof_color_source": "ortho", "lod2_roof": null, "roof_props": null, "wall_color": "brick", "wall_color_source": "assessor", "type": "yes", "landmark": null, "footprint_source": "osm", "source_updated": null, "is_part": false, "parent": null, "hidden": false, "addr": "2202 West Grace Street", "wikidata": null, "website": null, "zoning": "R-48", "lidar_p90": 10.76, "ground_z": 64.3 }, "geometry": { "type": "Polygon", "coordinates": [ [ [ 282435.37, 4159562.43 ], [ 282418.94, 4159541.47 ], [ 282412.5, 4159546.47 ], [ 282420.29, 4159556.42 ], [ 282420.9, 4159555.95 ], [ 282422.19, 4159558.21 ], [ 282423.98, 4159559.25 ], [ 282428.49, 4159565.16 ], [ 282429.31, 4159565.14 ], [ 282430.29, 4159566.38 ], [ 282435.37, 4159562.43 ] ] ] } },
{ "type": "Feature", "properties": { "id": "osm:way/394253345", "name": null, "height": 8.85, "min_height": 0.0, "levels": null, "height_source": "lidar", "roof_shape": "flat", "roof_height": 3.07, "roof_azimuth": null, "roof_source": "lod2", "roof_color": "roof_flat", "roof_color_source": "ortho", "lod2_roof": { "v": [ [ 282407.62, 4159556.02, 2.85 ], [ 282406.77, 4159556.62, 2.83 ], [ 282406.38, 4159556.14, 1.17 ], [ 282407.49, 4159555.36, 1.2 ], [ 282410.91, 4159552.97, 1.27 ], [ 282410.52, 4159553.24, 1.26 ], [ 282408.36, 4159555.51, 1.26 ], [ 282407.62, 4159556.02, 1.25 ], [ 282407.17, 4159553.8, 1.08 ], [ 282407.44, 4159553.02, 1.05 ], [ 282410.38, 4159552.45, 1.2 ], [ 282410.41, 4159552.32, 1.2 ], [ 282410.49, 4159552.43, 1.21 ], [ 282411.47, 4159552.24, 1.26 ], [ 282410.85, 4159552.89, 1.26 ], [ 282410.91, 4159552.97, 3.07 ], [ 282418.62, 4159563.03, 0.21 ], [ 282413.07, 4159564.39, 0.58 ], [ 282408.36, 4159555.51, 2.86 ], [ 282410.52, 4159553.24, 3.06 ], [ 282421.02, 4159567.43, 0.6 ], [ 282422.65, 4159570.73, 0.63 ], [ 282419.95, 4159572.89, 0.88 ], [ 282413.07, 4159564.39, 0.99 ], [ 282418.62, 4159563.03, 0.58 ], [ 282419.5, 4159564.17, 0.57 ], [ 282420.57, 4159567.47, 0.63 ], [ 282421.02, 4159567.43, 0.02 ], [ 282421.12, 4159567.42, 0.0 ], [ 282423.2, 4159570.29, 0.0 ], [ 282422.65, 4159570.73, 0.16 ], [ 282407.44, 4159553.02, 0.0 ], [ 282410.38, 4159552.45, 0.0 ], [ 282410.41, 4159552.32, 0.0 ], [ 282410.49, 4159552.43, 0.0 ], [ 282411.47, 4159552.24, 0.0 ], [ 282406.38, 4159556.14, 0.0 ], [ 282407.49, 4159555.36, 0.0 ], [ 282407.17, 4159553.8, 0.0 ] ], "f": [ [ [ 0, 1, 2, 3 ] ], [ [ 4, 5, 6, 7, 3, 8, 9, 10, 11, 12, 13, 14 ] ], [ [ 15, 16, 17, 1, 0, 18, 19 ] ], [ [ 20, 21, 22, 23, 24, 25, 26 ] ], [ [ 27, 28, 29, 30 ] ], [ [ 23, 17, 16, 24 ] ], [ [ 9, 31, 32, 10 ] ], [ [ 10, 32, 33, 11 ] ], [ [ 11, 33, 34, 12 ] ], [ [ 12, 34, 35, 13 ] ], [ [ 18, 6, 5, 19 ] ], [ [ 2, 36, 37, 3 ] ], [ [ 7, 0, 3 ] ], [ [ 3, 37, 38, 8 ] ], [ [ 0, 7, 6, 18 ] ], [ [ 8, 38, 31, 9 ] ], [ [ 19, 5, 4, 15 ] ], [ [ 20, 27, 30, 21 ] ] ] }, "roof_props": null, "wall_color": "brick_dark", "wall_color_source": "assessor", "type": "yes", "landmark": null, "footprint_source": "osm", "source_updated": null, "is_part": false, "parent": null, "hidden": false, "addr": "2204 West Grace Street", "wikidata": null, "website": null, "zoning": "R-48", "lidar_p90": 10.4, "ground_z": 64.55 }, "geometry": { "type": "Polygon", "coordinates": [ [ [ 282419.95, 4159572.89 ], [ 282425.0, 4159568.84 ], [ 282417.49, 4159559.57 ], [ 282418.37, 4159558.87 ], [ 282410.06, 4159548.61 ], [ 282404.14, 4159553.37 ], [ 282419.95, 4159572.89 ] ] ] } },
{ "type": "Feature", "properties": { "id": "osm:way/394253344", "name": null, "height": 8.94, "min_height": 0.0, "levels": null, "height_source": "lidar", "roof_shape": "flat", "roof_height": 2.74, "roof_azimuth": null, "roof_source": "lod2", "roof_color": "roof_flat", "roof_color_source": "ortho", "lod2_roof": { "v": [ [ 282399.33, 4159561.06, 1.4 ], [ 282401.36, 4159561.32, 2.05 ], [ 282400.22, 4159562.21, 1.37 ], [ 282404.11, 4159557.94, 0.83 ], [ 282405.08, 4159556.74, 0.25 ], [ 282405.33, 4159556.44, 0.1 ], [ 282406.18, 4159557.54, 2.46 ], [ 282404.68, 4159558.71, 2.47 ], [ 282409.65, 4159566.03, 0.0 ], [ 282406.73, 4159566.21, 0.47 ], [ 282405.35, 4159566.78, 0.59 ], [ 282404.58, 4159567.82, 0.5 ], [ 282400.22, 4159562.21, 2.49 ], [ 282401.36, 4159561.32, 2.49 ], [ 282404.11, 4159557.94, 2.74 ], [ 282411.54, 4159564.43, 0.01 ], [ 282410.13, 4159565.51, 0.02 ], [ 282410.17, 4159565.57, 0.0 ], [ 282406.97, 4159561.83, 1.39 ], [ 282408.63, 4159561.91, 1.08 ], [ 282408.12, 4159561.16, 1.33 ], [ 282406.89, 4159561.72, 1.42 ], [ 282406.73, 4159566.21, 0.13 ], [ 282408.54, 4159566.1, 0.0 ], [ 282410.08, 4159573.62, 0.0 ], [ 282409.46, 4159574.1, 0.05 ], [ 282404.58, 4159567.82, 0.3 ], [ 282405.35, 4159566.78, 0.23 ], [ 282405.08, 4159556.74, 0.0 ], [ 282405.33, 4159556.44, 0.0 ], [ 282399.33, 4159561.06, 0.0 ], [ 282401.36, 4159561.32, 0.0 ], [ 282404.11, 4159557.94, 0.0 ] ], "f": [ [ [ 0, 1, 2 ] ], [ [ 3, 4, 5, 6, 7 ] ], [ [ 8, 9, 10, 11, 12, 13, 14, 7, 6, 15, 16, 17 ], [ 18, 19, 20, 21 ] ], [ [ 22, 23, 24, 25, 26, 27 ] ], [ [ 10, 27, 26, 11 ] ], [ [ 9, 22, 27, 10 ] ], [ [ 4, 28, 29, 5 ] ], [ [ 12, 2, 1, 13 ] ], [ [ 0, 30, 31, 1 ] ], [ [ 13, 1, 31, 32, 3, 14 ] ], [ [ 14, 3, 7 ] ], [ [ 23, 22, 9, 8 ] ] ] }, "roof_props": null, "wall_color": "cream", "wall_color_source": "assessor", "type": "yes", "landmark": null, "footprint_source": "osm", "source_updated": null, "is_part": false, "parent": null, "hidden": false, "addr": "2206 West Grace Street", "wikidata": null, "website": null, "zoning": "R-48", "lidar_p90": 10.45, "ground_z": 64.67 }, "geometry": { "type": "Polygon", "coordinates": [ [ [ 282410.2, 4159573.53 ], [ 282410.89, 4159574.41 ], [ 282413.16, 4159572.66 ], [ 282411.98, 4159571.15 ], [ 282413.56, 4159569.93 ], [ 282410.13, 4159565.51 ], [ 282411.54, 4159564.43 ], [ 282403.46, 4159554.03 ], [ 282397.45, 4159558.65 ], [ 282409.46, 4159574.1 ], [ 282410.2, 4159573.53 ] ] ] } },
{ "type": "Feature", "properties": { "id": "osm:way/334129666", "name": null, "height": 6.4, "min_height": 0.0, "levels": 2.0, "height_source": "osm_levels", "roof_shape": "flat", "roof_height": 0.0, "roof_azimuth": null, "roof_source": "heuristic", "roof_color": "concrete", "roof_color_source": "ortho", "lod2_roof": null, "roof_props": null, "wall_color": "terracotta", "wall_color_source": "assessor", "type": "apartments", "landmark": null, "footprint_source": "osm", "source_updated": null, "is_part": false, "parent": null, "hidden": false, "addr": "2051 W Broad St", "wikidata": null, "website": null, "zoning": "B-6", "lidar_p90": 13.64, "ground_z": 62.18 }, "geometry": { "type": "Polygon", "coordinates": [ [ [ 282502.34, 4159585.06 ], [ 282480.38, 4159556.93 ], [ 282470.37, 4159564.69 ], [ 282475.73, 4159571.57 ], [ 282480.85, 4159567.61 ], [ 282497.43, 4159588.86 ], [ 282502.34, 4159585.06 ] ] ] } },
{ "type": "Feature", "properties": { "id": "osm:way/1131822380", "name": null, "height": 3.54, "min_height": 0.0, "levels": null, "height_source": "lidar", "roof_shape": "flat", "roof_height": 0.52, "roof_azimuth": null, "roof_source": "lod2", "roof_color": "roof_flat", "roof_color_source": "ortho", "lod2_roof": { "v": [ [ 282432.69, 4159573.96, 0.5 ], [ 282439.5, 4159568.79, 0.52 ], [ 282443.28, 4159573.75, 0.0 ], [ 282436.26, 4159578.64, 0.0 ] ], "f": [ [ [ 0, 1, 2, 3 ] ] ] }, "roof_props": null, "wall_color": "brick", "wall_color_source": "assessor", "type": "yes", "landmark": null, "footprint_source": "osm", "source_updated": null, "is_part": false, "parent": null, "hidden": false, "addr": null, "wikidata": null, "website": null, "zoning": "R-48", "lidar_p90": 3.83, "ground_z": 62.77 }, "geometry": { "type": "Polygon", "coordinates": [ [ [ 282436.76, 4159579.29 ], [ 282443.57, 4159574.13 ], [ 282439.5, 4159568.8 ], [ 282432.69, 4159573.96 ], [ 282436.76, 4159579.29 ] ] ] } },
{ "type": "Feature", "properties": { "id": "osm:way/334127283", "name": "The Boiling Crab", "height": 8.25, "min_height": 0.0, "levels": null, "height_source": "lidar", "roof_shape": "gable", "roof_height": 1.7, "roof_azimuth": 128.0, "roof_source": "lod2", "roof_color": "roof_flat", "roof_color_source": "ortho", "lod2_roof": { "v": [ [ 282479.27, 4159568.83, 0.78 ], [ 282477.07, 4159573.25, 1.7 ], [ 282475.73, 4159571.56, 1.35 ], [ 282484.76, 4159575.35, 1.22 ], [ 282484.13, 4159571.81, 0.91 ], [ 282486.06, 4159574.28, 1.41 ], [ 282484.13, 4159571.81, 0.21 ], [ 282484.76, 4159575.35, 0.39 ], [ 282486.06, 4159574.28, 0.38 ], [ 282497.43, 4159588.86, 1.45 ], [ 282492.36, 4159592.53, 1.46 ], [ 282477.07, 4159573.25, 0.05 ], [ 282477.86, 4159571.67, 0.0 ], [ 282481.91, 4159568.96, 0.0 ], [ 282479.27, 4159568.83, 0.0 ] ], "f": [ [ [ 0, 1, 2 ] ], [ [ 3, 4, 5 ] ], [ [ 6, 7, 8, 9, 10, 11, 12, 13 ] ], [ [ 5, 8, 7, 3 ] ], [ [ 0, 14, 12, 11, 1 ] ], [ [ 3, 7, 6, 4 ] ] ] }, "roof_props": null, "wall_color": "cream", "wall_color_source": "assessor", "type": "yes", "landmark": null, "footprint_source": "osm", "source_updated": null, "is_part": false, "parent": null, "hidden": false, "addr": "2053 West Broad Street", "wikidata": null, "website": null, "zoning": "B-6", "lidar_p90": 9.83, "ground_z": 62.0 }, "geometry": { "type": "Polygon", "coordinates": [ [ [ 282480.85, 4159567.61 ], [ 282475.73, 4159571.57 ], [ 282492.36, 4159592.53 ], [ 282497.43, 4159588.86 ], [ 282480.85, 4159567.61 ] ] ] } },
{ "type": "Feature", "properties": { "id": "richmond_structure:394247", "name": null, "height": 2.71, "min_height": 0.0, "levels": null, "height_source": "lidar", "roof_shape": "flat", "roof_height": 1.07, "roof_azimuth": null, "roof_source": "lod2", "roof_color": "roof_dark", "roof_color_source": "heuristic", "lod2_roof": { "v": [ [ 282425.55, 4159587.65, 0.05 ], [ 282421.09, 4159591.33, 0.0 ], [ 282417.94, 4159587.51, 1.02 ], [ 282422.41, 4159583.83, 1.07 ] ], "f": [ [ [ 0, 1, 2, 3 ] ] ] }, "roof_props": null, "wall_color": "terracotta", "wall_color_source": "assessor", "type": "yes", "landmark": null, "footprint_source": "richmond_structures", "source_updated": "2026-09-08T12:07:13.637000Z", "is_part": false, "parent": null, "hidden": false, "addr": null, "wikidata": null, "website": null, "zoning": "R-48", "lidar_p90": 2.79, "ground_z": 63.64 }, "geometry": { "type": "Polygon", "coordinates": [ [ [ 282422.41, 4159583.83 ], [ 282417.94, 4159587.51 ], [ 282421.09, 4159591.33 ], [ 282425.55, 4159587.65 ], [ 282422.41, 4159583.83 ] ] ] } },
{ "type": "Feature", "properties": { "id": "richmond_structure:394246", "name": null, "height": 8.0, "min_height": 0.0, "levels": null, "height_source": "zoning", "roof_shape": "flat", "roof_height": 0.0, "roof_azimuth": null, "roof_source": "heuristic", "roof_color": "roof_flat", "roof_color_source": "heuristic", "lod2_roof": null, "roof_props": null, "wall_color": "brick", "wall_color_source": "assessor", "type": "yes", "landmark": null, "footprint_source": "richmond_structures", "source_updated": "2026-09-08T12:07:13.637000Z", "is_part": false, "parent": null, "hidden": false, "addr": null, "wikidata": null, "website": null, "zoning": "R-48", "lidar_p90": 2.31, "ground_z": 64.84 }, "geometry": { "type": "Polygon", "coordinates": [ [ [ 282414.94, 4159585.43 ], [ 282410.72, 4159588.85 ], [ 282412.38, 4159590.88 ], [ 282416.59, 4159587.46 ], [ 282414.94, 4159585.43 ] ] ] } },
{ "type": "Feature", "properties": { "id": "richmond_structure:276105", "name": null, "height": 3.68, "min_height": 0.0, "levels": null, "height_source": "lidar", "roof_shape": "flat", "roof_height": 1.32, "roof_azimuth": null, "roof_source": "lod2", "roof_color": "roof_flat", "roof_color_source": "ortho", "lod2_roof": { "v": [ [ 282493.31, 4159553.02, 1.29 ], [ 282492.05, 4159553.11, 1.3 ], [ 282491.29, 4159552.1, 1.32 ], [ 282492.76, 4159551.24, 1.32 ], [ 282497.4, 4159551.04, 0.0 ], [ 282493.02, 4159554.38, 0.43 ], [ 282492.05, 4159553.11, 0.43 ], [ 282493.31, 4159553.02, 0.35 ], [ 282492.76, 4159551.24, 0.3 ], [ 282491.29, 4159552.1, 0.44 ], [ 282489.79, 4159550.13, 0.44 ], [ 282494.28, 4159546.71, 0.0 ] ], "f": [ [ [ 0, 1, 2, 3 ] ], [ [ 4, 5, 6, 7, 8, 9, 10, 11 ] ], [ [ 3, 8, 7, 0 ] ], [ [ 2, 9, 8, 3 ] ], [ [ 0, 7, 6, 1 ] ] ] }, "roof_props": null, "wall_color": "brick_dark", "wall_color_source": "assessor", "type": "yes", "landmark": null, "footprint_source": "richmond_structures", "source_updated": "2026-09-08T12:07:13.637000Z", "is_part": false, "parent": null, "hidden": false, "addr": null, "wikidata": null, "website": null, "zoning": "B-6", "lidar_p90": 4.88, "ground_z": 62.35 }, "geometry": { "type": "Polygon", "coordinates": [ [ [ 282496.65, 4159544.9 ], [ 282489.79, 4159550.14 ], [ 282493.02, 4159554.38 ], [ 282499.89, 4159549.14 ], [ 282496.65, 4159544.9 ] ] ] } },
{ "type": "Feature", "properties": { "id": "richmond_structure:275724", "name": null, "height": 3.74, "min_height": 0.0, "levels": null, "height_source": "lidar", "roof_shape": "flat", "roof_height": 0.41, "roof_azimuth": null, "roof_source": "lod2", "roof_color": "roof_flat", "roof_color_source": "ortho", "lod2_roof": { "v": [ [ 282496.78, 4159559.3, 0.39 ], [ 282493.02, 4159554.38, 0.41 ], [ 282497.33, 4159551.09, 0.0 ], [ 282500.88, 4159556.17, 0.0 ] ], "f": [ [ [ 0, 1, 2, 3 ] ] ] }, "roof_props": null, "wall_color": "sand", "wall_color_source": "assessor", "type": "yes", "landmark": null, "footprint_source": "richmond_structures", "source_updated": "2026-09-08T12:07:13.637000Z", "is_part": false, "parent": null, "hidden": false, "addr": null, "wikidata": null, "website": null, "zoning": "B-6", "lidar_p90": 3.94, "ground_z": 62.21 }, "geometry": { "type": "Polygon", "coordinates": [ [ [ 282499.89, 4159549.14 ], [ 282493.02, 4159554.38 ], [ 282496.78, 4159559.3 ], [ 282503.65, 4159554.07 ], [ 282499.89, 4159549.14 ] ] ] } },
{ "type": "Feature", "properties": { "id": "osm:way/334127248", "name": "Posh Hair Studio", "height": 15.07, "min_height": 0.0, "levels": null, "height_source": "lidar", "roof_shape": "flat", "roof_height": 0.0, "roof_azimuth": null, "roof_source": "heuristic", "roof_color": "roof_flat", "roof_color_source": "ortho", "lod2_roof": null, "roof_props": null, "wall_color": "cream", "wall_color_source": "assessor", "type": "yes", "landmark": null, "footprint_source": "osm", "source_updated": null, "is_part": false, "parent": null, "hidden": false, "addr": "2047 W Broad St", "wikidata": null, "website": null, "zoning": "B-6", "lidar_p90": 16.89, "ground_z": 62.02 }, "geometry": { "type": "Polygon", "coordinates": [ [ [ 282489.63, 4159549.49 ], [ 282480.38, 4159556.93 ], [ 282502.34, 4159585.06 ], [ 282511.89, 4159577.98 ], [ 282489.63, 4159549.49 ] ] ] } },
{ "type": "Feature", "properties": { "id": "richmond_structure:394248", "name": null, "height": 2.59, "min_height": 0.0, "levels": null, "height_source": "lidar", "roof_shape": "flat", "roof_height": 0.58, "roof_azimuth": null, "roof_source": "lod2", "roof_color": "roof_flat", "roof_color_source": "ortho", "lod2_roof": { "v": [ [ 282416.19, 4159588.89, 0.58 ], [ 282419.99, 4159593.17, 0.1 ], [ 282416.0, 4159596.4, 0.0 ], [ 282412.41, 4159591.95, 0.49 ] ], "f": [ [ [ 0, 1, 2, 3 ] ] ] }, "roof_props": null, "wall_color": "sand", "wall_color_source": "assessor", "type": "yes", "landmark": null, "footprint_source": "richmond_structures", "source_updated": "2026-09-08T12:07:13.637000Z", "is_part": false, "parent": null, "hidden": false, "addr": null, "wikidata": null, "website": null, "zoning": "R-48", "lidar_p90": 4.4, "ground_z": 63.62 }, "geometry": { "type": "Polygon", "coordinates": [ [ [ 282417.16, 4159588.11 ], [ 282412.41, 4159591.95 ], [ 282416.0, 4159596.4 ], [ 282420.75, 4159592.56 ], [ 282417.16, 4159588.11 ] ] ] } },
{ "type": "Feature", "properties": { "id": "richmond_structure:394249", "name": null, "height": 2.52, "min_height": 0.0, "levels": null, "height_source": "lidar", "roof_shape": "flat", "roof_height": 1.34, "roof_azimuth": null, "roof_source": "lod2", "roof_color": "roof_flat", "roof_color_source": "heuristic", "lod2_roof": { "v": [ [ 282412.98, 4159598.29, 0.0 ], [ 282407.93, 4159602.18, 0.77 ], [ 282404.38, 4159597.57, 1.34 ], [ 282409.69, 4159593.48, 0.52 ], [ 282412.99, 4159597.76, 0.0 ] ], "f": [ [ [ 0, 1, 2, 3, 4 ] ] ] }, "roof_props": null, "wall_color": "brick", "wall_color_source": "assessor", "type": "yes", "landmark": null, "footprint_source": "richmond_structures", "source_updated": "2026-09-08T12:07:13.637000Z", "is_part": false, "parent": null, "hidden": false, "addr": null, "wikidata": null, "website": null, "zoning": "R-48", "lidar_p90": 2.7, "ground_z": 63.54 }, "geometry": { "type": "Polygon", "coordinates": [ [ [ 282409.68, 4159593.48 ], [ 282404.38, 4159597.57 ], [ 282407.93, 4159602.18 ], [ 282413.23, 4159598.09 ], [ 282409.68, 4159593.48 ] ] ] } },
{ "type": "Feature", "properties": { "id": "richmond_structure:394250", "name": null, "height": 2.5, "min_height": 0.0, "levels": null, "height_source": "lidar", "roof_shape": "flat", "roof_height": 0.57, "roof_azimuth": null, "roof_source": "lod2", "roof_color": "roof_flat", "roof_color_source": "heuristic", "lod2_roof": { "v": [ [ 282407.93, 4159602.18, 0.0 ], [ 282403.19, 4159605.83, 0.07 ], [ 282399.64, 4159601.22, 0.57 ], [ 282404.38, 4159597.57, 0.5 ] ], "f": [ [ [ 0, 1, 2, 3 ] ] ] }, "roof_props": null, "wall_color": "brick", "wall_color_source": "assessor", "type": "yes", "landmark": null, "footprint_source": "richmond_structures", "source_updated": "2026-09-08T12:07:13.637000Z", "is_part": false, "parent": null, "hidden": false, "addr": null, "wikidata": null, "website": null, "zoning": "R-48", "lidar_p90": 2.54, "ground_z": 64.04 }, "geometry": { "type": "Polygon", "coordinates": [ [ [ 282404.38, 4159597.57 ], [ 282399.64, 4159601.22 ], [ 282403.19, 4159605.83 ], [ 282407.93, 4159602.18 ], [ 282404.38, 4159597.57 ] ] ] } },
{ "type": "Feature", "properties": { "id": "osm:way/334113952", "name": null, "height": 8.03, "min_height": 0.0, "levels": null, "height_source": "lidar", "roof_shape": "flat", "roof_height": 3.02, "roof_azimuth": null, "roof_source": "lod2", "roof_color": "roof_flat", "roof_color_source": "ortho", "lod2_roof": { "v": [ [ 282398.76, 4159632.41, 2.87 ], [ 282397.31, 4159630.08, 2.91 ], [ 282398.71, 4159628.89, 2.91 ], [ 282400.4, 4159631.29, 2.87 ], [ 282423.54, 4159635.37, 2.61 ], [ 282422.23, 4159636.39, 2.6 ], [ 282421.02, 4159634.09, 2.65 ], [ 282422.21, 4159633.36, 2.65 ], [ 282455.66, 4159614.46, 2.2 ], [ 282456.99, 4159615.97, 2.21 ], [ 282456.04, 4159617.22, 2.21 ], [ 282455.02, 4159616.17, 2.2 ], [ 282454.18, 4159615.51, 2.19 ], [ 282455.04, 4159615.11, 2.19 ], [ 282442.57, 4159590.02, 2.4 ], [ 282443.4, 4159590.66, 2.41 ], [ 282441.94, 4159591.4, 2.42 ], [ 282440.06, 4159589.4, 2.4 ], [ 282441.76, 4159588.61, 2.39 ], [ 282423.8, 4159630.2, 1.36 ], [ 282425.51, 4159629.3, 1.41 ], [ 282432.76, 4159638.51, 1.47 ], [ 282431.96, 4159639.15, 1.44 ], [ 282453.89, 4159598.79, 2.97 ], [ 282452.57, 4159599.94, 2.99 ], [ 282450.45, 4159597.62, 3.0 ], [ 282451.44, 4159596.89, 2.99 ], [ 282452.01, 4159596.47, 2.99 ], [ 282460.92, 4159590.09, 3.01 ], [ 282461.86, 4159589.44, 3.02 ], [ 282463.13, 4159591.12, 2.93 ], [ 282462.2, 4159591.85, 2.92 ], [ 282446.92, 4159588.13, 2.62 ], [ 282446.31, 4159587.96, 2.62 ], [ 282445.81, 4159588.37, 2.61 ], [ 282444.3, 4159586.82, 2.6 ], [ 282444.41, 4159586.76, 2.61 ], [ 282444.71, 4159585.71, 2.62 ], [ 282445.68, 4159586.02, 2.63 ], [ 282446.19, 4159585.73, 2.64 ], [ 282447.07, 4159587.34, 2.64 ], [ 282447.0, 4159587.4, 2.63 ], [ 282410.89, 4159637.47, 2.58 ], [ 282410.02, 4159636.57, 2.59 ], [ 282412.18, 4159635.16, 2.52 ], [ 282412.79, 4159635.74, 2.51 ], [ 282413.31, 4159635.64, 2.49 ], [ 282413.43, 4159636.35, 2.5 ], [ 282413.63, 4159636.55, 2.49 ], [ 282410.86, 4159638.86, 2.59 ], [ 282445.89, 4159609.05, 0.36 ], [ 282450.51, 4159611.3, 0.44 ], [ 282450.3, 4159612.49, 0.42 ], [ 282454.18, 4159615.51, 0.46 ], [ 282455.02, 4159616.17, 0.47 ], [ 282456.04, 4159617.22, 0.48 ], [ 282456.99, 4159615.97, 0.53 ], [ 282458.85, 4159618.09, 0.54 ], [ 282454.04, 4159621.85, 0.35 ], [ 282446.53, 4159612.31, 0.32 ], [ 282446.11, 4159612.63, 0.3 ], [ 282442.12, 4159608.03, 0.28 ], [ 282443.11, 4159606.87, 0.32 ], [ 282439.1, 4159609.93, 1.04 ], [ 282435.99, 4159609.48, 1.03 ], [ 282435.08, 4159608.83, 1.03 ], [ 282434.19, 4159608.2, 1.02 ], [ 282438.74, 4159603.51, 0.98 ], [ 282440.97, 4159606.85, 1.02 ], [ 282439.48, 4159609.31, 1.04 ], [ 282420.61, 4159628.54, 1.2 ], [ 282419.38, 4159628.04, 1.19 ], [ 282419.2, 4159625.17, 1.16 ], [ 282423.8, 4159630.2, 1.22 ], [ 282421.95, 4159631.18, 1.23 ], [ 282419.91, 4159629.75, 1.21 ], [ 282439.1, 4159609.93, 1.34 ], [ 282438.67, 4159610.65, 1.33 ], [ 282439.49, 4159611.13, 1.32 ], [ 282439.03, 4159611.76, 1.31 ], [ 282442.08, 4159615.78, 1.25 ], [ 282425.23, 4159628.93, 0.9 ], [ 282425.51, 4159629.3, 0.89 ], [ 282423.8, 4159630.2, 0.86 ], [ 282419.2, 4159625.17, 0.93 ], [ 282417.25, 4159623.02, 0.96 ], [ 282435.08, 4159608.83, 1.34 ], [ 282435.99, 4159609.48, 1.33 ], [ 282436.41, 4159615.58, 1.22 ], [ 282433.93, 4159614.31, 1.23 ], [ 282433.21, 4159615.05, 1.21 ], [ 282434.39, 4159618.29, 1.16 ], [ 282434.53, 4159618.2, 1.16 ], [ 282440.58, 4159610.42, 2.02 ], [ 282439.67, 4159611.25, 2.01 ], [ 282439.49, 4159611.13, 2.01 ], [ 282438.67, 4159610.65, 2.01 ], [ 282439.1, 4159609.93, 2.02 ], [ 282439.48, 4159609.31, 2.02 ], [ 282447.53, 4159599.8, 2.36 ], [ 282449.49, 4159601.06, 2.31 ], [ 282448.84, 4159601.83, 2.31 ], [ 282448.86, 4159602.25, 2.3 ], [ 282447.28, 4159602.05, 2.33 ], [ 282447.39, 4159599.84, 2.36 ], [ 282419.47, 4159629.44, 2.7 ], [ 282419.06, 4159629.16, 2.7 ], [ 282419.38, 4159628.04, 2.69 ], [ 282420.61, 4159628.54, 2.7 ], [ 282419.91, 4159629.75, 2.71 ], [ 282419.49, 4159629.71, 2.71 ], [ 282422.46, 4159646.99, 0.67 ], [ 282418.24, 4159650.28, 0.76 ], [ 282415.39, 4159640.05, 0.65 ], [ 282416.68, 4159638.88, 0.62 ], [ 282391.86, 4159628.51, 1.15 ], [ 282393.26, 4159633.43, 1.2 ], [ 282387.72, 4159626.39, 1.12 ], [ 282388.54, 4159626.81, 1.13 ], [ 282412.93, 4159613.9, 2.19 ], [ 282410.69, 4159615.69, 2.16 ], [ 282410.45, 4159615.19, 2.17 ], [ 282409.51, 4159614.51, 2.19 ], [ 282410.45, 4159613.3, 2.22 ], [ 282411.35, 4159612.95, 2.22 ], [ 282433.93, 4159614.31, 1.97 ], [ 282436.41, 4159615.58, 1.97 ], [ 282434.53, 4159618.2, 1.95 ], [ 282434.39, 4159618.29, 1.95 ], [ 282433.21, 4159615.05, 1.96 ], [ 282438.73, 4159587.05, 0.68 ], [ 282449.5, 4159578.75, 1.27 ], [ 282454.05, 4159574.7, 1.53 ], [ 282476.96, 4159603.95, 1.52 ], [ 282468.79, 4159610.33, 1.07 ], [ 282454.47, 4159599.25, 0.89 ], [ 282454.29, 4159599.25, 0.88 ], [ 282453.95, 4159598.84, 0.88 ], [ 282453.89, 4159598.79, 0.88 ], [ 282452.01, 4159596.47, 0.88 ], [ 282451.44, 4159596.89, 0.85 ], [ 282443.4, 4159590.66, 0.74 ], [ 282442.57, 4159590.02, 0.73 ], [ 282441.76, 4159588.61, 0.74 ], [ 282440.06, 4159589.4, 0.67 ], [ 282437.89, 4159587.09, 0.66 ], [ 282438.33, 4159586.74, 0.68 ], [ 282446.31, 4159587.96, 0.92 ], [ 282446.92, 4159588.13, 0.93 ], [ 282447.0, 4159587.4, 0.95 ], [ 282447.07, 4159587.34, 0.96 ], [ 282446.19, 4159585.73, 0.97 ], [ 282445.68, 4159586.02, 0.95 ], [ 282444.71, 4159585.71, 0.92 ], [ 282444.41, 4159586.76, 0.88 ], [ 282444.3, 4159586.82, 0.88 ], [ 282445.81, 4159588.37, 0.89 ], [ 282461.86, 4159589.44, 1.4 ], [ 282460.92, 4159590.09, 1.35 ], [ 282462.2, 4159591.85, 1.35 ], [ 282463.13, 4159591.12, 1.4 ], [ 282388.54, 4159626.81, 0.69 ], [ 282437.89, 4159587.09, 0.4 ], [ 282440.06, 4159589.4, 0.44 ], [ 282441.94, 4159591.4, 0.47 ], [ 282443.4, 4159590.66, 0.47 ], [ 282451.44, 4159596.89, 0.57 ], [ 282450.45, 4159597.62, 0.58 ], [ 282452.57, 4159599.94, 0.61 ], [ 282453.89, 4159598.79, 0.6 ], [ 282453.95, 4159598.84, 0.6 ], [ 282454.29, 4159599.25, 0.61 ], [ 282454.47, 4159599.25, 0.61 ], [ 282468.79, 4159610.33, 0.8 ], [ 282458.85, 4159618.09, 0.85 ], [ 282456.99, 4159615.97, 0.82 ], [ 282455.66, 4159614.46, 0.8 ], [ 282455.04, 4159615.11, 0.8 ], [ 282454.18, 4159615.51, 0.8 ], [ 282450.3, 4159612.49, 0.75 ], [ 282450.51, 4159611.3, 0.74 ], [ 282445.89, 4159609.05, 0.69 ], [ 282443.11, 4159606.87, 0.66 ], [ 282442.12, 4159608.03, 0.67 ], [ 282446.11, 4159612.63, 0.74 ], [ 282442.08, 4159615.78, 0.76 ], [ 282439.03, 4159611.76, 0.7 ], [ 282439.49, 4159611.13, 0.7 ], [ 282439.67, 4159611.25, 0.7 ], [ 282440.58, 4159610.42, 0.69 ], [ 282439.48, 4159609.31, 0.67 ], [ 282440.97, 4159606.85, 0.65 ], [ 282438.74, 4159603.51, 0.6 ], [ 282434.19, 4159608.2, 0.64 ], [ 282435.08, 4159608.83, 0.65 ], [ 282417.25, 4159623.02, 0.76 ], [ 282419.2, 4159625.17, 0.79 ], [ 282419.38, 4159628.04, 0.82 ], [ 282419.06, 4159629.16, 0.84 ], [ 282419.47, 4159629.44, 0.84 ], [ 282419.49, 4159629.71, 0.85 ], [ 282419.91, 4159629.75, 0.85 ], [ 282421.95, 4159631.18, 0.87 ], [ 282423.8, 4159630.2, 0.87 ], [ 282431.96, 4159639.15, 1.0 ], [ 282432.18, 4159639.4, 1.01 ], [ 282422.46, 4159646.99, 1.06 ], [ 282416.68, 4159638.88, 0.94 ], [ 282415.39, 4159640.05, 0.95 ], [ 282418.24, 4159650.28, 1.09 ], [ 282410.98, 4159655.95, 1.13 ], [ 282393.26, 4159633.43, 0.79 ], [ 282391.86, 4159628.51, 0.73 ], [ 282398.71, 4159628.89, 0.76 ], [ 282397.31, 4159630.08, 0.77 ], [ 282398.76, 4159632.41, 0.8 ], [ 282400.4, 4159631.29, 0.79 ], [ 282410.69, 4159615.69, 0.64 ], [ 282412.93, 4159613.9, 0.63 ], [ 282411.35, 4159612.95, 0.61 ], [ 282410.45, 4159613.3, 0.61 ], [ 282409.51, 4159614.51, 0.63 ], [ 282410.45, 4159615.19, 0.64 ], [ 282422.21, 4159633.36, 0.9 ], [ 282421.02, 4159634.09, 0.9 ], [ 282422.23, 4159636.39, 0.94 ], [ 282423.54, 4159635.37, 0.93 ], [ 282413.31, 4159635.64, 0.89 ], [ 282412.79, 4159635.74, 0.89 ], [ 282412.18, 4159635.16, 0.88 ], [ 282410.02, 4159636.57, 0.89 ], [ 282410.89, 4159637.47, 0.91 ], [ 282410.86, 4159638.86, 0.92 ], [ 282413.63, 4159636.55, 0.91 ], [ 282413.43, 4159636.35, 0.9 ], [ 282449.49, 4159601.06, 0.61 ], [ 282447.53, 4159599.8, 0.59 ], [ 282447.39, 4159599.84, 0.59 ], [ 282447.28, 4159602.05, 0.62 ], [ 282448.86, 4159602.25, 0.62 ], [ 282448.84, 4159601.83, 0.62 ], [ 282432.76, 4159638.51, 0.0 ], [ 282431.96, 4159639.15, 0.0 ], [ 282432.18, 4159639.4, 0.0 ] ], "f": [ [ [ 0, 1, 2, 3 ] ], [ [ 4, 5, 6, 7 ] ], [ [ 8, 9, 10, 11, 12, 13 ] ], [ [ 14, 15, 16, 17, 18 ] ], [ [ 19, 20, 21, 22 ] ], [ [ 23, 24, 25, 26, 27 ] ], [ [ 28, 29, 30, 31 ] ], [ [ 32, 33, 34, 35, 36, 37, 38, 39, 40, 41 ] ], [ [ 42, 43, 44, 45, 46, 47, 48, 49 ] ], [ [ 50, 51, 52, 53, 54, 55, 56, 57, 58, 59, 60, 61, 62 ] ], [ [ 63, 64, 65, 66, 67, 68, 69 ] ], [ [ 70, 71, 72, 73, 74, 75 ] ], [ [ 76, 77, 78, 79, 80, 81, 82, 83, 84, 85, 86, 87 ], [ 88, 89, 90, 91, 92 ] ], [ [ 93, 94, 95, 96, 97, 98 ] ], [ [ 99, 100, 101, 102, 103, 104 ] ], [ [ 105, 106, 107, 108, 109, 110 ] ], [ [ 111, 112, 113, 114 ] ], [ [ 115, 116, 117, 118 ] ], [ [ 119, 120, 121, 122, 123, 124 ] ], [ [ 125, 126, 127, 128, 129 ] ], [ [ 130, 131, 132, 133, 134, 135, 136, 137, 138, 139, 140, 141, 142, 143, 144, 145, 146 ], [ 147, 148, 149, 150, 151, 152, 153, 154, 155, 156 ], [ 157, 158, 159, 160 ] ], [ [ 161, 162, 163, 164, 165, 166, 167, 168, 169, 170, 171, 172, 173, 174, 175, 176, 177, 178, 179, 180, 181, 182, 183, 184, 185, 186, 187, 188, 189, 190, 191, 192, 193, 194, 195, 196, 197, 198, 199, 200, 201, 202, 203, 204, 205, 206, 207, 208, 209, 210, 211, 212 ], [ 213, 214, 215, 216 ], [ 217, 218, 219, 220, 221, 222 ], [ 223, 224, 225, 226 ], [ 227, 228, 229, 230, 231, 232, 233, 234 ], [ 235, 236, 237, 238, 239, 240 ] ], [ [ 24, 168, 167, 25 ] ], [ [ 181, 50, 62, 182 ] ], [ [ 67, 192, 191, 68 ] ], [ [ 1, 214, 213, 2 ] ], [ [ 2, 213, 216, 3 ] ], [ [ 34, 156, 155, 35 ] ], [ [ 38, 152, 151, 39 ] ], [ [ 37, 153, 152, 38 ] ], [ [ 121, 222, 221, 122 ] ], [ [ 120, 217, 222, 121 ] ], [ [ 17, 144, 143, 18 ] ], [ [ 94, 188, 187, 78, 95 ] ], [ [ 78, 187, 186, 79 ] ], [ [ 98, 69, 190, 189, 93 ] ], [ [ 43, 230, 229, 44 ] ], [ [ 25, 167, 166, 140, 26 ] ], [ [ 140, 166, 165, 141 ] ], [ [ 124, 219, 218, 119 ] ], [ [ 21, 241, 242, 204, 22 ] ], [ [ 6, 224, 223, 7 ] ], [ [ 7, 223, 226, 4 ] ], [ [ 3, 216, 215, 0 ] ], [ [ 0, 215, 214, 1 ] ], [ [ 127, 92, 91, 128 ] ], [ [ 5, 225, 224, 6 ] ], [ [ 4, 226, 225, 5 ] ], [ [ 137, 170, 169, 138 ] ], [ [ 45, 228, 227, 46 ] ], [ [ 30, 160, 159, 31 ] ], [ [ 79, 186, 185, 80 ] ], [ [ 31, 159, 158, 28 ] ], [ [ 204, 242, 243, 205 ] ], [ [ 22, 204, 203, 73, 19 ] ], [ [ 183, 61, 60, 184 ] ], [ [ 66, 193, 192, 67 ] ], [ [ 68, 191, 190, 69 ] ], [ [ 26, 140, 139, 27 ] ], [ [ 27, 139, 138, 23 ] ], [ [ 136, 171, 170, 137 ] ], [ [ 135, 172, 171, 136 ] ], [ [ 178, 53, 52, 179 ] ], [ [ 33, 147, 156, 34 ] ], [ [ 15, 141, 165, 164, 16 ] ], [ [ 86, 65, 64, 87 ] ], [ [ 144, 163, 162, 145 ] ], [ [ 16, 164, 163, 144, 17 ] ], [ [ 18, 143, 142, 14 ] ], [ [ 95, 78, 77, 96 ] ], [ [ 44, 229, 228, 45 ] ], [ [ 206, 111, 114, 207 ] ], [ [ 207, 114, 113, 208 ] ], [ [ 47, 234, 233, 48 ] ], [ [ 46, 227, 234, 47 ] ], [ [ 208, 113, 112, 209 ] ], [ [ 97, 76, 63, 69, 98 ] ], [ [ 122, 221, 220, 123 ] ], [ [ 174, 57, 56, 175 ] ], [ [ 9, 175, 56, 55, 10 ] ], [ [ 102, 239, 238, 103 ] ], [ [ 182, 62, 61, 183 ] ], [ [ 10, 55, 54, 11 ] ], [ [ 13, 177, 176, 8 ] ], [ [ 12, 178, 177, 13 ] ], [ [ 11, 54, 53, 178, 12 ] ], [ [ 8, 176, 175, 9 ] ], [ [ 123, 220, 219, 124 ] ], [ [ 14, 142, 141, 15 ] ], [ [ 74, 202, 201, 75 ] ], [ [ 108, 70, 75, 109 ] ], [ [ 19, 73, 203, 83, 82, 20 ] ], [ [ 109, 75, 201, 200, 110 ] ], [ [ 73, 203, 202, 74 ] ], [ [ 128, 91, 90, 129 ] ], [ [ 65, 194, 193, 66 ] ], [ [ 85, 195, 194, 65, 86 ] ], [ [ 39, 151, 150, 40 ] ], [ [ 40, 150, 149, 41 ] ], [ [ 36, 154, 153, 37 ] ], [ [ 35, 155, 154, 36 ] ], [ [ 23, 138, 169, 168, 24 ] ], [ [ 29, 157, 160, 30 ] ], [ [ 28, 158, 157, 29 ] ], [ [ 41, 149, 148, 32 ] ], [ [ 32, 148, 147, 33 ] ], [ [ 179, 52, 51, 180 ] ], [ [ 103, 238, 237, 104 ] ], [ [ 84, 196, 195, 85 ] ], [ [ 71, 197, 196, 84, 72 ] ], [ [ 106, 198, 197, 71, 107 ] ], [ [ 48, 233, 232, 49 ] ], [ [ 49, 232, 231, 42 ] ], [ [ 42, 231, 230, 43 ] ], [ [ 110, 200, 199, 105 ] ], [ [ 104, 237, 236, 99 ] ], [ [ 180, 51, 50, 181 ] ], [ [ 101, 240, 239, 102 ] ], [ [ 100, 235, 240, 101 ] ], [ [ 87, 64, 63, 76 ] ], [ [ 72, 84, 83, 203, 73 ] ], [ [ 126, 88, 92, 127 ] ], [ [ 107, 71, 70, 108 ] ], [ [ 96, 77, 76, 97 ] ], [ [ 93, 189, 188, 94 ] ], [ [ 99, 236, 235, 100 ] ], [ [ 105, 199, 198, 106 ] ], [ [ 134, 173, 172, 135 ] ], [ [ 118, 161, 212, 115 ] ], [ [ 115, 212, 211, 116 ] ], [ [ 119, 218, 217, 120 ] ], [ [ 129, 90, 89, 125 ] ], [ [ 125, 89, 88, 126 ] ] ] }, "roof_props": null, "wall_color": "brick", "wall_color_source": "assessor", "type": "yes", "landmark": null, "footprint_source": "osm", "source_updated": null, "is_part": false, "parent": null, "hidden": false, "addr": "2201 W Broad St", "wikidata": null, "website": null, "zoning": "B-6", "lidar_p90": 9.12, "ground_z": 63.02 }, "geometry": { "type": "Polygon", "coordinates": [ [ [ 282410.98, 4159655.95 ], [ 282432.97, 4159638.78 ], [ 282425.22, 4159628.93 ], [ 282446.53, 4159612.31 ], [ 282454.04, 4159621.85 ], [ 282478.53, 4159602.73 ], [ 282455.12, 4159572.99 ], [ 282387.34, 4159625.91 ], [ 282410.98, 4159655.95 ] ] ] } },
{ "type": "Feature", "properties": { "id": "osm:way/751167414", "name": null, "height": 3.92, "min_height": 0.0, "levels": null, "height_source": "lidar", "roof_shape": "flat", "roof_height": 0.0, "roof_azimuth": null, "roof_source": "heuristic", "roof_color": "roof_dark", "roof_color_source": "heuristic", "lod2_roof": null, "roof_props": null, "wall_color": "sand", "wall_color_source": "heuristic", "type": "yes", "landmark": null, "footprint_source": "osm", "source_updated": null, "is_part": false, "parent": null, "hidden": false, "addr": null, "wikidata": null, "website": null, "zoning": "B-4", "lidar_p90": 4.05, "ground_z": 62.31 }, "geometry": { "type": "Polygon", "coordinates": [ [ [ 282460.73, 4159651.71 ], [ 282459.11, 4159649.76 ], [ 282444.83, 4159660.9 ], [ 282446.57, 4159662.97 ], [ 282460.73, 4159651.71 ] ] ] } },
{ "type": "Feature", "properties": { "id": "osm:way/252997410", "name": null, "height": 6.96, "min_height": 0.0, "levels": null, "height_source": "lidar", "roof_shape": "flat", "roof_height": 0.0, "roof_azimuth": null, "roof_source": "heuristic", "roof_color": "roof_flat", "roof_color_source": "ortho", "lod2_roof": null, "roof_props": null, "wall_color": "brick_dark", "wall_color_source": "assessor", "type": "yes", "landmark": null, "footprint_source": "osm", "source_updated": null, "is_part": false, "parent": null, "hidden": false, "addr": "2220 West Broad Street", "wikidata": null, "website": null, "zoning": "B-4", "lidar_p90": 12.89, "ground_z": 62.41 }, "geometry": { "type": "Polygon", "coordinates": [ [ [ 282416.23, 4159703.12 ], [ 282472.26, 4159772.42 ], [ 282486.51, 4159760.99 ], [ 282491.16, 4159766.74 ], [ 282487.76, 4159769.47 ], [ 282503.18, 4159788.54 ], [ 282540.51, 4159758.61 ], [ 282536.0, 4159753.03 ], [ 282537.8, 4159751.59 ], [ 282527.02, 4159738.25 ], [ 282523.78, 4159740.85 ], [ 282518.68, 4159734.53 ], [ 282527.89, 4159727.15 ], [ 282523.41, 4159721.62 ], [ 282526.03, 4159719.53 ], [ 282474.79, 4159656.15 ], [ 282416.23, 4159703.12 ] ] ] } }
]
}
