{
"type": "FeatureCollection",
"name": "landuse",
"crs": { "type": "name", "properties": { "name": "urn:ogc:def:crs:EPSG::32618" } },
"xy_coordinate_resolution": 0.01,
"features": [
{ "type": "Feature", "properties": { "id": "imagery:groundcover_lawn:3182", "name": null, "kind": "groundcover_lawn", "sport": null, "surface": null, "pitch_layout": null, "source": "vgin_vbmp+naip+lidar2025", "source_updated": null, "base_z": null, "top_z": null }, "geometry": { "type": "Polygon", "coordinates": [ [ [ 283504.69, 4155501.54 ], [ 283504.73, 4155501.63 ], [ 283504.77, 4155501.72 ], [ 283504.79, 4155501.81 ], [ 283504.81, 4155501.91 ], [ 283504.81, 4155502.01 ], [ 283504.81, 4155502.03 ], [ 283505.01, 4155502.5 ], [ 283512.04, 4155509.54 ], [ 283512.37, 4155510.02 ], [ 283513.02, 4155511.6 ], [ 283513.13, 4155512.16 ], [ 283513.13, 4155514.77 ], [ 283513.42, 4155515.24 ], [ 283516.98, 4155517.9 ], [ 283517.06, 4155517.97 ], [ 283517.13, 4155518.04 ], [ 283517.19, 4155518.11 ], [ 283517.24, 4155518.19 ], [ 283517.29, 4155518.28 ], [ 283517.33, 4155518.37 ], [ 283517.36, 4155518.47 ], [ 283517.37, 4155518.56 ], [ 283517.38, 4155518.66 ], [ 283517.38, 4155518.75 ], [ 283522.52, 4155521.32 ], [ 283523.19, 4155522.01 ], [ 283524.17, 4155524.14 ], [ 283524.39, 4155524.31 ], [ 283524.47, 4155524.37 ], [ 283524.54, 4155524.44 ], [ 283524.6, 4155524.51 ], [ 283524.65, 4155524.6 ], [ 283524.7, 4155524.68 ], [ 283524.74, 4155524.77 ], [ 283524.77, 4155524.87 ], [ 283524.78, 4155524.96 ], [ 283524.79, 4155525.06 ], [ 283524.79, 4155525.16 ], [ 283524.78, 4155525.25 ], [ 283524.77, 4155525.35 ], [ 283524.74, 4155525.44 ], [ 283524.7, 4155525.53 ], [ 283524.65, 4155525.62 ], [ 283524.6, 4155525.7 ], [ 283524.24, 4155526.19 ], [ 283522.67, 4155532.48 ], [ 283522.28, 4155533.17 ], [ 283520.67, 4155534.77 ], [ 283519.99, 4155535.16 ], [ 283517.1, 4155535.88 ], [ 283516.33, 4155536.93 ], [ 283516.27, 4155537.01 ], [ 283516.2, 4155537.08 ], [ 283516.13, 4155537.14 ], [ 283516.05, 4155537.19 ], [ 283515.96, 4155537.24 ], [ 283515.88, 4155537.28 ], [ 283515.78, 4155537.31 ], [ 283515.69, 4155537.33 ], [ 283515.59, 4155537.34 ], [ 283515.5, 4155537.34 ], [ 283515.4, 4155537.33 ], [ 283515.31, 4155537.32 ], [ 283515.21, 4155537.29 ], [ 283515.12, 4155537.25 ], [ 283515.04, 4155537.21 ], [ 283514.95, 4155537.16 ], [ 283514.17, 4155536.62 ], [ 283512.91, 4155536.93 ], [ 283512.15, 4155538.13 ], [ 283535.19, 4155555.63 ], [ 283540.13, 4155555.63 ], [ 283543.13, 4155552.63 ], [ 283543.13, 4155551.23 ], [ 283541.8, 4155548.74 ], [ 283535.78, 4155544.72 ], [ 283535.29, 4155544.19 ], [ 283534.31, 4155542.35 ], [ 283534.13, 4155541.65 ], [ 283534.13, 4155541.1 ], [ 283534.09, 4155541.01 ], [ 283534.06, 4155540.91 ], [ 283534.05, 4155540.82 ], [ 283534.04, 4155540.72 ], [ 283534.04, 4155540.62 ], [ 283534.05, 4155540.53 ], [ 283534.07, 4155540.43 ], [ 283534.09, 4155540.34 ], [ 283534.13, 4155540.25 ], [ 283534.13, 4155536.16 ], [ 283534.24, 4155535.6 ], [ 283534.9, 4155534.02 ], [ 283535.22, 4155533.54 ], [ 283541.15, 4155527.61 ], [ 283541.09, 4155527.56 ], [ 283541.02, 4155527.5 ], [ 283540.95, 4155527.43 ], [ 283540.89, 4155527.35 ], [ 283540.83, 4155527.27 ], [ 283540.79, 4155527.18 ], [ 283540.75, 4155527.09 ], [ 283540.72, 4155527.0 ], [ 283540.71, 4155526.9 ], [ 283540.7, 4155526.8 ], [ 283540.7, 4155526.71 ], [ 283540.71, 4155526.61 ], [ 283540.73, 4155526.51 ], [ 283540.76, 4155526.42 ], [ 283540.79, 4155526.33 ], [ 283540.84, 4155526.24 ], [ 283540.9, 4155526.16 ], [ 283543.13, 4155523.19 ], [ 283543.13, 4155521.48 ], [ 283541.47, 4155518.8 ], [ 283539.16, 4155517.64 ], [ 283538.57, 4155517.1 ], [ 283537.35, 4155515.13 ], [ 283537.13, 4155514.35 ], [ 283537.13, 4155512.97 ], [ 283534.86, 4155510.06 ], [ 283529.19, 4155508.64 ], [ 283528.26, 4155507.89 ], [ 283526.81, 4155504.98 ], [ 283526.78, 4155503.78 ], [ 283528.4, 4155500.0 ], [ 283504.13, 4155500.0 ], [ 283504.13, 4155500.38 ], [ 283504.51, 4155501.31 ], [ 283504.58, 4155501.38 ], [ 283504.64, 4155501.45 ], [ 283504.69, 4155501.54 ] ] ] } },
{ "type": "Feature", "properties": { "id": "richmond_structure:242797", "name": null, "kind": "deck", "sport": null, "surface": null, "pitch_layout": null, "source": "richmond_structures", "source_updated": "2026-09-08T12:07:13.637000Z", "base_z": null, "top_z": null }, "geometry": { "type": "Polygon", "coordinates": [ [ [ 283501.87, 4155500.0 ], [ 283500.0, 4155500.0 ], [ 283500.0, 4155500.5 ], [ 283502.75, 4155502.28 ], [ 283503.42, 4155501.17 ], [ 283501.87, 4155500.0 ] ] ] } },
{ "type": "Feature", "properties": { "id": "imagery:groundcover_paved:3140", "name": null, "kind": "groundcover_paved", "sport": null, "surface": null, "pitch_layout": null, "source": "vgin_vbmp+naip+lidar2025", "source_updated": null, "base_z": null, "top_z": null }, "geometry": { "type": "Polygon", "coordinates": [ [ [ 283537.77, 4155512.55 ], [ 283539.45, 4155517.57 ], [ 283541.33, 4155518.93 ], [ 283541.37, 4155518.89 ], [ 283541.38, 4155518.87 ], [ 283541.39, 4155518.85 ], [ 283545.1, 4155514.0 ], [ 283545.42, 4155513.63 ], [ 283545.67, 4155513.39 ], [ 283543.6, 4155511.82 ], [ 283543.21, 4155511.5 ], [ 283542.86, 4155511.14 ], [ 283542.54, 4155510.74 ], [ 283542.27, 4155510.31 ], [ 283542.04, 4155509.86 ], [ 283541.86, 4155509.39 ], [ 283541.73, 4155508.9 ], [ 283541.65, 4155508.4 ], [ 283541.64, 4155508.24 ], [ 283541.35, 4155508.16 ], [ 283540.89, 4155508.0 ], [ 283540.44, 4155507.79 ], [ 283540.02, 4155507.54 ], [ 283539.63, 4155507.25 ], [ 283532.45, 4155501.36 ], [ 283532.09, 4155501.03 ], [ 283531.76, 4155500.66 ], [ 283531.47, 4155500.27 ], [ 283531.31, 4155500.0 ], [ 283528.4, 4155500.0 ], [ 283526.52, 4155504.39 ], [ 283528.55, 4155508.48 ], [ 283535.17, 4155510.13 ], [ 283535.81, 4155510.48 ], [ 283537.37, 4155511.93 ], [ 283537.77, 4155512.55 ] ] ] } },
{ "type": "Feature", "properties": { "id": "richmond_structure:413271", "name": null, "kind": "deck", "sport": null, "surface": null, "pitch_layout": null, "source": "richmond_structures", "source_updated": "2026-09-08T12:07:13.637000Z", "base_z": null, "top_z": null }, "geometry": { "type": "Polygon", "coordinates": [ [ [ 283530.56, 4155510.37 ], [ 283534.84, 4155504.3 ], [ 283529.66, 4155500.27 ], [ 283525.22, 4155506.6 ], [ 283530.56, 4155510.37 ] ] ] } },
{ "type": "Feature", "properties": { "id": "richmond_structure:242799", "name": null, "kind": "deck", "sport": null, "surface": null, "pitch_layout": null, "source": "richmond_structures", "source_updated": "2026-09-08T12:07:13.637000Z", "base_z": null, "top_z": null }, "geometry": { "type": "Polygon", "coordinates": [ [ [ 283509.84, 4155511.06 ], [ 283511.23, 4155508.33 ], [ 283510.92, 4155507.7 ], [ 283505.75, 4155505.05 ], [ 283504.63, 4155507.83 ], [ 283509.92, 4155511.85 ], [ 283510.32, 4155511.43 ], [ 283509.84, 4155511.06 ] ] ] } },
{ "type": "Feature", "properties": { "id": "richmond_structure:413277", "name": null, "kind": "deck", "sport": null, "surface": null, "pitch_layout": null, "source": "richmond_structures", "source_updated": "2026-09-08T12:07:13.637000Z", "base_z": null, "top_z": null }, "geometry": { "type": "Polygon", "coordinates": [ [ [ 283516.2, 4155519.54 ], [ 283517.77, 4155517.44 ], [ 283513.6, 4155514.32 ], [ 283512.03, 4155516.42 ], [ 283516.2, 4155519.54 ] ] ] } },
{ "type": "Feature", "properties": { "id": "richmond_structure:413274", "name": null, "kind": "deck", "sport": null, "surface": null, "pitch_layout": null, "source": "richmond_structures", "source_updated": "2026-09-08T12:07:13.637000Z", "base_z": null, "top_z": null }, "geometry": { "type": "Polygon", "coordinates": [ [ [ 283543.83, 4155520.01 ], [ 283546.05, 4155521.71 ], [ 283549.36, 4155517.41 ], [ 283547.13, 4155515.7 ], [ 283543.83, 4155520.01 ] ] ] } },
{ "type": "Feature", "properties": { "id": "richmond_structure:413278", "name": null, "kind": "deck", "sport": null, "surface": null, "pitch_layout": null, "source": "richmond_structures", "source_updated": "2026-09-08T12:07:13.637000Z", "base_z": null, "top_z": null }, "geometry": { "type": "Polygon", "coordinates": [ [ [ 283526.11, 4155521.92 ], [ 283527.7, 4155519.76 ], [ 283525.22, 4155517.94 ], [ 283523.63, 4155520.1 ], [ 283526.11, 4155521.92 ] ] ] } },
{ "type": "Feature", "properties": { "id": "richmond_structure:413275", "name": null, "kind": "deck", "sport": null, "surface": null, "pitch_layout": null, "source": "richmond_structures", "source_updated": "2026-09-08T12:07:13.637000Z", "base_z": null, "top_z": null }, "geometry": { "type": "Polygon", "coordinates": [ [ [ 283542.0, 4155527.0 ], [ 283545.67, 4155522.21 ], [ 283543.51, 4155520.55 ], [ 283539.84, 4155525.34 ], [ 283542.0, 4155527.0 ] ] ] } },
{ "type": "Feature", "properties": { "id": "richmond_structure:426134", "name": null, "kind": "deck", "sport": null, "surface": null, "pitch_layout": null, "source": "richmond_structures", "source_updated": "2026-09-08T12:07:13.637000Z", "base_z": null, "top_z": null }, "geometry": { "type": "Polygon", "coordinates": [ [ [ 283528.14, 4155528.34 ], [ 283530.32, 4155524.87 ], [ 283528.08, 4155523.47 ], [ 283525.91, 4155526.94 ], [ 283528.14, 4155528.34 ] ] ] } },
{ "type": "Feature", "properties": { "id": "imagery:groundcover_lawn:3178", "name": null, "kind": "groundcover_lawn", "sport": null, "surface": null, "pitch_layout": null, "source": "vgin_vbmp+naip+lidar2025", "source_updated": null, "base_z": null, "top_z": null }, "geometry": { "type": "Polygon", "coordinates": [ [ [ 283687.81, 4155500.26 ], [ 283688.02, 4155500.0 ], [ 283683.66, 4155500.0 ], [ 283684.28, 4155501.11 ], [ 283687.81, 4155500.26 ] ] ] } },
{ "type": "Feature", "properties": { "id": "imagery:groundcover_lawn:3145", "name": null, "kind": "groundcover_lawn", "sport": null, "surface": null, "pitch_layout": null, "source": "vgin_vbmp+naip+lidar2025", "source_updated": null, "base_z": null, "top_z": null }, "geometry": { "type": "Polygon", "coordinates": [ [ [ 283747.72, 4155531.7 ], [ 283746.94, 4155532.99 ], [ 283747.26, 4155533.18 ], [ 283746.66, 4155535.33 ], [ 283750.0, 4155537.63 ], [ 283750.0, 4155529.05 ], [ 283748.15, 4155529.54 ], [ 283747.72, 4155531.7 ] ] ] } },
{ "type": "Feature", "properties": { "id": "richmond_structure:346901", "name": null, "kind": "deck", "sport": null, "surface": null, "pitch_layout": null, "source": "richmond_structures", "source_updated": "2026-09-08T12:07:13.637000Z", "base_z": null, "top_z": null }, "geometry": { "type": "Polygon", "coordinates": [ [ [ 283746.35, 4155536.34 ], [ 283750.0, 4155538.84 ], [ 283750.0, 4155534.88 ], [ 283748.19, 4155533.66 ], [ 283746.35, 4155536.34 ] ] ] } },
{ "type": "Feature", "properties": { "id": "richmond_structure:346601", "name": null, "kind": "deck", "sport": null, "surface": null, "pitch_layout": null, "source": "richmond_structures", "source_updated": "2026-09-08T12:07:13.637000Z", "base_z": null, "top_z": null }, "geometry": { "type": "Polygon", "coordinates": [ [ [ 283659.4, 4155556.06 ], [ 283662.43, 4155551.89 ], [ 283658.53, 4155549.06 ], [ 283655.5, 4155553.23 ], [ 283659.4, 4155556.06 ] ] ] } },
{ "type": "Feature", "properties": { "id": "richmond_structure:346602", "name": null, "kind": "deck", "sport": null, "surface": null, "pitch_layout": null, "source": "richmond_structures", "source_updated": "2026-09-08T12:07:13.637000Z", "base_z": null, "top_z": null }, "geometry": { "type": "Polygon", "coordinates": [ [ [ 283668.94, 4155556.82 ], [ 283669.99, 4155555.41 ], [ 283668.09, 4155553.99 ], [ 283667.03, 4155555.41 ], [ 283668.94, 4155556.82 ] ] ] } },
{ "type": "Feature", "properties": { "id": "richmond_structure:413248", "name": null, "kind": "deck", "sport": null, "surface": null, "pitch_layout": null, "source": "richmond_structures", "source_updated": "2026-09-08T12:07:13.637000Z", "base_z": null, "top_z": null }, "geometry": { "type": "Polygon", "coordinates": [ [ [ 283707.57, 4155590.54 ], [ 283710.51, 4155586.41 ], [ 283706.97, 4155583.89 ], [ 283704.04, 4155588.03 ], [ 283707.57, 4155590.54 ] ] ] } },
{ "type": "Feature", "properties": { "id": "richmond_structure:414433", "name": null, "kind": "deck", "sport": null, "surface": null, "pitch_layout": null, "source": "richmond_structures", "source_updated": "2026-09-08T12:07:13.637000Z", "base_z": null, "top_z": null }, "geometry": { "type": "Polygon", "coordinates": [ [ [ 283725.39, 4155596.11 ], [ 283726.32, 4155594.85 ], [ 283724.11, 4155593.23 ], [ 283723.19, 4155594.49 ], [ 283725.39, 4155596.11 ] ] ] } },
{ "type": "Feature", "properties": { "id": "richmond_structure:347658", "name": null, "kind": "deck", "sport": null, "surface": null, "pitch_layout": null, "source": "richmond_structures", "source_updated": "2026-09-08T12:07:13.637000Z", "base_z": null, "top_z": null }, "geometry": { "type": "Polygon", "coordinates": [ [ [ 283663.94, 4155600.45 ], [ 283664.19, 4155601.9 ], [ 283665.54, 4155603.64 ], [ 283668.4, 4155605.79 ], [ 283671.48, 4155602.02 ], [ 283666.72, 4155598.86 ], [ 283665.47, 4155599.0 ], [ 283663.94, 4155600.45 ] ] ] } },
{ "type": "Feature", "properties": { "id": "richmond_structure:413249", "name": null, "kind": "deck", "sport": null, "surface": null, "pitch_layout": null, "source": "richmond_structures", "source_updated": "2026-09-08T12:07:13.637000Z", "base_z": null, "top_z": null }, "geometry": { "type": "Polygon", "coordinates": [ [ [ 283704.21, 4155608.59 ], [ 283706.44, 4155606.0 ], [ 283703.83, 4155603.74 ], [ 283701.59, 4155606.34 ], [ 283704.21, 4155608.59 ] ] ] } },
{ "type": "Feature", "properties": { "id": "richmond_structure:413250", "name": null, "kind": "deck", "sport": null, "surface": null, "pitch_layout": null, "source": "richmond_structures", "source_updated": "2026-09-08T12:07:13.637000Z", "base_z": null, "top_z": null }, "geometry": { "type": "Polygon", "coordinates": [ [ [ 283708.35, 4155611.06 ], [ 283713.08, 4155605.18 ], [ 283710.54, 4155603.14 ], [ 283705.81, 4155609.03 ], [ 283708.35, 4155611.06 ] ] ] } },
{ "type": "Feature", "properties": { "id": "richmond_structure:413273", "name": null, "kind": "deck", "sport": null, "surface": null, "pitch_layout": null, "source": "richmond_structures", "source_updated": "2026-09-08T12:07:13.637000Z", "base_z": null, "top_z": null }, "geometry": { "type": "Polygon", "coordinates": [ [ [ 283552.31, 4155500.0 ], [ 283551.54, 4155501.14 ], [ 283552.93, 4155502.09 ], [ 283553.54, 4155501.18 ], [ 283553.28, 4155501.01 ], [ 283553.96, 4155500.0 ], [ 283552.31, 4155500.0 ] ] ] } },
{ "type": "Feature", "properties": { "id": "richmond_structure:346916", "name": null, "kind": "deck", "sport": null, "surface": null, "pitch_layout": null, "source": "richmond_structures", "source_updated": "2026-09-08T12:07:13.637000Z", "base_z": null, "top_z": null }, "geometry": { "type": "Polygon", "coordinates": [ [ [ 283606.89, 4155505.43 ], [ 283604.76, 4155508.05 ], [ 283608.85, 4155511.21 ], [ 283611.99, 4155507.09 ], [ 283610.03, 4155505.68 ], [ 283608.94, 4155507.11 ], [ 283606.89, 4155505.43 ] ] ] } },
{ "type": "Feature", "properties": { "id": "richmond_structure:346492", "name": null, "kind": "deck", "sport": null, "surface": null, "pitch_layout": null, "source": "richmond_structures", "source_updated": "2026-09-08T12:07:13.637000Z", "base_z": null, "top_z": null }, "geometry": { "type": "Polygon", "coordinates": [ [ [ 283645.23, 4155514.96 ], [ 283643.71, 4155516.92 ], [ 283650.29, 4155522.02 ], [ 283651.81, 4155520.06 ], [ 283645.23, 4155514.96 ] ] ] } },
{ "type": "Feature", "properties": { "id": "imagery:groundcover_lawn:3127", "name": null, "kind": "groundcover_lawn", "sport": null, "surface": null, "pitch_layout": null, "source": "vgin_vbmp+naip+lidar2025", "source_updated": null, "base_z": null, "top_z": null }, "geometry": { "type": "MultiPolygon", "coordinates": [ [ [ [ 283642.55, 4155562.05 ], [ 283644.71, 4155564.2 ], [ 283645.13, 4155565.22 ], [ 283645.13, 4155567.63 ], [ 283648.13, 4155570.63 ], [ 283651.97, 4155570.63 ], [ 283654.81, 4155568.57 ], [ 283658.81, 4155556.57 ], [ 283657.78, 4155555.14 ], [ 283655.1, 4155553.2 ], [ 283655.02, 4155553.14 ], [ 283654.95, 4155553.07 ], [ 283654.89, 4155552.99 ], [ 283654.84, 4155552.91 ], [ 283654.79, 4155552.83 ], [ 283654.75, 4155552.74 ], [ 283654.72, 4155552.64 ], [ 283654.72, 4155552.63 ], [ 283651.73, 4155552.63 ], [ 283650.71, 4155552.2 ], [ 283648.55, 4155550.05 ], [ 283648.13, 4155549.03 ], [ 283648.13, 4155548.4 ], [ 283646.71, 4155547.36 ], [ 283646.63, 4155547.3 ], [ 283646.56, 4155547.23 ], [ 283646.5, 4155547.15 ], [ 283646.45, 4155547.07 ], [ 283646.4, 4155546.99 ], [ 283646.36, 4155546.9 ], [ 283646.33, 4155546.8 ], [ 283646.31, 4155546.71 ], [ 283646.3, 4155546.61 ], [ 283646.3, 4155546.51 ], [ 283646.31, 4155546.41 ], [ 283646.33, 4155546.32 ], [ 283646.36, 4155546.22 ], [ 283646.4, 4155546.13 ], [ 283646.44, 4155546.05 ], [ 283646.5, 4155545.96 ], [ 283647.05, 4155545.21 ], [ 283646.38, 4155544.71 ], [ 283646.31, 4155544.65 ], [ 283646.24, 4155544.58 ], [ 283646.18, 4155544.51 ], [ 283646.12, 4155544.43 ], [ 283646.07, 4155544.34 ], [ 283646.04, 4155544.25 ], [ 283646.01, 4155544.16 ], [ 283645.99, 4155544.06 ], [ 283645.98, 4155543.96 ], [ 283645.98, 4155543.86 ], [ 283645.99, 4155543.77 ], [ 283646.01, 4155543.67 ], [ 283646.03, 4155543.58 ], [ 283646.07, 4155543.49 ], [ 283646.12, 4155543.4 ], [ 283646.17, 4155543.32 ], [ 283647.09, 4155542.07 ], [ 283646.28, 4155540.85 ], [ 283644.71, 4155540.2 ], [ 283642.55, 4155538.05 ], [ 283642.13, 4155537.03 ], [ 283642.13, 4155536.48 ], [ 283641.86, 4155536.05 ], [ 283641.6, 4155535.85 ], [ 283641.53, 4155535.79 ], [ 283641.46, 4155535.72 ], [ 283641.39, 4155535.64 ], [ 283641.34, 4155535.56 ], [ 283641.29, 4155535.47 ], [ 283641.26, 4155535.38 ], [ 283641.23, 4155535.29 ], [ 283641.21, 4155535.19 ], [ 283641.2, 4155535.09 ], [ 283641.2, 4155535.0 ], [ 283641.2, 4155534.98 ], [ 283640.47, 4155533.8 ], [ 283638.16, 4155532.64 ], [ 283637.57, 4155532.1 ], [ 283636.35, 4155530.13 ], [ 283636.13, 4155529.35 ], [ 283636.13, 4155527.97 ], [ 283635.22, 4155527.25 ], [ 283635.15, 4155527.19 ], [ 283635.08, 4155527.12 ], [ 283635.02, 4155527.04 ], [ 283634.97, 4155526.96 ], [ 283634.92, 4155526.87 ], [ 283634.89, 4155526.78 ], [ 283634.86, 4155526.68 ], [ 283634.85, 4155526.59 ], [ 283634.84, 4155526.49 ], [ 283634.84, 4155526.39 ], [ 283634.85, 4155526.3 ], [ 283634.87, 4155526.2 ], [ 283634.9, 4155526.11 ], [ 283634.94, 4155526.02 ], [ 283634.99, 4155525.93 ], [ 283635.05, 4155525.85 ], [ 283636.13, 4155524.46 ], [ 283636.13, 4155521.6 ], [ 283636.31, 4155520.9 ], [ 283637.29, 4155519.06 ], [ 283637.78, 4155518.53 ], [ 283643.8, 4155514.52 ], [ 283644.45, 4155513.29 ], [ 283638.06, 4155508.47 ], [ 283638.04, 4155508.45 ], [ 283637.34, 4155507.91 ], [ 283635.26, 4155509.08 ], [ 283628.85, 4155519.76 ], [ 283628.02, 4155520.4 ], [ 283625.19, 4155521.22 ], [ 283624.14, 4155521.13 ], [ 283618.23, 4155518.17 ], [ 283614.04, 4155519.91 ], [ 283612.96, 4155523.13 ], [ 283612.43, 4155523.85 ], [ 283610.35, 4155525.35 ], [ 283609.5, 4155525.63 ], [ 283607.74, 4155525.63 ], [ 283605.24, 4155526.96 ], [ 283598.97, 4155536.37 ], [ 283602.33, 4155538.92 ], [ 283605.84, 4155533.88 ], [ 283605.9, 4155533.8 ], [ 283605.97, 4155533.73 ], [ 283606.04, 4155533.66 ], [ 283606.12, 4155533.61 ], [ 283606.2, 4155533.56 ], [ 283606.29, 4155533.52 ], [ 283606.39, 4155533.49 ], [ 283606.48, 4155533.46 ], [ 283606.58, 4155533.45 ], [ 283606.68, 4155533.45 ], [ 283606.78, 4155533.46 ], [ 283606.87, 4155533.47 ], [ 283606.97, 4155533.5 ], [ 283607.06, 4155533.53 ], [ 283607.15, 4155533.58 ], [ 283607.23, 4155533.63 ], [ 283612.1, 4155537.02 ], [ 283612.18, 4155537.08 ], [ 283612.25, 4155537.15 ], [ 283612.31, 4155537.22 ], [ 283612.37, 4155537.3 ], [ 283612.42, 4155537.39 ], [ 283612.46, 4155537.48 ], [ 283612.49, 4155537.57 ], [ 283612.51, 4155537.67 ], [ 283612.53, 4155537.77 ], [ 283612.53, 4155537.86 ], [ 283612.52, 4155537.96 ], [ 283612.51, 4155538.06 ], [ 283612.48, 4155538.15 ], [ 283612.45, 4155538.24 ], [ 283612.4, 4155538.33 ], [ 283612.35, 4155538.42 ], [ 283610.39, 4155541.23 ], [ 283610.33, 4155541.31 ], [ 283610.26, 4155541.38 ], [ 283610.19, 4155541.44 ], [ 283610.11, 4155541.5 ], [ 283610.02, 4155541.55 ], [ 283609.93, 4155541.59 ], [ 283609.84, 4155541.62 ], [ 283609.74, 4155541.64 ], [ 283609.65, 4155541.65 ], [ 283609.55, 4155541.66 ], [ 283609.45, 4155541.65 ], [ 283609.35, 4155541.63 ], [ 283609.26, 4155541.61 ], [ 283609.17, 4155541.57 ], [ 283609.08, 4155541.53 ], [ 283609.0, 4155541.48 ], [ 283608.16, 4155540.89 ], [ 283607.04, 4155542.49 ], [ 283635.42, 4155563.96 ], [ 283635.83, 4155563.4 ], [ 283637.91, 4155561.9 ], [ 283638.77, 4155561.63 ], [ 283641.53, 4155561.63 ], [ 283642.55, 4155562.05 ] ], [ [ 283620.55, 4155546.11 ], [ 283620.49, 4155546.18 ], [ 283620.42, 4155546.25 ], [ 283620.34, 4155546.31 ], [ 283620.26, 4155546.36 ], [ 283620.17, 4155546.41 ], [ 283620.08, 4155546.44 ], [ 283619.98, 4155546.47 ], [ 283619.89, 4155546.49 ], [ 283619.79, 4155546.49 ], [ 283619.69, 4155546.49 ], [ 283619.59, 4155546.48 ], [ 283619.5, 4155546.46 ], [ 283619.4, 4155546.43 ], [ 283619.31, 4155546.39 ], [ 283619.23, 4155546.34 ], [ 283619.15, 4155546.29 ], [ 283615.51, 4155543.47 ], [ 283615.44, 4155543.41 ], [ 283615.37, 4155543.34 ], [ 283615.31, 4155543.26 ], [ 283615.25, 4155543.18 ], [ 283615.21, 4155543.09 ], [ 283615.17, 4155543.0 ], [ 283615.15, 4155542.9 ], [ 283615.13, 4155542.81 ], [ 283615.12, 4155542.71 ], [ 283615.12, 4155542.61 ], [ 283615.14, 4155542.51 ], [ 283615.16, 4155542.42 ], [ 283615.19, 4155542.33 ], [ 283615.23, 4155542.24 ], [ 283615.27, 4155542.15 ], [ 283615.33, 4155542.07 ], [ 283619.88, 4155536.18 ], [ 283619.95, 4155536.1 ], [ 283620.02, 4155536.03 ], [ 283620.09, 4155535.97 ], [ 283620.18, 4155535.92 ], [ 283620.26, 4155535.88 ], [ 283620.36, 4155535.84 ], [ 283620.45, 4155535.81 ], [ 283620.55, 4155535.8 ], [ 283620.64, 4155535.79 ], [ 283620.74, 4155535.79 ], [ 283620.84, 4155535.8 ], [ 283620.94, 4155535.82 ], [ 283621.03, 4155535.85 ], [ 283621.12, 4155535.89 ], [ 283621.2, 4155535.94 ], [ 283621.29, 4155536.0 ], [ 283624.92, 4155538.81 ], [ 283625.0, 4155538.88 ], [ 283625.07, 4155538.95 ], [ 283625.13, 4155539.02 ], [ 283625.18, 4155539.11 ], [ 283625.22, 4155539.19 ], [ 283625.26, 4155539.28 ], [ 283625.29, 4155539.38 ], [ 283625.3, 4155539.48 ], [ 283625.31, 4155539.57 ], [ 283625.31, 4155539.67 ], [ 283625.3, 4155539.77 ], [ 283625.28, 4155539.86 ], [ 283625.25, 4155539.96 ], [ 283625.21, 4155540.05 ], [ 283625.16, 4155540.13 ], [ 283625.1, 4155540.21 ], [ 283620.55, 4155546.11 ] ] ], [ [ [ 283600.15, 4155547.92 ], [ 283602.55, 4155549.49 ], [ 283602.63, 4155549.55 ], [ 283602.7, 4155549.61 ], [ 283602.77, 4155549.68 ], [ 283602.83, 4155549.76 ], [ 283602.88, 4155549.84 ], [ 283602.92, 4155549.93 ], [ 283602.96, 4155550.03 ], [ 283602.98, 4155550.12 ], [ 283603.0, 4155550.22 ], [ 283603.0, 4155550.31 ], [ 283603.0, 4155550.41 ], [ 283602.99, 4155550.51 ], [ 283602.96, 4155550.61 ], [ 283602.93, 4155550.7 ], [ 283602.89, 4155550.79 ], [ 283602.84, 4155550.87 ], [ 283601.11, 4155553.5 ], [ 283602.76, 4155565.05 ], [ 283605.73, 4155567.63 ], [ 283606.79, 4155567.63 ], [ 283609.32, 4155565.65 ], [ 283608.88, 4155565.31 ], [ 283608.81, 4155565.25 ], [ 283608.74, 4155565.18 ], [ 283608.68, 4155565.1 ], [ 283608.62, 4155565.02 ], [ 283608.58, 4155564.93 ], [ 283608.54, 4155564.84 ], [ 283608.52, 4155564.75 ], [ 283608.5, 4155564.65 ], [ 283608.49, 4155564.55 ], [ 283608.49, 4155564.45 ], [ 283608.5, 4155564.36 ], [ 283608.52, 4155564.26 ], [ 283608.55, 4155564.17 ], [ 283608.59, 4155564.08 ], [ 283608.64, 4155563.99 ], [ 283608.69, 4155563.91 ], [ 283610.73, 4155561.22 ], [ 283610.76, 4155561.1 ], [ 283606.41, 4155558.0 ], [ 283606.34, 4155557.94 ], [ 283606.26, 4155557.87 ], [ 283606.2, 4155557.8 ], [ 283606.14, 4155557.72 ], [ 283606.1, 4155557.63 ], [ 283606.06, 4155557.54 ], [ 283606.03, 4155557.45 ], [ 283606.01, 4155557.35 ], [ 283605.99, 4155557.26 ], [ 283605.99, 4155557.16 ], [ 283606.0, 4155557.06 ], [ 283606.02, 4155556.96 ], [ 283606.04, 4155556.87 ], [ 283606.08, 4155556.78 ], [ 283606.12, 4155556.69 ], [ 283606.18, 4155556.61 ], [ 283608.0, 4155554.04 ], [ 283608.06, 4155553.96 ], [ 283608.13, 4155553.89 ], [ 283608.21, 4155553.83 ], [ 283608.29, 4155553.77 ], [ 283608.37, 4155553.72 ], [ 283608.46, 4155553.68 ], [ 283608.56, 4155553.65 ], [ 283608.65, 4155553.63 ], [ 283608.75, 4155553.62 ], [ 283608.85, 4155553.62 ], [ 283608.94, 4155553.63 ], [ 283609.04, 4155553.64 ], [ 283609.14, 4155553.67 ], [ 283609.23, 4155553.71 ], [ 283609.31, 4155553.75 ], [ 283609.4, 4155553.8 ], [ 283613.27, 4155556.56 ], [ 283614.08, 4155555.93 ], [ 283614.51, 4155555.79 ], [ 283596.35, 4155542.04 ], [ 283597.17, 4155545.15 ], [ 283598.4, 4155545.76 ], [ 283598.94, 4155546.22 ], [ 283600.14, 4155547.89 ], [ 283600.15, 4155547.92 ] ] ] ] } },
{ "type": "Feature", "properties": { "id": "richmond_structure:413268", "name": null, "kind": "deck", "sport": null, "surface": null, "pitch_layout": null, "source": "richmond_structures", "source_updated": "2026-09-08T12:07:13.637000Z", "base_z": null, "top_z": null }, "geometry": { "type": "Polygon", "coordinates": [ [ [ 283594.67, 4155541.44 ], [ 283592.31, 4155544.55 ], [ 283594.84, 4155546.46 ], [ 283597.73, 4155542.66 ], [ 283594.82, 4155540.45 ], [ 283594.29, 4155541.16 ], [ 283594.67, 4155541.44 ] ] ] } },
{ "type": "Feature", "properties": { "id": "richmond_structure:346600", "name": null, "kind": "deck", "sport": null, "surface": null, "pitch_layout": null, "source": "richmond_structures", "source_updated": "2026-09-08T12:07:13.637000Z", "base_z": null, "top_z": null }, "geometry": { "type": "Polygon", "coordinates": [ [ [ 283636.17, 4155545.19 ], [ 283639.18, 4155547.44 ], [ 283639.88, 4155546.5 ], [ 283641.52, 4155547.73 ], [ 283645.2, 4155542.81 ], [ 283640.56, 4155539.33 ], [ 283636.17, 4155545.19 ] ] ] } },
{ "type": "Feature", "properties": { "id": "richmond_structure:413279", "name": null, "kind": "deck", "sport": null, "surface": null, "pitch_layout": null, "source": "richmond_structures", "source_updated": "2026-09-08T12:07:13.637000Z", "base_z": null, "top_z": null }, "geometry": { "type": "Polygon", "coordinates": [ [ [ 283549.2, 4155550.53 ], [ 283552.11, 4155552.71 ], [ 283558.49, 4155544.18 ], [ 283555.65, 4155542.0 ], [ 283549.2, 4155550.53 ] ] ] } },
{ "type": "Feature", "properties": { "id": "richmond_structure:413270", "name": null, "kind": "deck", "sport": null, "surface": null, "pitch_layout": null, "source": "richmond_structures", "source_updated": "2026-09-08T12:07:13.637000Z", "base_z": null, "top_z": null }, "geometry": { "type": "Polygon", "coordinates": [ [ [ 283649.3, 4155554.2 ], [ 283651.78, 4155550.82 ], [ 283647.12, 4155547.39 ], [ 283644.64, 4155550.77 ], [ 283649.3, 4155554.2 ] ] ] } },
{ "type": "Feature", "properties": { "id": "richmond_structure:413269", "name": null, "kind": "deck", "sport": null, "surface": null, "pitch_layout": null, "source": "richmond_structures", "source_updated": "2026-09-08T12:07:13.637000Z", "base_z": null, "top_z": null }, "geometry": { "type": "Polygon", "coordinates": [ [ [ 283588.75, 4155553.17 ], [ 283591.09, 4155550.16 ], [ 283589.16, 4155548.67 ], [ 283586.86, 4155551.71 ], [ 283588.75, 4155553.17 ] ] ] } },
{ "type": "Feature", "properties": { "id": "imagery:groundcover_lawn:3107", "name": null, "kind": "groundcover_lawn", "sport": null, "surface": null, "pitch_layout": null, "source": "vgin_vbmp+naip+lidar2025", "source_updated": null, "base_z": null, "top_z": null }, "geometry": { "type": "Polygon", "coordinates": [ [ [ 283570.55, 4155580.05 ], [ 283572.01, 4155581.5 ], [ 283577.13, 4155579.49 ], [ 283577.16, 4155578.59 ], [ 283578.25, 4155575.96 ], [ 283578.94, 4155575.22 ], [ 283580.47, 4155574.45 ], [ 283582.13, 4155571.77 ], [ 283582.13, 4155565.22 ], [ 283582.55, 4155564.2 ], [ 283584.71, 4155562.05 ], [ 283586.28, 4155561.4 ], [ 283588.07, 4155558.04 ], [ 283585.13, 4155555.63 ], [ 283584.4, 4155555.63 ], [ 283583.63, 4155555.41 ], [ 283581.66, 4155554.19 ], [ 283581.12, 4155553.59 ], [ 283579.96, 4155551.28 ], [ 283577.28, 4155549.63 ], [ 283571.04, 4155549.63 ], [ 283569.38, 4155550.13 ], [ 283564.92, 4155553.1 ], [ 283561.4, 4155557.76 ], [ 283563.8, 4155577.0 ], [ 283566.78, 4155579.63 ], [ 283569.53, 4155579.63 ], [ 283570.55, 4155580.05 ] ] ] } },
{ "type": "Feature", "properties": { "id": "richmond_structure:413276", "name": null, "kind": "deck", "sport": null, "surface": null, "pitch_layout": null, "source": "richmond_structures", "source_updated": "2026-09-08T12:07:13.637000Z", "base_z": null, "top_z": null }, "geometry": { "type": "Polygon", "coordinates": [ [ [ 283541.44, 4155531.42 ], [ 283540.76, 4155532.3 ], [ 283545.59, 4155536.01 ], [ 283546.61, 4155534.69 ], [ 283542.88, 4155531.82 ], [ 283542.54, 4155532.26 ], [ 283541.44, 4155531.42 ] ] ] } },
{ "type": "Feature", "properties": { "id": "richmond_structure:346924", "name": null, "kind": "deck", "sport": null, "surface": null, "pitch_layout": null, "source": "richmond_structures", "source_updated": "2026-09-08T12:07:13.637000Z", "base_z": null, "top_z": null }, "geometry": { "type": "Polygon", "coordinates": [ [ [ 283522.35, 4155575.03 ], [ 283522.58, 4155574.56 ], [ 283523.68, 4155574.07 ], [ 283523.63, 4155572.73 ], [ 283523.04, 4155572.02 ], [ 283520.62, 4155572.82 ], [ 283521.75, 4155573.65 ], [ 283521.3, 4155574.26 ], [ 283522.35, 4155575.03 ] ] ] } },
{ "type": "Feature", "properties": { "id": "richmond_structure:346904", "name": null, "kind": "deck", "sport": null, "surface": null, "pitch_layout": null, "source": "richmond_structures", "source_updated": "2026-09-08T12:07:13.637000Z", "base_z": null, "top_z": null }, "geometry": { "type": "Polygon", "coordinates": [ [ [ 283526.46, 4155575.19 ], [ 283525.72, 4155574.77 ], [ 283524.95, 4155576.17 ], [ 283525.15, 4155576.94 ], [ 283526.33, 4155577.88 ], [ 283527.83, 4155575.93 ], [ 283527.07, 4155575.12 ], [ 283526.46, 4155575.19 ] ] ] } },
{ "type": "Feature", "properties": { "id": "imagery:groundcover_lawn:3110", "name": null, "kind": "groundcover_lawn", "sport": null, "surface": null, "pitch_layout": null, "source": "vgin_vbmp+naip+lidar2025", "source_updated": null, "base_z": null, "top_z": null }, "geometry": { "type": "Polygon", "coordinates": [ [ [ 283507.13, 4155611.38 ], [ 283507.13, 4155608.71 ], [ 283507.32, 4155607.99 ], [ 283508.4, 4155606.09 ], [ 283508.92, 4155605.55 ], [ 283516.04, 4155601.28 ], [ 283516.5, 4155600.67 ], [ 283515.94, 4155595.56 ], [ 283515.63, 4155595.46 ], [ 283514.91, 4155594.93 ], [ 283513.41, 4155592.85 ], [ 283513.13, 4155591.99 ], [ 283513.13, 4155588.23 ], [ 283510.56, 4155585.26 ], [ 283500.0, 4155583.75 ], [ 283500.0, 4155619.76 ], [ 283506.25, 4155613.5 ], [ 283507.13, 4155611.38 ] ] ] } },
{ "type": "Feature", "properties": { "id": "richmond_structure:241935", "name": null, "kind": "deck", "sport": null, "surface": null, "pitch_layout": null, "source": "richmond_structures", "source_updated": "2026-09-08T12:07:13.637000Z", "base_z": null, "top_z": null }, "geometry": { "type": "Polygon", "coordinates": [ [ [ 283512.07, 4155588.21 ], [ 283513.78, 4155585.87 ], [ 283511.11, 4155583.92 ], [ 283509.4, 4155586.25 ], [ 283512.07, 4155588.21 ] ] ] } },
{ "type": "Feature", "properties": { "id": "osm:way/1303963857", "name": null, "kind": "park", "sport": null, "surface": null, "pitch_layout": null, "source": null, "source_updated": null, "base_z": null, "top_z": null }, "geometry": { "type": "Polygon", "coordinates": [ [ [ 283528.38, 4155630.97 ], [ 283541.07, 4155640.21 ], [ 283544.73, 4155635.24 ], [ 283532.04, 4155626.0 ], [ 283528.38, 4155630.97 ] ] ] } },
{ "type": "Feature", "properties": { "id": "imagery:groundcover_lawn:3078", "name": null, "kind": "groundcover_lawn", "sport": null, "surface": null, "pitch_layout": null, "source": "vgin_vbmp+naip+lidar2025", "source_updated": null, "base_z": null, "top_z": null }, "geometry": { "type": "Polygon", "coordinates": [ [ [ 283504.38, 4155685.58 ], [ 283506.01, 4155680.5 ], [ 283502.22, 4155676.71 ], [ 283501.9, 4155676.23 ], [ 283501.24, 4155674.66 ], [ 283501.13, 4155674.09 ], [ 283501.13, 4155673.31 ], [ 283500.97, 4155673.18 ], [ 283500.9, 4155673.12 ], [ 283500.83, 4155673.05 ], [ 283500.77, 4155672.97 ], [ 283500.71, 4155672.89 ], [ 283500.67, 4155672.8 ], [ 283500.63, 4155672.71 ], [ 283500.6, 4155672.62 ], [ 283500.59, 4155672.52 ], [ 283500.58, 4155672.42 ], [ 283500.58, 4155672.33 ], [ 283500.59, 4155672.23 ], [ 283500.61, 4155672.13 ], [ 283500.64, 4155672.04 ], [ 283500.68, 4155671.95 ], [ 283500.73, 4155671.86 ], [ 283500.78, 4155671.78 ], [ 283501.13, 4155671.32 ], [ 283501.13, 4155671.16 ], [ 283501.24, 4155670.6 ], [ 283501.9, 4155669.02 ], [ 283502.22, 4155668.54 ], [ 283506.59, 4155664.17 ], [ 283507.53, 4155662.93 ], [ 283507.59, 4155662.86 ], [ 283507.66, 4155662.79 ], [ 283507.74, 4155662.73 ], [ 283507.82, 4155662.68 ], [ 283507.91, 4155662.63 ], [ 283508.0, 4155662.59 ], [ 283508.09, 4155662.57 ], [ 283508.19, 4155662.55 ], [ 283508.21, 4155662.55 ], [ 283518.04, 4155652.71 ], [ 283518.53, 4155652.39 ], [ 283520.1, 4155651.74 ], [ 283520.67, 4155651.63 ], [ 283534.5, 4155651.63 ], [ 283535.69, 4155652.29 ], [ 283537.55, 4155655.3 ], [ 283537.55, 4155655.32 ], [ 283537.62, 4155655.63 ], [ 283537.69, 4155655.63 ], [ 283537.79, 4155655.64 ], [ 283537.89, 4155655.66 ], [ 283537.98, 4155655.69 ], [ 283538.07, 4155655.73 ], [ 283538.16, 4155655.77 ], [ 283538.24, 4155655.83 ], [ 283542.28, 4155658.91 ], [ 283548.28, 4155660.41 ], [ 283549.96, 4155660.35 ], [ 283557.15, 4155657.95 ], [ 283557.95, 4155657.35 ], [ 283557.89, 4155657.3 ], [ 283557.83, 4155657.22 ], [ 283557.77, 4155657.14 ], [ 283557.72, 4155657.06 ], [ 283557.68, 4155656.97 ], [ 283557.65, 4155656.88 ], [ 283557.63, 4155656.78 ], [ 283557.61, 4155656.69 ], [ 283557.61, 4155656.59 ], [ 283557.62, 4155656.49 ], [ 283557.63, 4155656.39 ], [ 283557.66, 4155656.3 ], [ 283557.69, 4155656.21 ], [ 283557.73, 4155656.12 ], [ 283557.79, 4155656.03 ], [ 283560.29, 4155652.38 ], [ 283560.35, 4155652.3 ], [ 283560.42, 4155652.23 ], [ 283560.49, 4155652.17 ], [ 283560.57, 4155652.11 ], [ 283560.66, 4155652.06 ], [ 283560.74, 4155652.02 ], [ 283560.84, 4155651.99 ], [ 283560.93, 4155651.96 ], [ 283561.03, 4155651.95 ], [ 283561.13, 4155651.95 ], [ 283561.23, 4155651.95 ], [ 283561.32, 4155651.97 ], [ 283561.42, 4155652.0 ], [ 283561.51, 4155652.03 ], [ 283561.6, 4155652.07 ], [ 283561.68, 4155652.12 ], [ 283564.49, 4155654.06 ], [ 283564.57, 4155654.12 ], [ 283564.64, 4155654.19 ], [ 283564.71, 4155654.26 ], [ 283564.76, 4155654.34 ], [ 283564.81, 4155654.43 ], [ 283564.85, 4155654.51 ], [ 283564.89, 4155654.61 ], [ 283564.91, 4155654.7 ], [ 283564.92, 4155654.8 ], [ 283564.92, 4155654.83 ], [ 283565.11, 4155654.75 ], [ 283565.05, 4155654.93 ], [ 283569.61, 4155656.45 ], [ 283573.33, 4155654.75 ], [ 283573.55, 4155654.2 ], [ 283575.71, 4155652.05 ], [ 283577.28, 4155651.4 ], [ 283579.13, 4155648.63 ], [ 283579.13, 4155643.87 ], [ 283578.25, 4155641.75 ], [ 283574.17, 4155637.67 ], [ 283573.75, 4155636.65 ], [ 283573.75, 4155636.5 ], [ 283570.17, 4155633.56 ], [ 283569.84, 4155633.63 ], [ 283568.65, 4155633.63 ], [ 283567.84, 4155634.69 ], [ 283567.78, 4155634.76 ], [ 283567.71, 4155634.83 ], [ 283567.63, 4155634.89 ], [ 283567.55, 4155634.95 ], [ 283567.46, 4155634.99 ], [ 283567.37, 4155635.03 ], [ 283567.28, 4155635.06 ], [ 283567.18, 4155635.07 ], [ 283567.08, 4155635.08 ], [ 283566.98, 4155635.08 ], [ 283566.89, 4155635.07 ], [ 283566.79, 4155635.05 ], [ 283566.7, 4155635.02 ], [ 283566.61, 4155634.98 ], [ 283566.52, 4155634.93 ], [ 283566.44, 4155634.88 ], [ 283562.95, 4155632.23 ], [ 283562.87, 4155632.16 ], [ 283562.8, 4155632.09 ], [ 283562.74, 4155632.02 ], [ 283562.69, 4155631.94 ], [ 283562.64, 4155631.85 ], [ 283562.61, 4155631.76 ], [ 283562.58, 4155631.66 ], [ 283562.56, 4155631.57 ], [ 283562.55, 4155631.47 ], [ 283562.55, 4155631.37 ], [ 283562.57, 4155631.27 ], [ 283562.59, 4155631.18 ], [ 283562.62, 4155631.08 ], [ 283562.65, 4155630.99 ], [ 283562.7, 4155630.91 ], [ 283562.76, 4155630.83 ], [ 283563.7, 4155629.59 ], [ 283563.65, 4155628.59 ], [ 283563.99, 4155627.9 ], [ 283563.86, 4155627.79 ], [ 283563.78, 4155627.73 ], [ 283563.71, 4155627.66 ], [ 283563.65, 4155627.58 ], [ 283563.6, 4155627.5 ], [ 283563.55, 4155627.42 ], [ 283563.52, 4155627.32 ], [ 283563.49, 4155627.23 ], [ 283563.47, 4155627.13 ], [ 283563.46, 4155627.04 ], [ 283563.47, 4155626.94 ], [ 283563.48, 4155626.84 ], [ 283563.5, 4155626.75 ], [ 283563.53, 4155626.65 ], [ 283563.56, 4155626.56 ], [ 283563.61, 4155626.48 ], [ 283563.67, 4155626.4 ], [ 283565.88, 4155623.48 ], [ 283565.43, 4155623.14 ], [ 283565.35, 4155623.07 ], [ 283565.28, 4155623.0 ], [ 283565.22, 4155622.93 ], [ 283565.17, 4155622.84 ], [ 283565.12, 4155622.76 ], [ 283565.09, 4155622.66 ], [ 283565.06, 4155622.57 ], [ 283565.04, 4155622.47 ], [ 283565.03, 4155622.38 ], [ 283565.03, 4155622.28 ], [ 283565.04, 4155622.18 ], [ 283565.06, 4155622.08 ], [ 283565.09, 4155621.99 ], [ 283565.13, 4155621.9 ], [ 283565.18, 4155621.81 ], [ 283565.23, 4155621.73 ], [ 283566.41, 4155620.18 ], [ 283565.16, 4155617.68 ], [ 283561.88, 4155616.08 ], [ 283553.38, 4155617.78 ], [ 283552.2, 4155617.48 ], [ 283549.65, 4155615.39 ], [ 283549.15, 4155614.34 ], [ 283546.44, 4155612.63 ], [ 283545.77, 4155612.63 ], [ 283544.91, 4155612.35 ], [ 283542.83, 4155610.85 ], [ 283542.3, 4155610.13 ], [ 283540.92, 4155606.0 ], [ 283537.65, 4155603.98 ], [ 283523.22, 4155606.04 ], [ 283500.0, 4155636.62 ], [ 283500.0, 4155686.29 ], [ 283500.03, 4155686.31 ], [ 283504.38, 4155685.58 ] ], [ [ 283542.72, 4155631.17 ], [ 283544.77, 4155633.81 ], [ 283545.03, 4155635.03 ], [ 283543.82, 4155639.87 ], [ 283543.3, 4155640.66 ], [ 283541.18, 4155642.32 ], [ 283540.53, 4155642.54 ], [ 283539.71, 4155642.2 ], [ 283537.55, 4155640.05 ], [ 283537.13, 4155639.03 ], [ 283537.13, 4155637.34 ], [ 283528.38, 4155630.97 ], [ 283532.04, 4155626.0 ], [ 283539.4, 4155631.36 ], [ 283539.71, 4155631.05 ], [ 283540.73, 4155630.63 ], [ 283541.6, 4155630.63 ], [ 283542.72, 4155631.17 ] ], [ [ 283559.31, 4155649.84 ], [ 283559.24, 4155649.77 ], [ 283559.18, 4155649.7 ], [ 283559.12, 4155649.62 ], [ 283559.07, 4155649.53 ], [ 283559.03, 4155649.45 ], [ 283558.99, 4155649.35 ], [ 283558.97, 4155649.26 ], [ 283558.96, 4155649.16 ], [ 283558.95, 4155649.06 ], [ 283558.96, 4155648.96 ], [ 283558.97, 4155648.87 ], [ 283559.0, 4155648.77 ], [ 283559.03, 4155648.68 ], [ 283559.07, 4155648.59 ], [ 283559.13, 4155648.51 ], [ 283559.18, 4155648.43 ], [ 283563.69, 4155643.03 ], [ 283563.75, 4155642.95 ], [ 283563.83, 4155642.89 ], [ 283563.91, 4155642.83 ], [ 283563.99, 4155642.78 ], [ 283564.08, 4155642.74 ], [ 283564.17, 4155642.71 ], [ 283564.27, 4155642.68 ], [ 283564.36, 4155642.67 ], [ 283564.46, 4155642.67 ], [ 283564.56, 4155642.67 ], [ 283564.66, 4155642.69 ], [ 283564.75, 4155642.71 ], [ 283564.84, 4155642.75 ], [ 283564.93, 4155642.79 ], [ 283565.02, 4155642.84 ], [ 283565.1, 4155642.9 ], [ 283568.81, 4155645.99 ], [ 283568.88, 4155646.05 ], [ 283568.95, 4155646.13 ], [ 283569.01, 4155646.21 ], [ 283569.06, 4155646.29 ], [ 283569.1, 4155646.38 ], [ 283569.13, 4155646.47 ], [ 283569.15, 4155646.57 ], [ 283569.17, 4155646.66 ], [ 283569.17, 4155646.76 ], [ 283569.17, 4155646.86 ], [ 283569.15, 4155646.96 ], [ 283569.13, 4155647.05 ], [ 283569.09, 4155647.14 ], [ 283569.05, 4155647.23 ], [ 283569.0, 4155647.32 ], [ 283568.94, 4155647.4 ], [ 283564.45, 4155652.81 ], [ 283564.38, 4155652.88 ], [ 283564.31, 4155652.95 ], [ 283564.23, 4155653.01 ], [ 283564.14, 4155653.06 ], [ 283564.05, 4155653.1 ], [ 283563.96, 4155653.13 ], [ 283563.87, 4155653.15 ], [ 283563.77, 4155653.17 ], [ 283563.67, 4155653.17 ], [ 283563.57, 4155653.17 ], [ 283563.48, 4155653.15 ], [ 283563.38, 4155653.13 ], [ 283563.29, 4155653.09 ], [ 283563.2, 4155653.05 ], [ 283563.12, 4155653.0 ], [ 283563.04, 4155652.94 ], [ 283559.31, 4155649.84 ] ] ] } },
{ "type": "Feature", "properties": { "id": "richmond_structure:243993", "name": null, "kind": "deck", "sport": null, "surface": null, "pitch_layout": null, "source": "richmond_structures", "source_updated": "2026-09-08T12:07:13.637000Z", "base_z": null, "top_z": null }, "geometry": { "type": "Polygon", "coordinates": [ [ [ 283508.11, 4155650.75 ], [ 283511.1, 4155647.1 ], [ 283507.11, 4155643.82 ], [ 283504.12, 4155647.47 ], [ 283508.11, 4155650.75 ] ] ] } },
{ "type": "Feature", "properties": { "id": "richmond_structure:243994", "name": null, "kind": "deck", "sport": null, "surface": null, "pitch_layout": null, "source": "richmond_structures", "source_updated": "2026-09-08T12:07:13.637000Z", "base_z": null, "top_z": null }, "geometry": { "type": "Polygon", "coordinates": [ [ [ 283507.19, 4155658.12 ], [ 283500.0, 4155651.74 ], [ 283500.0, 4155663.72 ], [ 283501.24, 4155664.83 ], [ 283507.19, 4155658.12 ] ] ] } },
{ "type": "Feature", "properties": { "id": "imagery:groundcover_paved:3051", "name": null, "kind": "groundcover_paved", "sport": null, "surface": null, "pitch_layout": null, "source": "vgin_vbmp+naip+lidar2025", "source_updated": null, "base_z": null, "top_z": null }, "geometry": { "type": "Polygon", "coordinates": [ [ [ 283511.44, 4155659.31 ], [ 283511.38, 4155659.58 ], [ 283522.6, 4155668.14 ], [ 283533.65, 4155653.6 ], [ 283533.97, 4155653.22 ], [ 283534.31, 4155652.88 ], [ 283532.28, 4155651.63 ], [ 283520.37, 4155651.63 ], [ 283518.25, 4155652.5 ], [ 283511.44, 4155659.31 ] ] ] } },
{ "type": "Feature", "properties": { "id": "richmond_structure:346918", "name": null, "kind": "deck", "sport": null, "surface": null, "pitch_layout": null, "source": "richmond_structures", "source_updated": "2026-09-08T12:07:13.637000Z", "base_z": null, "top_z": null }, "geometry": { "type": "Polygon", "coordinates": [ [ [ 283644.32, 4155579.16 ], [ 283638.57, 4155577.65 ], [ 283636.63, 4155580.45 ], [ 283642.81, 4155585.06 ], [ 283645.0, 4155582.84 ], [ 283644.32, 4155579.16 ] ] ] } },
{ "type": "Feature", "properties": { "id": "imagery:groundcover_lawn:3087", "name": null, "kind": "groundcover_lawn", "sport": null, "surface": null, "pitch_layout": null, "source": "vgin_vbmp+naip+lidar2025", "source_updated": null, "base_z": null, "top_z": null }, "geometry": { "type": "Polygon", "coordinates": [ [ [ 283565.14, 4155609.61 ], [ 283566.37, 4155605.91 ], [ 283565.07, 4155602.39 ], [ 283555.6, 4155596.71 ], [ 283551.15, 4155598.55 ], [ 283549.77, 4155604.09 ], [ 283551.56, 4155607.6 ], [ 283561.18, 4155611.44 ], [ 283565.14, 4155609.61 ] ] ] } },
{ "type": "Feature", "properties": { "id": "richmond_structure:346912", "name": null, "kind": "deck", "sport": null, "surface": null, "pitch_layout": null, "source": "richmond_structures", "source_updated": "2026-09-08T12:07:13.637000Z", "base_z": null, "top_z": null }, "geometry": { "type": "Polygon", "coordinates": [ [ [ 283566.22, 4155635.88 ], [ 283566.86, 4155634.92 ], [ 283563.6, 4155632.45 ], [ 283562.64, 4155633.78 ], [ 283566.22, 4155635.88 ] ] ] } },
{ "type": "Feature", "properties": { "id": "richmond_structure:346868", "name": null, "kind": "deck", "sport": null, "surface": null, "pitch_layout": null, "source": "richmond_structures", "source_updated": "2026-09-08T12:07:13.637000Z", "base_z": null, "top_z": null }, "geometry": { "type": "Polygon", "coordinates": [ [ [ 283648.7, 4155641.03 ], [ 283652.17, 4155636.39 ], [ 283641.64, 4155628.53 ], [ 283638.18, 4155633.17 ], [ 283648.7, 4155641.03 ] ] ] } },
{ "type": "Feature", "properties": { "id": "richmond_structure:346909", "name": null, "kind": "deck", "sport": null, "surface": null, "pitch_layout": null, "source": "richmond_structures", "source_updated": "2026-09-08T12:07:13.637000Z", "base_z": null, "top_z": null }, "geometry": { "type": "Polygon", "coordinates": [ [ [ 283561.6, 4155653.68 ], [ 283563.26, 4155653.45 ], [ 283563.39, 4155652.92 ], [ 283560.25, 4155650.31 ], [ 283559.01, 4155651.65 ], [ 283561.6, 4155653.68 ] ] ] } },
{ "type": "Feature", "properties": { "id": "richmond_structure:346926", "name": null, "kind": "deck", "sport": null, "surface": null, "pitch_layout": null, "source": "richmond_structures", "source_updated": "2026-09-08T12:07:13.637000Z", "base_z": null, "top_z": null }, "geometry": { "type": "Polygon", "coordinates": [ [ [ 283601.23, 4155660.03 ], [ 283602.44, 4155658.88 ], [ 283602.25, 4155658.75 ], [ 283603.29, 4155657.48 ], [ 283601.3, 4155656.03 ], [ 283599.36, 4155658.68 ], [ 283601.23, 4155660.03 ] ] ] } },
{ "type": "Feature", "properties": { "id": "imagery:groundcover_lawn:3054", "name": null, "kind": "groundcover_lawn", "sport": null, "surface": null, "pitch_layout": null, "source": "vgin_vbmp+naip+lidar2025", "source_updated": null, "base_z": null, "top_z": null }, "geometry": { "type": "Polygon", "coordinates": [ [ [ 283594.69, 4155662.42 ], [ 283594.7, 4155663.61 ], [ 283598.95, 4155666.74 ], [ 283601.78, 4155662.96 ], [ 283600.53, 4155660.63 ], [ 283597.13, 4155660.63 ], [ 283597.13, 4155661.13 ], [ 283595.61, 4155661.54 ], [ 283595.01, 4155658.5 ], [ 283594.55, 4155658.05 ], [ 283594.54, 4155658.0 ], [ 283591.78, 4155656.0 ], [ 283591.7, 4155655.93 ], [ 283591.63, 4155655.87 ], [ 283591.57, 4155655.79 ], [ 283591.51, 4155655.71 ], [ 283591.47, 4155655.62 ], [ 283591.43, 4155655.53 ], [ 283591.4, 4155655.44 ], [ 283591.38, 4155655.34 ], [ 283591.37, 4155655.25 ], [ 283591.37, 4155655.15 ], [ 283591.38, 4155655.05 ], [ 283591.4, 4155654.95 ], [ 283591.42, 4155654.86 ], [ 283591.46, 4155654.77 ], [ 283591.51, 4155654.68 ], [ 283591.56, 4155654.6 ], [ 283592.92, 4155652.73 ], [ 283589.79, 4155650.8 ], [ 283583.79, 4155653.8 ], [ 283583.03, 4155655.02 ], [ 283585.79, 4155657.06 ], [ 283593.85, 4155662.98 ], [ 283594.69, 4155662.42 ] ] ] } },
{ "type": "Feature", "properties": { "id": "richmond_structure:346873", "name": null, "kind": "deck", "sport": null, "surface": null, "pitch_layout": null, "source": "richmond_structures", "source_updated": "2026-09-08T12:07:13.637000Z", "base_z": null, "top_z": null }, "geometry": { "type": "Polygon", "coordinates": [ [ [ 283594.34, 4155674.54 ], [ 283596.06, 4155675.91 ], [ 283597.78, 4155673.75 ], [ 283596.05, 4155672.38 ], [ 283594.34, 4155674.54 ] ] ] } },
{ "type": "Feature", "properties": { "id": "richmond_structure:426143", "name": null, "kind": "deck", "sport": null, "surface": null, "pitch_layout": null, "source": "richmond_structures", "source_updated": "2026-09-08T12:07:13.637000Z", "base_z": null, "top_z": null }, "geometry": { "type": "Polygon", "coordinates": [ [ [ 283633.42, 4155681.87 ], [ 283637.03, 4155677.43 ], [ 283636.2, 4155676.76 ], [ 283637.27, 4155675.46 ], [ 283636.32, 4155675.25 ], [ 283631.65, 4155680.39 ], [ 283633.42, 4155681.87 ] ] ] } },
{ "type": "Feature", "properties": { "id": "imagery:groundcover_lawn:3039", "name": null, "kind": "groundcover_lawn", "sport": null, "surface": null, "pitch_layout": null, "source": "vgin_vbmp+naip+lidar2025", "source_updated": null, "base_z": null, "top_z": null }, "geometry": { "type": "Polygon", "coordinates": [ [ [ 283553.22, 4155699.63 ], [ 283560.69, 4155689.89 ], [ 283566.74, 4155679.32 ], [ 283567.13, 4155677.83 ], [ 283567.13, 4155671.48 ], [ 283565.47, 4155668.8 ], [ 283562.05, 4155667.09 ], [ 283560.12, 4155666.83 ], [ 283547.57, 4155669.34 ], [ 283545.47, 4155670.94 ], [ 283543.54, 4155674.81 ], [ 283543.24, 4155676.53 ], [ 283545.8, 4155697.0 ], [ 283548.78, 4155699.63 ], [ 283553.22, 4155699.63 ] ] ] } },
{ "type": "Feature", "properties": { "id": "richmond_structure:346494", "name": null, "kind": "deck", "sport": null, "surface": null, "pitch_layout": null, "source": "richmond_structures", "source_updated": "2026-09-08T12:07:13.637000Z", "base_z": null, "top_z": null }, "geometry": { "type": "Polygon", "coordinates": [ [ [ 283711.95, 4155636.14 ], [ 283714.41, 4155632.89 ], [ 283711.93, 4155631.01 ], [ 283709.47, 4155634.26 ], [ 283711.95, 4155636.14 ] ] ] } },
{ "type": "Feature", "properties": { "id": "imagery:groundcover_lawn:3086", "name": null, "kind": "groundcover_lawn", "sport": null, "surface": null, "pitch_layout": null, "source": "vgin_vbmp+naip+lidar2025", "source_updated": null, "base_z": null, "top_z": null }, "geometry": { "type": "MultiPolygon", "coordinates": [ [ [ [ 283723.07, 4155618.04 ], [ 283720.13, 4155615.63 ], [ 283705.73, 4155615.63 ], [ 283704.71, 4155615.2 ], [ 283702.55, 4155613.05 ], [ 283702.21, 4155612.23 ], [ 283702.44, 4155611.57 ], [ 283702.52, 4155611.47 ], [ 283700.15, 4155606.63 ], [ 283695.29, 4155606.63 ], [ 283693.54, 4155607.89 ], [ 283717.13, 4155625.62 ], [ 283717.13, 4155625.22 ], [ 283717.55, 4155624.2 ], [ 283719.71, 4155622.05 ], [ 283721.28, 4155621.4 ], [ 283723.07, 4155618.04 ] ] ], [ [ [ 283683.61, 4155662.91 ], [ 283683.56, 4155662.83 ], [ 283683.51, 4155662.74 ], [ 283683.47, 4155662.65 ], [ 283683.44, 4155662.56 ], [ 283683.42, 4155662.46 ], [ 283683.41, 4155662.37 ], [ 283683.41, 4155662.27 ], [ 283683.42, 4155662.21 ], [ 283681.72, 4155660.14 ], [ 283680.55, 4155659.91 ], [ 283680.54, 4155659.91 ], [ 283680.44, 4155659.91 ], [ 283680.34, 4155659.9 ], [ 283680.25, 4155659.88 ], [ 283680.15, 4155659.85 ], [ 283680.07, 4155659.81 ], [ 283672.05, 4155658.21 ], [ 283671.21, 4155657.71 ], [ 283669.46, 4155655.57 ], [ 283669.13, 4155654.65 ], [ 283669.13, 4155651.23 ], [ 283669.12, 4155651.17 ], [ 283669.1, 4155651.07 ], [ 283669.09, 4155650.98 ], [ 283669.09, 4155650.88 ], [ 283669.1, 4155650.78 ], [ 283669.12, 4155650.69 ], [ 283669.13, 4155650.66 ], [ 283669.13, 4155650.16 ], [ 283669.24, 4155649.6 ], [ 283669.9, 4155648.02 ], [ 283670.22, 4155647.54 ], [ 283674.04, 4155643.71 ], [ 283674.53, 4155643.39 ], [ 283674.65, 4155643.34 ], [ 283677.2, 4155640.01 ], [ 283677.26, 4155639.94 ], [ 283677.33, 4155639.87 ], [ 283677.41, 4155639.81 ], [ 283677.49, 4155639.76 ], [ 283677.58, 4155639.71 ], [ 283677.67, 4155639.67 ], [ 283677.76, 4155639.65 ], [ 283677.86, 4155639.63 ], [ 283677.96, 4155639.62 ], [ 283678.06, 4155639.62 ], [ 283678.15, 4155639.63 ], [ 283678.25, 4155639.65 ], [ 283678.34, 4155639.68 ], [ 283678.43, 4155639.72 ], [ 283678.52, 4155639.77 ], [ 283678.6, 4155639.83 ], [ 283682.49, 4155642.81 ], [ 283682.63, 4155642.85 ], [ 283683.85, 4155643.6 ], [ 283685.29, 4155641.73 ], [ 283685.36, 4155641.66 ], [ 283685.43, 4155641.59 ], [ 283685.5, 4155641.53 ], [ 283685.59, 4155641.48 ], [ 283685.67, 4155641.43 ], [ 283685.77, 4155641.4 ], [ 283685.86, 4155641.37 ], [ 283685.96, 4155641.35 ], [ 283686.05, 4155641.34 ], [ 283686.15, 4155641.34 ], [ 283686.25, 4155641.36 ], [ 283686.34, 4155641.38 ], [ 283686.44, 4155641.41 ], [ 283686.53, 4155641.45 ], [ 283686.61, 4155641.49 ], [ 283686.69, 4155641.55 ], [ 283689.69, 4155643.85 ], [ 283689.77, 4155643.91 ], [ 283689.83, 4155643.98 ], [ 283689.89, 4155644.06 ], [ 283689.95, 4155644.14 ], [ 283689.99, 4155644.23 ], [ 283690.03, 4155644.32 ], [ 283690.06, 4155644.41 ], [ 283690.07, 4155644.51 ], [ 283690.08, 4155644.61 ], [ 283690.08, 4155644.71 ], [ 283690.07, 4155644.8 ], [ 283690.05, 4155644.9 ], [ 283690.02, 4155644.99 ], [ 283689.98, 4155645.08 ], [ 283689.93, 4155645.17 ], [ 283689.88, 4155645.25 ], [ 283688.33, 4155647.27 ], [ 283689.01, 4155647.8 ], [ 283689.09, 4155647.86 ], [ 283689.16, 4155647.93 ], [ 283689.22, 4155648.01 ], [ 283689.27, 4155648.09 ], [ 283689.32, 4155648.18 ], [ 283689.35, 4155648.27 ], [ 283689.38, 4155648.36 ], [ 283689.4, 4155648.46 ], [ 283689.41, 4155648.56 ], [ 283689.4, 4155648.63 ], [ 283693.12, 4155648.63 ], [ 283693.38, 4155648.27 ], [ 283693.44, 4155648.2 ], [ 283693.51, 4155648.13 ], [ 283693.58, 4155648.06 ], [ 283693.67, 4155648.01 ], [ 283693.75, 4155647.96 ], [ 283693.84, 4155647.92 ], [ 283693.93, 4155647.89 ], [ 283694.03, 4155647.87 ], [ 283694.13, 4155647.86 ], [ 283694.23, 4155647.86 ], [ 283694.32, 4155647.87 ], [ 283694.42, 4155647.89 ], [ 283694.51, 4155647.91 ], [ 283694.6, 4155647.95 ], [ 283694.69, 4155648.0 ], [ 283694.77, 4155648.05 ], [ 283695.16, 4155648.33 ], [ 283695.89, 4155647.32 ], [ 283695.96, 4155647.24 ], [ 283696.03, 4155647.17 ], [ 283696.1, 4155647.11 ], [ 283696.18, 4155647.05 ], [ 283696.27, 4155647.01 ], [ 283696.36, 4155646.97 ], [ 283696.45, 4155646.94 ], [ 283696.55, 4155646.92 ], [ 283696.64, 4155646.91 ], [ 283696.74, 4155646.91 ], [ 283696.84, 4155646.92 ], [ 283696.94, 4155646.93 ], [ 283697.03, 4155646.96 ], [ 283697.12, 4155647.0 ], [ 283697.21, 4155647.04 ], [ 283697.29, 4155647.1 ], [ 283702.63, 4155650.98 ], [ 283702.7, 4155651.04 ], [ 283702.77, 4155651.11 ], [ 283702.84, 4155651.18 ], [ 283702.89, 4155651.27 ], [ 283702.94, 4155651.35 ], [ 283702.98, 4155651.44 ], [ 283703.01, 4155651.54 ], [ 283703.03, 4155651.63 ], [ 283703.04, 4155651.73 ], [ 283703.04, 4155651.83 ], [ 283703.03, 4155651.93 ], [ 283703.01, 4155652.02 ], [ 283702.98, 4155652.12 ], [ 283702.95, 4155652.21 ], [ 283702.9, 4155652.3 ], [ 283702.85, 4155652.38 ], [ 283702.13, 4155653.36 ], [ 283702.13, 4155653.44 ], [ 283702.15, 4155653.46 ], [ 283702.2, 4155653.54 ], [ 283702.25, 4155653.63 ], [ 283702.29, 4155653.72 ], [ 283702.31, 4155653.81 ], [ 283702.33, 4155653.91 ], [ 283702.34, 4155654.0 ], [ 283702.35, 4155654.1 ], [ 283702.34, 4155654.2 ], [ 283702.32, 4155654.29 ], [ 283702.29, 4155654.39 ], [ 283702.25, 4155654.48 ], [ 283702.21, 4155654.57 ], [ 283702.16, 4155654.65 ], [ 283702.13, 4155654.68 ], [ 283702.13, 4155659.65 ], [ 283704.7, 4155661.58 ], [ 283706.75, 4155658.92 ], [ 283706.81, 4155658.84 ], [ 283706.88, 4155658.78 ], [ 283706.96, 4155658.71 ], [ 283707.04, 4155658.66 ], [ 283707.13, 4155658.62 ], [ 283707.22, 4155658.58 ], [ 283707.31, 4155658.55 ], [ 283707.41, 4155658.54 ], [ 283707.51, 4155658.53 ], [ 283707.61, 4155658.53 ], [ 283707.7, 4155658.54 ], [ 283707.8, 4155658.56 ], [ 283707.89, 4155658.59 ], [ 283707.98, 4155658.63 ], [ 283708.07, 4155658.68 ], [ 283708.15, 4155658.74 ], [ 283709.56, 4155659.82 ], [ 283709.63, 4155659.89 ], [ 283709.7, 4155659.96 ], [ 283709.76, 4155660.03 ], [ 283709.81, 4155660.12 ], [ 283709.86, 4155660.2 ], [ 283709.89, 4155660.29 ], [ 283709.92, 4155660.39 ], [ 283709.94, 4155660.49 ], [ 283709.95, 4155660.58 ], [ 283709.94, 4155660.68 ], [ 283709.93, 4155660.78 ], [ 283709.91, 4155660.88 ], [ 283709.88, 4155660.97 ], [ 283709.84, 4155661.06 ], [ 283709.79, 4155661.14 ], [ 283709.74, 4155661.23 ], [ 283709.51, 4155661.52 ], [ 283717.65, 4155659.19 ], [ 283718.98, 4155659.51 ], [ 283721.59, 4155661.92 ], [ 283722.01, 4155663.22 ], [ 283720.69, 4155669.82 ], [ 283722.91, 4155673.32 ], [ 283726.04, 4155674.1 ], [ 283726.08, 4155674.05 ], [ 283726.15, 4155673.98 ], [ 283726.23, 4155673.92 ], [ 283726.31, 4155673.87 ], [ 283726.4, 4155673.82 ], [ 283726.49, 4155673.78 ], [ 283726.58, 4155673.76 ], [ 283726.68, 4155673.74 ], [ 283726.78, 4155673.73 ], [ 283726.88, 4155673.73 ], [ 283726.97, 4155673.74 ], [ 283727.07, 4155673.76 ], [ 283727.16, 4155673.79 ], [ 283727.25, 4155673.83 ], [ 283727.34, 4155673.88 ], [ 283727.42, 4155673.93 ], [ 283728.44, 4155674.7 ], [ 283732.06, 4155675.61 ], [ 283732.11, 4155675.54 ], [ 283735.12, 4155671.55 ], [ 283735.19, 4155671.47 ], [ 283735.26, 4155671.4 ], [ 283735.33, 4155671.34 ], [ 283735.41, 4155671.29 ], [ 283735.5, 4155671.24 ], [ 283735.59, 4155671.2 ], [ 283735.69, 4155671.18 ], [ 283735.78, 4155671.16 ], [ 283735.88, 4155671.15 ], [ 283735.98, 4155671.15 ], [ 283736.08, 4155671.16 ], [ 283736.17, 4155671.18 ], [ 283736.27, 4155671.21 ], [ 283736.36, 4155671.25 ], [ 283736.44, 4155671.29 ], [ 283736.52, 4155671.35 ], [ 283739.03, 4155673.24 ], [ 283739.1, 4155673.3 ], [ 283745.44, 4155664.91 ], [ 283744.33, 4155663.24 ], [ 283744.0, 4155663.0 ], [ 283736.1, 4155661.42 ], [ 283735.95, 4155661.31 ], [ 283735.09, 4155662.45 ], [ 283735.02, 4155662.52 ], [ 283734.95, 4155662.59 ], [ 283734.88, 4155662.65 ], [ 283734.79, 4155662.71 ], [ 283734.71, 4155662.75 ], [ 283734.62, 4155662.79 ], [ 283734.52, 4155662.81 ], [ 283734.43, 4155662.83 ], [ 283734.33, 4155662.84 ], [ 283734.23, 4155662.84 ], [ 283734.13, 4155662.83 ], [ 283734.04, 4155662.81 ], [ 283733.94, 4155662.78 ], [ 283733.85, 4155662.74 ], [ 283733.77, 4155662.69 ], [ 283733.69, 4155662.64 ], [ 283728.62, 4155658.78 ], [ 283728.54, 4155658.72 ], [ 283728.47, 4155658.65 ], [ 283728.41, 4155658.57 ], [ 283728.36, 4155658.49 ], [ 283728.31, 4155658.4 ], [ 283728.27, 4155658.31 ], [ 283728.25, 4155658.22 ], [ 283728.23, 4155658.12 ], [ 283728.22, 4155658.02 ], [ 283728.22, 4155657.93 ], [ 283728.23, 4155657.83 ], [ 283728.25, 4155657.73 ], [ 283728.28, 4155657.64 ], [ 283728.32, 4155657.55 ], [ 283728.37, 4155657.46 ], [ 283728.43, 4155657.38 ], [ 283730.93, 4155654.1 ], [ 283730.99, 4155654.02 ], [ 283731.06, 4155653.95 ], [ 283731.14, 4155653.89 ], [ 283731.22, 4155653.84 ], [ 283731.31, 4155653.79 ], [ 283731.4, 4155653.76 ], [ 283731.5, 4155653.73 ], [ 283731.59, 4155653.71 ], [ 283731.69, 4155653.7 ], [ 283731.79, 4155653.7 ], [ 283731.89, 4155653.71 ], [ 283731.98, 4155653.73 ], [ 283732.07, 4155653.76 ], [ 283732.16, 4155653.8 ], [ 283732.25, 4155653.85 ], [ 283732.33, 4155653.91 ], [ 283732.95, 4155654.38 ], [ 283730.97, 4155651.63 ], [ 283727.46, 4155651.63 ], [ 283726.36, 4155651.1 ], [ 283724.28, 4155648.56 ], [ 283723.98, 4155647.38 ], [ 283725.54, 4155639.57 ], [ 283721.02, 4155636.17 ], [ 283713.0, 4155630.15 ], [ 283709.54, 4155634.48 ], [ 283709.47, 4155634.56 ], [ 283709.4, 4155634.62 ], [ 283709.32, 4155634.68 ], [ 283709.23, 4155634.73 ], [ 283709.14, 4155634.78 ], [ 283709.05, 4155634.81 ], [ 283708.95, 4155634.84 ], [ 283708.86, 4155634.85 ], [ 283708.76, 4155634.86 ], [ 283708.66, 4155634.85 ], [ 283708.56, 4155634.84 ], [ 283708.46, 4155634.81 ], [ 283708.37, 4155634.78 ], [ 283708.28, 4155634.74 ], [ 283708.2, 4155634.69 ], [ 283705.37, 4155632.78 ], [ 283705.29, 4155632.73 ], [ 283705.22, 4155632.66 ], [ 283705.16, 4155632.59 ], [ 283705.1, 4155632.51 ], [ 283705.05, 4155632.43 ], [ 283705.01, 4155632.35 ], [ 283704.97, 4155632.26 ], [ 283704.95, 4155632.16 ], [ 283704.93, 4155632.07 ], [ 283704.93, 4155631.97 ], [ 283704.93, 4155631.88 ], [ 283704.94, 4155631.78 ], [ 283704.96, 4155631.69 ], [ 283704.99, 4155631.6 ], [ 283705.03, 4155631.51 ], [ 283705.08, 4155631.42 ], [ 283705.13, 4155631.35 ], [ 283708.59, 4155626.83 ], [ 283697.05, 4155618.16 ], [ 283694.92, 4155621.0 ], [ 283694.86, 4155621.08 ], [ 283694.79, 4155621.15 ], [ 283694.71, 4155621.21 ], [ 283694.63, 4155621.26 ], [ 283694.54, 4155621.31 ], [ 283694.45, 4155621.35 ], [ 283694.36, 4155621.37 ], [ 283694.26, 4155621.39 ], [ 283694.16, 4155621.4 ], [ 283694.06, 4155621.4 ], [ 283693.97, 4155621.39 ], [ 283693.87, 4155621.37 ], [ 283693.78, 4155621.34 ], [ 283693.69, 4155621.3 ], [ 283693.6, 4155621.26 ], [ 283693.52, 4155621.2 ], [ 283686.11, 4155615.63 ], [ 283684.13, 4155615.63 ], [ 283681.13, 4155618.63 ], [ 283681.13, 4155624.03 ], [ 283680.71, 4155625.05 ], [ 283678.55, 4155627.2 ], [ 283677.53, 4155627.63 ], [ 283673.74, 4155627.63 ], [ 283671.87, 4155628.62 ], [ 283667.91, 4155633.96 ], [ 283667.23, 4155634.98 ], [ 283666.99, 4155635.2 ], [ 283657.59, 4155647.85 ], [ 283681.19, 4155665.71 ], [ 283684.02, 4155663.26 ], [ 283683.82, 4155663.12 ], [ 283683.75, 4155663.05 ], [ 283683.68, 4155662.99 ], [ 283683.61, 4155662.91 ] ], [ [ 283699.59, 4155625.07 ], [ 283696.4, 4155629.36 ], [ 283696.34, 4155629.43 ], [ 283696.27, 4155629.5 ], [ 283696.2, 4155629.56 ], [ 283696.11, 4155629.62 ], [ 283696.03, 4155629.66 ], [ 283695.94, 4155629.7 ], [ 283695.84, 4155629.73 ], [ 283695.75, 4155629.75 ], [ 283695.65, 4155629.76 ], [ 283695.55, 4155629.76 ], [ 283695.45, 4155629.75 ], [ 283695.36, 4155629.73 ], [ 283695.26, 4155629.7 ], [ 283695.17, 4155629.66 ], [ 283695.09, 4155629.61 ], [ 283695.0, 4155629.56 ], [ 283690.89, 4155626.49 ], [ 283690.82, 4155626.43 ], [ 283690.75, 4155626.36 ], [ 283690.68, 4155626.28 ], [ 283690.63, 4155626.2 ], [ 283690.58, 4155626.11 ], [ 283690.55, 4155626.02 ], [ 283690.52, 4155625.93 ], [ 283690.5, 4155625.83 ], [ 283690.49, 4155625.74 ], [ 283690.49, 4155625.64 ], [ 283690.5, 4155625.54 ], [ 283690.52, 4155625.44 ], [ 283690.55, 4155625.35 ], [ 283690.59, 4155625.26 ], [ 283690.63, 4155625.17 ], [ 283690.69, 4155625.09 ], [ 283692.8, 4155622.26 ], [ 283692.86, 4155622.18 ], [ 283692.93, 4155622.12 ], [ 283693.01, 4155622.05 ], [ 283693.09, 4155622.0 ], [ 283693.17, 4155621.95 ], [ 283693.26, 4155621.92 ], [ 283693.36, 4155621.89 ], [ 283693.45, 4155621.87 ], [ 283693.55, 4155621.86 ], [ 283693.65, 4155621.86 ], [ 283693.75, 4155621.87 ], [ 283693.84, 4155621.89 ], [ 283693.94, 4155621.92 ], [ 283694.03, 4155621.95 ], [ 283694.11, 4155622.0 ], [ 283694.2, 4155622.06 ], [ 283695.36, 4155622.92 ], [ 283695.84, 4155622.28 ], [ 283695.91, 4155622.2 ], [ 283695.97, 4155622.14 ], [ 283696.05, 4155622.07 ], [ 283696.13, 4155622.02 ], [ 283696.22, 4155621.97 ], [ 283696.31, 4155621.94 ], [ 283696.4, 4155621.91 ], [ 283696.5, 4155621.89 ], [ 283696.6, 4155621.88 ], [ 283696.7, 4155621.88 ], [ 283696.79, 4155621.89 ], [ 283696.89, 4155621.91 ], [ 283696.98, 4155621.94 ], [ 283697.07, 4155621.98 ], [ 283697.16, 4155622.02 ], [ 283697.24, 4155622.08 ], [ 283699.39, 4155623.68 ], [ 283699.46, 4155623.74 ], [ 283699.53, 4155623.81 ], [ 283699.59, 4155623.88 ], [ 283699.65, 4155623.97 ], [ 283699.69, 4155624.05 ], [ 283699.73, 4155624.14 ], [ 283699.76, 4155624.24 ], [ 283699.78, 4155624.33 ], [ 283699.79, 4155624.43 ], [ 283699.79, 4155624.53 ], [ 283699.78, 4155624.63 ], [ 283699.76, 4155624.72 ], [ 283699.73, 4155624.82 ], [ 283699.69, 4155624.91 ], [ 283699.65, 4155624.99 ], [ 283699.59, 4155625.07 ] ], [ [ 283715.76, 4155650.48 ], [ 283712.98, 4155653.86 ], [ 283712.91, 4155653.93 ], [ 283712.84, 4155654.0 ], [ 283712.76, 4155654.05 ], [ 283712.67, 4155654.11 ], [ 283712.58, 4155654.15 ], [ 283712.49, 4155654.18 ], [ 283712.4, 4155654.2 ], [ 283712.3, 4155654.22 ], [ 283712.2, 4155654.22 ], [ 283712.1, 4155654.22 ], [ 283712.01, 4155654.2 ], [ 283711.91, 4155654.18 ], [ 283711.82, 4155654.15 ], [ 283711.73, 4155654.1 ], [ 283711.65, 4155654.05 ], [ 283711.57, 4155653.99 ], [ 283708.57, 4155651.52 ], [ 283708.49, 4155651.45 ], [ 283708.43, 4155651.38 ], [ 283708.37, 4155651.3 ], [ 283708.32, 4155651.22 ], [ 283708.28, 4155651.13 ], [ 283708.25, 4155651.03 ], [ 283708.22, 4155650.94 ], [ 283708.21, 4155650.84 ], [ 283708.2, 4155650.74 ], [ 283708.21, 4155650.65 ], [ 283708.22, 4155650.55 ], [ 283708.25, 4155650.45 ], [ 283708.28, 4155650.36 ], [ 283708.32, 4155650.27 ], [ 283708.37, 4155650.19 ], [ 283708.43, 4155650.11 ], [ 283711.22, 4155646.73 ], [ 283711.28, 4155646.66 ], [ 283711.36, 4155646.59 ], [ 283711.44, 4155646.53 ], [ 283711.52, 4155646.48 ], [ 283711.61, 4155646.44 ], [ 283711.7, 4155646.41 ], [ 283711.8, 4155646.38 ], [ 283711.89, 4155646.37 ], [ 283711.99, 4155646.36 ], [ 283712.09, 4155646.37 ], [ 283712.19, 4155646.38 ], [ 283712.28, 4155646.41 ], [ 283712.37, 4155646.44 ], [ 283712.46, 4155646.48 ], [ 283712.55, 4155646.53 ], [ 283712.63, 4155646.59 ], [ 283715.63, 4155649.07 ], [ 283715.7, 4155649.14 ], [ 283715.76, 4155649.21 ], [ 283715.82, 4155649.29 ], [ 283715.87, 4155649.37 ], [ 283715.91, 4155649.46 ], [ 283715.95, 4155649.55 ], [ 283715.97, 4155649.65 ], [ 283715.99, 4155649.74 ], [ 283715.99, 4155649.84 ], [ 283715.98, 4155649.94 ], [ 283715.97, 4155650.04 ], [ 283715.95, 4155650.13 ], [ 283715.91, 4155650.23 ], [ 283715.87, 4155650.31 ], [ 283715.82, 4155650.4 ], [ 283715.76, 4155650.48 ] ], [ [ 283730.82, 4155662.88 ], [ 283728.02, 4155666.59 ], [ 283727.95, 4155666.67 ], [ 283727.88, 4155666.74 ], [ 283727.81, 4155666.8 ], [ 283727.72, 4155666.85 ], [ 283727.64, 4155666.9 ], [ 283727.55, 4155666.93 ], [ 283727.45, 4155666.96 ], [ 283727.36, 4155666.98 ], [ 283727.26, 4155666.99 ], [ 283727.16, 4155666.99 ], [ 283727.06, 4155666.98 ], [ 283726.97, 4155666.96 ], [ 283726.87, 4155666.93 ], [ 283726.78, 4155666.89 ], [ 283726.7, 4155666.84 ], [ 283726.61, 4155666.79 ], [ 283723.5, 4155664.44 ], [ 283723.43, 4155664.37 ], [ 283723.36, 4155664.3 ], [ 283723.3, 4155664.23 ], [ 283723.24, 4155664.15 ], [ 283723.2, 4155664.06 ], [ 283723.16, 4155663.97 ], [ 283723.13, 4155663.87 ], [ 283723.11, 4155663.78 ], [ 283723.11, 4155663.68 ], [ 283723.11, 4155663.58 ], [ 283723.12, 4155663.48 ], [ 283723.14, 4155663.39 ], [ 283723.17, 4155663.29 ], [ 283723.21, 4155663.2 ], [ 283723.25, 4155663.12 ], [ 283723.31, 4155663.04 ], [ 283726.12, 4155659.32 ], [ 283726.18, 4155659.24 ], [ 283726.25, 4155659.18 ], [ 283726.33, 4155659.11 ], [ 283726.41, 4155659.06 ], [ 283726.5, 4155659.02 ], [ 283726.59, 4155658.98 ], [ 283726.68, 4155658.95 ], [ 283726.78, 4155658.93 ], [ 283726.88, 4155658.92 ], [ 283726.98, 4155658.93 ], [ 283727.07, 4155658.94 ], [ 283727.17, 4155658.96 ], [ 283727.26, 4155658.99 ], [ 283727.35, 4155659.02 ], [ 283727.44, 4155659.07 ], [ 283727.52, 4155659.13 ], [ 283730.63, 4155661.48 ], [ 283730.7, 4155661.54 ], [ 283730.77, 4155661.61 ], [ 283730.83, 4155661.69 ], [ 283730.88, 4155661.77 ], [ 283730.93, 4155661.86 ], [ 283730.97, 4155661.95 ], [ 283730.99, 4155662.04 ], [ 283731.01, 4155662.14 ], [ 283731.02, 4155662.23 ], [ 283731.02, 4155662.33 ], [ 283731.01, 4155662.43 ], [ 283730.99, 4155662.53 ], [ 283730.96, 4155662.62 ], [ 283730.92, 4155662.71 ], [ 283730.88, 4155662.8 ], [ 283730.82, 4155662.88 ] ] ] ] } },
{ "type": "Feature", "properties": { "id": "richmond_structure:346495", "name": null, "kind": "deck", "sport": null, "surface": null, "pitch_layout": null, "source": "richmond_structures", "source_updated": "2026-09-08T12:07:13.637000Z", "base_z": null, "top_z": null }, "geometry": { "type": "Polygon", "coordinates": [ [ [ 283681.77, 4155640.21 ], [ 283679.7, 4155642.9 ], [ 283682.82, 4155645.28 ], [ 283684.88, 4155642.59 ], [ 283681.77, 4155640.21 ] ] ] } },
{ "type": "Feature", "properties": { "id": "richmond_structure:346496", "name": null, "kind": "deck", "sport": null, "surface": null, "pitch_layout": null, "source": "richmond_structures", "source_updated": "2026-09-08T12:07:13.637000Z", "base_z": null, "top_z": null }, "geometry": { "type": "Polygon", "coordinates": [ [ [ 283686.74, 4155648.29 ], [ 283688.9, 4155645.48 ], [ 283685.9, 4155643.18 ], [ 283683.74, 4155645.99 ], [ 283686.74, 4155648.29 ] ] ] } },
{ "type": "Feature", "properties": { "id": "richmond_structure:346869", "name": null, "kind": "deck", "sport": null, "surface": null, "pitch_layout": null, "source": "richmond_structures", "source_updated": "2026-09-08T12:07:13.637000Z", "base_z": null, "top_z": null }, "geometry": { "type": "Polygon", "coordinates": [ [ [ 283701.7, 4155648.21 ], [ 283700.82, 4155648.24 ], [ 283698.72, 4155650.34 ], [ 283701.85, 4155652.62 ], [ 283702.71, 4155649.54 ], [ 283701.7, 4155648.21 ] ] ] } },
{ "type": "Feature", "properties": { "id": "richmond_structure:346026", "name": null, "kind": "deck", "sport": null, "surface": null, "pitch_layout": null, "source": "richmond_structures", "source_updated": "2026-09-08T12:07:13.637000Z", "base_z": null, "top_z": null }, "geometry": { "type": "Polygon", "coordinates": [ [ [ 283706.47, 4155667.95 ], [ 283709.03, 4155664.62 ], [ 283707.32, 4155663.31 ], [ 283708.76, 4155661.44 ], [ 283707.35, 4155660.36 ], [ 283704.23, 4155664.42 ], [ 283705.18, 4155665.15 ], [ 283704.31, 4155666.29 ], [ 283706.47, 4155667.95 ] ] ] } },
{ "type": "Feature", "properties": { "id": "imagery:groundcover_lawn:3073", "name": null, "kind": "groundcover_lawn", "sport": null, "surface": null, "pitch_layout": null, "source": "vgin_vbmp+naip+lidar2025", "source_updated": null, "base_z": null, "top_z": null }, "geometry": { "type": "Polygon", "coordinates": [ [ [ 283748.57, 4155690.91 ], [ 283748.62, 4155691.0 ], [ 283748.67, 4155691.08 ], [ 283748.7, 4155691.17 ], [ 283748.73, 4155691.27 ], [ 283748.75, 4155691.37 ], [ 283748.75, 4155691.46 ], [ 283748.75, 4155691.56 ], [ 283748.74, 4155691.66 ], [ 283748.72, 4155691.76 ], [ 283748.69, 4155691.85 ], [ 283748.65, 4155691.94 ], [ 283748.6, 4155692.02 ], [ 283748.55, 4155692.1 ], [ 283747.87, 4155692.99 ], [ 283750.0, 4155694.53 ], [ 283750.0, 4155680.91 ], [ 283749.4, 4155681.06 ], [ 283747.13, 4155683.97 ], [ 283747.13, 4155689.75 ], [ 283748.36, 4155690.7 ], [ 283748.44, 4155690.77 ], [ 283748.51, 4155690.84 ], [ 283748.57, 4155690.91 ] ] ] } },
{ "type": "Feature", "properties": { "id": "richmond_structure:426138", "name": null, "kind": "deck", "sport": null, "surface": null, "pitch_layout": null, "source": "richmond_structures", "source_updated": "2026-09-08T12:07:13.637000Z", "base_z": null, "top_z": null }, "geometry": { "type": "Polygon", "coordinates": [ [ [ 283742.85, 4155687.31 ], [ 283742.15, 4155688.17 ], [ 283746.83, 4155691.77 ], [ 283747.52, 4155690.79 ], [ 283742.85, 4155687.31 ] ] ] } },
{ "type": "Feature", "properties": { "id": "richmond_structure:413243", "name": null, "kind": "deck", "sport": null, "surface": null, "pitch_layout": null, "source": "richmond_structures", "source_updated": "2026-09-08T12:07:13.637000Z", "base_z": null, "top_z": null }, "geometry": { "type": "Polygon", "coordinates": [ [ [ 283660.5, 4155704.9 ], [ 283662.32, 4155702.49 ], [ 283658.34, 4155699.48 ], [ 283656.52, 4155701.89 ], [ 283660.5, 4155704.9 ] ] ] } },
{ "type": "Feature", "properties": { "id": "osm:way/761039105", "name": null, "kind": "pitch", "sport": "basketball", "surface": "asphalt", "pitch_layout": { "cx": 283676.89681370213, "cy": 4155709.452715906, "ax": 0.8004735100656779, "ay": 0.599368133690083, "hl": 11.772605380919368, "hs": 8.552999750240941 }, "source": null, "source_updated": null, "base_z": null, "top_z": null }, "geometry": { "type": "Polygon", "coordinates": [ [ [ 283681.14, 4155723.31 ], [ 283691.45, 4155709.66 ], [ 283672.66, 4155695.59 ], [ 283662.35, 4155709.24 ], [ 283681.14, 4155723.31 ] ] ] } },
{ "type": "Feature", "properties": { "id": "richmond_structure:346497", "name": null, "kind": "deck", "sport": null, "surface": null, "pitch_layout": null, "source": "richmond_structures", "source_updated": "2026-09-08T12:07:13.637000Z", "base_z": null, "top_z": null }, "geometry": { "type": "Polygon", "coordinates": [ [ [ 283544.46, 4155657.04 ], [ 283541.68, 4155660.69 ], [ 283548.42, 4155665.82 ], [ 283551.19, 4155662.18 ], [ 283544.46, 4155657.04 ] ] ] } },
{ "type": "Feature", "properties": { "id": "richmond_structure:241936", "name": null, "kind": "deck", "sport": null, "surface": null, "pitch_layout": null, "source": "richmond_structures", "source_updated": "2026-09-08T12:07:13.637000Z", "base_z": null, "top_z": null }, "geometry": { "type": "Polygon", "coordinates": [ [ [ 283508.95, 4155665.0 ], [ 283517.41, 4155671.45 ], [ 283516.79, 4155654.58 ], [ 283508.95, 4155665.0 ] ] ] } },
{ "type": "Feature", "properties": { "id": "richmond_structure:414655", "name": null, "kind": "deck", "sport": null, "surface": null, "pitch_layout": null, "source": "richmond_structures", "source_updated": "2026-09-08T12:07:13.637000Z", "base_z": null, "top_z": null }, "geometry": { "type": "Polygon", "coordinates": [ [ [ 283516.82, 4155655.47 ], [ 283517.41, 4155671.45 ], [ 283523.34, 4155675.97 ], [ 283537.85, 4155656.62 ], [ 283527.03, 4155650.3 ], [ 283524.18, 4155650.39 ], [ 283521.85, 4155651.34 ], [ 283516.82, 4155655.47 ] ] ] } },
{ "type": "Feature", "properties": { "id": "richmond_structure:243995", "name": null, "kind": "deck", "sport": null, "surface": null, "pitch_layout": null, "source": "richmond_structures", "source_updated": "2026-09-08T12:07:13.637000Z", "base_z": null, "top_z": null }, "geometry": { "type": "Polygon", "coordinates": [ [ [ 283503.19, 4155670.87 ], [ 283504.94, 4155668.56 ], [ 283503.69, 4155667.61 ], [ 283501.94, 4155669.92 ], [ 283503.19, 4155670.87 ] ] ] } },
{ "type": "Feature", "properties": { "id": "richmond_structure:426140", "name": null, "kind": "deck", "sport": null, "surface": null, "pitch_layout": null, "source": "richmond_structures", "source_updated": "2026-09-08T12:07:13.637000Z", "base_z": null, "top_z": null }, "geometry": { "type": "Polygon", "coordinates": [ [ [ 283536.47, 4155710.61 ], [ 283537.23, 4155710.96 ], [ 283538.89, 4155709.33 ], [ 283542.1, 4155711.74 ], [ 283543.83, 4155709.33 ], [ 283539.01, 4155705.82 ], [ 283535.84, 4155709.67 ], [ 283536.47, 4155710.61 ] ] ] } },
{ "type": "Feature", "properties": { "id": "richmond_structure:426144", "name": null, "kind": "deck", "sport": null, "surface": null, "pitch_layout": null, "source": "richmond_structures", "source_updated": "2026-09-08T12:07:13.637000Z", "base_z": null, "top_z": null }, "geometry": { "type": "Polygon", "coordinates": [ [ [ 283541.41, 4155747.22 ], [ 283541.14, 4155746.76 ], [ 283539.48, 4155748.66 ], [ 283539.1, 4155750.0 ], [ 283542.09, 4155750.0 ], [ 283540.32, 4155748.67 ], [ 283541.41, 4155747.22 ] ] ] } },
{ "type": "Feature", "properties": { "id": "richmond_structure:346917", "name": null, "kind": "deck", "sport": null, "surface": null, "pitch_layout": null, "source": "richmond_structures", "source_updated": "2026-09-08T12:07:13.637000Z", "base_z": null, "top_z": null }, "geometry": { "type": "Polygon", "coordinates": [ [ [ 283638.07, 4155690.1 ], [ 283640.74, 4155686.71 ], [ 283638.13, 4155684.81 ], [ 283635.5, 4155688.03 ], [ 283638.07, 4155690.1 ] ] ] } },
{ "type": "Feature", "properties": { "id": "richmond_structure:413242", "name": null, "kind": "deck", "sport": null, "surface": null, "pitch_layout": null, "source": "richmond_structures", "source_updated": "2026-09-08T12:07:13.637000Z", "base_z": null, "top_z": null }, "geometry": { "type": "Polygon", "coordinates": [ [ [ 283652.89, 4155699.24 ], [ 283654.76, 4155696.77 ], [ 283651.02, 4155693.94 ], [ 283649.16, 4155696.41 ], [ 283652.89, 4155699.24 ] ] ] } },
{ "type": "Feature", "properties": { "id": "imagery:groundcover_lawn:3042", "name": null, "kind": "groundcover_lawn", "sport": null, "surface": null, "pitch_layout": null, "source": "vgin_vbmp+naip+lidar2025", "source_updated": null, "base_z": null, "top_z": null }, "geometry": { "type": "Polygon", "coordinates": [ [ [ 283636.88, 4155712.13 ], [ 283636.82, 4155712.06 ], [ 283636.76, 4155711.98 ], [ 283636.7, 4155711.9 ], [ 283636.66, 4155711.81 ], [ 283636.63, 4155711.72 ], [ 283636.6, 4155711.62 ], [ 283636.58, 4155711.53 ], [ 283636.58, 4155711.43 ], [ 283636.58, 4155711.33 ], [ 283636.59, 4155711.23 ], [ 283636.61, 4155711.14 ], [ 283636.65, 4155711.04 ], [ 283636.69, 4155710.95 ], [ 283636.74, 4155710.87 ], [ 283636.79, 4155710.79 ], [ 283637.27, 4155710.18 ], [ 283637.23, 4155710.03 ], [ 283637.49, 4155708.81 ], [ 283639.55, 4155706.17 ], [ 283640.67, 4155705.63 ], [ 283640.88, 4155705.63 ], [ 283642.05, 4155704.14 ], [ 283642.11, 4155704.07 ], [ 283642.19, 4155704.0 ], [ 283642.26, 4155703.94 ], [ 283642.35, 4155703.89 ], [ 283642.43, 4155703.85 ], [ 283642.53, 4155703.81 ], [ 283642.62, 4155703.79 ], [ 283642.72, 4155703.77 ], [ 283642.81, 4155703.77 ], [ 283642.91, 4155703.77 ], [ 283643.01, 4155703.78 ], [ 283643.11, 4155703.8 ], [ 283643.2, 4155703.83 ], [ 283643.29, 4155703.87 ], [ 283643.37, 4155703.92 ], [ 283643.45, 4155703.98 ], [ 283645.55, 4155705.63 ], [ 283646.16, 4155705.63 ], [ 283646.85, 4155705.8 ], [ 283648.7, 4155706.79 ], [ 283649.23, 4155707.27 ], [ 283650.98, 4155709.9 ], [ 283655.19, 4155713.21 ], [ 283655.27, 4155713.28 ], [ 283655.33, 4155713.35 ], [ 283655.39, 4155713.43 ], [ 283655.44, 4155713.51 ], [ 283655.49, 4155713.6 ], [ 283655.52, 4155713.69 ], [ 283655.55, 4155713.78 ], [ 283655.57, 4155713.88 ], [ 283655.57, 4155713.98 ], [ 283655.57, 4155714.08 ], [ 283655.56, 4155714.18 ], [ 283655.53, 4155714.27 ], [ 283655.5, 4155714.36 ], [ 283655.46, 4155714.45 ], [ 283655.45, 4155714.47 ], [ 283655.74, 4155714.63 ], [ 283655.97, 4155714.63 ], [ 283663.43, 4155704.54 ], [ 283637.73, 4155694.26 ], [ 283637.2, 4155693.9 ], [ 283635.92, 4155692.55 ], [ 283634.44, 4155694.54 ], [ 283634.38, 4155694.62 ], [ 283634.31, 4155694.69 ], [ 283634.23, 4155694.75 ], [ 283634.15, 4155694.8 ], [ 283634.06, 4155694.85 ], [ 283633.97, 4155694.89 ], [ 283633.88, 4155694.91 ], [ 283633.78, 4155694.93 ], [ 283633.69, 4155694.94 ], [ 283633.59, 4155694.94 ], [ 283633.49, 4155694.93 ], [ 283633.4, 4155694.91 ], [ 283633.3, 4155694.89 ], [ 283633.21, 4155694.85 ], [ 283633.12, 4155694.8 ], [ 283633.04, 4155694.75 ], [ 283631.59, 4155693.67 ], [ 283630.82, 4155693.87 ], [ 283630.28, 4155696.03 ], [ 283630.29, 4155696.05 ], [ 283630.34, 4155696.13 ], [ 283630.38, 4155696.22 ], [ 283630.41, 4155696.32 ], [ 283630.43, 4155696.41 ], [ 283630.44, 4155696.51 ], [ 283630.44, 4155696.61 ], [ 283630.43, 4155696.71 ], [ 283630.42, 4155696.8 ], [ 283630.39, 4155696.9 ], [ 283630.35, 4155696.99 ], [ 283630.31, 4155697.08 ], [ 283630.26, 4155697.16 ], [ 283629.86, 4155697.71 ], [ 283627.96, 4155705.32 ], [ 283629.74, 4155702.94 ], [ 283629.81, 4155702.87 ], [ 283629.88, 4155702.8 ], [ 283629.95, 4155702.74 ], [ 283630.03, 4155702.68 ], [ 283630.12, 4155702.64 ], [ 283630.21, 4155702.6 ], [ 283630.31, 4155702.57 ], [ 283630.4, 4155702.55 ], [ 283630.5, 4155702.54 ], [ 283630.6, 4155702.54 ], [ 283630.7, 4155702.55 ], [ 283630.79, 4155702.57 ], [ 283630.89, 4155702.6 ], [ 283630.98, 4155702.64 ], [ 283631.06, 4155702.69 ], [ 283631.14, 4155702.74 ], [ 283635.96, 4155706.35 ], [ 283636.04, 4155706.41 ], [ 283636.1, 4155706.48 ], [ 283636.17, 4155706.56 ], [ 283636.22, 4155706.64 ], [ 283636.27, 4155706.72 ], [ 283636.3, 4155706.81 ], [ 283636.33, 4155706.91 ], [ 283636.35, 4155707.01 ], [ 283636.36, 4155707.1 ], [ 283636.36, 4155707.2 ], [ 283636.35, 4155707.3 ], [ 283636.33, 4155707.4 ], [ 283636.3, 4155707.49 ], [ 283636.26, 4155707.58 ], [ 283636.22, 4155707.67 ], [ 283636.16, 4155707.75 ], [ 283632.73, 4155712.32 ], [ 283632.67, 4155712.4 ], [ 283632.6, 4155712.47 ], [ 283632.53, 4155712.53 ], [ 283632.44, 4155712.58 ], [ 283632.36, 4155712.63 ], [ 283632.27, 4155712.67 ], [ 283632.17, 4155712.69 ], [ 283632.08, 4155712.71 ], [ 283631.98, 4155712.72 ], [ 283631.88, 4155712.72 ], [ 283631.78, 4155712.71 ], [ 283631.69, 4155712.69 ], [ 283631.59, 4155712.66 ], [ 283631.5, 4155712.62 ], [ 283631.41, 4155712.58 ], [ 283631.33, 4155712.52 ], [ 283626.52, 4155708.91 ], [ 283626.44, 4155708.84 ], [ 283626.37, 4155708.77 ], [ 283626.31, 4155708.7 ], [ 283626.26, 4155708.62 ], [ 283626.21, 4155708.53 ], [ 283626.17, 4155708.44 ], [ 283626.15, 4155708.34 ], [ 283626.13, 4155708.25 ], [ 283626.12, 4155708.15 ], [ 283626.12, 4155708.05 ], [ 283626.13, 4155707.95 ], [ 283626.15, 4155707.86 ], [ 283626.18, 4155707.76 ], [ 283626.22, 4155707.67 ], [ 283626.26, 4155707.59 ], [ 283626.32, 4155707.51 ], [ 283626.45, 4155707.33 ], [ 283625.29, 4155708.23 ], [ 283637.11, 4155716.88 ], [ 283638.4, 4155714.72 ], [ 283637.97, 4155712.99 ], [ 283636.96, 4155712.2 ], [ 283636.88, 4155712.13 ] ] ] } },
{ "type": "Feature", "properties": { "id": "richmond_structure:415083", "name": null, "kind": "deck", "sport": null, "surface": null, "pitch_layout": null, "source": "richmond_structures", "source_updated": "2026-09-08T12:07:13.637000Z", "base_z": null, "top_z": null }, "geometry": { "type": "Polygon", "coordinates": [ [ [ 283623.98, 4155718.52 ], [ 283625.35, 4155716.57 ], [ 283622.34, 4155714.45 ], [ 283620.97, 4155716.39 ], [ 283623.98, 4155718.52 ] ] ] } },
{ "type": "Feature", "properties": { "id": "imagery:groundcover_lawn:3027", "name": null, "kind": "groundcover_lawn", "sport": null, "surface": null, "pitch_layout": null, "source": "vgin_vbmp+naip+lidar2025", "source_updated": null, "base_z": null, "top_z": null }, "geometry": { "type": "Polygon", "coordinates": [ [ [ 283576.5, 4155735.63 ], [ 283579.65, 4155731.54 ], [ 283583.9, 4155725.95 ], [ 283594.7, 4155711.72 ], [ 283590.39, 4155708.68 ], [ 283589.98, 4155708.85 ], [ 283590.09, 4155709.12 ], [ 283587.71, 4155711.13 ], [ 283585.77, 4155722.8 ], [ 283585.14, 4155723.76 ], [ 283582.5, 4155725.49 ], [ 283581.37, 4155725.69 ], [ 283575.89, 4155724.32 ], [ 283575.09, 4155723.8 ], [ 283573.44, 4155721.68 ], [ 283573.13, 4155720.78 ], [ 283573.13, 4155709.53 ], [ 283572.63, 4155707.87 ], [ 283568.4, 4155701.53 ], [ 283564.96, 4155700.35 ], [ 283559.31, 4155702.23 ], [ 283558.12, 4155703.26 ], [ 283557.23, 4155704.42 ], [ 283552.85, 4155713.19 ], [ 283552.93, 4155716.02 ], [ 283556.23, 4155721.79 ], [ 283574.66, 4155735.63 ], [ 283576.5, 4155735.63 ] ] ] } },
{ "type": "Feature", "properties": { "id": "osm:way/1132020640", "name": "Alice Fitz Community Garden", "kind": "park", "sport": null, "surface": null, "pitch_layout": null, "source": null, "source_updated": null, "base_z": null, "top_z": null }, "geometry": { "type": "Polygon", "coordinates": [ [ [ 283635.6, 4155742.15 ], [ 283646.51, 4155750.0 ], [ 283660.63, 4155750.0 ], [ 283665.41, 4155743.41 ], [ 283645.23, 4155728.89 ], [ 283635.6, 4155742.15 ] ] ] } },
{ "type": "Feature", "properties": { "id": "osm:way/822389352", "name": null, "kind": "park", "sport": null, "surface": null, "pitch_layout": null, "source": null, "source_updated": null, "base_z": null, "top_z": null }, "geometry": { "type": "Polygon", "coordinates": [ [ [ 283655.24, 4155719.51 ], [ 283650.74, 4155724.24 ], [ 283651.88, 4155732.0 ], [ 283655.23, 4155732.63 ], [ 283662.9, 4155722.5 ], [ 283659.84, 4155718.45 ], [ 283655.24, 4155719.51 ] ] ] } },
{ "type": "Feature", "properties": { "id": "osm:way/761038913", "name": "Alice Fitz Park", "kind": "park", "sport": null, "surface": null, "pitch_layout": null, "source": null, "source_updated": null, "base_z": null, "top_z": null }, "geometry": { "type": "Polygon", "coordinates": [ [ [ 283675.85, 4155687.76 ], [ 283635.6, 4155742.15 ], [ 283646.33, 4155750.0 ], [ 283681.19, 4155750.0 ], [ 283709.16, 4155712.16 ], [ 283675.85, 4155687.76 ] ] ] } },
{ "type": "Feature", "properties": { "id": "imagery:groundcover_paved:3471", "name": null, "kind": "groundcover_paved", "sport": null, "surface": null, "pitch_layout": null, "source": "vgin_vbmp+naip+lidar2025", "source_updated": null, "base_z": null, "top_z": null }, "geometry": { "type": "MultiPolygon", "coordinates": [ [ [ [ 283519.98, 4155563.06 ], [ 283520.83, 4155562.82 ], [ 283522.93, 4155562.87 ], [ 283500.0, 4155545.65 ], [ 283500.0, 4155549.25 ], [ 283518.87, 4155563.8 ], [ 283519.98, 4155563.06 ] ] ], [ [ [ 283653.3, 4155500.0 ], [ 283675.64, 4155517.55 ], [ 283677.55, 4155515.24 ], [ 283675.06, 4155513.35 ], [ 283674.71, 4155513.2 ], [ 283674.2, 4155512.69 ], [ 283657.55, 4155500.0 ], [ 283653.3, 4155500.0 ] ] ], [ [ [ 283707.49, 4155520.82 ], [ 283708.4, 4155521.94 ], [ 283714.36, 4155525.94 ], [ 283716.14, 4155526.57 ], [ 283717.63, 4155526.3 ], [ 283719.03, 4155525.42 ], [ 283729.38, 4155511.22 ], [ 283730.17, 4155509.78 ], [ 283729.9, 4155508.19 ], [ 283729.24, 4155507.12 ], [ 283720.19, 4155500.57 ], [ 283714.09, 4155508.34 ], [ 283707.73, 4155517.81 ], [ 283707.31, 4155519.4 ], [ 283707.49, 4155520.82 ] ] ], [ [ [ 283702.21, 4155523.99 ], [ 283702.04, 4155523.76 ], [ 283701.89, 4155523.52 ], [ 283701.77, 4155523.26 ], [ 283701.67, 4155523.0 ], [ 283701.59, 4155522.72 ], [ 283701.54, 4155522.44 ], [ 283701.19, 4155519.58 ], [ 283701.16, 4155519.29 ], [ 283701.17, 4155519.0 ], [ 283701.2, 4155518.71 ], [ 283701.26, 4155518.43 ], [ 283701.95, 4155515.77 ], [ 283702.06, 4155515.44 ], [ 283702.2, 4155515.13 ], [ 283702.37, 4155514.84 ], [ 283707.4, 4155507.35 ], [ 283697.19, 4155500.35 ], [ 283688.2, 4155511.69 ], [ 283690.13, 4155513.63 ], [ 283692.53, 4155513.63 ], [ 283693.55, 4155514.05 ], [ 283695.71, 4155516.2 ], [ 283696.13, 4155517.22 ], [ 283696.13, 4155522.63 ], [ 283696.5, 4155522.63 ], [ 283698.34, 4155526.07 ], [ 283705.84, 4155527.57 ], [ 283704.62, 4155526.75 ], [ 283704.38, 4155526.57 ], [ 283704.16, 4155526.37 ], [ 283703.96, 4155526.15 ], [ 283702.21, 4155523.99 ] ] ], [ [ [ 283733.55, 4155502.73 ], [ 283733.77, 4155502.94 ], [ 283733.96, 4155503.17 ], [ 283734.13, 4155503.42 ], [ 283735.4, 4155505.51 ], [ 283735.54, 4155505.76 ], [ 283735.66, 4155506.02 ], [ 283735.74, 4155506.29 ], [ 283735.81, 4155506.57 ], [ 283736.37, 4155509.79 ], [ 283736.4, 4155510.08 ], [ 283736.41, 4155510.38 ], [ 283736.39, 4155510.67 ], [ 283736.34, 4155510.96 ], [ 283736.27, 4155511.25 ], [ 283736.16, 4155511.53 ], [ 283736.03, 4155511.79 ], [ 283734.62, 4155514.34 ], [ 283734.42, 4155514.65 ], [ 283723.62, 4155529.49 ], [ 283723.43, 4155529.72 ], [ 283723.23, 4155529.93 ], [ 283723.0, 4155530.12 ], [ 283722.76, 4155530.29 ], [ 283720.36, 4155531.78 ], [ 283720.11, 4155531.92 ], [ 283719.85, 4155532.04 ], [ 283719.57, 4155532.13 ], [ 283719.29, 4155532.19 ], [ 283716.43, 4155532.71 ], [ 283716.12, 4155532.75 ], [ 283715.8, 4155532.76 ], [ 283715.49, 4155532.74 ], [ 283715.18, 4155532.68 ], [ 283714.87, 4155532.59 ], [ 283711.96, 4155531.56 ], [ 283711.73, 4155531.47 ], [ 283711.5, 4155531.35 ], [ 283711.28, 4155531.22 ], [ 283710.9, 4155530.97 ], [ 283711.13, 4155531.61 ], [ 283711.13, 4155533.42 ], [ 283710.63, 4155534.51 ], [ 283709.97, 4155535.07 ], [ 283721.79, 4155543.93 ], [ 283739.26, 4155520.55 ], [ 283739.26, 4155520.54 ], [ 283746.84, 4155510.53 ], [ 283746.19, 4155510.3 ], [ 283744.05, 4155508.54 ], [ 283743.55, 4155507.7 ], [ 283742.01, 4155500.0 ], [ 283729.81, 4155500.0 ], [ 283733.31, 4155502.54 ], [ 283733.55, 4155502.73 ] ] ], [ [ [ 283646.73, 4155509.3 ], [ 283647.2, 4155509.45 ], [ 283647.65, 4155509.65 ], [ 283648.08, 4155509.89 ], [ 283648.48, 4155510.17 ], [ 283655.06, 4155515.28 ], [ 283655.43, 4155515.59 ], [ 283655.77, 4155515.95 ], [ 283656.07, 4155516.34 ], [ 283656.34, 4155516.75 ], [ 283656.56, 4155517.19 ], [ 283656.74, 4155517.65 ], [ 283656.87, 4155518.12 ], [ 283656.87, 4155518.13 ], [ 283661.88, 4155521.91 ], [ 283661.9, 4155521.91 ], [ 283662.33, 4155522.14 ], [ 283662.74, 4155522.41 ], [ 283669.01, 4155527.01 ], [ 283669.39, 4155527.32 ], [ 283669.74, 4155527.67 ], [ 283670.05, 4155528.04 ], [ 283670.06, 4155528.06 ], [ 283678.66, 4155534.54 ], [ 283688.59, 4155541.87 ], [ 283688.96, 4155541.84 ], [ 283689.45, 4155541.84 ], [ 283689.93, 4155541.89 ], [ 283690.41, 4155541.98 ], [ 283690.88, 4155542.12 ], [ 283691.33, 4155542.31 ], [ 283691.76, 4155542.54 ], [ 283692.16, 4155542.81 ], [ 283695.38, 4155545.19 ], [ 283698.96, 4155547.84 ], [ 283699.34, 4155548.15 ], [ 283699.69, 4155548.5 ], [ 283700.0, 4155548.88 ], [ 283700.28, 4155549.29 ], [ 283700.51, 4155549.72 ], [ 283700.7, 4155550.18 ], [ 283700.84, 4155550.65 ], [ 283700.9, 4155550.95 ], [ 283710.6, 4155558.12 ], [ 283711.13, 4155557.36 ], [ 283711.17, 4155557.32 ], [ 283711.2, 4155557.28 ], [ 283712.82, 4155555.21 ], [ 283672.77, 4155526.23 ], [ 283672.64, 4155526.13 ], [ 283639.38, 4155500.0 ], [ 283633.07, 4155500.0 ], [ 283640.24, 4155505.61 ], [ 283642.71, 4155507.47 ], [ 283642.97, 4155507.61 ], [ 283643.08, 4155507.75 ], [ 283644.95, 4155509.15 ], [ 283645.27, 4155509.13 ], [ 283645.76, 4155509.14 ], [ 283646.25, 4155509.19 ], [ 283646.73, 4155509.3 ] ] ], [ [ [ 283596.48, 4155514.27 ], [ 283596.25, 4155513.84 ], [ 283596.07, 4155513.38 ], [ 283595.93, 4155512.91 ], [ 283595.85, 4155512.43 ], [ 283595.84, 4155512.3 ], [ 283585.46, 4155525.72 ], [ 283585.25, 4155526.0 ], [ 283599.13, 4155536.5 ], [ 283600.13, 4155535.07 ], [ 283600.13, 4155533.6 ], [ 283600.31, 4155532.9 ], [ 283601.29, 4155531.06 ], [ 283601.78, 4155530.53 ], [ 283606.09, 4155527.66 ], [ 283606.54, 4155523.04 ], [ 283604.44, 4155520.93 ], [ 283604.35, 4155520.79 ], [ 283602.32, 4155519.22 ], [ 283597.77, 4155515.74 ], [ 283597.39, 4155515.42 ], [ 283597.05, 4155515.07 ], [ 283596.74, 4155514.68 ], [ 283596.48, 4155514.27 ] ] ], [ [ [ 283671.57, 4155562.19 ], [ 283671.29, 4155561.78 ], [ 283671.21, 4155561.63 ], [ 283659.29, 4155561.63 ], [ 283656.45, 4155563.68 ], [ 283654.96, 4155568.13 ], [ 283654.43, 4155568.85 ], [ 283652.35, 4155570.35 ], [ 283651.5, 4155570.63 ], [ 283648.13, 4155570.63 ], [ 283646.45, 4155572.3 ], [ 283662.98, 4155584.81 ], [ 283667.68, 4155578.51 ], [ 283671.65, 4155573.18 ], [ 283671.96, 4155572.81 ], [ 283672.31, 4155572.46 ], [ 283672.69, 4155572.15 ], [ 283673.1, 4155571.88 ], [ 283673.53, 4155571.65 ], [ 283673.98, 4155571.47 ], [ 283674.45, 4155571.32 ], [ 283674.93, 4155571.23 ], [ 283675.42, 4155571.18 ], [ 283675.91, 4155571.18 ], [ 283676.39, 4155571.23 ], [ 283676.87, 4155571.33 ], [ 283677.34, 4155571.47 ], [ 283677.79, 4155571.65 ], [ 283678.23, 4155571.88 ], [ 283678.63, 4155572.16 ], [ 283692.02, 4155582.06 ], [ 283692.37, 4155582.34 ], [ 283694.95, 4155578.92 ], [ 283694.93, 4155578.92 ], [ 283694.5, 4155578.69 ], [ 283694.1, 4155578.42 ], [ 283691.68, 4155576.63 ], [ 283691.67, 4155576.63 ], [ 283691.1, 4155576.51 ], [ 283689.53, 4155575.86 ], [ 283689.04, 4155575.54 ], [ 283686.39, 4155572.88 ], [ 283686.25, 4155572.86 ], [ 283685.78, 4155572.71 ], [ 283685.33, 4155572.53 ], [ 283684.9, 4155572.3 ], [ 283684.49, 4155572.02 ], [ 283678.64, 4155567.69 ], [ 283672.61, 4155563.23 ], [ 283672.23, 4155562.92 ], [ 283671.88, 4155562.57 ], [ 283671.57, 4155562.19 ] ] ], [ [ [ 283734.92, 4155576.77 ], [ 283744.98, 4155584.38 ], [ 283750.0, 4155588.16 ], [ 283750.0, 4155583.43 ], [ 283720.78, 4155561.63 ], [ 283718.64, 4155564.47 ], [ 283725.84, 4155569.91 ], [ 283726.04, 4155569.97 ], [ 283726.49, 4155570.16 ], [ 283726.93, 4155570.39 ], [ 283727.33, 4155570.66 ], [ 283733.55, 4155575.23 ], [ 283733.93, 4155575.54 ], [ 283734.28, 4155575.88 ], [ 283734.59, 4155576.26 ], [ 283734.86, 4155576.67 ], [ 283734.92, 4155576.77 ] ] ], [ [ [ 283612.55, 4155609.13 ], [ 283612.6, 4155608.64 ], [ 283612.69, 4155608.16 ], [ 283612.84, 4155607.69 ], [ 283613.03, 4155607.24 ], [ 283613.26, 4155606.81 ], [ 283613.53, 4155606.4 ], [ 283625.22, 4155590.75 ], [ 283625.19, 4155590.71 ], [ 283625.01, 4155590.25 ], [ 283624.86, 4155589.78 ], [ 283624.77, 4155589.3 ], [ 283624.72, 4155588.81 ], [ 283624.72, 4155588.32 ], [ 283624.77, 4155587.83 ], [ 283624.87, 4155587.35 ], [ 283625.01, 4155586.88 ], [ 283625.2, 4155586.42 ], [ 283625.44, 4155585.99 ], [ 283625.71, 4155585.58 ], [ 283625.79, 4155585.48 ], [ 283625.79, 4155585.39 ], [ 283625.84, 4155584.91 ], [ 283625.93, 4155584.42 ], [ 283626.08, 4155583.95 ], [ 283626.27, 4155583.5 ], [ 283626.5, 4155583.07 ], [ 283626.77, 4155582.66 ], [ 283631.82, 4155575.89 ], [ 283632.14, 4155575.51 ], [ 283632.49, 4155575.16 ], [ 283632.87, 4155574.85 ], [ 283633.27, 4155574.58 ], [ 283633.71, 4155574.35 ], [ 283634.16, 4155574.17 ], [ 283634.63, 4155574.02 ], [ 283635.11, 4155573.93 ], [ 283635.6, 4155573.88 ], [ 283636.09, 4155573.89 ], [ 283636.26, 4155573.9 ], [ 283636.41, 4155573.55 ], [ 283636.02, 4155572.06 ], [ 283633.3, 4155570.0 ], [ 283631.89, 4155569.97 ], [ 283631.35, 4155570.35 ], [ 283630.5, 4155570.63 ], [ 283630.45, 4155570.63 ], [ 283630.51, 4155570.84 ], [ 283630.6, 4155571.32 ], [ 283630.64, 4155571.81 ], [ 283630.64, 4155572.3 ], [ 283630.58, 4155572.79 ], [ 283630.48, 4155573.27 ], [ 283630.33, 4155573.73 ], [ 283630.14, 4155574.18 ], [ 283629.91, 4155574.61 ], [ 283629.63, 4155575.02 ], [ 283627.33, 4155578.05 ], [ 283627.01, 4155578.43 ], [ 283626.66, 4155578.77 ], [ 283626.28, 4155579.08 ], [ 283625.87, 4155579.35 ], [ 283625.43, 4155579.57 ], [ 283624.97, 4155579.76 ], [ 283624.5, 4155579.89 ], [ 283624.02, 4155579.98 ], [ 283623.53, 4155580.03 ], [ 283623.04, 4155580.02 ], [ 283622.55, 4155579.97 ], [ 283622.07, 4155579.87 ], [ 283621.61, 4155579.72 ], [ 283621.15, 4155579.53 ], [ 283620.72, 4155579.29 ], [ 283620.32, 4155579.01 ], [ 283606.46, 4155568.5 ], [ 283606.4, 4155568.44 ], [ 283605.89, 4155568.32 ], [ 283605.09, 4155567.8 ], [ 283603.44, 4155565.68 ], [ 283603.13, 4155564.78 ], [ 283603.13, 4155560.48 ], [ 283602.14, 4155558.88 ], [ 283602.08, 4155558.93 ], [ 283601.69, 4155559.23 ], [ 283601.27, 4155559.48 ], [ 283600.83, 4155559.7 ], [ 283600.37, 4155559.86 ], [ 283599.9, 4155559.99 ], [ 283599.41, 4155560.06 ], [ 283598.92, 4155560.09 ], [ 283598.43, 4155560.07 ], [ 283597.95, 4155560.01 ], [ 283597.47, 4155559.89 ], [ 283597.01, 4155559.73 ], [ 283596.56, 4155559.52 ], [ 283596.14, 4155559.28 ], [ 283595.51, 4155558.87 ], [ 283595.15, 4155559.59 ], [ 283594.6, 4155560.19 ], [ 283592.63, 4155561.41 ], [ 283591.86, 4155561.63 ], [ 283584.78, 4155561.63 ], [ 283581.8, 4155564.25 ], [ 283579.53, 4155582.45 ], [ 283579.05, 4155583.36 ], [ 283576.89, 4155585.26 ], [ 283576.35, 4155585.47 ], [ 283575.71, 4155585.2 ], [ 283573.55, 4155583.05 ], [ 283572.9, 4155581.48 ], [ 283570.13, 4155579.63 ], [ 283567.33, 4155579.63 ], [ 283566.37, 4155579.26 ], [ 283564.21, 4155577.36 ], [ 283563.73, 4155576.45 ], [ 283561.45, 4155558.19 ], [ 283561.58, 4155557.52 ], [ 283552.75, 4155569.2 ], [ 283553.27, 4155569.65 ], [ 283616.66, 4155617.15 ], [ 283615.55, 4155616.05 ], [ 283615.13, 4155615.03 ], [ 283615.13, 4155613.83 ], [ 283614.55, 4155613.4 ], [ 283614.17, 4155613.09 ], [ 283613.82, 4155612.74 ], [ 283613.51, 4155612.36 ], [ 283613.24, 4155611.95 ], [ 283613.01, 4155611.52 ], [ 283612.83, 4155611.06 ], [ 283612.69, 4155610.59 ], [ 283612.59, 4155610.11 ], [ 283612.55, 4155609.62 ], [ 283612.55, 4155609.13 ] ], [ [ 283588.68, 4155576.21 ], [ 283588.13, 4155575.09 ], [ 283588.13, 4155573.47 ], [ 283588.44, 4155572.57 ], [ 283590.09, 4155570.45 ], [ 283590.89, 4155569.94 ], [ 283595.73, 4155568.73 ], [ 283596.95, 4155568.98 ], [ 283599.59, 4155571.04 ], [ 283600.13, 4155572.16 ], [ 283600.13, 4155573.78 ], [ 283599.82, 4155574.68 ], [ 283598.17, 4155576.8 ], [ 283597.37, 4155577.32 ], [ 283592.53, 4155578.53 ], [ 283591.31, 4155578.27 ], [ 283588.68, 4155576.21 ] ] ], [ [ [ 283530.61, 4155596.32 ], [ 283531.08, 4155597.16 ], [ 283530.71, 4155598.05 ], [ 283528.75, 4155600.01 ], [ 283528.2, 4155603.5 ], [ 283531.37, 4155605.09 ], [ 283535.99, 4155604.32 ], [ 283537.14, 4155604.64 ], [ 283539.63, 4155606.74 ], [ 283540.41, 4155608.43 ], [ 283540.72, 4155608.28 ], [ 283542.18, 4155610.31 ], [ 283546.63, 4155611.79 ], [ 283547.36, 4155612.32 ], [ 283548.86, 4155614.4 ], [ 283549.13, 4155615.26 ], [ 283549.13, 4155615.27 ], [ 283552.46, 4155618.26 ], [ 283563.81, 4155616.99 ], [ 283565.26, 4155615.08 ], [ 283565.58, 4155614.7 ], [ 283565.93, 4155614.36 ], [ 283566.31, 4155614.05 ], [ 283566.72, 4155613.78 ], [ 283567.16, 4155613.56 ], [ 283567.61, 4155613.38 ], [ 283568.09, 4155613.24 ], [ 283568.34, 4155613.19 ], [ 283568.86, 4155612.5 ], [ 283569.18, 4155612.13 ], [ 283569.53, 4155611.78 ], [ 283569.91, 4155611.47 ], [ 283570.32, 4155611.21 ], [ 283570.76, 4155610.98 ], [ 283571.21, 4155610.8 ], [ 283571.69, 4155610.66 ], [ 283572.17, 4155610.57 ], [ 283572.66, 4155610.52 ], [ 283573.15, 4155610.53 ], [ 283573.64, 4155610.58 ], [ 283574.12, 4155610.68 ], [ 283574.59, 4155610.83 ], [ 283575.04, 4155611.02 ], [ 283575.47, 4155611.26 ], [ 283575.87, 4155611.54 ], [ 283582.05, 4155616.23 ], [ 283582.43, 4155616.55 ], [ 283582.77, 4155616.9 ], [ 283583.08, 4155617.28 ], [ 283583.35, 4155617.69 ], [ 283583.57, 4155618.13 ], [ 283583.76, 4155618.58 ], [ 283583.79, 4155618.71 ], [ 283583.84, 4155618.7 ], [ 283584.16, 4155618.71 ], [ 283583.68, 4155617.26 ], [ 283583.87, 4155615.99 ], [ 283585.87, 4155613.21 ], [ 283587.02, 4155612.63 ], [ 283588.29, 4155612.63 ], [ 283588.9, 4155612.84 ], [ 283543.98, 4155578.71 ], [ 283543.29, 4155579.63 ], [ 283544.18, 4155579.93 ], [ 283546.3, 4155581.59 ], [ 283546.82, 4155582.38 ], [ 283548.03, 4155587.23 ], [ 283547.77, 4155588.44 ], [ 283545.72, 4155591.08 ], [ 283544.6, 4155591.63 ], [ 283540.73, 4155591.63 ], [ 283539.71, 4155591.2 ], [ 283537.55, 4155589.05 ], [ 283537.13, 4155588.03 ], [ 283537.13, 4155587.73 ], [ 283530.61, 4155596.32 ] ], [ [ 283568.36, 4155597.32 ], [ 283569.86, 4155599.4 ], [ 283570.13, 4155600.26 ], [ 283570.13, 4155603.03 ], [ 283569.71, 4155604.05 ], [ 283567.55, 4155606.2 ], [ 283565.98, 4155606.85 ], [ 283566.0, 4155606.88 ], [ 283564.5, 4155607.5 ], [ 283564.13, 4155607.87 ], [ 283564.64, 4155608.37 ], [ 283563.55, 4155608.54 ], [ 283563.51, 4155608.61 ], [ 283560.64, 4155610.56 ], [ 283559.32, 4155610.7 ], [ 283551.94, 4155607.75 ], [ 283551.2, 4155607.09 ], [ 283549.87, 4155604.64 ], [ 283549.72, 4155603.66 ], [ 283551.34, 4155595.59 ], [ 283552.02, 4155594.63 ], [ 283554.8, 4155593.02 ], [ 283555.97, 4155592.9 ], [ 283567.63, 4155596.79 ], [ 283568.36, 4155597.32 ] ] ], [ [ [ 283724.28, 4155607.03 ], [ 283724.38, 4155607.51 ], [ 283724.43, 4155607.99 ], [ 283724.43, 4155608.47 ], [ 283724.39, 4155608.95 ], [ 283724.3, 4155609.42 ], [ 283724.17, 4155609.88 ], [ 283723.99, 4155610.33 ], [ 283723.77, 4155610.76 ], [ 283723.51, 4155611.16 ], [ 283721.69, 4155613.71 ], [ 283722.39, 4155614.63 ], [ 283722.61, 4155615.06 ], [ 283723.05, 4155616.4 ], [ 283723.13, 4155616.87 ], [ 283723.13, 4155618.03 ], [ 283722.71, 4155619.05 ], [ 283720.55, 4155621.2 ], [ 283718.98, 4155621.85 ], [ 283717.13, 4155624.63 ], [ 283717.13, 4155625.62 ], [ 283722.25, 4155629.47 ], [ 283747.57, 4155595.84 ], [ 283748.85, 4155591.8 ], [ 283748.43, 4155591.48 ], [ 283742.82, 4155587.25 ], [ 283742.81, 4155587.25 ], [ 283741.89, 4155586.55 ], [ 283741.76, 4155586.97 ], [ 283741.58, 4155587.43 ], [ 283741.35, 4155587.86 ], [ 283741.08, 4155588.27 ], [ 283736.7, 4155594.21 ], [ 283735.64, 4155600.59 ], [ 283735.14, 4155601.46 ], [ 283733.0, 4155603.28 ], [ 283732.06, 4155603.63 ], [ 283721.6, 4155603.63 ], [ 283722.46, 4155604.28 ], [ 283722.83, 4155604.59 ], [ 283723.16, 4155604.93 ], [ 283723.47, 4155605.3 ], [ 283723.73, 4155605.7 ], [ 283723.96, 4155606.13 ], [ 283724.14, 4155606.57 ], [ 283724.28, 4155607.03 ] ] ], [ [ [ 283583.82, 4155680.66 ], [ 283583.66, 4155680.43 ], [ 283574.08, 4155664.97 ], [ 283573.94, 4155664.72 ], [ 283573.83, 4155664.46 ], [ 283573.74, 4155664.19 ], [ 283573.67, 4155663.92 ], [ 283573.63, 4155663.63 ], [ 283573.14, 4155658.17 ], [ 283573.12, 4155657.89 ], [ 283573.14, 4155657.6 ], [ 283573.18, 4155657.32 ], [ 283573.25, 4155657.04 ], [ 283573.34, 4155656.78 ], [ 283573.45, 4155656.52 ], [ 283573.6, 4155656.27 ], [ 283573.76, 4155656.03 ], [ 283576.57, 4155652.39 ], [ 283582.86, 4155644.25 ], [ 283582.52, 4155644.38 ], [ 283582.05, 4155644.51 ], [ 283581.56, 4155644.59 ], [ 283581.07, 4155644.63 ], [ 283580.58, 4155644.61 ], [ 283580.1, 4155644.55 ], [ 283579.62, 4155644.44 ], [ 283579.15, 4155644.29 ], [ 283579.13, 4155644.28 ], [ 283579.13, 4155648.03 ], [ 283578.71, 4155649.05 ], [ 283576.55, 4155651.2 ], [ 283574.98, 4155651.85 ], [ 283573.36, 4155653.48 ], [ 283572.71, 4155655.05 ], [ 283570.55, 4155657.2 ], [ 283569.53, 4155657.63 ], [ 283568.1, 4155657.63 ], [ 283568.05, 4155657.71 ], [ 283565.54, 4155661.37 ], [ 283565.25, 4155661.76 ], [ 283564.91, 4155662.12 ], [ 283564.54, 4155662.44 ], [ 283564.14, 4155662.73 ], [ 283563.72, 4155662.98 ], [ 283563.27, 4155663.18 ], [ 283562.81, 4155663.34 ], [ 283562.33, 4155663.45 ], [ 283561.84, 4155663.52 ], [ 283561.35, 4155663.54 ], [ 283560.86, 4155663.51 ], [ 283560.38, 4155663.43 ], [ 283559.9, 4155663.3 ], [ 283559.44, 4155663.13 ], [ 283559.0, 4155662.91 ], [ 283558.58, 4155662.65 ], [ 283555.77, 4155660.72 ], [ 283555.38, 4155660.42 ], [ 283555.03, 4155660.09 ], [ 283554.7, 4155659.72 ], [ 283554.41, 4155659.32 ], [ 283554.17, 4155658.9 ], [ 283553.97, 4155658.45 ], [ 283553.81, 4155657.99 ], [ 283553.72, 4155657.63 ], [ 283552.13, 4155657.63 ], [ 283549.99, 4155659.76 ], [ 283551.64, 4155661.01 ], [ 283552.01, 4155661.33 ], [ 283552.35, 4155661.68 ], [ 283552.66, 4155662.06 ], [ 283552.92, 4155662.47 ], [ 283553.15, 4155662.9 ], [ 283553.33, 4155663.36 ], [ 283553.47, 4155663.83 ], [ 283553.56, 4155664.31 ], [ 283553.6, 4155664.79 ], [ 283553.6, 4155665.28 ], [ 283553.54, 4155665.77 ], [ 283553.44, 4155666.25 ], [ 283553.3, 4155666.71 ], [ 283553.11, 4155667.16 ], [ 283552.87, 4155667.59 ], [ 283552.6, 4155668.0 ], [ 283551.7, 4155669.19 ], [ 283552.13, 4155669.63 ], [ 283562.93, 4155669.63 ], [ 283564.02, 4155670.13 ], [ 283566.12, 4155672.61 ], [ 283566.44, 4155673.77 ], [ 283564.53, 4155685.24 ], [ 283564.58, 4155685.21 ], [ 283564.65, 4155685.17 ], [ 283564.73, 4155685.13 ], [ 283564.79, 4155685.1 ], [ 283564.84, 4155685.07 ], [ 283564.92, 4155685.04 ], [ 283565.0, 4155685.01 ], [ 283565.06, 4155684.99 ], [ 283565.12, 4155684.96 ], [ 283565.21, 4155684.94 ], [ 283565.29, 4155684.91 ], [ 283565.35, 4155684.9 ], [ 283565.41, 4155684.88 ], [ 283565.5, 4155684.87 ], [ 283565.58, 4155684.85 ], [ 283565.64, 4155684.84 ], [ 283565.7, 4155684.83 ], [ 283565.79, 4155684.82 ], [ 283565.88, 4155684.81 ], [ 283565.94, 4155684.81 ], [ 283566.0, 4155684.8 ], [ 283566.09, 4155684.81 ], [ 283566.18, 4155684.8 ], [ 283566.24, 4155684.81 ], [ 283566.3, 4155684.81 ], [ 283566.39, 4155684.82 ], [ 283566.47, 4155684.83 ], [ 283566.54, 4155684.84 ], [ 283566.6, 4155684.84 ], [ 283566.68, 4155684.86 ], [ 283566.77, 4155684.88 ], [ 283566.83, 4155684.89 ], [ 283566.89, 4155684.91 ], [ 283566.97, 4155684.93 ], [ 283567.06, 4155684.96 ], [ 283567.12, 4155684.98 ], [ 283567.18, 4155685.0 ], [ 283567.26, 4155685.03 ], [ 283567.34, 4155685.06 ], [ 283567.39, 4155685.09 ], [ 283567.45, 4155685.12 ], [ 283567.53, 4155685.16 ], [ 283567.6, 4155685.2 ], [ 283567.66, 4155685.23 ], [ 283567.71, 4155685.26 ], [ 283567.78, 4155685.31 ], [ 283567.86, 4155685.36 ], [ 283595.17, 4155704.59 ], [ 283596.71, 4155703.05 ], [ 283597.73, 4155702.63 ], [ 283600.29, 4155702.63 ], [ 283601.18, 4155702.93 ], [ 283601.26, 4155703.0 ], [ 283605.56, 4155697.24 ], [ 283600.69, 4155693.63 ], [ 283600.66, 4155693.61 ], [ 283586.2, 4155682.63 ], [ 283586.2, 4155682.62 ], [ 283584.4, 4155681.24 ], [ 283584.19, 4155681.07 ], [ 283583.99, 4155680.87 ], [ 283583.82, 4155680.66 ] ] ], [ [ [ 283540.97, 4155686.23 ], [ 283541.01, 4155686.72 ], [ 283541.0, 4155687.21 ], [ 283540.95, 4155687.69 ], [ 283540.85, 4155688.17 ], [ 283540.7, 4155688.64 ], [ 283540.51, 4155689.09 ], [ 283540.27, 4155689.52 ], [ 283539.99, 4155689.92 ], [ 283532.85, 4155699.29 ], [ 283532.53, 4155699.67 ], [ 283532.18, 4155700.01 ], [ 283531.8, 4155700.32 ], [ 283531.39, 4155700.58 ], [ 283530.95, 4155700.81 ], [ 283530.5, 4155700.99 ], [ 283530.02, 4155701.13 ], [ 283529.54, 4155701.22 ], [ 283529.5, 4155701.25 ], [ 283528.63, 4155703.24 ], [ 283528.55, 4155704.95 ], [ 283527.29, 4155706.98 ], [ 283540.24, 4155716.54 ], [ 283542.45, 4155713.67 ], [ 283553.22, 4155699.63 ], [ 283549.73, 4155699.63 ], [ 283548.71, 4155699.2 ], [ 283546.55, 4155697.05 ], [ 283546.13, 4155696.03 ], [ 283546.13, 4155683.48 ], [ 283544.47, 4155680.8 ], [ 283543.64, 4155680.38 ], [ 283543.05, 4155680.67 ], [ 283540.3, 4155684.32 ], [ 283540.34, 4155684.38 ], [ 283540.56, 4155684.82 ], [ 283540.75, 4155685.28 ], [ 283540.88, 4155685.75 ], [ 283540.97, 4155686.23 ] ] ], [ [ [ 283588.12, 4155710.79 ], [ 283590.27, 4155708.97 ], [ 283590.62, 4155708.84 ], [ 283566.74, 4155692.03 ], [ 283557.04, 4155704.67 ], [ 283564.27, 4155701.06 ], [ 283565.29, 4155700.95 ], [ 283568.07, 4155701.69 ], [ 283568.9, 4155702.29 ], [ 283572.5, 4155707.69 ], [ 283572.69, 4155708.08 ], [ 283573.07, 4155709.32 ], [ 283573.13, 4155709.75 ], [ 283573.13, 4155721.28 ], [ 283575.4, 4155724.19 ], [ 283581.98, 4155725.84 ], [ 283585.67, 4155723.42 ], [ 283587.63, 4155711.66 ], [ 283588.12, 4155710.79 ] ] ], [ [ [ 283633.52, 4155733.13 ], [ 283633.27, 4155733.3 ], [ 283633.0, 4155733.44 ], [ 283632.73, 4155733.56 ], [ 283632.44, 4155733.64 ], [ 283632.15, 4155733.7 ], [ 283631.85, 4155733.73 ], [ 283631.55, 4155733.73 ], [ 283631.25, 4155733.7 ], [ 283630.96, 4155733.64 ], [ 283630.67, 4155733.56 ], [ 283630.4, 4155733.44 ], [ 283630.13, 4155733.3 ], [ 283629.88, 4155733.13 ], [ 283629.65, 4155732.94 ], [ 283629.44, 4155732.73 ], [ 283629.25, 4155732.5 ], [ 283629.09, 4155732.25 ], [ 283628.94, 4155731.99 ], [ 283628.83, 4155731.71 ], [ 283628.74, 4155731.42 ], [ 283628.68, 4155731.13 ], [ 283628.66, 4155730.83 ], [ 283628.66, 4155730.53 ], [ 283628.69, 4155730.24 ], [ 283628.74, 4155729.94 ], [ 283628.83, 4155729.66 ], [ 283628.95, 4155729.38 ], [ 283629.09, 4155729.12 ], [ 283629.25, 4155728.87 ], [ 283634.15, 4155722.27 ], [ 283631.97, 4155720.68 ], [ 283631.99, 4155721.02 ], [ 283631.98, 4155721.51 ], [ 283631.92, 4155722.0 ], [ 283631.81, 4155722.48 ], [ 283631.66, 4155722.95 ], [ 283631.46, 4155723.4 ], [ 283631.22, 4155723.82 ], [ 283630.93, 4155724.23 ], [ 283627.95, 4155728.04 ], [ 283624.96, 4155731.9 ], [ 283624.64, 4155732.28 ], [ 283624.28, 4155732.62 ], [ 283623.89, 4155732.93 ], [ 283623.66, 4155733.07 ], [ 283635.76, 4155741.93 ], [ 283645.23, 4155728.89 ], [ 283645.35, 4155728.98 ], [ 283647.96, 4155725.45 ], [ 283647.96, 4155725.44 ], [ 283647.5, 4155725.29 ], [ 283647.05, 4155725.09 ], [ 283646.62, 4155724.85 ], [ 283646.23, 4155724.56 ], [ 283641.34, 4155720.72 ], [ 283641.38, 4155720.87 ], [ 283641.44, 4155721.17 ], [ 283641.47, 4155721.47 ], [ 283641.47, 4155721.77 ], [ 283641.44, 4155722.07 ], [ 283641.39, 4155722.36 ], [ 283641.3, 4155722.65 ], [ 283641.18, 4155722.93 ], [ 283641.04, 4155723.19 ], [ 283640.88, 4155723.44 ], [ 283634.15, 4155732.5 ], [ 283633.96, 4155732.73 ], [ 283633.75, 4155732.95 ], [ 283633.52, 4155733.13 ] ] ], [ [ [ 283632.91, 4155750.0 ], [ 283636.52, 4155750.0 ], [ 283634.19, 4155748.32 ], [ 283632.91, 4155750.0 ] ] ], [ [ [ 283734.47, 4155741.63 ], [ 283731.56, 4155743.9 ], [ 283730.04, 4155750.0 ], [ 283750.0, 4155750.0 ], [ 283750.0, 4155743.35 ], [ 283747.79, 4155741.63 ], [ 283734.47, 4155741.63 ] ] ], [ [ [ 283541.95, 4155737.15 ], [ 283531.8, 4155750.0 ], [ 283533.96, 4155750.0 ], [ 283543.03, 4155737.93 ], [ 283541.95, 4155737.15 ] ] ], [ [ [ 283733.03, 4155637.57 ], [ 283750.0, 4155614.86 ], [ 283750.0, 4155602.75 ], [ 283727.12, 4155633.13 ], [ 283733.03, 4155637.57 ] ] ], [ [ [ 283743.95, 4155641.69 ], [ 283743.72, 4155641.26 ], [ 283743.54, 4155640.8 ], [ 283743.4, 4155640.33 ], [ 283743.31, 4155639.85 ], [ 283743.26, 4155639.36 ], [ 283743.27, 4155638.87 ], [ 283743.32, 4155638.38 ], [ 283743.42, 4155637.9 ], [ 283743.57, 4155637.43 ], [ 283743.76, 4155636.98 ], [ 283743.99, 4155636.55 ], [ 283744.27, 4155636.15 ], [ 283750.0, 4155628.55 ], [ 283750.0, 4155625.05 ], [ 283737.91, 4155641.24 ], [ 283742.44, 4155644.64 ], [ 283742.81, 4155644.8 ], [ 283743.24, 4155645.03 ], [ 283743.65, 4155645.3 ], [ 283749.27, 4155649.47 ], [ 283748.65, 4155645.72 ], [ 283745.25, 4155643.15 ], [ 283744.87, 4155642.83 ], [ 283744.53, 4155642.48 ], [ 283744.22, 4155642.1 ], [ 283743.95, 4155641.69 ] ] ] ] } },
{ "type": "Feature", "properties": { "id": "richmond_structure:415113", "name": null, "kind": "deck", "sport": null, "surface": null, "pitch_layout": null, "source": "richmond_structures", "source_updated": "2026-09-08T12:07:13.637000Z", "base_z": null, "top_z": null }, "geometry": { "type": "Polygon", "coordinates": [ [ [ 283712.89, 4155733.65 ], [ 283714.35, 4155731.75 ], [ 283713.43, 4155731.04 ], [ 283715.27, 4155728.65 ], [ 283713.87, 4155727.59 ], [ 283713.4, 4155727.56 ], [ 283710.28, 4155731.67 ], [ 283712.89, 4155733.65 ] ] ] } },
{ "type": "Feature", "properties": { "id": "richmond_structure:415112", "name": null, "kind": "deck", "sport": null, "surface": null, "pitch_layout": null, "source": "richmond_structures", "source_updated": "2026-09-08T12:07:13.637000Z", "base_z": null, "top_z": null }, "geometry": { "type": "Polygon", "coordinates": [ [ [ 283727.84, 4155737.77 ], [ 283726.04, 4155740.12 ], [ 283725.3, 4155739.55 ], [ 283723.64, 4155741.73 ], [ 283725.39, 4155743.06 ], [ 283728.54, 4155738.91 ], [ 283728.54, 4155738.29 ], [ 283727.84, 4155737.77 ] ] ] } },
{ "type": "Feature", "properties": { "id": "imagery:groundcover_lawn:3016", "name": null, "kind": "groundcover_lawn", "sport": null, "surface": null, "pitch_layout": null, "source": "vgin_vbmp+naip+lidar2025", "source_updated": null, "base_z": null, "top_z": null }, "geometry": { "type": "MultiPolygon", "coordinates": [ [ [ [ 283739.52, 4155740.15 ], [ 283741.89, 4155737.72 ], [ 283740.48, 4155734.63 ], [ 283737.42, 4155732.8 ], [ 283737.33, 4155732.81 ], [ 283737.15, 4155732.81 ], [ 283736.98, 4155732.79 ], [ 283736.8, 4155732.76 ], [ 283736.64, 4155732.71 ], [ 283736.47, 4155732.64 ], [ 283736.32, 4155732.56 ], [ 283736.17, 4155732.46 ], [ 283734.89, 4155731.53 ], [ 283730.82, 4155732.9 ], [ 283730.82, 4155732.92 ], [ 283730.84, 4155732.94 ], [ 283730.91, 4155733.01 ], [ 283730.96, 4155733.09 ], [ 283731.01, 4155733.18 ], [ 283731.06, 4155733.26 ], [ 283731.09, 4155733.36 ], [ 283731.11, 4155733.45 ], [ 283731.12, 4155733.55 ], [ 283731.13, 4155733.65 ], [ 283731.12, 4155733.74 ], [ 283731.11, 4155733.84 ], [ 283731.08, 4155733.94 ], [ 283731.05, 4155734.03 ], [ 283731.01, 4155734.12 ], [ 283730.96, 4155734.2 ], [ 283730.9, 4155734.28 ], [ 283729.68, 4155735.74 ], [ 283728.58, 4155738.5 ], [ 283729.69, 4155742.1 ], [ 283733.44, 4155741.78 ], [ 283733.68, 4155741.55 ], [ 283734.41, 4155741.17 ], [ 283739.52, 4155740.15 ] ] ], [ [ [ 283726.67, 4155742.58 ], [ 283724.2, 4155743.98 ], [ 283723.24, 4155744.14 ], [ 283722.78, 4155744.07 ], [ 283721.31, 4155745.84 ], [ 283721.25, 4155745.91 ], [ 283721.18, 4155745.98 ], [ 283721.1, 4155746.04 ], [ 283721.02, 4155746.08 ], [ 283720.93, 4155746.13 ], [ 283720.84, 4155746.16 ], [ 283720.75, 4155746.18 ], [ 283720.66, 4155746.2 ], [ 283720.56, 4155746.21 ], [ 283720.47, 4155746.2 ], [ 283720.37, 4155746.19 ], [ 283720.28, 4155746.17 ], [ 283720.19, 4155746.14 ], [ 283720.1, 4155746.1 ], [ 283720.02, 4155746.06 ], [ 283719.94, 4155746.0 ], [ 283715.87, 4155742.92 ], [ 283711.62, 4155742.21 ], [ 283708.13, 4155745.17 ], [ 283708.13, 4155746.59 ], [ 283712.56, 4155750.0 ], [ 283730.04, 4155750.0 ], [ 283731.06, 4155745.92 ], [ 283726.67, 4155742.58 ] ] ] ] } }
]
}
