{
"type": "FeatureCollection",
"name": "landuse",
"crs": { "type": "name", "properties": { "name": "urn:ogc:def:crs:EPSG::32618" } },
"xy_coordinate_resolution": 0.01,
"features": [
{ "type": "Feature", "properties": { "id": "imagery:groundcover_paved:2792", "name": null, "kind": "groundcover_paved", "sport": null, "surface": null, "pitch_layout": null, "source": "vgin_vbmp+naip+lidar2025", "source_updated": null, "base_z": null, "top_z": null }, "geometry": { "type": "MultiPolygon", "coordinates": [ [ [ [ 280795.21, 4160250.0 ], [ 280792.47, 4160250.0 ], [ 280793.35, 4160251.27 ], [ 280795.21, 4160250.0 ] ] ], [ [ [ 280933.14, 4160253.63 ], [ 280929.29, 4160253.63 ], [ 280926.45, 4160255.68 ], [ 280924.72, 4160260.87 ], [ 280925.01, 4160262.1 ], [ 280925.29, 4160262.2 ], [ 280925.74, 4160262.4 ], [ 280926.16, 4160262.65 ], [ 280926.56, 4160262.94 ], [ 280926.92, 4160263.26 ], [ 280927.26, 4160263.62 ], [ 280927.55, 4160264.01 ], [ 280930.44, 4160268.24 ], [ 280931.37, 4160268.63 ], [ 280938.5, 4160268.63 ], [ 280933.14, 4160253.63 ] ] ], [ [ [ 280782.43, 4160263.24 ], [ 280781.81, 4160263.26 ], [ 280750.0, 4160285.01 ], [ 280750.0, 4160288.19 ], [ 280783.65, 4160265.08 ], [ 280782.43, 4160263.24 ] ] ], [ [ [ 280764.09, 4160406.8 ], [ 280762.44, 4160404.68 ], [ 280762.13, 4160403.78 ], [ 280762.13, 4160394.63 ], [ 280759.13, 4160391.63 ], [ 280750.0, 4160391.63 ], [ 280750.0, 4160395.11 ], [ 280762.85, 4160409.2 ], [ 280764.92, 4160407.32 ], [ 280764.89, 4160407.32 ], [ 280764.09, 4160406.8 ] ] ], [ [ [ 280766.95, 4160413.71 ], [ 280792.13, 4160441.43 ], [ 280792.13, 4160433.68 ], [ 280770.83, 4160410.2 ], [ 280766.95, 4160413.71 ] ] ], [ [ [ 280804.62, 4160464.24 ], [ 280760.39, 4160415.55 ], [ 280750.0, 4160404.17 ], [ 280750.0, 4160420.3 ], [ 280796.79, 4160471.71 ], [ 280804.62, 4160464.24 ] ] ], [ [ [ 280783.48, 4160475.02 ], [ 280783.95, 4160475.16 ], [ 280784.4, 4160475.35 ], [ 280784.83, 4160475.58 ], [ 280785.24, 4160475.85 ], [ 280785.62, 4160476.16 ], [ 280785.96, 4160476.51 ], [ 280788.65, 4160479.47 ], [ 280792.37, 4160475.92 ], [ 280750.0, 4160429.36 ], [ 280750.0, 4160444.57 ], [ 280778.73, 4160476.32 ], [ 280778.91, 4160476.15 ], [ 280779.29, 4160475.84 ], [ 280779.7, 4160475.57 ], [ 280780.13, 4160475.34 ], [ 280780.58, 4160475.16 ], [ 280781.05, 4160475.02 ], [ 280781.53, 4160474.92 ], [ 280782.02, 4160474.87 ], [ 280782.51, 4160474.87 ], [ 280783.0, 4160474.92 ], [ 280783.48, 4160475.02 ] ] ], [ [ [ 280768.24, 4160487.75 ], [ 280768.29, 4160487.26 ], [ 280768.39, 4160486.78 ], [ 280768.53, 4160486.31 ], [ 280768.72, 4160485.86 ], [ 280768.95, 4160485.42 ], [ 280769.23, 4160485.01 ], [ 280769.54, 4160484.63 ], [ 280769.89, 4160484.29 ], [ 280774.2, 4160480.41 ], [ 280750.0, 4160453.66 ], [ 280750.0, 4160475.22 ], [ 280767.12, 4160499.38 ], [ 280772.35, 4160494.46 ], [ 280769.54, 4160491.36 ], [ 280769.22, 4160490.98 ], [ 280768.95, 4160490.57 ], [ 280768.72, 4160490.14 ], [ 280768.53, 4160489.69 ], [ 280768.39, 4160489.21 ], [ 280768.29, 4160488.73 ], [ 280768.24, 4160488.24 ], [ 280768.24, 4160487.75 ] ] ], [ [ [ 280760.09, 4160500.0 ], [ 280750.0, 4160485.77 ], [ 280750.0, 4160496.07 ], [ 280752.02, 4160500.0 ], [ 280760.09, 4160500.0 ] ] ] ] } },
{ "type": "Feature", "properties": { "id": "richmond_structure:409558", "name": null, "kind": "deck", "sport": null, "surface": null, "pitch_layout": null, "source": "richmond_structures", "source_updated": "2026-09-08T12:07:13.637000Z", "base_z": null, "top_z": null }, "geometry": { "type": "Polygon", "coordinates": [ [ [ 280936.4, 4160269.26 ], [ 280934.54, 4160266.89 ], [ 280933.43, 4160264.39 ], [ 280932.33, 4160263.76 ], [ 280930.64, 4160264.25 ], [ 280927.06, 4160259.14 ], [ 280923.96, 4160256.41 ], [ 280921.67, 4160255.34 ], [ 280920.15, 4160255.26 ], [ 280919.24, 4160255.88 ], [ 280918.47, 4160257.87 ], [ 280914.37, 4160260.77 ], [ 280915.08, 4160262.69 ], [ 280914.09, 4160263.45 ], [ 280915.62, 4160265.57 ], [ 280915.33, 4160266.36 ], [ 280915.53, 4160267.77 ], [ 280915.95, 4160269.06 ], [ 280917.29, 4160270.91 ], [ 280919.89, 4160269.11 ], [ 280917.32, 4160265.35 ], [ 280918.31, 4160264.67 ], [ 280917.28, 4160263.16 ], [ 280920.45, 4160260.99 ], [ 280921.51, 4160262.53 ], [ 280924.34, 4160262.69 ], [ 280927.81, 4160267.76 ], [ 280926.94, 4160268.36 ], [ 280928.25, 4160269.55 ], [ 280930.43, 4160271.04 ], [ 280932.42, 4160271.63 ], [ 280934.26, 4160273.54 ], [ 280935.63, 4160273.86 ], [ 280937.02, 4160273.0 ], [ 280937.06, 4160270.86 ], [ 280936.4, 4160269.26 ] ] ] } },
{ "type": "Feature", "properties": { "id": "imagery:groundcover_lawn:399", "name": null, "kind": "groundcover_lawn", "sport": null, "surface": null, "pitch_layout": null, "source": "vgin_vbmp+naip+lidar2025", "source_updated": null, "base_z": null, "top_z": null }, "geometry": { "type": "MultiPolygon", "coordinates": [ [ [ [ 280993.13, 4160264.34 ], [ 280970.58, 4160271.39 ], [ 280975.91, 4160273.67 ], [ 280976.56, 4160274.21 ], [ 280976.8, 4160274.58 ], [ 280993.13, 4160269.46 ], [ 280993.13, 4160264.34 ] ] ], [ [ [ 280994.29, 4160278.19 ], [ 280994.25, 4160278.12 ], [ 280978.13, 4160283.18 ], [ 280978.13, 4160288.16 ], [ 280987.9, 4160285.21 ], [ 280999.07, 4160281.59 ], [ 280994.78, 4160278.72 ], [ 280994.29, 4160278.19 ] ] ] ] } },
{ "type": "Feature", "properties": { "id": "richmond_structure:274466", "name": null, "kind": "deck", "sport": null, "surface": null, "pitch_layout": null, "source": "richmond_structures", "source_updated": "2026-09-08T12:07:13.637000Z", "base_z": null, "top_z": null }, "geometry": { "type": "Polygon", "coordinates": [ [ [ 280998.17, 4160319.96 ], [ 280995.35, 4160312.92 ], [ 280990.56, 4160314.4 ], [ 280993.22, 4160321.65 ], [ 280998.17, 4160319.96 ] ] ] } },
{ "type": "Feature", "properties": { "id": "imagery:groundcover_lawn:367", "name": null, "kind": "groundcover_lawn", "sport": null, "surface": null, "pitch_layout": null, "source": "vgin_vbmp+naip+lidar2025", "source_updated": null, "base_z": null, "top_z": null }, "geometry": { "type": "Polygon", "coordinates": [ [ [ 280991.02, 4160322.24 ], [ 280991.03, 4160322.34 ], [ 280991.04, 4160322.44 ], [ 280991.03, 4160322.54 ], [ 280991.02, 4160322.63 ], [ 280991.0, 4160322.73 ], [ 280990.96, 4160322.82 ], [ 280990.92, 4160322.91 ], [ 280990.87, 4160322.99 ], [ 280990.81, 4160323.07 ], [ 280990.75, 4160323.15 ], [ 280990.67, 4160323.21 ], [ 280990.59, 4160323.27 ], [ 280990.51, 4160323.32 ], [ 280990.42, 4160323.36 ], [ 280987.13, 4160324.72 ], [ 280987.13, 4160327.31 ], [ 280988.93, 4160330.42 ], [ 280990.13, 4160331.63 ], [ 280993.13, 4160331.63 ], [ 280996.13, 4160328.63 ], [ 280996.13, 4160325.61 ], [ 280996.46, 4160324.68 ], [ 280998.21, 4160322.55 ], [ 280999.05, 4160322.04 ], [ 281000.0, 4160321.85 ], [ 281000.0, 4160307.65 ], [ 280999.97, 4160307.63 ], [ 280999.13, 4160307.63 ], [ 280996.55, 4160310.2 ], [ 280996.55, 4160310.21 ], [ 280996.52, 4160310.31 ], [ 280996.48, 4160310.4 ], [ 280996.43, 4160310.48 ], [ 280996.37, 4160310.56 ], [ 280996.31, 4160310.63 ], [ 280996.24, 4160310.7 ], [ 280996.16, 4160310.76 ], [ 280996.13, 4160310.78 ], [ 280996.13, 4160313.03 ], [ 280995.71, 4160314.05 ], [ 280993.55, 4160316.2 ], [ 280992.53, 4160316.63 ], [ 280990.13, 4160316.63 ], [ 280989.14, 4160317.62 ], [ 280990.96, 4160322.06 ], [ 280991.0, 4160322.15 ], [ 280991.02, 4160322.24 ] ] ] } },
{ "type": "Feature", "properties": { "id": "richmond_structure:409677", "name": null, "kind": "deck", "sport": null, "surface": null, "pitch_layout": null, "source": "richmond_structures", "source_updated": "2026-09-08T12:07:13.637000Z", "base_z": null, "top_z": null }, "geometry": { "type": "Polygon", "coordinates": [ [ [ 280957.04, 4160326.77 ], [ 280955.05, 4160324.06 ], [ 280951.28, 4160326.82 ], [ 280954.57, 4160331.32 ], [ 280957.6, 4160329.1 ], [ 280956.29, 4160327.32 ], [ 280957.04, 4160326.77 ] ] ] } },
{ "type": "Feature", "properties": { "id": "richmond_structure:409676", "name": null, "kind": "deck", "sport": null, "surface": null, "pitch_layout": null, "source": "richmond_structures", "source_updated": "2026-09-08T12:07:13.637000Z", "base_z": null, "top_z": null }, "geometry": { "type": "Polygon", "coordinates": [ [ [ 280954.63, 4160341.36 ], [ 280956.37, 4160339.52 ], [ 280946.23, 4160324.31 ], [ 280945.2, 4160325.1 ], [ 280946.72, 4160327.29 ], [ 280944.94, 4160328.52 ], [ 280946.62, 4160330.94 ], [ 280946.01, 4160331.36 ], [ 280946.01, 4160332.0 ], [ 280944.7, 4160332.91 ], [ 280944.01, 4160332.75 ], [ 280939.27, 4160336.04 ], [ 280945.61, 4160345.39 ], [ 280946.57, 4160346.29 ], [ 280947.75, 4160346.75 ], [ 280951.05, 4160347.22 ], [ 280952.42, 4160348.3 ], [ 280955.14, 4160346.47 ], [ 280954.19, 4160344.16 ], [ 280954.13, 4160342.97 ], [ 280954.63, 4160341.36 ] ], [ [ 280948.95, 4160344.37 ], [ 280943.8, 4160337.01 ], [ 280947.84, 4160334.19 ], [ 280952.98, 4160341.55 ], [ 280948.95, 4160344.37 ] ] ] } },
{ "type": "Feature", "properties": { "id": "imagery:groundcover_paved:353", "name": null, "kind": "groundcover_paved", "sport": null, "surface": null, "pitch_layout": null, "source": "vgin_vbmp+naip+lidar2025", "source_updated": null, "base_z": null, "top_z": null }, "geometry": { "type": "Polygon", "coordinates": [ [ [ 280955.91, 4160340.35 ], [ 280953.83, 4160338.85 ], [ 280953.3, 4160338.13 ], [ 280952.22, 4160334.91 ], [ 280949.38, 4160333.73 ], [ 280945.13, 4160336.78 ], [ 280945.13, 4160343.78 ], [ 280944.82, 4160344.68 ], [ 280943.17, 4160346.8 ], [ 280942.37, 4160347.32 ], [ 280942.12, 4160347.38 ], [ 280942.09, 4160347.46 ], [ 280941.83, 4160347.88 ], [ 280941.54, 4160348.27 ], [ 280941.21, 4160348.64 ], [ 280940.84, 4160348.96 ], [ 280940.45, 4160349.26 ], [ 280937.42, 4160351.26 ], [ 280939.6, 4160354.04 ], [ 280939.88, 4160354.44 ], [ 280940.12, 4160354.86 ], [ 280940.25, 4160355.16 ], [ 280960.41, 4160340.91 ], [ 280960.13, 4160340.63 ], [ 280956.77, 4160340.63 ], [ 280955.91, 4160340.35 ] ] ] } },
{ "type": "Feature", "properties": { "id": "richmond_structure:409675", "name": null, "kind": "deck", "sport": null, "surface": null, "pitch_layout": null, "source": "richmond_structures", "source_updated": "2026-09-08T12:07:13.637000Z", "base_z": null, "top_z": null }, "geometry": { "type": "Polygon", "coordinates": [ [ [ 280967.09, 4160354.51 ], [ 280965.84, 4160358.51 ], [ 280968.07, 4160358.99 ], [ 280973.96, 4160354.31 ], [ 280971.26, 4160350.6 ], [ 280966.95, 4160349.95 ], [ 280967.09, 4160354.51 ] ] ] } },
{ "type": "Feature", "properties": { "id": "richmond_structure:409673", "name": null, "kind": "deck", "sport": null, "surface": null, "pitch_layout": null, "source": "richmond_structures", "source_updated": "2026-09-08T12:07:13.637000Z", "base_z": null, "top_z": null }, "geometry": { "type": "Polygon", "coordinates": [ [ [ 280934.8, 4160356.02 ], [ 280936.25, 4160354.88 ], [ 280935.1, 4160353.42 ], [ 280933.65, 4160354.56 ], [ 280934.8, 4160356.02 ] ] ] } },
{ "type": "Feature", "properties": { "id": "imagery:groundcover_lawn:422", "name": null, "kind": "groundcover_lawn", "sport": null, "surface": null, "pitch_layout": null, "source": "vgin_vbmp+naip+lidar2025", "source_updated": null, "base_z": null, "top_z": null }, "geometry": { "type": "MultiPolygon", "coordinates": [ [ [ [ 280901.76, 4160252.32 ], [ 280905.18, 4160250.0 ], [ 280899.22, 4160250.0 ], [ 280899.44, 4160250.85 ], [ 280901.76, 4160252.32 ] ] ], [ [ [ 280930.13, 4160252.72 ], [ 280930.13, 4160250.0 ], [ 280916.06, 4160250.0 ], [ 280911.9, 4160252.82 ], [ 280915.05, 4160257.53 ], [ 280915.1, 4160257.61 ], [ 280915.14, 4160257.7 ], [ 280915.18, 4160257.79 ], [ 280915.2, 4160257.89 ], [ 280915.22, 4160257.98 ], [ 280915.22, 4160258.08 ], [ 280915.22, 4160258.18 ], [ 280915.2, 4160258.28 ], [ 280915.18, 4160258.37 ], [ 280915.14, 4160258.47 ], [ 280915.1, 4160258.56 ], [ 280915.05, 4160258.64 ], [ 280914.99, 4160258.72 ], [ 280914.93, 4160258.79 ], [ 280914.85, 4160258.86 ], [ 280914.77, 4160258.92 ], [ 280914.54, 4160259.07 ], [ 280915.27, 4160260.41 ], [ 280922.08, 4160262.11 ], [ 280925.3, 4160260.87 ], [ 280929.63, 4160254.38 ], [ 280930.13, 4160252.72 ] ] ] ] } },
{ "type": "Feature", "properties": { "id": "richmond_structure:276603", "name": null, "kind": "deck", "sport": null, "surface": null, "pitch_layout": null, "source": "richmond_structures", "source_updated": "2026-09-08T12:07:13.637000Z", "base_z": null, "top_z": null }, "geometry": { "type": "Polygon", "coordinates": [ [ [ 280904.26, 4160270.1 ], [ 280909.16, 4160276.66 ], [ 280912.55, 4160274.35 ], [ 280910.58, 4160271.17 ], [ 280912.25, 4160269.84 ], [ 280909.64, 4160266.3 ], [ 280904.26, 4160270.1 ] ] ] } },
{ "type": "Feature", "properties": { "id": "richmond_structure:274050", "name": null, "kind": "deck", "sport": null, "surface": null, "pitch_layout": null, "source": "richmond_structures", "source_updated": "2026-09-08T12:07:13.637000Z", "base_z": null, "top_z": null }, "geometry": { "type": "Polygon", "coordinates": [ [ [ 280900.82, 4160280.28 ], [ 280903.36, 4160284.78 ], [ 280908.49, 4160281.04 ], [ 280908.67, 4160281.28 ], [ 280909.57, 4160280.82 ], [ 280906.18, 4160276.27 ], [ 280900.82, 4160280.28 ] ] ] } },
{ "type": "Feature", "properties": { "id": "richmond_structure:409559", "name": null, "kind": "deck", "sport": null, "surface": null, "pitch_layout": null, "source": "richmond_structures", "source_updated": "2026-09-08T12:07:13.637000Z", "base_z": null, "top_z": null }, "geometry": { "type": "Polygon", "coordinates": [ [ [ 280902.63, 4160285.78 ], [ 280899.82, 4160281.93 ], [ 280894.68, 4160285.68 ], [ 280896.25, 4160287.84 ], [ 280899.44, 4160285.51 ], [ 280900.68, 4160287.21 ], [ 280902.63, 4160285.78 ] ] ] } },
{ "type": "Feature", "properties": { "id": "richmond_structure:409560", "name": null, "kind": "deck", "sport": null, "surface": null, "pitch_layout": null, "source": "richmond_structures", "source_updated": "2026-09-08T12:07:13.637000Z", "base_z": null, "top_z": null }, "geometry": { "type": "Polygon", "coordinates": [ [ [ 280877.06, 4160293.1 ], [ 280880.24, 4160297.66 ], [ 280884.26, 4160295.02 ], [ 280881.23, 4160290.46 ], [ 280877.06, 4160293.1 ] ] ] } },
{ "type": "Feature", "properties": { "id": "richmond_structure:424918", "name": null, "kind": "deck", "sport": null, "surface": null, "pitch_layout": null, "source": "richmond_structures", "source_updated": "2026-09-08T12:07:13.637000Z", "base_z": null, "top_z": null }, "geometry": { "type": "Polygon", "coordinates": [ [ [ 280877.43, 4160359.61 ], [ 280880.1, 4160363.48 ], [ 280885.49, 4160359.85 ], [ 280882.14, 4160355.37 ], [ 280879.76, 4160356.83 ], [ 280877.43, 4160359.61 ] ] ] } },
{ "type": "Feature", "properties": { "id": "richmond_structure:276640", "name": null, "kind": "deck", "sport": null, "surface": null, "pitch_layout": null, "source": "richmond_structures", "source_updated": "2026-09-08T12:07:13.637000Z", "base_z": null, "top_z": null }, "geometry": { "type": "Polygon", "coordinates": [ [ [ 280898.59, 4160369.5 ], [ 280900.71, 4160371.81 ], [ 280903.92, 4160369.68 ], [ 280903.6, 4160369.03 ], [ 280905.35, 4160367.98 ], [ 280906.45, 4160369.32 ], [ 280909.6, 4160367.19 ], [ 280909.08, 4160366.42 ], [ 280906.17, 4160368.45 ], [ 280904.18, 4160365.6 ], [ 280898.59, 4160369.5 ] ] ] } },
{ "type": "Feature", "properties": { "id": "richmond_structure:274065", "name": null, "kind": "deck", "sport": null, "surface": null, "pitch_layout": null, "source": "richmond_structures", "source_updated": "2026-09-08T12:07:13.637000Z", "base_z": null, "top_z": null }, "geometry": { "type": "Polygon", "coordinates": [ [ [ 280882.55, 4160377.59 ], [ 280883.81, 4160378.68 ], [ 280885.0, 4160378.75 ], [ 280886.23, 4160378.28 ], [ 280886.72, 4160377.81 ], [ 280886.49, 4160376.73 ], [ 280886.83, 4160375.87 ], [ 280887.77, 4160375.27 ], [ 280889.26, 4160374.9 ], [ 280890.89, 4160374.95 ], [ 280892.26, 4160374.27 ], [ 280894.3, 4160369.31 ], [ 280892.58, 4160367.03 ], [ 280886.93, 4160370.69 ], [ 280888.79, 4160373.5 ], [ 280884.29, 4160376.18 ], [ 280882.55, 4160377.59 ] ] ] } },
{ "type": "Feature", "properties": { "id": "richmond_structure:424917", "name": null, "kind": "deck", "sport": null, "surface": null, "pitch_layout": null, "source": "richmond_structures", "source_updated": "2026-09-08T12:07:13.637000Z", "base_z": null, "top_z": null }, "geometry": { "type": "Polygon", "coordinates": [ [ [ 280893.6, 4160388.4 ], [ 280894.43, 4160389.4 ], [ 280897.84, 4160387.05 ], [ 280898.87, 4160384.79 ], [ 280893.48, 4160381.93 ], [ 280891.97, 4160385.13 ], [ 280893.6, 4160388.4 ] ] ] } },
{ "type": "Feature", "properties": { "id": "richmond_structure:409669", "name": null, "kind": "deck", "sport": null, "surface": null, "pitch_layout": null, "source": "richmond_structures", "source_updated": "2026-09-08T12:07:13.637000Z", "base_z": null, "top_z": null }, "geometry": { "type": "Polygon", "coordinates": [ [ [ 280917.31, 4160394.33 ], [ 280910.72, 4160399.19 ], [ 280914.11, 4160403.78 ], [ 280918.11, 4160400.83 ], [ 280916.35, 4160398.45 ], [ 280918.94, 4160396.54 ], [ 280917.31, 4160394.33 ] ] ] } },
{ "type": "Feature", "properties": { "id": "imagery:groundcover_lawn:398", "name": null, "kind": "groundcover_lawn", "sport": null, "surface": null, "pitch_layout": null, "source": "vgin_vbmp+naip+lidar2025", "source_updated": null, "base_z": null, "top_z": null }, "geometry": { "type": "Polygon", "coordinates": [ [ [ 280826.62, 4160270.36 ], [ 280826.65, 4160270.45 ], [ 280826.68, 4160270.55 ], [ 280826.69, 4160270.65 ], [ 280826.7, 4160270.74 ], [ 280826.69, 4160270.84 ], [ 280826.68, 4160270.94 ], [ 280826.66, 4160271.03 ], [ 280826.63, 4160271.13 ], [ 280826.59, 4160271.2 ], [ 280832.41, 4160278.48 ], [ 280836.42, 4160279.1 ], [ 280840.09, 4160276.66 ], [ 280840.54, 4160272.04 ], [ 280835.22, 4160266.71 ], [ 280834.9, 4160266.23 ], [ 280834.24, 4160264.66 ], [ 280834.13, 4160264.09 ], [ 280834.13, 4160262.63 ], [ 280831.13, 4160259.63 ], [ 280826.99, 4160259.63 ], [ 280824.3, 4160261.28 ], [ 280822.99, 4160263.91 ], [ 280823.14, 4160265.31 ], [ 280826.52, 4160270.19 ], [ 280826.57, 4160270.27 ], [ 280826.62, 4160270.36 ] ] ] } },
{ "type": "Feature", "properties": { "id": "imagery:groundcover_lawn:394", "name": null, "kind": "groundcover_lawn", "sport": null, "surface": null, "pitch_layout": null, "source": "vgin_vbmp+naip+lidar2025", "source_updated": null, "base_z": null, "top_z": null }, "geometry": { "type": "MultiPolygon", "coordinates": [ [ [ [ 280868.08, 4160264.94 ], [ 280865.08, 4160263.94 ], [ 280861.13, 4160266.79 ], [ 280861.13, 4160270.09 ], [ 280861.02, 4160270.66 ], [ 280860.37, 4160272.23 ], [ 280860.04, 4160272.71 ], [ 280856.62, 4160276.14 ], [ 280856.19, 4160279.84 ], [ 280859.41, 4160281.01 ], [ 280870.13, 4160273.75 ], [ 280870.13, 4160267.79 ], [ 280868.08, 4160264.94 ] ] ], [ [ [ 280907.95, 4160274.72 ], [ 280907.96, 4160274.62 ], [ 280907.98, 4160274.52 ], [ 280908.01, 4160274.43 ], [ 280908.06, 4160274.34 ], [ 280908.11, 4160274.26 ], [ 280908.16, 4160274.18 ], [ 280908.23, 4160274.1 ], [ 280908.3, 4160274.04 ], [ 280908.38, 4160273.98 ], [ 280908.72, 4160273.74 ], [ 280909.02, 4160273.29 ], [ 280906.53, 4160268.63 ], [ 280896.29, 4160268.63 ], [ 280893.77, 4160270.45 ], [ 280894.73, 4160271.9 ], [ 280894.78, 4160271.98 ], [ 280894.82, 4160272.07 ], [ 280894.85, 4160272.16 ], [ 280894.88, 4160272.26 ], [ 280894.89, 4160272.36 ], [ 280894.9, 4160272.45 ], [ 280894.89, 4160272.55 ], [ 280894.88, 4160272.65 ], [ 280894.85, 4160272.74 ], [ 280894.82, 4160272.84 ], [ 280894.78, 4160272.92 ], [ 280894.73, 4160273.01 ], [ 280894.67, 4160273.09 ], [ 280894.6, 4160273.16 ], [ 280894.53, 4160273.23 ], [ 280894.45, 4160273.28 ], [ 280892.05, 4160274.88 ], [ 280892.04, 4160274.91 ], [ 280895.21, 4160278.84 ], [ 280904.74, 4160277.78 ], [ 280906.91, 4160276.46 ], [ 280907.95, 4160274.9 ], [ 280907.94, 4160274.81 ], [ 280907.95, 4160274.72 ] ] ], [ [ [ 280871.93, 4160287.19 ], [ 280871.96, 4160287.29 ], [ 280871.97, 4160287.38 ], [ 280871.98, 4160287.48 ], [ 280871.98, 4160287.58 ], [ 280871.97, 4160287.68 ], [ 280871.94, 4160287.77 ], [ 280871.91, 4160287.87 ], [ 280871.87, 4160287.96 ], [ 280871.82, 4160288.04 ], [ 280871.77, 4160288.12 ], [ 280871.7, 4160288.19 ], [ 280871.63, 4160288.26 ], [ 280871.55, 4160288.32 ], [ 280868.48, 4160290.47 ], [ 280868.39, 4160290.52 ], [ 280868.3, 4160290.56 ], [ 280868.21, 4160290.6 ], [ 280868.12, 4160290.62 ], [ 280868.02, 4160290.64 ], [ 280867.92, 4160290.64 ], [ 280867.83, 4160290.64 ], [ 280867.73, 4160290.63 ], [ 280867.63, 4160290.61 ], [ 280867.54, 4160290.58 ], [ 280867.45, 4160290.54 ], [ 280867.36, 4160290.49 ], [ 280867.28, 4160290.43 ], [ 280867.21, 4160290.37 ], [ 280867.14, 4160290.29 ], [ 280867.08, 4160290.22 ], [ 280866.64, 4160289.58 ], [ 280866.53, 4160289.63 ], [ 280857.57, 4160289.63 ], [ 280852.13, 4160293.31 ], [ 280852.13, 4160296.08 ], [ 280854.64, 4160299.04 ], [ 280869.17, 4160301.47 ], [ 280871.0, 4160301.19 ], [ 280871.87, 4160300.75 ], [ 280871.8, 4160300.64 ], [ 280871.74, 4160300.55 ], [ 280871.7, 4160300.46 ], [ 280871.67, 4160300.37 ], [ 280871.64, 4160300.28 ], [ 280871.63, 4160300.18 ], [ 280871.63, 4160300.08 ], [ 280871.63, 4160299.98 ], [ 280871.64, 4160299.89 ], [ 280871.67, 4160299.79 ], [ 280871.7, 4160299.7 ], [ 280871.74, 4160299.61 ], [ 280871.79, 4160299.52 ], [ 280871.85, 4160299.45 ], [ 280871.92, 4160299.37 ], [ 280871.99, 4160299.31 ], [ 280872.07, 4160299.25 ], [ 280876.14, 4160296.53 ], [ 280876.23, 4160296.48 ], [ 280876.32, 4160296.44 ], [ 280876.41, 4160296.41 ], [ 280876.5, 4160296.38 ], [ 280876.6, 4160296.37 ], [ 280876.7, 4160296.36 ], [ 280876.8, 4160296.37 ], [ 280876.89, 4160296.38 ], [ 280876.99, 4160296.41 ], [ 280877.08, 4160296.44 ], [ 280877.17, 4160296.48 ], [ 280877.25, 4160296.53 ], [ 280877.33, 4160296.59 ], [ 280877.41, 4160296.65 ], [ 280877.47, 4160296.73 ], [ 280877.53, 4160296.81 ], [ 280878.09, 4160297.64 ], [ 280880.08, 4160296.65 ], [ 280880.29, 4160296.23 ], [ 280880.15, 4160296.01 ], [ 280880.1, 4160295.93 ], [ 280880.06, 4160295.84 ], [ 280880.03, 4160295.74 ], [ 280880.01, 4160295.65 ], [ 280879.99, 4160295.55 ], [ 280879.99, 4160295.45 ], [ 280880.0, 4160295.35 ], [ 280880.01, 4160295.26 ], [ 280880.04, 4160295.16 ], [ 280880.08, 4160295.07 ], [ 280880.12, 4160294.98 ], [ 280880.17, 4160294.9 ], [ 280880.23, 4160294.82 ], [ 280880.3, 4160294.75 ], [ 280880.38, 4160294.68 ], [ 280880.46, 4160294.63 ], [ 280881.35, 4160294.07 ], [ 280881.68, 4160293.38 ], [ 280879.9, 4160284.45 ], [ 280880.15, 4160283.33 ], [ 280882.01, 4160280.77 ], [ 280882.15, 4160280.69 ], [ 280883.62, 4160277.68 ], [ 280881.37, 4160275.19 ], [ 280880.42, 4160274.95 ], [ 280878.83, 4160275.22 ], [ 280869.6, 4160281.48 ], [ 280870.13, 4160282.51 ], [ 280870.13, 4160284.53 ], [ 280871.8, 4160286.93 ], [ 280871.85, 4160287.01 ], [ 280871.9, 4160287.1 ], [ 280871.93, 4160287.19 ] ] ] ] } },
{ "type": "Feature", "properties": { "id": "imagery:groundcover_bare:385", "name": null, "kind": "groundcover_bare", "sport": null, "surface": null, "pitch_layout": null, "source": "vgin_vbmp+naip+lidar2025", "source_updated": null, "base_z": null, "top_z": null }, "geometry": { "type": "Polygon", "coordinates": [ [ [ 280837.13, 4160289.63 ], [ 280843.13, 4160289.63 ], [ 280846.13, 4160286.63 ], [ 280846.13, 4160280.63 ], [ 280843.13, 4160277.63 ], [ 280837.13, 4160277.63 ], [ 280834.13, 4160280.63 ], [ 280834.13, 4160286.63 ], [ 280837.13, 4160289.63 ] ] ] } },
{ "type": "Feature", "properties": { "id": "richmond_structure:274051", "name": null, "kind": "deck", "sport": null, "surface": null, "pitch_layout": null, "source": "richmond_structures", "source_updated": "2026-09-08T12:07:13.637000Z", "base_z": null, "top_z": null }, "geometry": { "type": "Polygon", "coordinates": [ [ [ 280875.6, 4160297.26 ], [ 280873.3, 4160298.64 ], [ 280874.24, 4160299.99 ], [ 280870.99, 4160301.89 ], [ 280873.26, 4160305.89 ], [ 280874.78, 4160304.86 ], [ 280873.1, 4160302.37 ], [ 280877.06, 4160299.7 ], [ 280878.66, 4160302.07 ], [ 280879.22, 4160301.69 ], [ 280879.09, 4160299.72 ], [ 280876.52, 4160296.07 ], [ 280875.6, 4160297.26 ] ] ] } },
{ "type": "Feature", "properties": { "id": "richmond_structure:274454", "name": null, "kind": "deck", "sport": null, "surface": null, "pitch_layout": null, "source": "richmond_structures", "source_updated": "2026-09-08T12:07:13.637000Z", "base_z": null, "top_z": null }, "geometry": { "type": "Polygon", "coordinates": [ [ [ 280861.72, 4160305.4 ], [ 280861.18, 4160301.93 ], [ 280859.87, 4160301.41 ], [ 280858.73, 4160301.45 ], [ 280857.96, 4160302.54 ], [ 280857.09, 4160303.06 ], [ 280855.84, 4160302.13 ], [ 280850.7, 4160306.43 ], [ 280856.51, 4160313.53 ], [ 280858.36, 4160314.3 ], [ 280860.92, 4160312.33 ], [ 280859.56, 4160310.5 ], [ 280861.72, 4160305.4 ] ], [ [ 280859.05, 4160309.0 ], [ 280857.73, 4160310.32 ], [ 280856.13, 4160310.16 ], [ 280855.56, 4160309.63 ], [ 280855.35, 4160308.91 ], [ 280855.56, 4160307.17 ], [ 280857.36, 4160304.14 ], [ 280858.16, 4160303.56 ], [ 280859.54, 4160303.69 ], [ 280860.19, 4160304.12 ], [ 280860.56, 4160305.52 ], [ 280859.05, 4160309.0 ] ] ] } },
{ "type": "Feature", "properties": { "id": "imagery:groundcover_paved:365", "name": null, "kind": "groundcover_paved", "sport": null, "surface": null, "pitch_layout": null, "source": "vgin_vbmp+naip+lidar2025", "source_updated": null, "base_z": null, "top_z": null }, "geometry": { "type": "Polygon", "coordinates": [ [ [ 280792.29, 4160325.77 ], [ 280792.33, 4160325.74 ], [ 280792.55, 4160325.2 ], [ 280794.71, 4160323.05 ], [ 280795.73, 4160322.63 ], [ 280796.37, 4160322.63 ], [ 280799.36, 4160319.92 ], [ 280797.65, 4160317.61 ], [ 280797.62, 4160317.61 ], [ 280797.13, 4160317.54 ], [ 280796.65, 4160317.44 ], [ 280796.19, 4160317.28 ], [ 280795.74, 4160317.08 ], [ 280795.32, 4160316.84 ], [ 280794.92, 4160316.55 ], [ 280794.55, 4160316.23 ], [ 280794.22, 4160315.88 ], [ 280793.92, 4160315.49 ], [ 280793.73, 4160315.23 ], [ 280791.25, 4160312.75 ], [ 280787.01, 4160312.75 ], [ 280784.01, 4160315.75 ], [ 280783.13, 4160317.87 ], [ 280783.13, 4160323.46 ], [ 280785.18, 4160326.31 ], [ 280788.61, 4160327.45 ], [ 280792.29, 4160325.77 ] ] ] } },
{ "type": "Feature", "properties": { "id": "richmond_structure:409557", "name": null, "kind": "deck", "sport": null, "surface": null, "pitch_layout": null, "source": "richmond_structures", "source_updated": "2026-09-08T12:07:13.637000Z", "base_z": null, "top_z": null }, "geometry": { "type": "Polygon", "coordinates": [ [ [ 280806.22, 4160344.75 ], [ 280800.86, 4160348.63 ], [ 280802.94, 4160351.5 ], [ 280804.89, 4160350.08 ], [ 280805.73, 4160351.23 ], [ 280809.13, 4160348.77 ], [ 280806.22, 4160344.75 ] ] ] } },
{ "type": "Feature", "properties": { "id": "richmond_structure:274053", "name": null, "kind": "deck", "sport": null, "surface": null, "pitch_layout": null, "source": "richmond_structures", "source_updated": "2026-09-08T12:07:13.637000Z", "base_z": null, "top_z": null }, "geometry": { "type": "Polygon", "coordinates": [ [ [ 280777.37, 4160374.78 ], [ 280781.18, 4160372.09 ], [ 280780.52, 4160371.27 ], [ 280777.04, 4160373.56 ], [ 280777.37, 4160374.78 ] ] ] } },
{ "type": "Feature", "properties": { "id": "richmond_structure:274052", "name": null, "kind": "deck", "sport": null, "surface": null, "pitch_layout": null, "source": "richmond_structures", "source_updated": "2026-09-08T12:07:13.637000Z", "base_z": null, "top_z": null }, "geometry": { "type": "Polygon", "coordinates": [ [ [ 280850.57, 4160399.52 ], [ 280846.9, 4160394.47 ], [ 280843.99, 4160396.26 ], [ 280847.37, 4160401.56 ], [ 280850.57, 4160399.52 ] ] ] } },
{ "type": "Feature", "properties": { "id": "richmond_structure:276712", "name": null, "kind": "deck", "sport": null, "surface": null, "pitch_layout": null, "source": "richmond_structures", "source_updated": "2026-09-08T12:07:13.637000Z", "base_z": null, "top_z": null }, "geometry": { "type": "Polygon", "coordinates": [ [ [ 280844.72, 4160406.39 ], [ 280841.6, 4160401.51 ], [ 280838.48, 4160403.5 ], [ 280841.6, 4160408.38 ], [ 280844.72, 4160406.39 ] ] ] } },
{ "type": "Feature", "properties": { "id": "imagery:groundcover_lawn:388", "name": null, "kind": "groundcover_lawn", "sport": null, "surface": null, "pitch_layout": null, "source": "vgin_vbmp+naip+lidar2025", "source_updated": null, "base_z": null, "top_z": null }, "geometry": { "type": "MultiPolygon", "coordinates": [ [ [ [ 280900.29, 4160319.81 ], [ 280946.87, 4160287.97 ], [ 280945.23, 4160283.26 ], [ 280854.93, 4160344.93 ], [ 280854.78, 4160345.02 ], [ 280854.62, 4160345.1 ], [ 280854.46, 4160345.16 ], [ 280854.29, 4160345.2 ], [ 280854.11, 4160345.23 ], [ 280853.93, 4160345.24 ], [ 280853.76, 4160345.23 ], [ 280853.58, 4160345.21 ], [ 280853.41, 4160345.17 ], [ 280853.24, 4160345.11 ], [ 280853.08, 4160345.04 ], [ 280852.93, 4160344.95 ], [ 280852.79, 4160344.84 ], [ 280852.66, 4160344.72 ], [ 280852.54, 4160344.59 ], [ 280852.43, 4160344.45 ], [ 280852.34, 4160344.3 ], [ 280852.26, 4160344.14 ], [ 280852.2, 4160343.98 ], [ 280852.15, 4160343.81 ], [ 280852.13, 4160343.63 ], [ 280852.12, 4160343.46 ], [ 280852.12, 4160343.28 ], [ 280852.15, 4160343.11 ], [ 280852.19, 4160342.93 ], [ 280852.25, 4160342.77 ], [ 280852.32, 4160342.61 ], [ 280852.41, 4160342.45 ], [ 280852.51, 4160342.31 ], [ 280852.63, 4160342.18 ], [ 280852.76, 4160342.06 ], [ 280852.9, 4160341.95 ], [ 280942.78, 4160280.58 ], [ 280938.22, 4160267.84 ], [ 280931.29, 4160266.46 ], [ 280927.73, 4160269.82 ], [ 280928.01, 4160271.76 ], [ 280933.35, 4160279.58 ], [ 280933.4, 4160279.66 ], [ 280933.45, 4160279.75 ], [ 280933.48, 4160279.84 ], [ 280933.51, 4160279.94 ], [ 280933.52, 4160280.03 ], [ 280933.53, 4160280.13 ], [ 280933.52, 4160280.23 ], [ 280933.51, 4160280.33 ], [ 280933.49, 4160280.42 ], [ 280933.45, 4160280.52 ], [ 280933.41, 4160280.61 ], [ 280933.36, 4160280.69 ], [ 280933.31, 4160280.77 ], [ 280933.24, 4160280.84 ], [ 280933.17, 4160280.91 ], [ 280933.09, 4160280.97 ], [ 280929.66, 4160283.3 ], [ 280929.74, 4160283.86 ], [ 280929.56, 4160284.78 ], [ 280928.26, 4160287.1 ], [ 280927.56, 4160287.73 ], [ 280922.47, 4160289.91 ], [ 280919.57, 4160291.89 ], [ 280919.49, 4160291.94 ], [ 280919.4, 4160291.98 ], [ 280919.31, 4160292.02 ], [ 280919.21, 4160292.04 ], [ 280919.12, 4160292.06 ], [ 280919.02, 4160292.06 ], [ 280918.92, 4160292.06 ], [ 280918.82, 4160292.05 ], [ 280918.73, 4160292.02 ], [ 280918.64, 4160291.99 ], [ 280918.55, 4160291.95 ], [ 280918.46, 4160291.9 ], [ 280918.38, 4160291.84 ], [ 280918.31, 4160291.78 ], [ 280918.25, 4160291.72 ], [ 280910.95, 4160294.85 ], [ 280910.66, 4160295.28 ], [ 280910.81, 4160295.51 ], [ 280910.86, 4160295.6 ], [ 280910.9, 4160295.69 ], [ 280910.93, 4160295.78 ], [ 280910.95, 4160295.88 ], [ 280910.96, 4160295.98 ], [ 280910.96, 4160296.07 ], [ 280910.96, 4160296.17 ], [ 280910.94, 4160296.27 ], [ 280910.91, 4160296.36 ], [ 280910.88, 4160296.46 ], [ 280910.83, 4160296.54 ], [ 280910.78, 4160296.63 ], [ 280910.72, 4160296.7 ], [ 280910.65, 4160296.78 ], [ 280910.58, 4160296.84 ], [ 280910.5, 4160296.9 ], [ 280909.13, 4160297.76 ], [ 280909.13, 4160298.03 ], [ 280908.71, 4160299.05 ], [ 280906.55, 4160301.2 ], [ 280905.53, 4160301.63 ], [ 280904.37, 4160301.63 ], [ 280902.25, 4160302.5 ], [ 280891.82, 4160312.94 ], [ 280891.52, 4160313.17 ], [ 280890.55, 4160313.74 ], [ 280890.2, 4160313.89 ], [ 280871.4, 4160319.26 ], [ 280869.54, 4160320.81 ], [ 280868.15, 4160323.59 ], [ 280867.6, 4160324.19 ], [ 280865.63, 4160325.41 ], [ 280864.86, 4160325.63 ], [ 280864.13, 4160325.63 ], [ 280861.13, 4160328.63 ], [ 280861.13, 4160328.65 ], [ 280860.8, 4160329.57 ], [ 280859.05, 4160331.71 ], [ 280858.21, 4160332.21 ], [ 280851.28, 4160333.6 ], [ 280850.01, 4160333.21 ], [ 280847.55, 4160330.74 ], [ 280847.16, 4160329.48 ], [ 280847.56, 4160327.47 ], [ 280846.25, 4160325.3 ], [ 280846.2, 4160325.22 ], [ 280846.16, 4160325.13 ], [ 280846.13, 4160325.03 ], [ 280846.11, 4160324.94 ], [ 280846.1, 4160324.84 ], [ 280846.1, 4160324.74 ], [ 280846.11, 4160324.64 ], [ 280846.13, 4160324.55 ], [ 280846.16, 4160324.45 ], [ 280846.2, 4160324.36 ], [ 280846.24, 4160324.27 ], [ 280846.3, 4160324.19 ], [ 280846.36, 4160324.12 ], [ 280846.43, 4160324.05 ], [ 280846.51, 4160323.98 ], [ 280846.59, 4160323.93 ], [ 280848.5, 4160322.78 ], [ 280848.55, 4160322.55 ], [ 280848.64, 4160322.39 ], [ 280848.29, 4160321.81 ], [ 280848.24, 4160321.72 ], [ 280848.2, 4160321.63 ], [ 280848.17, 4160321.54 ], [ 280848.15, 4160321.44 ], [ 280848.14, 4160321.35 ], [ 280848.14, 4160321.25 ], [ 280848.15, 4160321.15 ], [ 280848.17, 4160321.05 ], [ 280848.2, 4160320.96 ], [ 280848.24, 4160320.87 ], [ 280848.28, 4160320.78 ], [ 280848.34, 4160320.7 ], [ 280848.4, 4160320.62 ], [ 280848.47, 4160320.55 ], [ 280848.54, 4160320.49 ], [ 280848.62, 4160320.43 ], [ 280853.68, 4160317.38 ], [ 280853.77, 4160317.33 ], [ 280853.86, 4160317.29 ], [ 280853.95, 4160317.27 ], [ 280854.05, 4160317.25 ], [ 280854.14, 4160317.24 ], [ 280854.24, 4160317.24 ], [ 280854.34, 4160317.24 ], [ 280854.44, 4160317.26 ], [ 280854.53, 4160317.29 ], [ 280854.62, 4160317.33 ], [ 280854.71, 4160317.37 ], [ 280854.79, 4160317.43 ], [ 280854.86, 4160317.49 ], [ 280854.93, 4160317.56 ], [ 280855.0, 4160317.63 ], [ 280855.05, 4160317.72 ], [ 280855.41, 4160318.31 ], [ 280855.96, 4160317.97 ], [ 280857.01, 4160315.87 ], [ 280856.13, 4160312.12 ], [ 280849.46, 4160307.12 ], [ 280845.22, 4160308.45 ], [ 280845.41, 4160308.71 ], [ 280845.46, 4160308.79 ], [ 280845.51, 4160308.88 ], [ 280845.54, 4160308.97 ], [ 280845.57, 4160309.07 ], [ 280845.59, 4160309.16 ], [ 280845.59, 4160309.26 ], [ 280845.59, 4160309.36 ], [ 280845.58, 4160309.46 ], [ 280845.56, 4160309.55 ], [ 280845.53, 4160309.64 ], [ 280845.49, 4160309.74 ], [ 280845.44, 4160309.82 ], [ 280845.39, 4160309.9 ], [ 280845.33, 4160309.98 ], [ 280845.26, 4160310.04 ], [ 280845.18, 4160310.11 ], [ 280844.03, 4160310.93 ], [ 280843.96, 4160311.13 ], [ 280843.43, 4160311.85 ], [ 280841.35, 4160313.35 ], [ 280840.5, 4160313.63 ], [ 280840.27, 4160313.63 ], [ 280839.69, 4160314.04 ], [ 280839.61, 4160314.1 ], [ 280839.52, 4160314.14 ], [ 280839.43, 4160314.18 ], [ 280839.34, 4160314.21 ], [ 280839.24, 4160314.22 ], [ 280839.14, 4160314.23 ], [ 280839.04, 4160314.23 ], [ 280838.95, 4160314.22 ], [ 280838.85, 4160314.2 ], [ 280838.76, 4160314.17 ], [ 280838.67, 4160314.13 ], [ 280838.58, 4160314.08 ], [ 280838.5, 4160314.03 ], [ 280838.42, 4160313.96 ], [ 280838.36, 4160313.89 ], [ 280838.3, 4160313.81 ], [ 280838.16, 4160313.63 ], [ 280837.73, 4160313.63 ], [ 280836.71, 4160313.2 ], [ 280834.55, 4160311.05 ], [ 280834.13, 4160310.03 ], [ 280834.13, 4160307.98 ], [ 280834.1, 4160307.89 ], [ 280834.07, 4160307.8 ], [ 280834.05, 4160307.7 ], [ 280834.05, 4160307.6 ], [ 280834.05, 4160307.51 ], [ 280834.06, 4160307.41 ], [ 280834.08, 4160307.31 ], [ 280834.11, 4160307.22 ], [ 280834.13, 4160307.17 ], [ 280834.13, 4160305.5 ], [ 280827.26, 4160310.16 ], [ 280855.09, 4160350.7 ], [ 280860.68, 4160346.88 ], [ 280860.83, 4160344.85 ], [ 280861.41, 4160343.8 ], [ 280864.06, 4160341.88 ], [ 280865.24, 4160341.65 ], [ 280867.5, 4160342.22 ], [ 280899.21, 4160320.55 ], [ 280899.71, 4160320.05 ], [ 280900.29, 4160319.81 ] ] ], [ [ [ 280784.22, 4160315.54 ], [ 280788.38, 4160311.37 ], [ 280786.99, 4160306.34 ], [ 280783.86, 4160305.56 ], [ 280781.37, 4160307.5 ], [ 280782.11, 4160308.58 ], [ 280782.17, 4160308.67 ], [ 280782.21, 4160308.76 ], [ 280782.24, 4160308.85 ], [ 280782.27, 4160308.94 ], [ 280782.28, 4160309.04 ], [ 280782.29, 4160309.14 ], [ 280782.28, 4160309.24 ], [ 280782.27, 4160309.33 ], [ 280782.25, 4160309.43 ], [ 280782.22, 4160309.52 ], [ 280782.18, 4160309.61 ], [ 280782.13, 4160309.7 ], [ 280782.07, 4160309.77 ], [ 280782.0, 4160309.85 ], [ 280781.93, 4160309.91 ], [ 280781.85, 4160309.97 ], [ 280778.49, 4160312.27 ], [ 280777.55, 4160313.2 ], [ 280776.53, 4160313.63 ], [ 280776.5, 4160313.63 ], [ 280775.73, 4160314.15 ], [ 280775.65, 4160314.2 ], [ 280775.56, 4160314.24 ], [ 280775.47, 4160314.28 ], [ 280775.37, 4160314.3 ], [ 280775.27, 4160314.32 ], [ 280775.18, 4160314.32 ], [ 280775.08, 4160314.32 ], [ 280774.98, 4160314.31 ], [ 280774.89, 4160314.28 ], [ 280774.79, 4160314.25 ], [ 280774.7, 4160314.21 ], [ 280774.62, 4160314.16 ], [ 280774.54, 4160314.1 ], [ 280774.47, 4160314.04 ], [ 280774.4, 4160313.97 ], [ 280774.34, 4160313.89 ], [ 280774.16, 4160313.63 ], [ 280772.04, 4160313.63 ], [ 280770.38, 4160314.13 ], [ 280755.63, 4160323.96 ], [ 280755.0, 4160327.08 ], [ 280759.56, 4160333.66 ], [ 280761.04, 4160334.31 ], [ 280771.34, 4160332.59 ], [ 280774.73, 4160330.27 ], [ 280774.81, 4160330.22 ], [ 280774.9, 4160330.17 ], [ 280774.99, 4160330.14 ], [ 280775.09, 4160330.11 ], [ 280775.19, 4160330.1 ], [ 280775.28, 4160330.09 ], [ 280775.38, 4160330.09 ], [ 280775.48, 4160330.11 ], [ 280775.57, 4160330.13 ], [ 280775.67, 4160330.16 ], [ 280775.75, 4160330.2 ], [ 280775.84, 4160330.25 ], [ 280775.92, 4160330.31 ], [ 280775.99, 4160330.37 ], [ 280776.06, 4160330.44 ], [ 280776.12, 4160330.52 ], [ 280778.88, 4160334.51 ], [ 280786.29, 4160329.68 ], [ 280785.63, 4160329.46 ], [ 280784.91, 4160328.93 ], [ 280783.41, 4160326.85 ], [ 280783.13, 4160325.99 ], [ 280783.13, 4160318.16 ], [ 280783.24, 4160317.6 ], [ 280783.9, 4160316.02 ], [ 280784.22, 4160315.54 ] ] ], [ [ [ 280760.59, 4160361.63 ], [ 280755.59, 4160361.63 ], [ 280755.21, 4160361.94 ], [ 280784.12, 4160395.04 ], [ 280786.88, 4160398.2 ], [ 280804.13, 4160386.18 ], [ 280804.13, 4160380.51 ], [ 280804.17, 4160380.16 ], [ 280804.41, 4160379.16 ], [ 280804.53, 4160378.84 ], [ 280806.12, 4160375.66 ], [ 280806.66, 4160375.06 ], [ 280808.63, 4160373.85 ], [ 280809.4, 4160373.63 ], [ 280813.06, 4160373.63 ], [ 280814.0, 4160373.97 ], [ 280816.14, 4160375.79 ], [ 280816.64, 4160376.66 ], [ 280816.76, 4160377.38 ], [ 280848.01, 4160355.59 ], [ 280820.09, 4160314.92 ], [ 280819.95, 4160315.02 ], [ 280845.24, 4160352.46 ], [ 280845.33, 4160352.61 ], [ 280845.41, 4160352.77 ], [ 280845.47, 4160352.94 ], [ 280845.51, 4160353.11 ], [ 280845.54, 4160353.28 ], [ 280845.55, 4160353.46 ], [ 280845.54, 4160353.64 ], [ 280845.52, 4160353.81 ], [ 280845.48, 4160353.98 ], [ 280845.42, 4160354.15 ], [ 280845.34, 4160354.31 ], [ 280845.25, 4160354.46 ], [ 280845.15, 4160354.6 ], [ 280845.03, 4160354.74 ], [ 280844.9, 4160354.85 ], [ 280844.76, 4160354.96 ], [ 280844.61, 4160355.05 ], [ 280844.45, 4160355.13 ], [ 280844.28, 4160355.19 ], [ 280844.11, 4160355.23 ], [ 280843.94, 4160355.26 ], [ 280843.76, 4160355.27 ], [ 280843.58, 4160355.26 ], [ 280843.41, 4160355.24 ], [ 280843.24, 4160355.19 ], [ 280843.07, 4160355.14 ], [ 280842.91, 4160355.06 ], [ 280842.76, 4160354.97 ], [ 280842.62, 4160354.87 ], [ 280842.48, 4160354.75 ], [ 280842.37, 4160354.62 ], [ 280842.26, 4160354.48 ], [ 280816.93, 4160316.98 ], [ 280768.13, 4160348.8 ], [ 280768.13, 4160354.09 ], [ 280768.02, 4160354.66 ], [ 280767.37, 4160356.23 ], [ 280767.04, 4160356.71 ], [ 280763.22, 4160360.54 ], [ 280762.74, 4160360.86 ], [ 280761.16, 4160361.51 ], [ 280760.59, 4160361.63 ] ], [ [ 280787.94, 4160363.9 ], [ 280788.0, 4160363.82 ], [ 280788.06, 4160363.75 ], [ 280788.14, 4160363.68 ], [ 280788.21, 4160363.63 ], [ 280788.62, 4160363.36 ], [ 280789.55, 4160362.17 ], [ 280790.67, 4160361.63 ], [ 280791.24, 4160361.63 ], [ 280797.04, 4160357.79 ], [ 280797.13, 4160357.74 ], [ 280797.21, 4160357.69 ], [ 280797.31, 4160357.66 ], [ 280797.4, 4160357.64 ], [ 280797.5, 4160357.62 ], [ 280797.6, 4160357.62 ], [ 280797.69, 4160357.62 ], [ 280797.79, 4160357.64 ], [ 280797.89, 4160357.66 ], [ 280797.98, 4160357.7 ], [ 280798.07, 4160357.74 ], [ 280798.15, 4160357.79 ], [ 280798.23, 4160357.85 ], [ 280798.3, 4160357.91 ], [ 280798.37, 4160357.99 ], [ 280798.43, 4160358.07 ], [ 280803.0, 4160364.94 ], [ 280803.05, 4160365.02 ], [ 280803.09, 4160365.11 ], [ 280803.13, 4160365.21 ], [ 280803.15, 4160365.3 ], [ 280803.16, 4160365.4 ], [ 280803.17, 4160365.5 ], [ 280803.16, 4160365.6 ], [ 280803.15, 4160365.69 ], [ 280803.12, 4160365.79 ], [ 280803.09, 4160365.88 ], [ 280803.05, 4160365.97 ], [ 280803.0, 4160366.05 ], [ 280802.94, 4160366.13 ], [ 280802.87, 4160366.2 ], [ 280802.8, 4160366.27 ], [ 280802.72, 4160366.33 ], [ 280801.13, 4160367.38 ], [ 280801.13, 4160367.78 ], [ 280800.82, 4160368.68 ], [ 280799.17, 4160370.8 ], [ 280798.37, 4160371.32 ], [ 280792.62, 4160372.75 ], [ 280791.53, 4160372.59 ], [ 280790.67, 4160372.08 ], [ 280787.86, 4160373.67 ], [ 280788.54, 4160374.68 ], [ 280788.59, 4160374.76 ], [ 280788.63, 4160374.85 ], [ 280788.66, 4160374.94 ], [ 280788.69, 4160375.04 ], [ 280788.7, 4160375.14 ], [ 280788.71, 4160375.24 ], [ 280788.7, 4160375.33 ], [ 280788.69, 4160375.43 ], [ 280788.67, 4160375.53 ], [ 280788.63, 4160375.62 ], [ 280788.59, 4160375.71 ], [ 280788.54, 4160375.79 ], [ 280788.48, 4160375.87 ], [ 280788.42, 4160375.94 ], [ 280788.34, 4160376.01 ], [ 280788.26, 4160376.07 ], [ 280786.13, 4160377.5 ], [ 280786.13, 4160379.03 ], [ 280785.71, 4160380.05 ], [ 280783.55, 4160382.2 ], [ 280782.53, 4160382.63 ], [ 280777.73, 4160382.63 ], [ 280776.71, 4160382.2 ], [ 280774.55, 4160380.05 ], [ 280774.13, 4160379.03 ], [ 280774.13, 4160377.07 ], [ 280773.05, 4160375.47 ], [ 280773.0, 4160375.39 ], [ 280772.96, 4160375.3 ], [ 280772.93, 4160375.21 ], [ 280772.9, 4160375.11 ], [ 280772.89, 4160375.02 ], [ 280772.88, 4160374.92 ], [ 280772.89, 4160374.82 ], [ 280772.9, 4160374.72 ], [ 280772.92, 4160374.63 ], [ 280772.96, 4160374.53 ], [ 280773.0, 4160374.44 ], [ 280773.05, 4160374.36 ], [ 280773.11, 4160374.28 ], [ 280773.17, 4160374.21 ], [ 280773.25, 4160374.14 ], [ 280773.33, 4160374.08 ], [ 280782.71, 4160367.82 ], [ 280782.79, 4160367.77 ], [ 280782.88, 4160367.72 ], [ 280782.97, 4160367.69 ], [ 280783.07, 4160367.67 ], [ 280783.16, 4160367.65 ], [ 280783.26, 4160367.65 ], [ 280783.36, 4160367.65 ], [ 280783.46, 4160367.67 ], [ 280783.55, 4160367.69 ], [ 280783.64, 4160367.72 ], [ 280783.73, 4160367.76 ], [ 280783.82, 4160367.82 ], [ 280783.9, 4160367.87 ], [ 280783.97, 4160367.94 ], [ 280784.03, 4160368.01 ], [ 280784.09, 4160368.09 ], [ 280786.82, 4160372.14 ], [ 280788.01, 4160369.13 ], [ 280787.23, 4160366.03 ], [ 280787.49, 4160364.81 ], [ 280787.77, 4160364.45 ], [ 280787.77, 4160364.36 ], [ 280787.79, 4160364.26 ], [ 280787.81, 4160364.17 ], [ 280787.84, 4160364.08 ], [ 280787.89, 4160363.99 ], [ 280787.94, 4160363.9 ] ], [ [ 280800.51, 4160348.51 ], [ 280800.48, 4160348.41 ], [ 280800.47, 4160348.31 ], [ 280800.46, 4160348.21 ], [ 280800.47, 4160348.12 ], [ 280800.49, 4160348.02 ], [ 280800.51, 4160347.92 ], [ 280800.54, 4160347.83 ], [ 280800.59, 4160347.74 ], [ 280800.64, 4160347.66 ], [ 280800.7, 4160347.58 ], [ 280800.76, 4160347.51 ], [ 280800.84, 4160347.44 ], [ 280800.92, 4160347.39 ], [ 280807.68, 4160342.98 ], [ 280807.76, 4160342.93 ], [ 280807.85, 4160342.89 ], [ 280807.94, 4160342.85 ], [ 280808.04, 4160342.83 ], [ 280808.14, 4160342.82 ], [ 280808.23, 4160342.81 ], [ 280808.33, 4160342.82 ], [ 280808.43, 4160342.83 ], [ 280808.52, 4160342.86 ], [ 280808.62, 4160342.89 ], [ 280808.7, 4160342.94 ], [ 280808.79, 4160342.99 ], [ 280808.87, 4160343.05 ], [ 280808.94, 4160343.11 ], [ 280809.0, 4160343.18 ], [ 280809.06, 4160343.26 ], [ 280812.14, 4160347.95 ], [ 280815.03, 4160348.3 ], [ 280816.35, 4160344.85 ], [ 280816.13, 4160344.14 ], [ 280816.13, 4160341.96 ], [ 280816.65, 4160340.86 ], [ 280817.17, 4160340.43 ], [ 280816.69, 4160339.69 ], [ 280816.64, 4160339.61 ], [ 280816.6, 4160339.52 ], [ 280816.57, 4160339.42 ], [ 280816.55, 4160339.33 ], [ 280816.54, 4160339.23 ], [ 280816.53, 4160339.13 ], [ 280816.54, 4160339.03 ], [ 280816.56, 4160338.94 ], [ 280816.58, 4160338.84 ], [ 280816.62, 4160338.75 ], [ 280816.66, 4160338.66 ], [ 280816.71, 4160338.58 ], [ 280816.77, 4160338.5 ], [ 280816.84, 4160338.43 ], [ 280816.91, 4160338.36 ], [ 280816.99, 4160338.31 ], [ 280823.78, 4160333.96 ], [ 280823.87, 4160333.91 ], [ 280823.96, 4160333.87 ], [ 280824.05, 4160333.84 ], [ 280824.15, 4160333.82 ], [ 280824.24, 4160333.81 ], [ 280824.34, 4160333.8 ], [ 280824.44, 4160333.81 ], [ 280824.54, 4160333.83 ], [ 280824.63, 4160333.85 ], [ 280824.72, 4160333.89 ], [ 280824.81, 4160333.93 ], [ 280824.89, 4160333.98 ], [ 280824.97, 4160334.04 ], [ 280825.04, 4160334.11 ], [ 280825.11, 4160334.18 ], [ 280825.16, 4160334.26 ], [ 280829.83, 4160341.5 ], [ 280830.8, 4160342.68 ], [ 280831.06, 4160343.4 ], [ 280832.0, 4160344.86 ], [ 280832.05, 4160344.95 ], [ 280832.09, 4160345.04 ], [ 280832.12, 4160345.13 ], [ 280832.15, 4160345.23 ], [ 280832.16, 4160345.33 ], [ 280832.16, 4160345.42 ], [ 280832.16, 4160345.52 ], [ 280832.14, 4160345.62 ], [ 280832.11, 4160345.71 ], [ 280832.08, 4160345.81 ], [ 280832.04, 4160345.89 ], [ 280831.98, 4160345.98 ], [ 280831.92, 4160346.05 ], [ 280831.86, 4160346.13 ], [ 280831.78, 4160346.19 ], [ 280831.7, 4160346.25 ], [ 280831.13, 4160346.61 ], [ 280831.13, 4160347.45 ], [ 280830.51, 4160348.61 ], [ 280827.64, 4160350.56 ], [ 280826.32, 4160350.7 ], [ 280825.35, 4160350.31 ], [ 280824.92, 4160350.59 ], [ 280824.84, 4160350.64 ], [ 280824.75, 4160350.68 ], [ 280824.65, 4160350.71 ], [ 280824.56, 4160350.73 ], [ 280824.46, 4160350.75 ], [ 280824.36, 4160350.75 ], [ 280824.27, 4160350.74 ], [ 280824.17, 4160350.73 ], [ 280824.08, 4160350.7 ], [ 280823.98, 4160350.67 ], [ 280823.9, 4160350.62 ], [ 280823.81, 4160350.57 ], [ 280823.73, 4160350.51 ], [ 280823.66, 4160350.45 ], [ 280823.6, 4160350.37 ], [ 280823.54, 4160350.29 ], [ 280822.93, 4160349.35 ], [ 280819.15, 4160347.83 ], [ 280815.26, 4160351.76 ], [ 280816.02, 4160353.6 ], [ 280816.09, 4160353.94 ], [ 280817.13, 4160355.52 ], [ 280817.18, 4160355.61 ], [ 280817.22, 4160355.7 ], [ 280817.25, 4160355.79 ], [ 280817.27, 4160355.88 ], [ 280817.29, 4160355.98 ], [ 280817.29, 4160356.08 ], [ 280817.29, 4160356.18 ], [ 280817.27, 4160356.27 ], [ 280817.25, 4160356.37 ], [ 280817.21, 4160356.46 ], [ 280817.17, 4160356.55 ], [ 280817.12, 4160356.63 ], [ 280817.06, 4160356.71 ], [ 280816.99, 4160356.79 ], [ 280816.92, 4160356.85 ], [ 280816.84, 4160356.91 ], [ 280816.13, 4160357.37 ], [ 280816.13, 4160358.03 ], [ 280815.71, 4160359.05 ], [ 280813.55, 4160361.2 ], [ 280812.53, 4160361.63 ], [ 280807.11, 4160361.63 ], [ 280806.19, 4160361.3 ], [ 280805.32, 4160360.58 ], [ 280803.17, 4160360.53 ], [ 280803.4, 4160359.26 ], [ 280803.65, 4160359.21 ], [ 280801.98, 4160350.87 ], [ 280801.99, 4160350.84 ], [ 280800.63, 4160348.77 ], [ 280800.58, 4160348.69 ], [ 280800.54, 4160348.6 ], [ 280800.51, 4160348.51 ] ], [ [ 280791.85, 4160341.69 ], [ 280791.76, 4160341.73 ], [ 280791.67, 4160341.76 ], [ 280791.58, 4160341.79 ], [ 280791.48, 4160341.8 ], [ 280791.38, 4160341.81 ], [ 280791.28, 4160341.8 ], [ 280791.19, 4160341.79 ], [ 280791.09, 4160341.76 ], [ 280791.0, 4160341.73 ], [ 280790.91, 4160341.69 ], [ 280790.83, 4160341.64 ], [ 280790.75, 4160341.58 ], [ 280790.67, 4160341.52 ], [ 280790.61, 4160341.44 ], [ 280790.55, 4160341.37 ], [ 280788.42, 4160338.22 ], [ 280788.37, 4160338.13 ], [ 280788.32, 4160338.05 ], [ 280788.29, 4160337.95 ], [ 280788.27, 4160337.86 ], [ 280788.25, 4160337.76 ], [ 280788.25, 4160337.66 ], [ 280788.25, 4160337.57 ], [ 280788.26, 4160337.47 ], [ 280788.29, 4160337.37 ], [ 280788.32, 4160337.28 ], [ 280788.36, 4160337.19 ], [ 280788.41, 4160337.11 ], [ 280788.47, 4160337.03 ], [ 280788.54, 4160336.95 ], [ 280788.61, 4160336.89 ], [ 280788.69, 4160336.83 ], [ 280794.61, 4160332.83 ], [ 280794.69, 4160332.77 ], [ 280794.78, 4160332.73 ], [ 280794.87, 4160332.7 ], [ 280794.96, 4160332.67 ], [ 280795.06, 4160332.66 ], [ 280795.16, 4160332.65 ], [ 280795.26, 4160332.66 ], [ 280795.36, 4160332.67 ], [ 280795.45, 4160332.69 ], [ 280795.54, 4160332.73 ], [ 280795.63, 4160332.77 ], [ 280795.72, 4160332.82 ], [ 280795.8, 4160332.88 ], [ 280795.87, 4160332.94 ], [ 280795.94, 4160333.01 ], [ 280795.99, 4160333.09 ], [ 280798.12, 4160336.24 ], [ 280798.17, 4160336.33 ], [ 280798.22, 4160336.41 ], [ 280798.25, 4160336.51 ], [ 280798.28, 4160336.6 ], [ 280798.29, 4160336.7 ], [ 280798.3, 4160336.8 ], [ 280798.29, 4160336.89 ], [ 280798.28, 4160336.99 ], [ 280798.25, 4160337.09 ], [ 280798.22, 4160337.18 ], [ 280798.18, 4160337.27 ], [ 280798.13, 4160337.35 ], [ 280798.07, 4160337.43 ], [ 280798.01, 4160337.5 ], [ 280797.93, 4160337.57 ], [ 280797.86, 4160337.63 ], [ 280791.94, 4160341.63 ], [ 280791.85, 4160341.69 ] ] ], [ [ [ 280856.42, 4160360.21 ], [ 280818.32, 4160386.77 ], [ 280818.93, 4160390.43 ], [ 280818.94, 4160390.9 ], [ 280818.73, 4160392.26 ], [ 280859.43, 4160364.51 ], [ 280859.9, 4160357.83 ], [ 280856.42, 4160360.21 ] ] ], [ [ [ 280764.92, 4160407.32 ], [ 280768.06, 4160404.47 ], [ 280771.81, 4160401.07 ], [ 280750.19, 4160377.09 ], [ 280750.0, 4160377.28 ], [ 280750.0, 4160391.63 ], [ 280758.53, 4160391.63 ], [ 280759.55, 4160392.05 ], [ 280761.71, 4160394.2 ], [ 280762.13, 4160395.22 ], [ 280762.13, 4160404.28 ], [ 280764.4, 4160407.19 ], [ 280764.92, 4160407.32 ] ] ], [ [ [ 280821.56, 4160439.06 ], [ 280822.37, 4160438.49 ], [ 280822.33, 4160438.43 ], [ 280819.73, 4160434.92 ], [ 280819.68, 4160434.83 ], [ 280819.63, 4160434.75 ], [ 280819.6, 4160434.66 ], [ 280819.57, 4160434.56 ], [ 280819.55, 4160434.47 ], [ 280819.54, 4160434.37 ], [ 280819.54, 4160434.27 ], [ 280819.55, 4160434.17 ], [ 280819.57, 4160434.08 ], [ 280819.6, 4160433.98 ], [ 280819.64, 4160433.89 ], [ 280819.68, 4160433.81 ], [ 280819.74, 4160433.72 ], [ 280819.8, 4160433.65 ], [ 280819.87, 4160433.58 ], [ 280819.95, 4160433.52 ], [ 280822.7, 4160431.49 ], [ 280822.78, 4160431.43 ], [ 280822.87, 4160431.39 ], [ 280822.96, 4160431.35 ], [ 280823.05, 4160431.32 ], [ 280823.15, 4160431.3 ], [ 280823.25, 4160431.29 ], [ 280823.35, 4160431.29 ], [ 280823.44, 4160431.3 ], [ 280823.54, 4160431.32 ], [ 280823.63, 4160431.35 ], [ 280823.72, 4160431.39 ], [ 280823.81, 4160431.44 ], [ 280823.89, 4160431.49 ], [ 280823.97, 4160431.55 ], [ 280824.04, 4160431.62 ], [ 280824.1, 4160431.7 ], [ 280826.69, 4160435.22 ], [ 280826.75, 4160435.3 ], [ 280826.78, 4160435.37 ], [ 280854.57, 4160415.72 ], [ 280852.66, 4160412.66 ], [ 280852.62, 4160412.57 ], [ 280852.58, 4160412.48 ], [ 280852.55, 4160412.39 ], [ 280852.53, 4160412.29 ], [ 280852.51, 4160412.2 ], [ 280852.51, 4160412.1 ], [ 280852.52, 4160412.0 ], [ 280852.54, 4160411.9 ], [ 280852.56, 4160411.81 ], [ 280852.6, 4160411.72 ], [ 280852.65, 4160411.63 ], [ 280852.7, 4160411.55 ], [ 280852.76, 4160411.47 ], [ 280852.83, 4160411.4 ], [ 280852.9, 4160411.34 ], [ 280852.98, 4160411.28 ], [ 280857.73, 4160408.32 ], [ 280857.82, 4160408.27 ], [ 280857.91, 4160408.23 ], [ 280858.0, 4160408.2 ], [ 280858.1, 4160408.18 ], [ 280858.19, 4160408.17 ], [ 280858.29, 4160408.17 ], [ 280858.39, 4160408.18 ], [ 280858.49, 4160408.19 ], [ 280858.58, 4160408.22 ], [ 280858.67, 4160408.26 ], [ 280858.76, 4160408.3 ], [ 280858.84, 4160408.35 ], [ 280858.92, 4160408.41 ], [ 280858.99, 4160408.48 ], [ 280859.05, 4160408.56 ], [ 280859.11, 4160408.64 ], [ 280860.27, 4160410.49 ], [ 280860.71, 4160410.05 ], [ 280861.78, 4160409.6 ], [ 280862.63, 4160409.85 ], [ 280862.77, 4160409.93 ], [ 280897.65, 4160385.27 ], [ 280893.01, 4160382.81 ], [ 280892.93, 4160382.76 ], [ 280892.85, 4160382.71 ], [ 280892.77, 4160382.64 ], [ 280892.71, 4160382.57 ], [ 280892.65, 4160382.49 ], [ 280892.6, 4160382.41 ], [ 280892.56, 4160382.32 ], [ 280892.52, 4160382.22 ], [ 280892.5, 4160382.13 ], [ 280892.48, 4160382.03 ], [ 280892.48, 4160381.93 ], [ 280892.48, 4160381.84 ], [ 280892.5, 4160381.74 ], [ 280892.52, 4160381.64 ], [ 280892.55, 4160381.55 ], [ 280892.6, 4160381.46 ], [ 280893.96, 4160378.89 ], [ 280894.01, 4160378.8 ], [ 280894.07, 4160378.72 ], [ 280894.14, 4160378.65 ], [ 280894.21, 4160378.59 ], [ 280894.29, 4160378.53 ], [ 280894.37, 4160378.48 ], [ 280894.46, 4160378.43 ], [ 280894.55, 4160378.4 ], [ 280894.65, 4160378.38 ], [ 280894.74, 4160378.36 ], [ 280894.84, 4160378.36 ], [ 280894.94, 4160378.36 ], [ 280895.04, 4160378.37 ], [ 280895.13, 4160378.4 ], [ 280895.22, 4160378.43 ], [ 280895.31, 4160378.47 ], [ 280900.7, 4160381.33 ], [ 280900.79, 4160381.38 ], [ 280900.87, 4160381.44 ], [ 280900.94, 4160381.5 ], [ 280901.01, 4160381.58 ], [ 280901.06, 4160381.66 ], [ 280901.11, 4160381.74 ], [ 280901.16, 4160381.83 ], [ 280901.19, 4160381.92 ], [ 280901.21, 4160382.02 ], [ 280901.23, 4160382.11 ], [ 280901.23, 4160382.21 ], [ 280901.23, 4160382.31 ], [ 280901.22, 4160382.41 ], [ 280901.19, 4160382.5 ], [ 280901.16, 4160382.59 ], [ 280901.12, 4160382.68 ], [ 280901.0, 4160382.9 ], [ 280906.13, 4160379.28 ], [ 280906.13, 4160373.09 ], [ 280903.72, 4160370.14 ], [ 280893.73, 4160368.15 ], [ 280890.29, 4160370.14 ], [ 280888.96, 4160374.13 ], [ 280888.43, 4160374.85 ], [ 280886.35, 4160376.35 ], [ 280885.5, 4160376.63 ], [ 280882.97, 4160376.63 ], [ 280880.06, 4160380.35 ], [ 280881.62, 4160386.6 ], [ 280881.62, 4160387.35 ], [ 280881.03, 4160389.45 ], [ 280880.66, 4160390.1 ], [ 280877.22, 4160393.54 ], [ 280876.74, 4160393.86 ], [ 280875.16, 4160394.51 ], [ 280874.59, 4160394.63 ], [ 280869.29, 4160394.63 ], [ 280866.45, 4160396.68 ], [ 280864.96, 4160401.13 ], [ 280864.43, 4160401.85 ], [ 280862.35, 4160403.35 ], [ 280861.23, 4160403.71 ], [ 280861.13, 4160403.63 ], [ 280855.73, 4160403.63 ], [ 280854.71, 4160403.2 ], [ 280852.55, 4160401.05 ], [ 280851.9, 4160399.48 ], [ 280848.55, 4160397.68 ], [ 280846.13, 4160400.63 ], [ 280846.13, 4160403.03 ], [ 280845.71, 4160404.05 ], [ 280843.55, 4160406.2 ], [ 280842.53, 4160406.63 ], [ 280836.29, 4160406.63 ], [ 280833.45, 4160408.68 ], [ 280831.96, 4160413.13 ], [ 280831.43, 4160413.85 ], [ 280829.35, 4160415.35 ], [ 280828.5, 4160415.63 ], [ 280825.2, 4160415.63 ], [ 280825.02, 4160415.74 ], [ 280822.13, 4160418.63 ], [ 280822.13, 4160418.7 ], [ 280822.32, 4160418.97 ], [ 280822.37, 4160419.05 ], [ 280822.41, 4160419.14 ], [ 280822.45, 4160419.23 ], [ 280822.47, 4160419.33 ], [ 280822.49, 4160419.43 ], [ 280822.5, 4160419.52 ], [ 280822.49, 4160419.62 ], [ 280822.48, 4160419.72 ], [ 280822.46, 4160419.82 ], [ 280822.43, 4160419.91 ], [ 280822.39, 4160420.0 ], [ 280822.34, 4160420.08 ], [ 280822.28, 4160420.16 ], [ 280822.22, 4160420.24 ], [ 280822.14, 4160420.3 ], [ 280822.13, 4160420.31 ], [ 280822.13, 4160421.03 ], [ 280821.71, 4160422.05 ], [ 280819.55, 4160424.2 ], [ 280818.53, 4160424.63 ], [ 280815.91, 4160424.63 ], [ 280815.61, 4160424.83 ], [ 280815.52, 4160424.88 ], [ 280815.44, 4160424.93 ], [ 280815.34, 4160424.96 ], [ 280815.25, 4160424.99 ], [ 280815.15, 4160425.0 ], [ 280815.06, 4160425.01 ], [ 280814.96, 4160425.01 ], [ 280814.86, 4160424.99 ], [ 280814.77, 4160424.97 ], [ 280814.67, 4160424.94 ], [ 280814.58, 4160424.9 ], [ 280814.5, 4160424.85 ], [ 280814.42, 4160424.8 ], [ 280814.35, 4160424.73 ], [ 280814.28, 4160424.66 ], [ 280814.25, 4160424.63 ], [ 280810.73, 4160424.63 ], [ 280809.71, 4160424.2 ], [ 280807.55, 4160422.05 ], [ 280806.9, 4160420.48 ], [ 280806.68, 4160420.36 ], [ 280807.13, 4160419.87 ], [ 280807.13, 4160418.42 ], [ 280807.1, 4160418.38 ], [ 280805.03, 4160415.42 ], [ 280804.98, 4160415.34 ], [ 280804.93, 4160415.25 ], [ 280804.9, 4160415.16 ], [ 280804.87, 4160415.06 ], [ 280804.86, 4160414.97 ], [ 280804.85, 4160414.87 ], [ 280804.85, 4160414.77 ], [ 280804.87, 4160414.67 ], [ 280804.89, 4160414.58 ], [ 280804.92, 4160414.48 ], [ 280804.96, 4160414.39 ], [ 280805.01, 4160414.31 ], [ 280805.07, 4160414.23 ], [ 280805.13, 4160414.15 ], [ 280805.2, 4160414.09 ], [ 280805.28, 4160414.03 ], [ 280806.53, 4160413.15 ], [ 280805.82, 4160412.12 ], [ 280805.76, 4160412.04 ], [ 280805.72, 4160411.95 ], [ 280805.69, 4160411.86 ], [ 280805.66, 4160411.76 ], [ 280805.64, 4160411.67 ], [ 280805.64, 4160411.57 ], [ 280805.64, 4160411.47 ], [ 280805.65, 4160411.37 ], [ 280805.68, 4160411.28 ], [ 280805.71, 4160411.18 ], [ 280805.75, 4160411.09 ], [ 280805.8, 4160411.01 ], [ 280805.86, 4160410.93 ], [ 280805.92, 4160410.85 ], [ 280805.99, 4160410.79 ], [ 280806.07, 4160410.73 ], [ 280809.75, 4160408.19 ], [ 280809.83, 4160408.14 ], [ 280809.92, 4160408.09 ], [ 280810.01, 4160408.06 ], [ 280810.11, 4160408.03 ], [ 280810.2, 4160408.02 ], [ 280810.3, 4160408.01 ], [ 280810.4, 4160408.01 ], [ 280810.5, 4160408.03 ], [ 280810.59, 4160408.05 ], [ 280810.68, 4160408.08 ], [ 280810.77, 4160408.12 ], [ 280810.86, 4160408.17 ], [ 280810.94, 4160408.22 ], [ 280811.01, 4160408.29 ], [ 280811.08, 4160408.36 ], [ 280811.14, 4160408.44 ], [ 280811.79, 4160409.37 ], [ 280813.56, 4160408.14 ], [ 280813.64, 4160408.09 ], [ 280813.73, 4160408.05 ], [ 280813.82, 4160408.01 ], [ 280813.92, 4160407.99 ], [ 280814.01, 4160407.97 ], [ 280814.11, 4160407.97 ], [ 280814.21, 4160407.97 ], [ 280814.31, 4160407.98 ], [ 280814.4, 4160408.0 ], [ 280814.49, 4160408.03 ], [ 280814.58, 4160408.07 ], [ 280814.67, 4160408.12 ], [ 280814.75, 4160408.18 ], [ 280814.82, 4160408.24 ], [ 280814.89, 4160408.32 ], [ 280814.95, 4160408.39 ], [ 280815.35, 4160408.96 ], [ 280816.96, 4160407.97 ], [ 280817.89, 4160406.1 ], [ 280817.89, 4160406.09 ], [ 280817.84, 4160406.0 ], [ 280817.8, 4160405.91 ], [ 280817.77, 4160405.82 ], [ 280817.75, 4160405.72 ], [ 280817.74, 4160405.63 ], [ 280817.74, 4160405.53 ], [ 280817.75, 4160405.43 ], [ 280817.77, 4160405.33 ], [ 280817.8, 4160405.24 ], [ 280817.83, 4160405.15 ], [ 280817.88, 4160405.06 ], [ 280817.93, 4160404.98 ], [ 280817.99, 4160404.9 ], [ 280818.06, 4160404.83 ], [ 280818.14, 4160404.77 ], [ 280825.84, 4160398.97 ], [ 280825.92, 4160398.91 ], [ 280826.0, 4160398.87 ], [ 280826.09, 4160398.83 ], [ 280826.19, 4160398.8 ], [ 280826.28, 4160398.78 ], [ 280826.38, 4160398.77 ], [ 280826.48, 4160398.77 ], [ 280826.57, 4160398.78 ], [ 280826.67, 4160398.79 ], [ 280826.76, 4160398.82 ], [ 280826.85, 4160398.86 ], [ 280826.94, 4160398.9 ], [ 280827.02, 4160398.96 ], [ 280827.1, 4160399.02 ], [ 280827.17, 4160399.09 ], [ 280827.23, 4160399.16 ], [ 280828.79, 4160401.21 ], [ 280830.01, 4160400.91 ], [ 280831.77, 4160399.66 ], [ 280833.62, 4160396.89 ], [ 280833.38, 4160396.57 ], [ 280833.33, 4160396.49 ], [ 280833.28, 4160396.4 ], [ 280833.24, 4160396.31 ], [ 280833.21, 4160396.22 ], [ 280833.19, 4160396.12 ], [ 280833.18, 4160396.02 ], [ 280833.18, 4160395.93 ], [ 280833.19, 4160395.83 ], [ 280833.21, 4160395.73 ], [ 280833.23, 4160395.64 ], [ 280833.27, 4160395.54 ], [ 280833.32, 4160395.46 ], [ 280833.37, 4160395.38 ], [ 280833.43, 4160395.3 ], [ 280833.5, 4160395.23 ], [ 280833.58, 4160395.17 ], [ 280835.98, 4160393.36 ], [ 280836.04, 4160393.27 ], [ 280836.57, 4160392.79 ], [ 280837.15, 4160392.47 ], [ 280841.28, 4160389.37 ], [ 280841.36, 4160389.31 ], [ 280841.45, 4160389.26 ], [ 280841.54, 4160389.23 ], [ 280841.63, 4160389.2 ], [ 280841.73, 4160389.18 ], [ 280841.83, 4160389.17 ], [ 280841.92, 4160389.16 ], [ 280842.02, 4160389.17 ], [ 280842.12, 4160389.19 ], [ 280842.21, 4160389.22 ], [ 280842.3, 4160389.26 ], [ 280842.39, 4160389.3 ], [ 280842.43, 4160389.33 ], [ 280843.13, 4160388.63 ], [ 280843.13, 4160388.61 ], [ 280843.46, 4160387.68 ], [ 280845.21, 4160385.55 ], [ 280846.05, 4160385.04 ], [ 280848.01, 4160384.65 ], [ 280854.41, 4160379.82 ], [ 280854.49, 4160379.77 ], [ 280854.58, 4160379.72 ], [ 280854.67, 4160379.68 ], [ 280854.76, 4160379.65 ], [ 280854.86, 4160379.63 ], [ 280854.96, 4160379.62 ], [ 280855.05, 4160379.62 ], [ 280855.15, 4160379.63 ], [ 280855.25, 4160379.65 ], [ 280855.34, 4160379.68 ], [ 280855.43, 4160379.71 ], [ 280855.52, 4160379.76 ], [ 280855.6, 4160379.81 ], [ 280855.68, 4160379.87 ], [ 280855.75, 4160379.94 ], [ 280855.81, 4160380.02 ], [ 280857.09, 4160381.71 ], [ 280858.29, 4160380.35 ], [ 280859.1, 4160369.09 ], [ 280811.87, 4160401.29 ], [ 280796.53, 4160412.24 ], [ 280796.45, 4160412.29 ], [ 280796.38, 4160412.34 ], [ 280796.3, 4160412.38 ], [ 280796.22, 4160412.42 ], [ 280796.14, 4160412.45 ], [ 280796.06, 4160412.48 ], [ 280795.97, 4160412.51 ], [ 280795.89, 4160412.53 ], [ 280795.8, 4160412.55 ], [ 280795.71, 4160412.56 ], [ 280795.62, 4160412.57 ], [ 280796.01, 4160413.5 ], [ 280800.04, 4160417.54 ], [ 280800.37, 4160418.02 ], [ 280800.67, 4160418.75 ], [ 280816.77, 4160436.63 ], [ 280818.53, 4160436.63 ], [ 280819.55, 4160437.05 ], [ 280821.56, 4160439.06 ] ] ], [ [ [ 280870.73, 4160427.63 ], [ 280877.18, 4160427.63 ], [ 280877.68, 4160427.25 ], [ 280877.76, 4160427.19 ], [ 280877.84, 4160427.15 ], [ 280877.93, 4160427.11 ], [ 280878.03, 4160427.08 ], [ 280878.12, 4160427.06 ], [ 280878.22, 4160427.05 ], [ 280878.32, 4160427.05 ], [ 280878.41, 4160427.06 ], [ 280878.51, 4160427.07 ], [ 280878.6, 4160427.1 ], [ 280878.7, 4160427.14 ], [ 280878.78, 4160427.18 ], [ 280878.86, 4160427.24 ], [ 280878.94, 4160427.3 ], [ 280879.01, 4160427.37 ], [ 280879.07, 4160427.44 ], [ 280879.18, 4160427.58 ], [ 280882.13, 4160424.63 ], [ 280882.13, 4160423.9 ], [ 280882.35, 4160423.12 ], [ 280883.57, 4160421.15 ], [ 280884.16, 4160420.61 ], [ 280886.76, 4160419.31 ], [ 280887.31, 4160419.16 ], [ 280889.02, 4160419.04 ], [ 280889.21, 4160419.06 ], [ 280890.85, 4160417.83 ], [ 280890.93, 4160417.77 ], [ 280891.01, 4160417.73 ], [ 280891.1, 4160417.69 ], [ 280891.2, 4160417.66 ], [ 280891.29, 4160417.64 ], [ 280891.39, 4160417.63 ], [ 280891.49, 4160417.63 ], [ 280891.58, 4160417.64 ], [ 280891.68, 4160417.65 ], [ 280891.77, 4160417.68 ], [ 280891.87, 4160417.72 ], [ 280891.95, 4160417.76 ], [ 280892.03, 4160417.82 ], [ 280892.11, 4160417.88 ], [ 280892.18, 4160417.95 ], [ 280892.24, 4160418.02 ], [ 280893.7, 4160419.94 ], [ 280897.13, 4160417.46 ], [ 280897.13, 4160412.42 ], [ 280893.46, 4160407.16 ], [ 280893.4, 4160407.08 ], [ 280893.36, 4160406.99 ], [ 280893.33, 4160406.9 ], [ 280893.3, 4160406.81 ], [ 280893.28, 4160406.71 ], [ 280893.28, 4160406.61 ], [ 280893.28, 4160406.51 ], [ 280893.29, 4160406.42 ], [ 280893.31, 4160406.32 ], [ 280893.35, 4160406.23 ], [ 280893.39, 4160406.14 ], [ 280893.43, 4160406.05 ], [ 280893.49, 4160405.97 ], [ 280893.56, 4160405.9 ], [ 280893.63, 4160405.83 ], [ 280893.71, 4160405.77 ], [ 280897.13, 4160403.39 ], [ 280897.13, 4160395.07 ], [ 280897.38, 4160394.26 ], [ 280898.48, 4160392.61 ], [ 280899.88, 4160392.03 ], [ 280901.82, 4160392.42 ], [ 280902.57, 4160392.82 ], [ 280903.5, 4160393.75 ], [ 280905.62, 4160394.63 ], [ 280909.13, 4160394.63 ], [ 280912.07, 4160392.21 ], [ 280910.73, 4160389.69 ], [ 280910.71, 4160389.69 ], [ 280910.61, 4160389.66 ], [ 280910.52, 4160389.62 ], [ 280910.44, 4160389.58 ], [ 280910.36, 4160389.52 ], [ 280910.28, 4160389.46 ], [ 280910.21, 4160389.39 ], [ 280910.15, 4160389.32 ], [ 280909.6, 4160388.57 ], [ 280908.71, 4160388.2 ], [ 280906.79, 4160386.28 ], [ 280875.75, 4160408.22 ], [ 280875.8, 4160408.22 ], [ 280875.9, 4160408.22 ], [ 280876.0, 4160408.23 ], [ 280876.09, 4160408.25 ], [ 280876.19, 4160408.27 ], [ 280876.28, 4160408.31 ], [ 280876.36, 4160408.36 ], [ 280876.45, 4160408.41 ], [ 280876.52, 4160408.47 ], [ 280876.59, 4160408.54 ], [ 280876.65, 4160408.62 ], [ 280878.9, 4160411.63 ], [ 280878.95, 4160411.71 ], [ 280879.0, 4160411.79 ], [ 280879.03, 4160411.88 ], [ 280879.06, 4160411.98 ], [ 280879.08, 4160412.07 ], [ 280879.09, 4160412.17 ], [ 280879.09, 4160412.27 ], [ 280879.08, 4160412.37 ], [ 280879.07, 4160412.46 ], [ 280879.04, 4160412.56 ], [ 280879.0, 4160412.65 ], [ 280878.95, 4160412.73 ], [ 280878.9, 4160412.81 ], [ 280878.84, 4160412.89 ], [ 280878.77, 4160412.96 ], [ 280878.7, 4160413.02 ], [ 280875.85, 4160415.17 ], [ 280875.77, 4160415.22 ], [ 280875.68, 4160415.27 ], [ 280875.59, 4160415.31 ], [ 280875.49, 4160415.34 ], [ 280875.4, 4160415.36 ], [ 280875.3, 4160415.37 ], [ 280875.2, 4160415.37 ], [ 280875.1, 4160415.36 ], [ 280875.0, 4160415.34 ], [ 280874.91, 4160415.31 ], [ 280874.82, 4160415.27 ], [ 280874.73, 4160415.22 ], [ 280874.65, 4160415.17 ], [ 280874.57, 4160415.1 ], [ 280874.5, 4160415.03 ], [ 280874.44, 4160414.95 ], [ 280872.22, 4160411.9 ], [ 280872.16, 4160411.82 ], [ 280872.12, 4160411.73 ], [ 280872.08, 4160411.64 ], [ 280872.05, 4160411.55 ], [ 280872.04, 4160411.45 ], [ 280872.03, 4160411.35 ], [ 280872.03, 4160411.26 ], [ 280872.04, 4160411.16 ], [ 280872.06, 4160411.06 ], [ 280872.09, 4160410.97 ], [ 280872.12, 4160410.88 ], [ 280872.17, 4160410.8 ], [ 280872.22, 4160410.72 ], [ 280866.6, 4160414.69 ], [ 280866.66, 4160414.9 ], [ 280866.83, 4160416.44 ], [ 280866.8, 4160416.96 ], [ 280864.76, 4160425.12 ], [ 280866.19, 4160428.46 ], [ 280869.07, 4160428.06 ], [ 280869.16, 4160428.28 ], [ 280870.73, 4160427.63 ] ] ], [ [ [ 280872.71, 4160493.2 ], [ 280870.55, 4160491.05 ], [ 280870.13, 4160490.03 ], [ 280870.13, 4160486.68 ], [ 280867.39, 4160482.83 ], [ 280867.34, 4160482.75 ], [ 280867.3, 4160482.66 ], [ 280867.26, 4160482.57 ], [ 280867.23, 4160482.47 ], [ 280867.22, 4160482.37 ], [ 280867.21, 4160482.28 ], [ 280867.21, 4160482.18 ], [ 280867.22, 4160482.08 ], [ 280867.24, 4160481.98 ], [ 280867.28, 4160481.89 ], [ 280867.32, 4160481.8 ], [ 280867.36, 4160481.72 ], [ 280867.42, 4160481.64 ], [ 280867.48, 4160481.56 ], [ 280867.56, 4160481.49 ], [ 280867.63, 4160481.43 ], [ 280875.83, 4160475.65 ], [ 280875.92, 4160475.6 ], [ 280876.0, 4160475.56 ], [ 280876.09, 4160475.52 ], [ 280876.19, 4160475.49 ], [ 280876.29, 4160475.48 ], [ 280876.38, 4160475.47 ], [ 280876.48, 4160475.47 ], [ 280876.58, 4160475.48 ], [ 280876.67, 4160475.5 ], [ 280876.77, 4160475.54 ], [ 280876.86, 4160475.57 ], [ 280876.94, 4160475.62 ], [ 280877.02, 4160475.68 ], [ 280877.1, 4160475.74 ], [ 280877.16, 4160475.81 ], [ 280877.22, 4160475.89 ], [ 280878.19, 4160477.25 ], [ 280878.9, 4160476.77 ], [ 280879.48, 4160475.38 ], [ 280879.13, 4160474.88 ], [ 280879.07, 4160474.8 ], [ 280879.03, 4160474.71 ], [ 280878.99, 4160474.62 ], [ 280878.97, 4160474.52 ], [ 280878.95, 4160474.42 ], [ 280878.94, 4160474.33 ], [ 280878.94, 4160474.23 ], [ 280878.96, 4160474.13 ], [ 280878.98, 4160474.03 ], [ 280879.01, 4160473.94 ], [ 280879.05, 4160473.85 ], [ 280879.1, 4160473.77 ], [ 280879.15, 4160473.68 ], [ 280879.22, 4160473.61 ], [ 280879.29, 4160473.54 ], [ 280879.37, 4160473.48 ], [ 280889.11, 4160466.62 ], [ 280889.19, 4160466.56 ], [ 280889.28, 4160466.52 ], [ 280889.37, 4160466.49 ], [ 280889.47, 4160466.46 ], [ 280889.56, 4160466.44 ], [ 280889.66, 4160466.43 ], [ 280889.76, 4160466.44 ], [ 280889.86, 4160466.45 ], [ 280889.95, 4160466.47 ], [ 280890.04, 4160466.5 ], [ 280890.13, 4160466.54 ], [ 280890.22, 4160466.59 ], [ 280890.3, 4160466.64 ], [ 280890.37, 4160466.71 ], [ 280890.44, 4160466.78 ], [ 280890.5, 4160466.85 ], [ 280893.16, 4160470.59 ], [ 280894.13, 4160469.63 ], [ 280894.13, 4160466.47 ], [ 280894.16, 4160466.38 ], [ 280893.45, 4160465.44 ], [ 280893.39, 4160465.36 ], [ 280893.34, 4160465.28 ], [ 280893.3, 4160465.19 ], [ 280893.27, 4160465.09 ], [ 280893.25, 4160465.0 ], [ 280893.24, 4160464.9 ], [ 280893.24, 4160464.8 ], [ 280893.25, 4160464.7 ], [ 280893.27, 4160464.6 ], [ 280893.3, 4160464.51 ], [ 280893.33, 4160464.42 ], [ 280893.38, 4160464.33 ], [ 280893.43, 4160464.25 ], [ 280893.49, 4160464.17 ], [ 280893.56, 4160464.1 ], [ 280893.64, 4160464.04 ], [ 280901.33, 4160458.23 ], [ 280901.42, 4160458.17 ], [ 280901.5, 4160458.13 ], [ 280901.59, 4160458.09 ], [ 280901.69, 4160458.06 ], [ 280901.78, 4160458.04 ], [ 280901.88, 4160458.03 ], [ 280901.98, 4160458.03 ], [ 280902.07, 4160458.04 ], [ 280902.17, 4160458.05 ], [ 280902.26, 4160458.08 ], [ 280902.36, 4160458.12 ], [ 280902.44, 4160458.16 ], [ 280902.52, 4160458.22 ], [ 280902.6, 4160458.28 ], [ 280902.67, 4160458.35 ], [ 280902.73, 4160458.42 ], [ 280904.28, 4160460.46 ], [ 280906.13, 4160458.96 ], [ 280906.13, 4160456.9 ], [ 280906.35, 4160456.12 ], [ 280907.15, 4160454.83 ], [ 280907.02, 4160454.65 ], [ 280906.96, 4160454.57 ], [ 280906.92, 4160454.48 ], [ 280906.88, 4160454.39 ], [ 280906.85, 4160454.29 ], [ 280906.83, 4160454.19 ], [ 280906.83, 4160454.1 ], [ 280906.83, 4160454.0 ], [ 280906.84, 4160453.9 ], [ 280906.86, 4160453.8 ], [ 280906.89, 4160453.71 ], [ 280906.93, 4160453.62 ], [ 280906.98, 4160453.53 ], [ 280907.03, 4160453.45 ], [ 280907.1, 4160453.38 ], [ 280907.17, 4160453.31 ], [ 280907.25, 4160453.25 ], [ 280915.94, 4160447.04 ], [ 280916.02, 4160446.99 ], [ 280916.11, 4160446.95 ], [ 280916.2, 4160446.91 ], [ 280916.29, 4160446.88 ], [ 280916.39, 4160446.87 ], [ 280916.49, 4160446.86 ], [ 280916.59, 4160446.86 ], [ 280916.68, 4160446.87 ], [ 280916.78, 4160446.89 ], [ 280916.87, 4160446.92 ], [ 280916.96, 4160446.96 ], [ 280917.05, 4160447.01 ], [ 280917.13, 4160447.06 ], [ 280917.2, 4160447.13 ], [ 280917.27, 4160447.2 ], [ 280917.33, 4160447.27 ], [ 280918.12, 4160448.37 ], [ 280918.57, 4160447.96 ], [ 280919.98, 4160445.85 ], [ 280920.01, 4160445.8 ], [ 280920.07, 4160445.72 ], [ 280920.08, 4160445.71 ], [ 280921.53, 4160443.53 ], [ 280921.48, 4160443.46 ], [ 280921.44, 4160443.37 ], [ 280921.4, 4160443.28 ], [ 280921.37, 4160443.19 ], [ 280921.36, 4160443.09 ], [ 280921.35, 4160442.99 ], [ 280921.35, 4160442.89 ], [ 280921.36, 4160442.8 ], [ 280921.38, 4160442.7 ], [ 280921.41, 4160442.61 ], [ 280921.45, 4160442.52 ], [ 280921.5, 4160442.43 ], [ 280921.56, 4160442.35 ], [ 280921.62, 4160442.28 ], [ 280921.69, 4160442.21 ], [ 280921.77, 4160442.15 ], [ 280923.01, 4160441.27 ], [ 280920.53, 4160436.63 ], [ 280917.38, 4160436.63 ], [ 280857.2, 4160481.47 ], [ 280873.9, 4160500.0 ], [ 280876.22, 4160500.0 ], [ 280876.55, 4160499.2 ], [ 280877.01, 4160498.75 ], [ 280877.66, 4160495.48 ], [ 280874.89, 4160493.63 ], [ 280873.73, 4160493.63 ], [ 280872.71, 4160493.2 ] ] ], [ [ [ 280830.88, 4160466.61 ], [ 280831.13, 4160467.22 ], [ 280831.13, 4160469.03 ], [ 280830.71, 4160470.05 ], [ 280830.24, 4160470.51 ], [ 280857.18, 4160500.0 ], [ 280860.98, 4160500.0 ], [ 280846.8, 4160484.28 ], [ 280830.88, 4160466.61 ] ] ], [ [ [ 280838.04, 4160488.45 ], [ 280838.14, 4160488.44 ], [ 280838.23, 4160488.43 ], [ 280838.33, 4160488.43 ], [ 280838.43, 4160488.44 ], [ 280838.53, 4160488.46 ], [ 280838.62, 4160488.48 ], [ 280838.71, 4160488.52 ], [ 280838.8, 4160488.57 ], [ 280838.88, 4160488.62 ], [ 280838.95, 4160488.68 ], [ 280839.02, 4160488.75 ], [ 280849.24, 4160500.0 ], [ 280852.31, 4160500.0 ], [ 280827.48, 4160472.82 ], [ 280825.8, 4160475.96 ], [ 280827.04, 4160482.19 ], [ 280835.06, 4160490.98 ], [ 280837.61, 4160488.68 ], [ 280837.69, 4160488.62 ], [ 280837.77, 4160488.57 ], [ 280837.86, 4160488.52 ], [ 280837.95, 4160488.48 ], [ 280838.04, 4160488.45 ] ] ], [ [ [ 280830.53, 4160494.39 ], [ 280831.9, 4160493.82 ], [ 280832.39, 4160493.39 ], [ 280826.77, 4160487.24 ], [ 280826.3, 4160488.21 ], [ 280825.64, 4160488.87 ], [ 280818.28, 4160492.55 ], [ 280816.71, 4160495.96 ], [ 280817.33, 4160498.42 ], [ 280818.76, 4160500.0 ], [ 280824.76, 4160500.0 ], [ 280830.04, 4160494.71 ], [ 280830.53, 4160494.39 ] ] ], [ [ [ 280951.13, 4160302.03 ], [ 280951.03, 4160301.24 ], [ 280949.72, 4160296.44 ], [ 280913.45, 4160321.23 ], [ 280913.52, 4160321.29 ], [ 280913.9, 4160322.88 ], [ 280912.98, 4160324.85 ], [ 280912.31, 4160325.54 ], [ 280906.92, 4160328.23 ], [ 280906.6, 4160328.35 ], [ 280905.59, 4160328.59 ], [ 280905.25, 4160328.63 ], [ 280902.63, 4160328.63 ], [ 280875.06, 4160347.47 ], [ 280875.59, 4160348.54 ], [ 280875.73, 4160348.99 ], [ 280875.94, 4160350.35 ], [ 280875.93, 4160350.82 ], [ 280875.47, 4160353.58 ], [ 280950.98, 4160302.36 ], [ 280951.13, 4160302.27 ], [ 280951.13, 4160302.03 ] ] ], [ [ [ 280959.53, 4160340.63 ], [ 280960.34, 4160340.96 ], [ 280968.29, 4160335.34 ], [ 280968.26, 4160335.29 ], [ 280960.44, 4160320.21 ], [ 280955.24, 4160327.15 ], [ 280954.72, 4160327.58 ], [ 280952.94, 4160328.47 ], [ 280952.26, 4160328.63 ], [ 280950.26, 4160332.89 ], [ 280953.3, 4160338.97 ], [ 280955.99, 4160340.63 ], [ 280959.53, 4160340.63 ] ] ], [ [ [ 280884.32, 4160359.04 ], [ 280884.41, 4160359.03 ], [ 280884.51, 4160359.02 ], [ 280884.61, 4160359.03 ], [ 280884.71, 4160359.04 ], [ 280884.8, 4160359.06 ], [ 280884.89, 4160359.09 ], [ 280884.98, 4160359.14 ], [ 280885.07, 4160359.19 ], [ 280885.14, 4160359.24 ], [ 280885.22, 4160359.31 ], [ 280885.28, 4160359.38 ], [ 280885.34, 4160359.46 ], [ 280885.56, 4160359.77 ], [ 280887.12, 4160358.72 ], [ 280887.2, 4160358.67 ], [ 280887.29, 4160358.63 ], [ 280887.38, 4160358.59 ], [ 280887.48, 4160358.57 ], [ 280887.58, 4160358.55 ], [ 280887.67, 4160358.55 ], [ 280887.77, 4160358.55 ], [ 280887.87, 4160358.57 ], [ 280887.96, 4160358.59 ], [ 280888.06, 4160358.62 ], [ 280888.14, 4160358.66 ], [ 280888.23, 4160358.71 ], [ 280888.31, 4160358.77 ], [ 280888.38, 4160358.84 ], [ 280888.45, 4160358.91 ], [ 280888.51, 4160358.99 ], [ 280889.86, 4160360.99 ], [ 280891.58, 4160359.74 ], [ 280890.86, 4160358.72 ], [ 280890.81, 4160358.64 ], [ 280890.77, 4160358.55 ], [ 280890.73, 4160358.46 ], [ 280890.7, 4160358.36 ], [ 280890.69, 4160358.27 ], [ 280890.68, 4160358.17 ], [ 280890.68, 4160358.07 ], [ 280890.69, 4160357.97 ], [ 280890.72, 4160357.88 ], [ 280890.75, 4160357.78 ], [ 280890.79, 4160357.69 ], [ 280890.83, 4160357.61 ], [ 280890.89, 4160357.53 ], [ 280890.96, 4160357.45 ], [ 280891.03, 4160357.39 ], [ 280891.1, 4160357.33 ], [ 280892.09, 4160356.63 ], [ 280891.49, 4160355.8 ], [ 280891.44, 4160355.72 ], [ 280891.4, 4160355.63 ], [ 280891.36, 4160355.54 ], [ 280891.34, 4160355.45 ], [ 280891.32, 4160355.36 ], [ 280891.31, 4160355.26 ], [ 280891.31, 4160355.16 ], [ 280891.32, 4160355.07 ], [ 280891.34, 4160354.98 ], [ 280891.37, 4160354.88 ], [ 280891.4, 4160354.79 ], [ 280891.45, 4160354.71 ], [ 280891.5, 4160354.63 ], [ 280891.56, 4160354.56 ], [ 280891.63, 4160354.49 ], [ 280891.7, 4160354.42 ], [ 280891.78, 4160354.37 ], [ 280895.23, 4160352.21 ], [ 280897.77, 4160350.51 ], [ 280897.85, 4160350.46 ], [ 280897.94, 4160350.42 ], [ 280898.03, 4160350.38 ], [ 280898.13, 4160350.36 ], [ 280898.23, 4160350.34 ], [ 280898.32, 4160350.34 ], [ 280898.42, 4160350.34 ], [ 280898.52, 4160350.36 ], [ 280898.61, 4160350.38 ], [ 280898.71, 4160350.41 ], [ 280898.79, 4160350.46 ], [ 280898.88, 4160350.51 ], [ 280898.96, 4160350.57 ], [ 280899.03, 4160350.63 ], [ 280899.1, 4160350.7 ], [ 280899.16, 4160350.78 ], [ 280899.62, 4160351.48 ], [ 280900.64, 4160350.79 ], [ 280900.72, 4160350.74 ], [ 280900.81, 4160350.7 ], [ 280900.9, 4160350.66 ], [ 280901.0, 4160350.64 ], [ 280901.09, 4160350.62 ], [ 280901.19, 4160350.62 ], [ 280901.29, 4160350.62 ], [ 280901.39, 4160350.64 ], [ 280901.48, 4160350.66 ], [ 280901.57, 4160350.69 ], [ 280901.66, 4160350.73 ], [ 280901.75, 4160350.78 ], [ 280901.83, 4160350.84 ], [ 280901.87, 4160350.88 ], [ 280903.13, 4160349.63 ], [ 280903.13, 4160346.61 ], [ 280903.46, 4160345.68 ], [ 280905.21, 4160343.55 ], [ 280906.05, 4160343.04 ], [ 280912.58, 4160341.74 ], [ 280915.31, 4160339.97 ], [ 280915.39, 4160339.93 ], [ 280915.48, 4160339.89 ], [ 280915.57, 4160339.85 ], [ 280915.67, 4160339.83 ], [ 280915.77, 4160339.82 ], [ 280915.86, 4160339.81 ], [ 280915.96, 4160339.82 ], [ 280916.06, 4160339.84 ], [ 280916.15, 4160339.86 ], [ 280916.24, 4160339.9 ], [ 280916.33, 4160339.94 ], [ 280916.41, 4160339.99 ], [ 280916.43, 4160340.0 ], [ 280918.13, 4160338.48 ], [ 280918.13, 4160337.26 ], [ 280918.41, 4160336.4 ], [ 280919.78, 4160334.5 ], [ 280919.77, 4160334.41 ], [ 280919.78, 4160334.31 ], [ 280919.79, 4160334.22 ], [ 280919.81, 4160334.12 ], [ 280919.85, 4160334.03 ], [ 280919.89, 4160333.94 ], [ 280919.94, 4160333.85 ], [ 280920.0, 4160333.78 ], [ 280920.07, 4160333.7 ], [ 280920.14, 4160333.64 ], [ 280920.22, 4160333.58 ], [ 280929.5, 4160327.39 ], [ 280929.59, 4160327.34 ], [ 280929.68, 4160327.3 ], [ 280929.77, 4160327.27 ], [ 280929.86, 4160327.24 ], [ 280929.96, 4160327.23 ], [ 280930.06, 4160327.22 ], [ 280930.07, 4160327.22 ], [ 280931.06, 4160325.73 ], [ 280931.07, 4160325.67 ], [ 280931.1, 4160325.58 ], [ 280931.14, 4160325.49 ], [ 280931.19, 4160325.4 ], [ 280931.25, 4160325.32 ], [ 280931.31, 4160325.25 ], [ 280931.38, 4160325.18 ], [ 280931.46, 4160325.12 ], [ 280931.48, 4160325.1 ], [ 280932.04, 4160324.27 ], [ 280932.57, 4160323.79 ], [ 280934.41, 4160322.8 ], [ 280934.83, 4160322.69 ], [ 280939.9, 4160319.06 ], [ 280939.98, 4160319.01 ], [ 280940.07, 4160318.97 ], [ 280940.16, 4160318.93 ], [ 280940.25, 4160318.9 ], [ 280940.35, 4160318.88 ], [ 280940.45, 4160318.88 ], [ 280940.54, 4160318.88 ], [ 280940.64, 4160318.89 ], [ 280940.74, 4160318.91 ], [ 280940.83, 4160318.94 ], [ 280940.92, 4160318.98 ], [ 280941.01, 4160319.02 ], [ 280941.09, 4160319.08 ], [ 280941.16, 4160319.14 ], [ 280941.23, 4160319.21 ], [ 280941.29, 4160319.29 ], [ 280943.04, 4160321.71 ], [ 280945.13, 4160319.63 ], [ 280945.13, 4160318.9 ], [ 280945.35, 4160318.12 ], [ 280946.43, 4160316.38 ], [ 280946.4, 4160316.33 ], [ 280946.35, 4160316.24 ], [ 280946.32, 4160316.15 ], [ 280946.29, 4160316.06 ], [ 280946.27, 4160315.96 ], [ 280946.26, 4160315.86 ], [ 280946.26, 4160315.76 ], [ 280946.27, 4160315.66 ], [ 280946.29, 4160315.57 ], [ 280946.32, 4160315.48 ], [ 280946.36, 4160315.38 ], [ 280946.41, 4160315.3 ], [ 280946.46, 4160315.22 ], [ 280946.53, 4160315.14 ], [ 280946.6, 4160315.07 ], [ 280946.67, 4160315.01 ], [ 280950.5, 4160312.23 ], [ 280950.58, 4160312.18 ], [ 280950.67, 4160312.14 ], [ 280950.76, 4160312.1 ], [ 280950.85, 4160312.07 ], [ 280950.95, 4160312.05 ], [ 280950.96, 4160312.05 ], [ 280951.13, 4160311.77 ], [ 280951.13, 4160306.61 ], [ 280874.79, 4160358.4 ], [ 280874.65, 4160358.48 ], [ 280874.56, 4160359.07 ], [ 280878.66, 4160362.33 ], [ 280880.1, 4160361.74 ], [ 280880.2, 4160361.72 ], [ 280883.96, 4160359.19 ], [ 280884.04, 4160359.14 ], [ 280884.13, 4160359.1 ], [ 280884.22, 4160359.07 ], [ 280884.32, 4160359.04 ] ] ], [ [ [ 280923.28, 4160350.37 ], [ 280923.32, 4160350.46 ], [ 280923.35, 4160350.56 ], [ 280923.37, 4160350.65 ], [ 280923.39, 4160350.75 ], [ 280923.39, 4160350.85 ], [ 280923.38, 4160350.95 ], [ 280923.37, 4160351.04 ], [ 280923.34, 4160351.14 ], [ 280923.31, 4160351.23 ], [ 280923.27, 4160351.32 ], [ 280923.21, 4160351.4 ], [ 280923.15, 4160351.48 ], [ 280923.09, 4160351.55 ], [ 280923.01, 4160351.62 ], [ 280922.93, 4160351.68 ], [ 280920.16, 4160353.47 ], [ 280918.77, 4160356.01 ], [ 280917.96, 4160356.68 ], [ 280914.98, 4160357.68 ], [ 280913.08, 4160361.47 ], [ 280914.45, 4160365.57 ], [ 280917.29, 4160367.63 ], [ 280920.09, 4160367.63 ], [ 280921.16, 4160368.11 ], [ 280921.46, 4160368.44 ], [ 280932.83, 4160360.4 ], [ 280932.73, 4160360.4 ], [ 280932.63, 4160360.4 ], [ 280932.53, 4160360.38 ], [ 280932.44, 4160360.36 ], [ 280932.35, 4160360.32 ], [ 280932.26, 4160360.28 ], [ 280932.18, 4160360.22 ], [ 280932.1, 4160360.16 ], [ 280932.03, 4160360.1 ], [ 280931.96, 4160360.02 ], [ 280929.57, 4160356.96 ], [ 280929.51, 4160356.88 ], [ 280929.46, 4160356.8 ], [ 280929.42, 4160356.71 ], [ 280929.39, 4160356.62 ], [ 280929.37, 4160356.52 ], [ 280929.36, 4160356.42 ], [ 280929.35, 4160356.33 ], [ 280929.36, 4160356.23 ], [ 280929.38, 4160356.13 ], [ 280929.4, 4160356.04 ], [ 280929.44, 4160355.94 ], [ 280929.48, 4160355.86 ], [ 280929.53, 4160355.77 ], [ 280929.59, 4160355.7 ], [ 280929.66, 4160355.63 ], [ 280929.74, 4160355.56 ], [ 280932.65, 4160353.28 ], [ 280932.73, 4160353.22 ], [ 280932.81, 4160353.17 ], [ 280932.9, 4160353.13 ], [ 280933.0, 4160353.1 ], [ 280933.09, 4160353.08 ], [ 280933.13, 4160353.07 ], [ 280933.13, 4160352.63 ], [ 280930.13, 4160349.63 ], [ 280927.73, 4160349.63 ], [ 280926.71, 4160349.2 ], [ 280924.79, 4160347.28 ], [ 280921.19, 4160346.79 ], [ 280921.09, 4160347.02 ], [ 280923.23, 4160350.29 ], [ 280923.28, 4160350.37 ] ] ], [ [ [ 280974.18, 4160378.31 ], [ 280974.36, 4160378.3 ], [ 280974.53, 4160378.31 ], [ 280974.71, 4160378.33 ], [ 280974.88, 4160378.37 ], [ 280975.05, 4160378.42 ], [ 280975.21, 4160378.49 ], [ 280975.36, 4160378.58 ], [ 280975.51, 4160378.68 ], [ 280975.64, 4160378.8 ], [ 280975.76, 4160378.93 ], [ 280975.87, 4160379.07 ], [ 280975.97, 4160379.22 ], [ 280976.04, 4160379.37 ], [ 280976.11, 4160379.54 ], [ 280976.16, 4160379.71 ], [ 280976.18, 4160379.88 ], [ 280976.2, 4160380.06 ], [ 280976.19, 4160380.24 ], [ 280976.17, 4160380.41 ], [ 280976.13, 4160380.58 ], [ 280976.08, 4160380.75 ], [ 280976.0, 4160380.91 ], [ 280975.96, 4160380.99 ], [ 280978.14, 4160380.62 ], [ 280986.61, 4160374.32 ], [ 280986.74, 4160372.45 ], [ 280985.67, 4160369.23 ], [ 280980.7, 4160368.06 ], [ 280979.22, 4160369.54 ], [ 280978.74, 4160369.86 ], [ 280977.16, 4160370.51 ], [ 280976.59, 4160370.63 ], [ 280972.16, 4160370.63 ], [ 280971.72, 4160370.92 ], [ 280971.64, 4160370.97 ], [ 280971.55, 4160371.01 ], [ 280971.46, 4160371.04 ], [ 280971.36, 4160371.06 ], [ 280971.27, 4160371.08 ], [ 280971.17, 4160371.08 ], [ 280971.07, 4160371.08 ], [ 280970.99, 4160371.06 ], [ 280970.99, 4160371.18 ], [ 280967.79, 4160374.27 ], [ 280968.03, 4160375.23 ], [ 280967.77, 4160376.44 ], [ 280967.21, 4160377.16 ], [ 280967.0, 4160380.54 ], [ 280969.19, 4160381.56 ], [ 280973.36, 4160378.63 ], [ 280973.51, 4160378.53 ], [ 280973.67, 4160378.45 ], [ 280973.84, 4160378.39 ], [ 280974.01, 4160378.34 ], [ 280974.18, 4160378.31 ] ] ], [ [ [ 280964.6, 4160390.72 ], [ 280964.36, 4160389.73 ], [ 280964.47, 4160389.27 ], [ 280961.95, 4160391.04 ], [ 280955.16, 4160396.19 ], [ 280955.02, 4160396.29 ], [ 280954.86, 4160396.37 ], [ 280954.7, 4160396.44 ], [ 280954.53, 4160396.49 ], [ 280954.36, 4160396.53 ], [ 280954.18, 4160396.55 ], [ 280954.0, 4160396.55 ], [ 280953.83, 4160396.54 ], [ 280953.65, 4160396.5 ], [ 280953.49, 4160396.45 ], [ 280953.32, 4160396.39 ], [ 280953.16, 4160396.31 ], [ 280953.02, 4160396.21 ], [ 280952.88, 4160396.1 ], [ 280952.75, 4160395.98 ], [ 280952.64, 4160395.84 ], [ 280952.54, 4160395.69 ], [ 280952.45, 4160395.54 ], [ 280952.39, 4160395.38 ], [ 280952.33, 4160395.21 ], [ 280952.3, 4160395.04 ], [ 280952.28, 4160394.86 ], [ 280952.27, 4160394.68 ], [ 280952.29, 4160394.51 ], [ 280952.32, 4160394.33 ], [ 280952.37, 4160394.16 ], [ 280952.44, 4160394.0 ], [ 280952.52, 4160393.84 ], [ 280952.62, 4160393.7 ], [ 280952.73, 4160393.56 ], [ 280952.85, 4160393.43 ], [ 280952.99, 4160393.32 ], [ 280959.8, 4160388.15 ], [ 280959.85, 4160388.11 ], [ 280965.87, 4160383.89 ], [ 280963.44, 4160379.63 ], [ 280957.13, 4160379.63 ], [ 280954.64, 4160382.12 ], [ 280954.81, 4160382.39 ], [ 280954.86, 4160382.47 ], [ 280954.9, 4160382.56 ], [ 280954.93, 4160382.65 ], [ 280954.96, 4160382.75 ], [ 280954.97, 4160382.85 ], [ 280954.97, 4160382.94 ], [ 280954.97, 4160383.04 ], [ 280954.95, 4160383.14 ], [ 280954.93, 4160383.23 ], [ 280954.89, 4160383.33 ], [ 280954.85, 4160383.41 ], [ 280954.8, 4160383.5 ], [ 280954.74, 4160383.58 ], [ 280954.67, 4160383.65 ], [ 280954.59, 4160383.71 ], [ 280954.51, 4160383.77 ], [ 280954.13, 4160384.02 ], [ 280954.13, 4160385.65 ], [ 280953.8, 4160386.57 ], [ 280952.05, 4160388.71 ], [ 280951.21, 4160389.21 ], [ 280943.7, 4160390.71 ], [ 280943.58, 4160390.79 ], [ 280943.49, 4160390.84 ], [ 280943.4, 4160390.88 ], [ 280943.31, 4160390.91 ], [ 280943.22, 4160390.93 ], [ 280943.12, 4160390.94 ], [ 280943.02, 4160390.95 ], [ 280942.92, 4160390.94 ], [ 280942.83, 4160390.92 ], [ 280942.73, 4160390.9 ], [ 280942.64, 4160390.86 ], [ 280942.55, 4160390.82 ], [ 280942.47, 4160390.77 ], [ 280942.39, 4160390.71 ], [ 280942.32, 4160390.64 ], [ 280942.26, 4160390.57 ], [ 280942.2, 4160390.49 ], [ 280942.19, 4160390.47 ], [ 280939.65, 4160388.39 ], [ 280939.13, 4160387.29 ], [ 280939.13, 4160379.26 ], [ 280939.41, 4160378.4 ], [ 280940.91, 4160376.32 ], [ 280941.14, 4160376.15 ], [ 280940.45, 4160375.08 ], [ 280940.4, 4160374.99 ], [ 280940.36, 4160374.9 ], [ 280940.33, 4160374.81 ], [ 280940.3, 4160374.71 ], [ 280940.29, 4160374.62 ], [ 280940.29, 4160374.52 ], [ 280940.29, 4160374.42 ], [ 280940.31, 4160374.32 ], [ 280940.34, 4160374.23 ], [ 280940.37, 4160374.14 ], [ 280940.41, 4160374.05 ], [ 280940.47, 4160373.97 ], [ 280940.53, 4160373.89 ], [ 280940.59, 4160373.82 ], [ 280940.67, 4160373.75 ], [ 280940.75, 4160373.69 ], [ 280944.93, 4160371.01 ], [ 280945.01, 4160370.96 ], [ 280945.1, 4160370.92 ], [ 280945.2, 4160370.89 ], [ 280945.29, 4160370.86 ], [ 280945.39, 4160370.85 ], [ 280945.49, 4160370.85 ], [ 280945.58, 4160370.85 ], [ 280945.68, 4160370.87 ], [ 280945.77, 4160370.9 ], [ 280945.87, 4160370.93 ], [ 280945.95, 4160370.97 ], [ 280946.04, 4160371.03 ], [ 280946.12, 4160371.09 ], [ 280946.19, 4160371.15 ], [ 280946.25, 4160371.23 ], [ 280946.31, 4160371.31 ], [ 280947.99, 4160373.9 ], [ 280948.09, 4160373.83 ], [ 280948.18, 4160373.79 ], [ 280948.27, 4160373.74 ], [ 280948.36, 4160373.71 ], [ 280948.46, 4160373.69 ], [ 280948.55, 4160373.68 ], [ 280948.65, 4160373.67 ], [ 280948.75, 4160373.68 ], [ 280948.85, 4160373.7 ], [ 280948.94, 4160373.72 ], [ 280949.03, 4160373.76 ], [ 280949.12, 4160373.8 ], [ 280949.21, 4160373.85 ], [ 280949.28, 4160373.91 ], [ 280949.36, 4160373.98 ], [ 280949.42, 4160374.05 ], [ 280949.47, 4160374.12 ], [ 280952.15, 4160372.42 ], [ 280952.49, 4160370.81 ], [ 280954.55, 4160368.17 ], [ 280955.67, 4160367.63 ], [ 280958.38, 4160367.63 ], [ 280962.61, 4160364.66 ], [ 280962.69, 4160364.61 ], [ 280962.78, 4160364.57 ], [ 280962.87, 4160364.53 ], [ 280962.97, 4160364.51 ], [ 280963.06, 4160364.49 ], [ 280963.16, 4160364.48 ], [ 280963.26, 4160364.49 ], [ 280963.36, 4160364.5 ], [ 280963.45, 4160364.52 ], [ 280963.54, 4160364.55 ], [ 280963.63, 4160364.59 ], [ 280963.72, 4160364.64 ], [ 280963.8, 4160364.7 ], [ 280963.87, 4160364.76 ], [ 280963.94, 4160364.83 ], [ 280964.0, 4160364.91 ], [ 280964.72, 4160365.93 ], [ 280966.14, 4160364.33 ], [ 280963.18, 4160359.87 ], [ 280963.13, 4160359.79 ], [ 280963.09, 4160359.7 ], [ 280963.05, 4160359.61 ], [ 280963.03, 4160359.51 ], [ 280963.02, 4160359.42 ], [ 280963.01, 4160359.32 ], [ 280963.02, 4160359.22 ], [ 280963.03, 4160359.12 ], [ 280963.06, 4160359.03 ], [ 280963.09, 4160358.93 ], [ 280963.13, 4160358.85 ], [ 280963.18, 4160358.76 ], [ 280963.24, 4160358.68 ], [ 280963.31, 4160358.61 ], [ 280963.38, 4160358.54 ], [ 280963.46, 4160358.49 ], [ 280966.13, 4160356.72 ], [ 280966.13, 4160356.22 ], [ 280966.55, 4160355.2 ], [ 280968.71, 4160353.05 ], [ 280969.73, 4160352.63 ], [ 280972.35, 4160352.63 ], [ 280973.55, 4160351.83 ], [ 280973.63, 4160351.78 ], [ 280973.72, 4160351.74 ], [ 280973.81, 4160351.71 ], [ 280973.91, 4160351.69 ], [ 280974.0, 4160351.67 ], [ 280974.1, 4160351.67 ], [ 280974.2, 4160351.67 ], [ 280974.3, 4160351.69 ], [ 280974.39, 4160351.71 ], [ 280974.48, 4160351.75 ], [ 280974.57, 4160351.79 ], [ 280974.66, 4160351.84 ], [ 280974.73, 4160351.9 ], [ 280974.81, 4160351.96 ], [ 280974.87, 4160352.04 ], [ 280974.93, 4160352.11 ], [ 280975.21, 4160352.54 ], [ 280977.19, 4160350.57 ], [ 280972.49, 4160342.31 ], [ 280972.06, 4160341.6 ], [ 280971.63, 4160341.46 ], [ 280970.93, 4160340.94 ], [ 280963.13, 4160346.46 ], [ 280963.13, 4160349.03 ], [ 280962.71, 4160350.05 ], [ 280960.55, 4160352.2 ], [ 280959.53, 4160352.63 ], [ 280954.4, 4160352.63 ], [ 280943.14, 4160360.59 ], [ 280942.82, 4160361.87 ], [ 280942.3, 4160362.66 ], [ 280940.18, 4160364.32 ], [ 280939.29, 4160364.63 ], [ 280937.43, 4160364.63 ], [ 280923.25, 4160374.64 ], [ 280921.24, 4160390.72 ], [ 280921.54, 4160392.44 ], [ 280923.3, 4160395.97 ], [ 280925.09, 4160397.07 ], [ 280924.97, 4160397.32 ], [ 280926.72, 4160398.17 ], [ 280928.77, 4160400.81 ], [ 280929.03, 4160402.03 ], [ 280927.69, 4160407.37 ], [ 280927.28, 4160408.08 ], [ 280925.58, 4160409.7 ], [ 280924.85, 4160410.08 ], [ 280917.63, 4160411.52 ], [ 280917.31, 4160411.75 ], [ 280917.22, 4160411.8 ], [ 280917.13, 4160411.84 ], [ 280917.04, 4160411.87 ], [ 280916.95, 4160411.9 ], [ 280916.85, 4160411.91 ], [ 280916.75, 4160411.92 ], [ 280916.65, 4160411.91 ], [ 280916.56, 4160411.9 ], [ 280916.46, 4160411.88 ], [ 280916.37, 4160411.84 ], [ 280916.28, 4160411.8 ], [ 280916.27, 4160411.8 ], [ 280914.86, 4160412.08 ], [ 280913.93, 4160411.96 ], [ 280913.45, 4160411.72 ], [ 280912.04, 4160412.6 ], [ 280912.26, 4160412.92 ], [ 280912.31, 4160413.0 ], [ 280912.36, 4160413.09 ], [ 280912.39, 4160413.18 ], [ 280912.42, 4160413.28 ], [ 280912.43, 4160413.37 ], [ 280912.44, 4160413.47 ], [ 280912.44, 4160413.57 ], [ 280912.42, 4160413.67 ], [ 280912.4, 4160413.76 ], [ 280912.37, 4160413.86 ], [ 280912.33, 4160413.95 ], [ 280912.28, 4160414.03 ], [ 280912.22, 4160414.11 ], [ 280912.16, 4160414.18 ], [ 280912.09, 4160414.25 ], [ 280912.01, 4160414.31 ], [ 280909.13, 4160416.31 ], [ 280909.13, 4160418.03 ], [ 280908.71, 4160419.05 ], [ 280906.55, 4160421.2 ], [ 280905.53, 4160421.63 ], [ 280900.13, 4160421.63 ], [ 280897.18, 4160424.58 ], [ 280897.18, 4160424.59 ], [ 280897.21, 4160424.69 ], [ 280897.23, 4160424.78 ], [ 280897.24, 4160424.88 ], [ 280897.25, 4160424.98 ], [ 280897.24, 4160425.08 ], [ 280897.22, 4160425.17 ], [ 280897.19, 4160425.27 ], [ 280897.15, 4160425.36 ], [ 280897.13, 4160425.4 ], [ 280897.13, 4160427.78 ], [ 280896.82, 4160428.68 ], [ 280895.17, 4160430.8 ], [ 280894.37, 4160431.32 ], [ 280887.16, 4160433.12 ], [ 280887.06, 4160433.12 ], [ 280884.02, 4160435.98 ], [ 280883.97, 4160437.1 ], [ 280882.96, 4160440.13 ], [ 280882.43, 4160440.85 ], [ 280880.35, 4160442.35 ], [ 280879.5, 4160442.63 ], [ 280874.37, 4160442.63 ], [ 280872.25, 4160443.5 ], [ 280853.61, 4160462.15 ], [ 280852.96, 4160462.53 ], [ 280850.86, 4160463.11 ], [ 280850.11, 4160463.12 ], [ 280842.89, 4160461.32 ], [ 280842.09, 4160460.8 ], [ 280840.44, 4160458.68 ], [ 280840.13, 4160457.78 ], [ 280840.13, 4160453.43 ], [ 280839.57, 4160452.68 ], [ 280839.52, 4160452.6 ], [ 280839.47, 4160452.51 ], [ 280839.43, 4160452.42 ], [ 280839.4, 4160452.33 ], [ 280839.38, 4160452.23 ], [ 280839.37, 4160452.13 ], [ 280839.37, 4160452.03 ], [ 280839.38, 4160451.94 ], [ 280839.4, 4160451.84 ], [ 280839.43, 4160451.75 ], [ 280839.47, 4160451.65 ], [ 280839.51, 4160451.57 ], [ 280839.57, 4160451.49 ], [ 280839.63, 4160451.41 ], [ 280839.7, 4160451.34 ], [ 280839.77, 4160451.28 ], [ 280840.42, 4160450.8 ], [ 280840.46, 4160450.68 ], [ 280842.21, 4160448.55 ], [ 280843.05, 4160448.04 ], [ 280844.52, 4160447.75 ], [ 280849.64, 4160443.94 ], [ 280849.72, 4160443.89 ], [ 280849.81, 4160443.84 ], [ 280849.9, 4160443.8 ], [ 280849.99, 4160443.78 ], [ 280850.09, 4160443.76 ], [ 280850.19, 4160443.75 ], [ 280850.28, 4160443.75 ], [ 280850.38, 4160443.76 ], [ 280850.48, 4160443.77 ], [ 280850.57, 4160443.8 ], [ 280850.66, 4160443.84 ], [ 280850.75, 4160443.89 ], [ 280850.83, 4160443.94 ], [ 280850.91, 4160444.0 ], [ 280850.98, 4160444.07 ], [ 280851.04, 4160444.15 ], [ 280852.49, 4160446.09 ], [ 280854.83, 4160442.89 ], [ 280852.78, 4160424.46 ], [ 280824.09, 4160444.74 ], [ 280826.7, 4160447.63 ], [ 280851.4, 4160475.05 ], [ 280852.01, 4160474.62 ], [ 280908.69, 4160432.38 ], [ 280908.65, 4160431.59 ], [ 280911.37, 4160426.15 ], [ 280911.77, 4160425.66 ], [ 280913.22, 4160424.49 ], [ 280913.78, 4160424.21 ], [ 280919.73, 4160422.73 ], [ 280920.95, 4160422.98 ], [ 280921.12, 4160423.12 ], [ 280964.6, 4160390.72 ] ] ], [ [ [ 280930.23, 4160436.22 ], [ 280930.33, 4160436.2 ], [ 280930.42, 4160436.18 ], [ 280930.52, 4160436.17 ], [ 280930.62, 4160436.17 ], [ 280930.72, 4160436.19 ], [ 280930.81, 4160436.21 ], [ 280930.91, 4160436.24 ], [ 280931.0, 4160436.28 ], [ 280931.08, 4160436.33 ], [ 280931.16, 4160436.38 ], [ 280931.24, 4160436.44 ], [ 280931.3, 4160436.52 ], [ 280931.36, 4160436.59 ], [ 280936.17, 4160443.35 ], [ 280936.22, 4160443.43 ], [ 280936.26, 4160443.52 ], [ 280936.3, 4160443.61 ], [ 280936.33, 4160443.71 ], [ 280936.34, 4160443.8 ], [ 280936.35, 4160443.9 ], [ 280936.35, 4160444.0 ], [ 280936.34, 4160444.1 ], [ 280936.31, 4160444.19 ], [ 280936.28, 4160444.29 ], [ 280936.24, 4160444.38 ], [ 280936.2, 4160444.46 ], [ 280936.14, 4160444.54 ], [ 280936.08, 4160444.62 ], [ 280936.0, 4160444.69 ], [ 280935.93, 4160444.75 ], [ 280934.64, 4160445.66 ], [ 280935.26, 4160448.14 ], [ 280935.1, 4160449.23 ], [ 280933.53, 4160451.84 ], [ 280932.64, 4160452.5 ], [ 280926.4, 4160454.06 ], [ 280924.22, 4160456.85 ], [ 280925.21, 4160458.23 ], [ 280925.27, 4160458.31 ], [ 280925.31, 4160458.4 ], [ 280925.35, 4160458.49 ], [ 280925.38, 4160458.58 ], [ 280925.39, 4160458.68 ], [ 280925.4, 4160458.78 ], [ 280925.4, 4160458.88 ], [ 280925.39, 4160458.97 ], [ 280925.37, 4160459.07 ], [ 280925.34, 4160459.16 ], [ 280925.3, 4160459.25 ], [ 280925.25, 4160459.34 ], [ 280925.2, 4160459.42 ], [ 280925.13, 4160459.49 ], [ 280925.06, 4160459.56 ], [ 280924.98, 4160459.62 ], [ 280924.01, 4160460.32 ], [ 280923.71, 4160461.05 ], [ 280921.55, 4160463.2 ], [ 280920.53, 4160463.63 ], [ 280909.13, 4160463.63 ], [ 280907.7, 4160465.06 ], [ 280907.7, 4160465.09 ], [ 280907.72, 4160465.18 ], [ 280907.73, 4160465.28 ], [ 280907.74, 4160465.38 ], [ 280907.73, 4160465.48 ], [ 280907.71, 4160465.57 ], [ 280907.68, 4160465.67 ], [ 280907.64, 4160465.76 ], [ 280907.6, 4160465.85 ], [ 280907.54, 4160465.93 ], [ 280907.48, 4160466.01 ], [ 280907.41, 4160466.08 ], [ 280907.34, 4160466.14 ], [ 280906.13, 4160467.05 ], [ 280906.13, 4160469.03 ], [ 280905.71, 4160470.05 ], [ 280903.55, 4160472.2 ], [ 280902.06, 4160472.82 ], [ 280901.28, 4160476.75 ], [ 280900.64, 4160477.09 ], [ 280901.25, 4160478.23 ], [ 280902.02, 4160482.06 ], [ 280901.88, 4160483.37 ], [ 280902.65, 4160483.45 ], [ 280905.71, 4160486.76 ], [ 280910.95, 4160485.02 ], [ 280912.69, 4160483.51 ], [ 280917.44, 4160474.0 ], [ 280917.8, 4160473.54 ], [ 280919.09, 4160472.43 ], [ 280919.59, 4160472.14 ], [ 280939.47, 4160465.51 ], [ 280940.02, 4160465.63 ], [ 280947.09, 4160460.19 ], [ 280945.49, 4160458.39 ], [ 280945.13, 4160457.43 ], [ 280945.13, 4160454.77 ], [ 280945.49, 4160453.82 ], [ 280947.35, 4160451.67 ], [ 280948.24, 4160451.18 ], [ 280959.63, 4160449.55 ], [ 280960.46, 4160449.91 ], [ 280969.76, 4160442.76 ], [ 280969.52, 4160441.56 ], [ 280969.55, 4160440.85 ], [ 280970.16, 4160438.84 ], [ 280970.53, 4160438.23 ], [ 280974.04, 4160434.71 ], [ 280974.53, 4160434.39 ], [ 280976.1, 4160433.74 ], [ 280976.67, 4160433.63 ], [ 280977.34, 4160433.63 ], [ 280978.54, 4160434.3 ], [ 280979.24, 4160435.47 ], [ 280991.53, 4160426.02 ], [ 280990.55, 4160425.05 ], [ 280990.13, 4160424.03 ], [ 280990.13, 4160419.03 ], [ 280988.28, 4160416.57 ], [ 280988.23, 4160416.49 ], [ 280988.18, 4160416.4 ], [ 280988.14, 4160416.31 ], [ 280988.11, 4160416.22 ], [ 280988.09, 4160416.12 ], [ 280988.08, 4160416.03 ], [ 280988.08, 4160415.93 ], [ 280988.09, 4160415.83 ], [ 280988.11, 4160415.73 ], [ 280988.14, 4160415.64 ], [ 280988.18, 4160415.55 ], [ 280988.2, 4160415.5 ], [ 280987.86, 4160415.06 ], [ 280980.89, 4160413.32 ], [ 280980.09, 4160412.8 ], [ 280978.44, 4160410.68 ], [ 280978.13, 4160409.78 ], [ 280978.13, 4160404.48 ], [ 280977.17, 4160403.08 ], [ 280977.12, 4160403.0 ], [ 280977.08, 4160402.91 ], [ 280977.04, 4160402.82 ], [ 280977.02, 4160402.72 ], [ 280977.0, 4160402.62 ], [ 280977.0, 4160402.53 ], [ 280977.0, 4160402.43 ], [ 280977.01, 4160402.33 ], [ 280977.04, 4160402.24 ], [ 280977.07, 4160402.14 ], [ 280977.11, 4160402.05 ], [ 280977.16, 4160401.97 ], [ 280977.22, 4160401.89 ], [ 280977.28, 4160401.81 ], [ 280977.35, 4160401.75 ], [ 280977.43, 4160401.69 ], [ 280978.82, 4160400.74 ], [ 280979.17, 4160400.04 ], [ 280979.61, 4160399.52 ], [ 280981.34, 4160398.22 ], [ 280982.33, 4160394.72 ], [ 280979.21, 4160392.84 ], [ 280975.61, 4160393.24 ], [ 280924.13, 4160431.6 ], [ 280924.13, 4160433.03 ], [ 280923.71, 4160434.05 ], [ 280923.13, 4160434.63 ], [ 280922.64, 4160438.23 ], [ 280925.56, 4160439.47 ], [ 280929.97, 4160436.35 ], [ 280930.05, 4160436.3 ], [ 280930.14, 4160436.26 ], [ 280930.23, 4160436.22 ] ], [ [ 280948.55, 4160422.79 ], [ 280948.56, 4160422.69 ], [ 280948.57, 4160422.59 ], [ 280948.59, 4160422.5 ], [ 280948.62, 4160422.4 ], [ 280948.66, 4160422.32 ], [ 280948.71, 4160422.23 ], [ 280948.77, 4160422.15 ], [ 280948.83, 4160422.07 ], [ 280948.9, 4160422.01 ], [ 280948.98, 4160421.95 ], [ 280957.62, 4160415.91 ], [ 280957.7, 4160415.86 ], [ 280957.79, 4160415.82 ], [ 280957.88, 4160415.78 ], [ 280957.97, 4160415.75 ], [ 280958.07, 4160415.74 ], [ 280958.17, 4160415.73 ], [ 280958.27, 4160415.73 ], [ 280958.36, 4160415.75 ], [ 280958.46, 4160415.77 ], [ 280958.55, 4160415.8 ], [ 280958.64, 4160415.84 ], [ 280958.73, 4160415.89 ], [ 280958.81, 4160415.94 ], [ 280958.88, 4160416.01 ], [ 280958.95, 4160416.08 ], [ 280959.01, 4160416.15 ], [ 280962.03, 4160420.44 ], [ 280963.22, 4160421.24 ], [ 280963.84, 4160422.15 ], [ 280964.09, 4160423.43 ], [ 280964.1, 4160423.45 ], [ 280964.12, 4160423.54 ], [ 280964.14, 4160423.64 ], [ 280964.15, 4160423.7 ], [ 280965.28, 4160429.38 ], [ 280964.99, 4160430.56 ], [ 280962.9, 4160433.1 ], [ 280961.8, 4160433.63 ], [ 280951.73, 4160433.63 ], [ 280950.71, 4160433.2 ], [ 280948.55, 4160431.05 ], [ 280948.13, 4160430.03 ], [ 280948.13, 4160424.61 ], [ 280948.46, 4160423.68 ], [ 280948.74, 4160423.34 ], [ 280948.68, 4160423.26 ], [ 280948.64, 4160423.17 ], [ 280948.6, 4160423.08 ], [ 280948.58, 4160422.99 ], [ 280948.56, 4160422.89 ], [ 280948.55, 4160422.79 ] ] ], [ [ [ 280926.5, 4160487.56 ], [ 280929.94, 4160492.42 ], [ 280929.99, 4160492.51 ], [ 280930.04, 4160492.59 ], [ 280930.07, 4160492.69 ], [ 280930.1, 4160492.78 ], [ 280930.12, 4160492.88 ], [ 280930.12, 4160492.98 ], [ 280930.12, 4160493.07 ], [ 280930.11, 4160493.17 ], [ 280930.09, 4160493.27 ], [ 280930.06, 4160493.36 ], [ 280930.02, 4160493.45 ], [ 280929.97, 4160493.54 ], [ 280929.91, 4160493.62 ], [ 280929.85, 4160493.69 ], [ 280929.78, 4160493.76 ], [ 280929.7, 4160493.82 ], [ 280925.34, 4160496.88 ], [ 280925.26, 4160496.93 ], [ 280925.17, 4160496.97 ], [ 280925.08, 4160497.01 ], [ 280924.99, 4160497.03 ], [ 280924.89, 4160497.05 ], [ 280924.79, 4160497.06 ], [ 280924.69, 4160497.06 ], [ 280924.6, 4160497.04 ], [ 280924.5, 4160497.02 ], [ 280924.41, 4160496.99 ], [ 280924.32, 4160496.95 ], [ 280924.23, 4160496.9 ], [ 280924.15, 4160496.85 ], [ 280924.08, 4160496.78 ], [ 280924.01, 4160496.71 ], [ 280923.95, 4160496.63 ], [ 280923.94, 4160496.63 ], [ 280919.37, 4160496.63 ], [ 280917.25, 4160497.5 ], [ 280914.76, 4160500.0 ], [ 280930.43, 4160500.0 ], [ 280930.48, 4160499.91 ], [ 280930.53, 4160499.83 ], [ 280930.59, 4160499.75 ], [ 280930.66, 4160499.68 ], [ 280930.73, 4160499.61 ], [ 280933.45, 4160497.51 ], [ 280933.68, 4160497.04 ], [ 280934.77, 4160496.19 ], [ 280933.75, 4160494.87 ], [ 280933.69, 4160494.79 ], [ 280933.65, 4160494.7 ], [ 280933.61, 4160494.61 ], [ 280933.58, 4160494.52 ], [ 280933.55, 4160494.42 ], [ 280933.54, 4160494.33 ], [ 280933.54, 4160494.23 ], [ 280933.55, 4160494.13 ], [ 280933.57, 4160494.03 ], [ 280933.59, 4160493.94 ], [ 280933.63, 4160493.85 ], [ 280933.67, 4160493.76 ], [ 280933.72, 4160493.68 ], [ 280933.78, 4160493.6 ], [ 280933.85, 4160493.53 ], [ 280933.93, 4160493.47 ], [ 280937.47, 4160490.72 ], [ 280937.55, 4160490.66 ], [ 280937.64, 4160490.61 ], [ 280937.73, 4160490.57 ], [ 280937.82, 4160490.54 ], [ 280937.91, 4160490.52 ], [ 280938.01, 4160490.51 ], [ 280938.11, 4160490.51 ], [ 280938.21, 4160490.52 ], [ 280938.3, 4160490.53 ], [ 280938.4, 4160490.56 ], [ 280938.49, 4160490.59 ], [ 280938.58, 4160490.64 ], [ 280938.66, 4160490.69 ], [ 280938.74, 4160490.75 ], [ 280938.81, 4160490.82 ], [ 280938.87, 4160490.89 ], [ 280942.16, 4160495.1 ], [ 280945.13, 4160492.78 ], [ 280945.13, 4160492.72 ], [ 280943.01, 4160490.07 ], [ 280942.95, 4160489.99 ], [ 280942.9, 4160489.91 ], [ 280942.86, 4160489.82 ], [ 280942.83, 4160489.73 ], [ 280942.81, 4160489.63 ], [ 280942.8, 4160489.53 ], [ 280942.79, 4160489.43 ], [ 280942.8, 4160489.34 ], [ 280942.81, 4160489.24 ], [ 280942.84, 4160489.14 ], [ 280942.87, 4160489.05 ], [ 280942.92, 4160488.96 ], [ 280942.97, 4160488.88 ], [ 280943.03, 4160488.8 ], [ 280943.1, 4160488.73 ], [ 280943.17, 4160488.67 ], [ 280947.68, 4160485.08 ], [ 280947.71, 4160485.05 ], [ 280947.72, 4160485.04 ], [ 280947.81, 4160484.97 ], [ 280946.9, 4160483.83 ], [ 280946.84, 4160483.75 ], [ 280946.79, 4160483.67 ], [ 280946.75, 4160483.58 ], [ 280946.72, 4160483.48 ], [ 280946.69, 4160483.39 ], [ 280946.68, 4160483.29 ], [ 280946.68, 4160483.19 ], [ 280946.68, 4160483.09 ], [ 280946.7, 4160483.0 ], [ 280946.72, 4160482.9 ], [ 280946.76, 4160482.81 ], [ 280946.8, 4160482.72 ], [ 280946.85, 4160482.64 ], [ 280946.91, 4160482.56 ], [ 280946.98, 4160482.49 ], [ 280947.05, 4160482.42 ], [ 280949.94, 4160480.11 ], [ 280950.02, 4160480.06 ], [ 280950.11, 4160480.01 ], [ 280950.2, 4160479.97 ], [ 280950.29, 4160479.94 ], [ 280950.38, 4160479.91 ], [ 280950.48, 4160479.9 ], [ 280950.58, 4160479.9 ], [ 280950.68, 4160479.9 ], [ 280950.77, 4160479.92 ], [ 280950.87, 4160479.94 ], [ 280950.96, 4160479.98 ], [ 280951.05, 4160480.02 ], [ 280951.13, 4160480.07 ], [ 280951.21, 4160480.13 ], [ 280951.28, 4160480.2 ], [ 280951.35, 4160480.27 ], [ 280955.64, 4160485.63 ], [ 280958.28, 4160486.15 ], [ 280960.13, 4160483.39 ], [ 280957.29, 4160479.83 ], [ 280957.23, 4160479.75 ], [ 280957.18, 4160479.67 ], [ 280957.14, 4160479.58 ], [ 280957.11, 4160479.49 ], [ 280957.09, 4160479.39 ], [ 280957.08, 4160479.29 ], [ 280957.07, 4160479.19 ], [ 280957.08, 4160479.1 ], [ 280957.09, 4160479.0 ], [ 280957.12, 4160478.9 ], [ 280957.15, 4160478.81 ], [ 280957.2, 4160478.72 ], [ 280957.25, 4160478.64 ], [ 280957.31, 4160478.56 ], [ 280957.38, 4160478.49 ], [ 280957.45, 4160478.43 ], [ 280960.13, 4160476.31 ], [ 280960.13, 4160476.22 ], [ 280960.55, 4160475.2 ], [ 280961.37, 4160474.38 ], [ 280960.79, 4160473.64 ], [ 280960.73, 4160473.56 ], [ 280960.68, 4160473.48 ], [ 280960.64, 4160473.39 ], [ 280960.61, 4160473.3 ], [ 280960.58, 4160473.2 ], [ 280960.57, 4160473.1 ], [ 280960.57, 4160473.0 ], [ 280960.57, 4160472.91 ], [ 280960.59, 4160472.81 ], [ 280960.62, 4160472.71 ], [ 280960.65, 4160472.62 ], [ 280960.69, 4160472.53 ], [ 280960.75, 4160472.45 ], [ 280960.81, 4160472.37 ], [ 280960.87, 4160472.3 ], [ 280960.95, 4160472.24 ], [ 280964.16, 4160469.7 ], [ 280964.24, 4160469.64 ], [ 280964.32, 4160469.59 ], [ 280964.41, 4160469.55 ], [ 280964.51, 4160469.52 ], [ 280964.6, 4160469.5 ], [ 280964.7, 4160469.49 ], [ 280964.8, 4160469.48 ], [ 280964.89, 4160469.49 ], [ 280964.99, 4160469.5 ], [ 280965.09, 4160469.53 ], [ 280965.18, 4160469.56 ], [ 280965.27, 4160469.61 ], [ 280965.35, 4160469.66 ], [ 280965.43, 4160469.72 ], [ 280965.5, 4160469.79 ], [ 280965.56, 4160469.86 ], [ 280967.04, 4160471.71 ], [ 280968.4, 4160470.36 ], [ 280968.39, 4160470.34 ], [ 280968.37, 4160470.25 ], [ 280968.36, 4160470.15 ], [ 280968.36, 4160470.05 ], [ 280968.37, 4160469.95 ], [ 280968.38, 4160469.86 ], [ 280968.41, 4160469.76 ], [ 280968.45, 4160469.67 ], [ 280968.49, 4160469.58 ], [ 280968.55, 4160469.5 ], [ 280968.61, 4160469.42 ], [ 280968.68, 4160469.35 ], [ 280968.75, 4160469.29 ], [ 280969.24, 4160468.91 ], [ 280969.41, 4160468.4 ], [ 280970.43, 4160466.98 ], [ 280970.26, 4160465.38 ], [ 280971.47, 4160465.84 ], [ 280974.64, 4160464.79 ], [ 280977.08, 4160462.92 ], [ 280978.13, 4160461.46 ], [ 280978.13, 4160459.97 ], [ 280978.51, 4160458.73 ], [ 280977.88, 4160458.54 ], [ 280975.79, 4160454.63 ], [ 280975.11, 4160454.63 ], [ 280974.19, 4160454.3 ], [ 280973.32, 4160453.58 ], [ 280971.17, 4160453.53 ], [ 280971.4, 4160452.26 ], [ 280971.65, 4160452.21 ], [ 280971.09, 4160449.43 ], [ 280965.85, 4160453.46 ], [ 280965.88, 4160453.51 ], [ 280967.11, 4160455.33 ], [ 280969.09, 4160455.45 ], [ 280968.65, 4160457.05 ], [ 280969.13, 4160458.22 ], [ 280969.13, 4160458.33 ], [ 280969.45, 4160458.81 ], [ 280969.5, 4160458.89 ], [ 280969.55, 4160458.98 ], [ 280969.58, 4160459.07 ], [ 280969.6, 4160459.17 ], [ 280969.62, 4160459.26 ], [ 280969.62, 4160459.36 ], [ 280969.62, 4160459.46 ], [ 280969.6, 4160459.56 ], [ 280969.58, 4160459.65 ], [ 280969.55, 4160459.75 ], [ 280969.51, 4160459.83 ], [ 280969.46, 4160459.92 ], [ 280969.4, 4160460.0 ], [ 280969.33, 4160460.07 ], [ 280969.26, 4160460.14 ], [ 280969.18, 4160460.2 ], [ 280968.71, 4160460.51 ], [ 280968.65, 4160460.65 ], [ 280968.54, 4160460.75 ], [ 280968.17, 4160462.99 ], [ 280966.98, 4160462.99 ], [ 280966.86, 4160462.59 ], [ 280965.12, 4160463.12 ], [ 280964.85, 4160463.09 ], [ 280962.95, 4160464.36 ], [ 280962.87, 4160464.41 ], [ 280962.78, 4160464.45 ], [ 280962.69, 4160464.48 ], [ 280962.59, 4160464.51 ], [ 280962.5, 4160464.52 ], [ 280962.4, 4160464.53 ], [ 280962.3, 4160464.52 ], [ 280962.2, 4160464.51 ], [ 280962.11, 4160464.48 ], [ 280962.02, 4160464.45 ], [ 280961.93, 4160464.41 ], [ 280961.84, 4160464.36 ], [ 280961.76, 4160464.3 ], [ 280961.69, 4160464.24 ], [ 280961.63, 4160464.16 ], [ 280961.57, 4160464.09 ], [ 280960.53, 4160462.55 ], [ 280954.93, 4160461.85 ], [ 280943.77, 4160470.43 ], [ 280942.63, 4160476.15 ], [ 280942.21, 4160476.91 ], [ 280940.42, 4160478.65 ], [ 280939.64, 4160479.04 ], [ 280930.62, 4160480.54 ], [ 280926.13, 4160484.0 ], [ 280925.52, 4160485.09 ], [ 280926.5, 4160487.56 ] ] ], [ [ [ 280991.08, 4160451.1 ], [ 280991.16, 4160451.05 ], [ 280991.25, 4160451.01 ], [ 280991.35, 4160450.98 ], [ 280991.44, 4160450.96 ], [ 280991.54, 4160450.95 ], [ 280991.64, 4160450.95 ], [ 280991.74, 4160450.96 ], [ 280991.83, 4160450.98 ], [ 280991.93, 4160451.0 ], [ 280992.02, 4160451.04 ], [ 280992.11, 4160451.08 ], [ 280992.19, 4160451.14 ], [ 280992.27, 4160451.2 ], [ 280992.34, 4160451.27 ], [ 280992.4, 4160451.34 ], [ 280992.83, 4160451.91 ], [ 280995.58, 4160449.81 ], [ 280995.66, 4160449.76 ], [ 280995.74, 4160449.71 ], [ 280995.83, 4160449.67 ], [ 280995.93, 4160449.64 ], [ 280996.02, 4160449.62 ], [ 280996.12, 4160449.61 ], [ 280996.22, 4160449.61 ], [ 280996.32, 4160449.62 ], [ 280996.41, 4160449.63 ], [ 280996.51, 4160449.66 ], [ 280996.6, 4160449.7 ], [ 280996.68, 4160449.74 ], [ 280996.77, 4160449.79 ], [ 280996.84, 4160449.86 ], [ 280996.91, 4160449.92 ], [ 280996.98, 4160450.0 ], [ 281000.0, 4160453.93 ], [ 281000.0, 4160427.63 ], [ 280999.45, 4160427.63 ], [ 280980.12, 4160442.49 ], [ 280980.12, 4160442.62 ], [ 280983.13, 4160447.12 ], [ 280983.36, 4160447.74 ], [ 280983.62, 4160449.68 ], [ 280983.56, 4160450.34 ], [ 280983.03, 4160451.93 ], [ 280986.04, 4160454.95 ], [ 280991.0, 4160451.16 ], [ 280991.08, 4160451.1 ] ] ], [ [ [ 280998.72, 4160463.08 ], [ 280997.6, 4160463.63 ], [ 280997.37, 4160463.63 ], [ 280997.01, 4160463.78 ], [ 280992.66, 4160467.1 ], [ 280973.22, 4160486.54 ], [ 280972.74, 4160486.86 ], [ 280971.16, 4160487.51 ], [ 280970.59, 4160487.63 ], [ 280969.13, 4160487.63 ], [ 280967.63, 4160488.86 ], [ 280966.13, 4160487.63 ], [ 280965.88, 4160487.63 ], [ 280965.2, 4160488.16 ], [ 280965.12, 4160488.22 ], [ 280965.04, 4160488.27 ], [ 280964.95, 4160488.31 ], [ 280964.86, 4160488.34 ], [ 280964.76, 4160488.36 ], [ 280964.66, 4160488.37 ], [ 280964.56, 4160488.38 ], [ 280964.47, 4160488.37 ], [ 280964.37, 4160488.36 ], [ 280964.28, 4160488.33 ], [ 280964.18, 4160488.3 ], [ 280964.1, 4160488.25 ], [ 280964.01, 4160488.2 ], [ 280963.94, 4160488.14 ], [ 280963.86, 4160488.07 ], [ 280963.8, 4160488.0 ], [ 280963.39, 4160487.48 ], [ 280962.71, 4160487.2 ], [ 280962.25, 4160486.75 ], [ 280958.98, 4160486.1 ], [ 280957.63, 4160488.12 ], [ 280959.37, 4160490.3 ], [ 280959.43, 4160490.38 ], [ 280959.48, 4160490.46 ], [ 280959.52, 4160490.55 ], [ 280959.55, 4160490.65 ], [ 280959.58, 4160490.74 ], [ 280959.59, 4160490.84 ], [ 280959.59, 4160490.94 ], [ 280959.59, 4160491.03 ], [ 280959.57, 4160491.13 ], [ 280959.55, 4160491.23 ], [ 280959.51, 4160491.32 ], [ 280959.47, 4160491.41 ], [ 280959.42, 4160491.49 ], [ 280959.36, 4160491.57 ], [ 280959.29, 4160491.64 ], [ 280959.21, 4160491.71 ], [ 280956.93, 4160493.52 ], [ 280956.71, 4160494.05 ], [ 280954.55, 4160496.2 ], [ 280953.53, 4160496.63 ], [ 280953.01, 4160496.63 ], [ 280950.89, 4160498.31 ], [ 280950.81, 4160498.37 ], [ 280950.72, 4160498.42 ], [ 280950.63, 4160498.46 ], [ 280950.54, 4160498.49 ], [ 280950.44, 4160498.51 ], [ 280950.35, 4160498.52 ], [ 280950.25, 4160498.53 ], [ 280950.15, 4160498.52 ], [ 280950.06, 4160498.51 ], [ 280949.96, 4160498.48 ], [ 280949.87, 4160498.45 ], [ 280949.78, 4160498.4 ], [ 280949.7, 4160498.35 ], [ 280949.62, 4160498.29 ], [ 280949.55, 4160498.23 ], [ 280949.48, 4160498.15 ], [ 280948.26, 4160496.63 ], [ 280948.13, 4160496.63 ], [ 280945.45, 4160499.31 ], [ 280945.98, 4160500.0 ], [ 280963.13, 4160500.0 ], [ 280963.13, 4160497.22 ], [ 280963.55, 4160496.2 ], [ 280965.71, 4160494.05 ], [ 280967.28, 4160493.4 ], [ 280967.63, 4160492.74 ], [ 280967.98, 4160493.4 ], [ 280969.55, 4160494.05 ], [ 280970.1, 4160494.59 ], [ 280991.41, 4160477.69 ], [ 281000.0, 4160470.46 ], [ 281000.0, 4160461.49 ], [ 280999.88, 4160461.58 ], [ 280998.72, 4160463.08 ] ] ], [ [ [ 280894.73, 4160493.63 ], [ 280896.1, 4160493.63 ], [ 280899.1, 4160490.57 ], [ 280899.08, 4160489.66 ], [ 280899.26, 4160489.04 ], [ 280897.34, 4160485.36 ], [ 280897.04, 4160485.26 ], [ 280896.95, 4160485.19 ], [ 280895.19, 4160484.63 ], [ 280887.29, 4160484.63 ], [ 280884.45, 4160486.68 ], [ 280882.96, 4160491.13 ], [ 280882.31, 4160492.02 ], [ 280884.14, 4160496.73 ], [ 280884.16, 4160496.74 ], [ 280885.74, 4160497.39 ], [ 280886.22, 4160497.71 ], [ 280886.37, 4160497.87 ], [ 280891.27, 4160496.89 ], [ 280891.55, 4160496.2 ], [ 280893.71, 4160494.05 ], [ 280894.73, 4160493.63 ] ] ] ] } },
{ "type": "Feature", "properties": { "id": "richmond_structure:409671", "name": null, "kind": "deck", "sport": null, "surface": null, "pitch_layout": null, "source": "richmond_structures", "source_updated": "2026-09-08T12:07:13.637000Z", "base_z": null, "top_z": null }, "geometry": { "type": "Polygon", "coordinates": [ [ [ 280909.72, 4160414.0 ], [ 280911.62, 4160412.52 ], [ 280902.74, 4160401.03 ], [ 280900.83, 4160402.5 ], [ 280909.72, 4160414.0 ] ] ] } },
{ "type": "Feature", "properties": { "id": "richmond_structure:409670", "name": null, "kind": "deck", "sport": null, "surface": null, "pitch_layout": null, "source": "richmond_structures", "source_updated": "2026-09-08T12:07:13.637000Z", "base_z": null, "top_z": null }, "geometry": { "type": "Polygon", "coordinates": [ [ [ 280915.73, 4160412.07 ], [ 280918.32, 4160410.16 ], [ 280915.58, 4160406.45 ], [ 280912.99, 4160408.36 ], [ 280915.73, 4160412.07 ] ] ] } },
{ "type": "Feature", "properties": { "id": "richmond_structure:276619", "name": null, "kind": "deck", "sport": null, "surface": null, "pitch_layout": null, "source": "richmond_structures", "source_updated": "2026-09-08T12:07:13.637000Z", "base_z": null, "top_z": null }, "geometry": { "type": "Polygon", "coordinates": [ [ [ 280887.29, 4160417.1 ], [ 280886.41, 4160417.63 ], [ 280886.17, 4160419.34 ], [ 280883.45, 4160421.64 ], [ 280883.34, 4160423.85 ], [ 280884.75, 4160425.43 ], [ 280891.36, 4160420.55 ], [ 280889.4, 4160417.52 ], [ 280887.29, 4160417.1 ] ] ] } },
{ "type": "Feature", "properties": { "id": "richmond_structure:409666", "name": null, "kind": "deck", "sport": null, "surface": null, "pitch_layout": null, "source": "richmond_structures", "source_updated": "2026-09-08T12:07:13.637000Z", "base_z": null, "top_z": null }, "geometry": { "type": "Polygon", "coordinates": [ [ [ 280881.86, 4160431.26 ], [ 280884.48, 4160429.33 ], [ 280881.98, 4160425.92 ], [ 280879.36, 4160427.84 ], [ 280881.86, 4160431.26 ] ] ] } },
{ "type": "Feature", "properties": { "id": "richmond_structure:409678", "name": null, "kind": "deck", "sport": null, "surface": null, "pitch_layout": null, "source": "richmond_structures", "source_updated": "2026-09-08T12:07:13.637000Z", "base_z": null, "top_z": null }, "geometry": { "type": "Polygon", "coordinates": [ [ [ 280923.34, 4160462.71 ], [ 280921.77, 4160461.83 ], [ 280918.64, 4160464.16 ], [ 280921.62, 4160466.38 ], [ 280924.68, 4160466.5 ], [ 280928.77, 4160466.07 ], [ 280928.9, 4160463.1 ], [ 280923.34, 4160462.71 ] ] ] } },
{ "type": "Feature", "properties": { "id": "richmond_structure:276728", "name": null, "kind": "deck", "sport": null, "surface": null, "pitch_layout": null, "source": "richmond_structures", "source_updated": "2026-09-08T12:07:13.637000Z", "base_z": null, "top_z": null }, "geometry": { "type": "Polygon", "coordinates": [ [ [ 280908.75, 4160470.66 ], [ 280909.49, 4160469.2 ], [ 280907.46, 4160466.3 ], [ 280900.37, 4160471.13 ], [ 280903.36, 4160473.29 ], [ 280904.46, 4160473.5 ], [ 280908.75, 4160470.66 ] ] ] } },
{ "type": "Feature", "properties": { "id": "imagery:groundcover_paved:259", "name": null, "kind": "groundcover_paved", "sport": null, "surface": null, "pitch_layout": null, "source": "vgin_vbmp+naip+lidar2025", "source_updated": null, "base_z": null, "top_z": null }, "geometry": { "type": "Polygon", "coordinates": [ [ [ 280916.49, 4160493.0 ], [ 280916.22, 4160492.59 ], [ 280916.0, 4160492.15 ], [ 280915.89, 4160491.87 ], [ 280905.31, 4160500.0 ], [ 280916.63, 4160500.0 ], [ 280919.77, 4160497.65 ], [ 280916.49, 4160493.0 ] ] ] } },
{ "type": "Feature", "properties": { "id": "richmond_structure:274086", "name": null, "kind": "deck", "sport": null, "surface": null, "pitch_layout": null, "source": "richmond_structures", "source_updated": "2026-09-08T12:07:13.637000Z", "base_z": null, "top_z": null }, "geometry": { "type": "Polygon", "coordinates": [ [ [ 280833.05, 4160406.51 ], [ 280827.45, 4160410.04 ], [ 280830.48, 4160414.84 ], [ 280836.08, 4160411.31 ], [ 280833.05, 4160406.51 ] ] ] } },
{ "type": "Feature", "properties": { "id": "richmond_structure:274083", "name": null, "kind": "deck", "sport": null, "surface": null, "pitch_layout": null, "source": "richmond_structures", "source_updated": "2026-09-08T12:07:13.637000Z", "base_z": null, "top_z": null }, "geometry": { "type": "Polygon", "coordinates": [ [ [ 280819.98, 4160420.9 ], [ 280816.89, 4160423.22 ], [ 280822.68, 4160430.95 ], [ 280825.77, 4160428.63 ], [ 280819.98, 4160420.9 ] ] ] } },
{ "type": "Feature", "properties": { "id": "richmond_structure:276606", "name": null, "kind": "deck", "sport": null, "surface": null, "pitch_layout": null, "source": "richmond_structures", "source_updated": "2026-09-08T12:07:13.637000Z", "base_z": null, "top_z": null }, "geometry": { "type": "Polygon", "coordinates": [ [ [ 280878.6, 4160427.15 ], [ 280875.04, 4160426.94 ], [ 280870.44, 4160430.35 ], [ 280872.94, 4160433.98 ], [ 280879.82, 4160428.97 ], [ 280878.6, 4160427.15 ] ] ] } },
{ "type": "Feature", "properties": { "id": "richmond_structure:274084", "name": null, "kind": "deck", "sport": null, "surface": null, "pitch_layout": null, "source": "richmond_structures", "source_updated": "2026-09-08T12:07:13.637000Z", "base_z": null, "top_z": null }, "geometry": { "type": "Polygon", "coordinates": [ [ [ 280823.12, 4160432.06 ], [ 280825.89, 4160435.81 ], [ 280830.79, 4160432.19 ], [ 280828.03, 4160428.45 ], [ 280823.12, 4160432.06 ] ] ] } },
{ "type": "Feature", "properties": { "id": "richmond_structure:409667", "name": null, "kind": "deck", "sport": null, "surface": null, "pitch_layout": null, "source": "richmond_structures", "source_updated": "2026-09-08T12:07:13.637000Z", "base_z": null, "top_z": null }, "geometry": { "type": "Polygon", "coordinates": [ [ [ 280860.36, 4160434.66 ], [ 280860.35, 4160436.16 ], [ 280860.89, 4160437.58 ], [ 280863.17, 4160440.69 ], [ 280867.91, 4160437.2 ], [ 280866.55, 4160435.36 ], [ 280860.36, 4160434.66 ] ] ] } },
{ "type": "Feature", "properties": { "id": "richmond_structure:409668", "name": null, "kind": "deck", "sport": null, "surface": null, "pitch_layout": null, "source": "richmond_structures", "source_updated": "2026-09-08T12:07:13.637000Z", "base_z": null, "top_z": null }, "geometry": { "type": "Polygon", "coordinates": [ [ [ 280839.88, 4160449.64 ], [ 280847.07, 4160444.06 ], [ 280844.83, 4160441.17 ], [ 280837.64, 4160446.75 ], [ 280839.88, 4160449.64 ] ] ] } },
{ "type": "Feature", "properties": { "id": "richmond_structure:276727", "name": null, "kind": "deck", "sport": null, "surface": null, "pitch_layout": null, "source": "richmond_structures", "source_updated": "2026-09-08T12:07:13.637000Z", "base_z": null, "top_z": null }, "geometry": { "type": "Polygon", "coordinates": [ [ [ 280854.3, 4160452.86 ], [ 280856.26, 4160455.5 ], [ 280859.19, 4160453.32 ], [ 280857.22, 4160450.69 ], [ 280854.3, 4160452.86 ] ] ] } },
{ "type": "Feature", "properties": { "id": "richmond_structure:274482", "name": null, "kind": "deck", "sport": null, "surface": null, "pitch_layout": null, "source": "richmond_structures", "source_updated": "2026-09-08T12:07:13.637000Z", "base_z": null, "top_z": null }, "geometry": { "type": "Polygon", "coordinates": [ [ [ 280880.84, 4160496.3 ], [ 280884.13, 4160494.0 ], [ 280884.22, 4160492.5 ], [ 280882.32, 4160489.67 ], [ 280877.05, 4160493.45 ], [ 280879.25, 4160496.19 ], [ 280880.84, 4160496.3 ] ] ] } },
{ "type": "Feature", "properties": { "id": "richmond_structure:274500", "name": null, "kind": "deck", "sport": null, "surface": null, "pitch_layout": null, "source": "richmond_structures", "source_updated": "2026-09-08T12:07:13.637000Z", "base_z": null, "top_z": null }, "geometry": { "type": "Polygon", "coordinates": [ [ [ 280924.85, 4160361.5 ], [ 280927.78, 4160359.53 ], [ 280925.11, 4160355.5 ], [ 280921.94, 4160357.4 ], [ 280924.85, 4160361.5 ] ] ] } },
{ "type": "Feature", "properties": { "id": "richmond_structure:276590", "name": null, "kind": "deck", "sport": null, "surface": null, "pitch_layout": null, "source": "richmond_structures", "source_updated": "2026-09-08T12:07:13.637000Z", "base_z": null, "top_z": null }, "geometry": { "type": "Polygon", "coordinates": [ [ [ 280966.8, 4160364.72 ], [ 280968.8, 4160367.15 ], [ 280971.25, 4160365.21 ], [ 280969.78, 4160363.35 ], [ 280970.63, 4160362.68 ], [ 280967.84, 4160359.17 ], [ 280968.07, 4160358.99 ], [ 280965.84, 4160358.51 ], [ 280965.1, 4160361.74 ], [ 280966.8, 4160364.72 ] ] ] } },
{ "type": "Feature", "properties": { "id": "richmond_structure:409674", "name": null, "kind": "deck", "sport": null, "surface": null, "pitch_layout": null, "source": "richmond_structures", "source_updated": "2026-09-08T12:07:13.637000Z", "base_z": null, "top_z": null }, "geometry": { "type": "Polygon", "coordinates": [ [ [ 280954.18, 4160372.85 ], [ 280954.62, 4160372.53 ], [ 280952.19, 4160369.23 ], [ 280948.12, 4160372.24 ], [ 280952.98, 4160379.27 ], [ 280955.05, 4160377.74 ], [ 280954.63, 4160377.16 ], [ 280956.4, 4160375.85 ], [ 280954.18, 4160372.85 ] ] ] } },
{ "type": "Feature", "properties": { "id": "richmond_structure:274390", "name": null, "kind": "deck", "sport": null, "surface": null, "pitch_layout": null, "source": "richmond_structures", "source_updated": "2026-09-08T12:07:13.637000Z", "base_z": null, "top_z": null }, "geometry": { "type": "Polygon", "coordinates": [ [ [ 280990.9, 4160410.96 ], [ 280989.41, 4160412.06 ], [ 280990.69, 4160413.73 ], [ 280995.15, 4160410.43 ], [ 280991.11, 4160404.96 ], [ 280988.11, 4160407.18 ], [ 280990.9, 4160410.96 ] ] ] } },
{ "type": "Feature", "properties": { "id": "richmond_structure:276586", "name": null, "kind": "deck", "sport": null, "surface": null, "pitch_layout": null, "source": "richmond_structures", "source_updated": "2026-09-08T12:07:13.637000Z", "base_z": null, "top_z": null }, "geometry": { "type": "Polygon", "coordinates": [ [ [ 280928.95, 4160455.0 ], [ 280933.82, 4160451.18 ], [ 280931.69, 4160448.27 ], [ 280926.61, 4160451.99 ], [ 280925.94, 4160451.07 ], [ 280924.32, 4160452.25 ], [ 280926.59, 4160455.14 ], [ 280928.14, 4160455.19 ], [ 280928.95, 4160455.0 ] ] ] } },
{ "type": "Feature", "properties": { "id": "richmond_structure:274388", "name": null, "kind": "deck", "sport": null, "surface": null, "pitch_layout": null, "source": "richmond_structures", "source_updated": "2026-09-08T12:07:13.637000Z", "base_z": null, "top_z": null }, "geometry": { "type": "Polygon", "coordinates": [ [ [ 280973.89, 4160461.66 ], [ 280977.75, 4160466.67 ], [ 280981.1, 4160464.09 ], [ 280977.24, 4160459.08 ], [ 280973.89, 4160461.66 ] ] ] } },
{ "type": "Feature", "properties": { "id": "richmond_structure:274389", "name": null, "kind": "deck", "sport": null, "surface": null, "pitch_layout": null, "source": "richmond_structures", "source_updated": "2026-09-08T12:07:13.637000Z", "base_z": null, "top_z": null }, "geometry": { "type": "Polygon", "coordinates": [ [ [ 280968.83, 4160461.02 ], [ 280965.57, 4160463.66 ], [ 280968.03, 4160466.7 ], [ 280971.29, 4160464.07 ], [ 280968.83, 4160461.02 ] ] ] } },
{ "type": "Feature", "properties": { "id": "osm:way/236138604", "name": null, "kind": "grass", "sport": null, "surface": null, "pitch_layout": null, "source": null, "source_updated": null, "base_z": null, "top_z": null }, "geometry": { "type": "Polygon", "coordinates": [ [ [ 281000.0, 4160500.0 ], [ 281000.0, 4160491.02 ], [ 280988.64, 4160500.0 ], [ 281000.0, 4160500.0 ] ] ] } }
]
}
