{
"type": "FeatureCollection",
"name": "buildings",
"crs": { "type": "name", "properties": { "name": "urn:ogc:def:crs:EPSG::32618" } },
"xy_coordinate_resolution": 0.01,
"features": [
{ "type": "Feature", "properties": { "id": "osm:way/627479714", "name": null, "height": 2.95, "min_height": 0.0, "levels": null, "height_source": "lidar", "roof_shape": "flat", "roof_height": 0.37, "roof_azimuth": null, "roof_source": "lod2", "roof_color": "roof_flat", "roof_color_source": "ortho", "lod2_roof": { "v": [ [ 281701.25, 4157576.42, 0.36 ], [ 281698.99, 4157571.39, 0.0 ], [ 281704.36, 4157569.0, 0.01 ], [ 281706.62, 4157574.04, 0.37 ] ], "f": [ [ [ 0, 1, 2, 3 ] ] ] }, "roof_props": null, "wall_color": "brick", "wall_color_source": "assessor", "type": "parking", "landmark": null, "footprint_source": "osm", "source_updated": null, "is_part": false, "parent": null, "hidden": false, "addr": null, "wikidata": null, "website": null, "zoning": "R-5", "lidar_p90": 3.0, "ground_z": 61.39 }, "geometry": { "type": "Polygon", "coordinates": [ [ [ 281706.62, 4157574.04 ], [ 281704.36, 4157569.0 ], [ 281698.99, 4157571.39 ], [ 281701.24, 4157576.42 ], [ 281706.62, 4157574.04 ] ] ] } },
{ "type": "Feature", "properties": { "id": "osm:way/236149864", "name": null, "height": 4.11, "min_height": 0.0, "levels": null, "height_source": "lidar", "roof_shape": "flat", "roof_height": 2.17, "roof_azimuth": null, "roof_source": "lod2", "roof_color": "roof_flat", "roof_color_source": "ortho", "lod2_roof": { "v": [ [ 281732.11, 4157508.84, 1.34 ], [ 281733.56, 4157510.26, 1.48 ], [ 281733.32, 4157511.06, 1.54 ], [ 281731.22, 4157511.43, 1.52 ], [ 281731.0, 4157510.08, 1.41 ], [ 281677.01, 4157531.92, 1.52 ], [ 281678.34, 4157534.77, 1.53 ], [ 281676.05, 4157535.84, 1.54 ], [ 281675.14, 4157535.48, 1.55 ], [ 281674.4, 4157533.79, 1.54 ], [ 281674.86, 4157533.54, 1.54 ], [ 281675.12, 4157532.16, 1.53 ], [ 281671.74, 4157520.59, 0.09 ], [ 281677.01, 4157531.92, 0.07 ], [ 281675.12, 4157532.16, 0.07 ], [ 281674.86, 4157533.54, 0.07 ], [ 281674.4, 4157533.79, 0.07 ], [ 281675.14, 4157535.48, 0.06 ], [ 281676.05, 4157535.84, 0.06 ], [ 281668.68, 4157539.28, 0.05 ], [ 281661.64, 4157524.19, 0.08 ], [ 281667.95, 4157521.13, 0.09 ], [ 281664.06, 4157513.14, 0.1 ], [ 281664.67, 4157512.85, 0.1 ], [ 281664.85, 4157513.22, 0.1 ], [ 281681.18, 4157505.74, 0.13 ], [ 281684.87, 4157514.23, 0.12 ], [ 281689.36, 4157529.62, 2.17 ], [ 281678.34, 4157534.77, 2.16 ], [ 281677.01, 4157531.92, 2.16 ], [ 281671.74, 4157520.59, 2.16 ], [ 281684.87, 4157514.23, 2.16 ], [ 281686.66, 4157513.37, 2.17 ], [ 281691.53, 4157511.01, 2.17 ], [ 281695.06, 4157518.79, 2.17 ], [ 281698.12, 4157525.54, 2.17 ], [ 281707.44, 4157512.6, 0.31 ], [ 281798.19, 4157468.78, 0.3 ], [ 281805.88, 4157484.57, 0.3 ], [ 281748.25, 4157512.4, 0.31 ], [ 281749.24, 4157514.43, 0.3 ], [ 281726.45, 4157525.25, 0.31 ], [ 281725.5, 4157523.31, 0.31 ], [ 281694.31, 4157538.37, 0.31 ], [ 281695.69, 4157541.22, 0.31 ], [ 281695.38, 4157541.37, 0.31 ], [ 281689.36, 4157529.62, 0.31 ], [ 281698.12, 4157525.54, 0.31 ], [ 281695.06, 4157518.79, 0.31 ], [ 281700.19, 4157515.14, 0.31 ], [ 281699.51, 4157514.02, 0.31 ], [ 281706.49, 4157510.65, 0.31 ], [ 281733.56, 4157510.26, 0.31 ], [ 281732.11, 4157508.84, 0.31 ], [ 281731.0, 4157510.08, 0.31 ], [ 281731.22, 4157511.43, 0.31 ], [ 281733.32, 4157511.06, 0.31 ], [ 281676.05, 4157535.84, 0.0 ], [ 281668.68, 4157539.28, 0.0 ], [ 281695.38, 4157541.37, 0.0 ], [ 281689.36, 4157529.62, 0.0 ], [ 281684.87, 4157514.23, 0.0 ], [ 281686.66, 4157513.37, 0.0 ], [ 281681.18, 4157505.74, 0.0 ], [ 281678.34, 4157534.77, 0.0 ] ], "f": [ [ [ 0, 1, 2, 3, 4 ] ], [ [ 5, 6, 7, 8, 9, 10, 11 ] ], [ [ 12, 13, 14, 15, 16, 17, 18, 19, 20, 21, 22, 23, 24, 25, 26 ] ], [ [ 27, 28, 29, 30, 31, 32, 33, 34, 35 ] ], [ [ 36, 37, 38, 39, 40, 41, 42, 43, 44, 45, 46, 47, 48, 49, 50, 51 ], [ 52, 53, 54, 55, 56 ] ], [ [ 7, 18, 17, 8 ] ], [ [ 18, 57, 58, 19 ] ], [ [ 45, 59, 60, 46 ] ], [ [ 31, 26, 61, 62, 32 ] ], [ [ 8, 17, 16, 9 ] ], [ [ 25, 63, 61, 26 ] ], [ [ 3, 55, 54, 4 ] ], [ [ 11, 14, 13, 5 ] ], [ [ 10, 15, 14, 11 ] ], [ [ 1, 52, 56, 2 ] ], [ [ 2, 56, 55, 3 ] ], [ [ 4, 54, 53, 0 ] ], [ [ 0, 53, 52, 1 ] ], [ [ 9, 16, 15, 10 ] ], [ [ 6, 64, 57, 18, 7 ] ], [ [ 28, 6, 5, 29 ] ], [ [ 30, 12, 26, 31 ] ], [ [ 34, 48, 47, 35 ] ], [ [ 35, 47, 46, 27 ] ], [ [ 29, 5, 13, 12, 30 ] ], [ [ 27, 46, 60, 64, 6, 28 ] ] ] }, "roof_props": null, "wall_color": "brick", "wall_color_source": "assessor", "type": "school", "landmark": null, "footprint_source": "osm", "source_updated": null, "is_part": false, "parent": null, "hidden": false, "addr": "1821 Amelia Street", "wikidata": null, "website": null, "zoning": "R-5", "lidar_p90": 6.0, "ground_z": 61.2 }, "geometry": { "type": "Polygon", "coordinates": [ [ [ 281798.19, 4157468.78 ], [ 281707.44, 4157512.6 ], [ 281706.49, 4157510.65 ], [ 281695.25, 4157516.07 ], [ 281691.89, 4157509.16 ], [ 281684.68, 4157512.65 ], [ 281680.94, 4157504.99 ], [ 281664.06, 4157513.14 ], [ 281667.95, 4157521.13 ], [ 281661.13, 4157524.43 ], [ 281668.49, 4157539.55 ], [ 281670.96, 4157538.35 ], [ 281675.33, 4157547.34 ], [ 281685.02, 4157542.66 ], [ 281686.49, 4157545.67 ], [ 281695.69, 4157541.22 ], [ 281694.31, 4157538.37 ], [ 281725.5, 4157523.3 ], [ 281726.87, 4157526.13 ], [ 281749.59, 4157515.16 ], [ 281748.25, 4157512.4 ], [ 281805.88, 4157484.57 ], [ 281798.19, 4157468.78 ] ] ] } },
{ "type": "Feature", "properties": { "id": "osm:way/627479750", "name": null, "height": 3.29, "min_height": 0.0, "levels": null, "height_source": "lidar", "roof_shape": "gable", "roof_height": 1.63, "roof_azimuth": 24.1, "roof_source": "lod2", "roof_color": "slate", "roof_color_source": "ortho", "lod2_roof": { "v": [ [ 281722.9, 4157564.51, 0.93 ], [ 281725.35, 4157563.42, 0.0 ], [ 281726.64, 4157566.16, 0.0 ], [ 281731.58, 4157577.21, 0.08 ], [ 281727.53, 4157579.01, 1.62 ], [ 281722.45, 4157568.27, 1.63 ], [ 281724.28, 4157567.46, 0.93 ], [ 281722.03, 4157567.37, 1.63 ], [ 281723.38, 4157580.85, 0.13 ], [ 281718.35, 4157569.62, 0.22 ], [ 281721.81, 4157568.1, 1.46 ], [ 281721.05, 4157566.42, 1.47 ], [ 281722.45, 4157568.27, 0.25 ], [ 281722.03, 4157567.37, 0.25 ], [ 281721.05, 4157566.42, 0.08 ], [ 281720.64, 4157565.51, 0.09 ] ], "f": [ [ [ 0, 1, 2, 3, 4, 5, 6 ] ], [ [ 7, 5, 4, 8, 9, 10, 11 ] ], [ [ 12, 13, 14, 15, 0, 6 ] ], [ [ 5, 12, 6 ] ], [ [ 11, 14, 13, 7 ] ], [ [ 7, 13, 12, 5 ] ] ] }, "roof_props": null, "wall_color": "brick_dark", "wall_color_source": "assessor", "type": "detached", "landmark": null, "footprint_source": "osm", "source_updated": null, "is_part": false, "parent": null, "hidden": false, "addr": "1204 Georgia Avenue", "wikidata": null, "website": null, "zoning": "R-5", "lidar_p90": 4.47, "ground_z": 61.71 }, "geometry": { "type": "Polygon", "coordinates": [ [ [ 281725.4, 4157563.4 ], [ 281720.64, 4157565.51 ], [ 281721.81, 4157568.1 ], [ 281718.35, 4157569.62 ], [ 281723.38, 4157580.85 ], [ 281731.58, 4157577.21 ], [ 281725.4, 4157563.4 ] ] ] } },
{ "type": "Feature", "properties": { "id": "osm:way/627479749", "name": null, "height": 3.38, "min_height": 0.0, "levels": null, "height_source": "lidar", "roof_shape": "gable", "roof_height": 1.34, "roof_azimuth": 26.0, "roof_source": "lod2", "roof_color": "roof_flat", "roof_color_source": "ortho", "lod2_roof": { "v": [ [ 281738.79, 4157591.02, 0.66 ], [ 281740.08, 4157593.58, 0.64 ], [ 281738.4, 4157594.4, 0.0 ], [ 281737.13, 4157591.97, 0.0 ], [ 281737.08, 4157592.0, 1.34 ], [ 281731.93, 4157581.13, 1.33 ], [ 281735.38, 4157579.46, 0.0 ], [ 281741.74, 4157592.78, 0.0 ], [ 281736.61, 4157592.27, 1.16 ], [ 281736.55, 4157592.16, 1.16 ], [ 281733.36, 4157593.72, 0.0 ], [ 281728.28, 4157582.91, 0.0 ], [ 281737.08, 4157592.0, 0.0 ], [ 281736.61, 4157592.27, 0.0 ] ], "f": [ [ [ 0, 1, 2, 3 ] ], [ [ 4, 5, 6, 7, 1, 0 ] ], [ [ 5, 4, 8, 9, 10, 11 ] ], [ [ 4, 12, 13, 8 ] ], [ [ 12, 4, 0, 3 ] ] ] }, "roof_props": null, "wall_color": "sand", "wall_color_source": "assessor", "type": "detached", "landmark": null, "footprint_source": "osm", "source_updated": null, "is_part": false, "parent": null, "hidden": false, "addr": "1202 Georgia Avenue", "wikidata": null, "website": null, "zoning": "R-5", "lidar_p90": 4.51, "ground_z": 61.89 }, "geometry": { "type": "Polygon", "coordinates": [ [ [ 281727.75, 4157583.15 ], [ 281733.0, 4157593.89 ], [ 281736.55, 4157592.16 ], [ 281737.78, 4157594.7 ], [ 281742.53, 4157592.39 ], [ 281736.05, 4157579.13 ], [ 281727.75, 4157583.15 ] ] ] } },
{ "type": "Feature", "properties": { "id": "osm:way/627479710", "name": null, "height": 3.17, "min_height": 0.0, "levels": null, "height_source": "lidar", "roof_shape": "flat", "roof_height": 0.38, "roof_azimuth": null, "roof_source": "lod2", "roof_color": "roof_dark", "roof_color_source": "heuristic", "lod2_roof": { "v": [ [ 281711.84, 4157601.66, 0.36 ], [ 281716.38, 4157599.5, 0.38 ], [ 281716.88, 4157600.62, 0.0 ], [ 281712.3, 4157602.71, 0.0 ], [ 281711.54, 4157600.98, 0.0 ], [ 281716.06, 4157598.77, 0.0 ] ], "f": [ [ [ 0, 1, 2, 3 ] ], [ [ 1, 0, 4, 5 ] ] ] }, "roof_props": null, "wall_color": "brick", "wall_color_source": "assessor", "type": "yes", "landmark": null, "footprint_source": "osm", "source_updated": null, "is_part": false, "parent": null, "hidden": false, "addr": null, "wikidata": null, "website": null, "zoning": "R-5", "lidar_p90": 3.4, "ground_z": 61.85 }, "geometry": { "type": "Polygon", "coordinates": [ [ [ 281711.26, 4157600.35 ], [ 281712.41, 4157602.97 ], [ 281717.02, 4157600.94 ], [ 281715.86, 4157598.33 ], [ 281711.26, 4157600.35 ] ] ] } },
{ "type": "Feature", "properties": { "id": "osm:way/627479748", "name": null, "height": 3.05, "min_height": 0.0, "levels": null, "height_source": "lidar", "roof_shape": "gable", "roof_height": 1.83, "roof_azimuth": 25.1, "roof_source": "lod2", "roof_color": "roof_flat", "roof_color_source": "ortho", "lod2_roof": { "v": [ [ 281738.05, 4157606.01, 0.96 ], [ 281738.3, 4157605.76, 1.01 ], [ 281740.42, 4157610.89, 0.91 ], [ 281738.23, 4157611.91, 0.54 ], [ 281737.3, 4157609.91, 0.56 ], [ 281736.0, 4157610.51, 0.34 ], [ 281736.44, 4157611.46, 0.33 ], [ 281734.56, 4157612.33, 0.0 ], [ 281732.2, 4157608.1, 0.0 ], [ 281735.48, 4157606.93, 0.54 ], [ 281736.83, 4157606.45, 0.76 ], [ 281737.08, 4157599.32, 1.83 ], [ 281742.13, 4157609.99, 1.83 ], [ 281742.45, 4157610.66, 1.83 ], [ 281742.29, 4157610.68, 1.78 ], [ 281742.04, 4157610.14, 1.78 ], [ 281740.42, 4157610.89, 1.2 ], [ 281738.3, 4157605.76, 1.29 ], [ 281738.05, 4157606.01, 1.18 ], [ 281735.48, 4157606.93, 0.3 ], [ 281735.26, 4157606.24, 0.33 ], [ 281735.5, 4157606.13, 0.42 ], [ 281733.2, 4157601.19, 0.43 ], [ 281744.48, 4157610.19, 1.16 ], [ 281745.26, 4157611.69, 1.14 ], [ 281743.2, 4157612.64, 0.31 ], [ 281742.29, 4157610.68, 0.37 ], [ 281742.45, 4157610.66, 0.42 ], [ 281742.13, 4157609.99, 0.44 ], [ 281742.47, 4157609.83, 0.58 ], [ 281736.9, 4157598.94, 1.83 ], [ 281741.37, 4157596.87, 0.22 ], [ 281747.76, 4157610.54, 0.24 ], [ 281742.47, 4157609.83, 1.71 ] ], "f": [ [ [ 0, 1, 2, 3, 4, 5, 6, 7, 8, 9, 10 ] ], [ [ 11, 12, 13, 14, 15, 16, 17, 18, 10, 19, 20, 21, 22 ] ], [ [ 23, 24, 25, 26, 27, 28, 29 ] ], [ [ 12, 11, 30, 31, 32, 24, 23, 33 ] ], [ [ 13, 27, 26, 14 ] ], [ [ 16, 2, 1, 17 ] ], [ [ 9, 19, 10 ] ], [ [ 18, 0, 10 ] ], [ [ 12, 28, 27, 13 ] ], [ [ 33, 29, 28, 12 ] ], [ [ 17, 1, 0, 18 ] ], [ [ 29, 33, 23 ] ] ] }, "roof_props": null, "wall_color": "cream", "wall_color_source": "assessor", "type": "detached", "landmark": null, "footprint_source": "osm", "source_updated": null, "is_part": false, "parent": null, "hidden": false, "addr": "1200 Georgia Avenue", "wikidata": null, "website": null, "zoning": "R-5", "lidar_p90": 4.6, "ground_z": 62.16 }, "geometry": { "type": "Polygon", "coordinates": [ [ [ 281732.99, 4157600.75 ], [ 281735.5, 4157606.13 ], [ 281730.57, 4157608.41 ], [ 281732.3, 4157612.11 ], [ 281733.85, 4157611.39 ], [ 281734.33, 4157612.43 ], [ 281736.44, 4157611.45 ], [ 281736.0, 4157610.51 ], [ 281737.3, 4157609.91 ], [ 281738.23, 4157611.91 ], [ 281742.04, 4157610.14 ], [ 281743.2, 4157612.64 ], [ 281747.76, 4157610.54 ], [ 281741.37, 4157596.87 ], [ 281732.99, 4157600.75 ] ] ] } },
{ "type": "Feature", "properties": { "id": "richmond_structure:268644", "name": null, "height": 2.73, "min_height": 0.0, "levels": null, "height_source": "lidar", "roof_shape": "flat", "roof_height": 0.41, "roof_azimuth": null, "roof_source": "lod2", "roof_color": "roof_flat", "roof_color_source": "heuristic", "lod2_roof": { "v": [ [ 281717.61, 4157607.43, 0.0 ], [ 281714.92, 4157608.8, 0.24 ], [ 281713.66, 4157606.33, 0.41 ], [ 281718.26, 4157603.99, 0.0 ] ], "f": [ [ [ 0, 1, 2, 3 ] ] ] }, "roof_props": null, "wall_color": "cream", "wall_color_source": "assessor", "type": "yes", "landmark": null, "footprint_source": "richmond_structures", "source_updated": "2026-09-08T12:07:13.637000Z", "is_part": false, "parent": null, "hidden": false, "addr": null, "wikidata": null, "website": null, "zoning": "R-5", "lidar_p90": 2.91, "ground_z": 62.03 }, "geometry": { "type": "Polygon", "coordinates": [ [ [ 281718.93, 4157603.65 ], [ 281713.66, 4157606.33 ], [ 281714.92, 4157608.8 ], [ 281720.18, 4157606.11 ], [ 281718.93, 4157603.65 ] ] ] } },
{ "type": "Feature", "properties": { "id": "richmond_structure:268854", "name": null, "height": 3.37, "min_height": 0.0, "levels": null, "height_source": "lidar", "roof_shape": "flat", "roof_height": 0.0, "roof_azimuth": null, "roof_source": "heuristic", "roof_color": "concrete", "roof_color_source": "heuristic", "lod2_roof": null, "roof_props": null, "wall_color": "sand", "wall_color_source": "assessor", "type": "yes", "landmark": null, "footprint_source": "richmond_structures", "source_updated": "2026-09-08T12:07:13.637000Z", "is_part": false, "parent": null, "hidden": false, "addr": null, "wikidata": null, "website": null, "zoning": "R-5", "lidar_p90": 3.74, "ground_z": 62.13 }, "geometry": { "type": "Polygon", "coordinates": [ [ [ 281721.88, 4157609.15 ], [ 281720.56, 4157606.39 ], [ 281710.06, 4157611.38 ], [ 281710.88, 4157613.11 ], [ 281712.75, 4157612.22 ], [ 281713.24, 4157613.26 ], [ 281721.88, 4157609.15 ] ] ] } },
{ "type": "Feature", "properties": { "id": "osm:way/1131832935", "name": null, "height": 2.97, "min_height": 0.0, "levels": null, "height_source": "lidar", "roof_shape": "flat", "roof_height": 0.0, "roof_azimuth": null, "roof_source": "heuristic", "roof_color": "roof_flat", "roof_color_source": "ortho", "lod2_roof": null, "roof_props": null, "wall_color": "terracotta", "wall_color_source": "assessor", "type": "yes", "landmark": null, "footprint_source": "osm", "source_updated": null, "is_part": false, "parent": null, "hidden": false, "addr": null, "wikidata": null, "website": null, "zoning": "R-5", "lidar_p90": 3.21, "ground_z": 62.19 }, "geometry": { "type": "Polygon", "coordinates": [ [ [ 281720.22, 4157617.41 ], [ 281721.65, 4157616.71 ], [ 281722.76, 4157618.95 ], [ 281726.2, 4157617.25 ], [ 281722.74, 4157610.28 ], [ 281717.87, 4157612.68 ], [ 281720.22, 4157617.41 ] ] ] } },
{ "type": "Feature", "properties": { "id": "osm:way/627479709", "name": null, "height": 3.23, "min_height": 0.0, "levels": null, "height_source": "lidar", "roof_shape": "flat", "roof_height": 0.0, "roof_azimuth": null, "roof_source": "heuristic", "roof_color": "concrete", "roof_color_source": "heuristic", "lod2_roof": null, "roof_props": null, "wall_color": "brick_dark", "wall_color_source": "assessor", "type": "yes", "landmark": null, "footprint_source": "osm", "source_updated": null, "is_part": false, "parent": null, "hidden": false, "addr": null, "wikidata": null, "website": null, "zoning": "R-5", "lidar_p90": 3.34, "ground_z": 62.21 }, "geometry": { "type": "Polygon", "coordinates": [ [ [ 281727.54, 4157621.05 ], [ 281722.23, 4157623.51 ], [ 281723.62, 4157626.47 ], [ 281728.93, 4157624.01 ], [ 281727.54, 4157621.05 ] ] ] } },
{ "type": "Feature", "properties": { "id": "osm:way/629149592", "name": null, "height": 2.93, "min_height": 0.0, "levels": null, "height_source": "lidar", "roof_shape": "flat", "roof_height": 0.0, "roof_azimuth": null, "roof_source": "heuristic", "roof_color": "roof_dark", "roof_color_source": "heuristic", "lod2_roof": null, "roof_props": null, "wall_color": "cream", "wall_color_source": "assessor", "type": "yes", "landmark": null, "footprint_source": "osm", "source_updated": null, "is_part": false, "parent": null, "hidden": false, "addr": null, "wikidata": null, "website": null, "zoning": "R-5", "lidar_p90": 3.01, "ground_z": 62.42 }, "geometry": { "type": "Polygon", "coordinates": [ [ [ 281730.5, 4157641.19 ], [ 281732.08, 4157644.61 ], [ 281736.77, 4157642.45 ], [ 281735.2, 4157639.04 ], [ 281730.5, 4157641.19 ] ] ] } },
{ "type": "Feature", "properties": { "id": "osm:way/629149604", "name": null, "height": 8.33, "min_height": 0.0, "levels": null, "height_source": "lidar", "roof_shape": "gable", "roof_height": 2.63, "roof_azimuth": null, "roof_source": "heuristic", "roof_color": "roof_flat", "roof_color_source": "ortho", "lod2_roof": null, "roof_props": null, "wall_color": "brick_dark", "wall_color_source": "assessor", "type": "house", "landmark": null, "footprint_source": "osm", "source_updated": null, "is_part": false, "parent": null, "hidden": false, "addr": "1127 South Meadow Street", "wikidata": null, "website": null, "zoning": "R-5", "lidar_p90": 9.16, "ground_z": 62.23 }, "geometry": { "type": "Polygon", "coordinates": [ [ [ 281718.69, 4157644.39 ], [ 281717.19, 4157645.11 ], [ 281715.64, 4157641.88 ], [ 281706.08, 4157646.44 ], [ 281706.38, 4157647.07 ], [ 281704.29, 4157648.07 ], [ 281707.31, 4157654.35 ], [ 281709.26, 4157653.42 ], [ 281709.53, 4157653.98 ], [ 281719.3, 4157649.32 ], [ 281718.96, 4157648.61 ], [ 281720.39, 4157647.93 ], [ 281718.69, 4157644.39 ] ] ] } },
{ "type": "Feature", "properties": { "id": "osm:way/629149603", "name": null, "height": 7.95, "min_height": 0.0, "levels": null, "height_source": "lidar", "roof_shape": "gable", "roof_height": 2.63, "roof_azimuth": null, "roof_source": "heuristic", "roof_color": "roof_flat", "roof_color_source": "ortho", "lod2_roof": null, "roof_props": null, "wall_color": "terracotta", "wall_color_source": "assessor", "type": "house", "landmark": null, "footprint_source": "osm", "source_updated": null, "is_part": false, "parent": null, "hidden": false, "addr": "1125 South Meadow Street", "wikidata": null, "website": null, "zoning": "R-5", "lidar_p90": 8.67, "ground_z": 62.49 }, "geometry": { "type": "Polygon", "coordinates": [ [ [ 281709.82, 4157654.77 ], [ 281710.19, 4157655.55 ], [ 281708.25, 4157656.48 ], [ 281711.3, 4157662.84 ], [ 281723.33, 4157657.59 ], [ 281723.05, 4157657.0 ], [ 281724.45, 4157656.33 ], [ 281722.57, 4157652.43 ], [ 281720.97, 4157653.18 ], [ 281719.52, 4157650.17 ], [ 281709.82, 4157654.77 ] ] ] } },
{ "type": "Feature", "properties": { "id": "osm:way/629149602", "name": null, "height": 3.65, "min_height": 0.0, "levels": null, "height_source": "lidar", "roof_shape": "gable", "roof_height": 2.47, "roof_azimuth": 25.2, "roof_source": "lod2", "roof_color": "roof_flat", "roof_color_source": "ortho", "lod2_roof": { "v": [ [ 281712.89, 4157663.36, 0.34 ], [ 281718.85, 4157660.56, 2.47 ], [ 281722.46, 4157668.11, 2.47 ], [ 281716.36, 4157670.98, 0.3 ], [ 281715.96, 4157670.14, 0.29 ], [ 281715.14, 4157670.52, 0.0 ], [ 281712.37, 4157664.7, 0.0 ], [ 281713.32, 4157664.26, 0.34 ], [ 281725.21, 4157657.57, 0.01 ], [ 281726.25, 4157659.77, 0.02 ], [ 281726.3, 4157659.75, 0.0 ], [ 281728.85, 4157665.11, 0.0 ] ], "f": [ [ [ 0, 1, 2, 3, 4, 5, 6, 7 ] ], [ [ 1, 8, 9, 10, 11, 2 ] ] ] }, "roof_props": null, "wall_color": "brick", "wall_color_source": "assessor", "type": "house", "landmark": null, "footprint_source": "osm", "source_updated": null, "is_part": false, "parent": null, "hidden": false, "addr": "1123 South Meadow Street", "wikidata": null, "website": null, "zoning": "R-5", "lidar_p90": 5.84, "ground_z": 62.44 }, "geometry": { "type": "Polygon", "coordinates": [ [ [ 281715.96, 4157670.14 ], [ 281716.36, 4157670.98 ], [ 281729.5, 4157664.81 ], [ 281728.52, 4157662.73 ], [ 281729.61, 4157662.22 ], [ 281728.05, 4157658.93 ], [ 281726.25, 4157659.77 ], [ 281725.21, 4157657.57 ], [ 281712.89, 4157663.35 ], [ 281713.32, 4157664.25 ], [ 281711.34, 4157665.18 ], [ 281714.1, 4157671.01 ], [ 281715.96, 4157670.14 ] ] ] } },
{ "type": "Feature", "properties": { "id": "osm:way/629149601", "name": null, "height": 3.51, "min_height": 0.0, "levels": null, "height_source": "lidar", "roof_shape": "gable", "roof_height": 2.5, "roof_azimuth": 23.8, "roof_source": "lod2", "roof_color": "roof_flat", "roof_color_source": "ortho", "lod2_roof": { "v": [ [ 281716.7, 4157671.67, 0.28 ], [ 281722.81, 4157668.98, 2.47 ], [ 281726.35, 4157676.34, 2.5 ], [ 281720.22, 4157679.04, 0.31 ], [ 281719.92, 4157678.36, 0.31 ], [ 281719.06, 4157678.74, 0.0 ], [ 281716.36, 4157673.0, 0.0 ], [ 281717.14, 4157672.66, 0.28 ], [ 281732.91, 4157673.44, 0.0 ], [ 281729.03, 4157666.23, 0.1 ], [ 281729.55, 4157667.4, 0.12 ], [ 281729.87, 4157667.26, 0.0 ] ], "f": [ [ [ 0, 1, 2, 3, 4, 5, 6, 7 ] ], [ [ 8, 2, 1, 9, 10, 11 ] ] ] }, "roof_props": null, "wall_color": "brick", "wall_color_source": "assessor", "type": "house", "landmark": null, "footprint_source": "osm", "source_updated": null, "is_part": false, "parent": null, "hidden": false, "addr": "1121 South Meadow Street", "wikidata": null, "website": null, "zoning": "R-5", "lidar_p90": 5.85, "ground_z": 62.49 }, "geometry": { "type": "Polygon", "coordinates": [ [ [ 281732.77, 4157670.95 ], [ 281733.74, 4157670.52 ], [ 281731.89, 4157666.36 ], [ 281729.55, 4157667.4 ], [ 281729.03, 4157666.23 ], [ 281716.7, 4157671.67 ], [ 281717.14, 4157672.66 ], [ 281715.22, 4157673.5 ], [ 281717.81, 4157679.29 ], [ 281719.92, 4157678.36 ], [ 281720.22, 4157679.04 ], [ 281733.72, 4157673.08 ], [ 281732.77, 4157670.95 ] ] ] } },
{ "type": "Feature", "properties": { "id": "osm:way/629149593", "name": null, "height": 6.61, "min_height": 0.0, "levels": null, "height_source": "lidar", "roof_shape": "gable", "roof_height": 2.19, "roof_azimuth": null, "roof_source": "heuristic", "roof_color": "roof_flat", "roof_color_source": "ortho", "lod2_roof": null, "roof_props": null, "wall_color": "brick_dark", "wall_color_source": "assessor", "type": "house", "landmark": null, "footprint_source": "osm", "source_updated": null, "is_part": false, "parent": null, "hidden": false, "addr": "1115 South Meadow Street", "wikidata": null, "website": null, "zoning": "R-5", "lidar_p90": 7.83, "ground_z": 62.47 }, "geometry": { "type": "Polygon", "coordinates": [ [ [ 281733.98, 4157679.34 ], [ 281733.5, 4157678.29 ], [ 281735.71, 4157677.27 ], [ 281734.25, 4157674.13 ], [ 281718.58, 4157681.37 ], [ 281720.52, 4157685.55 ], [ 281733.98, 4157679.34 ] ] ] } },
{ "type": "Feature", "properties": { "id": "osm:way/629149600", "name": null, "height": 6.66, "min_height": 0.0, "levels": null, "height_source": "lidar", "roof_shape": "gable", "roof_height": 2.19, "roof_azimuth": null, "roof_source": "heuristic", "roof_color": "roof_flat", "roof_color_source": "ortho", "lod2_roof": null, "roof_props": null, "wall_color": "brick", "wall_color_source": "assessor", "type": "house", "landmark": null, "footprint_source": "osm", "source_updated": null, "is_part": false, "parent": null, "hidden": false, "addr": "1113 South Meadow Street", "wikidata": null, "website": null, "zoning": "R-5", "lidar_p90": 8.23, "ground_z": 62.55 }, "geometry": { "type": "Polygon", "coordinates": [ [ [ 281720.52, 4157685.55 ], [ 281722.65, 4157690.14 ], [ 281731.93, 4157685.86 ], [ 281731.41, 4157684.72 ], [ 281738.06, 4157681.65 ], [ 281736.87, 4157679.07 ], [ 281734.39, 4157680.21 ], [ 281733.98, 4157679.34 ], [ 281720.52, 4157685.55 ] ] ] } },
{ "type": "Feature", "properties": { "id": "osm:way/629149594", "name": null, "height": 6.48, "min_height": 0.0, "levels": null, "height_source": "lidar", "roof_shape": "gable", "roof_height": 2.06, "roof_azimuth": null, "roof_source": "lod2", "roof_color": "roof_flat", "roof_color_source": "ortho", "lod2_roof": { "v": [ [ 281729.18, 4157692.4, 0.38 ], [ 281728.2, 4157692.85, 2.0 ], [ 281726.14, 4157688.54, 2.06 ], [ 281727.15, 4157688.07, 0.38 ], [ 281734.17, 4157690.09, 0.0 ], [ 281731.93, 4157685.86, 0.01 ], [ 281732.32, 4157686.68, 0.01 ], [ 281732.45, 4157686.62, 0.0 ], [ 281724.54, 4157689.28, 0.0 ], [ 281726.65, 4157693.57, 0.0 ] ], "f": [ [ [ 0, 1, 2, 3 ] ], [ [ 4, 0, 3, 5, 6, 7 ] ], [ [ 8, 2, 1, 9 ] ] ] }, "roof_props": null, "wall_color": "cream", "wall_color_source": "assessor", "type": "house", "landmark": null, "footprint_source": "osm", "source_updated": null, "is_part": false, "parent": null, "hidden": false, "addr": "1111 South Meadow Street", "wikidata": null, "website": null, "zoning": "R-5", "lidar_p90": 7.8, "ground_z": 62.66 }, "geometry": { "type": "Polygon", "coordinates": [ [ [ 281721.81, 4157690.54 ], [ 281723.83, 4157694.87 ], [ 281738.8, 4157687.96 ], [ 281737.16, 4157684.44 ], [ 281732.32, 4157686.68 ], [ 281731.93, 4157685.86 ], [ 281721.81, 4157690.54 ] ] ] } },
{ "type": "Feature", "properties": { "id": "osm:way/629149595", "name": null, "height": 6.51, "min_height": 0.0, "levels": null, "height_source": "lidar", "roof_shape": "gable", "roof_height": 2.03, "roof_azimuth": null, "roof_source": "lod2", "roof_color": "roof_flat", "roof_color_source": "ortho", "lod2_roof": { "v": [ [ 281730.4, 4157697.48, 1.95 ], [ 281729.56, 4157695.75, 1.98 ], [ 281728.17, 4157692.87, 2.03 ], [ 281729.18, 4157692.4, 0.35 ], [ 281731.39, 4157697.02, 0.32 ], [ 281726.64, 4157693.57, 0.0 ], [ 281728.93, 4157698.15, 0.0 ], [ 281735.22, 4157695.25, 0.0 ], [ 281733.45, 4157690.43, 0.0 ] ], "f": [ [ [ 0, 1, 2, 3, 4 ] ], [ [ 5, 2, 1, 0, 6 ] ], [ [ 7, 4, 3, 8 ] ] ] }, "roof_props": null, "wall_color": "brick_dark", "wall_color_source": "assessor", "type": "house", "landmark": null, "footprint_source": "osm", "source_updated": null, "is_part": false, "parent": null, "hidden": false, "addr": "1109 South Meadow Street", "wikidata": null, "website": null, "zoning": "R-5", "lidar_p90": 7.96, "ground_z": 62.64 }, "geometry": { "type": "Polygon", "coordinates": [ [ [ 281724.77, 4157694.44 ], [ 281726.93, 4157699.08 ], [ 281736.3, 4157694.75 ], [ 281735.79, 4157693.65 ], [ 281740.44, 4157691.5 ], [ 281738.8, 4157687.96 ], [ 281724.77, 4157694.44 ] ] ] } },
{ "type": "Feature", "properties": { "id": "osm:way/629149596", "name": null, "height": 6.58, "min_height": 0.0, "levels": null, "height_source": "lidar", "roof_shape": "flat", "roof_height": 2.15, "roof_azimuth": null, "roof_source": "lod2", "roof_color": "roof_flat", "roof_color_source": "ortho", "lod2_roof": { "v": [ [ 281731.4, 4157697.02, 0.44 ], [ 281736.3, 4157694.75, 0.05 ], [ 281736.63, 4157695.46, 0.06 ], [ 281737.38, 4157695.11, 0.0 ], [ 281739.14, 4157698.71, 0.0 ], [ 281733.51, 4157701.31, 0.44 ], [ 281732.45, 4157701.8, 2.15 ], [ 281730.37, 4157697.49, 2.09 ], [ 281728.83, 4157698.2, 0.0 ], [ 281730.88, 4157702.53, 0.0 ] ], "f": [ [ [ 0, 1, 2, 3, 4, 5 ] ], [ [ 5, 6, 7, 0 ] ], [ [ 8, 7, 6, 9 ] ] ] }, "roof_props": null, "wall_color": "brick_dark", "wall_color_source": "assessor", "type": "house", "landmark": null, "footprint_source": "osm", "source_updated": null, "is_part": false, "parent": null, "hidden": false, "addr": "1107 South Meadow Street", "wikidata": null, "website": null, "zoning": "R-5", "lidar_p90": 7.79, "ground_z": 62.85 }, "geometry": { "type": "Polygon", "coordinates": [ [ [ 281726.93, 4157699.08 ], [ 281728.95, 4157703.42 ], [ 281742.22, 4157697.29 ], [ 281740.54, 4157693.65 ], [ 281736.63, 4157695.46 ], [ 281736.3, 4157694.75 ], [ 281726.93, 4157699.08 ] ] ] } },
{ "type": "Feature", "properties": { "id": "osm:way/629149597", "name": null, "height": 6.47, "min_height": 0.0, "levels": null, "height_source": "lidar", "roof_shape": "gable", "roof_height": 2.22, "roof_azimuth": null, "roof_source": "lod2", "roof_color": "roof_flat", "roof_color_source": "ortho", "lod2_roof": { "v": [ [ 281741.46, 4157701.67, 0.0 ], [ 281739.84, 4157702.41, 0.13 ], [ 281740.41, 4157703.64, 0.13 ], [ 281735.62, 4157705.85, 0.52 ], [ 281733.44, 4157701.35, 0.52 ], [ 281739.82, 4157698.4, 0.0 ], [ 281732.4, 4157701.83, 2.22 ], [ 281734.58, 4157706.33, 2.2 ], [ 281733.01, 4157707.06, 0.0 ], [ 281730.8, 4157702.57, 0.0 ] ], "f": [ [ [ 0, 1, 2, 3, 4, 5 ] ], [ [ 6, 7, 8, 9 ] ], [ [ 3, 7, 6, 4 ] ] ] }, "roof_props": null, "wall_color": "brick_dark", "wall_color_source": "assessor", "type": "house", "landmark": null, "footprint_source": "osm", "source_updated": null, "is_part": false, "parent": null, "hidden": false, "addr": "1105 South Meadow Street", "wikidata": null, "website": null, "zoning": "R-5", "lidar_p90": 7.75, "ground_z": 62.92 }, "geometry": { "type": "Polygon", "coordinates": [ [ [ 281731.06, 4157707.95 ], [ 281740.41, 4157703.64 ], [ 281739.84, 4157702.41 ], [ 281744.82, 4157700.12 ], [ 281743.28, 4157696.8 ], [ 281728.95, 4157703.42 ], [ 281731.06, 4157707.95 ] ] ] } },
{ "type": "Feature", "properties": { "id": "osm:way/629149598", "name": null, "height": 6.36, "min_height": 0.0, "levels": null, "height_source": "lidar", "roof_shape": "gable", "roof_height": 2.22, "roof_azimuth": null, "roof_source": "lod2", "roof_color": "roof_flat", "roof_color_source": "ortho", "lod2_roof": { "v": [ [ 281734.55, 4157706.34, 2.08 ], [ 281736.81, 4157711.02, 2.22 ], [ 281735.23, 4157711.75, 0.0 ], [ 281733.06, 4157707.03, 0.0 ], [ 281735.51, 4157705.9, 0.45 ], [ 281737.82, 4157710.56, 0.51 ], [ 281737.82, 4157710.56, 0.5 ], [ 281740.41, 4157703.64, 0.03 ], [ 281740.75, 4157704.37, 0.04 ], [ 281741.22, 4157704.16, 0.0 ], [ 281743.7, 4157707.84, 0.0 ] ], "f": [ [ [ 0, 1, 2, 3 ] ], [ [ 4, 5, 1, 0 ] ], [ [ 6, 4, 7, 8, 9, 10 ] ], [ [ 6, 5, 4 ] ] ] }, "roof_props": null, "wall_color": "terracotta", "wall_color_source": "assessor", "type": "house", "landmark": null, "footprint_source": "osm", "source_updated": null, "is_part": false, "parent": null, "hidden": false, "addr": "1103 South Meadow Street", "wikidata": null, "website": null, "zoning": "R-5", "lidar_p90": 7.76, "ground_z": 62.99 }, "geometry": { "type": "Polygon", "coordinates": [ [ [ 281731.06, 4157707.95 ], [ 281732.15, 4157710.3 ], [ 281733.9, 4157709.5 ], [ 281735.0, 4157711.86 ], [ 281747.64, 4157706.02 ], [ 281745.78, 4157702.05 ], [ 281740.75, 4157704.37 ], [ 281740.41, 4157703.64 ], [ 281731.06, 4157707.95 ] ] ] } },
{ "type": "Feature", "properties": { "id": "osm:way/629149599", "name": null, "height": 6.06, "min_height": 0.0, "levels": null, "height_source": "lidar", "roof_shape": "gable", "roof_height": 2.45, "roof_azimuth": 114.8, "roof_source": "lod2", "roof_color": "roof_flat", "roof_color_source": "ortho", "lod2_roof": { "v": [ [ 281744.85, 4157712.59, 0.45 ], [ 281739.89, 4157714.68, 0.85 ], [ 281737.77, 4157710.58, 0.9 ], [ 281745.07, 4157707.21, 0.31 ], [ 281746.6, 4157710.5, 0.28 ], [ 281744.36, 4157711.52, 0.46 ], [ 281736.84, 4157711.01, 2.45 ], [ 281738.93, 4157715.09, 2.43 ], [ 281737.45, 4157715.72, 0.92 ], [ 281737.48, 4157714.94, 1.28 ], [ 281736.6, 4157715.11, 0.48 ], [ 281735.43, 4157711.66, 1.0 ], [ 281737.45, 4157715.72, 0.0 ], [ 281737.48, 4157714.94, 0.0 ], [ 281736.6, 4157715.11, 0.0 ], [ 281735.43, 4157711.66, 0.0 ] ], "f": [ [ [ 0, 1, 2, 3, 4, 5 ] ], [ [ 6, 7, 8, 9, 10, 11 ] ], [ [ 7, 6, 2, 1 ] ], [ [ 8, 12, 13, 9 ] ], [ [ 9, 13, 14, 10 ] ], [ [ 10, 14, 15, 11 ] ] ] }, "roof_props": null, "wall_color": "brick", "wall_color_source": "assessor", "type": "house", "landmark": null, "footprint_source": "osm", "source_updated": null, "is_part": false, "parent": null, "hidden": false, "addr": "1101 South Meadow Street", "wikidata": null, "website": null, "zoning": "R-5", "lidar_p90": 7.81, "ground_z": 63.05 }, "geometry": { "type": "Polygon", "coordinates": [ [ [ 281735.0, 4157711.86 ], [ 281735.19, 4157712.26 ], [ 281733.81, 4157712.91 ], [ 281735.51, 4157716.54 ], [ 281744.85, 4157712.59 ], [ 281744.36, 4157711.52 ], [ 281746.59, 4157710.5 ], [ 281745.07, 4157707.21 ], [ 281735.0, 4157711.86 ] ] ] } },
{ "type": "Feature", "properties": { "id": "osm:way/629149627", "name": null, "height": 3.79, "min_height": 0.0, "levels": null, "height_source": "lidar", "roof_shape": "gable", "roof_height": 1.66, "roof_azimuth": 25.9, "roof_source": "lod2", "roof_color": "roof_flat", "roof_color_source": "ortho", "lod2_roof": { "v": [ [ 281743.58, 4157734.5, 0.57 ], [ 281744.33, 4157734.88, 0.84 ], [ 281745.65, 4157734.23, 1.6 ], [ 281751.03, 4157745.86, 1.66 ], [ 281748.1, 4157747.27, 0.0 ], [ 281741.94, 4157733.58, 0.0 ], [ 281742.86, 4157733.14, 0.52 ], [ 281745.6, 4157734.11, 1.6 ], [ 281748.55, 4157732.69, 0.0 ], [ 281754.09, 4157744.38, 0.0 ], [ 281744.33, 4157734.88, 0.36 ], [ 281743.84, 4157732.66, 0.0 ], [ 281745.01, 4157734.55, 0.0 ], [ 281745.65, 4157734.23, 0.0 ], [ 281745.6, 4157734.11, 0.0 ] ], "f": [ [ [ 0, 1, 2, 3, 4, 5, 6 ] ], [ [ 3, 2, 7, 8, 9 ] ], [ [ 10, 0, 6, 11, 12 ] ], [ [ 2, 13, 14, 7 ] ], [ [ 1, 10, 12, 13, 2 ] ], [ [ 10, 1, 0 ] ] ] }, "roof_props": null, "wall_color": "cream", "wall_color_source": "assessor", "type": "detached", "landmark": null, "footprint_source": "osm", "source_updated": null, "is_part": false, "parent": null, "hidden": false, "addr": "1920 Powhatan Street", "wikidata": null, "website": null, "zoning": "R-5", "lidar_p90": 5.22, "ground_z": 63.02 }, "geometry": { "type": "Polygon", "coordinates": [ [ [ 281749.09, 4157732.43 ], [ 281745.52, 4157734.14 ], [ 281744.62, 4157732.29 ], [ 281741.18, 4157733.95 ], [ 281747.72, 4157747.45 ], [ 281754.74, 4157744.07 ], [ 281749.09, 4157732.43 ] ] ] } },
{ "type": "Feature", "properties": { "id": "osm:way/607735947", "name": null, "height": 6.51, "min_height": 0.0, "levels": null, "height_source": "lidar", "roof_shape": "gable", "roof_height": 2.44, "roof_azimuth": null, "roof_source": "heuristic", "roof_color": "slate", "roof_color_source": "ortho", "lod2_roof": null, "roof_props": null, "wall_color": "brick", "wall_color_source": "assessor", "type": "house", "landmark": null, "footprint_source": "osm", "source_updated": null, "is_part": false, "parent": null, "hidden": false, "addr": "1313 Hampton Street", "wikidata": null, "website": null, "zoning": "R-5", "lidar_p90": 7.74, "ground_z": 59.54 }, "geometry": { "type": "Polygon", "coordinates": [ [ [ 281563.8, 4157507.8 ], [ 281561.93, 4157501.19 ], [ 281563.1, 4157500.86 ], [ 281562.44, 4157498.54 ], [ 281561.54, 4157498.79 ], [ 281560.68, 4157495.75 ], [ 281553.33, 4157497.82 ], [ 281556.73, 4157509.8 ], [ 281563.8, 4157507.8 ] ] ] } },
{ "type": "Feature", "properties": { "id": "osm:way/607735921", "name": null, "height": 4.08, "min_height": 0.0, "levels": null, "height_source": "lidar", "roof_shape": "gable", "roof_height": 2.62, "roof_azimuth": 24.7, "roof_source": "lod2", "roof_color": "roof_flat", "roof_color_source": "ortho", "lod2_roof": { "v": [ [ 281602.08, 4157503.41, 2.2 ], [ 281601.82, 4157502.32, 1.24 ], [ 281602.97, 4157500.3, 0.06 ], [ 281603.99, 4157502.51, 2.17 ], [ 281595.63, 4157503.18, 0.38 ], [ 281599.19, 4157501.59, 2.53 ], [ 281600.18, 4157503.84, 2.56 ], [ 281602.79, 4157509.7, 2.62 ], [ 281598.49, 4157511.68, 0.0 ], [ 281597.06, 4157508.29, 0.0 ], [ 281597.37, 4157508.15, 0.19 ], [ 281595.08, 4157503.2, 0.09 ], [ 281595.57, 4157502.98, 0.39 ], [ 281601.13, 4157500.72, 1.21 ], [ 281601.91, 4157500.18, 0.63 ], [ 281601.95, 4157500.26, 0.63 ], [ 281602.78, 4157499.87, 0.06 ], [ 281602.08, 4157503.41, 1.38 ], [ 281602.3, 4157504.31, 1.49 ], [ 281603.66, 4157504.61, 0.8 ], [ 281604.73, 4157504.09, 0.07 ], [ 281606.53, 4157507.99, 0.07 ], [ 281600.13, 4157501.17, 1.89 ], [ 281604.73, 4157504.09, 0.79 ], [ 281597.58, 4157499.42, 0.0 ], [ 281598.98, 4157498.77, 1.02 ], [ 281600.13, 4157501.17, 1.05 ], [ 281599.19, 4157501.59, 0.37 ], [ 281598.68, 4157501.82, 0.0 ], [ 281601.55, 4157500.43, 0.0 ], [ 281601.13, 4157500.72, 0.33 ], [ 281600.4, 4157498.12, 0.0 ], [ 281595.57, 4157502.98, 0.0 ], [ 281595.63, 4157503.18, 0.0 ], [ 281601.91, 4157500.18, 0.0 ] ], "f": [ [ [ 0, 1, 2, 3 ] ], [ [ 4, 5, 6, 7, 8, 9, 10, 11, 12 ] ], [ [ 13, 14, 15, 16, 2, 1, 17, 18, 19, 20, 21, 7, 6, 5, 22 ] ], [ [ 3, 23, 19, 18, 0 ] ], [ [ 24, 25, 26, 27, 28 ] ], [ [ 29, 30, 26, 25, 31 ] ], [ [ 12, 32, 33, 4 ] ], [ [ 0, 17, 1 ] ], [ [ 17, 0, 18 ] ], [ [ 5, 27, 26, 22 ] ], [ [ 4, 33, 28, 27, 5 ] ], [ [ 23, 20, 19 ] ], [ [ 22, 26, 30, 13 ] ], [ [ 13, 30, 29, 34, 14 ] ] ] }, "roof_props": null, "wall_color": "sand", "wall_color_source": "assessor", "type": "house", "landmark": null, "footprint_source": "osm", "source_updated": null, "is_part": false, "parent": null, "hidden": false, "addr": "1310 South Meadow Street", "wikidata": null, "website": null, "zoning": "R-5", "lidar_p90": 6.06, "ground_z": 59.23 }, "geometry": { "type": "Polygon", "coordinates": [ [ [ 281602.78, 4157499.87 ], [ 281601.95, 4157500.26 ], [ 281600.86, 4157497.91 ], [ 281597.07, 4157499.65 ], [ 281598.07, 4157501.83 ], [ 281595.08, 4157503.2 ], [ 281597.37, 4157508.15 ], [ 281596.48, 4157508.55 ], [ 281598.02, 4157511.89 ], [ 281606.53, 4157507.99 ], [ 281602.78, 4157499.87 ] ] ] } },
{ "type": "Feature", "properties": { "id": "osm:way/607735918", "name": null, "height": 3.88, "min_height": 0.0, "levels": null, "height_source": "lidar", "roof_shape": "gable", "roof_height": 2.43, "roof_azimuth": 26.6, "roof_source": "lod2", "roof_color": "concrete", "roof_color_source": "ortho", "lod2_roof": { "v": [ [ 281603.61, 4157518.19, 0.0 ], [ 281602.68, 4157518.64, 0.01 ], [ 281602.65, 4157518.59, 0.0 ], [ 281607.23, 4157516.46, 1.74 ], [ 281607.38, 4157516.39, 1.63 ], [ 281608.51, 4157515.85, 0.83 ], [ 281608.57, 4157515.99, 0.84 ], [ 281609.82, 4157515.55, 0.0 ], [ 281613.5, 4157523.3, 0.0 ], [ 281610.08, 4157524.99, 2.43 ], [ 281606.39, 4157516.86, 2.33 ], [ 281606.35, 4157516.78, 2.33 ], [ 281606.12, 4157526.95, 0.0 ], [ 281604.69, 4157523.61, 0.0 ], [ 281605.08, 4157523.42, 0.24 ], [ 281602.68, 4157518.64, 0.07 ], [ 281608.47, 4157515.87, 0.0 ], [ 281607.38, 4157516.39, 0.78 ], [ 281606.23, 4157514.23, 0.83 ], [ 281607.38, 4157513.66, 0.0 ], [ 281607.23, 4157516.46, 0.68 ], [ 281606.35, 4157516.78, 0.11 ], [ 281606.13, 4157516.3, 0.14 ], [ 281606.26, 4157516.24, 0.23 ], [ 281605.45, 4157514.62, 0.29 ], [ 281606.35, 4157516.78, 0.0 ], [ 281606.13, 4157516.3, 0.0 ], [ 281608.57, 4157515.99, 0.0 ], [ 281606.39, 4157516.86, 0.0 ], [ 281608.51, 4157515.85, 0.0 ] ], "f": [ [ [ 0, 1, 2 ] ], [ [ 3, 4, 5, 6, 7, 8, 9, 10, 11 ] ], [ [ 10, 9, 12, 13, 14, 15 ] ], [ [ 16, 17, 18, 19 ] ], [ [ 17, 20, 21, 22, 23, 24, 18 ] ], [ [ 21, 25, 26, 22 ] ], [ [ 11, 21, 20, 3 ] ], [ [ 6, 27, 7 ] ], [ [ 10, 28, 25, 21, 11 ] ], [ [ 15, 1, 0, 28, 10 ] ], [ [ 5, 29, 27, 6 ] ], [ [ 4, 17, 16, 29, 5 ] ], [ [ 3, 20, 17, 4 ] ] ] }, "roof_props": null, "wall_color": "brick", "wall_color_source": "assessor", "type": "house", "landmark": null, "footprint_source": "osm", "source_updated": null, "is_part": false, "parent": null, "hidden": false, "addr": "1308 South Meadow Street", "wikidata": null, "website": null, "zoning": "R-5", "lidar_p90": 5.75, "ground_z": 59.68 }, "geometry": { "type": "Polygon", "coordinates": [ [ [ 281609.5, 4157514.65 ], [ 281608.57, 4157515.11 ], [ 281607.75, 4157513.47 ], [ 281605.45, 4157514.62 ], [ 281606.26, 4157516.23 ], [ 281602.43, 4157518.13 ], [ 281605.08, 4157523.42 ], [ 281603.95, 4157523.98 ], [ 281605.57, 4157527.22 ], [ 281613.75, 4157523.17 ], [ 281609.5, 4157514.65 ] ] ] } },
{ "type": "Feature", "properties": { "id": "osm:way/607735951", "name": null, "height": 6.3, "min_height": 0.0, "levels": null, "height_source": "lidar", "roof_shape": "gable", "roof_height": 2.57, "roof_azimuth": null, "roof_source": "heuristic", "roof_color": "roof_flat", "roof_color_source": "ortho", "lod2_roof": null, "roof_props": null, "wall_color": "brick", "wall_color_source": "assessor", "type": "house", "landmark": null, "footprint_source": "osm", "source_updated": null, "is_part": false, "parent": null, "hidden": false, "addr": "1311 Hampton Street", "wikidata": null, "website": null, "zoning": "R-5", "lidar_p90": 7.6, "ground_z": 59.8 }, "geometry": { "type": "Polygon", "coordinates": [ [ [ 281572.51, 4157527.11 ], [ 281571.39, 4157522.86 ], [ 281568.32, 4157523.66 ], [ 281567.55, 4157520.71 ], [ 281568.71, 4157520.41 ], [ 281568.04, 4157517.85 ], [ 281564.33, 4157518.81 ], [ 281563.66, 4157516.26 ], [ 281559.7, 4157517.29 ], [ 281560.41, 4157520.01 ], [ 281559.43, 4157520.26 ], [ 281561.96, 4157529.85 ], [ 281572.51, 4157527.11 ] ] ] } },
{ "type": "Feature", "properties": { "id": "osm:way/607735914", "name": null, "height": 4.0, "min_height": 0.0, "levels": null, "height_source": "lidar", "roof_shape": "gable", "roof_height": 1.8, "roof_azimuth": 25.2, "roof_source": "lidar", "roof_color": "slate", "roof_color_source": "ortho", "lod2_roof": null, "roof_props": null, "wall_color": "sand", "wall_color_source": "assessor", "type": "house", "landmark": null, "footprint_source": "osm", "source_updated": null, "is_part": false, "parent": null, "hidden": false, "addr": "1306 South Meadow Street", "wikidata": null, "website": null, "zoning": "R-5", "lidar_p90": 5.89, "ground_z": 60.06 }, "geometry": { "type": "Polygon", "coordinates": [ [ [ 281620.91, 4157538.43 ], [ 281616.96, 4157530.03 ], [ 281616.08, 4157530.45 ], [ 281615.1, 4157528.36 ], [ 281611.64, 4157529.97 ], [ 281612.65, 4157532.14 ], [ 281609.67, 4157533.54 ], [ 281611.93, 4157538.35 ], [ 281610.94, 4157538.82 ], [ 281612.6, 4157542.33 ], [ 281620.91, 4157538.43 ] ] ] } },
{ "type": "Feature", "properties": { "id": "osm:way/607735916", "name": null, "height": 2.99, "min_height": 0.0, "levels": null, "height_source": "lidar", "roof_shape": "flat", "roof_height": 0.0, "roof_azimuth": null, "roof_source": "heuristic", "roof_color": "roof_dark", "roof_color_source": "heuristic", "lod2_roof": null, "roof_props": null, "wall_color": "cream", "wall_color_source": "assessor", "type": "yes", "landmark": null, "footprint_source": "osm", "source_updated": null, "is_part": false, "parent": null, "hidden": false, "addr": null, "wikidata": null, "website": null, "zoning": "R-5", "lidar_p90": 3.23, "ground_z": 59.8 }, "geometry": { "type": "Polygon", "coordinates": [ [ [ 281596.25, 4157535.14 ], [ 281593.32, 4157536.29 ], [ 281594.84, 4157540.17 ], [ 281597.77, 4157539.02 ], [ 281596.25, 4157535.14 ] ] ] } },
{ "type": "Feature", "properties": { "id": "osm:way/607735956", "name": null, "height": 5.98, "min_height": 0.0, "levels": null, "height_source": "lidar", "roof_shape": "gable", "roof_height": 2.78, "roof_azimuth": null, "roof_source": "heuristic", "roof_color": "roof_flat", "roof_color_source": "ortho", "lod2_roof": null, "roof_props": null, "wall_color": "sand", "wall_color_source": "assessor", "type": "house", "landmark": null, "footprint_source": "osm", "source_updated": null, "is_part": false, "parent": null, "hidden": false, "addr": "1309 Hampton Street", "wikidata": null, "website": null, "zoning": "R-5", "lidar_p90": 7.36, "ground_z": 59.63 }, "geometry": { "type": "Polygon", "coordinates": [ [ [ 281576.31, 4157536.92 ], [ 281571.86, 4157538.04 ], [ 281571.41, 4157536.25 ], [ 281570.43, 4157536.49 ], [ 281569.74, 4157533.73 ], [ 281564.5, 4157535.05 ], [ 281565.2, 4157537.81 ], [ 281564.28, 4157538.05 ], [ 281566.66, 4157547.48 ], [ 281578.25, 4157544.58 ], [ 281576.31, 4157536.92 ] ] ] } },
{ "type": "Feature", "properties": { "id": "osm:way/607735958", "name": null, "height": 3.48, "min_height": 0.0, "levels": null, "height_source": "lidar", "roof_shape": "flat", "roof_height": 0.0, "roof_azimuth": null, "roof_source": "heuristic", "roof_color": "roof_flat", "roof_color_source": "heuristic", "lod2_roof": null, "roof_props": null, "wall_color": "brick", "wall_color_source": "assessor", "type": "yes", "landmark": null, "footprint_source": "osm", "source_updated": null, "is_part": false, "parent": null, "hidden": false, "addr": null, "wikidata": null, "website": null, "zoning": "R-5", "lidar_p90": 3.54, "ground_z": 59.75 }, "geometry": { "type": "Polygon", "coordinates": [ [ [ 281589.41, 4157548.68 ], [ 281588.28, 4157544.89 ], [ 281583.46, 4157546.31 ], [ 281584.58, 4157550.11 ], [ 281589.41, 4157548.68 ] ] ] } },
{ "type": "Feature", "properties": { "id": "richmond_structure:269033", "name": null, "height": 7.5, "min_height": 0.0, "levels": null, "height_source": "zoning", "roof_shape": "flat", "roof_height": 0.0, "roof_azimuth": null, "roof_source": "heuristic", "roof_color": "concrete", "roof_color_source": "heuristic", "lod2_roof": null, "roof_props": null, "wall_color": "sand", "wall_color_source": "assessor", "type": "yes", "landmark": null, "footprint_source": "richmond_structures", "source_updated": "2026-09-08T12:07:13.637000Z", "is_part": false, "parent": null, "hidden": false, "addr": null, "wikidata": null, "website": null, "zoning": "R-5", "lidar_p90": 2.23, "ground_z": 60.14 }, "geometry": { "type": "Polygon", "coordinates": [ [ [ 281605.17, 4157547.74 ], [ 281598.93, 4157550.51 ], [ 281599.97, 4157552.83 ], [ 281606.21, 4157550.06 ], [ 281605.17, 4157547.74 ] ] ] } },
{ "type": "Feature", "properties": { "id": "osm:way/607735911", "name": null, "height": 4.71, "min_height": 0.0, "levels": null, "height_source": "lidar", "roof_shape": "gable", "roof_height": 2.35, "roof_azimuth": null, "roof_source": "heuristic", "roof_color": "roof_flat", "roof_color_source": "ortho", "lod2_roof": null, "roof_props": null, "wall_color": "sand", "wall_color_source": "assessor", "type": "house", "landmark": null, "footprint_source": "osm", "source_updated": null, "is_part": false, "parent": null, "hidden": false, "addr": "1304 South Meadow Street", "wikidata": null, "website": null, "zoning": "R-5", "lidar_p90": 5.86, "ground_z": 60.32 }, "geometry": { "type": "Polygon", "coordinates": [ [ [ 281626.57, 4157550.31 ], [ 281627.79, 4157549.74 ], [ 281626.9, 4157547.87 ], [ 281625.63, 4157548.47 ], [ 281623.18, 4157543.33 ], [ 281622.32, 4157543.73 ], [ 281621.86, 4157542.79 ], [ 281616.98, 4157545.09 ], [ 281617.31, 4157545.78 ], [ 281615.62, 4157546.58 ], [ 281618.37, 4157552.33 ], [ 281614.39, 4157554.21 ], [ 281616.69, 4157559.04 ], [ 281628.34, 4157553.53 ], [ 281626.57, 4157550.31 ] ] ] } },
{ "type": "Feature", "properties": { "id": "osm:way/607735960", "name": null, "height": 2.5, "min_height": 0.0, "levels": null, "height_source": "lidar", "roof_shape": "flat", "roof_height": 0.0, "roof_azimuth": null, "roof_source": "heuristic", "roof_color": "roof_flat", "roof_color_source": "ortho", "lod2_roof": null, "roof_props": null, "wall_color": "brick_dark", "wall_color_source": "assessor", "type": "yes", "landmark": null, "footprint_source": "osm", "source_updated": null, "is_part": false, "parent": null, "hidden": false, "addr": null, "wikidata": null, "website": null, "zoning": "R-5", "lidar_p90": 2.59, "ground_z": 59.75 }, "geometry": { "type": "Polygon", "coordinates": [ [ [ 281591.72, 4157555.34 ], [ 281590.2, 4157549.97 ], [ 281583.91, 4157551.75 ], [ 281585.44, 4157557.11 ], [ 281591.72, 4157555.34 ] ] ] } },
{ "type": "Feature", "properties": { "id": "osm:way/607735964", "name": null, "height": 3.83, "min_height": 0.0, "levels": null, "height_source": "lidar", "roof_shape": "gable", "roof_height": 3.2, "roof_azimuth": 15.6, "roof_source": "lidar", "roof_color": "roof_flat", "roof_color_source": "ortho", "lod2_roof": null, "roof_props": null, "wall_color": "brick", "wall_color_source": "assessor", "type": "house", "landmark": null, "footprint_source": "osm", "source_updated": null, "is_part": false, "parent": null, "hidden": false, "addr": "1307 Hampton Street", "wikidata": null, "website": null, "zoning": "R-5", "lidar_p90": 7.42, "ground_z": 59.46 }, "geometry": { "type": "Polygon", "coordinates": [ [ [ 281580.21, 4157550.49 ], [ 281569.95, 4157553.36 ], [ 281570.67, 4157555.93 ], [ 281567.98, 4157556.67 ], [ 281569.08, 4157560.58 ], [ 281571.65, 4157559.86 ], [ 281572.43, 4157562.63 ], [ 281582.68, 4157559.77 ], [ 281580.21, 4157550.49 ] ] ] } },
{ "type": "Feature", "properties": { "id": "osm:way/607735962", "name": null, "height": 2.77, "min_height": 0.0, "levels": null, "height_source": "lidar", "roof_shape": "flat", "roof_height": 0.23, "roof_azimuth": null, "roof_source": "lod2", "roof_color": "roof_flat", "roof_color_source": "heuristic", "lod2_roof": { "v": [ [ 281586.67, 4157561.13, 0.03 ], [ 281585.99, 4157557.63, 0.0 ], [ 281593.35, 4157556.21, 0.2 ], [ 281594.03, 4157559.7, 0.23 ] ], "f": [ [ [ 0, 1, 2, 3 ] ] ] }, "roof_props": null, "wall_color": "sand", "wall_color_source": "assessor", "type": "yes", "landmark": null, "footprint_source": "osm", "source_updated": null, "is_part": false, "parent": null, "hidden": false, "addr": null, "wikidata": null, "website": null, "zoning": "R-5", "lidar_p90": 2.81, "ground_z": 59.84 }, "geometry": { "type": "Polygon", "coordinates": [ [ [ 281594.03, 4157559.7 ], [ 281593.35, 4157556.21 ], [ 281585.99, 4157557.63 ], [ 281586.67, 4157561.12 ], [ 281594.03, 4157559.7 ] ] ] } },
{ "type": "Feature", "properties": { "id": "osm:way/607735909", "name": null, "height": 3.45, "min_height": 0.0, "levels": null, "height_source": "lidar", "roof_shape": "gable", "roof_height": 2.73, "roof_azimuth": 24.1, "roof_source": "lod2", "roof_color": "roof_flat", "roof_color_source": "ortho", "lod2_roof": { "v": [ [ 281622.98, 4157561.47, 0.3 ], [ 281626.66, 4157559.82, 2.7 ], [ 281631.68, 4157570.55, 2.73 ], [ 281628.07, 4157572.16, 0.38 ], [ 281622.4, 4157561.73, 0.28 ], [ 281624.25, 4157573.87, 0.22 ], [ 281623.49, 4157572.18, 0.21 ], [ 281622.71, 4157572.54, 0.18 ], [ 281618.91, 4157564.1, 0.13 ], [ 281622.7, 4157562.4, 0.28 ], [ 281630.95, 4157562.24, 0.94 ], [ 281631.28, 4157561.67, 0.6 ], [ 281632.36, 4157561.13, 0.58 ], [ 281633.18, 4157562.93, 2.34 ], [ 281630.58, 4157564.17, 2.35 ], [ 281630.58, 4157564.17, 1.66 ], [ 281630.45, 4157564.81, 1.9 ], [ 281634.15, 4157565.49, 0.0 ], [ 281635.7, 4157568.75, 0.0 ], [ 281630.63, 4157558.04, 0.0 ], [ 281632.14, 4157561.24, 0.0 ], [ 281634.43, 4157562.91, 0.0 ], [ 281634.84, 4157563.82, 0.82 ], [ 281634.15, 4157563.78, 0.52 ], [ 281633.9, 4157563.19, 0.0 ], [ 281634.84, 4157563.82, 1.0 ], [ 281635.31, 4157564.87, 0.0 ], [ 281634.06, 4157565.47, 0.0 ], [ 281633.26, 4157563.11, 2.17 ], [ 281633.77, 4157562.88, 2.15 ], [ 281634.15, 4157563.78, 1.3 ], [ 281633.77, 4157562.88, 0.0 ], [ 281632.36, 4157561.13, 0.0 ] ], "f": [ [ [ 0, 1, 2, 3 ] ], [ [ 4, 0, 3, 5, 6, 7, 8, 9 ] ], [ [ 10, 11, 12, 13, 14 ] ], [ [ 11, 10, 15, 16, 17, 18, 2, 1, 19, 20 ] ], [ [ 21, 22, 23, 24 ] ], [ [ 25, 26, 27, 16, 14, 13, 28, 29, 30 ] ], [ [ 29, 31, 24, 23, 30 ] ], [ [ 17, 16, 27 ] ], [ [ 15, 14, 16 ] ], [ [ 30, 23, 22, 25 ] ], [ [ 32, 12, 11, 20 ] ], [ [ 14, 15, 10 ] ] ] }, "roof_props": null, "wall_color": "brick", "wall_color_source": "assessor", "type": "house", "landmark": null, "footprint_source": "osm", "source_updated": null, "is_part": false, "parent": null, "hidden": false, "addr": "1302 South Meadow Street", "wikidata": null, "website": null, "zoning": "R-5", "lidar_p90": 5.7, "ground_z": 60.58 }, "geometry": { "type": "Polygon", "coordinates": [ [ [ 281622.4, 4157561.73 ], [ 281622.7, 4157562.4 ], [ 281618.9, 4157564.1 ], [ 281622.71, 4157572.54 ], [ 281623.49, 4157572.18 ], [ 281624.25, 4157573.87 ], [ 281635.77, 4157568.72 ], [ 281634.33, 4157565.52 ], [ 281635.39, 4157565.05 ], [ 281634.31, 4157562.64 ], [ 281633.26, 4157563.11 ], [ 281630.91, 4157557.92 ], [ 281622.4, 4157561.73 ] ] ] } },
{ "type": "Feature", "properties": { "id": "osm:way/607735969", "name": null, "height": 5.33, "min_height": 0.0, "levels": null, "height_source": "lidar", "roof_shape": "gable", "roof_height": 2.67, "roof_azimuth": null, "roof_source": "heuristic", "roof_color": "roof_flat", "roof_color_source": "ortho", "lod2_roof": null, "roof_props": null, "wall_color": "cream", "wall_color_source": "assessor", "type": "house", "landmark": null, "footprint_source": "osm", "source_updated": null, "is_part": false, "parent": null, "hidden": false, "addr": "1305 Hampton Street", "wikidata": null, "website": null, "zoning": "R-5", "lidar_p90": 7.62, "ground_z": 59.66 }, "geometry": { "type": "Polygon", "coordinates": [ [ [ 281582.76, 4157578.86 ], [ 281581.9, 4157575.41 ], [ 281587.16, 4157574.09 ], [ 281586.25, 4157570.52 ], [ 281587.19, 4157570.28 ], [ 281586.57, 4157567.81 ], [ 281585.51, 4157568.07 ], [ 281584.75, 4157565.07 ], [ 281572.33, 4157568.19 ], [ 281575.49, 4157580.69 ], [ 281582.76, 4157578.86 ] ] ] } },
{ "type": "Feature", "properties": { "id": "osm:way/627479726", "name": null, "height": 6.72, "min_height": 0.0, "levels": null, "height_source": "lidar", "roof_shape": "flat", "roof_height": 2.36, "roof_azimuth": null, "roof_source": "lod2", "roof_color": "roof_flat", "roof_color_source": "ortho", "lod2_roof": { "v": [ [ 281686.31, 4157583.53, 0.09 ], [ 281679.13, 4157586.92, 0.66 ], [ 281676.95, 4157582.44, 0.67 ], [ 281682.26, 4157579.93, 0.25 ], [ 281682.59, 4157580.66, 0.25 ], [ 281685.18, 4157579.86, 0.06 ], [ 281685.29, 4157580.17, 0.06 ], [ 281684.39, 4157580.6, 0.13 ], [ 281678.03, 4157587.44, 2.36 ], [ 281677.13, 4157585.59, 2.35 ], [ 281675.85, 4157582.95, 2.34 ], [ 281676.76, 4157588.04, 0.58 ], [ 281675.87, 4157586.15, 0.59 ], [ 281675.75, 4157586.21, 0.42 ], [ 281674.98, 4157585.09, 0.16 ], [ 281674.52, 4157584.42, 0.0 ], [ 281674.19, 4157583.74, 0.0 ], [ 281675.75, 4157586.21, 0.0 ], [ 281674.98, 4157585.09, 0.0 ], [ 281684.39, 4157580.6, 0.0 ], [ 281686.31, 4157583.53, 0.0 ], [ 281685.29, 4157580.17, 0.0 ], [ 281685.18, 4157579.86, 0.0 ] ], "f": [ [ [ 0, 1, 2, 3, 4, 5, 6, 7 ] ], [ [ 8, 9, 10, 2, 1 ] ], [ [ 10, 9, 8, 11, 12, 13, 14, 15, 16 ] ], [ [ 13, 17, 18, 14 ] ], [ [ 7, 19, 20, 0 ] ], [ [ 6, 21, 19, 7 ] ], [ [ 5, 22, 21, 6 ] ], [ [ 14, 18, 15 ] ] ] }, "roof_props": null, "wall_color": "brick_dark", "wall_color_source": "assessor", "type": "house", "landmark": null, "footprint_source": "osm", "source_updated": null, "is_part": false, "parent": null, "hidden": false, "addr": "1223 South Meadow Street", "wikidata": null, "website": null, "zoning": "R-5", "lidar_p90": 8.2, "ground_z": 61.31 }, "geometry": { "type": "Polygon", "coordinates": [ [ [ 281687.99, 4157582.73 ], [ 281686.43, 4157579.47 ], [ 281682.59, 4157580.66 ], [ 281682.25, 4157579.93 ], [ 281672.66, 4157584.46 ], [ 281673.9, 4157587.08 ], [ 281675.87, 4157586.15 ], [ 281676.76, 4157588.04 ], [ 281687.99, 4157582.73 ] ] ] } },
{ "type": "Feature", "properties": { "id": "osm:way/627479715", "name": null, "height": 6.55, "min_height": 0.0, "levels": null, "height_source": "lidar", "roof_shape": "gable", "roof_height": 2.34, "roof_azimuth": null, "roof_source": "heuristic", "roof_color": "roof_flat", "roof_color_source": "ortho", "lod2_roof": null, "roof_props": null, "wall_color": "brick", "wall_color_source": "assessor", "type": "house", "landmark": null, "footprint_source": "osm", "source_updated": null, "is_part": false, "parent": null, "hidden": false, "addr": "1221 South Meadow Street", "wikidata": null, "website": null, "zoning": "R-5", "lidar_p90": 7.95, "ground_z": 61.4 }, "geometry": { "type": "Polygon", "coordinates": [ [ [ 281676.69, 4157593.67 ], [ 281686.51, 4157589.04 ], [ 281686.0, 4157587.98 ], [ 281693.51, 4157584.43 ], [ 281691.84, 4157580.92 ], [ 281674.51, 4157589.1 ], [ 281676.69, 4157593.67 ] ] ] } },
{ "type": "Feature", "properties": { "id": "osm:way/627479716", "name": null, "height": 6.38, "min_height": 0.0, "levels": null, "height_source": "lidar", "roof_shape": "gable", "roof_height": 2.35, "roof_azimuth": null, "roof_source": "heuristic", "roof_color": "concrete", "roof_color_source": "ortho", "lod2_roof": null, "roof_props": null, "wall_color": "brick_dark", "wall_color_source": "assessor", "type": "house", "landmark": null, "footprint_source": "osm", "source_updated": null, "is_part": false, "parent": null, "hidden": false, "addr": "1219 South Meadow Street", "wikidata": null, "website": null, "zoning": "R-5", "lidar_p90": 7.74, "ground_z": 61.6 }, "geometry": { "type": "Polygon", "coordinates": [ [ [ 281676.69, 4157593.67 ], [ 281678.98, 4157598.48 ], [ 281694.95, 4157590.95 ], [ 281693.04, 4157586.92 ], [ 281686.88, 4157589.83 ], [ 281686.51, 4157589.04 ], [ 281676.69, 4157593.67 ] ] ] } },
{ "type": "Feature", "properties": { "id": "osm:way/627479717", "name": null, "height": 6.3, "min_height": 0.0, "levels": null, "height_source": "lidar", "roof_shape": "gable", "roof_height": 2.36, "roof_azimuth": null, "roof_source": "lod2", "roof_color": "roof_flat", "roof_color_source": "ortho", "lod2_roof": { "v": [ [ 281683.45, 4157596.38, 0.44 ], [ 281685.6, 4157600.79, 0.41 ], [ 281684.61, 4157601.26, 2.11 ], [ 281682.66, 4157597.22, 2.11 ], [ 281682.66, 4157596.75, 1.79 ], [ 281680.96, 4157597.55, 0.0 ], [ 281682.66, 4157596.75, 2.36 ], [ 281683.08, 4157601.98, 0.0 ], [ 281689.27, 4157593.63, 0.0 ], [ 281690.7, 4157597.13, 0.0 ], [ 281690.32, 4157597.31, 0.03 ], [ 281690.8, 4157598.33, 0.02 ] ], "f": [ [ [ 0, 1, 2, 3, 4 ] ], [ [ 5, 6, 3, 2, 7 ] ], [ [ 1, 0, 8, 9, 10, 11 ] ], [ [ 6, 4, 3 ] ] ] }, "roof_props": null, "wall_color": "brick_dark", "wall_color_source": "assessor", "type": "house", "landmark": null, "footprint_source": "osm", "source_updated": null, "is_part": false, "parent": null, "hidden": false, "addr": "1217 South Meadow Street", "wikidata": null, "website": null, "zoning": "R-5", "lidar_p90": 7.76, "ground_z": 61.67 }, "geometry": { "type": "Polygon", "coordinates": [ [ [ 281681.09, 4157602.92 ], [ 281690.8, 4157598.33 ], [ 281690.32, 4157597.31 ], [ 281697.25, 4157594.04 ], [ 281695.63, 4157590.63 ], [ 281678.98, 4157598.48 ], [ 281681.09, 4157602.92 ] ] ] } },
{ "type": "Feature", "properties": { "id": "osm:way/607736012", "name": null, "height": 6.71, "min_height": 0.0, "levels": null, "height_source": "lidar", "roof_shape": "gable", "roof_height": 2.26, "roof_azimuth": null, "roof_source": "lod2", "roof_color": "roof_flat", "roof_color_source": "ortho", "lod2_roof": { "v": [ [ 281649.52, 4157601.24, 0.62 ], [ 281642.54, 4157604.56, 0.07 ], [ 281640.37, 4157600.03, 0.08 ], [ 281647.39, 4157596.69, 0.63 ], [ 281648.34, 4157596.24, 2.22 ], [ 281650.49, 4157600.77, 2.26 ], [ 281649.9, 4157595.5, 0.0 ], [ 281650.46, 4157596.66, 0.0 ], [ 281650.3, 4157597.26, 0.52 ], [ 281650.38, 4157597.27, 0.44 ], [ 281650.34, 4157597.33, 0.52 ], [ 281652.04, 4157600.03, 0.06 ], [ 281650.3, 4157597.26, 0.0 ], [ 281650.38, 4157597.27, 0.0 ], [ 281650.34, 4157597.33, 0.0 ], [ 281652.04, 4157600.03, 0.0 ] ], "f": [ [ [ 0, 1, 2, 3 ] ], [ [ 4, 5, 0, 3 ] ], [ [ 5, 4, 6, 7, 8, 9, 10, 11 ] ], [ [ 12, 8, 7 ] ], [ [ 8, 12, 13, 9 ] ], [ [ 10, 14, 15, 11 ] ], [ [ 9, 13, 14, 10 ] ] ] }, "roof_props": null, "wall_color": "brick", "wall_color_source": "assessor", "type": "house", "landmark": null, "footprint_source": "osm", "source_updated": null, "is_part": false, "parent": null, "hidden": false, "addr": "1222 South Meadow Street", "wikidata": null, "website": null, "zoning": "R-5", "lidar_p90": 8.23, "ground_z": 61.27 }, "geometry": { "type": "Polygon", "coordinates": [ [ [ 281654.12, 4157599.04 ], [ 281651.95, 4157594.52 ], [ 281640.37, 4157600.03 ], [ 281642.54, 4157604.56 ], [ 281654.12, 4157599.04 ] ] ] } },
{ "type": "Feature", "properties": { "id": "osm:way/627479718", "name": null, "height": 3.34, "min_height": 0.0, "levels": null, "height_source": "lidar", "roof_shape": "gable", "roof_height": 5.14, "roof_azimuth": 25.3, "roof_source": "lod2", "roof_color": "concrete", "roof_color_source": "ortho", "lod2_roof": { "v": [ [ 281687.84, 4157605.58, 3.56 ], [ 281686.9, 4157606.02, 5.01 ], [ 281684.57, 4157601.27, 5.14 ], [ 281685.61, 4157600.79, 3.54 ], [ 281685.43, 4157606.71, 3.14 ], [ 281683.16, 4157601.94, 3.33 ], [ 281693.91, 4157598.31, 2.9 ], [ 281695.19, 4157602.11, 2.95 ], [ 281690.8, 4157598.33, 3.11 ], [ 281691.29, 4157599.35, 3.11 ], [ 281700.44, 4157599.63, 0.02 ], [ 281695.19, 4157602.11, 0.08 ], [ 281693.91, 4157598.31, 0.06 ], [ 281698.88, 4157596.34, 0.0 ] ], "f": [ [ [ 0, 1, 2, 3 ] ], [ [ 1, 4, 5, 2 ] ], [ [ 6, 7, 0, 3, 8, 9 ] ], [ [ 10, 11, 12, 13 ] ], [ [ 6, 12, 11, 7 ] ] ] }, "roof_props": null, "wall_color": "brick_dark", "wall_color_source": "assessor", "type": "house", "landmark": null, "footprint_source": "osm", "source_updated": null, "is_part": false, "parent": null, "hidden": false, "addr": "1215 South Meadow Street", "wikidata": null, "website": null, "zoning": "R-5", "lidar_p90": 7.66, "ground_z": 61.66 }, "geometry": { "type": "Polygon", "coordinates": [ [ [ 281683.16, 4157601.94 ], [ 281685.43, 4157606.71 ], [ 281700.44, 4157599.63 ], [ 281698.88, 4157596.34 ], [ 281691.29, 4157599.35 ], [ 281690.8, 4157598.33 ], [ 281683.16, 4157601.94 ] ] ] } },
{ "type": "Feature", "properties": { "id": "osm:way/607736009", "name": null, "height": 6.64, "min_height": 0.0, "levels": null, "height_source": "lidar", "roof_shape": "gable", "roof_height": 2.07, "roof_azimuth": null, "roof_source": "lod2", "roof_color": "slate", "roof_color_source": "ortho", "lod2_roof": { "v": [ [ 281643.67, 4157604.02, 0.0 ], [ 281649.62, 4157601.18, 0.48 ], [ 281651.69, 4157605.61, 0.46 ], [ 281646.98, 4157607.84, 0.08 ], [ 281646.5, 4157606.84, 0.08 ], [ 281645.48, 4157607.32, 0.0 ], [ 281653.94, 4157604.54, 0.0 ], [ 281652.54, 4157605.21, 2.03 ], [ 281650.48, 4157600.78, 2.07 ], [ 281651.91, 4157600.09, 0.0 ] ], "f": [ [ [ 0, 1, 2, 3, 4, 5 ] ], [ [ 6, 7, 8, 9 ] ], [ [ 7, 2, 1, 8 ] ] ] }, "roof_props": null, "wall_color": "brick_dark", "wall_color_source": "assessor", "type": "house", "landmark": null, "footprint_source": "osm", "source_updated": null, "is_part": false, "parent": null, "hidden": false, "addr": "1220 South Meadow Street", "wikidata": null, "website": null, "zoning": "R-5", "lidar_p90": 7.67, "ground_z": 61.41 }, "geometry": { "type": "Polygon", "coordinates": [ [ [ 281656.24, 4157603.45 ], [ 281654.12, 4157599.04 ], [ 281640.93, 4157605.33 ], [ 281642.56, 4157608.71 ], [ 281646.49, 4157606.83 ], [ 281646.98, 4157607.84 ], [ 281656.24, 4157603.45 ] ] ] } },
{ "type": "Feature", "properties": { "id": "osm:way/627479719", "name": null, "height": 6.58, "min_height": 0.0, "levels": null, "height_source": "lidar", "roof_shape": "gable", "roof_height": 2.02, "roof_azimuth": null, "roof_source": "lod2", "roof_color": "roof_flat", "roof_color_source": "ortho", "lod2_roof": { "v": [ [ 281689.85, 4157609.85, 0.35 ], [ 281687.87, 4157605.56, 0.37 ], [ 281692.47, 4157603.39, 0.0 ], [ 281694.16, 4157607.81, 0.0 ], [ 281685.32, 4157606.76, 0.0 ], [ 281686.9, 4157606.02, 2.02 ], [ 281688.08, 4157608.5, 1.96 ], [ 281688.93, 4157610.28, 1.92 ], [ 281687.43, 4157610.99, 0.0 ] ], "f": [ [ [ 0, 1, 2, 3 ] ], [ [ 4, 5, 6, 7, 8 ] ], [ [ 5, 1, 0, 7, 6 ] ] ] }, "roof_props": null, "wall_color": "brick", "wall_color_source": "assessor", "type": "house", "landmark": null, "footprint_source": "osm", "source_updated": null, "is_part": false, "parent": null, "hidden": false, "addr": "1213 South Meadow Street", "wikidata": null, "website": null, "zoning": "R-5", "lidar_p90": 7.83, "ground_z": 61.74 }, "geometry": { "type": "Polygon", "coordinates": [ [ [ 281683.26, 4157607.73 ], [ 281685.29, 4157612.0 ], [ 281695.15, 4157607.34 ], [ 281694.78, 4157606.54 ], [ 281698.48, 4157604.79 ], [ 281696.83, 4157601.34 ], [ 281683.26, 4157607.73 ] ] ] } },
{ "type": "Feature", "properties": { "id": "osm:way/607736007", "name": null, "height": 6.53, "min_height": 0.0, "levels": null, "height_source": "lidar", "roof_shape": "gable", "roof_height": 2.09, "roof_azimuth": null, "roof_source": "lod2", "roof_color": "roof_flat", "roof_color_source": "ortho", "lod2_roof": { "v": [ [ 281656.35, 4157609.02, 0.0 ], [ 281654.73, 4157609.79, 2.0 ], [ 281653.35, 4157607.08, 1.92 ], [ 281653.07, 4157606.37, 1.82 ], [ 281654.84, 4157606.35, 0.07 ], [ 281655.43, 4157607.32, 0.0 ], [ 281654.88, 4157605.92, 0.0 ], [ 281654.75, 4157606.2, 0.22 ], [ 281654.84, 4157606.35, 0.17 ], [ 281653.07, 4157606.37, 1.98 ], [ 281652.58, 4157605.18, 2.08 ], [ 281653.77, 4157604.62, 0.7 ], [ 281654.08, 4157605.12, 0.55 ], [ 281654.68, 4157605.32, 0.0 ], [ 281651.49, 4157605.7, 0.49 ], [ 281653.68, 4157610.29, 0.47 ], [ 281647.85, 4157613.06, 0.0 ], [ 281645.85, 4157609.37, 0.0 ], [ 281647.37, 4157608.64, 0.12 ], [ 281646.98, 4157607.84, 0.13 ], [ 281652.58, 4157605.18, 2.09 ], [ 281654.75, 4157606.2, 0.0 ], [ 281654.84, 4157606.35, 0.0 ], [ 281653.77, 4157604.62, 0.0 ], [ 281654.08, 4157605.12, 0.0 ] ], "f": [ [ [ 0, 1, 2, 3, 4, 5 ] ], [ [ 6, 7, 8, 9, 10, 11, 12, 13 ] ], [ [ 14, 15, 16, 17, 18, 19 ] ], [ [ 15, 14, 20, 9, 2, 1 ] ], [ [ 9, 3, 2 ] ], [ [ 7, 21, 22, 4, 8 ] ], [ [ 8, 4, 3, 9 ] ], [ [ 4, 22, 5 ] ], [ [ 11, 23, 24, 12 ] ], [ [ 12, 24, 13 ] ], [ [ 21, 7, 6 ] ] ] }, "roof_props": null, "wall_color": "terracotta", "wall_color_source": "assessor", "type": "house", "landmark": null, "footprint_source": "osm", "source_updated": null, "is_part": false, "parent": null, "hidden": false, "addr": "1218 South Meadow Street", "wikidata": null, "website": null, "zoning": "R-5", "lidar_p90": 7.76, "ground_z": 61.46 }, "geometry": { "type": "Polygon", "coordinates": [ [ [ 281658.44, 4157608.02 ], [ 281656.24, 4157603.45 ], [ 281646.98, 4157607.84 ], [ 281647.36, 4157608.64 ], [ 281643.23, 4157610.62 ], [ 281645.04, 4157614.4 ], [ 281658.44, 4157608.02 ] ] ] } },
{ "type": "Feature", "properties": { "id": "osm:way/627479720", "name": null, "height": 6.45, "min_height": 0.0, "levels": null, "height_source": "lidar", "roof_shape": "gable", "roof_height": 2.28, "roof_azimuth": null, "roof_source": "heuristic", "roof_color": "roof_flat", "roof_color_source": "ortho", "lod2_roof": null, "roof_props": null, "wall_color": "brick_dark", "wall_color_source": "assessor", "type": "house", "landmark": null, "footprint_source": "osm", "source_updated": null, "is_part": false, "parent": null, "hidden": false, "addr": "1211 South Meadow Street", "wikidata": null, "website": null, "zoning": "R-5", "lidar_p90": 7.69, "ground_z": 61.75 }, "geometry": { "type": "Polygon", "coordinates": [ [ [ 281685.29, 4157612.0 ], [ 281687.45, 4157616.54 ], [ 281703.91, 4157608.77 ], [ 281702.22, 4157605.24 ], [ 281695.64, 4157608.34 ], [ 281695.15, 4157607.34 ], [ 281685.29, 4157612.0 ] ] ] } },
{ "type": "Feature", "properties": { "id": "osm:way/607735907", "name": null, "height": 3.9, "min_height": 0.0, "levels": null, "height_source": "lidar", "roof_shape": "gable", "roof_height": 2.45, "roof_azimuth": 40.5, "roof_source": "lod2", "roof_color": "concrete", "roof_color_source": "ortho", "lod2_roof": { "v": [ [ 281636.87, 4157576.95, 0.25 ], [ 281635.96, 4157576.41, 0.6 ], [ 281635.83, 4157576.52, 0.7 ], [ 281634.95, 4157574.71, 0.69 ], [ 281635.95, 4157574.23, 0.0 ], [ 281637.24, 4157576.79, 0.0 ], [ 281635.96, 4157576.41, 1.45 ], [ 281636.87, 4157576.95, 1.08 ], [ 281638.44, 4157576.24, 0.0 ], [ 281642.15, 4157584.04, 0.0 ], [ 281638.82, 4157585.63, 2.31 ], [ 281635.38, 4157577.94, 2.19 ], [ 281634.7, 4157577.47, 2.45 ], [ 281635.83, 4157576.52, 1.56 ], [ 281631.38, 4157578.55, 0.0 ], [ 281633.56, 4157578.44, 1.15 ], [ 281633.86, 4157578.18, 1.36 ], [ 281634.38, 4157577.24, 1.83 ], [ 281634.7, 4157577.47, 1.95 ], [ 281635.08, 4157587.42, 0.0 ], [ 281633.99, 4157575.17, 0.0 ], [ 281634.96, 4157577.25, 0.0 ], [ 281634.7, 4157577.47, 0.0 ], [ 281634.38, 4157577.24, 0.0 ] ], "f": [ [ [ 0, 1, 2, 3, 4, 5 ] ], [ [ 6, 7, 8, 9, 10, 11, 12, 13 ] ], [ [ 14, 15, 16, 17, 18, 11, 10, 19 ] ], [ [ 20, 3, 2, 21 ] ], [ [ 7, 0, 5, 8 ] ], [ [ 18, 12, 11 ] ], [ [ 12, 18, 22, 21, 2, 13 ] ], [ [ 13, 2, 1, 6 ] ], [ [ 6, 1, 0, 7 ] ], [ [ 17, 23, 22, 18 ] ] ] }, "roof_props": null, "wall_color": "brick_dark", "wall_color_source": "assessor", "type": "house", "landmark": null, "footprint_source": "osm", "source_updated": null, "is_part": false, "parent": null, "hidden": false, "addr": "1300 South Meadow Street", "wikidata": null, "website": null, "zoning": "R-5", "lidar_p90": 5.73, "ground_z": 60.93 }, "geometry": { "type": "Polygon", "coordinates": [ [ [ 281638.65, 4157575.53 ], [ 281637.8, 4157575.94 ], [ 281636.78, 4157573.83 ], [ 281629.41, 4157577.36 ], [ 281630.53, 4157579.67 ], [ 281631.23, 4157579.34 ], [ 281633.51, 4157584.07 ], [ 281632.64, 4157584.48 ], [ 281634.25, 4157587.82 ], [ 281642.57, 4157583.84 ], [ 281638.65, 4157575.53 ] ] ] } },
{ "type": "Feature", "properties": { "id": "osm:way/607735971", "name": null, "height": 3.63, "min_height": 0.0, "levels": null, "height_source": "lidar", "roof_shape": "gable", "roof_height": 3.97, "roof_azimuth": 14.5, "roof_source": "lidar", "roof_color": "roof_flat", "roof_color_source": "ortho", "lod2_roof": null, "roof_props": null, "wall_color": "brick", "wall_color_source": "assessor", "type": "house", "landmark": null, "footprint_source": "osm", "source_updated": null, "is_part": false, "parent": null, "hidden": false, "addr": "1303 Hampton Street", "wikidata": null, "website": null, "zoning": "R-5", "lidar_p90": 7.76, "ground_z": 59.64 }, "geometry": { "type": "Polygon", "coordinates": [ [ [ 281580.45, 4157592.23 ], [ 281581.14, 4157594.87 ], [ 281588.25, 4157593.03 ], [ 281587.32, 4157589.49 ], [ 281590.11, 4157588.77 ], [ 281588.61, 4157583.07 ], [ 281578.66, 4157585.64 ], [ 281579.34, 4157588.25 ], [ 281576.74, 4157588.91 ], [ 281577.78, 4157592.91 ], [ 281580.45, 4157592.23 ] ] ] } },
{ "type": "Feature", "properties": { "id": "osm:way/607735977", "name": null, "height": 5.93, "min_height": 0.0, "levels": null, "height_source": "lidar", "roof_shape": "gable", "roof_height": 2.96, "roof_azimuth": null, "roof_source": "heuristic", "roof_color": "concrete", "roof_color_source": "ortho", "lod2_roof": null, "roof_props": null, "wall_color": "cream", "wall_color_source": "assessor", "type": "house", "landmark": null, "footprint_source": "osm", "source_updated": null, "is_part": false, "parent": null, "hidden": false, "addr": "1301 Hampton Street", "wikidata": null, "website": null, "zoning": "R-5", "lidar_p90": 7.59, "ground_z": 59.84 }, "geometry": { "type": "Polygon", "coordinates": [ [ [ 281591.04, 4157609.63 ], [ 281590.62, 4157608.06 ], [ 281595.09, 4157606.9 ], [ 281593.51, 4157600.87 ], [ 281589.0, 4157602.04 ], [ 281587.88, 4157597.75 ], [ 281579.32, 4157599.97 ], [ 281580.04, 4157602.7 ], [ 281578.49, 4157603.09 ], [ 281580.89, 4157612.26 ], [ 281591.04, 4157609.63 ] ] ] } },
{ "type": "Feature", "properties": { "id": "osm:way/607736022", "name": null, "height": 2.5, "min_height": 0.0, "levels": null, "height_source": "lidar", "roof_shape": "flat", "roof_height": 0.0, "roof_azimuth": null, "roof_source": "heuristic", "roof_color": "roof_flat", "roof_color_source": "heuristic", "lod2_roof": null, "roof_props": null, "wall_color": "cream", "wall_color_source": "assessor", "type": "yes", "landmark": null, "footprint_source": "osm", "source_updated": null, "is_part": false, "parent": null, "hidden": false, "addr": null, "wikidata": null, "website": null, "zoning": "R-5", "lidar_p90": 2.58, "ground_z": 60.93 }, "geometry": { "type": "Polygon", "coordinates": [ [ [ 281614.3, 4157629.29 ], [ 281617.72, 4157627.57 ], [ 281615.65, 4157623.51 ], [ 281612.23, 4157625.24 ], [ 281614.3, 4157629.29 ] ] ] } },
{ "type": "Feature", "properties": { "id": "osm:way/607736024", "name": null, "height": 5.95, "min_height": 0.0, "levels": null, "height_source": "lidar", "roof_shape": "gable", "roof_height": 2.98, "roof_azimuth": null, "roof_source": "heuristic", "roof_color": "slate", "roof_color_source": "ortho", "lod2_roof": null, "roof_props": null, "wall_color": "brick", "wall_color_source": "assessor", "type": "house", "landmark": null, "footprint_source": "osm", "source_updated": null, "is_part": false, "parent": null, "hidden": false, "addr": "1207 Hampton Street", "wikidata": null, "website": null, "zoning": "R-5", "lidar_p90": 7.26, "ground_z": 60.47 }, "geometry": { "type": "Polygon", "coordinates": [ [ [ 281597.16, 4157635.57 ], [ 281596.16, 4157633.44 ], [ 281605.11, 4157629.3 ], [ 281602.76, 4157624.26 ], [ 281599.65, 4157625.7 ], [ 281597.86, 4157621.86 ], [ 281586.68, 4157627.03 ], [ 281588.37, 4157630.67 ], [ 281586.95, 4157631.33 ], [ 281588.18, 4157633.96 ], [ 281589.51, 4157633.35 ], [ 281592.34, 4157637.81 ], [ 281597.16, 4157635.57 ] ] ] } },
{ "type": "Feature", "properties": { "id": "osm:way/607736020", "name": null, "height": 3.57, "min_height": 0.0, "levels": null, "height_source": "lidar", "roof_shape": "flat", "roof_height": 0.0, "roof_azimuth": null, "roof_source": "heuristic", "roof_color": "roof_flat", "roof_color_source": "ortho", "lod2_roof": null, "roof_props": null, "wall_color": "cream", "wall_color_source": "assessor", "type": "yes", "landmark": null, "footprint_source": "osm", "source_updated": null, "is_part": false, "parent": null, "hidden": false, "addr": null, "wikidata": null, "website": null, "zoning": "R-5", "lidar_p90": 3.85, "ground_z": 61.02 }, "geometry": { "type": "Polygon", "coordinates": [ [ [ 281613.95, 4157631.94 ], [ 281617.34, 4157638.12 ], [ 281622.78, 4157635.14 ], [ 281619.4, 4157628.98 ], [ 281613.95, 4157631.94 ] ] ] } },
{ "type": "Feature", "properties": { "id": "osm:way/607736018", "name": null, "height": 2.88, "min_height": 0.0, "levels": null, "height_source": "lidar", "roof_shape": "flat", "roof_height": 0.5, "roof_azimuth": null, "roof_source": "lod2", "roof_color": "roof_flat", "roof_color_source": "heuristic", "lod2_roof": { "v": [ [ 281625.85, 4157641.8, 0.39 ], [ 281627.71, 4157640.93, 0.0 ], [ 281630.8, 4157646.12, 0.0 ], [ 281628.41, 4157647.24, 0.5 ] ], "f": [ [ [ 0, 1, 2, 3 ] ] ] }, "roof_props": null, "wall_color": "brick_dark", "wall_color_source": "assessor", "type": "yes", "landmark": null, "footprint_source": "osm", "source_updated": null, "is_part": false, "parent": null, "hidden": false, "addr": null, "wikidata": null, "website": null, "zoning": "R-5", "lidar_p90": 2.91, "ground_z": 61.38 }, "geometry": { "type": "Polygon", "coordinates": [ [ [ 281628.4, 4157647.24 ], [ 281631.47, 4157645.81 ], [ 281628.91, 4157640.38 ], [ 281625.85, 4157641.8 ], [ 281628.4, 4157647.24 ] ] ] } },
{ "type": "Feature", "properties": { "id": "osm:way/607736026", "name": null, "height": 3.44, "min_height": 0.0, "levels": null, "height_source": "lidar", "roof_shape": "gable", "roof_height": 1.98, "roof_azimuth": 15.9, "roof_source": "lidar", "roof_color": "roof_flat", "roof_color_source": "ortho", "lod2_roof": null, "roof_props": null, "wall_color": "cream", "wall_color_source": "assessor", "type": "house", "landmark": null, "footprint_source": "osm", "source_updated": null, "is_part": false, "parent": null, "hidden": false, "addr": "1205 Hampton Street", "wikidata": null, "website": null, "zoning": "R-5", "lidar_p90": 6.13, "ground_z": 60.48 }, "geometry": { "type": "Polygon", "coordinates": [ [ [ 281602.79, 4157644.17 ], [ 281605.9, 4157643.28 ], [ 281604.42, 4157638.13 ], [ 281592.21, 4157641.61 ], [ 281593.14, 4157644.89 ], [ 281591.05, 4157645.49 ], [ 281591.99, 4157648.77 ], [ 281593.86, 4157648.23 ], [ 281594.88, 4157651.79 ], [ 281604.21, 4157649.13 ], [ 281602.79, 4157644.17 ] ] ] } },
{ "type": "Feature", "properties": { "id": "osm:way/607736029", "name": null, "height": 4.9, "min_height": 0.0, "levels": null, "height_source": "lidar", "roof_shape": "gable", "roof_height": 2.45, "roof_azimuth": null, "roof_source": "heuristic", "roof_color": "roof_flat", "roof_color_source": "ortho", "lod2_roof": null, "roof_props": null, "wall_color": "brick", "wall_color_source": "assessor", "type": "house", "landmark": null, "footprint_source": "osm", "source_updated": null, "is_part": false, "parent": null, "hidden": false, "addr": "1203 Hampton Street", "wikidata": null, "website": null, "zoning": "R-5", "lidar_p90": 6.19, "ground_z": 60.89 }, "geometry": { "type": "Polygon", "coordinates": [ [ [ 281608.15, 4157653.37 ], [ 281596.67, 4157656.2 ], [ 281599.25, 4157666.54 ], [ 281608.29, 4157664.32 ], [ 281607.99, 4157663.08 ], [ 281610.4, 4157662.49 ], [ 281608.15, 4157653.37 ] ] ] } },
{ "type": "Feature", "properties": { "id": "osm:way/607736016", "name": null, "height": 3.58, "min_height": 0.0, "levels": null, "height_source": "lidar", "roof_shape": "flat", "roof_height": 0.57, "roof_azimuth": null, "roof_source": "lod2", "roof_color": "roof_flat", "roof_color_source": "ortho", "lod2_roof": { "v": [ [ 281638.83, 4157662.85, 0.57 ], [ 281630.18, 4157667.02, 0.57 ], [ 281629.3, 4157665.44, 0.0 ], [ 281638.06, 4157661.24, 0.0 ], [ 281631.24, 4157668.92, 0.0 ], [ 281639.76, 4157664.8, 0.0 ] ], "f": [ [ [ 0, 1, 2, 3 ] ], [ [ 4, 1, 0, 5 ] ] ] }, "roof_props": null, "wall_color": "cream", "wall_color_source": "assessor", "type": "parking", "landmark": null, "footprint_source": "osm", "source_updated": null, "is_part": false, "parent": null, "hidden": false, "addr": null, "wikidata": null, "website": null, "zoning": "R-5", "lidar_p90": 3.81, "ground_z": 61.75 }, "geometry": { "type": "Polygon", "coordinates": [ [ [ 281628.14, 4157664.42 ], [ 281631.03, 4157670.46 ], [ 281640.35, 4157666.03 ], [ 281637.46, 4157659.99 ], [ 281628.14, 4157664.42 ] ] ] } },
{ "type": "Feature", "properties": { "id": "osm:way/607736005", "name": null, "height": 6.02, "min_height": 0.0, "levels": null, "height_source": "lidar", "roof_shape": "gable", "roof_height": 2.58, "roof_azimuth": 130.5, "roof_source": "lod2", "roof_color": "roof_flat", "roof_color_source": "ortho", "lod2_roof": { "v": [ [ 281646.63, 4157613.64, 0.4 ], [ 281653.82, 4157610.22, 0.99 ], [ 281655.96, 4157614.94, 0.95 ], [ 281651.32, 4157617.15, 0.57 ], [ 281650.82, 4157616.12, 0.57 ], [ 281648.22, 4157617.35, 0.36 ], [ 281654.73, 4157609.79, 2.54 ], [ 281656.92, 4157614.48, 2.58 ], [ 281656.51, 4157609.26, 0.27 ], [ 281658.68, 4157613.64, 0.17 ], [ 281656.59, 4157608.9, 0.0 ], [ 281656.68, 4157609.09, 0.0 ], [ 281648.22, 4157617.35, 0.0 ], [ 281646.63, 4157613.64, 0.0 ] ], "f": [ [ [ 0, 1, 2, 3, 4, 5 ] ], [ [ 1, 6, 7, 2 ] ], [ [ 8, 9, 7, 6, 10, 11 ] ], [ [ 5, 12, 13, 0 ] ] ] }, "roof_props": null, "wall_color": "terracotta", "wall_color_source": "assessor", "type": "house", "landmark": null, "footprint_source": "osm", "source_updated": null, "is_part": false, "parent": null, "hidden": false, "addr": "1216 South Meadow Street", "wikidata": null, "website": null, "zoning": "R-5", "lidar_p90": 7.57, "ground_z": 61.57 }, "geometry": { "type": "Polygon", "coordinates": [ [ [ 281659.02, 4157613.48 ], [ 281658.41, 4157612.21 ], [ 281659.86, 4157611.52 ], [ 281658.95, 4157609.64 ], [ 281657.52, 4157610.33 ], [ 281656.79, 4157608.81 ], [ 281645.04, 4157614.4 ], [ 281646.79, 4157618.03 ], [ 281650.82, 4157616.12 ], [ 281651.32, 4157617.15 ], [ 281659.02, 4157613.48 ] ] ] } },
{ "type": "Feature", "properties": { "id": "osm:way/627479721", "name": null, "height": 6.3, "min_height": 0.0, "levels": null, "height_source": "lidar", "roof_shape": "gable", "roof_height": 2.25, "roof_azimuth": null, "roof_source": "lod2", "roof_color": "roof_flat", "roof_color_source": "ortho", "lod2_roof": { "v": [ [ 281693.31, 4157619.51, 2.25 ], [ 281692.59, 4157618.02, 2.25 ], [ 281691.04, 4157614.85, 2.24 ], [ 281692.02, 4157614.38, 0.56 ], [ 281694.33, 4157619.03, 0.51 ], [ 281689.48, 4157615.58, 0.0 ], [ 281691.75, 4157620.25, 0.0 ], [ 281700.24, 4157615.03, 0.0 ], [ 281699.13, 4157615.56, 0.09 ], [ 281699.59, 4157616.55, 0.08 ], [ 281698.91, 4157611.12, 0.0 ] ], "f": [ [ [ 0, 1, 2, 3, 4 ] ], [ [ 5, 2, 1, 0, 6 ] ], [ [ 7, 8, 9, 4, 3, 10 ] ] ] }, "roof_props": null, "wall_color": "brick", "wall_color_source": "assessor", "type": "house", "landmark": null, "footprint_source": "osm", "source_updated": null, "is_part": false, "parent": null, "hidden": false, "addr": "1209 South Meadow Street", "wikidata": null, "website": null, "zoning": "R-5", "lidar_p90": 7.61, "ground_z": 61.95 }, "geometry": { "type": "Polygon", "coordinates": [ [ [ 281687.45, 4157616.54 ], [ 281689.68, 4157621.22 ], [ 281699.59, 4157616.55 ], [ 281699.13, 4157615.56 ], [ 281705.67, 4157612.47 ], [ 281703.91, 4157608.77 ], [ 281687.45, 4157616.54 ] ] ] } },
{ "type": "Feature", "properties": { "id": "osm:way/607736002", "name": null, "height": 6.16, "min_height": 0.0, "levels": null, "height_source": "lidar", "roof_shape": "gable", "roof_height": 2.4, "roof_azimuth": 115.5, "roof_source": "lod2", "roof_color": "roof_flat", "roof_color_source": "ortho", "lod2_roof": { "v": [ [ 281658.16, 4157619.64, 0.9 ], [ 281655.92, 4157614.96, 0.88 ], [ 281656.97, 4157614.46, 2.4 ], [ 281659.18, 4157619.15, 2.39 ], [ 281661.17, 4157618.2, 0.0 ], [ 281658.95, 4157613.52, 0.0 ], [ 281650.83, 4157622.11, 0.36 ], [ 281650.43, 4157621.61, 0.34 ], [ 281649.23, 4157619.09, 0.33 ], [ 281651.69, 4157617.93, 0.52 ], [ 281651.32, 4157617.15, 0.52 ], [ 281651.09, 4157623.0, 0.35 ], [ 281650.76, 4157622.29, 0.35 ], [ 281650.43, 4157621.61, 0.0 ], [ 281649.23, 4157619.09, 0.0 ], [ 281651.09, 4157623.0, 0.0 ], [ 281650.76, 4157622.29, 0.0 ], [ 281650.83, 4157622.11, 0.0 ] ], "f": [ [ [ 0, 1, 2, 3 ] ], [ [ 4, 3, 2, 5 ] ], [ [ 6, 7, 8, 9, 10, 1, 0, 11, 12 ] ], [ [ 7, 13, 14, 8 ] ], [ [ 11, 15, 16, 12 ] ], [ [ 12, 16, 17, 6 ] ], [ [ 6, 17, 13, 7 ] ] ] }, "roof_props": null, "wall_color": "brick", "wall_color_source": "assessor", "type": "house", "landmark": null, "footprint_source": "osm", "source_updated": null, "is_part": false, "parent": null, "hidden": false, "addr": "1214 South Meadow Street", "wikidata": null, "website": null, "zoning": "R-5", "lidar_p90": 7.65, "ground_z": 61.61 }, "geometry": { "type": "Polygon", "coordinates": [ [ [ 281662.66, 4157617.49 ], [ 281660.42, 4157612.82 ], [ 281651.32, 4157617.15 ], [ 281651.69, 4157617.92 ], [ 281647.63, 4157619.85 ], [ 281649.5, 4157623.76 ], [ 281662.66, 4157617.49 ] ] ] } },
{ "type": "Feature", "properties": { "id": "osm:way/627479722", "name": null, "height": 6.42, "min_height": 0.0, "levels": null, "height_source": "lidar", "roof_shape": "gable", "roof_height": 2.26, "roof_azimuth": null, "roof_source": "lod2", "roof_color": "roof_flat", "roof_color_source": "ortho", "lod2_roof": { "v": [ [ 281694.27, 4157619.06, 0.52 ], [ 281699.59, 4157616.55, 0.09 ], [ 281700.03, 4157617.48, 0.09 ], [ 281701.13, 4157616.96, 0.0 ], [ 281703.05, 4157620.87, 0.0 ], [ 281696.57, 4157623.93, 0.52 ], [ 281693.25, 4157619.54, 2.26 ], [ 281695.58, 4157624.39, 2.21 ], [ 281694.0, 4157625.14, 0.0 ], [ 281691.64, 4157620.3, 0.0 ] ], "f": [ [ [ 0, 1, 2, 3, 4, 5 ] ], [ [ 6, 7, 8, 9 ] ], [ [ 7, 6, 0, 5 ] ] ] }, "roof_props": null, "wall_color": "brick_dark", "wall_color_source": "assessor", "type": "house", "landmark": null, "footprint_source": "osm", "source_updated": null, "is_part": false, "parent": null, "hidden": false, "addr": "1207 South Meadow Street", "wikidata": null, "website": null, "zoning": "R-5", "lidar_p90": 8.06, "ground_z": 61.99 }, "geometry": { "type": "Polygon", "coordinates": [ [ [ 281689.68, 4157621.22 ], [ 281691.99, 4157626.08 ], [ 281706.56, 4157619.21 ], [ 281704.69, 4157615.28 ], [ 281700.03, 4157617.48 ], [ 281699.59, 4157616.55 ], [ 281689.68, 4157621.22 ] ] ] } },
{ "type": "Feature", "properties": { "id": "osm:way/607736000", "name": null, "height": 3.02, "min_height": 0.0, "levels": null, "height_source": "lidar", "roof_shape": "gable", "roof_height": 5.56, "roof_azimuth": 25.4, "roof_source": "lod2", "roof_color": "roof_flat", "roof_color_source": "ortho", "lod2_roof": { "v": [ [ 281663.42, 4157622.75, 2.69 ], [ 281661.34, 4157623.74, 5.56 ], [ 281659.15, 4157619.16, 5.53 ], [ 281661.22, 4157618.17, 2.67 ], [ 281660.39, 4157624.19, 3.93 ], [ 281658.24, 4157619.6, 3.97 ], [ 281651.13, 4157622.97, 0.59 ], [ 281652.94, 4157627.41, 0.38 ], [ 281650.78, 4157628.44, 0.0 ], [ 281648.33, 4157624.31, 0.1 ], [ 281652.94, 4157627.41, 3.34 ], [ 281651.13, 4157622.97, 3.39 ], [ 281655.62, 4157626.46, 3.55 ], [ 281655.12, 4157625.42, 3.55 ], [ 281653.07, 4157626.4, 3.39 ], [ 281653.44, 4157627.17, 3.38 ] ], "f": [ [ [ 0, 1, 2, 3 ] ], [ [ 1, 4, 5, 2 ] ], [ [ 6, 7, 8, 9 ] ], [ [ 10, 11, 5, 4, 12, 13, 14, 15 ] ], [ [ 10, 7, 6, 11 ] ] ] }, "roof_props": null, "wall_color": "cream", "wall_color_source": "assessor", "type": "house", "landmark": null, "footprint_source": "osm", "source_updated": null, "is_part": false, "parent": null, "hidden": false, "addr": "1212 South Meadow Street", "wikidata": null, "website": null, "zoning": "R-5", "lidar_p90": 7.65, "ground_z": 61.65 }, "geometry": { "type": "Polygon", "coordinates": [ [ [ 281663.42, 4157622.75 ], [ 281661.22, 4157618.17 ], [ 281648.33, 4157624.31 ], [ 281650.78, 4157628.44 ], [ 281653.44, 4157627.17 ], [ 281653.07, 4157626.39 ], [ 281655.12, 4157625.42 ], [ 281655.61, 4157626.46 ], [ 281663.42, 4157622.75 ] ] ] } },
{ "type": "Feature", "properties": { "id": "osm:way/627479723", "name": null, "height": 6.29, "min_height": 0.0, "levels": null, "height_source": "lidar", "roof_shape": "gable", "roof_height": 2.22, "roof_azimuth": null, "roof_source": "lod2", "roof_color": "roof_flat", "roof_color_source": "ortho", "lod2_roof": { "v": [ [ 281698.63, 4157628.3, 0.45 ], [ 281696.52, 4157623.95, 0.49 ], [ 281702.57, 4157621.09, 0.0 ], [ 281703.76, 4157624.58, 0.0 ], [ 281703.5, 4157624.67, 0.02 ], [ 281704.01, 4157625.76, 0.02 ], [ 281697.65, 4157628.76, 2.22 ], [ 281696.16, 4157625.64, 2.21 ], [ 281695.57, 4157624.4, 2.21 ], [ 281694.05, 4157625.12, 0.0 ], [ 281696.12, 4157629.48, 0.0 ] ], "f": [ [ [ 0, 1, 2, 3, 4, 5 ] ], [ [ 1, 0, 6, 7, 8 ] ], [ [ 9, 8, 7, 6, 10 ] ] ] }, "roof_props": null, "wall_color": "cream", "wall_color_source": "assessor", "type": "house", "landmark": null, "footprint_source": "osm", "source_updated": null, "is_part": false, "parent": null, "hidden": false, "addr": "1205 South Meadow Street", "wikidata": null, "website": null, "zoning": "R-5", "lidar_p90": 7.8, "ground_z": 62.14 }, "geometry": { "type": "Polygon", "coordinates": [ [ [ 281691.99, 4157626.08 ], [ 281694.07, 4157630.45 ], [ 281704.01, 4157625.75 ], [ 281703.49, 4157624.67 ], [ 281708.4, 4157623.07 ], [ 281706.56, 4157619.21 ], [ 281691.99, 4157626.08 ] ] ] } },
{ "type": "Feature", "properties": { "id": "osm:way/607735997", "name": null, "height": 6.43, "min_height": 0.0, "levels": null, "height_source": "lidar", "roof_shape": "gable", "roof_height": 2.11, "roof_azimuth": null, "roof_source": "lod2", "roof_color": "roof_flat", "roof_color_source": "ortho", "lod2_roof": { "v": [ [ 281662.56, 4157628.58, 0.46 ], [ 281660.47, 4157624.15, 0.5 ], [ 281661.39, 4157623.71, 2.1 ], [ 281663.42, 4157628.17, 1.97 ], [ 281654.72, 4157627.8, 0.0 ], [ 281655.91, 4157627.05, 0.1 ], [ 281655.62, 4157626.46, 0.11 ], [ 281656.86, 4157631.29, 0.0 ], [ 281662.98, 4157622.95, 0.16 ], [ 281662.96, 4157623.4, 0.37 ], [ 281663.26, 4157623.25, 0.0 ], [ 281665.03, 4157627.4, 0.0 ], [ 281661.39, 4157623.71, 2.11 ], [ 281662.96, 4157623.4, 0.0 ], [ 281662.98, 4157622.95, 0.0 ] ], "f": [ [ [ 0, 1, 2, 3 ] ], [ [ 4, 5, 6, 1, 0, 7 ] ], [ [ 8, 9, 10, 11, 3, 12 ] ], [ [ 2, 12, 3 ] ], [ [ 9, 13, 10 ] ], [ [ 8, 14, 13, 9 ] ] ] }, "roof_props": null, "wall_color": "brick", "wall_color_source": "assessor", "type": "house", "landmark": null, "footprint_source": "osm", "source_updated": null, "is_part": false, "parent": null, "hidden": false, "addr": "1210 South Meadow Street", "wikidata": null, "website": null, "zoning": "R-5", "lidar_p90": 7.63, "ground_z": 61.79 }, "geometry": { "type": "Polygon", "coordinates": [ [ [ 281666.9, 4157626.51 ], [ 281664.78, 4157622.09 ], [ 281655.61, 4157626.46 ], [ 281655.9, 4157627.05 ], [ 281652.16, 4157629.42 ], [ 281653.76, 4157632.76 ], [ 281666.9, 4157626.51 ] ] ] } },
{ "type": "Feature", "properties": { "id": "osm:way/627479724", "name": null, "height": 6.29, "min_height": 0.0, "levels": null, "height_source": "lidar", "roof_shape": "flat", "roof_height": 2.21, "roof_azimuth": null, "roof_source": "lod2", "roof_color": "roof_flat", "roof_color_source": "ortho", "lod2_roof": { "v": [ [ 281699.82, 4157633.34, 2.19 ], [ 281698.22, 4157634.1, 0.0 ], [ 281696.06, 4157629.51, 0.0 ], [ 281697.67, 4157628.75, 2.21 ], [ 281698.6, 4157630.74, 2.2 ], [ 281698.69, 4157628.27, 0.53 ], [ 281700.82, 4157632.87, 0.55 ], [ 281707.44, 4157629.74, 0.0 ], [ 281704.01, 4157625.76, 0.09 ], [ 281704.46, 4157626.69, 0.1 ], [ 281705.65, 4157626.13, 0.0 ] ], "f": [ [ [ 0, 1, 2, 3, 4 ] ], [ [ 3, 5, 6, 0, 4 ] ], [ [ 7, 6, 5, 8, 9, 10 ] ] ] }, "roof_props": null, "wall_color": "brick_dark", "wall_color_source": "assessor", "type": "house", "landmark": null, "footprint_source": "osm", "source_updated": null, "is_part": false, "parent": null, "hidden": false, "addr": "1203 South Meadow Street", "wikidata": null, "website": null, "zoning": "R-5", "lidar_p90": 7.99, "ground_z": 62.14 }, "geometry": { "type": "Polygon", "coordinates": [ [ [ 281694.07, 4157630.45 ], [ 281696.25, 4157635.02 ], [ 281710.71, 4157628.2 ], [ 281708.97, 4157624.56 ], [ 281704.46, 4157626.69 ], [ 281704.01, 4157625.75 ], [ 281694.07, 4157630.45 ] ] ] } },
{ "type": "Feature", "properties": { "id": "osm:way/607735995", "name": null, "height": 6.08, "min_height": 0.0, "levels": null, "height_source": "lidar", "roof_shape": "gable", "roof_height": 2.41, "roof_azimuth": 115.5, "roof_source": "lod2", "roof_color": "roof_flat", "roof_color_source": "ortho", "lod2_roof": { "v": [ [ 281662.48, 4157628.61, 0.8 ], [ 281663.4, 4157628.17, 2.41 ], [ 281665.69, 4157632.88, 2.37 ], [ 281664.78, 4157633.31, 0.78 ], [ 281665.13, 4157627.35, 0.05 ], [ 281665.84, 4157628.73, 0.0 ], [ 281667.42, 4157632.06, 0.0 ], [ 281655.34, 4157632.01, 0.22 ], [ 281660.08, 4157635.55, 0.4 ], [ 281659.61, 4157634.56, 0.41 ], [ 281657.06, 4157635.78, 0.2 ], [ 281657.06, 4157635.78, 0.0 ], [ 281655.34, 4157632.01, 0.0 ], [ 281665.13, 4157627.35, 0.0 ] ], "f": [ [ [ 0, 1, 2, 3 ] ], [ [ 4, 5, 6, 2, 1 ] ], [ [ 7, 0, 3, 8, 9, 10 ] ], [ [ 10, 11, 12, 7 ] ], [ [ 4, 13, 5 ] ] ] }, "roof_props": null, "wall_color": "brick_dark", "wall_color_source": "assessor", "type": "house", "landmark": null, "footprint_source": "osm", "source_updated": null, "is_part": false, "parent": null, "hidden": false, "addr": "1208 South Meadow Street", "wikidata": null, "website": null, "zoning": "R-5", "lidar_p90": 7.72, "ground_z": 61.8 }, "geometry": { "type": "Polygon", "coordinates": [ [ [ 281667.66, 4157631.94 ], [ 281667.05, 4157630.68 ], [ 281668.58, 4157629.95 ], [ 281667.52, 4157627.75 ], [ 281665.95, 4157628.49 ], [ 281665.35, 4157627.24 ], [ 281653.76, 4157632.76 ], [ 281655.56, 4157636.49 ], [ 281659.61, 4157634.56 ], [ 281660.08, 4157635.55 ], [ 281667.66, 4157631.94 ] ] ] } },
{ "type": "Feature", "properties": { "id": "osm:way/627479725", "name": null, "height": 6.43, "min_height": 0.0, "levels": null, "height_source": "lidar", "roof_shape": "gable", "roof_height": 2.21, "roof_azimuth": null, "roof_source": "lod2", "roof_color": "slate", "roof_color_source": "ortho", "lod2_roof": { "v": [ [ 281699.81, 4157633.34, 2.21 ], [ 281701.36, 4157636.58, 2.14 ], [ 281702.06, 4157638.05, 2.11 ], [ 281700.52, 4157638.78, 0.0 ], [ 281698.19, 4157634.11, 0.0 ], [ 281703.07, 4157637.57, 0.51 ], [ 281700.87, 4157632.84, 0.54 ], [ 281707.71, 4157634.01, 0.1 ], [ 281708.24, 4157635.13, 0.09 ], [ 281707.55, 4157629.68, 0.0 ], [ 281708.97, 4157633.42, 0.0 ] ], "f": [ [ [ 0, 1, 2, 3, 4 ] ], [ [ 5, 2, 1, 0, 6 ] ], [ [ 7, 8, 5, 6, 9, 10 ] ] ] }, "roof_props": null, "wall_color": "brick", "wall_color_source": "assessor", "type": "house", "landmark": null, "footprint_source": "osm", "source_updated": null, "is_part": false, "parent": null, "hidden": false, "addr": "1201 South Meadow Street", "wikidata": null, "website": null, "zoning": "R-5", "lidar_p90": 7.79, "ground_z": 62.01 }, "geometry": { "type": "Polygon", "coordinates": [ [ [ 281698.49, 4157639.74 ], [ 281708.24, 4157635.13 ], [ 281707.71, 4157634.01 ], [ 281713.07, 4157631.48 ], [ 281711.36, 4157627.88 ], [ 281696.25, 4157635.02 ], [ 281698.49, 4157639.74 ] ] ] } },
{ "type": "Feature", "properties": { "id": "osm:way/607735992", "name": null, "height": 6.5, "min_height": 0.0, "levels": null, "height_source": "lidar", "roof_shape": "flat", "roof_height": 2.15, "roof_azimuth": null, "roof_source": "lod2", "roof_color": "roof_flat", "roof_color_source": "ortho", "lod2_roof": { "v": [ [ 281665.73, 4157632.86, 2.15 ], [ 281667.83, 4157637.34, 2.07 ], [ 281666.85, 4157637.81, 0.48 ], [ 281664.7, 4157633.35, 0.49 ], [ 281659.08, 4157637.17, 0.0 ], [ 281660.48, 4157636.37, 0.12 ], [ 281660.08, 4157635.55, 0.12 ], [ 281660.88, 4157640.65, 0.0 ], [ 281667.25, 4157632.13, 0.0 ], [ 281668.31, 4157634.45, 0.0 ], [ 281668.34, 4157635.51, 0.52 ], [ 281669.02, 4157636.03, 0.0 ], [ 281669.29, 4157636.64, 0.0 ], [ 281668.34, 4157635.51, 0.0 ] ], "f": [ [ [ 0, 1, 2, 3 ] ], [ [ 4, 5, 6, 3, 2, 7 ] ], [ [ 1, 0, 8, 9, 10, 11, 12 ] ], [ [ 13, 10, 9 ] ], [ [ 10, 13, 11 ] ] ] }, "roof_props": null, "wall_color": "brick_dark", "wall_color_source": "assessor", "type": "house", "landmark": null, "footprint_source": "osm", "source_updated": null, "is_part": false, "parent": null, "hidden": false, "addr": "1206 South Meadow Street", "wikidata": null, "website": null, "zoning": "R-5", "lidar_p90": 7.65, "ground_z": 61.87 }, "geometry": { "type": "Polygon", "coordinates": [ [ [ 281671.24, 4157635.72 ], [ 281669.09, 4157631.26 ], [ 281660.08, 4157635.55 ], [ 281660.48, 4157636.37 ], [ 281655.8, 4157639.05 ], [ 281657.05, 4157641.67 ], [ 281657.75, 4157641.34 ], [ 281658.06, 4157641.99 ], [ 281671.24, 4157635.72 ] ] ] } },
{ "type": "Feature", "properties": { "id": "osm:way/607735989", "name": null, "height": 6.51, "min_height": 0.0, "levels": null, "height_source": "lidar", "roof_shape": "gable", "roof_height": 2.04, "roof_azimuth": null, "roof_source": "lod2", "roof_color": "concrete", "roof_color_source": "ortho", "lod2_roof": { "v": [ [ 281666.87, 4157637.8, 0.47 ], [ 281667.88, 4157637.32, 2.04 ], [ 281670.06, 4157642.02, 1.92 ], [ 281669.1, 4157642.48, 0.43 ], [ 281671.41, 4157641.38, 0.0 ], [ 281669.31, 4157636.64, 0.0 ], [ 281661.25, 4157640.47, 0.0 ], [ 281664.43, 4157644.71, 0.04 ], [ 281664.01, 4157643.84, 0.05 ], [ 281663.42, 4157644.12, 0.0 ] ], "f": [ [ [ 0, 1, 2, 3 ] ], [ [ 4, 2, 1, 5 ] ], [ [ 6, 0, 3, 7, 8, 9 ] ] ] }, "roof_props": null, "wall_color": "brick", "wall_color_source": "assessor", "type": "house", "landmark": null, "footprint_source": "osm", "source_updated": null, "is_part": false, "parent": null, "hidden": false, "addr": "1204 South Meadow Street", "wikidata": null, "website": null, "zoning": "R-5", "lidar_p90": 7.55, "ground_z": 61.89 }, "geometry": { "type": "Polygon", "coordinates": [ [ [ 281673.48, 4157640.39 ], [ 281671.24, 4157635.72 ], [ 281656.26, 4157642.85 ], [ 281658.09, 4157646.66 ], [ 281664.01, 4157643.84 ], [ 281664.42, 4157644.71 ], [ 281673.48, 4157640.39 ] ] ] } },
{ "type": "Feature", "properties": { "id": "osm:way/607735987", "name": null, "height": 6.53, "min_height": 0.0, "levels": null, "height_source": "lidar", "roof_shape": "gable", "roof_height": 1.95, "roof_azimuth": null, "roof_source": "heuristic", "roof_color": "roof_flat", "roof_color_source": "ortho", "lod2_roof": null, "roof_props": null, "wall_color": "brick_dark", "wall_color_source": "assessor", "type": "house", "landmark": null, "footprint_source": "osm", "source_updated": null, "is_part": false, "parent": null, "hidden": false, "addr": "1202 South Meadow Street", "wikidata": null, "website": null, "zoning": "R-5", "lidar_p90": 7.82, "ground_z": 61.91 }, "geometry": { "type": "Polygon", "coordinates": [ [ [ 281675.64, 4157644.9 ], [ 281673.48, 4157640.39 ], [ 281664.42, 4157644.71 ], [ 281664.85, 4157645.58 ], [ 281662.47, 4157646.71 ], [ 281664.21, 4157650.34 ], [ 281675.64, 4157644.9 ] ] ] } },
{ "type": "Feature", "properties": { "id": "osm:way/607736014", "name": null, "height": 6.42, "min_height": 0.0, "levels": null, "height_source": "lidar", "roof_shape": "gable", "roof_height": 2.2, "roof_azimuth": null, "roof_source": "lod2", "roof_color": "roof_flat", "roof_color_source": "ortho", "lod2_roof": { "v": [ [ 281666.76, 4157654.86, 0.01 ], [ 281666.18, 4157654.04, 0.0 ], [ 281664.11, 4157650.38, 0.0 ], [ 281671.28, 4157646.97, 0.59 ], [ 281673.49, 4157651.66, 0.56 ], [ 281672.23, 4157646.52, 2.2 ], [ 281674.44, 4157651.21, 2.16 ], [ 281673.76, 4157645.79, 0.0 ], [ 281675.93, 4157650.5, 0.0 ] ], "f": [ [ [ 0, 1, 2, 3, 4 ] ], [ [ 5, 6, 4, 3 ] ], [ [ 6, 5, 7, 8 ] ] ] }, "roof_props": null, "wall_color": "brick", "wall_color_source": "assessor", "type": "house", "landmark": null, "footprint_source": "osm", "source_updated": null, "is_part": false, "parent": null, "hidden": false, "addr": "1200 South Meadow Street", "wikidata": null, "website": null, "zoning": "R-5", "lidar_p90": 7.97, "ground_z": 61.87 }, "geometry": { "type": "Polygon", "coordinates": [ [ [ 281660.84, 4157651.94 ], [ 281663.08, 4157656.61 ], [ 281676.47, 4157650.24 ], [ 281676.0, 4157649.27 ], [ 281677.45, 4157648.57 ], [ 281676.28, 4157646.13 ], [ 281674.76, 4157646.86 ], [ 281674.17, 4157645.6 ], [ 281660.84, 4157651.94 ] ] ] } },
{ "type": "Feature", "properties": { "id": "osm:way/607735985", "name": null, "height": 3.26, "min_height": 0.0, "levels": null, "height_source": "lidar", "roof_shape": "flat", "roof_height": 1.0, "roof_azimuth": null, "roof_source": "lod2", "roof_color": "roof_flat", "roof_color_source": "heuristic", "lod2_roof": { "v": [ [ 281646.39, 4157660.85, 0.0 ], [ 281645.95, 4157662.49, 0.81 ], [ 281644.34, 4157661.73, 0.0 ], [ 281646.2, 4157663.03, 0.81 ], [ 281645.88, 4157663.89, 0.35 ], [ 281646.05, 4157664.87, 0.16 ], [ 281645.84, 4157664.96, 0.0 ], [ 281645.85, 4157662.86, 0.64 ], [ 281646.67, 4157663.24, 0.57 ], [ 281645.85, 4157662.86, 1.0 ], [ 281647.56, 4157663.34, 0.0 ], [ 281648.04, 4157663.39, 0.16 ], [ 281648.14, 4157663.61, 0.0 ], [ 281645.97, 4157664.42, 0.0 ], [ 281646.05, 4157664.87, 0.0 ], [ 281648.04, 4157663.39, 0.0 ] ], "f": [ [ [ 0, 1, 2 ] ], [ [ 3, 4, 5, 6, 2, 1, 7 ] ], [ [ 8, 3, 9, 1, 0, 10 ] ], [ [ 11, 12, 13, 4, 3, 8 ] ], [ [ 14, 5, 4, 13 ] ], [ [ 15, 11, 8, 10 ] ], [ [ 9, 7, 1 ] ], [ [ 7, 9, 3 ] ] ] }, "roof_props": null, "wall_color": "sand", "wall_color_source": "assessor", "type": "yes", "landmark": null, "footprint_source": "osm", "source_updated": null, "is_part": false, "parent": null, "hidden": false, "addr": null, "wikidata": null, "website": null, "zoning": "R-5", "lidar_p90": 3.72, "ground_z": 61.71 }, "geometry": { "type": "Polygon", "coordinates": [ [ [ 281643.46, 4157661.45 ], [ 281645.1, 4157665.27 ], [ 281648.27, 4157663.92 ], [ 281646.62, 4157660.1 ], [ 281643.46, 4157661.45 ] ] ] } },
{ "type": "Feature", "properties": { "id": "osm:way/607736033", "name": "The Virginia Home", "height": 7.88, "min_height": 0.0, "levels": null, "height_source": "lidar", "roof_shape": "flat", "roof_height": 0.0, "roof_azimuth": null, "roof_source": "heuristic", "roof_color": "roof_flat", "roof_color_source": "ortho", "lod2_roof": null, "roof_props": null, "wall_color": "sand", "wall_color_source": "assessor", "type": "residential", "landmark": null, "footprint_source": "osm", "source_updated": null, "is_part": false, "parent": null, "hidden": true, "addr": "1101 Hampton Street", "wikidata": null, "website": null, "zoning": "R-5", "lidar_p90": 20.59, "ground_z": 62.49 }, "geometry": { "type": "Polygon", "coordinates": [ [ [ 281635.51, 4157684.52 ], [ 281633.65, 4157683.77 ], [ 281633.26, 4157682.96 ], [ 281623.64, 4157687.47 ], [ 281624.8, 4157689.92 ], [ 281620.15, 4157692.1 ], [ 281621.28, 4157694.5 ], [ 281620.37, 4157694.93 ], [ 281620.8, 4157695.82 ], [ 281616.24, 4157697.93 ], [ 281622.22, 4157710.6 ], [ 281618.72, 4157712.24 ], [ 281622.71, 4157720.72 ], [ 281620.21, 4157721.89 ], [ 281625.5, 4157733.11 ], [ 281627.92, 4157731.98 ], [ 281632.17, 4157740.99 ], [ 281635.89, 4157739.25 ], [ 281641.93, 4157752.06 ], [ 281647.35, 4157749.53 ], [ 281648.74, 4157752.5 ], [ 281654.38, 4157749.87 ], [ 281653.07, 4157747.09 ], [ 281657.24, 4157745.14 ], [ 281656.83, 4157744.28 ], [ 281673.92, 4157736.29 ], [ 281670.1, 4157728.2 ], [ 281679.6, 4157723.75 ], [ 281685.66, 4157736.6 ], [ 281711.12, 4157724.69 ], [ 281709.74, 4157721.79 ], [ 281711.41, 4157721.01 ], [ 281705.1, 4157707.63 ], [ 281703.89, 4157708.2 ], [ 281700.49, 4157700.98 ], [ 281701.59, 4157700.46 ], [ 281682.52, 4157660.04 ], [ 281667.72, 4157666.97 ], [ 281668.17, 4157667.95 ], [ 281661.31, 4157671.16 ], [ 281660.06, 4157668.52 ], [ 281651.88, 4157672.34 ], [ 281663.53, 4157697.06 ], [ 281671.41, 4157693.37 ], [ 281673.6, 4157698.02 ], [ 281672.45, 4157698.55 ], [ 281672.18, 4157697.97 ], [ 281642.53, 4157711.85 ], [ 281638.02, 4157702.29 ], [ 281637.29, 4157702.63 ], [ 281631.7, 4157690.78 ], [ 281635.99, 4157688.77 ], [ 281636.42, 4157686.45 ], [ 281635.51, 4157684.52 ] ] ] } },
{ "type": "Feature", "properties": { "id": "richmond_massing:osm_way_607736033:base", "name": "The Virginia Home", "height": 7.5, "min_height": 0.0, "levels": null, "height_source": "lidar_massing", "roof_shape": "flat", "roof_height": 0.0, "roof_azimuth": null, "roof_source": "lidar_massing", "roof_color": "roof_flat", "roof_color_source": "ortho", "lod2_roof": null, "roof_props": null, "wall_color": "brick", "wall_color_source": "assessor", "type": "residential", "landmark": null, "footprint_source": "lidar_massing", "source_updated": "2025-03-01T00:00:00Z", "is_part": true, "parent": "osm:way/607736033", "hidden": false, "addr": "1101 Hampton Street", "wikidata": null, "website": null, "zoning": "R-5", "lidar_p90": 20.59, "ground_z": 62.49 }, "geometry": { "type": "Polygon", "coordinates": [ [ [ 281633.65, 4157683.77 ], [ 281633.26, 4157682.96 ], [ 281623.64, 4157687.47 ], [ 281624.8, 4157689.92 ], [ 281620.15, 4157692.1 ], [ 281621.28, 4157694.5 ], [ 281620.37, 4157694.93 ], [ 281620.8, 4157695.82 ], [ 281616.24, 4157697.93 ], [ 281622.22, 4157710.6 ], [ 281618.72, 4157712.24 ], [ 281622.71, 4157720.72 ], [ 281620.21, 4157721.89 ], [ 281625.5, 4157733.11 ], [ 281627.92, 4157731.98 ], [ 281632.17, 4157740.99 ], [ 281635.89, 4157739.25 ], [ 281641.93, 4157752.06 ], [ 281647.35, 4157749.53 ], [ 281648.74, 4157752.5 ], [ 281654.38, 4157749.87 ], [ 281653.07, 4157747.09 ], [ 281657.24, 4157745.14 ], [ 281656.83, 4157744.28 ], [ 281673.92, 4157736.29 ], [ 281670.1, 4157728.2 ], [ 281679.6, 4157723.75 ], [ 281685.66, 4157736.6 ], [ 281711.12, 4157724.69 ], [ 281709.74, 4157721.79 ], [ 281711.41, 4157721.01 ], [ 281705.1, 4157707.63 ], [ 281703.89, 4157708.2 ], [ 281700.49, 4157700.98 ], [ 281701.59, 4157700.46 ], [ 281682.52, 4157660.04 ], [ 281667.72, 4157666.97 ], [ 281668.17, 4157667.95 ], [ 281661.31, 4157671.16 ], [ 281660.06, 4157668.52 ], [ 281651.88, 4157672.34 ], [ 281663.53, 4157697.06 ], [ 281671.41, 4157693.37 ], [ 281673.6, 4157698.02 ], [ 281672.45, 4157698.55 ], [ 281672.18, 4157697.97 ], [ 281642.53, 4157711.85 ], [ 281638.02, 4157702.29 ], [ 281637.29, 4157702.63 ], [ 281631.7, 4157690.78 ], [ 281635.99, 4157688.77 ], [ 281636.42, 4157686.45 ], [ 281635.51, 4157684.52 ], [ 281633.65, 4157683.77 ] ] ] } },
{ "type": "Feature", "properties": { "id": "richmond_massing:osm_way_607736033:tier-1", "name": "The Virginia Home", "height": 19.0, "min_height": 7.5, "levels": null, "height_source": "lidar_massing", "roof_shape": "flat", "roof_height": 0.0, "roof_azimuth": null, "roof_source": "lidar_massing", "roof_color": "roof_flat", "roof_color_source": "ortho", "lod2_roof": null, "roof_props": null, "wall_color": "sand", "wall_color_source": "assessor", "type": "residential", "landmark": null, "footprint_source": "lidar_massing", "source_updated": "2025-03-01T00:00:00Z", "is_part": true, "parent": "osm:way/607736033", "hidden": false, "addr": "1101 Hampton Street", "wikidata": null, "website": null, "zoning": "R-5", "lidar_p90": 20.59, "ground_z": 62.49 }, "geometry": { "type": "Polygon", "coordinates": [ [ [ 281628.0, 4157719.0 ], [ 281622.0, 4157721.05 ], [ 281624.03, 4157730.0 ], [ 281636.0, 4157731.0 ], [ 281644.0, 4157749.0 ], [ 281646.18, 4157750.08 ], [ 281647.35, 4157749.53 ], [ 281648.04, 4157751.0 ], [ 281652.0, 4157750.98 ], [ 281653.7, 4157748.44 ], [ 281653.07, 4157747.09 ], [ 281655.3, 4157746.05 ], [ 281656.0, 4157745.0 ], [ 281649.0, 4157727.0 ], [ 281650.0, 4157722.0 ], [ 281670.0, 4157712.0 ], [ 281674.0, 4157713.0 ], [ 281677.0, 4157721.0 ], [ 281682.0, 4157720.0 ], [ 281683.0, 4157714.0 ], [ 281673.0, 4157699.0 ], [ 281642.53, 4157711.85 ], [ 281637.4, 4157702.58 ], [ 281637.29, 4157702.63 ], [ 281636.46, 4157700.87 ], [ 281631.0, 4157691.0 ], [ 281623.0, 4157691.0 ], [ 281621.27, 4157694.47 ], [ 281621.28, 4157694.5 ], [ 281621.24, 4157694.52 ], [ 281621.0, 4157695.0 ], [ 281628.0, 4157714.0 ], [ 281628.0, 4157719.0 ] ] ] } },
{ "type": "Feature", "properties": { "id": "osm:way/607736031", "name": null, "height": 4.3, "min_height": 0.0, "levels": null, "height_source": "lidar", "roof_shape": "gable", "roof_height": 2.29, "roof_azimuth": 14.1, "roof_source": "lod2", "roof_color": "roof_flat", "roof_color_source": "ortho", "lod2_roof": { "v": [ [ 281603.44, 4157673.71, 1.16 ], [ 281603.81, 4157674.66, 1.83 ], [ 281601.92, 4157675.18, 1.74 ], [ 281601.09, 4157675.31, 1.65 ], [ 281601.05, 4157675.06, 1.48 ], [ 281601.29, 4157675.0, 1.49 ], [ 281600.73, 4157672.78, 0.0 ], [ 281601.53, 4157672.5, 0.0 ], [ 281599.65, 4157677.13, 0.36 ], [ 281599.54, 4157676.69, 0.0 ], [ 281601.24, 4157676.23, 0.0 ], [ 281601.35, 4157676.88, 0.52 ], [ 281603.85, 4157674.76, 1.76 ], [ 281603.73, 4157676.01, 0.92 ], [ 281603.2, 4157676.96, 0.35 ], [ 281602.74, 4157677.57, 0.0 ], [ 281599.91, 4157678.16, 0.0 ], [ 281599.65, 4157677.13, 0.73 ], [ 281601.35, 4157676.88, 0.66 ], [ 281601.09, 4157675.31, 1.77 ], [ 281604.0, 4157670.5, 2.2 ], [ 281606.88, 4157680.83, 2.29 ], [ 281603.95, 4157681.56, 0.0 ], [ 281602.85, 4157677.43, 0.0 ], [ 281603.85, 4157674.76, 1.26 ], [ 281603.81, 4157674.66, 1.25 ], [ 281601.18, 4157671.2, 0.0 ], [ 281607.1, 4157669.72, 0.0 ], [ 281610.1, 4157680.03, 0.0 ], [ 281601.09, 4157675.31, 0.0 ], [ 281601.05, 4157675.06, 0.0 ] ], "f": [ [ [ 0, 1, 2, 3, 4, 5, 6, 7 ] ], [ [ 8, 9, 10, 11 ] ], [ [ 12, 13, 14, 15, 16, 17, 18, 19, 2, 1 ] ], [ [ 20, 21, 22, 23, 14, 13, 24, 25, 0, 7, 26 ] ], [ [ 21, 20, 27, 28 ] ], [ [ 19, 3, 2 ] ], [ [ 3, 29, 30, 4 ] ], [ [ 17, 8, 11, 18 ] ], [ [ 15, 14, 23 ] ], [ [ 18, 11, 10, 29, 3, 19 ] ], [ [ 25, 1, 0 ] ], [ [ 1, 25, 24, 12 ] ], [ [ 12, 24, 13 ] ] ] }, "roof_props": null, "wall_color": "brick_dark", "wall_color_source": "assessor", "type": "house", "landmark": null, "footprint_source": "osm", "source_updated": null, "is_part": false, "parent": null, "hidden": false, "addr": "1201 Hampton Street", "wikidata": null, "website": null, "zoning": "R-5", "lidar_p90": 6.32, "ground_z": 61.23 }, "geometry": { "type": "Polygon", "coordinates": [ [ [ 281612.23, 4157679.49 ], [ 281611.47, 4157676.46 ], [ 281609.82, 4157676.87 ], [ 281607.97, 4157669.5 ], [ 281600.39, 4157671.4 ], [ 281601.29, 4157675.0 ], [ 281599.24, 4157675.51 ], [ 281600.08, 4157678.86 ], [ 281602.18, 4157678.33 ], [ 281603.05, 4157681.78 ], [ 281612.23, 4157679.49 ] ] ] } }
]
}
