{
"type": "FeatureCollection",
"name": "landuse",
"crs": { "type": "name", "properties": { "name": "urn:ogc:def:crs:EPSG::32618" } },
"xy_coordinate_resolution": 0.01,
"features": [
{ "type": "Feature", "properties": { "id": "imagery:groundcover_lawn:1322", "name": null, "kind": "groundcover_lawn", "sport": null, "surface": null, "pitch_layout": null, "source": "vgin_vbmp+naip+lidar2025", "source_updated": null, "base_z": null, "top_z": null }, "geometry": { "type": "MultiPolygon", "coordinates": [ [ [ [ 285513.68, 4160504.3 ], [ 285514.3, 4160504.35 ], [ 285516.88, 4160504.76 ], [ 285514.38, 4160502.52 ], [ 285514.36, 4160502.49 ], [ 285511.68, 4160500.0 ], [ 285506.09, 4160500.0 ], [ 285508.98, 4160504.25 ], [ 285513.68, 4160504.3 ] ] ], [ [ [ 285507.8, 4160679.63 ], [ 285510.53, 4160679.63 ], [ 285511.55, 4160680.05 ], [ 285513.71, 4160682.2 ], [ 285514.13, 4160683.22 ], [ 285514.13, 4160688.03 ], [ 285513.71, 4160689.05 ], [ 285511.55, 4160691.2 ], [ 285510.53, 4160691.63 ], [ 285509.52, 4160691.63 ], [ 285508.7, 4160691.74 ], [ 285508.49, 4160691.8 ], [ 285508.59, 4160692.47 ], [ 285508.63, 4160692.84 ], [ 285508.64, 4160693.21 ], [ 285508.56, 4160698.32 ], [ 285508.74, 4160698.39 ], [ 285509.22, 4160698.71 ], [ 285509.84, 4160699.34 ], [ 285510.77, 4160699.84 ], [ 285510.76, 4160699.86 ], [ 285512.05, 4160700.63 ], [ 285513.8, 4160702.77 ], [ 285514.13, 4160703.69 ], [ 285514.13, 4160718.03 ], [ 285513.71, 4160719.05 ], [ 285511.55, 4160721.2 ], [ 285509.98, 4160721.85 ], [ 285510.13, 4160722.2 ], [ 285508.13, 4160723.96 ], [ 285508.0, 4160731.74 ], [ 285507.97, 4160732.18 ], [ 285507.9, 4160732.61 ], [ 285507.78, 4160733.03 ], [ 285507.62, 4160733.44 ], [ 285507.42, 4160733.84 ], [ 285507.18, 4160734.2 ], [ 285506.9, 4160734.55 ], [ 285503.52, 4160738.29 ], [ 285503.46, 4160738.35 ], [ 285503.37, 4160738.52 ], [ 285503.37, 4160739.5 ], [ 285504.12, 4160741.49 ], [ 285505.03, 4160742.51 ], [ 285505.34, 4160743.51 ], [ 285508.21, 4160745.63 ], [ 285510.53, 4160745.63 ], [ 285511.55, 4160746.05 ], [ 285513.71, 4160748.2 ], [ 285514.13, 4160749.22 ], [ 285514.13, 4160750.0 ], [ 285523.13, 4160750.0 ], [ 285523.13, 4160737.22 ], [ 285523.55, 4160736.2 ], [ 285525.71, 4160734.05 ], [ 285526.73, 4160733.63 ], [ 285529.86, 4160733.63 ], [ 285530.63, 4160733.85 ], [ 285532.6, 4160735.06 ], [ 285533.15, 4160735.66 ], [ 285534.05, 4160737.47 ], [ 285537.47, 4160739.04 ], [ 285541.31, 4160738.08 ], [ 285542.65, 4160738.46 ], [ 285545.15, 4160741.04 ], [ 285545.48, 4160742.39 ], [ 285543.31, 4160750.0 ], [ 285558.49, 4160750.0 ], [ 285559.47, 4160718.84 ], [ 285559.13, 4160718.03 ], [ 285559.13, 4160716.22 ], [ 285559.55, 4160715.2 ], [ 285559.58, 4160715.17 ], [ 285560.27, 4160695.76 ], [ 285559.55, 4160695.05 ], [ 285559.13, 4160694.03 ], [ 285559.13, 4160692.22 ], [ 285559.55, 4160691.2 ], [ 285560.46, 4160690.3 ], [ 285561.01, 4160674.75 ], [ 285559.55, 4160676.2 ], [ 285558.53, 4160676.63 ], [ 285556.73, 4160676.63 ], [ 285555.71, 4160676.2 ], [ 285553.55, 4160674.05 ], [ 285553.13, 4160673.03 ], [ 285553.13, 4160671.22 ], [ 285553.55, 4160670.2 ], [ 285555.71, 4160668.05 ], [ 285556.73, 4160667.63 ], [ 285558.53, 4160667.63 ], [ 285559.55, 4160668.05 ], [ 285561.18, 4160669.68 ], [ 285561.33, 4160665.61 ], [ 285561.65, 4160637.11 ], [ 285560.66, 4160626.19 ], [ 285558.87, 4160613.95 ], [ 285557.16, 4160606.66 ], [ 285554.93, 4160599.0 ], [ 285551.63, 4160590.25 ], [ 285548.92, 4160583.89 ], [ 285545.52, 4160576.85 ], [ 285534.81, 4160559.59 ], [ 285518.34, 4160536.08 ], [ 285518.31, 4160536.03 ], [ 285512.14, 4160527.0 ], [ 285512.06, 4160526.87 ], [ 285502.07, 4160511.17 ], [ 285500.0, 4160508.12 ], [ 285500.0, 4160637.64 ], [ 285506.68, 4160680.28 ], [ 285507.8, 4160679.63 ] ], [ [ 285532.97, 4160670.96 ], [ 285534.62, 4160677.6 ], [ 285534.62, 4160678.35 ], [ 285534.03, 4160680.45 ], [ 285533.66, 4160681.1 ], [ 285530.66, 4160684.1 ], [ 285530.1, 4160687.56 ], [ 285531.3, 4160689.97 ], [ 285533.99, 4160691.63 ], [ 285538.06, 4160691.63 ], [ 285539.0, 4160691.97 ], [ 285541.14, 4160693.79 ], [ 285541.64, 4160694.66 ], [ 285543.52, 4160705.94 ], [ 285543.25, 4160707.03 ], [ 285541.4, 4160709.52 ], [ 285540.42, 4160710.09 ], [ 285524.5, 4160712.08 ], [ 285523.34, 4160711.69 ], [ 285520.96, 4160709.39 ], [ 285520.53, 4160708.24 ], [ 285522.84, 4160682.78 ], [ 285521.0, 4160679.74 ], [ 285519.71, 4160679.2 ], [ 285517.55, 4160677.05 ], [ 285517.13, 4160676.03 ], [ 285517.13, 4160673.61 ], [ 285517.46, 4160672.68 ], [ 285519.21, 4160670.55 ], [ 285520.05, 4160670.04 ], [ 285528.76, 4160668.3 ], [ 285529.81, 4160668.5 ], [ 285532.34, 4160670.09 ], [ 285532.97, 4160670.96 ] ] ], [ [ [ 285659.46, 4160554.96 ], [ 285658.55, 4160554.05 ], [ 285657.9, 4160552.48 ], [ 285657.87, 4160552.49 ], [ 285657.25, 4160550.99 ], [ 285656.72, 4160550.46 ], [ 285652.94, 4160550.09 ], [ 285652.5, 4160550.38 ], [ 285651.69, 4160550.63 ], [ 285643.73, 4160550.63 ], [ 285643.4, 4160550.49 ], [ 285643.1, 4160550.6 ], [ 285640.55, 4160548.05 ], [ 285640.13, 4160547.03 ], [ 285640.13, 4160542.22 ], [ 285640.19, 4160542.08 ], [ 285639.31, 4160538.91 ], [ 285639.29, 4160538.81 ], [ 285639.27, 4160538.71 ], [ 285639.27, 4160538.61 ], [ 285639.28, 4160538.52 ], [ 285639.3, 4160538.42 ], [ 285639.32, 4160538.32 ], [ 285639.36, 4160538.23 ], [ 285639.4, 4160538.14 ], [ 285639.45, 4160538.06 ], [ 285639.51, 4160537.98 ], [ 285639.58, 4160537.91 ], [ 285639.66, 4160537.85 ], [ 285639.74, 4160537.79 ], [ 285639.82, 4160537.74 ], [ 285639.91, 4160537.7 ], [ 285640.0, 4160537.67 ], [ 285645.81, 4160536.07 ], [ 285645.91, 4160536.05 ], [ 285646.01, 4160536.04 ], [ 285646.11, 4160536.03 ], [ 285646.2, 4160536.04 ], [ 285646.3, 4160536.06 ], [ 285646.4, 4160536.08 ], [ 285646.49, 4160536.12 ], [ 285646.57, 4160536.16 ], [ 285646.66, 4160536.22 ], [ 285646.73, 4160536.28 ], [ 285646.81, 4160536.34 ], [ 285646.87, 4160536.42 ], [ 285646.93, 4160536.5 ], [ 285646.97, 4160536.58 ], [ 285647.01, 4160536.67 ], [ 285647.04, 4160536.77 ], [ 285647.28, 4160537.6 ], [ 285649.04, 4160537.11 ], [ 285649.14, 4160537.09 ], [ 285649.23, 4160537.07 ], [ 285649.33, 4160537.07 ], [ 285649.43, 4160537.08 ], [ 285649.53, 4160537.1 ], [ 285649.62, 4160537.12 ], [ 285649.71, 4160537.16 ], [ 285649.8, 4160537.2 ], [ 285649.88, 4160537.25 ], [ 285649.96, 4160537.31 ], [ 285650.03, 4160537.38 ], [ 285650.1, 4160537.45 ], [ 285650.15, 4160537.54 ], [ 285650.2, 4160537.62 ], [ 285650.24, 4160537.71 ], [ 285650.27, 4160537.8 ], [ 285651.03, 4160540.52 ], [ 285651.71, 4160541.2 ], [ 285652.36, 4160542.77 ], [ 285655.72, 4160544.57 ], [ 285657.72, 4160542.12 ], [ 285656.69, 4160534.53 ], [ 285655.21, 4160530.78 ], [ 285653.15, 4160528.71 ], [ 285649.35, 4160526.8 ], [ 285646.86, 4160526.4 ], [ 285642.37, 4160527.11 ], [ 285614.5, 4160535.03 ], [ 285613.26, 4160543.7 ], [ 285613.55, 4160545.46 ], [ 285614.09, 4160546.55 ], [ 285615.2, 4160546.22 ], [ 285615.3, 4160546.19 ], [ 285615.39, 4160546.18 ], [ 285615.49, 4160546.17 ], [ 285615.59, 4160546.18 ], [ 285615.69, 4160546.19 ], [ 285615.78, 4160546.22 ], [ 285615.87, 4160546.25 ], [ 285615.96, 4160546.29 ], [ 285616.05, 4160546.34 ], [ 285616.12, 4160546.4 ], [ 285616.2, 4160546.47 ], [ 285616.26, 4160546.54 ], [ 285616.32, 4160546.62 ], [ 285616.37, 4160546.71 ], [ 285616.41, 4160546.8 ], [ 285616.44, 4160546.89 ], [ 285619.0, 4160555.47 ], [ 285619.02, 4160555.57 ], [ 285619.04, 4160555.66 ], [ 285619.04, 4160555.76 ], [ 285619.04, 4160555.86 ], [ 285619.02, 4160555.96 ], [ 285619.0, 4160556.05 ], [ 285618.96, 4160556.15 ], [ 285618.92, 4160556.23 ], [ 285618.87, 4160556.32 ], [ 285618.81, 4160556.4 ], [ 285618.74, 4160556.47 ], [ 285618.67, 4160556.53 ], [ 285618.59, 4160556.59 ], [ 285618.51, 4160556.64 ], [ 285618.42, 4160556.68 ], [ 285618.33, 4160556.72 ], [ 285617.21, 4160557.05 ], [ 285617.07, 4160557.56 ], [ 285616.59, 4160558.24 ], [ 285616.57, 4160558.28 ], [ 285616.53, 4160558.37 ], [ 285616.48, 4160558.46 ], [ 285616.42, 4160558.54 ], [ 285616.35, 4160558.61 ], [ 285616.28, 4160558.67 ], [ 285616.2, 4160558.73 ], [ 285616.11, 4160558.78 ], [ 285616.03, 4160558.82 ], [ 285615.93, 4160558.85 ], [ 285615.67, 4160558.93 ], [ 285614.48, 4160559.72 ], [ 285613.16, 4160559.85 ], [ 285612.92, 4160559.75 ], [ 285610.21, 4160560.56 ], [ 285610.12, 4160560.58 ], [ 285610.02, 4160560.59 ], [ 285609.92, 4160560.6 ], [ 285609.83, 4160560.59 ], [ 285609.73, 4160560.58 ], [ 285609.63, 4160560.55 ], [ 285609.54, 4160560.52 ], [ 285609.45, 4160560.48 ], [ 285609.37, 4160560.43 ], [ 285609.29, 4160560.37 ], [ 285609.22, 4160560.3 ], [ 285609.15, 4160560.23 ], [ 285609.1, 4160560.15 ], [ 285609.04, 4160560.07 ], [ 285609.0, 4160559.98 ], [ 285608.97, 4160559.88 ], [ 285605.52, 4160548.32 ], [ 285604.67, 4160547.63 ], [ 285604.13, 4160547.63 ], [ 285601.13, 4160550.63 ], [ 285601.13, 4160559.03 ], [ 285600.96, 4160559.44 ], [ 285601.19, 4160560.28 ], [ 285601.22, 4160560.38 ], [ 285601.23, 4160560.47 ], [ 285601.23, 4160560.57 ], [ 285601.22, 4160560.67 ], [ 285601.21, 4160560.77 ], [ 285601.18, 4160560.86 ], [ 285601.15, 4160560.95 ], [ 285601.1, 4160561.04 ], [ 285601.05, 4160561.12 ], [ 285600.99, 4160561.2 ], [ 285600.92, 4160561.27 ], [ 285600.85, 4160561.34 ], [ 285600.77, 4160561.39 ], [ 285600.68, 4160561.44 ], [ 285600.59, 4160561.48 ], [ 285600.5, 4160561.51 ], [ 285598.76, 4160562.0 ], [ 285598.55, 4160562.2 ], [ 285597.53, 4160562.63 ], [ 285592.73, 4160562.63 ], [ 285591.88, 4160562.28 ], [ 285591.56, 4160562.37 ], [ 285591.46, 4160562.39 ], [ 285591.36, 4160562.4 ], [ 285591.27, 4160562.4 ], [ 285591.17, 4160562.39 ], [ 285591.07, 4160562.38 ], [ 285590.98, 4160562.35 ], [ 285590.88, 4160562.32 ], [ 285590.8, 4160562.27 ], [ 285590.71, 4160562.22 ], [ 285590.64, 4160562.16 ], [ 285590.57, 4160562.09 ], [ 285590.5, 4160562.02 ], [ 285590.45, 4160561.94 ], [ 285590.4, 4160561.85 ], [ 285590.36, 4160561.76 ], [ 285590.33, 4160561.67 ], [ 285590.0, 4160560.5 ], [ 285589.25, 4160559.74 ], [ 285584.43, 4160561.35 ], [ 285585.29, 4160564.48 ], [ 285585.31, 4160564.58 ], [ 285585.32, 4160564.67 ], [ 285585.32, 4160564.77 ], [ 285585.32, 4160564.87 ], [ 285585.3, 4160564.97 ], [ 285585.27, 4160565.06 ], [ 285585.24, 4160565.15 ], [ 285585.19, 4160565.24 ], [ 285585.14, 4160565.32 ], [ 285585.08, 4160565.4 ], [ 285585.01, 4160565.47 ], [ 285584.94, 4160565.54 ], [ 285584.86, 4160565.59 ], [ 285584.77, 4160565.64 ], [ 285584.68, 4160565.68 ], [ 285584.59, 4160565.71 ], [ 285583.27, 4160566.08 ], [ 285583.09, 4160566.4 ], [ 285580.94, 4160568.27 ], [ 285579.99, 4160568.63 ], [ 285577.73, 4160568.63 ], [ 285576.71, 4160568.2 ], [ 285575.17, 4160566.67 ], [ 285575.14, 4160566.65 ], [ 285575.05, 4160566.61 ], [ 285574.97, 4160566.56 ], [ 285574.89, 4160566.5 ], [ 285574.82, 4160566.43 ], [ 285574.76, 4160566.35 ], [ 285574.7, 4160566.27 ], [ 285574.65, 4160566.19 ], [ 285574.62, 4160566.11 ], [ 285574.55, 4160566.05 ], [ 285574.13, 4160565.03 ], [ 285574.13, 4160564.37 ], [ 285572.04, 4160556.76 ], [ 285572.02, 4160556.67 ], [ 285572.01, 4160556.57 ], [ 285572.01, 4160556.47 ], [ 285572.02, 4160556.38 ], [ 285572.03, 4160556.28 ], [ 285572.06, 4160556.18 ], [ 285572.09, 4160556.09 ], [ 285572.14, 4160556.01 ], [ 285572.19, 4160555.92 ], [ 285572.25, 4160555.85 ], [ 285572.32, 4160555.77 ], [ 285572.39, 4160555.71 ], [ 285572.47, 4160555.65 ], [ 285572.56, 4160555.61 ], [ 285572.65, 4160555.57 ], [ 285572.74, 4160555.54 ], [ 285574.13, 4160555.15 ], [ 285574.13, 4160553.17 ], [ 285571.62, 4160550.21 ], [ 285564.96, 4160549.1 ], [ 285561.38, 4160550.11 ], [ 285575.43, 4160584.68 ], [ 285611.51, 4160575.1 ], [ 285612.3, 4160571.96 ], [ 285612.93, 4160571.09 ], [ 285615.45, 4160569.5 ], [ 285616.5, 4160569.3 ], [ 285624.44, 4160570.89 ], [ 285625.1, 4160571.34 ], [ 285634.35, 4160568.55 ], [ 285634.13, 4160568.03 ], [ 285634.13, 4160558.51 ], [ 285634.72, 4160557.37 ], [ 285637.49, 4160555.36 ], [ 285638.77, 4160555.17 ], [ 285640.18, 4160555.64 ], [ 285640.44, 4160555.51 ], [ 285640.48, 4160555.68 ], [ 285641.36, 4160556.32 ], [ 285642.86, 4160558.4 ], [ 285643.13, 4160559.26 ], [ 285643.13, 4160565.91 ], [ 285660.25, 4160560.75 ], [ 285659.46, 4160554.96 ] ] ], [ [ [ 285641.96, 4160604.01 ], [ 285641.99, 4160603.92 ], [ 285642.03, 4160603.83 ], [ 285642.08, 4160603.74 ], [ 285642.14, 4160603.66 ], [ 285642.2, 4160603.59 ], [ 285642.28, 4160603.52 ], [ 285642.35, 4160603.46 ], [ 285642.44, 4160603.41 ], [ 285642.51, 4160603.38 ], [ 285642.41, 4160602.76 ], [ 285642.16, 4160602.64 ], [ 285641.57, 4160602.1 ], [ 285640.35, 4160600.13 ], [ 285640.13, 4160599.35 ], [ 285640.13, 4160597.88 ], [ 285639.12, 4160589.09 ], [ 285639.11, 4160588.99 ], [ 285639.12, 4160588.9 ], [ 285639.13, 4160588.8 ], [ 285639.15, 4160588.7 ], [ 285639.18, 4160588.61 ], [ 285639.22, 4160588.52 ], [ 285639.27, 4160588.44 ], [ 285639.33, 4160588.36 ], [ 285639.4, 4160588.28 ], [ 285639.47, 4160588.22 ], [ 285639.54, 4160588.16 ], [ 285639.63, 4160588.1 ], [ 285639.72, 4160588.06 ], [ 285639.81, 4160588.03 ], [ 285639.9, 4160588.0 ], [ 285640.0, 4160587.98 ], [ 285652.55, 4160586.55 ], [ 285652.65, 4160586.54 ], [ 285652.75, 4160586.55 ], [ 285652.84, 4160586.56 ], [ 285652.94, 4160586.58 ], [ 285653.03, 4160586.61 ], [ 285653.12, 4160586.65 ], [ 285653.21, 4160586.7 ], [ 285653.29, 4160586.76 ], [ 285653.36, 4160586.82 ], [ 285653.43, 4160586.9 ], [ 285653.49, 4160586.97 ], [ 285653.54, 4160587.06 ], [ 285653.58, 4160587.15 ], [ 285653.62, 4160587.24 ], [ 285653.64, 4160587.33 ], [ 285653.66, 4160587.43 ], [ 285654.23, 4160592.4 ], [ 285654.77, 4160592.54 ], [ 285655.5, 4160592.63 ], [ 285658.13, 4160592.63 ], [ 285661.13, 4160589.63 ], [ 285661.13, 4160583.26 ], [ 285661.41, 4160582.4 ], [ 285662.87, 4160580.37 ], [ 285662.61, 4160578.1 ], [ 285661.08, 4160566.87 ], [ 285642.99, 4160572.32 ], [ 285650.81, 4160571.41 ], [ 285650.91, 4160571.41 ], [ 285651.01, 4160571.41 ], [ 285651.11, 4160571.42 ], [ 285651.2, 4160571.45 ], [ 285651.3, 4160571.48 ], [ 285651.38, 4160571.52 ], [ 285651.47, 4160571.57 ], [ 285651.55, 4160571.62 ], [ 285651.62, 4160571.69 ], [ 285651.69, 4160571.76 ], [ 285651.75, 4160571.84 ], [ 285651.8, 4160571.92 ], [ 285651.85, 4160572.01 ], [ 285651.88, 4160572.1 ], [ 285651.91, 4160572.2 ], [ 285651.92, 4160572.29 ], [ 285652.61, 4160578.2 ], [ 285652.62, 4160578.3 ], [ 285652.62, 4160578.4 ], [ 285652.6, 4160578.5 ], [ 285652.58, 4160578.59 ], [ 285652.55, 4160578.68 ], [ 285652.51, 4160578.77 ], [ 285652.46, 4160578.86 ], [ 285652.41, 4160578.94 ], [ 285652.34, 4160579.01 ], [ 285652.27, 4160579.08 ], [ 285652.19, 4160579.14 ], [ 285652.13, 4160579.18 ], [ 285652.13, 4160580.03 ], [ 285651.71, 4160581.05 ], [ 285650.95, 4160581.8 ], [ 285650.91, 4160581.89 ], [ 285650.85, 4160581.97 ], [ 285650.78, 4160582.04 ], [ 285650.71, 4160582.11 ], [ 285650.63, 4160582.17 ], [ 285650.55, 4160582.22 ], [ 285650.52, 4160582.24 ], [ 285649.55, 4160583.2 ], [ 285648.53, 4160583.63 ], [ 285643.73, 4160583.63 ], [ 285642.72, 4160583.21 ], [ 285640.88, 4160583.42 ], [ 285640.78, 4160583.43 ], [ 285640.69, 4160583.43 ], [ 285640.59, 4160583.42 ], [ 285640.49, 4160583.39 ], [ 285640.4, 4160583.36 ], [ 285640.31, 4160583.32 ], [ 285640.23, 4160583.27 ], [ 285640.15, 4160583.22 ], [ 285640.07, 4160583.15 ], [ 285640.01, 4160583.08 ], [ 285639.95, 4160583.0 ], [ 285639.89, 4160582.92 ], [ 285639.85, 4160582.83 ], [ 285639.82, 4160582.74 ], [ 285639.79, 4160582.65 ], [ 285639.77, 4160582.55 ], [ 285639.41, 4160579.47 ], [ 285639.4, 4160579.37 ], [ 285639.41, 4160579.27 ], [ 285639.42, 4160579.18 ], [ 285639.44, 4160579.08 ], [ 285639.47, 4160578.99 ], [ 285639.51, 4160578.9 ], [ 285639.56, 4160578.81 ], [ 285639.62, 4160578.73 ], [ 285639.68, 4160578.66 ], [ 285639.75, 4160578.59 ], [ 285639.83, 4160578.53 ], [ 285639.92, 4160578.48 ], [ 285640.0, 4160578.44 ], [ 285640.1, 4160578.4 ], [ 285640.13, 4160578.39 ], [ 285640.13, 4160578.22 ], [ 285640.55, 4160577.2 ], [ 285641.01, 4160576.75 ], [ 285641.03, 4160576.62 ], [ 285640.68, 4160573.6 ], [ 285640.68, 4160573.5 ], [ 285640.68, 4160573.4 ], [ 285640.69, 4160573.3 ], [ 285640.71, 4160573.21 ], [ 285640.74, 4160573.11 ], [ 285640.79, 4160573.02 ], [ 285640.81, 4160572.98 ], [ 285626.73, 4160577.22 ], [ 285625.97, 4160580.29 ], [ 285625.51, 4160580.92 ], [ 285629.73, 4160613.63 ], [ 285630.53, 4160613.63 ], [ 285631.55, 4160614.05 ], [ 285633.58, 4160616.08 ], [ 285638.65, 4160614.54 ], [ 285639.17, 4160611.94 ], [ 285639.57, 4160611.19 ], [ 285642.38, 4160608.38 ], [ 285641.93, 4160604.4 ], [ 285641.92, 4160604.3 ], [ 285641.93, 4160604.2 ], [ 285641.94, 4160604.1 ], [ 285641.96, 4160604.01 ] ] ], [ [ [ 285659.54, 4160647.69 ], [ 285659.61, 4160647.75 ], [ 285659.67, 4160647.83 ], [ 285659.73, 4160647.91 ], [ 285659.78, 4160647.99 ], [ 285659.82, 4160648.08 ], [ 285659.85, 4160648.17 ], [ 285659.88, 4160648.27 ], [ 285659.89, 4160648.37 ], [ 285660.01, 4160649.63 ], [ 285664.13, 4160649.63 ], [ 285667.13, 4160646.63 ], [ 285667.13, 4160645.16 ], [ 285667.24, 4160644.6 ], [ 285667.9, 4160643.02 ], [ 285668.22, 4160642.54 ], [ 285669.96, 4160640.8 ], [ 285667.8, 4160622.34 ], [ 285666.9, 4160621.45 ], [ 285666.55, 4160620.87 ], [ 285664.81, 4160615.68 ], [ 285661.97, 4160613.63 ], [ 285656.37, 4160613.63 ], [ 285653.6, 4160615.48 ], [ 285653.71, 4160616.03 ], [ 285655.08, 4160615.88 ], [ 285655.18, 4160615.87 ], [ 285655.27, 4160615.87 ], [ 285655.37, 4160615.89 ], [ 285655.47, 4160615.91 ], [ 285655.56, 4160615.94 ], [ 285655.65, 4160615.98 ], [ 285655.74, 4160616.03 ], [ 285655.81, 4160616.09 ], [ 285655.89, 4160616.16 ], [ 285655.96, 4160616.23 ], [ 285656.01, 4160616.31 ], [ 285656.07, 4160616.39 ], [ 285656.11, 4160616.48 ], [ 285656.14, 4160616.57 ], [ 285656.17, 4160616.67 ], [ 285656.18, 4160616.76 ], [ 285656.65, 4160621.15 ], [ 285656.85, 4160621.35 ], [ 285657.2, 4160621.91 ], [ 285657.84, 4160623.76 ], [ 285657.91, 4160624.42 ], [ 285657.42, 4160628.31 ], [ 285657.53, 4160629.38 ], [ 285657.54, 4160629.48 ], [ 285657.54, 4160629.57 ], [ 285657.52, 4160629.67 ], [ 285657.5, 4160629.77 ], [ 285657.47, 4160629.86 ], [ 285657.43, 4160629.95 ], [ 285657.38, 4160630.03 ], [ 285657.32, 4160630.11 ], [ 285657.25, 4160630.18 ], [ 285657.18, 4160630.25 ], [ 285656.92, 4160632.31 ], [ 285657.68, 4160632.21 ], [ 285657.78, 4160632.21 ], [ 285657.88, 4160632.21 ], [ 285657.98, 4160632.22 ], [ 285658.07, 4160632.24 ], [ 285658.16, 4160632.27 ], [ 285658.25, 4160632.31 ], [ 285658.34, 4160632.36 ], [ 285658.42, 4160632.41 ], [ 285658.5, 4160632.48 ], [ 285658.56, 4160632.55 ], [ 285658.63, 4160632.62 ], [ 285658.68, 4160632.71 ], [ 285658.72, 4160632.79 ], [ 285658.76, 4160632.88 ], [ 285658.79, 4160632.98 ], [ 285658.8, 4160633.08 ], [ 285659.55, 4160638.86 ], [ 285659.56, 4160638.96 ], [ 285659.56, 4160639.06 ], [ 285659.55, 4160639.16 ], [ 285659.53, 4160639.25 ], [ 285659.5, 4160639.34 ], [ 285659.46, 4160639.43 ], [ 285659.41, 4160639.52 ], [ 285659.36, 4160639.6 ], [ 285659.29, 4160639.68 ], [ 285659.22, 4160639.74 ], [ 285659.15, 4160639.8 ], [ 285659.07, 4160639.86 ], [ 285658.98, 4160639.9 ], [ 285658.89, 4160639.94 ], [ 285658.79, 4160639.97 ], [ 285658.7, 4160639.98 ], [ 285657.98, 4160640.08 ], [ 285658.25, 4160642.18 ], [ 285658.26, 4160642.28 ], [ 285658.26, 4160642.38 ], [ 285658.25, 4160642.48 ], [ 285658.23, 4160642.57 ], [ 285658.2, 4160642.67 ], [ 285658.16, 4160642.76 ], [ 285658.11, 4160642.84 ], [ 285658.05, 4160642.92 ], [ 285657.99, 4160643.0 ], [ 285657.92, 4160643.07 ], [ 285657.84, 4160643.13 ], [ 285657.76, 4160643.18 ], [ 285657.67, 4160643.22 ], [ 285657.58, 4160643.26 ], [ 285657.49, 4160643.29 ], [ 285657.39, 4160643.3 ], [ 285655.47, 4160643.56 ], [ 285655.05, 4160644.36 ], [ 285655.03, 4160644.38 ], [ 285654.21, 4160647.69 ], [ 285654.46, 4160647.86 ], [ 285658.8, 4160647.46 ], [ 285658.9, 4160647.46 ], [ 285659.0, 4160647.46 ], [ 285659.1, 4160647.48 ], [ 285659.19, 4160647.5 ], [ 285659.28, 4160647.53 ], [ 285659.37, 4160647.58 ], [ 285659.46, 4160647.63 ], [ 285659.54, 4160647.69 ] ] ], [ [ [ 285573.71, 4160730.2 ], [ 285574.13, 4160731.22 ], [ 285574.13, 4160733.03 ], [ 285573.71, 4160734.05 ], [ 285571.55, 4160736.2 ], [ 285570.53, 4160736.63 ], [ 285568.73, 4160736.63 ], [ 285568.52, 4160736.54 ], [ 285568.1, 4160750.0 ], [ 285579.09, 4160750.0 ], [ 285579.26, 4160715.48 ], [ 285579.26, 4160715.45 ], [ 285580.06, 4160648.39 ], [ 285580.05, 4160635.66 ], [ 285578.82, 4160623.49 ], [ 285576.5, 4160613.34 ], [ 285573.34, 4160603.37 ], [ 285568.39, 4160590.21 ], [ 285551.67, 4160549.07 ], [ 285545.48, 4160536.78 ], [ 285540.86, 4160530.6 ], [ 285536.32, 4160526.19 ], [ 285527.08, 4160518.83 ], [ 285521.53, 4160515.16 ], [ 285517.08, 4160513.49 ], [ 285514.69, 4160513.12 ], [ 285520.12, 4160521.65 ], [ 285526.22, 4160530.6 ], [ 285542.75, 4160554.2 ], [ 285542.9, 4160554.42 ], [ 285553.81, 4160572.0 ], [ 285554.06, 4160572.45 ], [ 285557.61, 4160579.82 ], [ 285557.71, 4160580.02 ], [ 285560.5, 4160586.58 ], [ 285560.58, 4160586.77 ], [ 285563.97, 4160595.79 ], [ 285564.09, 4160596.14 ], [ 285566.41, 4160604.1 ], [ 285566.47, 4160604.34 ], [ 285568.26, 4160611.96 ], [ 285568.34, 4160612.36 ], [ 285570.18, 4160624.93 ], [ 285570.21, 4160625.19 ], [ 285571.23, 4160636.49 ], [ 285571.25, 4160636.97 ], [ 285570.93, 4160665.78 ], [ 285570.92, 4160665.89 ], [ 285570.06, 4160690.55 ], [ 285570.71, 4160691.2 ], [ 285571.13, 4160692.22 ], [ 285571.13, 4160694.03 ], [ 285570.71, 4160695.05 ], [ 285569.87, 4160695.89 ], [ 285569.49, 4160706.63 ], [ 285569.8, 4160706.63 ], [ 285570.9, 4160707.15 ], [ 285572.99, 4160709.69 ], [ 285573.28, 4160710.87 ], [ 285571.72, 4160718.7 ], [ 285571.21, 4160719.54 ], [ 285569.07, 4160721.3 ], [ 285568.99, 4160721.32 ], [ 285568.8, 4160727.63 ], [ 285570.53, 4160727.63 ], [ 285571.55, 4160728.05 ], [ 285573.71, 4160730.2 ] ] ], [ [ [ 285649.13, 4160653.22 ], [ 285649.3, 4160652.82 ], [ 285648.98, 4160649.37 ], [ 285648.98, 4160649.27 ], [ 285648.99, 4160649.17 ], [ 285649.0, 4160649.07 ], [ 285649.03, 4160648.98 ], [ 285649.06, 4160648.89 ], [ 285649.1, 4160648.8 ], [ 285649.15, 4160648.71 ], [ 285649.21, 4160648.64 ], [ 285649.28, 4160648.56 ], [ 285649.35, 4160648.5 ], [ 285649.43, 4160648.44 ], [ 285649.52, 4160648.39 ], [ 285649.6, 4160648.35 ], [ 285649.7, 4160648.32 ], [ 285649.76, 4160648.3 ], [ 285649.4, 4160646.49 ], [ 285648.71, 4160646.2 ], [ 285647.13, 4160644.63 ], [ 285647.03, 4160644.61 ], [ 285646.93, 4160644.59 ], [ 285646.84, 4160644.56 ], [ 285646.75, 4160644.52 ], [ 285646.66, 4160644.48 ], [ 285646.58, 4160644.42 ], [ 285646.51, 4160644.36 ], [ 285646.44, 4160644.29 ], [ 285646.38, 4160644.21 ], [ 285646.33, 4160644.13 ], [ 285646.28, 4160644.04 ], [ 285646.24, 4160643.95 ], [ 285646.22, 4160643.85 ], [ 285646.2, 4160643.76 ], [ 285645.04, 4160634.88 ], [ 285645.03, 4160634.78 ], [ 285645.04, 4160634.69 ], [ 285645.05, 4160634.59 ], [ 285645.07, 4160634.49 ], [ 285645.1, 4160634.4 ], [ 285645.14, 4160634.31 ], [ 285645.19, 4160634.22 ], [ 285645.24, 4160634.14 ], [ 285645.3, 4160634.07 ], [ 285645.38, 4160634.0 ], [ 285645.45, 4160633.94 ], [ 285645.53, 4160633.89 ], [ 285645.62, 4160633.84 ], [ 285645.71, 4160633.81 ], [ 285645.81, 4160633.78 ], [ 285645.9, 4160633.76 ], [ 285646.13, 4160633.73 ], [ 285646.13, 4160621.32 ], [ 285645.93, 4160619.42 ], [ 285643.13, 4160616.63 ], [ 285641.82, 4160616.63 ], [ 285641.0, 4160616.38 ], [ 285638.8, 4160614.9 ], [ 285634.13, 4160617.4 ], [ 285634.13, 4160619.99 ], [ 285633.86, 4160620.85 ], [ 285632.36, 4160622.93 ], [ 285631.63, 4160623.46 ], [ 285631.03, 4160623.66 ], [ 285636.53, 4160666.18 ], [ 285637.08, 4160665.29 ], [ 285638.27, 4160664.63 ], [ 285639.53, 4160664.63 ], [ 285640.55, 4160665.05 ], [ 285642.29, 4160666.78 ], [ 285646.06, 4160666.03 ], [ 285646.36, 4160666.48 ], [ 285648.85, 4160664.82 ], [ 285649.73, 4160660.74 ], [ 285649.35, 4160660.13 ], [ 285649.13, 4160659.35 ], [ 285649.13, 4160653.22 ] ] ], [ [ [ 285500.0, 4160693.19 ], [ 285500.0, 4160695.76 ], [ 285500.04, 4160693.44 ], [ 285500.0, 4160693.19 ] ] ], [ [ [ 285598.62, 4160685.21 ], [ 285593.38, 4160684.33 ], [ 285592.35, 4160683.58 ], [ 285590.81, 4160680.55 ], [ 285590.81, 4160679.28 ], [ 285591.43, 4160678.03 ], [ 285592.1, 4160677.37 ], [ 285594.48, 4160676.2 ], [ 285595.9, 4160676.02 ], [ 285595.86, 4160675.73 ], [ 285598.82, 4160673.85 ], [ 285600.44, 4160667.38 ], [ 285600.96, 4160666.59 ], [ 285601.32, 4160666.3 ], [ 285600.74, 4160662.02 ], [ 285601.13, 4160661.63 ], [ 285599.49, 4160659.98 ], [ 285598.55, 4160659.98 ], [ 285598.45, 4160659.97 ], [ 285598.35, 4160659.96 ], [ 285598.26, 4160659.93 ], [ 285598.16, 4160659.9 ], [ 285598.07, 4160659.86 ], [ 285597.99, 4160659.81 ], [ 285597.91, 4160659.75 ], [ 285597.84, 4160659.68 ], [ 285597.77, 4160659.61 ], [ 285597.72, 4160659.53 ], [ 285597.67, 4160659.44 ], [ 285597.62, 4160659.36 ], [ 285597.59, 4160659.26 ], [ 285597.57, 4160659.17 ], [ 285597.55, 4160659.07 ], [ 285597.55, 4160658.97 ], [ 285597.6, 4160649.59 ], [ 285597.6, 4160649.49 ], [ 285597.62, 4160649.39 ], [ 285597.64, 4160649.3 ], [ 285597.68, 4160649.21 ], [ 285597.72, 4160649.12 ], [ 285597.77, 4160649.03 ], [ 285597.83, 4160648.95 ], [ 285597.9, 4160648.88 ], [ 285597.97, 4160648.82 ], [ 285598.05, 4160648.76 ], [ 285598.13, 4160648.71 ], [ 285598.22, 4160648.67 ], [ 285598.31, 4160648.63 ], [ 285598.41, 4160648.61 ], [ 285598.51, 4160648.6 ], [ 285598.6, 4160648.59 ], [ 285602.32, 4160648.61 ], [ 285602.67, 4160644.21 ], [ 285600.96, 4160644.28 ], [ 285600.86, 4160644.28 ], [ 285600.76, 4160644.27 ], [ 285600.67, 4160644.25 ], [ 285600.57, 4160644.22 ], [ 285600.48, 4160644.18 ], [ 285600.4, 4160644.13 ], [ 285600.32, 4160644.08 ], [ 285600.24, 4160644.02 ], [ 285600.17, 4160643.95 ], [ 285600.11, 4160643.87 ], [ 285600.06, 4160643.79 ], [ 285600.01, 4160643.7 ], [ 285599.98, 4160643.61 ], [ 285599.95, 4160643.52 ], [ 285599.93, 4160643.42 ], [ 285599.92, 4160643.32 ], [ 285599.82, 4160640.73 ], [ 285599.08, 4160640.77 ], [ 285598.98, 4160640.78 ], [ 285598.88, 4160640.77 ], [ 285598.78, 4160640.75 ], [ 285598.69, 4160640.72 ], [ 285598.6, 4160640.68 ], [ 285598.51, 4160640.64 ], [ 285598.42, 4160640.58 ], [ 285598.35, 4160640.52 ], [ 285598.28, 4160640.45 ], [ 285598.21, 4160640.37 ], [ 285598.16, 4160640.29 ], [ 285598.11, 4160640.2 ], [ 285598.07, 4160640.11 ], [ 285598.05, 4160640.01 ], [ 285598.03, 4160639.92 ], [ 285598.02, 4160639.82 ], [ 285597.79, 4160633.97 ], [ 285597.79, 4160633.87 ], [ 285597.8, 4160633.77 ], [ 285597.82, 4160633.68 ], [ 285597.85, 4160633.59 ], [ 285597.89, 4160633.5 ], [ 285597.93, 4160633.41 ], [ 285597.99, 4160633.33 ], [ 285598.05, 4160633.25 ], [ 285598.12, 4160633.18 ], [ 285598.2, 4160633.12 ], [ 285598.28, 4160633.07 ], [ 285598.36, 4160633.02 ], [ 285598.46, 4160632.99 ], [ 285598.55, 4160632.96 ], [ 285598.65, 4160632.94 ], [ 285598.74, 4160632.93 ], [ 285608.1, 4160632.52 ], [ 285608.2, 4160632.52 ], [ 285608.3, 4160632.53 ], [ 285608.39, 4160632.55 ], [ 285608.49, 4160632.58 ], [ 285608.58, 4160632.62 ], [ 285608.67, 4160632.67 ], [ 285608.75, 4160632.72 ], [ 285608.82, 4160632.79 ], [ 285608.89, 4160632.86 ], [ 285608.95, 4160632.93 ], [ 285609.01, 4160633.02 ], [ 285609.05, 4160633.1 ], [ 285609.09, 4160633.19 ], [ 285609.12, 4160633.29 ], [ 285609.14, 4160633.39 ], [ 285609.14, 4160633.48 ], [ 285609.27, 4160636.76 ], [ 285609.71, 4160637.2 ], [ 285610.07, 4160638.08 ], [ 285610.14, 4160638.08 ], [ 285610.24, 4160638.09 ], [ 285610.34, 4160638.11 ], [ 285610.43, 4160638.14 ], [ 285610.52, 4160638.18 ], [ 285610.61, 4160638.23 ], [ 285610.69, 4160638.28 ], [ 285610.76, 4160638.35 ], [ 285610.83, 4160638.42 ], [ 285610.89, 4160638.49 ], [ 285610.95, 4160638.57 ], [ 285610.99, 4160638.66 ], [ 285611.03, 4160638.75 ], [ 285611.06, 4160638.85 ], [ 285611.07, 4160638.94 ], [ 285611.08, 4160639.04 ], [ 285611.23, 4160642.87 ], [ 285611.23, 4160642.97 ], [ 285611.22, 4160643.06 ], [ 285611.2, 4160643.16 ], [ 285611.17, 4160643.25 ], [ 285611.14, 4160643.34 ], [ 285611.09, 4160643.43 ], [ 285611.03, 4160643.51 ], [ 285610.97, 4160643.59 ], [ 285610.9, 4160643.65 ], [ 285610.82, 4160643.72 ], [ 285610.74, 4160643.77 ], [ 285610.65, 4160643.81 ], [ 285610.56, 4160643.85 ], [ 285610.47, 4160643.88 ], [ 285610.37, 4160643.9 ], [ 285610.28, 4160643.91 ], [ 285608.0, 4160644.0 ], [ 285606.18, 4160645.31 ], [ 285606.63, 4160645.93 ], [ 285605.93, 4160648.62 ], [ 285608.17, 4160648.63 ], [ 285608.27, 4160648.64 ], [ 285608.36, 4160648.65 ], [ 285608.46, 4160648.68 ], [ 285608.55, 4160648.71 ], [ 285608.64, 4160648.75 ], [ 285608.72, 4160648.81 ], [ 285608.8, 4160648.86 ], [ 285608.87, 4160648.93 ], [ 285608.94, 4160649.0 ], [ 285609.0, 4160649.08 ], [ 285609.05, 4160649.17 ], [ 285609.09, 4160649.26 ], [ 285609.12, 4160649.35 ], [ 285609.15, 4160649.44 ], [ 285609.16, 4160649.54 ], [ 285609.16, 4160649.64 ], [ 285609.14, 4160654.15 ], [ 285609.93, 4160654.15 ], [ 285610.03, 4160654.16 ], [ 285610.12, 4160654.17 ], [ 285610.22, 4160654.2 ], [ 285610.31, 4160654.23 ], [ 285610.4, 4160654.27 ], [ 285610.48, 4160654.32 ], [ 285610.56, 4160654.38 ], [ 285610.64, 4160654.45 ], [ 285610.7, 4160654.52 ], [ 285610.76, 4160654.6 ], [ 285610.81, 4160654.69 ], [ 285610.85, 4160654.77 ], [ 285610.88, 4160654.87 ], [ 285610.91, 4160654.96 ], [ 285610.92, 4160655.06 ], [ 285610.92, 4160655.16 ], [ 285610.9, 4160659.03 ], [ 285610.9, 4160659.13 ], [ 285610.88, 4160659.23 ], [ 285610.86, 4160659.32 ], [ 285610.82, 4160659.42 ], [ 285610.78, 4160659.5 ], [ 285610.73, 4160659.59 ], [ 285610.67, 4160659.67 ], [ 285610.6, 4160659.74 ], [ 285610.53, 4160659.8 ], [ 285610.45, 4160659.86 ], [ 285610.37, 4160659.91 ], [ 285610.28, 4160659.95 ], [ 285610.19, 4160659.99 ], [ 285610.09, 4160660.01 ], [ 285609.99, 4160660.02 ], [ 285609.9, 4160660.03 ], [ 285607.85, 4160660.02 ], [ 285610.09, 4160664.63 ], [ 285618.53, 4160664.63 ], [ 285619.55, 4160665.05 ], [ 285620.55, 4160666.04 ], [ 285620.46, 4160664.39 ], [ 285620.46, 4160664.29 ], [ 285620.47, 4160664.2 ], [ 285620.49, 4160664.1 ], [ 285620.51, 4160664.01 ], [ 285620.55, 4160663.92 ], [ 285620.6, 4160663.83 ], [ 285620.65, 4160663.75 ], [ 285620.71, 4160663.67 ], [ 285620.78, 4160663.6 ], [ 285620.86, 4160663.54 ], [ 285620.94, 4160663.48 ], [ 285621.03, 4160663.44 ], [ 285621.12, 4160663.4 ], [ 285621.21, 4160663.37 ], [ 285621.31, 4160663.35 ], [ 285621.4, 4160663.34 ], [ 285628.0, 4160662.98 ], [ 285628.1, 4160662.98 ], [ 285628.2, 4160662.99 ], [ 285628.3, 4160663.01 ], [ 285628.39, 4160663.04 ], [ 285628.48, 4160663.08 ], [ 285628.57, 4160663.12 ], [ 285628.65, 4160663.18 ], [ 285628.73, 4160663.24 ], [ 285628.79, 4160663.31 ], [ 285628.86, 4160663.38 ], [ 285628.91, 4160663.46 ], [ 285628.96, 4160663.55 ], [ 285629.0, 4160663.64 ], [ 285629.03, 4160663.73 ], [ 285629.05, 4160663.83 ], [ 285629.06, 4160663.93 ], [ 285629.23, 4160667.15 ], [ 285630.45, 4160667.21 ], [ 285630.51, 4160667.24 ], [ 285623.19, 4160610.63 ], [ 285622.73, 4160610.63 ], [ 285621.71, 4160610.2 ], [ 285619.55, 4160608.05 ], [ 285619.13, 4160607.03 ], [ 285619.13, 4160602.22 ], [ 285619.55, 4160601.2 ], [ 285621.7, 4160599.06 ], [ 285619.56, 4160582.51 ], [ 285613.82, 4160581.36 ], [ 285613.22, 4160580.95 ], [ 285599.12, 4160584.7 ], [ 285599.16, 4160584.71 ], [ 285599.26, 4160584.74 ], [ 285599.35, 4160584.78 ], [ 285599.43, 4160584.83 ], [ 285599.52, 4160584.88 ], [ 285599.59, 4160584.95 ], [ 285599.66, 4160585.02 ], [ 285599.72, 4160585.09 ], [ 285599.77, 4160585.18 ], [ 285599.82, 4160585.26 ], [ 285599.86, 4160585.35 ], [ 285599.88, 4160585.45 ], [ 285600.85, 4160589.55 ], [ 285600.95, 4160589.8 ], [ 285604.23, 4160589.02 ], [ 285604.33, 4160589.0 ], [ 285604.43, 4160588.99 ], [ 285604.53, 4160588.99 ], [ 285604.62, 4160589.0 ], [ 285604.72, 4160589.02 ], [ 285604.81, 4160589.05 ], [ 285604.9, 4160589.09 ], [ 285604.99, 4160589.14 ], [ 285605.07, 4160589.19 ], [ 285605.15, 4160589.25 ], [ 285605.21, 4160589.33 ], [ 285605.28, 4160589.4 ], [ 285605.33, 4160589.48 ], [ 285605.37, 4160589.57 ], [ 285605.41, 4160589.66 ], [ 285605.44, 4160589.76 ], [ 285606.29, 4160593.33 ], [ 285606.31, 4160593.43 ], [ 285606.32, 4160593.53 ], [ 285606.32, 4160593.62 ], [ 285606.31, 4160593.72 ], [ 285606.29, 4160593.82 ], [ 285606.26, 4160593.91 ], [ 285606.22, 4160594.0 ], [ 285606.17, 4160594.09 ], [ 285606.11, 4160594.17 ], [ 285606.05, 4160594.24 ], [ 285605.98, 4160594.31 ], [ 285605.9, 4160594.37 ], [ 285605.82, 4160594.43 ], [ 285605.73, 4160594.47 ], [ 285605.64, 4160594.51 ], [ 285605.55, 4160594.54 ], [ 285600.88, 4160595.65 ], [ 285600.48, 4160596.6 ], [ 285600.87, 4160596.76 ], [ 285600.87, 4160599.73 ], [ 285605.18, 4160598.95 ], [ 285605.28, 4160598.94 ], [ 285605.38, 4160598.94 ], [ 285605.48, 4160598.94 ], [ 285605.57, 4160598.96 ], [ 285605.67, 4160598.99 ], [ 285605.76, 4160599.02 ], [ 285605.85, 4160599.06 ], [ 285605.93, 4160599.12 ], [ 285606.01, 4160599.18 ], [ 285606.08, 4160599.24 ], [ 285606.14, 4160599.32 ], [ 285606.2, 4160599.4 ], [ 285606.25, 4160599.48 ], [ 285606.29, 4160599.57 ], [ 285606.32, 4160599.67 ], [ 285606.34, 4160599.76 ], [ 285607.06, 4160603.75 ], [ 285607.07, 4160603.85 ], [ 285607.07, 4160603.95 ], [ 285607.07, 4160604.04 ], [ 285607.05, 4160604.14 ], [ 285607.02, 4160604.24 ], [ 285606.99, 4160604.33 ], [ 285606.94, 4160604.42 ], [ 285606.9, 4160604.48 ], [ 285606.92, 4160604.49 ], [ 285607.0, 4160604.54 ], [ 285607.08, 4160604.6 ], [ 285607.15, 4160604.67 ], [ 285607.21, 4160604.74 ], [ 285607.27, 4160604.82 ], [ 285607.32, 4160604.91 ], [ 285607.36, 4160605.0 ], [ 285607.39, 4160605.09 ], [ 285607.41, 4160605.18 ], [ 285608.12, 4160609.15 ], [ 285608.14, 4160609.25 ], [ 285608.14, 4160609.35 ], [ 285608.13, 4160609.45 ], [ 285608.12, 4160609.54 ], [ 285608.09, 4160609.64 ], [ 285608.06, 4160609.73 ], [ 285608.01, 4160609.82 ], [ 285607.96, 4160609.9 ], [ 285607.9, 4160609.98 ], [ 285607.83, 4160610.05 ], [ 285607.76, 4160610.11 ], [ 285607.68, 4160610.17 ], [ 285607.59, 4160610.22 ], [ 285607.51, 4160610.26 ], [ 285607.41, 4160610.29 ], [ 285607.32, 4160610.31 ], [ 285604.21, 4160610.87 ], [ 285603.74, 4160611.13 ], [ 285604.14, 4160615.84 ], [ 285606.07, 4160615.68 ], [ 285606.17, 4160615.67 ], [ 285606.26, 4160615.68 ], [ 285606.36, 4160615.69 ], [ 285606.46, 4160615.72 ], [ 285606.55, 4160615.75 ], [ 285606.64, 4160615.8 ], [ 285606.72, 4160615.85 ], [ 285606.8, 4160615.91 ], [ 285606.87, 4160615.97 ], [ 285606.93, 4160616.05 ], [ 285606.99, 4160616.13 ], [ 285607.04, 4160616.21 ], [ 285607.08, 4160616.3 ], [ 285607.11, 4160616.39 ], [ 285607.14, 4160616.49 ], [ 285607.15, 4160616.59 ], [ 285607.32, 4160618.62 ], [ 285607.74, 4160619.26 ], [ 285611.93, 4160618.9 ], [ 285612.03, 4160618.9 ], [ 285612.13, 4160618.9 ], [ 285612.23, 4160618.92 ], [ 285612.32, 4160618.94 ], [ 285612.41, 4160618.98 ], [ 285612.5, 4160619.02 ], [ 285612.58, 4160619.07 ], [ 285612.66, 4160619.13 ], [ 285612.73, 4160619.2 ], [ 285612.8, 4160619.27 ], [ 285612.86, 4160619.35 ], [ 285612.91, 4160619.44 ], [ 285612.95, 4160619.52 ], [ 285612.98, 4160619.62 ], [ 285613.0, 4160619.71 ], [ 285613.01, 4160619.81 ], [ 285613.53, 4160625.7 ], [ 285613.53, 4160625.8 ], [ 285613.53, 4160625.9 ], [ 285613.51, 4160626.0 ], [ 285613.49, 4160626.09 ], [ 285613.45, 4160626.18 ], [ 285613.41, 4160626.27 ], [ 285613.36, 4160626.36 ], [ 285613.3, 4160626.43 ], [ 285613.23, 4160626.51 ], [ 285613.16, 4160626.57 ], [ 285613.08, 4160626.63 ], [ 285612.99, 4160626.68 ], [ 285612.9, 4160626.72 ], [ 285612.81, 4160626.75 ], [ 285612.72, 4160626.77 ], [ 285612.62, 4160626.79 ], [ 285607.37, 4160627.24 ], [ 285606.72, 4160628.08 ], [ 285604.97, 4160628.93 ], [ 285604.35, 4160630.24 ], [ 285602.29, 4160628.63 ], [ 285601.73, 4160628.63 ], [ 285600.71, 4160628.2 ], [ 285600.35, 4160627.85 ], [ 285599.99, 4160627.88 ], [ 285599.89, 4160627.88 ], [ 285599.79, 4160627.88 ], [ 285599.7, 4160627.86 ], [ 285599.6, 4160627.84 ], [ 285599.51, 4160627.8 ], [ 285599.42, 4160627.76 ], [ 285599.34, 4160627.71 ], [ 285599.26, 4160627.65 ], [ 285599.19, 4160627.58 ], [ 285599.12, 4160627.51 ], [ 285599.07, 4160627.43 ], [ 285599.02, 4160627.34 ], [ 285598.98, 4160627.26 ], [ 285598.94, 4160627.16 ], [ 285598.92, 4160627.07 ], [ 285598.91, 4160626.97 ], [ 285598.85, 4160626.35 ], [ 285598.55, 4160626.05 ], [ 285598.13, 4160625.03 ], [ 285598.13, 4160624.69 ], [ 285597.87, 4160624.71 ], [ 285597.77, 4160624.72 ], [ 285597.67, 4160624.71 ], [ 285597.57, 4160624.7 ], [ 285597.48, 4160624.67 ], [ 285597.39, 4160624.64 ], [ 285597.3, 4160624.59 ], [ 285597.21, 4160624.54 ], [ 285597.14, 4160624.48 ], [ 285597.06, 4160624.42 ], [ 285597.0, 4160624.34 ], [ 285596.94, 4160624.26 ], [ 285596.89, 4160624.18 ], [ 285596.85, 4160624.09 ], [ 285596.82, 4160624.0 ], [ 285596.8, 4160623.9 ], [ 285596.78, 4160623.8 ], [ 285596.24, 4160617.53 ], [ 285596.24, 4160617.44 ], [ 285596.24, 4160617.34 ], [ 285596.26, 4160617.24 ], [ 285596.28, 4160617.15 ], [ 285596.32, 4160617.05 ], [ 285596.36, 4160616.97 ], [ 285596.41, 4160616.88 ], [ 285596.47, 4160616.8 ], [ 285596.54, 4160616.73 ], [ 285596.61, 4160616.67 ], [ 285596.69, 4160616.61 ], [ 285596.78, 4160616.56 ], [ 285596.87, 4160616.52 ], [ 285596.96, 4160616.49 ], [ 285597.05, 4160616.46 ], [ 285597.15, 4160616.45 ], [ 285600.49, 4160616.16 ], [ 285599.53, 4160612.09 ], [ 285598.79, 4160611.85 ], [ 285597.43, 4160612.09 ], [ 285597.33, 4160612.1 ], [ 285597.23, 4160612.11 ], [ 285597.13, 4160612.1 ], [ 285597.04, 4160612.08 ], [ 285596.94, 4160612.06 ], [ 285596.85, 4160612.02 ], [ 285596.76, 4160611.98 ], [ 285596.68, 4160611.93 ], [ 285596.6, 4160611.87 ], [ 285596.53, 4160611.8 ], [ 285596.47, 4160611.73 ], [ 285596.41, 4160611.65 ], [ 285596.36, 4160611.56 ], [ 285596.32, 4160611.47 ], [ 285596.29, 4160611.38 ], [ 285596.27, 4160611.28 ], [ 285596.16, 4160610.71 ], [ 285594.9, 4160609.45 ], [ 285594.86, 4160609.38 ], [ 285594.84, 4160609.38 ], [ 285594.74, 4160609.37 ], [ 285594.64, 4160609.36 ], [ 285594.55, 4160609.33 ], [ 285594.46, 4160609.3 ], [ 285594.37, 4160609.25 ], [ 285594.29, 4160609.2 ], [ 285594.21, 4160609.14 ], [ 285594.14, 4160609.08 ], [ 285594.07, 4160609.0 ], [ 285594.01, 4160608.92 ], [ 285593.97, 4160608.84 ], [ 285593.93, 4160608.75 ], [ 285593.89, 4160608.65 ], [ 285593.87, 4160608.56 ], [ 285593.2, 4160604.83 ], [ 285593.13, 4160604.61 ], [ 285593.13, 4160604.45 ], [ 285592.73, 4160602.2 ], [ 285592.71, 4160602.11 ], [ 285592.71, 4160602.01 ], [ 285592.72, 4160601.91 ], [ 285592.73, 4160601.81 ], [ 285592.76, 4160601.72 ], [ 285592.79, 4160601.63 ], [ 285592.84, 4160601.54 ], [ 285592.89, 4160601.45 ], [ 285592.95, 4160601.38 ], [ 285593.02, 4160601.31 ], [ 285593.09, 4160601.24 ], [ 285593.17, 4160601.18 ], [ 285593.24, 4160601.15 ], [ 285592.08, 4160598.36 ], [ 285591.71, 4160598.2 ], [ 285591.4, 4160597.89 ], [ 285591.36, 4160597.9 ], [ 285591.26, 4160597.92 ], [ 285591.16, 4160597.93 ], [ 285591.06, 4160597.93 ], [ 285590.96, 4160597.91 ], [ 285590.86, 4160597.89 ], [ 285590.77, 4160597.86 ], [ 285590.67, 4160597.82 ], [ 285590.59, 4160597.77 ], [ 285590.5, 4160597.71 ], [ 285590.43, 4160597.64 ], [ 285590.36, 4160597.57 ], [ 285590.3, 4160597.49 ], [ 285590.25, 4160597.4 ], [ 285590.2, 4160597.31 ], [ 285590.17, 4160597.21 ], [ 285590.15, 4160597.11 ], [ 285590.04, 4160596.53 ], [ 285589.55, 4160596.05 ], [ 285589.13, 4160595.03 ], [ 285589.13, 4160591.73 ], [ 285588.45, 4160588.11 ], [ 285588.43, 4160588.01 ], [ 285588.43, 4160587.92 ], [ 285588.43, 4160587.82 ], [ 285588.45, 4160587.73 ], [ 285588.47, 4160587.64 ], [ 285588.5, 4160587.55 ], [ 285588.52, 4160587.52 ], [ 285577.65, 4160590.4 ], [ 285581.43, 4160600.45 ], [ 285581.5, 4160600.66 ], [ 285584.75, 4160610.91 ], [ 285584.84, 4160611.25 ], [ 285587.27, 4160621.83 ], [ 285587.35, 4160622.36 ], [ 285588.63, 4160635.02 ], [ 285588.65, 4160635.44 ], [ 285588.66, 4160648.41 ], [ 285588.66, 4160648.47 ], [ 285587.91, 4160711.05 ], [ 285596.4, 4160708.56 ], [ 285596.34, 4160707.63 ], [ 285596.65, 4160706.65 ], [ 285596.88, 4160706.36 ], [ 285597.42, 4160703.79 ], [ 285595.84, 4160697.46 ], [ 285595.93, 4160696.5 ], [ 285597.07, 4160694.01 ], [ 285597.74, 4160693.32 ], [ 285599.47, 4160692.45 ], [ 285601.13, 4160689.77 ], [ 285601.13, 4160688.17 ], [ 285598.62, 4160685.21 ] ] ], [ [ [ 285689.02, 4160648.05 ], [ 285688.95, 4160647.99 ], [ 285688.88, 4160647.91 ], [ 285688.82, 4160647.83 ], [ 285688.77, 4160647.75 ], [ 285688.73, 4160647.66 ], [ 285688.7, 4160647.56 ], [ 285688.68, 4160647.47 ], [ 285688.66, 4160647.37 ], [ 285688.53, 4160645.72 ], [ 285687.63, 4160644.37 ], [ 285682.64, 4160644.37 ], [ 285679.64, 4160648.87 ], [ 285679.59, 4160649.03 ], [ 285681.08, 4160661.78 ], [ 285681.4, 4160662.19 ], [ 285687.4, 4160663.69 ], [ 285690.49, 4160661.28 ], [ 285689.81, 4160653.58 ], [ 285689.8, 4160653.48 ], [ 285689.81, 4160653.39 ], [ 285689.82, 4160653.29 ], [ 285689.85, 4160653.19 ], [ 285689.88, 4160653.1 ], [ 285689.93, 4160653.01 ], [ 285689.98, 4160652.93 ], [ 285690.04, 4160652.85 ], [ 285690.11, 4160652.78 ], [ 285690.18, 4160652.71 ], [ 285690.26, 4160652.65 ], [ 285690.35, 4160652.6 ], [ 285690.44, 4160652.56 ], [ 285690.53, 4160652.53 ], [ 285690.63, 4160652.51 ], [ 285690.72, 4160652.5 ], [ 285692.5, 4160652.36 ], [ 285692.03, 4160649.25 ], [ 285690.57, 4160648.46 ], [ 285690.3, 4160648.22 ], [ 285689.76, 4160648.28 ], [ 285689.66, 4160648.28 ], [ 285689.56, 4160648.28 ], [ 285689.47, 4160648.26 ], [ 285689.37, 4160648.24 ], [ 285689.28, 4160648.21 ], [ 285689.19, 4160648.16 ], [ 285689.1, 4160648.11 ], [ 285689.02, 4160648.05 ] ] ], [ [ [ 285602.42, 4160746.38 ], [ 285602.32, 4160746.4 ], [ 285600.81, 4160743.97 ], [ 285594.16, 4160740.64 ], [ 285593.57, 4160740.1 ], [ 285592.35, 4160738.13 ], [ 285592.13, 4160737.35 ], [ 285592.13, 4160731.22 ], [ 285592.55, 4160730.2 ], [ 285594.71, 4160728.05 ], [ 285595.73, 4160727.63 ], [ 285596.89, 4160727.63 ], [ 285599.66, 4160725.77 ], [ 285599.01, 4160722.5 ], [ 285595.59, 4160719.08 ], [ 285595.19, 4160717.85 ], [ 285595.63, 4160715.14 ], [ 285587.85, 4160717.42 ], [ 285587.69, 4160750.0 ], [ 285599.61, 4160750.0 ], [ 285602.1, 4160746.97 ], [ 285602.47, 4160746.97 ], [ 285602.47, 4160746.65 ], [ 285602.42, 4160746.57 ], [ 285602.45, 4160746.54 ], [ 285602.42, 4160746.38 ] ] ], [ [ [ 285521.73, 4160503.61 ], [ 285521.85, 4160503.75 ], [ 285521.95, 4160503.9 ], [ 285522.04, 4160504.06 ], [ 285523.4, 4160506.68 ], [ 285525.0, 4160507.28 ], [ 285525.06, 4160507.31 ], [ 285525.11, 4160507.33 ], [ 285525.25, 4160507.39 ], [ 285525.39, 4160507.45 ], [ 285525.44, 4160507.48 ], [ 285525.49, 4160507.5 ], [ 285525.63, 4160507.58 ], [ 285525.76, 4160507.66 ], [ 285525.81, 4160507.69 ], [ 285525.86, 4160507.72 ], [ 285531.98, 4160511.76 ], [ 285532.29, 4160511.99 ], [ 285541.84, 4160519.6 ], [ 285542.16, 4160519.88 ], [ 285547.09, 4160524.67 ], [ 285547.32, 4160524.92 ], [ 285547.54, 4160525.18 ], [ 285552.59, 4160531.93 ], [ 285552.8, 4160532.24 ], [ 285552.99, 4160532.57 ], [ 285556.59, 4160539.73 ], [ 285557.57, 4160538.15 ], [ 285558.16, 4160537.61 ], [ 285560.61, 4160536.39 ], [ 285561.82, 4160535.28 ], [ 285562.37, 4160534.38 ], [ 285561.94, 4160530.68 ], [ 285561.77, 4160530.5 ], [ 285560.27, 4160529.88 ], [ 285560.28, 4160529.85 ], [ 285558.71, 4160529.2 ], [ 285558.08, 4160528.58 ], [ 285557.83, 4160528.65 ], [ 285557.74, 4160528.67 ], [ 285557.64, 4160528.68 ], [ 285557.54, 4160528.68 ], [ 285557.44, 4160528.68 ], [ 285557.35, 4160528.66 ], [ 285557.25, 4160528.63 ], [ 285557.16, 4160528.6 ], [ 285557.07, 4160528.55 ], [ 285556.99, 4160528.5 ], [ 285556.91, 4160528.44 ], [ 285556.84, 4160528.37 ], [ 285556.78, 4160528.3 ], [ 285556.72, 4160528.22 ], [ 285556.67, 4160528.13 ], [ 285556.63, 4160528.04 ], [ 285556.6, 4160527.95 ], [ 285555.39, 4160523.6 ], [ 285555.37, 4160523.5 ], [ 285555.36, 4160523.4 ], [ 285555.36, 4160523.3 ], [ 285555.36, 4160523.21 ], [ 285555.38, 4160523.11 ], [ 285555.41, 4160523.02 ], [ 285555.44, 4160522.92 ], [ 285555.48, 4160522.84 ], [ 285555.54, 4160522.75 ], [ 285555.6, 4160522.68 ], [ 285555.67, 4160522.6 ], [ 285555.74, 4160522.54 ], [ 285555.82, 4160522.48 ], [ 285555.91, 4160522.44 ], [ 285556.0, 4160522.4 ], [ 285556.09, 4160522.36 ], [ 285556.13, 4160522.35 ], [ 285556.13, 4160521.22 ], [ 285556.55, 4160520.2 ], [ 285557.15, 4160519.61 ], [ 285556.96, 4160518.92 ], [ 285556.94, 4160518.83 ], [ 285556.93, 4160518.73 ], [ 285556.92, 4160518.63 ], [ 285556.93, 4160518.54 ], [ 285556.95, 4160518.44 ], [ 285556.97, 4160518.34 ], [ 285557.01, 4160518.25 ], [ 285557.05, 4160518.17 ], [ 285557.1, 4160518.08 ], [ 285557.16, 4160518.0 ], [ 285557.23, 4160517.93 ], [ 285557.31, 4160517.87 ], [ 285557.39, 4160517.81 ], [ 285557.47, 4160517.76 ], [ 285557.56, 4160517.72 ], [ 285557.65, 4160517.69 ], [ 285561.23, 4160516.7 ], [ 285561.32, 4160516.68 ], [ 285561.42, 4160516.67 ], [ 285561.52, 4160516.67 ], [ 285561.62, 4160516.67 ], [ 285561.71, 4160516.69 ], [ 285561.81, 4160516.72 ], [ 285561.9, 4160516.75 ], [ 285561.99, 4160516.8 ], [ 285562.07, 4160516.85 ], [ 285562.15, 4160516.91 ], [ 285562.22, 4160516.98 ], [ 285562.28, 4160517.05 ], [ 285562.34, 4160517.13 ], [ 285562.39, 4160517.22 ], [ 285562.43, 4160517.31 ], [ 285562.46, 4160517.4 ], [ 285562.52, 4160517.63 ], [ 285564.78, 4160517.63 ], [ 285567.01, 4160517.01 ], [ 285567.1, 4160516.99 ], [ 285567.2, 4160516.97 ], [ 285567.3, 4160516.97 ], [ 285567.4, 4160516.98 ], [ 285567.49, 4160517.0 ], [ 285567.59, 4160517.02 ], [ 285567.68, 4160517.06 ], [ 285567.77, 4160517.1 ], [ 285567.85, 4160517.15 ], [ 285567.93, 4160517.21 ], [ 285568.0, 4160517.28 ], [ 285568.06, 4160517.36 ], [ 285568.12, 4160517.44 ], [ 285568.17, 4160517.52 ], [ 285568.21, 4160517.61 ], [ 285568.24, 4160517.7 ], [ 285568.44, 4160518.44 ], [ 285571.16, 4160518.26 ], [ 285572.69, 4160517.01 ], [ 285572.33, 4160515.7 ], [ 285572.31, 4160515.6 ], [ 285572.3, 4160515.51 ], [ 285572.3, 4160515.41 ], [ 285572.31, 4160515.31 ], [ 285572.32, 4160515.21 ], [ 285572.35, 4160515.12 ], [ 285572.39, 4160515.03 ], [ 285572.43, 4160514.94 ], [ 285572.49, 4160514.86 ], [ 285572.55, 4160514.78 ], [ 285572.62, 4160514.71 ], [ 285572.69, 4160514.65 ], [ 285572.77, 4160514.59 ], [ 285572.86, 4160514.54 ], [ 285572.95, 4160514.5 ], [ 285573.04, 4160514.47 ], [ 285582.46, 4160511.95 ], [ 285582.56, 4160511.93 ], [ 285582.65, 4160511.92 ], [ 285582.75, 4160511.92 ], [ 285582.85, 4160511.93 ], [ 285582.95, 4160511.95 ], [ 285583.04, 4160511.97 ], [ 285583.13, 4160512.01 ], [ 285583.22, 4160512.05 ], [ 285583.3, 4160512.11 ], [ 285583.38, 4160512.17 ], [ 285583.45, 4160512.24 ], [ 285583.51, 4160512.31 ], [ 285583.57, 4160512.39 ], [ 285583.61, 4160512.48 ], [ 285583.65, 4160512.57 ], [ 285583.68, 4160512.66 ], [ 285584.59, 4160516.04 ], [ 285585.92, 4160515.74 ], [ 285586.55, 4160514.2 ], [ 285587.32, 4160513.44 ], [ 285587.12, 4160512.74 ], [ 285587.1, 4160512.65 ], [ 285587.08, 4160512.55 ], [ 285587.08, 4160512.45 ], [ 285587.09, 4160512.36 ], [ 285587.1, 4160512.26 ], [ 285587.13, 4160512.16 ], [ 285587.16, 4160512.07 ], [ 285587.21, 4160511.98 ], [ 285587.26, 4160511.9 ], [ 285587.32, 4160511.82 ], [ 285587.39, 4160511.75 ], [ 285587.46, 4160511.69 ], [ 285587.54, 4160511.63 ], [ 285587.62, 4160511.58 ], [ 285587.71, 4160511.54 ], [ 285587.81, 4160511.51 ], [ 285596.69, 4160508.97 ], [ 285596.79, 4160508.95 ], [ 285596.89, 4160508.93 ], [ 285596.99, 4160508.93 ], [ 285597.08, 4160508.94 ], [ 285597.18, 4160508.95 ], [ 285597.27, 4160508.98 ], [ 285597.37, 4160509.01 ], [ 285597.45, 4160509.06 ], [ 285597.54, 4160509.11 ], [ 285597.62, 4160509.17 ], [ 285597.69, 4160509.23 ], [ 285597.75, 4160509.31 ], [ 285597.81, 4160509.39 ], [ 285597.86, 4160509.47 ], [ 285597.9, 4160509.56 ], [ 285597.93, 4160509.65 ], [ 285600.4, 4160518.26 ], [ 285600.42, 4160518.36 ], [ 285600.43, 4160518.46 ], [ 285600.44, 4160518.55 ], [ 285600.43, 4160518.65 ], [ 285600.41, 4160518.75 ], [ 285600.39, 4160518.84 ], [ 285600.35, 4160518.94 ], [ 285600.31, 4160519.02 ], [ 285600.26, 4160519.11 ], [ 285600.2, 4160519.19 ], [ 285600.13, 4160519.26 ], [ 285600.06, 4160519.32 ], [ 285599.98, 4160519.38 ], [ 285599.89, 4160519.43 ], [ 285599.81, 4160519.47 ], [ 285599.71, 4160519.5 ], [ 285590.82, 4160522.05 ], [ 285590.72, 4160522.07 ], [ 285590.62, 4160522.09 ], [ 285590.52, 4160522.09 ], [ 285590.43, 4160522.08 ], [ 285590.33, 4160522.07 ], [ 285590.23, 4160522.04 ], [ 285590.14, 4160522.01 ], [ 285590.05, 4160521.96 ], [ 285589.97, 4160521.91 ], [ 285589.89, 4160521.85 ], [ 285589.82, 4160521.79 ], [ 285589.76, 4160521.71 ], [ 285589.7, 4160521.63 ], [ 285589.65, 4160521.55 ], [ 285589.61, 4160521.46 ], [ 285589.58, 4160521.36 ], [ 285589.32, 4160520.46 ], [ 285588.71, 4160520.2 ], [ 285588.25, 4160519.75 ], [ 285588.02, 4160519.51 ], [ 285587.62, 4160519.62 ], [ 285585.43, 4160519.19 ], [ 285586.24, 4160522.19 ], [ 285586.26, 4160522.28 ], [ 285586.27, 4160522.38 ], [ 285586.27, 4160522.48 ], [ 285586.26, 4160522.58 ], [ 285586.25, 4160522.67 ], [ 285586.22, 4160522.77 ], [ 285586.18, 4160522.86 ], [ 285586.14, 4160522.95 ], [ 285586.08, 4160523.03 ], [ 285586.02, 4160523.11 ], [ 285585.95, 4160523.18 ], [ 285585.88, 4160523.24 ], [ 285585.8, 4160523.3 ], [ 285585.71, 4160523.34 ], [ 285585.62, 4160523.38 ], [ 285585.53, 4160523.41 ], [ 285582.97, 4160524.1 ], [ 285582.8, 4160524.57 ], [ 285581.05, 4160526.71 ], [ 285580.21, 4160527.21 ], [ 285573.53, 4160528.54 ], [ 285573.05, 4160528.49 ], [ 285571.26, 4160528.86 ], [ 285570.87, 4160529.08 ], [ 285570.23, 4160529.2 ], [ 285568.5, 4160530.24 ], [ 285568.19, 4160530.62 ], [ 285568.39, 4160534.64 ], [ 285568.5, 4160534.75 ], [ 285570.62, 4160535.63 ], [ 285575.28, 4160535.63 ], [ 285575.94, 4160535.78 ], [ 285577.55, 4160536.58 ], [ 285595.84, 4160531.39 ], [ 285596.02, 4160531.29 ], [ 285600.04, 4160525.27 ], [ 285600.57, 4160524.79 ], [ 285602.41, 4160523.8 ], [ 285603.11, 4160523.63 ], [ 285612.02, 4160523.63 ], [ 285613.1, 4160524.12 ], [ 285614.75, 4160526.02 ], [ 285640.26, 4160518.77 ], [ 285640.76, 4160518.66 ], [ 285646.2, 4160517.8 ], [ 285646.65, 4160517.75 ], [ 285647.11, 4160517.75 ], [ 285647.56, 4160517.8 ], [ 285651.39, 4160518.42 ], [ 285651.81, 4160518.51 ], [ 285652.23, 4160518.65 ], [ 285652.62, 4160518.82 ], [ 285657.63, 4160521.34 ], [ 285658.03, 4160521.57 ], [ 285658.4, 4160521.84 ], [ 285658.75, 4160522.14 ], [ 285661.21, 4160524.61 ], [ 285662.28, 4160524.32 ], [ 285667.29, 4160525.15 ], [ 285670.55, 4160521.04 ], [ 285670.13, 4160520.03 ], [ 285670.13, 4160518.9 ], [ 285667.93, 4160515.89 ], [ 285667.88, 4160515.81 ], [ 285667.83, 4160515.73 ], [ 285667.8, 4160515.64 ], [ 285667.77, 4160515.54 ], [ 285667.75, 4160515.44 ], [ 285667.74, 4160515.35 ], [ 285667.74, 4160515.25 ], [ 285667.75, 4160515.15 ], [ 285667.77, 4160515.06 ], [ 285667.8, 4160514.96 ], [ 285667.84, 4160514.87 ], [ 285667.89, 4160514.78 ], [ 285667.94, 4160514.7 ], [ 285668.0, 4160514.63 ], [ 285668.07, 4160514.56 ], [ 285668.15, 4160514.5 ], [ 285670.91, 4160512.48 ], [ 285670.96, 4160511.67 ], [ 285671.73, 4160511.88 ], [ 285675.63, 4160509.03 ], [ 285675.71, 4160508.98 ], [ 285675.8, 4160508.93 ], [ 285675.89, 4160508.89 ], [ 285675.98, 4160508.87 ], [ 285676.08, 4160508.85 ], [ 285676.18, 4160508.84 ], [ 285676.27, 4160508.84 ], [ 285676.37, 4160508.85 ], [ 285676.47, 4160508.87 ], [ 285676.56, 4160508.9 ], [ 285676.65, 4160508.94 ], [ 285676.74, 4160508.98 ], [ 285676.82, 4160509.04 ], [ 285676.89, 4160509.1 ], [ 285676.96, 4160509.17 ], [ 285677.02, 4160509.25 ], [ 285682.23, 4160516.36 ], [ 285682.28, 4160516.45 ], [ 285682.33, 4160516.53 ], [ 285682.37, 4160516.62 ], [ 285682.39, 4160516.72 ], [ 285682.41, 4160516.81 ], [ 285682.42, 4160516.91 ], [ 285682.42, 4160517.01 ], [ 285682.41, 4160517.11 ], [ 285682.39, 4160517.2 ], [ 285682.36, 4160517.3 ], [ 285682.32, 4160517.39 ], [ 285682.28, 4160517.47 ], [ 285682.22, 4160517.55 ], [ 285682.16, 4160517.63 ], [ 285682.09, 4160517.7 ], [ 285682.01, 4160517.76 ], [ 285679.13, 4160519.87 ], [ 285679.13, 4160520.03 ], [ 285678.71, 4160521.05 ], [ 285676.55, 4160523.2 ], [ 285676.3, 4160523.31 ], [ 285675.51, 4160526.59 ], [ 285690.63, 4160522.76 ], [ 285695.61, 4160520.37 ], [ 285697.43, 4160517.49 ], [ 285696.63, 4160513.33 ], [ 285693.03, 4160500.0 ], [ 285668.42, 4160500.0 ], [ 285669.8, 4160501.68 ], [ 285670.13, 4160502.61 ], [ 285670.13, 4160505.65 ], [ 285669.8, 4160506.57 ], [ 285669.09, 4160507.44 ], [ 285669.04, 4160509.59 ], [ 285667.77, 4160509.36 ], [ 285667.72, 4160509.11 ], [ 285661.79, 4160510.29 ], [ 285661.76, 4160510.32 ], [ 285661.69, 4160510.38 ], [ 285661.6, 4160510.43 ], [ 285661.52, 4160510.48 ], [ 285661.43, 4160510.52 ], [ 285661.33, 4160510.54 ], [ 285661.23, 4160510.56 ], [ 285661.14, 4160510.57 ], [ 285661.04, 4160510.57 ], [ 285660.94, 4160510.56 ], [ 285660.85, 4160510.54 ], [ 285660.75, 4160510.51 ], [ 285660.73, 4160510.5 ], [ 285659.38, 4160510.78 ], [ 285658.2, 4160510.48 ], [ 285656.19, 4160508.84 ], [ 285654.45, 4160508.2 ], [ 285654.36, 4160508.16 ], [ 285654.27, 4160508.11 ], [ 285654.19, 4160508.06 ], [ 285654.12, 4160507.99 ], [ 285654.05, 4160507.92 ], [ 285653.99, 4160507.85 ], [ 285653.93, 4160507.77 ], [ 285653.89, 4160507.68 ], [ 285653.85, 4160507.59 ], [ 285653.82, 4160507.49 ], [ 285653.81, 4160507.4 ], [ 285653.8, 4160507.3 ], [ 285653.8, 4160507.2 ], [ 285653.81, 4160507.11 ], [ 285653.83, 4160507.01 ], [ 285653.86, 4160506.92 ], [ 285654.04, 4160506.41 ], [ 285652.81, 4160505.96 ], [ 285652.72, 4160505.93 ], [ 285652.64, 4160505.88 ], [ 285652.56, 4160505.82 ], [ 285652.48, 4160505.76 ], [ 285652.41, 4160505.69 ], [ 285652.35, 4160505.62 ], [ 285652.3, 4160505.53 ], [ 285652.25, 4160505.45 ], [ 285652.21, 4160505.36 ], [ 285652.18, 4160505.26 ], [ 285652.17, 4160505.16 ], [ 285652.16, 4160505.07 ], [ 285652.16, 4160504.97 ], [ 285652.17, 4160504.87 ], [ 285652.19, 4160504.77 ], [ 285652.22, 4160504.68 ], [ 285653.93, 4160500.0 ], [ 285643.99, 4160500.0 ], [ 285645.34, 4160505.09 ], [ 285645.37, 4160505.19 ], [ 285645.38, 4160505.29 ], [ 285645.38, 4160505.39 ], [ 285645.37, 4160505.48 ], [ 285645.35, 4160505.58 ], [ 285645.32, 4160505.67 ], [ 285645.29, 4160505.77 ], [ 285645.24, 4160505.85 ], [ 285645.19, 4160505.94 ], [ 285645.13, 4160506.01 ], [ 285645.06, 4160506.08 ], [ 285644.99, 4160506.15 ], [ 285644.91, 4160506.2 ], [ 285644.82, 4160506.25 ], [ 285644.73, 4160506.29 ], [ 285644.64, 4160506.32 ], [ 285641.64, 4160507.12 ], [ 285640.55, 4160508.2 ], [ 285639.53, 4160508.63 ], [ 285637.73, 4160508.63 ], [ 285637.04, 4160508.34 ], [ 285636.38, 4160508.52 ], [ 285636.28, 4160508.54 ], [ 285636.18, 4160508.55 ], [ 285636.08, 4160508.55 ], [ 285635.99, 4160508.54 ], [ 285635.89, 4160508.53 ], [ 285635.79, 4160508.5 ], [ 285635.7, 4160508.46 ], [ 285635.62, 4160508.42 ], [ 285635.53, 4160508.36 ], [ 285635.46, 4160508.3 ], [ 285635.39, 4160508.23 ], [ 285635.32, 4160508.16 ], [ 285635.27, 4160508.08 ], [ 285635.22, 4160507.99 ], [ 285635.18, 4160507.9 ], [ 285635.15, 4160507.81 ], [ 285634.73, 4160506.23 ], [ 285634.55, 4160506.05 ], [ 285634.13, 4160505.03 ], [ 285634.13, 4160503.97 ], [ 285633.08, 4160500.0 ], [ 285565.01, 4160500.0 ], [ 285565.1, 4160500.02 ], [ 285565.19, 4160500.05 ], [ 285565.28, 4160500.09 ], [ 285565.37, 4160500.14 ], [ 285565.45, 4160500.19 ], [ 285565.52, 4160500.25 ], [ 285565.59, 4160500.33 ], [ 285565.65, 4160500.4 ], [ 285565.71, 4160500.48 ], [ 285565.75, 4160500.57 ], [ 285565.79, 4160500.66 ], [ 285565.81, 4160500.76 ], [ 285567.78, 4160509.18 ], [ 285567.79, 4160509.28 ], [ 285567.8, 4160509.38 ], [ 285567.8, 4160509.47 ], [ 285567.79, 4160509.57 ], [ 285567.77, 4160509.67 ], [ 285567.74, 4160509.76 ], [ 285567.7, 4160509.85 ], [ 285567.65, 4160509.94 ], [ 285567.6, 4160510.02 ], [ 285567.53, 4160510.09 ], [ 285567.46, 4160510.16 ], [ 285567.38, 4160510.22 ], [ 285567.3, 4160510.27 ], [ 285567.21, 4160510.32 ], [ 285567.12, 4160510.36 ], [ 285567.03, 4160510.38 ], [ 285564.54, 4160510.96 ], [ 285564.45, 4160510.98 ], [ 285564.35, 4160510.99 ], [ 285564.25, 4160510.99 ], [ 285564.15, 4160510.97 ], [ 285564.06, 4160510.95 ], [ 285563.96, 4160510.92 ], [ 285563.87, 4160510.88 ], [ 285563.79, 4160510.84 ], [ 285563.71, 4160510.78 ], [ 285563.63, 4160510.72 ], [ 285563.56, 4160510.65 ], [ 285563.5, 4160510.57 ], [ 285563.45, 4160510.49 ], [ 285563.41, 4160510.4 ], [ 285563.37, 4160510.31 ], [ 285563.34, 4160510.21 ], [ 285562.22, 4160505.41 ], [ 285559.64, 4160506.01 ], [ 285559.55, 4160506.02 ], [ 285559.45, 4160506.03 ], [ 285559.35, 4160506.03 ], [ 285559.25, 4160506.02 ], [ 285559.16, 4160506.0 ], [ 285559.07, 4160505.97 ], [ 285558.98, 4160505.93 ], [ 285558.89, 4160505.88 ], [ 285558.81, 4160505.83 ], [ 285558.73, 4160505.76 ], [ 285558.67, 4160505.69 ], [ 285558.61, 4160505.61 ], [ 285558.55, 4160505.53 ], [ 285558.51, 4160505.44 ], [ 285558.47, 4160505.35 ], [ 285558.44, 4160505.26 ], [ 285557.83, 4160502.62 ], [ 285557.81, 4160502.52 ], [ 285557.8, 4160502.42 ], [ 285557.8, 4160502.33 ], [ 285557.82, 4160502.23 ], [ 285557.84, 4160502.13 ], [ 285557.87, 4160502.04 ], [ 285557.91, 4160501.95 ], [ 285557.95, 4160501.86 ], [ 285558.01, 4160501.78 ], [ 285558.07, 4160501.71 ], [ 285558.14, 4160501.64 ], [ 285558.22, 4160501.58 ], [ 285558.3, 4160501.52 ], [ 285558.39, 4160501.48 ], [ 285558.48, 4160501.44 ], [ 285558.58, 4160501.42 ], [ 285564.61, 4160500.01 ], [ 285564.67, 4160500.0 ], [ 285517.72, 4160500.0 ], [ 285521.59, 4160503.48 ], [ 285521.73, 4160503.61 ] ], [ [ 285601.58, 4160504.95 ], [ 285601.65, 4160504.88 ], [ 285601.72, 4160504.82 ], [ 285601.8, 4160504.76 ], [ 285601.89, 4160504.71 ], [ 285601.98, 4160504.67 ], [ 285602.07, 4160504.64 ], [ 285605.2, 4160503.78 ], [ 285605.29, 4160503.76 ], [ 285605.39, 4160503.75 ], [ 285605.49, 4160503.75 ], [ 285605.59, 4160503.75 ], [ 285605.68, 4160503.77 ], [ 285605.78, 4160503.8 ], [ 285605.87, 4160503.83 ], [ 285605.96, 4160503.88 ], [ 285606.04, 4160503.93 ], [ 285606.12, 4160503.99 ], [ 285606.19, 4160504.06 ], [ 285606.25, 4160504.13 ], [ 285606.31, 4160504.21 ], [ 285606.35, 4160504.3 ], [ 285606.39, 4160504.39 ], [ 285606.43, 4160504.48 ], [ 285606.74, 4160505.63 ], [ 285609.05, 4160505.63 ], [ 285611.26, 4160505.01 ], [ 285611.35, 4160504.99 ], [ 285611.45, 4160504.98 ], [ 285611.55, 4160504.98 ], [ 285611.64, 4160504.99 ], [ 285611.74, 4160505.0 ], [ 285611.84, 4160505.03 ], [ 285611.93, 4160505.06 ], [ 285612.01, 4160505.11 ], [ 285612.1, 4160505.16 ], [ 285612.17, 4160505.22 ], [ 285612.25, 4160505.29 ], [ 285612.31, 4160505.36 ], [ 285612.37, 4160505.44 ], [ 285612.41, 4160505.53 ], [ 285612.45, 4160505.62 ], [ 285612.49, 4160505.71 ], [ 285613.14, 4160508.05 ], [ 285617.09, 4160506.76 ], [ 285616.05, 4160503.04 ], [ 285616.03, 4160502.94 ], [ 285616.02, 4160502.85 ], [ 285616.02, 4160502.75 ], [ 285616.02, 4160502.65 ], [ 285616.04, 4160502.55 ], [ 285616.07, 4160502.46 ], [ 285616.1, 4160502.37 ], [ 285616.15, 4160502.28 ], [ 285616.2, 4160502.2 ], [ 285616.26, 4160502.12 ], [ 285616.33, 4160502.05 ], [ 285616.4, 4160501.98 ], [ 285616.48, 4160501.93 ], [ 285616.57, 4160501.88 ], [ 285616.65, 4160501.84 ], [ 285616.75, 4160501.81 ], [ 285620.3, 4160500.82 ], [ 285620.4, 4160500.8 ], [ 285620.5, 4160500.78 ], [ 285620.59, 4160500.78 ], [ 285620.69, 4160500.79 ], [ 285620.79, 4160500.8 ], [ 285620.88, 4160500.83 ], [ 285620.97, 4160500.87 ], [ 285621.06, 4160500.91 ], [ 285621.15, 4160500.96 ], [ 285621.22, 4160501.02 ], [ 285621.29, 4160501.09 ], [ 285621.36, 4160501.16 ], [ 285621.41, 4160501.24 ], [ 285621.46, 4160501.33 ], [ 285621.5, 4160501.42 ], [ 285621.53, 4160501.51 ], [ 285621.7, 4160502.13 ], [ 285625.72, 4160501.01 ], [ 285625.81, 4160500.99 ], [ 285625.91, 4160500.98 ], [ 285626.01, 4160500.97 ], [ 285626.11, 4160500.98 ], [ 285626.2, 4160501.0 ], [ 285626.3, 4160501.02 ], [ 285626.39, 4160501.06 ], [ 285626.48, 4160501.1 ], [ 285626.56, 4160501.16 ], [ 285626.64, 4160501.22 ], [ 285626.71, 4160501.28 ], [ 285626.77, 4160501.36 ], [ 285626.83, 4160501.44 ], [ 285626.88, 4160501.52 ], [ 285626.92, 4160501.61 ], [ 285626.95, 4160501.71 ], [ 285629.4, 4160510.55 ], [ 285629.43, 4160510.64 ], [ 285629.44, 4160510.74 ], [ 285629.44, 4160510.84 ], [ 285629.43, 4160510.94 ], [ 285629.42, 4160511.03 ], [ 285629.39, 4160511.13 ], [ 285629.36, 4160511.22 ], [ 285629.31, 4160511.31 ], [ 285629.26, 4160511.39 ], [ 285629.2, 4160511.47 ], [ 285629.13, 4160511.54 ], [ 285629.06, 4160511.6 ], [ 285628.98, 4160511.66 ], [ 285628.89, 4160511.71 ], [ 285628.8, 4160511.75 ], [ 285628.71, 4160511.78 ], [ 285624.78, 4160512.88 ], [ 285624.77, 4160512.89 ], [ 285624.72, 4160512.89 ], [ 285623.37, 4160513.27 ], [ 285623.27, 4160513.29 ], [ 285623.17, 4160513.31 ], [ 285623.07, 4160513.31 ], [ 285622.98, 4160513.3 ], [ 285622.88, 4160513.29 ], [ 285622.79, 4160513.26 ], [ 285622.69, 4160513.22 ], [ 285622.61, 4160513.18 ], [ 285622.52, 4160513.13 ], [ 285622.45, 4160513.07 ], [ 285622.37, 4160513.0 ], [ 285622.31, 4160512.93 ], [ 285622.25, 4160512.85 ], [ 285622.2, 4160512.76 ], [ 285622.16, 4160512.67 ], [ 285622.15, 4160512.63 ], [ 285620.89, 4160512.21 ], [ 285620.57, 4160512.02 ], [ 285619.66, 4160512.27 ], [ 285619.57, 4160512.29 ], [ 285619.47, 4160512.3 ], [ 285619.37, 4160512.3 ], [ 285619.27, 4160512.3 ], [ 285619.18, 4160512.28 ], [ 285619.08, 4160512.26 ], [ 285618.99, 4160512.22 ], [ 285618.9, 4160512.18 ], [ 285618.82, 4160512.12 ], [ 285618.74, 4160512.06 ], [ 285618.67, 4160512.0 ], [ 285618.61, 4160511.92 ], [ 285618.55, 4160511.84 ], [ 285618.5, 4160511.76 ], [ 285618.46, 4160511.67 ], [ 285618.43, 4160511.57 ], [ 285617.94, 4160509.8 ], [ 285615.31, 4160508.78 ], [ 285613.87, 4160510.69 ], [ 285615.01, 4160514.81 ], [ 285615.03, 4160514.9 ], [ 285615.04, 4160515.0 ], [ 285615.05, 4160515.1 ], [ 285615.04, 4160515.2 ], [ 285615.02, 4160515.29 ], [ 285615.0, 4160515.39 ], [ 285614.96, 4160515.48 ], [ 285614.92, 4160515.57 ], [ 285614.86, 4160515.65 ], [ 285614.8, 4160515.73 ], [ 285614.74, 4160515.8 ], [ 285614.66, 4160515.86 ], [ 285614.58, 4160515.92 ], [ 285614.5, 4160515.97 ], [ 285614.41, 4160516.01 ], [ 285614.31, 4160516.04 ], [ 285605.87, 4160518.38 ], [ 285605.77, 4160518.4 ], [ 285605.68, 4160518.41 ], [ 285605.58, 4160518.41 ], [ 285605.48, 4160518.41 ], [ 285605.38, 4160518.39 ], [ 285605.29, 4160518.36 ], [ 285605.2, 4160518.33 ], [ 285605.11, 4160518.28 ], [ 285605.03, 4160518.23 ], [ 285604.95, 4160518.17 ], [ 285604.88, 4160518.1 ], [ 285604.82, 4160518.03 ], [ 285604.76, 4160517.95 ], [ 285604.71, 4160517.86 ], [ 285604.67, 4160517.77 ], [ 285604.64, 4160517.68 ], [ 285603.33, 4160512.96 ], [ 285602.66, 4160512.69 ], [ 285603.04, 4160511.89 ], [ 285601.37, 4160505.87 ], [ 285601.35, 4160505.78 ], [ 285601.34, 4160505.68 ], [ 285601.34, 4160505.58 ], [ 285601.34, 4160505.48 ], [ 285601.36, 4160505.39 ], [ 285601.39, 4160505.29 ], [ 285601.42, 4160505.2 ], [ 285601.47, 4160505.11 ], [ 285601.52, 4160505.03 ], [ 285601.58, 4160504.95 ] ] ], [ [ [ 285750.0, 4160500.0 ], [ 285748.51, 4160500.0 ], [ 285750.0, 4160501.49 ], [ 285750.0, 4160500.0 ] ] ], [ [ [ 285735.78, 4160546.07 ], [ 285735.77, 4160546.16 ], [ 285735.76, 4160546.26 ], [ 285735.73, 4160546.35 ], [ 285735.69, 4160546.44 ], [ 285735.64, 4160546.53 ], [ 285735.59, 4160546.61 ], [ 285735.53, 4160546.69 ], [ 285735.46, 4160546.76 ], [ 285735.38, 4160546.82 ], [ 285735.3, 4160546.88 ], [ 285735.22, 4160546.92 ], [ 285735.13, 4160546.96 ], [ 285735.03, 4160546.99 ], [ 285734.94, 4160547.02 ], [ 285734.15, 4160548.59 ], [ 285733.6, 4160549.19 ], [ 285731.63, 4160550.41 ], [ 285730.86, 4160550.63 ], [ 285724.73, 4160550.63 ], [ 285723.71, 4160550.2 ], [ 285723.47, 4160549.97 ], [ 285723.34, 4160550.0 ], [ 285723.24, 4160550.02 ], [ 285723.14, 4160550.03 ], [ 285723.05, 4160550.03 ], [ 285722.95, 4160550.02 ], [ 285722.85, 4160550.01 ], [ 285722.76, 4160549.98 ], [ 285722.67, 4160549.94 ], [ 285722.58, 4160549.9 ], [ 285722.5, 4160549.84 ], [ 285722.42, 4160549.78 ], [ 285722.35, 4160549.71 ], [ 285722.29, 4160549.64 ], [ 285722.23, 4160549.55 ], [ 285722.19, 4160549.47 ], [ 285722.15, 4160549.38 ], [ 285722.12, 4160549.28 ], [ 285721.89, 4160548.38 ], [ 285721.55, 4160548.05 ], [ 285721.13, 4160547.03 ], [ 285721.13, 4160545.44 ], [ 285719.35, 4160538.52 ], [ 285719.33, 4160538.42 ], [ 285719.32, 4160538.32 ], [ 285719.32, 4160538.23 ], [ 285719.33, 4160538.13 ], [ 285719.35, 4160538.03 ], [ 285719.37, 4160537.94 ], [ 285719.41, 4160537.85 ], [ 285719.46, 4160537.76 ], [ 285719.51, 4160537.68 ], [ 285719.57, 4160537.6 ], [ 285719.64, 4160537.53 ], [ 285719.72, 4160537.47 ], [ 285719.8, 4160537.41 ], [ 285719.88, 4160537.37 ], [ 285719.97, 4160537.33 ], [ 285720.07, 4160537.3 ], [ 285727.48, 4160535.39 ], [ 285728.19, 4160534.47 ], [ 285725.81, 4160531.58 ], [ 285724.31, 4160531.27 ], [ 285723.42, 4160530.57 ], [ 285722.46, 4160530.84 ], [ 285722.37, 4160530.86 ], [ 285722.27, 4160530.88 ], [ 285722.17, 4160530.88 ], [ 285722.07, 4160530.87 ], [ 285721.98, 4160530.86 ], [ 285721.88, 4160530.83 ], [ 285721.79, 4160530.8 ], [ 285721.7, 4160530.76 ], [ 285721.62, 4160530.7 ], [ 285721.54, 4160530.64 ], [ 285721.47, 4160530.58 ], [ 285721.4, 4160530.5 ], [ 285721.35, 4160530.42 ], [ 285721.3, 4160530.34 ], [ 285721.26, 4160530.25 ], [ 285721.22, 4160530.16 ], [ 285720.58, 4160527.9 ], [ 285718.54, 4160526.63 ], [ 285717.77, 4160526.63 ], [ 285716.91, 4160526.35 ], [ 285714.83, 4160524.85 ], [ 285714.3, 4160524.13 ], [ 285713.13, 4160520.61 ], [ 285713.16, 4160519.59 ], [ 285714.25, 4160516.96 ], [ 285714.94, 4160516.22 ], [ 285716.08, 4160515.65 ], [ 285717.68, 4160512.38 ], [ 285717.58, 4160511.88 ], [ 285717.28, 4160511.97 ], [ 285717.18, 4160511.99 ], [ 285717.09, 4160512.0 ], [ 285716.99, 4160512.0 ], [ 285716.89, 4160512.0 ], [ 285716.79, 4160511.98 ], [ 285716.7, 4160511.96 ], [ 285716.61, 4160511.92 ], [ 285716.52, 4160511.88 ], [ 285716.44, 4160511.83 ], [ 285716.36, 4160511.77 ], [ 285716.29, 4160511.7 ], [ 285716.22, 4160511.63 ], [ 285716.16, 4160511.55 ], [ 285716.12, 4160511.46 ], [ 285716.08, 4160511.37 ], [ 285716.04, 4160511.28 ], [ 285714.27, 4160505.09 ], [ 285713.56, 4160505.29 ], [ 285713.47, 4160505.31 ], [ 285713.37, 4160505.32 ], [ 285713.27, 4160505.33 ], [ 285713.17, 4160505.32 ], [ 285713.08, 4160505.3 ], [ 285712.98, 4160505.28 ], [ 285712.89, 4160505.24 ], [ 285712.8, 4160505.2 ], [ 285712.72, 4160505.15 ], [ 285712.64, 4160505.09 ], [ 285712.57, 4160505.02 ], [ 285712.51, 4160504.95 ], [ 285712.45, 4160504.87 ], [ 285712.4, 4160504.78 ], [ 285712.36, 4160504.69 ], [ 285712.33, 4160504.6 ], [ 285711.83, 4160502.87 ], [ 285711.81, 4160502.78 ], [ 285711.8, 4160502.68 ], [ 285711.79, 4160502.58 ], [ 285711.8, 4160502.48 ], [ 285711.81, 4160502.38 ], [ 285711.84, 4160502.29 ], [ 285711.87, 4160502.2 ], [ 285711.92, 4160502.11 ], [ 285711.97, 4160502.03 ], [ 285712.03, 4160501.95 ], [ 285712.1, 4160501.88 ], [ 285712.17, 4160501.81 ], [ 285712.25, 4160501.76 ], [ 285712.34, 4160501.71 ], [ 285712.42, 4160501.67 ], [ 285712.52, 4160501.63 ], [ 285713.22, 4160501.43 ], [ 285713.0, 4160500.66 ], [ 285712.98, 4160500.57 ], [ 285712.97, 4160500.47 ], [ 285712.96, 4160500.37 ], [ 285712.97, 4160500.28 ], [ 285712.99, 4160500.18 ], [ 285713.01, 4160500.08 ], [ 285713.04, 4160500.0 ], [ 285699.35, 4160500.0 ], [ 285702.54, 4160511.85 ], [ 285702.59, 4160512.06 ], [ 285703.65, 4160517.52 ], [ 285703.69, 4160517.81 ], [ 285703.7, 4160518.09 ], [ 285703.69, 4160518.38 ], [ 285703.65, 4160518.67 ], [ 285703.58, 4160518.94 ], [ 285703.49, 4160519.22 ], [ 285703.37, 4160519.48 ], [ 285703.23, 4160519.73 ], [ 285700.3, 4160524.37 ], [ 285700.14, 4160524.6 ], [ 285699.95, 4160524.82 ], [ 285699.75, 4160525.02 ], [ 285699.53, 4160525.2 ], [ 285699.29, 4160525.35 ], [ 285699.04, 4160525.49 ], [ 285693.0, 4160528.39 ], [ 285692.72, 4160528.51 ], [ 285692.43, 4160528.6 ], [ 285676.21, 4160532.7 ], [ 285677.77, 4160534.26 ], [ 285685.63, 4160532.25 ], [ 285685.73, 4160532.23 ], [ 285685.83, 4160532.22 ], [ 285685.93, 4160532.22 ], [ 285686.02, 4160532.23 ], [ 285686.12, 4160532.25 ], [ 285686.21, 4160532.27 ], [ 285686.3, 4160532.31 ], [ 285686.39, 4160532.36 ], [ 285686.47, 4160532.41 ], [ 285686.55, 4160532.47 ], [ 285686.62, 4160532.54 ], [ 285686.68, 4160532.62 ], [ 285686.74, 4160532.7 ], [ 285686.78, 4160532.78 ], [ 285686.82, 4160532.87 ], [ 285686.85, 4160532.97 ], [ 285688.03, 4160537.54 ], [ 285689.03, 4160537.28 ], [ 285689.13, 4160537.26 ], [ 285689.22, 4160537.25 ], [ 285689.32, 4160537.25 ], [ 285689.42, 4160537.26 ], [ 285689.52, 4160537.28 ], [ 285689.61, 4160537.3 ], [ 285689.7, 4160537.34 ], [ 285689.79, 4160537.39 ], [ 285689.87, 4160537.44 ], [ 285689.95, 4160537.5 ], [ 285690.02, 4160537.57 ], [ 285690.08, 4160537.65 ], [ 285690.14, 4160537.73 ], [ 285690.18, 4160537.81 ], [ 285690.22, 4160537.91 ], [ 285690.25, 4160538.0 ], [ 285691.08, 4160541.21 ], [ 285691.1, 4160541.31 ], [ 285691.11, 4160541.4 ], [ 285691.11, 4160541.5 ], [ 285691.1, 4160541.6 ], [ 285691.08, 4160541.7 ], [ 285691.05, 4160541.79 ], [ 285691.01, 4160541.88 ], [ 285690.97, 4160541.97 ], [ 285690.91, 4160542.05 ], [ 285690.85, 4160542.13 ], [ 285690.78, 4160542.19 ], [ 285690.71, 4160542.26 ], [ 285690.63, 4160542.31 ], [ 285690.54, 4160542.36 ], [ 285690.45, 4160542.4 ], [ 285690.36, 4160542.43 ], [ 285687.14, 4160543.26 ], [ 285686.21, 4160544.35 ], [ 285685.91, 4160547.82 ], [ 285687.0, 4160548.3 ], [ 285696.51, 4160546.02 ], [ 285696.6, 4160546.0 ], [ 285696.7, 4160546.0 ], [ 285696.8, 4160546.0 ], [ 285696.9, 4160546.01 ], [ 285696.99, 4160546.03 ], [ 285697.09, 4160546.06 ], [ 285697.18, 4160546.1 ], [ 285697.26, 4160546.14 ], [ 285697.34, 4160546.2 ], [ 285697.42, 4160546.26 ], [ 285697.49, 4160546.33 ], [ 285697.55, 4160546.41 ], [ 285697.6, 4160546.49 ], [ 285697.65, 4160546.58 ], [ 285697.68, 4160546.67 ], [ 285697.71, 4160546.76 ], [ 285699.75, 4160555.29 ], [ 285699.77, 4160555.39 ], [ 285699.78, 4160555.49 ], [ 285699.78, 4160555.59 ], [ 285699.77, 4160555.68 ], [ 285699.75, 4160555.78 ], [ 285699.72, 4160555.87 ], [ 285699.68, 4160555.96 ], [ 285699.63, 4160556.05 ], [ 285699.58, 4160556.13 ], [ 285699.51, 4160556.2 ], [ 285699.44, 4160556.27 ], [ 285699.37, 4160556.33 ], [ 285699.29, 4160556.39 ], [ 285699.2, 4160556.43 ], [ 285699.11, 4160556.47 ], [ 285699.01, 4160556.5 ], [ 285696.7, 4160557.05 ], [ 285694.55, 4160559.2 ], [ 285693.53, 4160559.63 ], [ 285685.97, 4160559.63 ], [ 285683.55, 4160560.21 ], [ 285683.46, 4160560.22 ], [ 285683.36, 4160560.23 ], [ 285683.26, 4160560.23 ], [ 285683.16, 4160560.22 ], [ 285683.07, 4160560.2 ], [ 285682.97, 4160560.17 ], [ 285682.88, 4160560.13 ], [ 285682.8, 4160560.09 ], [ 285682.72, 4160560.03 ], [ 285682.64, 4160559.97 ], [ 285682.57, 4160559.9 ], [ 285682.51, 4160559.82 ], [ 285682.46, 4160559.74 ], [ 285682.41, 4160559.65 ], [ 285682.37, 4160559.56 ], [ 285682.35, 4160559.47 ], [ 285680.31, 4160550.94 ], [ 285680.29, 4160550.84 ], [ 285680.28, 4160550.74 ], [ 285680.28, 4160550.64 ], [ 285680.29, 4160550.55 ], [ 285680.31, 4160550.45 ], [ 285680.34, 4160550.36 ], [ 285680.38, 4160550.27 ], [ 285680.43, 4160550.18 ], [ 285680.48, 4160550.1 ], [ 285680.54, 4160550.02 ], [ 285680.61, 4160549.96 ], [ 285680.69, 4160549.89 ], [ 285680.77, 4160549.84 ], [ 285680.86, 4160549.8 ], [ 285680.95, 4160549.76 ], [ 285681.04, 4160549.73 ], [ 285684.29, 4160548.95 ], [ 285684.43, 4160547.21 ], [ 285681.34, 4160545.76 ], [ 285671.41, 4160547.41 ], [ 285669.41, 4160548.71 ], [ 285667.65, 4160551.34 ], [ 285669.09, 4160561.98 ], [ 285670.47, 4160572.09 ], [ 285674.58, 4160570.95 ], [ 285674.77, 4160570.67 ], [ 285675.43, 4160570.13 ], [ 285677.69, 4160569.19 ], [ 285678.54, 4160569.11 ], [ 285680.08, 4160569.42 ], [ 285742.13, 4160552.12 ], [ 285742.13, 4160550.46 ], [ 285741.03, 4160546.53 ], [ 285739.13, 4160544.63 ], [ 285737.99, 4160544.63 ], [ 285735.78, 4160545.99 ], [ 285735.78, 4160546.07 ] ] ], [ [ [ 285684.49, 4160608.77 ], [ 285684.53, 4160608.7 ], [ 285684.59, 4160608.62 ], [ 285684.66, 4160608.54 ], [ 285684.73, 4160608.48 ], [ 285684.81, 4160608.42 ], [ 285684.89, 4160608.37 ], [ 285684.98, 4160608.33 ], [ 285685.07, 4160608.29 ], [ 285685.17, 4160608.27 ], [ 285685.26, 4160608.26 ], [ 285686.6, 4160608.12 ], [ 285686.91, 4160607.9 ], [ 285687.77, 4160607.63 ], [ 285689.89, 4160607.63 ], [ 285692.66, 4160605.77 ], [ 285692.01, 4160602.5 ], [ 285691.55, 4160602.05 ], [ 285690.94, 4160600.56 ], [ 285689.33, 4160599.44 ], [ 285689.25, 4160599.38 ], [ 285689.25, 4160599.37 ], [ 285688.13, 4160598.63 ], [ 285682.67, 4160598.63 ], [ 285679.71, 4160602.12 ], [ 285680.55, 4160607.15 ], [ 285684.49, 4160608.77 ] ] ], [ [ [ 285692.54, 4160593.26 ], [ 285692.63, 4160593.21 ], [ 285692.72, 4160593.17 ], [ 285692.81, 4160593.14 ], [ 285692.91, 4160593.12 ], [ 285693.01, 4160593.11 ], [ 285693.1, 4160593.11 ], [ 285693.2, 4160593.11 ], [ 285693.3, 4160593.13 ], [ 285693.39, 4160593.16 ], [ 285693.49, 4160593.19 ], [ 285693.57, 4160593.24 ], [ 285695.18, 4160590.94 ], [ 285695.24, 4160590.86 ], [ 285695.31, 4160590.79 ], [ 285695.38, 4160590.72 ], [ 285695.46, 4160590.67 ], [ 285695.54, 4160590.62 ], [ 285695.63, 4160590.58 ], [ 285695.73, 4160590.55 ], [ 285695.82, 4160590.52 ], [ 285695.92, 4160590.51 ], [ 285696.02, 4160590.51 ], [ 285696.12, 4160590.52 ], [ 285696.21, 4160590.53 ], [ 285696.31, 4160590.56 ], [ 285696.4, 4160590.59 ], [ 285696.49, 4160590.64 ], [ 285696.57, 4160590.69 ], [ 285701.54, 4160594.17 ], [ 285704.21, 4160591.2 ], [ 285704.09, 4160590.84 ], [ 285704.82, 4160587.19 ], [ 285703.81, 4160583.57 ], [ 285703.79, 4160583.47 ], [ 285703.78, 4160583.37 ], [ 285703.77, 4160583.28 ], [ 285703.78, 4160583.18 ], [ 285703.8, 4160583.08 ], [ 285703.82, 4160582.99 ], [ 285703.86, 4160582.89 ], [ 285703.9, 4160582.81 ], [ 285703.96, 4160582.72 ], [ 285704.02, 4160582.65 ], [ 285704.08, 4160582.58 ], [ 285704.16, 4160582.51 ], [ 285704.24, 4160582.45 ], [ 285704.32, 4160582.41 ], [ 285704.41, 4160582.37 ], [ 285704.51, 4160582.34 ], [ 285707.54, 4160581.49 ], [ 285708.19, 4160580.96 ], [ 285709.11, 4160580.63 ], [ 285710.63, 4160580.63 ], [ 285714.19, 4160579.63 ], [ 285714.29, 4160579.61 ], [ 285714.39, 4160579.6 ], [ 285714.48, 4160579.59 ], [ 285714.58, 4160579.6 ], [ 285714.68, 4160579.62 ], [ 285714.77, 4160579.64 ], [ 285714.86, 4160579.68 ], [ 285714.95, 4160579.72 ], [ 285715.04, 4160579.77 ], [ 285715.11, 4160579.83 ], [ 285715.18, 4160579.9 ], [ 285715.25, 4160579.98 ], [ 285715.3, 4160580.05 ], [ 285715.35, 4160580.14 ], [ 285715.39, 4160580.22 ], [ 285722.23, 4160578.31 ], [ 285722.33, 4160578.29 ], [ 285722.42, 4160578.28 ], [ 285722.52, 4160578.28 ], [ 285722.62, 4160578.28 ], [ 285722.72, 4160578.3 ], [ 285722.81, 4160578.33 ], [ 285722.9, 4160578.36 ], [ 285722.99, 4160578.4 ], [ 285723.07, 4160578.46 ], [ 285723.15, 4160578.52 ], [ 285723.22, 4160578.58 ], [ 285723.29, 4160578.66 ], [ 285723.34, 4160578.74 ], [ 285723.39, 4160578.82 ], [ 285723.43, 4160578.91 ], [ 285723.46, 4160579.01 ], [ 285725.58, 4160586.57 ], [ 285725.6, 4160586.67 ], [ 285725.61, 4160586.76 ], [ 285725.61, 4160586.86 ], [ 285725.6, 4160586.96 ], [ 285725.59, 4160587.06 ], [ 285725.56, 4160587.15 ], [ 285725.53, 4160587.24 ], [ 285725.48, 4160587.33 ], [ 285725.43, 4160587.41 ], [ 285725.37, 4160587.49 ], [ 285725.3, 4160587.56 ], [ 285725.23, 4160587.63 ], [ 285725.15, 4160587.68 ], [ 285725.06, 4160587.73 ], [ 285724.97, 4160587.77 ], [ 285724.88, 4160587.8 ], [ 285723.64, 4160588.15 ], [ 285722.36, 4160589.93 ], [ 285721.63, 4160590.46 ], [ 285719.23, 4160591.26 ], [ 285719.2, 4160591.34 ], [ 285719.14, 4160591.42 ], [ 285719.08, 4160591.5 ], [ 285719.01, 4160591.57 ], [ 285718.94, 4160591.63 ], [ 285718.86, 4160591.69 ], [ 285718.77, 4160591.74 ], [ 285718.68, 4160591.78 ], [ 285718.59, 4160591.81 ], [ 285716.68, 4160592.33 ], [ 285716.58, 4160592.36 ], [ 285716.48, 4160592.37 ], [ 285716.39, 4160592.37 ], [ 285716.29, 4160592.36 ], [ 285716.19, 4160592.35 ], [ 285716.1, 4160592.32 ], [ 285716.07, 4160592.31 ], [ 285708.58, 4160594.81 ], [ 285706.43, 4160594.37 ], [ 285706.39, 4160594.59 ], [ 285703.63, 4160594.44 ], [ 285703.34, 4160595.43 ], [ 285705.32, 4160596.82 ], [ 285705.4, 4160596.88 ], [ 285705.47, 4160596.94 ], [ 285705.53, 4160597.02 ], [ 285705.59, 4160597.1 ], [ 285705.64, 4160597.18 ], [ 285705.68, 4160597.27 ], [ 285705.71, 4160597.37 ], [ 285705.73, 4160597.46 ], [ 285705.74, 4160597.56 ], [ 285705.75, 4160597.66 ], [ 285705.74, 4160597.76 ], [ 285705.72, 4160597.85 ], [ 285705.7, 4160597.95 ], [ 285705.66, 4160598.04 ], [ 285705.62, 4160598.13 ], [ 285705.57, 4160598.21 ], [ 285704.03, 4160600.39 ], [ 285703.97, 4160600.47 ], [ 285703.9, 4160600.54 ], [ 285703.83, 4160600.61 ], [ 285703.75, 4160600.66 ], [ 285703.66, 4160600.71 ], [ 285703.57, 4160600.75 ], [ 285703.48, 4160600.78 ], [ 285703.38, 4160600.8 ], [ 285703.29, 4160600.81 ], [ 285703.19, 4160600.82 ], [ 285703.09, 4160600.81 ], [ 285702.99, 4160600.79 ], [ 285702.9, 4160600.77 ], [ 285702.81, 4160600.73 ], [ 285702.75, 4160600.7 ], [ 285702.4, 4160601.23 ], [ 285702.46, 4160601.29 ], [ 285702.53, 4160601.36 ], [ 285702.58, 4160601.44 ], [ 285702.63, 4160601.53 ], [ 285702.67, 4160601.62 ], [ 285702.7, 4160601.71 ], [ 285702.72, 4160601.8 ], [ 285702.74, 4160601.9 ], [ 285702.74, 4160602.0 ], [ 285702.73, 4160602.1 ], [ 285702.71, 4160602.2 ], [ 285702.69, 4160602.29 ], [ 285702.65, 4160602.38 ], [ 285702.61, 4160602.47 ], [ 285702.56, 4160602.55 ], [ 285700.23, 4160605.86 ], [ 285700.17, 4160605.93 ], [ 285700.1, 4160606.0 ], [ 285700.03, 4160606.07 ], [ 285699.95, 4160606.12 ], [ 285699.86, 4160606.17 ], [ 285699.77, 4160606.21 ], [ 285699.68, 4160606.24 ], [ 285699.58, 4160606.26 ], [ 285699.49, 4160606.28 ], [ 285699.39, 4160606.28 ], [ 285699.29, 4160606.27 ], [ 285699.19, 4160606.26 ], [ 285699.1, 4160606.23 ], [ 285699.01, 4160606.19 ], [ 285698.92, 4160606.15 ], [ 285698.84, 4160606.1 ], [ 285697.21, 4160604.96 ], [ 285695.63, 4160608.53 ], [ 285695.9, 4160611.15 ], [ 285696.57, 4160612.5 ], [ 285696.82, 4160612.48 ], [ 285696.92, 4160612.47 ], [ 285697.01, 4160612.48 ], [ 285697.11, 4160612.49 ], [ 285697.21, 4160612.51 ], [ 285697.3, 4160612.55 ], [ 285697.39, 4160612.59 ], [ 285697.47, 4160612.64 ], [ 285697.55, 4160612.7 ], [ 285697.62, 4160612.76 ], [ 285697.69, 4160612.84 ], [ 285697.75, 4160612.92 ], [ 285697.8, 4160613.0 ], [ 285697.84, 4160613.09 ], [ 285697.87, 4160613.18 ], [ 285697.9, 4160613.28 ], [ 285697.91, 4160613.37 ], [ 285698.22, 4160616.49 ], [ 285698.23, 4160616.58 ], [ 285698.22, 4160616.68 ], [ 285698.21, 4160616.78 ], [ 285698.19, 4160616.87 ], [ 285698.15, 4160616.97 ], [ 285698.11, 4160617.05 ], [ 285698.06, 4160617.14 ], [ 285698.0, 4160617.22 ], [ 285697.94, 4160617.29 ], [ 285697.86, 4160617.36 ], [ 285697.78, 4160617.42 ], [ 285697.7, 4160617.47 ], [ 285697.61, 4160617.51 ], [ 285697.52, 4160617.54 ], [ 285697.42, 4160617.56 ], [ 285697.33, 4160617.58 ], [ 285696.93, 4160617.62 ], [ 285696.86, 4160617.85 ], [ 285696.84, 4160617.87 ], [ 285698.66, 4160621.44 ], [ 285706.11, 4160620.71 ], [ 285706.21, 4160620.7 ], [ 285706.31, 4160620.71 ], [ 285706.4, 4160620.72 ], [ 285706.5, 4160620.75 ], [ 285706.59, 4160620.78 ], [ 285706.68, 4160620.82 ], [ 285706.77, 4160620.87 ], [ 285706.84, 4160620.93 ], [ 285706.92, 4160621.0 ], [ 285706.98, 4160621.07 ], [ 285707.04, 4160621.15 ], [ 285707.09, 4160621.24 ], [ 285707.13, 4160621.33 ], [ 285707.17, 4160621.42 ], [ 285707.19, 4160621.51 ], [ 285707.2, 4160621.61 ], [ 285707.22, 4160621.77 ], [ 285709.28, 4160621.57 ], [ 285709.38, 4160621.57 ], [ 285709.48, 4160621.57 ], [ 285709.57, 4160621.59 ], [ 285709.67, 4160621.61 ], [ 285709.76, 4160621.64 ], [ 285709.85, 4160621.68 ], [ 285709.93, 4160621.73 ], [ 285710.01, 4160621.79 ], [ 285710.08, 4160621.86 ], [ 285710.15, 4160621.93 ], [ 285710.21, 4160622.01 ], [ 285710.26, 4160622.09 ], [ 285710.3, 4160622.18 ], [ 285710.33, 4160622.27 ], [ 285710.36, 4160622.37 ], [ 285710.37, 4160622.47 ], [ 285710.61, 4160624.81 ], [ 285710.61, 4160624.91 ], [ 285710.61, 4160625.01 ], [ 285710.6, 4160625.11 ], [ 285710.57, 4160625.2 ], [ 285710.54, 4160625.3 ], [ 285710.5, 4160625.38 ], [ 285710.45, 4160625.47 ], [ 285710.39, 4160625.55 ], [ 285710.32, 4160625.62 ], [ 285710.25, 4160625.69 ], [ 285710.17, 4160625.75 ], [ 285710.09, 4160625.8 ], [ 285710.0, 4160625.84 ], [ 285709.91, 4160625.87 ], [ 285709.81, 4160625.9 ], [ 285709.71, 4160625.91 ], [ 285707.65, 4160626.11 ], [ 285707.76, 4160627.27 ], [ 285707.76, 4160627.37 ], [ 285707.76, 4160627.47 ], [ 285707.74, 4160627.56 ], [ 285707.72, 4160627.66 ], [ 285707.68, 4160627.75 ], [ 285707.64, 4160627.84 ], [ 285707.59, 4160627.92 ], [ 285707.53, 4160628.0 ], [ 285707.47, 4160628.07 ], [ 285707.39, 4160628.14 ], [ 285707.32, 4160628.2 ], [ 285707.23, 4160628.25 ], [ 285707.14, 4160628.29 ], [ 285707.05, 4160628.32 ], [ 285706.96, 4160628.35 ], [ 285706.86, 4160628.36 ], [ 285705.96, 4160628.45 ], [ 285705.71, 4160629.05 ], [ 285703.55, 4160631.2 ], [ 285701.98, 4160631.85 ], [ 285700.13, 4160634.63 ], [ 285700.13, 4160635.35 ], [ 285703.64, 4160635.07 ], [ 285703.73, 4160635.06 ], [ 285703.83, 4160635.07 ], [ 285703.93, 4160635.09 ], [ 285704.02, 4160635.11 ], [ 285704.12, 4160635.15 ], [ 285704.2, 4160635.19 ], [ 285704.29, 4160635.24 ], [ 285704.36, 4160635.3 ], [ 285704.44, 4160635.37 ], [ 285704.5, 4160635.44 ], [ 285704.56, 4160635.52 ], [ 285704.61, 4160635.61 ], [ 285704.65, 4160635.7 ], [ 285704.68, 4160635.79 ], [ 285704.7, 4160635.88 ], [ 285704.71, 4160635.98 ], [ 285705.1, 4160640.71 ], [ 285705.1, 4160640.81 ], [ 285705.09, 4160640.91 ], [ 285705.08, 4160641.0 ], [ 285705.05, 4160641.1 ], [ 285705.02, 4160641.19 ], [ 285704.98, 4160641.28 ], [ 285704.92, 4160641.36 ], [ 285704.86, 4160641.44 ], [ 285704.8, 4160641.51 ], [ 285704.72, 4160641.58 ], [ 285704.64, 4160641.63 ], [ 285704.56, 4160641.68 ], [ 285704.47, 4160641.72 ], [ 285704.38, 4160641.75 ], [ 285704.28, 4160641.78 ], [ 285704.18, 4160641.79 ], [ 285701.39, 4160642.02 ], [ 285701.43, 4160642.09 ], [ 285701.46, 4160642.19 ], [ 285701.49, 4160642.28 ], [ 285701.5, 4160642.38 ], [ 285701.85, 4160646.03 ], [ 285701.86, 4160646.13 ], [ 285701.85, 4160646.23 ], [ 285701.84, 4160646.32 ], [ 285701.81, 4160646.42 ], [ 285701.78, 4160646.51 ], [ 285701.74, 4160646.6 ], [ 285701.69, 4160646.68 ], [ 285701.63, 4160646.76 ], [ 285701.56, 4160646.83 ], [ 285701.49, 4160646.9 ], [ 285701.41, 4160646.96 ], [ 285701.33, 4160647.01 ], [ 285701.24, 4160647.05 ], [ 285701.15, 4160647.08 ], [ 285701.05, 4160647.11 ], [ 285700.96, 4160647.12 ], [ 285699.48, 4160647.28 ], [ 285699.01, 4160647.75 ], [ 285699.88, 4160651.79 ], [ 285703.3, 4160651.53 ], [ 285703.4, 4160651.53 ], [ 285703.5, 4160651.53 ], [ 285703.6, 4160651.55 ], [ 285703.69, 4160651.58 ], [ 285703.78, 4160651.61 ], [ 285703.87, 4160651.65 ], [ 285703.95, 4160651.71 ], [ 285704.03, 4160651.77 ], [ 285704.1, 4160651.83 ], [ 285704.17, 4160651.91 ], [ 285704.22, 4160651.99 ], [ 285704.27, 4160652.07 ], [ 285704.31, 4160652.16 ], [ 285704.34, 4160652.26 ], [ 285704.37, 4160652.35 ], [ 285704.38, 4160652.45 ], [ 285704.7, 4160656.65 ], [ 285704.7, 4160656.75 ], [ 285704.69, 4160656.85 ], [ 285704.68, 4160656.94 ], [ 285704.65, 4160657.04 ], [ 285704.62, 4160657.13 ], [ 285704.57, 4160657.22 ], [ 285704.52, 4160657.3 ], [ 285704.46, 4160657.38 ], [ 285704.39, 4160657.45 ], [ 285704.32, 4160657.51 ], [ 285704.24, 4160657.57 ], [ 285704.16, 4160657.62 ], [ 285704.07, 4160657.66 ], [ 285703.97, 4160657.69 ], [ 285703.88, 4160657.71 ], [ 285703.78, 4160657.72 ], [ 285703.77, 4160657.72 ], [ 285704.5, 4160663.61 ], [ 285704.16, 4160664.74 ], [ 285703.03, 4160666.01 ], [ 285703.67, 4160669.74 ], [ 285703.25, 4160670.13 ], [ 285705.32, 4160672.36 ], [ 285705.57, 4160672.89 ], [ 285709.08, 4160674.51 ], [ 285710.4, 4160674.14 ], [ 285711.16, 4160674.13 ], [ 285713.14, 4160674.63 ], [ 285714.01, 4160675.26 ], [ 285714.28, 4160675.68 ], [ 285721.7, 4160673.76 ], [ 285723.22, 4160666.16 ], [ 285723.99, 4160665.17 ], [ 285727.01, 4160663.69 ], [ 285727.12, 4160663.69 ], [ 285728.19, 4160662.62 ], [ 285727.6, 4160659.0 ], [ 285723.86, 4160647.54 ], [ 285724.48, 4160652.79 ], [ 285724.49, 4160652.89 ], [ 285724.49, 4160652.98 ], [ 285724.47, 4160653.08 ], [ 285724.45, 4160653.18 ], [ 285724.42, 4160653.27 ], [ 285724.38, 4160653.36 ], [ 285724.33, 4160653.45 ], [ 285724.28, 4160653.53 ], [ 285724.21, 4160653.6 ], [ 285724.14, 4160653.67 ], [ 285724.06, 4160653.73 ], [ 285723.98, 4160653.78 ], [ 285723.89, 4160653.82 ], [ 285723.8, 4160653.86 ], [ 285723.7, 4160653.88 ], [ 285723.61, 4160653.9 ], [ 285717.55, 4160654.61 ], [ 285717.46, 4160654.62 ], [ 285717.36, 4160654.61 ], [ 285717.26, 4160654.6 ], [ 285717.16, 4160654.58 ], [ 285717.07, 4160654.55 ], [ 285716.98, 4160654.51 ], [ 285716.9, 4160654.46 ], [ 285716.82, 4160654.4 ], [ 285716.74, 4160654.34 ], [ 285716.68, 4160654.27 ], [ 285716.62, 4160654.19 ], [ 285716.56, 4160654.11 ], [ 285716.52, 4160654.02 ], [ 285716.49, 4160653.93 ], [ 285716.46, 4160653.83 ], [ 285716.44, 4160653.73 ], [ 285715.82, 4160648.49 ], [ 285715.81, 4160648.39 ], [ 285715.82, 4160648.29 ], [ 285715.83, 4160648.19 ], [ 285715.85, 4160648.1 ], [ 285715.88, 4160648.01 ], [ 285715.92, 4160647.92 ], [ 285715.97, 4160647.83 ], [ 285716.03, 4160647.75 ], [ 285716.09, 4160647.68 ], [ 285716.17, 4160647.61 ], [ 285716.24, 4160647.55 ], [ 285716.33, 4160647.5 ], [ 285716.41, 4160647.45 ], [ 285716.51, 4160647.42 ], [ 285716.6, 4160647.39 ], [ 285716.7, 4160647.38 ], [ 285722.75, 4160646.67 ], [ 285722.85, 4160646.66 ], [ 285722.95, 4160646.66 ], [ 285723.05, 4160646.67 ], [ 285723.14, 4160646.7 ], [ 285723.23, 4160646.73 ], [ 285723.32, 4160646.77 ], [ 285723.41, 4160646.82 ], [ 285723.49, 4160646.87 ], [ 285723.56, 4160646.94 ], [ 285723.63, 4160647.01 ], [ 285723.69, 4160647.09 ], [ 285723.74, 4160647.17 ], [ 285715.43, 4160621.64 ], [ 285713.87, 4160618.18 ], [ 285713.77, 4160617.92 ], [ 285713.69, 4160617.65 ], [ 285713.64, 4160617.37 ], [ 285713.61, 4160617.09 ], [ 285713.61, 4160616.81 ], [ 285713.63, 4160616.53 ], [ 285713.68, 4160616.26 ], [ 285714.5, 4160612.58 ], [ 285714.6, 4160612.26 ], [ 285714.72, 4160611.95 ], [ 285716.75, 4160607.65 ], [ 285716.89, 4160607.38 ], [ 285717.07, 4160607.12 ], [ 285717.26, 4160606.88 ], [ 285717.48, 4160606.67 ], [ 285717.72, 4160606.47 ], [ 285717.98, 4160606.31 ], [ 285718.25, 4160606.17 ], [ 285723.99, 4160603.58 ], [ 285724.29, 4160603.46 ], [ 285724.59, 4160603.38 ], [ 285741.69, 4160599.6 ], [ 285742.13, 4160599.08 ], [ 285742.13, 4160593.22 ], [ 285742.55, 4160592.2 ], [ 285743.01, 4160591.75 ], [ 285743.66, 4160588.48 ], [ 285741.63, 4160587.12 ], [ 285740.82, 4160587.35 ], [ 285740.73, 4160587.37 ], [ 285740.63, 4160587.38 ], [ 285740.53, 4160587.38 ], [ 285740.43, 4160587.38 ], [ 285740.34, 4160587.36 ], [ 285740.24, 4160587.34 ], [ 285740.15, 4160587.3 ], [ 285740.06, 4160587.26 ], [ 285739.98, 4160587.21 ], [ 285739.9, 4160587.15 ], [ 285739.83, 4160587.08 ], [ 285739.77, 4160587.0 ], [ 285739.71, 4160586.92 ], [ 285739.66, 4160586.84 ], [ 285739.62, 4160586.75 ], [ 285739.59, 4160586.66 ], [ 285739.58, 4160586.63 ], [ 285733.73, 4160586.63 ], [ 285733.11, 4160586.37 ], [ 285731.85, 4160586.73 ], [ 285731.75, 4160586.75 ], [ 285731.66, 4160586.76 ], [ 285731.56, 4160586.77 ], [ 285731.46, 4160586.76 ], [ 285731.36, 4160586.74 ], [ 285731.27, 4160586.72 ], [ 285731.18, 4160586.68 ], [ 285731.09, 4160586.64 ], [ 285731.01, 4160586.59 ], [ 285730.93, 4160586.53 ], [ 285730.86, 4160586.46 ], [ 285730.79, 4160586.38 ], [ 285730.74, 4160586.3 ], [ 285730.69, 4160586.22 ], [ 285730.65, 4160586.13 ], [ 285730.62, 4160586.04 ], [ 285728.49, 4160578.51 ], [ 285728.47, 4160578.42 ], [ 285728.46, 4160578.32 ], [ 285728.45, 4160578.22 ], [ 285728.46, 4160578.12 ], [ 285728.48, 4160578.03 ], [ 285728.5, 4160577.93 ], [ 285728.54, 4160577.84 ], [ 285728.58, 4160577.75 ], [ 285728.63, 4160577.67 ], [ 285728.69, 4160577.59 ], [ 285728.76, 4160577.52 ], [ 285728.84, 4160577.45 ], [ 285728.92, 4160577.4 ], [ 285729.0, 4160577.35 ], [ 285729.09, 4160577.31 ], [ 285729.18, 4160577.28 ], [ 285742.84, 4160573.43 ], [ 285742.93, 4160573.4 ], [ 285743.03, 4160573.39 ], [ 285743.13, 4160573.39 ], [ 285743.23, 4160573.39 ], [ 285743.32, 4160573.41 ], [ 285743.42, 4160573.44 ], [ 285743.51, 4160573.47 ], [ 285743.6, 4160573.52 ], [ 285743.68, 4160573.57 ], [ 285743.76, 4160573.63 ], [ 285743.83, 4160573.69 ], [ 285743.89, 4160573.77 ], [ 285743.95, 4160573.85 ], [ 285744.0, 4160573.93 ], [ 285744.04, 4160574.02 ], [ 285744.07, 4160574.12 ], [ 285747.02, 4160584.56 ], [ 285747.04, 4160584.66 ], [ 285747.05, 4160584.75 ], [ 285747.05, 4160584.85 ], [ 285747.05, 4160584.95 ], [ 285747.03, 4160585.05 ], [ 285747.01, 4160585.14 ], [ 285746.97, 4160585.23 ], [ 285746.93, 4160585.32 ], [ 285746.88, 4160585.4 ], [ 285746.82, 4160585.48 ], [ 285746.75, 4160585.55 ], [ 285746.67, 4160585.62 ], [ 285746.59, 4160585.68 ], [ 285746.51, 4160585.72 ], [ 285746.42, 4160585.76 ], [ 285746.33, 4160585.8 ], [ 285743.86, 4160586.49 ], [ 285743.6, 4160587.77 ], [ 285746.37, 4160589.63 ], [ 285750.0, 4160589.63 ], [ 285750.0, 4160583.37 ], [ 285744.88, 4160563.27 ], [ 285744.88, 4160563.24 ], [ 285744.87, 4160563.2 ], [ 285744.29, 4160560.45 ], [ 285690.25, 4160575.51 ], [ 285688.55, 4160577.2 ], [ 285687.53, 4160577.63 ], [ 285683.99, 4160577.63 ], [ 285681.3, 4160579.28 ], [ 285677.85, 4160586.19 ], [ 285679.88, 4160590.46 ], [ 285689.41, 4160592.58 ], [ 285689.95, 4160592.93 ], [ 285691.91, 4160593.41 ], [ 285692.41, 4160593.36 ], [ 285692.46, 4160593.32 ], [ 285692.54, 4160593.26 ] ] ], [ [ [ 285742.5, 4160642.92 ], [ 285742.52, 4160642.83 ], [ 285742.54, 4160642.73 ], [ 285742.58, 4160642.64 ], [ 285742.62, 4160642.56 ], [ 285742.24, 4160641.06 ], [ 285742.19, 4160641.02 ], [ 285742.11, 4160640.96 ], [ 285742.04, 4160640.9 ], [ 285741.97, 4160640.82 ], [ 285741.92, 4160640.74 ], [ 285741.87, 4160640.66 ], [ 285741.83, 4160640.57 ], [ 285741.8, 4160640.47 ], [ 285738.51, 4160628.77 ], [ 285737.9, 4160628.01 ], [ 285736.84, 4160627.48 ], [ 285732.72, 4160629.01 ], [ 285732.71, 4160629.05 ], [ 285730.55, 4160631.2 ], [ 285729.53, 4160631.63 ], [ 285725.1, 4160631.63 ], [ 285732.23, 4160653.53 ], [ 285734.52, 4160651.23 ], [ 285735.23, 4160650.84 ], [ 285737.48, 4160650.31 ], [ 285738.29, 4160650.34 ], [ 285739.95, 4160650.9 ], [ 285743.7, 4160647.42 ], [ 285742.53, 4160643.31 ], [ 285742.51, 4160643.22 ], [ 285742.5, 4160643.12 ], [ 285742.49, 4160643.02 ], [ 285742.5, 4160642.92 ] ] ], [ [ [ 285744.45, 4160702.68 ], [ 285742.96, 4160707.13 ], [ 285742.43, 4160707.85 ], [ 285740.35, 4160709.35 ], [ 285739.5, 4160709.63 ], [ 285737.99, 4160709.63 ], [ 285735.3, 4160711.28 ], [ 285734.25, 4160713.39 ], [ 285733.65, 4160714.01 ], [ 285731.49, 4160715.22 ], [ 285730.64, 4160715.4 ], [ 285703.4, 4160712.92 ], [ 285700.13, 4160715.91 ], [ 285700.13, 4160718.03 ], [ 285699.71, 4160719.05 ], [ 285697.32, 4160721.44 ], [ 285697.78, 4160726.06 ], [ 285698.79, 4160726.73 ], [ 285727.43, 4160718.63 ], [ 285727.5, 4160718.61 ], [ 285750.0, 4160712.67 ], [ 285750.0, 4160700.63 ], [ 285747.29, 4160700.63 ], [ 285744.45, 4160702.68 ] ] ], [ [ [ 285721.17, 4160749.16 ], [ 285721.41, 4160748.16 ], [ 285721.53, 4160747.84 ], [ 285723.12, 4160744.66 ], [ 285723.66, 4160744.06 ], [ 285725.63, 4160742.85 ], [ 285726.4, 4160742.63 ], [ 285727.13, 4160742.63 ], [ 285729.9, 4160740.77 ], [ 285730.55, 4160739.2 ], [ 285732.71, 4160737.05 ], [ 285733.73, 4160736.63 ], [ 285738.53, 4160736.63 ], [ 285739.55, 4160737.05 ], [ 285741.71, 4160739.2 ], [ 285742.13, 4160740.22 ], [ 285742.13, 4160742.03 ], [ 285741.71, 4160743.05 ], [ 285739.55, 4160745.2 ], [ 285737.98, 4160745.85 ], [ 285736.19, 4160749.21 ], [ 285737.15, 4160750.0 ], [ 285750.0, 4160750.0 ], [ 285750.0, 4160721.57 ], [ 285729.73, 4160726.91 ], [ 285701.35, 4160734.95 ], [ 285702.71, 4160743.12 ], [ 285705.67, 4160745.63 ], [ 285708.53, 4160745.63 ], [ 285709.55, 4160746.05 ], [ 285711.71, 4160748.2 ], [ 285712.13, 4160749.22 ], [ 285712.13, 4160750.0 ], [ 285721.13, 4160750.0 ], [ 285721.13, 4160749.51 ], [ 285721.17, 4160749.16 ] ] ] ] } },
{ "type": "Feature", "properties": { "id": "richmond_structure:292340", "name": null, "kind": "deck", "sport": null, "surface": null, "pitch_layout": null, "source": "richmond_structures", "source_updated": "2026-09-08T12:07:13.637000Z", "base_z": null, "top_z": null }, "geometry": { "type": "Polygon", "coordinates": [ [ [ 285602.15, 4160506.45 ], [ 285605.28, 4160505.58 ], [ 285606.03, 4160508.28 ], [ 285607.4, 4160507.9 ], [ 285605.5, 4160502.47 ], [ 285601.34, 4160503.46 ], [ 285602.15, 4160506.45 ] ] ] } },
{ "type": "Feature", "properties": { "id": "richmond_structure:293002", "name": null, "kind": "deck", "sport": null, "surface": null, "pitch_layout": null, "source": "richmond_structures", "source_updated": "2026-09-08T12:07:13.637000Z", "base_z": null, "top_z": null }, "geometry": { "type": "Polygon", "coordinates": [ [ [ 285599.27, 4160509.41 ], [ 285602.71, 4160508.47 ], [ 285601.34, 4160503.46 ], [ 285597.9, 4160504.4 ], [ 285599.27, 4160509.41 ] ] ] } },
{ "type": "Feature", "properties": { "id": "richmond_structure:402430", "name": null, "kind": "deck", "sport": null, "surface": null, "pitch_layout": null, "source": "richmond_structures", "source_updated": "2026-09-08T12:07:13.637000Z", "base_z": null, "top_z": null }, "geometry": { "type": "Polygon", "coordinates": [ [ [ 285587.9, 4160513.3 ], [ 285591.03, 4160512.41 ], [ 285590.53, 4160510.68 ], [ 285587.4, 4160511.57 ], [ 285587.9, 4160513.3 ] ] ] } },
{ "type": "Feature", "properties": { "id": "imagery:groundcover_paved:235", "name": null, "kind": "groundcover_paved", "sport": null, "surface": null, "pitch_layout": null, "source": "vgin_vbmp+naip+lidar2025", "source_updated": null, "base_z": null, "top_z": null }, "geometry": { "type": "Polygon", "coordinates": [ [ [ 285593.14, 4160546.35 ], [ 285593.62, 4160546.24 ], [ 285594.11, 4160546.18 ], [ 285594.6, 4160546.17 ], [ 285595.09, 4160546.21 ], [ 285595.57, 4160546.29 ], [ 285596.04, 4160546.42 ], [ 285596.5, 4160546.6 ], [ 285596.94, 4160546.81 ], [ 285597.1, 4160546.92 ], [ 285597.46, 4160546.87 ], [ 285597.95, 4160546.86 ], [ 285598.43, 4160546.9 ], [ 285598.92, 4160546.98 ], [ 285599.39, 4160547.11 ], [ 285599.85, 4160547.29 ], [ 285600.29, 4160547.51 ], [ 285600.7, 4160547.77 ], [ 285601.09, 4160548.07 ], [ 285601.44, 4160548.41 ], [ 285601.47, 4160548.44 ], [ 285601.46, 4160548.35 ], [ 285601.44, 4160547.86 ], [ 285601.46, 4160547.37 ], [ 285601.54, 4160546.89 ], [ 285601.66, 4160546.41 ], [ 285601.83, 4160545.95 ], [ 285602.04, 4160545.51 ], [ 285602.29, 4160545.09 ], [ 285602.59, 4160544.69 ], [ 285602.92, 4160544.33 ], [ 285603.28, 4160544.0 ], [ 285603.68, 4160543.71 ], [ 285604.1, 4160543.46 ], [ 285604.55, 4160543.25 ], [ 285605.01, 4160543.09 ], [ 285610.86, 4160541.35 ], [ 285611.34, 4160541.24 ], [ 285611.82, 4160541.17 ], [ 285612.31, 4160541.15 ], [ 285612.8, 4160541.17 ], [ 285613.28, 4160541.25 ], [ 285613.75, 4160541.37 ], [ 285614.21, 4160541.53 ], [ 285614.66, 4160541.74 ], [ 285615.07, 4160542.0 ], [ 285615.32, 4160542.18 ], [ 285615.51, 4160542.17 ], [ 285616.0, 4160542.2 ], [ 285616.13, 4160542.22 ], [ 285616.13, 4160534.56 ], [ 285591.67, 4160541.51 ], [ 285593.06, 4160546.38 ], [ 285593.14, 4160546.35 ] ] ] } },
{ "type": "Feature", "properties": { "id": "richmond_structure:289294", "name": null, "kind": "deck", "sport": null, "surface": null, "pitch_layout": null, "source": "richmond_structures", "source_updated": "2026-09-08T12:07:13.637000Z", "base_z": null, "top_z": null }, "geometry": { "type": "Polygon", "coordinates": [ [ [ 285594.11, 4160561.4 ], [ 285596.68, 4160570.11 ], [ 285602.41, 4160567.81 ], [ 285599.94, 4160561.41 ], [ 285596.96, 4160562.24 ], [ 285596.54, 4160560.73 ], [ 285594.11, 4160561.4 ] ] ] } },
{ "type": "Feature", "properties": { "id": "richmond_structure:402445", "name": null, "kind": "deck", "sport": null, "surface": null, "pitch_layout": null, "source": "richmond_structures", "source_updated": "2026-09-08T12:07:13.637000Z", "base_z": null, "top_z": null }, "geometry": { "type": "Polygon", "coordinates": [ [ [ 285615.01, 4160572.46 ], [ 285618.03, 4160571.99 ], [ 285617.6, 4160569.24 ], [ 285614.58, 4160569.71 ], [ 285615.01, 4160572.46 ] ] ] } },
{ "type": "Feature", "properties": { "id": "richmond_structure:402446", "name": null, "kind": "deck", "sport": null, "surface": null, "pitch_layout": null, "source": "richmond_structures", "source_updated": "2026-09-08T12:07:13.637000Z", "base_z": null, "top_z": null }, "geometry": { "type": "Polygon", "coordinates": [ [ [ 285638.95, 4160583.46 ], [ 285640.58, 4160583.27 ], [ 285640.18, 4160579.84 ], [ 285638.55, 4160580.03 ], [ 285638.95, 4160583.46 ] ] ] } },
{ "type": "Feature", "properties": { "id": "richmond_structure:402094", "name": null, "kind": "deck", "sport": null, "surface": null, "pitch_layout": null, "source": "richmond_structures", "source_updated": "2026-09-08T12:07:13.637000Z", "base_z": null, "top_z": null }, "geometry": { "type": "Polygon", "coordinates": [ [ [ 285600.79, 4160586.12 ], [ 285598.72, 4160586.52 ], [ 285599.99, 4160591.84 ], [ 285601.49, 4160591.48 ], [ 285602.34, 4160595.07 ], [ 285605.13, 4160594.41 ], [ 285604.28, 4160590.82 ], [ 285602.13, 4160591.33 ], [ 285600.79, 4160586.12 ] ] ] } },
{ "type": "Feature", "properties": { "id": "richmond_structure:402452", "name": null, "kind": "deck", "sport": null, "surface": null, "pitch_layout": null, "source": "richmond_structures", "source_updated": "2026-09-08T12:07:13.637000Z", "base_z": null, "top_z": null }, "geometry": { "type": "Polygon", "coordinates": [ [ [ 285618.52, 4160600.75 ], [ 285621.45, 4160600.33 ], [ 285620.98, 4160597.07 ], [ 285618.05, 4160597.49 ], [ 285618.52, 4160600.75 ] ] ] } },
{ "type": "Feature", "properties": { "id": "richmond_structure:402429", "name": null, "kind": "deck", "sport": null, "surface": null, "pitch_layout": null, "source": "richmond_structures", "source_updated": "2026-09-08T12:07:13.637000Z", "base_z": null, "top_z": null }, "geometry": { "type": "Polygon", "coordinates": [ [ [ 285713.91, 4160501.68 ], [ 285711.55, 4160502.35 ], [ 285712.42, 4160505.36 ], [ 285713.11, 4160505.16 ], [ 285712.61, 4160503.44 ], [ 285714.28, 4160502.96 ], [ 285713.91, 4160501.68 ] ] ] } },
{ "type": "Feature", "properties": { "id": "imagery:groundcover_paved:273", "name": null, "kind": "groundcover_paved", "sport": null, "surface": null, "pitch_layout": null, "source": "vgin_vbmp+naip+lidar2025", "source_updated": null, "base_z": null, "top_z": null }, "geometry": { "type": "MultiPolygon", "coordinates": [ [ [ [ 285746.42, 4160500.0 ], [ 285750.0, 4160512.89 ], [ 285750.0, 4160503.49 ], [ 285749.57, 4160503.1 ], [ 285748.35, 4160501.13 ], [ 285748.13, 4160500.35 ], [ 285748.13, 4160500.0 ], [ 285746.42, 4160500.0 ] ] ], [ [ [ 285745.99, 4160551.05 ], [ 285747.51, 4160550.62 ], [ 285733.74, 4160500.0 ], [ 285731.8, 4160500.0 ], [ 285745.83, 4160550.34 ], [ 285745.85, 4160550.4 ], [ 285745.86, 4160550.45 ], [ 285745.99, 4160551.05 ] ] ] ] } },
{ "type": "Feature", "properties": { "id": "richmond_structure:402434", "name": null, "kind": "deck", "sport": null, "surface": null, "pitch_layout": null, "source": "richmond_structures", "source_updated": "2026-09-08T12:07:13.637000Z", "base_z": null, "top_z": null }, "geometry": { "type": "Polygon", "coordinates": [ [ [ 285716.39, 4160520.2 ], [ 285716.95, 4160522.18 ], [ 285719.46, 4160521.46 ], [ 285718.9, 4160519.48 ], [ 285716.39, 4160520.2 ] ] ] } },
{ "type": "Feature", "properties": { "id": "richmond_structure:402440", "name": null, "kind": "deck", "sport": null, "surface": null, "pitch_layout": null, "source": "richmond_structures", "source_updated": "2026-09-08T12:07:13.637000Z", "base_z": null, "top_z": null }, "geometry": { "type": "Polygon", "coordinates": [ [ [ 285720.48, 4160546.72 ], [ 285721.99, 4160546.33 ], [ 285721.38, 4160543.95 ], [ 285719.87, 4160544.34 ], [ 285720.48, 4160546.72 ] ] ] } },
{ "type": "Feature", "properties": { "id": "richmond_structure:402450", "name": null, "kind": "deck", "sport": null, "surface": null, "pitch_layout": null, "source": "richmond_structures", "source_updated": "2026-09-08T12:07:13.637000Z", "base_z": null, "top_z": null }, "geometry": { "type": "Polygon", "coordinates": [ [ [ 285707.27, 4160593.73 ], [ 285713.61, 4160591.96 ], [ 285712.65, 4160588.53 ], [ 285706.31, 4160590.3 ], [ 285707.27, 4160593.73 ] ] ] } },
{ "type": "Feature", "properties": { "id": "richmond_structure:402453", "name": null, "kind": "deck", "sport": null, "surface": null, "pitch_layout": null, "source": "richmond_structures", "source_updated": "2026-09-08T12:07:13.637000Z", "base_z": null, "top_z": null }, "geometry": { "type": "Polygon", "coordinates": [ [ [ 285734.76, 4160594.84 ], [ 285734.63, 4160599.87 ], [ 285736.84, 4160599.76 ], [ 285737.67, 4160598.38 ], [ 285737.81, 4160594.6 ], [ 285734.76, 4160594.84 ] ] ] } },
{ "type": "Feature", "properties": { "id": "richmond_structure:402459", "name": null, "kind": "deck", "sport": null, "surface": null, "pitch_layout": null, "source": "richmond_structures", "source_updated": "2026-09-08T12:07:13.637000Z", "base_z": null, "top_z": null }, "geometry": { "type": "Polygon", "coordinates": [ [ [ 285701.68, 4160617.94 ], [ 285704.28, 4160617.74 ], [ 285704.1, 4160615.43 ], [ 285701.55, 4160615.62 ], [ 285701.68, 4160617.94 ] ] ] } },
{ "type": "Feature", "properties": { "id": "richmond_structure:291287", "name": null, "kind": "deck", "sport": null, "surface": null, "pitch_layout": null, "source": "richmond_structures", "source_updated": "2026-09-08T12:07:13.637000Z", "base_z": null, "top_z": null }, "geometry": { "type": "Polygon", "coordinates": [ [ [ 285730.71, 4160621.59 ], [ 285734.89, 4160620.62 ], [ 285733.55, 4160615.61 ], [ 285729.25, 4160616.59 ], [ 285730.71, 4160621.59 ] ] ] } },
{ "type": "Feature", "properties": { "id": "richmond_structure:291288", "name": null, "kind": "deck", "sport": null, "surface": null, "pitch_layout": null, "source": "richmond_structures", "source_updated": "2026-09-08T12:07:13.637000Z", "base_z": null, "top_z": null }, "geometry": { "type": "Polygon", "coordinates": [ [ [ 285723.2, 4160624.78 ], [ 285724.02, 4160628.09 ], [ 285730.66, 4160626.3 ], [ 285730.02, 4160623.3 ], [ 285723.2, 4160624.78 ] ] ] } },
{ "type": "Feature", "properties": { "id": "imagery:groundcover_lawn:174", "name": null, "kind": "groundcover_lawn", "sport": null, "surface": null, "pitch_layout": null, "source": "vgin_vbmp+naip+lidar2025", "source_updated": null, "base_z": null, "top_z": null }, "geometry": { "type": "Polygon", "coordinates": [ [ [ 285746.64, 4160617.58 ], [ 285746.64, 4160617.68 ], [ 285746.63, 4160617.77 ], [ 285746.61, 4160617.87 ], [ 285746.59, 4160617.96 ], [ 285746.55, 4160618.06 ], [ 285746.51, 4160618.14 ], [ 285746.45, 4160618.23 ], [ 285746.39, 4160618.3 ], [ 285746.32, 4160618.37 ], [ 285746.25, 4160618.44 ], [ 285746.17, 4160618.49 ], [ 285746.08, 4160618.54 ], [ 285745.99, 4160618.58 ], [ 285745.9, 4160618.61 ], [ 285745.13, 4160618.82 ], [ 285745.13, 4160622.25 ], [ 285745.22, 4160622.58 ], [ 285745.24, 4160622.68 ], [ 285745.25, 4160622.78 ], [ 285745.25, 4160622.88 ], [ 285745.25, 4160622.97 ], [ 285745.23, 4160623.07 ], [ 285745.2, 4160623.17 ], [ 285745.16, 4160623.26 ], [ 285745.13, 4160623.32 ], [ 285745.13, 4160624.38 ], [ 285745.31, 4160624.81 ], [ 285747.25, 4160624.26 ], [ 285747.34, 4160624.24 ], [ 285747.44, 4160624.23 ], [ 285747.54, 4160624.22 ], [ 285747.63, 4160624.23 ], [ 285747.73, 4160624.25 ], [ 285747.83, 4160624.27 ], [ 285747.92, 4160624.31 ], [ 285748.01, 4160624.35 ], [ 285748.09, 4160624.4 ], [ 285748.17, 4160624.46 ], [ 285748.24, 4160624.53 ], [ 285748.3, 4160624.61 ], [ 285748.36, 4160624.69 ], [ 285748.41, 4160624.77 ], [ 285748.45, 4160624.86 ], [ 285748.48, 4160624.95 ], [ 285750.0, 4160630.37 ], [ 285750.0, 4160610.6 ], [ 285749.69, 4160611.1 ], [ 285749.1, 4160611.64 ], [ 285746.79, 4160612.8 ], [ 285745.81, 4160614.39 ], [ 285746.61, 4160617.39 ], [ 285746.63, 4160617.48 ], [ 285746.64, 4160617.58 ] ] ] } },
{ "type": "Feature", "properties": { "id": "richmond_structure:402455", "name": null, "kind": "deck", "sport": null, "surface": null, "pitch_layout": null, "source": "richmond_structures", "source_updated": "2026-09-08T12:07:13.637000Z", "base_z": null, "top_z": null }, "geometry": { "type": "Polygon", "coordinates": [ [ [ 285641.66, 4160612.67 ], [ 285643.57, 4160612.46 ], [ 285643.37, 4160610.69 ], [ 285641.46, 4160610.9 ], [ 285641.66, 4160612.67 ] ] ] } },
{ "type": "Feature", "properties": { "id": "richmond_structure:425131", "name": null, "kind": "deck", "sport": null, "surface": null, "pitch_layout": null, "source": "richmond_structures", "source_updated": "2026-09-08T12:07:13.637000Z", "base_z": null, "top_z": null }, "geometry": { "type": "Polygon", "coordinates": [ [ [ 285641.83, 4160617.29 ], [ 285644.21, 4160617.2 ], [ 285643.66, 4160613.24 ], [ 285641.18, 4160613.89 ], [ 285641.83, 4160617.29 ] ] ] } },
{ "type": "Feature", "properties": { "id": "richmond_structure:402458", "name": null, "kind": "deck", "sport": null, "surface": null, "pitch_layout": null, "source": "richmond_structures", "source_updated": "2026-09-08T12:07:13.637000Z", "base_z": null, "top_z": null }, "geometry": { "type": "Polygon", "coordinates": [ [ [ 285631.59, 4160617.52 ], [ 285634.9, 4160617.33 ], [ 285634.77, 4160615.04 ], [ 285631.46, 4160615.33 ], [ 285631.59, 4160617.52 ] ] ] } },
{ "type": "Feature", "properties": { "id": "richmond_structure:425134", "name": null, "kind": "deck", "sport": null, "surface": null, "pitch_layout": null, "source": "richmond_structures", "source_updated": "2026-09-08T12:07:13.637000Z", "base_z": null, "top_z": null }, "geometry": { "type": "Polygon", "coordinates": [ [ [ 285630.91, 4160624.13 ], [ 285634.52, 4160624.03 ], [ 285634.1, 4160620.0 ], [ 285630.53, 4160620.56 ], [ 285630.91, 4160624.13 ] ] ] } },
{ "type": "Feature", "properties": { "id": "richmond_structure:402462", "name": null, "kind": "deck", "sport": null, "surface": null, "pitch_layout": null, "source": "richmond_structures", "source_updated": "2026-09-08T12:07:13.637000Z", "base_z": null, "top_z": null }, "geometry": { "type": "Polygon", "coordinates": [ [ [ 285609.72, 4160621.63 ], [ 285608.76, 4160621.72 ], [ 285609.16, 4160626.35 ], [ 285612.33, 4160626.08 ], [ 285612.03, 4160622.62 ], [ 285609.82, 4160622.81 ], [ 285609.72, 4160621.63 ] ] ] } },
{ "type": "Feature", "properties": { "id": "richmond_structure:402467", "name": null, "kind": "deck", "sport": null, "surface": null, "pitch_layout": null, "source": "richmond_structures", "source_updated": "2026-09-08T12:07:13.637000Z", "base_z": null, "top_z": null }, "geometry": { "type": "Polygon", "coordinates": [ [ [ 285614.48, 4160651.94 ], [ 285616.33, 4160651.84 ], [ 285616.21, 4160649.6 ], [ 285614.36, 4160649.7 ], [ 285614.48, 4160651.94 ] ] ] } },
{ "type": "Feature", "properties": { "id": "richmond_structure:402469", "name": null, "kind": "deck", "sport": null, "surface": null, "pitch_layout": null, "source": "richmond_structures", "source_updated": "2026-09-08T12:07:13.637000Z", "base_z": null, "top_z": null }, "geometry": { "type": "Polygon", "coordinates": [ [ [ 285640.22, 4160654.29 ], [ 285642.61, 4160656.62 ], [ 285645.06, 4160654.12 ], [ 285642.66, 4160651.78 ], [ 285640.22, 4160654.29 ] ] ] } },
{ "type": "Feature", "properties": { "id": "richmond_structure:402470", "name": null, "kind": "deck", "sport": null, "surface": null, "pitch_layout": null, "source": "richmond_structures", "source_updated": "2026-09-08T12:07:13.637000Z", "base_z": null, "top_z": null }, "geometry": { "type": "Polygon", "coordinates": [ [ [ 285635.41, 4160656.98 ], [ 285637.68, 4160656.74 ], [ 285637.41, 4160654.12 ], [ 285635.14, 4160654.36 ], [ 285635.41, 4160656.98 ] ] ] } },
{ "type": "Feature", "properties": { "id": "richmond_structure:402471", "name": null, "kind": "deck", "sport": null, "surface": null, "pitch_layout": null, "source": "richmond_structures", "source_updated": "2026-09-08T12:07:13.637000Z", "base_z": null, "top_z": null }, "geometry": { "type": "Polygon", "coordinates": [ [ [ 285611.71, 4160656.31 ], [ 285611.65, 4160653.76 ], [ 285607.96, 4160653.8 ], [ 285607.95, 4160655.98 ], [ 285609.73, 4160655.99 ], [ 285609.72, 4160659.87 ], [ 285613.09, 4160659.8 ], [ 285613.05, 4160657.35 ], [ 285611.27, 4160657.28 ], [ 285611.3, 4160656.31 ], [ 285611.71, 4160656.31 ] ] ] } },
{ "type": "Feature", "properties": { "id": "imagery:groundcover_lawn:71", "name": null, "kind": "groundcover_lawn", "sport": null, "surface": null, "pitch_layout": null, "source": "vgin_vbmp+naip+lidar2025", "source_updated": null, "base_z": null, "top_z": null }, "geometry": { "type": "Polygon", "coordinates": [ [ [ 285613.53, 4160725.26 ], [ 285613.78, 4160725.6 ], [ 285615.4, 4160724.4 ], [ 285616.64, 4160724.2 ], [ 285618.85, 4160719.92 ], [ 285618.24, 4160718.67 ], [ 285618.24, 4160717.5 ], [ 285616.19, 4160714.64 ], [ 285613.2, 4160713.65 ], [ 285609.35, 4160715.77 ], [ 285607.71, 4160722.29 ], [ 285609.28, 4160725.7 ], [ 285610.45, 4160726.28 ], [ 285613.53, 4160725.26 ] ] ] } },
{ "type": "Feature", "properties": { "id": "richmond_structure:288527", "name": null, "kind": "deck", "sport": null, "surface": null, "pitch_layout": null, "source": "richmond_structures", "source_updated": "2026-09-08T12:07:13.637000Z", "base_z": null, "top_z": null }, "geometry": { "type": "Polygon", "coordinates": [ [ [ 285705.83, 4160631.14 ], [ 285705.56, 4160628.3 ], [ 285700.28, 4160628.82 ], [ 285700.55, 4160631.49 ], [ 285705.83, 4160631.14 ] ] ] } },
{ "type": "Feature", "properties": { "id": "richmond_structure:292191", "name": null, "kind": "deck", "sport": null, "surface": null, "pitch_layout": null, "source": "richmond_structures", "source_updated": "2026-09-08T12:07:13.637000Z", "base_z": null, "top_z": null }, "geometry": { "type": "Polygon", "coordinates": [ [ [ 285646.83, 4160635.46 ], [ 285648.98, 4160635.18 ], [ 285648.69, 4160633.47 ], [ 285646.62, 4160633.63 ], [ 285646.83, 4160635.46 ] ] ] } },
{ "type": "Feature", "properties": { "id": "imagery:groundcover_paved:201", "name": null, "kind": "groundcover_paved", "sport": null, "surface": null, "pitch_layout": null, "source": "vgin_vbmp+naip+lidar2025", "source_updated": null, "base_z": null, "top_z": null }, "geometry": { "type": "MultiPolygon", "coordinates": [ [ [ [ 285665.79, 4160620.45 ], [ 285667.69, 4160621.4 ], [ 285662.87, 4160580.37 ], [ 285661.13, 4160582.79 ], [ 285661.13, 4160589.03 ], [ 285660.71, 4160590.05 ], [ 285658.55, 4160592.2 ], [ 285658.25, 4160592.33 ], [ 285658.34, 4160593.09 ], [ 285658.37, 4160593.58 ], [ 285658.35, 4160594.07 ], [ 285658.29, 4160594.56 ], [ 285658.18, 4160595.03 ], [ 285658.02, 4160595.5 ], [ 285657.82, 4160595.95 ], [ 285657.57, 4160596.37 ], [ 285657.29, 4160596.77 ], [ 285656.97, 4160597.14 ], [ 285656.83, 4160597.26 ], [ 285656.79, 4160597.55 ], [ 285656.68, 4160598.03 ], [ 285656.57, 4160598.36 ], [ 285656.91, 4160598.52 ], [ 285657.33, 4160598.76 ], [ 285657.73, 4160599.05 ], [ 285658.1, 4160599.37 ], [ 285658.44, 4160599.73 ], [ 285658.73, 4160600.12 ], [ 285658.99, 4160600.54 ], [ 285659.21, 4160600.98 ], [ 285659.38, 4160601.44 ], [ 285659.51, 4160601.91 ], [ 285659.59, 4160602.4 ], [ 285660.23, 4160608.04 ], [ 285660.26, 4160608.53 ], [ 285660.24, 4160609.02 ], [ 285660.18, 4160609.51 ], [ 285660.06, 4160609.99 ], [ 285659.91, 4160610.45 ], [ 285659.7, 4160610.9 ], [ 285659.46, 4160611.32 ], [ 285659.17, 4160611.72 ], [ 285658.94, 4160611.99 ], [ 285658.93, 4160612.1 ], [ 285658.87, 4160612.58 ], [ 285658.76, 4160613.06 ], [ 285658.68, 4160613.29 ], [ 285658.69, 4160613.3 ], [ 285658.99, 4160613.63 ], [ 285660.53, 4160613.63 ], [ 285661.55, 4160614.05 ], [ 285663.71, 4160616.2 ], [ 285664.13, 4160617.22 ], [ 285664.13, 4160617.77 ], [ 285665.79, 4160620.45 ] ] ], [ [ [ 285679.55, 4160601.2 ], [ 285681.71, 4160599.05 ], [ 285682.73, 4160598.63 ], [ 285684.91, 4160598.63 ], [ 285684.91, 4160598.5 ], [ 285684.94, 4160598.01 ], [ 285685.03, 4160597.53 ], [ 285685.16, 4160597.06 ], [ 285685.33, 4160596.6 ], [ 285685.55, 4160596.16 ], [ 285685.81, 4160595.74 ], [ 285688.39, 4160592.08 ], [ 285680.67, 4160590.53 ], [ 285679.67, 4160589.77 ], [ 285678.2, 4160586.74 ], [ 285678.2, 4160585.49 ], [ 285681.12, 4160579.66 ], [ 285681.66, 4160579.06 ], [ 285683.63, 4160577.85 ], [ 285684.4, 4160577.63 ], [ 285686.97, 4160577.63 ], [ 285688.05, 4160576.12 ], [ 285671.57, 4160580.71 ], [ 285680.45, 4160656.37 ], [ 285684.16, 4160641.5 ], [ 285683.95, 4160638.91 ], [ 285683.93, 4160638.42 ], [ 285683.96, 4160637.93 ], [ 285684.04, 4160637.45 ], [ 285684.17, 4160636.97 ], [ 285684.34, 4160636.51 ], [ 285684.56, 4160636.07 ], [ 285684.82, 4160635.65 ], [ 285685.11, 4160635.26 ], [ 285685.45, 4160634.91 ], [ 285685.53, 4160634.84 ], [ 285685.33, 4160634.52 ], [ 285685.13, 4160634.08 ], [ 285685.03, 4160633.81 ], [ 285684.99, 4160633.78 ], [ 285684.6, 4160633.49 ], [ 285684.23, 4160633.16 ], [ 285683.9, 4160632.8 ], [ 285683.61, 4160632.4 ], [ 285683.35, 4160631.98 ], [ 285683.14, 4160631.53 ], [ 285682.98, 4160631.07 ], [ 285682.86, 4160630.59 ], [ 285682.79, 4160630.11 ], [ 285682.2, 4160624.06 ], [ 285682.17, 4160623.57 ], [ 285682.2, 4160623.08 ], [ 285682.27, 4160622.59 ], [ 285682.39, 4160622.12 ], [ 285682.56, 4160621.66 ], [ 285682.73, 4160621.28 ], [ 285682.67, 4160621.22 ], [ 285682.34, 4160620.85 ], [ 285682.04, 4160620.46 ], [ 285681.79, 4160620.04 ], [ 285681.58, 4160619.6 ], [ 285681.42, 4160619.13 ], [ 285681.3, 4160618.66 ], [ 285681.22, 4160618.17 ], [ 285680.89, 4160614.8 ], [ 285680.78, 4160614.72 ], [ 285680.29, 4160614.19 ], [ 285679.31, 4160612.35 ], [ 285679.13, 4160611.65 ], [ 285679.13, 4160602.22 ], [ 285679.55, 4160601.2 ] ] ], [ [ [ 285664.43, 4160654.1 ], [ 285664.45, 4160654.59 ], [ 285664.42, 4160655.08 ], [ 285664.35, 4160655.56 ], [ 285664.22, 4160656.04 ], [ 285664.06, 4160656.5 ], [ 285663.84, 4160656.94 ], [ 285663.59, 4160657.36 ], [ 285663.29, 4160657.75 ], [ 285663.03, 4160658.04 ], [ 285663.03, 4160658.12 ], [ 285663.0, 4160658.61 ], [ 285662.93, 4160659.09 ], [ 285662.81, 4160659.57 ], [ 285662.64, 4160660.03 ], [ 285662.42, 4160660.47 ], [ 285662.17, 4160660.89 ], [ 285661.87, 4160661.28 ], [ 285661.54, 4160661.64 ], [ 285661.18, 4160661.97 ], [ 285660.78, 4160662.26 ], [ 285660.36, 4160662.51 ], [ 285659.91, 4160662.72 ], [ 285659.52, 4160662.85 ], [ 285659.67, 4160664.35 ], [ 285664.37, 4160667.17 ], [ 285665.05, 4160668.21 ], [ 285665.45, 4160671.53 ], [ 285665.07, 4160672.63 ], [ 285664.74, 4160672.86 ], [ 285662.89, 4160673.63 ], [ 285662.98, 4160673.84 ], [ 285661.35, 4160675.47 ], [ 285661.13, 4160675.38 ], [ 285660.81, 4160676.17 ], [ 285663.1, 4160680.28 ], [ 285663.86, 4160680.4 ], [ 285664.9, 4160681.17 ], [ 285666.3, 4160683.97 ], [ 285668.99, 4160685.63 ], [ 285675.22, 4160685.63 ], [ 285670.12, 4160642.13 ], [ 285668.79, 4160642.8 ], [ 285667.13, 4160645.48 ], [ 285667.13, 4160646.03 ], [ 285666.71, 4160647.05 ], [ 285664.55, 4160649.2 ], [ 285664.0, 4160649.43 ], [ 285664.43, 4160654.1 ] ] ], [ [ [ 285712.81, 4160701.57 ], [ 285717.74, 4160686.8 ], [ 285717.58, 4160684.51 ], [ 285716.24, 4160681.85 ], [ 285715.91, 4160681.56 ], [ 285707.29, 4160683.8 ], [ 285707.19, 4160683.95 ], [ 285707.31, 4160687.66 ], [ 285708.12, 4160688.61 ], [ 285708.44, 4160689.77 ], [ 285706.71, 4160700.13 ], [ 285709.67, 4160703.63 ], [ 285709.97, 4160703.63 ], [ 285712.81, 4160701.57 ] ] ] ] } },
{ "type": "Feature", "properties": { "id": "richmond_structure:292142", "name": null, "kind": "deck", "sport": null, "surface": null, "pitch_layout": null, "source": "richmond_structures", "source_updated": "2026-09-08T12:07:13.637000Z", "base_z": null, "top_z": null }, "geometry": { "type": "Polygon", "coordinates": [ [ [ 285701.25, 4160643.29 ], [ 285700.32, 4160643.37 ], [ 285700.67, 4160646.97 ], [ 285701.72, 4160646.93 ], [ 285701.25, 4160643.29 ] ] ] } },
{ "type": "Feature", "properties": { "id": "richmond_structure:292193", "name": null, "kind": "deck", "sport": null, "surface": null, "pitch_layout": null, "source": "richmond_structures", "source_updated": "2026-09-08T12:07:13.637000Z", "base_z": null, "top_z": null }, "geometry": { "type": "Polygon", "coordinates": [ [ [ 285657.84, 4160658.92 ], [ 285658.8, 4160658.65 ], [ 285660.21, 4160657.38 ], [ 285661.21, 4160654.75 ], [ 285660.8, 4160650.21 ], [ 285659.97, 4160649.32 ], [ 285658.71, 4160649.29 ], [ 285659.27, 4160655.38 ], [ 285657.53, 4160655.54 ], [ 285657.84, 4160658.92 ] ] ] } },
{ "type": "Feature", "properties": { "id": "richmond_structure:292112", "name": null, "kind": "deck", "sport": null, "surface": null, "pitch_layout": null, "source": "richmond_structures", "source_updated": "2026-09-08T12:07:13.637000Z", "base_z": null, "top_z": null }, "geometry": { "type": "Polygon", "coordinates": [ [ [ 285702.08, 4160662.25 ], [ 285704.23, 4160661.95 ], [ 285703.89, 4160657.43 ], [ 285703.48, 4160657.04 ], [ 285703.52, 4160657.57 ], [ 285701.63, 4160657.71 ], [ 285702.08, 4160662.25 ] ] ] } },
{ "type": "Feature", "properties": { "id": "imagery:groundcover_lawn:126", "name": null, "kind": "groundcover_lawn", "sport": null, "surface": null, "pitch_layout": null, "source": "vgin_vbmp+naip+lidar2025", "source_updated": null, "base_z": null, "top_z": null }, "geometry": { "type": "MultiPolygon", "coordinates": [ [ [ [ 285633.81, 4160692.76 ], [ 285631.66, 4160692.33 ], [ 285630.74, 4160691.72 ], [ 285629.05, 4160689.18 ], [ 285628.84, 4160688.1 ], [ 285630.68, 4160678.87 ], [ 285629.08, 4160675.6 ], [ 285625.76, 4160673.94 ], [ 285624.42, 4160673.63 ], [ 285614.99, 4160673.63 ], [ 285612.3, 4160675.28 ], [ 285610.45, 4160678.99 ], [ 285610.13, 4160680.33 ], [ 285610.13, 4160701.28 ], [ 285612.21, 4160703.94 ], [ 285634.42, 4160697.44 ], [ 285633.81, 4160692.76 ] ] ], [ [ [ 285638.33, 4160711.26 ], [ 285636.65, 4160711.53 ], [ 285634.13, 4160714.49 ], [ 285634.13, 4160715.89 ], [ 285635.98, 4160718.66 ], [ 285637.74, 4160719.39 ], [ 285638.22, 4160719.71 ], [ 285638.49, 4160719.99 ], [ 285643.53, 4160718.55 ], [ 285643.63, 4160718.16 ], [ 285644.54, 4160717.15 ], [ 285647.08, 4160716.31 ], [ 285649.13, 4160713.46 ], [ 285649.13, 4160710.22 ], [ 285649.55, 4160709.2 ], [ 285651.71, 4160707.05 ], [ 285652.73, 4160706.63 ], [ 285678.15, 4160706.63 ], [ 285679.76, 4160704.5 ], [ 285676.44, 4160691.9 ], [ 285638.97, 4160702.47 ], [ 285639.71, 4160703.2 ], [ 285640.13, 4160704.22 ], [ 285640.13, 4160708.6 ], [ 285639.78, 4160709.55 ], [ 285638.33, 4160711.26 ] ] ] ] } },
{ "type": "Feature", "properties": { "id": "imagery:groundcover_paved:96", "name": null, "kind": "groundcover_paved", "sport": null, "surface": null, "pitch_layout": null, "source": "vgin_vbmp+naip+lidar2025", "source_updated": null, "base_z": null, "top_z": null }, "geometry": { "type": "Polygon", "coordinates": [ [ [ 285673.43, 4160717.4 ], [ 285673.96, 4160718.12 ], [ 285675.56, 4160722.91 ], [ 285677.91, 4160724.92 ], [ 285684.73, 4160726.06 ], [ 285685.27, 4160725.46 ], [ 285680.69, 4160708.06 ], [ 285679.55, 4160709.2 ], [ 285678.53, 4160709.63 ], [ 285670.97, 4160709.63 ], [ 285668.01, 4160712.16 ], [ 285670.05, 4160715.48 ], [ 285671.35, 4160715.9 ], [ 285673.43, 4160717.4 ] ] ] } },
{ "type": "Feature", "properties": { "id": "imagery:groundcover_lawn:51", "name": null, "kind": "groundcover_lawn", "sport": null, "surface": null, "pitch_layout": null, "source": "vgin_vbmp+naip+lidar2025", "source_updated": null, "base_z": null, "top_z": null }, "geometry": { "type": "MultiPolygon", "coordinates": [ [ [ [ 285644.22, 4160742.35 ], [ 285644.53, 4160741.43 ], [ 285645.18, 4160740.63 ], [ 285647.66, 4160739.19 ], [ 285648.67, 4160739.02 ], [ 285650.43, 4160739.37 ], [ 285651.6, 4160739.37 ], [ 285651.83, 4160739.32 ], [ 285652.34, 4160739.42 ], [ 285652.61, 4160739.82 ], [ 285652.63, 4160739.94 ], [ 285684.44, 4160730.82 ], [ 285684.29, 4160730.63 ], [ 285671.84, 4160730.63 ], [ 285670.26, 4160731.07 ], [ 285670.08, 4160731.18 ], [ 285669.75, 4160731.1 ], [ 285668.74, 4160732.04 ], [ 285668.59, 4160731.13 ], [ 285665.9, 4160731.57 ], [ 285665.12, 4160731.31 ], [ 285664.72, 4160731.55 ], [ 285664.77, 4160731.27 ], [ 285662.84, 4160730.88 ], [ 285661.67, 4160730.88 ], [ 285661.44, 4160730.93 ], [ 285661.04, 4160730.85 ], [ 285658.33, 4160731.67 ], [ 285658.3, 4160731.7 ], [ 285657.28, 4160732.13 ], [ 285654.23, 4160732.13 ], [ 285652.66, 4160731.48 ], [ 285652.65, 4160731.5 ], [ 285651.88, 4160731.09 ], [ 285650.84, 4160730.88 ], [ 285649.67, 4160730.88 ], [ 285649.44, 4160730.93 ], [ 285648.62, 4160730.77 ], [ 285646.62, 4160731.06 ], [ 285646.55, 4160731.1 ], [ 285644.15, 4160731.58 ], [ 285643.31, 4160731.49 ], [ 285643.1, 4160731.41 ], [ 285641.01, 4160731.33 ], [ 285627.18, 4160735.94 ], [ 285625.13, 4160738.79 ], [ 285625.13, 4160739.03 ], [ 285624.71, 4160740.05 ], [ 285622.18, 4160742.58 ], [ 285621.46, 4160745.67 ], [ 285621.84, 4160746.76 ], [ 285621.91, 4160747.42 ], [ 285621.73, 4160748.8 ], [ 285644.22, 4160742.35 ] ] ], [ [ [ 285689.47, 4160744.8 ], [ 285687.74, 4160743.93 ], [ 285687.07, 4160743.24 ], [ 285685.93, 4160740.76 ], [ 285685.84, 4160739.79 ], [ 285685.95, 4160739.34 ], [ 285654.93, 4160748.23 ], [ 285655.82, 4160750.0 ], [ 285691.13, 4160750.0 ], [ 285691.13, 4160747.48 ], [ 285689.47, 4160744.8 ] ] ] ] } }
]
}
