{
"type": "FeatureCollection",
"name": "buildings",
"crs": { "type": "name", "properties": { "name": "urn:ogc:def:crs:EPSG::32618" } },
"xy_coordinate_resolution": 0.01,
"features": [
{ "type": "Feature", "properties": { "id": "osm:way/600808898", "name": null, "height": 8.32, "min_height": 0.0, "levels": null, "height_source": "lidar", "roof_shape": "gable", "roof_height": 3.14, "roof_azimuth": null, "roof_source": "heuristic", "roof_color": "roof_flat", "roof_color_source": "ortho", "lod2_roof": null, "roof_props": null, "wall_color": "sand", "type": "house", "landmark": null, "footprint_source": "osm", "source_updated": null, "is_part": false, "parent": null, "hidden": false, "addr": "1815 Georgia Avenue", "wikidata": null, "website": null, "zoning": "R-5", "lidar_p90": 9.74, "ground_z": 52.15 }, "geometry": { "type": "Polygon", "coordinates": [ [ [ 281539.77, 4156761.33 ], [ 281523.68, 4156762.71 ], [ 281524.53, 4156772.46 ], [ 281540.6, 4156771.08 ], [ 281539.77, 4156761.33 ] ] ] } },
{ "type": "Feature", "properties": { "id": "osm:way/600838573", "name": null, "height": 9.44, "min_height": 0.0, "levels": null, "height_source": "lidar", "roof_shape": "gable", "roof_height": 1.93, "roof_azimuth": 12.8, "roof_source": "lidar", "roof_color": "roof_flat", "roof_color_source": "ortho", "lod2_roof": null, "roof_props": null, "wall_color": "brick", "type": "house", "landmark": null, "footprint_source": "osm", "source_updated": null, "is_part": false, "parent": null, "hidden": false, "addr": "1814 Carter Street", "wikidata": null, "website": null, "zoning": "R-5", "lidar_p90": 11.48, "ground_z": 55.23 }, "geometry": { "type": "Polygon", "coordinates": [ [ [ 281682.71, 4156762.44 ], [ 281681.94, 4156759.06 ], [ 281680.99, 4156759.28 ], [ 281679.8, 4156754.1 ], [ 281671.04, 4156756.08 ], [ 281671.87, 4156759.67 ], [ 281670.08, 4156760.08 ], [ 281671.21, 4156765.05 ], [ 281682.71, 4156762.44 ] ] ] } },
{ "type": "Feature", "properties": { "id": "osm:way/600838574", "name": null, "height": 4.03, "min_height": 0.0, "levels": null, "height_source": "lidar", "roof_shape": "gable", "roof_height": 2.52, "roof_azimuth": 102.9, "roof_source": "lod2", "roof_color": "concrete", "roof_color_source": "ortho", "lod2_roof": { "v": [ [ 281673.6, 4156778.8, 0.0 ], [ 281672.62, 4156774.54, 2.15 ], [ 281675.07, 4156768.67, 0.0 ], [ 281679.1, 4156767.75, 2.52 ], [ 281677.92, 4156777.81, 0.0 ], [ 281677.92, 4156777.81, 0.0 ], [ 281671.45, 4156769.5, 0.0 ], [ 281679.47, 4156773.01, 1.88 ], [ 281679.47, 4156773.01, 2.17 ], [ 281679.18, 4156772.31, 1.8 ], [ 281679.48, 4156773.89, 1.74 ], [ 281679.48, 4156773.89, 1.74 ], [ 281679.57, 4156773.25, 1.91 ], [ 281679.57, 4156773.25, 2.05 ], [ 281681.32, 4156777.03, 2.49 ], [ 281682.22, 4156767.04, 0.18 ], [ 281684.37, 4156776.33, 0.21 ] ], "f": [ [ [ 8, 1, 6, 2, 9 ] ], [ [ 13, 10, 4, 0, 1, 8 ] ], [ [ 3, 14, 5, 11, 12, 7, 9, 2 ] ], [ [ 3, 15, 16, 14 ] ], [ [ 7, 8, 9 ] ], [ [ 10, 11, 5, 4 ] ], [ [ 8, 7, 12, 13 ] ], [ [ 13, 12, 11, 10 ] ] ] }, "roof_props": null, "wall_color": "sand", "type": "house", "landmark": null, "footprint_source": "osm", "source_updated": null, "is_part": false, "parent": null, "hidden": false, "addr": "1812 Carter Street", "wikidata": null, "website": null, "zoning": "R-5", "lidar_p90": 5.98, "ground_z": 55.84 }, "geometry": { "type": "Polygon", "coordinates": [ [ [ 281684.37, 4156776.33 ], [ 281682.22, 4156767.04 ], [ 281671.45, 4156769.5 ], [ 281673.6, 4156778.8 ], [ 281684.37, 4156776.33 ] ] ] } },
{ "type": "Feature", "properties": { "id": "osm:way/600838575", "name": null, "height": 4.14, "min_height": 0.0, "levels": null, "height_source": "lidar", "roof_shape": "gable", "roof_height": 2.29, "roof_azimuth": 12.5, "roof_source": "lod2", "roof_color": "roof_flat", "roof_color_source": "ortho", "lod2_roof": { "v": [ [ 281684.44, 4156787.02, 0.0 ], [ 281685.13, 4156790.09, 0.0 ], [ 281681.14, 4156790.86, 2.2 ], [ 281681.82, 4156781.51, 0.0 ], [ 281684.44, 4156780.93, 0.0 ], [ 281681.94, 4156784.01, 0.96 ], [ 281681.94, 4156784.01, 1.28 ], [ 281681.96, 4156784.44, 0.99 ], [ 281685.59, 4156783.69, 0.74 ], [ 281686.25, 4156786.62, 0.0 ], [ 281677.96, 4156791.48, 0.0 ], [ 281676.03, 4156782.79, 0.0 ], [ 281685.26, 4156786.84, 0.0 ], [ 281685.26, 4156786.84, 0.0 ], [ 281685.15, 4156783.22, 1.13 ], [ 281685.18, 4156783.33, 1.05 ], [ 281685.19, 4156783.67, 0.84 ], [ 281679.33, 4156782.06, 2.29 ], [ 281681.82, 4156781.51, 0.75 ], [ 281681.92, 4156783.5, 0.91 ], [ 281685.24, 4156786.15, 0.0 ] ], "f": [ [ [ 14, 6, 19, 3, 4 ] ], [ [ 17, 2, 10, 11 ] ], [ [ 6, 14, 15, 16, 8, 9, 13, 20, 7 ] ], [ [ 2, 17, 18, 19, 5, 7, 20, 12, 0, 1 ] ], [ [ 5, 6, 7 ] ], [ [ 18, 3, 19 ] ], [ [ 6, 5, 19 ] ], [ [ 13, 12, 20 ] ] ] }, "roof_props": null, "wall_color": "cream", "type": "house", "landmark": null, "footprint_source": "osm", "source_updated": null, "is_part": false, "parent": null, "hidden": false, "addr": "1810 Carter Street", "wikidata": null, "website": null, "zoning": "R-5", "lidar_p90": 6.01, "ground_z": 56.41 }, "geometry": { "type": "Polygon", "coordinates": [ [ [ 281685.13, 4156790.09 ], [ 281684.44, 4156787.02 ], [ 281686.25, 4156786.62 ], [ 281684.95, 4156780.81 ], [ 281676.03, 4156782.79 ], [ 281677.96, 4156791.48 ], [ 281685.13, 4156790.09 ] ] ] } },
{ "type": "Feature", "properties": { "id": "osm:way/600838553", "name": null, "height": 2.8, "min_height": 0.0, "levels": null, "height_source": "lidar", "roof_shape": "flat", "roof_height": 0.47, "roof_azimuth": null, "roof_source": "lod2", "roof_color": "concrete", "roof_color_source": "heuristic", "lod2_roof": { "v": [ [ 281665.88, 4156796.11, 0.47 ], [ 281662.28, 4156797.33, 0.08 ], [ 281664.64, 4156792.53, 0.39 ], [ 281661.05, 4156793.76, 0.0 ] ], "f": [ [ [ 1, 3, 2, 0 ] ] ] }, "roof_props": null, "wall_color": "cream", "type": "yes", "landmark": null, "footprint_source": "osm", "source_updated": null, "is_part": false, "parent": null, "hidden": false, "addr": null, "wikidata": null, "website": null, "zoning": "R-5", "lidar_p90": 2.94, "ground_z": 56.51 }, "geometry": { "type": "Polygon", "coordinates": [ [ [ 281661.04, 4156793.76 ], [ 281662.28, 4156797.33 ], [ 281665.88, 4156796.1 ], [ 281664.64, 4156792.53 ], [ 281661.04, 4156793.76 ] ] ] } },
{ "type": "Feature", "properties": { "id": "osm:way/600838576", "name": null, "height": 3.46, "min_height": 0.0, "levels": null, "height_source": "lidar", "roof_shape": "gable", "roof_height": 2.85, "roof_azimuth": 13.8, "roof_source": "lod2", "roof_color": "concrete", "roof_color_source": "ortho", "lod2_roof": { "v": [ [ 281682.95, 4156798.02, 1.65 ], [ 281682.95, 4156798.02, 1.43 ], [ 281682.78, 4156798.69, 1.2 ], [ 281682.55, 4156804.43, 0.08 ], [ 281680.42, 4156804.95, 0.0 ], [ 281679.56, 4156801.46, 0.0 ], [ 281679.83, 4156798.58, 1.68 ], [ 281679.3, 4156796.4, 0.08 ], [ 281686.19, 4156803.54, 2.81 ], [ 281689.83, 4156802.65, 0.01 ], [ 281687.78, 4156794.32, 0.16 ], [ 281682.8, 4156795.54, 1.74 ], [ 281682.8, 4156795.54, 0.14 ], [ 281684.28, 4156795.18, 2.85 ], [ 281682.94, 4156797.86, 1.46 ], [ 281682.94, 4156797.86, 1.76 ], [ 281682.92, 4156797.49, 1.5 ], [ 281680.07, 4156799.53, 0.99 ], [ 281679.14, 4156799.75, 0.96 ], [ 281681.79, 4156800.27, 0.24 ] ], "f": [ [ [ 4, 5, 19, 3 ] ], [ [ 7, 12, 16, 15, 6 ] ], [ [ 2, 19, 5, 18, 17, 6, 15, 0 ] ], [ [ 13, 8, 3, 19, 2, 1, 14, 16, 11 ] ], [ [ 8, 13, 10, 9 ] ], [ [ 0, 1, 2 ] ], [ [ 14, 15, 16 ] ], [ [ 12, 11, 16 ] ], [ [ 15, 14, 1, 0 ] ] ] }, "roof_props": null, "wall_color": "cream", "type": "house", "landmark": null, "footprint_source": "osm", "source_updated": null, "is_part": false, "parent": null, "hidden": false, "addr": "1808 Carter Street", "wikidata": null, "website": null, "zoning": "R-5", "lidar_p90": 5.81, "ground_z": 56.89 }, "geometry": { "type": "Polygon", "coordinates": [ [ [ 281689.83, 4156802.65 ], [ 281687.78, 4156794.32 ], [ 281679.3, 4156796.4 ], [ 281680.07, 4156799.53 ], [ 281679.14, 4156799.75 ], [ 281680.42, 4156804.95 ], [ 281689.83, 4156802.65 ] ] ] } },
{ "type": "Feature", "properties": { "id": "richmond_structure:394111", "name": null, "height": 6.08, "min_height": 0.0, "levels": null, "height_source": "lidar", "roof_shape": "flat", "roof_height": 0.12, "roof_azimuth": null, "roof_source": "lod2", "roof_color": "roof_flat", "roof_color_source": "ortho", "lod2_roof": { "v": [ [ 281555.18, 4156777.95, 0.07 ], [ 281555.14, 4156782.79, 0.12 ], [ 281547.72, 4156783.13, 0.05 ], [ 281547.5, 4156778.29, 0.0 ] ], "f": [ [ [ 3, 0, 1, 2 ] ] ] }, "roof_props": null, "wall_color": "concrete", "type": "yes", "landmark": null, "footprint_source": "richmond_structures", "source_updated": "2026-09-08T12:07:13.637000Z", "is_part": false, "parent": null, "hidden": false, "addr": null, "wikidata": null, "website": null, "zoning": "R-5", "lidar_p90": 6.34, "ground_z": 51.63 }, "geometry": { "type": "Polygon", "coordinates": [ [ [ 281555.62, 4156777.92 ], [ 281547.5, 4156778.29 ], [ 281547.72, 4156783.13 ], [ 281555.83, 4156782.76 ], [ 281555.62, 4156777.92 ] ] ] } },
{ "type": "Feature", "properties": { "id": "osm:way/600808900", "name": null, "height": 6.95, "min_height": 0.0, "levels": null, "height_source": "lidar", "roof_shape": "gable", "roof_height": 3.38, "roof_azimuth": 102.9, "roof_source": "lod2", "roof_color": "roof_flat", "roof_color_source": "ortho", "lod2_roof": { "v": [ [ 281531.24, 4156786.02, 0.55 ], [ 281530.4, 4156782.35, 0.0 ], [ 281530.4, 4156782.35, 3.38 ], [ 281531.24, 4156782.31, 0.0 ], [ 281531.24, 4156782.31, 3.38 ], [ 281538.4, 4156784.39, 1.56 ], [ 281529.68, 4156779.22, 0.0 ], [ 281537.19, 4156779.12, 1.1 ], [ 281537.86, 4156782.02, 3.38 ], [ 281531.02, 4156779.2, 0.0 ], [ 281531.02, 4156779.2, 0.95 ] ], "f": [ [ [ 8, 5, 0, 2, 4 ] ], [ [ 9, 3, 1, 6 ] ], [ [ 4, 10, 7, 8 ] ], [ [ 2, 1, 3, 4 ] ], [ [ 4, 3, 9, 10 ] ] ] }, "roof_props": null, "wall_color": "cream", "type": "house", "landmark": null, "footprint_source": "osm", "source_updated": null, "is_part": false, "parent": null, "hidden": false, "addr": "1813 Georgia Avenue", "wikidata": null, "website": null, "zoning": "R-5", "lidar_p90": 9.19, "ground_z": 52.84 }, "geometry": { "type": "Polygon", "coordinates": [ [ [ 281536.46, 4156775.89 ], [ 281529.29, 4156777.52 ], [ 281531.24, 4156786.02 ], [ 281538.4, 4156784.39 ], [ 281536.46, 4156775.89 ] ] ] } },
{ "type": "Feature", "properties": { "id": "osm:way/600808902", "name": null, "height": 8.52, "min_height": 0.0, "levels": null, "height_source": "lidar", "roof_shape": "gable", "roof_height": 2.24, "roof_azimuth": null, "roof_source": "lod2", "roof_color": "slate", "roof_color_source": "ortho", "lod2_roof": { "v": [ [ 281535.92, 4156796.66, 0.32 ], [ 281535.92, 4156796.66, 0.0 ], [ 281535.8, 4156794.34, 0.0 ], [ 281535.8, 4156794.34, 2.24 ], [ 281538.91, 4156789.65, 0.0 ], [ 281539.99, 4156794.12, 2.23 ], [ 281535.6, 4156790.45, 0.0 ], [ 281535.6, 4156790.45, 0.0 ], [ 281540.92, 4156797.96, 0.0 ], [ 281538.51, 4156798.54, 0.0 ], [ 281532.5, 4156791.2, 0.0 ], [ 281535.91, 4156796.94, 0.09 ], [ 281535.91, 4156796.94, 0.0 ], [ 281536.02, 4156798.73, 0.0 ], [ 281536.02, 4156798.73, 0.0 ], [ 281535.93, 4156797.0, 0.0 ], [ 281535.93, 4156797.0, 0.04 ], [ 281534.96, 4156798.01, 0.0 ], [ 281534.28, 4156798.54, 0.0 ], [ 281535.27, 4156798.79, 0.0 ] ], "f": [ [ [ 3, 6, 4, 5 ] ], [ [ 16, 11, 0, 3, 5, 8, 9, 14 ] ], [ [ 18, 10, 7, 2, 1, 12, 15, 13, 19, 17 ] ], [ [ 0, 1, 2, 3 ] ], [ [ 3, 2, 7, 6 ] ], [ [ 11, 12, 1, 0 ] ], [ [ 14, 13, 15, 16 ] ], [ [ 16, 15, 12, 11 ] ] ] }, "roof_props": null, "wall_color": "cream", "type": "house", "landmark": null, "footprint_source": "osm", "source_updated": null, "is_part": false, "parent": null, "hidden": false, "addr": "1811 Georgia Avenue", "wikidata": null, "website": null, "zoning": "R-5", "lidar_p90": 9.91, "ground_z": 53.67 }, "geometry": { "type": "Polygon", "coordinates": [ [ [ 281538.91, 4156789.65 ], [ 281532.5, 4156791.19 ], [ 281534.51, 4156799.5 ], [ 281540.92, 4156797.96 ], [ 281538.91, 4156789.65 ] ] ] } },
{ "type": "Feature", "properties": { "id": "osm:way/600808903", "name": null, "height": 3.82, "min_height": 0.0, "levels": null, "height_source": "lidar", "roof_shape": "flat", "roof_height": 1.05, "roof_azimuth": null, "roof_source": "lod2", "roof_color": "roof_flat", "roof_color_source": "ortho", "lod2_roof": { "v": [ [ 281538.49, 4156811.45, 0.0 ], [ 281536.54, 4156802.57, 0.0 ], [ 281539.45, 4156801.94, 1.05 ], [ 281544.08, 4156806.47, 0.0 ], [ 281545.08, 4156806.26, 0.0 ], [ 281545.58, 4156808.53, 0.0 ], [ 281544.27, 4156808.81, 0.0 ], [ 281544.56, 4156810.12, 0.0 ], [ 281542.92, 4156801.18, 0.0 ], [ 281541.5, 4156810.79, 1.03 ] ], "f": [ [ [ 7, 9, 2, 8, 3, 4, 5, 6 ] ], [ [ 9, 0, 1, 2 ] ] ] }, "roof_props": null, "wall_color": "brick", "type": "house", "landmark": null, "footprint_source": "osm", "source_updated": null, "is_part": false, "parent": null, "hidden": false, "addr": "1809 Georgia Avenue", "wikidata": null, "website": null, "zoning": "R-5", "lidar_p90": 4.2, "ground_z": 54.2 }, "geometry": { "type": "Polygon", "coordinates": [ [ [ 281544.56, 4156810.12 ], [ 281544.27, 4156808.81 ], [ 281545.58, 4156808.53 ], [ 281545.08, 4156806.26 ], [ 281544.08, 4156806.47 ], [ 281542.92, 4156801.18 ], [ 281536.54, 4156802.57 ], [ 281538.49, 4156811.45 ], [ 281544.56, 4156810.12 ] ] ] } },
{ "type": "Feature", "properties": { "id": "osm:way/600808905", "name": null, "height": 3.57, "min_height": 0.0, "levels": null, "height_source": "lidar", "roof_shape": "gable", "roof_height": 2.59, "roof_azimuth": 12.7, "roof_source": "lod2", "roof_color": "roof_dark", "roof_color_source": "heuristic", "lod2_roof": { "v": [ [ 281544.3, 4156817.31, 2.59 ], [ 281549.18, 4156816.21, 0.12 ], [ 281540.07, 4156824.66, 0.0 ], [ 281541.54, 4156824.33, 0.52 ], [ 281541.23, 4156829.73, 0.0 ], [ 281540.16, 4156818.25, 0.62 ], [ 281547.07, 4156828.42, 2.52 ], [ 281551.72, 4156827.37, 0.17 ] ], "f": [ [ [ 6, 4, 2, 3, 5, 0 ] ], [ [ 1, 7, 6, 0 ] ] ] }, "roof_props": null, "wall_color": "brick", "type": "house", "landmark": null, "footprint_source": "osm", "source_updated": null, "is_part": false, "parent": null, "hidden": false, "addr": "1805 Georgia Avenue", "wikidata": null, "website": null, "zoning": "R-5", "lidar_p90": 5.5, "ground_z": 55.01 }, "geometry": { "type": "Polygon", "coordinates": [ [ [ 281551.72, 4156827.37 ], [ 281549.18, 4156816.21 ], [ 281540.16, 4156818.24 ], [ 281541.54, 4156824.33 ], [ 281540.07, 4156824.65 ], [ 281541.22, 4156829.73 ], [ 281551.72, 4156827.37 ] ] ] } },
{ "type": "Feature", "properties": { "id": "osm:way/600808877", "name": null, "height": 3.71, "min_height": 0.0, "levels": null, "height_source": "lidar", "roof_shape": "gable", "roof_height": 2.26, "roof_azimuth": 2.1, "roof_source": "lod2", "roof_color": "roof_flat", "roof_color_source": "ortho", "lod2_roof": { "v": [ [ 281496.28, 4156830.27, 0.22 ], [ 281495.77, 4156817.07, 0.27 ], [ 281506.89, 4156827.57, 0.08 ], [ 281505.96, 4156827.61, 0.43 ], [ 281506.72, 4156823.02, 0.08 ], [ 281505.86, 4156823.05, 0.4 ], [ 281505.61, 4156816.69, 0.39 ], [ 281506.39, 4156838.62, 0.44 ], [ 281501.52, 4156838.8, 2.24 ], [ 281500.56, 4156816.88, 2.26 ], [ 281497.16, 4156838.97, 0.42 ], [ 281497.0, 4156834.64, 0.44 ], [ 281496.15, 4156830.28, 0.17 ], [ 281493.2, 4156834.78, 0.0 ], [ 281492.4, 4156830.42, 0.0 ], [ 281493.18, 4156834.73, 0.12 ], [ 281493.18, 4156834.73, 0.0 ], [ 281493.2, 4156834.78, 0.13 ], [ 281492.57, 4156834.8, 0.07 ], [ 281497.07, 4156834.57, 0.47 ] ], "f": [ [ [ 19, 15, 17, 18, 14, 12 ] ], [ [ 8, 9, 6, 5, 4, 2, 3, 7 ] ], [ [ 9, 8, 10, 11, 13, 16, 19, 12, 0, 1 ] ], [ [ 15, 16, 13, 17 ] ], [ [ 16, 15, 19 ] ] ] }, "roof_props": null, "wall_color": "brick_dark", "type": "house", "landmark": null, "footprint_source": "osm", "source_updated": null, "is_part": false, "parent": null, "hidden": false, "addr": "1802 Georgia Avenue", "wikidata": null, "website": null, "zoning": "R-5", "lidar_p90": 5.37, "ground_z": 56.68 }, "geometry": { "type": "Polygon", "coordinates": [ [ [ 281505.96, 4156827.61 ], [ 281506.89, 4156827.57 ], [ 281506.72, 4156823.02 ], [ 281505.86, 4156823.04 ], [ 281505.61, 4156816.69 ], [ 281495.77, 4156817.07 ], [ 281496.28, 4156830.27 ], [ 281492.4, 4156830.42 ], [ 281492.57, 4156834.8 ], [ 281497.0, 4156834.64 ], [ 281497.16, 4156838.96 ], [ 281506.39, 4156838.62 ], [ 281505.96, 4156827.61 ] ] ] } },
{ "type": "Feature", "properties": { "id": "osm:way/600808908", "name": null, "height": 9.75, "min_height": 0.0, "levels": null, "height_source": "lidar", "roof_shape": "gable", "roof_height": 2.61, "roof_azimuth": null, "roof_source": "heuristic", "roof_color": "slate", "roof_color_source": "ortho", "lod2_roof": null, "roof_props": null, "wall_color": "brick", "type": "house", "landmark": null, "footprint_source": "osm", "source_updated": null, "is_part": false, "parent": null, "hidden": false, "addr": "1803 Georgia Avenue", "wikidata": null, "website": null, "zoning": "R-5", "lidar_p90": 10.48, "ground_z": 56.33 }, "geometry": { "type": "Polygon", "coordinates": [ [ [ 281557.82, 4156847.75 ], [ 281557.63, 4156842.68 ], [ 281555.79, 4156842.75 ], [ 281555.63, 4156838.34 ], [ 281552.52, 4156838.45 ], [ 281552.42, 4156835.83 ], [ 281547.74, 4156836.01 ], [ 281547.85, 4156838.74 ], [ 281545.2, 4156838.84 ], [ 281545.39, 4156844.09 ], [ 281548.15, 4156844.0 ], [ 281548.31, 4156848.1 ], [ 281557.82, 4156847.75 ] ] ] } },
{ "type": "Feature", "properties": { "id": "osm:way/600808958", "name": null, "height": 4.21, "min_height": 0.0, "levels": null, "height_source": "lidar", "roof_shape": "flat", "roof_height": 1.03, "roof_azimuth": null, "roof_source": "lod2", "roof_color": "concrete", "roof_color_source": "ortho", "lod2_roof": { "v": [ [ 281622.26, 4156770.69, 0.0 ], [ 281621.04, 4156764.91, 1.02 ], [ 281638.45, 4156767.29, 0.0 ], [ 281620.19, 4156760.92, 0.03 ], [ 281636.38, 4156757.52, 0.06 ], [ 281637.21, 4156761.43, 1.03 ] ], "f": [ [ [ 5, 1, 3, 4 ] ], [ [ 5, 2, 0, 1 ] ] ] }, "roof_props": null, "wall_color": "brick", "type": "house", "landmark": null, "footprint_source": "osm", "source_updated": null, "is_part": false, "parent": null, "hidden": false, "addr": "1811 Greenville Avenue", "wikidata": null, "website": null, "zoning": "R-5", "lidar_p90": 4.62, "ground_z": 53.95 }, "geometry": { "type": "Polygon", "coordinates": [ [ [ 281638.45, 4156767.29 ], [ 281636.38, 4156757.51 ], [ 281620.19, 4156760.92 ], [ 281622.26, 4156770.69 ], [ 281638.45, 4156767.29 ] ] ] } },
{ "type": "Feature", "properties": { "id": "osm:way/600808931", "name": null, "height": 3.85, "min_height": 0.0, "levels": null, "height_source": "lidar", "roof_shape": "hip", "roof_height": 3.49, "roof_azimuth": 179.3, "roof_source": "lod2", "roof_color": "roof_flat", "roof_color_source": "ortho", "lod2_roof": { "v": [ [ 281582.77, 4156779.39, 1.67 ], [ 281579.15, 4156780.31, 0.1 ], [ 281587.04, 4156778.31, 0.0 ], [ 281580.43, 4156774.35, 1.89 ], [ 281580.43, 4156774.35, 1.14 ], [ 281578.0, 4156774.74, 0.11 ], [ 281578.0, 4156774.74, 1.97 ], [ 281585.68, 4156772.95, 1.92 ], [ 281585.68, 4156772.95, 0.0 ], [ 281581.51, 4156774.06, 1.61 ], [ 281581.51, 4156774.06, 1.89 ], [ 281576.86, 4156771.31, 3.49 ], [ 281575.82, 4156767.26, 1.74 ], [ 281583.71, 4156765.26, 1.65 ], [ 281584.78, 4156769.44, 3.45 ], [ 281577.74, 4156774.79, 0.0 ], [ 281577.74, 4156774.79, 1.98 ], [ 281577.8, 4156774.78, 0.02 ], [ 281577.8, 4156774.78, 1.98 ] ], "f": [ [ [ 0, 9, 8, 2 ] ], [ [ 13, 14, 11, 12 ] ], [ [ 18, 16, 11, 14, 7, 10, 3, 6 ] ], [ [ 15, 17, 5, 4, 9, 0, 1 ] ], [ [ 3, 4, 5, 6 ] ], [ [ 7, 8, 9, 10 ] ], [ [ 10, 9, 4, 3 ] ], [ [ 6, 5, 17, 18 ] ], [ [ 18, 17, 15, 16 ] ] ] }, "roof_props": null, "wall_color": "terracotta", "type": "house", "landmark": null, "footprint_source": "osm", "source_updated": null, "is_part": false, "parent": null, "hidden": false, "addr": "1808 Greenville Avenue", "wikidata": null, "website": null, "zoning": "R-5", "lidar_p90": 6.68, "ground_z": 51.67 }, "geometry": { "type": "Polygon", "coordinates": [ [ [ 281583.71, 4156765.26 ], [ 281575.82, 4156767.26 ], [ 281579.15, 4156780.31 ], [ 281587.04, 4156778.31 ], [ 281583.71, 4156765.26 ] ] ] } },
{ "type": "Feature", "properties": { "id": "osm:way/600808933", "name": null, "height": 4.65, "min_height": 0.0, "levels": null, "height_source": "lidar", "roof_shape": "gable", "roof_height": 3.34, "roof_azimuth": null, "roof_source": "lod2", "roof_color": "roof_dark", "roof_color_source": "heuristic", "lod2_roof": { "v": [ [ 281591.73, 4156799.69, 0.0 ], [ 281593.03, 4156804.83, 0.0 ], [ 281586.43, 4156793.87, 3.23 ], [ 281586.43, 4156793.87, 0.14 ], [ 281589.93, 4156792.79, 0.0 ], [ 281589.93, 4156792.79, 1.75 ], [ 281592.38, 4156799.05, 1.44 ], [ 281591.62, 4156799.25, 1.76 ], [ 281582.3, 4156795.14, 0.0 ], [ 281580.44, 4156787.77, 0.0 ], [ 281587.98, 4156785.87, 0.0 ], [ 281589.68, 4156792.62, 0.0 ], [ 281584.29, 4156786.8, 0.23 ], [ 281586.41, 4156793.81, 3.24 ], [ 281586.41, 4156793.81, 0.14 ], [ 281589.86, 4156792.58, 1.75 ], [ 281589.86, 4156792.58, 0.0 ], [ 281590.69, 4156792.37, 1.4 ], [ 281589.02, 4156805.83, 1.49 ], [ 281585.25, 4156806.78, 0.0 ], [ 281587.8, 4156800.03, 3.34 ], [ 281587.8, 4156800.03, 1.42 ], [ 281587.74, 4156800.05, 1.44 ], [ 281587.74, 4156800.05, 3.32 ], [ 281583.82, 4156801.15, 0.0 ], [ 281583.82, 4156801.15, 1.63 ], [ 281591.73, 4156799.69, 1.77 ], [ 281586.25, 4156793.9, 3.31 ], [ 281586.25, 4156793.9, 0.21 ], [ 281582.3, 4156795.14, 1.6 ], [ 281585.97, 4156794.01, 0.34 ], [ 281585.97, 4156794.01, 3.18 ], [ 281588.05, 4156799.96, 3.24 ], [ 281588.05, 4156799.96, 1.31 ], [ 281586.16, 4156793.95, 0.25 ], [ 281586.16, 4156793.95, 3.27 ] ], "f": [ [ [ 19, 24, 22, 18 ] ], [ [ 30, 8, 9, 12 ] ], [ [ 33, 0, 1, 18, 22, 21 ] ], [ [ 28, 34, 30, 12, 10, 11, 16, 4, 3, 14 ] ], [ [ 27, 20, 23, 25, 29, 31, 35 ] ], [ [ 20, 27, 13, 2, 5, 15, 17, 6, 7, 26, 32 ] ], [ [ 2, 3, 4, 5 ] ], [ [ 13, 14, 3, 2 ] ], [ [ 20, 21, 22, 23 ] ], [ [ 23, 22, 24, 25 ] ], [ [ 27, 28, 14, 13 ] ], [ [ 29, 8, 30, 31 ] ], [ [ 32, 33, 21, 20 ] ], [ [ 26, 0, 33, 32 ] ], [ [ 31, 30, 34, 35 ] ], [ [ 5, 4, 16, 15 ] ], [ [ 35, 34, 28, 27 ] ] ] }, "roof_props": null, "wall_color": "brick", "type": "house", "landmark": null, "footprint_source": "osm", "source_updated": null, "is_part": false, "parent": null, "hidden": false, "addr": "1806 Greenville Avenue", "wikidata": null, "website": null, "zoning": "R-5", "lidar_p90": 6.91, "ground_z": 52.72 }, "geometry": { "type": "Polygon", "coordinates": [ [ [ 281591.62, 4156799.25 ], [ 281592.38, 4156799.05 ], [ 281590.69, 4156792.37 ], [ 281589.68, 4156792.62 ], [ 281587.98, 4156785.87 ], [ 281580.44, 4156787.77 ], [ 281585.24, 4156806.78 ], [ 281593.03, 4156804.83 ], [ 281591.62, 4156799.25 ] ] ] } },
{ "type": "Feature", "properties": { "id": "osm:way/600808960", "name": null, "height": 4.68, "min_height": 0.0, "levels": null, "height_source": "lidar", "roof_shape": "gable", "roof_height": 1.27, "roof_azimuth": null, "roof_source": "lod2", "roof_color": "roof_flat", "roof_color_source": "ortho", "lod2_roof": { "v": [ [ 281633.49, 4156797.19, 0.97 ], [ 281633.49, 4156797.19, 0.78 ], [ 281633.49, 4156797.85, 0.9 ], [ 281633.11, 4156795.92, 0.96 ], [ 281633.11, 4156795.92, 0.58 ], [ 281627.89, 4156793.98, 0.0 ], [ 281632.26, 4156793.04, 0.12 ], [ 281632.26, 4156793.04, 0.96 ], [ 281632.33, 4156793.3, 0.16 ], [ 281632.33, 4156793.3, 0.96 ], [ 281636.88, 4156792.04, 0.0 ], [ 281630.64, 4156806.64, 0.0 ], [ 281637.97, 4156797.07, 0.87 ], [ 281637.97, 4156797.07, 0.32 ], [ 281639.63, 4156804.7, 0.0 ], [ 281633.98, 4156798.6, 1.0 ], [ 281633.98, 4156798.6, 1.18 ], [ 281634.34, 4156799.14, 1.06 ], [ 281633.89, 4156795.47, 0.42 ], [ 281633.89, 4156795.47, 1.27 ], [ 281635.41, 4156805.61, 0.79 ], [ 281635.41, 4156805.61, 0.05 ], [ 281635.1, 4156803.75, 0.87 ], [ 281635.1, 4156803.75, 0.34 ], [ 281633.99, 4156803.44, 0.53 ], [ 281633.99, 4156803.44, 0.53 ] ], "f": [ [ [ 17, 24, 22, 20, 11, 5, 7, 9, 19, 3, 0, 2, 15 ] ], [ [ 25, 17, 16, 12, 14, 21, 23 ] ], [ [ 10, 13, 15, 2, 1, 4, 18, 8, 6 ] ], [ [ 0, 1, 2 ] ], [ [ 3, 4, 1, 0 ] ], [ [ 7, 6, 8, 9 ] ], [ [ 15, 16, 17 ] ], [ [ 16, 15, 13, 12 ] ], [ [ 9, 8, 18, 19 ] ], [ [ 19, 18, 4, 3 ] ], [ [ 22, 23, 21, 20 ] ], [ [ 24, 25, 23, 22 ] ], [ [ 25, 24, 17 ] ] ] }, "roof_props": null, "wall_color": "sand", "type": "house", "landmark": null, "footprint_source": "osm", "source_updated": null, "is_part": false, "parent": null, "hidden": false, "addr": "1807 Greenville Avenue", "wikidata": null, "website": null, "zoning": "R-5", "lidar_p90": 5.06, "ground_z": 55.22 }, "geometry": { "type": "Polygon", "coordinates": [ [ [ 281639.63, 4156804.7 ], [ 281636.87, 4156792.04 ], [ 281627.89, 4156793.98 ], [ 281630.64, 4156806.64 ], [ 281639.63, 4156804.7 ] ] ] } },
{ "type": "Feature", "properties": { "id": "osm:way/600808961", "name": null, "height": 3.7, "min_height": 0.0, "levels": null, "height_source": "lidar", "roof_shape": "gable", "roof_height": 0.69, "roof_azimuth": null, "roof_source": "lod2", "roof_color": "roof_flat", "roof_color_source": "ortho", "lod2_roof": { "v": [ [ 281633.11, 4156816.05, 0.68 ], [ 281633.11, 4156816.05, 0.06 ], [ 281638.58, 4156814.66, 0.16 ], [ 281638.58, 4156814.66, 0.67 ], [ 281631.92, 4156811.18, 0.16 ], [ 281643.22, 4156816.57, 0.18 ], [ 281645.25, 4156816.07, 0.21 ], [ 281646.59, 4156821.6, 0.1 ], [ 281641.34, 4156808.9, 0.33 ], [ 281634.89, 4156823.32, 0.69 ], [ 281639.43, 4156823.34, 0.69 ], [ 281639.17, 4156822.28, 0.69 ], [ 281640.76, 4156823.02, 0.68 ], [ 281640.76, 4156823.02, 0.0 ] ], "f": [ [ [ 3, 12, 10, 11, 9, 0 ] ], [ [ 13, 2, 1, 4, 8, 5, 6, 7 ] ], [ [ 0, 1, 2, 3 ] ], [ [ 3, 2, 13, 12 ] ] ] }, "roof_props": null, "wall_color": "brick", "type": "house", "landmark": null, "footprint_source": "osm", "source_updated": null, "is_part": false, "parent": null, "hidden": false, "addr": "1805 Greenville Avenue", "wikidata": null, "website": null, "zoning": "R-5", "lidar_p90": 4.46, "ground_z": 56.32 }, "geometry": { "type": "Polygon", "coordinates": [ [ [ 281639.17, 4156822.28 ], [ 281639.43, 4156823.34 ], [ 281646.59, 4156821.6 ], [ 281645.24, 4156816.07 ], [ 281643.22, 4156816.57 ], [ 281641.34, 4156808.9 ], [ 281631.92, 4156811.18 ], [ 281634.88, 4156823.32 ], [ 281639.17, 4156822.28 ] ] ] } },
{ "type": "Feature", "properties": { "id": "osm:way/600808935", "name": null, "height": 8.9, "min_height": 0.0, "levels": null, "height_source": "lidar", "roof_shape": "gable", "roof_height": 3.34, "roof_azimuth": null, "roof_source": "heuristic", "roof_color": "roof_flat", "roof_color_source": "ortho", "lod2_roof": null, "roof_props": null, "wall_color": "sand", "type": "house", "landmark": null, "footprint_source": "osm", "source_updated": null, "is_part": false, "parent": null, "hidden": false, "addr": "1802 Greenville Avenue", "wikidata": null, "website": null, "zoning": "R-5", "lidar_p90": 10.16, "ground_z": 56.32 }, "geometry": { "type": "Polygon", "coordinates": [ [ [ 281594.31, 4156845.58 ], [ 281594.42, 4156848.3 ], [ 281607.51, 4156847.79 ], [ 281607.12, 4156837.78 ], [ 281602.13, 4156837.98 ], [ 281602.01, 4156834.98 ], [ 281592.2, 4156835.36 ], [ 281592.23, 4156836.01 ], [ 281590.81, 4156836.07 ], [ 281591.03, 4156841.69 ], [ 281592.73, 4156841.63 ], [ 281592.84, 4156844.28 ], [ 281594.31, 4156845.58 ] ] ] } },
{ "type": "Feature", "properties": { "id": "osm:way/600808922", "name": null, "height": 3.78, "min_height": 0.0, "levels": null, "height_source": "lidar", "roof_shape": "flat", "roof_height": 1.3, "roof_azimuth": null, "roof_source": "lod2", "roof_color": "roof_flat", "roof_color_source": "ortho", "lod2_roof": { "v": [ [ 281581.05, 4156837.58, 0.37 ], [ 281581.05, 4156837.58, 0.19 ], [ 281580.59, 4156837.83, 0.43 ], [ 281578.95, 4156838.72, 1.3 ], [ 281578.95, 4156838.72, 0.64 ], [ 281581.61, 4156837.62, 0.0 ], [ 281584.07, 4156850.92, 0.0 ], [ 281581.81, 4156851.42, 0.77 ], [ 281581.81, 4156851.42, 0.77 ], [ 281578.43, 4156846.06, 0.0 ], [ 281577.8, 4156846.19, 0.0 ], [ 281579.72, 4156851.88, 0.0 ], [ 281575.89, 4156835.4, 0.0 ], [ 281575.89, 4156835.4, 0.0 ], [ 281575.83, 4156835.09, 0.0 ], [ 281576.14, 4156835.33, 0.0 ], [ 281576.14, 4156835.33, 0.0 ], [ 281580.27, 4156834.1, 0.0 ], [ 281576.57, 4156839.25, 0.0 ], [ 281576.57, 4156839.25, 0.07 ], [ 281577.68, 4156838.33, 0.51 ], [ 281577.68, 4156838.33, 0.0 ], [ 281577.68, 4156838.33, 0.74 ], [ 281578.11, 4156839.17, 0.75 ], [ 281578.11, 4156839.17, 0.83 ], [ 281581.08, 4156837.73, 0.18 ] ], "f": [ [ [ 21, 18, 13, 16 ] ], [ [ 4, 23, 20, 15, 12, 14, 17, 0, 2 ] ], [ [ 3, 7, 11, 9, 10, 19, 22, 24 ] ], [ [ 8, 3, 2, 1, 25, 5, 6 ] ], [ [ 0, 1, 2 ] ], [ [ 3, 4, 2 ] ], [ [ 15, 16, 13, 12 ] ], [ [ 20, 21, 16, 15 ] ], [ [ 19, 18, 21, 20, 22 ] ], [ [ 22, 20, 23, 24 ] ], [ [ 24, 23, 4, 3 ] ], [ [ 8, 7, 3 ] ] ] }, "roof_props": null, "wall_color": "cream", "type": "yes", "landmark": null, "footprint_source": "osm", "source_updated": null, "is_part": false, "parent": null, "hidden": false, "addr": null, "wikidata": null, "website": null, "zoning": "R-5", "lidar_p90": 4.19, "ground_z": 56.46 }, "geometry": { "type": "Polygon", "coordinates": [ [ [ 281581.61, 4156837.62 ], [ 281581.08, 4156837.73 ], [ 281580.27, 4156834.1 ], [ 281575.83, 4156835.08 ], [ 281577.8, 4156846.19 ], [ 281578.42, 4156846.05 ], [ 281579.72, 4156851.88 ], [ 281584.07, 4156850.91 ], [ 281581.61, 4156837.62 ] ] ] } },
{ "type": "Feature", "properties": { "id": "richmond_structure:269748", "name": null, "height": 7.5, "min_height": 0.0, "levels": null, "height_source": "zoning", "roof_shape": "flat", "roof_height": 0.0, "roof_azimuth": null, "roof_source": "heuristic", "roof_color": "roof_flat", "roof_color_source": "heuristic", "lod2_roof": null, "roof_props": null, "wall_color": "brick", "type": "yes", "landmark": null, "footprint_source": "richmond_structures", "source_updated": "2026-09-08T12:07:13.637000Z", "is_part": false, "parent": null, "hidden": false, "addr": null, "wikidata": null, "website": null, "zoning": "R-5", "lidar_p90": 0.14, "ground_z": 57.61 }, "geometry": { "type": "Polygon", "coordinates": [ [ [ 281590.63, 4156879.31 ], [ 281587.46, 4156880.11 ], [ 281589.04, 4156886.33 ], [ 281592.21, 4156885.53 ], [ 281590.63, 4156879.31 ] ] ] } },
{ "type": "Feature", "properties": { "id": "osm:way/600808938", "name": null, "height": 3.34, "min_height": 0.0, "levels": null, "height_source": "lidar", "roof_shape": "gable", "roof_height": 2.57, "roof_azimuth": 13.5, "roof_source": "lod2", "roof_color": "roof_red", "roof_color_source": "heuristic", "lod2_roof": { "v": [ [ 281613.03, 4156889.78, 2.57 ], [ 281609.92, 4156890.53, 0.19 ], [ 281617.78, 4156888.64, 0.0 ], [ 281608.45, 4156884.26, 1.47 ], [ 281608.45, 4156884.26, 0.16 ], [ 281606.88, 4156885.84, 0.09 ], [ 281606.88, 4156885.84, 2.11 ], [ 281606.7, 4156891.31, 0.05 ], [ 281605.46, 4156886.18, 0.03 ], [ 281606.02, 4156882.33, 0.0 ], [ 281616.83, 4156884.75, 0.0 ], [ 281615.31, 4156884.24, 0.29 ], [ 281613.99, 4156882.3, 0.85 ], [ 281615.54, 4156883.47, 1.78 ], [ 281615.6, 4156880.03, 0.0 ], [ 281611.17, 4156881.61, 2.56 ], [ 281611.86, 4156880.93, 2.02 ], [ 281610.61, 4156881.23, 0.06 ], [ 281610.51, 4156882.12, 0.6 ], [ 281609.31, 4156882.42, 1.08 ], [ 281609.31, 4156882.42, 0.52 ], [ 281610.51, 4156882.12, 2.01 ], [ 281610.69, 4156882.08, 2.14 ], [ 281615.31, 4156884.24, 2.28 ], [ 281609.76, 4156882.99, 1.31 ], [ 281609.76, 4156882.99, 0.97 ], [ 281609.49, 4156883.25, 1.07 ], [ 281613.13, 4156883.52, 1.59 ] ], "f": [ [ [ 25, 26, 3, 6, 9, 17, 18, 20 ] ], [ [ 1, 7, 8, 5, 4 ] ], [ [ 27, 12, 13, 23 ] ], [ [ 15, 0, 1, 4, 26, 24, 19, 21, 22 ] ], [ [ 0, 15, 16, 14, 12, 27, 11, 10, 2 ] ], [ [ 3, 4, 5, 6 ] ], [ [ 19, 20, 18, 21 ] ], [ [ 24, 25, 20, 19 ] ], [ [ 25, 24, 26 ] ], [ [ 4, 3, 26 ] ], [ [ 23, 11, 27 ] ] ] }, "roof_props": null, "wall_color": "brick_dark", "type": "house", "landmark": null, "footprint_source": "osm", "source_updated": null, "is_part": false, "parent": null, "hidden": false, "addr": "1714 Greenville Avenue", "wikidata": null, "website": null, "zoning": "R-5", "lidar_p90": 5.76, "ground_z": 56.93 }, "geometry": { "type": "Polygon", "coordinates": [ [ [ 281615.68, 4156880.01 ], [ 281606.02, 4156882.33 ], [ 281606.88, 4156885.84 ], [ 281605.46, 4156886.18 ], [ 281606.7, 4156891.31 ], [ 281617.77, 4156888.64 ], [ 281615.68, 4156880.01 ] ] ] } },
{ "type": "Feature", "properties": { "id": "osm:way/600808939", "name": null, "height": 3.48, "min_height": 0.0, "levels": null, "height_source": "lidar", "roof_shape": "gable", "roof_height": 1.95, "roof_azimuth": 13.2, "roof_source": "lidar", "roof_color": "slate", "roof_color_source": "ortho", "lod2_roof": null, "roof_props": null, "wall_color": "terracotta", "type": "house", "landmark": null, "footprint_source": "osm", "source_updated": null, "is_part": false, "parent": null, "hidden": false, "addr": "1712 Greenville Avenue", "wikidata": null, "website": null, "zoning": "R-5", "lidar_p90": 5.65, "ground_z": 57.01 }, "geometry": { "type": "Polygon", "coordinates": [ [ [ 281618.61, 4156897.5 ], [ 281619.33, 4156897.33 ], [ 281618.77, 4156894.96 ], [ 281617.96, 4156895.15 ], [ 281617.57, 4156893.46 ], [ 281609.06, 4156895.46 ], [ 281609.93, 4156899.17 ], [ 281607.07, 4156899.85 ], [ 281608.24, 4156904.82 ], [ 281619.7, 4156902.14 ], [ 281618.61, 4156897.5 ] ] ] } },
{ "type": "Feature", "properties": { "id": "osm:way/600838577", "name": null, "height": 3.4, "min_height": 0.0, "levels": null, "height_source": "lidar", "roof_shape": "gable", "roof_height": 2.66, "roof_azimuth": 87.4, "roof_source": "lod2", "roof_color": "roof_flat", "roof_color_source": "ortho", "lod2_roof": { "v": [ [ 281678.97, 4156814.32, 0.52 ], [ 281678.14, 4156810.56, 0.27 ], [ 281678.0, 4156819.28, 0.0 ], [ 281677.37, 4156816.46, 0.0 ], [ 281678.35, 4156816.24, 0.0 ], [ 281692.9, 4156816.29, 0.06 ], [ 281689.33, 4156817.01, 2.66 ], [ 281689.33, 4156817.01, 2.66 ], [ 281678.1, 4156815.1, 0.53 ], [ 281678.1, 4156815.1, 0.0 ], [ 281677.97, 4156814.53, 0.49 ], [ 281684.95, 4156811.53, 1.62 ], [ 281684.95, 4156811.53, 0.59 ], [ 281685.47, 4156813.05, 0.7 ], [ 281682.37, 4156812.08, 0.52 ], [ 281682.37, 4156812.08, 1.54 ], [ 281683.15, 4156813.53, 0.64 ], [ 281683.15, 4156813.53, 0.39 ], [ 281683.03, 4156813.55, 0.37 ], [ 281683.03, 4156813.55, 0.63 ], [ 281688.79, 4156808.67, 1.57 ], [ 281688.79, 4156808.67, 0.49 ], [ 281690.14, 4156809.36, 0.74 ], [ 281690.14, 4156809.36, 0.75 ], [ 281688.8, 4156811.59, 2.07 ], [ 281688.8, 4156811.59, 2.07 ], [ 281688.99, 4156811.27, 1.89 ], [ 281684.97, 4156809.07, 0.98 ], [ 281684.93, 4156808.87, 0.98 ], [ 281684.17, 4156809.25, 0.42 ], [ 281684.17, 4156809.25, 0.0 ], [ 281686.65, 4156817.55, 0.66 ], [ 281686.65, 4156817.55, 0.79 ], [ 281686.84, 4156817.08, 0.69 ], [ 281686.84, 4156817.08, 0.99 ], [ 281688.1, 4156808.32, 1.99 ], [ 281688.1, 4156808.32, 0.0 ], [ 281687.53, 4156809.3, 2.55 ], [ 281687.53, 4156809.3, 0.0 ], [ 281682.99, 4156813.79, 0.65 ], [ 281682.99, 4156813.79, 0.36 ], [ 281686.27, 4156809.58, 1.77 ], [ 281687.46, 4156809.32, 2.6 ], [ 281687.46, 4156809.32, 2.6 ], [ 281683.72, 4156809.35, 0.0 ], [ 281684.43, 4156809.99, 0.48 ], [ 281687.22, 4156807.88, 0.0 ], [ 281690.93, 4156807.36, 0.0 ], [ 281685.23, 4156808.76, 1.2 ], [ 281683.72, 4156809.35, 0.41 ], [ 281685.47, 4156813.05, 0.63 ], [ 281683.31, 4156811.88, 0.54 ], [ 281683.31, 4156811.88, 1.57 ], [ 281683.59, 4156810.17, 0.45 ], [ 281692.35, 4156813.8, 0.09 ], [ 281692.35, 4156813.8, 0.0 ], [ 281691.91, 4156813.68, 0.28 ], [ 281691.83, 4156811.46, 1.73 ], [ 281689.41, 4156812.07, 1.74 ], [ 281689.41, 4156812.07, 1.96 ], [ 281689.15, 4156812.2, 1.94 ], [ 281689.41, 4156812.07, 2.28 ], [ 281690.12, 4156811.7, 2.01 ], [ 281688.72, 4156814.51, 2.64 ] ], "f": [ [ [ 38, 46, 36 ] ], [ [ 15, 52, 11, 13, 16 ] ], [ [ 49, 53, 51, 14, 16, 19, 39, 8, 10, 0, 1 ] ], [ [ 40, 18, 17, 50, 33, 31, 2, 3, 4, 9 ] ], [ [ 52, 53, 44, 30, 45, 11 ] ], [ [ 59, 62, 57, 54, 56, 60 ] ], [ [ 47, 57, 62, 61, 24, 26, 22, 21 ] ], [ [ 43, 63, 6, 32, 34, 13, 12, 45, 29, 27, 28, 48, 41 ] ], [ [ 7, 63, 42, 37, 35, 20, 23, 26, 25, 58, 60, 56, 55, 5 ] ], [ [ 11, 12, 13 ] ], [ [ 14, 15, 16 ] ], [ [ 16, 17, 18, 19 ] ], [ [ 20, 21, 22, 23 ] ], [ [ 24, 25, 26 ] ], [ [ 23, 22, 26 ] ], [ [ 32, 31, 33, 34 ] ], [ [ 37, 38, 36, 35 ] ], [ [ 39, 40, 9, 8 ] ], [ [ 30, 29, 45 ] ], [ [ 12, 11, 45 ] ], [ [ 13, 50, 17, 16 ] ], [ [ 15, 14, 51, 52 ] ], [ [ 34, 33, 50, 13 ] ], [ [ 19, 18, 40, 39 ] ], [ [ 49, 44, 53 ] ], [ [ 52, 51, 53 ] ], [ [ 54, 55, 56 ] ], [ [ 58, 59, 60 ] ], [ [ 59, 61, 62 ] ], [ [ 61, 59, 58, 25, 24 ] ], [ [ 43, 42, 63 ] ], [ [ 7, 6, 63 ] ] ] }, "roof_props": null, "wall_color": "brick", "type": "house", "landmark": null, "footprint_source": "osm", "source_updated": null, "is_part": false, "parent": null, "hidden": false, "addr": "1806 Carter Street", "wikidata": null, "website": null, "zoning": "R-5", "lidar_p90": 5.72, "ground_z": 56.92 }, "geometry": { "type": "Polygon", "coordinates": [ [ [ 281690.48, 4156805.33 ], [ 281684.44, 4156806.65 ], [ 281684.97, 4156809.07 ], [ 281678.14, 4156810.56 ], [ 281678.97, 4156814.32 ], [ 281677.97, 4156814.53 ], [ 281678.35, 4156816.24 ], [ 281677.37, 4156816.46 ], [ 281678.0, 4156819.28 ], [ 281692.9, 4156816.29 ], [ 281690.48, 4156805.33 ] ] ] } },
{ "type": "Feature", "properties": { "id": "osm:way/600838554", "name": null, "height": 3.11, "min_height": 0.0, "levels": null, "height_source": "lidar", "roof_shape": "gable", "roof_height": 1.52, "roof_azimuth": 104.1, "roof_source": "lod2", "roof_color": "roof_dark", "roof_color_source": "heuristic", "lod2_roof": { "v": [ [ 281673.64, 4156817.37, 0.01 ], [ 281667.51, 4156818.88, 0.02 ], [ 281672.89, 4156814.38, 1.48 ], [ 281666.74, 4156815.82, 1.52 ], [ 281672.03, 4156810.97, 0.0 ], [ 281665.94, 4156812.66, 0.0 ] ], "f": [ [ [ 3, 2, 0, 1 ] ], [ [ 5, 4, 2, 3 ] ] ] }, "roof_props": null, "wall_color": "sand", "type": "yes", "landmark": null, "footprint_source": "osm", "source_updated": null, "is_part": false, "parent": null, "hidden": false, "addr": null, "wikidata": null, "website": null, "zoning": "R-5", "lidar_p90": 4.15, "ground_z": 56.89 }, "geometry": { "type": "Polygon", "coordinates": [ [ [ 281671.88, 4156810.36 ], [ 281665.75, 4156811.88 ], [ 281667.51, 4156818.88 ], [ 281673.64, 4156817.37 ], [ 281671.88, 4156810.36 ] ] ] } },
{ "type": "Feature", "properties": { "id": "osm:way/600838578", "name": null, "height": 3.79, "min_height": 0.0, "levels": null, "height_source": "lidar", "roof_shape": "gable", "roof_height": 2.4, "roof_azimuth": 12.7, "roof_source": "lod2", "roof_color": "roof_flat", "roof_color_source": "ortho", "lod2_roof": { "v": [ [ 281692.41, 4156830.8, 2.39 ], [ 281689.72, 4156831.41, 0.42 ], [ 281686.24, 4156832.2, 0.0 ], [ 281685.09, 4156827.08, 0.12 ], [ 281688.35, 4156823.29, 0.18 ], [ 281688.35, 4156823.29, 0.77 ], [ 281688.93, 4156824.28, 1.02 ], [ 281689.08, 4156824.52, 1.08 ], [ 281689.08, 4156824.52, 1.18 ], [ 281689.08, 4156824.52, 1.22 ], [ 281685.96, 4156825.19, 0.52 ], [ 281685.96, 4156825.19, 1.09 ], [ 281686.33, 4156826.81, 0.38 ], [ 281687.85, 4156822.46, 0.0 ], [ 281685.47, 4156823.0, 0.0 ], [ 281688.98, 4156822.21, 1.38 ], [ 281690.37, 4156821.9, 2.4 ], [ 281688.15, 4156826.24, 0.79 ], [ 281688.15, 4156826.24, 0.16 ], [ 281689.55, 4156828.86, 0.72 ], [ 281689.33, 4156825.37, 1.12 ], [ 281690.58, 4156822.79, 2.4 ], [ 281690.58, 4156822.79, 2.4 ], [ 281689.3, 4156824.88, 1.18 ], [ 281694.57, 4156821.84, 0.0 ], [ 281692.41, 4156830.8, 2.39 ], [ 281691.59, 4156827.21, 2.4 ], [ 281695.89, 4156830.01, 0.0 ] ], "f": [ [ [ 11, 14, 13, 4, 6, 9 ] ], [ [ 8, 23, 20, 17, 19, 1, 2, 3, 12, 10 ] ], [ [ 22, 26, 0, 1, 19, 18, 20, 23, 7, 6, 5, 15, 16 ] ], [ [ 24, 27, 25, 26, 21 ] ], [ [ 4, 5, 6 ] ], [ [ 7, 8, 9, 6 ] ], [ [ 9, 8, 10, 11 ] ], [ [ 17, 18, 19 ] ], [ [ 18, 17, 20 ] ], [ [ 8, 7, 23 ] ], [ [ 25, 0, 26 ] ], [ [ 22, 21, 26 ] ] ] }, "roof_props": null, "wall_color": "terracotta", "type": "house", "landmark": null, "footprint_source": "osm", "source_updated": null, "is_part": false, "parent": null, "hidden": false, "addr": "1804 Carter Street", "wikidata": null, "website": null, "zoning": "R-5", "lidar_p90": 5.94, "ground_z": 56.81 }, "geometry": { "type": "Polygon", "coordinates": [ [ [ 281695.89, 4156830.01 ], [ 281694.43, 4156820.98 ], [ 281685.47, 4156823.0 ], [ 281686.33, 4156826.8 ], [ 281685.09, 4156827.08 ], [ 281686.24, 4156832.2 ], [ 281695.89, 4156830.01 ] ] ] } },
{ "type": "Feature", "properties": { "id": "osm:way/600838579", "name": null, "height": 3.89, "min_height": 0.0, "levels": null, "height_source": "lidar", "roof_shape": "gable", "roof_height": 1.71, "roof_azimuth": 11.9, "roof_source": "lidar", "roof_color": "roof_flat", "roof_color_source": "ortho", "lod2_roof": null, "roof_props": null, "wall_color": "terracotta", "type": "house", "landmark": null, "footprint_source": "osm", "source_updated": null, "is_part": false, "parent": null, "hidden": false, "addr": "1802 Carter Street", "wikidata": null, "website": null, "zoning": "R-5", "lidar_p90": 5.87, "ground_z": 56.62 }, "geometry": { "type": "Polygon", "coordinates": [ [ [ 281698.36, 4156834.47 ], [ 281689.62, 4156836.31 ], [ 281690.36, 4156839.77 ], [ 281688.52, 4156840.15 ], [ 281689.58, 4156845.13 ], [ 281700.15, 4156842.9 ], [ 281698.36, 4156834.47 ] ] ] } },
{ "type": "Feature", "properties": { "id": "osm:way/600808948", "name": null, "height": 3.73, "min_height": 0.0, "levels": null, "height_source": "lidar", "roof_shape": "flat", "roof_height": 0.62, "roof_azimuth": null, "roof_source": "lod2", "roof_color": "roof_flat", "roof_color_source": "ortho", "lod2_roof": { "v": [ [ 281659.51, 4156847.02, 0.61 ], [ 281659.31, 4156843.47, 0.0 ], [ 281659.67, 4156849.88, 0.0 ], [ 281666.24, 4156849.42, 0.0 ], [ 281665.88, 4156843.1, 0.0 ], [ 281666.08, 4156846.62, 0.62 ] ], "f": [ [ [ 5, 3, 2, 0 ] ], [ [ 4, 5, 0, 1 ] ] ] }, "roof_props": null, "wall_color": "cream", "type": "yes", "landmark": null, "footprint_source": "osm", "source_updated": null, "is_part": false, "parent": null, "hidden": false, "addr": null, "wikidata": null, "website": null, "zoning": "R-5", "lidar_p90": 4.01, "ground_z": 56.57 }, "geometry": { "type": "Polygon", "coordinates": [ [ [ 281666.24, 4156849.42 ], [ 281665.88, 4156843.1 ], [ 281659.31, 4156843.47 ], [ 281659.67, 4156849.88 ], [ 281666.24, 4156849.42 ] ] ] } },
{ "type": "Feature", "properties": { "id": "osm:way/600808962", "name": null, "height": 4.62, "min_height": 0.0, "levels": null, "height_source": "lidar", "roof_shape": "gable", "roof_height": 2.31, "roof_azimuth": 2.4, "roof_source": "lod2", "roof_color": "roof_flat", "roof_color_source": "ortho", "lod2_roof": { "v": [ [ 281644.66, 4156851.0, 0.15 ], [ 281644.66, 4156851.0, 0.79 ], [ 281644.21, 4156849.6, 0.0 ], [ 281642.1, 4156851.14, 0.7 ], [ 281641.97, 4156848.13, 0.0 ], [ 281652.29, 4156843.7, 0.0 ], [ 281652.48, 4156847.88, 0.0 ], [ 281652.4, 4156852.4, 0.0 ], [ 281652.59, 4156856.74, 0.0 ], [ 281653.77, 4156852.24, 0.0 ], [ 281652.4, 4156852.29, 0.0 ], [ 281653.7, 4156850.57, 0.72 ], [ 281643.52, 4156857.14, 0.0 ], [ 281643.36, 4156853.51, 0.0 ], [ 281650.77, 4156850.41, 0.69 ], [ 281650.77, 4156850.41, 0.41 ], [ 281650.8, 4156849.91, 0.37 ], [ 281650.84, 4156850.61, 0.82 ], [ 281650.84, 4156850.61, 0.37 ], [ 281652.4, 4156852.4, 0.0 ], [ 281651.16, 4156851.63, 0.2 ], [ 281651.16, 4156851.63, 0.25 ], [ 281648.22, 4156856.93, 2.3 ], [ 281647.59, 4156844.41, 2.31 ], [ 281647.56, 4156843.9, 2.31 ], [ 281642.82, 4156844.8, 0.0 ], [ 281643.36, 4156853.45, 0.0 ], [ 281643.36, 4156853.45, 0.0 ], [ 281644.86, 4156851.85, 0.26 ], [ 281642.56, 4156848.1, 0.0 ], [ 281642.96, 4156848.09, 0.0 ], [ 281652.76, 4156847.87, 0.0 ], [ 281653.59, 4156847.84, 0.0 ], [ 281642.2, 4156853.51, 0.0 ], [ 281644.86, 4156851.62, 0.27 ], [ 281644.86, 4156851.62, 0.4 ] ], "f": [ [ [ 4, 29, 2, 1, 3 ] ], [ [ 21, 17, 11, 9, 10, 19 ] ], [ [ 35, 28, 27, 33, 3, 1 ] ], [ [ 16, 31, 32, 11, 17, 14 ] ], [ [ 23, 22, 12, 13, 26, 28, 34, 0, 2, 29, 30, 25 ] ], [ [ 22, 23, 24, 5, 6, 31, 16, 15, 18, 20, 7, 8 ] ], [ [ 0, 1, 2 ] ], [ [ 14, 15, 16 ] ], [ [ 17, 18, 15, 14 ] ], [ [ 19, 7, 20, 21 ] ], [ [ 26, 27, 28 ] ], [ [ 21, 20, 18, 17 ] ], [ [ 1, 0, 34, 35 ] ], [ [ 35, 34, 28 ] ] ] }, "roof_props": null, "wall_color": "cream", "type": "house", "landmark": null, "footprint_source": "osm", "source_updated": null, "is_part": false, "parent": null, "hidden": false, "addr": "1801 Greenville Avenue", "wikidata": null, "website": null, "zoning": "R-5", "lidar_p90": 6.8, "ground_z": 56.47 }, "geometry": { "type": "Polygon", "coordinates": [ [ [ 281652.59, 4156856.74 ], [ 281652.4, 4156852.29 ], [ 281653.77, 4156852.24 ], [ 281653.59, 4156847.84 ], [ 281652.47, 4156847.88 ], [ 281652.29, 4156843.7 ], [ 281642.79, 4156844.11 ], [ 281642.96, 4156848.09 ], [ 281641.97, 4156848.13 ], [ 281642.2, 4156853.51 ], [ 281643.36, 4156853.45 ], [ 281643.52, 4156857.14 ], [ 281652.59, 4156856.74 ] ] ] } },
{ "type": "Feature", "properties": { "id": "osm:way/600838580", "name": null, "height": 3.6, "min_height": 0.0, "levels": null, "height_source": "lidar", "roof_shape": "gable", "roof_height": 2.46, "roof_azimuth": 11.4, "roof_source": "lod2", "roof_color": "roof_flat", "roof_color_source": "ortho", "lod2_roof": { "v": [ [ 281703.46, 4156850.41, 0.0 ], [ 281703.9, 4156852.61, 0.0 ], [ 281702.77, 4156852.84, 0.0 ], [ 281702.08, 4156850.69, 0.0 ], [ 281703.45, 4156856.17, 0.0 ], [ 281696.43, 4156857.58, 0.03 ], [ 281696.18, 4156856.35, 0.06 ], [ 281693.74, 4156853.75, 0.0 ], [ 281693.28, 4156851.48, 1.44 ], [ 281701.41, 4156847.35, 0.0 ], [ 281693.97, 4156848.85, 0.0 ], [ 281693.97, 4156848.85, 0.0 ], [ 281696.19, 4156850.25, 1.09 ], [ 281696.13, 4156850.79, 0.95 ], [ 281696.13, 4156850.79, 1.46 ], [ 281697.6, 4156848.12, 2.46 ], [ 281696.56, 4156848.81, 1.6 ], [ 281697.69, 4156848.54, 2.46 ], [ 281699.65, 4156856.93, 2.46 ], [ 281695.69, 4156856.45, 0.0 ], [ 281694.34, 4156856.72, 0.0 ], [ 281696.01, 4156851.82, 0.7 ], [ 281697.69, 4156848.54, 2.46 ], [ 281692.8, 4156849.09, 0.0 ], [ 281696.73, 4156848.3, 1.81 ], [ 281695.02, 4156853.33, 0.0 ] ], "f": [ [ [ 7, 25, 19, 20 ] ], [ [ 23, 10, 12, 14, 8 ] ], [ [ 17, 18, 5, 6, 19, 25, 21, 13, 12, 11, 24, 16 ] ], [ [ 25, 7, 8, 14, 21 ] ], [ [ 18, 22, 15, 9, 3, 0, 1, 2, 4 ] ], [ [ 10, 11, 12 ] ], [ [ 13, 14, 12 ] ], [ [ 14, 13, 21 ] ], [ [ 17, 22, 18 ] ] ] }, "roof_props": null, "wall_color": "brick", "type": "house", "landmark": null, "footprint_source": "osm", "source_updated": null, "is_part": false, "parent": null, "hidden": false, "addr": "1800 Carter Street", "wikidata": null, "website": null, "zoning": "R-5", "lidar_p90": 5.58, "ground_z": 56.62 }, "geometry": { "type": "Polygon", "coordinates": [ [ [ 281692.8, 4156849.09 ], [ 281694.34, 4156856.72 ], [ 281696.18, 4156856.35 ], [ 281696.43, 4156857.58 ], [ 281703.44, 4156856.17 ], [ 281702.76, 4156852.84 ], [ 281703.9, 4156852.61 ], [ 281703.46, 4156850.41 ], [ 281702.08, 4156850.69 ], [ 281701.41, 4156847.35 ], [ 281692.8, 4156849.09 ] ] ] } },
{ "type": "Feature", "properties": { "id": "osm:way/600838581", "name": null, "height": 3.74, "min_height": 0.0, "levels": null, "height_source": "lidar", "roof_shape": "gable", "roof_height": 1.58, "roof_azimuth": 11.5, "roof_source": "lidar", "roof_color": "slate", "roof_color_source": "ortho", "lod2_roof": null, "roof_props": null, "wall_color": "brick", "type": "house", "landmark": null, "footprint_source": "osm", "source_updated": null, "is_part": false, "parent": null, "hidden": false, "addr": "1714 Carter Street", "wikidata": null, "website": null, "zoning": "R-5", "lidar_p90": 5.7, "ground_z": 56.56 }, "geometry": { "type": "Polygon", "coordinates": [ [ [ 281699.3, 4156887.02 ], [ 281699.48, 4156887.89 ], [ 281701.53, 4156887.48 ], [ 281701.33, 4156886.54 ], [ 281708.16, 4156885.16 ], [ 281707.5, 4156881.95 ], [ 281709.22, 4156881.6 ], [ 281708.11, 4156876.1 ], [ 281694.63, 4156878.83 ], [ 281696.42, 4156887.59 ], [ 281699.3, 4156887.02 ] ] ] } },
{ "type": "Feature", "properties": { "id": "osm:way/600808963", "name": null, "height": 3.66, "min_height": 0.0, "levels": null, "height_source": "lidar", "roof_shape": "gable", "roof_height": 2.22, "roof_azimuth": 13.8, "roof_source": "lod2", "roof_color": "roof_dark", "roof_color_source": "heuristic", "lod2_roof": { "v": [ [ 281652.71, 4156884.37, 0.5 ], [ 281652.71, 4156884.37, 0.47 ], [ 281652.71, 4156884.32, 0.46 ], [ 281652.89, 4156882.62, 0.06 ], [ 281652.89, 4156882.62, 0.0 ], [ 281655.72, 4156884.61, 1.03 ], [ 281656.1, 4156886.11, 0.0 ], [ 281647.01, 4156888.33, 0.0 ], [ 281645.02, 4156880.26, 0.0 ], [ 281651.87, 4156882.87, 0.84 ], [ 281650.87, 4156878.86, 0.91 ], [ 281655.07, 4156882.08, 0.0 ], [ 281649.15, 4156879.27, 2.22 ], [ 281649.15, 4156879.27, 2.22 ], [ 281652.89, 4156885.25, 1.1 ], [ 281652.89, 4156885.25, 0.48 ], [ 281653.22, 4156886.81, 0.0 ], [ 281653.22, 4156886.81, 0.5 ], [ 281653.07, 4156886.09, 0.49 ], [ 281651.02, 4156887.35, 2.17 ] ], "f": [ [ [ 14, 0, 2, 4, 11, 5 ] ], [ [ 6, 16, 18, 14, 5 ] ], [ [ 19, 12, 10, 9, 3, 2, 1, 15, 18, 17 ] ], [ [ 13, 19, 7, 8 ] ], [ [ 0, 1, 2 ] ], [ [ 3, 4, 2 ] ], [ [ 14, 15, 1, 0 ] ], [ [ 16, 17, 18 ] ], [ [ 15, 14, 18 ] ], [ [ 13, 12, 19 ] ] ] }, "roof_props": null, "wall_color": "cream", "type": "house", "landmark": null, "footprint_source": "osm", "source_updated": null, "is_part": false, "parent": null, "hidden": false, "addr": "1715 Greenville Avenue", "wikidata": null, "website": null, "zoning": "R-5", "lidar_p90": 5.74, "ground_z": 56.62 }, "geometry": { "type": "Polygon", "coordinates": [ [ [ 281655.07, 4156882.08 ], [ 281651.86, 4156882.87 ], [ 281650.67, 4156878.04 ], [ 281644.82, 4156879.47 ], [ 281647.01, 4156888.33 ], [ 281656.1, 4156886.11 ], [ 281655.07, 4156882.08 ] ] ] } },
{ "type": "Feature", "properties": { "id": "osm:way/600808949", "name": null, "height": 3.81, "min_height": 0.0, "levels": null, "height_source": "lidar", "roof_shape": "flat", "roof_height": 0.11, "roof_azimuth": null, "roof_source": "lod2", "roof_color": "roof_flat", "roof_color_source": "heuristic", "lod2_roof": { "v": [ [ 281666.74, 4156886.08, 0.11 ], [ 281666.01, 4156882.23, 0.0 ], [ 281670.98, 4156885.28, 0.09 ], [ 281670.18, 4156881.12, 0.0 ] ], "f": [ [ [ 1, 3, 2, 0 ] ] ] }, "roof_props": null, "wall_color": "sand", "type": "yes", "landmark": null, "footprint_source": "osm", "source_updated": null, "is_part": false, "parent": null, "hidden": false, "addr": null, "wikidata": null, "website": null, "zoning": "R-5", "lidar_p90": 3.84, "ground_z": 56.44 }, "geometry": { "type": "Polygon", "coordinates": [ [ [ 281665.9, 4156881.64 ], [ 281666.74, 4156886.07 ], [ 281670.98, 4156885.27 ], [ 281670.13, 4156880.84 ], [ 281665.9, 4156881.64 ] ] ] } },
{ "type": "Feature", "properties": { "id": "osm:way/600838513", "name": null, "height": 3.68, "min_height": 0.0, "levels": null, "height_source": "lidar", "roof_shape": "gable", "roof_height": 3.53, "roof_azimuth": 13.6, "roof_source": "lod2", "roof_color": "roof_red", "roof_color_source": "heuristic", "lod2_roof": { "v": [ [ 281714.38, 4156752.37, 3.53 ], [ 281714.38, 4156752.37, 3.53 ], [ 281719.27, 4156751.18, 0.0 ], [ 281721.27, 4156759.38, 1.14 ], [ 281719.2, 4156759.88, 1.13 ], [ 281720.22, 4156755.07, 0.0 ], [ 281717.39, 4156758.54, 2.27 ], [ 281717.39, 4156758.54, 2.41 ], [ 281717.35, 4156758.68, 2.32 ], [ 281716.2, 4156760.61, 3.49 ], [ 281716.2, 4156760.61, 3.49 ], [ 281718.61, 4156756.18, 0.98 ], [ 281718.61, 4156756.18, 0.98 ], [ 281717.57, 4156757.95, 2.04 ], [ 281717.57, 4156757.95, 2.04 ], [ 281718.61, 4156756.18, 0.98 ], [ 281720.22, 4156755.07, 0.47 ], [ 281720.87, 4156757.75, 2.4 ], [ 281710.67, 4156753.26, 0.73 ], [ 281712.67, 4156761.46, 0.83 ], [ 281717.57, 4156757.95, 2.04 ] ], "f": [ [ [ 17, 3, 4, 8, 7 ] ], [ [ 14, 20, 6, 8, 4, 10, 0, 2, 5, 15, 11 ] ], [ [ 19, 18, 1, 9 ] ], [ [ 7, 20, 13, 12, 15, 16, 17 ] ], [ [ 6, 7, 8 ] ], [ [ 11, 12, 13, 14 ] ], [ [ 12, 11, 15 ] ], [ [ 5, 16, 15 ] ], [ [ 10, 9, 1, 0 ] ], [ [ 14, 13, 20 ] ], [ [ 7, 6, 20 ] ] ] }, "roof_props": null, "wall_color": "brick_dark", "type": "house", "landmark": null, "footprint_source": "osm", "source_updated": null, "is_part": false, "parent": null, "hidden": false, "addr": "1815 Carter Street", "wikidata": null, "website": null, "zoning": "R-5", "lidar_p90": 5.84, "ground_z": 54.8 }, "geometry": { "type": "Polygon", "coordinates": [ [ [ 281721.27, 4156759.38 ], [ 281719.27, 4156751.18 ], [ 281710.67, 4156753.26 ], [ 281712.67, 4156761.46 ], [ 281721.27, 4156759.38 ] ] ] } },
{ "type": "Feature", "properties": { "id": "osm:way/600838477", "name": null, "height": 3.14, "min_height": 0.0, "levels": null, "height_source": "lidar", "roof_shape": "flat", "roof_height": 0.44, "roof_azimuth": null, "roof_source": "lod2", "roof_color": "concrete", "roof_color_source": "heuristic", "lod2_roof": { "v": [ [ 281738.79, 4156768.91, 0.0 ], [ 281737.64, 4156769.18, 0.0 ], [ 281739.19, 4156770.64, 0.0 ], [ 281737.09, 4156766.78, 0.0 ], [ 281738.3, 4156766.51, 0.0 ], [ 281737.87, 4156764.64, 0.0 ], [ 281739.44, 4156764.28, 0.44 ], [ 281740.53, 4156764.03, 0.0 ], [ 281740.65, 4156770.3, 0.43 ], [ 281741.9, 4156770.01, 0.0 ] ], "f": [ [ [ 6, 8, 2, 0, 1, 3, 4, 5 ] ], [ [ 7, 9, 8, 6 ] ] ] }, "roof_props": null, "wall_color": "brick", "type": "yes", "landmark": null, "footprint_source": "osm", "source_updated": null, "is_part": false, "parent": null, "hidden": false, "addr": null, "wikidata": null, "website": null, "zoning": "R-5", "lidar_p90": 3.23, "ground_z": 55.29 }, "geometry": { "type": "Polygon", "coordinates": [ [ [ 281741.9, 4156770.01 ], [ 281740.53, 4156764.03 ], [ 281737.87, 4156764.64 ], [ 281738.3, 4156766.51 ], [ 281737.09, 4156766.78 ], [ 281737.64, 4156769.18 ], [ 281738.79, 4156768.91 ], [ 281739.19, 4156770.64 ], [ 281741.9, 4156770.01 ] ] ] } },
{ "type": "Feature", "properties": { "id": "osm:way/600838514", "name": null, "height": 3.66, "min_height": 0.0, "levels": null, "height_source": "lidar", "roof_shape": "gable", "roof_height": 2.87, "roof_azimuth": 13.6, "roof_source": "lod2", "roof_color": "concrete", "roof_color_source": "ortho", "lod2_roof": { "v": [ [ 281720.27, 4156765.14, 0.76 ], [ 281722.8, 4156764.53, 0.0 ], [ 281716.08, 4156774.89, 0.53 ], [ 281714.07, 4156766.63, 0.46 ], [ 281723.62, 4156769.35, 0.49 ], [ 281723.62, 4156769.35, 0.2 ], [ 281724.23, 4156771.25, 1.7 ], [ 281720.96, 4156770.04, 1.01 ], [ 281720.96, 4156770.04, 0.71 ], [ 281721.03, 4156770.55, 1.03 ], [ 281721.21, 4156771.83, 1.84 ], [ 281721.21, 4156771.83, 1.1 ], [ 281722.32, 4156769.68, 0.6 ], [ 281721.46, 4156773.59, 0.55 ], [ 281721.46, 4156773.59, 1.19 ], [ 281721.35, 4156772.77, 1.15 ], [ 281724.13, 4156772.95, 0.53 ], [ 281717.31, 4156765.85, 2.87 ], [ 281717.31, 4156765.85, 2.87 ], [ 281719.17, 4156774.14, 2.82 ], [ 281723.95, 4156769.26, 0.1 ], [ 281724.41, 4156771.82, 1.27 ] ], "f": [ [ [ 8, 12, 4, 6, 10, 9 ] ], [ [ 17, 19, 2, 3 ] ], [ [ 20, 5, 12, 7, 0, 1 ] ], [ [ 21, 16, 13, 15, 10, 6 ] ], [ [ 19, 18, 0, 7, 9, 11, 15, 14 ] ], [ [ 7, 8, 9 ] ], [ [ 10, 11, 9 ] ], [ [ 5, 4, 12 ] ], [ [ 8, 7, 12 ] ], [ [ 13, 14, 15 ] ], [ [ 11, 10, 15 ] ], [ [ 17, 18, 19 ] ] ] }, "roof_props": null, "wall_color": "brick", "type": "house", "landmark": null, "footprint_source": "osm", "source_updated": null, "is_part": false, "parent": null, "hidden": false, "addr": "1813 Carter Street", "wikidata": null, "website": null, "zoning": "R-5", "lidar_p90": 5.91, "ground_z": 55.4 }, "geometry": { "type": "Polygon", "coordinates": [ [ [ 281724.81, 4156772.78 ], [ 281722.8, 4156764.53 ], [ 281714.06, 4156766.63 ], [ 281716.08, 4156774.89 ], [ 281724.81, 4156772.78 ] ] ] } },
{ "type": "Feature", "properties": { "id": "osm:way/600838478", "name": null, "height": 2.5, "min_height": 0.0, "levels": null, "height_source": "lidar", "roof_shape": "flat", "roof_height": 0.57, "roof_azimuth": null, "roof_source": "lod2", "roof_color": "roof_dark", "roof_color_source": "heuristic", "lod2_roof": { "v": [ [ 281745.58, 4156782.21, 0.0 ], [ 281742.78, 4156782.7, 0.54 ], [ 281745.02, 4156779.77, 0.0 ], [ 281742.2, 4156780.15, 0.57 ] ], "f": [ [ [ 3, 2, 0, 1 ] ] ] }, "roof_props": null, "wall_color": "concrete", "type": "yes", "landmark": null, "footprint_source": "osm", "source_updated": null, "is_part": false, "parent": null, "hidden": false, "addr": null, "wikidata": null, "website": null, "zoning": "R-5", "lidar_p90": 2.67, "ground_z": 55.53 }, "geometry": { "type": "Polygon", "coordinates": [ [ [ 281745.58, 4156782.21 ], [ 281744.55, 4156777.67 ], [ 281741.78, 4156778.29 ], [ 281742.78, 4156782.7 ], [ 281745.58, 4156782.21 ] ] ] } },
{ "type": "Feature", "properties": { "id": "osm:way/600838515", "name": null, "height": 3.59, "min_height": 0.0, "levels": null, "height_source": "lidar", "roof_shape": "gable", "roof_height": 0.95, "roof_azimuth": 117.2, "roof_source": "lidar", "roof_color": "slate", "roof_color_source": "ortho", "lod2_roof": null, "roof_props": null, "wall_color": "sand", "type": "house", "landmark": null, "footprint_source": "osm", "source_updated": null, "is_part": false, "parent": null, "hidden": false, "addr": "1811 Carter Street", "wikidata": null, "website": null, "zoning": "R-5", "lidar_p90": 5.77, "ground_z": 55.58 }, "geometry": { "type": "Polygon", "coordinates": [ [ [ 281732.1, 4156785.16 ], [ 281731.23, 4156781.18 ], [ 281732.42, 4156780.93 ], [ 281731.43, 4156776.43 ], [ 281716.84, 4156779.59 ], [ 281717.57, 4156782.92 ], [ 281719.14, 4156782.58 ], [ 281720.26, 4156787.72 ], [ 281732.1, 4156785.16 ] ] ] } },
{ "type": "Feature", "properties": { "id": "osm:way/600838479", "name": null, "height": 3.25, "min_height": 0.0, "levels": null, "height_source": "lidar", "roof_shape": "flat", "roof_height": 1.12, "roof_azimuth": null, "roof_source": "lod2", "roof_color": "roof_flat", "roof_color_source": "ortho", "lod2_roof": { "v": [ [ 281742.3, 4156796.73, 0.0 ], [ 281741.05, 4156790.71, 0.0 ], [ 281740.9, 4156789.98, 0.0 ], [ 281748.42, 4156792.16, 0.0 ], [ 281748.03, 4156792.26, 0.0 ], [ 281747.68, 4156788.58, 0.0 ], [ 281748.01, 4156795.55, 0.0 ], [ 281742.62, 4156796.66, 0.0 ], [ 281748.83, 4156795.38, 0.0 ], [ 281748.01, 4156795.55, 0.0 ], [ 281747.82, 4156794.9, 0.0 ], [ 281743.71, 4156793.68, 0.57 ], [ 281743.71, 4156793.68, 0.89 ], [ 281742.93, 4156795.83, 0.0 ], [ 281742.62, 4156796.66, 0.0 ], [ 281747.09, 4156788.7, 0.0 ], [ 281747.09, 4156788.7, 0.0 ], [ 281746.75, 4156789.73, 0.0 ], [ 281744.42, 4156793.04, 1.01 ], [ 281744.42, 4156793.04, 1.12 ], [ 281744.54, 4156793.13, 1.06 ], [ 281744.91, 4156793.03, 1.06 ] ], "f": [ [ [ 18, 11, 13, 14, 0, 1 ] ], [ [ 19, 20, 21, 10, 6, 7, 13, 12 ] ], [ [ 20, 18, 1, 2, 15, 17, 21 ] ], [ [ 4, 8, 9, 10, 21, 17, 16, 5, 3 ] ], [ [ 9, 6, 10 ] ], [ [ 11, 12, 13 ] ], [ [ 7, 14, 13 ] ], [ [ 15, 16, 17 ] ], [ [ 12, 11, 18, 19 ] ], [ [ 19, 18, 20 ] ] ] }, "roof_props": null, "wall_color": "cream", "type": "yes", "landmark": null, "footprint_source": "osm", "source_updated": null, "is_part": false, "parent": null, "hidden": false, "addr": null, "wikidata": null, "website": null, "zoning": "R-5", "lidar_p90": 3.81, "ground_z": 55.88 }, "geometry": { "type": "Polygon", "coordinates": [ [ [ 281749.08, 4156795.33 ], [ 281747.68, 4156788.58 ], [ 281740.9, 4156789.98 ], [ 281742.3, 4156796.73 ], [ 281749.08, 4156795.33 ] ] ] } },
{ "type": "Feature", "properties": { "id": "osm:way/600838516", "name": null, "height": 3.11, "min_height": 0.0, "levels": null, "height_source": "lidar", "roof_shape": "gable", "roof_height": 3.28, "roof_azimuth": 11.9, "roof_source": "lod2", "roof_color": "slate", "roof_color_source": "heuristic", "lod2_roof": { "v": [ [ 281728.12, 4156791.17, 0.0 ], [ 281728.22, 4156791.67, 0.56 ], [ 281728.22, 4156791.67, 0.0 ], [ 281731.09, 4156791.27, 0.0 ], [ 281731.09, 4156791.27, 0.0 ], [ 281731.58, 4156793.59, 0.0 ], [ 281730.73, 4156793.78, 0.16 ], [ 281729.03, 4156799.96, 1.35 ], [ 281729.03, 4156799.96, 0.82 ], [ 281726.46, 4156800.5, 3.27 ], [ 281728.51, 4156798.21, 1.43 ], [ 281728.51, 4156798.21, 2.19 ], [ 281728.81, 4156799.25, 1.38 ], [ 281731.92, 4156799.36, 0.85 ], [ 281721.34, 4156792.59, 0.87 ], [ 281724.47, 4156791.93, 3.28 ], [ 281724.47, 4156791.93, 3.28 ], [ 281728.12, 4156791.17, 0.55 ], [ 281730.94, 4156790.58, 0.0 ], [ 281728.12, 4156791.17, 0.0 ], [ 281726.46, 4156800.5, 3.27 ], [ 281723.16, 4156801.2, 0.74 ], [ 281730.95, 4156790.61, 0.0 ], [ 281731.0, 4156795.02, 0.18 ], [ 281731.55, 4156797.61, 2.19 ], [ 281728.27, 4156797.41, 1.47 ], [ 281728.27, 4156797.41, 1.56 ], [ 281728.29, 4156797.22, 1.42 ], [ 281729.09, 4156796.03, 0.65 ] ], "f": [ [ [ 18, 22, 3, 2, 19 ] ], [ [ 23, 28, 1, 4, 5, 6 ] ], [ [ 24, 13, 8, 12, 11 ] ], [ [ 23, 24, 11, 26, 27, 28 ] ], [ [ 16, 20, 21, 14 ] ], [ [ 9, 15, 17, 1, 28, 27, 25, 10, 12, 7 ] ], [ [ 1, 2, 3, 4 ] ], [ [ 10, 11, 12 ] ], [ [ 8, 7, 12 ] ], [ [ 17, 0, 19, 2, 1 ] ], [ [ 11, 10, 25, 26 ] ], [ [ 26, 25, 27 ] ], [ [ 16, 15, 9, 20 ] ] ] }, "roof_props": null, "wall_color": "brick", "type": "house", "landmark": null, "footprint_source": "osm", "source_updated": null, "is_part": false, "parent": null, "hidden": false, "addr": "1809 Carter Street", "wikidata": null, "website": null, "zoning": "R-5", "lidar_p90": 5.84, "ground_z": 56.16 }, "geometry": { "type": "Polygon", "coordinates": [ [ [ 281731.92, 4156799.35 ], [ 281730.73, 4156793.78 ], [ 281731.58, 4156793.59 ], [ 281730.94, 4156790.57 ], [ 281721.34, 4156792.59 ], [ 281723.16, 4156801.2 ], [ 281731.92, 4156799.35 ] ] ] } },
{ "type": "Feature", "properties": { "id": "osm:way/600838480", "name": null, "height": 3.01, "min_height": 0.0, "levels": null, "height_source": "lidar", "roof_shape": "flat", "roof_height": 0.58, "roof_azimuth": null, "roof_source": "lod2", "roof_color": "concrete", "roof_color_source": "heuristic", "lod2_roof": { "v": [ [ 281743.5, 4156802.74, 0.58 ], [ 281742.91, 4156800.42, 0.0 ], [ 281743.96, 4156804.54, 0.0 ], [ 281749.03, 4156798.87, 0.0 ], [ 281749.64, 4156801.25, 0.56 ], [ 281750.05, 4156802.84, 0.0 ] ], "f": [ [ [ 1, 3, 4, 0 ] ], [ [ 4, 5, 2, 0 ] ] ] }, "roof_props": null, "wall_color": "terracotta", "type": "yes", "landmark": null, "footprint_source": "osm", "source_updated": null, "is_part": false, "parent": null, "hidden": false, "addr": null, "wikidata": null, "website": null, "zoning": "R-5", "lidar_p90": 3.13, "ground_z": 56.06 }, "geometry": { "type": "Polygon", "coordinates": [ [ [ 281750.04, 4156802.84 ], [ 281749.03, 4156798.87 ], [ 281742.91, 4156800.42 ], [ 281743.96, 4156804.54 ], [ 281750.04, 4156802.84 ] ] ] } },
{ "type": "Feature", "properties": { "id": "osm:way/600838517", "name": null, "height": 3.77, "min_height": 0.0, "levels": null, "height_source": "lidar", "roof_shape": "gable", "roof_height": 2.53, "roof_azimuth": 102.4, "roof_source": "lod2", "roof_color": "slate", "roof_color_source": "ortho", "lod2_roof": { "v": [ [ 281727.6, 4156805.55, 2.51 ], [ 281731.5, 4156804.7, 0.0 ], [ 281724.57, 4156806.21, 0.18 ], [ 281738.04, 4156812.15, 0.0 ], [ 281732.07, 4156813.47, 0.23 ], [ 281726.45, 4156814.7, 0.15 ], [ 281732.4, 4156808.78, 0.0 ], [ 281732.4, 4156808.78, 0.0 ], [ 281732.43, 4156808.89, 0.0 ], [ 281737.09, 4156807.87, 0.0 ], [ 281731.38, 4156811.83, 0.83 ], [ 281731.38, 4156811.83, 1.38 ], [ 281731.8, 4156812.82, 0.68 ], [ 281732.07, 4156813.47, 0.59 ], [ 281731.86, 4156810.76, 1.88 ], [ 281731.86, 4156810.76, 0.59 ], [ 281736.39, 4156810.75, 0.64 ], [ 281737.65, 4156810.38, 0.51 ], [ 281731.86, 4156810.76, 0.29 ], [ 281731.8, 4156809.73, 0.16 ], [ 281731.8, 4156809.73, 0.19 ], [ 281731.45, 4156810.78, 1.99 ], [ 281731.45, 4156810.78, 0.59 ], [ 281729.54, 4156814.02, 2.53 ], [ 281729.54, 4156814.02, 2.53 ] ], "f": [ [ [ 22, 10, 12, 13, 23, 0, 1, 7, 19, 18 ] ], [ [ 0, 24, 5, 2 ] ], [ [ 20, 6, 8, 9, 17, 16, 15 ] ], [ [ 11, 21, 14, 16, 17, 3, 4, 12 ] ], [ [ 10, 11, 12 ] ], [ [ 4, 13, 12 ] ], [ [ 14, 15, 16 ] ], [ [ 15, 18, 19, 20 ] ], [ [ 21, 22, 18, 15, 14 ] ], [ [ 23, 24, 0 ] ], [ [ 20, 19, 7, 6 ] ], [ [ 11, 10, 22, 21 ] ] ] }, "roof_props": null, "wall_color": "sand", "type": "house", "landmark": null, "footprint_source": "osm", "source_updated": null, "is_part": false, "parent": null, "hidden": false, "addr": "1807 Carter Street", "wikidata": null, "website": null, "zoning": "R-5", "lidar_p90": 5.91, "ground_z": 56.57 }, "geometry": { "type": "Polygon", "coordinates": [ [ [ 281738.04, 4156812.15 ], [ 281737.09, 4156807.87 ], [ 281732.43, 4156808.89 ], [ 281731.5, 4156804.7 ], [ 281724.57, 4156806.21 ], [ 281726.45, 4156814.7 ], [ 281738.04, 4156812.15 ] ] ] } },
{ "type": "Feature", "properties": { "id": "osm:way/600838483", "name": null, "height": 3.35, "min_height": 0.0, "levels": null, "height_source": "lidar", "roof_shape": "flat", "roof_height": 0.69, "roof_azimuth": null, "roof_source": "lod2", "roof_color": "roof_flat", "roof_color_source": "ortho", "lod2_roof": { "v": [ [ 281746.89, 4156824.56, 0.34 ], [ 281746.05, 4156821.59, 0.69 ], [ 281745.35, 4156819.12, 0.0 ], [ 281752.96, 4156816.99, 0.0 ], [ 281754.55, 4156822.62, 0.06 ], [ 281753.7, 4156819.61, 0.42 ] ], "f": [ [ [ 3, 5, 1, 2 ] ], [ [ 5, 4, 0, 1 ] ] ] }, "roof_props": null, "wall_color": "brick", "type": "yes", "landmark": null, "footprint_source": "osm", "source_updated": null, "is_part": false, "parent": null, "hidden": false, "addr": null, "wikidata": null, "website": null, "zoning": "R-5", "lidar_p90": 3.46, "ground_z": 56.42 }, "geometry": { "type": "Polygon", "coordinates": [ [ [ 281754.55, 4156822.62 ], [ 281752.96, 4156816.99 ], [ 281745.35, 4156819.12 ], [ 281746.89, 4156824.56 ], [ 281754.55, 4156822.62 ] ] ] } },
{ "type": "Feature", "properties": { "id": "osm:way/600838518", "name": null, "height": 4.83, "min_height": 0.0, "levels": null, "height_source": "lidar", "roof_shape": "gable", "roof_height": 2.42, "roof_azimuth": null, "roof_source": "heuristic", "roof_color": "roof_flat", "roof_color_source": "ortho", "lod2_roof": null, "roof_props": null, "wall_color": "brick", "type": "house", "landmark": null, "footprint_source": "osm", "source_updated": null, "is_part": false, "parent": null, "hidden": false, "addr": "1805 Carter Street", "wikidata": null, "website": null, "zoning": "R-5", "lidar_p90": 5.76, "ground_z": 56.88 }, "geometry": { "type": "Polygon", "coordinates": [ [ [ 281742.28, 4156824.91 ], [ 281740.26, 4156816.5 ], [ 281727.25, 4156819.6 ], [ 281729.34, 4156828.31 ], [ 281742.28, 4156824.91 ] ] ] } },
{ "type": "Feature", "properties": { "id": "osm:way/600808878", "name": null, "height": 4.95, "min_height": 0.0, "levels": null, "height_source": "lidar", "roof_shape": "gable", "roof_height": 1.57, "roof_azimuth": null, "roof_source": "lod2", "roof_color": "roof_flat", "roof_color_source": "ortho", "lod2_roof": { "v": [ [ 281503.95, 4156860.04, 0.0 ], [ 281501.24, 4156860.65, 0.0 ], [ 281500.16, 4156855.9, 0.0 ], [ 281502.78, 4156854.54, 0.0 ], [ 281502.78, 4156854.54, 0.0 ], [ 281502.49, 4156853.26, 0.38 ], [ 281501.95, 4156853.39, 0.38 ], [ 281500.12, 4156845.24, 0.15 ], [ 281510.71, 4156842.87, 0.19 ], [ 281511.63, 4156851.22, 0.0 ], [ 281513.46, 4156859.34, 0.0 ], [ 281512.54, 4156851.02, 0.35 ], [ 281511.84, 4156851.18, 0.0 ], [ 281511.84, 4156851.18, 0.36 ], [ 281504.25, 4156861.39, 0.0 ], [ 281509.26, 4156860.27, 0.41 ], [ 281501.07, 4156849.46, 1.56 ], [ 281511.63, 4156846.99, 1.57 ], [ 281511.83, 4156850.9, 0.0 ], [ 281511.83, 4156850.9, 0.44 ], [ 281502.94, 4156855.27, 0.0 ], [ 281503.71, 4156853.17, 0.32 ], [ 281503.71, 4156853.17, 0.0 ], [ 281506.17, 4156853.35, 0.11 ], [ 281507.53, 4156853.45, 0.0 ], [ 281507.53, 4156853.45, 0.46 ], [ 281507.72, 4156853.46, 0.0 ], [ 281507.72, 4156853.46, 0.39 ], [ 281508.03, 4156853.59, 0.0 ], [ 281508.03, 4156853.59, 0.31 ], [ 281508.8, 4156853.05, 0.02 ] ], "f": [ [ [ 22, 23, 25, 15, 14, 0, 1, 2, 20, 4 ] ], [ [ 17, 16, 7, 8 ] ], [ [ 19, 30, 28, 26, 24, 23, 21, 3, 5, 6, 16, 17, 11, 13 ] ], [ [ 29, 30, 18, 12, 9, 10, 15, 25, 27 ] ], [ [ 13, 12, 18, 19 ] ], [ [ 21, 22, 4, 3 ] ], [ [ 22, 21, 23 ] ], [ [ 24, 25, 23 ] ], [ [ 25, 24, 26, 27 ] ], [ [ 27, 26, 28, 29 ] ], [ [ 19, 18, 30 ] ], [ [ 29, 28, 30 ] ] ] }, "roof_props": null, "wall_color": "brick", "type": "house", "landmark": null, "footprint_source": "osm", "source_updated": null, "is_part": false, "parent": null, "hidden": false, "addr": "1800 Georgia Avenue", "wikidata": null, "website": null, "zoning": "R-5", "lidar_p90": 6.12, "ground_z": 57.1 }, "geometry": { "type": "Polygon", "coordinates": [ [ [ 281513.46, 4156859.33 ], [ 281511.63, 4156851.22 ], [ 281512.54, 4156851.02 ], [ 281510.71, 4156842.87 ], [ 281500.12, 4156845.24 ], [ 281501.95, 4156853.39 ], [ 281502.49, 4156853.26 ], [ 281502.94, 4156855.27 ], [ 281500.16, 4156855.9 ], [ 281501.23, 4156860.64 ], [ 281503.95, 4156860.04 ], [ 281504.25, 4156861.39 ], [ 281513.46, 4156859.33 ] ] ] } },
{ "type": "Feature", "properties": { "id": "osm:way/600808879", "name": null, "height": 3.62, "min_height": 0.0, "levels": null, "height_source": "lidar", "roof_shape": "gable", "roof_height": 2.11, "roof_azimuth": 11.4, "roof_source": "lidar", "roof_color": "roof_flat", "roof_color_source": "ortho", "lod2_roof": null, "roof_props": null, "wall_color": "brick", "type": "house", "landmark": null, "footprint_source": "osm", "source_updated": null, "is_part": false, "parent": null, "hidden": false, "addr": "1714 Georgia Avenue", "wikidata": null, "website": null, "zoning": "R-5", "lidar_p90": 5.93, "ground_z": 57.15 }, "geometry": { "type": "Polygon", "coordinates": [ [ [ 281523.39, 4156890.39 ], [ 281525.05, 4156890.06 ], [ 281524.24, 4156886.09 ], [ 281522.36, 4156886.47 ], [ 281521.89, 4156884.16 ], [ 281513.17, 4156885.93 ], [ 281514.01, 4156890.07 ], [ 281515.88, 4156889.7 ], [ 281516.2, 4156891.23 ], [ 281513.65, 4156891.76 ], [ 281514.24, 4156894.64 ], [ 281523.86, 4156892.69 ], [ 281523.39, 4156890.39 ] ] ] } },
{ "type": "Feature", "properties": { "id": "osm:way/600808880", "name": null, "height": 3.54, "min_height": 0.0, "levels": null, "height_source": "lidar", "roof_shape": "gable", "roof_height": 2.71, "roof_azimuth": 12.7, "roof_source": "lod2", "roof_color": "roof_flat", "roof_color_source": "ortho", "lod2_roof": { "v": [ [ 281516.89, 4156903.77, 0.0 ], [ 281517.14, 4156903.71, 0.0 ], [ 281526.93, 4156906.03, 0.0 ], [ 281524.75, 4156906.52, 0.43 ], [ 281517.76, 4156907.52, 0.0 ], [ 281515.69, 4156907.98, 0.0 ], [ 281514.84, 4156904.23, 0.0 ], [ 281516.26, 4156899.82, 0.03 ], [ 281519.83, 4156899.28, 2.71 ], [ 281522.71, 4156897.98, 0.0 ], [ 281524.99, 4156897.47, 0.0 ], [ 281522.71, 4156897.98, 0.47 ], [ 281522.21, 4156899.59, 1.01 ], [ 281522.21, 4156899.59, 1.09 ], [ 281518.1, 4156907.44, 0.02 ], [ 281518.23, 4156907.99, 0.02 ], [ 281522.51, 4156900.4, 1.61 ], [ 281522.51, 4156900.4, 1.01 ], [ 281522.24, 4156899.68, 1.08 ], [ 281521.71, 4156907.21, 2.68 ], [ 281521.71, 4156907.21, 2.68 ], [ 281526.05, 4156902.13, 0.0 ], [ 281519.83, 4156899.28, 2.71 ], [ 281519.69, 4156898.65, 2.71 ], [ 281522.85, 4156901.33, 0.92 ], [ 281525.49, 4156899.67, 1.51 ], [ 281520.9, 4156903.79, 2.69 ] ], "f": [ [ [ 5, 6, 0, 4 ] ], [ [ 21, 2, 3, 24 ] ], [ [ 25, 16, 18, 12, 9, 10 ] ], [ [ 16, 25, 21, 24 ] ], [ [ 8, 26, 19, 15, 14, 4, 0, 1, 7 ] ], [ [ 20, 26, 22, 23, 11, 13, 18, 17, 24, 3 ] ], [ [ 11, 9, 12, 13 ] ], [ [ 16, 17, 18 ] ], [ [ 13, 12, 18 ] ], [ [ 17, 16, 24 ] ], [ [ 8, 22, 26 ] ], [ [ 20, 19, 26 ] ] ] }, "roof_props": null, "wall_color": "brick", "type": "house", "landmark": null, "footprint_source": "osm", "source_updated": null, "is_part": false, "parent": null, "hidden": false, "addr": "1712 Georgia Avenue", "wikidata": null, "website": null, "zoning": "R-5", "lidar_p90": 6.04, "ground_z": 56.68 }, "geometry": { "type": "Polygon", "coordinates": [ [ [ 281524.99, 4156897.46 ], [ 281516.17, 4156899.44 ], [ 281517.14, 4156903.71 ], [ 281514.84, 4156904.23 ], [ 281515.69, 4156907.98 ], [ 281518.1, 4156907.44 ], [ 281518.23, 4156907.99 ], [ 281526.93, 4156906.03 ], [ 281524.99, 4156897.46 ] ] ] } },
{ "type": "Feature", "properties": { "id": "osm:way/600808881", "name": null, "height": 4.07, "min_height": 0.0, "levels": null, "height_source": "lidar", "roof_shape": "gable", "roof_height": 2.02, "roof_azimuth": 11.4, "roof_source": "lod2", "roof_color": "roof_flat", "roof_color_source": "ortho", "lod2_roof": { "v": [ [ 281521.8, 4156912.27, 0.0 ], [ 281521.58, 4156911.17, 0.0 ], [ 281521.59, 4156916.78, 0.0 ], [ 281521.55, 4156916.62, 0.0 ], [ 281523.83, 4156910.72, 0.0 ], [ 281524.14, 4156912.05, 0.0 ], [ 281521.62, 4156912.61, 0.15 ], [ 281521.62, 4156912.61, 0.0 ], [ 281524.14, 4156912.05, 2.02 ], [ 281528.37, 4156915.56, 0.05 ], [ 281528.37, 4156915.56, 0.0 ], [ 281528.22, 4156914.94, 0.0 ], [ 281521.56, 4156912.62, 0.11 ], [ 281521.56, 4156912.62, 0.0 ], [ 281521.62, 4156912.61, 0.0 ], [ 281521.79, 4156914.64, 0.0 ], [ 281521.79, 4156914.64, 0.91 ], [ 281521.65, 4156913.44, 0.04 ], [ 281530.27, 4156915.01, 0.0 ], [ 281530.48, 4156915.99, 0.0 ], [ 281530.03, 4156913.83, 0.0 ], [ 281528.96, 4156916.61, 0.0 ], [ 281529.56, 4156919.59, 0.0 ], [ 281526.03, 4156920.3, 2.0 ], [ 281528.9, 4156916.31, 0.0 ], [ 281521.4, 4156912.35, 0.0 ], [ 281521.4, 4156912.35, 0.0 ], [ 281518.94, 4156912.85, 0.0 ], [ 281524.19, 4156912.25, 2.02 ], [ 281524.45, 4156912.15, 1.82 ], [ 281528.57, 4156916.35, 0.0 ], [ 281522.45, 4156921.02, 0.0 ], [ 281519.43, 4156915.25, 0.87 ], [ 281524.57, 4156911.95, 1.7 ], [ 281527.32, 4156911.34, 0.0 ], [ 281519.79, 4156916.98, 0.0 ], [ 281528.3, 4156914.18, 0.0 ], [ 281528.79, 4156914.08, 0.0 ], [ 281527.23, 4156910.98, 0.0 ], [ 281527.63, 4156910.9, 0.0 ], [ 281521.96, 4156916.18, 0.0 ] ], "f": [ [ [ 1, 4, 5, 7, 25, 0 ] ], [ [ 30, 9, 18, 19, 24, 21 ] ], [ [ 16, 32, 27, 26, 14, 13, 17 ] ], [ [ 2, 40, 15, 17, 12, 6, 8, 28, 23, 31 ] ], [ [ 37, 20, 18, 9, 11 ] ], [ [ 40, 2, 3, 35, 32, 16 ] ], [ [ 39, 36, 37, 11, 10, 30, 21, 22, 23, 28, 29, 33, 34, 38 ] ], [ [ 6, 7, 5, 8 ] ], [ [ 9, 10, 11 ] ], [ [ 12, 13, 14, 7, 6 ] ], [ [ 15, 16, 17 ] ], [ [ 13, 12, 17 ] ], [ [ 7, 14, 26, 25 ] ], [ [ 10, 9, 30 ] ], [ [ 16, 15, 40 ] ] ] }, "roof_props": null, "wall_color": "brick", "type": "house", "landmark": null, "footprint_source": "osm", "source_updated": null, "is_part": false, "parent": null, "hidden": false, "addr": "1710 Georgia Avenue", "wikidata": null, "website": null, "zoning": "R-5", "lidar_p90": 5.93, "ground_z": 56.31 }, "geometry": { "type": "Polygon", "coordinates": [ [ [ 281528.9, 4156916.31 ], [ 281530.48, 4156915.99 ], [ 281530.03, 4156913.83 ], [ 281528.3, 4156914.18 ], [ 281527.63, 4156910.9 ], [ 281524.3, 4156911.56 ], [ 281524.12, 4156910.66 ], [ 281521.58, 4156911.17 ], [ 281521.8, 4156912.27 ], [ 281518.94, 4156912.85 ], [ 281519.78, 4156916.98 ], [ 281521.55, 4156916.62 ], [ 281522.45, 4156921.02 ], [ 281529.56, 4156919.59 ], [ 281528.9, 4156916.31 ] ] ] } },
{ "type": "Feature", "properties": { "id": "osm:way/600808882", "name": null, "height": 3.57, "min_height": 0.0, "levels": null, "height_source": "lidar", "roof_shape": "gable", "roof_height": 2.4, "roof_azimuth": 12.4, "roof_source": "lidar", "roof_color": "concrete", "roof_color_source": "ortho", "lod2_roof": null, "roof_props": null, "wall_color": "terracotta", "type": "house", "landmark": null, "footprint_source": "osm", "source_updated": null, "is_part": false, "parent": null, "hidden": false, "addr": "1708 Georgia Avenue", "wikidata": null, "website": null, "zoning": "R-5", "lidar_p90": 5.95, "ground_z": 56.08 }, "geometry": { "type": "Polygon", "coordinates": [ [ [ 281533.49, 4156929.26 ], [ 281531.79, 4156929.62 ], [ 281530.64, 4156924.41 ], [ 281522.05, 4156926.29 ], [ 281523.95, 4156934.9 ], [ 281534.23, 4156932.65 ], [ 281533.49, 4156929.26 ] ] ] } },
{ "type": "Feature", "properties": { "id": "osm:way/600838582", "name": null, "height": 3.13, "min_height": 0.0, "levels": null, "height_source": "lidar", "roof_shape": "gable", "roof_height": 2.79, "roof_azimuth": 12.0, "roof_source": "lod2", "roof_color": "roof_flat", "roof_color_source": "ortho", "lod2_roof": { "v": [ [ 281712.96, 4156894.69, 0.0 ], [ 281711.87, 4156894.92, 0.29 ], [ 281712.5, 4156892.57, 0.0 ], [ 281712.56, 4156898.14, 0.28 ], [ 281709.15, 4156898.86, 2.77 ], [ 281702.3, 4156896.13, 0.0 ], [ 281702.3, 4156896.13, 0.0 ], [ 281702.09, 4156895.14, 0.58 ], [ 281702.98, 4156894.95, 0.61 ], [ 281705.94, 4156899.54, 0.36 ], [ 281703.16, 4156900.13, 0.0 ], [ 281707.33, 4156890.44, 2.79 ], [ 281711.05, 4156889.81, 0.11 ], [ 281711.68, 4156892.74, 0.1 ], [ 281702.67, 4156893.49, 1.6 ], [ 281702.17, 4156891.16, 0.0 ], [ 281705.64, 4156892.87, 1.68 ], [ 281705.64, 4156892.87, 1.19 ], [ 281705.82, 4156893.55, 1.21 ], [ 281702.84, 4156896.15, 0.0 ], [ 281703.47, 4156890.89, 0.0 ], [ 281704.24, 4156891.39, 0.42 ], [ 281704.62, 4156891.37, 0.48 ], [ 281704.62, 4156891.37, 0.7 ], [ 281704.75, 4156891.72, 0.74 ], [ 281705.45, 4156892.17, 1.16 ], [ 281704.45, 4156890.93, 0.64 ], [ 281707.33, 4156890.44, 2.79 ], [ 281705.12, 4156894.71, 0.53 ] ], "f": [ [ [ 28, 19, 5, 7, 8, 14, 16, 18 ] ], [ [ 19, 28, 9, 10, 6 ] ], [ [ 21, 22, 24, 25, 16, 14, 15, 20 ] ], [ [ 27, 4, 9, 28, 18, 17, 25, 24, 23, 26 ] ], [ [ 4, 11, 12, 13, 2, 0, 1, 3 ] ], [ [ 16, 17, 18 ] ], [ [ 6, 5, 19 ] ], [ [ 22, 23, 24 ] ], [ [ 17, 16, 25 ] ], [ [ 27, 11, 4 ] ] ] }, "roof_props": null, "wall_color": "sand", "type": "house", "landmark": null, "footprint_source": "osm", "source_updated": null, "is_part": false, "parent": null, "hidden": false, "addr": "1712 Carter Street", "wikidata": null, "website": null, "zoning": "R-5", "lidar_p90": 5.79, "ground_z": 56.68 }, "geometry": { "type": "Polygon", "coordinates": [ [ [ 281712.56, 4156898.14 ], [ 281711.87, 4156894.92 ], [ 281712.96, 4156894.69 ], [ 281712.5, 4156892.57 ], [ 281711.68, 4156892.74 ], [ 281710.94, 4156889.3 ], [ 281702.17, 4156891.16 ], [ 281702.98, 4156894.95 ], [ 281702.09, 4156895.14 ], [ 281703.16, 4156900.13 ], [ 281712.56, 4156898.14 ] ] ] } },
{ "type": "Feature", "properties": { "id": "osm:way/600808964", "name": null, "height": 3.61, "min_height": 0.0, "levels": null, "height_source": "lidar", "roof_shape": "gable", "roof_height": 2.25, "roof_azimuth": 12.3, "roof_source": "lod2", "roof_color": "slate", "roof_color_source": "ortho", "lod2_roof": { "v": [ [ 281659.39, 4156899.22, 0.0 ], [ 281655.69, 4156900.02, 2.25 ], [ 281658.19, 4156893.76, 0.0 ], [ 281653.5, 4156899.09, 1.03 ], [ 281653.5, 4156899.09, 0.93 ], [ 281653.45, 4156898.97, 1.01 ], [ 281653.31, 4156898.65, 1.25 ], [ 281653.31, 4156898.65, 0.97 ], [ 281650.46, 4156901.15, 0.0 ], [ 281650.12, 4156899.6, 1.05 ], [ 281651.01, 4156895.25, 0.0 ], [ 281650.39, 4156892.46, 0.0 ], [ 281653.98, 4156891.88, 2.24 ], [ 281659.69, 4156893.45, 0.0 ], [ 281653.66, 4156900.46, 0.95 ], [ 281653.66, 4156900.46, 0.0 ], [ 281650.47, 4156895.37, 0.0 ], [ 281650.47, 4156895.37, 0.0 ], [ 281659.16, 4156891.04, 0.0 ], [ 281649.26, 4156895.63, 0.0 ], [ 281653.02, 4156897.97, 0.87 ], [ 281655.69, 4156900.02, 2.25 ], [ 281650.19, 4156896.01, 0.0 ] ], "f": [ [ [ 15, 8, 9, 6, 5, 4 ] ], [ [ 12, 21, 14, 3, 5, 7, 20, 22, 16, 10, 11 ] ], [ [ 19, 17, 22, 20, 6, 9 ] ], [ [ 1, 12, 18, 13, 2, 0 ] ], [ [ 3, 4, 5 ] ], [ [ 6, 7, 5 ] ], [ [ 14, 15, 4, 3 ] ], [ [ 7, 6, 20 ] ], [ [ 17, 16, 22 ] ], [ [ 1, 21, 12 ] ] ] }, "roof_props": null, "wall_color": "brick", "type": "house", "landmark": null, "footprint_source": "osm", "source_updated": null, "is_part": false, "parent": null, "hidden": false, "addr": "1713 Greenville Avenue", "wikidata": null, "website": null, "zoning": "R-5", "lidar_p90": 5.78, "ground_z": 56.65 }, "geometry": { "type": "Polygon", "coordinates": [ [ [ 281659.39, 4156899.22 ], [ 281658.19, 4156893.76 ], [ 281659.69, 4156893.44 ], [ 281658.92, 4156889.96 ], [ 281650.25, 4156891.85 ], [ 281651.0, 4156895.25 ], [ 281649.26, 4156895.63 ], [ 281650.46, 4156901.15 ], [ 281659.39, 4156899.22 ] ] ] } },
{ "type": "Feature", "properties": { "id": "osm:way/600838583", "name": null, "height": 3.19, "min_height": 0.0, "levels": null, "height_source": "lidar", "roof_shape": "gable", "roof_height": 2.77, "roof_azimuth": 11.3, "roof_source": "lod2", "roof_color": "concrete", "roof_color_source": "ortho", "lod2_roof": { "v": [ [ 281704.81, 4156913.87, 0.0 ], [ 281703.9, 4156909.34, 0.0 ], [ 281711.1, 4156903.41, 0.13 ], [ 281713.98, 4156902.83, 0.0 ], [ 281713.41, 4156908.76, 0.27 ], [ 281714.07, 4156912.02, 0.27 ], [ 281710.39, 4156912.75, 2.64 ], [ 281707.33, 4156913.36, 0.33 ], [ 281710.39, 4156912.75, 2.64 ], [ 281711.36, 4156905.58, 1.14 ], [ 281711.36, 4156905.58, 1.62 ], [ 281711.46, 4156906.45, 1.19 ], [ 281706.22, 4156908.88, 0.35 ], [ 281706.12, 4156908.4, 0.27 ], [ 281706.12, 4156908.4, 0.36 ], [ 281706.31, 4156908.58, 0.38 ], [ 281714.43, 4156905.03, 1.53 ], [ 281714.43, 4156905.03, 1.23 ], [ 281713.22, 4156905.09, 1.46 ], [ 281711.27, 4156904.82, 1.1 ], [ 281711.1, 4156903.41, 1.02 ], [ 281705.35, 4156904.56, 0.34 ], [ 281708.68, 4156904.4, 2.77 ], [ 281708.68, 4156904.4, 2.64 ], [ 281708.62, 4156904.57, 2.7 ], [ 281707.85, 4156904.06, 2.22 ], [ 281708.87, 4156903.86, 2.46 ], [ 281708.18, 4156904.28, 2.43 ], [ 281715.11, 4156908.42, 0.0 ], [ 281713.86, 4156908.67, 0.0 ], [ 281713.86, 4156908.67, 0.0 ], [ 281713.96, 4156908.1, 0.0 ] ], "f": [ [ [ 14, 15, 7, 0, 1, 12 ] ], [ [ 3, 16, 18, 10, 19, 2 ] ], [ [ 17, 28, 29, 31, 11, 10, 18 ] ], [ [ 24, 8, 7, 15, 13, 21, 25, 27, 22 ] ], [ [ 6, 24, 23, 26, 20, 19, 9, 11, 31, 30, 4, 5 ] ], [ [ 9, 10, 11 ] ], [ [ 14, 13, 15 ] ], [ [ 16, 17, 18 ] ], [ [ 10, 9, 19 ] ], [ [ 20, 2, 19 ] ], [ [ 22, 23, 24 ] ], [ [ 29, 30, 31 ] ], [ [ 6, 8, 24 ] ] ] }, "roof_props": null, "wall_color": "cream", "type": "house", "landmark": null, "footprint_source": "osm", "source_updated": null, "is_part": false, "parent": null, "hidden": false, "addr": "1710 Carter Street", "wikidata": null, "website": null, "zoning": "R-5", "lidar_p90": 5.69, "ground_z": 56.79 }, "geometry": { "type": "Polygon", "coordinates": [ [ [ 281714.07, 4156912.01 ], [ 281713.41, 4156908.76 ], [ 281715.11, 4156908.42 ], [ 281713.98, 4156902.83 ], [ 281705.34, 4156904.56 ], [ 281706.22, 4156908.88 ], [ 281703.9, 4156909.34 ], [ 281704.81, 4156913.87 ], [ 281714.07, 4156912.01 ] ] ] } },
{ "type": "Feature", "properties": { "id": "osm:way/600808965", "name": null, "height": 3.3, "min_height": 0.0, "levels": null, "height_source": "lidar", "roof_shape": "gable", "roof_height": 2.7, "roof_azimuth": 13.0, "roof_source": "lod2", "roof_color": "roof_flat", "roof_color_source": "ortho", "lod2_roof": { "v": [ [ 281653.04, 4156911.34, 0.41 ], [ 281651.81, 4156911.63, 0.0 ], [ 281651.3, 4156909.41, 0.0 ], [ 281652.47, 4156909.15, 0.37 ], [ 281651.72, 4156905.9, 0.37 ], [ 281655.73, 4156905.4, 2.21 ], [ 281660.47, 4156904.27, 0.0 ], [ 281654.9, 4156905.17, 2.64 ], [ 281658.72, 4156912.09, 1.3 ], [ 281658.72, 4156912.09, 1.49 ], [ 281658.76, 4156911.87, 1.44 ], [ 281658.84, 4156911.46, 1.34 ], [ 281658.84, 4156911.46, 1.69 ], [ 281659.12, 4156913.26, 1.43 ], [ 281659.12, 4156913.26, 0.46 ], [ 281656.97, 4156913.76, 2.7 ], [ 281662.37, 4156912.52, 0.37 ], [ 281656.97, 4156913.76, 2.7 ], [ 281653.77, 4156914.49, 0.42 ], [ 281661.31, 4156907.9, 0.0 ], [ 281661.31, 4156907.9, 0.0 ], [ 281660.94, 4156907.89, 0.0 ], [ 281661.96, 4156910.74, 1.61 ], [ 281654.97, 4156905.45, 2.65 ], [ 281659.01, 4156910.52, 1.11 ] ], "f": [ [ [ 14, 8, 10, 12, 22, 16 ] ], [ [ 12, 24, 21, 20, 22 ] ], [ [ 23, 17, 18, 0, 1, 2, 3, 4, 7 ] ], [ [ 15, 23, 5, 6, 19, 21, 24, 11, 10, 9, 13 ] ], [ [ 8, 9, 10 ] ], [ [ 11, 12, 10 ] ], [ [ 19, 20, 21 ] ], [ [ 9, 8, 14, 13 ] ], [ [ 12, 11, 24 ] ], [ [ 15, 17, 23 ] ] ] }, "roof_props": null, "wall_color": "brick_dark", "type": "house", "landmark": null, "footprint_source": "osm", "source_updated": null, "is_part": false, "parent": null, "hidden": false, "addr": "1711 Greenville Avenue", "wikidata": null, "website": null, "zoning": "R-5", "lidar_p90": 5.8, "ground_z": 56.93 }, "geometry": { "type": "Polygon", "coordinates": [ [ [ 281662.37, 4156912.52 ], [ 281660.39, 4156903.91 ], [ 281651.72, 4156905.9 ], [ 281652.47, 4156909.15 ], [ 281651.3, 4156909.41 ], [ 281651.81, 4156911.63 ], [ 281653.04, 4156911.34 ], [ 281653.77, 4156914.49 ], [ 281662.37, 4156912.52 ] ] ] } },
{ "type": "Feature", "properties": { "id": "osm:way/600838556", "name": null, "height": 3.1, "min_height": 0.0, "levels": null, "height_source": "lidar", "roof_shape": "flat", "roof_height": 0.35, "roof_azimuth": null, "roof_source": "lod2", "roof_color": "roof_flat", "roof_color_source": "heuristic", "lod2_roof": { "v": [ [ 281689.1, 4156916.25, 0.35 ], [ 281696.18, 4156914.88, 0.0 ], [ 281696.74, 4156917.82, 0.01 ], [ 281689.62, 4156919.12, 0.35 ] ], "f": [ [ [ 2, 3, 0, 1 ] ] ] }, "roof_props": null, "wall_color": "concrete", "type": "yes", "landmark": null, "footprint_source": "osm", "source_updated": null, "is_part": false, "parent": null, "hidden": false, "addr": null, "wikidata": null, "website": null, "zoning": "R-5", "lidar_p90": 3.18, "ground_z": 56.91 }, "geometry": { "type": "Polygon", "coordinates": [ [ [ 281688.94, 4156915.4 ], [ 281689.62, 4156919.12 ], [ 281697.08, 4156917.76 ], [ 281696.4, 4156914.04 ], [ 281688.94, 4156915.4 ] ] ] } },
{ "type": "Feature", "properties": { "id": "osm:way/600808966", "name": null, "height": 3.64, "min_height": 0.0, "levels": null, "height_source": "lidar", "roof_shape": "gable", "roof_height": 2.63, "roof_azimuth": 12.2, "roof_source": "lod2", "roof_color": "roof_flat", "roof_color_source": "ortho", "lod2_roof": { "v": [ [ 281670.04, 4156919.09, 0.0 ], [ 281668.99, 4156919.31, 0.07 ], [ 281669.39, 4156916.07, 0.0 ], [ 281661.19, 4156924.08, 2.09 ], [ 281661.19, 4156924.08, 2.21 ], [ 281660.87, 4156923.75, 1.91 ], [ 281670.05, 4156924.22, 0.0 ], [ 281666.31, 4156925.02, 0.63 ], [ 281666.47, 4156925.73, 0.6 ], [ 281657.34, 4156927.82, 0.06 ], [ 281656.76, 4156925.11, 2.1 ], [ 281659.25, 4156927.38, 0.1 ], [ 281662.21, 4156917.6, 1.33 ], [ 281662.3, 4156917.88, 1.32 ], [ 281664.81, 4156926.11, 0.92 ], [ 281656.47, 4156923.88, 1.17 ], [ 281655.82, 4156922.45, 0.03 ], [ 281662.53, 4156926.63, 2.63 ], [ 281659.25, 4156927.38, 0.1 ], [ 281662.53, 4156926.63, 2.63 ], [ 281657.63, 4156921.19, 0.0 ], [ 281657.16, 4156919.05, 0.02 ], [ 281656.93, 4156921.34, 0.0 ], [ 281660.55, 4156918.28, 2.63 ], [ 281661.27, 4156924.16, 2.14 ], [ 281657.31, 4156921.58, 0.0 ] ], "f": [ [ [ 8, 14, 13, 12, 2, 0, 1, 6, 7 ] ], [ [ 4, 10, 15, 16, 25, 5 ] ], [ [ 23, 17, 18, 24, 3, 5, 25, 22, 20, 21 ] ], [ [ 10, 4, 24, 11, 9 ] ], [ [ 19, 23, 13, 14 ] ], [ [ 3, 4, 5 ] ], [ [ 4, 3, 24 ] ], [ [ 18, 11, 24 ] ], [ [ 19, 17, 23 ] ] ] }, "roof_props": null, "wall_color": "brick", "type": "house", "landmark": null, "footprint_source": "osm", "source_updated": null, "is_part": false, "parent": null, "hidden": false, "addr": "1709 Greenville Avenue", "wikidata": null, "website": null, "zoning": "R-5", "lidar_p90": 5.85, "ground_z": 57.24 }, "geometry": { "type": "Polygon", "coordinates": [ [ [ 281666.47, 4156925.73 ], [ 281666.31, 4156925.02 ], [ 281670.05, 4156924.22 ], [ 281668.99, 4156919.31 ], [ 281670.04, 4156919.09 ], [ 281669.39, 4156916.07 ], [ 281657.09, 4156918.69 ], [ 281657.63, 4156921.19 ], [ 281655.01, 4156921.75 ], [ 281655.51, 4156924.09 ], [ 281656.5, 4156923.88 ], [ 281657.34, 4156927.82 ], [ 281666.47, 4156925.73 ] ] ] } },
{ "type": "Feature", "properties": { "id": "osm:way/600838584", "name": null, "height": 3.97, "min_height": 0.0, "levels": null, "height_source": "lidar", "roof_shape": "gable", "roof_height": 2.07, "roof_azimuth": null, "roof_source": "lod2", "roof_color": "roof_flat", "roof_color_source": "ortho", "lod2_roof": { "v": [ [ 281704.88, 4156927.86, 0.0 ], [ 281702.67, 4156918.4, 0.08 ], [ 281708.0, 4156917.16, 0.22 ], [ 281708.26, 4156918.23, 0.19 ], [ 281710.35, 4156917.75, 0.24 ], [ 281717.23, 4156919.56, 0.0 ], [ 281718.02, 4156919.37, 0.0 ], [ 281718.45, 4156921.18, 0.0 ], [ 281717.46, 4156921.41, 0.0 ], [ 281718.25, 4156924.76, 0.0 ], [ 281714.69, 4156925.59, 2.06 ], [ 281712.79, 4156917.18, 2.07 ], [ 281711.89, 4156926.24, 0.0 ], [ 281714.69, 4156925.59, 2.06 ], [ 281716.47, 4156916.33, 0.0 ] ], "f": [ [ [ 14, 5, 6, 7, 8, 9, 10, 11 ] ], [ [ 12, 4, 11, 13 ] ], [ [ 4, 12, 0, 1, 2, 3 ] ], [ [ 10, 13, 11 ] ] ] }, "roof_props": null, "wall_color": "brick", "type": "house", "landmark": null, "footprint_source": "osm", "source_updated": null, "is_part": false, "parent": null, "hidden": false, "addr": "1708 Carter Street", "wikidata": null, "website": null, "zoning": "R-5", "lidar_p90": 5.72, "ground_z": 56.83 }, "geometry": { "type": "Polygon", "coordinates": [ [ [ 281718.25, 4156924.76 ], [ 281717.46, 4156921.41 ], [ 281718.44, 4156921.18 ], [ 281718.02, 4156919.37 ], [ 281717.23, 4156919.56 ], [ 281716.47, 4156916.33 ], [ 281708.26, 4156918.23 ], [ 281708.0, 4156917.16 ], [ 281702.67, 4156918.4 ], [ 281704.88, 4156927.86 ], [ 281718.25, 4156924.76 ] ] ] } },
{ "type": "Feature", "properties": { "id": "osm:way/600808967", "name": null, "height": 3.52, "min_height": 0.0, "levels": null, "height_source": "lidar", "roof_shape": "gable", "roof_height": 2.68, "roof_azimuth": 13.7, "roof_source": "lod2", "roof_color": "roof_flat", "roof_color_source": "ortho", "lod2_roof": { "v": [ [ 281663.36, 4156940.06, 0.54 ], [ 281660.36, 4156940.79, 0.38 ], [ 281660.1, 4156939.74, 1.09 ], [ 281660.56, 4156932.11, 0.44 ], [ 281660.56, 4156932.11, 0.0 ], [ 281663.61, 4156931.37, 2.63 ], [ 281658.36, 4156932.65, 0.0 ], [ 281665.45, 4156939.55, 2.67 ], [ 281663.36, 4156940.06, 1.17 ], [ 281663.42, 4156938.81, 1.35 ], [ 281663.42, 4156938.81, 1.4 ], [ 281669.09, 4156938.66, 0.0 ], [ 281665.45, 4156939.55, 2.68 ], [ 281658.97, 4156935.11, 0.0 ], [ 281660.37, 4156934.72, 0.0 ], [ 281660.37, 4156934.72, 0.0 ], [ 281660.35, 4156935.03, 0.0 ], [ 281663.42, 4156938.81, 1.72 ], [ 281662.7, 4156938.7, 1.5 ], [ 281663.46, 4156938.1, 1.54 ], [ 281667.1, 4156930.52, 0.0 ] ], "f": [ [ [ 4, 15, 13, 6 ] ], [ [ 18, 9, 0, 1, 2 ] ], [ [ 19, 17, 18, 2, 13, 15, 16 ] ], [ [ 5, 7, 8, 10, 19, 16, 14, 3 ] ], [ [ 20, 11, 12, 5 ] ], [ [ 8, 0, 9, 10 ] ], [ [ 14, 15, 4, 3 ] ], [ [ 15, 14, 16 ] ], [ [ 17, 10, 9, 18 ] ], [ [ 10, 17, 19 ] ], [ [ 12, 7, 5 ] ] ] }, "roof_props": null, "wall_color": "brick_dark", "type": "house", "landmark": null, "footprint_source": "osm", "source_updated": null, "is_part": false, "parent": null, "hidden": false, "addr": "1707 Greenville Avenue", "wikidata": null, "website": null, "zoning": "R-5", "lidar_p90": 5.71, "ground_z": 57.78 }, "geometry": { "type": "Polygon", "coordinates": [ [ [ 281669.09, 4156938.66 ], [ 281667.1, 4156930.52 ], [ 281658.36, 4156932.65 ], [ 281660.36, 4156940.79 ], [ 281669.09, 4156938.66 ] ] ] } },
{ "type": "Feature", "properties": { "id": "richmond_structure:394192", "name": null, "height": 2.5, "min_height": 0.0, "levels": null, "height_source": "lidar", "roof_shape": "flat", "roof_height": 0.95, "roof_azimuth": null, "roof_source": "lod2", "roof_color": "roof_flat", "roof_color_source": "heuristic", "lod2_roof": { "v": [ [ 281689.28, 4156949.9, 0.95 ], [ 281686.44, 4156950.65, 0.93 ], [ 281688.51, 4156946.18, 0.05 ], [ 281685.33, 4156946.51, 0.0 ] ], "f": [ [ [ 3, 2, 0, 1 ] ] ] }, "roof_props": null, "wall_color": "sand", "type": "yes", "landmark": null, "footprint_source": "richmond_structures", "source_updated": "2026-09-08T12:07:13.637000Z", "is_part": false, "parent": null, "hidden": false, "addr": null, "wikidata": null, "website": null, "zoning": "R-5", "lidar_p90": 2.83, "ground_z": 57.96 }, "geometry": { "type": "Polygon", "coordinates": [ [ [ 281689.31, 4156944.62 ], [ 281685.13, 4156945.73 ], [ 281686.44, 4156950.65 ], [ 281690.62, 4156949.54 ], [ 281689.31, 4156944.62 ] ] ] } },
{ "type": "Feature", "properties": { "id": "osm:way/600808968", "name": null, "height": 4.75, "min_height": 0.0, "levels": null, "height_source": "lidar", "roof_shape": "skillion", "roof_height": 1.57, "roof_azimuth": 10.6, "roof_source": "lod2", "roof_color": "roof_flat", "roof_color_source": "ortho", "lod2_roof": { "v": [ [ 281661.9, 4156945.36, 0.0 ], [ 281663.68, 4156944.99, 1.25 ], [ 281665.89, 4156953.81, 1.4 ], [ 281663.75, 4156954.25, 0.0 ], [ 281665.89, 4156953.81, 1.5 ], [ 281665.58, 4156952.56, 1.38 ], [ 281665.58, 4156952.56, 1.57 ], [ 281669.19, 4156949.42, 0.3 ], [ 281672.02, 4156948.83, 0.0 ], [ 281663.68, 4156944.99, 1.25 ], [ 281668.07, 4156944.07, 0.15 ], [ 281668.82, 4156951.76, 0.24 ], [ 281668.82, 4156951.76, 0.56 ], [ 281669.59, 4156951.41, 0.36 ], [ 281672.3, 4156950.18, 0.0 ], [ 281672.3, 4156950.18, 0.77 ], [ 281669.45, 4156953.07, 0.0 ], [ 281672.76, 4156952.39, 0.0 ], [ 281667.66, 4156952.05, 0.86 ], [ 281667.66, 4156952.05, 0.23 ], [ 281666.07, 4156952.44, 1.25 ] ], "f": [ [ [ 19, 11, 13, 15, 17, 16 ] ], [ [ 1, 5, 2, 3, 0 ] ], [ [ 6, 20, 19, 16, 4 ] ], [ [ 12, 18, 20, 5, 9, 10, 7, 8, 14, 13 ] ], [ [ 4, 2, 5, 6 ] ], [ [ 11, 12, 13 ] ], [ [ 14, 15, 13 ] ], [ [ 1, 9, 5 ] ], [ [ 18, 19, 20 ] ], [ [ 6, 5, 20 ] ], [ [ 12, 11, 19, 18 ] ] ] }, "roof_props": null, "wall_color": "cream", "type": "house", "landmark": null, "footprint_source": "osm", "source_updated": null, "is_part": false, "parent": null, "hidden": false, "addr": "1705 Greenville Avenue", "wikidata": null, "website": null, "zoning": "R-5", "lidar_p90": 5.84, "ground_z": 58.28 }, "geometry": { "type": "Polygon", "coordinates": [ [ [ 281672.76, 4156952.39 ], [ 281672.02, 4156948.83 ], [ 281669.19, 4156949.42 ], [ 281668.07, 4156944.07 ], [ 281661.9, 4156945.36 ], [ 281663.75, 4156954.25 ], [ 281672.76, 4156952.39 ] ] ] } },
{ "type": "Feature", "properties": { "id": "osm:way/600808910", "name": null, "height": 8.37, "min_height": 0.0, "levels": null, "height_source": "lidar", "roof_shape": "gable", "roof_height": 3.52, "roof_azimuth": null, "roof_source": "heuristic", "roof_color": "roof_flat", "roof_color_source": "ortho", "lod2_roof": null, "roof_props": null, "wall_color": "brick_dark", "type": "house", "landmark": null, "footprint_source": "osm", "source_updated": null, "is_part": false, "parent": null, "hidden": false, "addr": "1715 Georgia Avenue", "wikidata": null, "website": null, "zoning": "R-5", "lidar_p90": 9.42, "ground_z": 57.75 }, "geometry": { "type": "Polygon", "coordinates": [ [ [ 281563.32, 4156907.61 ], [ 281566.1, 4156907.38 ], [ 281565.72, 4156902.66 ], [ 281569.34, 4156902.36 ], [ 281568.71, 4156894.64 ], [ 281565.51, 4156894.89 ], [ 281565.39, 4156893.48 ], [ 281564.4, 4156893.56 ], [ 281564.29, 4156892.2 ], [ 281558.85, 4156892.63 ], [ 281558.93, 4156893.65 ], [ 281555.01, 4156893.98 ], [ 281555.31, 4156897.74 ], [ 281553.97, 4156897.86 ], [ 281554.27, 4156901.58 ], [ 281555.33, 4156901.5 ], [ 281556.03, 4156910.17 ], [ 281563.48, 4156909.58 ], [ 281563.32, 4156907.61 ] ] ] } },
{ "type": "Feature", "properties": { "id": "osm:way/600808940", "name": null, "height": 3.89, "min_height": 0.0, "levels": null, "height_source": "lidar", "roof_shape": "gable", "roof_height": 2.0, "roof_azimuth": 12.5, "roof_source": "lod2", "roof_color": "roof_flat", "roof_color_source": "ortho", "lod2_roof": { "v": [ [ 281615.46, 4156910.56, 0.33 ], [ 281615.46, 4156910.56, 0.91 ], [ 281615.41, 4156909.86, 0.41 ], [ 281612.93, 4156913.1, 0.0 ], [ 281612.51, 4156911.22, 0.82 ], [ 281614.83, 4156912.68, 0.0 ], [ 281612.04, 4156909.15, 0.0 ], [ 281617.19, 4156908.0, 2.0 ], [ 281620.72, 4156907.22, 0.0 ], [ 281622.75, 4156912.42, 0.0 ], [ 281621.88, 4156912.62, 0.0 ], [ 281622.29, 4156910.34, 0.0 ], [ 281621.46, 4156910.53, 0.0 ], [ 281622.56, 4156915.68, 0.0 ], [ 281619.12, 4156916.44, 1.98 ], [ 281619.12, 4156916.44, 1.98 ], [ 281613.67, 4156908.78, 0.0 ], [ 281614.95, 4156912.66, 0.0 ], [ 281615.94, 4156917.14, 0.0 ], [ 281617.19, 4156908.0, 2.0 ], [ 281615.53, 4156911.56, 0.21 ], [ 281618.2, 4156912.41, 1.99 ] ], "f": [ [ [ 6, 16, 2, 1, 4 ] ], [ [ 20, 5, 3, 4, 1 ] ], [ [ 19, 21, 14, 18, 17, 5, 20, 0, 2, 16 ] ], [ [ 15, 21, 7, 8, 12, 11, 9, 10, 13 ] ], [ [ 0, 1, 2 ] ], [ [ 1, 0, 20 ] ], [ [ 19, 7, 21 ] ], [ [ 15, 14, 21 ] ] ] }, "roof_props": null, "wall_color": "sand", "type": "house", "landmark": null, "footprint_source": "osm", "source_updated": null, "is_part": false, "parent": null, "hidden": false, "addr": "1710 Greenville Avenue", "wikidata": null, "website": null, "zoning": "R-5", "lidar_p90": 5.65, "ground_z": 57.14 }, "geometry": { "type": "Polygon", "coordinates": [ [ [ 281621.88, 4156912.62 ], [ 281622.75, 4156912.42 ], [ 281622.29, 4156910.34 ], [ 281621.46, 4156910.53 ], [ 281620.72, 4156907.22 ], [ 281612.04, 4156909.14 ], [ 281612.93, 4156913.1 ], [ 281614.95, 4156912.65 ], [ 281615.94, 4156917.14 ], [ 281622.56, 4156915.68 ], [ 281621.88, 4156912.62 ] ] ] } },
{ "type": "Feature", "properties": { "id": "richmond_structure:394189", "name": null, "height": 2.5, "min_height": 0.0, "levels": null, "height_source": "lidar", "roof_shape": "flat", "roof_height": 0.56, "roof_azimuth": null, "roof_source": "lod2", "roof_color": "roof_flat", "roof_color_source": "heuristic", "lod2_roof": { "v": [ [ 281579.45, 4156924.36, 0.35 ], [ 281585.92, 4156923.78, 0.56 ], [ 281585.87, 4156925.83, 0.09 ], [ 281579.67, 4156926.47, 0.0 ], [ 281584.94, 4156924.95, 0.28 ], [ 281585.99, 4156924.46, 0.4 ] ], "f": [ [ [ 1, 5, 4, 2, 3, 0 ] ] ] }, "roof_props": null, "wall_color": "sand", "type": "yes", "landmark": null, "footprint_source": "richmond_structures", "source_updated": "2026-09-08T12:07:13.637000Z", "is_part": false, "parent": null, "hidden": false, "addr": null, "wikidata": null, "website": null, "zoning": "R-5", "lidar_p90": 2.52, "ground_z": 56.84 }, "geometry": { "type": "Polygon", "coordinates": [ [ [ 281585.83, 4156922.85 ], [ 281579.36, 4156923.51 ], [ 281579.66, 4156926.47 ], [ 281586.13, 4156925.8 ], [ 281585.83, 4156922.85 ] ] ] } },
{ "type": "Feature", "properties": { "id": "osm:way/600808941", "name": null, "height": 4.72, "min_height": 0.0, "levels": null, "height_source": "lidar", "roof_shape": "gable", "roof_height": 2.36, "roof_azimuth": null, "roof_source": "heuristic", "roof_color": "roof_flat", "roof_color_source": "ortho", "lod2_roof": null, "roof_props": null, "wall_color": "cream", "type": "house", "landmark": null, "footprint_source": "osm", "source_updated": null, "is_part": false, "parent": null, "hidden": false, "addr": "1708 Greenville Avenue", "wikidata": null, "website": null, "zoning": "R-5", "lidar_p90": 5.68, "ground_z": 57.52 }, "geometry": { "type": "Polygon", "coordinates": [ [ [ 281624.77, 4156926.04 ], [ 281625.84, 4156925.79 ], [ 281625.32, 4156923.63 ], [ 281624.26, 4156923.88 ], [ 281623.4, 4156920.33 ], [ 281610.33, 4156923.43 ], [ 281612.4, 4156932.13 ], [ 281625.49, 4156929.03 ], [ 281624.77, 4156926.04 ] ] ] } },
{ "type": "Feature", "properties": { "id": "osm:way/600808913", "name": null, "height": 3.85, "min_height": 0.0, "levels": null, "height_source": "lidar", "roof_shape": "gable", "roof_height": 2.05, "roof_azimuth": 13.0, "roof_source": "lidar", "roof_color": "roof_dark", "roof_color_source": "heuristic", "lod2_roof": null, "roof_props": null, "wall_color": "brick", "type": "house", "landmark": null, "footprint_source": "osm", "source_updated": null, "is_part": false, "parent": null, "hidden": false, "addr": "1707 Georgia Avenue", "wikidata": null, "website": null, "zoning": "R-5", "lidar_p90": 5.87, "ground_z": 56.04 }, "geometry": { "type": "Polygon", "coordinates": [ [ [ 281576.56, 4156936.07 ], [ 281574.62, 4156936.52 ], [ 281573.19, 4156930.41 ], [ 281566.39, 4156931.98 ], [ 281567.26, 4156935.72 ], [ 281565.47, 4156936.13 ], [ 281566.25, 4156939.45 ], [ 281568.0, 4156939.05 ], [ 281568.63, 4156941.79 ], [ 281577.41, 4156939.76 ], [ 281576.56, 4156936.07 ] ] ] } },
{ "type": "Feature", "properties": { "id": "osm:way/600808942", "name": null, "height": 4.8, "min_height": 0.0, "levels": null, "height_source": "lidar", "roof_shape": "gable", "roof_height": 1.33, "roof_azimuth": null, "roof_source": "lod2", "roof_color": "roof_flat", "roof_color_source": "ortho", "lod2_roof": { "v": [ [ 281614.86, 4156945.57, 0.0 ], [ 281614.07, 4156942.22, 0.0 ], [ 281620.36, 4156940.76, 0.0 ], [ 281624.58, 4156943.32, 1.32 ], [ 281624.58, 4156943.32, 1.32 ], [ 281623.53, 4156938.72, 1.32 ], [ 281622.69, 4156935.06, 1.33 ], [ 281622.69, 4156935.06, 1.33 ], [ 281628.18, 4156942.48, 0.0 ], [ 281620.1, 4156939.68, 0.0 ], [ 281620.08, 4156939.58, 0.0 ], [ 281618.6, 4156939.92, 0.0 ], [ 281626.36, 4156934.36, 0.0 ], [ 281627.04, 4156937.25, 0.0 ], [ 281618.18, 4156938.11, 0.2 ], [ 281617.65, 4156935.83, 0.0 ], [ 281627.42, 4156939.2, 0.0 ], [ 281627.95, 4156937.03, 0.0 ], [ 281628.41, 4156938.98, 0.0 ], [ 281619.43, 4156935.41, 0.0 ], [ 281619.48, 4156935.68, 0.0 ], [ 281619.48, 4156935.68, 0.0 ], [ 281619.52, 4156935.87, 0.0 ], [ 281621.27, 4156944.08, 0.0 ], [ 281621.7, 4156937.22, 0.27 ], [ 281620.32, 4156939.63, 0.0 ] ], "f": [ [ [ 18, 16, 8, 3, 5, 7, 12, 13, 17 ] ], [ [ 20, 22, 24, 14, 15, 19 ] ], [ [ 25, 9, 10, 11, 14, 24 ] ], [ [ 23, 25, 24, 22, 21, 6, 5, 4 ] ], [ [ 25, 23, 0, 1, 2, 9 ] ], [ [ 3, 4, 5 ] ], [ [ 6, 7, 5 ] ], [ [ 20, 21, 22 ] ] ] }, "roof_props": null, "wall_color": "cream", "type": "house", "landmark": null, "footprint_source": "osm", "source_updated": null, "is_part": false, "parent": null, "hidden": false, "addr": "1706 Greenville Avenue", "wikidata": null, "website": null, "zoning": "R-5", "lidar_p90": 5.77, "ground_z": 57.79 }, "geometry": { "type": "Polygon", "coordinates": [ [ [ 281627.42, 4156939.2 ], [ 281628.41, 4156938.97 ], [ 281627.95, 4156937.03 ], [ 281627.04, 4156937.24 ], [ 281626.24, 4156933.83 ], [ 281617.64, 4156935.83 ], [ 281618.6, 4156939.92 ], [ 281620.08, 4156939.58 ], [ 281620.36, 4156940.76 ], [ 281614.07, 4156942.22 ], [ 281614.86, 4156945.57 ], [ 281628.18, 4156942.48 ], [ 281627.42, 4156939.2 ] ] ] } },
{ "type": "Feature", "properties": { "id": "osm:way/600808915", "name": null, "height": 3.35, "min_height": 0.0, "levels": null, "height_source": "lidar", "roof_shape": "gable", "roof_height": 2.46, "roof_azimuth": 12.6, "roof_source": "lod2", "roof_color": "roof_flat", "roof_color_source": "ortho", "lod2_roof": { "v": [ [ 281571.56, 4156954.41, 0.31 ], [ 281569.57, 4156954.85, 0.0 ], [ 281577.11, 4156953.66, 1.13 ], [ 281577.11, 4156953.66, 1.06 ], [ 281577.1, 4156952.99, 0.96 ], [ 281577.11, 4156953.66, 1.43 ], [ 281584.47, 4156951.93, 0.94 ], [ 281584.47, 4156951.93, 1.4 ], [ 281584.87, 4156953.72, 0.06 ], [ 281578.72, 4156955.1, 0.14 ], [ 281572.04, 4156956.59, 0.29 ], [ 281568.7, 4156950.96, 0.0 ], [ 281570.71, 4156950.52, 0.34 ], [ 281571.95, 4156947.84, 1.4 ], [ 281573.82, 4156947.75, 2.46 ], [ 281573.76, 4156947.51, 2.46 ], [ 281577.12, 4156946.89, 0.0 ], [ 281570.49, 4156949.51, 0.35 ], [ 281583.35, 4156946.96, 0.0 ], [ 281577.63, 4156948.23, 0.0 ], [ 281577.44, 4156948.28, 0.0 ], [ 281575.69, 4156955.78, 2.45 ], [ 281571.24, 4156947.97, 0.97 ], [ 281577.12, 4156954.08, 1.13 ] ], "f": [ [ [ 19, 18, 6, 2, 4 ] ], [ [ 9, 23, 5, 7, 8 ] ], [ [ 14, 21, 10, 0, 1, 11, 12, 17, 22, 13 ] ], [ [ 21, 14, 15, 16, 20, 19, 4, 3, 23, 9 ] ], [ [ 2, 3, 4 ] ], [ [ 5, 2, 6, 7 ] ], [ [ 3, 2, 5, 23 ] ] ] }, "roof_props": null, "wall_color": "cream", "type": "house", "landmark": null, "footprint_source": "osm", "source_updated": null, "is_part": false, "parent": null, "hidden": false, "addr": "1705 Georgia Avenue", "wikidata": null, "website": null, "zoning": "R-5", "lidar_p90": 5.49, "ground_z": 55.87 }, "geometry": { "type": "Polygon", "coordinates": [ [ [ 281583.35, 4156946.96 ], [ 281577.43, 4156948.28 ], [ 281577.01, 4156946.4 ], [ 281570.13, 4156947.94 ], [ 281570.71, 4156950.52 ], [ 281568.7, 4156950.96 ], [ 281569.57, 4156954.85 ], [ 281571.56, 4156954.41 ], [ 281572.04, 4156956.59 ], [ 281584.87, 4156953.72 ], [ 281583.35, 4156946.96 ] ] ] } },
{ "type": "Feature", "properties": { "id": "osm:way/600808943", "name": null, "height": 3.59, "min_height": 0.0, "levels": null, "height_source": "lidar", "roof_shape": "gable", "roof_height": 2.75, "roof_azimuth": 13.0, "roof_source": "lod2", "roof_color": "roof_flat", "roof_color_source": "ortho", "lod2_roof": { "v": [ [ 281631.32, 4156952.74, 0.3 ], [ 281629.5, 4156953.15, 0.32 ], [ 281630.73, 4156950.2, 2.24 ], [ 281618.13, 4156950.05, 0.06 ], [ 281621.94, 4156949.17, 0.77 ], [ 281620.11, 4156958.5, 0.06 ], [ 281630.21, 4156956.17, 0.0 ], [ 281626.49, 4156957.03, 2.73 ], [ 281626.49, 4156957.03, 2.73 ], [ 281630.05, 4156947.29, 0.01 ], [ 281628.2, 4156947.72, 0.04 ], [ 281628.2, 4156947.72, 0.04 ], [ 281629.61, 4156953.6, 0.0 ], [ 281623.87, 4156957.64, 0.76 ], [ 281626.19, 4156950.75, 1.95 ], [ 281624.58, 4156948.56, 2.75 ], [ 281624.58, 4156948.56, 2.75 ], [ 281626.25, 4156951.22, 2.29 ], [ 281626.25, 4156951.22, 2.29 ], [ 281626.25, 4156951.22, 1.98 ], [ 281626.3, 4156951.6, 2.01 ], [ 281625.62, 4156953.16, 2.74 ] ], "f": [ [ [ 13, 5, 3, 4 ] ], [ [ 18, 14, 10, 9, 2 ] ], [ [ 20, 17, 2, 0, 1, 12 ] ], [ [ 16, 21, 7, 13, 4 ] ], [ [ 8, 21, 15, 11, 14, 19, 20, 12, 6 ] ], [ [ 11, 10, 14 ] ], [ [ 17, 18, 2 ] ], [ [ 18, 19, 14 ] ], [ [ 19, 18, 17, 20 ] ], [ [ 16, 15, 21 ] ], [ [ 8, 7, 21 ] ] ] }, "roof_props": null, "wall_color": "cream", "type": "house", "landmark": null, "footprint_source": "osm", "source_updated": null, "is_part": false, "parent": null, "hidden": false, "addr": "1704 Greenville Avenue", "wikidata": null, "website": null, "zoning": "R-5", "lidar_p90": 5.91, "ground_z": 57.92 }, "geometry": { "type": "Polygon", "coordinates": [ [ [ 281629.5, 4156953.15 ], [ 281631.32, 4156952.73 ], [ 281630.05, 4156947.29 ], [ 281618.13, 4156950.05 ], [ 281620.11, 4156958.5 ], [ 281630.21, 4156956.17 ], [ 281629.5, 4156953.15 ] ] ] } },
{ "type": "Feature", "properties": { "id": "osm:way/600808944", "name": null, "height": 3.28, "min_height": 0.0, "levels": null, "height_source": "lidar", "roof_shape": "gable", "roof_height": 2.94, "roof_azimuth": 12.2, "roof_source": "lod2", "roof_color": "slate", "roof_color_source": "ortho", "lod2_roof": { "v": [ [ 281625.26, 4156967.37, 0.0 ], [ 281625.26, 4156967.37, 0.0 ], [ 281625.4, 4156967.34, 0.0 ], [ 281626.73, 4156967.03, 0.0 ], [ 281626.73, 4156967.03, 0.15 ], [ 281624.67, 4156964.8, 1.74 ], [ 281627.46, 4156970.94, 0.03 ], [ 281626.14, 4156971.23, 0.0 ], [ 281631.34, 4156970.11, 2.94 ], [ 281629.38, 4156961.54, 2.93 ], [ 281633.16, 4156960.68, 0.08 ], [ 281626.51, 4156962.19, 0.78 ], [ 281626.51, 4156962.19, 0.35 ], [ 281635.02, 4156969.32, 0.17 ], [ 281626.67, 4156966.68, 0.16 ], [ 281626.67, 4156966.68, 0.16 ], [ 281628.12, 4156964.46, 1.56 ], [ 281624.2, 4156962.72, 0.22 ], [ 281627.82, 4156964.04, 1.89 ], [ 281627.82, 4156964.04, 1.41 ], [ 281627.13, 4156963.07, 1.08 ] ], "f": [ [ [ 7, 0, 2, 4, 6 ] ], [ [ 18, 5, 17, 12, 20 ] ], [ [ 9, 8, 6, 4, 14, 16, 19, 20, 11 ] ], [ [ 5, 18, 16, 15, 3, 2, 1 ] ], [ [ 8, 9, 10, 13 ] ], [ [ 0, 1, 2 ] ], [ [ 3, 4, 2 ] ], [ [ 14, 15, 16 ] ], [ [ 4, 3, 15, 14 ] ], [ [ 18, 19, 16 ] ], [ [ 12, 11, 20 ] ], [ [ 19, 18, 20 ] ] ] }, "roof_props": null, "wall_color": "brick_dark", "type": "house", "landmark": null, "footprint_source": "osm", "source_updated": null, "is_part": false, "parent": null, "hidden": false, "addr": "1702 Greenville Avenue", "wikidata": null, "website": null, "zoning": "R-5", "lidar_p90": 5.72, "ground_z": 58.18 }, "geometry": { "type": "Polygon", "coordinates": [ [ [ 281635.02, 4156969.32 ], [ 281633.16, 4156960.68 ], [ 281624.2, 4156962.72 ], [ 281626.14, 4156971.23 ], [ 281635.02, 4156969.32 ] ] ] } },
{ "type": "Feature", "properties": { "id": "osm:way/600808917", "name": null, "height": 3.3, "min_height": 0.0, "levels": null, "height_source": "lidar", "roof_shape": "gable", "roof_height": 2.51, "roof_azimuth": 13.6, "roof_source": "lod2", "roof_color": "roof_flat", "roof_color_source": "ortho", "lod2_roof": { "v": [ [ 281580.21, 4156970.56, 2.51 ], [ 281580.21, 4156970.56, 2.51 ], [ 281576.38, 4156971.49, 0.0 ], [ 281584.58, 4156965.26, 0.11 ], [ 281586.5, 4156964.8, 0.0 ], [ 281587.47, 4156968.8, 0.0 ], [ 281573.84, 4156966.98, 0.0 ], [ 281572.91, 4156963.16, 0.0 ], [ 281580.99, 4156961.21, 0.41 ], [ 281583.45, 4156960.61, 0.0 ], [ 281578.27, 4156961.86, 2.45 ], [ 281578.27, 4156961.86, 2.45 ], [ 281575.02, 4156971.82, 0.0 ], [ 281573.84, 4156966.98, 0.0 ], [ 281575.12, 4156967.14, 0.0 ], [ 281574.57, 4156969.95, 1.31 ], [ 281581.9, 4156970.15, 1.25 ], [ 281577.74, 4156969.13, 1.16 ], [ 281577.74, 4156969.13, 1.41 ], [ 281577.49, 4156968.62, 1.07 ], [ 281577.87, 4156969.4, 1.21 ], [ 281579.09, 4156965.53, 2.48 ] ], "f": [ [ [ 5, 16, 8, 9, 3, 4 ] ], [ [ 18, 15, 13, 14, 19 ] ], [ [ 20, 2, 12, 15, 18 ] ], [ [ 11, 21, 0, 2, 20, 17, 19, 14, 6, 7 ] ], [ [ 1, 21, 10, 8, 16 ] ], [ [ 13, 6, 14 ] ], [ [ 17, 18, 19 ] ], [ [ 18, 17, 20 ] ], [ [ 11, 10, 21 ] ], [ [ 1, 0, 21 ] ] ] }, "roof_props": null, "wall_color": "sand", "type": "house", "landmark": null, "footprint_source": "osm", "source_updated": null, "is_part": false, "parent": null, "hidden": false, "addr": "1703 Georgia Avenue", "wikidata": null, "website": null, "zoning": "R-5", "lidar_p90": 5.64, "ground_z": 55.72 }, "geometry": { "type": "Polygon", "coordinates": [ [ [ 281586.5, 4156964.8 ], [ 281584.58, 4156965.26 ], [ 281583.45, 4156960.61 ], [ 281572.91, 4156963.15 ], [ 281575.02, 4156971.82 ], [ 281587.47, 4156968.8 ], [ 281586.5, 4156964.8 ] ] ] } },
{ "type": "Feature", "properties": { "id": "osm:way/600808883", "name": null, "height": 3.19, "min_height": 0.0, "levels": null, "height_source": "lidar", "roof_shape": "gable", "roof_height": 2.69, "roof_azimuth": 12.9, "roof_source": "lod2", "roof_color": "roof_flat", "roof_color_source": "ortho", "lod2_roof": { "v": [ [ 281523.25, 4156949.24, 0.0 ], [ 281522.11, 4156944.3, 0.0 ], [ 281523.01, 4156944.09, 0.0 ], [ 281535.87, 4156946.34, 0.54 ], [ 281534.65, 4156946.62, 1.08 ], [ 281522.18, 4156940.51, 0.0 ], [ 281532.36, 4156947.15, 2.69 ], [ 281533.81, 4156937.84, 0.22 ], [ 281534.31, 4156940.0, 0.23 ], [ 281535.22, 4156940.33, 0.0 ], [ 281535.22, 4156940.33, 0.06 ], [ 281533.71, 4156940.39, 0.7 ], [ 281528.49, 4156939.07, 1.39 ], [ 281536.02, 4156939.61, 0.0 ], [ 281536.93, 4156943.51, 0.0 ], [ 281535.31, 4156943.89, 0.46 ], [ 281529.89, 4156947.71, 0.91 ], [ 281534.85, 4156939.87, 0.0 ], [ 281534.85, 4156939.87, 0.16 ], [ 281530.3, 4156938.65, 2.69 ] ], "f": [ [ [ 16, 0, 1, 2, 5, 12 ] ], [ [ 19, 6, 16, 12 ] ], [ [ 10, 18, 13, 14, 15, 3, 4, 11 ] ], [ [ 6, 19, 7, 8, 17, 9, 11, 4 ] ], [ [ 9, 10, 11 ] ], [ [ 10, 9, 17, 18 ] ] ] }, "roof_props": null, "wall_color": "brick", "type": "house", "landmark": null, "footprint_source": "osm", "source_updated": null, "is_part": false, "parent": null, "hidden": false, "addr": "1706 Georgia Avenue", "wikidata": null, "website": null, "zoning": "R-5", "lidar_p90": 5.76, "ground_z": 55.82 }, "geometry": { "type": "Polygon", "coordinates": [ [ [ 281535.31, 4156943.89 ], [ 281536.93, 4156943.51 ], [ 281536.02, 4156939.61 ], [ 281534.31, 4156939.99 ], [ 281533.81, 4156937.84 ], [ 281522.18, 4156940.51 ], [ 281523.01, 4156944.09 ], [ 281522.11, 4156944.3 ], [ 281523.25, 4156949.24 ], [ 281535.87, 4156946.34 ], [ 281535.31, 4156943.89 ] ] ] } },
{ "type": "Feature", "properties": { "id": "osm:way/600808870", "name": null, "height": 3.31, "min_height": 0.0, "levels": null, "height_source": "lidar", "roof_shape": "flat", "roof_height": 0.33, "roof_azimuth": null, "roof_source": "lod2", "roof_color": "concrete", "roof_color_source": "ortho", "lod2_roof": { "v": [ [ 281518.56, 4156953.74, 0.0 ], [ 281512.86, 4156954.81, 0.0 ], [ 281512.38, 4156952.32, 0.3 ], [ 281511.87, 4156949.63, 0.0 ], [ 281517.57, 4156948.54, 0.0 ], [ 281518.04, 4156950.99, 0.33 ] ], "f": [ [ [ 5, 2, 3, 4 ] ], [ [ 5, 0, 1, 2 ] ] ] }, "roof_props": null, "wall_color": "brick", "type": "yes", "landmark": null, "footprint_source": "osm", "source_updated": null, "is_part": false, "parent": null, "hidden": false, "addr": null, "wikidata": null, "website": null, "zoning": "R-5", "lidar_p90": 3.5, "ground_z": 55.98 }, "geometry": { "type": "Polygon", "coordinates": [ [ [ 281517.57, 4156948.54 ], [ 281511.87, 4156949.62 ], [ 281512.86, 4156954.81 ], [ 281518.56, 4156953.73 ], [ 281517.57, 4156948.54 ] ] ] } },
{ "type": "Feature", "properties": { "id": "osm:way/600808884", "name": null, "height": 4.07, "min_height": 0.0, "levels": null, "height_source": "lidar", "roof_shape": "gable", "roof_height": 1.68, "roof_azimuth": null, "roof_source": "lod2", "roof_color": "roof_flat", "roof_color_source": "ortho", "lod2_roof": { "v": [ [ 281523.2, 4156963.26, 0.0 ], [ 281522.44, 4156960.13, 0.0 ], [ 281524.89, 4156959.54, 0.0 ], [ 281538.76, 4156959.53, 0.0 ], [ 281533.53, 4156960.79, 1.68 ], [ 281533.53, 4156960.79, 1.68 ], [ 281537.93, 4156956.09, 0.0 ], [ 281537.24, 4156953.24, 0.56 ], [ 281530.87, 4156961.42, 0.0 ], [ 281523.65, 4156954.37, 0.0 ], [ 281528.94, 4156953.26, 0.0 ], [ 281536.78, 4156951.36, 0.0 ], [ 281534.81, 4156952.09, 0.0 ], [ 281535.25, 4156951.27, 0.0 ], [ 281531.55, 4156952.71, 1.63 ], [ 281531.53, 4156952.65, 1.63 ], [ 281532.0, 4156952.42, 1.36 ], [ 281533.89, 4156952.2, 0.0 ], [ 281533.89, 4156952.2, 0.36 ], [ 281531.74, 4156952.67, 1.53 ], [ 281531.91, 4156952.63, 1.43 ], [ 281533.86, 4156954.05, 0.74 ], [ 281533.86, 4156954.05, 0.62 ], [ 281533.86, 4156953.84, 0.59 ], [ 281533.86, 4156954.21, 0.65 ] ], "f": [ [ [ 14, 4, 8, 10 ] ], [ [ 17, 12, 13, 11, 7, 21, 23 ] ], [ [ 24, 21, 7, 6 ] ], [ [ 10, 8, 0, 1, 2, 9 ] ], [ [ 5, 14, 15, 19, 20, 16, 18, 23, 22, 24, 6, 3 ] ], [ [ 21, 22, 23 ] ], [ [ 18, 17, 23 ] ], [ [ 22, 21, 24 ] ], [ [ 5, 4, 14 ] ] ] }, "roof_props": null, "wall_color": "cream", "type": "house", "landmark": null, "footprint_source": "osm", "source_updated": null, "is_part": false, "parent": null, "hidden": false, "addr": "1704 Georgia Avenue", "wikidata": null, "website": null, "zoning": "R-5", "lidar_p90": 5.63, "ground_z": 55.69 }, "geometry": { "type": "Polygon", "coordinates": [ [ [ 281536.66, 4156950.86 ], [ 281523.56, 4156954.0 ], [ 281524.89, 4156959.54 ], [ 281522.44, 4156960.13 ], [ 281523.2, 4156963.26 ], [ 281538.76, 4156959.53 ], [ 281536.66, 4156950.86 ] ] ] } },
{ "type": "Feature", "properties": { "id": "osm:way/600808885", "name": null, "height": 3.85, "min_height": 0.0, "levels": null, "height_source": "lidar", "roof_shape": "gable", "roof_height": 2.07, "roof_azimuth": null, "roof_source": "lod2", "roof_color": "roof_flat", "roof_color_source": "ortho", "lod2_roof": { "v": [ [ 281542.43, 4156972.76, 0.0 ], [ 281542.52, 4156973.2, 0.0 ], [ 281526.5, 4156969.31, 0.0 ], [ 281528.3, 4156968.94, 0.0 ], [ 281528.76, 4156971.99, 0.0 ], [ 281527.12, 4156972.32, 0.0 ], [ 281536.82, 4156974.37, 0.0 ], [ 281536.82, 4156974.37, 0.0 ], [ 281536.68, 4156974.01, 0.0 ], [ 281536.43, 4156973.34, 0.0 ], [ 281536.43, 4156973.34, 0.27 ], [ 281536.45, 4156973.29, 0.0 ], [ 281536.45, 4156973.29, 0.29 ], [ 281540.56, 4156964.19, 0.0 ], [ 281540.73, 4156965.03, 0.0 ], [ 281540.73, 4156965.03, 0.0 ], [ 281532.38, 4156965.86, 0.0 ], [ 281534.31, 4156967.86, 0.85 ], [ 281534.31, 4156967.86, 0.0 ], [ 281534.12, 4156967.37, 0.0 ], [ 281534.12, 4156967.37, 0.49 ], [ 281543.06, 4156967.39, 0.0 ], [ 281543.98, 4156972.26, 0.0 ], [ 281541.23, 4156970.58, 0.09 ], [ 281541.23, 4156970.58, 0.0 ], [ 281541.56, 4156972.02, 0.0 ], [ 281541.56, 4156972.02, 0.09 ], [ 281541.45, 4156970.2, 0.0 ], [ 281541.45, 4156970.2, 0.0 ], [ 281532.38, 4156965.86, 0.0 ], [ 281533.08, 4156966.47, 0.0 ], [ 281529.41, 4156966.47, 0.0 ], [ 281535.15, 4156967.8, 0.95 ], [ 281535.15, 4156967.8, 0.29 ], [ 281534.38, 4156967.86, 0.0 ], [ 281534.38, 4156967.86, 0.86 ], [ 281529.56, 4156975.86, 0.0 ], [ 281540.15, 4156965.14, 0.0 ], [ 281540.15, 4156965.14, 0.0 ], [ 281537.92, 4156968.8, 2.07 ], [ 281540.15, 4156965.14, 0.0 ], [ 281528.92, 4156967.33, 0.0 ], [ 281528.01, 4156967.52, 0.0 ], [ 281538.28, 4156970.32, 2.07 ], [ 281538.28, 4156970.32, 2.07 ], [ 281540.51, 4156971.69, 0.76 ], [ 281541.65, 4156972.39, 0.09 ], [ 281541.65, 4156972.39, 0.0 ], [ 281542.21, 4156972.74, 0.0 ], [ 281535.42, 4156972.25, 0.0 ], [ 281541.56, 4156972.02, 0.36 ], [ 281536.71, 4156968.02, 1.35 ], [ 281541.9, 4156969.27, 0.0 ], [ 281541.9, 4156969.27, 0.0 ], [ 281541.32, 4156968.91, 0.0 ], [ 281541.12, 4156968.78, 0.0 ], [ 281541.12, 4156968.78, 0.0 ], [ 281541.29, 4156967.76, 0.0 ], [ 281541.29, 4156967.76, 0.0 ], [ 281542.39, 4156972.59, 0.0 ] ], "f": [ [ [ 49, 11, 9, 8, 7, 36, 4, 5, 2, 3, 42, 41, 31, 29, 30, 19, 18, 34 ] ], [ [ 39, 51, 32, 35, 17, 20, 30, 16, 13, 15, 40, 37 ] ], [ [ 51, 39, 43, 12, 49, 34, 33 ] ], [ [ 56, 27, 23, 26, 45, 43, 39, 38, 40, 14, 57, 52, 54 ] ], [ [ 48, 0, 1, 6, 8, 10, 12, 44, 45, 50, 46 ] ], [ [ 59, 0, 48, 47, 25, 24, 28, 55, 54, 53, 58, 21, 22 ] ], [ [ 6, 7, 8 ] ], [ [ 9, 10, 8 ] ], [ [ 10, 9, 11, 12 ] ], [ [ 17, 18, 19, 20 ] ], [ [ 23, 24, 25, 26 ] ], [ [ 27, 28, 24, 23 ] ], [ [ 29, 16, 30 ] ], [ [ 20, 19, 30 ] ], [ [ 32, 33, 34, 35 ] ], [ [ 37, 38, 39 ] ], [ [ 15, 14, 40 ] ], [ [ 38, 37, 40 ] ], [ [ 35, 34, 18, 17 ] ], [ [ 43, 44, 12 ] ], [ [ 44, 43, 45 ] ], [ [ 46, 47, 48 ] ], [ [ 12, 11, 49 ] ], [ [ 26, 50, 45 ] ], [ [ 50, 26, 25, 47, 46 ] ], [ [ 33, 32, 51 ] ], [ [ 52, 53, 54 ] ], [ [ 55, 56, 54 ] ], [ [ 53, 52, 57, 58 ] ], [ [ 56, 55, 28, 27 ] ] ] }, "roof_props": null, "wall_color": "sand", "type": "house", "landmark": null, "footprint_source": "osm", "source_updated": null, "is_part": false, "parent": null, "hidden": false, "addr": "1702 Georgia Avenue", "wikidata": null, "website": null, "zoning": "R-5", "lidar_p90": 5.06, "ground_z": 55.59 }, "geometry": { "type": "Polygon", "coordinates": [ [ [ 281543.06, 4156967.39 ], [ 281541.29, 4156967.76 ], [ 281540.56, 4156964.19 ], [ 281527.86, 4156966.78 ], [ 281528.3, 4156968.94 ], [ 281526.5, 4156969.31 ], [ 281527.12, 4156972.32 ], [ 281528.76, 4156971.99 ], [ 281529.56, 4156975.85 ], [ 281542.52, 4156973.2 ], [ 281542.39, 4156972.59 ], [ 281543.97, 4156972.25 ], [ 281543.06, 4156967.39 ] ] ] } },
{ "type": "Feature", "properties": { "id": "osm:way/600808887", "name": null, "height": 3.48, "min_height": 0.0, "levels": null, "height_source": "lidar", "roof_shape": "gable", "roof_height": 2.33, "roof_azimuth": 10.8, "roof_source": "lod2", "roof_color": "roof_dark", "roof_color_source": "heuristic", "lod2_roof": { "v": [ [ 281545.98, 4156981.28, 0.0 ], [ 281546.42, 4156983.62, 0.0 ], [ 281545.98, 4156981.28, 0.3 ], [ 281543.91, 4156981.12, 0.0 ], [ 281543.91, 4156981.12, 0.19 ], [ 281541.01, 4156982.55, 2.32 ], [ 281541.01, 4156982.55, 2.22 ], [ 281540.42, 4156979.99, 2.12 ], [ 281540.42, 4156979.99, 2.23 ], [ 281540.42, 4156979.99, 2.32 ], [ 281544.44, 4156983.99, 0.07 ], [ 281544.69, 4156985.28, 0.1 ], [ 281537.84, 4156981.71, 2.17 ], [ 281537.84, 4156981.71, 0.15 ], [ 281538.32, 4156980.86, 0.64 ], [ 281538.32, 4156980.86, 2.14 ], [ 281537.09, 4156982.68, 0.0 ], [ 281537.09, 4156982.68, 0.0 ], [ 281537.08, 4156982.6, 0.0 ], [ 281538.74, 4156980.3, 2.12 ], [ 281538.74, 4156980.3, 0.95 ], [ 281538.75, 4156980.1, 1.07 ], [ 281538.75, 4156980.1, 2.12 ], [ 281538.75, 4156980.1, 1.0 ], [ 281540.27, 4156980.0, 2.12 ], [ 281543.83, 4156980.73, 0.0 ], [ 281538.55, 4156982.63, 2.21 ], [ 281538.55, 4156982.63, 0.51 ], [ 281538.62, 4156981.79, 0.7 ], [ 281538.62, 4156981.79, 2.18 ], [ 281540.2, 4156977.5, 2.08 ], [ 281543.64, 4156977.05, 0.0 ], [ 281544.23, 4156979.93, 0.0 ], [ 281539.06, 4156986.1, 0.29 ], [ 281537.88, 4156986.82, 0.0 ], [ 281540.17, 4156985.94, 1.14 ], [ 281540.86, 4156986.13, 1.61 ], [ 281537.84, 4156981.71, 0.15 ], [ 281537.3, 4156982.68, 0.0 ], [ 281538.36, 4156980.99, 0.55 ], [ 281538.36, 4156980.99, 2.14 ], [ 281545.66, 4156979.65, 0.0 ], [ 281539.91, 4156977.75, 2.33 ], [ 281539.91, 4156977.75, 2.29 ], [ 281541.39, 4156985.76, 2.06 ], [ 281541.73, 4156985.71, 2.31 ], [ 281540.87, 4156982.55, 2.22 ], [ 281535.02, 4156978.55, 0.0 ], [ 281537.54, 4156978.43, 0.0 ], [ 281535.68, 4156982.86, 0.0 ], [ 281535.34, 4156980.77, 1.1 ], [ 281538.53, 4156981.53, 2.17 ], [ 281538.53, 4156981.53, 0.68 ], [ 281538.09, 4156980.14, 1.15 ], [ 281538.09, 4156980.14, 1.14 ], [ 281535.28, 4156980.35, 0.81 ], [ 281534.97, 4156980.37, 0.77 ], [ 281538.09, 4156980.14, 0.51 ], [ 281537.79, 4156979.2, 0.47 ], [ 281537.54, 4156978.43, 0.44 ], [ 281539.22, 4156978.35, 1.67 ] ], "f": [ [ [ 41, 2, 4, 25, 32 ] ], [ [ 11, 45, 5, 9, 42, 30, 31, 32, 25, 3, 0, 1, 10 ] ], [ [ 29, 51, 12, 15, 40, 19, 22, 24, 7, 6, 46, 26 ] ], [ [ 34, 17, 38, 37, 52, 28, 27, 46, 5, 45, 44, 36, 35, 33 ] ], [ [ 48, 58, 53, 50, 55, 56, 47 ] ], [ [ 54, 21, 20, 39, 14, 13, 38, 16, 18, 49, 50 ] ], [ [ 59, 60, 43, 8, 24, 23, 57, 58 ] ], [ [ 2, 0, 3, 4 ] ], [ [ 5, 6, 7, 8, 9 ] ], [ [ 12, 13, 14, 15 ] ], [ [ 19, 20, 21, 22 ] ], [ [ 22, 21, 23, 24 ] ], [ [ 8, 7, 24 ] ], [ [ 4, 3, 25 ] ], [ [ 26, 27, 28, 29 ] ], [ [ 13, 37, 38 ] ], [ [ 15, 14, 39, 40 ] ], [ [ 40, 39, 20, 19 ] ], [ [ 9, 8, 43, 42 ] ], [ [ 27, 26, 46 ] ], [ [ 6, 5, 46 ] ], [ [ 51, 52, 37, 13, 12 ] ], [ [ 29, 28, 52, 51 ] ], [ [ 53, 54, 50 ] ], [ [ 17, 16, 38 ] ], [ [ 57, 54, 53, 58 ] ], [ [ 48, 59, 58 ] ], [ [ 54, 57, 23, 21 ] ] ] }, "roof_props": null, "wall_color": "cream", "type": "house", "landmark": null, "footprint_source": "osm", "source_updated": null, "is_part": false, "parent": null, "hidden": false, "addr": "1700 Georgia Avenue", "wikidata": null, "website": null, "zoning": "R-5", "lidar_p90": 5.65, "ground_z": 55.43 }, "geometry": { "type": "Polygon", "coordinates": [ [ [ 281534.36, 4156983.11 ], [ 281537.07, 4156982.6 ], [ 281538.28, 4156988.92 ], [ 281545.13, 4156987.62 ], [ 281544.44, 4156983.99 ], [ 281546.42, 4156983.62 ], [ 281545.66, 4156979.65 ], [ 281544.19, 4156979.93 ], [ 281543.53, 4156976.49 ], [ 281533.46, 4156978.39 ], [ 281534.36, 4156983.11 ] ] ] } },
{ "type": "Feature", "properties": { "id": "osm:way/600838558", "name": null, "height": 2.91, "min_height": 0.0, "levels": null, "height_source": "lidar", "roof_shape": "gable", "roof_height": 2.25, "roof_azimuth": 13.0, "roof_source": "lod2", "roof_color": "roof_flat", "roof_color_source": "ortho", "lod2_roof": { "v": [ [ 281703.65, 4156955.3, 0.13 ], [ 281700.79, 4156955.96, 2.25 ], [ 281700.79, 4156955.96, 2.25 ], [ 281696.32, 4156948.69, 0.2 ], [ 281699.01, 4156948.07, 2.23 ], [ 281698.14, 4156956.56, 0.26 ], [ 281702.01, 4156947.38, 0.0 ] ], "f": [ [ [ 5, 3, 4, 1 ] ], [ [ 6, 0, 2, 4 ] ], [ [ 2, 1, 4 ] ] ] }, "roof_props": null, "wall_color": "sand", "type": "yes", "landmark": null, "footprint_source": "osm", "source_updated": null, "is_part": false, "parent": null, "hidden": false, "addr": null, "wikidata": null, "website": null, "zoning": "R-5", "lidar_p90": 4.86, "ground_z": 57.94 }, "geometry": { "type": "Polygon", "coordinates": [ [ [ 281703.45, 4156947.05 ], [ 281696.32, 4156948.69 ], [ 281698.14, 4156956.56 ], [ 281705.1, 4156954.97 ], [ 281703.45, 4156947.05 ] ] ] } },
{ "type": "Feature", "properties": { "id": "osm:way/600808951", "name": null, "height": 2.5, "min_height": 0.0, "levels": null, "height_source": "lidar", "roof_shape": "flat", "roof_height": 0.19, "roof_azimuth": null, "roof_source": "lod2", "roof_color": "concrete", "roof_color_source": "heuristic", "lod2_roof": { "v": [ [ 281691.36, 4156958.14, 0.19 ], [ 281688.43, 4156958.85, 0.04 ], [ 281690.54, 4156954.74, 0.15 ], [ 281687.55, 4156955.17, 0.0 ] ], "f": [ [ [ 3, 2, 0, 1 ] ] ] }, "roof_props": null, "wall_color": "terracotta", "type": "yes", "landmark": null, "footprint_source": "osm", "source_updated": null, "is_part": false, "parent": null, "hidden": false, "addr": null, "wikidata": null, "website": null, "zoning": "R-5", "lidar_p90": 2.51, "ground_z": 58.26 }, "geometry": { "type": "Polygon", "coordinates": [ [ [ 281691.36, 4156958.14 ], [ 281690.37, 4156954.05 ], [ 281687.45, 4156954.75 ], [ 281688.43, 4156958.85 ], [ 281691.36, 4156958.14 ] ] ] } },
{ "type": "Feature", "properties": { "id": "osm:way/600808969", "name": null, "height": 3.89, "min_height": 0.0, "levels": null, "height_source": "lidar", "roof_shape": "gable", "roof_height": 2.35, "roof_azimuth": 14.5, "roof_source": "lod2", "roof_color": "roof_flat", "roof_color_source": "ortho", "lod2_roof": { "v": [ [ 281667.74, 4156967.75, 0.0 ], [ 281666.05, 4156968.19, 0.0 ], [ 281671.08, 4156966.88, 2.35 ], [ 281667.74, 4156967.75, 0.0 ], [ 281669.54, 4156964.93, 1.56 ], [ 281669.03, 4156958.06, 2.31 ], [ 281672.86, 4156957.07, 0.0 ], [ 281669.14, 4156958.52, 2.31 ], [ 281665.33, 4156965.43, 1.8 ], [ 281664.54, 4156962.43, 0.0 ], [ 281666.04, 4156962.04, 0.0 ], [ 281666.48, 4156961.93, 0.0 ], [ 281669.24, 4156964.51, 1.9 ], [ 281669.24, 4156964.51, 1.41 ], [ 281665.79, 4156959.24, 0.0 ], [ 281668.57, 4156963.55, 1.09 ], [ 281671.08, 4156966.88, 2.35 ], [ 281675.15, 4156965.83, 0.0 ] ], "f": [ [ [ 12, 8, 9, 10, 15 ] ], [ [ 8, 12, 4, 0, 1 ] ], [ [ 7, 2, 3, 4, 13, 15, 10, 11, 14 ] ], [ [ 6, 17, 16, 7, 5 ] ], [ [ 3, 0, 4 ] ], [ [ 12, 13, 4 ] ], [ [ 13, 12, 15 ] ], [ [ 16, 2, 7 ] ] ] }, "roof_props": null, "wall_color": "cream", "type": "house", "landmark": null, "footprint_source": "osm", "source_updated": null, "is_part": false, "parent": null, "hidden": false, "addr": "1703 Greenville Avenue", "wikidata": null, "website": null, "zoning": "R-5", "lidar_p90": 5.84, "ground_z": 58.7 }, "geometry": { "type": "Polygon", "coordinates": [ [ [ 281675.15, 4156965.83 ], [ 281672.86, 4156957.07 ], [ 281665.71, 4156958.93 ], [ 281666.48, 4156961.93 ], [ 281664.54, 4156962.43 ], [ 281666.05, 4156968.19 ], [ 281675.15, 4156965.83 ] ] ] } },
{ "type": "Feature", "properties": { "id": "richmond_structure:269628", "name": null, "height": 4.04, "min_height": 0.0, "levels": null, "height_source": "lidar", "roof_shape": "flat", "roof_height": 0.82, "roof_azimuth": null, "roof_source": "lod2", "roof_color": "roof_flat", "roof_color_source": "ortho", "lod2_roof": { "v": [ [ 281692.81, 4156975.79, 0.82 ], [ 281692.81, 4156975.79, 0.82 ], [ 281691.67, 4156970.45, 0.8 ], [ 281694.76, 4156969.85, 0.0 ], [ 281690.83, 4156976.27, 0.0 ], [ 281689.52, 4156970.87, 0.0 ], [ 281696.01, 4156975.02, 0.0 ] ], "f": [ [ [ 6, 0, 2, 3 ] ], [ [ 1, 4, 5, 2 ] ], [ [ 0, 1, 2 ] ] ] }, "roof_props": null, "wall_color": "terracotta", "type": "yes", "landmark": null, "footprint_source": "richmond_structures", "source_updated": "2026-09-08T12:07:13.637000Z", "is_part": false, "parent": null, "hidden": false, "addr": null, "wikidata": null, "website": null, "zoning": "R-5", "lidar_p90": 4.22, "ground_z": 58.98 }, "geometry": { "type": "Polygon", "coordinates": [ [ [ 281694.54, 4156968.94 ], [ 281689.36, 4156970.2 ], [ 281690.83, 4156976.27 ], [ 281696.01, 4156975.01 ], [ 281694.54, 4156968.94 ] ] ] } },
{ "type": "Feature", "properties": { "id": "osm:way/600808970", "name": null, "height": 3.88, "min_height": 0.0, "levels": null, "height_source": "lidar", "roof_shape": "gable", "roof_height": 2.34, "roof_azimuth": 11.2, "roof_source": "lod2", "roof_color": "roof_red", "roof_color_source": "heuristic", "lod2_roof": { "v": [ [ 281670.31, 4156972.0, 2.31 ], [ 281674.55, 4156971.16, 0.0 ], [ 281668.52, 4156981.18, 0.0 ], [ 281666.83, 4156972.69, 0.0 ], [ 281668.42, 4156972.38, 0.86 ], [ 281668.45, 4156972.71, 0.83 ], [ 281672.28, 4156980.44, 2.34 ], [ 281675.34, 4156975.13, 0.0 ], [ 281670.37, 4156972.26, 2.31 ], [ 281670.37, 4156972.26, 2.31 ], [ 281675.15, 4156979.88, 0.0 ], [ 281675.15, 4156979.88, 0.24 ], [ 281675.09, 4156979.43, 0.21 ], [ 281672.28, 4156980.44, 2.34 ], [ 281677.45, 4156979.42, 0.0 ], [ 281677.11, 4156978.92, 0.19 ], [ 281673.74, 4156978.26, 0.96 ], [ 281673.74, 4156978.26, 1.26 ], [ 281673.64, 4156978.56, 1.08 ], [ 281675.34, 4156975.13, 0.0 ], [ 281674.22, 4156976.91, 0.4 ], [ 281675.46, 4156975.76, 0.0 ], [ 281677.14, 4156977.53, 1.15 ], [ 281677.18, 4156975.42, 0.0 ] ], "f": [ [ [ 9, 6, 2, 3, 4, 5 ] ], [ [ 22, 17, 20, 19, 21, 23 ] ], [ [ 20, 16, 18, 12, 11, 13, 8, 0, 1, 7 ] ], [ [ 17, 22, 15, 14, 10, 12, 18 ] ], [ [ 10, 11, 12 ] ], [ [ 16, 17, 18 ] ], [ [ 7, 19, 20 ] ], [ [ 13, 6, 9, 8 ] ], [ [ 17, 16, 20 ] ] ] }, "roof_props": null, "wall_color": "brick_dark", "type": "house", "landmark": null, "footprint_source": "osm", "source_updated": null, "is_part": false, "parent": null, "hidden": false, "addr": "1701 Greenville Avenue", "wikidata": null, "website": null, "zoning": "R-5", "lidar_p90": 5.73, "ground_z": 59.16 }, "geometry": { "type": "Polygon", "coordinates": [ [ [ 281668.52, 4156981.18 ], [ 281679.1, 4156979.1 ], [ 281678.33, 4156975.18 ], [ 281675.46, 4156975.76 ], [ 281674.55, 4156971.16 ], [ 281666.83, 4156972.69 ], [ 281668.52, 4156981.18 ] ] ] } },
{ "type": "Feature", "properties": { "id": "richmond_structure:269740", "name": null, "height": 3.36, "min_height": 0.0, "levels": null, "height_source": "lidar", "roof_shape": "flat", "roof_height": 0.63, "roof_azimuth": null, "roof_source": "lod2", "roof_color": "concrete", "roof_color_source": "heuristic", "lod2_roof": { "v": [ [ 281519.17, 4156983.31, 0.0 ], [ 281523.19, 4156982.44, 0.0 ], [ 281519.71, 4156985.4, 0.63 ], [ 281523.63, 4156984.39, 0.53 ] ], "f": [ [ [ 1, 3, 2, 0 ] ] ] }, "roof_props": null, "wall_color": "brick", "type": "yes", "landmark": null, "footprint_source": "richmond_structures", "source_updated": "2026-09-08T12:07:13.637000Z", "is_part": false, "parent": null, "hidden": false, "addr": null, "wikidata": null, "website": null, "zoning": "R-5", "lidar_p90": 3.54, "ground_z": 55.82 }, "geometry": { "type": "Polygon", "coordinates": [ [ [ 281523.04, 4156981.41 ], [ 281518.95, 4156982.45 ], [ 281519.71, 4156985.4 ], [ 281523.79, 4156984.35 ], [ 281523.04, 4156981.41 ] ] ] } },
{ "type": "Feature", "properties": { "id": "osm:way/600808852", "name": null, "height": 3.02, "min_height": 0.0, "levels": null, "height_source": "lidar", "roof_shape": "flat", "roof_height": 0.8, "roof_azimuth": null, "roof_source": "lod2", "roof_color": "roof_dark", "roof_color_source": "heuristic", "lod2_roof": { "v": [ [ 281509.95, 4156984.35, 0.8 ], [ 281512.98, 4156984.09, 0.0 ], [ 281513.45, 4156989.76, 0.0 ], [ 281510.41, 4156990.02, 0.73 ] ], "f": [ [ [ 2, 3, 0, 1 ] ] ] }, "roof_props": null, "wall_color": "brick", "type": "yes", "landmark": null, "footprint_source": "osm", "source_updated": null, "is_part": false, "parent": null, "hidden": false, "addr": null, "wikidata": null, "website": null, "zoning": "R-5", "lidar_p90": 3.05, "ground_z": 55.99 }, "geometry": { "type": "Polygon", "coordinates": [ [ [ 281513.45, 4156989.76 ], [ 281512.92, 4156983.33 ], [ 281509.88, 4156983.58 ], [ 281510.41, 4156990.02 ], [ 281513.45, 4156989.76 ] ] ] } },
{ "type": "Feature", "properties": { "id": "richmond_structure:269424", "name": null, "height": 7.5, "min_height": 0.0, "levels": null, "height_source": "zoning", "roof_shape": "flat", "roof_height": 0.0, "roof_azimuth": null, "roof_source": "heuristic", "roof_color": "roof_flat", "roof_color_source": "heuristic", "lod2_roof": null, "roof_props": null, "wall_color": "sand", "type": "yes", "landmark": null, "footprint_source": "richmond_structures", "source_updated": "2026-09-08T12:07:13.637000Z", "is_part": false, "parent": null, "hidden": false, "addr": null, "wikidata": null, "website": null, "zoning": "R-5", "lidar_p90": 2.02, "ground_z": 56.27 }, "geometry": { "type": "Polygon", "coordinates": [ [ [ 281597.98, 4156972.13 ], [ 281593.14, 4156973.12 ], [ 281593.85, 4156976.58 ], [ 281598.69, 4156975.6 ], [ 281597.98, 4156972.13 ] ] ] } },
{ "type": "Feature", "properties": { "id": "osm:way/600808945", "name": null, "height": 3.75, "min_height": 0.0, "levels": null, "height_source": "lidar", "roof_shape": "gable", "roof_height": 2.72, "roof_azimuth": 12.0, "roof_source": "lod2", "roof_color": "roof_red", "roof_color_source": "heuristic", "lod2_roof": { "v": [ [ 281630.52, 4156975.13, 2.72 ], [ 281632.62, 4156974.69, 0.12 ], [ 281632.62, 4156974.69, 1.45 ], [ 281635.98, 4156973.99, 0.0 ], [ 281636.44, 4156976.17, 1.52 ], [ 281636.44, 4156976.17, 1.52 ], [ 281634.11, 4156976.67, 1.63 ], [ 281627.2, 4156975.83, 0.16 ], [ 281637.15, 4156979.49, 0.0 ], [ 281637.83, 4156982.71, 0.0 ], [ 281633.68, 4156983.64, 1.85 ], [ 281637.15, 4156979.49, 0.0 ], [ 281633.81, 4156977.65, 1.09 ], [ 281632.69, 4156975.16, 0.45 ], [ 281632.69, 4156975.16, 1.46 ], [ 281629.05, 4156983.88, 0.13 ], [ 281632.39, 4156983.71, 2.61 ], [ 281633.49, 4156976.92, 1.19 ], [ 281633.49, 4156976.92, 1.59 ], [ 281633.49, 4156976.92, 1.74 ], [ 281633.2, 4156976.3, 1.29 ] ], "f": [ [ [ 6, 19, 20, 13, 1, 3, 4 ] ], [ [ 0, 16, 15, 7 ] ], [ [ 18, 6, 5, 11, 12 ] ], [ [ 16, 0, 2, 14, 20, 17, 12, 8, 9, 10 ] ], [ [ 4, 5, 6 ] ], [ [ 11, 8, 12 ] ], [ [ 2, 1, 13, 14 ] ], [ [ 17, 18, 12 ] ], [ [ 19, 18, 17, 20 ] ], [ [ 14, 13, 20 ] ], [ [ 18, 19, 6 ] ] ] }, "roof_props": null, "wall_color": "brick_dark", "type": "house", "landmark": null, "footprint_source": "osm", "source_updated": null, "is_part": false, "parent": null, "hidden": false, "addr": "1700 Greenville Avenue", "wikidata": null, "website": null, "zoning": "R-5", "lidar_p90": 5.88, "ground_z": 58.18 }, "geometry": { "type": "Polygon", "coordinates": [ [ [ 281629.56, 4156986.08 ], [ 281638.16, 4156984.28 ], [ 281635.98, 4156973.99 ], [ 281627.2, 4156975.83 ], [ 281629.56, 4156986.08 ] ] ] } },
{ "type": "Feature", "properties": { "id": "osm:way/600808918", "name": null, "height": 3.09, "min_height": 0.0, "levels": null, "height_source": "lidar", "roof_shape": "gable", "roof_height": 2.64, "roof_azimuth": 13.2, "roof_source": "lod2", "roof_color": "slate", "roof_color_source": "heuristic", "lod2_roof": { "v": [ [ 281588.6, 4156980.16, 0.0 ], [ 281585.01, 4156984.47, 0.26 ], [ 281581.9, 4156985.2, 2.64 ], [ 281576.93, 4156980.62, 0.39 ], [ 281575.33, 4156980.99, 0.0 ], [ 281574.64, 4156978.09, 0.0 ], [ 281579.9, 4156976.85, 2.62 ], [ 281582.01, 4156976.36, 1.0 ], [ 281579.9, 4156976.85, 2.62 ], [ 281581.9, 4156985.2, 2.64 ], [ 281578.23, 4156986.07, 0.4 ], [ 281587.39, 4156975.09, 0.0 ], [ 281584.81, 4156982.14, 1.85 ], [ 281584.81, 4156982.14, 0.0 ], [ 281587.12, 4156983.97, 0.0 ], [ 281587.12, 4156983.97, 0.41 ], [ 281589.38, 4156983.44, 0.0 ], [ 281589.37, 4156983.45, 0.0 ], [ 281588.6, 4156980.16, 0.0 ], [ 281582.96, 4156982.93, 1.47 ], [ 281588.6, 4156980.16, 0.0 ], [ 281583.82, 4156981.0, 0.5 ] ], "f": [ [ [ 19, 12, 15, 1 ] ], [ [ 8, 9, 10, 3, 4, 5 ] ], [ [ 11, 20, 21, 7 ] ], [ [ 2, 6, 7, 21, 18, 16, 17, 14, 13, 19, 1 ] ], [ [ 12, 13, 14, 15 ] ], [ [ 13, 12, 19 ] ], [ [ 20, 0, 18, 21 ] ], [ [ 8, 6, 2, 9 ] ] ] }, "roof_props": null, "wall_color": "terracotta", "type": "house", "landmark": null, "footprint_source": "osm", "source_updated": null, "is_part": false, "parent": null, "hidden": false, "addr": "1701 Georgia Avenue", "wikidata": null, "website": null, "zoning": "R-5", "lidar_p90": 5.59, "ground_z": 55.71 }, "geometry": { "type": "Polygon", "coordinates": [ [ [ 281575.33, 4156980.99 ], [ 281576.93, 4156980.62 ], [ 281578.23, 4156986.07 ], [ 281589.38, 4156983.44 ], [ 281587.39, 4156975.09 ], [ 281574.64, 4156978.09 ], [ 281575.33, 4156980.99 ] ] ] } },
{ "type": "Feature", "properties": { "id": "osm:way/600838519", "name": null, "height": 5.29, "min_height": 0.0, "levels": null, "height_source": "lidar", "roof_shape": "gable", "roof_height": 0.85, "roof_azimuth": null, "roof_source": "lod2", "roof_color": "roof_dark", "roof_color_source": "heuristic", "lod2_roof": { "v": [ [ 281731.64, 4156841.93, 0.0 ], [ 281729.71, 4156832.89, 0.0 ], [ 281740.06, 4156840.13, 0.0 ], [ 281735.94, 4156841.01, 0.0 ], [ 281739.69, 4156839.66, 0.0 ], [ 281738.92, 4156835.42, 0.0 ], [ 281739.4, 4156838.03, 0.0 ], [ 281733.73, 4156841.48, 0.24 ], [ 281734.1, 4156840.9, 0.59 ], [ 281734.46, 4156840.83, 0.85 ], [ 281735.28, 4156841.15, 0.34 ], [ 281734.77, 4156840.77, 0.62 ], [ 281735.87, 4156838.71, 0.0 ], [ 281735.87, 4156838.71, 0.0 ], [ 281735.86, 4156838.09, 0.0 ], [ 281735.94, 4156841.01, 0.0 ], [ 281735.88, 4156839.06, 0.0 ], [ 281736.5, 4156835.94, 0.0 ], [ 281736.5, 4156835.94, 0.0 ], [ 281736.74, 4156836.68, 0.0 ], [ 281736.41, 4156835.96, 0.0 ], [ 281735.19, 4156831.99, 0.0 ], [ 281735.11, 4156831.75, 0.0 ], [ 281732.58, 4156832.75, 0.85 ], [ 281732.47, 4156832.31, 0.85 ], [ 281735.5, 4156831.67, 0.0 ] ], "f": [ [ [ 6, 4, 2, 3, 16, 12 ] ], [ [ 18, 5, 6, 12, 14, 19 ] ], [ [ 23, 9, 8, 7, 0, 1, 24 ] ], [ [ 25, 20, 17, 19, 14, 13, 16, 15, 10, 11, 9, 23, 21, 22 ] ], [ [ 12, 13, 14 ] ], [ [ 3, 15, 16 ] ], [ [ 13, 12, 16 ] ], [ [ 17, 18, 19 ] ] ] }, "roof_props": null, "wall_color": "brick", "type": "house", "landmark": null, "footprint_source": "osm", "source_updated": null, "is_part": false, "parent": null, "hidden": false, "addr": "1803 Carter Street", "wikidata": null, "website": null, "zoning": "R-5", "lidar_p90": 5.81, "ground_z": 57.01 }, "geometry": { "type": "Polygon", "coordinates": [ [ [ 281741.52, 4156839.82 ], [ 281740.5, 4156835.09 ], [ 281736.41, 4156835.96 ], [ 281735.49, 4156831.66 ], [ 281729.71, 4156832.89 ], [ 281731.64, 4156841.93 ], [ 281741.52, 4156839.82 ] ] ] } },
{ "type": "Feature", "properties": { "id": "osm:way/600838520", "name": null, "height": 4.94, "min_height": 0.0, "levels": null, "height_source": "lidar", "roof_shape": "gable", "roof_height": 2.43, "roof_azimuth": null, "roof_source": "heuristic", "roof_color": "concrete", "roof_color_source": "ortho", "lod2_roof": null, "roof_props": null, "wall_color": "brick", "type": "house", "landmark": null, "footprint_source": "osm", "source_updated": null, "is_part": false, "parent": null, "hidden": false, "addr": "1801 Carter Street", "wikidata": null, "website": null, "zoning": "R-5", "lidar_p90": 5.62, "ground_z": 57.13 }, "geometry": { "type": "Polygon", "coordinates": [ [ [ 281747.36, 4156847.64 ], [ 281740.65, 4156849.32 ], [ 281739.45, 4156844.54 ], [ 281731.98, 4156846.4 ], [ 281734.12, 4156854.92 ], [ 281748.3, 4156851.37 ], [ 281747.36, 4156847.64 ] ] ] } },
{ "type": "Feature", "properties": { "id": "osm:way/600838521", "name": null, "height": 4.32, "min_height": 0.0, "levels": null, "height_source": "lidar", "roof_shape": "gable", "roof_height": 2.16, "roof_azimuth": 11.0, "roof_source": "lod2", "roof_color": "roof_dark", "roof_color_source": "heuristic", "lod2_roof": { "v": [ [ 281740.53, 4156882.26, 0.0 ], [ 281739.62, 4156882.43, 0.0 ], [ 281740.88, 4156883.99, 0.0 ], [ 281739.16, 4156880.1, 0.0 ], [ 281740.11, 4156879.92, 0.0 ], [ 281739.22, 4156875.32, 0.0 ], [ 281742.16, 4156874.75, 2.16 ], [ 281746.31, 4156878.64, 0.0 ], [ 281746.87, 4156878.54, 0.0 ], [ 281745.42, 4156874.11, 0.0 ], [ 281742.16, 4156874.75, 2.16 ], [ 281748.66, 4156878.19, 0.0 ], [ 281747.26, 4156882.75, 0.0 ], [ 281747.26, 4156882.75, 0.0 ], [ 281746.85, 4156882.34, 0.03 ], [ 281745.64, 4156881.13, 1.1 ], [ 281745.64, 4156881.13, 0.7 ], [ 281745.46, 4156880.67, 0.76 ], [ 281749.46, 4156882.32, 0.0 ], [ 281749.1, 4156880.45, 1.0 ], [ 281749.1, 4156880.45, 1.0 ], [ 281744.18, 4156883.35, 2.13 ], [ 281744.18, 4156883.35, 2.13 ], [ 281745.87, 4156881.73, 0.64 ], [ 281743.14, 4156878.94, 2.14 ] ], "f": [ [ [ 6, 24, 21, 2, 0, 1, 3, 4, 5 ] ], [ [ 11, 20, 15, 17, 8 ] ], [ [ 14, 23, 15, 19, 18, 12 ] ], [ [ 22, 24, 10, 9, 7, 8, 17, 16, 23, 14, 13 ] ], [ [ 12, 13, 14 ] ], [ [ 15, 16, 17 ] ], [ [ 20, 19, 15 ] ], [ [ 16, 15, 23 ] ], [ [ 6, 10, 24 ] ], [ [ 22, 21, 24 ] ] ] }, "roof_props": null, "wall_color": "sand", "type": "house", "landmark": null, "footprint_source": "osm", "source_updated": null, "is_part": false, "parent": null, "hidden": false, "addr": "1715 Carter Street", "wikidata": null, "website": null, "zoning": "R-5", "lidar_p90": 6.28, "ground_z": 56.69 }, "geometry": { "type": "Polygon", "coordinates": [ [ [ 281749.46, 4156882.32 ], [ 281748.66, 4156878.19 ], [ 281746.31, 4156878.64 ], [ 281745.42, 4156874.11 ], [ 281739.22, 4156875.32 ], [ 281740.11, 4156879.91 ], [ 281739.16, 4156880.1 ], [ 281739.62, 4156882.43 ], [ 281740.53, 4156882.26 ], [ 281740.88, 4156883.99 ], [ 281749.46, 4156882.32 ] ] ] } },
{ "type": "Feature", "properties": { "id": "osm:way/600838522", "name": null, "height": 3.41, "min_height": 0.0, "levels": null, "height_source": "lidar", "roof_shape": "gable", "roof_height": 2.41, "roof_azimuth": 14.3, "roof_source": "lod2", "roof_color": "slate", "roof_color_source": "heuristic", "lod2_roof": { "v": [ [ 281744.03, 4156896.8, 0.07 ], [ 281743.57, 4156895.03, 1.34 ], [ 281745.32, 4156896.47, 0.09 ], [ 281751.08, 4156888.18, 0.0 ], [ 281752.26, 4156887.87, 0.0 ], [ 281744.16, 4156890.58, 0.17 ], [ 281743.49, 4156887.91, 0.12 ], [ 281746.96, 4156887.03, 2.41 ], [ 281742.54, 4156891.0, 0.0 ], [ 281742.7, 4156891.62, 0.0 ], [ 281752.57, 4156889.07, 0.0 ], [ 281752.48, 4156888.98, 0.0 ], [ 281751.98, 4156894.78, 0.27 ], [ 281749.74, 4156886.32, 0.54 ], [ 281750.23, 4156886.79, 0.29 ], [ 281748.82, 4156895.58, 2.4 ], [ 281750.7, 4156886.72, 0.0 ], [ 281746.88, 4156894.22, 1.38 ] ], "f": [ [ [ 9, 17, 1 ] ], [ [ 17, 2, 0, 1 ] ], [ [ 4, 10, 11, 12, 15, 7, 13, 14, 16, 3 ] ], [ [ 2, 17, 9, 8, 5, 6, 7, 15 ] ] ] }, "roof_props": null, "wall_color": "cream", "type": "house", "landmark": null, "footprint_source": "osm", "source_updated": null, "is_part": false, "parent": null, "hidden": false, "addr": "1713 Carter Street", "wikidata": null, "website": null, "zoning": "R-5", "lidar_p90": 5.73, "ground_z": 56.48 }, "geometry": { "type": "Polygon", "coordinates": [ [ [ 281744.16, 4156890.58 ], [ 281742.54, 4156891.0 ], [ 281744.02, 4156896.8 ], [ 281753.92, 4156894.29 ], [ 281752.26, 4156887.87 ], [ 281751.08, 4156888.18 ], [ 281750.54, 4156886.11 ], [ 281743.49, 4156887.91 ], [ 281744.16, 4156890.58 ] ] ] } },
{ "type": "Feature", "properties": { "id": "osm:way/600838585", "name": null, "height": 3.79, "min_height": 0.0, "levels": null, "height_source": "lidar", "roof_shape": "gable", "roof_height": 2.07, "roof_azimuth": 117.6, "roof_source": "lidar", "roof_color": "roof_flat", "roof_color_source": "ortho", "lod2_roof": null, "roof_props": null, "wall_color": "brick_dark", "type": "house", "landmark": null, "footprint_source": "osm", "source_updated": null, "is_part": false, "parent": null, "hidden": false, "addr": "1706 Carter Street", "wikidata": null, "website": null, "zoning": "R-5", "lidar_p90": 6.5, "ground_z": 57.1 }, "geometry": { "type": "Polygon", "coordinates": [ [ [ 281719.05, 4156935.6 ], [ 281720.79, 4156935.2 ], [ 281719.47, 4156929.35 ], [ 281707.41, 4156932.06 ], [ 281709.38, 4156940.8 ], [ 281719.7, 4156938.48 ], [ 281719.05, 4156935.6 ] ] ] } },
{ "type": "Feature", "properties": { "id": "osm:way/600838586", "name": null, "height": 2.99, "min_height": 0.0, "levels": null, "height_source": "lidar", "roof_shape": "gable", "roof_height": 2.89, "roof_azimuth": 14.1, "roof_source": "lod2", "roof_color": "roof_flat", "roof_color_source": "ortho", "lod2_roof": { "v": [ [ 281713.03, 4156954.46, 0.07 ], [ 281710.63, 4156944.98, 0.07 ], [ 281712.32, 4156944.55, 0.26 ], [ 281723.93, 4156951.74, 1.06 ], [ 281721.49, 4156952.35, 2.89 ], [ 281714.59, 4156945.21, 0.47 ], [ 281718.61, 4156953.07, 0.67 ], [ 281721.49, 4156952.35, 2.89 ], [ 281718.41, 4156946.31, 1.66 ], [ 281718.41, 4156946.31, 1.81 ], [ 281718.47, 4156946.17, 1.73 ], [ 281718.17, 4156946.24, 1.73 ], [ 281722.06, 4156944.32, 1.17 ], [ 281719.54, 4156943.95, 2.89 ], [ 281719.54, 4156943.95, 2.89 ], [ 281720.1, 4156942.79, 2.31 ], [ 281714.64, 4156946.53, 1.35 ], [ 281714.64, 4156946.53, 0.44 ], [ 281714.96, 4156945.17, 0.51 ], [ 281715.81, 4156947.36, 0.54 ], [ 281715.81, 4156947.36, 1.33 ], [ 281717.17, 4156948.31, 0.65 ], [ 281715.64, 4156944.25, 0.0 ], [ 281716.77, 4156945.02, 0.69 ], [ 281715.81, 4156947.36, 2.09 ], [ 281716.53, 4156946.59, 1.7 ], [ 281720.71, 4156948.99, 2.89 ], [ 281719.13, 4156944.82, 2.44 ], [ 281715.13, 4156945.16, 0.52 ], [ 281717.5, 4156948.19, 0.68 ] ], "f": [ [ [ 29, 21, 20, 25, 11, 8 ] ], [ [ 4, 26, 13, 15, 12, 3 ] ], [ [ 23, 10, 9, 11, 25, 24, 16, 18, 28, 22 ] ], [ [ 6, 29, 8, 10, 23, 27, 14, 26, 7 ] ], [ [ 29, 6, 0, 1, 2, 5, 18, 17, 19, 21 ] ], [ [ 8, 9, 10 ] ], [ [ 9, 8, 11 ] ], [ [ 16, 17, 18 ] ], [ [ 19, 20, 21 ] ], [ [ 20, 24, 25 ] ], [ [ 24, 20, 19, 17, 16 ] ], [ [ 14, 13, 26 ] ], [ [ 4, 7, 26 ] ] ] }, "roof_props": null, "wall_color": "terracotta", "type": "house", "landmark": null, "footprint_source": "osm", "source_updated": null, "is_part": false, "parent": null, "hidden": false, "addr": "1704 Carter Street", "wikidata": null, "website": null, "zoning": "R-5", "lidar_p90": 5.71, "ground_z": 57.42 }, "geometry": { "type": "Polygon", "coordinates": [ [ [ 281723.93, 4156951.74 ], [ 281721.54, 4156942.25 ], [ 281710.63, 4156944.97 ], [ 281713.03, 4156954.46 ], [ 281723.93, 4156951.74 ] ] ] } },
{ "type": "Feature", "properties": { "id": "osm:way/600838587", "name": null, "height": 3.54, "min_height": 0.0, "levels": null, "height_source": "lidar", "roof_shape": "skillion", "roof_height": 2.76, "roof_azimuth": 4.0, "roof_source": "lod2", "roof_color": "roof_flat", "roof_color_source": "ortho", "lod2_roof": { "v": [ [ 281719.43, 4156966.52, 2.62 ], [ 281717.51, 4156958.81, 2.56 ], [ 281720.52, 4156957.94, 2.68 ], [ 281726.08, 4156955.92, 0.0 ], [ 281726.62, 4156958.08, 1.36 ], [ 281727.64, 4156962.14, 0.0 ], [ 281720.58, 4156957.92, 2.65 ], [ 281720.58, 4156957.92, 2.69 ], [ 281720.4, 4156957.33, 2.68 ], [ 281721.6, 4156958.52, 2.73 ], [ 281721.6, 4156958.52, 2.21 ], [ 281722.73, 4156965.7, 2.37 ], [ 281722.73, 4156965.7, 2.76 ], [ 281722.43, 4156956.82, 1.63 ], [ 281728.19, 4156964.35, 0.0 ], [ 281724.83, 4156956.7, 0.15 ], [ 281724.63, 4156956.28, 0.0 ], [ 281723.55, 4156957.06, 0.23 ], [ 281723.52, 4156959.3, 1.52 ], [ 281723.52, 4156959.3, 1.34 ], [ 281723.52, 4156959.04, 1.31 ], [ 281723.52, 4156959.04, 1.62 ], [ 281723.73, 4156959.8, 1.28 ], [ 281722.65, 4156957.32, 1.57 ], [ 281723.55, 4156957.06, 1.1 ], [ 281723.53, 4156958.53, 1.26 ] ], "f": [ [ [ 7, 9, 12, 0, 1, 2 ] ], [ [ 5, 22, 18, 21, 4 ] ], [ [ 21, 25, 17, 15, 16, 3, 4 ] ], [ [ 23, 24, 25, 20, 19, 22, 5, 14, 11, 10, 6, 2, 8, 13 ] ], [ [ 6, 7, 2 ] ], [ [ 9, 10, 11, 12 ] ], [ [ 18, 19, 20, 21 ] ], [ [ 19, 18, 22 ] ], [ [ 7, 6, 10, 9 ] ], [ [ 24, 17, 25 ] ], [ [ 21, 20, 25 ] ] ] }, "roof_props": null, "wall_color": "brick", "type": "house", "landmark": null, "footprint_source": "osm", "source_updated": null, "is_part": false, "parent": null, "hidden": false, "addr": "1702 Carter Street", "wikidata": null, "website": null, "zoning": "R-5", "lidar_p90": 5.77, "ground_z": 57.87 }, "geometry": { "type": "Polygon", "coordinates": [ [ [ 281728.19, 4156964.35 ], [ 281726.08, 4156955.92 ], [ 281717.33, 4156958.09 ], [ 281719.43, 4156966.52 ], [ 281728.19, 4156964.35 ] ] ] } },
{ "type": "Feature", "properties": { "id": "osm:way/600838588", "name": null, "height": 4.4, "min_height": 0.0, "levels": null, "height_source": "lidar", "roof_shape": "gable", "roof_height": 2.2, "roof_azimuth": null, "roof_source": "heuristic", "roof_color": "concrete", "roof_color_source": "ortho", "lod2_roof": null, "roof_props": null, "wall_color": "brick", "type": "house", "landmark": null, "footprint_source": "osm", "source_updated": null, "is_part": false, "parent": null, "hidden": false, "addr": "1700 Carter Street", "wikidata": null, "website": null, "zoning": "R-5", "lidar_p90": 5.58, "ground_z": 58.42 }, "geometry": { "type": "Polygon", "coordinates": [ [ [ 281732.96, 4156977.06 ], [ 281732.03, 4156972.74 ], [ 281730.26, 4156973.12 ], [ 281729.35, 4156968.82 ], [ 281717.03, 4156971.45 ], [ 281718.3, 4156977.38 ], [ 281720.12, 4156977.0 ], [ 281720.69, 4156979.67 ], [ 281732.96, 4156977.06 ] ] ] } }
]
}
