{
"type": "FeatureCollection",
"name": "landuse",
"crs": { "type": "name", "properties": { "name": "urn:ogc:def:crs:EPSG::32618" } },
"xy_coordinate_resolution": 0.01,
"features": [
{ "type": "Feature", "properties": { "id": "imagery:groundcover_paved:2739", "name": null, "kind": "groundcover_paved", "sport": null, "surface": null, "pitch_layout": null, "source": "vgin_vbmp+naip+lidar2025", "source_updated": null, "base_z": null, "top_z": null }, "geometry": { "type": "Polygon", "coordinates": [ [ [ 281582.48, 4156760.41 ], [ 281582.97, 4156760.32 ], [ 281583.45, 4156760.27 ], [ 281583.94, 4156760.27 ], [ 281584.43, 4156760.31 ], [ 281584.91, 4156760.41 ], [ 281585.38, 4156760.55 ], [ 281585.83, 4156760.74 ], [ 281586.27, 4156760.96 ], [ 281586.67, 4156761.24 ], [ 281587.05, 4156761.54 ], [ 281587.4, 4156761.89 ], [ 281587.71, 4156762.27 ], [ 281587.99, 4156762.67 ], [ 281588.22, 4156763.11 ], [ 281588.41, 4156763.56 ], [ 281588.56, 4156764.03 ], [ 281588.71, 4156764.63 ], [ 281595.53, 4156764.63 ], [ 281595.81, 4156764.74 ], [ 281593.86, 4156756.35 ], [ 281572.13, 4156757.27 ], [ 281572.13, 4156761.63 ], [ 281573.4, 4156762.89 ], [ 281573.67, 4156762.74 ], [ 281574.13, 4156762.55 ], [ 281574.6, 4156762.41 ], [ 281582.48, 4156760.41 ] ] ] } },
{ "type": "Feature", "properties": { "id": "richmond_structure:271022", "name": null, "kind": "deck", "sport": null, "surface": null, "pitch_layout": null, "source": "richmond_structures", "source_updated": "2026-09-08T12:07:13.637000Z", "base_z": null, "top_z": null }, "geometry": { "type": "Polygon", "coordinates": [ [ [ 281646.84, 4156759.8 ], [ 281642.06, 4156761.19 ], [ 281642.72, 4156764.18 ], [ 281647.27, 4156762.78 ], [ 281646.84, 4156759.8 ] ] ] } },
{ "type": "Feature", "properties": { "id": "richmond_structure:408869", "name": null, "kind": "deck", "sport": null, "surface": null, "pitch_layout": null, "source": "richmond_structures", "source_updated": "2026-09-08T12:07:13.637000Z", "base_z": null, "top_z": null }, "geometry": { "type": "Polygon", "coordinates": [ [ [ 281661.82, 4156763.75 ], [ 281664.55, 4156763.39 ], [ 281664.09, 4156760.67 ], [ 281661.38, 4156761.13 ], [ 281661.82, 4156763.75 ] ] ] } },
{ "type": "Feature", "properties": { "id": "richmond_structure:270530", "name": null, "kind": "deck", "sport": null, "surface": null, "pitch_layout": null, "source": "richmond_structures", "source_updated": "2026-09-08T12:07:13.637000Z", "base_z": null, "top_z": null }, "geometry": { "type": "Polygon", "coordinates": [ [ [ 281671.98, 4156769.59 ], [ 281676.58, 4156768.56 ], [ 281676.01, 4156765.64 ], [ 281671.33, 4156766.78 ], [ 281671.98, 4156769.59 ] ] ] } },
{ "type": "Feature", "properties": { "id": "richmond_structure:272286", "name": null, "kind": "deck", "sport": null, "surface": null, "pitch_layout": null, "source": "richmond_structures", "source_updated": "2026-09-08T12:07:13.637000Z", "base_z": null, "top_z": null }, "geometry": { "type": "Polygon", "coordinates": [ [ [ 281634.91, 4156769.18 ], [ 281634.49, 4156767.27 ], [ 281628.78, 4156768.54 ], [ 281629.2, 4156770.45 ], [ 281634.91, 4156769.18 ] ] ] } },
{ "type": "Feature", "properties": { "id": "richmond_structure:408870", "name": null, "kind": "deck", "sport": null, "surface": null, "pitch_layout": null, "source": "richmond_structures", "source_updated": "2026-09-08T12:07:13.637000Z", "base_z": null, "top_z": null }, "geometry": { "type": "Polygon", "coordinates": [ [ [ 281662.49, 4156774.05 ], [ 281665.55, 4156773.37 ], [ 281664.88, 4156770.36 ], [ 281661.83, 4156771.03 ], [ 281662.49, 4156774.05 ] ] ] } },
{ "type": "Feature", "properties": { "id": "richmond_structure:408871", "name": null, "kind": "deck", "sport": null, "surface": null, "pitch_layout": null, "source": "richmond_structures", "source_updated": "2026-09-08T12:07:13.637000Z", "base_z": null, "top_z": null }, "geometry": { "type": "Polygon", "coordinates": [ [ [ 281671.71, 4156775.82 ], [ 281670.75, 4156776.03 ], [ 281671.25, 4156778.33 ], [ 281673.0, 4156777.95 ], [ 281672.19, 4156774.24 ], [ 281671.4, 4156774.41 ], [ 281671.71, 4156775.82 ] ] ] } },
{ "type": "Feature", "properties": { "id": "imagery:groundcover_paved:2728", "name": null, "kind": "groundcover_paved", "sport": null, "surface": null, "pitch_layout": null, "source": "vgin_vbmp+naip+lidar2025", "source_updated": null, "base_z": null, "top_z": null }, "geometry": { "type": "Polygon", "coordinates": [ [ [ 281626.35, 4156789.22 ], [ 281626.83, 4156789.1 ], [ 281635.82, 4156787.15 ], [ 281636.3, 4156787.07 ], [ 281636.79, 4156787.04 ], [ 281637.28, 4156787.05 ], [ 281637.77, 4156787.12 ], [ 281638.24, 4156787.23 ], [ 281638.71, 4156787.38 ], [ 281639.15, 4156787.59 ], [ 281639.58, 4156787.83 ], [ 281639.98, 4156788.12 ], [ 281640.35, 4156788.44 ], [ 281640.68, 4156788.8 ], [ 281640.98, 4156789.19 ], [ 281641.24, 4156789.6 ], [ 281641.46, 4156790.04 ], [ 281641.63, 4156790.5 ], [ 281641.76, 4156790.97 ], [ 281641.9, 4156791.63 ], [ 281645.28, 4156791.63 ], [ 281647.96, 4156789.97 ], [ 281648.73, 4156788.44 ], [ 281649.47, 4156787.75 ], [ 281652.1, 4156786.66 ], [ 281653.11, 4156786.62 ], [ 281655.18, 4156787.31 ], [ 281655.42, 4156787.14 ], [ 281650.07, 4156763.69 ], [ 281649.65, 4156764.04 ], [ 281647.72, 4156773.7 ], [ 281647.21, 4156774.54 ], [ 281645.07, 4156776.3 ], [ 281644.15, 4156776.63 ], [ 281641.73, 4156776.63 ], [ 281640.71, 4156776.2 ], [ 281638.55, 4156774.05 ], [ 281637.92, 4156772.51 ], [ 281625.22, 4156775.18 ], [ 281623.33, 4156784.62 ], [ 281623.59, 4156786.55 ], [ 281625.2, 4156789.77 ], [ 281625.46, 4156789.61 ], [ 281625.9, 4156789.4 ], [ 281626.35, 4156789.22 ] ] ] } },
{ "type": "Feature", "properties": { "id": "richmond_structure:408872", "name": null, "kind": "deck", "sport": null, "surface": null, "pitch_layout": null, "source": "richmond_structures", "source_updated": "2026-09-08T12:07:13.637000Z", "base_z": null, "top_z": null }, "geometry": { "type": "Polygon", "coordinates": [ [ [ 281660.28, 4156778.83 ], [ 281657.97, 4156779.34 ], [ 281658.41, 4156781.33 ], [ 281663.75, 4156780.16 ], [ 281663.01, 4156776.78 ], [ 281659.97, 4156777.45 ], [ 281660.28, 4156778.83 ] ] ] } },
{ "type": "Feature", "properties": { "id": "richmond_structure:410465", "name": null, "kind": "deck", "sport": null, "surface": null, "pitch_layout": null, "source": "richmond_structures", "source_updated": "2026-09-08T12:07:13.637000Z", "base_z": null, "top_z": null }, "geometry": { "type": "Polygon", "coordinates": [ [ [ 281647.31, 4156800.81 ], [ 281647.5, 4156806.01 ], [ 281653.53, 4156805.79 ], [ 281653.33, 4156800.58 ], [ 281647.31, 4156800.81 ] ] ] } },
{ "type": "Feature", "properties": { "id": "richmond_structure:272241", "name": null, "kind": "deck", "sport": null, "surface": null, "pitch_layout": null, "source": "richmond_structures", "source_updated": "2026-09-08T12:07:13.637000Z", "base_z": null, "top_z": null }, "geometry": { "type": "Polygon", "coordinates": [ [ [ 281717.95, 4156750.0 ], [ 281717.93, 4156751.0 ], [ 281718.97, 4156755.2 ], [ 281720.8, 4156754.82 ], [ 281720.84, 4156755.05 ], [ 281721.64, 4156754.81 ], [ 281721.2, 4156750.0 ], [ 281717.95, 4156750.0 ] ] ] } },
{ "type": "Feature", "properties": { "id": "richmond_structure:408873", "name": null, "kind": "deck", "sport": null, "surface": null, "pitch_layout": null, "source": "richmond_structures", "source_updated": "2026-09-08T12:07:13.637000Z", "base_z": null, "top_z": null }, "geometry": { "type": "Polygon", "coordinates": [ [ [ 281676.19, 4156790.88 ], [ 281678.2, 4156790.46 ], [ 281677.3, 4156786.5 ], [ 281675.14, 4156787.1 ], [ 281676.19, 4156790.88 ] ] ] } },
{ "type": "Feature", "properties": { "id": "richmond_structure:272398", "name": null, "kind": "deck", "sport": null, "surface": null, "pitch_layout": null, "source": "richmond_structures", "source_updated": "2026-09-08T12:07:13.637000Z", "base_z": null, "top_z": null }, "geometry": { "type": "Polygon", "coordinates": [ [ [ 281733.1, 4156794.87 ], [ 281731.22, 4156795.27 ], [ 281731.58, 4156796.98 ], [ 281733.46, 4156796.58 ], [ 281733.1, 4156794.87 ] ] ] } },
{ "type": "Feature", "properties": { "id": "richmond_structure:272350", "name": null, "kind": "deck", "sport": null, "surface": null, "pitch_layout": null, "source": "richmond_structures", "source_updated": "2026-09-08T12:07:13.637000Z", "base_z": null, "top_z": null }, "geometry": { "type": "Polygon", "coordinates": [ [ [ 281676.55, 4156804.73 ], [ 281680.39, 4156803.89 ], [ 281679.57, 4156800.13 ], [ 281675.73, 4156800.97 ], [ 281676.55, 4156804.73 ] ] ] } },
{ "type": "Feature", "properties": { "id": "richmond_structure:272229", "name": null, "kind": "deck", "sport": null, "surface": null, "pitch_layout": null, "source": "richmond_structures", "source_updated": "2026-09-08T12:07:13.637000Z", "base_z": null, "top_z": null }, "geometry": { "type": "Polygon", "coordinates": [ [ [ 281746.57, 4156817.76 ], [ 281750.0, 4156816.94 ], [ 281750.0, 4156811.76 ], [ 281745.39, 4156812.86 ], [ 281746.57, 4156817.76 ] ] ] } },
{ "type": "Feature", "properties": { "id": "richmond_structure:272231", "name": null, "kind": "deck", "sport": null, "surface": null, "pitch_layout": null, "source": "richmond_structures", "source_updated": "2026-09-08T12:07:13.637000Z", "base_z": null, "top_z": null }, "geometry": { "type": "Polygon", "coordinates": [ [ [ 281738.69, 4156817.12 ], [ 281736.53, 4156817.49 ], [ 281736.95, 4156819.58 ], [ 281739.05, 4156819.0 ], [ 281738.69, 4156817.12 ] ] ] } },
{ "type": "Feature", "properties": { "id": "richmond_structure:270512", "name": null, "kind": "deck", "sport": null, "surface": null, "pitch_layout": null, "source": "richmond_structures", "source_updated": "2026-09-08T12:07:13.637000Z", "base_z": null, "top_z": null }, "geometry": { "type": "Polygon", "coordinates": [ [ [ 281682.82, 4156831.35 ], [ 281684.03, 4156831.3 ], [ 281683.45, 4156828.66 ], [ 281682.19, 4156829.02 ], [ 281682.82, 4156831.35 ] ] ] } },
{ "type": "Feature", "properties": { "id": "richmond_structure:272232", "name": null, "kind": "deck", "sport": null, "surface": null, "pitch_layout": null, "source": "richmond_structures", "source_updated": "2026-09-08T12:07:13.637000Z", "base_z": null, "top_z": null }, "geometry": { "type": "Polygon", "coordinates": [ [ [ 281741.21, 4156830.2 ], [ 281738.12, 4156830.85 ], [ 281738.82, 4156834.0 ], [ 281741.9, 4156833.24 ], [ 281741.21, 4156830.2 ] ] ] } },
{ "type": "Feature", "properties": { "id": "richmond_structure:270560", "name": null, "kind": "deck", "sport": null, "surface": null, "pitch_layout": null, "source": "richmond_structures", "source_updated": "2026-09-08T12:07:13.637000Z", "base_z": null, "top_z": null }, "geometry": { "type": "Polygon", "coordinates": [ [ [ 281682.51, 4156841.04 ], [ 281690.49, 4156839.41 ], [ 281689.74, 4156835.72 ], [ 281681.75, 4156837.35 ], [ 281682.51, 4156841.04 ] ] ] } },
{ "type": "Feature", "properties": { "id": "richmond_structure:272221", "name": null, "kind": "deck", "sport": null, "surface": null, "pitch_layout": null, "source": "richmond_structures", "source_updated": "2026-09-08T12:07:13.637000Z", "base_z": null, "top_z": null }, "geometry": { "type": "Polygon", "coordinates": [ [ [ 281685.88, 4156854.0 ], [ 281689.44, 4156853.49 ], [ 281688.99, 4156850.28 ], [ 281685.42, 4156850.78 ], [ 281685.88, 4156854.0 ] ] ] } },
{ "type": "Feature", "properties": { "id": "richmond_structure:408880", "name": null, "kind": "deck", "sport": null, "surface": null, "pitch_layout": null, "source": "richmond_structures", "source_updated": "2026-09-08T12:07:13.637000Z", "base_z": null, "top_z": null }, "geometry": { "type": "Polygon", "coordinates": [ [ [ 281541.45, 4156764.88 ], [ 281543.48, 4156764.75 ], [ 281543.23, 4156760.74 ], [ 281541.2, 4156760.87 ], [ 281541.45, 4156764.88 ] ] ] } },
{ "type": "Feature", "properties": { "id": "richmond_structure:408881", "name": null, "kind": "deck", "sport": null, "surface": null, "pitch_layout": null, "source": "richmond_structures", "source_updated": "2026-09-08T12:07:13.637000Z", "base_z": null, "top_z": null }, "geometry": { "type": "Polygon", "coordinates": [ [ [ 281552.68, 4156763.26 ], [ 281552.05, 4156762.28 ], [ 281548.71, 4156762.39 ], [ 281547.4, 4156764.49 ], [ 281545.35, 4156766.09 ], [ 281545.04, 4156767.25 ], [ 281545.32, 4156768.41 ], [ 281546.67, 4156769.55 ], [ 281552.87, 4156769.12 ], [ 281553.21, 4156768.53 ], [ 281552.68, 4156763.26 ] ] ] } },
{ "type": "Feature", "properties": { "id": "richmond_structure:272240", "name": null, "kind": "deck", "sport": null, "surface": null, "pitch_layout": null, "source": "richmond_structures", "source_updated": "2026-09-08T12:07:13.637000Z", "base_z": null, "top_z": null }, "geometry": { "type": "Polygon", "coordinates": [ [ [ 281575.95, 4156780.17 ], [ 281579.06, 4156779.35 ], [ 281577.66, 4156773.28 ], [ 281574.28, 4156774.06 ], [ 281575.95, 4156780.17 ] ] ] } },
{ "type": "Feature", "properties": { "id": "richmond_structure:408882", "name": null, "kind": "deck", "sport": null, "surface": null, "pitch_layout": null, "source": "richmond_structures", "source_updated": "2026-09-08T12:07:13.637000Z", "base_z": null, "top_z": null }, "geometry": { "type": "Polygon", "coordinates": [ [ [ 281551.25, 4156796.52 ], [ 281555.57, 4156796.33 ], [ 281555.26, 4156788.87 ], [ 281550.94, 4156789.05 ], [ 281551.25, 4156796.52 ] ] ] } },
{ "type": "Feature", "properties": { "id": "imagery:groundcover_bare:2710", "name": null, "kind": "groundcover_bare", "sport": null, "surface": null, "pitch_layout": null, "source": "vgin_vbmp+naip+lidar2025", "source_updated": null, "base_z": null, "top_z": null }, "geometry": { "type": "Polygon", "coordinates": [ [ [ 281586.64, 4156831.04 ], [ 281597.62, 4156832.87 ], [ 281601.02, 4156829.19 ], [ 281599.82, 4156824.4 ], [ 281596.33, 4156822.19 ], [ 281586.54, 4156824.14 ], [ 281584.13, 4156827.09 ], [ 281584.13, 4156828.08 ], [ 281586.64, 4156831.04 ] ] ] } },
{ "type": "Feature", "properties": { "id": "richmond_structure:272222", "name": null, "kind": "deck", "sport": null, "surface": null, "pitch_layout": null, "source": "richmond_structures", "source_updated": "2026-09-08T12:07:13.637000Z", "base_z": null, "top_z": null }, "geometry": { "type": "Polygon", "coordinates": [ [ [ 281576.43, 4156830.24 ], [ 281577.21, 4156834.51 ], [ 281580.14, 4156833.82 ], [ 281580.25, 4156834.29 ], [ 281581.67, 4156834.03 ], [ 281580.82, 4156829.43 ], [ 281576.43, 4156830.24 ] ] ] } },
{ "type": "Feature", "properties": { "id": "richmond_structure:408878", "name": null, "kind": "deck", "sport": null, "surface": null, "pitch_layout": null, "source": "richmond_structures", "source_updated": "2026-09-08T12:07:13.637000Z", "base_z": null, "top_z": null }, "geometry": { "type": "Polygon", "coordinates": [ [ [ 281555.91, 4156839.61 ], [ 281555.92, 4156841.94 ], [ 281559.47, 4156841.93 ], [ 281559.46, 4156838.69 ], [ 281558.3, 4156838.7 ], [ 281558.3, 4156839.6 ], [ 281555.91, 4156839.61 ] ] ] } },
{ "type": "Feature", "properties": { "id": "richmond_structure:408877", "name": null, "kind": "deck", "sport": null, "surface": null, "pitch_layout": null, "source": "richmond_structures", "source_updated": "2026-09-08T12:07:13.637000Z", "base_z": null, "top_z": null }, "geometry": { "type": "Polygon", "coordinates": [ [ [ 281589.77, 4156835.29 ], [ 281588.95, 4156834.01 ], [ 281587.11, 4156833.18 ], [ 281585.78, 4156833.2 ], [ 281584.59, 4156833.65 ], [ 281583.75, 4156834.32 ], [ 281583.06, 4156835.54 ], [ 281582.74, 4156833.82 ], [ 281580.25, 4156834.29 ], [ 281583.72, 4156849.05 ], [ 281585.62, 4156848.96 ], [ 281585.56, 4156847.55 ], [ 281590.21, 4156847.37 ], [ 281589.77, 4156835.29 ] ] ] } },
{ "type": "Feature", "properties": { "id": "richmond_structure:272332", "name": null, "kind": "deck", "sport": null, "surface": null, "pitch_layout": null, "source": "richmond_structures", "source_updated": "2026-09-08T12:07:13.637000Z", "base_z": null, "top_z": null }, "geometry": { "type": "Polygon", "coordinates": [ [ [ 281507.55, 4156843.06 ], [ 281508.69, 4156842.79 ], [ 281508.29, 4156840.43 ], [ 281501.13, 4156842.06 ], [ 281501.83, 4156844.41 ], [ 281504.65, 4156843.74 ], [ 281504.34, 4156842.45 ], [ 281507.25, 4156841.76 ], [ 281507.55, 4156843.06 ] ] ] } },
{ "type": "Feature", "properties": { "id": "richmond_structure:408879", "name": null, "kind": "deck", "sport": null, "surface": null, "pitch_layout": null, "source": "richmond_structures", "source_updated": "2026-09-08T12:07:13.637000Z", "base_z": null, "top_z": null }, "geometry": { "type": "Polygon", "coordinates": [ [ [ 281560.04, 4156846.9 ], [ 281560.03, 4156842.41 ], [ 281557.74, 4156842.41 ], [ 281557.75, 4156846.91 ], [ 281560.04, 4156846.9 ] ] ] } },
{ "type": "Feature", "properties": { "id": "richmond_structure:408756", "name": null, "kind": "deck", "sport": null, "surface": null, "pitch_layout": null, "source": "richmond_structures", "source_updated": "2026-09-08T12:07:13.637000Z", "base_z": null, "top_z": null }, "geometry": { "type": "Polygon", "coordinates": [ [ [ 281657.33, 4156807.32 ], [ 281650.95, 4156807.56 ], [ 281651.12, 4156812.07 ], [ 281654.0, 4156811.96 ], [ 281653.97, 4156811.1 ], [ 281657.46, 4156810.97 ], [ 281657.33, 4156807.32 ] ] ] } },
{ "type": "Feature", "properties": { "id": "imagery:groundcover_paved:2720", "name": null, "kind": "groundcover_paved", "sport": null, "surface": null, "pitch_layout": null, "source": "vgin_vbmp+naip+lidar2025", "source_updated": null, "base_z": null, "top_z": null }, "geometry": { "type": "Polygon", "coordinates": [ [ [ 281651.99, 4156810.04 ], [ 281650.22, 4156815.36 ], [ 281651.45, 4156820.41 ], [ 281651.54, 4156820.89 ], [ 281651.59, 4156821.38 ], [ 281651.58, 4156821.87 ], [ 281651.53, 4156822.36 ], [ 281651.43, 4156822.84 ], [ 281651.29, 4156823.31 ], [ 281651.1, 4156823.76 ], [ 281650.92, 4156824.1 ], [ 281651.29, 4156824.63 ], [ 281662.13, 4156824.63 ], [ 281663.62, 4156823.13 ], [ 281663.25, 4156821.51 ], [ 281663.22, 4156821.45 ], [ 281662.99, 4156821.02 ], [ 281662.8, 4156820.57 ], [ 281662.66, 4156820.1 ], [ 281660.9, 4156813.09 ], [ 281660.8, 4156812.61 ], [ 281660.75, 4156812.12 ], [ 281660.75, 4156811.63 ], [ 281660.8, 4156811.14 ], [ 281660.84, 4156810.93 ], [ 281658.48, 4156800.58 ], [ 281658.23, 4156800.26 ], [ 281657.96, 4156799.85 ], [ 281657.74, 4156799.42 ], [ 281657.55, 4156798.96 ], [ 281656.56, 4156796.08 ], [ 281655.05, 4156796.22 ], [ 281653.48, 4156797.75 ], [ 281652.48, 4156798.14 ], [ 281651.91, 4156798.44 ], [ 281649.23, 4156800.22 ], [ 281649.8, 4156804.48 ], [ 281649.27, 4156805.1 ], [ 281650.55, 4156806.21 ], [ 281651.92, 4156808.94 ], [ 281651.99, 4156810.04 ] ] ] } },
{ "type": "Feature", "properties": { "id": "richmond_structure:272349", "name": null, "kind": "deck", "sport": null, "surface": null, "pitch_layout": null, "source": "richmond_structures", "source_updated": "2026-09-08T12:07:13.637000Z", "base_z": null, "top_z": null }, "geometry": { "type": "Polygon", "coordinates": [ [ [ 281678.16, 4156814.09 ], [ 281679.2, 4156813.86 ], [ 281679.01, 4156813.02 ], [ 281673.94, 4156814.1 ], [ 281674.75, 4156817.91 ], [ 281678.02, 4156817.22 ], [ 281677.68, 4156815.66 ], [ 281678.46, 4156815.49 ], [ 281678.16, 4156814.09 ] ] ] } },
{ "type": "Feature", "properties": { "id": "richmond_structure:408874", "name": null, "kind": "deck", "sport": null, "surface": null, "pitch_layout": null, "source": "richmond_structures", "source_updated": "2026-09-08T12:07:13.637000Z", "base_z": null, "top_z": null }, "geometry": { "type": "Polygon", "coordinates": [ [ [ 281643.1, 4156816.62 ], [ 281645.48, 4156816.12 ], [ 281646.79, 4156822.67 ], [ 281650.39, 4156821.92 ], [ 281649.32, 4156816.82 ], [ 281649.56, 4156816.77 ], [ 281648.8, 4156813.14 ], [ 281642.65, 4156814.43 ], [ 281643.1, 4156816.62 ] ] ] } },
{ "type": "Feature", "properties": { "id": "richmond_structure:408875", "name": null, "kind": "deck", "sport": null, "surface": null, "pitch_layout": null, "source": "richmond_structures", "source_updated": "2026-09-08T12:07:13.637000Z", "base_z": null, "top_z": null }, "geometry": { "type": "Polygon", "coordinates": [ [ [ 281652.76, 4156847.56 ], [ 281654.11, 4156847.5 ], [ 281654.22, 4156849.86 ], [ 281659.01, 4156849.64 ], [ 281658.71, 4156843.25 ], [ 281652.57, 4156843.54 ], [ 281652.76, 4156847.56 ] ] ] } },
{ "type": "Feature", "properties": { "id": "richmond_structure:408876", "name": null, "kind": "deck", "sport": null, "surface": null, "pitch_layout": null, "source": "richmond_structures", "source_updated": "2026-09-08T12:07:13.637000Z", "base_z": null, "top_z": null }, "geometry": { "type": "Polygon", "coordinates": [ [ [ 281657.16, 4156860.21 ], [ 281661.28, 4156860.02 ], [ 281661.0, 4156854.19 ], [ 281656.88, 4156854.38 ], [ 281657.16, 4156860.21 ] ] ] } },
{ "type": "Feature", "properties": { "id": "richmond_structure:272085", "name": null, "kind": "deck", "sport": null, "surface": null, "pitch_layout": null, "source": "richmond_structures", "source_updated": "2026-09-08T12:07:13.637000Z", "base_z": null, "top_z": null }, "geometry": { "type": "Polygon", "coordinates": [ [ [ 281603.87, 4156886.19 ], [ 281603.58, 4156886.7 ], [ 281603.71, 4156884.12 ], [ 281603.07, 4156882.84 ], [ 281601.98, 4156882.52 ], [ 281599.71, 4156883.42 ], [ 281599.59, 4156884.91 ], [ 281600.06, 4156886.78 ], [ 281600.02, 4156889.36 ], [ 281600.4, 4156891.1 ], [ 281601.74, 4156891.82 ], [ 281603.26, 4156891.63 ], [ 281604.25, 4156891.41 ], [ 281605.25, 4156890.38 ], [ 281606.8, 4156889.89 ], [ 281606.4, 4156888.14 ], [ 281605.31, 4156888.44 ], [ 281603.87, 4156886.19 ] ] ] } },
{ "type": "Feature", "properties": { "id": "richmond_structure:408757", "name": null, "kind": "deck", "sport": null, "surface": null, "pitch_layout": null, "source": "richmond_structures", "source_updated": "2026-09-08T12:07:13.637000Z", "base_z": null, "top_z": null }, "geometry": { "type": "Polygon", "coordinates": [ [ [ 281670.47, 4156918.59 ], [ 281669.62, 4156918.76 ], [ 281670.3, 4156922.1 ], [ 281673.81, 4156921.47 ], [ 281672.81, 4156915.39 ], [ 281669.94, 4156915.97 ], [ 281670.47, 4156918.59 ] ] ] } },
{ "type": "Feature", "properties": { "id": "richmond_structure:272086", "name": null, "kind": "deck", "sport": null, "surface": null, "pitch_layout": null, "source": "richmond_structures", "source_updated": "2026-09-08T12:07:13.637000Z", "base_z": null, "top_z": null }, "geometry": { "type": "Polygon", "coordinates": [ [ [ 281670.06, 4156932.97 ], [ 281669.45, 4156929.51 ], [ 281666.87, 4156930.33 ], [ 281667.15, 4156930.27 ], [ 281667.82, 4156933.37 ], [ 281670.06, 4156932.97 ] ] ] } },
{ "type": "Feature", "properties": { "id": "richmond_structure:408996", "name": null, "kind": "deck", "sport": null, "surface": null, "pitch_layout": null, "source": "richmond_structures", "source_updated": "2026-09-08T12:07:13.637000Z", "base_z": null, "top_z": null }, "geometry": { "type": "Polygon", "coordinates": [ [ [ 281675.24, 4156942.5 ], [ 281673.05, 4156943.01 ], [ 281674.95, 4156951.17 ], [ 281674.67, 4156951.23 ], [ 281674.98, 4156952.59 ], [ 281678.01, 4156951.89 ], [ 281677.35, 4156949.04 ], [ 281677.83, 4156948.93 ], [ 281677.07, 4156945.65 ], [ 281676.03, 4156945.89 ], [ 281675.24, 4156942.5 ] ] ] } },
{ "type": "Feature", "properties": { "id": "imagery:groundcover_paved:2717", "name": null, "kind": "groundcover_paved", "sport": null, "surface": null, "pitch_layout": null, "source": "vgin_vbmp+naip+lidar2025", "source_updated": null, "base_z": null, "top_z": null }, "geometry": { "type": "Polygon", "coordinates": [ [ [ 281575.83, 4156858.0 ], [ 281577.99, 4156859.95 ], [ 281578.46, 4156860.88 ], [ 281579.04, 4156866.7 ], [ 281581.11, 4156866.6 ], [ 281581.13, 4156866.6 ], [ 281591.42, 4156866.18 ], [ 281592.55, 4156860.55 ], [ 281593.05, 4156859.71 ], [ 281595.19, 4156857.96 ], [ 281596.11, 4156857.63 ], [ 281596.13, 4156857.63 ], [ 281599.07, 4156855.21 ], [ 281597.98, 4156853.16 ], [ 281594.61, 4156853.3 ], [ 281594.12, 4156853.29 ], [ 281593.64, 4156853.24 ], [ 281593.16, 4156853.14 ], [ 281592.69, 4156852.99 ], [ 281592.24, 4156852.8 ], [ 281591.81, 4156852.56 ], [ 281591.4, 4156852.29 ], [ 281591.03, 4156851.97 ], [ 281590.68, 4156851.62 ], [ 281590.37, 4156851.24 ], [ 281590.11, 4156850.83 ], [ 281589.88, 4156850.39 ], [ 281589.7, 4156849.94 ], [ 281589.56, 4156849.47 ], [ 281589.47, 4156848.98 ], [ 281589.42, 4156848.5 ], [ 281589.4, 4156847.9 ], [ 281589.16, 4156847.67 ], [ 281588.84, 4156847.28 ], [ 281588.56, 4156846.86 ], [ 281588.33, 4156846.43 ], [ 281588.99, 4156850.0 ], [ 281589.05, 4156850.48 ], [ 281589.07, 4156850.96 ], [ 281589.04, 4156851.44 ], [ 281588.97, 4156851.91 ], [ 281588.85, 4156852.37 ], [ 281588.69, 4156852.83 ], [ 281588.49, 4156853.26 ], [ 281588.24, 4156853.67 ], [ 281587.96, 4156854.06 ], [ 281587.64, 4156854.42 ], [ 281587.29, 4156854.74 ], [ 281586.91, 4156855.03 ], [ 281586.5, 4156855.29 ], [ 281586.07, 4156855.5 ], [ 281585.62, 4156855.67 ], [ 281585.16, 4156855.79 ], [ 281580.81, 4156856.76 ], [ 281580.32, 4156856.85 ], [ 281579.83, 4156856.88 ], [ 281579.34, 4156856.87 ], [ 281578.85, 4156856.81 ], [ 281578.38, 4156856.7 ], [ 281577.91, 4156856.55 ], [ 281577.46, 4156856.35 ], [ 281577.04, 4156856.1 ], [ 281576.63, 4156855.82 ], [ 281576.26, 4156855.5 ], [ 281575.93, 4156855.14 ], [ 281575.62, 4156854.75 ], [ 281575.36, 4156854.34 ], [ 281575.14, 4156853.9 ], [ 281574.97, 4156853.44 ], [ 281574.84, 4156852.97 ], [ 281574.07, 4156849.51 ], [ 281573.91, 4156849.34 ], [ 281573.62, 4156848.93 ], [ 281573.36, 4156848.49 ], [ 281573.15, 4156848.04 ], [ 281572.99, 4156847.56 ], [ 281572.88, 4156847.07 ], [ 281572.2, 4156843.24 ], [ 281571.38, 4156843.08 ], [ 281568.11, 4156844.68 ], [ 281566.91, 4156847.07 ], [ 281567.1, 4156850.07 ], [ 281571.24, 4156856.29 ], [ 281573.74, 4156857.63 ], [ 281574.86, 4156857.63 ], [ 281575.83, 4156858.0 ] ] ] } },
{ "type": "Feature", "properties": { "id": "richmond_structure:408987", "name": null, "kind": "deck", "sport": null, "surface": null, "pitch_layout": null, "source": "richmond_structures", "source_updated": "2026-09-08T12:07:13.637000Z", "base_z": null, "top_z": null }, "geometry": { "type": "Polygon", "coordinates": [ [ [ 281500.0, 4156859.86 ], [ 281500.1, 4156860.31 ], [ 281501.52, 4156859.97 ], [ 281501.04, 4156857.94 ], [ 281500.0, 4156858.19 ], [ 281500.0, 4156859.86 ] ] ] } },
{ "type": "Feature", "properties": { "id": "richmond_structure:408988", "name": null, "kind": "deck", "sport": null, "surface": null, "pitch_layout": null, "source": "richmond_structures", "source_updated": "2026-09-08T12:07:13.637000Z", "base_z": null, "top_z": null }, "geometry": { "type": "Polygon", "coordinates": [ [ [ 281513.94, 4156891.55 ], [ 281511.46, 4156892.13 ], [ 281511.6, 4156892.73 ], [ 281509.28, 4156893.27 ], [ 281509.69, 4156895.03 ], [ 281512.01, 4156894.49 ], [ 281512.05, 4156894.69 ], [ 281514.54, 4156894.11 ], [ 281513.94, 4156891.55 ] ] ] } },
{ "type": "Feature", "properties": { "id": "richmond_structure:271064", "name": null, "kind": "deck", "sport": null, "surface": null, "pitch_layout": null, "source": "richmond_structures", "source_updated": "2026-09-08T12:07:13.637000Z", "base_z": null, "top_z": null }, "geometry": { "type": "Polygon", "coordinates": [ [ [ 281517.51, 4156903.28 ], [ 281517.12, 4156901.75 ], [ 281514.58, 4156902.44 ], [ 281515.0, 4156903.93 ], [ 281517.51, 4156903.28 ] ] ] } },
{ "type": "Feature", "properties": { "id": "richmond_structure:408989", "name": null, "kind": "deck", "sport": null, "surface": null, "pitch_layout": null, "source": "richmond_structures", "source_updated": "2026-09-08T12:07:13.637000Z", "base_z": null, "top_z": null }, "geometry": { "type": "Polygon", "coordinates": [ [ [ 281519.13, 4156912.74 ], [ 281516.92, 4156913.25 ], [ 281518.58, 4156920.44 ], [ 281520.79, 4156919.93 ], [ 281521.0, 4156920.83 ], [ 281522.77, 4156920.42 ], [ 281521.69, 4156915.77 ], [ 281519.92, 4156916.18 ], [ 281519.13, 4156912.74 ] ] ] } },
{ "type": "Feature", "properties": { "id": "richmond_structure:424870", "name": null, "kind": "deck", "sport": null, "surface": null, "pitch_layout": null, "source": "richmond_structures", "source_updated": "2026-09-08T12:07:13.637000Z", "base_z": null, "top_z": null }, "geometry": { "type": "Polygon", "coordinates": [ [ [ 281516.63, 4156922.26 ], [ 281517.5, 4156920.16 ], [ 281513.69, 4156918.96 ], [ 281513.02, 4156921.21 ], [ 281516.63, 4156922.26 ] ] ] } },
{ "type": "Feature", "properties": { "id": "richmond_structure:265906", "name": null, "kind": "deck", "sport": null, "surface": null, "pitch_layout": null, "source": "richmond_structures", "source_updated": "2026-09-08T12:07:13.637000Z", "base_z": null, "top_z": null }, "geometry": { "type": "Polygon", "coordinates": [ [ [ 281579.19, 4156935.92 ], [ 281577.06, 4156936.25 ], [ 281577.48, 4156938.04 ], [ 281579.43, 4156937.59 ], [ 281579.19, 4156935.92 ] ] ] } },
{ "type": "Feature", "properties": { "id": "richmond_structure:408995", "name": null, "kind": "deck", "sport": null, "surface": null, "pitch_layout": null, "source": "richmond_structures", "source_updated": "2026-09-08T12:07:13.637000Z", "base_z": null, "top_z": null }, "geometry": { "type": "Polygon", "coordinates": [ [ [ 281580.16, 4156947.47 ], [ 281579.96, 4156946.5 ], [ 281579.18, 4156945.51 ], [ 281577.82, 4156944.8 ], [ 281576.76, 4156944.85 ], [ 281577.59, 4156948.06 ], [ 281580.16, 4156947.47 ] ] ] } },
{ "type": "Feature", "properties": { "id": "richmond_structure:270505", "name": null, "kind": "deck", "sport": null, "surface": null, "pitch_layout": null, "source": "richmond_structures", "source_updated": "2026-09-08T12:07:13.637000Z", "base_z": null, "top_z": null }, "geometry": { "type": "Polygon", "coordinates": [ [ [ 281588.0, 4156948.92 ], [ 281589.01, 4156953.51 ], [ 281590.13, 4156954.49 ], [ 281592.04, 4156954.0 ], [ 281592.51, 4156952.24 ], [ 281591.31, 4156947.65 ], [ 281591.27, 4156947.97 ], [ 281588.0, 4156948.92 ] ] ] } },
{ "type": "Feature", "properties": { "id": "imagery:groundcover_paved:2672", "name": null, "kind": "groundcover_paved", "sport": null, "surface": null, "pitch_layout": null, "source": "vgin_vbmp+naip+lidar2025", "source_updated": null, "base_z": null, "top_z": null }, "geometry": { "type": "Polygon", "coordinates": [ [ [ 281598.71, 4156960.05 ], [ 281598.73, 4156960.04 ], [ 281596.14, 4156948.83 ], [ 281593.17, 4156948.23 ], [ 281589.62, 4156950.68 ], [ 281589.49, 4156951.47 ], [ 281589.75, 4156952.63 ], [ 281589.84, 4156953.11 ], [ 281589.87, 4156953.6 ], [ 281589.86, 4156954.09 ], [ 281589.8, 4156954.58 ], [ 281589.69, 4156955.06 ], [ 281589.54, 4156955.52 ], [ 281589.34, 4156955.97 ], [ 281589.1, 4156956.4 ], [ 281588.81, 4156956.8 ], [ 281588.55, 4156957.1 ], [ 281588.21, 4156959.13 ], [ 281588.3, 4156959.43 ], [ 281588.5, 4156960.22 ], [ 281588.68, 4156960.29 ], [ 281589.11, 4156960.53 ], [ 281589.51, 4156960.81 ], [ 281589.89, 4156961.12 ], [ 281590.23, 4156961.47 ], [ 281590.54, 4156961.85 ], [ 281590.81, 4156962.26 ], [ 281591.04, 4156962.69 ], [ 281591.22, 4156963.15 ], [ 281591.36, 4156963.62 ], [ 281591.85, 4156965.63 ], [ 281593.13, 4156965.63 ], [ 281595.9, 4156963.77 ], [ 281596.55, 4156962.2 ], [ 281598.71, 4156960.05 ] ] ] } },
{ "type": "Feature", "properties": { "id": "richmond_structure:272351", "name": null, "kind": "deck", "sport": null, "surface": null, "pitch_layout": null, "source": "richmond_structures", "source_updated": "2026-09-08T12:07:13.637000Z", "base_z": null, "top_z": null }, "geometry": { "type": "Polygon", "coordinates": [ [ [ 281749.35, 4156874.32 ], [ 281750.0, 4156874.16 ], [ 281750.0, 4156873.7 ], [ 281749.63, 4156872.18 ], [ 281746.05, 4156873.45 ], [ 281746.65, 4156876.19 ], [ 281749.52, 4156875.41 ], [ 281749.35, 4156874.32 ] ] ] } },
{ "type": "Feature", "properties": { "id": "richmond_structure:271069", "name": null, "kind": "deck", "sport": null, "surface": null, "pitch_layout": null, "source": "richmond_structures", "source_updated": "2026-09-08T12:07:13.637000Z", "base_z": null, "top_z": null }, "geometry": { "type": "Polygon", "coordinates": [ [ [ 281693.43, 4156887.59 ], [ 281695.55, 4156887.03 ], [ 281693.88, 4156879.11 ], [ 281691.77, 4156879.4 ], [ 281693.43, 4156887.59 ] ] ] } },
{ "type": "Feature", "properties": { "id": "imagery:groundcover_paved:2696", "name": null, "kind": "groundcover_paved", "sport": null, "surface": null, "pitch_layout": null, "source": "vgin_vbmp+naip+lidar2025", "source_updated": null, "base_z": null, "top_z": null }, "geometry": { "type": "Polygon", "coordinates": [ [ [ 281683.13, 4156875.99 ], [ 281683.13, 4156870.65 ], [ 281680.74, 4156870.76 ], [ 281686.15, 4156894.49 ], [ 281697.18, 4156896.06 ], [ 281697.12, 4156895.7 ], [ 281697.09, 4156895.21 ], [ 281697.11, 4156894.72 ], [ 281697.17, 4156894.24 ], [ 281697.28, 4156893.76 ], [ 281697.44, 4156893.29 ], [ 281697.49, 4156893.19 ], [ 281697.34, 4156892.5 ], [ 281696.91, 4156892.57 ], [ 281696.42, 4156892.59 ], [ 281695.93, 4156892.57 ], [ 281695.45, 4156892.5 ], [ 281694.98, 4156892.38 ], [ 281694.51, 4156892.22 ], [ 281694.07, 4156892.01 ], [ 281693.65, 4156891.76 ], [ 281693.26, 4156891.47 ], [ 281692.89, 4156891.14 ], [ 281692.56, 4156890.78 ], [ 281692.27, 4156890.39 ], [ 281692.02, 4156889.97 ], [ 281691.81, 4156889.53 ], [ 281691.64, 4156889.07 ], [ 281691.52, 4156888.59 ], [ 281689.95, 4156880.9 ], [ 281685.63, 4156879.46 ], [ 281684.91, 4156878.93 ], [ 281683.41, 4156876.85 ], [ 281683.13, 4156875.99 ] ] ] } },
{ "type": "Feature", "properties": { "id": "richmond_structure:272098", "name": null, "kind": "deck", "sport": null, "surface": null, "pitch_layout": null, "source": "richmond_structures", "source_updated": "2026-09-08T12:07:13.637000Z", "base_z": null, "top_z": null }, "geometry": { "type": "Polygon", "coordinates": [ [ [ 281716.23, 4156905.23 ], [ 281716.21, 4156903.6 ], [ 281715.38, 4156901.97 ], [ 281714.04, 4156902.2 ], [ 281714.22, 4156902.22 ], [ 281715.16, 4156906.14 ], [ 281716.23, 4156905.23 ] ] ] } },
{ "type": "Feature", "properties": { "id": "richmond_structure:409000", "name": null, "kind": "deck", "sport": null, "surface": null, "pitch_layout": null, "source": "richmond_structures", "source_updated": "2026-09-08T12:07:13.637000Z", "base_z": null, "top_z": null }, "geometry": { "type": "Polygon", "coordinates": [ [ [ 281693.3, 4156907.05 ], [ 281694.53, 4156913.51 ], [ 281700.71, 4156912.1 ], [ 281699.52, 4156905.87 ], [ 281693.3, 4156907.05 ] ] ] } },
{ "type": "Feature", "properties": { "id": "richmond_structure:265900", "name": null, "kind": "deck", "sport": null, "surface": null, "pitch_layout": null, "source": "richmond_structures", "source_updated": "2026-09-08T12:07:13.637000Z", "base_z": null, "top_z": null }, "geometry": { "type": "Polygon", "coordinates": [ [ [ 281700.97, 4156913.46 ], [ 281705.22, 4156912.6 ], [ 281704.43, 4156909.22 ], [ 281700.3, 4156910.0 ], [ 281700.97, 4156913.46 ] ] ] } },
{ "type": "Feature", "properties": { "id": "richmond_structure:270531", "name": null, "kind": "deck", "sport": null, "surface": null, "pitch_layout": null, "source": "richmond_structures", "source_updated": "2026-09-08T12:07:13.637000Z", "base_z": null, "top_z": null }, "geometry": { "type": "Polygon", "coordinates": [ [ [ 281718.38, 4156915.39 ], [ 281716.74, 4156915.86 ], [ 281717.51, 4156919.18 ], [ 281718.97, 4156918.91 ], [ 281718.38, 4156915.39 ] ] ] } },
{ "type": "Feature", "properties": { "id": "richmond_structure:408010", "name": null, "kind": "deck", "sport": null, "surface": null, "pitch_layout": null, "source": "richmond_structures", "source_updated": "2026-09-08T12:07:13.637000Z", "base_z": null, "top_z": null }, "geometry": { "type": "Polygon", "coordinates": [ [ [ 281750.0, 4156919.2 ], [ 281750.0, 4156917.14 ], [ 281749.55, 4156917.25 ], [ 281750.0, 4156919.2 ] ] ] } },
{ "type": "Feature", "properties": { "id": "richmond_structure:272099", "name": null, "kind": "deck", "sport": null, "surface": null, "pitch_layout": null, "source": "richmond_structures", "source_updated": "2026-09-08T12:07:13.637000Z", "base_z": null, "top_z": null }, "geometry": { "type": "Polygon", "coordinates": [ [ [ 281702.13, 4156923.09 ], [ 281704.09, 4156922.36 ], [ 281703.65, 4156920.47 ], [ 281701.82, 4156921.12 ], [ 281702.13, 4156923.09 ] ] ] } },
{ "type": "Feature", "properties": { "id": "richmond_structure:408997", "name": null, "kind": "deck", "sport": null, "surface": null, "pitch_layout": null, "source": "richmond_structures", "source_updated": "2026-09-08T12:07:13.637000Z", "base_z": null, "top_z": null }, "geometry": { "type": "Polygon", "coordinates": [ [ [ 281706.5, 4156953.82 ], [ 281704.23, 4156954.35 ], [ 281704.34, 4156954.83 ], [ 281699.37, 4156955.97 ], [ 281700.07, 4156959.07 ], [ 281706.05, 4156957.7 ], [ 281705.87, 4156956.91 ], [ 281708.65, 4156956.27 ], [ 281708.45, 4156955.39 ], [ 281706.94, 4156955.74 ], [ 281706.5, 4156953.82 ] ] ] } },
{ "type": "Feature", "properties": { "id": "richmond_structure:408998", "name": null, "kind": "deck", "sport": null, "surface": null, "pitch_layout": null, "source": "richmond_structures", "source_updated": "2026-09-08T12:07:13.637000Z", "base_z": null, "top_z": null }, "geometry": { "type": "Polygon", "coordinates": [ [ [ 281674.75, 4156956.67 ], [ 281672.8, 4156957.32 ], [ 281674.03, 4156963.03 ], [ 281676.48, 4156962.63 ], [ 281675.97, 4156959.51 ], [ 281675.52, 4156959.58 ], [ 281674.75, 4156956.67 ] ] ] } },
{ "type": "Feature", "properties": { "id": "richmond_structure:265899", "name": null, "kind": "deck", "sport": null, "surface": null, "pitch_layout": null, "source": "richmond_structures", "source_updated": "2026-09-08T12:07:13.637000Z", "base_z": null, "top_z": null }, "geometry": { "type": "Polygon", "coordinates": [ [ [ 281674.09, 4156970.95 ], [ 281675.13, 4156975.41 ], [ 281676.95, 4156974.99 ], [ 281677.06, 4156973.6 ], [ 281676.22, 4156970.44 ], [ 281674.09, 4156970.95 ] ] ] } },
{ "type": "Feature", "properties": { "id": "richmond_structure:270506", "name": null, "kind": "deck", "sport": null, "surface": null, "pitch_layout": null, "source": "richmond_structures", "source_updated": "2026-09-08T12:07:13.637000Z", "base_z": null, "top_z": null }, "geometry": { "type": "Polygon", "coordinates": [ [ [ 281638.07, 4156981.65 ], [ 281637.24, 4156979.2 ], [ 281635.35, 4156979.7 ], [ 281635.99, 4156982.11 ], [ 281638.07, 4156981.65 ] ] ] } },
{ "type": "Feature", "properties": { "id": "richmond_structure:272084", "name": null, "kind": "deck", "sport": null, "surface": null, "pitch_layout": null, "source": "richmond_structures", "source_updated": "2026-09-08T12:07:13.637000Z", "base_z": null, "top_z": null }, "geometry": { "type": "Polygon", "coordinates": [ [ [ 281627.62, 4156983.72 ], [ 281629.27, 4156983.49 ], [ 281628.43, 4156980.31 ], [ 281626.84, 4156980.57 ], [ 281627.62, 4156983.72 ] ] ] } },
{ "type": "Feature", "properties": { "id": "richmond_structure:408990", "name": null, "kind": "deck", "sport": null, "surface": null, "pitch_layout": null, "source": "richmond_structures", "source_updated": "2026-09-08T12:07:13.637000Z", "base_z": null, "top_z": null }, "geometry": { "type": "Polygon", "coordinates": [ [ [ 281523.89, 4156959.43 ], [ 281525.19, 4156959.13 ], [ 281524.65, 4156956.82 ], [ 281523.35, 4156957.12 ], [ 281523.89, 4156959.43 ] ] ] } },
{ "type": "Feature", "properties": { "id": "richmond_structure:408992", "name": null, "kind": "deck", "sport": null, "surface": null, "pitch_layout": null, "source": "richmond_structures", "source_updated": "2026-09-08T12:07:13.637000Z", "base_z": null, "top_z": null }, "geometry": { "type": "Polygon", "coordinates": [ [ [ 281524.66, 4156974.84 ], [ 281527.9, 4156974.11 ], [ 281526.75, 4156969.01 ], [ 281523.51, 4156969.75 ], [ 281524.66, 4156974.84 ] ] ] } },
{ "type": "Feature", "properties": { "id": "richmond_structure:408993", "name": null, "kind": "deck", "sport": null, "surface": null, "pitch_layout": null, "source": "richmond_structures", "source_updated": "2026-09-08T12:07:13.637000Z", "base_z": null, "top_z": null }, "geometry": { "type": "Polygon", "coordinates": [ [ [ 281507.98, 4156975.73 ], [ 281506.55, 4156975.48 ], [ 281505.33, 4156976.28 ], [ 281504.98, 4156977.2 ], [ 281505.13, 4156978.18 ], [ 281506.14, 4156979.22 ], [ 281507.6, 4156979.29 ], [ 281508.7, 4156978.34 ], [ 281508.86, 4156976.89 ], [ 281507.98, 4156975.73 ] ] ] } },
{ "type": "Feature", "properties": { "id": "richmond_structure:272324", "name": null, "kind": "deck", "sport": null, "surface": null, "pitch_layout": null, "source": "richmond_structures", "source_updated": "2026-09-08T12:07:13.637000Z", "base_z": null, "top_z": null }, "geometry": { "type": "Polygon", "coordinates": [ [ [ 281536.19, 4156986.3 ], [ 281538.49, 4156985.8 ], [ 281537.49, 4156981.32 ], [ 281535.37, 4156982.13 ], [ 281536.19, 4156986.3 ] ] ] } },
{ "type": "Feature", "properties": { "id": "richmond_structure:408999", "name": null, "kind": "deck", "sport": null, "surface": null, "pitch_layout": null, "source": "richmond_structures", "source_updated": "2026-09-08T12:07:13.637000Z", "base_z": null, "top_z": null }, "geometry": { "type": "Polygon", "coordinates": [ [ [ 281712.88, 4156966.79 ], [ 281719.51, 4156965.1 ], [ 281717.59, 4156957.58 ], [ 281710.96, 4156959.27 ], [ 281712.88, 4156966.79 ] ] ] } },
{ "type": "Feature", "properties": { "id": "imagery:groundcover_lawn:2823", "name": null, "kind": "groundcover_lawn", "sport": null, "surface": null, "pitch_layout": null, "source": "vgin_vbmp+naip+lidar2025", "source_updated": null, "base_z": null, "top_z": null }, "geometry": { "type": "MultiPolygon", "coordinates": [ [ [ [ 281605.13, 4156817.65 ], [ 281605.13, 4156810.22 ], [ 281605.55, 4156809.2 ], [ 281606.01, 4156808.74 ], [ 281595.78, 4156764.63 ], [ 281590.13, 4156764.63 ], [ 281587.13, 4156767.63 ], [ 281587.13, 4156774.61 ], [ 281588.01, 4156778.06 ], [ 281588.03, 4156778.16 ], [ 281588.04, 4156778.26 ], [ 281588.04, 4156778.36 ], [ 281588.03, 4156778.45 ], [ 281588.01, 4156778.55 ], [ 281587.99, 4156778.64 ], [ 281587.95, 4156778.74 ], [ 281587.9, 4156778.82 ], [ 281587.85, 4156778.9 ], [ 281587.79, 4156778.98 ], [ 281587.72, 4156779.05 ], [ 281587.64, 4156779.11 ], [ 281587.56, 4156779.17 ], [ 281587.47, 4156779.21 ], [ 281587.38, 4156779.25 ], [ 281587.29, 4156779.28 ], [ 281579.4, 4156781.28 ], [ 281579.3, 4156781.3 ], [ 281579.21, 4156781.31 ], [ 281579.11, 4156781.31 ], [ 281579.01, 4156781.3 ], [ 281578.91, 4156781.28 ], [ 281578.82, 4156781.25 ], [ 281578.73, 4156781.21 ], [ 281578.64, 4156781.17 ], [ 281578.56, 4156781.11 ], [ 281578.49, 4156781.05 ], [ 281578.42, 4156780.98 ], [ 281578.35, 4156780.91 ], [ 281578.3, 4156780.82 ], [ 281578.25, 4156780.74 ], [ 281578.21, 4156780.65 ], [ 281578.19, 4156780.55 ], [ 281577.78, 4156778.97 ], [ 281577.53, 4156778.86 ], [ 281577.04, 4156778.54 ], [ 281573.22, 4156774.71 ], [ 281572.9, 4156774.23 ], [ 281572.24, 4156772.66 ], [ 281572.13, 4156772.09 ], [ 281572.13, 4156757.27 ], [ 281559.81, 4156757.8 ], [ 281569.76, 4156806.83 ], [ 281569.8, 4156807.13 ], [ 281569.82, 4156807.43 ], [ 281569.81, 4156807.73 ], [ 281569.76, 4156808.02 ], [ 281569.69, 4156808.31 ], [ 281569.59, 4156808.6 ], [ 281569.47, 4156808.87 ], [ 281569.31, 4156809.12 ], [ 281569.14, 4156809.37 ], [ 281568.94, 4156809.59 ], [ 281568.71, 4156809.79 ], [ 281568.47, 4156809.97 ], [ 281568.22, 4156810.12 ], [ 281567.95, 4156810.25 ], [ 281567.67, 4156810.35 ], [ 281567.38, 4156810.43 ], [ 281567.08, 4156810.47 ], [ 281566.78, 4156810.49 ], [ 281566.48, 4156810.48 ], [ 281566.19, 4156810.43 ], [ 281565.9, 4156810.36 ], [ 281565.61, 4156810.26 ], [ 281565.34, 4156810.13 ], [ 281565.09, 4156809.98 ], [ 281564.84, 4156809.8 ], [ 281564.62, 4156809.6 ], [ 281564.42, 4156809.38 ], [ 281564.24, 4156809.14 ], [ 281564.09, 4156808.89 ], [ 281563.96, 4156808.62 ], [ 281563.86, 4156808.34 ], [ 281563.78, 4156808.05 ], [ 281553.64, 4156758.03 ], [ 281549.87, 4156758.14 ], [ 281548.51, 4156760.86 ], [ 281547.28, 4156761.63 ], [ 281545.13, 4156761.63 ], [ 281542.13, 4156764.63 ], [ 281542.13, 4156770.99 ], [ 281541.86, 4156771.85 ], [ 281541.84, 4156771.87 ], [ 281544.27, 4156776.63 ], [ 281553.53, 4156776.63 ], [ 281554.39, 4156776.98 ], [ 281555.57, 4156776.93 ], [ 281555.67, 4156776.93 ], [ 281555.77, 4156776.94 ], [ 281555.86, 4156776.96 ], [ 281555.96, 4156776.98 ], [ 281556.05, 4156777.02 ], [ 281556.13, 4156777.07 ], [ 281556.21, 4156777.12 ], [ 281556.29, 4156777.19 ], [ 281556.36, 4156777.26 ], [ 281556.42, 4156777.33 ], [ 281556.48, 4156777.41 ], [ 281556.52, 4156777.5 ], [ 281556.56, 4156777.59 ], [ 281556.59, 4156777.69 ], [ 281556.61, 4156777.78 ], [ 281556.61, 4156777.88 ], [ 281556.67, 4156779.17 ], [ 281556.71, 4156779.2 ], [ 281557.13, 4156780.22 ], [ 281557.13, 4156782.03 ], [ 281556.83, 4156782.75 ], [ 281556.83, 4156782.81 ], [ 281556.82, 4156782.91 ], [ 281556.8, 4156783.01 ], [ 281556.77, 4156783.1 ], [ 281556.74, 4156783.19 ], [ 281556.69, 4156783.28 ], [ 281556.64, 4156783.36 ], [ 281556.57, 4156783.43 ], [ 281556.5, 4156783.5 ], [ 281556.43, 4156783.57 ], [ 281556.35, 4156783.62 ], [ 281556.26, 4156783.67 ], [ 281556.17, 4156783.7 ], [ 281556.07, 4156783.73 ], [ 281556.01, 4156783.74 ], [ 281554.13, 4156785.63 ], [ 281554.56, 4156786.05 ], [ 281553.47, 4156789.42 ], [ 281553.91, 4156790.12 ], [ 281554.13, 4156790.9 ], [ 281554.13, 4156794.78 ], [ 281553.82, 4156795.68 ], [ 281552.17, 4156797.8 ], [ 281551.37, 4156798.32 ], [ 281544.4, 4156800.06 ], [ 281543.84, 4156800.78 ], [ 281543.87, 4156800.87 ], [ 281543.9, 4156800.97 ], [ 281544.84, 4156805.28 ], [ 281544.87, 4156805.28 ], [ 281544.97, 4156805.26 ], [ 281545.07, 4156805.26 ], [ 281545.16, 4156805.26 ], [ 281545.26, 4156805.27 ], [ 281545.36, 4156805.29 ], [ 281545.45, 4156805.33 ], [ 281545.54, 4156805.37 ], [ 281545.62, 4156805.41 ], [ 281545.7, 4156805.47 ], [ 281545.78, 4156805.54 ], [ 281545.84, 4156805.61 ], [ 281545.9, 4156805.69 ], [ 281545.96, 4156805.77 ], [ 281546.0, 4156805.86 ], [ 281546.03, 4156805.95 ], [ 281546.06, 4156806.04 ], [ 281546.55, 4156808.32 ], [ 281546.57, 4156808.41 ], [ 281546.57, 4156808.51 ], [ 281546.57, 4156808.61 ], [ 281546.56, 4156808.71 ], [ 281546.54, 4156808.8 ], [ 281546.51, 4156808.9 ], [ 281546.46, 4156808.99 ], [ 281546.42, 4156809.07 ], [ 281546.36, 4156809.15 ], [ 281546.29, 4156809.23 ], [ 281546.22, 4156809.29 ], [ 281546.14, 4156809.35 ], [ 281546.06, 4156809.4 ], [ 281545.97, 4156809.45 ], [ 281545.88, 4156809.48 ], [ 281545.78, 4156809.51 ], [ 281545.46, 4156809.58 ], [ 281545.53, 4156809.91 ], [ 281545.55, 4156810.01 ], [ 281545.56, 4156810.11 ], [ 281545.55, 4156810.2 ], [ 281545.54, 4156810.3 ], [ 281545.52, 4156810.4 ], [ 281545.49, 4156810.49 ], [ 281545.45, 4156810.58 ], [ 281545.4, 4156810.66 ], [ 281545.34, 4156810.74 ], [ 281545.28, 4156810.82 ], [ 281545.2, 4156810.88 ], [ 281545.13, 4156810.94 ], [ 281545.04, 4156811.0 ], [ 281544.96, 4156811.04 ], [ 281544.86, 4156811.07 ], [ 281544.77, 4156811.1 ], [ 281538.7, 4156812.42 ], [ 281538.61, 4156812.44 ], [ 281538.51, 4156812.45 ], [ 281538.41, 4156812.44 ], [ 281538.31, 4156812.43 ], [ 281538.22, 4156812.41 ], [ 281538.12, 4156812.38 ], [ 281538.03, 4156812.34 ], [ 281537.95, 4156812.29 ], [ 281537.87, 4156812.23 ], [ 281537.8, 4156812.17 ], [ 281537.73, 4156812.1 ], [ 281537.67, 4156812.02 ], [ 281537.62, 4156811.94 ], [ 281537.57, 4156811.85 ], [ 281537.54, 4156811.76 ], [ 281537.51, 4156811.66 ], [ 281536.02, 4156804.85 ], [ 281535.79, 4156804.65 ], [ 281533.48, 4156803.89 ], [ 281529.18, 4156804.32 ], [ 281543.71, 4156866.32 ], [ 281544.2, 4156868.27 ], [ 281579.04, 4156866.7 ], [ 281578.4, 4156860.33 ], [ 281575.42, 4156857.63 ], [ 281574.11, 4156857.63 ], [ 281573.41, 4156857.45 ], [ 281571.57, 4156856.46 ], [ 281571.04, 4156855.98 ], [ 281567.32, 4156850.4 ], [ 281567.07, 4156849.68 ], [ 281566.93, 4156847.46 ], [ 281567.09, 4156846.71 ], [ 281568.12, 4156844.66 ], [ 281568.66, 4156844.06 ], [ 281570.63, 4156842.85 ], [ 281571.4, 4156842.63 ], [ 281571.67, 4156842.63 ], [ 281574.64, 4156839.2 ], [ 281572.71, 4156825.7 ], [ 281573.05, 4156824.56 ], [ 281575.16, 4156822.12 ], [ 281576.24, 4156821.63 ], [ 281579.28, 4156821.63 ], [ 281581.96, 4156819.97 ], [ 281582.78, 4156818.32 ], [ 281583.5, 4156817.64 ], [ 281586.04, 4156816.52 ], [ 281587.03, 4156816.45 ], [ 281601.31, 4156820.53 ], [ 281605.13, 4156817.65 ] ], [ [ 281588.65, 4156785.13 ], [ 281588.72, 4156785.2 ], [ 281588.78, 4156785.27 ], [ 281588.83, 4156785.36 ], [ 281588.88, 4156785.44 ], [ 281588.92, 4156785.53 ], [ 281588.95, 4156785.63 ], [ 281589.34, 4156787.2 ], [ 281590.09, 4156787.85 ], [ 281590.58, 4156788.74 ], [ 281590.96, 4156791.41 ], [ 281591.03, 4156791.43 ], [ 281591.12, 4156791.47 ], [ 281591.21, 4156791.52 ], [ 281591.29, 4156791.57 ], [ 281591.37, 4156791.63 ], [ 281591.43, 4156791.7 ], [ 281591.5, 4156791.78 ], [ 281591.55, 4156791.86 ], [ 281591.6, 4156791.95 ], [ 281591.63, 4156792.04 ], [ 281591.66, 4156792.13 ], [ 281593.35, 4156798.8 ], [ 281593.37, 4156798.9 ], [ 281593.38, 4156799.0 ], [ 281593.38, 4156799.09 ], [ 281593.37, 4156799.19 ], [ 281593.35, 4156799.29 ], [ 281593.32, 4156799.38 ], [ 281593.29, 4156799.47 ], [ 281593.24, 4156799.56 ], [ 281593.19, 4156799.64 ], [ 281593.13, 4156799.72 ], [ 281593.06, 4156799.78 ], [ 281592.98, 4156799.85 ], [ 281592.9, 4156799.9 ], [ 281592.83, 4156799.94 ], [ 281594.0, 4156804.58 ], [ 281594.02, 4156804.68 ], [ 281594.03, 4156804.78 ], [ 281594.03, 4156804.87 ], [ 281594.02, 4156804.97 ], [ 281594.0, 4156805.07 ], [ 281593.97, 4156805.16 ], [ 281593.93, 4156805.25 ], [ 281593.89, 4156805.34 ], [ 281593.83, 4156805.42 ], [ 281593.77, 4156805.5 ], [ 281593.7, 4156805.57 ], [ 281593.62, 4156805.63 ], [ 281593.54, 4156805.69 ], [ 281593.46, 4156805.73 ], [ 281593.37, 4156805.77 ], [ 281593.27, 4156805.8 ], [ 281585.49, 4156807.75 ], [ 281585.39, 4156807.76 ], [ 281585.29, 4156807.77 ], [ 281585.2, 4156807.77 ], [ 281585.1, 4156807.76 ], [ 281585.0, 4156807.75 ], [ 281584.91, 4156807.72 ], [ 281584.82, 4156807.68 ], [ 281584.73, 4156807.63 ], [ 281584.65, 4156807.58 ], [ 281584.57, 4156807.52 ], [ 281584.5, 4156807.45 ], [ 281584.44, 4156807.37 ], [ 281584.39, 4156807.29 ], [ 281584.34, 4156807.2 ], [ 281584.3, 4156807.11 ], [ 281584.28, 4156807.02 ], [ 281583.17, 4156802.64 ], [ 281580.43, 4156801.55 ], [ 281579.76, 4156801.01 ], [ 281578.38, 4156798.97 ], [ 281578.13, 4156798.14 ], [ 281578.13, 4156792.51 ], [ 281578.17, 4156792.16 ], [ 281578.41, 4156791.16 ], [ 281578.53, 4156790.84 ], [ 281579.63, 4156788.64 ], [ 281579.47, 4156788.01 ], [ 281579.45, 4156787.92 ], [ 281579.44, 4156787.82 ], [ 281579.44, 4156787.72 ], [ 281579.45, 4156787.62 ], [ 281579.47, 4156787.53 ], [ 281579.5, 4156787.43 ], [ 281579.53, 4156787.34 ], [ 281579.58, 4156787.26 ], [ 281579.63, 4156787.17 ], [ 281579.7, 4156787.1 ], [ 281579.77, 4156787.03 ], [ 281579.84, 4156786.97 ], [ 281579.92, 4156786.91 ], [ 281580.01, 4156786.87 ], [ 281580.1, 4156786.83 ], [ 281580.19, 4156786.8 ], [ 281581.7, 4156786.42 ], [ 281582.63, 4156785.85 ], [ 281583.81, 4156785.51 ], [ 281583.87, 4156785.41 ], [ 281584.13, 4156785.63 ], [ 281584.86, 4156785.63 ], [ 281587.73, 4156784.9 ], [ 281587.83, 4156784.88 ], [ 281587.93, 4156784.87 ], [ 281588.02, 4156784.87 ], [ 281588.12, 4156784.88 ], [ 281588.22, 4156784.9 ], [ 281588.31, 4156784.93 ], [ 281588.4, 4156784.97 ], [ 281588.49, 4156785.01 ], [ 281588.57, 4156785.07 ], [ 281588.65, 4156785.13 ] ], [ [ 281539.51, 4156817.49 ], [ 281539.59, 4156817.43 ], [ 281539.67, 4156817.37 ], [ 281539.76, 4156817.33 ], [ 281539.85, 4156817.3 ], [ 281539.94, 4156817.27 ], [ 281540.65, 4156817.11 ], [ 281541.71, 4156816.05 ], [ 281542.73, 4156815.63 ], [ 281546.8, 4156815.63 ], [ 281546.93, 4156815.69 ], [ 281548.96, 4156815.23 ], [ 281549.06, 4156815.22 ], [ 281549.16, 4156815.21 ], [ 281549.25, 4156815.21 ], [ 281549.35, 4156815.22 ], [ 281549.45, 4156815.24 ], [ 281549.54, 4156815.27 ], [ 281549.63, 4156815.31 ], [ 281549.72, 4156815.36 ], [ 281549.8, 4156815.42 ], [ 281549.87, 4156815.48 ], [ 281549.94, 4156815.55 ], [ 281550.0, 4156815.63 ], [ 281550.05, 4156815.71 ], [ 281550.09, 4156815.8 ], [ 281550.13, 4156815.89 ], [ 281550.16, 4156815.99 ], [ 281552.7, 4156827.15 ], [ 281552.71, 4156827.24 ], [ 281552.72, 4156827.34 ], [ 281552.72, 4156827.44 ], [ 281552.71, 4156827.54 ], [ 281552.69, 4156827.63 ], [ 281552.66, 4156827.73 ], [ 281552.62, 4156827.82 ], [ 281552.57, 4156827.9 ], [ 281552.51, 4156827.98 ], [ 281552.45, 4156828.06 ], [ 281552.38, 4156828.12 ], [ 281552.3, 4156828.19 ], [ 281552.22, 4156828.24 ], [ 281552.13, 4156828.28 ], [ 281552.04, 4156828.32 ], [ 281551.94, 4156828.34 ], [ 281548.25, 4156829.17 ], [ 281548.26, 4156829.18 ], [ 281547.58, 4156831.64 ], [ 281550.4, 4156833.63 ], [ 281551.65, 4156833.63 ], [ 281552.47, 4156833.88 ], [ 281554.51, 4156835.26 ], [ 281555.05, 4156835.93 ], [ 281555.62, 4156837.34 ], [ 281555.69, 4156837.34 ], [ 281555.79, 4156837.35 ], [ 281555.88, 4156837.37 ], [ 281555.98, 4156837.4 ], [ 281556.07, 4156837.44 ], [ 281556.15, 4156837.49 ], [ 281556.23, 4156837.54 ], [ 281556.31, 4156837.6 ], [ 281556.38, 4156837.67 ], [ 281556.44, 4156837.75 ], [ 281556.49, 4156837.83 ], [ 281556.54, 4156837.92 ], [ 281556.57, 4156838.01 ], [ 281556.6, 4156838.11 ], [ 281556.62, 4156838.2 ], [ 281556.63, 4156838.3 ], [ 281556.69, 4156840.02 ], [ 281557.36, 4156841.69 ], [ 281557.6, 4156841.68 ], [ 281557.69, 4156841.68 ], [ 281557.79, 4156841.69 ], [ 281557.89, 4156841.71 ], [ 281557.98, 4156841.74 ], [ 281558.07, 4156841.78 ], [ 281558.16, 4156841.83 ], [ 281558.24, 4156841.89 ], [ 281558.31, 4156841.95 ], [ 281558.38, 4156842.02 ], [ 281558.44, 4156842.1 ], [ 281558.5, 4156842.18 ], [ 281558.54, 4156842.26 ], [ 281558.58, 4156842.36 ], [ 281558.61, 4156842.45 ], [ 281558.62, 4156842.55 ], [ 281558.63, 4156842.64 ], [ 281558.82, 4156847.71 ], [ 281558.82, 4156847.81 ], [ 281558.81, 4156847.91 ], [ 281558.79, 4156848.01 ], [ 281558.76, 4156848.1 ], [ 281558.72, 4156848.19 ], [ 281558.67, 4156848.28 ], [ 281558.62, 4156848.36 ], [ 281558.55, 4156848.43 ], [ 281558.48, 4156848.5 ], [ 281558.41, 4156848.56 ], [ 281558.32, 4156848.62 ], [ 281558.24, 4156848.66 ], [ 281558.15, 4156848.7 ], [ 281558.05, 4156848.72 ], [ 281557.95, 4156848.74 ], [ 281557.86, 4156848.75 ], [ 281548.34, 4156849.1 ], [ 281548.24, 4156849.1 ], [ 281548.15, 4156849.09 ], [ 281548.05, 4156849.07 ], [ 281547.96, 4156849.04 ], [ 281547.87, 4156849.0 ], [ 281547.78, 4156848.95 ], [ 281547.7, 4156848.9 ], [ 281547.62, 4156848.83 ], [ 281547.56, 4156848.76 ], [ 281547.49, 4156848.69 ], [ 281547.44, 4156848.61 ], [ 281547.4, 4156848.52 ], [ 281547.36, 4156848.43 ], [ 281547.33, 4156848.33 ], [ 281547.31, 4156848.24 ], [ 281547.31, 4156848.14 ], [ 281547.29, 4156847.79 ], [ 281545.55, 4156846.05 ], [ 281545.14, 4156845.06 ], [ 281545.13, 4156845.06 ], [ 281545.04, 4156845.03 ], [ 281544.95, 4156844.99 ], [ 281544.86, 4156844.94 ], [ 281544.78, 4156844.89 ], [ 281544.71, 4156844.82 ], [ 281544.64, 4156844.75 ], [ 281544.58, 4156844.68 ], [ 281544.52, 4156844.59 ], [ 281544.48, 4156844.51 ], [ 281544.44, 4156844.42 ], [ 281544.41, 4156844.32 ], [ 281544.4, 4156844.23 ], [ 281544.39, 4156844.13 ], [ 281544.2, 4156838.88 ], [ 281544.2, 4156838.78 ], [ 281544.21, 4156838.69 ], [ 281544.23, 4156838.59 ], [ 281544.26, 4156838.5 ], [ 281544.3, 4156838.41 ], [ 281544.34, 4156838.32 ], [ 281544.4, 4156838.24 ], [ 281544.46, 4156838.16 ], [ 281544.53, 4156838.1 ], [ 281544.61, 4156838.03 ], [ 281544.69, 4156837.98 ], [ 281544.78, 4156837.94 ], [ 281544.87, 4156837.9 ], [ 281544.96, 4156837.87 ], [ 281545.06, 4156837.85 ], [ 281545.13, 4156837.85 ], [ 281545.13, 4156837.22 ], [ 281545.55, 4156836.2 ], [ 281546.01, 4156835.75 ], [ 281546.66, 4156832.48 ], [ 281543.89, 4156830.63 ], [ 281542.73, 4156830.63 ], [ 281542.4, 4156830.49 ], [ 281541.44, 4156830.71 ], [ 281541.35, 4156830.72 ], [ 281541.25, 4156830.73 ], [ 281541.15, 4156830.73 ], [ 281541.06, 4156830.72 ], [ 281540.96, 4156830.7 ], [ 281540.87, 4156830.67 ], [ 281540.78, 4156830.63 ], [ 281540.69, 4156830.58 ], [ 281540.61, 4156830.52 ], [ 281540.54, 4156830.46 ], [ 281540.47, 4156830.39 ], [ 281540.41, 4156830.31 ], [ 281540.36, 4156830.23 ], [ 281540.31, 4156830.14 ], [ 281540.28, 4156830.05 ], [ 281540.25, 4156829.95 ], [ 281539.89, 4156828.39 ], [ 281539.55, 4156828.05 ], [ 281539.13, 4156827.03 ], [ 281539.13, 4156825.06 ], [ 281539.09, 4156824.88 ], [ 281539.07, 4156824.78 ], [ 281539.07, 4156824.68 ], [ 281539.07, 4156824.58 ], [ 281539.08, 4156824.49 ], [ 281539.1, 4156824.39 ], [ 281539.13, 4156824.3 ], [ 281539.13, 4156819.22 ], [ 281539.28, 4156818.87 ], [ 281539.19, 4156818.47 ], [ 281539.17, 4156818.37 ], [ 281539.16, 4156818.27 ], [ 281539.16, 4156818.17 ], [ 281539.18, 4156818.08 ], [ 281539.2, 4156817.98 ], [ 281539.23, 4156817.89 ], [ 281539.27, 4156817.8 ], [ 281539.32, 4156817.71 ], [ 281539.37, 4156817.63 ], [ 281539.44, 4156817.56 ], [ 281539.51, 4156817.49 ] ] ], [ [ [ 281500.9, 4156815.62 ], [ 281501.1, 4156815.86 ], [ 281505.58, 4156815.69 ], [ 281505.67, 4156815.69 ], [ 281505.77, 4156815.7 ], [ 281505.87, 4156815.72 ], [ 281505.96, 4156815.75 ], [ 281506.05, 4156815.79 ], [ 281506.14, 4156815.84 ], [ 281506.22, 4156815.89 ], [ 281506.29, 4156815.95 ], [ 281506.36, 4156816.02 ], [ 281506.42, 4156816.1 ], [ 281506.48, 4156816.18 ], [ 281506.52, 4156816.27 ], [ 281506.56, 4156816.36 ], [ 281506.59, 4156816.45 ], [ 281506.6, 4156816.55 ], [ 281506.61, 4156816.65 ], [ 281506.82, 4156822.03 ], [ 281506.89, 4156822.04 ], [ 281506.98, 4156822.06 ], [ 281507.07, 4156822.09 ], [ 281507.16, 4156822.13 ], [ 281507.25, 4156822.17 ], [ 281507.33, 4156822.23 ], [ 281507.4, 4156822.29 ], [ 281507.47, 4156822.36 ], [ 281507.53, 4156822.44 ], [ 281507.58, 4156822.52 ], [ 281507.63, 4156822.61 ], [ 281507.66, 4156822.7 ], [ 281507.69, 4156822.79 ], [ 281507.71, 4156822.89 ], [ 281507.72, 4156822.98 ], [ 281507.89, 4156827.53 ], [ 281507.89, 4156827.63 ], [ 281507.88, 4156827.73 ], [ 281507.86, 4156827.82 ], [ 281507.83, 4156827.92 ], [ 281507.79, 4156828.01 ], [ 281507.74, 4156828.09 ], [ 281507.69, 4156828.17 ], [ 281507.62, 4156828.25 ], [ 281507.55, 4156828.32 ], [ 281507.48, 4156828.38 ], [ 281507.4, 4156828.43 ], [ 281507.31, 4156828.48 ], [ 281507.22, 4156828.52 ], [ 281507.12, 4156828.54 ], [ 281507.03, 4156828.56 ], [ 281507.0, 4156828.56 ], [ 281507.38, 4156838.58 ], [ 281507.38, 4156838.68 ], [ 281507.37, 4156838.78 ], [ 281507.35, 4156838.88 ], [ 281507.32, 4156838.97 ], [ 281507.28, 4156839.06 ], [ 281507.24, 4156839.15 ], [ 281507.18, 4156839.23 ], [ 281507.12, 4156839.3 ], [ 281507.05, 4156839.37 ], [ 281506.97, 4156839.43 ], [ 281506.89, 4156839.49 ], [ 281506.8, 4156839.53 ], [ 281506.71, 4156839.57 ], [ 281506.62, 4156839.59 ], [ 281506.52, 4156839.61 ], [ 281506.42, 4156839.62 ], [ 281503.88, 4156839.72 ], [ 281505.28, 4156842.63 ], [ 281507.23, 4156842.63 ], [ 281510.49, 4156841.9 ], [ 281510.59, 4156841.88 ], [ 281510.68, 4156841.87 ], [ 281510.78, 4156841.87 ], [ 281510.88, 4156841.89 ], [ 281510.97, 4156841.91 ], [ 281511.07, 4156841.94 ], [ 281511.16, 4156841.98 ], [ 281511.24, 4156842.03 ], [ 281511.32, 4156842.08 ], [ 281511.4, 4156842.15 ], [ 281511.46, 4156842.22 ], [ 281511.52, 4156842.3 ], [ 281511.58, 4156842.38 ], [ 281511.62, 4156842.47 ], [ 281511.66, 4156842.56 ], [ 281511.68, 4156842.65 ], [ 281511.9, 4156843.63 ], [ 281512.6, 4156844.06 ], [ 281513.15, 4156844.66 ], [ 281514.56, 4156847.48 ], [ 281514.7, 4156847.95 ], [ 281514.9, 4156849.39 ], [ 281514.88, 4156849.88 ], [ 281513.69, 4156855.82 ], [ 281514.43, 4156859.12 ], [ 281514.45, 4156859.21 ], [ 281514.46, 4156859.31 ], [ 281514.45, 4156859.41 ], [ 281514.44, 4156859.51 ], [ 281514.42, 4156859.6 ], [ 281514.39, 4156859.69 ], [ 281514.35, 4156859.78 ], [ 281514.3, 4156859.87 ], [ 281514.24, 4156859.95 ], [ 281514.18, 4156860.02 ], [ 281514.11, 4156860.09 ], [ 281514.03, 4156860.15 ], [ 281513.95, 4156860.21 ], [ 281513.86, 4156860.25 ], [ 281513.77, 4156860.28 ], [ 281513.67, 4156860.31 ], [ 281512.42, 4156860.59 ], [ 281512.23, 4156860.87 ], [ 281509.6, 4156862.53 ], [ 281508.48, 4156862.71 ], [ 281505.85, 4156862.06 ], [ 281504.47, 4156862.36 ], [ 281504.37, 4156862.38 ], [ 281504.27, 4156862.39 ], [ 281504.18, 4156862.38 ], [ 281504.08, 4156862.37 ], [ 281503.98, 4156862.35 ], [ 281503.89, 4156862.32 ], [ 281503.8, 4156862.28 ], [ 281503.72, 4156862.23 ], [ 281503.64, 4156862.17 ], [ 281503.56, 4156862.11 ], [ 281503.49, 4156862.04 ], [ 281503.43, 4156861.96 ], [ 281503.38, 4156861.88 ], [ 281503.34, 4156861.79 ], [ 281503.3, 4156861.7 ], [ 281503.28, 4156861.6 ], [ 281503.23, 4156861.4 ], [ 281502.89, 4156861.32 ], [ 281502.87, 4156861.3 ], [ 281501.45, 4156861.62 ], [ 281501.36, 4156861.64 ], [ 281501.26, 4156861.64 ], [ 281501.16, 4156861.64 ], [ 281501.06, 4156861.63 ], [ 281500.97, 4156861.61 ], [ 281500.87, 4156861.58 ], [ 281500.78, 4156861.54 ], [ 281500.7, 4156861.49 ], [ 281500.62, 4156861.43 ], [ 281500.54, 4156861.37 ], [ 281500.48, 4156861.3 ], [ 281500.42, 4156861.22 ], [ 281500.36, 4156861.14 ], [ 281500.32, 4156861.05 ], [ 281500.29, 4156860.96 ], [ 281500.26, 4156860.86 ], [ 281500.0, 4156859.72 ], [ 281500.0, 4156865.94 ], [ 281525.15, 4156864.96 ], [ 281511.68, 4156806.07 ], [ 281507.78, 4156806.46 ], [ 281505.39, 4156808.1 ], [ 281504.54, 4156809.81 ], [ 281503.79, 4156810.51 ], [ 281501.68, 4156811.38 ], [ 281501.63, 4156811.46 ], [ 281501.62, 4156811.5 ], [ 281501.59, 4156811.59 ], [ 281501.54, 4156811.67 ], [ 281501.48, 4156811.75 ], [ 281501.42, 4156811.83 ], [ 281501.39, 4156811.86 ], [ 281500.75, 4156812.9 ], [ 281500.31, 4156812.27 ], [ 281500.0, 4156812.35 ], [ 281500.0, 4156815.9 ], [ 281500.69, 4156815.88 ], [ 281500.9, 4156815.62 ] ] ], [ [ [ 281500.13, 4156849.86 ], [ 281500.0, 4156849.27 ], [ 281500.0, 4156854.91 ], [ 281500.13, 4156854.88 ], [ 281500.13, 4156849.86 ] ] ], [ [ [ 281501.66, 4156841.48 ], [ 281500.0, 4156840.37 ], [ 281500.0, 4156844.24 ], [ 281501.16, 4156843.98 ], [ 281501.66, 4156841.48 ] ] ], [ [ [ 281500.2, 4156791.81 ], [ 281500.29, 4156791.79 ], [ 281500.39, 4156791.78 ], [ 281500.49, 4156791.78 ], [ 281500.59, 4156791.79 ], [ 281500.68, 4156791.81 ], [ 281500.78, 4156791.84 ], [ 281500.87, 4156791.88 ], [ 281500.95, 4156791.93 ], [ 281501.03, 4156791.98 ], [ 281501.11, 4156792.05 ], [ 281501.18, 4156792.12 ], [ 281501.24, 4156792.19 ], [ 281501.29, 4156792.28 ], [ 281501.34, 4156792.36 ], [ 281501.37, 4156792.45 ], [ 281501.4, 4156792.55 ], [ 281501.51, 4156793.01 ], [ 281502.71, 4156794.2 ], [ 281503.13, 4156795.22 ], [ 281503.13, 4156796.46 ], [ 281507.08, 4156799.31 ], [ 281509.92, 4156798.36 ], [ 281501.52, 4156761.63 ], [ 281500.0, 4156761.63 ], [ 281500.0, 4156791.82 ], [ 281500.06, 4156791.84 ], [ 281500.2, 4156791.81 ] ] ], [ [ [ 281521.18, 4156940.45 ], [ 281521.19, 4156940.35 ], [ 281521.22, 4156940.25 ], [ 281521.25, 4156940.16 ], [ 281521.29, 4156940.07 ], [ 281521.33, 4156939.98 ], [ 281521.39, 4156939.9 ], [ 281521.45, 4156939.83 ], [ 281521.52, 4156939.76 ], [ 281521.6, 4156939.7 ], [ 281521.68, 4156939.65 ], [ 281521.77, 4156939.6 ], [ 281521.86, 4156939.57 ], [ 281521.96, 4156939.54 ], [ 281522.87, 4156939.33 ], [ 281523.5, 4156936.01 ], [ 281523.49, 4156936.01 ], [ 281523.31, 4156935.67 ], [ 281523.26, 4156935.63 ], [ 281523.19, 4156935.55 ], [ 281523.13, 4156935.48 ], [ 281523.08, 4156935.39 ], [ 281523.04, 4156935.31 ], [ 281523.0, 4156935.21 ], [ 281522.98, 4156935.12 ], [ 281522.96, 4156935.03 ], [ 281522.08, 4156933.43 ], [ 281521.94, 4156932.38 ], [ 281522.17, 4156931.47 ], [ 281521.07, 4156926.51 ], [ 281521.05, 4156926.41 ], [ 281521.05, 4156926.31 ], [ 281521.05, 4156926.22 ], [ 281521.06, 4156926.12 ], [ 281521.08, 4156926.02 ], [ 281521.11, 4156925.93 ], [ 281521.15, 4156925.84 ], [ 281521.2, 4156925.75 ], [ 281521.26, 4156925.67 ], [ 281521.32, 4156925.6 ], [ 281521.4, 4156925.53 ], [ 281521.47, 4156925.47 ], [ 281521.56, 4156925.42 ], [ 281521.64, 4156925.38 ], [ 281521.74, 4156925.34 ], [ 281521.83, 4156925.32 ], [ 281523.12, 4156925.03 ], [ 281521.98, 4156922.55 ], [ 281520.74, 4156921.93 ], [ 281520.07, 4156921.24 ], [ 281518.93, 4156918.76 ], [ 281518.84, 4156917.79 ], [ 281518.92, 4156917.48 ], [ 281518.9, 4156917.45 ], [ 281518.86, 4156917.37 ], [ 281518.83, 4156917.27 ], [ 281518.8, 4156917.18 ], [ 281517.96, 4156913.05 ], [ 281517.95, 4156912.95 ], [ 281517.94, 4156912.85 ], [ 281517.95, 4156912.75 ], [ 281517.96, 4156912.66 ], [ 281517.98, 4156912.56 ], [ 281518.02, 4156912.47 ], [ 281518.06, 4156912.38 ], [ 281518.11, 4156912.3 ], [ 281518.17, 4156912.22 ], [ 281518.23, 4156912.14 ], [ 281518.3, 4156912.08 ], [ 281518.38, 4156912.02 ], [ 281518.47, 4156911.97 ], [ 281518.56, 4156911.93 ], [ 281518.65, 4156911.89 ], [ 281518.74, 4156911.87 ], [ 281520.35, 4156911.55 ], [ 281519.08, 4156908.83 ], [ 281518.45, 4156908.97 ], [ 281518.35, 4156908.98 ], [ 281518.26, 4156908.99 ], [ 281518.16, 4156908.99 ], [ 281518.06, 4156908.98 ], [ 281517.97, 4156908.96 ], [ 281517.87, 4156908.93 ], [ 281517.78, 4156908.89 ], [ 281517.7, 4156908.84 ], [ 281517.62, 4156908.78 ], [ 281517.55, 4156908.72 ], [ 281517.48, 4156908.65 ], [ 281517.45, 4156908.61 ], [ 281515.91, 4156908.96 ], [ 281515.81, 4156908.97 ], [ 281515.72, 4156908.98 ], [ 281515.62, 4156908.98 ], [ 281515.52, 4156908.97 ], [ 281515.43, 4156908.94 ], [ 281515.33, 4156908.91 ], [ 281515.24, 4156908.87 ], [ 281515.16, 4156908.83 ], [ 281515.08, 4156908.77 ], [ 281515.0, 4156908.71 ], [ 281514.94, 4156908.64 ], [ 281514.88, 4156908.56 ], [ 281514.82, 4156908.48 ], [ 281514.78, 4156908.39 ], [ 281514.74, 4156908.3 ], [ 281514.72, 4156908.2 ], [ 281513.87, 4156904.45 ], [ 281513.85, 4156904.35 ], [ 281513.84, 4156904.25 ], [ 281513.84, 4156904.16 ], [ 281513.86, 4156904.06 ], [ 281513.88, 4156903.96 ], [ 281513.91, 4156903.87 ], [ 281513.95, 4156903.78 ], [ 281514.0, 4156903.69 ], [ 281514.05, 4156903.61 ], [ 281514.12, 4156903.54 ], [ 281514.19, 4156903.47 ], [ 281514.27, 4156903.41 ], [ 281514.35, 4156903.36 ], [ 281514.44, 4156903.31 ], [ 281514.53, 4156903.28 ], [ 281514.62, 4156903.25 ], [ 281515.94, 4156902.96 ], [ 281515.2, 4156899.66 ], [ 281515.18, 4156899.56 ], [ 281515.17, 4156899.46 ], [ 281515.18, 4156899.37 ], [ 281515.19, 4156899.27 ], [ 281515.21, 4156899.17 ], [ 281515.24, 4156899.08 ], [ 281515.28, 4156898.99 ], [ 281515.33, 4156898.9 ], [ 281515.39, 4156898.82 ], [ 281515.45, 4156898.75 ], [ 281515.52, 4156898.68 ], [ 281515.6, 4156898.62 ], [ 281515.68, 4156898.57 ], [ 281515.77, 4156898.53 ], [ 281515.86, 4156898.49 ], [ 281515.96, 4156898.46 ], [ 281516.43, 4156898.36 ], [ 281515.52, 4156896.54 ], [ 281514.71, 4156896.2 ], [ 281514.14, 4156895.63 ], [ 281514.04, 4156895.62 ], [ 281513.95, 4156895.6 ], [ 281513.86, 4156895.56 ], [ 281513.77, 4156895.52 ], [ 281513.68, 4156895.47 ], [ 281513.6, 4156895.41 ], [ 281513.53, 4156895.35 ], [ 281513.47, 4156895.28 ], [ 281513.41, 4156895.2 ], [ 281513.36, 4156895.11 ], [ 281513.31, 4156895.03 ], [ 281513.28, 4156894.93 ], [ 281513.26, 4156894.84 ], [ 281513.23, 4156894.73 ], [ 281512.55, 4156894.05 ], [ 281512.13, 4156893.03 ], [ 281512.13, 4156885.51 ], [ 281512.17, 4156885.16 ], [ 281512.41, 4156884.16 ], [ 281512.53, 4156883.84 ], [ 281513.11, 4156882.67 ], [ 281500.0, 4156883.34 ], [ 281500.0, 4156900.75 ], [ 281507.59, 4156933.08 ], [ 281508.44, 4156932.63 ], [ 281510.6, 4156932.63 ], [ 281511.72, 4156933.17 ], [ 281513.77, 4156935.81 ], [ 281514.03, 4156937.03 ], [ 281513.46, 4156939.32 ], [ 281517.32, 4156942.9 ], [ 281521.39, 4156941.54 ], [ 281521.21, 4156940.74 ], [ 281521.19, 4156940.64 ], [ 281521.18, 4156940.54 ], [ 281521.18, 4156940.45 ] ] ], [ [ [ 281552.98, 4156897.74 ], [ 281553.0, 4156897.65 ], [ 281553.02, 4156897.55 ], [ 281553.06, 4156897.46 ], [ 281553.1, 4156897.37 ], [ 281553.15, 4156897.29 ], [ 281553.21, 4156897.21 ], [ 281553.28, 4156897.14 ], [ 281553.35, 4156897.07 ], [ 281553.43, 4156897.02 ], [ 281553.52, 4156896.97 ], [ 281553.6, 4156896.93 ], [ 281553.7, 4156896.9 ], [ 281553.79, 4156896.87 ], [ 281553.89, 4156896.86 ], [ 281554.13, 4156896.84 ], [ 281554.13, 4156895.5 ], [ 281554.02, 4156894.06 ], [ 281554.01, 4156893.96 ], [ 281554.02, 4156893.86 ], [ 281554.04, 4156893.76 ], [ 281554.06, 4156893.67 ], [ 281554.1, 4156893.58 ], [ 281554.13, 4156893.51 ], [ 281554.13, 4156891.22 ], [ 281554.55, 4156890.2 ], [ 281556.71, 4156888.05 ], [ 281557.73, 4156887.63 ], [ 281561.59, 4156887.63 ], [ 281562.16, 4156887.74 ], [ 281563.74, 4156888.39 ], [ 281564.22, 4156888.71 ], [ 281570.27, 4156894.76 ], [ 281570.68, 4156895.56 ], [ 281571.09, 4156898.09 ], [ 281570.95, 4156898.98 ], [ 281570.19, 4156900.51 ], [ 281570.33, 4156902.28 ], [ 281570.34, 4156902.38 ], [ 281570.33, 4156902.48 ], [ 281570.32, 4156902.57 ], [ 281570.29, 4156902.67 ], [ 281570.26, 4156902.76 ], [ 281570.21, 4156902.85 ], [ 281570.16, 4156902.93 ], [ 281570.1, 4156903.01 ], [ 281570.03, 4156903.08 ], [ 281569.96, 4156903.14 ], [ 281569.88, 4156903.2 ], [ 281569.79, 4156903.25 ], [ 281569.71, 4156903.29 ], [ 281569.61, 4156903.32 ], [ 281569.52, 4156903.35 ], [ 281569.42, 4156903.36 ], [ 281568.74, 4156903.41 ], [ 281567.53, 4156905.84 ], [ 281568.3, 4156909.23 ], [ 281565.1, 4156908.73 ], [ 281564.48, 4156909.04 ], [ 281564.44, 4156909.05 ], [ 281564.48, 4156909.5 ], [ 281564.48, 4156909.6 ], [ 281564.47, 4156909.69 ], [ 281564.46, 4156909.79 ], [ 281564.43, 4156909.89 ], [ 281564.4, 4156909.98 ], [ 281564.35, 4156910.07 ], [ 281564.3, 4156910.15 ], [ 281564.24, 4156910.23 ], [ 281564.17, 4156910.3 ], [ 281564.1, 4156910.36 ], [ 281564.02, 4156910.42 ], [ 281563.93, 4156910.47 ], [ 281563.84, 4156910.51 ], [ 281563.75, 4156910.54 ], [ 281563.66, 4156910.56 ], [ 281563.56, 4156910.57 ], [ 281556.11, 4156911.17 ], [ 281556.02, 4156911.17 ], [ 281554.74, 4156912.56 ], [ 281572.08, 4156987.27 ], [ 281572.69, 4156989.93 ], [ 281605.19, 4156988.07 ], [ 281598.78, 4156960.28 ], [ 281598.25, 4156960.5 ], [ 281588.22, 4156970.54 ], [ 281587.74, 4156970.86 ], [ 281585.89, 4156971.63 ], [ 281586.1, 4156972.14 ], [ 281585.54, 4156974.5 ], [ 281587.16, 4156974.12 ], [ 281587.26, 4156974.1 ], [ 281587.35, 4156974.09 ], [ 281587.45, 4156974.09 ], [ 281587.55, 4156974.1 ], [ 281587.65, 4156974.12 ], [ 281587.74, 4156974.15 ], [ 281587.83, 4156974.19 ], [ 281587.92, 4156974.24 ], [ 281588.0, 4156974.29 ], [ 281588.07, 4156974.36 ], [ 281588.14, 4156974.43 ], [ 281588.2, 4156974.5 ], [ 281588.25, 4156974.58 ], [ 281588.3, 4156974.67 ], [ 281588.34, 4156974.76 ], [ 281588.36, 4156974.86 ], [ 281590.35, 4156983.21 ], [ 281590.37, 4156983.31 ], [ 281590.38, 4156983.41 ], [ 281590.38, 4156983.5 ], [ 281590.37, 4156983.6 ], [ 281590.35, 4156983.7 ], [ 281590.32, 4156983.79 ], [ 281590.28, 4156983.88 ], [ 281590.23, 4156983.97 ], [ 281590.17, 4156984.05 ], [ 281590.11, 4156984.12 ], [ 281590.04, 4156984.19 ], [ 281589.96, 4156984.25 ], [ 281589.88, 4156984.31 ], [ 281589.79, 4156984.35 ], [ 281589.7, 4156984.39 ], [ 281589.61, 4156984.42 ], [ 281585.34, 4156985.42 ], [ 281584.55, 4156986.2 ], [ 281583.53, 4156986.63 ], [ 281580.22, 4156986.63 ], [ 281578.45, 4156987.04 ], [ 281578.36, 4156987.06 ], [ 281578.26, 4156987.07 ], [ 281578.16, 4156987.07 ], [ 281578.06, 4156987.05 ], [ 281577.97, 4156987.03 ], [ 281577.88, 4156987.0 ], [ 281577.79, 4156986.97 ], [ 281577.7, 4156986.92 ], [ 281577.62, 4156986.86 ], [ 281577.54, 4156986.8 ], [ 281577.48, 4156986.73 ], [ 281577.41, 4156986.65 ], [ 281577.36, 4156986.57 ], [ 281577.32, 4156986.48 ], [ 281577.28, 4156986.39 ], [ 281577.25, 4156986.3 ], [ 281577.08, 4156985.58 ], [ 281575.55, 4156984.05 ], [ 281575.13, 4156983.03 ], [ 281575.13, 4156981.97 ], [ 281575.08, 4156981.96 ], [ 281574.98, 4156981.93 ], [ 281574.89, 4156981.89 ], [ 281574.81, 4156981.84 ], [ 281574.73, 4156981.79 ], [ 281574.65, 4156981.72 ], [ 281574.58, 4156981.65 ], [ 281574.52, 4156981.58 ], [ 281574.47, 4156981.5 ], [ 281574.42, 4156981.41 ], [ 281574.39, 4156981.32 ], [ 281574.36, 4156981.22 ], [ 281573.66, 4156978.32 ], [ 281573.65, 4156978.23 ], [ 281573.64, 4156978.13 ], [ 281573.64, 4156978.03 ], [ 281573.65, 4156977.93 ], [ 281573.67, 4156977.83 ], [ 281573.7, 4156977.74 ], [ 281573.74, 4156977.65 ], [ 281573.79, 4156977.56 ], [ 281573.84, 4156977.48 ], [ 281573.9, 4156977.41 ], [ 281573.98, 4156977.34 ], [ 281574.05, 4156977.28 ], [ 281574.13, 4156977.22 ], [ 281574.22, 4156977.18 ], [ 281574.31, 4156977.14 ], [ 281574.41, 4156977.12 ], [ 281577.89, 4156976.3 ], [ 281578.82, 4156973.77 ], [ 281576.95, 4156972.38 ], [ 281575.26, 4156972.79 ], [ 281575.16, 4156972.81 ], [ 281575.06, 4156972.82 ], [ 281574.96, 4156972.81 ], [ 281574.87, 4156972.8 ], [ 281574.77, 4156972.78 ], [ 281574.68, 4156972.75 ], [ 281574.59, 4156972.72 ], [ 281574.5, 4156972.67 ], [ 281574.42, 4156972.61 ], [ 281574.34, 4156972.55 ], [ 281574.28, 4156972.48 ], [ 281574.21, 4156972.41 ], [ 281574.16, 4156972.32 ], [ 281574.11, 4156972.24 ], [ 281574.08, 4156972.15 ], [ 281574.05, 4156972.05 ], [ 281573.56, 4156970.06 ], [ 281572.55, 4156969.05 ], [ 281572.13, 4156968.03 ], [ 281572.13, 4156964.19 ], [ 281571.94, 4156963.39 ], [ 281571.92, 4156963.29 ], [ 281571.91, 4156963.2 ], [ 281571.91, 4156963.1 ], [ 281571.92, 4156963.0 ], [ 281571.94, 4156962.9 ], [ 281571.97, 4156962.81 ], [ 281572.01, 4156962.72 ], [ 281572.06, 4156962.63 ], [ 281572.11, 4156962.55 ], [ 281572.13, 4156962.53 ], [ 281572.13, 4156962.26 ], [ 281572.41, 4156961.4 ], [ 281572.82, 4156960.83 ], [ 281571.84, 4156957.57 ], [ 281571.77, 4156957.56 ], [ 281571.68, 4156957.52 ], [ 281571.59, 4156957.48 ], [ 281571.5, 4156957.44 ], [ 281571.42, 4156957.38 ], [ 281571.35, 4156957.31 ], [ 281571.28, 4156957.24 ], [ 281571.22, 4156957.17 ], [ 281571.17, 4156957.08 ], [ 281571.12, 4156956.99 ], [ 281571.09, 4156956.9 ], [ 281571.06, 4156956.81 ], [ 281570.83, 4156955.74 ], [ 281570.69, 4156955.62 ], [ 281569.79, 4156955.82 ], [ 281569.69, 4156955.84 ], [ 281569.59, 4156955.85 ], [ 281569.49, 4156955.84 ], [ 281569.4, 4156955.83 ], [ 281569.3, 4156955.81 ], [ 281569.21, 4156955.78 ], [ 281569.12, 4156955.74 ], [ 281569.03, 4156955.69 ], [ 281568.95, 4156955.63 ], [ 281568.88, 4156955.57 ], [ 281568.81, 4156955.5 ], [ 281568.75, 4156955.42 ], [ 281568.7, 4156955.34 ], [ 281568.65, 4156955.25 ], [ 281568.62, 4156955.16 ], [ 281568.59, 4156955.07 ], [ 281567.72, 4156951.18 ], [ 281567.7, 4156951.08 ], [ 281567.7, 4156950.98 ], [ 281567.7, 4156950.89 ], [ 281567.71, 4156950.79 ], [ 281567.73, 4156950.69 ], [ 281567.77, 4156950.6 ], [ 281567.81, 4156950.51 ], [ 281567.85, 4156950.42 ], [ 281567.91, 4156950.34 ], [ 281567.98, 4156950.27 ], [ 281568.05, 4156950.2 ], [ 281568.12, 4156950.14 ], [ 281568.21, 4156950.09 ], [ 281568.3, 4156950.05 ], [ 281568.39, 4156950.01 ], [ 281568.4, 4156950.01 ], [ 281567.37, 4156940.78 ], [ 281567.25, 4156940.25 ], [ 281566.47, 4156940.43 ], [ 281566.37, 4156940.45 ], [ 281566.28, 4156940.45 ], [ 281566.18, 4156940.45 ], [ 281566.08, 4156940.44 ], [ 281565.98, 4156940.42 ], [ 281565.89, 4156940.39 ], [ 281565.8, 4156940.35 ], [ 281565.72, 4156940.3 ], [ 281565.64, 4156940.25 ], [ 281565.56, 4156940.18 ], [ 281565.49, 4156940.11 ], [ 281565.43, 4156940.04 ], [ 281565.38, 4156939.95 ], [ 281565.33, 4156939.87 ], [ 281565.3, 4156939.78 ], [ 281565.27, 4156939.68 ], [ 281564.49, 4156936.36 ], [ 281564.48, 4156936.26 ], [ 281564.47, 4156936.17 ], [ 281564.47, 4156936.07 ], [ 281564.48, 4156935.97 ], [ 281564.5, 4156935.87 ], [ 281564.53, 4156935.78 ], [ 281564.57, 4156935.69 ], [ 281564.62, 4156935.6 ], [ 281564.68, 4156935.52 ], [ 281564.74, 4156935.45 ], [ 281564.81, 4156935.38 ], [ 281564.89, 4156935.32 ], [ 281564.97, 4156935.27 ], [ 281565.06, 4156935.22 ], [ 281565.15, 4156935.18 ], [ 281565.24, 4156935.16 ], [ 281566.06, 4156934.97 ], [ 281565.42, 4156932.2 ], [ 281565.4, 4156932.11 ], [ 281565.39, 4156932.01 ], [ 281565.4, 4156931.91 ], [ 281565.41, 4156931.81 ], [ 281565.43, 4156931.72 ], [ 281565.46, 4156931.62 ], [ 281565.5, 4156931.53 ], [ 281565.55, 4156931.45 ], [ 281565.6, 4156931.37 ], [ 281565.67, 4156931.29 ], [ 281565.74, 4156931.22 ], [ 281565.81, 4156931.16 ], [ 281565.9, 4156931.11 ], [ 281565.98, 4156931.07 ], [ 281566.07, 4156931.03 ], [ 281566.17, 4156931.0 ], [ 281568.79, 4156930.4 ], [ 281569.06, 4156930.1 ], [ 281570.12, 4156929.63 ], [ 281572.14, 4156929.63 ], [ 281572.96, 4156929.44 ], [ 281573.06, 4156929.42 ], [ 281573.16, 4156929.41 ], [ 281573.26, 4156929.41 ], [ 281573.35, 4156929.42 ], [ 281573.45, 4156929.44 ], [ 281573.54, 4156929.47 ], [ 281573.63, 4156929.51 ], [ 281573.72, 4156929.56 ], [ 281573.8, 4156929.62 ], [ 281573.81, 4156929.63 ], [ 281574.53, 4156929.63 ], [ 281575.55, 4156930.05 ], [ 281577.71, 4156932.2 ], [ 281578.13, 4156933.22 ], [ 281578.13, 4156938.43 ], [ 281578.39, 4156939.53 ], [ 281578.41, 4156939.63 ], [ 281578.41, 4156939.73 ], [ 281578.41, 4156939.83 ], [ 281578.4, 4156939.92 ], [ 281578.38, 4156940.02 ], [ 281578.35, 4156940.11 ], [ 281578.31, 4156940.2 ], [ 281578.26, 4156940.29 ], [ 281578.21, 4156940.37 ], [ 281578.14, 4156940.44 ], [ 281578.13, 4156940.46 ], [ 281578.13, 4156944.94 ], [ 281579.74, 4156946.74 ], [ 281583.13, 4156945.98 ], [ 281583.23, 4156945.96 ], [ 281583.33, 4156945.96 ], [ 281583.43, 4156945.96 ], [ 281583.52, 4156945.97 ], [ 281583.62, 4156945.99 ], [ 281583.71, 4156946.02 ], [ 281583.8, 4156946.06 ], [ 281583.89, 4156946.11 ], [ 281583.97, 4156946.17 ], [ 281584.04, 4156946.23 ], [ 281584.11, 4156946.3 ], [ 281584.17, 4156946.38 ], [ 281584.22, 4156946.46 ], [ 281584.27, 4156946.55 ], [ 281584.3, 4156946.64 ], [ 281584.33, 4156946.74 ], [ 281584.69, 4156948.35 ], [ 281596.33, 4156949.65 ], [ 281589.17, 4156918.59 ], [ 281587.55, 4156920.2 ], [ 281586.53, 4156920.63 ], [ 281576.67, 4156920.63 ], [ 281576.1, 4156920.51 ], [ 281574.53, 4156919.86 ], [ 281574.04, 4156919.54 ], [ 281570.22, 4156915.71 ], [ 281569.9, 4156915.23 ], [ 281569.24, 4156913.66 ], [ 281569.13, 4156913.09 ], [ 281569.13, 4156912.74 ], [ 281569.17, 4156912.66 ], [ 281568.58, 4156909.54 ], [ 281571.36, 4156909.47 ], [ 281571.44, 4156909.73 ], [ 281573.2, 4156909.21 ], [ 281587.02, 4156911.18 ], [ 281587.53, 4156911.46 ], [ 281581.55, 4156885.55 ], [ 281581.27, 4156885.3 ], [ 281580.81, 4156884.37 ], [ 281580.44, 4156880.72 ], [ 281579.19, 4156875.3 ], [ 281546.38, 4156876.78 ], [ 281546.92, 4156878.89 ], [ 281546.92, 4156878.91 ], [ 281546.93, 4156878.93 ], [ 281552.02, 4156900.87 ], [ 281553.14, 4156899.93 ], [ 281552.98, 4156897.94 ], [ 281552.97, 4156897.84 ], [ 281552.98, 4156897.74 ] ], [ [ 281579.67, 4156927.47 ], [ 281579.57, 4156927.46 ], [ 281579.47, 4156927.45 ], [ 281579.38, 4156927.43 ], [ 281579.29, 4156927.39 ], [ 281579.2, 4156927.35 ], [ 281579.11, 4156927.3 ], [ 281579.03, 4156927.24 ], [ 281578.96, 4156927.18 ], [ 281578.89, 4156927.11 ], [ 281578.84, 4156927.03 ], [ 281578.78, 4156926.94 ], [ 281578.74, 4156926.85 ], [ 281578.71, 4156926.76 ], [ 281578.68, 4156926.67 ], [ 281578.67, 4156926.57 ], [ 281578.37, 4156923.61 ], [ 281578.36, 4156923.52 ], [ 281578.36, 4156923.42 ], [ 281578.38, 4156923.32 ], [ 281578.4, 4156923.23 ], [ 281578.43, 4156923.13 ], [ 281578.48, 4156923.04 ], [ 281578.53, 4156922.96 ], [ 281578.58, 4156922.88 ], [ 281578.65, 4156922.81 ], [ 281578.72, 4156922.74 ], [ 281578.8, 4156922.68 ], [ 281578.88, 4156922.63 ], [ 281578.97, 4156922.59 ], [ 281579.07, 4156922.56 ], [ 281579.16, 4156922.53 ], [ 281579.26, 4156922.52 ], [ 281585.72, 4156921.85 ], [ 281585.82, 4156921.85 ], [ 281585.92, 4156921.85 ], [ 281586.02, 4156921.86 ], [ 281586.11, 4156921.89 ], [ 281586.2, 4156921.92 ], [ 281586.29, 4156921.96 ], [ 281586.38, 4156922.01 ], [ 281586.46, 4156922.07 ], [ 281586.53, 4156922.14 ], [ 281586.6, 4156922.21 ], [ 281586.65, 4156922.29 ], [ 281586.71, 4156922.37 ], [ 281586.75, 4156922.46 ], [ 281586.78, 4156922.55 ], [ 281586.81, 4156922.65 ], [ 281586.82, 4156922.74 ], [ 281587.12, 4156925.7 ], [ 281587.13, 4156925.8 ], [ 281587.13, 4156925.9 ], [ 281587.11, 4156925.99 ], [ 281587.09, 4156926.09 ], [ 281587.06, 4156926.18 ], [ 281587.01, 4156926.27 ], [ 281586.96, 4156926.35 ], [ 281586.91, 4156926.43 ], [ 281586.84, 4156926.51 ], [ 281586.77, 4156926.57 ], [ 281586.69, 4156926.63 ], [ 281586.6, 4156926.68 ], [ 281586.52, 4156926.72 ], [ 281586.42, 4156926.76 ], [ 281586.33, 4156926.78 ], [ 281586.23, 4156926.8 ], [ 281579.77, 4156927.46 ], [ 281579.67, 4156927.47 ] ], [ [ 281593.95, 4156977.58 ], [ 281593.85, 4156977.58 ], [ 281593.76, 4156977.58 ], [ 281593.66, 4156977.57 ], [ 281593.56, 4156977.54 ], [ 281593.47, 4156977.51 ], [ 281593.38, 4156977.47 ], [ 281593.3, 4156977.42 ], [ 281593.22, 4156977.36 ], [ 281593.15, 4156977.3 ], [ 281593.08, 4156977.22 ], [ 281593.02, 4156977.14 ], [ 281592.97, 4156977.06 ], [ 281592.93, 4156976.97 ], [ 281592.89, 4156976.88 ], [ 281592.87, 4156976.78 ], [ 281592.16, 4156973.32 ], [ 281592.15, 4156973.22 ], [ 281592.14, 4156973.12 ], [ 281592.14, 4156973.02 ], [ 281592.16, 4156972.93 ], [ 281592.18, 4156972.83 ], [ 281592.21, 4156972.74 ], [ 281592.26, 4156972.65 ], [ 281592.31, 4156972.57 ], [ 281592.36, 4156972.49 ], [ 281592.43, 4156972.41 ], [ 281592.5, 4156972.35 ], [ 281592.58, 4156972.29 ], [ 281592.66, 4156972.24 ], [ 281592.75, 4156972.19 ], [ 281592.84, 4156972.16 ], [ 281592.94, 4156972.14 ], [ 281597.78, 4156971.15 ], [ 281597.87, 4156971.13 ], [ 281597.97, 4156971.13 ], [ 281598.07, 4156971.13 ], [ 281598.17, 4156971.15 ], [ 281598.26, 4156971.17 ], [ 281598.35, 4156971.2 ], [ 281598.44, 4156971.24 ], [ 281598.53, 4156971.29 ], [ 281598.61, 4156971.35 ], [ 281598.68, 4156971.42 ], [ 281598.75, 4156971.49 ], [ 281598.8, 4156971.57 ], [ 281598.86, 4156971.65 ], [ 281598.9, 4156971.74 ], [ 281598.93, 4156971.83 ], [ 281598.96, 4156971.93 ], [ 281599.67, 4156975.39 ], [ 281599.68, 4156975.49 ], [ 281599.69, 4156975.59 ], [ 281599.68, 4156975.69 ], [ 281599.67, 4156975.78 ], [ 281599.64, 4156975.88 ], [ 281599.61, 4156975.97 ], [ 281599.57, 4156976.06 ], [ 281599.52, 4156976.15 ], [ 281599.46, 4156976.23 ], [ 281599.4, 4156976.3 ], [ 281599.32, 4156976.36 ], [ 281599.25, 4156976.42 ], [ 281599.16, 4156976.47 ], [ 281599.07, 4156976.52 ], [ 281598.98, 4156976.55 ], [ 281598.89, 4156976.57 ], [ 281594.05, 4156977.56 ], [ 281593.95, 4156977.58 ] ] ], [ [ [ 281525.53, 4156896.62 ], [ 281525.61, 4156896.68 ], [ 281525.68, 4156896.74 ], [ 281525.75, 4156896.81 ], [ 281525.81, 4156896.89 ], [ 281525.86, 4156896.97 ], [ 281525.91, 4156897.06 ], [ 281525.94, 4156897.15 ], [ 281525.97, 4156897.24 ], [ 281527.91, 4156905.81 ], [ 281527.93, 4156905.91 ], [ 281527.93, 4156906.0 ], [ 281527.93, 4156906.1 ], [ 281527.93, 4156906.12 ], [ 281529.68, 4156910.51 ], [ 281529.79, 4156910.96 ], [ 281529.88, 4156912.33 ], [ 281529.84, 4156912.79 ], [ 281529.82, 4156912.86 ], [ 281529.84, 4156912.85 ], [ 281529.93, 4156912.84 ], [ 281530.03, 4156912.83 ], [ 281530.13, 4156912.84 ], [ 281530.22, 4156912.85 ], [ 281530.32, 4156912.88 ], [ 281530.41, 4156912.91 ], [ 281530.5, 4156912.95 ], [ 281530.58, 4156913.0 ], [ 281530.66, 4156913.06 ], [ 281530.73, 4156913.12 ], [ 281530.8, 4156913.19 ], [ 281530.86, 4156913.27 ], [ 281530.91, 4156913.36 ], [ 281530.95, 4156913.44 ], [ 281530.99, 4156913.54 ], [ 281531.01, 4156913.63 ], [ 281531.46, 4156915.78 ], [ 281531.47, 4156915.88 ], [ 281531.48, 4156915.98 ], [ 281531.47, 4156916.08 ], [ 281531.46, 4156916.18 ], [ 281531.44, 4156916.27 ], [ 281531.4, 4156916.36 ], [ 281531.36, 4156916.45 ], [ 281531.31, 4156916.54 ], [ 281531.25, 4156916.62 ], [ 281531.19, 4156916.69 ], [ 281531.11, 4156916.76 ], [ 281531.04, 4156916.82 ], [ 281530.95, 4156916.87 ], [ 281530.86, 4156916.91 ], [ 281530.77, 4156916.94 ], [ 281530.67, 4156916.97 ], [ 281530.08, 4156917.09 ], [ 281530.54, 4156919.39 ], [ 281530.56, 4156919.49 ], [ 281530.56, 4156919.58 ], [ 281530.56, 4156919.68 ], [ 281530.54, 4156919.78 ], [ 281530.52, 4156919.87 ], [ 281530.49, 4156919.97 ], [ 281530.45, 4156920.06 ], [ 281530.4, 4156920.14 ], [ 281530.34, 4156920.22 ], [ 281530.27, 4156920.29 ], [ 281530.2, 4156920.36 ], [ 281530.12, 4156920.42 ], [ 281530.04, 4156920.47 ], [ 281529.95, 4156920.51 ], [ 281529.86, 4156920.54 ], [ 281529.76, 4156920.57 ], [ 281528.48, 4156920.82 ], [ 281529.93, 4156923.54 ], [ 281530.42, 4156923.43 ], [ 281530.52, 4156923.42 ], [ 281530.62, 4156923.41 ], [ 281530.71, 4156923.41 ], [ 281530.81, 4156923.43 ], [ 281530.91, 4156923.45 ], [ 281531.0, 4156923.48 ], [ 281531.09, 4156923.52 ], [ 281531.17, 4156923.57 ], [ 281531.25, 4156923.63 ], [ 281531.33, 4156923.69 ], [ 281531.4, 4156923.76 ], [ 281531.46, 4156923.84 ], [ 281531.51, 4156923.92 ], [ 281531.55, 4156924.01 ], [ 281531.59, 4156924.1 ], [ 281531.61, 4156924.2 ], [ 281531.67, 4156924.44 ], [ 281533.21, 4156925.71 ], [ 281533.72, 4156926.55 ], [ 281534.1, 4156928.47 ], [ 281534.11, 4156928.47 ], [ 281534.18, 4156928.54 ], [ 281534.25, 4156928.61 ], [ 281534.31, 4156928.68 ], [ 281534.36, 4156928.77 ], [ 281534.4, 4156928.86 ], [ 281534.44, 4156928.95 ], [ 281534.46, 4156929.04 ], [ 281535.21, 4156932.43 ], [ 281535.22, 4156932.53 ], [ 281535.23, 4156932.63 ], [ 281535.23, 4156932.72 ], [ 281535.22, 4156932.82 ], [ 281535.19, 4156932.92 ], [ 281535.16, 4156933.01 ], [ 281535.12, 4156933.1 ], [ 281535.07, 4156933.18 ], [ 281535.05, 4156933.22 ], [ 281535.99, 4156937.92 ], [ 281536.22, 4156937.88 ], [ 281536.28, 4156938.05 ], [ 281536.03, 4156938.1 ], [ 281536.06, 4156938.26 ], [ 281536.08, 4156938.41 ], [ 281536.1, 4156938.61 ], [ 281536.19, 4156938.62 ], [ 281536.29, 4156938.64 ], [ 281536.38, 4156938.67 ], [ 281536.47, 4156938.71 ], [ 281536.55, 4156938.76 ], [ 281536.63, 4156938.81 ], [ 281536.71, 4156938.88 ], [ 281536.78, 4156938.95 ], [ 281536.84, 4156939.02 ], [ 281536.89, 4156939.11 ], [ 281536.93, 4156939.19 ], [ 281536.97, 4156939.28 ], [ 281537.0, 4156939.38 ], [ 281537.9, 4156943.29 ], [ 281537.92, 4156943.38 ], [ 281537.93, 4156943.48 ], [ 281537.93, 4156943.58 ], [ 281537.92, 4156943.68 ], [ 281537.9, 4156943.77 ], [ 281537.87, 4156943.87 ], [ 281537.83, 4156943.96 ], [ 281537.78, 4156944.04 ], [ 281537.72, 4156944.12 ], [ 281537.66, 4156944.2 ], [ 281537.59, 4156944.26 ], [ 281537.51, 4156944.33 ], [ 281537.43, 4156944.38 ], [ 281537.34, 4156944.42 ], [ 281537.25, 4156944.46 ], [ 281537.16, 4156944.49 ], [ 281536.51, 4156944.64 ], [ 281536.85, 4156946.12 ], [ 281536.87, 4156946.21 ], [ 281536.87, 4156946.31 ], [ 281536.87, 4156946.41 ], [ 281536.86, 4156946.51 ], [ 281536.84, 4156946.6 ], [ 281536.81, 4156946.69 ], [ 281536.77, 4156946.78 ], [ 281536.72, 4156946.87 ], [ 281536.66, 4156946.95 ], [ 281536.6, 4156947.03 ], [ 281536.53, 4156947.09 ], [ 281536.45, 4156947.15 ], [ 281536.37, 4156947.21 ], [ 281536.28, 4156947.25 ], [ 281536.19, 4156947.29 ], [ 281536.1, 4156947.31 ], [ 281535.86, 4156947.37 ], [ 281536.72, 4156949.86 ], [ 281536.82, 4156949.87 ], [ 281536.92, 4156949.89 ], [ 281537.01, 4156949.92 ], [ 281537.1, 4156949.96 ], [ 281537.19, 4156950.01 ], [ 281537.27, 4156950.06 ], [ 281537.34, 4156950.12 ], [ 281537.41, 4156950.19 ], [ 281537.47, 4156950.27 ], [ 281537.53, 4156950.35 ], [ 281537.57, 4156950.44 ], [ 281537.61, 4156950.53 ], [ 281537.64, 4156950.63 ], [ 281537.91, 4156951.74 ], [ 281539.14, 4156952.79 ], [ 281539.64, 4156953.66 ], [ 281541.28, 4156963.5 ], [ 281541.33, 4156963.56 ], [ 281541.39, 4156963.63 ], [ 281541.44, 4156963.72 ], [ 281541.48, 4156963.81 ], [ 281541.52, 4156963.9 ], [ 281541.54, 4156963.99 ], [ 281542.07, 4156966.58 ], [ 281542.86, 4156966.41 ], [ 281542.95, 4156966.4 ], [ 281543.05, 4156966.39 ], [ 281543.15, 4156966.4 ], [ 281543.25, 4156966.41 ], [ 281543.35, 4156966.44 ], [ 281543.44, 4156966.47 ], [ 281543.53, 4156966.51 ], [ 281543.62, 4156966.56 ], [ 281543.7, 4156966.62 ], [ 281543.77, 4156966.69 ], [ 281543.84, 4156966.76 ], [ 281543.89, 4156966.84 ], [ 281543.94, 4156966.93 ], [ 281543.99, 4156967.02 ], [ 281544.02, 4156967.11 ], [ 281544.04, 4156967.21 ], [ 281544.96, 4156972.07 ], [ 281544.97, 4156972.17 ], [ 281544.97, 4156972.26 ], [ 281544.97, 4156972.36 ], [ 281544.95, 4156972.46 ], [ 281544.93, 4156972.55 ], [ 281544.9, 4156972.64 ], [ 281544.86, 4156972.73 ], [ 281544.81, 4156972.81 ], [ 281544.75, 4156972.89 ], [ 281544.68, 4156972.96 ], [ 281544.61, 4156973.03 ], [ 281544.53, 4156973.08 ], [ 281544.45, 4156973.13 ], [ 281544.36, 4156973.18 ], [ 281544.27, 4156973.21 ], [ 281544.18, 4156973.23 ], [ 281543.51, 4156973.37 ], [ 281543.51, 4156973.39 ], [ 281543.48, 4156973.48 ], [ 281543.45, 4156973.58 ], [ 281543.41, 4156973.67 ], [ 281543.36, 4156973.75 ], [ 281543.3, 4156973.83 ], [ 281543.24, 4156973.91 ], [ 281543.16, 4156973.97 ], [ 281543.08, 4156974.03 ], [ 281543.04, 4156974.06 ], [ 281543.28, 4156975.52 ], [ 281543.34, 4156975.5 ], [ 281543.44, 4156975.49 ], [ 281543.54, 4156975.49 ], [ 281543.64, 4156975.49 ], [ 281543.73, 4156975.51 ], [ 281543.83, 4156975.53 ], [ 281543.92, 4156975.57 ], [ 281544.01, 4156975.61 ], [ 281544.09, 4156975.66 ], [ 281544.17, 4156975.72 ], [ 281544.24, 4156975.79 ], [ 281544.31, 4156975.86 ], [ 281544.36, 4156975.94 ], [ 281544.41, 4156976.02 ], [ 281544.46, 4156976.11 ], [ 281544.49, 4156976.2 ], [ 281544.51, 4156976.3 ], [ 281544.98, 4156978.76 ], [ 281545.48, 4156978.67 ], [ 281545.57, 4156978.65 ], [ 281545.67, 4156978.65 ], [ 281545.77, 4156978.66 ], [ 281545.87, 4156978.67 ], [ 281545.96, 4156978.7 ], [ 281546.05, 4156978.73 ], [ 281546.14, 4156978.77 ], [ 281546.23, 4156978.82 ], [ 281546.3, 4156978.88 ], [ 281546.38, 4156978.95 ], [ 281546.44, 4156979.02 ], [ 281546.5, 4156979.1 ], [ 281546.55, 4156979.19 ], [ 281546.59, 4156979.27 ], [ 281546.62, 4156979.37 ], [ 281546.65, 4156979.46 ], [ 281547.4, 4156983.43 ], [ 281547.42, 4156983.53 ], [ 281547.42, 4156983.62 ], [ 281547.42, 4156983.72 ], [ 281547.4, 4156983.82 ], [ 281547.38, 4156983.92 ], [ 281547.34, 4156984.01 ], [ 281547.3, 4156984.1 ], [ 281547.25, 4156984.18 ], [ 281547.19, 4156984.26 ], [ 281547.12, 4156984.33 ], [ 281547.05, 4156984.4 ], [ 281546.97, 4156984.45 ], [ 281546.89, 4156984.5 ], [ 281546.8, 4156984.54 ], [ 281546.7, 4156984.58 ], [ 281546.61, 4156984.6 ], [ 281545.61, 4156984.79 ], [ 281546.11, 4156987.43 ], [ 281546.13, 4156987.53 ], [ 281546.13, 4156987.55 ], [ 281554.51, 4156987.1 ], [ 281530.85, 4156886.88 ], [ 281528.84, 4156887.28 ], [ 281526.58, 4156889.28 ], [ 281524.48, 4156895.58 ], [ 281524.51, 4156896.55 ], [ 281524.77, 4156896.49 ], [ 281524.87, 4156896.47 ], [ 281524.97, 4156896.46 ], [ 281525.07, 4156896.47 ], [ 281525.16, 4156896.48 ], [ 281525.26, 4156896.5 ], [ 281525.35, 4156896.53 ], [ 281525.44, 4156896.57 ], [ 281525.53, 4156896.62 ] ] ], [ [ [ 281514.36, 4156988.64 ], [ 281514.44, 4156989.68 ], [ 281514.45, 4156989.77 ], [ 281514.44, 4156989.87 ], [ 281514.43, 4156989.97 ], [ 281514.4, 4156990.06 ], [ 281514.37, 4156990.16 ], [ 281514.32, 4156990.24 ], [ 281514.27, 4156990.33 ], [ 281514.21, 4156990.41 ], [ 281514.15, 4156990.48 ], [ 281514.07, 4156990.54 ], [ 281513.99, 4156990.6 ], [ 281513.91, 4156990.65 ], [ 281513.82, 4156990.69 ], [ 281513.73, 4156990.72 ], [ 281513.63, 4156990.74 ], [ 281513.53, 4156990.76 ], [ 281510.5, 4156991.01 ], [ 281510.4, 4156991.02 ], [ 281510.3, 4156991.01 ], [ 281510.2, 4156990.99 ], [ 281510.11, 4156990.97 ], [ 281510.02, 4156990.94 ], [ 281509.93, 4156990.89 ], [ 281509.85, 4156990.84 ], [ 281509.77, 4156990.78 ], [ 281509.7, 4156990.71 ], [ 281509.63, 4156990.64 ], [ 281509.57, 4156990.56 ], [ 281509.52, 4156990.47 ], [ 281509.48, 4156990.39 ], [ 281509.45, 4156990.29 ], [ 281509.43, 4156990.2 ], [ 281509.42, 4156990.1 ], [ 281508.88, 4156983.66 ], [ 281508.88, 4156983.56 ], [ 281508.89, 4156983.47 ], [ 281508.9, 4156983.37 ], [ 281508.93, 4156983.27 ], [ 281508.96, 4156983.18 ], [ 281509.01, 4156983.09 ], [ 281509.06, 4156983.01 ], [ 281509.12, 4156982.93 ], [ 281509.19, 4156982.86 ], [ 281509.26, 4156982.8 ], [ 281509.34, 4156982.74 ], [ 281509.42, 4156982.69 ], [ 281509.51, 4156982.65 ], [ 281509.61, 4156982.62 ], [ 281509.7, 4156982.6 ], [ 281509.8, 4156982.58 ], [ 281512.84, 4156982.34 ], [ 281512.88, 4156982.33 ], [ 281500.0, 4156927.45 ], [ 281500.0, 4156994.08 ], [ 281515.43, 4156993.2 ], [ 281514.36, 4156988.64 ] ] ], [ [ [ 281533.72, 4156983.88 ], [ 281533.65, 4156983.81 ], [ 281533.59, 4156983.74 ], [ 281533.53, 4156983.66 ], [ 281533.48, 4156983.58 ], [ 281533.44, 4156983.49 ], [ 281533.41, 4156983.4 ], [ 281533.38, 4156983.3 ], [ 281532.48, 4156978.58 ], [ 281532.47, 4156978.49 ], [ 281532.46, 4156978.4 ], [ 281531.47, 4156976.8 ], [ 281531.03, 4156976.57 ], [ 281529.76, 4156976.83 ], [ 281529.66, 4156976.85 ], [ 281529.56, 4156976.85 ], [ 281529.47, 4156976.85 ], [ 281529.37, 4156976.84 ], [ 281529.27, 4156976.81 ], [ 281529.18, 4156976.78 ], [ 281529.09, 4156976.74 ], [ 281529.01, 4156976.69 ], [ 281528.93, 4156976.63 ], [ 281528.86, 4156976.57 ], [ 281528.79, 4156976.49 ], [ 281528.73, 4156976.42 ], [ 281528.68, 4156976.33 ], [ 281528.64, 4156976.24 ], [ 281528.6, 4156976.15 ], [ 281528.58, 4156976.06 ], [ 281528.28, 4156974.64 ], [ 281527.44, 4156973.28 ], [ 281527.32, 4156973.3 ], [ 281527.22, 4156973.32 ], [ 281527.13, 4156973.32 ], [ 281527.03, 4156973.32 ], [ 281526.93, 4156973.3 ], [ 281526.83, 4156973.28 ], [ 281526.74, 4156973.25 ], [ 281526.65, 4156973.2 ], [ 281526.57, 4156973.15 ], [ 281526.49, 4156973.1 ], [ 281526.42, 4156973.03 ], [ 281526.35, 4156972.96 ], [ 281526.29, 4156972.88 ], [ 281526.24, 4156972.8 ], [ 281526.2, 4156972.71 ], [ 281526.17, 4156972.62 ], [ 281526.14, 4156972.52 ], [ 281525.52, 4156969.51 ], [ 281525.51, 4156969.41 ], [ 281525.5, 4156969.31 ], [ 281525.51, 4156969.21 ], [ 281525.52, 4156969.12 ], [ 281525.54, 4156969.02 ], [ 281525.58, 4156968.93 ], [ 281525.62, 4156968.84 ], [ 281525.67, 4156968.76 ], [ 281525.73, 4156968.68 ], [ 281525.79, 4156968.6 ], [ 281525.86, 4156968.54 ], [ 281525.94, 4156968.48 ], [ 281526.03, 4156968.43 ], [ 281526.11, 4156968.38 ], [ 281526.21, 4156968.35 ], [ 281526.3, 4156968.33 ], [ 281527.12, 4156968.16 ], [ 281526.88, 4156966.98 ], [ 281526.86, 4156966.88 ], [ 281526.86, 4156966.79 ], [ 281526.86, 4156966.69 ], [ 281526.88, 4156966.59 ], [ 281526.9, 4156966.5 ], [ 281526.93, 4156966.4 ], [ 281526.98, 4156966.31 ], [ 281527.03, 4156966.23 ], [ 281527.08, 4156966.16 ], [ 281526.32, 4156963.54 ], [ 281523.43, 4156964.24 ], [ 281523.33, 4156964.25 ], [ 281523.23, 4156964.26 ], [ 281523.14, 4156964.26 ], [ 281523.04, 4156964.25 ], [ 281522.94, 4156964.23 ], [ 281522.85, 4156964.2 ], [ 281522.76, 4156964.16 ], [ 281522.67, 4156964.12 ], [ 281522.59, 4156964.06 ], [ 281522.52, 4156964.0 ], [ 281522.45, 4156963.93 ], [ 281522.39, 4156963.85 ], [ 281522.33, 4156963.77 ], [ 281522.29, 4156963.68 ], [ 281522.25, 4156963.59 ], [ 281522.22, 4156963.5 ], [ 281521.47, 4156960.36 ], [ 281521.45, 4156960.27 ], [ 281521.44, 4156960.17 ], [ 281521.44, 4156960.07 ], [ 281521.45, 4156959.97 ], [ 281521.47, 4156959.88 ], [ 281521.5, 4156959.78 ], [ 281521.54, 4156959.69 ], [ 281521.59, 4156959.61 ], [ 281521.64, 4156959.53 ], [ 281521.71, 4156959.45 ], [ 281521.78, 4156959.38 ], [ 281521.85, 4156959.32 ], [ 281521.94, 4156959.27 ], [ 281522.02, 4156959.22 ], [ 281522.11, 4156959.18 ], [ 281522.21, 4156959.16 ], [ 281522.42, 4156959.11 ], [ 281522.23, 4156958.23 ], [ 281522.9, 4156955.54 ], [ 281522.88, 4156955.44 ], [ 281519.28, 4156951.84 ], [ 281519.22, 4156951.85 ], [ 281519.54, 4156953.55 ], [ 281519.55, 4156953.65 ], [ 281519.56, 4156953.74 ], [ 281519.55, 4156953.84 ], [ 281519.54, 4156953.94 ], [ 281519.51, 4156954.03 ], [ 281519.48, 4156954.13 ], [ 281519.44, 4156954.21 ], [ 281519.38, 4156954.3 ], [ 281519.32, 4156954.38 ], [ 281519.26, 4156954.45 ], [ 281519.18, 4156954.51 ], [ 281519.11, 4156954.57 ], [ 281519.02, 4156954.62 ], [ 281518.93, 4156954.66 ], [ 281518.84, 4156954.69 ], [ 281518.74, 4156954.72 ], [ 281513.04, 4156955.79 ], [ 281512.94, 4156955.8 ], [ 281512.92, 4156955.8 ], [ 281518.93, 4156981.42 ], [ 281522.79, 4156980.44 ], [ 281522.89, 4156980.42 ], [ 281522.98, 4156980.41 ], [ 281523.08, 4156980.41 ], [ 281523.18, 4156980.42 ], [ 281523.28, 4156980.43 ], [ 281523.37, 4156980.46 ], [ 281523.46, 4156980.5 ], [ 281523.55, 4156980.54 ], [ 281523.63, 4156980.6 ], [ 281523.71, 4156980.66 ], [ 281523.78, 4156980.73 ], [ 281523.84, 4156980.81 ], [ 281523.89, 4156980.89 ], [ 281523.94, 4156980.97 ], [ 281523.98, 4156981.06 ], [ 281524.01, 4156981.16 ], [ 281524.76, 4156984.1 ], [ 281524.78, 4156984.2 ], [ 281524.79, 4156984.3 ], [ 281524.79, 4156984.39 ], [ 281524.78, 4156984.49 ], [ 281524.76, 4156984.59 ], [ 281524.74, 4156984.68 ], [ 281524.7, 4156984.77 ], [ 281524.65, 4156984.86 ], [ 281524.6, 4156984.94 ], [ 281524.54, 4156985.02 ], [ 281524.47, 4156985.09 ], [ 281524.39, 4156985.15 ], [ 281524.31, 4156985.21 ], [ 281524.22, 4156985.25 ], [ 281524.13, 4156985.29 ], [ 281524.13, 4156985.77 ], [ 281523.37, 4156987.01 ], [ 281520.57, 4156988.41 ], [ 281521.61, 4156992.85 ], [ 281555.4, 4156990.91 ], [ 281555.34, 4156990.66 ], [ 281546.32, 4156991.15 ], [ 281546.14, 4156991.15 ], [ 281545.97, 4156991.13 ], [ 281545.79, 4156991.1 ], [ 281545.62, 4156991.05 ], [ 281545.46, 4156990.98 ], [ 281545.3, 4156990.9 ], [ 281545.16, 4156990.8 ], [ 281545.02, 4156990.69 ], [ 281544.89, 4156990.57 ], [ 281544.78, 4156990.43 ], [ 281544.68, 4156990.29 ], [ 281544.6, 4156990.13 ], [ 281544.53, 4156989.97 ], [ 281544.48, 4156989.8 ], [ 281544.44, 4156989.63 ], [ 281544.42, 4156989.45 ], [ 281544.42, 4156989.27 ], [ 281544.44, 4156989.1 ], [ 281544.47, 4156988.93 ], [ 281544.52, 4156988.76 ], [ 281544.52, 4156988.75 ], [ 281538.47, 4156989.9 ], [ 281538.37, 4156989.91 ], [ 281538.28, 4156989.92 ], [ 281538.18, 4156989.91 ], [ 281538.08, 4156989.9 ], [ 281537.99, 4156989.87 ], [ 281537.89, 4156989.84 ], [ 281537.81, 4156989.8 ], [ 281537.72, 4156989.74 ], [ 281537.64, 4156989.69 ], [ 281537.57, 4156989.62 ], [ 281537.51, 4156989.55 ], [ 281537.45, 4156989.47 ], [ 281537.4, 4156989.38 ], [ 281537.36, 4156989.29 ], [ 281537.33, 4156989.2 ], [ 281537.3, 4156989.11 ], [ 281536.41, 4156984.45 ], [ 281535.89, 4156984.32 ], [ 281535.33, 4156983.95 ], [ 281534.55, 4156984.1 ], [ 281534.45, 4156984.11 ], [ 281534.36, 4156984.11 ], [ 281534.26, 4156984.11 ], [ 281534.16, 4156984.09 ], [ 281534.07, 4156984.07 ], [ 281533.97, 4156984.03 ], [ 281533.89, 4156983.99 ], [ 281533.8, 4156983.94 ], [ 281533.72, 4156983.88 ] ] ], [ [ [ 281574.66, 4156998.43 ], [ 281575.02, 4157000.0 ], [ 281607.94, 4157000.0 ], [ 281607.15, 4156996.58 ], [ 281574.66, 4156998.43 ] ] ], [ [ [ 281547.1, 4157000.0 ], [ 281557.53, 4157000.0 ], [ 281557.39, 4156999.41 ], [ 281547.1, 4157000.0 ] ] ], [ [ [ 281639.45, 4156767.18 ], [ 281639.45, 4156767.28 ], [ 281639.45, 4156767.37 ], [ 281639.44, 4156767.47 ], [ 281639.41, 4156767.57 ], [ 281639.38, 4156767.66 ], [ 281639.34, 4156767.75 ], [ 281639.29, 4156767.83 ], [ 281639.23, 4156767.91 ], [ 281639.17, 4156767.99 ], [ 281639.1, 4156768.05 ], [ 281639.02, 4156768.11 ], [ 281638.93, 4156768.16 ], [ 281638.84, 4156768.21 ], [ 281638.75, 4156768.24 ], [ 281638.66, 4156768.27 ], [ 281638.13, 4156768.38 ], [ 281638.13, 4156772.78 ], [ 281641.86, 4156775.69 ], [ 281647.86, 4156774.19 ], [ 281650.13, 4156771.28 ], [ 281650.13, 4156765.22 ], [ 281650.32, 4156764.77 ], [ 281647.59, 4156752.78 ], [ 281639.82, 4156753.34 ], [ 281638.03, 4156753.64 ], [ 281636.87, 4156756.64 ], [ 281636.93, 4156756.68 ], [ 281637.01, 4156756.73 ], [ 281637.08, 4156756.8 ], [ 281637.15, 4156756.87 ], [ 281637.21, 4156756.95 ], [ 281637.26, 4156757.03 ], [ 281637.3, 4156757.12 ], [ 281637.34, 4156757.21 ], [ 281637.36, 4156757.31 ], [ 281639.43, 4156767.08 ], [ 281639.45, 4156767.18 ] ] ], [ [ [ 281665.16, 4156791.68 ], [ 281665.24, 4156791.73 ], [ 281665.28, 4156791.76 ], [ 281668.6, 4156790.36 ], [ 281670.5, 4156773.27 ], [ 281668.17, 4156770.01 ], [ 281664.68, 4156771.99 ], [ 281660.84, 4156783.49 ], [ 281662.73, 4156791.78 ], [ 281663.18, 4156791.93 ], [ 281663.21, 4156791.96 ], [ 281664.31, 4156791.58 ], [ 281664.41, 4156791.55 ], [ 281664.51, 4156791.54 ], [ 281664.6, 4156791.53 ], [ 281664.7, 4156791.53 ], [ 281664.8, 4156791.54 ], [ 281664.89, 4156791.56 ], [ 281664.99, 4156791.59 ], [ 281665.08, 4156791.63 ], [ 281665.16, 4156791.68 ] ] ], [ [ [ 281630.28, 4156807.57 ], [ 281630.19, 4156807.53 ], [ 281630.1, 4156807.48 ], [ 281630.02, 4156807.42 ], [ 281629.95, 4156807.36 ], [ 281629.88, 4156807.28 ], [ 281629.82, 4156807.21 ], [ 281629.77, 4156807.12 ], [ 281629.73, 4156807.04 ], [ 281629.69, 4156806.94 ], [ 281629.67, 4156806.85 ], [ 281628.92, 4156803.41 ], [ 281627.22, 4156801.71 ], [ 281626.9, 4156801.23 ], [ 281626.24, 4156799.66 ], [ 281626.13, 4156799.09 ], [ 281626.13, 4156773.63 ], [ 281624.53, 4156771.23 ], [ 281622.47, 4156771.67 ], [ 281622.37, 4156771.68 ], [ 281622.27, 4156771.69 ], [ 281622.17, 4156771.69 ], [ 281622.08, 4156771.67 ], [ 281621.98, 4156771.65 ], [ 281621.89, 4156771.62 ], [ 281621.8, 4156771.58 ], [ 281621.71, 4156771.53 ], [ 281621.64, 4156771.47 ], [ 281621.56, 4156771.4 ], [ 281621.5, 4156771.33 ], [ 281621.44, 4156771.25 ], [ 281621.38, 4156771.17 ], [ 281621.34, 4156771.08 ], [ 281621.31, 4156770.99 ], [ 281621.28, 4156770.9 ], [ 281620.71, 4156768.21 ], [ 281620.55, 4156768.05 ], [ 281619.9, 4156766.48 ], [ 281616.55, 4156764.68 ], [ 281614.13, 4156767.63 ], [ 281614.13, 4156770.03 ], [ 281614.08, 4156770.15 ], [ 281624.44, 4156814.1 ], [ 281625.72, 4156812.98 ], [ 281626.68, 4156812.63 ], [ 281627.28, 4156812.63 ], [ 281629.96, 4156810.97 ], [ 281631.16, 4156808.56 ], [ 281631.01, 4156807.58 ], [ 281630.85, 4156807.61 ], [ 281630.76, 4156807.63 ], [ 281630.66, 4156807.64 ], [ 281630.56, 4156807.63 ], [ 281630.46, 4156807.62 ], [ 281630.37, 4156807.6 ], [ 281630.28, 4156807.57 ] ] ], [ [ [ 281656.65, 4156792.81 ], [ 281656.53, 4156791.99 ], [ 281655.48, 4156787.41 ], [ 281651.89, 4156786.21 ], [ 281648.82, 4156786.94 ], [ 281645.01, 4156790.75 ], [ 281644.13, 4156792.87 ], [ 281644.13, 4156799.46 ], [ 281648.08, 4156802.31 ], [ 281651.71, 4156801.1 ], [ 281653.61, 4156799.2 ], [ 281655.3, 4156794.12 ], [ 281655.83, 4156793.4 ], [ 281656.65, 4156792.81 ] ] ], [ [ [ 281692.02, 4156750.92 ], [ 281692.0, 4156750.87 ], [ 281690.32, 4156750.95 ], [ 281714.31, 4156856.95 ], [ 281715.5, 4156856.88 ], [ 281692.02, 4156750.92 ] ] ], [ [ [ 281683.56, 4156762.97 ], [ 281683.5, 4156763.05 ], [ 281683.44, 4156763.12 ], [ 281683.37, 4156763.19 ], [ 281683.29, 4156763.25 ], [ 281683.21, 4156763.31 ], [ 281683.13, 4156763.34 ], [ 281683.13, 4156766.62 ], [ 281683.13, 4156766.63 ], [ 281683.17, 4156766.72 ], [ 281683.2, 4156766.81 ], [ 281685.34, 4156776.1 ], [ 281685.36, 4156776.2 ], [ 281685.37, 4156776.3 ], [ 281685.36, 4156776.4 ], [ 281685.35, 4156776.5 ], [ 281685.33, 4156776.59 ], [ 281685.3, 4156776.68 ], [ 281685.26, 4156776.77 ], [ 281685.21, 4156776.86 ], [ 281685.16, 4156776.94 ], [ 281685.09, 4156777.02 ], [ 281685.02, 4156777.08 ], [ 281684.95, 4156777.14 ], [ 281684.86, 4156777.2 ], [ 281684.82, 4156777.22 ], [ 281685.29, 4156779.87 ], [ 281685.32, 4156779.88 ], [ 281685.4, 4156779.92 ], [ 281685.49, 4156779.97 ], [ 281685.57, 4156780.02 ], [ 281685.64, 4156780.09 ], [ 281685.71, 4156780.16 ], [ 281685.77, 4156780.24 ], [ 281685.82, 4156780.32 ], [ 281685.87, 4156780.41 ], [ 281685.9, 4156780.5 ], [ 281685.93, 4156780.59 ], [ 281687.22, 4156786.4 ], [ 281687.24, 4156786.5 ], [ 281687.25, 4156786.6 ], [ 281687.24, 4156786.69 ], [ 281687.23, 4156786.79 ], [ 281687.21, 4156786.89 ], [ 281687.18, 4156786.98 ], [ 281687.14, 4156787.07 ], [ 281687.09, 4156787.16 ], [ 281687.03, 4156787.24 ], [ 281686.97, 4156787.31 ], [ 281686.9, 4156787.38 ], [ 281686.82, 4156787.44 ], [ 281686.74, 4156787.49 ], [ 281686.65, 4156787.53 ], [ 281686.64, 4156787.54 ], [ 281687.67, 4156793.33 ], [ 281687.74, 4156793.32 ], [ 281687.84, 4156793.32 ], [ 281687.94, 4156793.33 ], [ 281688.03, 4156793.35 ], [ 281688.13, 4156793.38 ], [ 281688.22, 4156793.42 ], [ 281688.3, 4156793.46 ], [ 281688.38, 4156793.52 ], [ 281688.46, 4156793.58 ], [ 281688.53, 4156793.65 ], [ 281688.59, 4156793.73 ], [ 281688.64, 4156793.81 ], [ 281688.69, 4156793.89 ], [ 281688.73, 4156793.99 ], [ 281688.76, 4156794.08 ], [ 281690.8, 4156802.41 ], [ 281690.82, 4156802.51 ], [ 281690.83, 4156802.6 ], [ 281690.83, 4156802.7 ], [ 281690.82, 4156802.8 ], [ 281690.8, 4156802.9 ], [ 281690.77, 4156802.99 ], [ 281690.74, 4156803.08 ], [ 281690.69, 4156803.17 ], [ 281690.63, 4156803.25 ], [ 281690.57, 4156803.32 ], [ 281690.5, 4156803.39 ], [ 281690.43, 4156803.45 ], [ 281690.34, 4156803.51 ], [ 281690.26, 4156803.55 ], [ 281690.17, 4156803.59 ], [ 281690.07, 4156803.62 ], [ 281689.51, 4156803.76 ], [ 281689.64, 4156804.49 ], [ 281690.26, 4156804.35 ], [ 281690.36, 4156804.34 ], [ 281690.46, 4156804.33 ], [ 281690.56, 4156804.33 ], [ 281690.65, 4156804.35 ], [ 281690.75, 4156804.37 ], [ 281690.84, 4156804.4 ], [ 281690.93, 4156804.44 ], [ 281691.02, 4156804.49 ], [ 281691.1, 4156804.54 ], [ 281691.17, 4156804.61 ], [ 281691.24, 4156804.68 ], [ 281691.3, 4156804.76 ], [ 281691.35, 4156804.84 ], [ 281691.39, 4156804.93 ], [ 281691.43, 4156805.02 ], [ 281691.46, 4156805.11 ], [ 281693.88, 4156816.08 ], [ 281693.89, 4156816.18 ], [ 281693.9, 4156816.28 ], [ 281693.9, 4156816.37 ], [ 281693.88, 4156816.47 ], [ 281693.86, 4156816.57 ], [ 281693.83, 4156816.66 ], [ 281693.79, 4156816.75 ], [ 281693.74, 4156816.84 ], [ 281693.68, 4156816.92 ], [ 281693.61, 4156816.99 ], [ 281693.54, 4156817.06 ], [ 281693.46, 4156817.12 ], [ 281693.37, 4156817.17 ], [ 281693.28, 4156817.22 ], [ 281693.19, 4156817.25 ], [ 281693.1, 4156817.27 ], [ 281690.35, 4156817.82 ], [ 281691.11, 4156820.7 ], [ 281694.21, 4156820.01 ], [ 281694.3, 4156819.99 ], [ 281694.4, 4156819.98 ], [ 281694.49, 4156819.99 ], [ 281694.59, 4156820.0 ], [ 281694.68, 4156820.02 ], [ 281694.78, 4156820.05 ], [ 281694.86, 4156820.08 ], [ 281694.95, 4156820.13 ], [ 281695.03, 4156820.18 ], [ 281695.1, 4156820.24 ], [ 281695.17, 4156820.31 ], [ 281695.23, 4156820.39 ], [ 281695.28, 4156820.47 ], [ 281695.33, 4156820.55 ], [ 281695.37, 4156820.64 ], [ 281695.4, 4156820.73 ], [ 281695.41, 4156820.82 ], [ 281696.88, 4156829.85 ], [ 281696.89, 4156829.95 ], [ 281696.89, 4156830.05 ], [ 281696.88, 4156830.15 ], [ 281696.87, 4156830.25 ], [ 281696.84, 4156830.34 ], [ 281696.8, 4156830.43 ], [ 281696.75, 4156830.52 ], [ 281696.69, 4156830.61 ], [ 281696.63, 4156830.68 ], [ 281696.56, 4156830.75 ], [ 281696.48, 4156830.82 ], [ 281696.4, 4156830.87 ], [ 281696.31, 4156830.92 ], [ 281696.21, 4156830.95 ], [ 281696.12, 4156830.98 ], [ 281694.24, 4156831.41 ], [ 281695.97, 4156833.63 ], [ 281697.53, 4156833.63 ], [ 281698.15, 4156833.49 ], [ 281698.25, 4156833.48 ], [ 281698.34, 4156833.47 ], [ 281698.44, 4156833.48 ], [ 281698.54, 4156833.49 ], [ 281698.63, 4156833.51 ], [ 281698.73, 4156833.54 ], [ 281698.82, 4156833.59 ], [ 281698.9, 4156833.63 ], [ 281698.98, 4156833.69 ], [ 281699.05, 4156833.76 ], [ 281699.12, 4156833.83 ], [ 281699.18, 4156833.91 ], [ 281699.23, 4156833.99 ], [ 281699.27, 4156834.08 ], [ 281699.31, 4156834.17 ], [ 281699.33, 4156834.26 ], [ 281699.36, 4156834.4 ], [ 281701.05, 4156835.89 ], [ 281701.53, 4156836.8 ], [ 281703.11, 4156849.46 ], [ 281703.26, 4156849.43 ], [ 281703.36, 4156849.41 ], [ 281703.46, 4156849.41 ], [ 281703.56, 4156849.41 ], [ 281703.65, 4156849.43 ], [ 281703.75, 4156849.45 ], [ 281703.84, 4156849.48 ], [ 281703.93, 4156849.52 ], [ 281704.01, 4156849.57 ], [ 281704.09, 4156849.63 ], [ 281704.17, 4156849.7 ], [ 281704.23, 4156849.77 ], [ 281704.29, 4156849.85 ], [ 281704.34, 4156849.93 ], [ 281704.38, 4156850.02 ], [ 281704.42, 4156850.12 ], [ 281704.44, 4156850.21 ], [ 281704.88, 4156852.41 ], [ 281704.89, 4156852.51 ], [ 281704.9, 4156852.6 ], [ 281704.89, 4156852.7 ], [ 281704.88, 4156852.8 ], [ 281704.86, 4156852.89 ], [ 281704.82, 4156852.99 ], [ 281704.78, 4156853.08 ], [ 281704.73, 4156853.16 ], [ 281704.67, 4156853.24 ], [ 281704.61, 4156853.31 ], [ 281704.54, 4156853.38 ], [ 281704.46, 4156853.44 ], [ 281704.37, 4156853.49 ], [ 281704.28, 4156853.53 ], [ 281704.19, 4156853.56 ], [ 281704.1, 4156853.59 ], [ 281703.94, 4156853.62 ], [ 281704.42, 4156855.97 ], [ 281704.44, 4156856.07 ], [ 281704.44, 4156856.17 ], [ 281704.44, 4156856.26 ], [ 281704.43, 4156856.36 ], [ 281704.4, 4156856.46 ], [ 281704.37, 4156856.55 ], [ 281704.33, 4156856.64 ], [ 281704.28, 4156856.72 ], [ 281704.22, 4156856.8 ], [ 281704.15, 4156856.88 ], [ 281704.08, 4156856.94 ], [ 281704.0, 4156857.0 ], [ 281703.92, 4156857.05 ], [ 281703.83, 4156857.09 ], [ 281703.74, 4156857.13 ], [ 281703.64, 4156857.15 ], [ 281696.63, 4156858.56 ], [ 281696.53, 4156858.57 ], [ 281696.44, 4156858.58 ], [ 281696.34, 4156858.57 ], [ 281696.24, 4156858.56 ], [ 281696.15, 4156858.53 ], [ 281696.05, 4156858.5 ], [ 281695.97, 4156858.46 ], [ 281695.88, 4156858.41 ], [ 281695.8, 4156858.35 ], [ 281695.73, 4156858.29 ], [ 281695.66, 4156858.22 ], [ 281695.61, 4156858.14 ], [ 281695.55, 4156858.05 ], [ 281695.51, 4156857.97 ], [ 281695.48, 4156857.87 ], [ 281695.45, 4156857.78 ], [ 281695.4, 4156857.53 ], [ 281694.54, 4156857.7 ], [ 281694.44, 4156857.72 ], [ 281694.34, 4156857.72 ], [ 281694.25, 4156857.72 ], [ 281694.15, 4156857.7 ], [ 281694.05, 4156857.68 ], [ 281693.96, 4156857.65 ], [ 281693.87, 4156857.6 ], [ 281693.79, 4156857.55 ], [ 281693.71, 4156857.5 ], [ 281693.64, 4156857.43 ], [ 281693.57, 4156857.36 ], [ 281693.51, 4156857.28 ], [ 281693.46, 4156857.2 ], [ 281693.42, 4156857.11 ], [ 281693.39, 4156857.01 ], [ 281693.36, 4156856.92 ], [ 281693.09, 4156855.59 ], [ 281692.55, 4156855.05 ], [ 281692.13, 4156854.03 ], [ 281692.13, 4156850.84 ], [ 281691.82, 4156849.29 ], [ 281691.8, 4156849.19 ], [ 281691.8, 4156849.09 ], [ 281691.8, 4156849.06 ], [ 281691.25, 4156847.75 ], [ 281689.63, 4156846.13 ], [ 281689.59, 4156846.13 ], [ 281689.49, 4156846.13 ], [ 281689.4, 4156846.11 ], [ 281689.3, 4156846.09 ], [ 281689.21, 4156846.06 ], [ 281689.12, 4156846.02 ], [ 281689.03, 4156845.97 ], [ 281688.96, 4156845.91 ], [ 281688.88, 4156845.85 ], [ 281688.81, 4156845.77 ], [ 281688.76, 4156845.7 ], [ 281688.7, 4156845.61 ], [ 281688.66, 4156845.53 ], [ 281688.63, 4156845.43 ], [ 281688.6, 4156845.34 ], [ 281688.54, 4156845.03 ], [ 281687.74, 4156844.23 ], [ 281687.35, 4156843.53 ], [ 281686.81, 4156841.27 ], [ 281686.85, 4156840.47 ], [ 281687.82, 4156837.57 ], [ 281686.43, 4156834.0 ], [ 281684.58, 4156832.96 ], [ 281682.71, 4156829.95 ], [ 281682.65, 4156828.59 ], [ 281684.48, 4156824.93 ], [ 281682.67, 4156820.71 ], [ 281681.01, 4156820.21 ], [ 281680.58, 4156819.78 ], [ 281678.19, 4156820.26 ], [ 281678.1, 4156820.28 ], [ 281678.0, 4156820.28 ], [ 281677.9, 4156820.28 ], [ 281677.81, 4156820.27 ], [ 281677.71, 4156820.24 ], [ 281677.62, 4156820.21 ], [ 281677.53, 4156820.17 ], [ 281677.45, 4156820.12 ], [ 281677.37, 4156820.06 ], [ 281677.3, 4156820.0 ], [ 281677.23, 4156819.93 ], [ 281677.17, 4156819.85 ], [ 281677.12, 4156819.77 ], [ 281677.08, 4156819.68 ], [ 281677.05, 4156819.59 ], [ 281677.02, 4156819.5 ], [ 281676.4, 4156816.67 ], [ 281676.38, 4156816.58 ], [ 281676.37, 4156816.48 ], [ 281676.38, 4156816.38 ], [ 281676.39, 4156816.28 ], [ 281676.41, 4156816.19 ], [ 281676.44, 4156816.09 ], [ 281676.48, 4156816.0 ], [ 281676.53, 4156815.92 ], [ 281676.59, 4156815.84 ], [ 281676.65, 4156815.76 ], [ 281676.72, 4156815.7 ], [ 281676.8, 4156815.64 ], [ 281676.88, 4156815.58 ], [ 281676.97, 4156815.54 ], [ 281677.06, 4156815.51 ], [ 281677.16, 4156815.48 ], [ 281676.99, 4156814.75 ], [ 281676.98, 4156814.65 ], [ 281676.97, 4156814.55 ], [ 281676.97, 4156814.45 ], [ 281676.98, 4156814.36 ], [ 281677.01, 4156814.26 ], [ 281677.04, 4156814.17 ], [ 281677.08, 4156814.08 ], [ 281677.13, 4156813.99 ], [ 281677.18, 4156813.91 ], [ 281677.25, 4156813.84 ], [ 281677.32, 4156813.77 ], [ 281677.4, 4156813.71 ], [ 281677.48, 4156813.66 ], [ 281677.57, 4156813.61 ], [ 281677.66, 4156813.58 ], [ 281677.76, 4156813.55 ], [ 281677.78, 4156813.55 ], [ 281677.16, 4156810.78 ], [ 281677.15, 4156810.68 ], [ 281677.14, 4156810.58 ], [ 281677.14, 4156810.49 ], [ 281677.15, 4156810.39 ], [ 281677.18, 4156810.29 ], [ 281677.21, 4156810.2 ], [ 281677.25, 4156810.11 ], [ 281677.3, 4156810.02 ], [ 281677.35, 4156809.94 ], [ 281677.42, 4156809.87 ], [ 281677.49, 4156809.8 ], [ 281677.57, 4156809.74 ], [ 281677.65, 4156809.69 ], [ 281677.74, 4156809.65 ], [ 281677.83, 4156809.61 ], [ 281677.93, 4156809.59 ], [ 281679.61, 4156809.22 ], [ 281680.0, 4156807.29 ], [ 281679.97, 4156805.97 ], [ 281679.93, 4156805.82 ], [ 281679.91, 4156805.81 ], [ 281679.82, 4156805.75 ], [ 281679.75, 4156805.69 ], [ 281679.68, 4156805.62 ], [ 281679.62, 4156805.54 ], [ 281679.56, 4156805.46 ], [ 281679.52, 4156805.38 ], [ 281679.48, 4156805.28 ], [ 281679.45, 4156805.19 ], [ 281678.17, 4156799.99 ], [ 281678.15, 4156799.9 ], [ 281678.14, 4156799.8 ], [ 281678.14, 4156799.7 ], [ 281678.15, 4156799.6 ], [ 281678.17, 4156799.51 ], [ 281678.2, 4156799.41 ], [ 281678.24, 4156799.32 ], [ 281678.28, 4156799.23 ], [ 281677.7, 4156796.9 ], [ 281674.79, 4156794.63 ], [ 281672.12, 4156794.63 ], [ 281670.73, 4156794.0 ], [ 281666.59, 4156797.47 ], [ 281667.03, 4156799.23 ], [ 281666.77, 4156800.44 ], [ 281665.18, 4156802.49 ], [ 281667.01, 4156810.54 ], [ 281671.64, 4156809.39 ], [ 281671.74, 4156809.37 ], [ 281671.83, 4156809.36 ], [ 281671.93, 4156809.36 ], [ 281672.03, 4156809.37 ], [ 281672.13, 4156809.39 ], [ 281672.22, 4156809.42 ], [ 281672.31, 4156809.46 ], [ 281672.4, 4156809.5 ], [ 281672.48, 4156809.56 ], [ 281672.55, 4156809.62 ], [ 281672.62, 4156809.69 ], [ 281672.68, 4156809.77 ], [ 281672.74, 4156809.85 ], [ 281672.78, 4156809.93 ], [ 281672.82, 4156810.02 ], [ 281672.85, 4156810.12 ], [ 281674.61, 4156817.12 ], [ 281674.63, 4156817.22 ], [ 281674.64, 4156817.32 ], [ 281674.64, 4156817.42 ], [ 281674.63, 4156817.51 ], [ 281674.61, 4156817.61 ], [ 281674.58, 4156817.7 ], [ 281674.54, 4156817.79 ], [ 281674.5, 4156817.88 ], [ 281674.44, 4156817.96 ], [ 281674.38, 4156818.04 ], [ 281674.31, 4156818.11 ], [ 281674.23, 4156818.17 ], [ 281674.15, 4156818.23 ], [ 281674.06, 4156818.27 ], [ 281673.97, 4156818.31 ], [ 281673.88, 4156818.34 ], [ 281669.06, 4156819.53 ], [ 281678.79, 4156862.23 ], [ 281711.55, 4156860.84 ], [ 281711.15, 4156859.29 ], [ 281711.14, 4156859.27 ], [ 281711.13, 4156859.24 ], [ 281686.85, 4156751.91 ], [ 281686.55, 4156752.2 ], [ 281684.98, 4156752.85 ], [ 281683.13, 4156755.63 ], [ 281683.13, 4156759.78 ], [ 281683.69, 4156762.21 ], [ 281683.7, 4156762.31 ], [ 281683.71, 4156762.41 ], [ 281683.71, 4156762.51 ], [ 281683.7, 4156762.61 ], [ 281683.67, 4156762.7 ], [ 281683.64, 4156762.79 ], [ 281683.6, 4156762.88 ], [ 281683.56, 4156762.97 ] ] ], [ [ [ 281635.02, 4156824.31 ], [ 281634.93, 4156824.31 ], [ 281634.83, 4156824.31 ], [ 281634.73, 4156824.3 ], [ 281634.63, 4156824.28 ], [ 281634.54, 4156824.25 ], [ 281634.45, 4156824.22 ], [ 281634.36, 4156824.17 ], [ 281634.28, 4156824.11 ], [ 281634.21, 4156824.05 ], [ 281634.14, 4156823.98 ], [ 281634.08, 4156823.91 ], [ 281634.02, 4156823.82 ], [ 281633.98, 4156823.74 ], [ 281633.94, 4156823.65 ], [ 281633.91, 4156823.55 ], [ 281633.84, 4156823.25 ], [ 281626.83, 4156819.05 ], [ 281626.09, 4156818.73 ], [ 281625.85, 4156818.66 ], [ 281625.44, 4156818.36 ], [ 281635.63, 4156861.56 ], [ 281635.63, 4156861.57 ], [ 281636.24, 4156864.18 ], [ 281638.87, 4156864.02 ], [ 281638.94, 4156864.02 ], [ 281672.6, 4156862.5 ], [ 281668.13, 4156842.9 ], [ 281668.13, 4156848.03 ], [ 281667.71, 4156849.05 ], [ 281667.23, 4156849.52 ], [ 281667.23, 4156849.56 ], [ 281667.21, 4156849.65 ], [ 281667.19, 4156849.75 ], [ 281667.15, 4156849.84 ], [ 281667.1, 4156849.92 ], [ 281667.05, 4156850.0 ], [ 281666.99, 4156850.08 ], [ 281666.92, 4156850.15 ], [ 281666.85, 4156850.21 ], [ 281666.77, 4156850.27 ], [ 281666.68, 4156850.32 ], [ 281666.59, 4156850.36 ], [ 281666.5, 4156850.39 ], [ 281666.41, 4156850.41 ], [ 281666.34, 4156850.41 ], [ 281665.55, 4156851.2 ], [ 281664.53, 4156851.63 ], [ 281662.13, 4156851.63 ], [ 281659.13, 4156854.63 ], [ 281659.13, 4156856.42 ], [ 281658.63, 4156857.51 ], [ 281656.14, 4156859.62 ], [ 281654.99, 4156859.93 ], [ 281644.16, 4156858.13 ], [ 281644.13, 4156858.11 ], [ 281643.56, 4156858.13 ], [ 281643.47, 4156858.13 ], [ 281643.37, 4156858.12 ], [ 281643.27, 4156858.1 ], [ 281643.18, 4156858.07 ], [ 281643.09, 4156858.04 ], [ 281643.0, 4156857.99 ], [ 281642.92, 4156857.94 ], [ 281642.84, 4156857.87 ], [ 281642.78, 4156857.8 ], [ 281642.71, 4156857.73 ], [ 281642.66, 4156857.64 ], [ 281642.61, 4156857.56 ], [ 281642.58, 4156857.47 ], [ 281642.55, 4156857.37 ], [ 281642.53, 4156857.28 ], [ 281642.52, 4156857.18 ], [ 281642.5, 4156856.7 ], [ 281641.48, 4156855.49 ], [ 281641.13, 4156854.55 ], [ 281641.13, 4156852.01 ], [ 281640.97, 4156848.17 ], [ 281640.97, 4156848.07 ], [ 281640.98, 4156847.97 ], [ 281641.0, 4156847.88 ], [ 281641.03, 4156847.78 ], [ 281641.07, 4156847.69 ], [ 281641.11, 4156847.6 ], [ 281641.13, 4156847.58 ], [ 281641.13, 4156846.83 ], [ 281641.64, 4156845.74 ], [ 281641.85, 4156845.56 ], [ 281641.79, 4156844.15 ], [ 281641.79, 4156844.05 ], [ 281641.8, 4156843.95 ], [ 281641.82, 4156843.86 ], [ 281641.85, 4156843.76 ], [ 281641.89, 4156843.67 ], [ 281641.93, 4156843.59 ], [ 281641.99, 4156843.51 ], [ 281642.05, 4156843.43 ], [ 281642.12, 4156843.36 ], [ 281642.2, 4156843.3 ], [ 281642.28, 4156843.25 ], [ 281642.37, 4156843.2 ], [ 281642.46, 4156843.16 ], [ 281642.55, 4156843.14 ], [ 281642.65, 4156843.12 ], [ 281642.75, 4156843.11 ], [ 281652.25, 4156842.7 ], [ 281652.35, 4156842.7 ], [ 281652.45, 4156842.71 ], [ 281652.54, 4156842.73 ], [ 281652.64, 4156842.76 ], [ 281652.73, 4156842.8 ], [ 281652.81, 4156842.85 ], [ 281652.89, 4156842.9 ], [ 281652.97, 4156842.96 ], [ 281653.04, 4156843.03 ], [ 281653.1, 4156843.11 ], [ 281653.15, 4156843.19 ], [ 281653.2, 4156843.28 ], [ 281653.24, 4156843.37 ], [ 281653.27, 4156843.46 ], [ 281653.28, 4156843.56 ], [ 281653.29, 4156843.66 ], [ 281653.34, 4156844.66 ], [ 281653.45, 4156844.68 ], [ 281654.21, 4156845.27 ], [ 281657.99, 4156845.2 ], [ 281658.07, 4156845.13 ], [ 281658.37, 4156844.5 ], [ 281658.31, 4156843.53 ], [ 281658.31, 4156843.43 ], [ 281658.32, 4156843.33 ], [ 281658.34, 4156843.24 ], [ 281658.37, 4156843.14 ], [ 281658.4, 4156843.05 ], [ 281658.45, 4156842.96 ], [ 281658.5, 4156842.88 ], [ 281658.56, 4156842.81 ], [ 281658.63, 4156842.74 ], [ 281658.71, 4156842.67 ], [ 281658.79, 4156842.62 ], [ 281658.88, 4156842.57 ], [ 281658.97, 4156842.53 ], [ 281659.06, 4156842.5 ], [ 281659.13, 4156842.49 ], [ 281659.13, 4156842.26 ], [ 281659.41, 4156841.4 ], [ 281660.91, 4156839.32 ], [ 281661.63, 4156838.79 ], [ 281663.5, 4156838.17 ], [ 281664.77, 4156838.36 ], [ 281667.54, 4156840.37 ], [ 281667.56, 4156840.39 ], [ 281663.89, 4156824.28 ], [ 281663.42, 4156825.17 ], [ 281662.77, 4156825.8 ], [ 281659.92, 4156827.23 ], [ 281659.6, 4156827.35 ], [ 281658.59, 4156827.59 ], [ 281658.25, 4156827.63 ], [ 281642.17, 4156827.63 ], [ 281641.77, 4156827.57 ], [ 281640.61, 4156827.25 ], [ 281640.24, 4156827.09 ], [ 281635.44, 4156824.21 ], [ 281635.12, 4156824.29 ], [ 281635.02, 4156824.31 ] ] ], [ [ [ 281611.36, 4156853.48 ], [ 281610.71, 4156855.05 ], [ 281608.55, 4156857.2 ], [ 281607.53, 4156857.63 ], [ 281595.59, 4156857.63 ], [ 281592.65, 4156860.04 ], [ 281591.42, 4156866.18 ], [ 281619.06, 4156865.05 ], [ 281618.6, 4156863.01 ], [ 281615.96, 4156851.63 ], [ 281614.13, 4156851.63 ], [ 281611.36, 4156853.48 ] ] ], [ [ [ 281693.28, 4156881.63 ], [ 281694.08, 4156881.13 ], [ 281693.65, 4156879.03 ], [ 281693.64, 4156878.94 ], [ 281693.63, 4156878.84 ], [ 281693.64, 4156878.74 ], [ 281693.65, 4156878.64 ], [ 281693.67, 4156878.55 ], [ 281693.71, 4156878.46 ], [ 281693.75, 4156878.37 ], [ 281693.8, 4156878.28 ], [ 281693.86, 4156878.2 ], [ 281693.92, 4156878.13 ], [ 281693.99, 4156878.06 ], [ 281694.07, 4156878.0 ], [ 281694.16, 4156877.95 ], [ 281694.24, 4156877.91 ], [ 281694.34, 4156877.88 ], [ 281694.43, 4156877.85 ], [ 281697.5, 4156877.23 ], [ 281697.66, 4156877.06 ], [ 281699.63, 4156875.85 ], [ 281700.4, 4156875.63 ], [ 281705.43, 4156875.63 ], [ 281707.91, 4156875.12 ], [ 281708.01, 4156875.11 ], [ 281708.1, 4156875.1 ], [ 281708.2, 4156875.11 ], [ 281708.3, 4156875.12 ], [ 281708.39, 4156875.15 ], [ 281708.49, 4156875.18 ], [ 281708.58, 4156875.22 ], [ 281708.66, 4156875.27 ], [ 281708.74, 4156875.33 ], [ 281708.81, 4156875.39 ], [ 281708.88, 4156875.47 ], [ 281708.94, 4156875.54 ], [ 281708.99, 4156875.63 ], [ 281709.03, 4156875.72 ], [ 281709.06, 4156875.81 ], [ 281709.09, 4156875.9 ], [ 281709.51, 4156878.01 ], [ 281709.71, 4156878.2 ], [ 281710.13, 4156879.22 ], [ 281710.13, 4156879.24 ], [ 281714.08, 4156881.45 ], [ 281714.23, 4156881.96 ], [ 281715.4, 4156881.63 ], [ 281715.53, 4156881.63 ], [ 281716.55, 4156882.05 ], [ 281716.69, 4156882.18 ], [ 281714.65, 4156873.32 ], [ 281714.63, 4156873.2 ], [ 281714.47, 4156872.21 ], [ 281713.74, 4156869.36 ], [ 281683.13, 4156870.65 ], [ 281683.13, 4156874.81 ], [ 281682.91, 4156875.37 ], [ 281683.65, 4156878.11 ], [ 281683.42, 4156878.25 ], [ 281683.45, 4156878.28 ], [ 281683.78, 4156878.59 ], [ 281683.84, 4156878.8 ], [ 281684.11, 4156879.02 ], [ 281684.17, 4156878.94 ], [ 281684.66, 4156879.39 ], [ 281688.5, 4156881.31 ], [ 281689.84, 4156881.63 ], [ 281693.28, 4156881.63 ] ] ], [ [ [ 281695.2, 4156906.32 ], [ 281695.57, 4156905.08 ], [ 281695.76, 4156904.69 ], [ 281698.49, 4156900.59 ], [ 281696.42, 4156895.95 ], [ 281686.15, 4156894.49 ], [ 281690.62, 4156914.07 ], [ 281695.37, 4156913.21 ], [ 281695.13, 4156912.74 ], [ 281695.13, 4156906.75 ], [ 281695.2, 4156906.32 ] ] ], [ [ [ 281648.08, 4156903.31 ], [ 281649.48, 4156901.36 ], [ 281648.28, 4156895.84 ], [ 281648.26, 4156895.75 ], [ 281648.26, 4156895.65 ], [ 281648.26, 4156895.55 ], [ 281648.27, 4156895.45 ], [ 281648.29, 4156895.36 ], [ 281648.32, 4156895.26 ], [ 281648.36, 4156895.17 ], [ 281648.41, 4156895.09 ], [ 281648.47, 4156895.01 ], [ 281648.54, 4156894.93 ], [ 281648.61, 4156894.87 ], [ 281648.69, 4156894.81 ], [ 281648.77, 4156894.76 ], [ 281648.86, 4156894.71 ], [ 281648.95, 4156894.68 ], [ 281649.04, 4156894.65 ], [ 281649.81, 4156894.49 ], [ 281649.28, 4156892.07 ], [ 281649.26, 4156891.97 ], [ 281649.25, 4156891.87 ], [ 281649.26, 4156891.77 ], [ 281649.27, 4156891.67 ], [ 281649.29, 4156891.58 ], [ 281649.32, 4156891.49 ], [ 281649.36, 4156891.4 ], [ 281649.41, 4156891.31 ], [ 281649.47, 4156891.23 ], [ 281649.53, 4156891.16 ], [ 281649.6, 4156891.09 ], [ 281649.68, 4156891.03 ], [ 281649.76, 4156890.98 ], [ 281649.85, 4156890.93 ], [ 281649.94, 4156890.9 ], [ 281650.04, 4156890.87 ], [ 281650.72, 4156890.72 ], [ 281650.31, 4156888.55 ], [ 281647.25, 4156889.3 ], [ 281647.15, 4156889.32 ], [ 281647.05, 4156889.32 ], [ 281646.96, 4156889.32 ], [ 281646.86, 4156889.31 ], [ 281646.76, 4156889.29 ], [ 281646.67, 4156889.27 ], [ 281646.58, 4156889.23 ], [ 281646.49, 4156889.18 ], [ 281646.41, 4156889.13 ], [ 281646.34, 4156889.06 ], [ 281646.27, 4156888.99 ], [ 281646.21, 4156888.92 ], [ 281646.15, 4156888.84 ], [ 281646.11, 4156888.75 ], [ 281646.07, 4156888.66 ], [ 281646.04, 4156888.57 ], [ 281645.38, 4156885.87 ], [ 281644.55, 4156885.05 ], [ 281644.13, 4156884.03 ], [ 281644.13, 4156882.22 ], [ 281644.35, 4156881.7 ], [ 281643.85, 4156879.71 ], [ 281643.83, 4156879.61 ], [ 281643.83, 4156879.51 ], [ 281643.83, 4156879.41 ], [ 281643.84, 4156879.32 ], [ 281643.86, 4156879.22 ], [ 281643.88, 4156879.13 ], [ 281643.92, 4156879.03 ], [ 281643.97, 4156878.95 ], [ 281644.02, 4156878.87 ], [ 281644.09, 4156878.79 ], [ 281644.16, 4156878.72 ], [ 281644.23, 4156878.66 ], [ 281644.31, 4156878.61 ], [ 281644.4, 4156878.56 ], [ 281644.49, 4156878.52 ], [ 281644.59, 4156878.49 ], [ 281650.43, 4156877.06 ], [ 281650.53, 4156877.05 ], [ 281650.62, 4156877.04 ], [ 281650.72, 4156877.04 ], [ 281650.82, 4156877.05 ], [ 281650.91, 4156877.07 ], [ 281651.01, 4156877.1 ], [ 281651.1, 4156877.13 ], [ 281651.18, 4156877.18 ], [ 281651.27, 4156877.23 ], [ 281651.34, 4156877.3 ], [ 281651.41, 4156877.37 ], [ 281651.47, 4156877.44 ], [ 281651.53, 4156877.52 ], [ 281651.57, 4156877.61 ], [ 281651.61, 4156877.7 ], [ 281651.64, 4156877.79 ], [ 281651.88, 4156878.76 ], [ 281652.72, 4156879.17 ], [ 281654.33, 4156881.24 ], [ 281654.83, 4156881.11 ], [ 281654.93, 4156881.09 ], [ 281655.03, 4156881.08 ], [ 281655.12, 4156881.09 ], [ 281655.22, 4156881.1 ], [ 281655.32, 4156881.11 ], [ 281655.41, 4156881.14 ], [ 281655.5, 4156881.18 ], [ 281655.59, 4156881.23 ], [ 281655.67, 4156881.28 ], [ 281655.74, 4156881.34 ], [ 281655.81, 4156881.41 ], [ 281655.87, 4156881.49 ], [ 281655.93, 4156881.57 ], [ 281655.97, 4156881.65 ], [ 281656.01, 4156881.74 ], [ 281656.04, 4156881.84 ], [ 281657.07, 4156885.86 ], [ 281657.09, 4156885.96 ], [ 281657.1, 4156886.06 ], [ 281657.1, 4156886.16 ], [ 281657.09, 4156886.26 ], [ 281657.07, 4156886.35 ], [ 281657.04, 4156886.45 ], [ 281657.0, 4156886.54 ], [ 281656.95, 4156886.63 ], [ 281656.9, 4156886.71 ], [ 281656.84, 4156886.78 ], [ 281656.77, 4156886.85 ], [ 281656.69, 4156886.92 ], [ 281656.61, 4156886.97 ], [ 281656.52, 4156887.02 ], [ 281656.43, 4156887.05 ], [ 281656.33, 4156887.08 ], [ 281654.1, 4156887.63 ], [ 281654.64, 4156889.87 ], [ 281658.71, 4156888.98 ], [ 281658.81, 4156888.96 ], [ 281658.9, 4156888.96 ], [ 281659.0, 4156888.96 ], [ 281659.1, 4156888.97 ], [ 281659.19, 4156888.99 ], [ 281659.29, 4156889.02 ], [ 281659.38, 4156889.06 ], [ 281659.46, 4156889.11 ], [ 281659.54, 4156889.17 ], [ 281659.62, 4156889.24 ], [ 281659.68, 4156889.31 ], [ 281659.74, 4156889.38 ], [ 281659.79, 4156889.47 ], [ 281659.84, 4156889.56 ], [ 281659.87, 4156889.65 ], [ 281659.9, 4156889.74 ], [ 281660.66, 4156893.23 ], [ 281660.68, 4156893.33 ], [ 281660.69, 4156893.43 ], [ 281660.68, 4156893.52 ], [ 281660.67, 4156893.62 ], [ 281660.65, 4156893.72 ], [ 281660.65, 4156893.73 ], [ 281661.86, 4156895.4 ], [ 281662.13, 4156896.26 ], [ 281662.13, 4156897.35 ], [ 281661.91, 4156898.13 ], [ 281660.47, 4156900.45 ], [ 281660.86, 4156900.69 ], [ 281660.8, 4156903.0 ], [ 281660.83, 4156903.01 ], [ 281660.92, 4156903.06 ], [ 281661.0, 4156903.12 ], [ 281661.07, 4156903.18 ], [ 281661.14, 4156903.25 ], [ 281661.2, 4156903.33 ], [ 281661.25, 4156903.41 ], [ 281661.3, 4156903.5 ], [ 281661.33, 4156903.59 ], [ 281661.36, 4156903.68 ], [ 281661.71, 4156905.21 ], [ 281661.99, 4156905.87 ], [ 281666.11, 4156905.96 ], [ 281666.93, 4156906.76 ], [ 281667.95, 4156905.72 ], [ 281669.09, 4156905.15 ], [ 281670.45, 4156905.21 ], [ 281673.47, 4156907.07 ], [ 281674.08, 4156908.16 ], [ 281673.71, 4156909.05 ], [ 281671.13, 4156911.63 ], [ 281671.42, 4156911.91 ], [ 281670.35, 4156915.7 ], [ 281670.86, 4156916.4 ], [ 281671.13, 4156917.26 ], [ 281671.13, 4156921.65 ], [ 281670.96, 4156922.35 ], [ 281670.75, 4156922.73 ], [ 281671.02, 4156924.01 ], [ 281671.04, 4156924.11 ], [ 281671.05, 4156924.21 ], [ 281671.04, 4156924.3 ], [ 281671.03, 4156924.4 ], [ 281671.01, 4156924.5 ], [ 281670.98, 4156924.59 ], [ 281670.93, 4156924.68 ], [ 281670.89, 4156924.76 ], [ 281670.83, 4156924.84 ], [ 281670.76, 4156924.92 ], [ 281670.69, 4156924.98 ], [ 281670.61, 4156925.04 ], [ 281670.53, 4156925.1 ], [ 281670.44, 4156925.14 ], [ 281670.35, 4156925.17 ], [ 281670.25, 4156925.2 ], [ 281668.07, 4156925.66 ], [ 281668.01, 4156925.7 ], [ 281668.09, 4156930.38 ], [ 281668.2, 4156930.81 ], [ 281668.6, 4156931.06 ], [ 281669.15, 4156931.66 ], [ 281676.74, 4156946.84 ], [ 281676.85, 4156947.16 ], [ 281677.09, 4156948.16 ], [ 281677.13, 4156948.51 ], [ 281677.13, 4156950.03 ], [ 281676.71, 4156951.05 ], [ 281674.55, 4156953.2 ], [ 281673.66, 4156953.57 ], [ 281672.3, 4156956.18 ], [ 281672.6, 4156956.1 ], [ 281672.7, 4156956.08 ], [ 281672.8, 4156956.07 ], [ 281672.9, 4156956.07 ], [ 281672.99, 4156956.08 ], [ 281673.09, 4156956.1 ], [ 281673.18, 4156956.13 ], [ 281673.27, 4156956.16 ], [ 281673.36, 4156956.21 ], [ 281673.44, 4156956.26 ], [ 281673.52, 4156956.33 ], [ 281673.59, 4156956.39 ], [ 281673.65, 4156956.47 ], [ 281673.71, 4156956.55 ], [ 281673.75, 4156956.64 ], [ 281673.79, 4156956.73 ], [ 281673.82, 4156956.82 ], [ 281676.11, 4156965.58 ], [ 281676.13, 4156965.67 ], [ 281676.14, 4156965.77 ], [ 281676.14, 4156965.87 ], [ 281676.14, 4156965.97 ], [ 281676.12, 4156966.06 ], [ 281676.09, 4156966.16 ], [ 281676.05, 4156966.25 ], [ 281676.01, 4156966.34 ], [ 281675.95, 4156966.42 ], [ 281675.89, 4156966.49 ], [ 281675.82, 4156966.56 ], [ 281675.75, 4156966.63 ], [ 281675.67, 4156966.68 ], [ 281675.58, 4156966.73 ], [ 281675.49, 4156966.77 ], [ 281675.4, 4156966.8 ], [ 281673.31, 4156967.34 ], [ 281673.97, 4156970.26 ], [ 281674.36, 4156970.18 ], [ 281674.46, 4156970.17 ], [ 281674.55, 4156970.16 ], [ 281674.65, 4156970.17 ], [ 281674.75, 4156970.18 ], [ 281674.84, 4156970.21 ], [ 281674.94, 4156970.24 ], [ 281675.02, 4156970.28 ], [ 281675.11, 4156970.33 ], [ 281675.19, 4156970.39 ], [ 281675.26, 4156970.46 ], [ 281675.33, 4156970.53 ], [ 281675.38, 4156970.61 ], [ 281675.43, 4156970.69 ], [ 281675.48, 4156970.78 ], [ 281675.51, 4156970.88 ], [ 281675.53, 4156970.97 ], [ 281676.25, 4156974.58 ], [ 281678.13, 4156974.2 ], [ 281678.23, 4156974.19 ], [ 281678.33, 4156974.18 ], [ 281678.42, 4156974.19 ], [ 281678.52, 4156974.2 ], [ 281678.62, 4156974.23 ], [ 281678.71, 4156974.26 ], [ 281678.8, 4156974.3 ], [ 281678.88, 4156974.35 ], [ 281678.96, 4156974.41 ], [ 281679.03, 4156974.48 ], [ 281679.1, 4156974.55 ], [ 281679.16, 4156974.63 ], [ 281679.21, 4156974.71 ], [ 281679.25, 4156974.8 ], [ 281679.28, 4156974.89 ], [ 281679.31, 4156974.99 ], [ 281680.08, 4156978.9 ], [ 281680.1, 4156979.0 ], [ 281680.1, 4156979.1 ], [ 281680.1, 4156979.19 ], [ 281680.08, 4156979.29 ], [ 281680.06, 4156979.39 ], [ 281680.03, 4156979.48 ], [ 281679.98, 4156979.57 ], [ 281679.93, 4156979.65 ], [ 281679.87, 4156979.73 ], [ 281679.81, 4156979.8 ], [ 281679.74, 4156979.87 ], [ 281679.66, 4156979.93 ], [ 281679.57, 4156979.98 ], [ 281679.48, 4156980.02 ], [ 281679.39, 4156980.05 ], [ 281679.3, 4156980.08 ], [ 281668.71, 4156982.16 ], [ 281668.62, 4156982.18 ], [ 281668.52, 4156982.18 ], [ 281668.42, 4156982.18 ], [ 281668.32, 4156982.16 ], [ 281668.23, 4156982.14 ], [ 281668.14, 4156982.11 ], [ 281668.05, 4156982.07 ], [ 281667.96, 4156982.01 ], [ 281667.88, 4156981.96 ], [ 281667.81, 4156981.89 ], [ 281667.75, 4156981.82 ], [ 281667.69, 4156981.74 ], [ 281667.64, 4156981.65 ], [ 281667.6, 4156981.57 ], [ 281667.56, 4156981.47 ], [ 281667.54, 4156981.38 ], [ 281666.73, 4156977.34 ], [ 281665.44, 4156975.68 ], [ 281665.13, 4156974.78 ], [ 281665.13, 4156973.9 ], [ 281665.35, 4156973.12 ], [ 281666.79, 4156970.8 ], [ 281666.41, 4156970.56 ], [ 281666.44, 4156969.12 ], [ 281666.3, 4156969.16 ], [ 281666.2, 4156969.18 ], [ 281666.1, 4156969.19 ], [ 281666.01, 4156969.19 ], [ 281665.91, 4156969.18 ], [ 281665.81, 4156969.16 ], [ 281665.72, 4156969.13 ], [ 281665.63, 4156969.1 ], [ 281665.54, 4156969.05 ], [ 281665.46, 4156969.0 ], [ 281665.38, 4156968.94 ], [ 281665.31, 4156968.87 ], [ 281665.25, 4156968.79 ], [ 281665.19, 4156968.71 ], [ 281665.15, 4156968.63 ], [ 281665.11, 4156968.54 ], [ 281665.08, 4156968.44 ], [ 281663.57, 4156962.69 ], [ 281663.55, 4156962.59 ], [ 281663.54, 4156962.49 ], [ 281663.54, 4156962.39 ], [ 281663.55, 4156962.3 ], [ 281663.57, 4156962.2 ], [ 281663.6, 4156962.11 ], [ 281663.63, 4156962.01 ], [ 281663.68, 4156961.93 ], [ 281663.73, 4156961.84 ], [ 281663.79, 4156961.77 ], [ 281663.86, 4156961.7 ], [ 281663.94, 4156961.64 ], [ 281664.02, 4156961.58 ], [ 281664.11, 4156961.53 ], [ 281664.2, 4156961.49 ], [ 281664.29, 4156961.46 ], [ 281665.13, 4156961.25 ], [ 281665.13, 4156960.7 ], [ 281664.74, 4156959.18 ], [ 281664.72, 4156959.08 ], [ 281664.71, 4156958.98 ], [ 281664.71, 4156958.89 ], [ 281664.71, 4156958.79 ], [ 281664.73, 4156958.69 ], [ 281664.76, 4156958.6 ], [ 281664.8, 4156958.51 ], [ 281664.84, 4156958.42 ], [ 281664.9, 4156958.34 ], [ 281664.96, 4156958.26 ], [ 281664.98, 4156958.24 ], [ 281663.47, 4156955.8 ], [ 281661.16, 4156954.64 ], [ 281660.57, 4156954.1 ], [ 281659.35, 4156952.13 ], [ 281659.13, 4156951.35 ], [ 281659.13, 4156946.9 ], [ 281659.35, 4156946.12 ], [ 281660.65, 4156944.02 ], [ 281660.31, 4156941.79 ], [ 281660.3, 4156941.79 ], [ 281660.2, 4156941.78 ], [ 281660.11, 4156941.76 ], [ 281660.01, 4156941.73 ], [ 281659.92, 4156941.69 ], [ 281659.84, 4156941.64 ], [ 281659.76, 4156941.59 ], [ 281659.68, 4156941.53 ], [ 281659.61, 4156941.46 ], [ 281659.55, 4156941.38 ], [ 281659.5, 4156941.3 ], [ 281659.45, 4156941.21 ], [ 281659.41, 4156941.12 ], [ 281659.38, 4156941.03 ], [ 281658.84, 4156938.79 ], [ 281658.69, 4156938.51 ], [ 281658.57, 4156937.69 ], [ 281657.39, 4156932.88 ], [ 281657.37, 4156932.79 ], [ 281657.37, 4156932.69 ], [ 281657.37, 4156932.59 ], [ 281657.38, 4156932.49 ], [ 281657.4, 4156932.4 ], [ 281657.42, 4156932.3 ], [ 281657.46, 4156932.21 ], [ 281657.51, 4156932.13 ], [ 281657.56, 4156932.05 ], [ 281657.63, 4156931.97 ], [ 281657.7, 4156931.9 ], [ 281657.77, 4156931.84 ], [ 281657.86, 4156931.78 ], [ 281657.94, 4156931.74 ], [ 281658.03, 4156931.7 ], [ 281658.13, 4156931.67 ], [ 281658.17, 4156931.66 ], [ 281657.64, 4156928.78 ], [ 281657.57, 4156928.79 ], [ 281657.47, 4156928.81 ], [ 281657.37, 4156928.82 ], [ 281657.27, 4156928.82 ], [ 281657.17, 4156928.81 ], [ 281657.08, 4156928.78 ], [ 281656.98, 4156928.75 ], [ 281656.89, 4156928.71 ], [ 281656.81, 4156928.66 ], [ 281656.73, 4156928.61 ], [ 281656.65, 4156928.54 ], [ 281656.58, 4156928.47 ], [ 281656.52, 4156928.39 ], [ 281656.47, 4156928.31 ], [ 281656.43, 4156928.22 ], [ 281656.39, 4156928.13 ], [ 281656.37, 4156928.03 ], [ 281655.73, 4156925.07 ], [ 281655.63, 4156925.09 ], [ 281655.53, 4156925.09 ], [ 281655.43, 4156925.09 ], [ 281655.34, 4156925.08 ], [ 281655.24, 4156925.05 ], [ 281655.15, 4156925.02 ], [ 281655.06, 4156924.98 ], [ 281654.97, 4156924.93 ], [ 281654.89, 4156924.88 ], [ 281654.82, 4156924.81 ], [ 281654.75, 4156924.74 ], [ 281654.69, 4156924.66 ], [ 281654.64, 4156924.58 ], [ 281654.6, 4156924.49 ], [ 281654.56, 4156924.4 ], [ 281654.54, 4156924.3 ], [ 281654.37, 4156923.51 ], [ 281652.41, 4156922.49 ], [ 281651.92, 4156922.73 ], [ 281650.35, 4156925.46 ], [ 281663.79, 4156983.92 ], [ 281664.08, 4156985.14 ], [ 281700.02, 4156982.69 ], [ 281698.87, 4156977.63 ], [ 281692.73, 4156977.63 ], [ 281691.71, 4156977.2 ], [ 281691.62, 4156977.11 ], [ 281691.07, 4156977.24 ], [ 281690.97, 4156977.26 ], [ 281690.88, 4156977.27 ], [ 281690.78, 4156977.27 ], [ 281690.68, 4156977.26 ], [ 281690.58, 4156977.24 ], [ 281690.49, 4156977.21 ], [ 281690.4, 4156977.17 ], [ 281690.31, 4156977.13 ], [ 281690.23, 4156977.07 ], [ 281690.16, 4156977.01 ], [ 281690.09, 4156976.94 ], [ 281690.03, 4156976.86 ], [ 281689.97, 4156976.78 ], [ 281689.93, 4156976.69 ], [ 281689.89, 4156976.6 ], [ 281689.86, 4156976.51 ], [ 281689.44, 4156974.78 ], [ 281689.13, 4156974.03 ], [ 281689.13, 4156973.5 ], [ 281688.39, 4156970.43 ], [ 281688.37, 4156970.34 ], [ 281688.36, 4156970.24 ], [ 281688.36, 4156970.14 ], [ 281688.37, 4156970.05 ], [ 281688.39, 4156969.95 ], [ 281688.42, 4156969.86 ], [ 281688.46, 4156969.76 ], [ 281688.5, 4156969.68 ], [ 281688.56, 4156969.6 ], [ 281688.62, 4156969.52 ], [ 281688.69, 4156969.45 ], [ 281688.77, 4156969.39 ], [ 281688.85, 4156969.34 ], [ 281688.94, 4156969.29 ], [ 281689.03, 4156969.26 ], [ 281689.12, 4156969.23 ], [ 281694.3, 4156967.97 ], [ 281694.4, 4156967.95 ], [ 281694.49, 4156967.94 ], [ 281694.59, 4156967.94 ], [ 281694.69, 4156967.95 ], [ 281694.79, 4156967.97 ], [ 281694.88, 4156968.0 ], [ 281694.97, 4156968.04 ], [ 281695.06, 4156968.09 ], [ 281695.14, 4156968.14 ], [ 281695.21, 4156968.21 ], [ 281695.28, 4156968.28 ], [ 281695.34, 4156968.35 ], [ 281695.4, 4156968.43 ], [ 281695.44, 4156968.52 ], [ 281695.48, 4156968.61 ], [ 281695.48, 4156968.63 ], [ 281696.81, 4156968.63 ], [ 281675.65, 4156875.89 ], [ 281674.93, 4156875.63 ], [ 281674.73, 4156875.63 ], [ 281673.71, 4156875.2 ], [ 281671.55, 4156873.05 ], [ 281671.13, 4156872.03 ], [ 281671.13, 4156871.18 ], [ 281639.37, 4156872.6 ], [ 281638.22, 4156872.68 ], [ 281638.71, 4156874.81 ], [ 281638.71, 4156874.82 ], [ 281645.46, 4156904.18 ], [ 281648.08, 4156903.31 ] ], [ [ 281671.96, 4156885.09 ], [ 281671.97, 4156885.18 ], [ 281671.98, 4156885.28 ], [ 281671.97, 4156885.38 ], [ 281671.96, 4156885.48 ], [ 281671.93, 4156885.57 ], [ 281671.9, 4156885.66 ], [ 281671.85, 4156885.75 ], [ 281671.8, 4156885.84 ], [ 281671.74, 4156885.92 ], [ 281671.68, 4156885.99 ], [ 281671.6, 4156886.05 ], [ 281671.52, 4156886.11 ], [ 281671.44, 4156886.16 ], [ 281671.35, 4156886.2 ], [ 281671.26, 4156886.23 ], [ 281671.16, 4156886.26 ], [ 281666.93, 4156887.06 ], [ 281666.83, 4156887.07 ], [ 281666.73, 4156887.07 ], [ 281666.64, 4156887.07 ], [ 281666.54, 4156887.05 ], [ 281666.44, 4156887.03 ], [ 281666.35, 4156886.99 ], [ 281666.26, 4156886.95 ], [ 281666.18, 4156886.9 ], [ 281666.1, 4156886.84 ], [ 281666.03, 4156886.78 ], [ 281665.97, 4156886.7 ], [ 281665.91, 4156886.62 ], [ 281665.86, 4156886.54 ], [ 281665.82, 4156886.45 ], [ 281665.78, 4156886.36 ], [ 281665.76, 4156886.26 ], [ 281664.92, 4156881.83 ], [ 281664.91, 4156881.73 ], [ 281664.9, 4156881.63 ], [ 281664.91, 4156881.54 ], [ 281664.92, 4156881.44 ], [ 281664.95, 4156881.34 ], [ 281664.98, 4156881.25 ], [ 281665.02, 4156881.16 ], [ 281665.08, 4156881.08 ], [ 281665.13, 4156881.0 ], [ 281665.2, 4156880.93 ], [ 281665.27, 4156880.86 ], [ 281665.35, 4156880.81 ], [ 281665.44, 4156880.76 ], [ 281665.53, 4156880.72 ], [ 281665.62, 4156880.68 ], [ 281665.72, 4156880.66 ], [ 281669.94, 4156879.86 ], [ 281670.04, 4156879.85 ], [ 281670.13, 4156879.84 ], [ 281670.23, 4156879.85 ], [ 281670.33, 4156879.86 ], [ 281670.42, 4156879.89 ], [ 281670.52, 4156879.92 ], [ 281670.6, 4156879.97 ], [ 281670.69, 4156880.02 ], [ 281670.77, 4156880.08 ], [ 281670.84, 4156880.14 ], [ 281670.9, 4156880.22 ], [ 281670.96, 4156880.29 ], [ 281671.01, 4156880.38 ], [ 281671.05, 4156880.47 ], [ 281671.08, 4156880.56 ], [ 281671.11, 4156880.66 ], [ 281671.96, 4156885.09 ] ], [ [ 281686.69, 4156951.62 ], [ 281686.6, 4156951.64 ], [ 281686.5, 4156951.65 ], [ 281686.4, 4156951.65 ], [ 281686.3, 4156951.64 ], [ 281686.21, 4156951.62 ], [ 281686.11, 4156951.6 ], [ 281686.02, 4156951.56 ], [ 281685.94, 4156951.52 ], [ 281685.85, 4156951.46 ], [ 281685.78, 4156951.4 ], [ 281685.71, 4156951.33 ], [ 281685.64, 4156951.26 ], [ 281685.59, 4156951.18 ], [ 281685.54, 4156951.09 ], [ 281685.5, 4156951.0 ], [ 281685.47, 4156950.91 ], [ 281684.16, 4156945.99 ], [ 281684.14, 4156945.89 ], [ 281684.13, 4156945.8 ], [ 281684.13, 4156945.7 ], [ 281684.14, 4156945.6 ], [ 281684.15, 4156945.5 ], [ 281684.18, 4156945.41 ], [ 281684.22, 4156945.32 ], [ 281684.26, 4156945.23 ], [ 281684.32, 4156945.15 ], [ 281684.38, 4156945.07 ], [ 281684.45, 4156945.0 ], [ 281684.52, 4156944.94 ], [ 281684.6, 4156944.88 ], [ 281684.69, 4156944.83 ], [ 281684.78, 4156944.8 ], [ 281684.87, 4156944.77 ], [ 281689.05, 4156943.65 ], [ 281689.15, 4156943.63 ], [ 281689.24, 4156943.62 ], [ 281689.34, 4156943.62 ], [ 281689.44, 4156943.63 ], [ 281689.54, 4156943.65 ], [ 281689.63, 4156943.67 ], [ 281689.72, 4156943.71 ], [ 281689.81, 4156943.75 ], [ 281689.89, 4156943.81 ], [ 281689.97, 4156943.87 ], [ 281690.04, 4156943.94 ], [ 281690.1, 4156944.01 ], [ 281690.16, 4156944.09 ], [ 281690.21, 4156944.18 ], [ 281690.24, 4156944.27 ], [ 281690.27, 4156944.36 ], [ 281691.58, 4156949.28 ], [ 281691.6, 4156949.38 ], [ 281691.62, 4156949.48 ], [ 281691.62, 4156949.57 ], [ 281691.61, 4156949.67 ], [ 281691.59, 4156949.77 ], [ 281691.56, 4156949.86 ], [ 281691.53, 4156949.95 ], [ 281691.48, 4156950.04 ], [ 281691.43, 4156950.12 ], [ 281691.37, 4156950.2 ], [ 281691.3, 4156950.27 ], [ 281691.22, 4156950.33 ], [ 281691.14, 4156950.39 ], [ 281691.06, 4156950.44 ], [ 281690.97, 4156950.48 ], [ 281690.87, 4156950.51 ], [ 281686.69, 4156951.62 ] ], [ [ 281686.47, 4156954.98 ], [ 281686.46, 4156954.88 ], [ 281686.45, 4156954.78 ], [ 281686.45, 4156954.69 ], [ 281686.46, 4156954.59 ], [ 281686.48, 4156954.49 ], [ 281686.51, 4156954.4 ], [ 281686.55, 4156954.31 ], [ 281686.59, 4156954.22 ], [ 281686.65, 4156954.14 ], [ 281686.71, 4156954.07 ], [ 281686.78, 4156954.0 ], [ 281686.86, 4156953.94 ], [ 281686.94, 4156953.88 ], [ 281687.03, 4156953.84 ], [ 281687.12, 4156953.8 ], [ 281687.21, 4156953.77 ], [ 281690.14, 4156953.07 ], [ 281690.24, 4156953.06 ], [ 281690.34, 4156953.05 ], [ 281690.43, 4156953.05 ], [ 281690.53, 4156953.06 ], [ 281690.63, 4156953.08 ], [ 281690.72, 4156953.11 ], [ 281690.81, 4156953.15 ], [ 281690.9, 4156953.19 ], [ 281690.98, 4156953.25 ], [ 281691.05, 4156953.31 ], [ 281691.12, 4156953.38 ], [ 281691.18, 4156953.46 ], [ 281691.24, 4156953.54 ], [ 281691.28, 4156953.63 ], [ 281691.32, 4156953.72 ], [ 281691.35, 4156953.81 ], [ 281692.33, 4156957.91 ], [ 281692.35, 4156958.0 ], [ 281692.36, 4156958.1 ], [ 281692.35, 4156958.2 ], [ 281692.34, 4156958.3 ], [ 281692.32, 4156958.39 ], [ 281692.3, 4156958.49 ], [ 281692.26, 4156958.58 ], [ 281692.21, 4156958.66 ], [ 281692.15, 4156958.74 ], [ 281692.09, 4156958.82 ], [ 281692.02, 4156958.89 ], [ 281691.95, 4156958.95 ], [ 281691.86, 4156959.0 ], [ 281691.78, 4156959.05 ], [ 281691.69, 4156959.08 ], [ 281691.59, 4156959.11 ], [ 281688.67, 4156959.82 ], [ 281688.57, 4156959.84 ], [ 281688.47, 4156959.85 ], [ 281688.37, 4156959.85 ], [ 281688.28, 4156959.84 ], [ 281688.18, 4156959.82 ], [ 281688.09, 4156959.79 ], [ 281688.0, 4156959.75 ], [ 281687.91, 4156959.7 ], [ 281687.83, 4156959.65 ], [ 281687.75, 4156959.59 ], [ 281687.68, 4156959.52 ], [ 281687.62, 4156959.44 ], [ 281687.57, 4156959.36 ], [ 281687.52, 4156959.27 ], [ 281687.49, 4156959.18 ], [ 281687.46, 4156959.08 ], [ 281686.47, 4156954.98 ] ] ], [ [ [ 281704.13, 4156929.63 ], [ 281703.31, 4156929.63 ], [ 281702.14, 4156929.01 ], [ 281700.2, 4156926.13 ], [ 281700.05, 4156924.82 ], [ 281701.93, 4156920.13 ], [ 281699.59, 4156916.05 ], [ 281698.49, 4156915.89 ], [ 281697.64, 4156915.27 ], [ 281698.06, 4156917.58 ], [ 281698.07, 4156917.67 ], [ 281698.08, 4156917.77 ], [ 281698.07, 4156917.87 ], [ 281698.06, 4156917.97 ], [ 281698.03, 4156918.06 ], [ 281698.0, 4156918.15 ], [ 281697.95, 4156918.24 ], [ 281697.9, 4156918.33 ], [ 281697.84, 4156918.4 ], [ 281697.77, 4156918.48 ], [ 281697.7, 4156918.54 ], [ 281697.62, 4156918.6 ], [ 281697.54, 4156918.65 ], [ 281697.45, 4156918.69 ], [ 281697.35, 4156918.72 ], [ 281697.26, 4156918.74 ], [ 281691.91, 4156919.72 ], [ 281697.14, 4156942.62 ], [ 281699.27, 4156940.49 ], [ 281700.07, 4156940.08 ], [ 281702.6, 4156939.67 ], [ 281703.68, 4156939.83 ], [ 281707.13, 4156936.87 ], [ 281707.13, 4156935.36 ], [ 281706.44, 4156932.28 ], [ 281706.42, 4156932.18 ], [ 281706.41, 4156932.08 ], [ 281706.41, 4156931.98 ], [ 281706.42, 4156931.92 ], [ 281704.13, 4156929.63 ] ] ], [ [ [ 281591.37, 4156878.63 ], [ 281591.43, 4156878.71 ], [ 281591.49, 4156878.79 ], [ 281591.53, 4156878.88 ], [ 281591.57, 4156878.97 ], [ 281591.6, 4156879.06 ], [ 281593.18, 4156885.28 ], [ 281593.2, 4156885.38 ], [ 281593.21, 4156885.48 ], [ 281593.21, 4156885.58 ], [ 281593.2, 4156885.67 ], [ 281593.18, 4156885.77 ], [ 281593.15, 4156885.86 ], [ 281593.11, 4156885.95 ], [ 281593.07, 4156886.04 ], [ 281593.01, 4156886.12 ], [ 281592.95, 4156886.2 ], [ 281592.88, 4156886.27 ], [ 281592.81, 4156886.33 ], [ 281592.73, 4156886.39 ], [ 281592.64, 4156886.43 ], [ 281592.55, 4156886.47 ], [ 281592.45, 4156886.5 ], [ 281589.28, 4156887.3 ], [ 281589.19, 4156887.32 ], [ 281589.09, 4156887.33 ], [ 281588.99, 4156887.33 ], [ 281588.89, 4156887.32 ], [ 281588.8, 4156887.3 ], [ 281588.7, 4156887.28 ], [ 281588.61, 4156887.24 ], [ 281588.53, 4156887.19 ], [ 281588.44, 4156887.14 ], [ 281588.37, 4156887.08 ], [ 281588.3, 4156887.01 ], [ 281588.24, 4156886.93 ], [ 281588.18, 4156886.85 ], [ 281588.13, 4156886.76 ], [ 281588.1, 4156886.67 ], [ 281588.07, 4156886.58 ], [ 281587.89, 4156885.87 ], [ 281602.85, 4156950.76 ], [ 281604.76, 4156952.9 ], [ 281605.13, 4156953.86 ], [ 281605.13, 4156956.03 ], [ 281604.71, 4156957.05 ], [ 281604.37, 4156957.38 ], [ 281611.37, 4156987.75 ], [ 281629.02, 4156986.93 ], [ 281628.94, 4156986.87 ], [ 281628.87, 4156986.81 ], [ 281628.8, 4156986.74 ], [ 281628.74, 4156986.66 ], [ 281628.69, 4156986.58 ], [ 281628.65, 4156986.49 ], [ 281628.61, 4156986.4 ], [ 281628.59, 4156986.31 ], [ 281627.56, 4156981.86 ], [ 281621.99, 4156980.94 ], [ 281621.35, 4156980.67 ], [ 281619.73, 4156979.47 ], [ 281619.29, 4156978.94 ], [ 281617.53, 4156975.41 ], [ 281617.41, 4156975.09 ], [ 281617.17, 4156974.09 ], [ 281617.13, 4156973.74 ], [ 281617.13, 4156970.6 ], [ 281617.31, 4156969.9 ], [ 281618.29, 4156968.06 ], [ 281618.78, 4156967.53 ], [ 281621.03, 4156966.03 ], [ 281620.31, 4156960.69 ], [ 281619.63, 4156960.46 ], [ 281618.91, 4156959.93 ], [ 281617.41, 4156957.85 ], [ 281617.13, 4156956.99 ], [ 281617.13, 4156951.22 ], [ 281617.29, 4156950.84 ], [ 281617.16, 4156950.28 ], [ 281617.14, 4156950.18 ], [ 281617.13, 4156950.08 ], [ 281617.14, 4156949.98 ], [ 281617.15, 4156949.89 ], [ 281617.17, 4156949.79 ], [ 281617.2, 4156949.7 ], [ 281617.24, 4156949.61 ], [ 281617.29, 4156949.52 ], [ 281617.34, 4156949.44 ], [ 281617.4, 4156949.37 ], [ 281617.48, 4156949.3 ], [ 281617.55, 4156949.24 ], [ 281617.64, 4156949.18 ], [ 281617.72, 4156949.14 ], [ 281617.81, 4156949.1 ], [ 281617.91, 4156949.08 ], [ 281618.91, 4156948.84 ], [ 281620.04, 4156947.71 ], [ 281620.19, 4156945.36 ], [ 281615.09, 4156946.55 ], [ 281614.99, 4156946.56 ], [ 281614.89, 4156946.57 ], [ 281614.79, 4156946.57 ], [ 281614.7, 4156946.56 ], [ 281614.6, 4156946.54 ], [ 281614.51, 4156946.51 ], [ 281614.42, 4156946.47 ], [ 281614.33, 4156946.42 ], [ 281614.25, 4156946.37 ], [ 281614.18, 4156946.3 ], [ 281614.11, 4156946.23 ], [ 281614.05, 4156946.15 ], [ 281613.99, 4156946.07 ], [ 281613.95, 4156945.99 ], [ 281613.91, 4156945.89 ], [ 281613.89, 4156945.8 ], [ 281613.1, 4156942.44 ], [ 281613.08, 4156942.35 ], [ 281613.07, 4156942.25 ], [ 281613.07, 4156942.15 ], [ 281613.09, 4156942.05 ], [ 281613.11, 4156941.96 ], [ 281613.14, 4156941.86 ], [ 281613.18, 4156941.77 ], [ 281613.22, 4156941.69 ], [ 281613.28, 4156941.61 ], [ 281613.34, 4156941.53 ], [ 281613.41, 4156941.46 ], [ 281613.49, 4156941.4 ], [ 281613.57, 4156941.35 ], [ 281613.66, 4156941.31 ], [ 281613.75, 4156941.27 ], [ 281613.85, 4156941.24 ], [ 281617.7, 4156940.35 ], [ 281617.69, 4156940.33 ], [ 281617.65, 4156940.24 ], [ 281617.63, 4156940.15 ], [ 281616.67, 4156936.05 ], [ 281616.65, 4156935.96 ], [ 281616.65, 4156935.86 ], [ 281616.65, 4156935.76 ], [ 281616.66, 4156935.66 ], [ 281616.68, 4156935.57 ], [ 281616.71, 4156935.47 ], [ 281616.75, 4156935.38 ], [ 281616.8, 4156935.3 ], [ 281616.85, 4156935.22 ], [ 281616.92, 4156935.14 ], [ 281616.99, 4156935.07 ], [ 281617.06, 4156935.01 ], [ 281617.15, 4156934.96 ], [ 281617.23, 4156934.91 ], [ 281617.32, 4156934.88 ], [ 281617.42, 4156934.85 ], [ 281617.52, 4156934.83 ], [ 281616.59, 4156932.63 ], [ 281614.66, 4156932.63 ], [ 281612.63, 4156933.11 ], [ 281612.53, 4156933.12 ], [ 281612.44, 4156933.13 ], [ 281612.34, 4156933.13 ], [ 281612.24, 4156933.12 ], [ 281612.15, 4156933.1 ], [ 281612.05, 4156933.07 ], [ 281611.96, 4156933.03 ], [ 281611.88, 4156932.98 ], [ 281611.8, 4156932.93 ], [ 281611.72, 4156932.87 ], [ 281611.65, 4156932.8 ], [ 281611.59, 4156932.72 ], [ 281611.54, 4156932.64 ], [ 281611.49, 4156932.55 ], [ 281611.46, 4156932.46 ], [ 281611.43, 4156932.36 ], [ 281611.1, 4156930.96 ], [ 281609.87, 4156929.26 ], [ 281609.68, 4156927.99 ], [ 281610.09, 4156926.74 ], [ 281609.36, 4156923.66 ], [ 281609.34, 4156923.56 ], [ 281609.33, 4156923.46 ], [ 281609.33, 4156923.36 ], [ 281609.35, 4156923.27 ], [ 281609.37, 4156923.17 ], [ 281609.4, 4156923.08 ], [ 281609.43, 4156922.99 ], [ 281609.48, 4156922.9 ], [ 281609.54, 4156922.82 ], [ 281609.6, 4156922.74 ], [ 281609.67, 4156922.68 ], [ 281609.75, 4156922.62 ], [ 281609.83, 4156922.56 ], [ 281609.92, 4156922.52 ], [ 281610.01, 4156922.48 ], [ 281610.1, 4156922.45 ], [ 281611.64, 4156922.09 ], [ 281613.63, 4156916.12 ], [ 281613.3, 4156914.04 ], [ 281613.14, 4156914.07 ], [ 281613.04, 4156914.09 ], [ 281612.95, 4156914.1 ], [ 281612.85, 4156914.09 ], [ 281612.75, 4156914.08 ], [ 281612.66, 4156914.06 ], [ 281612.56, 4156914.03 ], [ 281612.47, 4156913.99 ], [ 281612.39, 4156913.94 ], [ 281612.31, 4156913.88 ], [ 281612.23, 4156913.82 ], [ 281612.17, 4156913.75 ], [ 281612.11, 4156913.67 ], [ 281612.06, 4156913.59 ], [ 281612.01, 4156913.5 ], [ 281611.98, 4156913.41 ], [ 281611.95, 4156913.31 ], [ 281611.44, 4156911.04 ], [ 281605.88, 4156903.62 ], [ 281605.65, 4156903.2 ], [ 281605.21, 4156901.86 ], [ 281605.13, 4156901.38 ], [ 281605.13, 4156889.06 ], [ 281604.49, 4156886.41 ], [ 281604.47, 4156886.31 ], [ 281604.46, 4156886.22 ], [ 281604.46, 4156886.12 ], [ 281604.47, 4156886.02 ], [ 281604.49, 4156885.92 ], [ 281604.52, 4156885.83 ], [ 281604.56, 4156885.74 ], [ 281604.61, 4156885.65 ], [ 281604.66, 4156885.57 ], [ 281604.73, 4156885.5 ], [ 281604.8, 4156885.43 ], [ 281604.87, 4156885.37 ], [ 281604.96, 4156885.31 ], [ 281605.04, 4156885.27 ], [ 281605.13, 4156885.23 ], [ 281605.13, 4156885.22 ], [ 281605.49, 4156884.36 ], [ 281605.05, 4156882.57 ], [ 281605.03, 4156882.47 ], [ 281605.02, 4156882.37 ], [ 281605.03, 4156882.27 ], [ 281605.04, 4156882.18 ], [ 281605.06, 4156882.08 ], [ 281605.09, 4156881.99 ], [ 281605.12, 4156881.89 ], [ 281605.17, 4156881.81 ], [ 281605.23, 4156881.73 ], [ 281605.29, 4156881.65 ], [ 281605.36, 4156881.58 ], [ 281605.44, 4156881.52 ], [ 281605.52, 4156881.47 ], [ 281605.6, 4156881.42 ], [ 281605.7, 4156881.38 ], [ 281605.79, 4156881.36 ], [ 281615.45, 4156879.04 ], [ 281615.54, 4156879.02 ], [ 281615.64, 4156879.01 ], [ 281615.74, 4156879.01 ], [ 281615.84, 4156879.02 ], [ 281615.93, 4156879.04 ], [ 281616.03, 4156879.07 ], [ 281616.12, 4156879.11 ], [ 281616.2, 4156879.16 ], [ 281616.28, 4156879.21 ], [ 281616.36, 4156879.27 ], [ 281616.43, 4156879.34 ], [ 281616.49, 4156879.42 ], [ 281616.54, 4156879.5 ], [ 281616.59, 4156879.59 ], [ 281616.63, 4156879.68 ], [ 281616.65, 4156879.77 ], [ 281618.75, 4156888.4 ], [ 281618.76, 4156888.5 ], [ 281618.77, 4156888.6 ], [ 281618.77, 4156888.7 ], [ 281618.76, 4156888.79 ], [ 281618.74, 4156888.89 ], [ 281618.71, 4156888.98 ], [ 281618.68, 4156889.07 ], [ 281618.63, 4156889.16 ], [ 281618.57, 4156889.24 ], [ 281618.51, 4156889.32 ], [ 281618.44, 4156889.39 ], [ 281618.36, 4156889.45 ], [ 281618.28, 4156889.5 ], [ 281618.19, 4156889.55 ], [ 281618.1, 4156889.58 ], [ 281618.01, 4156889.61 ], [ 281617.13, 4156889.82 ], [ 281617.13, 4156892.54 ], [ 281617.34, 4156892.49 ], [ 281617.43, 4156892.47 ], [ 281617.53, 4156892.46 ], [ 281617.63, 4156892.47 ], [ 281617.73, 4156892.48 ], [ 281617.82, 4156892.5 ], [ 281617.92, 4156892.53 ], [ 281618.01, 4156892.57 ], [ 281618.09, 4156892.61 ], [ 281618.17, 4156892.67 ], [ 281618.25, 4156892.73 ], [ 281618.32, 4156892.8 ], [ 281618.38, 4156892.88 ], [ 281618.43, 4156892.96 ], [ 281618.48, 4156893.05 ], [ 281618.51, 4156893.14 ], [ 281618.54, 4156893.23 ], [ 281618.71, 4156893.97 ], [ 281618.74, 4156893.97 ], [ 281618.84, 4156893.97 ], [ 281618.94, 4156893.98 ], [ 281619.03, 4156894.0 ], [ 281619.12, 4156894.03 ], [ 281619.21, 4156894.07 ], [ 281619.3, 4156894.11 ], [ 281619.38, 4156894.17 ], [ 281619.45, 4156894.23 ], [ 281619.52, 4156894.3 ], [ 281619.58, 4156894.38 ], [ 281619.64, 4156894.46 ], [ 281619.68, 4156894.55 ], [ 281619.72, 4156894.64 ], [ 281619.75, 4156894.73 ], [ 281620.3, 4156897.1 ], [ 281620.32, 4156897.19 ], [ 281620.33, 4156897.29 ], [ 281620.33, 4156897.39 ], [ 281620.32, 4156897.49 ], [ 281620.3, 4156897.58 ], [ 281620.27, 4156897.67 ], [ 281620.23, 4156897.76 ], [ 281620.18, 4156897.85 ], [ 281620.13, 4156897.93 ], [ 281620.06, 4156898.01 ], [ 281619.99, 4156898.07 ], [ 281619.92, 4156898.14 ], [ 281619.84, 4156898.19 ], [ 281619.8, 4156898.21 ], [ 281620.68, 4156901.91 ], [ 281620.69, 4156902.0 ], [ 281620.7, 4156902.1 ], [ 281620.7, 4156902.2 ], [ 281620.69, 4156902.3 ], [ 281620.67, 4156902.39 ], [ 281620.64, 4156902.49 ], [ 281620.6, 4156902.58 ], [ 281620.55, 4156902.66 ], [ 281620.5, 4156902.74 ], [ 281620.43, 4156902.82 ], [ 281620.36, 4156902.89 ], [ 281620.29, 4156902.95 ], [ 281620.21, 4156903.0 ], [ 281620.12, 4156903.05 ], [ 281620.03, 4156903.08 ], [ 281619.93, 4156903.11 ], [ 281617.45, 4156903.69 ], [ 281619.4, 4156906.19 ], [ 281620.02, 4156906.35 ], [ 281620.5, 4156906.24 ], [ 281620.6, 4156906.22 ], [ 281620.7, 4156906.22 ], [ 281620.8, 4156906.22 ], [ 281620.89, 4156906.23 ], [ 281620.99, 4156906.25 ], [ 281621.08, 4156906.28 ], [ 281621.17, 4156906.32 ], [ 281621.26, 4156906.37 ], [ 281621.34, 4156906.43 ], [ 281621.41, 4156906.49 ], [ 281621.48, 4156906.57 ], [ 281621.54, 4156906.64 ], [ 281621.59, 4156906.73 ], [ 281621.6, 4156906.74 ], [ 281628.86, 4156908.56 ], [ 281621.58, 4156876.12 ], [ 281621.0, 4156873.58 ], [ 281589.68, 4156874.86 ], [ 281588.91, 4156878.71 ], [ 281590.39, 4156878.34 ], [ 281590.48, 4156878.32 ], [ 281590.58, 4156878.31 ], [ 281590.68, 4156878.31 ], [ 281590.78, 4156878.32 ], [ 281590.87, 4156878.34 ], [ 281590.97, 4156878.36 ], [ 281591.06, 4156878.4 ], [ 281591.14, 4156878.45 ], [ 281591.22, 4156878.5 ], [ 281591.3, 4156878.56 ], [ 281591.37, 4156878.63 ] ] ], [ [ [ 281713.85, 4156901.49 ], [ 281714.36, 4156901.74 ], [ 281714.91, 4156902.21 ], [ 281716.12, 4156903.92 ], [ 281716.38, 4156904.59 ], [ 281718.1, 4156918.38 ], [ 281718.18, 4156918.39 ], [ 281718.27, 4156918.41 ], [ 281718.37, 4156918.44 ], [ 281718.46, 4156918.47 ], [ 281718.54, 4156918.52 ], [ 281718.62, 4156918.58 ], [ 281718.7, 4156918.64 ], [ 281718.77, 4156918.71 ], [ 281718.83, 4156918.79 ], [ 281718.88, 4156918.87 ], [ 281718.93, 4156918.96 ], [ 281718.96, 4156919.05 ], [ 281718.99, 4156919.14 ], [ 281719.42, 4156920.95 ], [ 281719.44, 4156921.05 ], [ 281719.44, 4156921.15 ], [ 281719.44, 4156921.25 ], [ 281719.43, 4156921.34 ], [ 281719.41, 4156921.44 ], [ 281719.38, 4156921.53 ], [ 281719.34, 4156921.63 ], [ 281719.29, 4156921.71 ], [ 281719.24, 4156921.79 ], [ 281719.17, 4156921.87 ], [ 281719.1, 4156921.94 ], [ 281719.03, 4156922.0 ], [ 281718.94, 4156922.05 ], [ 281718.86, 4156922.1 ], [ 281718.76, 4156922.13 ], [ 281718.67, 4156922.16 ], [ 281718.66, 4156922.16 ], [ 281719.22, 4156924.54 ], [ 281719.24, 4156924.63 ], [ 281719.25, 4156924.73 ], [ 281719.25, 4156924.83 ], [ 281719.23, 4156924.93 ], [ 281719.21, 4156925.02 ], [ 281719.18, 4156925.12 ], [ 281719.14, 4156925.21 ], [ 281719.1, 4156925.29 ], [ 281719.04, 4156925.37 ], [ 281718.98, 4156925.45 ], [ 281718.91, 4156925.52 ], [ 281718.83, 4156925.58 ], [ 281718.75, 4156925.63 ], [ 281718.66, 4156925.68 ], [ 281718.57, 4156925.71 ], [ 281718.47, 4156925.74 ], [ 281717.74, 4156925.91 ], [ 281716.96, 4156927.15 ], [ 281717.15, 4156928.85 ], [ 281719.25, 4156928.38 ], [ 281719.35, 4156928.36 ], [ 281719.45, 4156928.35 ], [ 281719.55, 4156928.35 ], [ 281719.64, 4156928.37 ], [ 281719.74, 4156928.39 ], [ 281719.83, 4156928.42 ], [ 281719.92, 4156928.46 ], [ 281720.01, 4156928.51 ], [ 281720.09, 4156928.56 ], [ 281720.16, 4156928.63 ], [ 281720.23, 4156928.7 ], [ 281720.29, 4156928.77 ], [ 281720.34, 4156928.86 ], [ 281720.39, 4156928.95 ], [ 281720.42, 4156929.04 ], [ 281720.45, 4156929.13 ], [ 281721.77, 4156934.98 ], [ 281721.79, 4156935.08 ], [ 281721.79, 4156935.18 ], [ 281721.79, 4156935.27 ], [ 281721.78, 4156935.37 ], [ 281721.76, 4156935.47 ], [ 281721.73, 4156935.56 ], [ 281721.69, 4156935.65 ], [ 281721.64, 4156935.73 ], [ 281721.58, 4156935.81 ], [ 281721.52, 4156935.89 ], [ 281721.45, 4156935.96 ], [ 281721.37, 4156936.02 ], [ 281721.29, 4156936.07 ], [ 281721.2, 4156936.11 ], [ 281721.11, 4156936.15 ], [ 281721.02, 4156936.18 ], [ 281720.24, 4156936.36 ], [ 281720.67, 4156938.26 ], [ 281720.69, 4156938.36 ], [ 281720.7, 4156938.46 ], [ 281720.69, 4156938.56 ], [ 281720.68, 4156938.65 ], [ 281720.66, 4156938.75 ], [ 281720.63, 4156938.84 ], [ 281720.59, 4156938.93 ], [ 281720.54, 4156939.02 ], [ 281720.48, 4156939.1 ], [ 281720.42, 4156939.17 ], [ 281720.35, 4156939.24 ], [ 281720.27, 4156939.3 ], [ 281720.19, 4156939.35 ], [ 281720.1, 4156939.4 ], [ 281720.01, 4156939.43 ], [ 281719.91, 4156939.46 ], [ 281719.72, 4156939.5 ], [ 281720.96, 4156941.36 ], [ 281721.29, 4156941.28 ], [ 281721.39, 4156941.26 ], [ 281721.49, 4156941.25 ], [ 281721.59, 4156941.25 ], [ 281721.68, 4156941.26 ], [ 281721.78, 4156941.27 ], [ 281721.87, 4156941.3 ], [ 281721.96, 4156941.34 ], [ 281722.05, 4156941.39 ], [ 281722.13, 4156941.44 ], [ 281722.21, 4156941.5 ], [ 281722.28, 4156941.57 ], [ 281722.34, 4156941.65 ], [ 281722.39, 4156941.73 ], [ 281722.44, 4156941.82 ], [ 281722.48, 4156941.91 ], [ 281722.51, 4156942.0 ], [ 281722.51, 4156942.03 ], [ 281722.55, 4156942.05 ], [ 281724.71, 4156944.2 ], [ 281725.13, 4156945.22 ], [ 281725.13, 4156955.12 ], [ 281725.84, 4156954.95 ], [ 281725.93, 4156954.93 ], [ 281726.03, 4156954.92 ], [ 281726.13, 4156954.92 ], [ 281726.23, 4156954.93 ], [ 281726.32, 4156954.95 ], [ 281726.42, 4156954.98 ], [ 281726.51, 4156955.01 ], [ 281726.59, 4156955.06 ], [ 281726.68, 4156955.11 ], [ 281726.75, 4156955.18 ], [ 281726.82, 4156955.25 ], [ 281726.88, 4156955.32 ], [ 281726.94, 4156955.4 ], [ 281726.98, 4156955.49 ], [ 281727.02, 4156955.58 ], [ 281727.05, 4156955.67 ], [ 281729.16, 4156964.1 ], [ 281729.18, 4156964.2 ], [ 281729.19, 4156964.3 ], [ 281729.19, 4156964.4 ], [ 281729.18, 4156964.49 ], [ 281729.16, 4156964.59 ], [ 281729.13, 4156964.68 ], [ 281729.1, 4156964.77 ], [ 281729.05, 4156964.86 ], [ 281729.0, 4156964.94 ], [ 281728.93, 4156965.02 ], [ 281728.86, 4156965.09 ], [ 281728.79, 4156965.15 ], [ 281728.71, 4156965.2 ], [ 281728.62, 4156965.25 ], [ 281728.53, 4156965.29 ], [ 281728.43, 4156965.32 ], [ 281725.42, 4156966.06 ], [ 281726.93, 4156968.32 ], [ 281729.14, 4156967.85 ], [ 281729.23, 4156967.83 ], [ 281729.33, 4156967.82 ], [ 281729.43, 4156967.83 ], [ 281729.53, 4156967.84 ], [ 281729.62, 4156967.86 ], [ 281729.72, 4156967.9 ], [ 281729.8, 4156967.94 ], [ 281729.89, 4156967.99 ], [ 281729.97, 4156968.04 ], [ 281730.04, 4156968.11 ], [ 281730.11, 4156968.18 ], [ 281730.17, 4156968.26 ], [ 281730.22, 4156968.34 ], [ 281730.26, 4156968.43 ], [ 281730.3, 4156968.52 ], [ 281730.32, 4156968.62 ], [ 281731.03, 4156971.93 ], [ 281731.82, 4156971.76 ], [ 281731.92, 4156971.75 ], [ 281732.02, 4156971.74 ], [ 281732.11, 4156971.74 ], [ 281732.21, 4156971.76 ], [ 281732.31, 4156971.78 ], [ 281732.4, 4156971.81 ], [ 281732.49, 4156971.85 ], [ 281732.57, 4156971.9 ], [ 281732.65, 4156971.96 ], [ 281732.73, 4156972.02 ], [ 281732.79, 4156972.09 ], [ 281732.85, 4156972.17 ], [ 281732.9, 4156972.26 ], [ 281732.95, 4156972.34 ], [ 281732.98, 4156972.44 ], [ 281733.01, 4156972.53 ], [ 281733.94, 4156976.85 ], [ 281733.95, 4156976.94 ], [ 281733.96, 4156977.04 ], [ 281733.95, 4156977.14 ], [ 281733.94, 4156977.24 ], [ 281733.92, 4156977.33 ], [ 281733.89, 4156977.43 ], [ 281733.85, 4156977.52 ], [ 281733.8, 4156977.6 ], [ 281733.74, 4156977.68 ], [ 281733.67, 4156977.76 ], [ 281733.6, 4156977.82 ], [ 281733.52, 4156977.88 ], [ 281733.44, 4156977.93 ], [ 281733.35, 4156977.98 ], [ 281733.26, 4156978.01 ], [ 281733.17, 4156978.04 ], [ 281730.06, 4156978.7 ], [ 281728.55, 4156980.2 ], [ 281727.53, 4156980.63 ], [ 281720.99, 4156980.63 ], [ 281720.9, 4156980.65 ], [ 281720.8, 4156980.66 ], [ 281720.7, 4156980.67 ], [ 281720.61, 4156980.66 ], [ 281720.51, 4156980.65 ], [ 281720.41, 4156980.63 ], [ 281720.4, 4156980.63 ], [ 281719.73, 4156980.63 ], [ 281718.71, 4156980.2 ], [ 281716.55, 4156978.05 ], [ 281716.13, 4156977.03 ], [ 281716.13, 4156972.01 ], [ 281716.06, 4156971.66 ], [ 281716.04, 4156971.56 ], [ 281716.03, 4156971.46 ], [ 281716.04, 4156971.36 ], [ 281716.05, 4156971.27 ], [ 281716.07, 4156971.17 ], [ 281716.1, 4156971.08 ], [ 281716.13, 4156971.02 ], [ 281716.13, 4156959.63 ], [ 281713.13, 4156956.63 ], [ 281702.35, 4156956.63 ], [ 281700.43, 4156957.06 ], [ 281703.65, 4156971.14 ], [ 281703.71, 4156971.2 ], [ 281704.13, 4156972.22 ], [ 281704.13, 4156973.27 ], [ 281706.21, 4156982.37 ], [ 281739.53, 4156981.58 ], [ 281739.33, 4156980.7 ], [ 281718.63, 4156890.6 ], [ 281718.37, 4156891.23 ], [ 281718.04, 4156891.71 ], [ 281713.24, 4156896.52 ], [ 281713.54, 4156897.93 ], [ 281713.55, 4156898.03 ], [ 281713.56, 4156898.13 ], [ 281713.56, 4156898.23 ], [ 281713.54, 4156898.32 ], [ 281713.52, 4156898.42 ], [ 281713.49, 4156898.51 ], [ 281713.45, 4156898.6 ], [ 281713.4, 4156898.68 ], [ 281713.85, 4156901.49 ] ] ], [ [ [ 281626.73, 4156926.23 ], [ 281626.69, 4156926.32 ], [ 281626.63, 4156926.4 ], [ 281626.57, 4156926.48 ], [ 281626.5, 4156926.54 ], [ 281626.42, 4156926.61 ], [ 281626.34, 4156926.66 ], [ 281626.25, 4156926.7 ], [ 281626.16, 4156926.74 ], [ 281626.06, 4156926.77 ], [ 281625.98, 4156926.79 ], [ 281626.46, 4156928.8 ], [ 281626.48, 4156928.9 ], [ 281626.49, 4156929.0 ], [ 281626.49, 4156929.09 ], [ 281626.47, 4156929.19 ], [ 281626.45, 4156929.29 ], [ 281626.42, 4156929.38 ], [ 281626.39, 4156929.47 ], [ 281626.34, 4156929.56 ], [ 281626.28, 4156929.64 ], [ 281626.22, 4156929.72 ], [ 281626.15, 4156929.78 ], [ 281626.07, 4156929.85 ], [ 281625.99, 4156929.9 ], [ 281625.9, 4156929.94 ], [ 281625.81, 4156929.98 ], [ 281625.72, 4156930.01 ], [ 281622.8, 4156930.7 ], [ 281622.78, 4156930.72 ], [ 281624.01, 4156933.33 ], [ 281626.02, 4156932.86 ], [ 281626.11, 4156932.84 ], [ 281626.21, 4156932.83 ], [ 281626.31, 4156932.84 ], [ 281626.41, 4156932.85 ], [ 281626.5, 4156932.87 ], [ 281626.59, 4156932.9 ], [ 281626.68, 4156932.94 ], [ 281626.77, 4156932.99 ], [ 281626.85, 4156933.04 ], [ 281626.92, 4156933.1 ], [ 281626.99, 4156933.18 ], [ 281627.05, 4156933.25 ], [ 281627.11, 4156933.33 ], [ 281627.15, 4156933.42 ], [ 281627.19, 4156933.51 ], [ 281627.22, 4156933.61 ], [ 281627.79, 4156936.05 ], [ 281627.82, 4156936.04 ], [ 281627.92, 4156936.03 ], [ 281628.02, 4156936.03 ], [ 281628.12, 4156936.05 ], [ 281628.21, 4156936.07 ], [ 281628.3, 4156936.1 ], [ 281628.39, 4156936.13 ], [ 281628.48, 4156936.18 ], [ 281628.56, 4156936.24 ], [ 281628.64, 4156936.3 ], [ 281628.7, 4156936.37 ], [ 281628.76, 4156936.45 ], [ 281628.82, 4156936.53 ], [ 281628.86, 4156936.62 ], [ 281628.9, 4156936.71 ], [ 281628.93, 4156936.8 ], [ 281629.38, 4156938.74 ], [ 281629.4, 4156938.84 ], [ 281629.41, 4156938.94 ], [ 281629.41, 4156939.04 ], [ 281629.4, 4156939.14 ], [ 281629.38, 4156939.23 ], [ 281629.35, 4156939.33 ], [ 281629.31, 4156939.42 ], [ 281629.26, 4156939.5 ], [ 281629.2, 4156939.58 ], [ 281629.14, 4156939.66 ], [ 281629.13, 4156939.67 ], [ 281629.13, 4156941.03 ], [ 281628.97, 4156941.43 ], [ 281629.16, 4156942.25 ], [ 281629.18, 4156942.35 ], [ 281629.18, 4156942.45 ], [ 281629.18, 4156942.54 ], [ 281629.17, 4156942.64 ], [ 281629.15, 4156942.74 ], [ 281629.12, 4156942.83 ], [ 281629.08, 4156942.92 ], [ 281629.03, 4156943.01 ], [ 281628.98, 4156943.09 ], [ 281628.91, 4156943.16 ], [ 281628.84, 4156943.23 ], [ 281628.77, 4156943.29 ], [ 281628.68, 4156943.34 ], [ 281628.6, 4156943.39 ], [ 281628.5, 4156943.43 ], [ 281628.41, 4156943.45 ], [ 281627.64, 4156943.63 ], [ 281628.16, 4156946.71 ], [ 281629.83, 4156946.32 ], [ 281629.92, 4156946.3 ], [ 281630.02, 4156946.29 ], [ 281630.12, 4156946.3 ], [ 281630.22, 4156946.31 ], [ 281630.31, 4156946.33 ], [ 281630.41, 4156946.36 ], [ 281630.5, 4156946.4 ], [ 281630.58, 4156946.44 ], [ 281630.66, 4156946.5 ], [ 281630.74, 4156946.56 ], [ 281630.81, 4156946.63 ], [ 281630.87, 4156946.71 ], [ 281630.92, 4156946.79 ], [ 281630.96, 4156946.88 ], [ 281631.0, 4156946.97 ], [ 281631.03, 4156947.07 ], [ 281632.29, 4156952.51 ], [ 281632.31, 4156952.6 ], [ 281632.32, 4156952.7 ], [ 281632.32, 4156952.8 ], [ 281632.31, 4156952.9 ], [ 281632.28, 4156953.0 ], [ 281632.25, 4156953.09 ], [ 281632.21, 4156953.18 ], [ 281632.17, 4156953.26 ], [ 281632.11, 4156953.35 ], [ 281632.05, 4156953.42 ], [ 281631.98, 4156953.49 ], [ 281631.9, 4156953.55 ], [ 281631.82, 4156953.6 ], [ 281631.73, 4156953.65 ], [ 281631.64, 4156953.68 ], [ 281631.54, 4156953.71 ], [ 281630.7, 4156953.9 ], [ 281631.18, 4156955.94 ], [ 281631.2, 4156956.04 ], [ 281631.21, 4156956.14 ], [ 281631.2, 4156956.24 ], [ 281631.19, 4156956.34 ], [ 281631.17, 4156956.43 ], [ 281631.14, 4156956.53 ], [ 281631.1, 4156956.62 ], [ 281631.06, 4156956.7 ], [ 281631.0, 4156956.78 ], [ 281630.94, 4156956.86 ], [ 281630.87, 4156956.93 ], [ 281630.79, 4156956.99 ], [ 281630.71, 4156957.04 ], [ 281630.62, 4156957.08 ], [ 281630.53, 4156957.12 ], [ 281630.43, 4156957.15 ], [ 281630.22, 4156957.2 ], [ 281631.53, 4156959.97 ], [ 281631.61, 4156960.01 ], [ 281632.93, 4156959.71 ], [ 281633.03, 4156959.69 ], [ 281633.13, 4156959.68 ], [ 281633.23, 4156959.68 ], [ 281633.33, 4156959.7 ], [ 281633.42, 4156959.72 ], [ 281633.52, 4156959.75 ], [ 281633.61, 4156959.79 ], [ 281633.69, 4156959.84 ], [ 281633.77, 4156959.9 ], [ 281633.85, 4156959.96 ], [ 281633.92, 4156960.03 ], [ 281633.98, 4156960.11 ], [ 281634.03, 4156960.19 ], [ 281634.07, 4156960.28 ], [ 281634.11, 4156960.38 ], [ 281634.13, 4156960.47 ], [ 281636.0, 4156969.11 ], [ 281636.01, 4156969.2 ], [ 281636.02, 4156969.3 ], [ 281636.01, 4156969.4 ], [ 281636.0, 4156969.5 ], [ 281635.98, 4156969.59 ], [ 281635.95, 4156969.68 ], [ 281635.91, 4156969.77 ], [ 281635.86, 4156969.86 ], [ 281635.8, 4156969.94 ], [ 281635.74, 4156970.01 ], [ 281635.66, 4156970.08 ], [ 281635.59, 4156970.14 ], [ 281635.5, 4156970.19 ], [ 281635.42, 4156970.23 ], [ 281635.32, 4156970.27 ], [ 281635.23, 4156970.29 ], [ 281632.9, 4156970.8 ], [ 281632.8, 4156971.29 ], [ 281633.92, 4156973.4 ], [ 281635.78, 4156973.01 ], [ 281635.87, 4156972.99 ], [ 281635.97, 4156972.99 ], [ 281636.07, 4156972.99 ], [ 281636.17, 4156973.01 ], [ 281636.26, 4156973.03 ], [ 281636.35, 4156973.06 ], [ 281636.44, 4156973.1 ], [ 281636.53, 4156973.15 ], [ 281636.61, 4156973.21 ], [ 281636.68, 4156973.27 ], [ 281636.75, 4156973.34 ], [ 281636.81, 4156973.42 ], [ 281636.86, 4156973.51 ], [ 281636.9, 4156973.59 ], [ 281636.93, 4156973.69 ], [ 281636.96, 4156973.78 ], [ 281637.68, 4156977.17 ], [ 281637.71, 4156977.2 ], [ 281638.13, 4156978.22 ], [ 281638.13, 4156979.31 ], [ 281638.85, 4156982.72 ], [ 281645.36, 4156982.13 ], [ 281644.32, 4156977.48 ], [ 281644.13, 4156977.03 ], [ 281644.13, 4156976.65 ], [ 281637.87, 4156948.74 ], [ 281637.86, 4156948.71 ], [ 281637.85, 4156948.64 ], [ 281633.13, 4156927.63 ], [ 281631.25, 4156925.75 ], [ 281627.01, 4156925.75 ], [ 281626.82, 4156925.93 ], [ 281626.82, 4156925.95 ], [ 281626.8, 4156926.05 ], [ 281626.77, 4156926.14 ], [ 281626.73, 4156926.23 ] ] ], [ [ [ 281666.09, 4156993.62 ], [ 281666.88, 4156996.95 ], [ 281666.88, 4156996.96 ], [ 281667.57, 4157000.0 ], [ 281703.97, 4157000.0 ], [ 281701.96, 4156991.18 ], [ 281666.09, 4156993.62 ] ] ], [ [ [ 281648.28, 4156994.65 ], [ 281613.34, 4156996.26 ], [ 281614.2, 4157000.0 ], [ 281617.67, 4157000.0 ], [ 281617.67, 4156999.99 ], [ 281617.69, 4156999.89 ], [ 281617.72, 4156999.8 ], [ 281617.76, 4156999.71 ], [ 281617.81, 4156999.62 ], [ 281617.87, 4156999.54 ], [ 281617.93, 4156999.47 ], [ 281618.0, 4156999.4 ], [ 281618.08, 4156999.34 ], [ 281618.16, 4156999.29 ], [ 281618.25, 4156999.24 ], [ 281618.34, 4156999.21 ], [ 281618.43, 4156999.18 ], [ 281618.53, 4156999.16 ], [ 281618.63, 4156999.15 ], [ 281623.44, 4156999.01 ], [ 281623.54, 4156999.01 ], [ 281623.64, 4156999.02 ], [ 281623.73, 4156999.04 ], [ 281623.82, 4156999.07 ], [ 281623.91, 4156999.11 ], [ 281624.0, 4156999.16 ], [ 281624.08, 4156999.21 ], [ 281624.16, 4156999.28 ], [ 281624.22, 4156999.35 ], [ 281624.28, 4156999.42 ], [ 281624.34, 4156999.51 ], [ 281624.38, 4156999.59 ], [ 281624.42, 4156999.69 ], [ 281624.45, 4156999.78 ], [ 281624.46, 4156999.88 ], [ 281624.47, 4156999.97 ], [ 281624.47, 4157000.0 ], [ 281649.53, 4157000.0 ], [ 281649.05, 4156997.95 ], [ 281648.28, 4156994.65 ] ] ], [ [ [ 281722.21, 4156759.72 ], [ 281722.17, 4156759.81 ], [ 281722.12, 4156759.9 ], [ 281722.07, 4156759.98 ], [ 281722.0, 4156760.06 ], [ 281721.93, 4156760.13 ], [ 281721.86, 4156760.19 ], [ 281721.77, 4156760.24 ], [ 281721.69, 4156760.29 ], [ 281721.6, 4156760.32 ], [ 281721.5, 4156760.35 ], [ 281720.63, 4156760.56 ], [ 281721.19, 4156763.89 ], [ 281722.56, 4156763.55 ], [ 281722.66, 4156763.54 ], [ 281722.76, 4156763.53 ], [ 281722.86, 4156763.53 ], [ 281722.95, 4156763.54 ], [ 281723.05, 4156763.56 ], [ 281723.14, 4156763.59 ], [ 281723.23, 4156763.63 ], [ 281723.32, 4156763.67 ], [ 281723.4, 4156763.73 ], [ 281723.48, 4156763.79 ], [ 281723.55, 4156763.86 ], [ 281723.61, 4156763.94 ], [ 281723.66, 4156764.02 ], [ 281723.71, 4156764.1 ], [ 281723.74, 4156764.2 ], [ 281723.77, 4156764.29 ], [ 281725.78, 4156772.54 ], [ 281725.8, 4156772.64 ], [ 281725.81, 4156772.74 ], [ 281725.81, 4156772.84 ], [ 281725.8, 4156772.93 ], [ 281725.78, 4156773.03 ], [ 281725.75, 4156773.12 ], [ 281725.71, 4156773.21 ], [ 281725.67, 4156773.3 ], [ 281725.61, 4156773.38 ], [ 281725.59, 4156773.4 ], [ 281728.79, 4156772.97 ], [ 281730.71, 4156771.05 ], [ 281731.73, 4156770.63 ], [ 281734.13, 4156770.63 ], [ 281736.57, 4156769.0 ], [ 281736.11, 4156767.01 ], [ 281736.1, 4156766.91 ], [ 281736.09, 4156766.81 ], [ 281736.09, 4156766.71 ], [ 281736.1, 4156766.62 ], [ 281736.12, 4156766.52 ], [ 281736.15, 4156766.43 ], [ 281736.19, 4156766.34 ], [ 281736.24, 4156766.25 ], [ 281736.3, 4156766.17 ], [ 281736.36, 4156766.1 ], [ 281736.43, 4156766.03 ], [ 281736.51, 4156765.97 ], [ 281736.59, 4156765.91 ], [ 281736.68, 4156765.87 ], [ 281736.77, 4156765.83 ], [ 281736.87, 4156765.81 ], [ 281737.1, 4156765.75 ], [ 281736.9, 4156764.86 ], [ 281736.88, 4156764.77 ], [ 281736.87, 4156764.67 ], [ 281736.87, 4156764.57 ], [ 281736.89, 4156764.48 ], [ 281736.91, 4156764.38 ], [ 281736.94, 4156764.29 ], [ 281736.98, 4156764.2 ], [ 281737.02, 4156764.11 ], [ 281737.08, 4156764.03 ], [ 281737.14, 4156763.96 ], [ 281737.21, 4156763.89 ], [ 281737.29, 4156763.83 ], [ 281737.37, 4156763.77 ], [ 281737.46, 4156763.73 ], [ 281737.55, 4156763.69 ], [ 281737.65, 4156763.67 ], [ 281740.3, 4156763.05 ], [ 281740.4, 4156763.04 ], [ 281740.5, 4156763.03 ], [ 281740.59, 4156763.03 ], [ 281740.69, 4156763.04 ], [ 281740.79, 4156763.06 ], [ 281740.88, 4156763.09 ], [ 281740.97, 4156763.13 ], [ 281741.06, 4156763.18 ], [ 281741.14, 4156763.23 ], [ 281741.21, 4156763.3 ], [ 281741.28, 4156763.37 ], [ 281741.34, 4156763.45 ], [ 281741.39, 4156763.53 ], [ 281741.44, 4156763.62 ], [ 281741.47, 4156763.71 ], [ 281741.5, 4156763.8 ], [ 281741.69, 4156764.63 ], [ 281742.17, 4156764.63 ], [ 281738.87, 4156750.0 ], [ 281727.38, 4156750.0 ], [ 281723.79, 4156751.8 ], [ 281722.13, 4156754.48 ], [ 281722.13, 4156758.03 ], [ 281722.03, 4156758.28 ], [ 281722.24, 4156759.14 ], [ 281722.26, 4156759.24 ], [ 281722.27, 4156759.34 ], [ 281722.27, 4156759.44 ], [ 281722.26, 4156759.53 ], [ 281722.24, 4156759.63 ], [ 281722.21, 4156759.72 ] ] ], [ [ [ 281750.0, 4156750.0 ], [ 281745.13, 4156750.0 ], [ 281750.0, 4156771.61 ], [ 281750.0, 4156750.0 ] ] ], [ [ [ 281741.75, 4156797.56 ], [ 281741.67, 4156797.51 ], [ 281741.59, 4156797.44 ], [ 281741.53, 4156797.37 ], [ 281741.47, 4156797.29 ], [ 281741.42, 4156797.21 ], [ 281741.38, 4156797.12 ], [ 281741.34, 4156797.03 ], [ 281741.32, 4156796.93 ], [ 281741.03, 4156795.52 ], [ 281740.55, 4156795.05 ], [ 281740.13, 4156794.03 ], [ 281740.13, 4156791.2 ], [ 281739.92, 4156790.18 ], [ 281739.9, 4156790.09 ], [ 281739.9, 4156789.99 ], [ 281739.9, 4156789.89 ], [ 281739.92, 4156789.79 ], [ 281739.94, 4156789.7 ], [ 281739.97, 4156789.6 ], [ 281740.01, 4156789.52 ], [ 281740.06, 4156789.43 ], [ 281740.12, 4156789.35 ], [ 281740.13, 4156789.34 ], [ 281740.13, 4156783.77 ], [ 281737.55, 4156780.8 ], [ 281734.25, 4156782.95 ], [ 281733.91, 4156784.13 ], [ 281732.69, 4156786.1 ], [ 281732.1, 4156786.64 ], [ 281731.17, 4156787.11 ], [ 281730.5, 4156789.65 ], [ 281730.73, 4156789.6 ], [ 281730.83, 4156789.58 ], [ 281730.93, 4156789.57 ], [ 281731.03, 4156789.58 ], [ 281731.12, 4156789.59 ], [ 281731.22, 4156789.61 ], [ 281731.31, 4156789.65 ], [ 281731.4, 4156789.69 ], [ 281731.48, 4156789.74 ], [ 281731.56, 4156789.79 ], [ 281731.64, 4156789.86 ], [ 281731.7, 4156789.93 ], [ 281731.76, 4156790.01 ], [ 281731.81, 4156790.09 ], [ 281731.86, 4156790.18 ], [ 281731.89, 4156790.27 ], [ 281731.92, 4156790.37 ], [ 281732.56, 4156793.38 ], [ 281732.58, 4156793.48 ], [ 281732.58, 4156793.57 ], [ 281732.58, 4156793.67 ], [ 281732.57, 4156793.77 ], [ 281732.55, 4156793.86 ], [ 281732.51, 4156793.96 ], [ 281732.47, 4156794.04 ], [ 281732.43, 4156794.13 ], [ 281732.37, 4156794.21 ], [ 281732.3, 4156794.28 ], [ 281732.23, 4156794.35 ], [ 281732.16, 4156794.41 ], [ 281732.07, 4156794.46 ], [ 281732.03, 4156794.48 ], [ 281732.48, 4156795.15 ], [ 281732.72, 4156796.1 ], [ 281732.57, 4156797.59 ], [ 281732.9, 4156799.15 ], [ 281732.92, 4156799.24 ], [ 281732.92, 4156799.34 ], [ 281732.92, 4156799.44 ], [ 281732.9, 4156799.54 ], [ 281732.88, 4156799.63 ], [ 281732.85, 4156799.73 ], [ 281732.81, 4156799.82 ], [ 281732.76, 4156799.9 ], [ 281732.7, 4156799.98 ], [ 281732.64, 4156800.05 ], [ 281732.56, 4156800.12 ], [ 281732.49, 4156800.18 ], [ 281732.4, 4156800.23 ], [ 281732.31, 4156800.27 ], [ 281732.22, 4156800.31 ], [ 281732.13, 4156800.33 ], [ 281731.62, 4156800.44 ], [ 281732.74, 4156805.16 ], [ 281733.72, 4156805.49 ], [ 281734.55, 4156806.21 ], [ 281735.09, 4156807.28 ], [ 281736.87, 4156806.89 ], [ 281736.97, 4156806.88 ], [ 281737.07, 4156806.87 ], [ 281737.17, 4156806.87 ], [ 281737.26, 4156806.88 ], [ 281737.36, 4156806.91 ], [ 281737.45, 4156806.94 ], [ 281737.54, 4156806.98 ], [ 281737.63, 4156807.03 ], [ 281737.71, 4156807.08 ], [ 281737.78, 4156807.15 ], [ 281737.85, 4156807.22 ], [ 281737.91, 4156807.3 ], [ 281737.96, 4156807.38 ], [ 281738.0, 4156807.47 ], [ 281738.04, 4156807.56 ], [ 281738.06, 4156807.65 ], [ 281739.02, 4156811.94 ], [ 281739.03, 4156812.03 ], [ 281739.04, 4156812.13 ], [ 281739.04, 4156812.23 ], [ 281739.03, 4156812.33 ], [ 281739.0, 4156812.42 ], [ 281738.97, 4156812.52 ], [ 281738.93, 4156812.61 ], [ 281738.88, 4156812.69 ], [ 281738.83, 4156812.77 ], [ 281738.76, 4156812.85 ], [ 281738.69, 4156812.91 ], [ 281738.61, 4156812.97 ], [ 281738.53, 4156813.03 ], [ 281738.44, 4156813.07 ], [ 281738.35, 4156813.1 ], [ 281738.26, 4156813.13 ], [ 281737.72, 4156813.25 ], [ 281739.05, 4156814.81 ], [ 281749.62, 4156813.04 ], [ 281750.0, 4156812.6 ], [ 281750.0, 4156803.89 ], [ 281744.23, 4156805.5 ], [ 281744.13, 4156805.52 ], [ 281744.03, 4156805.53 ], [ 281743.93, 4156805.53 ], [ 281743.83, 4156805.53 ], [ 281743.74, 4156805.51 ], [ 281743.64, 4156805.48 ], [ 281743.55, 4156805.45 ], [ 281743.46, 4156805.4 ], [ 281743.38, 4156805.35 ], [ 281743.3, 4156805.28 ], [ 281743.23, 4156805.22 ], [ 281743.16, 4156805.14 ], [ 281743.11, 4156805.06 ], [ 281743.06, 4156804.97 ], [ 281743.02, 4156804.88 ], [ 281742.99, 4156804.78 ], [ 281741.94, 4156800.67 ], [ 281741.92, 4156800.57 ], [ 281741.91, 4156800.47 ], [ 281741.91, 4156800.38 ], [ 281741.92, 4156800.28 ], [ 281741.94, 4156800.18 ], [ 281741.96, 4156800.09 ], [ 281742.0, 4156800.0 ], [ 281742.05, 4156799.91 ], [ 281742.1, 4156799.83 ], [ 281742.16, 4156799.75 ], [ 281742.23, 4156799.68 ], [ 281742.31, 4156799.62 ], [ 281742.39, 4156799.56 ], [ 281742.48, 4156799.52 ], [ 281742.57, 4156799.48 ], [ 281742.66, 4156799.45 ], [ 281748.78, 4156797.9 ], [ 281748.88, 4156797.88 ], [ 281748.98, 4156797.87 ], [ 281749.08, 4156797.87 ], [ 281749.17, 4156797.88 ], [ 281749.27, 4156797.9 ], [ 281749.36, 4156797.93 ], [ 281749.45, 4156797.97 ], [ 281749.54, 4156798.01 ], [ 281749.62, 4156798.07 ], [ 281749.7, 4156798.13 ], [ 281749.74, 4156798.17 ], [ 281749.32, 4156796.3 ], [ 281749.28, 4156796.31 ], [ 281746.97, 4156796.78 ], [ 281746.55, 4156797.2 ], [ 281745.53, 4156797.63 ], [ 281743.73, 4156797.63 ], [ 281743.45, 4156797.51 ], [ 281742.5, 4156797.71 ], [ 281742.4, 4156797.72 ], [ 281742.3, 4156797.73 ], [ 281742.21, 4156797.72 ], [ 281742.11, 4156797.71 ], [ 281742.01, 4156797.69 ], [ 281741.92, 4156797.65 ], [ 281741.83, 4156797.61 ], [ 281741.75, 4156797.56 ] ] ], [ [ [ 281740.1, 4156834.15 ], [ 281740.29, 4156834.11 ], [ 281740.39, 4156834.09 ], [ 281740.49, 4156834.09 ], [ 281740.59, 4156834.09 ], [ 281740.68, 4156834.1 ], [ 281740.78, 4156834.13 ], [ 281740.87, 4156834.16 ], [ 281740.96, 4156834.2 ], [ 281741.04, 4156834.25 ], [ 281741.12, 4156834.3 ], [ 281741.2, 4156834.37 ], [ 281741.26, 4156834.44 ], [ 281741.32, 4156834.52 ], [ 281741.38, 4156834.6 ], [ 281741.42, 4156834.69 ], [ 281741.45, 4156834.78 ], [ 281741.48, 4156834.88 ], [ 281742.5, 4156839.61 ], [ 281742.51, 4156839.71 ], [ 281742.52, 4156839.81 ], [ 281742.52, 4156839.91 ], [ 281742.5, 4156840.0 ], [ 281742.48, 4156840.1 ], [ 281742.45, 4156840.19 ], [ 281742.41, 4156840.28 ], [ 281742.36, 4156840.37 ], [ 281742.3, 4156840.45 ], [ 281742.24, 4156840.52 ], [ 281742.16, 4156840.59 ], [ 281742.09, 4156840.65 ], [ 281742.0, 4156840.7 ], [ 281741.91, 4156840.74 ], [ 281741.82, 4156840.78 ], [ 281741.73, 4156840.8 ], [ 281740.55, 4156841.05 ], [ 281742.18, 4156843.31 ], [ 281746.63, 4156844.79 ], [ 281747.36, 4156845.32 ], [ 281748.86, 4156847.4 ], [ 281749.13, 4156848.26 ], [ 281749.13, 4156850.56 ], [ 281749.27, 4156851.13 ], [ 281749.29, 4156851.22 ], [ 281749.3, 4156851.32 ], [ 281749.3, 4156851.42 ], [ 281749.29, 4156851.52 ], [ 281749.28, 4156851.61 ], [ 281749.25, 4156851.71 ], [ 281749.21, 4156851.8 ], [ 281749.16, 4156851.88 ], [ 281749.11, 4156851.97 ], [ 281749.05, 4156852.04 ], [ 281748.98, 4156852.11 ], [ 281748.9, 4156852.17 ], [ 281748.82, 4156852.23 ], [ 281748.73, 4156852.28 ], [ 281748.64, 4156852.31 ], [ 281748.55, 4156852.34 ], [ 281748.37, 4156852.39 ], [ 281746.55, 4156854.2 ], [ 281745.53, 4156854.63 ], [ 281739.42, 4156854.63 ], [ 281734.37, 4156855.89 ], [ 281734.27, 4156855.91 ], [ 281734.17, 4156855.92 ], [ 281734.08, 4156855.92 ], [ 281733.98, 4156855.91 ], [ 281733.88, 4156855.89 ], [ 281733.79, 4156855.86 ], [ 281733.7, 4156855.82 ], [ 281733.61, 4156855.78 ], [ 281733.53, 4156855.72 ], [ 281733.45, 4156855.66 ], [ 281733.38, 4156855.59 ], [ 281733.32, 4156855.52 ], [ 281733.27, 4156855.43 ], [ 281733.22, 4156855.35 ], [ 281733.18, 4156855.26 ], [ 281733.15, 4156855.16 ], [ 281731.01, 4156846.65 ], [ 281730.99, 4156846.55 ], [ 281730.98, 4156846.45 ], [ 281730.98, 4156846.36 ], [ 281730.99, 4156846.26 ], [ 281731.01, 4156846.16 ], [ 281731.04, 4156846.07 ], [ 281731.08, 4156845.98 ], [ 281731.12, 4156845.89 ], [ 281731.18, 4156845.81 ], [ 281731.24, 4156845.73 ], [ 281731.31, 4156845.66 ], [ 281731.39, 4156845.6 ], [ 281731.47, 4156845.55 ], [ 281731.56, 4156845.5 ], [ 281731.65, 4156845.46 ], [ 281731.74, 4156845.43 ], [ 281732.84, 4156845.16 ], [ 281731.71, 4156842.92 ], [ 281731.66, 4156842.93 ], [ 281731.56, 4156842.92 ], [ 281731.46, 4156842.91 ], [ 281731.37, 4156842.89 ], [ 281731.27, 4156842.86 ], [ 281731.18, 4156842.81 ], [ 281731.1, 4156842.77 ], [ 281731.02, 4156842.71 ], [ 281730.95, 4156842.64 ], [ 281730.88, 4156842.57 ], [ 281730.82, 4156842.49 ], [ 281730.77, 4156842.41 ], [ 281730.72, 4156842.32 ], [ 281730.69, 4156842.23 ], [ 281730.67, 4156842.17 ], [ 281728.55, 4156840.05 ], [ 281728.13, 4156839.03 ], [ 281728.13, 4156834.22 ], [ 281728.55, 4156833.2 ], [ 281728.72, 4156833.04 ], [ 281728.71, 4156833.01 ], [ 281728.71, 4156832.91 ], [ 281728.71, 4156832.81 ], [ 281728.72, 4156832.71 ], [ 281728.75, 4156832.62 ], [ 281728.78, 4156832.52 ], [ 281728.82, 4156832.43 ], [ 281728.87, 4156832.35 ], [ 281728.93, 4156832.27 ], [ 281728.99, 4156832.2 ], [ 281729.06, 4156832.13 ], [ 281729.14, 4156832.07 ], [ 281729.22, 4156832.02 ], [ 281729.31, 4156831.97 ], [ 281729.41, 4156831.94 ], [ 281729.5, 4156831.92 ], [ 281729.93, 4156831.82 ], [ 281731.13, 4156830.63 ], [ 281730.79, 4156830.29 ], [ 281731.12, 4156828.87 ], [ 281729.59, 4156829.27 ], [ 281729.5, 4156829.29 ], [ 281729.4, 4156829.3 ], [ 281729.3, 4156829.31 ], [ 281729.2, 4156829.3 ], [ 281729.1, 4156829.28 ], [ 281729.01, 4156829.25 ], [ 281728.91, 4156829.21 ], [ 281728.83, 4156829.16 ], [ 281728.74, 4156829.11 ], [ 281728.67, 4156829.05 ], [ 281728.6, 4156828.97 ], [ 281728.53, 4156828.9 ], [ 281728.48, 4156828.81 ], [ 281728.43, 4156828.73 ], [ 281728.4, 4156828.63 ], [ 281728.37, 4156828.54 ], [ 281726.28, 4156819.83 ], [ 281726.26, 4156819.74 ], [ 281726.25, 4156819.64 ], [ 281726.26, 4156819.54 ], [ 281726.27, 4156819.44 ], [ 281726.29, 4156819.35 ], [ 281726.32, 4156819.25 ], [ 281726.35, 4156819.16 ], [ 281726.4, 4156819.08 ], [ 281726.46, 4156818.99 ], [ 281726.52, 4156818.92 ], [ 281726.59, 4156818.85 ], [ 281726.67, 4156818.79 ], [ 281726.75, 4156818.74 ], [ 281726.84, 4156818.69 ], [ 281726.93, 4156818.65 ], [ 281727.02, 4156818.63 ], [ 281729.75, 4156817.98 ], [ 281728.52, 4156815.54 ], [ 281728.1, 4156815.36 ], [ 281726.67, 4156815.68 ], [ 281726.57, 4156815.69 ], [ 281726.47, 4156815.7 ], [ 281726.38, 4156815.7 ], [ 281726.28, 4156815.69 ], [ 281726.18, 4156815.66 ], [ 281726.09, 4156815.63 ], [ 281726.0, 4156815.59 ], [ 281725.91, 4156815.54 ], [ 281725.83, 4156815.49 ], [ 281725.76, 4156815.42 ], [ 281725.69, 4156815.35 ], [ 281725.63, 4156815.27 ], [ 281725.58, 4156815.19 ], [ 281725.54, 4156815.1 ], [ 281725.5, 4156815.01 ], [ 281725.48, 4156814.92 ], [ 281723.59, 4156806.43 ], [ 281723.57, 4156806.33 ], [ 281723.57, 4156806.23 ], [ 281723.57, 4156806.13 ], [ 281723.58, 4156806.04 ], [ 281723.6, 4156805.94 ], [ 281723.64, 4156805.85 ], [ 281723.68, 4156805.76 ], [ 281723.72, 4156805.67 ], [ 281723.78, 4156805.59 ], [ 281723.85, 4156805.52 ], [ 281723.92, 4156805.45 ], [ 281724.0, 4156805.39 ], [ 281724.08, 4156805.34 ], [ 281724.17, 4156805.29 ], [ 281724.26, 4156805.26 ], [ 281724.35, 4156805.23 ], [ 281725.69, 4156804.94 ], [ 281725.6, 4156801.7 ], [ 281723.37, 4156802.17 ], [ 281723.27, 4156802.19 ], [ 281723.17, 4156802.2 ], [ 281723.07, 4156802.19 ], [ 281722.98, 4156802.18 ], [ 281722.88, 4156802.16 ], [ 281722.79, 4156802.12 ], [ 281722.7, 4156802.08 ], [ 281722.62, 4156802.03 ], [ 281722.54, 4156801.98 ], [ 281722.46, 4156801.91 ], [ 281722.4, 4156801.84 ], [ 281722.34, 4156801.76 ], [ 281722.29, 4156801.68 ], [ 281722.24, 4156801.59 ], [ 281722.21, 4156801.5 ], [ 281722.18, 4156801.4 ], [ 281721.65, 4156798.88 ], [ 281721.16, 4156798.64 ], [ 281720.57, 4156798.1 ], [ 281719.35, 4156796.13 ], [ 281719.13, 4156795.35 ], [ 281719.13, 4156787.24 ], [ 281718.37, 4156783.77 ], [ 281717.78, 4156783.9 ], [ 281717.69, 4156783.91 ], [ 281717.59, 4156783.92 ], [ 281717.49, 4156783.92 ], [ 281717.39, 4156783.9 ], [ 281717.3, 4156783.88 ], [ 281717.2, 4156783.85 ], [ 281717.12, 4156783.81 ], [ 281717.03, 4156783.76 ], [ 281716.95, 4156783.7 ], [ 281716.88, 4156783.64 ], [ 281716.81, 4156783.57 ], [ 281716.75, 4156783.49 ], [ 281716.7, 4156783.41 ], [ 281716.65, 4156783.32 ], [ 281716.62, 4156783.23 ], [ 281716.59, 4156783.13 ], [ 281715.86, 4156779.8 ], [ 281715.84, 4156779.7 ], [ 281715.84, 4156779.6 ], [ 281715.84, 4156779.51 ], [ 281715.85, 4156779.41 ], [ 281715.87, 4156779.31 ], [ 281715.91, 4156779.22 ], [ 281715.95, 4156779.13 ], [ 281716.0, 4156779.05 ], [ 281716.05, 4156778.97 ], [ 281716.12, 4156778.89 ], [ 281716.19, 4156778.82 ], [ 281716.27, 4156778.76 ], [ 281716.35, 4156778.71 ], [ 281716.44, 4156778.67 ], [ 281716.53, 4156778.63 ], [ 281716.63, 4156778.61 ], [ 281718.68, 4156778.16 ], [ 281717.87, 4156775.99 ], [ 281717.18, 4156775.65 ], [ 281716.31, 4156775.86 ], [ 281716.21, 4156775.88 ], [ 281716.12, 4156775.88 ], [ 281716.02, 4156775.88 ], [ 281715.92, 4156775.87 ], [ 281715.83, 4156775.85 ], [ 281715.73, 4156775.82 ], [ 281715.64, 4156775.79 ], [ 281715.56, 4156775.74 ], [ 281715.47, 4156775.68 ], [ 281715.4, 4156775.62 ], [ 281715.33, 4156775.55 ], [ 281715.27, 4156775.48 ], [ 281715.22, 4156775.39 ], [ 281715.17, 4156775.31 ], [ 281715.13, 4156775.22 ], [ 281715.1, 4156775.12 ], [ 281714.94, 4156774.44 ], [ 281714.57, 4156774.1 ], [ 281713.35, 4156772.13 ], [ 281713.13, 4156771.35 ], [ 281713.13, 4156768.22 ], [ 281713.31, 4156767.78 ], [ 281713.09, 4156766.87 ], [ 281713.07, 4156766.77 ], [ 281713.07, 4156766.67 ], [ 281713.07, 4156766.58 ], [ 281713.08, 4156766.48 ], [ 281713.1, 4156766.38 ], [ 281713.13, 4156766.29 ], [ 281713.16, 4156766.2 ], [ 281713.21, 4156766.11 ], [ 281713.27, 4156766.03 ], [ 281713.33, 4156765.95 ], [ 281713.4, 4156765.89 ], [ 281713.48, 4156765.82 ], [ 281713.56, 4156765.77 ], [ 281713.64, 4156765.72 ], [ 281713.74, 4156765.69 ], [ 281713.83, 4156765.66 ], [ 281714.21, 4156765.57 ], [ 281713.56, 4156762.28 ], [ 281712.91, 4156762.43 ], [ 281712.81, 4156762.45 ], [ 281712.71, 4156762.46 ], [ 281712.62, 4156762.46 ], [ 281712.52, 4156762.45 ], [ 281712.42, 4156762.43 ], [ 281712.33, 4156762.4 ], [ 281712.24, 4156762.36 ], [ 281712.15, 4156762.31 ], [ 281712.07, 4156762.26 ], [ 281712.0, 4156762.2 ], [ 281711.93, 4156762.13 ], [ 281711.87, 4156762.05 ], [ 281711.81, 4156761.97 ], [ 281711.77, 4156761.88 ], [ 281711.73, 4156761.79 ], [ 281711.7, 4156761.7 ], [ 281711.22, 4156759.71 ], [ 281710.55, 4156759.05 ], [ 281710.13, 4156758.03 ], [ 281710.13, 4156755.27 ], [ 281709.7, 4156753.5 ], [ 281709.68, 4156753.4 ], [ 281709.67, 4156753.31 ], [ 281709.67, 4156753.21 ], [ 281709.68, 4156753.11 ], [ 281709.7, 4156753.01 ], [ 281709.73, 4156752.92 ], [ 281709.77, 4156752.83 ], [ 281709.82, 4156752.74 ], [ 281709.87, 4156752.66 ], [ 281709.93, 4156752.59 ], [ 281710.0, 4156752.52 ], [ 281710.08, 4156752.45 ], [ 281710.13, 4156752.42 ], [ 281710.13, 4156750.0 ], [ 281708.42, 4156750.0 ], [ 281704.34, 4156750.25 ], [ 281728.48, 4156857.57 ], [ 281728.48, 4156857.59 ], [ 281728.49, 4156857.61 ], [ 281728.97, 4156860.0 ], [ 281750.0, 4156859.04 ], [ 281750.0, 4156835.44 ], [ 281749.97, 4156835.42 ], [ 281749.9, 4156835.35 ], [ 281749.84, 4156835.27 ], [ 281749.79, 4156835.19 ], [ 281749.74, 4156835.1 ], [ 281749.7, 4156835.01 ], [ 281749.67, 4156834.92 ], [ 281748.66, 4156830.86 ], [ 281748.64, 4156830.76 ], [ 281748.63, 4156830.66 ], [ 281748.63, 4156830.57 ], [ 281748.64, 4156830.47 ], [ 281748.66, 4156830.37 ], [ 281748.68, 4156830.28 ], [ 281748.72, 4156830.19 ], [ 281748.77, 4156830.1 ], [ 281748.82, 4156830.02 ], [ 281748.88, 4156829.94 ], [ 281748.95, 4156829.87 ], [ 281749.03, 4156829.81 ], [ 281749.11, 4156829.76 ], [ 281749.2, 4156829.71 ], [ 281749.29, 4156829.67 ], [ 281749.38, 4156829.65 ], [ 281750.0, 4156829.49 ], [ 281750.0, 4156825.2 ], [ 281747.23, 4156825.5 ], [ 281747.14, 4156825.53 ], [ 281747.04, 4156825.55 ], [ 281746.95, 4156825.56 ], [ 281746.85, 4156825.56 ], [ 281746.8, 4156825.55 ], [ 281741.56, 4156826.13 ], [ 281739.63, 4156826.64 ], [ 281737.94, 4156831.44 ], [ 281739.71, 4156833.2 ], [ 281740.1, 4156834.15 ] ] ], [ [ [ 281739.07, 4156868.56 ], [ 281737.54, 4156868.39 ], [ 281737.35, 4156868.23 ], [ 281730.72, 4156868.53 ], [ 281731.23, 4156871.06 ], [ 281750.0, 4156950.39 ], [ 281750.0, 4156921.49 ], [ 281749.55, 4156921.05 ], [ 281749.13, 4156920.03 ], [ 281749.13, 4156915.51 ], [ 281749.49, 4156914.81 ], [ 281749.38, 4156914.33 ], [ 281749.37, 4156914.23 ], [ 281749.36, 4156914.13 ], [ 281749.36, 4156914.03 ], [ 281749.38, 4156913.93 ], [ 281749.4, 4156913.84 ], [ 281749.43, 4156913.75 ], [ 281749.47, 4156913.66 ], [ 281749.52, 4156913.57 ], [ 281749.58, 4156913.49 ], [ 281749.64, 4156913.42 ], [ 281749.71, 4156913.35 ], [ 281749.79, 4156913.29 ], [ 281749.88, 4156913.24 ], [ 281749.96, 4156913.2 ], [ 281749.99, 4156913.19 ], [ 281749.43, 4156910.19 ], [ 281746.21, 4156910.77 ], [ 281746.11, 4156910.78 ], [ 281746.01, 4156910.79 ], [ 281745.91, 4156910.78 ], [ 281745.82, 4156910.76 ], [ 281745.72, 4156910.74 ], [ 281745.63, 4156910.7 ], [ 281745.54, 4156910.66 ], [ 281745.46, 4156910.61 ], [ 281745.38, 4156910.55 ], [ 281745.31, 4156910.48 ], [ 281745.25, 4156910.41 ], [ 281745.19, 4156910.33 ], [ 281745.14, 4156910.24 ], [ 281745.1, 4156910.15 ], [ 281745.07, 4156910.06 ], [ 281745.04, 4156909.97 ], [ 281744.5, 4156907.0 ], [ 281743.55, 4156906.05 ], [ 281743.13, 4156905.03 ], [ 281743.13, 4156903.22 ], [ 281743.55, 4156902.2 ], [ 281743.61, 4156902.14 ], [ 281743.52, 4156901.6 ], [ 281743.5, 4156901.5 ], [ 281743.5, 4156901.4 ], [ 281743.51, 4156901.31 ], [ 281743.52, 4156901.21 ], [ 281743.55, 4156901.11 ], [ 281743.58, 4156901.02 ], [ 281743.63, 4156900.93 ], [ 281743.68, 4156900.85 ], [ 281743.74, 4156900.77 ], [ 281743.8, 4156900.7 ], [ 281743.88, 4156900.64 ], [ 281743.96, 4156900.58 ], [ 281744.04, 4156900.53 ], [ 281744.13, 4156900.49 ], [ 281744.23, 4156900.46 ], [ 281744.32, 4156900.44 ], [ 281745.54, 4156900.22 ], [ 281746.04, 4156899.71 ], [ 281746.19, 4156897.28 ], [ 281744.27, 4156897.77 ], [ 281744.17, 4156897.79 ], [ 281744.08, 4156897.8 ], [ 281743.98, 4156897.8 ], [ 281743.88, 4156897.79 ], [ 281743.79, 4156897.77 ], [ 281743.69, 4156897.75 ], [ 281743.6, 4156897.71 ], [ 281743.51, 4156897.66 ], [ 281743.43, 4156897.61 ], [ 281743.36, 4156897.55 ], [ 281743.29, 4156897.48 ], [ 281743.22, 4156897.4 ], [ 281743.17, 4156897.32 ], [ 281743.12, 4156897.23 ], [ 281743.08, 4156897.14 ], [ 281743.06, 4156897.05 ], [ 281741.57, 4156891.25 ], [ 281741.55, 4156891.15 ], [ 281741.54, 4156891.06 ], [ 281741.54, 4156890.96 ], [ 281741.55, 4156890.86 ], [ 281741.57, 4156890.76 ], [ 281741.59, 4156890.67 ], [ 281741.63, 4156890.58 ], [ 281741.68, 4156890.49 ], [ 281741.73, 4156890.41 ], [ 281741.79, 4156890.33 ], [ 281741.86, 4156890.26 ], [ 281741.94, 4156890.2 ], [ 281742.02, 4156890.15 ], [ 281742.1, 4156890.1 ], [ 281742.19, 4156890.06 ], [ 281742.29, 4156890.03 ], [ 281742.95, 4156889.86 ], [ 281742.52, 4156888.15 ], [ 281742.5, 4156888.06 ], [ 281742.49, 4156887.96 ], [ 281742.49, 4156887.86 ], [ 281742.5, 4156887.77 ], [ 281742.52, 4156887.67 ], [ 281742.55, 4156887.58 ], [ 281742.59, 4156887.48 ], [ 281742.63, 4156887.4 ], [ 281742.69, 4156887.32 ], [ 281742.75, 4156887.24 ], [ 281742.82, 4156887.17 ], [ 281742.89, 4156887.11 ], [ 281742.97, 4156887.05 ], [ 281743.06, 4156887.01 ], [ 281743.15, 4156886.97 ], [ 281743.24, 4156886.94 ], [ 281744.04, 4156886.74 ], [ 281743.37, 4156884.76 ], [ 281742.93, 4156884.61 ], [ 281741.07, 4156884.97 ], [ 281740.97, 4156884.99 ], [ 281740.87, 4156884.99 ], [ 281740.77, 4156884.99 ], [ 281740.68, 4156884.97 ], [ 281740.58, 4156884.95 ], [ 281740.49, 4156884.92 ], [ 281740.4, 4156884.87 ], [ 281740.32, 4156884.82 ], [ 281740.24, 4156884.76 ], [ 281740.17, 4156884.7 ], [ 281740.1, 4156884.63 ], [ 281740.04, 4156884.55 ], [ 281739.99, 4156884.46 ], [ 281739.95, 4156884.38 ], [ 281739.92, 4156884.28 ], [ 281739.9, 4156884.19 ], [ 281739.74, 4156883.42 ], [ 281739.71, 4156883.42 ], [ 281739.61, 4156883.43 ], [ 281739.51, 4156883.42 ], [ 281739.42, 4156883.41 ], [ 281739.32, 4156883.38 ], [ 281739.23, 4156883.35 ], [ 281739.14, 4156883.3 ], [ 281739.06, 4156883.25 ], [ 281738.98, 4156883.2 ], [ 281738.91, 4156883.13 ], [ 281738.85, 4156883.06 ], [ 281738.79, 4156882.98 ], [ 281738.74, 4156882.89 ], [ 281738.7, 4156882.81 ], [ 281738.67, 4156882.71 ], [ 281738.64, 4156882.62 ], [ 281738.18, 4156880.29 ], [ 281738.17, 4156880.19 ], [ 281738.16, 4156880.09 ], [ 281738.17, 4156879.99 ], [ 281738.18, 4156879.9 ], [ 281738.21, 4156879.8 ], [ 281738.24, 4156879.71 ], [ 281738.28, 4156879.62 ], [ 281738.34, 4156879.54 ], [ 281738.39, 4156879.46 ], [ 281738.46, 4156879.38 ], [ 281738.53, 4156879.32 ], [ 281738.61, 4156879.26 ], [ 281738.7, 4156879.21 ], [ 281738.77, 4156879.18 ], [ 281738.66, 4156878.76 ], [ 281738.71, 4156877.93 ], [ 281738.23, 4156875.51 ], [ 281738.22, 4156875.41 ], [ 281738.22, 4156875.32 ], [ 281738.22, 4156875.22 ], [ 281738.24, 4156875.12 ], [ 281738.26, 4156875.03 ], [ 281738.29, 4156874.93 ], [ 281738.33, 4156874.84 ], [ 281738.39, 4156874.76 ], [ 281738.44, 4156874.68 ], [ 281738.51, 4156874.61 ], [ 281738.58, 4156874.54 ], [ 281738.66, 4156874.49 ], [ 281738.75, 4156874.44 ], [ 281738.84, 4156874.39 ], [ 281738.93, 4156874.36 ], [ 281739.02, 4156874.34 ], [ 281745.23, 4156873.13 ], [ 281745.32, 4156873.12 ], [ 281745.42, 4156873.11 ], [ 281745.52, 4156873.12 ], [ 281745.62, 4156873.13 ], [ 281745.71, 4156873.16 ], [ 281745.8, 4156873.19 ], [ 281745.89, 4156873.23 ], [ 281745.98, 4156873.28 ], [ 281746.05, 4156873.34 ], [ 281746.13, 4156873.41 ], [ 281746.19, 4156873.48 ], [ 281746.25, 4156873.56 ], [ 281746.3, 4156873.64 ], [ 281746.34, 4156873.73 ], [ 281746.38, 4156873.82 ], [ 281746.4, 4156873.92 ], [ 281746.79, 4156875.93 ], [ 281746.94, 4156875.98 ], [ 281748.38, 4156877.23 ], [ 281748.47, 4156877.21 ], [ 281748.56, 4156877.2 ], [ 281748.66, 4156877.19 ], [ 281748.76, 4156877.2 ], [ 281748.86, 4156877.21 ], [ 281748.95, 4156877.24 ], [ 281749.04, 4156877.27 ], [ 281749.13, 4156877.31 ], [ 281749.22, 4156877.36 ], [ 281749.29, 4156877.42 ], [ 281749.37, 4156877.49 ], [ 281749.43, 4156877.56 ], [ 281749.49, 4156877.64 ], [ 281749.54, 4156877.72 ], [ 281749.58, 4156877.81 ], [ 281749.61, 4156877.9 ], [ 281749.64, 4156878.0 ], [ 281750.0, 4156879.86 ], [ 281750.0, 4156867.65 ], [ 281739.9, 4156868.11 ], [ 281739.07, 4156868.56 ] ] ], [ [ [ 281749.84, 4156883.25 ], [ 281749.75, 4156883.28 ], [ 281749.66, 4156883.3 ], [ 281749.22, 4156884.08 ], [ 281749.43, 4156885.37 ], [ 281750.0, 4156885.22 ], [ 281750.0, 4156883.17 ], [ 281749.93, 4156883.21 ], [ 281749.84, 4156883.25 ] ] ], [ [ [ 281741.46, 4156990.13 ], [ 281740.83, 4156990.15 ], [ 281740.79, 4156990.15 ], [ 281708.16, 4156990.93 ], [ 281710.23, 4157000.0 ], [ 281723.16, 4157000.0 ], [ 281723.91, 4156999.84 ], [ 281724.71, 4156999.05 ], [ 281725.73, 4156998.63 ], [ 281725.94, 4156998.63 ], [ 281726.0, 4156998.6 ], [ 281726.1, 4156998.56 ], [ 281726.19, 4156998.54 ], [ 281733.65, 4156996.99 ], [ 281733.75, 4156996.97 ], [ 281733.84, 4156996.97 ], [ 281733.94, 4156996.97 ], [ 281734.04, 4156996.98 ], [ 281734.13, 4156997.01 ], [ 281734.23, 4156997.04 ], [ 281734.32, 4156997.08 ], [ 281734.4, 4156997.13 ], [ 281734.48, 4156997.19 ], [ 281734.55, 4156997.25 ], [ 281734.62, 4156997.33 ], [ 281734.68, 4156997.4 ], [ 281734.73, 4156997.49 ], [ 281734.77, 4156997.58 ], [ 281734.81, 4156997.67 ], [ 281734.83, 4156997.76 ], [ 281735.19, 4156999.5 ], [ 281736.8, 4156999.17 ], [ 281736.9, 4156999.15 ], [ 281737.0, 4156999.15 ], [ 281737.09, 4156999.15 ], [ 281737.19, 4156999.17 ], [ 281737.29, 4156999.19 ], [ 281737.38, 4156999.22 ], [ 281737.47, 4156999.26 ], [ 281737.55, 4156999.31 ], [ 281737.63, 4156999.37 ], [ 281737.71, 4156999.44 ], [ 281737.77, 4156999.51 ], [ 281737.83, 4156999.59 ], [ 281737.88, 4156999.67 ], [ 281737.92, 4156999.76 ], [ 281737.96, 4156999.85 ], [ 281737.98, 4156999.94 ], [ 281737.99, 4157000.0 ], [ 281743.71, 4157000.0 ], [ 281742.38, 4156994.2 ], [ 281741.46, 4156990.13 ] ] ] ] } }
]
}
