{
"type": "FeatureCollection",
"name": "landuse",
"crs": { "type": "name", "properties": { "name": "urn:ogc:def:crs:EPSG::32618" } },
"xy_coordinate_resolution": 0.01,
"features": [
{ "type": "Feature", "properties": { "id": "imagery:groundcover_paved:2792", "name": null, "kind": "groundcover_paved", "sport": null, "surface": null, "pitch_layout": null, "source": "vgin_vbmp+naip+lidar2025", "source_updated": null, "base_z": null, "top_z": null }, "geometry": { "type": "MultiPolygon", "coordinates": [ [ [ [ 281028.86, 4159252.85 ], [ 281027.36, 4159254.93 ], [ 281026.63, 4159255.46 ], [ 281026.39, 4159255.54 ], [ 281026.37, 4159255.68 ], [ 281026.23, 4159256.15 ], [ 281026.04, 4159256.61 ], [ 281025.81, 4159257.04 ], [ 281025.54, 4159257.45 ], [ 281025.37, 4159257.66 ], [ 281026.17, 4159259.32 ], [ 281026.18, 4159259.33 ], [ 281028.82, 4159264.86 ], [ 281031.46, 4159270.24 ], [ 281031.47, 4159270.26 ], [ 281031.47, 4159270.27 ], [ 281033.61, 4159274.71 ], [ 281034.26, 4159274.38 ], [ 281029.54, 4159263.37 ], [ 281029.43, 4159263.09 ], [ 281029.36, 4159262.8 ], [ 281029.31, 4159262.51 ], [ 281029.29, 4159262.21 ], [ 281029.3, 4159261.91 ], [ 281029.34, 4159261.62 ], [ 281029.4, 4159261.33 ], [ 281030.52, 4159257.39 ], [ 281030.61, 4159257.11 ], [ 281030.73, 4159256.85 ], [ 281030.88, 4159256.59 ], [ 281031.05, 4159256.35 ], [ 281031.24, 4159256.13 ], [ 281031.45, 4159255.93 ], [ 281031.68, 4159255.74 ], [ 281034.99, 4159253.37 ], [ 281035.22, 4159253.22 ], [ 281035.47, 4159253.09 ], [ 281042.02, 4159250.0 ], [ 281029.13, 4159250.0 ], [ 281029.13, 4159251.99 ], [ 281028.86, 4159252.85 ] ] ], [ [ [ 281038.32, 4159258.49 ], [ 281036.1, 4159260.08 ], [ 281035.57, 4159261.95 ], [ 281039.73, 4159271.66 ], [ 281051.69, 4159265.89 ], [ 281050.05, 4159264.54 ], [ 281049.55, 4159263.7 ], [ 281047.98, 4159255.87 ], [ 281048.28, 4159254.69 ], [ 281049.47, 4159253.23 ], [ 281038.32, 4159258.49 ] ] ], [ [ [ 281010.45, 4159352.59 ], [ 281010.03, 4159352.33 ], [ 281009.64, 4159352.04 ], [ 281009.5, 4159351.91 ], [ 281009.48, 4159352.06 ], [ 281009.35, 4159352.54 ], [ 281009.17, 4159353.0 ], [ 281008.95, 4159353.44 ], [ 281008.69, 4159353.85 ], [ 281008.39, 4159354.24 ], [ 281008.05, 4159354.6 ], [ 281007.68, 4159354.92 ], [ 281007.27, 4159355.2 ], [ 281006.85, 4159355.44 ], [ 281000.0, 4159358.89 ], [ 281000.0, 4159365.15 ], [ 281019.35, 4159355.84 ], [ 281017.55, 4159354.05 ], [ 281016.9, 4159352.48 ], [ 281016.7, 4159352.56 ], [ 281016.29, 4159352.06 ], [ 281015.15, 4159352.64 ], [ 281014.71, 4159352.85 ], [ 281014.24, 4159353.01 ], [ 281013.77, 4159353.12 ], [ 281013.28, 4159353.19 ], [ 281012.79, 4159353.2 ], [ 281012.31, 4159353.18 ], [ 281011.82, 4159353.1 ], [ 281011.35, 4159352.97 ], [ 281010.89, 4159352.8 ], [ 281010.45, 4159352.59 ] ] ], [ [ [ 281005.61, 4159382.25 ], [ 281011.0, 4159379.66 ], [ 281016.55, 4159377.0 ], [ 281016.66, 4159376.91 ], [ 281017.06, 4159376.64 ], [ 281017.5, 4159376.4 ], [ 281021.13, 4159374.66 ], [ 281022.56, 4159366.04 ], [ 281023.12, 4159365.12 ], [ 281025.52, 4159363.33 ], [ 281026.57, 4159363.05 ], [ 281039.71, 4159364.7 ], [ 281038.58, 4159362.71 ], [ 281034.94, 4159357.89 ], [ 281031.73, 4159359.43 ], [ 281000.0, 4159374.7 ], [ 281000.0, 4159384.89 ], [ 281004.67, 4159382.65 ], [ 281005.12, 4159382.46 ], [ 281005.36, 4159382.38 ], [ 281005.61, 4159382.25 ] ] ] ] } },
{ "type": "Feature", "properties": { "id": "richmond_structure:410104", "name": null, "kind": "deck", "sport": null, "surface": null, "pitch_layout": null, "source": "richmond_structures", "source_updated": "2026-09-08T12:07:13.637000Z", "base_z": null, "top_z": null }, "geometry": { "type": "Polygon", "coordinates": [ [ [ 281171.51, 4159250.0 ], [ 281164.78, 4159250.0 ], [ 281162.97, 4159250.74 ], [ 281165.66, 4159257.32 ], [ 281167.49, 4159256.57 ], [ 281166.6, 4159254.37 ], [ 281172.21, 4159251.71 ], [ 281171.51, 4159250.0 ] ] ] } },
{ "type": "Feature", "properties": { "id": "richmond_structure:410103", "name": null, "kind": "deck", "sport": null, "surface": null, "pitch_layout": null, "source": "richmond_structures", "source_updated": "2026-09-08T12:07:13.637000Z", "base_z": null, "top_z": null }, "geometry": { "type": "Polygon", "coordinates": [ [ [ 281177.69, 4159251.68 ], [ 281176.8, 4159250.0 ], [ 281174.69, 4159250.0 ], [ 281177.0, 4159254.34 ], [ 281181.73, 4159251.82 ], [ 281180.78, 4159250.03 ], [ 281177.69, 4159251.68 ] ] ] } },
{ "type": "Feature", "properties": { "id": "richmond_structure:410097", "name": null, "kind": "deck", "sport": null, "surface": null, "pitch_layout": null, "source": "richmond_structures", "source_updated": "2026-09-08T12:07:13.637000Z", "base_z": null, "top_z": null }, "geometry": { "type": "Polygon", "coordinates": [ [ [ 281234.47, 4159275.47 ], [ 281238.57, 4159273.59 ], [ 281238.32, 4159272.26 ], [ 281233.92, 4159274.26 ], [ 281234.47, 4159275.47 ] ] ] } },
{ "type": "Feature", "properties": { "id": "imagery:groundcover_lawn:1292", "name": null, "kind": "groundcover_lawn", "sport": null, "surface": null, "pitch_layout": null, "source": "vgin_vbmp+naip+lidar2025", "source_updated": null, "base_z": null, "top_z": null }, "geometry": { "type": "MultiPolygon", "coordinates": [ [ [ [ 281228.48, 4159251.09 ], [ 281229.68, 4159253.3 ], [ 281229.85, 4159254.16 ], [ 281229.8, 4159254.59 ], [ 281239.35, 4159250.0 ], [ 281227.69, 4159250.0 ], [ 281227.67, 4159250.31 ], [ 281228.48, 4159251.09 ] ] ], [ [ [ 281237.67, 4159269.63 ], [ 281242.5, 4159269.63 ], [ 281243.35, 4159269.9 ], [ 281243.75, 4159270.19 ], [ 281244.16, 4159269.99 ], [ 281244.25, 4159269.95 ], [ 281244.34, 4159269.92 ], [ 281244.44, 4159269.9 ], [ 281244.54, 4159269.89 ], [ 281244.63, 4159269.89 ], [ 281244.73, 4159269.9 ], [ 281244.83, 4159269.92 ], [ 281244.92, 4159269.94 ], [ 281245.01, 4159269.98 ], [ 281245.1, 4159270.02 ], [ 281245.18, 4159270.08 ], [ 281245.26, 4159270.14 ], [ 281245.33, 4159270.21 ], [ 281245.39, 4159270.28 ], [ 281245.45, 4159270.36 ], [ 281245.5, 4159270.45 ], [ 281249.09, 4159277.76 ], [ 281250.0, 4159278.41 ], [ 281250.0, 4159257.63 ], [ 281245.73, 4159257.63 ], [ 281244.71, 4159257.2 ], [ 281244.55, 4159257.04 ], [ 281228.68, 4159264.68 ], [ 281228.08, 4159270.13 ], [ 281229.76, 4159273.16 ], [ 281233.18, 4159272.58 ], [ 281235.04, 4159270.71 ], [ 281235.53, 4159270.39 ], [ 281237.1, 4159269.74 ], [ 281237.67, 4159269.63 ] ] ] ] } },
{ "type": "Feature", "properties": { "id": "imagery:groundcover_lawn:1256", "name": null, "kind": "groundcover_lawn", "sport": null, "surface": null, "pitch_layout": null, "source": "vgin_vbmp+naip+lidar2025", "source_updated": null, "base_z": null, "top_z": null }, "geometry": { "type": "Polygon", "coordinates": [ [ [ 281191.35, 4159293.84 ], [ 281191.45, 4159293.82 ], [ 281191.55, 4159293.81 ], [ 281191.64, 4159293.81 ], [ 281191.74, 4159293.82 ], [ 281191.84, 4159293.83 ], [ 281191.93, 4159293.86 ], [ 281192.02, 4159293.9 ], [ 281192.11, 4159293.95 ], [ 281192.19, 4159294.0 ], [ 281192.27, 4159294.06 ], [ 281192.34, 4159294.13 ], [ 281192.4, 4159294.2 ], [ 281192.45, 4159294.29 ], [ 281192.5, 4159294.37 ], [ 281199.34, 4159308.52 ], [ 281199.47, 4159308.63 ], [ 281199.67, 4159308.63 ], [ 281202.64, 4159305.2 ], [ 281201.45, 4159296.85 ], [ 281200.59, 4159295.03 ], [ 281200.55, 4159294.94 ], [ 281200.52, 4159294.85 ], [ 281200.5, 4159294.75 ], [ 281200.49, 4159294.65 ], [ 281200.49, 4159294.55 ], [ 281200.5, 4159294.46 ], [ 281200.52, 4159294.36 ], [ 281200.55, 4159294.26 ], [ 281200.58, 4159294.17 ], [ 281200.63, 4159294.09 ], [ 281200.69, 4159294.01 ], [ 281200.75, 4159293.93 ], [ 281200.82, 4159293.86 ], [ 281200.89, 4159293.8 ], [ 281200.97, 4159293.74 ], [ 281201.0, 4159293.73 ], [ 281200.5, 4159290.23 ], [ 281200.66, 4159289.35 ], [ 281201.85, 4159287.08 ], [ 281202.49, 4159286.45 ], [ 281210.88, 4159282.25 ], [ 281212.52, 4159279.24 ], [ 281210.26, 4159276.66 ], [ 281205.99, 4159275.59 ], [ 281183.86, 4159286.24 ], [ 281182.71, 4159293.13 ], [ 281185.62, 4159296.57 ], [ 281191.17, 4159293.9 ], [ 281191.26, 4159293.87 ], [ 281191.35, 4159293.84 ] ] ] } },
{ "type": "Feature", "properties": { "id": "richmond_structure:272574", "name": null, "kind": "deck", "sport": null, "surface": null, "pitch_layout": null, "source": "richmond_structures", "source_updated": "2026-09-08T12:07:13.637000Z", "base_z": null, "top_z": null }, "geometry": { "type": "Polygon", "coordinates": [ [ [ 281242.34, 4159300.54 ], [ 281240.63, 4159296.98 ], [ 281237.23, 4159298.6 ], [ 281238.94, 4159302.17 ], [ 281242.34, 4159300.54 ] ] ] } },
{ "type": "Feature", "properties": { "id": "richmond_structure:272573", "name": null, "kind": "deck", "sport": null, "surface": null, "pitch_layout": null, "source": "richmond_structures", "source_updated": "2026-09-08T12:07:13.637000Z", "base_z": null, "top_z": null }, "geometry": { "type": "Polygon", "coordinates": [ [ [ 281234.33, 4159302.48 ], [ 281233.34, 4159300.41 ], [ 281227.39, 4159303.24 ], [ 281228.37, 4159305.31 ], [ 281234.33, 4159302.48 ] ] ] } },
{ "type": "Feature", "properties": { "id": "richmond_structure:410098", "name": null, "kind": "deck", "sport": null, "surface": null, "pitch_layout": null, "source": "richmond_structures", "source_updated": "2026-09-08T12:07:13.637000Z", "base_z": null, "top_z": null }, "geometry": { "type": "Polygon", "coordinates": [ [ [ 281221.52, 4159312.44 ], [ 281217.68, 4159303.88 ], [ 281215.79, 4159304.82 ], [ 281216.04, 4159305.33 ], [ 281214.79, 4159305.96 ], [ 281216.92, 4159314.81 ], [ 281215.84, 4159315.37 ], [ 281216.39, 4159316.42 ], [ 281220.82, 4159314.12 ], [ 281220.31, 4159312.99 ], [ 281221.52, 4159312.44 ] ] ] } },
{ "type": "Feature", "properties": { "id": "imagery:groundcover_lawn:1229", "name": null, "kind": "groundcover_lawn", "sport": null, "surface": null, "pitch_layout": null, "source": "vgin_vbmp+naip+lidar2025", "source_updated": null, "base_z": null, "top_z": null }, "geometry": { "type": "MultiPolygon", "coordinates": [ [ [ [ 281248.55, 4159297.69 ], [ 281248.46, 4159297.73 ], [ 281248.37, 4159297.76 ], [ 281248.27, 4159297.78 ], [ 281248.17, 4159297.79 ], [ 281248.07, 4159297.79 ], [ 281247.98, 4159297.78 ], [ 281247.88, 4159297.77 ], [ 281247.79, 4159297.74 ], [ 281247.7, 4159297.7 ], [ 281247.61, 4159297.66 ], [ 281247.53, 4159297.6 ], [ 281247.45, 4159297.54 ], [ 281247.38, 4159297.47 ], [ 281247.32, 4159297.4 ], [ 281247.26, 4159297.32 ], [ 281247.21, 4159297.23 ], [ 281246.91, 4159296.63 ], [ 281243.74, 4159296.63 ], [ 281242.99, 4159297.03 ], [ 281243.41, 4159297.89 ], [ 281243.45, 4159297.98 ], [ 281243.48, 4159298.07 ], [ 281243.5, 4159298.17 ], [ 281243.51, 4159298.27 ], [ 281243.51, 4159298.36 ], [ 281243.5, 4159298.46 ], [ 281243.48, 4159298.56 ], [ 281243.46, 4159298.65 ], [ 281243.42, 4159298.75 ], [ 281243.37, 4159298.83 ], [ 281243.32, 4159298.92 ], [ 281243.26, 4159298.99 ], [ 281243.19, 4159299.06 ], [ 281243.11, 4159299.13 ], [ 281243.03, 4159299.18 ], [ 281242.95, 4159299.23 ], [ 281239.18, 4159301.06 ], [ 281237.23, 4159303.98 ], [ 281236.7, 4159304.46 ], [ 281234.85, 4159305.45 ], [ 281234.16, 4159305.63 ], [ 281230.35, 4159305.63 ], [ 281229.29, 4159306.14 ], [ 281229.2, 4159306.18 ], [ 281229.11, 4159306.21 ], [ 281229.02, 4159306.23 ], [ 281228.92, 4159306.24 ], [ 281228.82, 4159306.24 ], [ 281228.72, 4159306.23 ], [ 281228.63, 4159306.21 ], [ 281228.53, 4159306.19 ], [ 281228.44, 4159306.15 ], [ 281228.35, 4159306.1 ], [ 281228.27, 4159306.05 ], [ 281228.2, 4159305.99 ], [ 281228.13, 4159305.92 ], [ 281228.06, 4159305.85 ], [ 281228.01, 4159305.77 ], [ 281227.96, 4159305.68 ], [ 281227.93, 4159305.63 ], [ 281225.29, 4159305.63 ], [ 281222.45, 4159309.57 ], [ 281225.51, 4159318.77 ], [ 281250.0, 4159307.36 ], [ 281250.0, 4159298.49 ], [ 281248.98, 4159297.48 ], [ 281248.55, 4159297.69 ] ] ], [ [ [ 281235.3, 4159332.29 ], [ 281239.32, 4159334.35 ], [ 281249.25, 4159330.38 ], [ 281250.0, 4159329.27 ], [ 281250.0, 4159314.09 ], [ 281229.53, 4159323.63 ], [ 281230.29, 4159323.63 ], [ 281231.18, 4159323.93 ], [ 281233.3, 4159325.59 ], [ 281233.82, 4159326.38 ], [ 281235.3, 4159332.29 ] ] ] ] } },
{ "type": "Feature", "properties": { "id": "imagery:groundcover_lawn:1350", "name": null, "kind": "groundcover_lawn", "sport": null, "surface": null, "pitch_layout": null, "source": "vgin_vbmp+naip+lidar2025", "source_updated": null, "base_z": null, "top_z": null }, "geometry": { "type": "MultiPolygon", "coordinates": [ [ [ [ 281150.99, 4159260.63 ], [ 281152.67, 4159260.63 ], [ 281155.61, 4159258.21 ], [ 281156.53, 4159253.64 ], [ 281154.99, 4159250.42 ], [ 281154.95, 4159250.33 ], [ 281154.93, 4159250.23 ], [ 281154.91, 4159250.13 ], [ 281154.9, 4159250.04 ], [ 281154.9, 4159250.0 ], [ 281144.78, 4159250.0 ], [ 281149.54, 4159259.74 ], [ 281150.99, 4159260.63 ] ] ], [ [ [ 281165.37, 4159251.63 ], [ 281175.51, 4159251.63 ], [ 281178.85, 4159250.0 ], [ 281163.87, 4159250.0 ], [ 281164.47, 4159251.25 ], [ 281165.37, 4159251.63 ] ] ] ] } },
{ "type": "Feature", "properties": { "id": "richmond_structure:410129", "name": null, "kind": "deck", "sport": null, "surface": null, "pitch_layout": null, "source": "richmond_structures", "source_updated": "2026-09-08T12:07:13.637000Z", "base_z": null, "top_z": null }, "geometry": { "type": "Polygon", "coordinates": [ [ [ 281109.75, 4159270.2 ], [ 281103.33, 4159273.28 ], [ 281103.99, 4159274.64 ], [ 281105.31, 4159274.01 ], [ 281106.07, 4159275.59 ], [ 281110.23, 4159273.59 ], [ 281109.04, 4159271.07 ], [ 281109.95, 4159270.64 ], [ 281109.75, 4159270.2 ] ] ] } },
{ "type": "Feature", "properties": { "id": "imagery:groundcover_lawn:1263", "name": null, "kind": "groundcover_lawn", "sport": null, "surface": null, "pitch_layout": null, "source": "vgin_vbmp+naip+lidar2025", "source_updated": null, "base_z": null, "top_z": null }, "geometry": { "type": "Polygon", "coordinates": [ [ [ 281125.85, 4159280.47 ], [ 281126.56, 4159280.11 ], [ 281126.65, 4159280.07 ], [ 281126.75, 4159280.04 ], [ 281126.84, 4159280.02 ], [ 281126.94, 4159280.01 ], [ 281127.04, 4159280.01 ], [ 281127.13, 4159280.02 ], [ 281127.23, 4159280.03 ], [ 281127.32, 4159280.06 ], [ 281127.42, 4159280.09 ], [ 281127.44, 4159280.11 ], [ 281127.45, 4159280.02 ], [ 281127.48, 4159279.93 ], [ 281127.51, 4159279.84 ], [ 281127.56, 4159279.75 ], [ 281127.61, 4159279.67 ], [ 281127.67, 4159279.59 ], [ 281127.73, 4159279.52 ], [ 281127.81, 4159279.46 ], [ 281127.88, 4159279.4 ], [ 281127.97, 4159279.35 ], [ 281131.52, 4159277.51 ], [ 281131.61, 4159277.47 ], [ 281131.7, 4159277.44 ], [ 281131.8, 4159277.42 ], [ 281131.89, 4159277.4 ], [ 281131.99, 4159277.4 ], [ 281132.09, 4159277.41 ], [ 281132.19, 4159277.42 ], [ 281132.28, 4159277.45 ], [ 281132.37, 4159277.48 ], [ 281132.46, 4159277.52 ], [ 281132.54, 4159277.58 ], [ 281132.62, 4159277.63 ], [ 281132.69, 4159277.7 ], [ 281132.76, 4159277.77 ], [ 281132.82, 4159277.85 ], [ 281132.87, 4159277.94 ], [ 281133.57, 4159279.29 ], [ 281133.94, 4159279.1 ], [ 281134.03, 4159279.06 ], [ 281134.12, 4159279.03 ], [ 281134.22, 4159279.01 ], [ 281134.32, 4159278.99 ], [ 281134.41, 4159278.99 ], [ 281134.51, 4159279.0 ], [ 281134.61, 4159279.01 ], [ 281134.7, 4159279.04 ], [ 281134.79, 4159279.07 ], [ 281134.88, 4159279.12 ], [ 281134.96, 4159279.17 ], [ 281135.04, 4159279.23 ], [ 281135.11, 4159279.29 ], [ 281135.18, 4159279.37 ], [ 281135.24, 4159279.44 ], [ 281135.29, 4159279.53 ], [ 281139.86, 4159288.3 ], [ 281140.37, 4159288.47 ], [ 281130.2, 4159267.09 ], [ 281126.39, 4159269.0 ], [ 281126.36, 4159269.03 ], [ 281126.3, 4159269.1 ], [ 281126.23, 4159269.17 ], [ 281126.15, 4159269.23 ], [ 281126.07, 4159269.28 ], [ 281125.98, 4159269.33 ], [ 281124.07, 4159270.16 ], [ 281108.79, 4159277.8 ], [ 281107.13, 4159280.48 ], [ 281107.13, 4159280.89 ], [ 281110.78, 4159283.81 ], [ 281125.85, 4159280.47 ] ], [ [ 281124.29, 4159277.35 ], [ 281124.19, 4159277.38 ], [ 281124.1, 4159277.4 ], [ 281124.0, 4159277.41 ], [ 281123.9, 4159277.41 ], [ 281123.8, 4159277.4 ], [ 281123.71, 4159277.38 ], [ 281123.61, 4159277.35 ], [ 281123.52, 4159277.32 ], [ 281123.44, 4159277.27 ], [ 281123.35, 4159277.22 ], [ 281123.28, 4159277.16 ], [ 281123.21, 4159277.09 ], [ 281123.15, 4159277.01 ], [ 281123.09, 4159276.93 ], [ 281123.04, 4159276.84 ], [ 281121.78, 4159274.22 ], [ 281121.75, 4159274.13 ], [ 281121.72, 4159274.03 ], [ 281121.7, 4159273.94 ], [ 281121.69, 4159273.84 ], [ 281121.69, 4159273.74 ], [ 281121.7, 4159273.64 ], [ 281121.71, 4159273.55 ], [ 281121.74, 4159273.45 ], [ 281121.78, 4159273.36 ], [ 281121.82, 4159273.28 ], [ 281121.88, 4159273.19 ], [ 281121.94, 4159273.12 ], [ 281122.01, 4159273.05 ], [ 281122.08, 4159272.99 ], [ 281122.17, 4159272.93 ], [ 281122.25, 4159272.88 ], [ 281127.12, 4159270.55 ], [ 281127.21, 4159270.51 ], [ 281127.3, 4159270.48 ], [ 281127.4, 4159270.46 ], [ 281127.49, 4159270.45 ], [ 281127.59, 4159270.45 ], [ 281127.69, 4159270.46 ], [ 281127.79, 4159270.48 ], [ 281127.88, 4159270.51 ], [ 281127.97, 4159270.54 ], [ 281128.06, 4159270.59 ], [ 281128.14, 4159270.64 ], [ 281128.22, 4159270.71 ], [ 281128.29, 4159270.77 ], [ 281128.35, 4159270.85 ], [ 281128.4, 4159270.93 ], [ 281128.45, 4159271.02 ], [ 281129.71, 4159273.64 ], [ 281129.75, 4159273.73 ], [ 281129.78, 4159273.83 ], [ 281129.8, 4159273.92 ], [ 281129.81, 4159274.02 ], [ 281129.81, 4159274.12 ], [ 281129.8, 4159274.22 ], [ 281129.78, 4159274.31 ], [ 281129.75, 4159274.41 ], [ 281129.72, 4159274.5 ], [ 281129.67, 4159274.59 ], [ 281129.62, 4159274.67 ], [ 281129.55, 4159274.74 ], [ 281129.48, 4159274.81 ], [ 281129.41, 4159274.88 ], [ 281129.33, 4159274.93 ], [ 281129.24, 4159274.98 ], [ 281124.38, 4159277.31 ], [ 281124.29, 4159277.35 ] ] ] } },
{ "type": "Feature", "properties": { "id": "richmond_structure:410131", "name": null, "kind": "deck", "sport": null, "surface": null, "pitch_layout": null, "source": "richmond_structures", "source_updated": "2026-09-08T12:07:13.637000Z", "base_z": null, "top_z": null }, "geometry": { "type": "Polygon", "coordinates": [ [ [ 281103.88, 4159284.02 ], [ 281106.78, 4159290.06 ], [ 281110.58, 4159288.24 ], [ 281107.68, 4159282.2 ], [ 281103.88, 4159284.02 ] ] ] } },
{ "type": "Feature", "properties": { "id": "imagery:groundcover_paved:1247", "name": null, "kind": "groundcover_paved", "sport": null, "surface": null, "pitch_layout": null, "source": "vgin_vbmp+naip+lidar2025", "source_updated": null, "base_z": null, "top_z": null }, "geometry": { "type": "MultiPolygon", "coordinates": [ [ [ [ 281165.07, 4159303.77 ], [ 281165.13, 4159303.29 ], [ 281165.23, 4159302.81 ], [ 281165.38, 4159302.34 ], [ 281165.58, 4159301.89 ], [ 281165.82, 4159301.46 ], [ 281166.1, 4159301.06 ], [ 281166.41, 4159300.68 ], [ 281166.77, 4159300.34 ], [ 281167.15, 4159300.04 ], [ 281167.56, 4159299.77 ], [ 281168.0, 4159299.55 ], [ 281173.13, 4159297.23 ], [ 281173.59, 4159297.05 ], [ 281174.06, 4159296.92 ], [ 281174.55, 4159296.83 ], [ 281175.04, 4159296.79 ], [ 281175.53, 4159296.8 ], [ 281176.01, 4159296.86 ], [ 281176.49, 4159296.96 ], [ 281176.63, 4159297.01 ], [ 281181.27, 4159294.78 ], [ 281181.46, 4159294.55 ], [ 281181.8, 4159294.2 ], [ 281182.18, 4159293.89 ], [ 281182.59, 4159293.61 ], [ 281183.02, 4159293.38 ], [ 281184.06, 4159286.15 ], [ 281155.36, 4159299.95 ], [ 281160.06, 4159309.83 ], [ 281160.15, 4159309.61 ], [ 281160.39, 4159309.18 ], [ 281160.66, 4159308.77 ], [ 281160.97, 4159308.39 ], [ 281161.32, 4159308.05 ], [ 281161.71, 4159307.74 ], [ 281162.12, 4159307.47 ], [ 281162.52, 4159307.26 ], [ 281163.63, 4159305.33 ], [ 281164.48, 4159304.67 ], [ 281165.08, 4159304.5 ], [ 281165.06, 4159304.26 ], [ 281165.07, 4159303.77 ] ] ], [ [ [ 281116.51, 4159324.23 ], [ 281116.98, 4159324.08 ], [ 281117.46, 4159323.98 ], [ 281117.95, 4159323.93 ], [ 281118.44, 4159323.93 ], [ 281118.93, 4159323.98 ], [ 281119.41, 4159324.07 ], [ 281119.88, 4159324.21 ], [ 281120.34, 4159324.39 ], [ 281120.77, 4159324.62 ], [ 281121.18, 4159324.89 ], [ 281121.56, 4159325.2 ], [ 281121.91, 4159325.55 ], [ 281122.22, 4159325.92 ], [ 281122.4, 4159326.18 ], [ 281122.44, 4159326.18 ], [ 281127.84, 4159323.8 ], [ 281127.83, 4159323.75 ], [ 281127.78, 4159323.27 ], [ 281127.78, 4159322.78 ], [ 281127.83, 4159322.29 ], [ 281127.92, 4159321.81 ], [ 281128.06, 4159321.33 ], [ 281128.24, 4159320.88 ], [ 281128.47, 4159320.45 ], [ 281128.74, 4159320.04 ], [ 281129.05, 4159319.66 ], [ 281129.4, 4159319.31 ], [ 281129.77, 4159318.99 ], [ 281130.18, 4159318.72 ], [ 281130.61, 4159318.48 ], [ 281135.76, 4159316.02 ], [ 281136.21, 4159315.83 ], [ 281136.68, 4159315.68 ], [ 281137.16, 4159315.58 ], [ 281137.64, 4159315.53 ], [ 281137.93, 4159315.53 ], [ 281137.96, 4159315.51 ], [ 281138.4, 4159315.28 ], [ 281141.29, 4159313.92 ], [ 281141.37, 4159313.79 ], [ 281141.64, 4159313.38 ], [ 281141.96, 4159313.0 ], [ 281142.31, 4159312.66 ], [ 281142.69, 4159312.35 ], [ 281143.1, 4159312.08 ], [ 281143.53, 4159311.85 ], [ 281147.94, 4159309.8 ], [ 281148.4, 4159309.62 ], [ 281148.87, 4159309.48 ], [ 281149.35, 4159309.39 ], [ 281149.83, 4159309.34 ], [ 281150.3, 4159309.34 ], [ 281147.61, 4159303.68 ], [ 281106.23, 4159323.59 ], [ 281106.27, 4159323.63 ], [ 281109.53, 4159323.63 ], [ 281110.55, 4159324.05 ], [ 281112.59, 4159326.08 ], [ 281116.06, 4159324.42 ], [ 281116.51, 4159324.23 ] ] ] ] } },
{ "type": "Feature", "properties": { "id": "richmond_structure:272572", "name": null, "kind": "deck", "sport": null, "surface": null, "pitch_layout": null, "source": "richmond_structures", "source_updated": "2026-09-08T12:07:13.637000Z", "base_z": null, "top_z": null }, "geometry": { "type": "Polygon", "coordinates": [ [ [ 281159.14, 4159338.25 ], [ 281156.05, 4159331.81 ], [ 281150.69, 4159334.38 ], [ 281153.78, 4159340.82 ], [ 281159.14, 4159338.25 ] ] ] } },
{ "type": "Feature", "properties": { "id": "richmond_structure:410087", "name": null, "kind": "deck", "sport": null, "surface": null, "pitch_layout": null, "source": "richmond_structures", "source_updated": "2026-09-08T12:07:13.637000Z", "base_z": null, "top_z": null }, "geometry": { "type": "Polygon", "coordinates": [ [ [ 281149.63, 4159342.81 ], [ 281153.78, 4159340.82 ], [ 281150.69, 4159334.38 ], [ 281146.54, 4159336.37 ], [ 281149.63, 4159342.81 ] ] ] } },
{ "type": "Feature", "properties": { "id": "richmond_structure:410088", "name": null, "kind": "deck", "sport": null, "surface": null, "pitch_layout": null, "source": "richmond_structures", "source_updated": "2026-09-08T12:07:13.637000Z", "base_z": null, "top_z": null }, "geometry": { "type": "Polygon", "coordinates": [ [ [ 281144.01, 4159346.39 ], [ 281149.28, 4159343.86 ], [ 281145.72, 4159336.77 ], [ 281140.57, 4159339.24 ], [ 281144.01, 4159346.39 ] ] ] } },
{ "type": "Feature", "properties": { "id": "richmond_structure:410089", "name": null, "kind": "deck", "sport": null, "surface": null, "pitch_layout": null, "source": "richmond_structures", "source_updated": "2026-09-08T12:07:13.637000Z", "base_z": null, "top_z": null }, "geometry": { "type": "Polygon", "coordinates": [ [ [ 281121.27, 4159341.69 ], [ 281122.32, 4159343.87 ], [ 281118.83, 4159345.54 ], [ 281120.17, 4159348.33 ], [ 281124.91, 4159346.06 ], [ 281122.52, 4159341.09 ], [ 281121.27, 4159341.69 ] ] ] } },
{ "type": "Feature", "properties": { "id": "richmond_structure:410090", "name": null, "kind": "deck", "sport": null, "surface": null, "pitch_layout": null, "source": "richmond_structures", "source_updated": "2026-09-08T12:07:13.637000Z", "base_z": null, "top_z": null }, "geometry": { "type": "Polygon", "coordinates": [ [ [ 281115.27, 4159352.67 ], [ 281119.54, 4159361.58 ], [ 281124.66, 4159359.12 ], [ 281120.38, 4159350.21 ], [ 281115.27, 4159352.67 ] ] ] } },
{ "type": "Feature", "properties": { "id": "richmond_structure:410091", "name": null, "kind": "deck", "sport": null, "surface": null, "pitch_layout": null, "source": "richmond_structures", "source_updated": "2026-09-08T12:07:13.637000Z", "base_z": null, "top_z": null }, "geometry": { "type": "Polygon", "coordinates": [ [ [ 281144.26, 4159365.38 ], [ 281145.43, 4159367.51 ], [ 281146.43, 4159368.6 ], [ 281147.39, 4159369.2 ], [ 281148.65, 4159369.25 ], [ 281152.75, 4159368.28 ], [ 281149.81, 4159362.26 ], [ 281144.26, 4159365.38 ] ] ] } },
{ "type": "Feature", "properties": { "id": "imagery:groundcover_lawn:1212", "name": null, "kind": "groundcover_lawn", "sport": null, "surface": null, "pitch_layout": null, "source": "vgin_vbmp+naip+lidar2025", "source_updated": null, "base_z": null, "top_z": null }, "geometry": { "type": "MultiPolygon", "coordinates": [ [ [ [ 281096.11, 4159370.63 ], [ 281096.21, 4159370.62 ], [ 281096.31, 4159370.63 ], [ 281096.41, 4159370.64 ], [ 281096.5, 4159370.66 ], [ 281096.6, 4159370.69 ], [ 281096.69, 4159370.73 ], [ 281096.77, 4159370.77 ], [ 281096.85, 4159370.83 ], [ 281096.93, 4159370.89 ], [ 281096.99, 4159370.96 ], [ 281097.06, 4159371.04 ], [ 281097.11, 4159371.12 ], [ 281097.15, 4159371.21 ], [ 281097.81, 4159372.63 ], [ 281099.34, 4159373.55 ], [ 281099.87, 4159374.09 ], [ 281100.94, 4159375.99 ], [ 281101.13, 4159376.71 ], [ 281101.13, 4159377.56 ], [ 281120.64, 4159368.24 ], [ 281120.61, 4159368.23 ], [ 281120.52, 4159368.21 ], [ 281120.42, 4159368.18 ], [ 281120.34, 4159368.14 ], [ 281120.25, 4159368.09 ], [ 281120.17, 4159368.03 ], [ 281120.1, 4159367.97 ], [ 281120.03, 4159367.9 ], [ 281119.97, 4159367.82 ], [ 281119.92, 4159367.74 ], [ 281119.87, 4159367.65 ], [ 281117.08, 4159361.23 ], [ 281117.05, 4159361.14 ], [ 281117.02, 4159361.04 ], [ 281117.01, 4159360.95 ], [ 281117.0, 4159360.85 ], [ 281117.0, 4159360.75 ], [ 281117.01, 4159360.65 ], [ 281117.04, 4159360.56 ], [ 281117.07, 4159360.47 ], [ 281117.11, 4159360.38 ], [ 281117.16, 4159360.29 ], [ 281117.21, 4159360.21 ], [ 281117.28, 4159360.14 ], [ 281117.35, 4159360.07 ], [ 281117.43, 4159360.01 ], [ 281117.51, 4159359.96 ], [ 281117.6, 4159359.92 ], [ 281121.38, 4159358.27 ], [ 281121.47, 4159358.24 ], [ 281121.56, 4159358.21 ], [ 281121.66, 4159358.2 ], [ 281121.76, 4159358.19 ], [ 281121.86, 4159358.19 ], [ 281121.95, 4159358.2 ], [ 281122.05, 4159358.23 ], [ 281122.14, 4159358.26 ], [ 281122.23, 4159358.3 ], [ 281122.32, 4159358.35 ], [ 281122.4, 4159358.4 ], [ 281122.47, 4159358.47 ], [ 281122.54, 4159358.54 ], [ 281122.6, 4159358.62 ], [ 281122.65, 4159358.7 ], [ 281122.69, 4159358.79 ], [ 281125.49, 4159365.21 ], [ 281125.52, 4159365.3 ], [ 281125.55, 4159365.39 ], [ 281125.56, 4159365.49 ], [ 281125.57, 4159365.59 ], [ 281125.57, 4159365.68 ], [ 281125.55, 4159365.78 ], [ 281125.53, 4159365.88 ], [ 281125.52, 4159365.9 ], [ 281127.26, 4159365.07 ], [ 281125.89, 4159362.22 ], [ 281125.69, 4159362.07 ], [ 281125.13, 4159360.94 ], [ 281125.13, 4159360.63 ], [ 281124.49, 4159359.3 ], [ 281124.45, 4159359.21 ], [ 281124.42, 4159359.12 ], [ 281124.4, 4159359.02 ], [ 281124.39, 4159358.92 ], [ 281124.39, 4159358.82 ], [ 281124.4, 4159358.73 ], [ 281124.42, 4159358.63 ], [ 281124.45, 4159358.54 ], [ 281124.49, 4159358.45 ], [ 281124.53, 4159358.36 ], [ 281124.59, 4159358.28 ], [ 281124.65, 4159358.2 ], [ 281124.72, 4159358.13 ], [ 281124.79, 4159358.07 ], [ 281124.87, 4159358.01 ], [ 281124.96, 4159357.97 ], [ 281126.96, 4159357.0 ], [ 281127.29, 4159356.61 ], [ 281128.16, 4159356.12 ], [ 281128.87, 4159356.0 ], [ 281131.37, 4159353.24 ], [ 281129.25, 4159350.17 ], [ 281127.35, 4159349.6 ], [ 281126.73, 4159349.23 ], [ 281125.56, 4159348.06 ], [ 281120.6, 4159349.23 ], [ 281119.96, 4159351.13 ], [ 281119.43, 4159351.85 ], [ 281117.35, 4159353.35 ], [ 281116.5, 4159353.63 ], [ 281108.99, 4159353.63 ], [ 281106.3, 4159355.28 ], [ 281104.82, 4159358.25 ], [ 281104.46, 4159358.71 ], [ 281103.18, 4159359.82 ], [ 281102.67, 4159360.11 ], [ 281092.32, 4159363.56 ], [ 281091.72, 4159368.98 ], [ 281095.14, 4159371.03 ], [ 281095.83, 4159370.71 ], [ 281095.92, 4159370.68 ], [ 281096.02, 4159370.65 ], [ 281096.11, 4159370.63 ] ] ], [ [ [ 281099.68, 4159385.58 ], [ 281099.78, 4159385.58 ], [ 281099.88, 4159385.59 ], [ 281099.98, 4159385.6 ], [ 281100.07, 4159385.63 ], [ 281100.16, 4159385.67 ], [ 281100.25, 4159385.71 ], [ 281100.33, 4159385.76 ], [ 281100.41, 4159385.82 ], [ 281100.48, 4159385.89 ], [ 281100.54, 4159385.97 ], [ 281100.6, 4159386.05 ], [ 281100.65, 4159386.13 ], [ 281103.64, 4159392.14 ], [ 281106.04, 4159394.54 ], [ 281106.37, 4159395.02 ], [ 281107.02, 4159396.6 ], [ 281107.13, 4159397.16 ], [ 281107.13, 4159405.86 ], [ 281107.83, 4159407.27 ], [ 281109.5, 4159406.47 ], [ 281107.71, 4159402.73 ], [ 281107.67, 4159402.64 ], [ 281107.64, 4159402.55 ], [ 281107.62, 4159402.45 ], [ 281107.61, 4159402.36 ], [ 281107.61, 4159402.26 ], [ 281107.62, 4159402.16 ], [ 281107.64, 4159402.06 ], [ 281107.67, 4159401.97 ], [ 281107.7, 4159401.88 ], [ 281107.75, 4159401.79 ], [ 281107.8, 4159401.71 ], [ 281107.87, 4159401.63 ], [ 281107.94, 4159401.56 ], [ 281108.01, 4159401.5 ], [ 281108.09, 4159401.45 ], [ 281108.18, 4159401.4 ], [ 281111.03, 4159400.03 ], [ 281111.12, 4159399.99 ], [ 281111.21, 4159399.97 ], [ 281111.31, 4159399.95 ], [ 281111.41, 4159399.94 ], [ 281111.5, 4159399.94 ], [ 281111.6, 4159399.94 ], [ 281111.7, 4159399.96 ], [ 281111.79, 4159399.99 ], [ 281111.88, 4159400.03 ], [ 281111.97, 4159400.07 ], [ 281112.05, 4159400.13 ], [ 281112.13, 4159400.19 ], [ 281112.2, 4159400.26 ], [ 281112.26, 4159400.33 ], [ 281112.31, 4159400.42 ], [ 281112.36, 4159400.5 ], [ 281114.16, 4159404.24 ], [ 281116.61, 4159403.07 ], [ 281116.46, 4159402.76 ], [ 281115.48, 4159401.56 ], [ 281115.18, 4159400.38 ], [ 281115.22, 4159400.16 ], [ 281114.5, 4159398.64 ], [ 281114.47, 4159398.55 ], [ 281114.44, 4159398.46 ], [ 281114.42, 4159398.36 ], [ 281114.41, 4159398.26 ], [ 281114.41, 4159398.17 ], [ 281114.42, 4159398.07 ], [ 281114.44, 4159397.97 ], [ 281114.46, 4159397.88 ], [ 281114.5, 4159397.79 ], [ 281114.55, 4159397.7 ], [ 281114.6, 4159397.62 ], [ 281114.67, 4159397.54 ], [ 281114.74, 4159397.47 ], [ 281114.81, 4159397.41 ], [ 281114.89, 4159397.35 ], [ 281114.98, 4159397.31 ], [ 281121.57, 4159394.21 ], [ 281121.66, 4159394.18 ], [ 281121.75, 4159394.15 ], [ 281121.85, 4159394.13 ], [ 281121.94, 4159394.12 ], [ 281122.04, 4159394.12 ], [ 281122.14, 4159394.13 ], [ 281122.23, 4159394.15 ], [ 281122.33, 4159394.18 ], [ 281122.42, 4159394.22 ], [ 281122.5, 4159394.26 ], [ 281122.59, 4159394.32 ], [ 281122.66, 4159394.38 ], [ 281122.73, 4159394.45 ], [ 281122.79, 4159394.52 ], [ 281122.85, 4159394.6 ], [ 281122.89, 4159394.69 ], [ 281124.43, 4159397.93 ], [ 281124.71, 4159398.2 ], [ 281125.05, 4159399.03 ], [ 281173.17, 4159376.01 ], [ 281174.58, 4159374.37 ], [ 281175.23, 4159373.93 ], [ 281176.91, 4159373.37 ], [ 281176.92, 4159373.34 ], [ 281177.02, 4159373.19 ], [ 281177.14, 4159373.06 ], [ 281177.26, 4159372.94 ], [ 281177.4, 4159372.83 ], [ 281177.55, 4159372.73 ], [ 281177.64, 4159372.68 ], [ 281178.57, 4159368.74 ], [ 281177.96, 4159367.45 ], [ 281177.22, 4159366.71 ], [ 281176.9, 4159366.23 ], [ 281176.24, 4159364.66 ], [ 281176.13, 4159364.09 ], [ 281176.13, 4159363.61 ], [ 281171.63, 4159354.15 ], [ 281171.57, 4159354.1 ], [ 281170.35, 4159352.13 ], [ 281170.13, 4159351.35 ], [ 281163.12, 4159354.69 ], [ 281163.79, 4159356.62 ], [ 281167.34, 4159354.93 ], [ 281167.43, 4159354.89 ], [ 281167.52, 4159354.86 ], [ 281167.62, 4159354.85 ], [ 281167.71, 4159354.84 ], [ 281167.81, 4159354.84 ], [ 281167.91, 4159354.84 ], [ 281168.01, 4159354.86 ], [ 281168.1, 4159354.89 ], [ 281168.19, 4159354.93 ], [ 281168.28, 4159354.97 ], [ 281168.36, 4159355.03 ], [ 281168.43, 4159355.09 ], [ 281168.5, 4159355.16 ], [ 281168.57, 4159355.23 ], [ 281168.62, 4159355.32 ], [ 281168.67, 4159355.4 ], [ 281172.25, 4159362.89 ], [ 281172.29, 4159362.98 ], [ 281172.32, 4159363.08 ], [ 281172.34, 4159363.17 ], [ 281172.35, 4159363.27 ], [ 281172.35, 4159363.37 ], [ 281172.34, 4159363.47 ], [ 281172.32, 4159363.56 ], [ 281172.29, 4159363.66 ], [ 281172.25, 4159363.75 ], [ 281172.21, 4159363.84 ], [ 281172.15, 4159363.92 ], [ 281172.09, 4159363.99 ], [ 281172.02, 4159364.06 ], [ 281171.95, 4159364.13 ], [ 281171.87, 4159364.18 ], [ 281171.78, 4159364.23 ], [ 281167.8, 4159366.11 ], [ 281168.18, 4159366.89 ], [ 281168.21, 4159366.98 ], [ 281168.24, 4159367.07 ], [ 281168.26, 4159367.17 ], [ 281168.27, 4159367.26 ], [ 281168.27, 4159367.36 ], [ 281168.26, 4159367.46 ], [ 281168.24, 4159367.56 ], [ 281168.22, 4159367.65 ], [ 281168.18, 4159367.74 ], [ 281168.13, 4159367.83 ], [ 281168.08, 4159367.91 ], [ 281168.02, 4159367.99 ], [ 281167.95, 4159368.06 ], [ 281167.87, 4159368.12 ], [ 281167.79, 4159368.17 ], [ 281167.7, 4159368.22 ], [ 281157.65, 4159373.0 ], [ 281157.56, 4159373.03 ], [ 281157.47, 4159373.06 ], [ 281157.37, 4159373.08 ], [ 281157.27, 4159373.09 ], [ 281157.18, 4159373.09 ], [ 281157.08, 4159373.08 ], [ 281156.98, 4159373.06 ], [ 281156.89, 4159373.03 ], [ 281156.8, 4159373.0 ], [ 281156.71, 4159372.95 ], [ 281156.63, 4159372.9 ], [ 281156.55, 4159372.84 ], [ 281156.49, 4159372.77 ], [ 281156.42, 4159372.69 ], [ 281156.37, 4159372.61 ], [ 281156.32, 4159372.52 ], [ 281155.56, 4159370.94 ], [ 281154.86, 4159371.08 ], [ 281153.93, 4159370.96 ], [ 281151.55, 4159369.79 ], [ 281150.89, 4159369.13 ], [ 281147.42, 4159362.2 ], [ 281098.21, 4159385.72 ], [ 281098.12, 4159386.27 ], [ 281099.31, 4159385.68 ], [ 281099.4, 4159385.64 ], [ 281099.49, 4159385.61 ], [ 281099.59, 4159385.59 ], [ 281099.68, 4159385.58 ] ], [ [ 281132.41, 4159387.4 ], [ 281132.32, 4159387.43 ], [ 281132.23, 4159387.46 ], [ 281132.13, 4159387.48 ], [ 281132.03, 4159387.49 ], [ 281131.94, 4159387.49 ], [ 281131.84, 4159387.48 ], [ 281131.74, 4159387.46 ], [ 281131.65, 4159387.43 ], [ 281131.56, 4159387.4 ], [ 281131.47, 4159387.35 ], [ 281131.39, 4159387.3 ], [ 281131.31, 4159387.23 ], [ 281131.24, 4159387.17 ], [ 281131.18, 4159387.09 ], [ 281131.13, 4159387.01 ], [ 281131.08, 4159386.92 ], [ 281127.04, 4159378.42 ], [ 281127.0, 4159378.33 ], [ 281126.98, 4159378.23 ], [ 281126.96, 4159378.13 ], [ 281126.95, 4159378.03 ], [ 281126.95, 4159377.93 ], [ 281126.96, 4159377.84 ], [ 281126.98, 4159377.74 ], [ 281127.01, 4159377.64 ], [ 281127.05, 4159377.55 ], [ 281127.09, 4159377.46 ], [ 281127.15, 4159377.38 ], [ 281127.22, 4159377.31 ], [ 281127.29, 4159377.24 ], [ 281127.37, 4159377.18 ], [ 281127.45, 4159377.12 ], [ 281127.54, 4159377.08 ], [ 281130.99, 4159375.54 ], [ 281131.08, 4159375.5 ], [ 281131.17, 4159375.48 ], [ 281131.27, 4159375.46 ], [ 281131.36, 4159375.45 ], [ 281131.46, 4159375.45 ], [ 281131.55, 4159375.46 ], [ 281131.65, 4159375.48 ], [ 281131.74, 4159375.51 ], [ 281131.83, 4159375.55 ], [ 281131.91, 4159375.59 ], [ 281131.99, 4159375.65 ], [ 281132.06, 4159375.71 ], [ 281132.13, 4159375.77 ], [ 281132.19, 4159375.85 ], [ 281132.25, 4159375.93 ], [ 281132.3, 4159376.01 ], [ 281134.35, 4159380.17 ], [ 281134.67, 4159380.02 ], [ 281134.76, 4159379.99 ], [ 281134.85, 4159379.96 ], [ 281134.94, 4159379.94 ], [ 281135.04, 4159379.93 ], [ 281135.14, 4159379.93 ], [ 281135.23, 4159379.94 ], [ 281135.33, 4159379.95 ], [ 281135.42, 4159379.98 ], [ 281135.51, 4159380.02 ], [ 281135.59, 4159380.06 ], [ 281135.68, 4159380.11 ], [ 281135.75, 4159380.17 ], [ 281135.82, 4159380.24 ], [ 281135.88, 4159380.31 ], [ 281135.94, 4159380.39 ], [ 281135.99, 4159380.48 ], [ 281137.65, 4159383.77 ], [ 281137.69, 4159383.86 ], [ 281137.72, 4159383.95 ], [ 281137.74, 4159384.05 ], [ 281137.75, 4159384.15 ], [ 281137.75, 4159384.25 ], [ 281137.75, 4159384.35 ], [ 281137.73, 4159384.45 ], [ 281137.7, 4159384.54 ], [ 281137.66, 4159384.63 ], [ 281137.62, 4159384.72 ], [ 281137.56, 4159384.81 ], [ 281137.5, 4159384.88 ], [ 281137.43, 4159384.96 ], [ 281137.35, 4159385.02 ], [ 281137.27, 4159385.07 ], [ 281137.18, 4159385.12 ], [ 281132.41, 4159387.4 ] ] ], [ [ [ 281136.16, 4159419.58 ], [ 281139.04, 4159415.27 ], [ 281139.57, 4159414.79 ], [ 281141.41, 4159413.8 ], [ 281142.11, 4159413.63 ], [ 281159.53, 4159413.63 ], [ 281162.02, 4159412.29 ], [ 281166.04, 4159406.27 ], [ 281166.57, 4159405.79 ], [ 281168.41, 4159404.8 ], [ 281169.11, 4159404.63 ], [ 281170.13, 4159404.63 ], [ 281173.13, 4159401.63 ], [ 281173.13, 4159401.26 ], [ 281173.41, 4159400.4 ], [ 281175.07, 4159398.1 ], [ 281173.6, 4159394.08 ], [ 281173.83, 4159393.76 ], [ 281172.7, 4159392.96 ], [ 281172.62, 4159392.96 ], [ 281172.53, 4159392.95 ], [ 281172.43, 4159392.93 ], [ 281172.34, 4159392.9 ], [ 281172.25, 4159392.86 ], [ 281172.16, 4159392.82 ], [ 281172.08, 4159392.76 ], [ 281172.0, 4159392.7 ], [ 281171.93, 4159392.63 ], [ 281171.87, 4159392.55 ], [ 281171.82, 4159392.47 ], [ 281171.77, 4159392.38 ], [ 281168.37, 4159385.07 ], [ 281137.13, 4159400.01 ], [ 281139.65, 4159405.26 ], [ 281139.69, 4159405.35 ], [ 281139.72, 4159405.44 ], [ 281139.74, 4159405.54 ], [ 281139.75, 4159405.64 ], [ 281139.75, 4159405.74 ], [ 281139.74, 4159405.83 ], [ 281139.72, 4159405.93 ], [ 281139.69, 4159406.02 ], [ 281139.65, 4159406.12 ], [ 281139.61, 4159406.2 ], [ 281139.55, 4159406.28 ], [ 281139.49, 4159406.36 ], [ 281139.42, 4159406.43 ], [ 281139.35, 4159406.49 ], [ 281139.27, 4159406.55 ], [ 281139.18, 4159406.59 ], [ 281133.93, 4159409.12 ], [ 281134.2, 4159409.68 ], [ 281134.24, 4159409.77 ], [ 281134.27, 4159409.87 ], [ 281134.29, 4159409.96 ], [ 281134.3, 4159410.06 ], [ 281134.3, 4159410.16 ], [ 281134.29, 4159410.26 ], [ 281134.27, 4159410.35 ], [ 281134.24, 4159410.45 ], [ 281134.2, 4159410.54 ], [ 281134.16, 4159410.62 ], [ 281134.1, 4159410.71 ], [ 281134.04, 4159410.78 ], [ 281133.97, 4159410.85 ], [ 281133.9, 4159410.91 ], [ 281133.82, 4159410.97 ], [ 281133.73, 4159411.02 ], [ 281129.22, 4159413.18 ], [ 281129.13, 4159413.22 ], [ 281129.03, 4159413.25 ], [ 281128.97, 4159413.26 ], [ 281128.49, 4159415.19 ], [ 281129.33, 4159415.4 ], [ 281129.87, 4159418.69 ], [ 281130.57, 4159419.06 ], [ 281131.54, 4159420.04 ], [ 281136.16, 4159419.58 ] ], [ [ 281164.14, 4159396.37 ], [ 281164.05, 4159396.4 ], [ 281163.96, 4159396.43 ], [ 281163.86, 4159396.45 ], [ 281163.77, 4159396.46 ], [ 281163.67, 4159396.46 ], [ 281163.57, 4159396.45 ], [ 281163.47, 4159396.44 ], [ 281163.38, 4159396.41 ], [ 281163.29, 4159396.37 ], [ 281163.2, 4159396.33 ], [ 281163.12, 4159396.27 ], [ 281163.04, 4159396.21 ], [ 281162.97, 4159396.14 ], [ 281162.91, 4159396.06 ], [ 281162.86, 4159395.98 ], [ 281162.81, 4159395.9 ], [ 281160.08, 4159390.21 ], [ 281160.04, 4159390.12 ], [ 281160.01, 4159390.02 ], [ 281159.99, 4159389.93 ], [ 281159.98, 4159389.83 ], [ 281159.98, 4159389.73 ], [ 281159.99, 4159389.63 ], [ 281160.01, 4159389.54 ], [ 281160.04, 4159389.44 ], [ 281160.07, 4159389.35 ], [ 281160.12, 4159389.26 ], [ 281160.17, 4159389.18 ], [ 281160.23, 4159389.11 ], [ 281160.3, 4159389.04 ], [ 281160.38, 4159388.97 ], [ 281160.46, 4159388.92 ], [ 281160.55, 4159388.87 ], [ 281163.98, 4159387.23 ], [ 281164.07, 4159387.19 ], [ 281164.16, 4159387.16 ], [ 281164.26, 4159387.14 ], [ 281164.35, 4159387.13 ], [ 281164.45, 4159387.13 ], [ 281164.55, 4159387.14 ], [ 281164.65, 4159387.16 ], [ 281164.74, 4159387.18 ], [ 281164.83, 4159387.22 ], [ 281164.92, 4159387.27 ], [ 281165.0, 4159387.32 ], [ 281165.08, 4159387.38 ], [ 281165.15, 4159387.45 ], [ 281165.21, 4159387.53 ], [ 281165.26, 4159387.61 ], [ 281165.31, 4159387.69 ], [ 281168.04, 4159393.39 ], [ 281168.08, 4159393.48 ], [ 281168.11, 4159393.57 ], [ 281168.13, 4159393.67 ], [ 281168.14, 4159393.76 ], [ 281168.14, 4159393.86 ], [ 281168.13, 4159393.96 ], [ 281168.11, 4159394.06 ], [ 281168.08, 4159394.15 ], [ 281168.05, 4159394.24 ], [ 281168.0, 4159394.33 ], [ 281167.95, 4159394.41 ], [ 281167.88, 4159394.49 ], [ 281167.82, 4159394.56 ], [ 281167.74, 4159394.62 ], [ 281167.66, 4159394.67 ], [ 281167.57, 4159394.72 ], [ 281164.14, 4159396.37 ] ], [ [ 281150.1, 4159403.58 ], [ 281150.01, 4159403.62 ], [ 281149.92, 4159403.65 ], [ 281149.82, 4159403.67 ], [ 281149.73, 4159403.68 ], [ 281149.63, 4159403.69 ], [ 281149.53, 4159403.68 ], [ 281149.43, 4159403.66 ], [ 281149.34, 4159403.64 ], [ 281149.25, 4159403.6 ], [ 281149.16, 4159403.56 ], [ 281149.08, 4159403.51 ], [ 281149.0, 4159403.45 ], [ 281148.93, 4159403.38 ], [ 281148.86, 4159403.31 ], [ 281148.81, 4159403.23 ], [ 281148.76, 4159403.14 ], [ 281145.75, 4159397.26 ], [ 281145.71, 4159397.17 ], [ 281145.68, 4159397.07 ], [ 281145.65, 4159396.98 ], [ 281145.64, 4159396.88 ], [ 281145.64, 4159396.78 ], [ 281145.65, 4159396.68 ], [ 281145.66, 4159396.59 ], [ 281145.69, 4159396.49 ], [ 281145.72, 4159396.4 ], [ 281145.77, 4159396.31 ], [ 281145.82, 4159396.23 ], [ 281145.88, 4159396.15 ], [ 281145.95, 4159396.08 ], [ 281146.02, 4159396.02 ], [ 281146.1, 4159395.96 ], [ 281146.19, 4159395.91 ], [ 281151.91, 4159393.0 ], [ 281152.0, 4159392.96 ], [ 281152.09, 4159392.93 ], [ 281152.19, 4159392.91 ], [ 281152.28, 4159392.9 ], [ 281152.38, 4159392.9 ], [ 281152.48, 4159392.9 ], [ 281152.58, 4159392.92 ], [ 281152.67, 4159392.95 ], [ 281152.76, 4159392.98 ], [ 281152.85, 4159393.02 ], [ 281152.93, 4159393.08 ], [ 281153.01, 4159393.14 ], [ 281153.08, 4159393.2 ], [ 281153.15, 4159393.28 ], [ 281153.2, 4159393.36 ], [ 281153.25, 4159393.44 ], [ 281156.26, 4159399.34 ], [ 281156.3, 4159399.43 ], [ 281156.33, 4159399.52 ], [ 281156.36, 4159399.62 ], [ 281156.37, 4159399.71 ], [ 281156.37, 4159399.81 ], [ 281156.37, 4159399.91 ], [ 281156.35, 4159400.01 ], [ 281156.32, 4159400.1 ], [ 281156.29, 4159400.19 ], [ 281156.24, 4159400.28 ], [ 281156.19, 4159400.36 ], [ 281156.13, 4159400.44 ], [ 281156.06, 4159400.51 ], [ 281155.99, 4159400.58 ], [ 281155.91, 4159400.64 ], [ 281155.82, 4159400.68 ], [ 281150.1, 4159403.58 ] ] ], [ [ [ 281105.97, 4159422.13 ], [ 281106.01, 4159422.22 ], [ 281106.05, 4159422.31 ], [ 281106.07, 4159422.41 ], [ 281106.08, 4159422.5 ], [ 281106.08, 4159422.6 ], [ 281106.08, 4159422.7 ], [ 281106.06, 4159422.8 ], [ 281106.03, 4159422.89 ], [ 281106.0, 4159422.98 ], [ 281105.95, 4159423.07 ], [ 281105.9, 4159423.15 ], [ 281105.84, 4159423.23 ], [ 281105.78, 4159423.3 ], [ 281105.7, 4159423.37 ], [ 281105.62, 4159423.42 ], [ 281105.54, 4159423.47 ], [ 281104.49, 4159424.01 ], [ 281104.82, 4159424.72 ], [ 281107.37, 4159429.95 ], [ 281107.41, 4159430.04 ], [ 281107.44, 4159430.13 ], [ 281107.46, 4159430.23 ], [ 281107.47, 4159430.33 ], [ 281107.47, 4159430.43 ], [ 281107.46, 4159430.52 ], [ 281107.44, 4159430.62 ], [ 281107.41, 4159430.71 ], [ 281107.38, 4159430.81 ], [ 281107.33, 4159430.89 ], [ 281107.28, 4159430.98 ], [ 281107.21, 4159431.05 ], [ 281107.15, 4159431.12 ], [ 281107.07, 4159431.19 ], [ 281106.99, 4159431.24 ], [ 281106.9, 4159431.29 ], [ 281103.44, 4159432.95 ], [ 281104.14, 4159435.16 ], [ 281107.47, 4159435.44 ], [ 281123.59, 4159426.48 ], [ 281125.13, 4159423.86 ], [ 281125.13, 4159421.31 ], [ 281125.23, 4159421.0 ], [ 281121.86, 4159417.17 ], [ 281117.6, 4159417.88 ], [ 281117.61, 4159417.94 ], [ 281117.62, 4159418.04 ], [ 281117.63, 4159418.14 ], [ 281117.62, 4159418.24 ], [ 281117.6, 4159418.33 ], [ 281117.57, 4159418.43 ], [ 281117.53, 4159418.52 ], [ 281117.49, 4159418.61 ], [ 281117.43, 4159418.69 ], [ 281117.37, 4159418.76 ], [ 281117.3, 4159418.83 ], [ 281117.23, 4159418.9 ], [ 281117.15, 4159418.95 ], [ 281117.06, 4159419.0 ], [ 281112.08, 4159421.39 ], [ 281111.99, 4159421.43 ], [ 281111.89, 4159421.46 ], [ 281111.8, 4159421.48 ], [ 281111.7, 4159421.49 ], [ 281111.6, 4159421.49 ], [ 281111.5, 4159421.48 ], [ 281111.41, 4159421.46 ], [ 281111.31, 4159421.43 ], [ 281111.22, 4159421.4 ], [ 281111.13, 4159421.35 ], [ 281111.05, 4159421.3 ], [ 281110.98, 4159421.23 ], [ 281110.91, 4159421.16 ], [ 281110.84, 4159421.09 ], [ 281110.79, 4159421.01 ], [ 281110.74, 4159420.92 ], [ 281109.3, 4159417.92 ], [ 281107.64, 4159416.51 ], [ 281107.4, 4159416.01 ], [ 281105.49, 4159415.15 ], [ 281103.0, 4159416.34 ], [ 281103.01, 4159416.35 ], [ 281103.07, 4159416.43 ], [ 281103.12, 4159416.51 ], [ 281105.97, 4159422.13 ] ] ] ] } },
{ "type": "Feature", "properties": { "id": "richmond_structure:410079", "name": null, "kind": "deck", "sport": null, "surface": null, "pitch_layout": null, "source": "richmond_structures", "source_updated": "2026-09-08T12:07:13.637000Z", "base_z": null, "top_z": null }, "geometry": { "type": "Polygon", "coordinates": [ [ [ 281156.17, 4159402.86 ], [ 281151.65, 4159405.02 ], [ 281154.94, 4159411.93 ], [ 281159.93, 4159409.55 ], [ 281158.94, 4159407.47 ], [ 281158.48, 4159407.69 ], [ 281156.17, 4159402.86 ] ] ] } },
{ "type": "Feature", "properties": { "id": "richmond_structure:268301", "name": null, "kind": "deck", "sport": null, "surface": null, "pitch_layout": null, "source": "richmond_structures", "source_updated": "2026-09-08T12:07:13.637000Z", "base_z": null, "top_z": null }, "geometry": { "type": "Polygon", "coordinates": [ [ [ 281157.07, 4159416.39 ], [ 281162.97, 4159413.57 ], [ 281160.84, 4159409.12 ], [ 281154.94, 4159411.93 ], [ 281157.07, 4159416.39 ] ] ] } },
{ "type": "Feature", "properties": { "id": "richmond_structure:268303", "name": null, "kind": "deck", "sport": null, "surface": null, "pitch_layout": null, "source": "richmond_structures", "source_updated": "2026-09-08T12:07:13.637000Z", "base_z": null, "top_z": null }, "geometry": { "type": "Polygon", "coordinates": [ [ [ 281137.73, 4159416.76 ], [ 281139.57, 4159420.62 ], [ 281144.1, 4159418.46 ], [ 281142.25, 4159414.6 ], [ 281137.73, 4159416.76 ] ] ] } },
{ "type": "Feature", "properties": { "id": "richmond_structure:410082", "name": null, "kind": "deck", "sport": null, "surface": null, "pitch_layout": null, "source": "richmond_structures", "source_updated": "2026-09-08T12:07:13.637000Z", "base_z": null, "top_z": null }, "geometry": { "type": "Polygon", "coordinates": [ [ [ 281127.99, 4159426.47 ], [ 281131.53, 4159424.78 ], [ 281133.13, 4159428.14 ], [ 281134.04, 4159427.7 ], [ 281127.96, 4159414.98 ], [ 281123.36, 4159417.3 ], [ 281127.99, 4159426.47 ] ] ] } },
{ "type": "Feature", "properties": { "id": "richmond_structure:410081", "name": null, "kind": "deck", "sport": null, "surface": null, "pitch_layout": null, "source": "richmond_structures", "source_updated": "2026-09-08T12:07:13.637000Z", "base_z": null, "top_z": null }, "geometry": { "type": "Polygon", "coordinates": [ [ [ 281134.97, 4159427.26 ], [ 281138.74, 4159425.46 ], [ 281137.72, 4159423.31 ], [ 281133.95, 4159425.11 ], [ 281134.97, 4159427.26 ] ] ] } },
{ "type": "Feature", "properties": { "id": "richmond_structure:265897", "name": null, "kind": "deck", "sport": null, "surface": null, "pitch_layout": null, "source": "richmond_structures", "source_updated": "2026-09-08T12:07:13.637000Z", "base_z": null, "top_z": null }, "geometry": { "type": "Polygon", "coordinates": [ [ [ 281119.88, 4159427.16 ], [ 281117.73, 4159426.47 ], [ 281115.91, 4159426.82 ], [ 281115.59, 4159428.67 ], [ 281116.99, 4159432.67 ], [ 281119.0, 4159434.03 ], [ 281118.73, 4159433.47 ], [ 281121.54, 4159432.13 ], [ 281122.03, 4159433.16 ], [ 281123.74, 4159432.35 ], [ 281123.04, 4159431.77 ], [ 281119.88, 4159427.16 ] ] ] } },
{ "type": "Feature", "properties": { "id": "richmond_structure:265896", "name": null, "kind": "deck", "sport": null, "surface": null, "pitch_layout": null, "source": "richmond_structures", "source_updated": "2026-09-08T12:07:13.637000Z", "base_z": null, "top_z": null }, "geometry": { "type": "Polygon", "coordinates": [ [ [ 281113.89, 4159427.0 ], [ 281112.85, 4159427.61 ], [ 281113.07, 4159428.28 ], [ 281109.05, 4159429.4 ], [ 281110.49, 4159434.27 ], [ 281112.63, 4159435.11 ], [ 281112.47, 4159434.78 ], [ 281115.81, 4159433.12 ], [ 281116.11, 4159432.22 ], [ 281113.89, 4159427.0 ] ] ] } },
{ "type": "Feature", "properties": { "id": "richmond_structure:272254", "name": null, "kind": "deck", "sport": null, "surface": null, "pitch_layout": null, "source": "richmond_structures", "source_updated": "2026-09-08T12:07:13.637000Z", "base_z": null, "top_z": null }, "geometry": { "type": "Polygon", "coordinates": [ [ [ 281105.4, 4159437.61 ], [ 281108.51, 4159436.1 ], [ 281106.12, 4159431.17 ], [ 281103.0, 4159432.68 ], [ 281105.4, 4159437.61 ] ] ] } },
{ "type": "Feature", "properties": { "id": "richmond_structure:410099", "name": null, "kind": "deck", "sport": null, "surface": null, "pitch_layout": null, "source": "richmond_structures", "source_updated": "2026-09-08T12:07:13.637000Z", "base_z": null, "top_z": null }, "geometry": { "type": "Polygon", "coordinates": [ [ [ 281207.64, 4159313.37 ], [ 281204.56, 4159314.87 ], [ 281199.31, 4159313.65 ], [ 281194.48, 4159315.95 ], [ 281197.23, 4159321.81 ], [ 281205.1, 4159318.1 ], [ 281206.48, 4159321.02 ], [ 281210.35, 4159319.14 ], [ 281207.64, 4159313.37 ] ] ] } },
{ "type": "Feature", "properties": { "id": "richmond_structure:410100", "name": null, "kind": "deck", "sport": null, "surface": null, "pitch_layout": null, "source": "richmond_structures", "source_updated": "2026-09-08T12:07:13.637000Z", "base_z": null, "top_z": null }, "geometry": { "type": "Polygon", "coordinates": [ [ [ 281186.67, 4159321.57 ], [ 281187.88, 4159321.02 ], [ 281192.09, 4159327.06 ], [ 281194.47, 4159325.78 ], [ 281197.11, 4159330.69 ], [ 281198.99, 4159329.53 ], [ 281192.85, 4159315.57 ], [ 281185.47, 4159318.93 ], [ 281186.67, 4159321.57 ] ] ] } },
{ "type": "Feature", "properties": { "id": "imagery:groundcover_paved:1260", "name": null, "kind": "groundcover_paved", "sport": null, "surface": null, "pitch_layout": null, "source": "vgin_vbmp+naip+lidar2025", "source_updated": null, "base_z": null, "top_z": null }, "geometry": { "type": "MultiPolygon", "coordinates": [ [ [ [ 281200.55, 4159356.2 ], [ 281198.98, 4159356.85 ], [ 281197.13, 4159359.63 ], [ 281197.13, 4159364.03 ], [ 281199.16, 4159363.16 ], [ 281199.62, 4159362.99 ], [ 281200.09, 4159362.87 ], [ 281200.58, 4159362.79 ], [ 281200.92, 4159362.77 ], [ 281231.72, 4159348.09 ], [ 281250.0, 4159339.38 ], [ 281250.0, 4159314.09 ], [ 281248.13, 4159314.96 ], [ 281248.13, 4159329.78 ], [ 281247.82, 4159330.68 ], [ 281246.17, 4159332.8 ], [ 281245.37, 4159333.32 ], [ 281240.53, 4159334.53 ], [ 281239.31, 4159334.27 ], [ 281236.68, 4159332.21 ], [ 281236.13, 4159331.09 ], [ 281236.13, 4159330.66 ], [ 281233.08, 4159327.66 ], [ 281232.86, 4159327.67 ], [ 281229.84, 4159326.28 ], [ 281229.06, 4159325.34 ], [ 281228.72, 4159324.0 ], [ 281188.95, 4159342.53 ], [ 281190.05, 4159343.81 ], [ 281198.99, 4159342.32 ], [ 281200.14, 4159342.64 ], [ 281202.63, 4159344.74 ], [ 281203.13, 4159345.83 ], [ 281203.13, 4159353.03 ], [ 281202.71, 4159354.05 ], [ 281200.55, 4159356.2 ] ], [ [ 281217.18, 4159343.6 ], [ 281218.41, 4159343.58 ], [ 281221.42, 4159344.97 ], [ 281222.2, 4159345.92 ], [ 281223.03, 4159349.23 ], [ 281222.77, 4159350.44 ], [ 281220.72, 4159353.08 ], [ 281219.2, 4159353.82 ], [ 281217.71, 4159353.2 ], [ 281215.55, 4159351.05 ], [ 281215.13, 4159350.03 ], [ 281215.13, 4159346.9 ], [ 281215.35, 4159346.12 ], [ 281216.57, 4159344.15 ], [ 281217.16, 4159343.61 ], [ 281217.18, 4159343.6 ] ] ], [ [ [ 281243.53, 4159365.48 ], [ 281250.0, 4159362.23 ], [ 281250.0, 4159346.14 ], [ 281237.12, 4159352.28 ], [ 281243.53, 4159365.48 ] ] ], [ [ [ 281250.0, 4159378.84 ], [ 281250.0, 4159369.06 ], [ 281246.19, 4159370.97 ], [ 281250.0, 4159378.84 ] ] ], [ [ [ 281250.0, 4159395.52 ], [ 281250.0, 4159392.83 ], [ 281241.13, 4159374.53 ], [ 281241.13, 4159374.55 ], [ 281240.99, 4159375.03 ], [ 281240.81, 4159375.48 ], [ 281240.59, 4159375.92 ], [ 281240.32, 4159376.33 ], [ 281240.01, 4159376.72 ], [ 281239.67, 4159377.07 ], [ 281239.3, 4159377.39 ], [ 281238.89, 4159377.67 ], [ 281238.58, 4159377.84 ], [ 281242.89, 4159386.53 ], [ 281243.08, 4159386.98 ], [ 281243.23, 4159387.45 ], [ 281243.34, 4159387.93 ], [ 281243.39, 4159388.42 ], [ 281243.4, 4159388.91 ], [ 281243.36, 4159389.4 ], [ 281243.27, 4159389.89 ], [ 281243.14, 4159390.36 ], [ 281242.96, 4159390.82 ], [ 281242.73, 4159391.25 ], [ 281242.47, 4159391.67 ], [ 281242.16, 4159392.05 ], [ 281241.82, 4159392.41 ], [ 281241.44, 4159392.72 ], [ 281241.04, 4159393.0 ], [ 281240.61, 4159393.24 ], [ 281237.8, 4159394.62 ], [ 281238.17, 4159394.96 ], [ 281237.98, 4159395.4 ], [ 281239.55, 4159396.05 ], [ 281241.71, 4159398.2 ], [ 281242.13, 4159399.22 ], [ 281242.13, 4159399.3 ], [ 281250.0, 4159395.52 ] ] ] ] } },
{ "type": "Feature", "properties": { "id": "imagery:groundcover_lawn:1187", "name": null, "kind": "groundcover_lawn", "sport": null, "surface": null, "pitch_layout": null, "source": "vgin_vbmp+naip+lidar2025", "source_updated": null, "base_z": null, "top_z": null }, "geometry": { "type": "Polygon", "coordinates": [ [ [ 281185.67, 4159356.61 ], [ 281187.75, 4159368.01 ], [ 281188.15, 4159368.85 ], [ 281197.13, 4159364.57 ], [ 281197.13, 4159360.22 ], [ 281197.55, 4159359.2 ], [ 281199.71, 4159357.05 ], [ 281201.28, 4159356.4 ], [ 281203.13, 4159353.63 ], [ 281203.13, 4159344.63 ], [ 281200.13, 4159341.63 ], [ 281190.89, 4159341.63 ], [ 281180.98, 4159346.24 ], [ 281180.03, 4159350.01 ], [ 281181.92, 4159353.56 ], [ 281183.03, 4159353.96 ], [ 281185.17, 4159355.75 ], [ 281185.67, 4159356.61 ] ] ] } },
{ "type": "Feature", "properties": { "id": "richmond_structure:268304", "name": null, "kind": "deck", "sport": null, "surface": null, "pitch_layout": null, "source": "richmond_structures", "source_updated": "2026-09-08T12:07:13.637000Z", "base_z": null, "top_z": null }, "geometry": { "type": "Polygon", "coordinates": [ [ [ 281169.42, 4159410.47 ], [ 281172.53, 4159408.94 ], [ 281170.94, 4159405.73 ], [ 281167.84, 4159407.26 ], [ 281169.42, 4159410.47 ] ] ] } },
{ "type": "Feature", "properties": { "id": "richmond_structure:410080", "name": null, "kind": "deck", "sport": null, "surface": null, "pitch_layout": null, "source": "richmond_structures", "source_updated": "2026-09-08T12:07:13.637000Z", "base_z": null, "top_z": null }, "geometry": { "type": "Polygon", "coordinates": [ [ [ 281162.29, 4159403.0 ], [ 281158.73, 4159404.7 ], [ 281162.97, 4159413.57 ], [ 281164.07, 4159413.05 ], [ 281163.22, 4159411.25 ], [ 281165.67, 4159410.08 ], [ 281162.29, 4159403.0 ] ] ] } },
{ "type": "Feature", "properties": { "id": "richmond_structure:268302", "name": null, "kind": "deck", "sport": null, "surface": null, "pitch_layout": null, "source": "richmond_structures", "source_updated": "2026-09-08T12:07:13.637000Z", "base_z": null, "top_z": null }, "geometry": { "type": "Polygon", "coordinates": [ [ [ 281164.07, 4159413.05 ], [ 281167.08, 4159411.61 ], [ 281166.22, 4159409.82 ], [ 281163.22, 4159411.25 ], [ 281164.07, 4159413.05 ] ] ] } },
{ "type": "Feature", "properties": { "id": "imagery:groundcover_lawn:1133", "name": null, "kind": "groundcover_lawn", "sport": null, "surface": null, "pitch_layout": null, "source": "vgin_vbmp+naip+lidar2025", "source_updated": null, "base_z": null, "top_z": null }, "geometry": { "type": "Polygon", "coordinates": [ [ [ 281198.53, 4159419.82 ], [ 281197.47, 4159417.57 ], [ 281197.01, 4159416.63 ], [ 281187.61, 4159416.63 ], [ 281182.45, 4159419.15 ], [ 281181.58, 4159421.34 ], [ 281184.13, 4159423.63 ], [ 281189.36, 4159424.28 ], [ 281198.53, 4159419.82 ] ] ] } },
{ "type": "Feature", "properties": { "id": "imagery:groundcover_lawn:1105", "name": null, "kind": "groundcover_lawn", "sport": null, "surface": null, "pitch_layout": null, "source": "vgin_vbmp+naip+lidar2025", "source_updated": null, "base_z": null, "top_z": null }, "geometry": { "type": "Polygon", "coordinates": [ [ [ 281173.0, 4159458.42 ], [ 281173.09, 4159458.39 ], [ 281173.19, 4159458.37 ], [ 281173.29, 4159458.36 ], [ 281173.38, 4159458.36 ], [ 281173.48, 4159458.37 ], [ 281173.58, 4159458.39 ], [ 281173.67, 4159458.42 ], [ 281173.76, 4159458.46 ], [ 281173.85, 4159458.5 ], [ 281173.93, 4159458.56 ], [ 281174.0, 4159458.62 ], [ 281174.07, 4159458.69 ], [ 281174.14, 4159458.76 ], [ 281174.19, 4159458.84 ], [ 281174.24, 4159458.93 ], [ 281176.03, 4159462.7 ], [ 281179.13, 4159460.46 ], [ 281179.13, 4159453.17 ], [ 281175.64, 4159450.21 ], [ 281174.65, 4159450.37 ], [ 281161.33, 4159456.75 ], [ 281163.18, 4159459.31 ], [ 281167.82, 4159460.86 ], [ 281172.91, 4159458.46 ], [ 281173.0, 4159458.42 ] ] ] } },
{ "type": "Feature", "properties": { "id": "imagery:groundcover_lawn:1168", "name": null, "kind": "groundcover_lawn", "sport": null, "surface": null, "pitch_layout": null, "source": "vgin_vbmp+naip+lidar2025", "source_updated": null, "base_z": null, "top_z": null }, "geometry": { "type": "MultiPolygon", "coordinates": [ [ [ [ 281242.13, 4159398.17 ], [ 281239.62, 4159395.21 ], [ 281227.89, 4159393.25 ], [ 281224.4, 4159396.42 ], [ 281225.19, 4159407.43 ], [ 281242.13, 4159399.3 ], [ 281242.13, 4159398.17 ] ] ], [ [ [ 281189.94, 4159488.75 ], [ 281189.85, 4159488.76 ], [ 281189.75, 4159488.77 ], [ 281189.65, 4159488.76 ], [ 281189.56, 4159488.74 ], [ 281189.46, 4159488.71 ], [ 281189.37, 4159488.68 ], [ 281189.28, 4159488.63 ], [ 281189.27, 4159488.63 ], [ 281188.73, 4159488.63 ], [ 281187.71, 4159488.2 ], [ 281185.55, 4159486.05 ], [ 281184.9, 4159484.48 ], [ 281182.13, 4159482.63 ], [ 281172.67, 4159482.63 ], [ 281169.71, 4159485.13 ], [ 281167.71, 4159497.13 ], [ 281170.14, 4159500.0 ], [ 281178.45, 4159500.0 ], [ 281181.44, 4159498.69 ], [ 281181.53, 4159498.66 ], [ 281181.62, 4159498.63 ], [ 281181.72, 4159498.62 ], [ 281181.82, 4159498.61 ], [ 281181.92, 4159498.61 ], [ 281182.01, 4159498.63 ], [ 281182.11, 4159498.65 ], [ 281182.2, 4159498.68 ], [ 281182.29, 4159498.72 ], [ 281182.38, 4159498.77 ], [ 281182.46, 4159498.82 ], [ 281182.53, 4159498.89 ], [ 281182.6, 4159498.96 ], [ 281182.66, 4159499.04 ], [ 281182.71, 4159499.12 ], [ 281182.75, 4159499.21 ], [ 281183.1, 4159500.0 ], [ 281194.13, 4159500.0 ], [ 281194.13, 4159491.63 ], [ 281191.13, 4159488.63 ], [ 281190.3, 4159488.63 ], [ 281190.22, 4159488.67 ], [ 281190.13, 4159488.7 ], [ 281190.04, 4159488.73 ], [ 281189.94, 4159488.75 ] ] ] ] } },
{ "type": "Feature", "properties": { "id": "osm:way/537894791", "name": null, "kind": "grass", "sport": null, "surface": null, "pitch_layout": null, "source": null, "source_updated": null, "base_z": null, "top_z": null }, "geometry": { "type": "Polygon", "coordinates": [ [ [ 281250.0, 4159486.94 ], [ 281250.0, 4159414.96 ], [ 281222.35, 4159428.56 ], [ 281250.0, 4159486.94 ] ] ] } },
{ "type": "Feature", "properties": { "id": "richmond_structure:409313", "name": null, "kind": "deck", "sport": null, "surface": null, "pitch_layout": null, "source": "richmond_structures", "source_updated": "2026-09-08T12:07:13.637000Z", "base_z": null, "top_z": null }, "geometry": { "type": "Polygon", "coordinates": [ [ [ 281158.67, 4159491.18 ], [ 281163.47, 4159488.86 ], [ 281160.44, 4159482.61 ], [ 281155.65, 4159484.93 ], [ 281158.67, 4159491.18 ] ] ] } },
{ "type": "Feature", "properties": { "id": "richmond_structure:409315", "name": null, "kind": "deck", "sport": null, "surface": null, "pitch_layout": null, "source": "richmond_structures", "source_updated": "2026-09-08T12:07:13.637000Z", "base_z": null, "top_z": null }, "geometry": { "type": "Polygon", "coordinates": [ [ [ 281202.76, 4159483.77 ], [ 281196.42, 4159486.72 ], [ 281201.45, 4159497.51 ], [ 281206.68, 4159495.07 ], [ 281204.87, 4159491.18 ], [ 281205.97, 4159490.66 ], [ 281202.76, 4159483.77 ] ] ] } },
{ "type": "Feature", "properties": { "id": "imagery:groundcover_lawn:1109", "name": null, "kind": "groundcover_lawn", "sport": null, "surface": null, "pitch_layout": null, "source": "vgin_vbmp+naip+lidar2025", "source_updated": null, "base_z": null, "top_z": null }, "geometry": { "type": "Polygon", "coordinates": [ [ [ 281138.28, 4159449.1 ], [ 281134.3, 4159446.24 ], [ 281133.44, 4159446.7 ], [ 281133.02, 4159446.85 ], [ 281122.46, 4159448.96 ], [ 281120.21, 4159452.85 ], [ 281121.45, 4159456.57 ], [ 281122.03, 4159457.0 ], [ 281138.28, 4159449.1 ] ] ] } },
{ "type": "Feature", "properties": { "id": "imagery:groundcover_paved:1188", "name": null, "kind": "groundcover_paved", "sport": null, "surface": null, "pitch_layout": null, "source": "vgin_vbmp+naip+lidar2025", "source_updated": null, "base_z": null, "top_z": null }, "geometry": { "type": "MultiPolygon", "coordinates": [ [ [ [ 281204.33, 4159432.14 ], [ 281203.26, 4159429.86 ], [ 281107.53, 4159476.38 ], [ 281108.36, 4159478.13 ], [ 281110.22, 4159477.22 ], [ 281110.23, 4159477.22 ], [ 281163.65, 4159451.65 ], [ 281163.83, 4159451.4 ], [ 281165.91, 4159449.9 ], [ 281166.77, 4159449.63 ], [ 281167.87, 4159449.63 ], [ 281204.32, 4159432.18 ], [ 281204.33, 4159432.14 ] ] ], [ [ [ 281064.35, 4159475.44 ], [ 281059.33, 4159487.16 ], [ 281090.24, 4159472.25 ], [ 281089.13, 4159469.78 ], [ 281085.38, 4159461.64 ], [ 281078.84, 4159464.94 ], [ 281078.67, 4159465.01 ], [ 281078.53, 4159465.09 ], [ 281074.13, 4159467.3 ], [ 281074.13, 4159470.03 ], [ 281073.71, 4159471.05 ], [ 281071.55, 4159473.2 ], [ 281070.53, 4159473.63 ], [ 281067.11, 4159473.63 ], [ 281064.35, 4159475.44 ] ] ], [ [ [ 281076.13, 4159498.64 ], [ 281076.43, 4159498.26 ], [ 281076.76, 4159497.92 ], [ 281077.13, 4159497.61 ], [ 281077.52, 4159497.33 ], [ 281077.94, 4159497.1 ], [ 281095.26, 4159488.38 ], [ 281095.71, 4159488.18 ], [ 281096.18, 4159488.02 ], [ 281096.67, 4159487.91 ], [ 281097.16, 4159487.86 ], [ 281097.66, 4159487.85 ], [ 281098.15, 4159487.89 ], [ 281098.64, 4159487.97 ], [ 281099.12, 4159488.11 ], [ 281099.58, 4159488.29 ], [ 281100.02, 4159488.52 ], [ 281100.44, 4159488.79 ], [ 281100.83, 4159489.1 ], [ 281101.18, 4159489.45 ], [ 281101.5, 4159489.83 ], [ 281101.73, 4159490.17 ], [ 281102.63, 4159489.91 ], [ 281103.87, 4159490.14 ], [ 281104.89, 4159490.91 ], [ 281102.17, 4159485.16 ], [ 281098.8, 4159486.81 ], [ 281098.64, 4159486.88 ], [ 281098.46, 4159486.93 ], [ 281098.29, 4159486.97 ], [ 281098.11, 4159486.99 ], [ 281097.93, 4159486.99 ], [ 281097.75, 4159486.97 ], [ 281097.57, 4159486.94 ], [ 281097.4, 4159486.88 ], [ 281097.23, 4159486.81 ], [ 281097.07, 4159486.73 ], [ 281096.93, 4159486.62 ], [ 281096.79, 4159486.51 ], [ 281096.66, 4159486.38 ], [ 281096.55, 4159486.24 ], [ 281096.45, 4159486.09 ], [ 281096.37, 4159485.93 ], [ 281094.78, 4159482.38 ], [ 281058.43, 4159499.92 ], [ 281058.51, 4159500.0 ], [ 281075.44, 4159500.0 ], [ 281075.47, 4159499.91 ], [ 281075.65, 4159499.47 ], [ 281075.87, 4159499.04 ], [ 281076.13, 4159498.64 ] ] ] ] } },
{ "type": "Feature", "properties": { "id": "imagery:groundcover_lawn:1094", "name": null, "kind": "groundcover_lawn", "sport": null, "surface": null, "pitch_layout": null, "source": "vgin_vbmp+naip+lidar2025", "source_updated": null, "base_z": null, "top_z": null }, "geometry": { "type": "Polygon", "coordinates": [ [ [ 281128.7, 4159479.44 ], [ 281128.79, 4159479.4 ], [ 281128.88, 4159479.37 ], [ 281128.98, 4159479.35 ], [ 281129.08, 4159479.34 ], [ 281129.17, 4159479.34 ], [ 281129.27, 4159479.35 ], [ 281129.37, 4159479.37 ], [ 281129.46, 4159479.4 ], [ 281129.55, 4159479.43 ], [ 281129.64, 4159479.48 ], [ 281129.72, 4159479.53 ], [ 281129.8, 4159479.59 ], [ 281129.87, 4159479.66 ], [ 281129.93, 4159479.74 ], [ 281129.98, 4159479.82 ], [ 281130.03, 4159479.91 ], [ 281132.56, 4159485.2 ], [ 281134.81, 4159483.57 ], [ 281135.23, 4159482.34 ], [ 281133.58, 4159478.91 ], [ 281133.54, 4159478.82 ], [ 281133.51, 4159478.72 ], [ 281133.49, 4159478.63 ], [ 281133.48, 4159478.53 ], [ 281133.48, 4159478.43 ], [ 281133.49, 4159478.33 ], [ 281133.51, 4159478.24 ], [ 281133.54, 4159478.14 ], [ 281133.57, 4159478.05 ], [ 281133.62, 4159477.97 ], [ 281133.67, 4159477.88 ], [ 281133.74, 4159477.81 ], [ 281133.8, 4159477.74 ], [ 281133.88, 4159477.68 ], [ 281133.96, 4159477.62 ], [ 281134.05, 4159477.57 ], [ 281145.58, 4159472.06 ], [ 281146.41, 4159470.79 ], [ 281144.36, 4159468.04 ], [ 281140.46, 4159466.74 ], [ 281125.1, 4159474.09 ], [ 281124.86, 4159474.85 ], [ 281123.36, 4159476.93 ], [ 281122.63, 4159477.46 ], [ 281118.18, 4159478.94 ], [ 281116.13, 4159481.79 ], [ 281116.13, 4159482.63 ], [ 281118.02, 4159484.52 ], [ 281128.7, 4159479.44 ] ] ] } },
{ "type": "Feature", "properties": { "id": "richmond_structure:409314", "name": null, "kind": "deck", "sport": null, "surface": null, "pitch_layout": null, "source": "richmond_structures", "source_updated": "2026-09-08T12:07:13.637000Z", "base_z": null, "top_z": null }, "geometry": { "type": "Polygon", "coordinates": [ [ [ 281141.66, 4159494.47 ], [ 281154.66, 4159488.43 ], [ 281153.81, 4159486.59 ], [ 281140.8, 4159492.64 ], [ 281141.66, 4159494.47 ] ] ] } },
{ "type": "Feature", "properties": { "id": "imagery:groundcover_paved:1078", "name": null, "kind": "groundcover_paved", "sport": null, "surface": null, "pitch_layout": null, "source": "vgin_vbmp+naip+lidar2025", "source_updated": null, "base_z": null, "top_z": null }, "geometry": { "type": "Polygon", "coordinates": [ [ [ 281168.95, 4159499.61 ], [ 281169.36, 4159499.34 ], [ 281169.79, 4159499.11 ], [ 281170.13, 4159498.95 ], [ 281170.13, 4159490.48 ], [ 281168.47, 4159487.8 ], [ 281165.47, 4159486.3 ], [ 281162.79, 4159486.3 ], [ 281159.72, 4159487.83 ], [ 281159.69, 4159488.15 ], [ 281159.6, 4159488.63 ], [ 281159.46, 4159489.11 ], [ 281159.27, 4159489.56 ], [ 281159.04, 4159490.0 ], [ 281158.77, 4159490.41 ], [ 281158.46, 4159490.79 ], [ 281158.11, 4159491.14 ], [ 281157.74, 4159491.45 ], [ 281157.33, 4159491.73 ], [ 281156.9, 4159491.96 ], [ 281143.93, 4159498.15 ], [ 281143.48, 4159498.34 ], [ 281143.01, 4159498.49 ], [ 281142.53, 4159498.58 ], [ 281142.04, 4159498.63 ], [ 281141.55, 4159498.64 ], [ 281141.07, 4159498.59 ], [ 281140.59, 4159498.5 ], [ 281140.12, 4159498.36 ], [ 281139.66, 4159498.17 ], [ 281139.23, 4159497.94 ], [ 281138.82, 4159497.67 ], [ 281138.44, 4159497.37 ], [ 281138.09, 4159497.02 ], [ 281137.78, 4159496.64 ], [ 281137.5, 4159496.24 ], [ 281137.27, 4159495.81 ], [ 281136.79, 4159494.81 ], [ 281136.64, 4159494.91 ], [ 281136.2, 4159495.14 ], [ 281135.89, 4159495.29 ], [ 281133.71, 4159497.13 ], [ 281133.61, 4159497.77 ], [ 281133.77, 4159498.1 ], [ 281133.96, 4159498.55 ], [ 281134.1, 4159499.02 ], [ 281134.2, 4159499.51 ], [ 281134.25, 4159499.99 ], [ 281134.25, 4159500.0 ], [ 281168.5, 4159500.0 ], [ 281168.58, 4159499.93 ], [ 281168.95, 4159499.61 ] ] ] } },
{ "type": "Feature", "properties": { "id": "richmond_structure:410126", "name": null, "kind": "deck", "sport": null, "surface": null, "pitch_layout": null, "source": "richmond_structures", "source_updated": "2026-09-08T12:07:13.637000Z", "base_z": null, "top_z": null }, "geometry": { "type": "Polygon", "coordinates": [ [ [ 281100.56, 4159255.72 ], [ 281102.32, 4159254.89 ], [ 281100.1, 4159250.15 ], [ 281098.34, 4159250.97 ], [ 281100.56, 4159255.72 ] ] ] } },
{ "type": "Feature", "properties": { "id": "richmond_structure:410127", "name": null, "kind": "deck", "sport": null, "surface": null, "pitch_layout": null, "source": "richmond_structures", "source_updated": "2026-09-08T12:07:13.637000Z", "base_z": null, "top_z": null }, "geometry": { "type": "Polygon", "coordinates": [ [ [ 281101.11, 4159256.0 ], [ 281095.49, 4159258.62 ], [ 281096.65, 4159261.11 ], [ 281098.38, 4159261.36 ], [ 281100.88, 4159260.19 ], [ 281102.07, 4159260.4 ], [ 281102.97, 4159259.98 ], [ 281101.11, 4159256.0 ] ] ] } },
{ "type": "Feature", "properties": { "id": "richmond_structure:410130", "name": null, "kind": "deck", "sport": null, "surface": null, "pitch_layout": null, "source": "richmond_structures", "source_updated": "2026-09-08T12:07:13.637000Z", "base_z": null, "top_z": null }, "geometry": { "type": "Polygon", "coordinates": [ [ [ 281104.84, 4159260.27 ], [ 281104.5, 4159259.55 ], [ 281098.88, 4159262.54 ], [ 281101.11, 4159266.73 ], [ 281107.55, 4159263.32 ], [ 281107.18, 4159262.53 ], [ 281105.22, 4159263.44 ], [ 281103.93, 4159260.69 ], [ 281104.84, 4159260.27 ] ] ] } },
{ "type": "Feature", "properties": { "id": "richmond_structure:410128", "name": null, "kind": "deck", "sport": null, "surface": null, "pitch_layout": null, "source": "richmond_structures", "source_updated": "2026-09-08T12:07:13.637000Z", "base_z": null, "top_z": null }, "geometry": { "type": "Polygon", "coordinates": [ [ [ 281104.04, 4159271.39 ], [ 281107.15, 4159269.92 ], [ 281105.23, 4159265.95 ], [ 281102.15, 4159267.4 ], [ 281104.04, 4159271.39 ] ] ] } },
{ "type": "Feature", "properties": { "id": "richmond_structure:410134", "name": null, "kind": "deck", "sport": null, "surface": null, "pitch_layout": null, "source": "richmond_structures", "source_updated": "2026-09-08T12:07:13.637000Z", "base_z": null, "top_z": null }, "geometry": { "type": "Polygon", "coordinates": [ [ [ 281077.22, 4159277.76 ], [ 281080.1, 4159276.38 ], [ 281077.01, 4159269.54 ], [ 281073.98, 4159271.0 ], [ 281077.22, 4159277.76 ] ] ] } },
{ "type": "Feature", "properties": { "id": "richmond_structure:410135", "name": null, "kind": "deck", "sport": null, "surface": null, "pitch_layout": null, "source": "richmond_structures", "source_updated": "2026-09-08T12:07:13.637000Z", "base_z": null, "top_z": null }, "geometry": { "type": "Polygon", "coordinates": [ [ [ 281073.53, 4159286.99 ], [ 281076.66, 4159285.49 ], [ 281073.75, 4159279.42 ], [ 281070.62, 4159280.92 ], [ 281073.53, 4159286.99 ] ] ] } },
{ "type": "Feature", "properties": { "id": "imagery:groundcover_lawn:1264", "name": null, "kind": "groundcover_lawn", "sport": null, "surface": null, "pitch_layout": null, "source": "vgin_vbmp+naip+lidar2025", "source_updated": null, "base_z": null, "top_z": null }, "geometry": { "type": "Polygon", "coordinates": [ [ [ 281038.89, 4159294.49 ], [ 281038.92, 4159294.59 ], [ 281038.94, 4159294.68 ], [ 281038.95, 4159294.78 ], [ 281038.95, 4159294.87 ], [ 281038.94, 4159294.97 ], [ 281038.92, 4159295.07 ], [ 281038.9, 4159295.14 ], [ 281038.95, 4159295.23 ], [ 281041.68, 4159300.77 ], [ 281041.69, 4159300.78 ], [ 281041.69, 4159300.79 ], [ 281044.41, 4159306.55 ], [ 281044.44, 4159306.64 ], [ 281044.47, 4159306.73 ], [ 281044.49, 4159306.82 ], [ 281044.5, 4159306.92 ], [ 281044.5, 4159307.02 ], [ 281044.49, 4159307.11 ], [ 281044.47, 4159307.21 ], [ 281044.45, 4159307.3 ], [ 281044.41, 4159307.39 ], [ 281044.37, 4159307.48 ], [ 281044.31, 4159307.56 ], [ 281044.25, 4159307.63 ], [ 281044.19, 4159307.7 ], [ 281044.11, 4159307.77 ], [ 281044.04, 4159307.82 ], [ 281043.95, 4159307.87 ], [ 281043.05, 4159308.32 ], [ 281045.89, 4159311.63 ], [ 281047.4, 4159311.63 ], [ 281050.16, 4159310.27 ], [ 281050.25, 4159310.23 ], [ 281050.35, 4159310.2 ], [ 281050.44, 4159310.18 ], [ 281050.54, 4159310.16 ], [ 281050.64, 4159310.16 ], [ 281050.74, 4159310.17 ], [ 281050.83, 4159310.19 ], [ 281050.93, 4159310.22 ], [ 281051.02, 4159310.25 ], [ 281051.1, 4159310.3 ], [ 281051.19, 4159310.35 ], [ 281051.26, 4159310.41 ], [ 281051.29, 4159310.43 ], [ 281053.13, 4159309.49 ], [ 281053.13, 4159307.6 ], [ 281053.31, 4159306.9 ], [ 281054.29, 4159305.06 ], [ 281054.78, 4159304.53 ], [ 281060.8, 4159300.52 ], [ 281062.13, 4159298.02 ], [ 281062.13, 4159290.7 ], [ 281062.48, 4159289.76 ], [ 281064.29, 4159287.61 ], [ 281065.16, 4159287.12 ], [ 281077.07, 4159285.14 ], [ 281077.4, 4159285.2 ], [ 281079.02, 4159284.21 ], [ 281079.11, 4159284.17 ], [ 281079.2, 4159284.13 ], [ 281079.29, 4159284.1 ], [ 281079.39, 4159284.08 ], [ 281079.49, 4159284.07 ], [ 281079.58, 4159284.07 ], [ 281079.68, 4159284.08 ], [ 281079.78, 4159284.1 ], [ 281079.87, 4159284.13 ], [ 281079.96, 4159284.16 ], [ 281080.05, 4159284.21 ], [ 281080.13, 4159284.26 ], [ 281080.21, 4159284.32 ], [ 281080.28, 4159284.39 ], [ 281080.34, 4159284.47 ], [ 281080.4, 4159284.55 ], [ 281080.44, 4159284.63 ], [ 281084.52, 4159293.07 ], [ 281085.29, 4159293.63 ], [ 281089.13, 4159293.63 ], [ 281091.9, 4159291.77 ], [ 281092.55, 4159290.2 ], [ 281094.71, 4159288.05 ], [ 281095.73, 4159287.63 ], [ 281095.79, 4159287.63 ], [ 281098.7, 4159285.35 ], [ 281103.4, 4159266.54 ], [ 281101.22, 4159262.9 ], [ 281093.78, 4159261.04 ], [ 281090.93, 4159261.83 ], [ 281081.22, 4159271.54 ], [ 281080.74, 4159271.86 ], [ 281079.16, 4159272.51 ], [ 281078.59, 4159272.63 ], [ 281071.73, 4159272.63 ], [ 281070.71, 4159272.2 ], [ 281068.55, 4159270.05 ], [ 281067.9, 4159268.48 ], [ 281065.13, 4159266.63 ], [ 281064.67, 4159266.63 ], [ 281061.71, 4159269.13 ], [ 281061.69, 4159269.26 ], [ 281064.35, 4159274.85 ], [ 281064.39, 4159274.94 ], [ 281064.42, 4159275.03 ], [ 281064.44, 4159275.13 ], [ 281064.45, 4159275.23 ], [ 281064.45, 4159275.32 ], [ 281064.44, 4159275.42 ], [ 281064.42, 4159275.52 ], [ 281064.39, 4159275.61 ], [ 281064.35, 4159275.7 ], [ 281064.31, 4159275.79 ], [ 281064.25, 4159275.87 ], [ 281064.19, 4159275.95 ], [ 281064.12, 4159276.02 ], [ 281064.05, 4159276.08 ], [ 281063.96, 4159276.14 ], [ 281063.88, 4159276.18 ], [ 281060.25, 4159277.89 ], [ 281059.57, 4159281.99 ], [ 281059.15, 4159282.79 ], [ 281057.3, 4159284.6 ], [ 281056.48, 4159285.0 ], [ 281040.71, 4159287.26 ], [ 281038.13, 4159290.23 ], [ 281038.13, 4159292.87 ], [ 281038.85, 4159294.4 ], [ 281038.89, 4159294.49 ] ] ] } },
{ "type": "Feature", "properties": { "id": "richmond_structure:272316", "name": null, "kind": "deck", "sport": null, "surface": null, "pitch_layout": null, "source": "richmond_structures", "source_updated": "2026-09-08T12:07:13.637000Z", "base_z": null, "top_z": null }, "geometry": { "type": "Polygon", "coordinates": [ [ [ 281101.2, 4159289.99 ], [ 281099.33, 4159285.57 ], [ 281098.08, 4159286.25 ], [ 281098.13, 4159287.52 ], [ 281096.93, 4159288.0 ], [ 281097.28, 4159289.7 ], [ 281095.79, 4159290.24 ], [ 281096.21, 4159291.99 ], [ 281100.04, 4159290.15 ], [ 281100.27, 4159290.64 ], [ 281101.2, 4159289.99 ] ] ] } },
{ "type": "Feature", "properties": { "id": "richmond_structure:410132", "name": null, "kind": "deck", "sport": null, "surface": null, "pitch_layout": null, "source": "richmond_structures", "source_updated": "2026-09-08T12:07:13.637000Z", "base_z": null, "top_z": null }, "geometry": { "type": "Polygon", "coordinates": [ [ [ 281094.32, 4159287.18 ], [ 281093.36, 4159287.65 ], [ 281092.73, 4159286.33 ], [ 281091.06, 4159287.13 ], [ 281091.7, 4159288.45 ], [ 281090.2, 4159289.16 ], [ 281092.43, 4159293.8 ], [ 281096.21, 4159291.99 ], [ 281095.79, 4159290.24 ], [ 281094.32, 4159287.18 ] ] ] } },
{ "type": "Feature", "properties": { "id": "richmond_structure:410133", "name": null, "kind": "deck", "sport": null, "surface": null, "pitch_layout": null, "source": "richmond_structures", "source_updated": "2026-09-08T12:07:13.637000Z", "base_z": null, "top_z": null }, "geometry": { "type": "Polygon", "coordinates": [ [ [ 281082.94, 4159294.05 ], [ 281082.53, 4159294.24 ], [ 281083.89, 4159297.07 ], [ 281087.2, 4159295.48 ], [ 281088.39, 4159297.94 ], [ 281090.12, 4159297.11 ], [ 281085.39, 4159287.26 ], [ 281080.75, 4159289.49 ], [ 281082.94, 4159294.05 ] ], [ [ 281084.94, 4159294.69 ], [ 281083.87, 4159292.64 ], [ 281085.46, 4159291.81 ], [ 281086.53, 4159293.86 ], [ 281084.94, 4159294.69 ] ] ] } },
{ "type": "Feature", "properties": { "id": "richmond_structure:410136", "name": null, "kind": "deck", "sport": null, "surface": null, "pitch_layout": null, "source": "richmond_structures", "source_updated": "2026-09-08T12:07:13.637000Z", "base_z": null, "top_z": null }, "geometry": { "type": "Polygon", "coordinates": [ [ [ 281064.98, 4159290.91 ], [ 281063.78, 4159288.41 ], [ 281057.88, 4159291.24 ], [ 281059.32, 4159294.24 ], [ 281056.65, 4159295.53 ], [ 281057.15, 4159297.4 ], [ 281059.27, 4159301.81 ], [ 281066.29, 4159298.25 ], [ 281063.18, 4159291.77 ], [ 281064.98, 4159290.91 ] ] ] } },
{ "type": "Feature", "properties": { "id": "richmond_structure:272568", "name": null, "kind": "deck", "sport": null, "surface": null, "pitch_layout": null, "source": "richmond_structures", "source_updated": "2026-09-08T12:07:13.637000Z", "base_z": null, "top_z": null }, "geometry": { "type": "Polygon", "coordinates": [ [ [ 281060.78, 4159303.97 ], [ 281066.88, 4159301.04 ], [ 281065.68, 4159298.54 ], [ 281059.58, 4159301.47 ], [ 281060.78, 4159303.97 ] ] ] } },
{ "type": "Feature", "properties": { "id": "richmond_structure:410137", "name": null, "kind": "deck", "sport": null, "surface": null, "pitch_layout": null, "source": "richmond_structures", "source_updated": "2026-09-08T12:07:13.637000Z", "base_z": null, "top_z": null }, "geometry": { "type": "Polygon", "coordinates": [ [ [ 281061.55, 4159311.62 ], [ 281063.91, 4159310.49 ], [ 281061.22, 4159304.89 ], [ 281058.86, 4159306.02 ], [ 281061.55, 4159311.62 ] ] ] } },
{ "type": "Feature", "properties": { "id": "imagery:groundcover_lawn:1205", "name": null, "kind": "groundcover_lawn", "sport": null, "surface": null, "pitch_layout": null, "source": "vgin_vbmp+naip+lidar2025", "source_updated": null, "base_z": null, "top_z": null }, "geometry": { "type": "Polygon", "coordinates": [ [ [ 281108.61, 4159333.06 ], [ 281110.63, 4159331.12 ], [ 281111.81, 4159327.57 ], [ 281108.97, 4159323.63 ], [ 281106.16, 4159323.63 ], [ 281092.14, 4159330.37 ], [ 281090.33, 4159331.73 ], [ 281089.13, 4159334.13 ], [ 281089.13, 4159334.65 ], [ 281092.96, 4159337.53 ], [ 281108.61, 4159333.06 ] ] ] } },
{ "type": "Feature", "properties": { "id": "richmond_structure:410092", "name": null, "kind": "deck", "sport": null, "surface": null, "pitch_layout": null, "source": "richmond_structures", "source_updated": "2026-09-08T12:07:13.637000Z", "base_z": null, "top_z": null }, "geometry": { "type": "Polygon", "coordinates": [ [ [ 281076.03, 4159352.07 ], [ 281079.21, 4159350.51 ], [ 281078.19, 4159348.42 ], [ 281075.01, 4159349.97 ], [ 281076.03, 4159352.07 ] ] ] } },
{ "type": "Feature", "properties": { "id": "imagery:groundcover_lawn:1193", "name": null, "kind": "groundcover_lawn", "sport": null, "surface": null, "pitch_layout": null, "source": "vgin_vbmp+naip+lidar2025", "source_updated": null, "base_z": null, "top_z": null }, "geometry": { "type": "Polygon", "coordinates": [ [ [ 281069.58, 4159351.74 ], [ 281069.68, 4159351.72 ], [ 281069.77, 4159351.71 ], [ 281069.87, 4159351.71 ], [ 281069.97, 4159351.72 ], [ 281070.07, 4159351.74 ], [ 281070.16, 4159351.77 ], [ 281070.25, 4159351.81 ], [ 281070.34, 4159351.85 ], [ 281070.42, 4159351.91 ], [ 281070.5, 4159351.97 ], [ 281070.57, 4159352.04 ], [ 281070.63, 4159352.11 ], [ 281070.68, 4159352.19 ], [ 281070.73, 4159352.28 ], [ 281071.44, 4159353.76 ], [ 281072.38, 4159353.32 ], [ 281072.47, 4159353.28 ], [ 281072.56, 4159353.25 ], [ 281072.66, 4159353.23 ], [ 281072.76, 4159353.22 ], [ 281072.86, 4159353.22 ], [ 281072.95, 4159353.23 ], [ 281073.05, 4159353.25 ], [ 281073.14, 4159353.28 ], [ 281073.23, 4159353.31 ], [ 281073.32, 4159353.36 ], [ 281073.4, 4159353.41 ], [ 281073.48, 4159353.48 ], [ 281073.55, 4159353.54 ], [ 281073.61, 4159353.62 ], [ 281073.66, 4159353.7 ], [ 281073.71, 4159353.79 ], [ 281078.03, 4159362.82 ], [ 281080.21, 4159361.65 ], [ 281079.57, 4159360.3 ], [ 281079.53, 4159360.21 ], [ 281079.5, 4159360.11 ], [ 281079.48, 4159360.02 ], [ 281079.47, 4159359.92 ], [ 281079.47, 4159359.82 ], [ 281079.48, 4159359.72 ], [ 281079.5, 4159359.63 ], [ 281079.53, 4159359.53 ], [ 281079.57, 4159359.44 ], [ 281079.62, 4159359.35 ], [ 281079.67, 4159359.27 ], [ 281079.73, 4159359.2 ], [ 281079.8, 4159359.13 ], [ 281079.88, 4159359.06 ], [ 281079.96, 4159359.01 ], [ 281080.05, 4159358.96 ], [ 281081.02, 4159358.51 ], [ 281081.85, 4159351.84 ], [ 281081.52, 4159351.16 ], [ 281081.48, 4159351.07 ], [ 281081.46, 4159350.97 ], [ 281081.44, 4159350.88 ], [ 281081.43, 4159350.78 ], [ 281081.42, 4159350.68 ], [ 281081.43, 4159350.58 ], [ 281081.45, 4159350.49 ], [ 281081.47, 4159350.42 ], [ 281080.29, 4159350.98 ], [ 281080.2, 4159351.02 ], [ 281080.11, 4159351.05 ], [ 281080.01, 4159351.07 ], [ 281079.92, 4159351.08 ], [ 281079.82, 4159351.08 ], [ 281079.72, 4159351.07 ], [ 281079.62, 4159351.05 ], [ 281079.53, 4159351.02 ], [ 281079.44, 4159350.99 ], [ 281079.35, 4159350.94 ], [ 281079.27, 4159350.89 ], [ 281079.19, 4159350.82 ], [ 281079.13, 4159350.76 ], [ 281079.06, 4159350.68 ], [ 281079.01, 4159350.6 ], [ 281078.96, 4159350.51 ], [ 281078.09, 4159348.71 ], [ 281078.06, 4159348.62 ], [ 281078.03, 4159348.52 ], [ 281078.01, 4159348.43 ], [ 281078.0, 4159348.33 ], [ 281078.0, 4159348.23 ], [ 281078.01, 4159348.13 ], [ 281078.02, 4159348.04 ], [ 281078.05, 4159347.94 ], [ 281078.09, 4159347.85 ], [ 281078.13, 4159347.76 ], [ 281078.19, 4159347.68 ], [ 281078.25, 4159347.61 ], [ 281078.32, 4159347.54 ], [ 281078.39, 4159347.47 ], [ 281078.48, 4159347.42 ], [ 281078.56, 4159347.37 ], [ 281082.66, 4159345.41 ], [ 281082.83, 4159344.07 ], [ 281080.8, 4159340.85 ], [ 281074.63, 4159338.79 ], [ 281063.73, 4159344.04 ], [ 281062.71, 4159350.13 ], [ 281065.66, 4159353.61 ], [ 281069.4, 4159351.81 ], [ 281069.49, 4159351.77 ], [ 281069.58, 4159351.74 ] ] ] } },
{ "type": "Feature", "properties": { "id": "richmond_structure:272451", "name": null, "kind": "deck", "sport": null, "surface": null, "pitch_layout": null, "source": "richmond_structures", "source_updated": "2026-09-08T12:07:13.637000Z", "base_z": null, "top_z": null }, "geometry": { "type": "Polygon", "coordinates": [ [ [ 281099.51, 4159360.07 ], [ 281098.1, 4159357.14 ], [ 281092.49, 4159359.83 ], [ 281093.9, 4159362.76 ], [ 281099.51, 4159360.07 ] ] ] } },
{ "type": "Feature", "properties": { "id": "richmond_structure:410086", "name": null, "kind": "deck", "sport": null, "surface": null, "pitch_layout": null, "source": "richmond_structures", "source_updated": "2026-09-08T12:07:13.637000Z", "base_z": null, "top_z": null }, "geometry": { "type": "Polygon", "coordinates": [ [ [ 281095.2, 4159364.53 ], [ 281096.66, 4159364.91 ], [ 281097.49, 4159366.63 ], [ 281096.99, 4159368.07 ], [ 281097.83, 4159369.81 ], [ 281101.28, 4159368.16 ], [ 281097.79, 4159360.89 ], [ 281094.26, 4159362.58 ], [ 281095.2, 4159364.53 ] ] ] } },
{ "type": "Feature", "properties": { "id": "richmond_structure:272441", "name": null, "kind": "deck", "sport": null, "surface": null, "pitch_layout": null, "source": "richmond_structures", "source_updated": "2026-09-08T12:07:13.637000Z", "base_z": null, "top_z": null }, "geometry": { "type": "Polygon", "coordinates": [ [ [ 281091.24, 4159361.88 ], [ 281087.54, 4159363.43 ], [ 281091.23, 4159372.73 ], [ 281094.55, 4159371.23 ], [ 281091.24, 4159361.88 ] ] ] } },
{ "type": "Feature", "properties": { "id": "richmond_structure:410085", "name": null, "kind": "deck", "sport": null, "surface": null, "pitch_layout": null, "source": "richmond_structures", "source_updated": "2026-09-08T12:07:13.637000Z", "base_z": null, "top_z": null }, "geometry": { "type": "Polygon", "coordinates": [ [ [ 281090.6, 4159371.15 ], [ 281087.54, 4159363.43 ], [ 281078.38, 4159366.96 ], [ 281080.17, 4159371.17 ], [ 281082.93, 4159374.4 ], [ 281086.45, 4159375.69 ], [ 281087.67, 4159376.67 ], [ 281088.39, 4159377.75 ], [ 281091.15, 4159376.43 ], [ 281089.76, 4159373.82 ], [ 281089.81, 4159372.73 ], [ 281090.6, 4159371.15 ] ], [ [ 281082.35, 4159369.51 ], [ 281087.08, 4159368.06 ], [ 281088.15, 4159368.3 ], [ 281088.69, 4159369.35 ], [ 281088.73, 4159370.62 ], [ 281087.93, 4159371.79 ], [ 281083.94, 4159373.36 ], [ 281082.45, 4159373.27 ], [ 281081.47, 4159371.82 ], [ 281081.56, 4159370.32 ], [ 281082.35, 4159369.51 ] ] ] } },
{ "type": "Feature", "properties": { "id": "richmond_structure:272569", "name": null, "kind": "deck", "sport": null, "surface": null, "pitch_layout": null, "source": "richmond_structures", "source_updated": "2026-09-08T12:07:13.637000Z", "base_z": null, "top_z": null }, "geometry": { "type": "Polygon", "coordinates": [ [ [ 281041.48, 4159286.45 ], [ 281034.82, 4159289.65 ], [ 281043.33, 4159307.06 ], [ 281049.86, 4159303.92 ], [ 281041.48, 4159286.45 ] ] ] } },
{ "type": "Feature", "properties": { "id": "richmond_structure:272252", "name": null, "kind": "deck", "sport": null, "surface": null, "pitch_layout": null, "source": "richmond_structures", "source_updated": "2026-09-08T12:07:13.637000Z", "base_z": null, "top_z": null }, "geometry": { "type": "Polygon", "coordinates": [ [ [ 281042.3, 4159313.7 ], [ 281047.43, 4159311.14 ], [ 281045.46, 4159307.18 ], [ 281040.33, 4159309.74 ], [ 281042.3, 4159313.7 ] ] ] } },
{ "type": "Feature", "properties": { "id": "richmond_structure:410147", "name": null, "kind": "deck", "sport": null, "surface": null, "pitch_layout": null, "source": "richmond_structures", "source_updated": "2026-09-08T12:07:13.637000Z", "base_z": null, "top_z": null }, "geometry": { "type": "Polygon", "coordinates": [ [ [ 281001.22, 4159312.02 ], [ 281008.68, 4159326.92 ], [ 281015.38, 4159323.75 ], [ 281008.13, 4159308.71 ], [ 281001.22, 4159312.02 ] ] ] } },
{ "type": "Feature", "properties": { "id": "richmond_structure:272440", "name": null, "kind": "deck", "sport": null, "surface": null, "pitch_layout": null, "source": "richmond_structures", "source_updated": "2026-09-08T12:07:13.637000Z", "base_z": null, "top_z": null }, "geometry": { "type": "Polygon", "coordinates": [ [ [ 281002.71, 4159330.6 ], [ 281006.6, 4159328.73 ], [ 281005.42, 4159326.28 ], [ 281001.54, 4159328.15 ], [ 281002.71, 4159330.6 ] ] ] } },
{ "type": "Feature", "properties": { "id": "imagery:groundcover_lawn:1240", "name": null, "kind": "groundcover_lawn", "sport": null, "surface": null, "pitch_layout": null, "source": "vgin_vbmp+naip+lidar2025", "source_updated": null, "base_z": null, "top_z": null }, "geometry": { "type": "MultiPolygon", "coordinates": [ [ [ [ 281000.0, 4159333.1 ], [ 281000.0, 4159338.58 ], [ 281001.07, 4159337.38 ], [ 281000.0, 4159333.1 ] ] ], [ [ [ 281001.74, 4159328.32 ], [ 281003.47, 4159327.45 ], [ 281005.13, 4159324.77 ], [ 281005.13, 4159315.17 ], [ 281001.64, 4159312.21 ], [ 281001.13, 4159312.29 ], [ 281001.15, 4159312.32 ], [ 281001.18, 4159312.41 ], [ 281001.21, 4159312.51 ], [ 281001.23, 4159312.6 ], [ 281001.24, 4159312.7 ], [ 281001.25, 4159312.8 ], [ 281001.24, 4159312.9 ], [ 281001.22, 4159312.99 ], [ 281001.19, 4159313.09 ], [ 281001.15, 4159313.18 ], [ 281001.11, 4159313.27 ], [ 281001.05, 4159313.35 ], [ 281000.99, 4159313.42 ], [ 281000.92, 4159313.49 ], [ 281000.85, 4159313.56 ], [ 281000.77, 4159313.61 ], [ 281000.68, 4159313.66 ], [ 281000.0, 4159313.99 ], [ 281000.0, 4159331.34 ], [ 281001.07, 4159329.01 ], [ 281001.74, 4159328.32 ] ] ] ] } },
{ "type": "Feature", "properties": { "id": "richmond_structure:270549", "name": null, "kind": "deck", "sport": null, "surface": null, "pitch_layout": null, "source": "richmond_structures", "source_updated": "2026-09-08T12:07:13.637000Z", "base_z": null, "top_z": null }, "geometry": { "type": "Polygon", "coordinates": [ [ [ 281001.88, 4159349.38 ], [ 281000.0, 4159350.29 ], [ 281000.0, 4159352.05 ], [ 281002.57, 4159350.82 ], [ 281001.88, 4159349.38 ] ] ] } },
{ "type": "Feature", "properties": { "id": "imagery:groundcover_lawn:1171", "name": null, "kind": "groundcover_lawn", "sport": null, "surface": null, "pitch_layout": null, "source": "vgin_vbmp+naip+lidar2025", "source_updated": null, "base_z": null, "top_z": null }, "geometry": { "type": "Polygon", "coordinates": [ [ [ 281024.08, 4159376.31 ], [ 281035.29, 4159372.57 ], [ 281037.18, 4159368.78 ], [ 281035.97, 4159365.14 ], [ 281032.53, 4159363.15 ], [ 281022.54, 4159365.14 ], [ 281020.13, 4159368.09 ], [ 281020.13, 4159373.46 ], [ 281024.08, 4159376.31 ] ] ] } },
{ "type": "Feature", "properties": { "id": "richmond_structure:272450", "name": null, "kind": "deck", "sport": null, "surface": null, "pitch_layout": null, "source": "richmond_structures", "source_updated": "2026-09-08T12:07:13.637000Z", "base_z": null, "top_z": null }, "geometry": { "type": "Polygon", "coordinates": [ [ [ 281041.07, 4159390.98 ], [ 281042.03, 4159392.99 ], [ 281044.2, 4159391.95 ], [ 281043.24, 4159389.94 ], [ 281044.99, 4159389.1 ], [ 281043.49, 4159385.96 ], [ 281037.88, 4159388.66 ], [ 281039.38, 4159391.79 ], [ 281041.07, 4159390.98 ] ] ] } },
{ "type": "Feature", "properties": { "id": "richmond_structure:272287", "name": null, "kind": "deck", "sport": null, "surface": null, "pitch_layout": null, "source": "richmond_structures", "source_updated": "2026-09-08T12:07:13.637000Z", "base_z": null, "top_z": null }, "geometry": { "type": "Polygon", "coordinates": [ [ [ 281029.83, 4159394.09 ], [ 281031.34, 4159394.86 ], [ 281033.34, 4159393.99 ], [ 281034.31, 4159392.51 ], [ 281032.77, 4159389.24 ], [ 281028.64, 4159391.22 ], [ 281029.83, 4159394.09 ] ] ] } },
{ "type": "Feature", "properties": { "id": "richmond_structure:270551", "name": null, "kind": "deck", "sport": null, "surface": null, "pitch_layout": null, "source": "richmond_structures", "source_updated": "2026-09-08T12:07:13.637000Z", "base_z": null, "top_z": null }, "geometry": { "type": "Polygon", "coordinates": [ [ [ 281000.0, 4159391.34 ], [ 281000.0, 4159393.9 ], [ 281001.0, 4159393.42 ], [ 281000.0, 4159391.34 ] ] ] } },
{ "type": "Feature", "properties": { "id": "imagery:groundcover_lawn:1163", "name": null, "kind": "groundcover_lawn", "sport": null, "surface": null, "pitch_layout": null, "source": "vgin_vbmp+naip+lidar2025", "source_updated": null, "base_z": null, "top_z": null }, "geometry": { "type": "Polygon", "coordinates": [ [ [ 281087.94, 4159383.74 ], [ 281087.9, 4159383.65 ], [ 281084.77, 4159376.84 ], [ 281084.76, 4159376.79 ], [ 281084.43, 4159376.36 ], [ 281081.08, 4159375.31 ], [ 281077.15, 4159376.62 ], [ 281075.37, 4159380.46 ], [ 281076.96, 4159383.61 ], [ 281077.0, 4159383.7 ], [ 281077.03, 4159383.79 ], [ 281077.05, 4159383.89 ], [ 281077.06, 4159383.98 ], [ 281077.06, 4159384.08 ], [ 281077.06, 4159384.18 ], [ 281077.04, 4159384.28 ], [ 281077.01, 4159384.37 ], [ 281076.98, 4159384.46 ], [ 281076.94, 4159384.55 ], [ 281076.91, 4159384.58 ], [ 281078.21, 4159387.82 ], [ 281078.14, 4159388.45 ], [ 281078.22, 4159388.51 ], [ 281088.01, 4159383.84 ], [ 281088.0, 4159383.82 ], [ 281087.94, 4159383.74 ] ] ] } },
{ "type": "Feature", "properties": { "id": "richmond_structure:410084", "name": null, "kind": "deck", "sport": null, "surface": null, "pitch_layout": null, "source": "richmond_structures", "source_updated": "2026-09-08T12:07:13.637000Z", "base_z": null, "top_z": null }, "geometry": { "type": "Polygon", "coordinates": [ [ [ 281099.88, 4159391.49 ], [ 281104.2, 4159389.42 ], [ 281102.24, 4159385.34 ], [ 281097.93, 4159387.42 ], [ 281099.88, 4159391.49 ] ] ] } },
{ "type": "Feature", "properties": { "id": "richmond_structure:410083", "name": null, "kind": "deck", "sport": null, "surface": null, "pitch_layout": null, "source": "richmond_structures", "source_updated": "2026-09-08T12:07:13.637000Z", "base_z": null, "top_z": null }, "geometry": { "type": "Polygon", "coordinates": [ [ [ 281105.31, 4159409.86 ], [ 281107.4, 4159408.86 ], [ 281104.91, 4159403.66 ], [ 281102.81, 4159404.66 ], [ 281105.31, 4159409.86 ] ] ] } },
{ "type": "Feature", "properties": { "id": "richmond_structure:410078", "name": null, "kind": "deck", "sport": null, "surface": null, "pitch_layout": null, "source": "richmond_structures", "source_updated": "2026-09-08T12:07:13.637000Z", "base_z": null, "top_z": null }, "geometry": { "type": "Polygon", "coordinates": [ [ [ 281095.9, 4159436.45 ], [ 281098.52, 4159442.04 ], [ 281103.06, 4159439.87 ], [ 281100.46, 4159434.31 ], [ 281095.9, 4159436.45 ] ] ] } },
{ "type": "Feature", "properties": { "id": "richmond_structure:410068", "name": null, "kind": "deck", "sport": null, "surface": null, "pitch_layout": null, "source": "richmond_structures", "source_updated": "2026-09-08T12:07:13.637000Z", "base_z": null, "top_z": null }, "geometry": { "type": "Polygon", "coordinates": [ [ [ 281067.44, 4159446.81 ], [ 281072.21, 4159444.6 ], [ 281071.86, 4159443.84 ], [ 281066.95, 4159442.69 ], [ 281065.81, 4159443.2 ], [ 281067.44, 4159446.81 ] ] ] } },
{ "type": "Feature", "properties": { "id": "imagery:groundcover_lawn:1158", "name": null, "kind": "groundcover_lawn", "sport": null, "surface": null, "pitch_layout": null, "source": "vgin_vbmp+naip+lidar2025", "source_updated": null, "base_z": null, "top_z": null }, "geometry": { "type": "Polygon", "coordinates": [ [ [ 281000.2, 4159390.34 ], [ 281000.16, 4159390.25 ], [ 281000.13, 4159390.16 ], [ 281000.11, 4159390.06 ], [ 281000.1, 4159389.96 ], [ 281000.1, 4159389.87 ], [ 281000.11, 4159389.77 ], [ 281000.13, 4159389.67 ], [ 281000.16, 4159389.58 ], [ 281000.19, 4159389.49 ], [ 281000.24, 4159389.4 ], [ 281000.29, 4159389.32 ], [ 281000.35, 4159389.24 ], [ 281000.42, 4159389.17 ], [ 281000.5, 4159389.11 ], [ 281000.58, 4159389.06 ], [ 281000.67, 4159389.01 ], [ 281001.5, 4159388.61 ], [ 281002.13, 4159387.65 ], [ 281002.13, 4159387.37 ], [ 281000.0, 4159385.66 ], [ 281000.0, 4159390.54 ], [ 281000.24, 4159390.44 ], [ 281000.2, 4159390.34 ] ] ] } },
{ "type": "Feature", "properties": { "id": "richmond_structure:272253", "name": null, "kind": "deck", "sport": null, "surface": null, "pitch_layout": null, "source": "richmond_structures", "source_updated": "2026-09-08T12:07:13.637000Z", "base_z": null, "top_z": null }, "geometry": { "type": "Polygon", "coordinates": [ [ [ 281029.81, 4159401.96 ], [ 281034.21, 4159400.12 ], [ 281032.47, 4159395.95 ], [ 281028.07, 4159397.8 ], [ 281029.81, 4159401.96 ] ] ] } },
{ "type": "Feature", "properties": { "id": "richmond_structure:410067", "name": null, "kind": "deck", "sport": null, "surface": null, "pitch_layout": null, "source": "richmond_structures", "source_updated": "2026-09-08T12:07:13.637000Z", "base_z": null, "top_z": null }, "geometry": { "type": "Polygon", "coordinates": [ [ [ 281008.36, 4159411.91 ], [ 281004.83, 4159413.6 ], [ 281006.84, 4159417.79 ], [ 281008.99, 4159416.75 ], [ 281008.53, 4159415.8 ], [ 281009.91, 4159415.14 ], [ 281008.36, 4159411.91 ] ] ] } },
{ "type": "Feature", "properties": { "id": "imagery:groundcover_lawn:1125", "name": null, "kind": "groundcover_lawn", "sport": null, "surface": null, "pitch_layout": null, "source": "vgin_vbmp+naip+lidar2025", "source_updated": null, "base_z": null, "top_z": null }, "geometry": { "type": "Polygon", "coordinates": [ [ [ 281051.48, 4159442.38 ], [ 281051.58, 4159442.35 ], [ 281051.67, 4159442.32 ], [ 281051.77, 4159442.3 ], [ 281051.86, 4159442.29 ], [ 281051.96, 4159442.3 ], [ 281052.06, 4159442.31 ], [ 281052.16, 4159442.33 ], [ 281052.25, 4159442.36 ], [ 281052.34, 4159442.4 ], [ 281052.42, 4159442.44 ], [ 281052.51, 4159442.5 ], [ 281052.58, 4159442.56 ], [ 281052.65, 4159442.63 ], [ 281052.71, 4159442.71 ], [ 281052.76, 4159442.79 ], [ 281052.81, 4159442.88 ], [ 281053.99, 4159445.49 ], [ 281054.15, 4159445.66 ], [ 281055.3, 4159447.97 ], [ 281057.99, 4159449.63 ], [ 281058.84, 4159449.63 ], [ 281058.3, 4159448.42 ], [ 281056.37, 4159444.11 ], [ 281056.33, 4159444.02 ], [ 281056.31, 4159443.93 ], [ 281056.29, 4159443.83 ], [ 281056.28, 4159443.73 ], [ 281056.29, 4159443.63 ], [ 281056.3, 4159443.54 ], [ 281056.32, 4159443.44 ], [ 281056.35, 4159443.35 ], [ 281056.39, 4159443.26 ], [ 281056.44, 4159443.17 ], [ 281056.49, 4159443.09 ], [ 281056.56, 4159443.02 ], [ 281056.63, 4159442.95 ], [ 281056.7, 4159442.89 ], [ 281056.79, 4159442.84 ], [ 281056.87, 4159442.79 ], [ 281062.0, 4159440.49 ], [ 281060.01, 4159438.51 ], [ 281059.97, 4159438.52 ], [ 281059.87, 4159438.52 ], [ 281059.77, 4159438.52 ], [ 281059.67, 4159438.51 ], [ 281059.58, 4159438.49 ], [ 281059.48, 4159438.46 ], [ 281059.39, 4159438.42 ], [ 281059.31, 4159438.37 ], [ 281059.23, 4159438.32 ], [ 281059.15, 4159438.26 ], [ 281059.09, 4159438.18 ], [ 281059.02, 4159438.11 ], [ 281058.97, 4159438.03 ], [ 281058.93, 4159437.94 ], [ 281058.78, 4159437.63 ], [ 281053.11, 4159437.63 ], [ 281052.19, 4159437.3 ], [ 281050.05, 4159435.54 ], [ 281049.7, 4159434.96 ], [ 281044.56, 4159434.96 ], [ 281044.21, 4159435.54 ], [ 281042.07, 4159437.3 ], [ 281040.66, 4159437.8 ], [ 281038.72, 4159441.14 ], [ 281041.67, 4159443.63 ], [ 281048.75, 4159443.63 ], [ 281051.48, 4159442.38 ] ] ] } },
{ "type": "Feature", "properties": { "id": "richmond_structure:410069", "name": null, "kind": "deck", "sport": null, "surface": null, "pitch_layout": null, "source": "richmond_structures", "source_updated": "2026-09-08T12:07:13.637000Z", "base_z": null, "top_z": null }, "geometry": { "type": "Polygon", "coordinates": [ [ [ 281041.72, 4159443.15 ], [ 281037.17, 4159445.33 ], [ 281038.78, 4159448.7 ], [ 281047.62, 4159444.48 ], [ 281045.45, 4159439.83 ], [ 281041.12, 4159441.89 ], [ 281041.72, 4159443.15 ] ] ] } },
{ "type": "Feature", "properties": { "id": "richmond_structure:410070", "name": null, "kind": "deck", "sport": null, "surface": null, "pitch_layout": null, "source": "richmond_structures", "source_updated": "2026-09-08T12:07:13.637000Z", "base_z": null, "top_z": null }, "geometry": { "type": "Polygon", "coordinates": [ [ [ 281035.71, 4159449.68 ], [ 281033.62, 4159450.69 ], [ 281033.04, 4159449.48 ], [ 281036.92, 4159447.6 ], [ 281035.96, 4159445.61 ], [ 281029.04, 4159448.97 ], [ 281031.46, 4159453.95 ], [ 281034.44, 4159452.5 ], [ 281035.22, 4159454.11 ], [ 281038.84, 4159452.35 ], [ 281037.47, 4159449.52 ], [ 281035.99, 4159450.24 ], [ 281035.71, 4159449.68 ] ] ] } },
{ "type": "Feature", "properties": { "id": "richmond_structure:272448", "name": null, "kind": "deck", "sport": null, "surface": null, "pitch_layout": null, "source": "richmond_structures", "source_updated": "2026-09-08T12:07:13.637000Z", "base_z": null, "top_z": null }, "geometry": { "type": "Polygon", "coordinates": [ [ [ 281019.22, 4159451.31 ], [ 281021.7, 4159456.46 ], [ 281028.54, 4159453.17 ], [ 281026.06, 4159448.01 ], [ 281019.22, 4159451.31 ] ] ] } },
{ "type": "Feature", "properties": { "id": "richmond_structure:410071", "name": null, "kind": "deck", "sport": null, "surface": null, "pitch_layout": null, "source": "richmond_structures", "source_updated": "2026-09-08T12:07:13.637000Z", "base_z": null, "top_z": null }, "geometry": { "type": "Polygon", "coordinates": [ [ [ 281004.38, 4159463.47 ], [ 281006.58, 4159468.33 ], [ 281013.98, 4159464.96 ], [ 281011.77, 4159460.11 ], [ 281004.38, 4159463.47 ] ] ] } },
{ "type": "Feature", "properties": { "id": "richmond_structure:410072", "name": null, "kind": "deck", "sport": null, "surface": null, "pitch_layout": null, "source": "richmond_structures", "source_updated": "2026-09-08T12:07:13.637000Z", "base_z": null, "top_z": null }, "geometry": { "type": "Polygon", "coordinates": [ [ [ 281001.72, 4159472.3 ], [ 281005.32, 4159470.55 ], [ 281004.59, 4159469.03 ], [ 281000.99, 4159470.78 ], [ 281001.72, 4159472.3 ] ] ] } },
{ "type": "Feature", "properties": { "id": "richmond_structure:272256", "name": null, "kind": "deck", "sport": null, "surface": null, "pitch_layout": null, "source": "richmond_structures", "source_updated": "2026-09-08T12:07:13.637000Z", "base_z": null, "top_z": null }, "geometry": { "type": "Polygon", "coordinates": [ [ [ 281045.3, 4159478.12 ], [ 281046.1, 4159478.09 ], [ 281048.54, 4159479.56 ], [ 281049.05, 4159480.8 ], [ 281048.93, 4159482.38 ], [ 281047.65, 4159483.64 ], [ 281048.06, 4159484.58 ], [ 281050.95, 4159482.17 ], [ 281051.8, 4159479.42 ], [ 281051.53, 4159477.14 ], [ 281050.56, 4159476.43 ], [ 281044.97, 4159477.35 ], [ 281045.3, 4159478.12 ] ] ] } },
{ "type": "Feature", "properties": { "id": "richmond_structure:272533", "name": null, "kind": "deck", "sport": null, "surface": null, "pitch_layout": null, "source": "richmond_structures", "source_updated": "2026-09-08T12:07:13.637000Z", "base_z": null, "top_z": null }, "geometry": { "type": "Polygon", "coordinates": [ [ [ 281015.67, 4159490.28 ], [ 281014.77, 4159488.41 ], [ 281010.9, 4159490.29 ], [ 281011.8, 4159492.16 ], [ 281015.67, 4159490.28 ] ] ] } },
{ "type": "Feature", "properties": { "id": "imagery:groundcover_lawn:1093", "name": null, "kind": "groundcover_lawn", "sport": null, "surface": null, "pitch_layout": null, "source": "vgin_vbmp+naip+lidar2025", "source_updated": null, "base_z": null, "top_z": null }, "geometry": { "type": "MultiPolygon", "coordinates": [ [ [ [ 281032.82, 4159494.38 ], [ 281034.06, 4159499.35 ], [ 281058.29, 4159487.66 ], [ 281058.82, 4159484.48 ], [ 281059.09, 4159483.85 ], [ 281060.29, 4159482.23 ], [ 281060.81, 4159481.78 ], [ 281063.47, 4159480.45 ], [ 281065.13, 4159477.77 ], [ 281065.13, 4159477.22 ], [ 281065.55, 4159476.2 ], [ 281067.06, 4159474.7 ], [ 281067.25, 4159472.37 ], [ 281068.84, 4159473.63 ], [ 281071.13, 4159473.63 ], [ 281074.13, 4159470.63 ], [ 281074.13, 4159469.48 ], [ 281069.79, 4159466.8 ], [ 281067.5, 4159467.94 ], [ 281066.28, 4159470.55 ], [ 281063.6, 4159469.89 ], [ 281032.92, 4159485.23 ], [ 281032.6, 4159485.35 ], [ 281031.59, 4159485.59 ], [ 281031.25, 4159485.63 ], [ 281029.79, 4159485.63 ], [ 281026.83, 4159488.13 ], [ 281028.81, 4159491.46 ], [ 281030.18, 4159491.93 ], [ 281032.3, 4159493.59 ], [ 281032.82, 4159494.38 ] ] ], [ [ [ 281060.9, 4159499.94 ], [ 281059.69, 4159499.53 ], [ 281059.54, 4159499.38 ], [ 281058.27, 4159500.0 ], [ 281077.92, 4159500.0 ], [ 281074.65, 4159497.98 ], [ 281060.9, 4159499.94 ] ] ] ] } },
{ "type": "Feature", "properties": { "id": "richmond_structure:272255", "name": null, "kind": "deck", "sport": null, "surface": null, "pitch_layout": null, "source": "richmond_structures", "source_updated": "2026-09-08T12:07:13.637000Z", "base_z": null, "top_z": null }, "geometry": { "type": "Polygon", "coordinates": [ [ [ 281027.77, 4159495.24 ], [ 281026.59, 4159493.2 ], [ 281024.74, 4159491.91 ], [ 281020.46, 4159490.66 ], [ 281023.54, 4159497.16 ], [ 281027.77, 4159495.24 ] ] ] } },
{ "type": "Feature", "properties": { "id": "imagery:groundcover_paved:1073", "name": null, "kind": "groundcover_paved", "sport": null, "surface": null, "pitch_layout": null, "source": "vgin_vbmp+naip+lidar2025", "source_updated": null, "base_z": null, "top_z": null }, "geometry": { "type": "Polygon", "coordinates": [ [ [ 281022.16, 4159492.2 ], [ 281021.89, 4159492.61 ], [ 281021.58, 4159492.99 ], [ 281021.23, 4159493.34 ], [ 281020.85, 4159493.65 ], [ 281020.44, 4159493.93 ], [ 281020.13, 4159494.09 ], [ 281020.13, 4159494.65 ], [ 281019.8, 4159495.57 ], [ 281018.05, 4159497.71 ], [ 281017.21, 4159498.21 ], [ 281008.52, 4159499.95 ], [ 281008.41, 4159500.0 ], [ 281032.73, 4159500.0 ], [ 281034.06, 4159499.35 ], [ 281032.57, 4159493.37 ], [ 281030.38, 4159491.19 ], [ 281025.8, 4159490.04 ], [ 281022.44, 4159491.66 ], [ 281022.4, 4159491.77 ], [ 281022.16, 4159492.2 ] ] ] } },
{ "type": "Feature", "properties": { "id": "imagery:groundcover_lawn:1150", "name": null, "kind": "groundcover_lawn", "sport": null, "surface": null, "pitch_layout": null, "source": "vgin_vbmp+naip+lidar2025", "source_updated": null, "base_z": null, "top_z": null }, "geometry": { "type": "MultiPolygon", "coordinates": [ [ [ [ 281032.44, 4159394.0 ], [ 281032.36, 4159394.06 ], [ 281032.28, 4159394.12 ], [ 281032.19, 4159394.16 ], [ 281028.61, 4159395.86 ], [ 281028.52, 4159395.89 ], [ 281028.43, 4159395.92 ], [ 281028.33, 4159395.94 ], [ 281028.24, 4159395.95 ], [ 281028.17, 4159395.95 ], [ 281028.09, 4159395.99 ], [ 281027.27, 4159396.38 ], [ 281026.13, 4159397.89 ], [ 281026.13, 4159398.03 ], [ 281025.71, 4159399.05 ], [ 281025.38, 4159399.38 ], [ 281027.25, 4159403.28 ], [ 281027.29, 4159403.37 ], [ 281027.32, 4159403.46 ], [ 281027.34, 4159403.56 ], [ 281027.35, 4159403.66 ], [ 281027.35, 4159403.75 ], [ 281027.34, 4159403.85 ], [ 281027.32, 4159403.95 ], [ 281027.29, 4159404.04 ], [ 281027.26, 4159404.13 ], [ 281027.21, 4159404.22 ], [ 281027.2, 4159404.24 ], [ 281045.24, 4159395.31 ], [ 281045.33, 4159395.02 ], [ 281041.66, 4159391.19 ], [ 281032.62, 4159393.77 ], [ 281032.57, 4159393.85 ], [ 281032.51, 4159393.93 ], [ 281032.44, 4159394.0 ] ] ], [ [ [ 281034.65, 4159417.67 ], [ 281034.74, 4159417.69 ], [ 281034.84, 4159417.71 ], [ 281034.93, 4159417.75 ], [ 281035.02, 4159417.79 ], [ 281035.1, 4159417.84 ], [ 281035.18, 4159417.9 ], [ 281035.26, 4159417.96 ], [ 281035.32, 4159418.03 ], [ 281035.38, 4159418.11 ], [ 281035.43, 4159418.2 ], [ 281035.47, 4159418.28 ], [ 281035.77, 4159418.99 ], [ 281038.13, 4159416.63 ], [ 281038.13, 4159402.84 ], [ 281016.42, 4159413.59 ], [ 281018.61, 4159418.47 ], [ 281018.65, 4159418.44 ], [ 281018.74, 4159418.4 ], [ 281023.03, 4159416.63 ], [ 281021.1, 4159412.6 ], [ 281021.06, 4159412.51 ], [ 281021.03, 4159412.41 ], [ 281021.01, 4159412.32 ], [ 281021.0, 4159412.22 ], [ 281021.0, 4159412.12 ], [ 281021.01, 4159412.02 ], [ 281021.03, 4159411.93 ], [ 281021.06, 4159411.83 ], [ 281021.09, 4159411.74 ], [ 281021.14, 4159411.66 ], [ 281021.19, 4159411.57 ], [ 281021.26, 4159411.5 ], [ 281021.32, 4159411.43 ], [ 281021.4, 4159411.37 ], [ 281021.48, 4159411.31 ], [ 281021.57, 4159411.26 ], [ 281025.1, 4159409.57 ], [ 281025.19, 4159409.53 ], [ 281025.29, 4159409.5 ], [ 281025.38, 4159409.48 ], [ 281025.48, 4159409.47 ], [ 281025.58, 4159409.47 ], [ 281025.67, 4159409.48 ], [ 281025.77, 4159409.5 ], [ 281025.87, 4159409.53 ], [ 281025.96, 4159409.56 ], [ 281026.04, 4159409.61 ], [ 281026.12, 4159409.66 ], [ 281026.2, 4159409.72 ], [ 281026.27, 4159409.79 ], [ 281026.33, 4159409.87 ], [ 281026.39, 4159409.95 ], [ 281026.44, 4159410.04 ], [ 281028.85, 4159415.07 ], [ 281028.89, 4159415.16 ], [ 281028.92, 4159415.25 ], [ 281028.94, 4159415.35 ], [ 281028.95, 4159415.44 ], [ 281028.95, 4159415.54 ], [ 281028.94, 4159415.64 ], [ 281028.92, 4159415.74 ], [ 281028.89, 4159415.83 ], [ 281028.85, 4159415.92 ], [ 281028.81, 4159416.01 ], [ 281028.75, 4159416.09 ], [ 281028.69, 4159416.17 ], [ 281028.62, 4159416.24 ], [ 281028.55, 4159416.3 ], [ 281028.47, 4159416.35 ], [ 281028.38, 4159416.4 ], [ 281026.25, 4159417.42 ], [ 281027.17, 4159419.63 ], [ 281029.63, 4159419.63 ], [ 281034.17, 4159417.75 ], [ 281034.26, 4159417.71 ], [ 281034.35, 4159417.69 ], [ 281034.45, 4159417.67 ], [ 281034.55, 4159417.67 ], [ 281034.65, 4159417.67 ] ] ], [ [ [ 281001.18, 4159434.47 ], [ 281001.16, 4159434.37 ], [ 281001.15, 4159434.27 ], [ 281001.15, 4159434.18 ], [ 281001.17, 4159434.08 ], [ 281001.19, 4159433.98 ], [ 281001.22, 4159433.89 ], [ 281001.26, 4159433.8 ], [ 281001.3, 4159433.71 ], [ 281001.36, 4159433.63 ], [ 281001.42, 4159433.56 ], [ 281001.49, 4159433.49 ], [ 281001.57, 4159433.43 ], [ 281001.89, 4159432.93 ], [ 281003.45, 4159431.48 ], [ 281004.1, 4159431.13 ], [ 281011.86, 4159429.19 ], [ 281014.13, 4159426.28 ], [ 281014.13, 4159424.9 ], [ 281014.35, 4159424.12 ], [ 281015.57, 4159422.15 ], [ 281016.1, 4159421.67 ], [ 281012.77, 4159414.25 ], [ 281012.61, 4159414.39 ], [ 281008.92, 4159416.23 ], [ 281008.6, 4159416.35 ], [ 281007.59, 4159416.59 ], [ 281007.25, 4159416.63 ], [ 281000.99, 4159416.63 ], [ 281000.99, 4159416.91 ], [ 281000.0, 4159417.41 ], [ 281000.0, 4159438.02 ], [ 281001.18, 4159434.48 ], [ 281001.18, 4159434.47 ] ] ], [ [ [ 281004.2, 4159466.9 ], [ 281002.7, 4159460.9 ], [ 281000.0, 4159458.79 ], [ 281000.0, 4159470.63 ], [ 281001.29, 4159470.63 ], [ 281004.2, 4159466.9 ] ] ], [ [ [ 281003.5, 4159497.63 ], [ 281003.48, 4159497.67 ], [ 281003.43, 4159497.75 ], [ 281003.36, 4159497.82 ], [ 281003.29, 4159497.89 ], [ 281003.22, 4159497.95 ], [ 281003.14, 4159498.01 ], [ 281003.05, 4159498.05 ], [ 281000.0, 4159499.47 ], [ 281000.0, 4159500.0 ], [ 281005.45, 4159500.0 ], [ 281003.8, 4159497.63 ], [ 281003.5, 4159497.63 ] ] ] ] } }
]
}
