{
"type": "FeatureCollection",
"name": "landuse",
"crs": { "type": "name", "properties": { "name": "urn:ogc:def:crs:EPSG::32618" } },
"xy_coordinate_resolution": 0.01,
"features": [
{ "type": "Feature", "properties": { "id": "richmond_structure:413171", "name": null, "kind": "deck", "sport": null, "surface": null, "pitch_layout": null, "source": "richmond_structures", "source_updated": "2026-09-08T12:07:13.637000Z", "base_z": null, "top_z": null }, "geometry": { "type": "MultiPolygon", "coordinates": [ [ [ [ 282564.49, 4155250.0 ], [ 282565.43, 4155250.43 ], [ 282565.63, 4155250.0 ], [ 282564.49, 4155250.0 ] ] ], [ [ [ 282562.61, 4155251.2 ], [ 282563.16, 4155250.0 ], [ 282562.01, 4155250.0 ], [ 282561.66, 4155250.77 ], [ 282562.61, 4155251.2 ] ] ] ] } },
{ "type": "Feature", "properties": { "id": "imagery:groundcover_paved:3300", "name": null, "kind": "groundcover_paved", "sport": null, "surface": null, "pitch_layout": null, "source": "vgin_vbmp+naip+lidar2025", "source_updated": null, "base_z": null, "top_z": null }, "geometry": { "type": "MultiPolygon", "coordinates": [ [ [ [ 282504.5, 4155273.96 ], [ 282504.44, 4155273.87 ], [ 282502.7, 4155266.9 ], [ 282500.0, 4155264.79 ], [ 282500.0, 4155271.98 ], [ 282504.38, 4155273.9 ], [ 282504.5, 4155273.96 ] ] ], [ [ [ 282567.38, 4155288.16 ], [ 282569.56, 4155286.97 ], [ 282569.67, 4155289.62 ], [ 282570.77, 4155290.86 ], [ 282571.13, 4155291.82 ], [ 282571.13, 4155294.63 ], [ 282574.13, 4155297.63 ], [ 282581.28, 4155297.63 ], [ 282583.96, 4155295.97 ], [ 282585.11, 4155293.68 ], [ 282548.38, 4155276.78 ], [ 282548.38, 4155276.79 ], [ 282546.74, 4155280.46 ], [ 282546.52, 4155280.9 ], [ 282546.25, 4155281.31 ], [ 282545.95, 4155281.7 ], [ 282545.61, 4155282.05 ], [ 282545.24, 4155282.37 ], [ 282544.84, 4155282.65 ], [ 282544.41, 4155282.9 ], [ 282543.96, 4155283.09 ], [ 282543.5, 4155283.25 ], [ 282543.02, 4155283.35 ], [ 282542.53, 4155283.41 ], [ 282542.04, 4155283.42 ], [ 282541.55, 4155283.39 ], [ 282541.07, 4155283.3 ], [ 282540.6, 4155283.17 ], [ 282540.14, 4155282.99 ], [ 282539.07, 4155282.52 ], [ 282538.97, 4155282.64 ], [ 282538.1, 4155283.13 ], [ 282527.66, 4155284.87 ], [ 282527.45, 4155285.35 ], [ 282527.58, 4155285.38 ], [ 282528.05, 4155285.51 ], [ 282528.51, 4155285.69 ], [ 282535.51, 4155288.83 ], [ 282535.95, 4155289.05 ], [ 282536.37, 4155289.31 ], [ 282536.75, 4155289.62 ], [ 282537.11, 4155289.96 ], [ 282537.43, 4155290.33 ], [ 282537.71, 4155290.73 ], [ 282537.95, 4155291.16 ], [ 282538.14, 4155291.61 ], [ 282538.3, 4155292.08 ], [ 282538.4, 4155292.56 ], [ 282538.46, 4155293.04 ], [ 282538.47, 4155293.53 ], [ 282538.43, 4155294.02 ], [ 282538.34, 4155294.51 ], [ 282538.21, 4155294.98 ], [ 282538.03, 4155295.44 ], [ 282537.75, 4155296.07 ], [ 282538.14, 4155295.84 ], [ 282538.59, 4155295.63 ], [ 282539.05, 4155295.47 ], [ 282539.53, 4155295.36 ], [ 282540.02, 4155295.29 ], [ 282540.5, 4155295.27 ], [ 282541.11, 4155293.86 ], [ 282541.33, 4155293.42 ], [ 282541.59, 4155293.0 ], [ 282541.89, 4155292.62 ], [ 282542.23, 4155292.26 ], [ 282542.59, 4155291.94 ], [ 282542.99, 4155291.65 ], [ 282543.42, 4155291.41 ], [ 282543.86, 4155291.21 ], [ 282544.33, 4155291.05 ], [ 282544.8, 4155290.94 ], [ 282545.29, 4155290.87 ], [ 282545.78, 4155290.86 ], [ 282546.27, 4155290.89 ], [ 282546.75, 4155290.97 ], [ 282547.13, 4155291.07 ], [ 282547.13, 4155289.67 ], [ 282547.61, 4155288.6 ], [ 282550.02, 4155286.47 ], [ 282551.14, 4155286.13 ], [ 282567.38, 4155288.16 ] ] ] ] } },
{ "type": "Feature", "properties": { "id": "imagery:groundcover_lawn:3268", "name": null, "kind": "groundcover_lawn", "sport": null, "surface": null, "pitch_layout": null, "source": "vgin_vbmp+naip+lidar2025", "source_updated": null, "base_z": null, "top_z": null }, "geometry": { "type": "Polygon", "coordinates": [ [ [ 282535.9, 4155276.73 ], [ 282535.81, 4155276.68 ], [ 282535.72, 4155276.63 ], [ 282535.65, 4155276.57 ], [ 282535.58, 4155276.5 ], [ 282535.51, 4155276.43 ], [ 282535.46, 4155276.35 ], [ 282535.41, 4155276.26 ], [ 282535.37, 4155276.17 ], [ 282535.34, 4155276.08 ], [ 282535.32, 4155275.98 ], [ 282535.3, 4155275.89 ], [ 282535.3, 4155275.79 ], [ 282535.31, 4155275.69 ], [ 282535.33, 4155275.59 ], [ 282535.35, 4155275.5 ], [ 282535.39, 4155275.41 ], [ 282537.02, 4155271.72 ], [ 282537.07, 4155271.64 ], [ 282537.1, 4155271.59 ], [ 282534.15, 4155270.23 ], [ 282527.66, 4155284.87 ], [ 282538.62, 4155283.04 ], [ 282541.13, 4155280.08 ], [ 282541.13, 4155279.06 ], [ 282535.9, 4155276.73 ] ] ] } },
{ "type": "Feature", "properties": { "id": "richmond_structure:414862", "name": null, "kind": "deck", "sport": null, "surface": null, "pitch_layout": null, "source": "richmond_structures", "source_updated": "2026-09-08T12:07:13.637000Z", "base_z": null, "top_z": null }, "geometry": { "type": "Polygon", "coordinates": [ [ [ 282530.35, 4155295.29 ], [ 282536.13, 4155282.43 ], [ 282529.78, 4155279.58 ], [ 282524.01, 4155292.44 ], [ 282530.35, 4155295.29 ] ] ] } },
{ "type": "Feature", "properties": { "id": "richmond_structure:413165", "name": null, "kind": "deck", "sport": null, "surface": null, "pitch_layout": null, "source": "richmond_structures", "source_updated": "2026-09-08T12:07:13.637000Z", "base_z": null, "top_z": null }, "geometry": { "type": "Polygon", "coordinates": [ [ [ 282539.42, 4155300.04 ], [ 282543.16, 4155293.06 ], [ 282537.23, 4155290.72 ], [ 282534.12, 4155297.56 ], [ 282539.42, 4155300.04 ] ] ] } },
{ "type": "Feature", "properties": { "id": "richmond_structure:350593", "name": null, "kind": "deck", "sport": null, "surface": null, "pitch_layout": null, "source": "richmond_structures", "source_updated": "2026-09-08T12:07:13.637000Z", "base_z": null, "top_z": null }, "geometry": { "type": "Polygon", "coordinates": [ [ [ 282548.69, 4155306.33 ], [ 282551.71, 4155299.35 ], [ 282545.38, 4155296.66 ], [ 282543.82, 4155300.91 ], [ 282548.3, 4155302.59 ], [ 282547.0, 4155305.59 ], [ 282548.69, 4155306.33 ] ] ] } },
{ "type": "Feature", "properties": { "id": "richmond_structure:413167", "name": null, "kind": "deck", "sport": null, "surface": null, "pitch_layout": null, "source": "richmond_structures", "source_updated": "2026-09-08T12:07:13.637000Z", "base_z": null, "top_z": null }, "geometry": { "type": "Polygon", "coordinates": [ [ [ 282571.19, 4155301.2 ], [ 282569.39, 4155300.57 ], [ 282567.67, 4155301.41 ], [ 282567.04, 4155303.21 ], [ 282567.87, 4155304.93 ], [ 282569.68, 4155305.56 ], [ 282571.4, 4155304.73 ], [ 282572.03, 4155302.92 ], [ 282571.19, 4155301.2 ] ] ] } },
{ "type": "Feature", "properties": { "id": "richmond_structure:351481", "name": null, "kind": "deck", "sport": null, "surface": null, "pitch_layout": null, "source": "richmond_structures", "source_updated": "2026-09-08T12:07:13.637000Z", "base_z": null, "top_z": null }, "geometry": { "type": "Polygon", "coordinates": [ [ [ 282535.38, 4155312.42 ], [ 282534.52, 4155315.42 ], [ 282541.21, 4155318.58 ], [ 282545.51, 4155310.61 ], [ 282544.73, 4155310.27 ], [ 282542.45, 4155315.5 ], [ 282535.38, 4155312.42 ] ] ] } },
{ "type": "Feature", "properties": { "id": "richmond_structure:351477", "name": null, "kind": "deck", "sport": null, "surface": null, "pitch_layout": null, "source": "richmond_structures", "source_updated": "2026-09-08T12:07:13.637000Z", "base_z": null, "top_z": null }, "geometry": { "type": "Polygon", "coordinates": [ [ [ 282578.56, 4155316.45 ], [ 282577.2, 4155319.38 ], [ 282582.86, 4155322.0 ], [ 282584.22, 4155319.06 ], [ 282578.56, 4155316.45 ] ] ] } },
{ "type": "Feature", "properties": { "id": "imagery:groundcover_paved:3231", "name": null, "kind": "groundcover_paved", "sport": null, "surface": null, "pitch_layout": null, "source": "vgin_vbmp+naip+lidar2025", "source_updated": null, "base_z": null, "top_z": null }, "geometry": { "type": "Polygon", "coordinates": [ [ [ 282504.42, 4155373.91 ], [ 282500.87, 4155370.48 ], [ 282500.0, 4155370.65 ], [ 282500.0, 4155382.47 ], [ 282502.78, 4155383.73 ], [ 282504.42, 4155373.91 ] ] ] } },
{ "type": "Feature", "properties": { "id": "richmond_structure:242743", "name": null, "kind": "deck", "sport": null, "surface": null, "pitch_layout": null, "source": "richmond_structures", "source_updated": "2026-09-08T12:07:13.637000Z", "base_z": null, "top_z": null }, "geometry": { "type": "Polygon", "coordinates": [ [ [ 282746.96, 4155253.79 ], [ 282748.78, 4155250.0 ], [ 282746.5, 4155250.0 ], [ 282744.68, 4155251.53 ], [ 282744.31, 4155252.48 ], [ 282746.96, 4155253.79 ] ] ] } },
{ "type": "Feature", "properties": { "id": "richmond_structure:242938", "name": null, "kind": "deck", "sport": null, "surface": null, "pitch_layout": null, "source": "richmond_structures", "source_updated": "2026-09-08T12:07:13.637000Z", "base_z": null, "top_z": null }, "geometry": { "type": "Polygon", "coordinates": [ [ [ 282738.39, 4155264.58 ], [ 282737.87, 4155265.71 ], [ 282737.76, 4155266.99 ], [ 282738.53, 4155268.51 ], [ 282739.77, 4155269.69 ], [ 282743.39, 4155271.35 ], [ 282746.14, 4155265.13 ], [ 282742.08, 4155263.33 ], [ 282740.85, 4155263.49 ], [ 282738.39, 4155264.58 ] ] ] } },
{ "type": "Feature", "properties": { "id": "richmond_structure:352573", "name": null, "kind": "deck", "sport": null, "surface": null, "pitch_layout": null, "source": "richmond_structures", "source_updated": "2026-09-08T12:07:13.637000Z", "base_z": null, "top_z": null }, "geometry": { "type": "Polygon", "coordinates": [ [ [ 282734.4, 4155283.78 ], [ 282737.35, 4155277.57 ], [ 282734.44, 4155276.39 ], [ 282731.49, 4155282.29 ], [ 282734.4, 4155283.78 ] ] ] } },
{ "type": "Feature", "properties": { "id": "richmond_structure:349616", "name": null, "kind": "deck", "sport": null, "surface": null, "pitch_layout": null, "source": "richmond_structures", "source_updated": "2026-09-08T12:07:13.637000Z", "base_z": null, "top_z": null }, "geometry": { "type": "Polygon", "coordinates": [ [ [ 282661.99, 4155298.58 ], [ 282664.41, 4155299.69 ], [ 282666.94, 4155296.6 ], [ 282666.91, 4155295.9 ], [ 282666.27, 4155295.42 ], [ 282663.65, 4155296.68 ], [ 282660.35, 4155295.01 ], [ 282659.77, 4155296.26 ], [ 282662.48, 4155297.51 ], [ 282661.99, 4155298.58 ] ] ] } },
{ "type": "Feature", "properties": { "id": "imagery:groundcover_paved:3251", "name": null, "kind": "groundcover_paved", "sport": null, "surface": null, "pitch_layout": null, "source": "vgin_vbmp+naip+lidar2025", "source_updated": null, "base_z": null, "top_z": null }, "geometry": { "type": "Polygon", "coordinates": [ [ [ 282710.01, 4155310.5 ], [ 282701.01, 4155301.5 ], [ 282699.63, 4155300.93 ], [ 282693.97, 4155313.76 ], [ 282704.29, 4155317.89 ], [ 282707.53, 4155317.23 ], [ 282710.01, 4155314.75 ], [ 282710.01, 4155310.5 ] ] ] } },
{ "type": "Feature", "properties": { "id": "richmond_structure:414837", "name": null, "kind": "deck", "sport": null, "surface": null, "pitch_layout": null, "source": "richmond_structures", "source_updated": "2026-09-08T12:07:13.637000Z", "base_z": null, "top_z": null }, "geometry": { "type": "Polygon", "coordinates": [ [ [ 282703.94, 4155336.95 ], [ 282703.4, 4155338.08 ], [ 282704.37, 4155338.55 ], [ 282702.53, 4155342.37 ], [ 282704.51, 4155343.33 ], [ 282707.21, 4155337.72 ], [ 282705.23, 4155336.77 ], [ 282704.91, 4155337.42 ], [ 282703.94, 4155336.95 ] ] ] } },
{ "type": "Feature", "properties": { "id": "richmond_structure:426249", "name": null, "kind": "deck", "sport": null, "surface": null, "pitch_layout": null, "source": "richmond_structures", "source_updated": "2026-09-08T12:07:13.637000Z", "base_z": null, "top_z": null }, "geometry": { "type": "Polygon", "coordinates": [ [ [ 282717.68, 4155351.3 ], [ 282719.49, 4155352.12 ], [ 282721.67, 4155347.21 ], [ 282725.39, 4155348.54 ], [ 282725.85, 4155348.17 ], [ 282725.62, 4155347.37 ], [ 282722.67, 4155344.96 ], [ 282720.09, 4155343.76 ], [ 282716.96, 4155349.97 ], [ 282718.15, 4155350.43 ], [ 282717.68, 4155351.3 ] ] ] } },
{ "type": "Feature", "properties": { "id": "imagery:groundcover_lawn:3227", "name": null, "kind": "groundcover_lawn", "sport": null, "surface": null, "pitch_layout": null, "source": "vgin_vbmp+naip+lidar2025", "source_updated": null, "base_z": null, "top_z": null }, "geometry": { "type": "Polygon", "coordinates": [ [ [ 282744.6, 4155361.8 ], [ 282744.62, 4155361.7 ], [ 282744.65, 4155361.61 ], [ 282744.69, 4155361.52 ], [ 282747.58, 4155355.48 ], [ 282747.63, 4155355.39 ], [ 282747.68, 4155355.31 ], [ 282747.74, 4155355.24 ], [ 282747.81, 4155355.17 ], [ 282747.89, 4155355.11 ], [ 282747.97, 4155355.05 ], [ 282748.06, 4155355.01 ], [ 282748.15, 4155354.97 ], [ 282748.25, 4155354.94 ], [ 282748.34, 4155354.92 ], [ 282748.44, 4155354.91 ], [ 282748.54, 4155354.92 ], [ 282748.64, 4155354.93 ], [ 282748.73, 4155354.95 ], [ 282748.83, 4155354.97 ], [ 282748.92, 4155355.01 ], [ 282749.44, 4155355.27 ], [ 282749.47, 4155355.24 ], [ 282749.55, 4155355.18 ], [ 282749.63, 4155355.12 ], [ 282749.71, 4155355.08 ], [ 282749.8, 4155355.04 ], [ 282749.9, 4155355.01 ], [ 282749.99, 4155354.99 ], [ 282750.0, 4155354.99 ], [ 282750.0, 4155346.57 ], [ 282748.79, 4155345.63 ], [ 282746.74, 4155345.63 ], [ 282744.24, 4155346.96 ], [ 282739.64, 4155353.87 ], [ 282739.13, 4155355.53 ], [ 282739.13, 4155359.3 ], [ 282744.6, 4155361.82 ], [ 282744.6, 4155361.8 ] ] ] } },
{ "type": "Feature", "properties": { "id": "imagery:groundcover_lawn:3216", "name": null, "kind": "groundcover_lawn", "sport": null, "surface": null, "pitch_layout": null, "source": "vgin_vbmp+naip+lidar2025", "source_updated": null, "base_z": null, "top_z": null }, "geometry": { "type": "Polygon", "coordinates": [ [ [ 282705.56, 4155377.02 ], [ 282705.6, 4155376.93 ], [ 282705.64, 4155376.84 ], [ 282705.69, 4155376.76 ], [ 282705.75, 4155376.68 ], [ 282705.82, 4155376.61 ], [ 282705.9, 4155376.55 ], [ 282705.98, 4155376.49 ], [ 282706.06, 4155376.45 ], [ 282706.15, 4155376.41 ], [ 282706.25, 4155376.38 ], [ 282706.34, 4155376.36 ], [ 282706.44, 4155376.35 ], [ 282706.54, 4155376.34 ], [ 282706.64, 4155376.35 ], [ 282706.74, 4155376.37 ], [ 282706.83, 4155376.4 ], [ 282706.92, 4155376.43 ], [ 282709.85, 4155377.77 ], [ 282709.94, 4155377.81 ], [ 282710.02, 4155377.87 ], [ 282710.09, 4155377.93 ], [ 282710.16, 4155377.99 ], [ 282710.23, 4155378.07 ], [ 282710.28, 4155378.15 ], [ 282710.33, 4155378.24 ], [ 282710.37, 4155378.33 ], [ 282710.4, 4155378.42 ], [ 282710.42, 4155378.51 ], [ 282710.43, 4155378.61 ], [ 282710.43, 4155378.71 ], [ 282710.43, 4155378.81 ], [ 282710.41, 4155378.9 ], [ 282710.38, 4155379.0 ], [ 282710.35, 4155379.09 ], [ 282710.23, 4155379.35 ], [ 282710.48, 4155379.46 ], [ 282710.56, 4155379.51 ], [ 282710.65, 4155379.56 ], [ 282710.72, 4155379.62 ], [ 282710.79, 4155379.69 ], [ 282710.86, 4155379.76 ], [ 282710.91, 4155379.84 ], [ 282710.96, 4155379.93 ], [ 282711.0, 4155380.02 ], [ 282711.03, 4155380.11 ], [ 282711.05, 4155380.21 ], [ 282711.06, 4155380.31 ], [ 282711.06, 4155380.4 ], [ 282711.06, 4155380.44 ], [ 282713.52, 4155380.24 ], [ 282714.71, 4155379.05 ], [ 282715.73, 4155378.63 ], [ 282715.97, 4155378.63 ], [ 282718.47, 4155376.82 ], [ 282719.4, 4155374.83 ], [ 282720.81, 4155370.57 ], [ 282720.81, 4155368.68 ], [ 282718.97, 4155363.14 ], [ 282715.53, 4155361.15 ], [ 282714.97, 4155361.26 ], [ 282713.26, 4155364.86 ], [ 282713.22, 4155364.95 ], [ 282713.16, 4155365.03 ], [ 282713.1, 4155365.1 ], [ 282713.03, 4155365.17 ], [ 282712.96, 4155365.24 ], [ 282712.87, 4155365.29 ], [ 282712.79, 4155365.34 ], [ 282712.7, 4155365.37 ], [ 282712.6, 4155365.4 ], [ 282712.51, 4155365.42 ], [ 282712.41, 4155365.43 ], [ 282712.31, 4155365.43 ], [ 282712.21, 4155365.42 ], [ 282712.12, 4155365.4 ], [ 282712.02, 4155365.37 ], [ 282711.93, 4155365.34 ], [ 282708.91, 4155363.9 ], [ 282708.82, 4155363.86 ], [ 282708.74, 4155363.8 ], [ 282708.66, 4155363.74 ], [ 282708.59, 4155363.67 ], [ 282708.53, 4155363.6 ], [ 282708.48, 4155363.51 ], [ 282708.43, 4155363.43 ], [ 282708.39, 4155363.34 ], [ 282708.36, 4155363.24 ], [ 282708.34, 4155363.15 ], [ 282708.33, 4155363.05 ], [ 282708.33, 4155362.95 ], [ 282708.34, 4155362.85 ], [ 282708.36, 4155362.76 ], [ 282708.39, 4155362.66 ], [ 282708.43, 4155362.57 ], [ 282705.54, 4155363.14 ], [ 282703.13, 4155366.09 ], [ 282703.13, 4155375.63 ], [ 282703.67, 4155376.17 ], [ 282705.56, 4155377.02 ] ] ] } },
{ "type": "Feature", "properties": { "id": "imagery:groundcover_lawn:3211", "name": null, "kind": "groundcover_lawn", "sport": null, "surface": null, "pitch_layout": null, "source": "vgin_vbmp+naip+lidar2025", "source_updated": null, "base_z": null, "top_z": null }, "geometry": { "type": "Polygon", "coordinates": [ [ [ 282750.0, 4155384.63 ], [ 282750.0, 4155375.6 ], [ 282749.69, 4155376.1 ], [ 282749.1, 4155376.64 ], [ 282746.79, 4155377.8 ], [ 282745.13, 4155380.48 ], [ 282745.13, 4155381.63 ], [ 282748.13, 4155384.63 ], [ 282750.0, 4155384.63 ] ] ] } },
{ "type": "Feature", "properties": { "id": "richmond_structure:413113", "name": null, "kind": "deck", "sport": null, "surface": null, "pitch_layout": null, "source": "richmond_structures", "source_updated": "2026-09-08T12:07:13.637000Z", "base_z": null, "top_z": null }, "geometry": { "type": "Polygon", "coordinates": [ [ [ 282597.47, 4155266.11 ], [ 282599.85, 4155261.2 ], [ 282595.3, 4155259.0 ], [ 282592.93, 4155263.92 ], [ 282597.47, 4155266.11 ] ] ] } },
{ "type": "Feature", "properties": { "id": "richmond_structure:413166", "name": null, "kind": "deck", "sport": null, "surface": null, "pitch_layout": null, "source": "richmond_structures", "source_updated": "2026-09-08T12:07:13.637000Z", "base_z": null, "top_z": null }, "geometry": { "type": "Polygon", "coordinates": [ [ [ 282590.25, 4155303.28 ], [ 282591.81, 4155299.52 ], [ 282588.61, 4155298.19 ], [ 282587.06, 4155301.96 ], [ 282590.25, 4155303.28 ] ] ] } },
{ "type": "Feature", "properties": { "id": "richmond_structure:413168", "name": null, "kind": "deck", "sport": null, "surface": null, "pitch_layout": null, "source": "richmond_structures", "source_updated": "2026-09-08T12:07:13.637000Z", "base_z": null, "top_z": null }, "geometry": { "type": "Polygon", "coordinates": [ [ [ 282585.41, 4155308.89 ], [ 282584.33, 4155308.52 ], [ 282583.3, 4155309.02 ], [ 282582.93, 4155310.1 ], [ 282583.43, 4155311.13 ], [ 282584.51, 4155311.5 ], [ 282585.54, 4155311.0 ], [ 282585.91, 4155309.92 ], [ 282585.41, 4155308.89 ] ] ] } },
{ "type": "Feature", "properties": { "id": "richmond_structure:413125", "name": null, "kind": "deck", "sport": null, "surface": null, "pitch_layout": null, "source": "richmond_structures", "source_updated": "2026-09-08T12:07:13.637000Z", "base_z": null, "top_z": null }, "geometry": { "type": "Polygon", "coordinates": [ [ [ 282659.41, 4155319.06 ], [ 282662.12, 4155313.41 ], [ 282659.33, 4155312.07 ], [ 282656.62, 4155317.71 ], [ 282659.41, 4155319.06 ] ] ] } },
{ "type": "Feature", "properties": { "id": "richmond_structure:413169", "name": null, "kind": "deck", "sport": null, "surface": null, "pitch_layout": null, "source": "richmond_structures", "source_updated": "2026-09-08T12:07:13.637000Z", "base_z": null, "top_z": null }, "geometry": { "type": "Polygon", "coordinates": [ [ [ 282593.78, 4155314.98 ], [ 282592.78, 4155314.62 ], [ 282591.82, 4155315.08 ], [ 282591.46, 4155316.09 ], [ 282591.92, 4155317.05 ], [ 282592.93, 4155317.4 ], [ 282593.89, 4155316.95 ], [ 282594.24, 4155315.94 ], [ 282593.78, 4155314.98 ] ] ] } },
{ "type": "Feature", "properties": { "id": "richmond_structure:413170", "name": null, "kind": "deck", "sport": null, "surface": null, "pitch_layout": null, "source": "richmond_structures", "source_updated": "2026-09-08T12:07:13.637000Z", "base_z": null, "top_z": null }, "geometry": { "type": "Polygon", "coordinates": [ [ [ 282597.59, 4155320.12 ], [ 282600.34, 4155314.6 ], [ 282598.67, 4155313.77 ], [ 282595.93, 4155319.29 ], [ 282597.59, 4155320.12 ] ] ] } },
{ "type": "Feature", "properties": { "id": "richmond_structure:351482", "name": null, "kind": "deck", "sport": null, "surface": null, "pitch_layout": null, "source": "richmond_structures", "source_updated": "2026-09-08T12:07:13.637000Z", "base_z": null, "top_z": null }, "geometry": { "type": "Polygon", "coordinates": [ [ [ 282604.07, 4155334.27 ], [ 282604.86, 4155334.24 ], [ 282604.79, 4155332.93 ], [ 282603.23, 4155331.13 ], [ 282602.74, 4155328.28 ], [ 282602.17, 4155327.49 ], [ 282601.73, 4155327.2 ], [ 282601.16, 4155327.3 ], [ 282600.63, 4155327.7 ], [ 282599.89, 4155329.25 ], [ 282601.76, 4155330.13 ], [ 282600.55, 4155332.6 ], [ 282604.07, 4155334.27 ] ] ] } },
{ "type": "Feature", "properties": { "id": "richmond_structure:414677", "name": null, "kind": "deck", "sport": null, "surface": null, "pitch_layout": null, "source": "richmond_structures", "source_updated": "2026-09-08T12:07:13.637000Z", "base_z": null, "top_z": null }, "geometry": { "type": "Polygon", "coordinates": [ [ [ 282649.97, 4155353.82 ], [ 282646.56, 4155351.99 ], [ 282645.18, 4155355.72 ], [ 282650.44, 4155357.66 ], [ 282649.35, 4155360.62 ], [ 282651.53, 4155361.43 ], [ 282652.47, 4155359.18 ], [ 282652.13, 4155357.11 ], [ 282650.35, 4155355.85 ], [ 282649.97, 4155353.82 ] ] ] } },
{ "type": "Feature", "properties": { "id": "richmond_structure:353195", "name": null, "kind": "deck", "sport": null, "surface": null, "pitch_layout": null, "source": "richmond_structures", "source_updated": "2026-09-08T12:07:13.637000Z", "base_z": null, "top_z": null }, "geometry": { "type": "Polygon", "coordinates": [ [ [ 282604.62, 4155410.24 ], [ 282605.66, 4155407.59 ], [ 282600.29, 4155404.98 ], [ 282598.77, 4155407.94 ], [ 282604.62, 4155410.24 ] ] ] } },
{ "type": "Feature", "properties": { "id": "imagery:groundcover_lawn:3204", "name": null, "kind": "groundcover_lawn", "sport": null, "surface": null, "pitch_layout": null, "source": "vgin_vbmp+naip+lidar2025", "source_updated": null, "base_z": null, "top_z": null }, "geometry": { "type": "Polygon", "coordinates": [ [ [ 282645.04, 4155405.49 ], [ 282650.13, 4155407.87 ], [ 282650.22, 4155407.92 ], [ 282650.3, 4155407.97 ], [ 282650.37, 4155408.03 ], [ 282650.44, 4155408.1 ], [ 282650.5, 4155408.18 ], [ 282650.56, 4155408.26 ], [ 282650.61, 4155408.34 ], [ 282650.64, 4155408.43 ], [ 282650.67, 4155408.53 ], [ 282650.69, 4155408.62 ], [ 282650.7, 4155408.72 ], [ 282650.7, 4155408.82 ], [ 282650.7, 4155408.91 ], [ 282650.68, 4155409.01 ], [ 282650.65, 4155409.1 ], [ 282650.61, 4155409.19 ], [ 282648.83, 4155413.08 ], [ 282651.01, 4155414.86 ], [ 282652.2, 4155415.01 ], [ 282654.4, 4155410.7 ], [ 282654.44, 4155410.61 ], [ 282654.5, 4155410.53 ], [ 282654.57, 4155410.46 ], [ 282654.64, 4155410.39 ], [ 282654.71, 4155410.33 ], [ 282654.8, 4155410.28 ], [ 282654.88, 4155410.24 ], [ 282654.98, 4155410.2 ], [ 282655.07, 4155410.18 ], [ 282655.17, 4155410.16 ], [ 282655.27, 4155410.15 ], [ 282655.36, 4155410.16 ], [ 282655.46, 4155410.17 ], [ 282655.56, 4155410.19 ], [ 282655.65, 4155410.22 ], [ 282655.74, 4155410.26 ], [ 282662.52, 4155413.7 ], [ 282662.6, 4155413.75 ], [ 282662.68, 4155413.81 ], [ 282662.76, 4155413.87 ], [ 282662.82, 4155413.95 ], [ 282662.88, 4155414.02 ], [ 282662.94, 4155414.11 ], [ 282662.98, 4155414.19 ], [ 282663.01, 4155414.29 ], [ 282663.04, 4155414.38 ], [ 282663.06, 4155414.48 ], [ 282663.06, 4155414.58 ], [ 282663.06, 4155414.67 ], [ 282663.05, 4155414.77 ], [ 282663.03, 4155414.87 ], [ 282662.99, 4155414.96 ], [ 282662.95, 4155415.05 ], [ 282662.33, 4155416.28 ], [ 282662.73, 4155416.33 ], [ 282663.37, 4155414.88 ], [ 282663.41, 4155414.79 ], [ 282663.46, 4155414.71 ], [ 282663.52, 4155414.63 ], [ 282663.59, 4155414.56 ], [ 282663.67, 4155414.49 ], [ 282663.75, 4155414.44 ], [ 282663.83, 4155414.39 ], [ 282663.92, 4155414.35 ], [ 282664.02, 4155414.32 ], [ 282664.11, 4155414.3 ], [ 282664.21, 4155414.28 ], [ 282664.31, 4155414.28 ], [ 282664.4, 4155414.29 ], [ 282664.5, 4155414.31 ], [ 282664.6, 4155414.33 ], [ 282664.69, 4155414.37 ], [ 282665.76, 4155414.84 ], [ 282667.25, 4155413.7 ], [ 282667.33, 4155413.65 ], [ 282667.41, 4155413.6 ], [ 282667.5, 4155413.57 ], [ 282667.59, 4155413.54 ], [ 282667.68, 4155413.51 ], [ 282667.78, 4155413.5 ], [ 282667.87, 4155413.5 ], [ 282667.97, 4155413.51 ], [ 282668.06, 4155413.52 ], [ 282668.15, 4155413.55 ], [ 282668.24, 4155413.58 ], [ 282668.33, 4155413.62 ], [ 282670.41, 4155414.74 ], [ 282670.49, 4155414.79 ], [ 282670.57, 4155414.85 ], [ 282670.65, 4155414.92 ], [ 282670.71, 4155414.99 ], [ 282670.77, 4155415.07 ], [ 282670.82, 4155415.16 ], [ 282670.86, 4155415.25 ], [ 282670.9, 4155415.34 ], [ 282670.92, 4155415.44 ], [ 282670.93, 4155415.54 ], [ 282670.94, 4155415.64 ], [ 282670.93, 4155415.73 ], [ 282670.91, 4155415.83 ], [ 282670.89, 4155415.93 ], [ 282670.85, 4155416.02 ], [ 282670.46, 4155416.91 ], [ 282672.64, 4155417.87 ], [ 282672.73, 4155417.91 ], [ 282672.81, 4155417.96 ], [ 282672.89, 4155418.02 ], [ 282672.96, 4155418.09 ], [ 282673.03, 4155418.17 ], [ 282673.08, 4155418.25 ], [ 282673.13, 4155418.34 ], [ 282673.17, 4155418.43 ], [ 282673.2, 4155418.52 ], [ 282673.22, 4155418.62 ], [ 282673.24, 4155418.72 ], [ 282673.24, 4155418.82 ], [ 282673.23, 4155418.92 ], [ 282673.21, 4155419.01 ], [ 282673.18, 4155419.11 ], [ 282673.15, 4155419.2 ], [ 282673.29, 4155419.32 ], [ 282673.74, 4155420.06 ], [ 282674.49, 4155423.04 ], [ 282678.75, 4155424.78 ], [ 282679.28, 4155423.64 ], [ 282679.32, 4155423.55 ], [ 282679.38, 4155423.47 ], [ 282679.44, 4155423.4 ], [ 282679.51, 4155423.33 ], [ 282679.58, 4155423.26 ], [ 282679.66, 4155423.21 ], [ 282679.75, 4155423.16 ], [ 282679.84, 4155423.12 ], [ 282679.93, 4155423.09 ], [ 282680.02, 4155423.07 ], [ 282680.12, 4155423.06 ], [ 282680.22, 4155423.06 ], [ 282680.32, 4155423.07 ], [ 282680.41, 4155423.09 ], [ 282680.5, 4155423.11 ], [ 282680.59, 4155423.15 ], [ 282681.55, 4155423.58 ], [ 282683.51, 4155419.58 ], [ 282681.3, 4155414.05 ], [ 282669.49, 4155408.63 ], [ 282661.73, 4155408.63 ], [ 282660.71, 4155408.2 ], [ 282658.55, 4155406.05 ], [ 282658.13, 4155405.03 ], [ 282658.13, 4155403.41 ], [ 282649.88, 4155399.63 ], [ 282649.73, 4155399.63 ], [ 282648.71, 4155399.2 ], [ 282648.49, 4155398.99 ], [ 282637.13, 4155393.77 ], [ 282637.13, 4155393.99 ], [ 282636.86, 4155394.85 ], [ 282635.36, 4155396.93 ], [ 282635.24, 4155397.01 ], [ 282636.07, 4155402.27 ], [ 282644.38, 4155405.04 ], [ 282644.96, 4155405.4 ], [ 282645.04, 4155405.49 ] ] ] } },
{ "type": "Feature", "properties": { "id": "richmond_structure:352783", "name": null, "kind": "deck", "sport": null, "surface": null, "pitch_layout": null, "source": "richmond_structures", "source_updated": "2026-09-08T12:07:13.637000Z", "base_z": null, "top_z": null }, "geometry": { "type": "Polygon", "coordinates": [ [ [ 282636.43, 4155420.99 ], [ 282641.96, 4155423.55 ], [ 282642.92, 4155421.19 ], [ 282638.2, 4155418.9 ], [ 282637.04, 4155418.7 ], [ 282636.43, 4155420.99 ] ] ] } },
{ "type": "Feature", "properties": { "id": "richmond_structure:413172", "name": null, "kind": "deck", "sport": null, "surface": null, "pitch_layout": null, "source": "richmond_structures", "source_updated": "2026-09-08T12:07:13.637000Z", "base_z": null, "top_z": null }, "geometry": { "type": "Polygon", "coordinates": [ [ [ 282625.04, 4155426.99 ], [ 282626.41, 4155423.99 ], [ 282623.2, 4155422.52 ], [ 282621.82, 4155425.51 ], [ 282625.04, 4155426.99 ] ] ] } },
{ "type": "Feature", "properties": { "id": "richmond_structure:353987", "name": null, "kind": "deck", "sport": null, "surface": null, "pitch_layout": null, "source": "richmond_structures", "source_updated": "2026-09-08T12:07:13.637000Z", "base_z": null, "top_z": null }, "geometry": { "type": "Polygon", "coordinates": [ [ [ 282644.67, 4155438.59 ], [ 282644.09, 4155439.75 ], [ 282646.14, 4155440.77 ], [ 282646.72, 4155439.61 ], [ 282644.67, 4155438.59 ] ] ] } },
{ "type": "Feature", "properties": { "id": "richmond_structure:353979", "name": null, "kind": "deck", "sport": null, "surface": null, "pitch_layout": null, "source": "richmond_structures", "source_updated": "2026-09-08T12:07:13.637000Z", "base_z": null, "top_z": null }, "geometry": { "type": "Polygon", "coordinates": [ [ [ 282599.03, 4155441.14 ], [ 282597.48, 4155440.23 ], [ 282597.97, 4155438.67 ], [ 282597.09, 4155438.24 ], [ 282594.36, 4155443.88 ], [ 282597.66, 4155444.91 ], [ 282599.03, 4155441.14 ] ] ] } },
{ "type": "Feature", "properties": { "id": "richmond_structure:349851", "name": null, "kind": "deck", "sport": null, "surface": null, "pitch_layout": null, "source": "richmond_structures", "source_updated": "2026-09-08T12:07:13.637000Z", "base_z": null, "top_z": null }, "geometry": { "type": "Polygon", "coordinates": [ [ [ 282639.41, 4155445.17 ], [ 282640.91, 4155442.15 ], [ 282638.59, 4155441.06 ], [ 282635.97, 4155446.49 ], [ 282646.8, 4155451.0 ], [ 282648.33, 4155447.69 ], [ 282646.21, 4155446.73 ], [ 282645.49, 4155448.18 ], [ 282639.41, 4155445.17 ] ] ] } },
{ "type": "Feature", "properties": { "id": "richmond_structure:352673", "name": null, "kind": "deck", "sport": null, "surface": null, "pitch_layout": null, "source": "richmond_structures", "source_updated": "2026-09-08T12:07:13.637000Z", "base_z": null, "top_z": null }, "geometry": { "type": "Polygon", "coordinates": [ [ [ 282585.41, 4155461.07 ], [ 282582.18, 4155459.65 ], [ 282579.62, 4155465.04 ], [ 282583.3, 4155466.79 ], [ 282585.41, 4155461.07 ] ] ] } },
{ "type": "Feature", "properties": { "id": "imagery:groundcover_bare:3160", "name": null, "kind": "groundcover_bare", "sport": null, "surface": null, "pitch_layout": null, "source": "vgin_vbmp+naip+lidar2025", "source_updated": null, "base_z": null, "top_z": null }, "geometry": { "type": "Polygon", "coordinates": [ [ [ 282640.84, 4155479.14 ], [ 282642.78, 4155475.0 ], [ 282642.82, 4155474.91 ], [ 282642.88, 4155474.83 ], [ 282642.94, 4155474.75 ], [ 282643.01, 4155474.68 ], [ 282643.08, 4155474.62 ], [ 282643.16, 4155474.56 ], [ 282643.25, 4155474.52 ], [ 282643.34, 4155474.48 ], [ 282643.44, 4155474.45 ], [ 282643.53, 4155474.43 ], [ 282643.63, 4155474.42 ], [ 282643.73, 4155474.42 ], [ 282643.83, 4155474.43 ], [ 282643.92, 4155474.45 ], [ 282644.02, 4155474.48 ], [ 282644.11, 4155474.51 ], [ 282645.14, 4155475.0 ], [ 282645.48, 4155472.35 ], [ 282644.91, 4155471.93 ], [ 282643.7, 4155470.25 ], [ 282643.62, 4155470.2 ], [ 282643.54, 4155470.14 ], [ 282643.47, 4155470.07 ], [ 282643.41, 4155470.0 ], [ 282643.35, 4155469.92 ], [ 282643.3, 4155469.83 ], [ 282643.26, 4155469.74 ], [ 282643.23, 4155469.65 ], [ 282643.21, 4155469.55 ], [ 282643.2, 4155469.45 ], [ 282643.2, 4155469.35 ], [ 282643.2, 4155469.25 ], [ 282643.21, 4155469.23 ], [ 282643.13, 4155468.99 ], [ 282643.13, 4155462.63 ], [ 282640.13, 4155459.63 ], [ 282635.74, 4155459.63 ], [ 282633.24, 4155460.96 ], [ 282629.31, 4155466.86 ], [ 282629.4, 4155470.32 ], [ 282635.75, 4155478.79 ], [ 282639.27, 4155479.77 ], [ 282640.84, 4155479.14 ] ] ] } },
{ "type": "Feature", "properties": { "id": "richmond_structure:352687", "name": null, "kind": "deck", "sport": null, "surface": null, "pitch_layout": null, "source": "richmond_structures", "source_updated": "2026-09-08T12:07:13.637000Z", "base_z": null, "top_z": null }, "geometry": { "type": "Polygon", "coordinates": [ [ [ 282633.68, 4155469.18 ], [ 282631.17, 4155467.71 ], [ 282628.55, 4155473.42 ], [ 282631.01, 4155474.73 ], [ 282633.68, 4155469.18 ] ] ] } },
{ "type": "Feature", "properties": { "id": "richmond_structure:349855", "name": null, "kind": "deck", "sport": null, "surface": null, "pitch_layout": null, "source": "richmond_structures", "source_updated": "2026-09-08T12:07:13.637000Z", "base_z": null, "top_z": null }, "geometry": { "type": "Polygon", "coordinates": [ [ [ 282634.28, 4155493.42 ], [ 282634.86, 4155493.72 ], [ 282635.49, 4155492.4 ], [ 282637.69, 4155493.45 ], [ 282638.39, 4155491.99 ], [ 282639.28, 4155492.42 ], [ 282639.35, 4155492.03 ], [ 282635.75, 4155490.83 ], [ 282634.28, 4155493.42 ] ] ] } },
{ "type": "Feature", "properties": { "id": "richmond_structure:413185", "name": null, "kind": "deck", "sport": null, "surface": null, "pitch_layout": null, "source": "richmond_structures", "source_updated": "2026-09-08T12:07:13.637000Z", "base_z": null, "top_z": null }, "geometry": { "type": "Polygon", "coordinates": [ [ [ 282735.11, 4155392.75 ], [ 282738.32, 4155386.17 ], [ 282732.6, 4155383.38 ], [ 282729.39, 4155389.97 ], [ 282735.11, 4155392.75 ] ] ] } },
{ "type": "Feature", "properties": { "id": "richmond_structure:242909", "name": null, "kind": "deck", "sport": null, "surface": null, "pitch_layout": null, "source": "richmond_structures", "source_updated": "2026-09-08T12:07:13.637000Z", "base_z": null, "top_z": null }, "geometry": { "type": "Polygon", "coordinates": [ [ [ 282750.0, 4155394.65 ], [ 282746.29, 4155393.02 ], [ 282745.11, 4155395.71 ], [ 282749.67, 4155397.72 ], [ 282750.0, 4155396.98 ], [ 282750.0, 4155394.65 ] ] ] } },
{ "type": "Feature", "properties": { "id": "richmond_structure:242764", "name": null, "kind": "deck", "sport": null, "surface": null, "pitch_layout": null, "source": "richmond_structures", "source_updated": "2026-09-08T12:07:13.637000Z", "base_z": null, "top_z": null }, "geometry": { "type": "Polygon", "coordinates": [ [ [ 282750.0, 4155414.85 ], [ 282750.0, 4155414.36 ], [ 282749.8, 4155414.75 ], [ 282750.0, 4155414.85 ] ] ] } },
{ "type": "Feature", "properties": { "id": "imagery:groundcover_paved:3171", "name": null, "kind": "groundcover_paved", "sport": null, "surface": null, "pitch_layout": null, "source": "vgin_vbmp+naip+lidar2025", "source_updated": null, "base_z": null, "top_z": null }, "geometry": { "type": "Polygon", "coordinates": [ [ [ 282676.13, 4155450.63 ], [ 282673.13, 4155447.63 ], [ 282654.63, 4155447.63 ], [ 282653.41, 4155450.23 ], [ 282653.18, 4155450.66 ], [ 282652.91, 4155451.07 ], [ 282652.61, 4155451.45 ], [ 282652.26, 4155451.8 ], [ 282651.88, 4155452.11 ], [ 282651.48, 4155452.39 ], [ 282651.41, 4155452.42 ], [ 282660.31, 4155456.63 ], [ 282673.13, 4155456.63 ], [ 282676.13, 4155453.63 ], [ 282676.13, 4155450.63 ] ] ] } },
{ "type": "Feature", "properties": { "id": "richmond_structure:413173", "name": null, "kind": "deck", "sport": null, "surface": null, "pitch_layout": null, "source": "richmond_structures", "source_updated": "2026-09-08T12:07:13.637000Z", "base_z": null, "top_z": null }, "geometry": { "type": "Polygon", "coordinates": [ [ [ 282705.08, 4155452.77 ], [ 282705.41, 4155459.38 ], [ 282706.03, 4155461.17 ], [ 282707.23, 4155462.34 ], [ 282708.56, 4155462.47 ], [ 282709.78, 4155461.56 ], [ 282711.93, 4155454.55 ], [ 282709.06, 4155453.23 ], [ 282708.68, 4155454.2 ], [ 282705.08, 4155452.77 ] ] ] } },
{ "type": "Feature", "properties": { "id": "richmond_structure:413174", "name": null, "kind": "deck", "sport": null, "surface": null, "pitch_layout": null, "source": "richmond_structures", "source_updated": "2026-09-08T12:07:13.637000Z", "base_z": null, "top_z": null }, "geometry": { "type": "Polygon", "coordinates": [ [ [ 282740.51, 4155492.25 ], [ 282741.82, 4155489.48 ], [ 282738.23, 4155487.78 ], [ 282736.92, 4155490.55 ], [ 282740.51, 4155492.25 ] ] ] } },
{ "type": "Feature", "properties": { "id": "imagery:groundcover_paved:3471", "name": null, "kind": "groundcover_paved", "sport": null, "surface": null, "pitch_layout": null, "source": "vgin_vbmp+naip+lidar2025", "source_updated": null, "base_z": null, "top_z": null }, "geometry": { "type": "MultiPolygon", "coordinates": [ [ [ [ 282750.0, 4155301.5 ], [ 282750.0, 4155295.76 ], [ 282748.55, 4155297.2 ], [ 282747.53, 4155297.63 ], [ 282741.89, 4155297.63 ], [ 282750.0, 4155301.5 ] ] ], [ [ [ 282730.08, 4155332.95 ], [ 282730.19, 4155333.15 ], [ 282730.38, 4155333.6 ], [ 282730.53, 4155334.07 ], [ 282730.63, 4155334.55 ], [ 282730.69, 4155335.04 ], [ 282730.69, 4155335.53 ], [ 282730.65, 4155336.02 ], [ 282730.56, 4155336.5 ], [ 282730.43, 4155336.97 ], [ 282730.25, 4155337.43 ], [ 282727.3, 4155343.88 ], [ 282727.08, 4155344.31 ], [ 282726.81, 4155344.73 ], [ 282726.5, 4155345.11 ], [ 282726.16, 4155345.46 ], [ 282725.79, 4155345.78 ], [ 282725.38, 4155346.06 ], [ 282724.95, 4155346.29 ], [ 282724.5, 4155346.49 ], [ 282724.03, 4155346.64 ], [ 282724.0, 4155346.64 ], [ 282721.73, 4155351.14 ], [ 282728.84, 4155354.51 ], [ 282749.24, 4155310.66 ], [ 282743.3, 4155307.83 ], [ 282743.32, 4155307.98 ], [ 282743.33, 4155308.47 ], [ 282743.28, 4155308.96 ], [ 282743.2, 4155309.44 ], [ 282743.06, 4155309.92 ], [ 282742.88, 4155310.37 ], [ 282741.13, 4155314.2 ], [ 282740.9, 4155314.64 ], [ 282740.64, 4155315.05 ], [ 282740.33, 4155315.43 ], [ 282740.14, 4155315.63 ], [ 282740.39, 4155315.99 ], [ 282740.59, 4155317.26 ], [ 282739.96, 4155319.13 ], [ 282739.43, 4155319.85 ], [ 282737.35, 4155321.35 ], [ 282736.5, 4155321.63 ], [ 282735.34, 4155321.63 ], [ 282735.33, 4155321.7 ], [ 282735.19, 4155322.17 ], [ 282735.01, 4155322.63 ], [ 282730.82, 4155331.79 ], [ 282730.6, 4155332.22 ], [ 282730.33, 4155332.63 ], [ 282730.08, 4155332.95 ] ] ], [ [ [ 282740.26, 4155359.82 ], [ 282741.79, 4155350.67 ], [ 282742.1, 4155349.99 ], [ 282743.46, 4155348.3 ], [ 282744.06, 4155347.86 ], [ 282747.17, 4155346.61 ], [ 282747.17, 4155346.32 ], [ 282747.22, 4155345.83 ], [ 282747.31, 4155345.35 ], [ 282747.45, 4155344.88 ], [ 282747.64, 4155344.43 ], [ 282749.89, 4155339.64 ], [ 282750.0, 4155339.44 ], [ 282750.0, 4155329.42 ], [ 282736.63, 4155358.15 ], [ 282740.26, 4155359.82 ] ] ], [ [ [ 282605.77, 4155380.09 ], [ 282605.76, 4155380.12 ], [ 282605.72, 4155380.16 ], [ 282605.69, 4155380.21 ], [ 282605.67, 4155380.24 ], [ 282605.65, 4155380.26 ], [ 282605.62, 4155380.3 ], [ 282605.58, 4155380.35 ], [ 282605.56, 4155380.37 ], [ 282605.54, 4155380.4 ], [ 282605.5, 4155380.43 ], [ 282605.46, 4155380.47 ], [ 282605.43, 4155380.49 ], [ 282605.41, 4155380.52 ], [ 282605.36, 4155380.55 ], [ 282605.32, 4155380.59 ], [ 282605.29, 4155380.6 ], [ 282605.27, 4155380.62 ], [ 282605.22, 4155380.65 ], [ 282605.17, 4155380.68 ], [ 282605.14, 4155380.7 ], [ 282605.12, 4155380.72 ], [ 282605.07, 4155380.74 ], [ 282605.02, 4155380.77 ], [ 282604.99, 4155380.78 ], [ 282604.96, 4155380.79 ], [ 282604.91, 4155380.81 ], [ 282604.85, 4155380.84 ], [ 282604.82, 4155380.84 ], [ 282604.79, 4155380.86 ], [ 282604.74, 4155380.87 ], [ 282604.69, 4155380.89 ], [ 282604.65, 4155380.89 ], [ 282604.62, 4155380.9 ], [ 282604.57, 4155380.91 ], [ 282604.51, 4155380.92 ], [ 282604.48, 4155380.92 ], [ 282604.45, 4155380.93 ], [ 282604.39, 4155380.93 ], [ 282604.34, 4155380.94 ], [ 282604.3, 4155380.94 ], [ 282604.27, 4155380.94 ], [ 282604.22, 4155380.94 ], [ 282604.16, 4155380.94 ], [ 282604.13, 4155380.94 ], [ 282604.09, 4155380.93 ], [ 282604.04, 4155380.93 ], [ 282603.98, 4155380.92 ], [ 282603.95, 4155380.92 ], [ 282603.92, 4155380.91 ], [ 282603.87, 4155380.9 ], [ 282603.81, 4155380.89 ], [ 282603.78, 4155380.88 ], [ 282603.75, 4155380.87 ], [ 282603.7, 4155380.85 ], [ 282603.64, 4155380.84 ], [ 282603.61, 4155380.82 ], [ 282603.58, 4155380.81 ], [ 282603.53, 4155380.79 ], [ 282603.48, 4155380.77 ], [ 282603.45, 4155380.75 ], [ 282603.42, 4155380.74 ], [ 282602.17, 4155380.09 ], [ 282601.42, 4155381.66 ], [ 282599.48, 4155385.99 ], [ 282599.73, 4155385.7 ], [ 282600.08, 4155385.36 ], [ 282600.46, 4155385.05 ], [ 282600.88, 4155384.78 ], [ 282601.09, 4155384.67 ], [ 282601.12, 4155384.63 ], [ 282601.46, 4155384.28 ], [ 282601.83, 4155383.95 ], [ 282602.23, 4155383.67 ], [ 282602.66, 4155383.43 ], [ 282603.1, 4155383.23 ], [ 282603.57, 4155383.07 ], [ 282604.05, 4155382.96 ], [ 282604.54, 4155382.9 ], [ 282605.03, 4155382.89 ], [ 282605.52, 4155382.92 ], [ 282606.0, 4155383.0 ], [ 282606.48, 4155383.13 ], [ 282606.93, 4155383.31 ], [ 282615.49, 4155387.08 ], [ 282615.93, 4155387.31 ], [ 282616.35, 4155387.57 ], [ 282616.75, 4155387.88 ], [ 282617.1, 4155388.22 ], [ 282617.43, 4155388.6 ], [ 282617.71, 4155389.01 ], [ 282617.95, 4155389.45 ], [ 282618.15, 4155389.9 ], [ 282618.3, 4155390.38 ], [ 282618.41, 4155390.86 ], [ 282618.46, 4155391.36 ], [ 282618.47, 4155391.85 ], [ 282618.42, 4155392.35 ], [ 282618.33, 4155392.84 ], [ 282618.28, 4155392.99 ], [ 282618.44, 4155393.04 ], [ 282624.55, 4155395.17 ], [ 282625.0, 4155395.35 ], [ 282625.43, 4155395.57 ], [ 282625.84, 4155395.84 ], [ 282626.22, 4155396.15 ], [ 282626.57, 4155396.49 ], [ 282626.83, 4155396.8 ], [ 282628.84, 4155397.71 ], [ 282629.04, 4155397.81 ], [ 282629.34, 4155397.78 ], [ 282629.83, 4155397.78 ], [ 282630.05, 4155397.81 ], [ 282630.32, 4155397.7 ], [ 282630.79, 4155397.56 ], [ 282631.27, 4155397.46 ], [ 282631.76, 4155397.42 ], [ 282632.25, 4155397.42 ], [ 282632.74, 4155397.47 ], [ 282633.22, 4155397.57 ], [ 282633.69, 4155397.71 ], [ 282634.14, 4155397.9 ], [ 282634.36, 4155398.01 ], [ 282635.47, 4155397.45 ], [ 282637.13, 4155394.77 ], [ 282637.13, 4155394.22 ], [ 282637.29, 4155393.84 ], [ 282608.4, 4155380.58 ], [ 282608.31, 4155380.54 ], [ 282606.08, 4155379.48 ], [ 282605.87, 4155379.91 ], [ 282605.86, 4155379.94 ], [ 282605.84, 4155379.97 ], [ 282605.82, 4155380.02 ], [ 282605.79, 4155380.06 ], [ 282605.77, 4155380.09 ] ] ], [ [ [ 282746.87, 4155381.26 ], [ 282746.68, 4155379.99 ], [ 282749.71, 4155370.88 ], [ 282734.06, 4155363.69 ], [ 282715.46, 4155403.69 ], [ 282715.64, 4155403.76 ], [ 282718.07, 4155404.25 ], [ 282718.27, 4155404.3 ], [ 282718.47, 4155404.37 ], [ 282739.24, 4155413.86 ], [ 282739.26, 4155413.73 ], [ 282737.41, 4155412.92 ], [ 282736.97, 4155412.7 ], [ 282736.56, 4155412.44 ], [ 282736.17, 4155412.14 ], [ 282735.82, 4155411.8 ], [ 282735.49, 4155411.43 ], [ 282735.21, 4155411.03 ], [ 282734.97, 4155410.61 ], [ 282734.77, 4155410.16 ], [ 282734.63, 4155409.75 ], [ 282734.4, 4155409.49 ], [ 282734.12, 4155409.09 ], [ 282733.88, 4155408.66 ], [ 282733.68, 4155408.21 ], [ 282733.52, 4155407.75 ], [ 282733.41, 4155407.27 ], [ 282733.37, 4155406.93 ], [ 282733.06, 4155407.06 ], [ 282732.59, 4155407.2 ], [ 282732.11, 4155407.29 ], [ 282731.62, 4155407.33 ], [ 282731.13, 4155407.32 ], [ 282730.64, 4155407.27 ], [ 282730.16, 4155407.17 ], [ 282729.69, 4155407.02 ], [ 282729.24, 4155406.83 ], [ 282721.47, 4155403.05 ], [ 282721.04, 4155402.81 ], [ 282720.63, 4155402.53 ], [ 282720.26, 4155402.22 ], [ 282719.91, 4155401.87 ], [ 282719.61, 4155401.48 ], [ 282719.34, 4155401.07 ], [ 282719.11, 4155400.64 ], [ 282718.93, 4155400.18 ], [ 282718.79, 4155399.71 ], [ 282718.7, 4155399.23 ], [ 282718.66, 4155398.74 ], [ 282718.66, 4155398.25 ], [ 282718.72, 4155397.76 ], [ 282718.82, 4155397.28 ], [ 282718.97, 4155396.81 ], [ 282719.16, 4155396.36 ], [ 282724.0, 4155386.42 ], [ 282724.24, 4155385.99 ], [ 282724.52, 4155385.58 ], [ 282724.83, 4155385.21 ], [ 282725.18, 4155384.86 ], [ 282725.57, 4155384.56 ], [ 282725.98, 4155384.29 ], [ 282726.41, 4155384.06 ], [ 282726.87, 4155383.88 ], [ 282727.34, 4155383.74 ], [ 282727.82, 4155383.65 ], [ 282728.31, 4155383.61 ], [ 282728.8, 4155383.61 ], [ 282729.29, 4155383.67 ], [ 282729.77, 4155383.77 ], [ 282730.23, 4155383.92 ], [ 282730.69, 4155384.11 ], [ 282738.46, 4155387.89 ], [ 282738.89, 4155388.13 ], [ 282739.3, 4155388.41 ], [ 282739.67, 4155388.72 ], [ 282740.02, 4155389.07 ], [ 282740.32, 4155389.46 ], [ 282740.59, 4155389.87 ], [ 282740.61, 4155389.91 ], [ 282740.96, 4155389.83 ], [ 282741.44, 4155389.77 ], [ 282741.92, 4155389.76 ], [ 282742.18, 4155389.64 ], [ 282742.64, 4155389.48 ], [ 282743.12, 4155389.37 ], [ 282743.61, 4155389.31 ], [ 282744.1, 4155389.3 ], [ 282744.59, 4155389.33 ], [ 282745.08, 4155389.42 ], [ 282745.55, 4155389.55 ], [ 282746.01, 4155389.72 ], [ 282750.0, 4155391.48 ], [ 282750.0, 4155384.62 ], [ 282748.87, 4155384.04 ], [ 282746.87, 4155381.26 ] ], [ [ 282730.55, 4155379.05 ], [ 282730.13, 4155378.03 ], [ 282730.13, 4155376.22 ], [ 282730.55, 4155375.2 ], [ 282732.71, 4155373.05 ], [ 282733.73, 4155372.63 ], [ 282735.53, 4155372.63 ], [ 282736.55, 4155373.05 ], [ 282738.71, 4155375.2 ], [ 282739.13, 4155376.22 ], [ 282739.13, 4155378.03 ], [ 282738.71, 4155379.05 ], [ 282736.55, 4155381.2 ], [ 282735.53, 4155381.63 ], [ 282733.73, 4155381.63 ], [ 282732.71, 4155381.2 ], [ 282730.55, 4155379.05 ] ] ], [ [ [ 282596.16, 4155406.66 ], [ 282595.93, 4155406.22 ], [ 282595.75, 4155405.77 ], [ 282595.61, 4155405.3 ], [ 282595.52, 4155404.82 ], [ 282595.48, 4155404.33 ], [ 282595.49, 4155403.84 ], [ 282595.54, 4155403.35 ], [ 282595.64, 4155402.87 ], [ 282595.64, 4155402.86 ], [ 282595.62, 4155402.85 ], [ 282595.24, 4155402.53 ], [ 282594.9, 4155402.18 ], [ 282594.59, 4155401.8 ], [ 282594.33, 4155401.39 ], [ 282594.1, 4155400.95 ], [ 282593.92, 4155400.5 ], [ 282593.78, 4155400.03 ], [ 282593.69, 4155399.55 ], [ 282593.65, 4155399.08 ], [ 282584.05, 4155420.61 ], [ 282584.81, 4155420.96 ], [ 282584.88, 4155420.91 ], [ 282585.03, 4155420.82 ], [ 282585.19, 4155420.74 ], [ 282585.36, 4155420.68 ], [ 282585.53, 4155420.63 ], [ 282585.7, 4155420.61 ], [ 282585.88, 4155420.6 ], [ 282586.06, 4155420.6 ], [ 282586.23, 4155420.63 ], [ 282586.4, 4155420.67 ], [ 282586.57, 4155420.72 ], [ 282586.73, 4155420.8 ], [ 282586.88, 4155420.89 ], [ 282587.03, 4155420.99 ], [ 282587.16, 4155421.11 ], [ 282587.28, 4155421.24 ], [ 282587.39, 4155421.38 ], [ 282587.48, 4155421.53 ], [ 282587.56, 4155421.69 ], [ 282587.62, 4155421.85 ], [ 282587.66, 4155422.02 ], [ 282587.69, 4155422.2 ], [ 282587.7, 4155422.31 ], [ 282603.91, 4155429.97 ], [ 282606.09, 4155425.57 ], [ 282606.04, 4155425.54 ], [ 282599.39, 4155418.88 ], [ 282599.04, 4155418.33 ], [ 282598.4, 4155416.51 ], [ 282598.33, 4155415.86 ], [ 282599.09, 4155409.02 ], [ 282598.28, 4155408.63 ], [ 282597.86, 4155408.39 ], [ 282597.45, 4155408.12 ], [ 282597.08, 4155407.8 ], [ 282596.73, 4155407.45 ], [ 282596.43, 4155407.07 ], [ 282596.16, 4155406.66 ] ] ], [ [ [ 282694.51, 4155422.45 ], [ 282694.51, 4155422.28 ], [ 282694.52, 4155422.1 ], [ 282694.55, 4155421.93 ], [ 282694.6, 4155421.75 ], [ 282694.66, 4155421.59 ], [ 282694.74, 4155421.43 ], [ 282694.84, 4155421.28 ], [ 282694.94, 4155421.14 ], [ 282695.07, 4155421.02 ], [ 282695.2, 4155420.9 ], [ 282695.34, 4155420.8 ], [ 282695.5, 4155420.71 ], [ 282695.66, 4155420.64 ], [ 282680.87, 4155413.85 ], [ 282682.85, 4155419.77 ], [ 282689.35, 4155422.69 ], [ 282689.79, 4155422.91 ], [ 282690.2, 4155423.18 ], [ 282690.59, 4155423.49 ], [ 282690.95, 4155423.83 ], [ 282691.27, 4155424.21 ], [ 282691.55, 4155424.61 ], [ 282691.79, 4155425.05 ], [ 282691.99, 4155425.5 ], [ 282692.14, 4155425.97 ], [ 282692.24, 4155426.46 ], [ 282692.29, 4155426.95 ], [ 282692.3, 4155427.45 ], [ 282692.25, 4155427.94 ], [ 282692.16, 4155428.43 ], [ 282692.02, 4155428.9 ], [ 282691.83, 4155429.36 ], [ 282685.68, 4155442.59 ], [ 282685.45, 4155443.02 ], [ 282685.18, 4155443.43 ], [ 282685.13, 4155443.5 ], [ 282685.13, 4155449.28 ], [ 282696.6, 4155424.41 ], [ 282695.58, 4155423.96 ], [ 282695.42, 4155423.88 ], [ 282695.27, 4155423.79 ], [ 282695.13, 4155423.68 ], [ 282695.01, 4155423.56 ], [ 282694.89, 4155423.43 ], [ 282694.79, 4155423.28 ], [ 282694.7, 4155423.13 ], [ 282694.63, 4155422.97 ], [ 282694.57, 4155422.8 ], [ 282694.54, 4155422.63 ], [ 282694.51, 4155422.45 ] ] ] ] } },
{ "type": "Feature", "properties": { "id": "richmond_structure:352685", "name": null, "kind": "deck", "sport": null, "surface": null, "pitch_layout": null, "source": "richmond_structures", "source_updated": "2026-09-08T12:07:13.637000Z", "base_z": null, "top_z": null }, "geometry": { "type": "Polygon", "coordinates": [ [ [ 282585.49, 4155378.41 ], [ 282579.74, 4155375.78 ], [ 282579.66, 4155375.99 ], [ 282578.33, 4155375.8 ], [ 282577.01, 4155377.87 ], [ 282578.3, 4155378.35 ], [ 282578.62, 4155377.64 ], [ 282584.88, 4155380.49 ], [ 282585.49, 4155378.41 ] ] ] } },
{ "type": "Feature", "properties": { "id": "richmond_structure:353962", "name": null, "kind": "deck", "sport": null, "surface": null, "pitch_layout": null, "source": "richmond_structures", "source_updated": "2026-09-08T12:07:13.637000Z", "base_z": null, "top_z": null }, "geometry": { "type": "Polygon", "coordinates": [ [ [ 282565.19, 4155382.96 ], [ 282565.86, 4155381.79 ], [ 282562.82, 4155380.38 ], [ 282562.35, 4155381.63 ], [ 282565.19, 4155382.96 ] ] ] } },
{ "type": "Feature", "properties": { "id": "richmond_structure:352702", "name": null, "kind": "deck", "sport": null, "surface": null, "pitch_layout": null, "source": "richmond_structures", "source_updated": "2026-09-08T12:07:13.637000Z", "base_z": null, "top_z": null }, "geometry": { "type": "Polygon", "coordinates": [ [ [ 282544.44, 4155378.91 ], [ 282543.49, 4155378.95 ], [ 282541.87, 4155382.9 ], [ 282547.3, 4155385.48 ], [ 282549.32, 4155381.54 ], [ 282544.33, 4155379.18 ], [ 282544.44, 4155378.91 ] ] ] } },
{ "type": "Feature", "properties": { "id": "richmond_structure:413184", "name": null, "kind": "deck", "sport": null, "surface": null, "pitch_layout": null, "source": "richmond_structures", "source_updated": "2026-09-08T12:07:13.637000Z", "base_z": null, "top_z": null }, "geometry": { "type": "Polygon", "coordinates": [ [ [ 282500.0, 4155399.6 ], [ 282504.25, 4155401.37 ], [ 282506.29, 4155396.49 ], [ 282500.69, 4155394.15 ], [ 282500.0, 4155395.81 ], [ 282500.0, 4155399.6 ] ] ] } },
{ "type": "Feature", "properties": { "id": "richmond_structure:354054", "name": null, "kind": "deck", "sport": null, "surface": null, "pitch_layout": null, "source": "richmond_structures", "source_updated": "2026-09-08T12:07:13.637000Z", "base_z": null, "top_z": null }, "geometry": { "type": "Polygon", "coordinates": [ [ [ 282540.65, 4155417.28 ], [ 282541.67, 4155417.77 ], [ 282545.03, 4155410.75 ], [ 282544.02, 4155410.26 ], [ 282540.65, 4155417.28 ] ] ] } },
{ "type": "Feature", "properties": { "id": "richmond_structure:413123", "name": null, "kind": "deck", "sport": null, "surface": null, "pitch_layout": null, "source": "richmond_structures", "source_updated": "2026-09-08T12:07:13.637000Z", "base_z": null, "top_z": null }, "geometry": { "type": "Polygon", "coordinates": [ [ [ 282506.94, 4155417.96 ], [ 282505.44, 4155420.08 ], [ 282505.36, 4155421.4 ], [ 282508.71, 4155423.54 ], [ 282510.66, 4155423.08 ], [ 282511.9, 4155422.29 ], [ 282512.39, 4155419.6 ], [ 282507.72, 4155417.6 ], [ 282507.27, 4155418.15 ], [ 282506.94, 4155417.96 ] ] ] } },
{ "type": "Feature", "properties": { "id": "richmond_structure:353986", "name": null, "kind": "deck", "sport": null, "surface": null, "pitch_layout": null, "source": "richmond_structures", "source_updated": "2026-09-08T12:07:13.637000Z", "base_z": null, "top_z": null }, "geometry": { "type": "Polygon", "coordinates": [ [ [ 282533.82, 4155434.21 ], [ 282538.38, 4155437.29 ], [ 282539.38, 4155436.43 ], [ 282542.54, 4155429.9 ], [ 282535.97, 4155427.59 ], [ 282533.82, 4155434.21 ] ] ] } },
{ "type": "Feature", "properties": { "id": "richmond_structure:413182", "name": null, "kind": "deck", "sport": null, "surface": null, "pitch_layout": null, "source": "richmond_structures", "source_updated": "2026-09-08T12:07:13.637000Z", "base_z": null, "top_z": null }, "geometry": { "type": "Polygon", "coordinates": [ [ [ 282520.48, 4155472.33 ], [ 282521.85, 4155469.49 ], [ 282517.42, 4155467.35 ], [ 282516.05, 4155470.19 ], [ 282520.48, 4155472.33 ] ] ] } },
{ "type": "Feature", "properties": { "id": "imagery:groundcover_lawn:3468", "name": null, "kind": "groundcover_lawn", "sport": null, "surface": null, "pitch_layout": null, "source": "vgin_vbmp+naip+lidar2025", "source_updated": null, "base_z": null, "top_z": null }, "geometry": { "type": "MultiPolygon", "coordinates": [ [ [ [ 282697.28, 4155252.99 ], [ 282697.3, 4155253.08 ], [ 282697.31, 4155253.18 ], [ 282697.31, 4155253.28 ], [ 282697.3, 4155253.38 ], [ 282697.29, 4155253.47 ], [ 282697.26, 4155253.57 ], [ 282697.22, 4155253.66 ], [ 282697.13, 4155253.86 ], [ 282697.13, 4155257.09 ], [ 282696.59, 4155258.21 ], [ 282693.95, 4155260.27 ], [ 282692.73, 4155260.53 ], [ 282687.47, 4155259.21 ], [ 282684.05, 4155260.78 ], [ 282683.15, 4155262.59 ], [ 282682.6, 4155263.19 ], [ 282681.91, 4155263.62 ], [ 282681.88, 4155263.64 ], [ 282681.81, 4155263.71 ], [ 282681.73, 4155263.76 ], [ 282681.64, 4155263.81 ], [ 282681.55, 4155263.85 ], [ 282681.53, 4155263.85 ], [ 282680.38, 4155264.56 ], [ 282679.29, 4155267.75 ], [ 282683.72, 4155269.86 ], [ 282692.99, 4155268.32 ], [ 282694.14, 4155268.64 ], [ 282694.84, 4155269.23 ], [ 282694.86, 4155269.18 ], [ 282694.89, 4155269.09 ], [ 282694.94, 4155269.0 ], [ 282697.29, 4155264.87 ], [ 282697.34, 4155264.78 ], [ 282697.4, 4155264.71 ], [ 282697.47, 4155264.64 ], [ 282697.54, 4155264.57 ], [ 282697.62, 4155264.52 ], [ 282697.71, 4155264.47 ], [ 282697.8, 4155264.43 ], [ 282697.89, 4155264.4 ], [ 282697.99, 4155264.38 ], [ 282698.09, 4155264.36 ], [ 282698.18, 4155264.36 ], [ 282698.28, 4155264.37 ], [ 282698.38, 4155264.39 ], [ 282698.47, 4155264.41 ], [ 282698.57, 4155264.45 ], [ 282698.65, 4155264.49 ], [ 282702.25, 4155266.55 ], [ 282702.34, 4155266.61 ], [ 282702.41, 4155266.67 ], [ 282702.48, 4155266.73 ], [ 282702.55, 4155266.81 ], [ 282702.6, 4155266.89 ], [ 282702.65, 4155266.97 ], [ 282702.69, 4155267.06 ], [ 282702.72, 4155267.16 ], [ 282702.74, 4155267.25 ], [ 282702.75, 4155267.35 ], [ 282702.76, 4155267.45 ], [ 282702.75, 4155267.55 ], [ 282702.73, 4155267.64 ], [ 282702.71, 4155267.74 ], [ 282702.67, 4155267.83 ], [ 282702.63, 4155267.92 ], [ 282700.28, 4155272.05 ], [ 282700.22, 4155272.14 ], [ 282700.16, 4155272.21 ], [ 282700.09, 4155272.28 ], [ 282700.02, 4155272.35 ], [ 282699.94, 4155272.4 ], [ 282699.85, 4155272.45 ], [ 282699.76, 4155272.49 ], [ 282699.67, 4155272.52 ], [ 282699.57, 4155272.54 ], [ 282699.48, 4155272.56 ], [ 282699.38, 4155272.56 ], [ 282699.28, 4155272.55 ], [ 282699.18, 4155272.53 ], [ 282699.09, 4155272.51 ], [ 282699.0, 4155272.47 ], [ 282698.91, 4155272.43 ], [ 282696.87, 4155271.26 ], [ 282697.13, 4155271.83 ], [ 282697.13, 4155276.26 ], [ 282702.7, 4155278.92 ], [ 282707.28, 4155268.71 ], [ 282707.04, 4155268.33 ], [ 282706.4, 4155266.51 ], [ 282706.33, 4155265.86 ], [ 282707.66, 4155253.84 ], [ 282707.29, 4155253.68 ], [ 282707.2, 4155253.64 ], [ 282707.11, 4155253.59 ], [ 282707.04, 4155253.53 ], [ 282706.96, 4155253.46 ], [ 282706.9, 4155253.39 ], [ 282706.84, 4155253.31 ], [ 282706.79, 4155253.23 ], [ 282706.75, 4155253.14 ], [ 282706.72, 4155253.04 ], [ 282706.7, 4155252.95 ], [ 282706.68, 4155252.85 ], [ 282706.68, 4155252.75 ], [ 282706.69, 4155252.65 ], [ 282706.7, 4155252.56 ], [ 282706.73, 4155252.46 ], [ 282706.76, 4155252.37 ], [ 282707.77, 4155250.0 ], [ 282694.44, 4155250.0 ], [ 282694.55, 4155250.05 ], [ 282696.71, 4155252.2 ], [ 282696.78, 4155252.37 ], [ 282696.8, 4155252.38 ], [ 282696.89, 4155252.43 ], [ 282696.97, 4155252.49 ], [ 282697.04, 4155252.56 ], [ 282697.1, 4155252.64 ], [ 282697.16, 4155252.72 ], [ 282697.21, 4155252.8 ], [ 282697.25, 4155252.89 ], [ 282697.28, 4155252.99 ] ] ], [ [ [ 282514.89, 4155251.73 ], [ 282510.57, 4155250.0 ], [ 282504.25, 4155250.0 ], [ 282518.91, 4155256.59 ], [ 282521.94, 4155250.0 ], [ 282519.76, 4155250.0 ], [ 282518.84, 4155250.92 ], [ 282518.1, 4155251.32 ], [ 282515.73, 4155251.8 ], [ 282514.89, 4155251.73 ] ] ], [ [ [ 282548.06, 4155252.23 ], [ 282548.15, 4155252.19 ], [ 282548.25, 4155252.16 ], [ 282548.34, 4155252.13 ], [ 282548.44, 4155252.12 ], [ 282548.54, 4155252.12 ], [ 282548.63, 4155252.13 ], [ 282548.73, 4155252.14 ], [ 282548.83, 4155252.17 ], [ 282548.92, 4155252.2 ], [ 282551.01, 4155253.12 ], [ 282552.12, 4155250.6 ], [ 282552.12, 4155250.59 ], [ 282551.82, 4155250.0 ], [ 282543.49, 4155250.0 ], [ 282538.56, 4155260.61 ], [ 282539.29, 4155261.63 ], [ 282541.13, 4155261.63 ], [ 282543.9, 4155259.77 ], [ 282544.55, 4155258.2 ], [ 282545.69, 4155257.07 ], [ 282547.6, 4155252.72 ], [ 282547.64, 4155252.63 ], [ 282547.7, 4155252.55 ], [ 282547.76, 4155252.47 ], [ 282547.82, 4155252.4 ], [ 282547.9, 4155252.33 ], [ 282547.98, 4155252.28 ], [ 282548.06, 4155252.23 ] ] ], [ [ [ 282604.36, 4155278.18 ], [ 282604.45, 4155278.13 ], [ 282604.54, 4155278.09 ], [ 282604.63, 4155278.06 ], [ 282604.73, 4155278.04 ], [ 282604.83, 4155278.03 ], [ 282604.92, 4155278.03 ], [ 282605.02, 4155278.04 ], [ 282605.12, 4155278.05 ], [ 282605.21, 4155278.08 ], [ 282605.3, 4155278.12 ], [ 282610.4, 4155280.43 ], [ 282613.13, 4155278.46 ], [ 282613.13, 4155278.2 ], [ 282612.96, 4155278.13 ], [ 282612.87, 4155278.08 ], [ 282612.79, 4155278.03 ], [ 282612.72, 4155277.97 ], [ 282612.65, 4155277.9 ], [ 282612.58, 4155277.82 ], [ 282612.53, 4155277.74 ], [ 282612.48, 4155277.66 ], [ 282612.44, 4155277.57 ], [ 282612.41, 4155277.47 ], [ 282612.39, 4155277.38 ], [ 282612.38, 4155277.28 ], [ 282612.38, 4155277.18 ], [ 282612.39, 4155277.08 ], [ 282612.4, 4155276.99 ], [ 282612.43, 4155276.89 ], [ 282612.47, 4155276.8 ], [ 282613.13, 4155275.35 ], [ 282613.13, 4155274.93 ], [ 282613.22, 4155274.44 ], [ 282613.7, 4155273.04 ], [ 282613.95, 4155272.61 ], [ 282614.97, 4155271.33 ], [ 282615.72, 4155269.68 ], [ 282615.77, 4155269.59 ], [ 282615.82, 4155269.51 ], [ 282615.88, 4155269.43 ], [ 282615.95, 4155269.36 ], [ 282616.03, 4155269.3 ], [ 282616.11, 4155269.24 ], [ 282616.19, 4155269.19 ], [ 282616.28, 4155269.16 ], [ 282616.38, 4155269.13 ], [ 282616.47, 4155269.11 ], [ 282616.57, 4155269.09 ], [ 282616.67, 4155269.09 ], [ 282616.75, 4155269.1 ], [ 282620.97, 4155263.83 ], [ 282620.75, 4155263.73 ], [ 282620.66, 4155263.69 ], [ 282620.58, 4155263.64 ], [ 282620.5, 4155263.58 ], [ 282620.43, 4155263.52 ], [ 282620.36, 4155263.44 ], [ 282620.3, 4155263.36 ], [ 282620.25, 4155263.28 ], [ 282620.21, 4155263.19 ], [ 282620.18, 4155263.1 ], [ 282620.16, 4155263.0 ], [ 282620.14, 4155262.91 ], [ 282620.14, 4155262.81 ], [ 282620.14, 4155262.71 ], [ 282620.16, 4155262.61 ], [ 282620.18, 4155262.52 ], [ 282620.22, 4155262.42 ], [ 282621.38, 4155259.65 ], [ 282621.42, 4155259.56 ], [ 282621.48, 4155259.48 ], [ 282621.53, 4155259.4 ], [ 282621.6, 4155259.33 ], [ 282621.67, 4155259.26 ], [ 282621.75, 4155259.21 ], [ 282621.84, 4155259.16 ], [ 282621.92, 4155259.11 ], [ 282622.02, 4155259.08 ], [ 282622.11, 4155259.06 ], [ 282622.21, 4155259.04 ], [ 282622.31, 4155259.04 ], [ 282622.4, 4155259.04 ], [ 282622.5, 4155259.06 ], [ 282622.6, 4155259.08 ], [ 282622.69, 4155259.12 ], [ 282623.07, 4155259.28 ], [ 282623.67, 4155257.86 ], [ 282623.71, 4155257.77 ], [ 282623.76, 4155257.69 ], [ 282623.82, 4155257.61 ], [ 282623.89, 4155257.54 ], [ 282623.96, 4155257.47 ], [ 282624.04, 4155257.41 ], [ 282624.13, 4155257.36 ], [ 282624.21, 4155257.32 ], [ 282624.31, 4155257.29 ], [ 282624.4, 4155257.26 ], [ 282624.5, 4155257.25 ], [ 282624.6, 4155257.25 ], [ 282624.7, 4155257.25 ], [ 282624.75, 4155257.26 ], [ 282624.77, 4155257.18 ], [ 282623.23, 4155251.03 ], [ 282623.27, 4155250.83 ], [ 282621.51, 4155250.0 ], [ 282612.62, 4155250.0 ], [ 282613.43, 4155250.35 ], [ 282613.52, 4155250.39 ], [ 282613.6, 4155250.44 ], [ 282613.68, 4155250.5 ], [ 282613.75, 4155250.57 ], [ 282613.82, 4155250.64 ], [ 282613.87, 4155250.72 ], [ 282613.92, 4155250.8 ], [ 282613.96, 4155250.89 ], [ 282614.0, 4155250.99 ], [ 282614.02, 4155251.08 ], [ 282614.03, 4155251.18 ], [ 282614.03, 4155251.28 ], [ 282614.03, 4155251.37 ], [ 282614.01, 4155251.47 ], [ 282613.99, 4155251.57 ], [ 282613.95, 4155251.66 ], [ 282611.9, 4155256.45 ], [ 282611.86, 4155256.54 ], [ 282611.81, 4155256.62 ], [ 282611.75, 4155256.7 ], [ 282611.68, 4155256.77 ], [ 282611.61, 4155256.84 ], [ 282611.53, 4155256.9 ], [ 282611.45, 4155256.95 ], [ 282611.36, 4155256.99 ], [ 282611.26, 4155257.02 ], [ 282611.17, 4155257.04 ], [ 282611.07, 4155257.06 ], [ 282610.97, 4155257.06 ], [ 282610.87, 4155257.05 ], [ 282610.78, 4155257.04 ], [ 282610.68, 4155257.01 ], [ 282610.59, 4155256.98 ], [ 282607.42, 4155255.62 ], [ 282607.33, 4155255.58 ], [ 282607.24, 4155255.52 ], [ 282607.17, 4155255.46 ], [ 282607.09, 4155255.4 ], [ 282607.03, 4155255.32 ], [ 282606.97, 4155255.24 ], [ 282606.92, 4155255.16 ], [ 282606.88, 4155255.07 ], [ 282606.85, 4155254.98 ], [ 282606.83, 4155254.88 ], [ 282606.81, 4155254.79 ], [ 282606.81, 4155254.69 ], [ 282606.82, 4155254.59 ], [ 282606.83, 4155254.49 ], [ 282606.86, 4155254.4 ], [ 282606.89, 4155254.31 ], [ 282608.73, 4155250.0 ], [ 282562.91, 4155250.0 ], [ 282562.75, 4155250.34 ], [ 282562.7, 4155250.43 ], [ 282562.65, 4155250.51 ], [ 282562.59, 4155250.59 ], [ 282562.52, 4155250.66 ], [ 282562.45, 4155250.72 ], [ 282562.37, 4155250.78 ], [ 282562.28, 4155250.83 ], [ 282562.19, 4155250.86 ], [ 282562.1, 4155250.89 ], [ 282562.0, 4155250.91 ], [ 282561.9, 4155250.93 ], [ 282561.81, 4155250.93 ], [ 282561.71, 4155250.92 ], [ 282561.62, 4155250.9 ], [ 282560.0, 4155252.28 ], [ 282559.06, 4155252.63 ], [ 282557.37, 4155252.63 ], [ 282554.6, 4155254.48 ], [ 282554.65, 4155254.73 ], [ 282557.83, 4155256.12 ], [ 282557.92, 4155256.17 ], [ 282558.0, 4155256.22 ], [ 282558.08, 4155256.28 ], [ 282558.15, 4155256.35 ], [ 282558.21, 4155256.42 ], [ 282558.27, 4155256.5 ], [ 282558.32, 4155256.59 ], [ 282558.36, 4155256.68 ], [ 282558.39, 4155256.77 ], [ 282558.41, 4155256.86 ], [ 282558.42, 4155256.96 ], [ 282558.43, 4155257.06 ], [ 282558.42, 4155257.16 ], [ 282558.4, 4155257.25 ], [ 282558.38, 4155257.35 ], [ 282558.34, 4155257.44 ], [ 282556.13, 4155262.49 ], [ 282556.13, 4155264.03 ], [ 282555.71, 4155265.05 ], [ 282554.45, 4155266.31 ], [ 282554.28, 4155266.69 ], [ 282554.11, 4155267.87 ], [ 282553.8, 4155267.78 ], [ 282553.73, 4155267.93 ], [ 282553.69, 4155268.02 ], [ 282553.64, 4155268.1 ], [ 282553.58, 4155268.18 ], [ 282553.51, 4155268.25 ], [ 282553.44, 4155268.32 ], [ 282553.36, 4155268.37 ], [ 282553.27, 4155268.42 ], [ 282553.18, 4155268.46 ], [ 282553.09, 4155268.49 ], [ 282552.99, 4155268.52 ], [ 282552.9, 4155268.53 ], [ 282552.8, 4155268.53 ], [ 282552.7, 4155268.52 ], [ 282552.6, 4155268.51 ], [ 282552.51, 4155268.48 ], [ 282552.42, 4155268.45 ], [ 282551.81, 4155268.18 ], [ 282550.32, 4155270.96 ], [ 282554.95, 4155273.09 ], [ 282555.77, 4155272.75 ], [ 282556.13, 4155272.38 ], [ 282556.25, 4155271.14 ], [ 282557.03, 4155271.5 ], [ 282559.39, 4155271.03 ], [ 282560.78, 4155271.61 ], [ 282561.88, 4155273.26 ], [ 282562.13, 4155274.07 ], [ 282562.13, 4155276.39 ], [ 282597.53, 4155292.68 ], [ 282599.06, 4155289.35 ], [ 282598.64, 4155287.65 ], [ 282598.65, 4155286.9 ], [ 282599.23, 4155284.8 ], [ 282599.61, 4155284.15 ], [ 282602.52, 4155281.23 ], [ 282602.87, 4155281.04 ], [ 282603.98, 4155278.61 ], [ 282604.03, 4155278.52 ], [ 282604.08, 4155278.44 ], [ 282604.14, 4155278.37 ], [ 282604.21, 4155278.3 ], [ 282604.28, 4155278.23 ], [ 282604.36, 4155278.18 ] ], [ [ 282598.51, 4155265.8 ], [ 282598.46, 4155265.88 ], [ 282598.39, 4155265.96 ], [ 282598.32, 4155266.03 ], [ 282598.25, 4155266.09 ], [ 282598.16, 4155266.14 ], [ 282598.08, 4155266.19 ], [ 282597.99, 4155266.23 ], [ 282597.89, 4155266.25 ], [ 282597.8, 4155266.27 ], [ 282597.7, 4155266.28 ], [ 282597.6, 4155266.28 ], [ 282597.5, 4155266.27 ], [ 282597.41, 4155266.25 ], [ 282597.31, 4155266.22 ], [ 282597.22, 4155266.18 ], [ 282592.68, 4155263.98 ], [ 282592.59, 4155263.93 ], [ 282592.51, 4155263.88 ], [ 282592.44, 4155263.81 ], [ 282592.37, 4155263.74 ], [ 282592.31, 4155263.67 ], [ 282592.25, 4155263.59 ], [ 282592.21, 4155263.5 ], [ 282592.17, 4155263.41 ], [ 282592.14, 4155263.31 ], [ 282592.13, 4155263.22 ], [ 282592.12, 4155263.12 ], [ 282592.12, 4155263.02 ], [ 282592.13, 4155262.92 ], [ 282592.15, 4155262.83 ], [ 282592.18, 4155262.73 ], [ 282592.22, 4155262.64 ], [ 282594.59, 4155257.73 ], [ 282594.64, 4155257.64 ], [ 282594.69, 4155257.56 ], [ 282594.75, 4155257.49 ], [ 282594.82, 4155257.42 ], [ 282594.9, 4155257.36 ], [ 282594.98, 4155257.3 ], [ 282595.07, 4155257.26 ], [ 282595.16, 4155257.22 ], [ 282595.25, 4155257.19 ], [ 282595.35, 4155257.17 ], [ 282595.45, 4155257.16 ], [ 282595.55, 4155257.17 ], [ 282595.64, 4155257.18 ], [ 282595.74, 4155257.2 ], [ 282595.83, 4155257.23 ], [ 282595.92, 4155257.26 ], [ 282600.47, 4155259.45 ], [ 282600.55, 4155259.5 ], [ 282600.63, 4155259.56 ], [ 282600.71, 4155259.62 ], [ 282600.78, 4155259.69 ], [ 282600.84, 4155259.77 ], [ 282600.89, 4155259.85 ], [ 282600.94, 4155259.93 ], [ 282600.98, 4155260.03 ], [ 282601.0, 4155260.12 ], [ 282601.02, 4155260.22 ], [ 282601.03, 4155260.31 ], [ 282601.03, 4155260.41 ], [ 282601.02, 4155260.51 ], [ 282601.0, 4155260.61 ], [ 282600.97, 4155260.7 ], [ 282600.93, 4155260.79 ], [ 282598.56, 4155265.72 ], [ 282598.51, 4155265.8 ] ] ], [ [ [ 282506.99, 4155276.63 ], [ 282509.55, 4155276.63 ], [ 282516.34, 4155262.13 ], [ 282500.0, 4155254.78 ], [ 282500.0, 4155266.36 ], [ 282504.3, 4155274.97 ], [ 282506.99, 4155276.63 ] ] ], [ [ [ 282651.47, 4155290.02 ], [ 282651.51, 4155289.93 ], [ 282651.57, 4155289.85 ], [ 282651.63, 4155289.77 ], [ 282651.7, 4155289.7 ], [ 282651.77, 4155289.64 ], [ 282651.85, 4155289.58 ], [ 282651.94, 4155289.53 ], [ 282652.03, 4155289.5 ], [ 282652.12, 4155289.47 ], [ 282652.22, 4155289.45 ], [ 282652.32, 4155289.44 ], [ 282652.41, 4155289.43 ], [ 282652.51, 4155289.44 ], [ 282652.61, 4155289.46 ], [ 282652.7, 4155289.49 ], [ 282652.79, 4155289.52 ], [ 282660.95, 4155293.26 ], [ 282661.04, 4155293.31 ], [ 282661.12, 4155293.36 ], [ 282661.19, 4155293.42 ], [ 282661.26, 4155293.49 ], [ 282661.33, 4155293.57 ], [ 282661.38, 4155293.65 ], [ 282661.43, 4155293.73 ], [ 282661.47, 4155293.82 ], [ 282661.5, 4155293.92 ], [ 282661.52, 4155294.01 ], [ 282661.53, 4155294.11 ], [ 282661.53, 4155294.21 ], [ 282661.52, 4155294.3 ], [ 282661.51, 4155294.4 ], [ 282661.48, 4155294.49 ], [ 282661.44, 4155294.59 ], [ 282661.28, 4155294.94 ], [ 282663.08, 4155295.76 ], [ 282663.17, 4155295.81 ], [ 282663.25, 4155295.86 ], [ 282663.33, 4155295.92 ], [ 282663.4, 4155295.99 ], [ 282663.46, 4155296.07 ], [ 282663.52, 4155296.15 ], [ 282663.57, 4155296.23 ], [ 282663.6, 4155296.32 ], [ 282663.63, 4155296.42 ], [ 282663.65, 4155296.51 ], [ 282663.66, 4155296.61 ], [ 282663.67, 4155296.71 ], [ 282663.66, 4155296.81 ], [ 282663.64, 4155296.9 ], [ 282663.61, 4155297.0 ], [ 282663.58, 4155297.09 ], [ 282663.5, 4155297.26 ], [ 282665.01, 4155297.94 ], [ 282665.1, 4155297.99 ], [ 282665.18, 4155298.04 ], [ 282665.26, 4155298.1 ], [ 282665.33, 4155298.17 ], [ 282665.39, 4155298.25 ], [ 282665.45, 4155298.33 ], [ 282665.5, 4155298.41 ], [ 282665.54, 4155298.5 ], [ 282665.57, 4155298.6 ], [ 282665.59, 4155298.69 ], [ 282665.6, 4155298.79 ], [ 282665.6, 4155298.89 ], [ 282665.59, 4155298.99 ], [ 282665.57, 4155299.08 ], [ 282665.54, 4155299.18 ], [ 282665.51, 4155299.27 ], [ 282662.49, 4155305.86 ], [ 282662.44, 4155305.94 ], [ 282662.39, 4155306.03 ], [ 282662.33, 4155306.1 ], [ 282662.26, 4155306.17 ], [ 282662.18, 4155306.24 ], [ 282662.1, 4155306.29 ], [ 282662.02, 4155306.34 ], [ 282662.0, 4155306.35 ], [ 282659.25, 4155321.48 ], [ 282679.62, 4155331.15 ], [ 282689.01, 4155309.89 ], [ 282688.94, 4155309.38 ], [ 282690.44, 4155303.38 ], [ 282690.96, 4155302.59 ], [ 282692.9, 4155301.07 ], [ 282699.21, 4155286.78 ], [ 282680.62, 4155277.91 ], [ 282677.06, 4155276.89 ], [ 282676.71, 4155276.74 ], [ 282675.75, 4155276.17 ], [ 282675.45, 4155275.94 ], [ 282674.49, 4155274.98 ], [ 282665.36, 4155270.63 ], [ 282659.63, 4155270.63 ], [ 282657.23, 4155271.83 ], [ 282654.48, 4155275.49 ], [ 282649.13, 4155287.4 ], [ 282649.13, 4155291.63 ], [ 282650.23, 4155292.72 ], [ 282651.47, 4155290.02 ] ], [ [ 282672.71, 4155306.2 ], [ 282670.55, 4155304.05 ], [ 282670.13, 4155303.03 ], [ 282670.13, 4155300.26 ], [ 282670.41, 4155299.4 ], [ 282671.91, 4155297.32 ], [ 282672.63, 4155296.79 ], [ 282674.5, 4155296.17 ], [ 282675.77, 4155296.36 ], [ 282678.54, 4155298.37 ], [ 282679.13, 4155299.51 ], [ 282679.13, 4155303.03 ], [ 282678.71, 4155304.05 ], [ 282676.55, 4155306.2 ], [ 282675.53, 4155306.63 ], [ 282673.73, 4155306.63 ], [ 282672.71, 4155306.2 ] ] ], [ [ [ 282705.71, 4155328.3 ], [ 282707.58, 4155325.29 ], [ 282708.77, 4155324.63 ], [ 282716.28, 4155324.63 ], [ 282718.96, 4155322.97 ], [ 282720.12, 4155320.66 ], [ 282720.43, 4155320.31 ], [ 282720.68, 4155319.77 ], [ 282719.51, 4155315.13 ], [ 282718.37, 4155314.73 ], [ 282716.03, 4155312.38 ], [ 282715.84, 4155311.85 ], [ 282714.76, 4155311.21 ], [ 282715.73, 4155310.21 ], [ 282717.37, 4155295.45 ], [ 282704.71, 4155289.41 ], [ 282699.63, 4155300.93 ], [ 282700.74, 4155301.39 ], [ 282701.22, 4155301.71 ], [ 282709.59, 4155310.08 ], [ 282709.98, 4155311.03 ], [ 282711.03, 4155311.63 ], [ 282710.01, 4155312.84 ], [ 282710.01, 4155314.15 ], [ 282709.59, 4155315.17 ], [ 282707.74, 4155317.02 ], [ 282707.04, 4155317.41 ], [ 282704.78, 4155317.94 ], [ 282703.98, 4155317.91 ], [ 282693.65, 4155314.47 ], [ 282685.2, 4155333.63 ], [ 282688.5, 4155333.63 ], [ 282689.35, 4155333.9 ], [ 282691.43, 4155335.4 ], [ 282691.96, 4155336.12 ], [ 282692.32, 4155337.18 ], [ 282701.65, 4155341.61 ], [ 282702.9, 4155340.77 ], [ 282703.55, 4155339.2 ], [ 282705.71, 4155337.05 ], [ 282705.74, 4155337.03 ], [ 282707.28, 4155332.92 ], [ 282705.65, 4155329.66 ], [ 282705.71, 4155328.3 ] ] ], [ [ [ 282584.22, 4155293.27 ], [ 282583.82, 4155294.87 ], [ 282583.3, 4155295.66 ], [ 282581.18, 4155297.32 ], [ 282580.29, 4155297.63 ], [ 282574.73, 4155297.63 ], [ 282573.71, 4155297.2 ], [ 282571.55, 4155295.05 ], [ 282571.13, 4155294.03 ], [ 282571.13, 4155292.29 ], [ 282567.54, 4155289.34 ], [ 282560.38, 4155290.78 ], [ 282559.2, 4155290.48 ], [ 282556.65, 4155288.39 ], [ 282556.15, 4155287.34 ], [ 282553.44, 4155285.63 ], [ 282550.13, 4155285.63 ], [ 282547.13, 4155288.63 ], [ 282547.13, 4155295.11 ], [ 282547.36, 4155295.49 ], [ 282552.29, 4155297.62 ], [ 282552.38, 4155297.66 ], [ 282552.47, 4155297.71 ], [ 282552.54, 4155297.77 ], [ 282552.62, 4155297.84 ], [ 282552.68, 4155297.92 ], [ 282552.74, 4155298.0 ], [ 282552.79, 4155298.08 ], [ 282552.83, 4155298.17 ], [ 282552.86, 4155298.26 ], [ 282552.88, 4155298.36 ], [ 282552.89, 4155298.46 ], [ 282552.9, 4155298.56 ], [ 282552.89, 4155298.65 ], [ 282552.87, 4155298.75 ], [ 282552.85, 4155298.85 ], [ 282552.81, 4155298.94 ], [ 282551.72, 4155301.45 ], [ 282551.84, 4155302.13 ], [ 282551.1, 4155304.75 ], [ 282551.38, 4155305.59 ], [ 282551.42, 4155305.65 ], [ 282551.48, 4155305.73 ], [ 282551.53, 4155305.81 ], [ 282551.57, 4155305.9 ], [ 282551.6, 4155305.99 ], [ 282551.62, 4155306.09 ], [ 282551.64, 4155306.19 ], [ 282551.64, 4155306.28 ], [ 282551.63, 4155306.36 ], [ 282552.17, 4155307.97 ], [ 282555.56, 4155308.13 ], [ 282557.03, 4155307.22 ], [ 282557.63, 4155305.86 ], [ 282557.68, 4155305.77 ], [ 282557.73, 4155305.69 ], [ 282557.79, 4155305.61 ], [ 282557.86, 4155305.54 ], [ 282557.93, 4155305.48 ], [ 282558.01, 4155305.42 ], [ 282558.1, 4155305.38 ], [ 282558.19, 4155305.34 ], [ 282558.28, 4155305.31 ], [ 282558.38, 4155305.28 ], [ 282558.48, 4155305.27 ], [ 282558.57, 4155305.27 ], [ 282558.67, 4155305.28 ], [ 282558.77, 4155305.29 ], [ 282558.86, 4155305.32 ], [ 282558.96, 4155305.36 ], [ 282561.8, 4155306.63 ], [ 282565.86, 4155306.63 ], [ 282566.63, 4155306.85 ], [ 282568.6, 4155308.06 ], [ 282569.15, 4155308.66 ], [ 282570.44, 4155311.25 ], [ 282570.6, 4155311.81 ], [ 282570.72, 4155313.51 ], [ 282570.64, 4155314.08 ], [ 282569.61, 4155317.19 ], [ 282570.64, 4155320.52 ], [ 282573.52, 4155320.61 ], [ 282574.45, 4155318.59 ], [ 282574.5, 4155318.5 ], [ 282574.55, 4155318.42 ], [ 282574.61, 4155318.34 ], [ 282574.68, 4155318.27 ], [ 282574.76, 4155318.21 ], [ 282574.84, 4155318.16 ], [ 282574.93, 4155318.11 ], [ 282575.02, 4155318.07 ], [ 282575.11, 4155318.04 ], [ 282575.21, 4155318.02 ], [ 282575.31, 4155318.01 ], [ 282575.41, 4155318.01 ], [ 282575.5, 4155318.02 ], [ 282575.51, 4155318.02 ], [ 282575.64, 4155317.73 ], [ 282575.69, 4155317.65 ], [ 282575.74, 4155317.56 ], [ 282575.81, 4155317.49 ], [ 282575.87, 4155317.42 ], [ 282575.95, 4155317.36 ], [ 282576.03, 4155317.3 ], [ 282576.12, 4155317.26 ], [ 282576.21, 4155317.22 ], [ 282576.3, 4155317.19 ], [ 282576.4, 4155317.17 ], [ 282576.49, 4155317.16 ], [ 282576.59, 4155317.16 ], [ 282576.69, 4155317.17 ], [ 282576.78, 4155317.19 ], [ 282576.88, 4155317.21 ], [ 282576.97, 4155317.25 ], [ 282577.0, 4155317.26 ], [ 282577.13, 4155317.02 ], [ 282577.13, 4155316.22 ], [ 282577.55, 4155315.2 ], [ 282579.71, 4155313.05 ], [ 282580.73, 4155312.63 ], [ 282585.66, 4155312.63 ], [ 282586.52, 4155312.91 ], [ 282588.2, 4155314.13 ], [ 282588.68, 4155315.63 ], [ 282588.03, 4155317.61 ], [ 282587.5, 4155318.34 ], [ 282586.61, 4155318.98 ], [ 282585.52, 4155320.46 ], [ 282581.27, 4155333.21 ], [ 282580.55, 4155334.05 ], [ 282577.82, 4155335.41 ], [ 282576.72, 4155335.49 ], [ 282572.89, 4155334.21 ], [ 282572.31, 4155333.85 ], [ 282570.9, 4155332.45 ], [ 282570.55, 4155331.87 ], [ 282569.01, 4155327.27 ], [ 282569.02, 4155326.33 ], [ 282569.32, 4155325.43 ], [ 282565.57, 4155321.6 ], [ 282565.5, 4155321.63 ], [ 282563.37, 4155321.63 ], [ 282561.25, 4155322.5 ], [ 282560.43, 4155323.33 ], [ 282560.41, 4155323.37 ], [ 282560.37, 4155323.45 ], [ 282560.31, 4155323.54 ], [ 282560.25, 4155323.61 ], [ 282560.19, 4155323.68 ], [ 282560.11, 4155323.75 ], [ 282560.03, 4155323.8 ], [ 282559.95, 4155323.85 ], [ 282559.87, 4155323.88 ], [ 282558.94, 4155324.81 ], [ 282558.64, 4155325.49 ], [ 282558.6, 4155325.57 ], [ 282558.55, 4155325.66 ], [ 282558.49, 4155325.73 ], [ 282558.42, 4155325.81 ], [ 282558.34, 4155325.87 ], [ 282558.26, 4155325.93 ], [ 282558.18, 4155325.97 ], [ 282558.09, 4155326.01 ], [ 282558.0, 4155326.04 ], [ 282557.9, 4155326.07 ], [ 282557.8, 4155326.08 ], [ 282557.7, 4155326.08 ], [ 282557.68, 4155326.08 ], [ 282555.37, 4155328.39 ], [ 282599.59, 4155348.82 ], [ 282612.85, 4155320.57 ], [ 282615.37, 4155312.15 ], [ 282614.28, 4155308.88 ], [ 282610.83, 4155308.8 ], [ 282610.74, 4155308.86 ], [ 282609.16, 4155309.51 ], [ 282608.59, 4155309.63 ], [ 282606.98, 4155309.63 ], [ 282606.08, 4155309.32 ], [ 282603.96, 4155307.66 ], [ 282603.44, 4155306.87 ], [ 282602.1, 4155301.49 ], [ 282584.22, 4155293.27 ] ], [ [ 282588.56, 4155337.56 ], [ 282588.48, 4155337.52 ], [ 282588.39, 4155337.46 ], [ 282588.32, 4155337.4 ], [ 282588.25, 4155337.33 ], [ 282588.19, 4155337.25 ], [ 282588.14, 4155337.17 ], [ 282588.09, 4155337.08 ], [ 282588.05, 4155336.99 ], [ 282588.03, 4155336.89 ], [ 282588.01, 4155336.8 ], [ 282588.0, 4155336.7 ], [ 282588.0, 4155336.6 ], [ 282588.01, 4155336.5 ], [ 282588.03, 4155336.41 ], [ 282588.06, 4155336.31 ], [ 282588.1, 4155336.22 ], [ 282589.13, 4155334.13 ], [ 282589.13, 4155330.26 ], [ 282589.41, 4155329.4 ], [ 282590.91, 4155327.32 ], [ 282591.63, 4155326.79 ], [ 282592.96, 4155326.35 ], [ 282594.6, 4155323.01 ], [ 282594.65, 4155322.92 ], [ 282594.7, 4155322.84 ], [ 282594.77, 4155322.77 ], [ 282594.84, 4155322.7 ], [ 282594.91, 4155322.64 ], [ 282594.99, 4155322.58 ], [ 282595.08, 4155322.54 ], [ 282595.17, 4155322.5 ], [ 282595.26, 4155322.48 ], [ 282595.36, 4155322.46 ], [ 282595.46, 4155322.45 ], [ 282595.55, 4155322.45 ], [ 282595.65, 4155322.46 ], [ 282595.74, 4155322.48 ], [ 282595.84, 4155322.51 ], [ 282595.93, 4155322.54 ], [ 282599.47, 4155324.22 ], [ 282599.55, 4155324.26 ], [ 282599.63, 4155324.32 ], [ 282599.71, 4155324.38 ], [ 282599.78, 4155324.45 ], [ 282599.84, 4155324.52 ], [ 282599.89, 4155324.6 ], [ 282599.94, 4155324.69 ], [ 282599.98, 4155324.78 ], [ 282600.01, 4155324.87 ], [ 282600.03, 4155324.96 ], [ 282600.04, 4155325.06 ], [ 282600.04, 4155325.16 ], [ 282600.03, 4155325.26 ], [ 282600.01, 4155325.35 ], [ 282599.98, 4155325.44 ], [ 282599.95, 4155325.53 ], [ 282599.65, 4155326.18 ], [ 282599.74, 4155326.23 ], [ 282601.46, 4155327.95 ], [ 282602.37, 4155328.38 ], [ 282602.46, 4155328.43 ], [ 282602.54, 4155328.48 ], [ 282602.62, 4155328.54 ], [ 282602.69, 4155328.61 ], [ 282602.75, 4155328.69 ], [ 282602.81, 4155328.77 ], [ 282602.86, 4155328.86 ], [ 282602.89, 4155328.95 ], [ 282602.92, 4155329.05 ], [ 282602.94, 4155329.15 ], [ 282602.95, 4155329.25 ], [ 282602.95, 4155329.35 ], [ 282602.94, 4155329.44 ], [ 282602.92, 4155329.54 ], [ 282602.89, 4155329.64 ], [ 282602.85, 4155329.73 ], [ 282602.74, 4155329.95 ], [ 282603.09, 4155332.09 ], [ 282603.02, 4155332.56 ], [ 282603.33, 4155333.02 ], [ 282602.84, 4155333.21 ], [ 282599.51, 4155339.87 ], [ 282599.89, 4155341.2 ], [ 282598.82, 4155341.06 ], [ 282596.63, 4155342.41 ], [ 282595.86, 4155342.63 ], [ 282592.73, 4155342.63 ], [ 282591.71, 4155342.2 ], [ 282589.55, 4155340.05 ], [ 282589.13, 4155339.03 ], [ 282589.13, 4155337.84 ], [ 282588.56, 4155337.56 ] ] ], [ [ [ 282635.1, 4155338.61 ], [ 282635.34, 4155338.83 ], [ 282636.61, 4155339.38 ], [ 282636.69, 4155339.42 ], [ 282636.78, 4155339.47 ], [ 282636.86, 4155339.53 ], [ 282636.93, 4155339.6 ], [ 282636.99, 4155339.67 ], [ 282637.05, 4155339.75 ], [ 282637.1, 4155339.83 ], [ 282637.14, 4155339.92 ], [ 282637.17, 4155340.02 ], [ 282637.19, 4155340.11 ], [ 282637.21, 4155340.21 ], [ 282637.21, 4155340.31 ], [ 282637.21, 4155340.4 ], [ 282637.19, 4155340.5 ], [ 282637.16, 4155340.6 ], [ 282637.13, 4155340.69 ], [ 282636.92, 4155341.17 ], [ 282637.13, 4155341.9 ], [ 282637.13, 4155351.63 ], [ 282639.52, 4155354.01 ], [ 282640.17, 4155352.26 ], [ 282640.21, 4155352.17 ], [ 282640.25, 4155352.08 ], [ 282640.31, 4155352.0 ], [ 282640.37, 4155351.92 ], [ 282640.44, 4155351.85 ], [ 282640.52, 4155351.79 ], [ 282640.6, 4155351.74 ], [ 282640.69, 4155351.69 ], [ 282640.78, 4155351.66 ], [ 282640.88, 4155351.63 ], [ 282640.97, 4155351.61 ], [ 282641.07, 4155351.6 ], [ 282641.17, 4155351.6 ], [ 282641.27, 4155351.62 ], [ 282641.36, 4155351.64 ], [ 282641.46, 4155351.67 ], [ 282642.1, 4155351.91 ], [ 282642.91, 4155349.73 ], [ 282642.94, 4155349.64 ], [ 282642.99, 4155349.56 ], [ 282643.05, 4155349.47 ], [ 282643.11, 4155349.4 ], [ 282643.18, 4155349.33 ], [ 282643.26, 4155349.27 ], [ 282643.34, 4155349.21 ], [ 282643.43, 4155349.17 ], [ 282643.52, 4155349.13 ], [ 282643.61, 4155349.1 ], [ 282643.71, 4155349.09 ], [ 282643.81, 4155349.08 ], [ 282643.91, 4155349.08 ], [ 282644.0, 4155349.09 ], [ 282644.1, 4155349.11 ], [ 282644.19, 4155349.14 ], [ 282647.1, 4155350.22 ], [ 282647.19, 4155350.26 ], [ 282647.27, 4155350.3 ], [ 282647.35, 4155350.36 ], [ 282647.43, 4155350.42 ], [ 282647.5, 4155350.49 ], [ 282647.56, 4155350.57 ], [ 282647.61, 4155350.65 ], [ 282647.66, 4155350.74 ], [ 282647.69, 4155350.83 ], [ 282647.72, 4155350.92 ], [ 282647.74, 4155351.02 ], [ 282647.75, 4155351.12 ], [ 282647.75, 4155351.22 ], [ 282647.73, 4155351.31 ], [ 282647.71, 4155351.41 ], [ 282647.68, 4155351.5 ], [ 282646.65, 4155354.29 ], [ 282647.56, 4155354.63 ], [ 282648.53, 4155354.63 ], [ 282649.55, 4155355.05 ], [ 282650.06, 4155355.55 ], [ 282650.98, 4155355.89 ], [ 282651.07, 4155355.93 ], [ 282651.15, 4155355.98 ], [ 282651.23, 4155356.03 ], [ 282651.31, 4155356.1 ], [ 282651.38, 4155356.17 ], [ 282651.44, 4155356.24 ], [ 282651.49, 4155356.33 ], [ 282651.54, 4155356.41 ], [ 282651.57, 4155356.5 ], [ 282651.6, 4155356.6 ], [ 282651.62, 4155356.69 ], [ 282651.63, 4155356.79 ], [ 282651.63, 4155356.89 ], [ 282651.62, 4155356.99 ], [ 282651.6, 4155357.08 ], [ 282651.59, 4155357.09 ], [ 282651.71, 4155357.2 ], [ 282652.0, 4155357.89 ], [ 282656.89, 4155358.87 ], [ 282657.04, 4155358.71 ], [ 282657.53, 4155358.39 ], [ 282657.79, 4155358.28 ], [ 282657.91, 4155358.03 ], [ 282657.95, 4155357.94 ], [ 282658.01, 4155357.86 ], [ 282658.07, 4155357.78 ], [ 282658.14, 4155357.71 ], [ 282658.21, 4155357.65 ], [ 282658.29, 4155357.59 ], [ 282658.38, 4155357.55 ], [ 282658.47, 4155357.51 ], [ 282658.56, 4155357.48 ], [ 282658.66, 4155357.46 ], [ 282658.76, 4155357.45 ], [ 282658.86, 4155357.45 ], [ 282658.89, 4155357.45 ], [ 282659.25, 4155356.65 ], [ 282659.3, 4155356.57 ], [ 282659.35, 4155356.48 ], [ 282659.41, 4155356.41 ], [ 282659.48, 4155356.34 ], [ 282659.55, 4155356.27 ], [ 282659.64, 4155356.22 ], [ 282659.72, 4155356.17 ], [ 282659.81, 4155356.13 ], [ 282659.91, 4155356.1 ], [ 282660.0, 4155356.08 ], [ 282660.1, 4155356.07 ], [ 282660.2, 4155356.07 ], [ 282660.3, 4155356.08 ], [ 282660.39, 4155356.1 ], [ 282660.49, 4155356.12 ], [ 282660.58, 4155356.16 ], [ 282667.36, 4155359.28 ], [ 282667.45, 4155359.33 ], [ 282667.53, 4155359.38 ], [ 282667.61, 4155359.44 ], [ 282667.68, 4155359.51 ], [ 282667.74, 4155359.58 ], [ 282667.8, 4155359.67 ], [ 282667.85, 4155359.75 ], [ 282667.88, 4155359.84 ], [ 282667.91, 4155359.94 ], [ 282667.93, 4155360.03 ], [ 282667.94, 4155360.13 ], [ 282667.95, 4155360.23 ], [ 282667.94, 4155360.32 ], [ 282667.92, 4155360.42 ], [ 282667.89, 4155360.52 ], [ 282667.85, 4155360.61 ], [ 282667.53, 4155361.31 ], [ 282667.56, 4155361.34 ], [ 282667.63, 4155361.41 ], [ 282667.7, 4155361.49 ], [ 282667.75, 4155361.57 ], [ 282667.8, 4155361.65 ], [ 282667.84, 4155361.74 ], [ 282667.87, 4155361.84 ], [ 282667.89, 4155361.93 ], [ 282667.9, 4155362.03 ], [ 282667.9, 4155362.13 ], [ 282667.89, 4155362.23 ], [ 282667.87, 4155362.32 ], [ 282667.84, 4155362.42 ], [ 282667.81, 4155362.51 ], [ 282667.13, 4155363.98 ], [ 282667.13, 4155368.09 ], [ 282667.02, 4155368.66 ], [ 282666.37, 4155370.23 ], [ 282666.04, 4155370.71 ], [ 282662.27, 4155374.49 ], [ 282661.45, 4155377.2 ], [ 282661.58, 4155377.85 ], [ 282682.13, 4155387.36 ], [ 282682.13, 4155386.79 ], [ 282680.08, 4155383.94 ], [ 282675.63, 4155382.46 ], [ 282674.91, 4155381.93 ], [ 282673.41, 4155379.85 ], [ 282673.13, 4155378.99 ], [ 282673.13, 4155378.05 ], [ 282671.95, 4155377.55 ], [ 282671.86, 4155377.5 ], [ 282671.78, 4155377.45 ], [ 282671.7, 4155377.39 ], [ 282671.63, 4155377.33 ], [ 282671.57, 4155377.25 ], [ 282671.51, 4155377.17 ], [ 282671.46, 4155377.09 ], [ 282671.42, 4155377.0 ], [ 282671.39, 4155376.91 ], [ 282671.36, 4155376.81 ], [ 282671.35, 4155376.71 ], [ 282671.35, 4155376.61 ], [ 282671.35, 4155376.52 ], [ 282671.37, 4155376.42 ], [ 282671.39, 4155376.32 ], [ 282671.43, 4155376.23 ], [ 282674.99, 4155367.93 ], [ 282675.03, 4155367.85 ], [ 282675.08, 4155367.76 ], [ 282675.14, 4155367.68 ], [ 282675.21, 4155367.61 ], [ 282675.28, 4155367.55 ], [ 282675.36, 4155367.49 ], [ 282675.45, 4155367.44 ], [ 282675.54, 4155367.4 ], [ 282675.63, 4155367.37 ], [ 282675.72, 4155367.34 ], [ 282675.82, 4155367.33 ], [ 282675.92, 4155367.33 ], [ 282676.02, 4155367.33 ], [ 282676.11, 4155367.35 ], [ 282676.21, 4155367.37 ], [ 282676.3, 4155367.41 ], [ 282681.46, 4155369.63 ], [ 282682.86, 4155369.63 ], [ 282683.63, 4155369.85 ], [ 282685.6, 4155371.06 ], [ 282686.11, 4155371.61 ], [ 282686.15, 4155371.56 ], [ 282686.22, 4155371.49 ], [ 282686.29, 4155371.42 ], [ 282686.37, 4155371.37 ], [ 282686.45, 4155371.32 ], [ 282686.54, 4155371.27 ], [ 282686.64, 4155371.24 ], [ 282686.73, 4155371.22 ], [ 282686.83, 4155371.21 ], [ 282686.93, 4155371.2 ], [ 282687.03, 4155371.21 ], [ 282687.12, 4155371.23 ], [ 282687.22, 4155371.25 ], [ 282687.31, 4155371.29 ], [ 282690.49, 4155372.66 ], [ 282690.58, 4155372.7 ], [ 282690.67, 4155372.75 ], [ 282690.74, 4155372.81 ], [ 282690.82, 4155372.88 ], [ 282690.88, 4155372.95 ], [ 282690.94, 4155373.03 ], [ 282690.99, 4155373.12 ], [ 282691.03, 4155373.2 ], [ 282691.06, 4155373.3 ], [ 282691.08, 4155373.39 ], [ 282691.09, 4155373.49 ], [ 282691.1, 4155373.59 ], [ 282691.09, 4155373.65 ], [ 282692.91, 4155372.44 ], [ 282692.92, 4155372.42 ], [ 282692.98, 4155372.34 ], [ 282693.05, 4155372.27 ], [ 282693.13, 4155372.21 ], [ 282693.21, 4155372.15 ], [ 282693.29, 4155372.11 ], [ 282693.38, 4155372.07 ], [ 282693.48, 4155372.04 ], [ 282693.53, 4155372.02 ], [ 282695.8, 4155370.52 ], [ 282697.13, 4155368.02 ], [ 282697.13, 4155363.63 ], [ 282694.13, 4155360.63 ], [ 282693.98, 4155360.63 ], [ 282693.08, 4155360.32 ], [ 282690.96, 4155358.66 ], [ 282690.44, 4155357.87 ], [ 282688.53, 4155350.22 ], [ 282686.57, 4155348.1 ], [ 282682.3, 4155346.68 ], [ 282681.49, 4155346.01 ], [ 282680.08, 4155343.43 ], [ 282679.94, 4155342.38 ], [ 282680.91, 4155338.52 ], [ 282679.84, 4155338.01 ], [ 282656.47, 4155326.92 ], [ 282656.03, 4155327.29 ], [ 282655.1, 4155327.63 ], [ 282651.88, 4155327.63 ], [ 282649.16, 4155329.36 ], [ 282648.63, 4155330.51 ], [ 282646.14, 4155332.62 ], [ 282644.99, 4155332.93 ], [ 282634.62, 4155331.21 ], [ 282631.13, 4155334.17 ], [ 282631.13, 4155334.77 ], [ 282632.79, 4155337.45 ], [ 282635.1, 4155338.61 ] ], [ [ 282659.12, 4155334.95 ], [ 282659.21, 4155334.92 ], [ 282659.31, 4155334.9 ], [ 282659.41, 4155334.89 ], [ 282659.5, 4155334.89 ], [ 282659.6, 4155334.9 ], [ 282659.7, 4155334.92 ], [ 282659.79, 4155334.94 ], [ 282659.88, 4155334.98 ], [ 282666.11, 4155337.85 ], [ 282666.2, 4155337.89 ], [ 282666.28, 4155337.95 ], [ 282666.36, 4155338.01 ], [ 282666.43, 4155338.08 ], [ 282666.49, 4155338.15 ], [ 282666.55, 4155338.23 ], [ 282666.6, 4155338.32 ], [ 282666.63, 4155338.41 ], [ 282666.66, 4155338.5 ], [ 282666.68, 4155338.6 ], [ 282666.69, 4155338.7 ], [ 282666.69, 4155338.8 ], [ 282666.69, 4155338.89 ], [ 282666.67, 4155338.99 ], [ 282666.64, 4155339.08 ], [ 282666.6, 4155339.17 ], [ 282664.98, 4155342.71 ], [ 282664.58, 4155345.51 ], [ 282664.09, 4155346.4 ], [ 282661.94, 4155348.27 ], [ 282660.99, 4155348.63 ], [ 282658.73, 4155348.63 ], [ 282657.71, 4155348.2 ], [ 282655.55, 4155346.05 ], [ 282655.13, 4155345.03 ], [ 282655.13, 4155341.9 ], [ 282655.35, 4155341.12 ], [ 282656.57, 4155339.15 ], [ 282657.07, 4155338.69 ], [ 282658.56, 4155335.47 ], [ 282658.6, 4155335.38 ], [ 282658.66, 4155335.3 ], [ 282658.72, 4155335.22 ], [ 282658.79, 4155335.15 ], [ 282658.86, 4155335.09 ], [ 282658.94, 4155335.04 ], [ 282659.03, 4155334.99 ], [ 282659.12, 4155334.95 ] ] ], [ [ [ 282630.83, 4155359.69 ], [ 282630.79, 4155359.69 ], [ 282629.63, 4155360.41 ], [ 282628.86, 4155360.63 ], [ 282628.13, 4155360.63 ], [ 282626.94, 4155361.82 ], [ 282651.55, 4155373.21 ], [ 282652.13, 4155372.63 ], [ 282652.13, 4155369.63 ], [ 282649.13, 4155366.63 ], [ 282642.4, 4155366.63 ], [ 282641.63, 4155366.41 ], [ 282639.66, 4155365.19 ], [ 282639.12, 4155364.59 ], [ 282637.61, 4155361.58 ], [ 282637.57, 4155361.56 ], [ 282637.49, 4155361.51 ], [ 282637.42, 4155361.44 ], [ 282637.35, 4155361.37 ], [ 282637.29, 4155361.3 ], [ 282637.24, 4155361.21 ], [ 282637.19, 4155361.13 ], [ 282637.15, 4155361.04 ], [ 282637.13, 4155360.94 ], [ 282637.11, 4155360.85 ], [ 282637.1, 4155360.75 ], [ 282637.1, 4155360.65 ], [ 282637.11, 4155360.58 ], [ 282636.66, 4155359.69 ], [ 282631.77, 4155359.01 ], [ 282631.64, 4155359.15 ], [ 282631.63, 4155359.18 ], [ 282631.57, 4155359.26 ], [ 282631.51, 4155359.34 ], [ 282631.45, 4155359.41 ], [ 282631.37, 4155359.47 ], [ 282631.29, 4155359.53 ], [ 282631.21, 4155359.58 ], [ 282631.12, 4155359.62 ], [ 282631.03, 4155359.65 ], [ 282630.93, 4155359.68 ], [ 282630.83, 4155359.69 ] ] ], [ [ [ 282565.73, 4155384.63 ], [ 282564.71, 4155384.2 ], [ 282562.55, 4155382.05 ], [ 282562.29, 4155381.41 ], [ 282559.18, 4155379.58 ], [ 282557.3, 4155381.36 ], [ 282556.9, 4155381.13 ], [ 282556.14, 4155382.46 ], [ 282554.0, 4155384.28 ], [ 282553.06, 4155384.63 ], [ 282551.24, 4155384.63 ], [ 282550.16, 4155384.13 ], [ 282549.35, 4155383.2 ], [ 282548.38, 4155385.09 ], [ 282548.33, 4155385.17 ], [ 282548.28, 4155385.25 ], [ 282548.21, 4155385.33 ], [ 282548.14, 4155385.39 ], [ 282548.07, 4155385.45 ], [ 282547.99, 4155385.5 ], [ 282547.9, 4155385.55 ], [ 282547.81, 4155385.58 ], [ 282547.72, 4155385.61 ], [ 282547.63, 4155385.63 ], [ 282547.53, 4155385.63 ], [ 282547.43, 4155385.63 ], [ 282547.34, 4155385.62 ], [ 282547.24, 4155385.6 ], [ 282547.15, 4155385.58 ], [ 282547.06, 4155385.54 ], [ 282541.63, 4155382.97 ], [ 282541.54, 4155382.92 ], [ 282541.45, 4155382.87 ], [ 282541.38, 4155382.8 ], [ 282541.31, 4155382.73 ], [ 282541.24, 4155382.65 ], [ 282541.19, 4155382.57 ], [ 282541.14, 4155382.48 ], [ 282541.11, 4155382.38 ], [ 282541.08, 4155382.28 ], [ 282541.06, 4155382.18 ], [ 282541.05, 4155382.08 ], [ 282541.06, 4155381.98 ], [ 282541.07, 4155381.88 ], [ 282541.1, 4155381.78 ], [ 282541.13, 4155381.69 ], [ 282542.75, 4155377.74 ], [ 282542.79, 4155377.65 ], [ 282542.84, 4155377.57 ], [ 282542.9, 4155377.49 ], [ 282542.96, 4155377.42 ], [ 282543.03, 4155377.36 ], [ 282543.1, 4155377.3 ], [ 282543.18, 4155377.25 ], [ 282543.27, 4155377.2 ], [ 282543.36, 4155377.17 ], [ 282543.45, 4155377.14 ], [ 282543.54, 4155377.13 ], [ 282543.64, 4155377.12 ], [ 282544.58, 4155377.08 ], [ 282544.69, 4155377.08 ], [ 282544.8, 4155377.1 ], [ 282544.9, 4155377.12 ], [ 282545.0, 4155377.15 ], [ 282545.1, 4155377.2 ], [ 282546.38, 4155377.89 ], [ 282549.0, 4155371.51 ], [ 282549.53, 4155367.84 ], [ 282550.19, 4155366.83 ], [ 282551.18, 4155366.22 ], [ 282551.2, 4155366.17 ], [ 282551.25, 4155366.08 ], [ 282551.3, 4155365.99 ], [ 282551.35, 4155365.91 ], [ 282551.42, 4155365.84 ], [ 282551.49, 4155365.77 ], [ 282551.57, 4155365.72 ], [ 282551.66, 4155365.67 ], [ 282551.74, 4155365.62 ], [ 282551.84, 4155365.59 ], [ 282551.93, 4155365.57 ], [ 282552.03, 4155365.55 ], [ 282552.13, 4155365.55 ], [ 282552.23, 4155365.55 ], [ 282552.26, 4155365.56 ], [ 282552.97, 4155365.11 ], [ 282553.44, 4155365.06 ], [ 282553.62, 4155364.6 ], [ 282553.66, 4155364.52 ], [ 282553.71, 4155364.43 ], [ 282553.77, 4155364.35 ], [ 282553.84, 4155364.28 ], [ 282553.91, 4155364.21 ], [ 282553.99, 4155364.15 ], [ 282554.07, 4155364.1 ], [ 282554.16, 4155364.06 ], [ 282554.25, 4155364.03 ], [ 282554.35, 4155364.0 ], [ 282554.45, 4155363.99 ], [ 282554.55, 4155363.98 ], [ 282554.64, 4155363.99 ], [ 282554.74, 4155364.0 ], [ 282554.84, 4155364.03 ], [ 282554.93, 4155364.06 ], [ 282559.82, 4155366.07 ], [ 282559.91, 4155366.12 ], [ 282559.99, 4155366.17 ], [ 282560.07, 4155366.23 ], [ 282560.14, 4155366.29 ], [ 282560.21, 4155366.36 ], [ 282560.27, 4155366.44 ], [ 282560.32, 4155366.53 ], [ 282560.36, 4155366.61 ], [ 282560.39, 4155366.71 ], [ 282560.42, 4155366.8 ], [ 282560.43, 4155366.9 ], [ 282560.44, 4155367.0 ], [ 282560.43, 4155367.1 ], [ 282560.42, 4155367.19 ], [ 282560.4, 4155367.29 ], [ 282560.36, 4155367.38 ], [ 282558.12, 4155372.83 ], [ 282559.56, 4155375.88 ], [ 282562.05, 4155375.68 ], [ 282564.19, 4155371.06 ], [ 282564.24, 4155370.97 ], [ 282564.29, 4155370.89 ], [ 282564.36, 4155370.81 ], [ 282564.43, 4155370.74 ], [ 282564.5, 4155370.68 ], [ 282564.58, 4155370.63 ], [ 282564.67, 4155370.58 ], [ 282564.76, 4155370.54 ], [ 282564.85, 4155370.51 ], [ 282564.95, 4155370.49 ], [ 282565.05, 4155370.48 ], [ 282565.14, 4155370.48 ], [ 282565.24, 4155370.49 ], [ 282565.34, 4155370.51 ], [ 282565.43, 4155370.54 ], [ 282565.52, 4155370.58 ], [ 282573.28, 4155374.18 ], [ 282576.25, 4155371.21 ], [ 282575.03, 4155365.11 ], [ 282519.85, 4155339.38 ], [ 282519.1, 4155339.72 ], [ 282517.96, 4155343.13 ], [ 282517.43, 4155343.85 ], [ 282515.35, 4155345.35 ], [ 282514.5, 4155345.63 ], [ 282513.39, 4155345.63 ], [ 282511.17, 4155347.3 ], [ 282509.9, 4155350.18 ], [ 282511.1, 4155353.41 ], [ 282514.65, 4155353.22 ], [ 282515.54, 4155352.48 ], [ 282517.24, 4155348.84 ], [ 282517.28, 4155348.75 ], [ 282517.34, 4155348.67 ], [ 282517.4, 4155348.59 ], [ 282517.47, 4155348.52 ], [ 282517.55, 4155348.46 ], [ 282517.63, 4155348.4 ], [ 282517.71, 4155348.36 ], [ 282517.8, 4155348.32 ], [ 282517.9, 4155348.29 ], [ 282517.99, 4155348.27 ], [ 282518.09, 4155348.26 ], [ 282518.19, 4155348.26 ], [ 282518.29, 4155348.27 ], [ 282518.38, 4155348.29 ], [ 282518.48, 4155348.31 ], [ 282518.57, 4155348.35 ], [ 282526.26, 4155351.94 ], [ 282526.35, 4155351.98 ], [ 282526.43, 4155352.04 ], [ 282526.5, 4155352.1 ], [ 282526.57, 4155352.17 ], [ 282526.64, 4155352.24 ], [ 282526.69, 4155352.32 ], [ 282526.74, 4155352.41 ], [ 282526.78, 4155352.5 ], [ 282526.81, 4155352.59 ], [ 282526.83, 4155352.69 ], [ 282526.84, 4155352.79 ], [ 282526.84, 4155352.89 ], [ 282526.83, 4155352.98 ], [ 282526.81, 4155353.08 ], [ 282526.78, 4155353.17 ], [ 282526.74, 4155353.27 ], [ 282525.09, 4155356.81 ], [ 282524.92, 4155357.69 ], [ 282526.51, 4155360.96 ], [ 282530.08, 4155360.29 ], [ 282530.78, 4155359.53 ], [ 282533.64, 4155357.62 ], [ 282533.71, 4155357.62 ], [ 282534.16, 4155356.64 ], [ 282535.03, 4155354.79 ], [ 282535.08, 4155354.7 ], [ 282535.13, 4155354.62 ], [ 282535.2, 4155354.54 ], [ 282535.26, 4155354.47 ], [ 282535.34, 4155354.41 ], [ 282535.42, 4155354.35 ], [ 282535.51, 4155354.31 ], [ 282535.6, 4155354.27 ], [ 282535.69, 4155354.24 ], [ 282535.79, 4155354.22 ], [ 282535.89, 4155354.21 ], [ 282535.98, 4155354.21 ], [ 282536.08, 4155354.22 ], [ 282536.18, 4155354.24 ], [ 282536.27, 4155354.27 ], [ 282536.36, 4155354.31 ], [ 282543.01, 4155357.42 ], [ 282543.09, 4155357.46 ], [ 282543.18, 4155357.52 ], [ 282543.25, 4155357.58 ], [ 282543.32, 4155357.65 ], [ 282543.38, 4155357.73 ], [ 282543.44, 4155357.81 ], [ 282543.49, 4155357.89 ], [ 282543.52, 4155357.98 ], [ 282543.55, 4155358.08 ], [ 282543.57, 4155358.17 ], [ 282543.58, 4155358.27 ], [ 282543.58, 4155358.37 ], [ 282543.57, 4155358.47 ], [ 282543.55, 4155358.56 ], [ 282543.53, 4155358.66 ], [ 282543.49, 4155358.75 ], [ 282542.62, 4155360.6 ], [ 282540.79, 4155364.53 ], [ 282540.92, 4155364.59 ], [ 282541.01, 4155364.64 ], [ 282541.09, 4155364.69 ], [ 282541.16, 4155364.75 ], [ 282541.23, 4155364.82 ], [ 282541.3, 4155364.9 ], [ 282541.35, 4155364.98 ], [ 282541.4, 4155365.06 ], [ 282541.44, 4155365.15 ], [ 282541.47, 4155365.25 ], [ 282541.49, 4155365.34 ], [ 282541.5, 4155365.44 ], [ 282541.5, 4155365.54 ], [ 282541.49, 4155365.64 ], [ 282541.47, 4155365.74 ], [ 282541.44, 4155365.83 ], [ 282541.4, 4155365.92 ], [ 282540.38, 4155368.11 ], [ 282540.44, 4155368.48 ], [ 282540.12, 4155369.64 ], [ 282539.1, 4155370.84 ], [ 282538.55, 4155372.02 ], [ 282538.5, 4155372.11 ], [ 282538.45, 4155372.19 ], [ 282538.38, 4155372.27 ], [ 282538.32, 4155372.34 ], [ 282538.24, 4155372.4 ], [ 282538.16, 4155372.46 ], [ 282538.07, 4155372.5 ], [ 282537.98, 4155372.54 ], [ 282537.89, 4155372.57 ], [ 282537.79, 4155372.59 ], [ 282537.69, 4155372.6 ], [ 282537.6, 4155372.6 ], [ 282537.5, 4155372.59 ], [ 282537.4, 4155372.57 ], [ 282537.31, 4155372.54 ], [ 282537.22, 4155372.51 ], [ 282537.2, 4155372.5 ], [ 282536.93, 4155372.63 ], [ 282532.73, 4155372.63 ], [ 282531.71, 4155372.2 ], [ 282529.55, 4155370.05 ], [ 282529.13, 4155369.03 ], [ 282529.13, 4155368.58 ], [ 282529.09, 4155368.52 ], [ 282529.05, 4155368.44 ], [ 282529.01, 4155368.35 ], [ 282528.98, 4155368.25 ], [ 282528.96, 4155368.16 ], [ 282528.95, 4155368.06 ], [ 282528.95, 4155367.96 ], [ 282528.96, 4155367.86 ], [ 282528.98, 4155367.77 ], [ 282529.01, 4155367.67 ], [ 282529.04, 4155367.58 ], [ 282529.13, 4155367.39 ], [ 282529.13, 4155365.51 ], [ 282526.93, 4155362.62 ], [ 282523.56, 4155363.96 ], [ 282523.21, 4155364.54 ], [ 282521.07, 4155366.3 ], [ 282520.15, 4155366.63 ], [ 282515.46, 4155366.63 ], [ 282514.36, 4155366.1 ], [ 282512.28, 4155363.56 ], [ 282512.25, 4155363.43 ], [ 282511.68, 4155363.17 ], [ 282511.59, 4155363.13 ], [ 282511.51, 4155363.07 ], [ 282511.43, 4155363.01 ], [ 282511.36, 4155362.94 ], [ 282511.3, 4155362.87 ], [ 282511.25, 4155362.78 ], [ 282511.2, 4155362.7 ], [ 282511.16, 4155362.61 ], [ 282511.13, 4155362.51 ], [ 282511.11, 4155362.42 ], [ 282511.1, 4155362.32 ], [ 282511.1, 4155362.22 ], [ 282511.11, 4155362.12 ], [ 282511.13, 4155362.03 ], [ 282511.14, 4155361.99 ], [ 282509.21, 4155360.45 ], [ 282506.27, 4155362.63 ], [ 282505.75, 4155364.47 ], [ 282505.33, 4155365.15 ], [ 282503.64, 4155366.7 ], [ 282502.86, 4155367.1 ], [ 282502.1, 4155371.89 ], [ 282503.72, 4155373.51 ], [ 282504.1, 4155374.78 ], [ 282502.35, 4155383.54 ], [ 282517.98, 4155390.62 ], [ 282517.98, 4155390.53 ], [ 282517.99, 4155390.44 ], [ 282518.01, 4155390.34 ], [ 282518.04, 4155390.25 ], [ 282518.07, 4155390.16 ], [ 282522.33, 4155380.97 ], [ 282522.37, 4155380.89 ], [ 282522.43, 4155380.8 ], [ 282522.49, 4155380.73 ], [ 282522.56, 4155380.65 ], [ 282522.64, 4155380.59 ], [ 282522.72, 4155380.54 ], [ 282522.81, 4155380.49 ], [ 282522.9, 4155380.45 ], [ 282523.0, 4155380.42 ], [ 282523.09, 4155380.4 ], [ 282523.19, 4155380.4 ], [ 282523.29, 4155380.4 ], [ 282523.39, 4155380.41 ], [ 282523.49, 4155380.43 ], [ 282523.58, 4155380.46 ], [ 282523.68, 4155380.5 ], [ 282531.02, 4155384.13 ], [ 282531.11, 4155384.17 ], [ 282531.19, 4155384.23 ], [ 282531.26, 4155384.29 ], [ 282531.33, 4155384.36 ], [ 282531.39, 4155384.44 ], [ 282531.45, 4155384.52 ], [ 282531.49, 4155384.61 ], [ 282531.53, 4155384.7 ], [ 282531.55, 4155384.8 ], [ 282531.57, 4155384.89 ], [ 282531.58, 4155384.99 ], [ 282531.58, 4155385.09 ], [ 282531.57, 4155385.19 ], [ 282531.55, 4155385.29 ], [ 282531.51, 4155385.38 ], [ 282531.48, 4155385.47 ], [ 282530.98, 4155386.47 ], [ 282531.71, 4155387.2 ], [ 282532.13, 4155388.22 ], [ 282532.13, 4155389.46 ], [ 282537.32, 4155391.81 ], [ 282537.41, 4155391.85 ], [ 282537.49, 4155391.9 ], [ 282537.57, 4155391.97 ], [ 282537.64, 4155392.03 ], [ 282537.7, 4155392.11 ], [ 282537.76, 4155392.19 ], [ 282537.81, 4155392.27 ], [ 282537.85, 4155392.36 ], [ 282537.88, 4155392.46 ], [ 282537.9, 4155392.55 ], [ 282537.91, 4155392.65 ], [ 282537.91, 4155392.75 ], [ 282537.9, 4155392.85 ], [ 282537.89, 4155392.94 ], [ 282537.86, 4155393.04 ], [ 282537.82, 4155393.13 ], [ 282535.4, 4155398.52 ], [ 282550.52, 4155405.37 ], [ 282552.9, 4155403.77 ], [ 282553.55, 4155402.2 ], [ 282555.71, 4155400.05 ], [ 282556.33, 4155399.79 ], [ 282556.86, 4155399.99 ], [ 282559.02, 4155401.93 ], [ 282559.49, 4155402.84 ], [ 282560.26, 4155409.78 ], [ 282564.43, 4155411.67 ], [ 282565.97, 4155408.74 ], [ 282566.02, 4155408.65 ], [ 282566.08, 4155408.57 ], [ 282566.15, 4155408.5 ], [ 282566.22, 4155408.43 ], [ 282566.3, 4155408.38 ], [ 282566.38, 4155408.32 ], [ 282566.47, 4155408.28 ], [ 282566.56, 4155408.25 ], [ 282566.65, 4155408.22 ], [ 282566.75, 4155408.21 ], [ 282566.85, 4155408.2 ], [ 282566.95, 4155408.21 ], [ 282567.04, 4155408.22 ], [ 282567.14, 4155408.24 ], [ 282567.23, 4155408.28 ], [ 282567.32, 4155408.32 ], [ 282570.03, 4155409.73 ], [ 282570.71, 4155409.05 ], [ 282571.73, 4155408.63 ], [ 282574.13, 4155408.63 ], [ 282577.13, 4155405.63 ], [ 282577.13, 4155399.63 ], [ 282575.28, 4155396.85 ], [ 282573.71, 4155396.2 ], [ 282571.55, 4155394.05 ], [ 282571.13, 4155393.03 ], [ 282571.13, 4155387.63 ], [ 282568.13, 4155384.63 ], [ 282565.73, 4155384.63 ] ], [ [ 282526.71, 4155369.3 ], [ 282524.05, 4155375.32 ], [ 282524.0, 4155375.41 ], [ 282523.95, 4155375.49 ], [ 282523.89, 4155375.57 ], [ 282523.82, 4155375.64 ], [ 282523.75, 4155375.7 ], [ 282523.67, 4155375.76 ], [ 282523.58, 4155375.81 ], [ 282523.49, 4155375.85 ], [ 282523.4, 4155375.88 ], [ 282523.31, 4155375.9 ], [ 282523.21, 4155375.91 ], [ 282523.11, 4155375.91 ], [ 282523.01, 4155375.91 ], [ 282522.92, 4155375.89 ], [ 282522.82, 4155375.86 ], [ 282522.73, 4155375.83 ], [ 282518.75, 4155374.07 ], [ 282518.66, 4155374.03 ], [ 282518.57, 4155373.97 ], [ 282518.5, 4155373.91 ], [ 282518.43, 4155373.85 ], [ 282518.36, 4155373.77 ], [ 282518.31, 4155373.69 ], [ 282518.26, 4155373.61 ], [ 282518.22, 4155373.52 ], [ 282518.19, 4155373.42 ], [ 282518.16, 4155373.33 ], [ 282518.15, 4155373.23 ], [ 282518.15, 4155373.13 ], [ 282518.16, 4155373.04 ], [ 282518.17, 4155372.94 ], [ 282518.2, 4155372.84 ], [ 282518.23, 4155372.75 ], [ 282520.89, 4155366.73 ], [ 282520.94, 4155366.64 ], [ 282520.99, 4155366.56 ], [ 282521.05, 4155366.48 ], [ 282521.12, 4155366.41 ], [ 282521.19, 4155366.35 ], [ 282521.27, 4155366.29 ], [ 282521.35, 4155366.24 ], [ 282521.44, 4155366.2 ], [ 282521.54, 4155366.17 ], [ 282521.63, 4155366.15 ], [ 282521.73, 4155366.14 ], [ 282521.83, 4155366.14 ], [ 282521.93, 4155366.14 ], [ 282522.02, 4155366.16 ], [ 282522.12, 4155366.19 ], [ 282522.21, 4155366.22 ], [ 282526.19, 4155367.98 ], [ 282526.28, 4155368.02 ], [ 282526.36, 4155368.07 ], [ 282526.44, 4155368.14 ], [ 282526.51, 4155368.2 ], [ 282526.58, 4155368.28 ], [ 282526.63, 4155368.36 ], [ 282526.68, 4155368.44 ], [ 282526.72, 4155368.53 ], [ 282526.75, 4155368.63 ], [ 282526.78, 4155368.72 ], [ 282526.79, 4155368.82 ], [ 282526.79, 4155368.92 ], [ 282526.78, 4155369.01 ], [ 282526.77, 4155369.11 ], [ 282526.74, 4155369.21 ], [ 282526.71, 4155369.3 ] ], [ [ 282548.29, 4155397.51 ], [ 282546.09, 4155402.2 ], [ 282546.05, 4155402.28 ], [ 282545.99, 4155402.37 ], [ 282545.93, 4155402.44 ], [ 282545.86, 4155402.51 ], [ 282545.79, 4155402.58 ], [ 282545.71, 4155402.63 ], [ 282545.62, 4155402.68 ], [ 282545.53, 4155402.71 ], [ 282545.44, 4155402.74 ], [ 282545.34, 4155402.76 ], [ 282545.24, 4155402.77 ], [ 282545.14, 4155402.77 ], [ 282545.05, 4155402.76 ], [ 282544.95, 4155402.75 ], [ 282544.86, 4155402.72 ], [ 282544.76, 4155402.68 ], [ 282539.55, 4155400.24 ], [ 282539.47, 4155400.19 ], [ 282539.38, 4155400.14 ], [ 282539.31, 4155400.08 ], [ 282539.24, 4155400.01 ], [ 282539.18, 4155399.93 ], [ 282539.12, 4155399.85 ], [ 282539.07, 4155399.76 ], [ 282539.04, 4155399.67 ], [ 282539.01, 4155399.58 ], [ 282538.99, 4155399.48 ], [ 282538.98, 4155399.39 ], [ 282538.98, 4155399.29 ], [ 282538.99, 4155399.19 ], [ 282539.01, 4155399.09 ], [ 282539.03, 4155399.0 ], [ 282539.07, 4155398.91 ], [ 282541.28, 4155394.22 ], [ 282541.32, 4155394.13 ], [ 282541.38, 4155394.05 ], [ 282541.44, 4155393.98 ], [ 282541.51, 4155393.91 ], [ 282541.58, 4155393.84 ], [ 282541.66, 4155393.79 ], [ 282541.75, 4155393.74 ], [ 282541.84, 4155393.71 ], [ 282541.93, 4155393.68 ], [ 282542.03, 4155393.66 ], [ 282542.13, 4155393.65 ], [ 282542.23, 4155393.65 ], [ 282542.32, 4155393.66 ], [ 282542.42, 4155393.68 ], [ 282542.51, 4155393.7 ], [ 282542.6, 4155393.74 ], [ 282547.81, 4155396.18 ], [ 282547.89, 4155396.23 ], [ 282547.98, 4155396.28 ], [ 282548.05, 4155396.34 ], [ 282548.12, 4155396.41 ], [ 282548.18, 4155396.49 ], [ 282548.24, 4155396.57 ], [ 282548.29, 4155396.66 ], [ 282548.32, 4155396.75 ], [ 282548.35, 4155396.84 ], [ 282548.37, 4155396.94 ], [ 282548.38, 4155397.03 ], [ 282548.38, 4155397.13 ], [ 282548.37, 4155397.23 ], [ 282548.35, 4155397.33 ], [ 282548.33, 4155397.42 ], [ 282548.29, 4155397.51 ] ] ], [ [ [ 282504.71, 4155424.05 ], [ 282505.73, 4155423.63 ], [ 282506.97, 4155423.63 ], [ 282509.81, 4155419.68 ], [ 282509.68, 4155419.26 ], [ 282509.86, 4155418.06 ], [ 282506.74, 4155416.5 ], [ 282506.66, 4155416.45 ], [ 282506.58, 4155416.4 ], [ 282506.5, 4155416.33 ], [ 282506.43, 4155416.26 ], [ 282506.37, 4155416.18 ], [ 282506.32, 4155416.1 ], [ 282506.28, 4155416.01 ], [ 282506.24, 4155415.92 ], [ 282506.22, 4155415.83 ], [ 282506.2, 4155415.73 ], [ 282506.19, 4155415.63 ], [ 282506.19, 4155415.54 ], [ 282506.2, 4155415.44 ], [ 282506.23, 4155415.34 ], [ 282506.26, 4155415.25 ], [ 282506.3, 4155415.16 ], [ 282508.87, 4155410.01 ], [ 282508.92, 4155409.92 ], [ 282508.97, 4155409.84 ], [ 282509.04, 4155409.77 ], [ 282509.11, 4155409.7 ], [ 282509.18, 4155409.64 ], [ 282509.27, 4155409.58 ], [ 282509.35, 4155409.54 ], [ 282509.44, 4155409.5 ], [ 282509.54, 4155409.48 ], [ 282509.64, 4155409.46 ], [ 282509.73, 4155409.45 ], [ 282509.83, 4155409.45 ], [ 282509.93, 4155409.47 ], [ 282510.03, 4155409.49 ], [ 282510.12, 4155409.52 ], [ 282510.21, 4155409.56 ], [ 282515.62, 4155412.26 ], [ 282515.71, 4155412.31 ], [ 282515.79, 4155412.36 ], [ 282515.86, 4155412.43 ], [ 282515.93, 4155412.5 ], [ 282515.99, 4155412.58 ], [ 282516.04, 4155412.66 ], [ 282516.09, 4155412.75 ], [ 282516.12, 4155412.84 ], [ 282516.15, 4155412.93 ], [ 282516.17, 4155413.03 ], [ 282516.17, 4155413.13 ], [ 282516.17, 4155413.23 ], [ 282516.16, 4155413.33 ], [ 282516.14, 4155413.42 ], [ 282516.11, 4155413.52 ], [ 282516.07, 4155413.61 ], [ 282514.66, 4155416.38 ], [ 282515.77, 4155417.81 ], [ 282516.03, 4155419.03 ], [ 282515.89, 4155419.59 ], [ 282515.39, 4155420.37 ], [ 282514.49, 4155421.1 ], [ 282514.61, 4155424.79 ], [ 282514.12, 4155425.01 ], [ 282514.63, 4155426.14 ], [ 282515.77, 4155427.31 ], [ 282515.98, 4155426.88 ], [ 282516.02, 4155426.8 ], [ 282516.08, 4155426.72 ], [ 282516.14, 4155426.64 ], [ 282516.2, 4155426.57 ], [ 282516.28, 4155426.51 ], [ 282516.36, 4155426.46 ], [ 282516.44, 4155426.41 ], [ 282516.53, 4155426.38 ], [ 282516.62, 4155426.35 ], [ 282516.71, 4155426.33 ], [ 282516.81, 4155426.31 ], [ 282516.9, 4155426.31 ], [ 282517.0, 4155426.32 ], [ 282517.09, 4155426.33 ], [ 282517.18, 4155426.36 ], [ 282517.27, 4155426.39 ], [ 282519.78, 4155427.46 ], [ 282520.72, 4155425.53 ], [ 282520.77, 4155425.44 ], [ 282520.82, 4155425.36 ], [ 282520.89, 4155425.28 ], [ 282520.96, 4155425.22 ], [ 282521.03, 4155425.15 ], [ 282521.11, 4155425.1 ], [ 282521.2, 4155425.06 ], [ 282521.29, 4155425.02 ], [ 282521.39, 4155424.99 ], [ 282521.48, 4155424.97 ], [ 282521.58, 4155424.97 ], [ 282521.68, 4155424.97 ], [ 282521.78, 4155424.98 ], [ 282521.87, 4155425.0 ], [ 282521.97, 4155425.03 ], [ 282522.06, 4155425.07 ], [ 282525.39, 4155426.69 ], [ 282525.47, 4155426.74 ], [ 282525.56, 4155426.79 ], [ 282525.63, 4155426.85 ], [ 282525.7, 4155426.93 ], [ 282525.76, 4155427.0 ], [ 282525.81, 4155427.08 ], [ 282525.86, 4155427.17 ], [ 282525.9, 4155427.26 ], [ 282525.92, 4155427.36 ], [ 282525.94, 4155427.45 ], [ 282525.95, 4155427.55 ], [ 282525.95, 4155427.65 ], [ 282525.94, 4155427.75 ], [ 282525.92, 4155427.84 ], [ 282525.89, 4155427.94 ], [ 282525.85, 4155428.03 ], [ 282524.2, 4155431.42 ], [ 282524.15, 4155431.51 ], [ 282524.09, 4155431.59 ], [ 282524.03, 4155431.66 ], [ 282523.96, 4155431.73 ], [ 282523.88, 4155431.79 ], [ 282523.8, 4155431.85 ], [ 282523.71, 4155431.89 ], [ 282523.62, 4155431.93 ], [ 282523.53, 4155431.96 ], [ 282523.49, 4155431.96 ], [ 282516.68, 4155446.75 ], [ 282516.63, 4155446.84 ], [ 282516.57, 4155446.92 ], [ 282516.51, 4155447.0 ], [ 282516.44, 4155447.07 ], [ 282516.36, 4155447.14 ], [ 282516.28, 4155447.19 ], [ 282516.19, 4155447.24 ], [ 282516.09, 4155447.28 ], [ 282515.99, 4155447.3 ], [ 282515.89, 4155447.32 ], [ 282515.79, 4155447.33 ], [ 282515.69, 4155447.33 ], [ 282515.59, 4155447.31 ], [ 282515.49, 4155447.29 ], [ 282515.4, 4155447.26 ], [ 282508.69, 4155444.58 ], [ 282508.61, 4155444.54 ], [ 282508.52, 4155444.49 ], [ 282508.45, 4155444.44 ], [ 282508.37, 4155444.37 ], [ 282508.31, 4155444.3 ], [ 282508.25, 4155444.23 ], [ 282508.2, 4155444.15 ], [ 282508.15, 4155444.06 ], [ 282508.12, 4155443.97 ], [ 282508.09, 4155443.88 ], [ 282508.07, 4155443.78 ], [ 282508.07, 4155443.69 ], [ 282508.07, 4155443.59 ], [ 282508.08, 4155443.49 ], [ 282508.1, 4155443.4 ], [ 282508.13, 4155443.31 ], [ 282508.16, 4155443.22 ], [ 282509.77, 4155439.86 ], [ 282509.54, 4155439.01 ], [ 282509.82, 4155437.87 ], [ 282507.68, 4155434.65 ], [ 282506.98, 4155436.1 ], [ 282506.95, 4155436.15 ], [ 282506.95, 4155436.19 ], [ 282506.94, 4155436.29 ], [ 282506.92, 4155436.39 ], [ 282506.88, 4155436.48 ], [ 282506.85, 4155436.57 ], [ 282503.86, 4155442.59 ], [ 282503.82, 4155442.67 ], [ 282503.76, 4155442.76 ], [ 282503.7, 4155442.83 ], [ 282503.62, 4155442.9 ], [ 282503.55, 4155442.96 ], [ 282503.47, 4155443.01 ], [ 282503.38, 4155443.06 ], [ 282503.29, 4155443.09 ], [ 282503.19, 4155443.12 ], [ 282503.09, 4155443.14 ], [ 282503.0, 4155443.14 ], [ 282502.9, 4155443.14 ], [ 282502.8, 4155443.13 ], [ 282502.7, 4155443.11 ], [ 282502.61, 4155443.08 ], [ 282502.52, 4155443.04 ], [ 282500.0, 4155441.78 ], [ 282500.0, 4155442.47 ], [ 282504.56, 4155444.61 ], [ 282530.31, 4155456.68 ], [ 282529.35, 4155455.13 ], [ 282529.22, 4155454.67 ], [ 282527.81, 4155454.02 ], [ 282527.73, 4155453.97 ], [ 282527.64, 4155453.92 ], [ 282527.57, 4155453.86 ], [ 282527.5, 4155453.79 ], [ 282527.43, 4155453.71 ], [ 282527.38, 4155453.63 ], [ 282527.33, 4155453.55 ], [ 282527.29, 4155453.46 ], [ 282527.26, 4155453.36 ], [ 282527.24, 4155453.27 ], [ 282527.23, 4155453.17 ], [ 282527.23, 4155453.07 ], [ 282527.24, 4155452.97 ], [ 282527.26, 4155452.88 ], [ 282527.29, 4155452.78 ], [ 282527.32, 4155452.69 ], [ 282530.01, 4155446.87 ], [ 282530.06, 4155446.78 ], [ 282530.11, 4155446.7 ], [ 282530.17, 4155446.62 ], [ 282530.24, 4155446.55 ], [ 282530.31, 4155446.49 ], [ 282530.4, 4155446.44 ], [ 282530.48, 4155446.39 ], [ 282530.57, 4155446.35 ], [ 282530.67, 4155446.32 ], [ 282530.76, 4155446.3 ], [ 282530.86, 4155446.29 ], [ 282530.96, 4155446.29 ], [ 282531.05, 4155446.3 ], [ 282531.15, 4155446.32 ], [ 282531.24, 4155446.34 ], [ 282531.34, 4155446.38 ], [ 282531.98, 4155446.68 ], [ 282533.11, 4155446.3 ], [ 282533.17, 4155446.17 ], [ 282533.21, 4155446.09 ], [ 282533.27, 4155446.0 ], [ 282533.33, 4155445.93 ], [ 282533.4, 4155445.86 ], [ 282533.47, 4155445.8 ], [ 282533.56, 4155445.74 ], [ 282533.64, 4155445.69 ], [ 282533.73, 4155445.66 ], [ 282533.82, 4155445.63 ], [ 282533.92, 4155445.61 ], [ 282534.02, 4155445.6 ], [ 282534.12, 4155445.6 ], [ 282534.21, 4155445.6 ], [ 282534.31, 4155445.62 ], [ 282534.4, 4155445.65 ], [ 282534.49, 4155445.69 ], [ 282534.69, 4155445.77 ], [ 282536.08, 4155445.31 ], [ 282538.13, 4155442.46 ], [ 282538.13, 4155431.9 ], [ 282538.35, 4155431.12 ], [ 282539.57, 4155429.15 ], [ 282540.16, 4155428.61 ], [ 282542.48, 4155427.45 ], [ 282543.48, 4155427.22 ], [ 282543.42, 4155426.98 ], [ 282546.03, 4155424.71 ], [ 282543.88, 4155421.41 ], [ 282543.78, 4155421.38 ], [ 282543.01, 4155420.86 ], [ 282541.43, 4155418.75 ], [ 282541.13, 4155417.87 ], [ 282541.13, 4155409.22 ], [ 282541.55, 4155408.2 ], [ 282541.69, 4155408.06 ], [ 282501.12, 4155389.68 ], [ 282500.0, 4155395.28 ], [ 282500.0, 4155425.73 ], [ 282502.24, 4155426.52 ], [ 282504.71, 4155424.05 ] ], [ [ 282513.84, 4155404.59 ], [ 282513.81, 4155404.68 ], [ 282513.76, 4155404.77 ], [ 282513.7, 4155404.85 ], [ 282513.64, 4155404.92 ], [ 282513.57, 4155404.99 ], [ 282513.49, 4155405.05 ], [ 282513.41, 4155405.1 ], [ 282513.32, 4155405.15 ], [ 282513.23, 4155405.19 ], [ 282513.14, 4155405.21 ], [ 282513.04, 4155405.23 ], [ 282512.94, 4155405.24 ], [ 282512.85, 4155405.24 ], [ 282512.75, 4155405.23 ], [ 282512.65, 4155405.21 ], [ 282509.27, 4155404.32 ], [ 282509.18, 4155404.29 ], [ 282509.08, 4155404.25 ], [ 282509.0, 4155404.2 ], [ 282508.92, 4155404.15 ], [ 282508.84, 4155404.08 ], [ 282508.77, 4155404.01 ], [ 282508.71, 4155403.94 ], [ 282508.66, 4155403.85 ], [ 282508.61, 4155403.77 ], [ 282508.58, 4155403.68 ], [ 282508.55, 4155403.58 ], [ 282508.53, 4155403.48 ], [ 282508.52, 4155403.39 ], [ 282508.52, 4155403.29 ], [ 282508.54, 4155403.19 ], [ 282508.56, 4155403.09 ], [ 282510.18, 4155397.02 ], [ 282510.21, 4155396.93 ], [ 282510.24, 4155396.84 ], [ 282510.29, 4155396.75 ], [ 282510.35, 4155396.67 ], [ 282510.41, 4155396.6 ], [ 282510.48, 4155396.53 ], [ 282510.56, 4155396.47 ], [ 282510.64, 4155396.42 ], [ 282510.73, 4155396.37 ], [ 282510.82, 4155396.33 ], [ 282510.91, 4155396.31 ], [ 282511.01, 4155396.29 ], [ 282511.11, 4155396.28 ], [ 282511.2, 4155396.28 ], [ 282511.3, 4155396.29 ], [ 282511.4, 4155396.31 ], [ 282514.77, 4155397.2 ], [ 282514.87, 4155397.23 ], [ 282514.96, 4155397.27 ], [ 282515.04, 4155397.32 ], [ 282515.12, 4155397.37 ], [ 282515.2, 4155397.44 ], [ 282515.27, 4155397.51 ], [ 282515.33, 4155397.58 ], [ 282515.38, 4155397.67 ], [ 282515.43, 4155397.75 ], [ 282515.46, 4155397.84 ], [ 282515.49, 4155397.94 ], [ 282515.51, 4155398.04 ], [ 282515.52, 4155398.13 ], [ 282515.52, 4155398.23 ], [ 282515.5, 4155398.33 ], [ 282515.48, 4155398.42 ], [ 282513.87, 4155404.5 ], [ 282513.84, 4155404.59 ] ] ], [ [ [ 282502.03, 4155434.79 ], [ 282501.95, 4155434.73 ], [ 282501.88, 4155434.67 ], [ 282501.81, 4155434.6 ], [ 282501.75, 4155434.52 ], [ 282501.69, 4155434.44 ], [ 282501.65, 4155434.35 ], [ 282501.61, 4155434.26 ], [ 282501.58, 4155434.17 ], [ 282501.57, 4155434.07 ], [ 282501.56, 4155433.97 ], [ 282501.56, 4155433.88 ], [ 282501.57, 4155433.78 ], [ 282501.59, 4155433.68 ], [ 282501.62, 4155433.59 ], [ 282501.66, 4155433.5 ], [ 282502.58, 4155431.62 ], [ 282502.13, 4155430.74 ], [ 282502.13, 4155428.7 ], [ 282500.0, 4155426.12 ], [ 282500.0, 4155439.01 ], [ 282502.09, 4155434.82 ], [ 282502.03, 4155434.79 ] ] ], [ [ [ 282666.5, 4155434.18 ], [ 282666.43, 4155434.26 ], [ 282666.36, 4155434.32 ], [ 282666.28, 4155434.38 ], [ 282666.19, 4155434.42 ], [ 282666.1, 4155434.46 ], [ 282666.01, 4155434.5 ], [ 282665.92, 4155434.52 ], [ 282665.82, 4155434.53 ], [ 282665.72, 4155434.53 ], [ 282665.62, 4155434.53 ], [ 282665.53, 4155434.51 ], [ 282665.43, 4155434.48 ], [ 282665.34, 4155434.45 ], [ 282664.93, 4155434.27 ], [ 282662.38, 4155434.78 ], [ 282661.2, 4155434.48 ], [ 282658.65, 4155432.39 ], [ 282658.15, 4155431.34 ], [ 282657.86, 4155431.16 ], [ 282657.39, 4155430.95 ], [ 282657.3, 4155430.9 ], [ 282657.21, 4155430.85 ], [ 282657.14, 4155430.79 ], [ 282657.07, 4155430.72 ], [ 282657.0, 4155430.65 ], [ 282656.95, 4155430.58 ], [ 282655.44, 4155429.63 ], [ 282654.48, 4155429.63 ], [ 282654.44, 4155429.68 ], [ 282654.37, 4155429.74 ], [ 282654.29, 4155429.8 ], [ 282654.21, 4155429.86 ], [ 282654.12, 4155429.9 ], [ 282654.03, 4155429.93 ], [ 282653.93, 4155429.96 ], [ 282653.84, 4155429.98 ], [ 282653.74, 4155429.98 ], [ 282653.64, 4155429.98 ], [ 282653.54, 4155429.97 ], [ 282653.45, 4155429.95 ], [ 282653.36, 4155429.92 ], [ 282653.27, 4155429.88 ], [ 282652.77, 4155429.63 ], [ 282652.73, 4155429.63 ], [ 282651.71, 4155429.2 ], [ 282651.47, 4155428.96 ], [ 282649.17, 4155427.79 ], [ 282649.08, 4155427.75 ], [ 282649.0, 4155427.69 ], [ 282648.93, 4155427.62 ], [ 282648.86, 4155427.55 ], [ 282648.8, 4155427.48 ], [ 282648.75, 4155427.39 ], [ 282648.71, 4155427.3 ], [ 282648.67, 4155427.21 ], [ 282648.65, 4155427.12 ], [ 282648.63, 4155427.02 ], [ 282648.62, 4155426.92 ], [ 282648.63, 4155426.82 ], [ 282648.64, 4155426.73 ], [ 282648.66, 4155426.63 ], [ 282648.69, 4155426.54 ], [ 282648.73, 4155426.45 ], [ 282649.13, 4155425.67 ], [ 282649.13, 4155425.18 ], [ 282648.35, 4155424.78 ], [ 282648.26, 4155424.74 ], [ 282648.18, 4155424.68 ], [ 282648.11, 4155424.61 ], [ 282648.04, 4155424.54 ], [ 282647.98, 4155424.47 ], [ 282647.93, 4155424.38 ], [ 282647.88, 4155424.29 ], [ 282647.85, 4155424.2 ], [ 282647.82, 4155424.11 ], [ 282647.81, 4155424.01 ], [ 282647.8, 4155423.91 ], [ 282647.8, 4155423.82 ], [ 282647.82, 4155423.72 ], [ 282647.84, 4155423.62 ], [ 282647.87, 4155423.53 ], [ 282647.88, 4155423.49 ], [ 282645.4, 4155421.56 ], [ 282644.57, 4155421.77 ], [ 282644.51, 4155421.79 ], [ 282644.42, 4155421.82 ], [ 282644.32, 4155421.84 ], [ 282644.25, 4155421.84 ], [ 282641.53, 4155422.53 ], [ 282640.31, 4155422.27 ], [ 282637.68, 4155420.21 ], [ 282637.05, 4155418.92 ], [ 282634.89, 4155417.33 ], [ 282634.88, 4155417.35 ], [ 282634.82, 4155417.43 ], [ 282634.75, 4155417.49 ], [ 282634.67, 4155417.56 ], [ 282634.59, 4155417.61 ], [ 282634.5, 4155417.66 ], [ 282634.41, 4155417.69 ], [ 282634.32, 4155417.72 ], [ 282634.22, 4155417.74 ], [ 282634.12, 4155417.75 ], [ 282634.03, 4155417.75 ], [ 282633.93, 4155417.74 ], [ 282633.83, 4155417.72 ], [ 282633.74, 4155417.69 ], [ 282633.65, 4155417.65 ], [ 282631.92, 4155416.82 ], [ 282622.29, 4155415.34 ], [ 282621.84, 4155415.65 ], [ 282621.48, 4155415.22 ], [ 282603.87, 4155412.51 ], [ 282600.73, 4155416.81 ], [ 282603.16, 4155421.69 ], [ 282606.27, 4155423.32 ], [ 282612.12, 4155422.48 ], [ 282612.13, 4155422.47 ], [ 282612.2, 4155422.4 ], [ 282612.28, 4155422.34 ], [ 282612.36, 4155422.29 ], [ 282612.45, 4155422.24 ], [ 282612.54, 4155422.21 ], [ 282612.64, 4155422.18 ], [ 282612.73, 4155422.16 ], [ 282612.83, 4155422.16 ], [ 282612.93, 4155422.16 ], [ 282613.03, 4155422.17 ], [ 282613.12, 4155422.19 ], [ 282613.22, 4155422.22 ], [ 282613.31, 4155422.26 ], [ 282613.39, 4155422.3 ], [ 282621.06, 4155421.21 ], [ 282622.2, 4155421.54 ], [ 282624.64, 4155423.66 ], [ 282625.13, 4155424.74 ], [ 282625.13, 4155430.28 ], [ 282627.4, 4155433.19 ], [ 282627.92, 4155433.32 ], [ 282628.03, 4155433.07 ], [ 282628.08, 4155432.98 ], [ 282628.13, 4155432.9 ], [ 282628.2, 4155432.83 ], [ 282628.26, 4155432.76 ], [ 282628.34, 4155432.69 ], [ 282628.42, 4155432.64 ], [ 282628.51, 4155432.59 ], [ 282628.6, 4155432.56 ], [ 282628.69, 4155432.53 ], [ 282628.79, 4155432.51 ], [ 282628.89, 4155432.5 ], [ 282628.98, 4155432.5 ], [ 282629.08, 4155432.51 ], [ 282629.18, 4155432.53 ], [ 282629.27, 4155432.55 ], [ 282629.36, 4155432.59 ], [ 282634.36, 4155434.93 ], [ 282634.37, 4155434.94 ], [ 282634.38, 4155434.94 ], [ 282638.0, 4155436.64 ], [ 282638.09, 4155436.69 ], [ 282638.17, 4155436.74 ], [ 282638.25, 4155436.8 ], [ 282638.32, 4155436.87 ], [ 282638.38, 4155436.95 ], [ 282638.44, 4155437.03 ], [ 282638.48, 4155437.11 ], [ 282638.52, 4155437.2 ], [ 282638.55, 4155437.3 ], [ 282638.57, 4155437.39 ], [ 282638.58, 4155437.49 ], [ 282638.58, 4155437.59 ], [ 282638.57, 4155437.69 ], [ 282638.55, 4155437.78 ], [ 282638.52, 4155437.88 ], [ 282638.49, 4155437.97 ], [ 282637.13, 4155440.86 ], [ 282637.13, 4155442.35 ], [ 282636.91, 4155443.13 ], [ 282635.74, 4155445.02 ], [ 282649.13, 4155451.34 ], [ 282649.13, 4155451.22 ], [ 282649.55, 4155450.2 ], [ 282651.71, 4155448.05 ], [ 282652.73, 4155447.63 ], [ 282672.53, 4155447.63 ], [ 282673.55, 4155448.05 ], [ 282675.71, 4155450.2 ], [ 282676.13, 4155451.22 ], [ 282676.13, 4155453.03 ], [ 282675.71, 4155454.05 ], [ 282673.55, 4155456.2 ], [ 282672.53, 4155456.63 ], [ 282660.31, 4155456.63 ], [ 282674.0, 4155463.1 ], [ 282675.75, 4155463.92 ], [ 282678.0, 4155464.75 ], [ 282685.13, 4155449.28 ], [ 282685.13, 4155444.63 ], [ 282682.13, 4155441.63 ], [ 282676.73, 4155441.63 ], [ 282675.71, 4155441.2 ], [ 282673.55, 4155439.05 ], [ 282673.13, 4155438.03 ], [ 282673.13, 4155436.29 ], [ 282669.54, 4155433.34 ], [ 282666.67, 4155433.92 ], [ 282666.66, 4155433.94 ], [ 282666.61, 4155434.02 ], [ 282666.56, 4155434.11 ], [ 282666.5, 4155434.18 ] ], [ [ 282646.43, 4155448.79 ], [ 282646.38, 4155448.88 ], [ 282646.33, 4155448.96 ], [ 282646.27, 4155449.04 ], [ 282646.2, 4155449.11 ], [ 282646.13, 4155449.17 ], [ 282646.04, 4155449.23 ], [ 282645.96, 4155449.28 ], [ 282645.87, 4155449.31 ], [ 282645.77, 4155449.34 ], [ 282645.68, 4155449.36 ], [ 282645.58, 4155449.37 ], [ 282645.48, 4155449.37 ], [ 282645.38, 4155449.37 ], [ 282645.29, 4155449.35 ], [ 282645.19, 4155449.32 ], [ 282645.1, 4155449.28 ], [ 282639.33, 4155446.6 ], [ 282639.24, 4155446.56 ], [ 282639.16, 4155446.5 ], [ 282639.08, 4155446.44 ], [ 282639.01, 4155446.37 ], [ 282638.95, 4155446.3 ], [ 282638.89, 4155446.21 ], [ 282638.85, 4155446.13 ], [ 282638.81, 4155446.04 ], [ 282638.78, 4155445.94 ], [ 282638.76, 4155445.85 ], [ 282638.75, 4155445.75 ], [ 282638.75, 4155445.65 ], [ 282638.76, 4155445.55 ], [ 282638.78, 4155445.46 ], [ 282638.8, 4155445.36 ], [ 282638.84, 4155445.27 ], [ 282641.74, 4155439.09 ], [ 282641.79, 4155439.0 ], [ 282641.84, 4155438.92 ], [ 282641.9, 4155438.84 ], [ 282641.97, 4155438.77 ], [ 282642.05, 4155438.71 ], [ 282642.13, 4155438.66 ], [ 282642.21, 4155438.61 ], [ 282642.3, 4155438.57 ], [ 282642.4, 4155438.54 ], [ 282642.49, 4155438.52 ], [ 282642.59, 4155438.51 ], [ 282642.69, 4155438.51 ], [ 282642.79, 4155438.52 ], [ 282642.88, 4155438.54 ], [ 282642.98, 4155438.57 ], [ 282643.07, 4155438.6 ], [ 282644.72, 4155439.37 ], [ 282644.89, 4155438.99 ], [ 282644.94, 4155438.9 ], [ 282644.99, 4155438.82 ], [ 282645.05, 4155438.74 ], [ 282645.12, 4155438.67 ], [ 282645.2, 4155438.61 ], [ 282645.28, 4155438.55 ], [ 282645.37, 4155438.51 ], [ 282645.46, 4155438.47 ], [ 282645.55, 4155438.44 ], [ 282645.65, 4155438.42 ], [ 282645.75, 4155438.41 ], [ 282645.84, 4155438.41 ], [ 282645.94, 4155438.42 ], [ 282646.04, 4155438.44 ], [ 282646.13, 4155438.46 ], [ 282646.22, 4155438.5 ], [ 282647.64, 4155439.16 ], [ 282647.73, 4155439.21 ], [ 282647.81, 4155439.26 ], [ 282647.88, 4155439.33 ], [ 282647.95, 4155439.4 ], [ 282648.02, 4155439.47 ], [ 282648.07, 4155439.55 ], [ 282648.12, 4155439.64 ], [ 282648.16, 4155439.73 ], [ 282648.18, 4155439.82 ], [ 282648.2, 4155439.92 ], [ 282648.21, 4155440.02 ], [ 282648.21, 4155440.12 ], [ 282648.21, 4155440.21 ], [ 282648.19, 4155440.31 ], [ 282648.16, 4155440.4 ], [ 282648.12, 4155440.49 ], [ 282647.9, 4155440.96 ], [ 282648.88, 4155441.42 ], [ 282648.97, 4155441.46 ], [ 282649.05, 4155441.52 ], [ 282649.13, 4155441.58 ], [ 282649.2, 4155441.65 ], [ 282649.26, 4155441.73 ], [ 282649.32, 4155441.81 ], [ 282649.36, 4155441.9 ], [ 282649.4, 4155441.99 ], [ 282649.43, 4155442.08 ], [ 282649.45, 4155442.18 ], [ 282649.46, 4155442.27 ], [ 282649.46, 4155442.37 ], [ 282649.45, 4155442.47 ], [ 282649.43, 4155442.57 ], [ 282649.4, 4155442.66 ], [ 282649.36, 4155442.75 ], [ 282649.33, 4155442.83 ], [ 282650.99, 4155443.61 ], [ 282651.08, 4155443.65 ], [ 282651.16, 4155443.71 ], [ 282651.24, 4155443.77 ], [ 282651.31, 4155443.84 ], [ 282651.37, 4155443.91 ], [ 282651.42, 4155443.99 ], [ 282651.47, 4155444.08 ], [ 282651.51, 4155444.17 ], [ 282651.54, 4155444.26 ], [ 282651.56, 4155444.36 ], [ 282651.57, 4155444.46 ], [ 282651.57, 4155444.56 ], [ 282651.56, 4155444.65 ], [ 282651.54, 4155444.75 ], [ 282651.51, 4155444.85 ], [ 282651.47, 4155444.94 ], [ 282649.79, 4155448.53 ], [ 282649.75, 4155448.62 ], [ 282649.69, 4155448.7 ], [ 282649.63, 4155448.78 ], [ 282649.56, 4155448.85 ], [ 282649.48, 4155448.91 ], [ 282649.4, 4155448.96 ], [ 282649.32, 4155449.01 ], [ 282649.23, 4155449.05 ], [ 282649.13, 4155449.08 ], [ 282649.04, 4155449.1 ], [ 282648.94, 4155449.11 ], [ 282648.84, 4155449.11 ], [ 282648.74, 4155449.1 ], [ 282648.65, 4155449.08 ], [ 282648.55, 4155449.05 ], [ 282648.46, 4155449.02 ], [ 282646.71, 4155448.2 ], [ 282646.43, 4155448.79 ] ] ], [ [ [ 282559.48, 4155424.91 ], [ 282559.39, 4155424.94 ], [ 282559.29, 4155424.96 ], [ 282559.2, 4155424.97 ], [ 282559.1, 4155424.97 ], [ 282559.0, 4155424.96 ], [ 282558.9, 4155424.94 ], [ 282558.81, 4155424.92 ], [ 282558.72, 4155424.88 ], [ 282558.54, 4155424.8 ], [ 282558.4, 4155424.91 ], [ 282557.11, 4155425.19 ], [ 282551.17, 4155423.49 ], [ 282547.55, 4155425.29 ], [ 282549.0, 4155429.06 ], [ 282554.1, 4155431.61 ], [ 282554.69, 4155432.15 ], [ 282555.91, 4155434.12 ], [ 282555.98, 4155434.38 ], [ 282555.99, 4155434.38 ], [ 282556.05, 4155434.46 ], [ 282556.1, 4155434.54 ], [ 282556.15, 4155434.63 ], [ 282556.18, 4155434.72 ], [ 282556.21, 4155434.81 ], [ 282556.23, 4155434.91 ], [ 282556.24, 4155435.01 ], [ 282556.24, 4155435.1 ], [ 282556.23, 4155435.2 ], [ 282556.21, 4155435.3 ], [ 282556.18, 4155435.39 ], [ 282556.14, 4155435.48 ], [ 282556.13, 4155435.5 ], [ 282556.13, 4155439.35 ], [ 282555.91, 4155440.13 ], [ 282554.69, 4155442.1 ], [ 282554.1, 4155442.64 ], [ 282552.35, 4155443.51 ], [ 282550.85, 4155445.25 ], [ 282550.72, 4155445.63 ], [ 282550.57, 4155446.44 ], [ 282550.55, 4155446.95 ], [ 282548.99, 4155449.48 ], [ 282549.95, 4155450.08 ], [ 282549.71, 4155450.21 ], [ 282549.25, 4155449.75 ], [ 282548.01, 4155450.99 ], [ 282547.8, 4155451.5 ], [ 282547.82, 4155451.54 ], [ 282547.86, 4155451.63 ], [ 282547.89, 4155451.73 ], [ 282547.91, 4155451.82 ], [ 282547.92, 4155451.92 ], [ 282547.92, 4155452.02 ], [ 282547.91, 4155452.12 ], [ 282547.89, 4155452.21 ], [ 282547.86, 4155452.31 ], [ 282547.83, 4155452.4 ], [ 282547.13, 4155453.89 ], [ 282547.13, 4155456.99 ], [ 282546.86, 4155457.85 ], [ 282545.36, 4155459.93 ], [ 282544.97, 4155460.21 ], [ 282544.97, 4155463.55 ], [ 282547.08, 4155464.54 ], [ 282563.01, 4155430.07 ], [ 282563.02, 4155430.06 ], [ 282566.41, 4155422.8 ], [ 282566.51, 4155422.61 ], [ 282568.12, 4155420.04 ], [ 282563.14, 4155417.79 ], [ 282563.14, 4155417.82 ], [ 282563.11, 4155417.91 ], [ 282563.07, 4155418.0 ], [ 282561.53, 4155421.25 ], [ 282561.55, 4155421.44 ], [ 282561.06, 4155422.67 ], [ 282560.74, 4155422.94 ], [ 282560.05, 4155424.4 ], [ 282560.0, 4155424.49 ], [ 282559.95, 4155424.57 ], [ 282559.88, 4155424.64 ], [ 282559.82, 4155424.71 ], [ 282559.74, 4155424.78 ], [ 282559.66, 4155424.83 ], [ 282559.57, 4155424.88 ], [ 282559.48, 4155424.91 ] ] ], [ [ [ 282583.32, 4155442.2 ], [ 282583.24, 4155442.15 ], [ 282583.16, 4155442.08 ], [ 282583.09, 4155442.01 ], [ 282583.03, 4155441.94 ], [ 282582.98, 4155441.86 ], [ 282582.93, 4155441.77 ], [ 282582.9, 4155441.68 ], [ 282582.87, 4155441.58 ], [ 282582.85, 4155441.49 ], [ 282582.84, 4155441.39 ], [ 282582.84, 4155441.29 ], [ 282582.85, 4155441.19 ], [ 282582.87, 4155441.1 ], [ 282582.9, 4155441.0 ], [ 282582.94, 4155440.91 ], [ 282585.29, 4155436.06 ], [ 282583.03, 4155433.31 ], [ 282572.47, 4155455.44 ], [ 282576.88, 4155455.93 ], [ 282577.18, 4155455.28 ], [ 282577.23, 4155455.2 ], [ 282577.29, 4155455.12 ], [ 282577.35, 4155455.04 ], [ 282577.42, 4155454.97 ], [ 282577.49, 4155454.91 ], [ 282577.58, 4155454.86 ], [ 282577.66, 4155454.81 ], [ 282577.75, 4155454.77 ], [ 282577.85, 4155454.74 ], [ 282577.94, 4155454.72 ], [ 282578.04, 4155454.72 ], [ 282578.14, 4155454.72 ], [ 282578.24, 4155454.73 ], [ 282578.33, 4155454.74 ], [ 282578.43, 4155454.77 ], [ 282578.52, 4155454.81 ], [ 282583.21, 4155457.04 ], [ 282583.3, 4155457.09 ], [ 282583.38, 4155457.14 ], [ 282583.45, 4155457.21 ], [ 282583.52, 4155457.28 ], [ 282583.58, 4155457.35 ], [ 282583.64, 4155457.43 ], [ 282583.69, 4155457.52 ], [ 282583.72, 4155457.61 ], [ 282583.75, 4155457.7 ], [ 282583.77, 4155457.8 ], [ 282583.78, 4155457.9 ], [ 282583.78, 4155458.0 ], [ 282583.77, 4155458.09 ], [ 282583.75, 4155458.19 ], [ 282583.72, 4155458.28 ], [ 282583.68, 4155458.38 ], [ 282583.45, 4155458.87 ], [ 282583.66, 4155459.24 ], [ 282584.91, 4155465.52 ], [ 282585.11, 4155465.61 ], [ 282585.19, 4155465.66 ], [ 282585.27, 4155465.71 ], [ 282585.35, 4155465.77 ], [ 282585.42, 4155465.84 ], [ 282585.48, 4155465.92 ], [ 282585.53, 4155466.0 ], [ 282585.58, 4155466.09 ], [ 282585.62, 4155466.18 ], [ 282585.65, 4155466.27 ], [ 282585.67, 4155466.37 ], [ 282585.68, 4155466.47 ], [ 282585.67, 4155466.56 ], [ 282585.67, 4155466.66 ], [ 282585.65, 4155466.76 ], [ 282585.62, 4155466.85 ], [ 282585.58, 4155466.94 ], [ 282585.18, 4155467.79 ], [ 282584.99, 4155468.56 ], [ 282584.58, 4155469.06 ], [ 282583.25, 4155471.86 ], [ 282583.2, 4155471.94 ], [ 282583.15, 4155472.02 ], [ 282583.09, 4155472.1 ], [ 282583.02, 4155472.17 ], [ 282582.94, 4155472.23 ], [ 282582.86, 4155472.29 ], [ 282582.77, 4155472.33 ], [ 282582.68, 4155472.37 ], [ 282582.59, 4155472.4 ], [ 282582.49, 4155472.42 ], [ 282582.39, 4155472.43 ], [ 282582.3, 4155472.43 ], [ 282582.2, 4155472.42 ], [ 282582.1, 4155472.4 ], [ 282582.01, 4155472.37 ], [ 282581.92, 4155472.33 ], [ 282580.43, 4155471.63 ], [ 282574.73, 4155471.63 ], [ 282573.71, 4155471.2 ], [ 282571.55, 4155469.05 ], [ 282571.13, 4155468.03 ], [ 282571.13, 4155467.48 ], [ 282567.73, 4155465.38 ], [ 282564.06, 4155473.09 ], [ 282602.1, 4155490.08 ], [ 282611.12, 4155492.16 ], [ 282611.78, 4155492.51 ], [ 282613.38, 4155493.96 ], [ 282613.79, 4155494.59 ], [ 282614.13, 4155495.61 ], [ 282623.44, 4155500.0 ], [ 282633.13, 4155500.0 ], [ 282633.79, 4155498.63 ], [ 282632.57, 4155498.04 ], [ 282632.48, 4155498.0 ], [ 282632.4, 4155497.94 ], [ 282632.32, 4155497.88 ], [ 282632.26, 4155497.81 ], [ 282632.19, 4155497.73 ], [ 282632.14, 4155497.65 ], [ 282632.09, 4155497.56 ], [ 282632.06, 4155497.47 ], [ 282632.03, 4155497.38 ], [ 282632.01, 4155497.28 ], [ 282632.0, 4155497.18 ], [ 282632.0, 4155497.09 ], [ 282632.01, 4155496.99 ], [ 282632.03, 4155496.89 ], [ 282632.06, 4155496.8 ], [ 282632.1, 4155496.71 ], [ 282634.77, 4155491.13 ], [ 282634.82, 4155491.04 ], [ 282634.88, 4155490.96 ], [ 282634.94, 4155490.89 ], [ 282635.01, 4155490.82 ], [ 282635.08, 4155490.76 ], [ 282635.17, 4155490.7 ], [ 282635.25, 4155490.66 ], [ 282635.34, 4155490.62 ], [ 282635.44, 4155490.59 ], [ 282635.53, 4155490.57 ], [ 282635.63, 4155490.56 ], [ 282635.73, 4155490.56 ], [ 282635.83, 4155490.57 ], [ 282635.92, 4155490.59 ], [ 282636.02, 4155490.62 ], [ 282636.11, 4155490.66 ], [ 282637.4, 4155491.28 ], [ 282637.67, 4155490.72 ], [ 282637.72, 4155490.63 ], [ 282637.78, 4155490.55 ], [ 282637.84, 4155490.48 ], [ 282637.91, 4155490.41 ], [ 282637.98, 4155490.35 ], [ 282638.07, 4155490.29 ], [ 282638.15, 4155490.25 ], [ 282638.24, 4155490.21 ], [ 282638.34, 4155490.18 ], [ 282638.43, 4155490.16 ], [ 282638.53, 4155490.16 ], [ 282638.63, 4155490.16 ], [ 282638.73, 4155490.17 ], [ 282638.82, 4155490.19 ], [ 282638.92, 4155490.21 ], [ 282639.01, 4155490.25 ], [ 282641.02, 4155491.22 ], [ 282643.08, 4155490.65 ], [ 282643.49, 4155487.35 ], [ 282643.04, 4155486.44 ], [ 282639.34, 4155484.71 ], [ 282639.25, 4155484.67 ], [ 282639.17, 4155484.61 ], [ 282639.09, 4155484.55 ], [ 282639.02, 4155484.48 ], [ 282638.96, 4155484.4 ], [ 282638.91, 4155484.32 ], [ 282638.86, 4155484.24 ], [ 282638.82, 4155484.15 ], [ 282638.79, 4155484.05 ], [ 282638.77, 4155483.96 ], [ 282638.76, 4155483.86 ], [ 282638.76, 4155483.76 ], [ 282638.77, 4155483.66 ], [ 282638.79, 4155483.57 ], [ 282638.82, 4155483.47 ], [ 282638.86, 4155483.38 ], [ 282640.05, 4155480.84 ], [ 282639.47, 4155480.18 ], [ 282632.78, 4155475.72 ], [ 282632.29, 4155475.19 ], [ 282631.31, 4155473.35 ], [ 282631.13, 4155472.65 ], [ 282631.13, 4155463.58 ], [ 282631.6, 4155462.51 ], [ 282633.96, 4155460.38 ], [ 282635.06, 4155460.02 ], [ 282649.44, 4155461.46 ], [ 282652.44, 4155459.76 ], [ 282652.43, 4155459.65 ], [ 282610.96, 4155440.05 ], [ 282601.46, 4155439.0 ], [ 282598.13, 4155441.98 ], [ 282598.13, 4155444.03 ], [ 282597.71, 4155445.05 ], [ 282595.55, 4155447.2 ], [ 282594.53, 4155447.63 ], [ 282587.46, 4155447.63 ], [ 282586.36, 4155447.1 ], [ 282584.28, 4155444.56 ], [ 282583.98, 4155443.38 ], [ 282584.14, 4155442.6 ], [ 282583.41, 4155442.25 ], [ 282583.32, 4155442.2 ] ], [ [ 282623.31, 4155454.71 ], [ 282623.26, 4155454.8 ], [ 282623.21, 4155454.88 ], [ 282623.15, 4155454.96 ], [ 282623.08, 4155455.03 ], [ 282623.01, 4155455.09 ], [ 282622.93, 4155455.15 ], [ 282622.84, 4155455.2 ], [ 282622.75, 4155455.24 ], [ 282622.66, 4155455.27 ], [ 282622.56, 4155455.29 ], [ 282622.46, 4155455.3 ], [ 282622.37, 4155455.3 ], [ 282622.27, 4155455.29 ], [ 282622.17, 4155455.27 ], [ 282622.08, 4155455.25 ], [ 282617.24, 4155453.61 ], [ 282617.15, 4155453.57 ], [ 282617.06, 4155453.53 ], [ 282616.98, 4155453.47 ], [ 282616.9, 4155453.41 ], [ 282616.83, 4155453.34 ], [ 282616.77, 4155453.27 ], [ 282616.71, 4155453.19 ], [ 282616.66, 4155453.1 ], [ 282616.63, 4155453.01 ], [ 282616.6, 4155452.92 ], [ 282616.57, 4155452.82 ], [ 282616.56, 4155452.72 ], [ 282616.56, 4155452.63 ], [ 282616.57, 4155452.53 ], [ 282616.59, 4155452.43 ], [ 282616.61, 4155452.34 ], [ 282618.58, 4155446.58 ], [ 282618.61, 4155446.49 ], [ 282618.66, 4155446.4 ], [ 282618.71, 4155446.32 ], [ 282618.77, 4155446.24 ], [ 282618.84, 4155446.17 ], [ 282618.92, 4155446.11 ], [ 282619.0, 4155446.05 ], [ 282619.08, 4155446.0 ], [ 282619.17, 4155445.97 ], [ 282619.27, 4155445.94 ], [ 282619.36, 4155445.91 ], [ 282619.46, 4155445.9 ], [ 282619.56, 4155445.9 ], [ 282619.66, 4155445.91 ], [ 282619.75, 4155445.93 ], [ 282619.85, 4155445.95 ], [ 282624.67, 4155447.59 ], [ 282624.77, 4155447.63 ], [ 282624.85, 4155447.67 ], [ 282624.93, 4155447.73 ], [ 282625.01, 4155447.79 ], [ 282625.08, 4155447.86 ], [ 282625.15, 4155447.93 ], [ 282625.2, 4155448.01 ], [ 282625.25, 4155448.1 ], [ 282625.29, 4155448.19 ], [ 282625.32, 4155448.28 ], [ 282625.34, 4155448.38 ], [ 282625.35, 4155448.48 ], [ 282625.35, 4155448.57 ], [ 282625.34, 4155448.67 ], [ 282625.33, 4155448.77 ], [ 282625.3, 4155448.86 ], [ 282623.34, 4155454.62 ], [ 282623.31, 4155454.71 ] ], [ [ 282611.54, 4155462.77 ], [ 282611.5, 4155462.86 ], [ 282611.45, 4155462.94 ], [ 282611.4, 4155463.03 ], [ 282611.34, 4155463.1 ], [ 282611.27, 4155463.17 ], [ 282611.19, 4155463.23 ], [ 282611.11, 4155463.29 ], [ 282611.03, 4155463.34 ], [ 282610.94, 4155463.38 ], [ 282610.84, 4155463.4 ], [ 282610.75, 4155463.42 ], [ 282610.65, 4155463.44 ], [ 282610.55, 4155463.44 ], [ 282610.45, 4155463.43 ], [ 282610.36, 4155463.41 ], [ 282610.26, 4155463.38 ], [ 282606.42, 4155462.05 ], [ 282606.33, 4155462.01 ], [ 282606.24, 4155461.97 ], [ 282606.16, 4155461.91 ], [ 282606.08, 4155461.85 ], [ 282606.01, 4155461.78 ], [ 282605.95, 4155461.71 ], [ 282605.89, 4155461.63 ], [ 282605.84, 4155461.54 ], [ 282605.81, 4155461.45 ], [ 282605.78, 4155461.36 ], [ 282605.76, 4155461.26 ], [ 282605.75, 4155461.16 ], [ 282605.74, 4155461.06 ], [ 282605.75, 4155460.97 ], [ 282605.77, 4155460.87 ], [ 282605.8, 4155460.78 ], [ 282607.13, 4155456.96 ], [ 282607.17, 4155456.87 ], [ 282607.22, 4155456.79 ], [ 282607.27, 4155456.71 ], [ 282607.33, 4155456.63 ], [ 282607.4, 4155456.56 ], [ 282607.47, 4155456.5 ], [ 282607.56, 4155456.44 ], [ 282607.64, 4155456.39 ], [ 282607.73, 4155456.36 ], [ 282607.83, 4155456.33 ], [ 282607.92, 4155456.31 ], [ 282608.02, 4155456.3 ], [ 282608.12, 4155456.3 ], [ 282608.21, 4155456.3 ], [ 282608.31, 4155456.32 ], [ 282608.4, 4155456.35 ], [ 282612.24, 4155457.68 ], [ 282612.33, 4155457.72 ], [ 282612.42, 4155457.76 ], [ 282612.5, 4155457.82 ], [ 282612.58, 4155457.88 ], [ 282612.65, 4155457.95 ], [ 282612.71, 4155458.02 ], [ 282612.77, 4155458.1 ], [ 282612.82, 4155458.19 ], [ 282612.85, 4155458.28 ], [ 282612.88, 4155458.37 ], [ 282612.9, 4155458.47 ], [ 282612.91, 4155458.57 ], [ 282612.91, 4155458.67 ], [ 282612.91, 4155458.76 ], [ 282612.89, 4155458.86 ], [ 282612.86, 4155458.96 ], [ 282611.54, 4155462.77 ] ], [ [ 282593.69, 4155464.85 ], [ 282593.73, 4155464.76 ], [ 282593.78, 4155464.67 ], [ 282593.84, 4155464.59 ], [ 282593.91, 4155464.52 ], [ 282593.98, 4155464.45 ], [ 282594.06, 4155464.39 ], [ 282594.14, 4155464.34 ], [ 282594.23, 4155464.3 ], [ 282594.32, 4155464.26 ], [ 282594.42, 4155464.24 ], [ 282594.52, 4155464.23 ], [ 282594.62, 4155464.22 ], [ 282594.72, 4155464.22 ], [ 282594.81, 4155464.24 ], [ 282594.91, 4155464.26 ], [ 282595.0, 4155464.3 ], [ 282599.78, 4155466.28 ], [ 282599.87, 4155466.32 ], [ 282599.95, 4155466.37 ], [ 282600.03, 4155466.43 ], [ 282600.1, 4155466.5 ], [ 282600.17, 4155466.57 ], [ 282600.23, 4155466.65 ], [ 282600.28, 4155466.73 ], [ 282600.32, 4155466.82 ], [ 282600.35, 4155466.91 ], [ 282600.37, 4155467.01 ], [ 282600.39, 4155467.11 ], [ 282600.39, 4155467.2 ], [ 282600.39, 4155467.3 ], [ 282600.38, 4155467.4 ], [ 282600.35, 4155467.49 ], [ 282600.32, 4155467.59 ], [ 282599.33, 4155469.99 ], [ 282599.29, 4155470.08 ], [ 282599.24, 4155470.16 ], [ 282599.18, 4155470.24 ], [ 282599.11, 4155470.31 ], [ 282599.04, 4155470.38 ], [ 282598.96, 4155470.44 ], [ 282598.88, 4155470.49 ], [ 282598.79, 4155470.53 ], [ 282598.7, 4155470.56 ], [ 282598.6, 4155470.59 ], [ 282598.5, 4155470.6 ], [ 282598.4, 4155470.61 ], [ 282598.31, 4155470.6 ], [ 282598.21, 4155470.59 ], [ 282598.11, 4155470.56 ], [ 282598.02, 4155470.53 ], [ 282593.27, 4155468.56 ], [ 282593.18, 4155468.51 ], [ 282593.1, 4155468.46 ], [ 282593.02, 4155468.41 ], [ 282592.95, 4155468.34 ], [ 282592.89, 4155468.27 ], [ 282592.83, 4155468.19 ], [ 282592.78, 4155468.11 ], [ 282592.73, 4155468.02 ], [ 282592.7, 4155467.93 ], [ 282592.68, 4155467.84 ], [ 282592.66, 4155467.74 ], [ 282592.66, 4155467.64 ], [ 282592.66, 4155467.55 ], [ 282592.67, 4155467.45 ], [ 282592.7, 4155467.35 ], [ 282592.73, 4155467.26 ], [ 282593.69, 4155464.85 ] ] ], [ [ [ 282657.91, 4155489.84 ], [ 282656.22, 4155491.54 ], [ 282655.74, 4155491.86 ], [ 282654.16, 4155492.51 ], [ 282653.64, 4155492.62 ], [ 282651.92, 4155496.98 ], [ 282651.93, 4155497.04 ], [ 282651.93, 4155497.14 ], [ 282651.92, 4155497.24 ], [ 282651.9, 4155497.33 ], [ 282651.87, 4155497.43 ], [ 282651.86, 4155497.43 ], [ 282652.13, 4155498.26 ], [ 282652.13, 4155500.0 ], [ 282654.88, 4155500.0 ], [ 282659.44, 4155490.16 ], [ 282657.91, 4155489.84 ] ] ], [ [ [ 282686.84, 4155483.4 ], [ 282686.94, 4155483.39 ], [ 282687.04, 4155483.4 ], [ 282687.13, 4155483.41 ], [ 282687.23, 4155483.43 ], [ 282687.32, 4155483.46 ], [ 282687.41, 4155483.5 ], [ 282697.12, 4155488.47 ], [ 282697.2, 4155488.52 ], [ 282697.28, 4155488.57 ], [ 282697.36, 4155488.64 ], [ 282697.43, 4155488.71 ], [ 282697.49, 4155488.79 ], [ 282697.54, 4155488.87 ], [ 282697.58, 4155488.96 ], [ 282697.62, 4155489.05 ], [ 282697.64, 4155489.14 ], [ 282697.65, 4155489.21 ], [ 282697.95, 4155489.26 ], [ 282698.66, 4155489.59 ], [ 282700.39, 4155491.07 ], [ 282700.83, 4155491.73 ], [ 282701.41, 4155493.45 ], [ 282701.17, 4155494.77 ], [ 282698.95, 4155497.51 ], [ 282697.71, 4155498.02 ], [ 282695.96, 4155497.83 ], [ 282695.86, 4155497.86 ], [ 282695.77, 4155497.87 ], [ 282695.67, 4155497.88 ], [ 282695.57, 4155497.88 ], [ 282695.47, 4155497.86 ], [ 282695.38, 4155497.84 ], [ 282695.28, 4155497.81 ], [ 282695.2, 4155497.77 ], [ 282695.13, 4155497.74 ], [ 282693.72, 4155497.58 ], [ 282693.64, 4155497.74 ], [ 282693.59, 4155497.83 ], [ 282693.53, 4155497.91 ], [ 282693.47, 4155497.98 ], [ 282693.4, 4155498.05 ], [ 282693.32, 4155498.11 ], [ 282693.24, 4155498.16 ], [ 282693.15, 4155498.21 ], [ 282693.06, 4155498.24 ], [ 282692.96, 4155498.27 ], [ 282692.87, 4155498.28 ], [ 282692.77, 4155498.29 ], [ 282692.67, 4155498.29 ], [ 282692.57, 4155498.27 ], [ 282692.48, 4155498.25 ], [ 282692.38, 4155498.22 ], [ 282692.3, 4155498.18 ], [ 282690.4, 4155497.21 ], [ 282679.32, 4155495.98 ], [ 282678.43, 4155496.51 ], [ 282676.8, 4155500.0 ], [ 282706.24, 4155500.0 ], [ 282707.29, 4155497.56 ], [ 282707.33, 4155497.47 ], [ 282707.38, 4155497.38 ], [ 282707.44, 4155497.31 ], [ 282707.51, 4155497.24 ], [ 282707.58, 4155497.17 ], [ 282707.66, 4155497.11 ], [ 282707.75, 4155497.06 ], [ 282707.84, 4155497.02 ], [ 282707.93, 4155496.99 ], [ 282708.03, 4155496.97 ], [ 282708.12, 4155496.96 ], [ 282708.22, 4155496.95 ], [ 282708.32, 4155496.96 ], [ 282708.42, 4155496.97 ], [ 282708.51, 4155497.0 ], [ 282708.6, 4155497.03 ], [ 282712.62, 4155498.76 ], [ 282712.7, 4155498.81 ], [ 282712.79, 4155498.86 ], [ 282712.86, 4155498.92 ], [ 282712.94, 4155498.99 ], [ 282713.0, 4155499.06 ], [ 282713.06, 4155499.14 ], [ 282713.11, 4155499.22 ], [ 282713.15, 4155499.31 ], [ 282713.18, 4155499.41 ], [ 282713.2, 4155499.5 ], [ 282713.22, 4155499.6 ], [ 282713.22, 4155499.7 ], [ 282713.21, 4155499.79 ], [ 282713.2, 4155499.89 ], [ 282713.17, 4155499.99 ], [ 282713.17, 4155500.0 ], [ 282725.17, 4155500.0 ], [ 282728.18, 4155493.93 ], [ 282721.56, 4155490.92 ], [ 282721.56, 4155490.94 ], [ 282721.55, 4155491.03 ], [ 282721.53, 4155491.13 ], [ 282721.5, 4155491.22 ], [ 282721.46, 4155491.31 ], [ 282719.22, 4155496.06 ], [ 282719.17, 4155496.15 ], [ 282719.12, 4155496.23 ], [ 282719.05, 4155496.3 ], [ 282718.98, 4155496.37 ], [ 282718.91, 4155496.43 ], [ 282718.83, 4155496.49 ], [ 282718.74, 4155496.54 ], [ 282718.65, 4155496.57 ], [ 282718.56, 4155496.6 ], [ 282718.46, 4155496.62 ], [ 282718.36, 4155496.63 ], [ 282718.26, 4155496.63 ], [ 282718.17, 4155496.62 ], [ 282718.07, 4155496.6 ], [ 282717.98, 4155496.57 ], [ 282717.89, 4155496.54 ], [ 282709.45, 4155492.55 ], [ 282709.36, 4155492.5 ], [ 282709.28, 4155492.45 ], [ 282709.21, 4155492.38 ], [ 282709.14, 4155492.32 ], [ 282709.07, 4155492.24 ], [ 282709.02, 4155492.16 ], [ 282708.97, 4155492.07 ], [ 282708.94, 4155491.98 ], [ 282708.91, 4155491.89 ], [ 282708.89, 4155491.79 ], [ 282708.88, 4155491.69 ], [ 282708.88, 4155491.6 ], [ 282708.89, 4155491.5 ], [ 282708.91, 4155491.4 ], [ 282708.93, 4155491.31 ], [ 282708.97, 4155491.22 ], [ 282711.21, 4155486.47 ], [ 282711.26, 4155486.39 ], [ 282711.31, 4155486.3 ], [ 282711.34, 4155486.27 ], [ 282688.12, 4155475.71 ], [ 282683.65, 4155485.32 ], [ 282684.66, 4155486.68 ], [ 282686.07, 4155483.94 ], [ 282686.11, 4155483.85 ], [ 282686.17, 4155483.77 ], [ 282686.24, 4155483.7 ], [ 282686.31, 4155483.63 ], [ 282686.38, 4155483.57 ], [ 282686.47, 4155483.52 ], [ 282686.56, 4155483.48 ], [ 282686.65, 4155483.44 ], [ 282686.74, 4155483.41 ], [ 282686.84, 4155483.4 ] ] ], [ [ [ 282543.31, 4155472.49 ], [ 282543.31, 4155472.48 ], [ 282543.39, 4155472.31 ], [ 282541.93, 4155471.63 ], [ 282540.39, 4155471.63 ], [ 282537.51, 4155473.8 ], [ 282533.0, 4155489.59 ], [ 282532.39, 4155490.41 ], [ 282530.0, 4155491.96 ], [ 282529.0, 4155492.18 ], [ 282514.24, 4155490.07 ], [ 282513.35, 4155489.58 ], [ 282511.49, 4155487.43 ], [ 282511.13, 4155486.48 ], [ 282511.13, 4155482.6 ], [ 282511.31, 4155481.9 ], [ 282512.29, 4155480.06 ], [ 282512.78, 4155479.53 ], [ 282515.42, 4155477.77 ], [ 282516.64, 4155475.13 ], [ 282516.69, 4155475.04 ], [ 282516.75, 4155474.96 ], [ 282516.81, 4155474.88 ], [ 282516.88, 4155474.81 ], [ 282516.96, 4155474.75 ], [ 282517.05, 4155474.69 ], [ 282517.13, 4155474.65 ], [ 282517.23, 4155474.61 ], [ 282517.33, 4155474.58 ], [ 282517.42, 4155474.56 ], [ 282517.52, 4155474.55 ], [ 282517.63, 4155474.56 ], [ 282517.73, 4155474.57 ], [ 282517.82, 4155474.59 ], [ 282517.92, 4155474.62 ], [ 282518.01, 4155474.67 ], [ 282518.98, 4155475.17 ], [ 282519.28, 4155474.6 ], [ 282519.19, 4155474.56 ], [ 282519.1, 4155474.51 ], [ 282519.02, 4155474.46 ], [ 282518.95, 4155474.39 ], [ 282518.88, 4155474.32 ], [ 282518.82, 4155474.25 ], [ 282518.76, 4155474.16 ], [ 282518.72, 4155474.08 ], [ 282518.68, 4155473.99 ], [ 282518.65, 4155473.89 ], [ 282518.63, 4155473.8 ], [ 282518.63, 4155473.7 ], [ 282518.63, 4155473.6 ], [ 282518.64, 4155473.5 ], [ 282518.66, 4155473.41 ], [ 282518.69, 4155473.31 ], [ 282518.72, 4155473.22 ], [ 282521.79, 4155466.86 ], [ 282521.84, 4155466.77 ], [ 282521.9, 4155466.69 ], [ 282521.96, 4155466.61 ], [ 282522.03, 4155466.55 ], [ 282522.11, 4155466.48 ], [ 282522.19, 4155466.43 ], [ 282522.27, 4155466.38 ], [ 282522.37, 4155466.35 ], [ 282522.46, 4155466.32 ], [ 282522.56, 4155466.3 ], [ 282522.65, 4155466.29 ], [ 282522.75, 4155466.29 ], [ 282522.85, 4155466.3 ], [ 282522.95, 4155466.32 ], [ 282523.04, 4155466.35 ], [ 282523.13, 4155466.39 ], [ 282530.67, 4155470.03 ], [ 282532.86, 4155468.72 ], [ 282533.16, 4155467.51 ], [ 282503.69, 4155453.7 ], [ 282502.59, 4155456.06 ], [ 282504.71, 4155457.02 ], [ 282504.8, 4155457.07 ], [ 282504.88, 4155457.12 ], [ 282504.96, 4155457.18 ], [ 282505.03, 4155457.25 ], [ 282505.09, 4155457.32 ], [ 282505.15, 4155457.4 ], [ 282505.2, 4155457.49 ], [ 282505.24, 4155457.58 ], [ 282505.27, 4155457.67 ], [ 282505.29, 4155457.77 ], [ 282505.3, 4155457.87 ], [ 282505.3, 4155457.96 ], [ 282505.29, 4155458.06 ], [ 282505.28, 4155458.16 ], [ 282505.25, 4155458.25 ], [ 282505.21, 4155458.34 ], [ 282503.92, 4155461.23 ], [ 282504.98, 4155461.71 ], [ 282505.07, 4155461.76 ], [ 282505.15, 4155461.81 ], [ 282505.23, 4155461.87 ], [ 282505.3, 4155461.94 ], [ 282505.37, 4155462.01 ], [ 282505.42, 4155462.09 ], [ 282505.47, 4155462.18 ], [ 282505.51, 4155462.27 ], [ 282505.54, 4155462.36 ], [ 282505.56, 4155462.46 ], [ 282505.57, 4155462.56 ], [ 282505.57, 4155462.66 ], [ 282505.57, 4155462.75 ], [ 282505.55, 4155462.85 ], [ 282505.52, 4155462.94 ], [ 282505.49, 4155463.04 ], [ 282503.09, 4155468.35 ], [ 282503.04, 4155468.44 ], [ 282502.99, 4155468.52 ], [ 282502.93, 4155468.6 ], [ 282502.86, 4155468.67 ], [ 282502.78, 4155468.73 ], [ 282502.7, 4155468.79 ], [ 282502.62, 4155468.84 ], [ 282502.53, 4155468.87 ], [ 282502.44, 4155468.9 ], [ 282502.34, 4155468.93 ], [ 282502.24, 4155468.94 ], [ 282502.14, 4155468.94 ], [ 282502.05, 4155468.93 ], [ 282501.95, 4155468.91 ], [ 282501.86, 4155468.89 ], [ 282501.76, 4155468.85 ], [ 282500.0, 4155468.06 ], [ 282500.0, 4155500.0 ], [ 282508.13, 4155500.0 ], [ 282508.13, 4155499.83 ], [ 282508.64, 4155498.74 ], [ 282508.77, 4155498.63 ], [ 282510.74, 4155494.12 ], [ 282510.78, 4155494.03 ], [ 282510.83, 4155493.95 ], [ 282510.89, 4155493.87 ], [ 282510.96, 4155493.8 ], [ 282511.03, 4155493.74 ], [ 282511.11, 4155493.68 ], [ 282511.19, 4155493.63 ], [ 282511.28, 4155493.59 ], [ 282511.38, 4155493.56 ], [ 282511.47, 4155493.54 ], [ 282511.57, 4155493.52 ], [ 282511.67, 4155493.52 ], [ 282511.76, 4155493.53 ], [ 282511.86, 4155493.54 ], [ 282511.95, 4155493.57 ], [ 282512.04, 4155493.6 ], [ 282522.37, 4155498.0 ], [ 282523.1, 4155498.12 ], [ 282523.97, 4155498.61 ], [ 282524.06, 4155498.72 ], [ 282525.75, 4155499.44 ], [ 282525.84, 4155499.48 ], [ 282525.92, 4155499.53 ], [ 282526.0, 4155499.59 ], [ 282526.07, 4155499.66 ], [ 282526.14, 4155499.73 ], [ 282526.19, 4155499.81 ], [ 282526.24, 4155499.9 ], [ 282526.29, 4155499.99 ], [ 282526.29, 4155500.0 ], [ 282530.74, 4155500.0 ], [ 282543.3, 4155472.5 ], [ 282543.31, 4155472.49 ] ] ], [ [ [ 282534.7, 4155500.0 ], [ 282536.12, 4155500.0 ], [ 282546.36, 4155477.83 ], [ 282546.56, 4155476.17 ], [ 282545.77, 4155475.75 ], [ 282534.7, 4155500.0 ] ] ], [ [ [ 282576.11, 4155490.2 ], [ 282576.03, 4155490.36 ], [ 282575.93, 4155490.5 ], [ 282575.82, 4155490.64 ], [ 282575.7, 4155490.77 ], [ 282575.56, 4155490.88 ], [ 282575.42, 4155490.98 ], [ 282575.26, 4155491.06 ], [ 282575.1, 4155491.13 ], [ 282574.93, 4155491.19 ], [ 282574.76, 4155491.22 ], [ 282574.58, 4155491.24 ], [ 282574.41, 4155491.24 ], [ 282574.23, 4155491.23 ], [ 282574.06, 4155491.19 ], [ 282573.89, 4155491.14 ], [ 282573.72, 4155491.08 ], [ 282559.23, 4155484.39 ], [ 282557.28, 4155488.87 ], [ 282559.58, 4155491.92 ], [ 282559.59, 4155491.89 ], [ 282559.65, 4155491.82 ], [ 282559.72, 4155491.75 ], [ 282559.79, 4155491.68 ], [ 282559.87, 4155491.62 ], [ 282559.96, 4155491.58 ], [ 282560.05, 4155491.54 ], [ 282560.14, 4155491.5 ], [ 282560.24, 4155491.48 ], [ 282560.33, 4155491.47 ], [ 282560.43, 4155491.47 ], [ 282560.53, 4155491.47 ], [ 282560.63, 4155491.49 ], [ 282560.72, 4155491.52 ], [ 282560.81, 4155491.55 ], [ 282563.28, 4155492.63 ], [ 282565.15, 4155492.63 ], [ 282566.07, 4155492.96 ], [ 282568.21, 4155494.71 ], [ 282568.27, 4155494.81 ], [ 282570.19, 4155495.65 ], [ 282570.28, 4155495.69 ], [ 282570.36, 4155495.74 ], [ 282570.44, 4155495.8 ], [ 282570.51, 4155495.87 ], [ 282570.57, 4155495.94 ], [ 282570.63, 4155496.02 ], [ 282570.68, 4155496.11 ], [ 282570.72, 4155496.2 ], [ 282570.75, 4155496.29 ], [ 282570.77, 4155496.39 ], [ 282570.79, 4155496.48 ], [ 282570.79, 4155496.58 ], [ 282570.78, 4155496.68 ], [ 282570.77, 4155496.78 ], [ 282570.74, 4155496.87 ], [ 282570.71, 4155496.96 ], [ 282569.61, 4155499.47 ], [ 282570.66, 4155499.93 ], [ 282570.75, 4155499.98 ], [ 282570.79, 4155500.0 ], [ 282595.22, 4155500.0 ], [ 282595.23, 4155499.98 ], [ 282595.3, 4155499.91 ], [ 282595.37, 4155499.84 ], [ 282595.44, 4155499.78 ], [ 282595.53, 4155499.72 ], [ 282595.61, 4155499.68 ], [ 282595.7, 4155499.64 ], [ 282595.8, 4155499.61 ], [ 282595.9, 4155499.59 ], [ 282595.99, 4155499.59 ], [ 282596.09, 4155499.59 ], [ 282596.19, 4155499.6 ], [ 282596.28, 4155499.62 ], [ 282596.38, 4155499.65 ], [ 282596.47, 4155499.69 ], [ 282597.11, 4155500.0 ], [ 282597.64, 4155500.0 ], [ 282596.93, 4155497.42 ], [ 282596.51, 4155497.0 ], [ 282586.49, 4155492.53 ], [ 282586.24, 4155492.63 ], [ 282579.77, 4155492.63 ], [ 282578.91, 4155492.35 ], [ 282576.83, 4155490.85 ], [ 282576.3, 4155490.13 ], [ 282576.22, 4155489.89 ], [ 282576.18, 4155490.03 ], [ 282576.11, 4155490.2 ] ] ], [ [ [ 282556.13, 4155498.63 ], [ 282553.86, 4155496.36 ], [ 282552.18, 4155500.0 ], [ 282556.02, 4155500.0 ], [ 282556.13, 4155499.75 ], [ 282556.13, 4155498.63 ] ] ], [ [ [ 282736.98, 4155275.59 ], [ 282737.03, 4155275.51 ], [ 282737.09, 4155275.43 ], [ 282737.16, 4155275.36 ], [ 282737.24, 4155275.3 ], [ 282737.32, 4155275.25 ], [ 282737.41, 4155275.2 ], [ 282737.5, 4155275.16 ], [ 282737.59, 4155275.14 ], [ 282737.69, 4155275.12 ], [ 282737.79, 4155275.11 ], [ 282737.88, 4155275.11 ], [ 282737.98, 4155275.12 ], [ 282738.08, 4155275.14 ], [ 282738.17, 4155275.16 ], [ 282738.26, 4155275.2 ], [ 282740.74, 4155276.38 ], [ 282742.23, 4155273.83 ], [ 282742.13, 4155273.33 ], [ 282742.13, 4155273.01 ], [ 282742.08, 4155272.96 ], [ 282742.01, 4155272.88 ], [ 282741.96, 4155272.8 ], [ 282741.91, 4155272.72 ], [ 282741.87, 4155272.63 ], [ 282741.84, 4155272.53 ], [ 282741.82, 4155272.44 ], [ 282741.8, 4155272.34 ], [ 282741.8, 4155272.24 ], [ 282741.81, 4155272.15 ], [ 282741.82, 4155272.05 ], [ 282741.85, 4155271.95 ], [ 282741.89, 4155271.86 ], [ 282742.13, 4155271.31 ], [ 282742.13, 4155268.96 ], [ 282742.65, 4155267.86 ], [ 282744.22, 4155266.57 ], [ 282745.41, 4155263.89 ], [ 282745.45, 4155263.8 ], [ 282745.51, 4155263.72 ], [ 282745.57, 4155263.64 ], [ 282745.63, 4155263.57 ], [ 282745.71, 4155263.5 ], [ 282745.79, 4155263.45 ], [ 282745.87, 4155263.4 ], [ 282745.96, 4155263.36 ], [ 282746.06, 4155263.33 ], [ 282746.15, 4155263.31 ], [ 282746.25, 4155263.29 ], [ 282746.35, 4155263.29 ], [ 282746.45, 4155263.3 ], [ 282746.54, 4155263.31 ], [ 282746.64, 4155263.34 ], [ 282746.73, 4155263.38 ], [ 282750.0, 4155264.82 ], [ 282750.0, 4155258.45 ], [ 282748.46, 4155256.57 ], [ 282748.13, 4155255.65 ], [ 282748.13, 4155254.92 ], [ 282748.1, 4155254.88 ], [ 282748.04, 4155254.8 ], [ 282748.0, 4155254.71 ], [ 282747.96, 4155254.62 ], [ 282747.93, 4155254.52 ], [ 282747.91, 4155254.43 ], [ 282747.9, 4155254.33 ], [ 282747.9, 4155254.23 ], [ 282747.91, 4155254.13 ], [ 282747.93, 4155254.04 ], [ 282747.96, 4155253.94 ], [ 282748.0, 4155253.85 ], [ 282748.13, 4155253.58 ], [ 282748.13, 4155250.96 ], [ 282748.59, 4155250.0 ], [ 282728.63, 4155250.0 ], [ 282724.62, 4155255.02 ], [ 282724.0, 4155256.4 ], [ 282723.82, 4155257.48 ], [ 282723.9, 4155257.54 ], [ 282723.97, 4155257.6 ], [ 282724.03, 4155257.68 ], [ 282724.09, 4155257.76 ], [ 282724.14, 4155257.84 ], [ 282724.18, 4155257.93 ], [ 282724.21, 4155258.02 ], [ 282724.23, 4155258.12 ], [ 282724.25, 4155258.22 ], [ 282724.25, 4155258.31 ], [ 282724.24, 4155258.41 ], [ 282724.23, 4155258.51 ], [ 282724.2, 4155258.6 ], [ 282724.17, 4155258.7 ], [ 282723.28, 4155260.75 ], [ 282721.64, 4155270.59 ], [ 282721.14, 4155271.46 ], [ 282719.0, 4155273.28 ], [ 282718.06, 4155273.63 ], [ 282713.67, 4155273.63 ], [ 282713.1, 4155273.51 ], [ 282712.02, 4155273.06 ], [ 282708.21, 4155281.55 ], [ 282726.57, 4155290.31 ], [ 282731.06, 4155291.21 ], [ 282734.14, 4155289.94 ], [ 282734.15, 4155286.6 ], [ 282733.9, 4155286.23 ], [ 282733.24, 4155284.66 ], [ 282733.13, 4155284.09 ], [ 282733.13, 4155282.26 ], [ 282733.41, 4155281.4 ], [ 282734.91, 4155279.32 ], [ 282735.35, 4155279.0 ], [ 282736.93, 4155275.68 ], [ 282736.98, 4155275.59 ] ], [ [ 282727.92, 4155281.81 ], [ 282726.82, 4155284.49 ], [ 282726.78, 4155284.58 ], [ 282726.73, 4155284.67 ], [ 282726.67, 4155284.74 ], [ 282726.61, 4155284.82 ], [ 282726.54, 4155284.88 ], [ 282726.46, 4155284.94 ], [ 282726.37, 4155284.99 ], [ 282726.28, 4155285.04 ], [ 282726.19, 4155285.07 ], [ 282726.1, 4155285.09 ], [ 282726.0, 4155285.11 ], [ 282725.9, 4155285.11 ], [ 282725.8, 4155285.11 ], [ 282725.71, 4155285.09 ], [ 282725.61, 4155285.07 ], [ 282725.52, 4155285.04 ], [ 282719.69, 4155282.65 ], [ 282719.6, 4155282.61 ], [ 282719.52, 4155282.56 ], [ 282719.44, 4155282.5 ], [ 282719.36, 4155282.43 ], [ 282719.3, 4155282.36 ], [ 282719.24, 4155282.28 ], [ 282719.19, 4155282.2 ], [ 282719.15, 4155282.11 ], [ 282719.11, 4155282.02 ], [ 282719.09, 4155281.92 ], [ 282719.07, 4155281.83 ], [ 282719.07, 4155281.73 ], [ 282719.07, 4155281.63 ], [ 282719.09, 4155281.53 ], [ 282719.11, 4155281.44 ], [ 282719.14, 4155281.34 ], [ 282720.24, 4155278.66 ], [ 282720.28, 4155278.57 ], [ 282720.33, 4155278.49 ], [ 282720.39, 4155278.41 ], [ 282720.46, 4155278.34 ], [ 282720.53, 4155278.27 ], [ 282720.61, 4155278.21 ], [ 282720.69, 4155278.16 ], [ 282720.78, 4155278.12 ], [ 282720.87, 4155278.08 ], [ 282720.97, 4155278.06 ], [ 282721.06, 4155278.05 ], [ 282721.16, 4155278.04 ], [ 282721.26, 4155278.04 ], [ 282721.36, 4155278.06 ], [ 282721.45, 4155278.08 ], [ 282721.55, 4155278.12 ], [ 282727.37, 4155280.51 ], [ 282727.46, 4155280.55 ], [ 282727.55, 4155280.6 ], [ 282727.63, 4155280.66 ], [ 282727.7, 4155280.72 ], [ 282727.77, 4155280.79 ], [ 282727.82, 4155280.87 ], [ 282727.88, 4155280.96 ], [ 282727.92, 4155281.04 ], [ 282727.95, 4155281.14 ], [ 282727.98, 4155281.23 ], [ 282727.99, 4155281.33 ], [ 282728.0, 4155281.43 ], [ 282727.99, 4155281.52 ], [ 282727.98, 4155281.62 ], [ 282727.95, 4155281.72 ], [ 282727.92, 4155281.81 ] ] ], [ [ [ 282749.47, 4155414.78 ], [ 282749.38, 4155414.72 ], [ 282749.31, 4155414.66 ], [ 282749.24, 4155414.59 ], [ 282749.18, 4155414.51 ], [ 282749.12, 4155414.43 ], [ 282749.08, 4155414.34 ], [ 282749.04, 4155414.25 ], [ 282749.01, 4155414.16 ], [ 282748.99, 4155414.06 ], [ 282748.98, 4155413.97 ], [ 282748.98, 4155413.87 ], [ 282748.99, 4155413.77 ], [ 282749.01, 4155413.67 ], [ 282749.04, 4155413.58 ], [ 282749.08, 4155413.49 ], [ 282749.73, 4155412.11 ], [ 282747.65, 4155410.7 ], [ 282747.18, 4155411.75 ], [ 282747.14, 4155411.84 ], [ 282747.09, 4155411.92 ], [ 282747.03, 4155412.0 ], [ 282746.96, 4155412.07 ], [ 282746.89, 4155412.14 ], [ 282746.81, 4155412.19 ], [ 282746.72, 4155412.24 ], [ 282746.63, 4155412.28 ], [ 282746.54, 4155412.31 ], [ 282746.44, 4155412.33 ], [ 282746.35, 4155412.35 ], [ 282746.25, 4155412.35 ], [ 282746.15, 4155412.34 ], [ 282746.05, 4155412.33 ], [ 282745.96, 4155412.3 ], [ 282745.87, 4155412.27 ], [ 282744.04, 4155411.46 ], [ 282738.68, 4155413.61 ], [ 282750.0, 4155418.78 ], [ 282750.0, 4155415.03 ], [ 282749.55, 4155414.82 ], [ 282749.47, 4155414.78 ] ] ], [ [ [ 282748.7, 4155473.46 ], [ 282748.37, 4155473.64 ], [ 282747.47, 4155475.69 ], [ 282747.42, 4155475.77 ], [ 282747.37, 4155475.86 ], [ 282747.31, 4155475.93 ], [ 282747.24, 4155476.0 ], [ 282747.17, 4155476.07 ], [ 282747.09, 4155476.12 ], [ 282747.01, 4155476.17 ], [ 282746.92, 4155476.21 ], [ 282746.83, 4155476.24 ], [ 282746.73, 4155476.27 ], [ 282746.63, 4155476.28 ], [ 282746.54, 4155476.28 ], [ 282746.44, 4155476.28 ], [ 282746.34, 4155476.26 ], [ 282746.25, 4155476.23 ], [ 282746.16, 4155476.2 ], [ 282737.86, 4155472.63 ], [ 282737.77, 4155472.59 ], [ 282737.69, 4155472.53 ], [ 282737.61, 4155472.47 ], [ 282737.54, 4155472.4 ], [ 282737.47, 4155472.33 ], [ 282737.41, 4155472.24 ], [ 282737.36, 4155472.16 ], [ 282737.32, 4155472.06 ], [ 282737.29, 4155471.97 ], [ 282737.27, 4155471.87 ], [ 282737.26, 4155471.77 ], [ 282737.26, 4155471.67 ], [ 282737.27, 4155471.57 ], [ 282737.29, 4155471.47 ], [ 282737.32, 4155471.37 ], [ 282737.36, 4155471.28 ], [ 282738.31, 4155469.3 ], [ 282734.59, 4155467.19 ], [ 282733.91, 4155467.6 ], [ 282731.91, 4155468.2 ], [ 282731.69, 4155468.21 ], [ 282731.5, 4155468.64 ], [ 282731.45, 4155468.73 ], [ 282731.4, 4155468.81 ], [ 282731.34, 4155468.89 ], [ 282731.27, 4155468.96 ], [ 282731.2, 4155469.02 ], [ 282731.12, 4155469.08 ], [ 282731.03, 4155469.12 ], [ 282730.94, 4155469.16 ], [ 282730.85, 4155469.19 ], [ 282730.75, 4155469.21 ], [ 282730.65, 4155469.22 ], [ 282730.56, 4155469.23 ], [ 282730.46, 4155469.22 ], [ 282730.36, 4155469.2 ], [ 282730.27, 4155469.17 ], [ 282730.18, 4155469.14 ], [ 282725.82, 4155467.16 ], [ 282723.72, 4155466.74 ], [ 282723.18, 4155467.95 ], [ 282723.13, 4155468.04 ], [ 282723.08, 4155468.12 ], [ 282723.02, 4155468.19 ], [ 282722.95, 4155468.26 ], [ 282722.87, 4155468.33 ], [ 282722.79, 4155468.38 ], [ 282722.71, 4155468.43 ], [ 282722.62, 4155468.47 ], [ 282722.52, 4155468.5 ], [ 282722.43, 4155468.52 ], [ 282722.33, 4155468.53 ], [ 282722.23, 4155468.53 ], [ 282722.13, 4155468.52 ], [ 282722.04, 4155468.51 ], [ 282721.94, 4155468.48 ], [ 282721.85, 4155468.44 ], [ 282716.09, 4155465.83 ], [ 282716.0, 4155465.78 ], [ 282715.92, 4155465.73 ], [ 282715.84, 4155465.67 ], [ 282715.77, 4155465.6 ], [ 282715.71, 4155465.53 ], [ 282715.65, 4155465.45 ], [ 282715.6, 4155465.36 ], [ 282715.56, 4155465.27 ], [ 282715.53, 4155465.18 ], [ 282715.51, 4155465.08 ], [ 282715.5, 4155464.98 ], [ 282715.5, 4155464.89 ], [ 282715.51, 4155464.79 ], [ 282715.53, 4155464.69 ], [ 282715.55, 4155464.6 ], [ 282715.59, 4155464.51 ], [ 282716.47, 4155462.58 ], [ 282716.46, 4155462.57 ], [ 282716.38, 4155462.52 ], [ 282716.3, 4155462.46 ], [ 282716.23, 4155462.39 ], [ 282716.17, 4155462.31 ], [ 282716.11, 4155462.23 ], [ 282716.07, 4155462.15 ], [ 282716.03, 4155462.06 ], [ 282716.0, 4155461.97 ], [ 282715.98, 4155461.87 ], [ 282715.97, 4155461.77 ], [ 282715.97, 4155461.67 ], [ 282715.97, 4155461.58 ], [ 282715.99, 4155461.48 ], [ 282716.02, 4155461.39 ], [ 282716.05, 4155461.3 ], [ 282720.19, 4155452.17 ], [ 282720.24, 4155452.08 ], [ 282720.29, 4155452.0 ], [ 282720.35, 4155451.92 ], [ 282720.42, 4155451.85 ], [ 282720.5, 4155451.79 ], [ 282720.58, 4155451.73 ], [ 282720.66, 4155451.69 ], [ 282720.75, 4155451.65 ], [ 282720.85, 4155451.62 ], [ 282720.94, 4155451.6 ], [ 282721.04, 4155451.59 ], [ 282721.14, 4155451.58 ], [ 282721.24, 4155451.59 ], [ 282721.33, 4155451.61 ], [ 282721.43, 4155451.64 ], [ 282721.52, 4155451.67 ], [ 282735.27, 4155457.92 ], [ 282735.35, 4155457.97 ], [ 282735.44, 4155458.02 ], [ 282735.51, 4155458.08 ], [ 282735.58, 4155458.15 ], [ 282735.65, 4155458.22 ], [ 282735.7, 4155458.3 ], [ 282735.75, 4155458.39 ], [ 282735.79, 4155458.48 ], [ 282735.82, 4155458.57 ], [ 282735.84, 4155458.67 ], [ 282735.85, 4155458.77 ], [ 282735.85, 4155458.86 ], [ 282735.85, 4155458.96 ], [ 282735.83, 4155459.06 ], [ 282735.8, 4155459.15 ], [ 282735.76, 4155459.24 ], [ 282735.54, 4155459.73 ], [ 282736.31, 4155460.09 ], [ 282739.33, 4155458.93 ], [ 282739.65, 4155459.32 ], [ 282741.25, 4155458.0 ], [ 282742.0, 4155457.85 ], [ 282743.16, 4155455.22 ], [ 282743.2, 4155455.14 ], [ 282743.26, 4155455.05 ], [ 282743.32, 4155454.97 ], [ 282743.38, 4155454.9 ], [ 282743.46, 4155454.84 ], [ 282743.54, 4155454.78 ], [ 282743.62, 4155454.73 ], [ 282743.71, 4155454.69 ], [ 282743.8, 4155454.66 ], [ 282743.9, 4155454.64 ], [ 282744.0, 4155454.63 ], [ 282744.1, 4155454.63 ], [ 282744.19, 4155454.63 ], [ 282744.29, 4155454.65 ], [ 282744.39, 4155454.67 ], [ 282744.48, 4155454.71 ], [ 282746.71, 4155455.69 ], [ 282748.16, 4155453.26 ], [ 282748.13, 4155453.18 ], [ 282748.13, 4155449.97 ], [ 282746.74, 4155448.18 ], [ 282742.48, 4155446.21 ], [ 282738.89, 4155445.32 ], [ 282738.09, 4155444.8 ], [ 282737.34, 4155443.84 ], [ 282719.6, 4155435.63 ], [ 282717.67, 4155435.63 ], [ 282715.71, 4155437.29 ], [ 282715.72, 4155437.31 ], [ 282715.76, 4155437.41 ], [ 282715.78, 4155437.5 ], [ 282715.8, 4155437.6 ], [ 282715.81, 4155437.69 ], [ 282715.8, 4155437.79 ], [ 282715.79, 4155437.89 ], [ 282715.77, 4155437.99 ], [ 282715.74, 4155438.08 ], [ 282715.11, 4155439.68 ], [ 282715.11, 4155439.69 ], [ 282713.98, 4155442.54 ], [ 282713.76, 4155443.85 ], [ 282713.77, 4155443.86 ], [ 282713.85, 4155443.91 ], [ 282713.93, 4155443.96 ], [ 282714.01, 4155444.03 ], [ 282714.07, 4155444.1 ], [ 282714.13, 4155444.18 ], [ 282714.19, 4155444.26 ], [ 282714.23, 4155444.35 ], [ 282714.26, 4155444.44 ], [ 282714.29, 4155444.54 ], [ 282714.3, 4155444.63 ], [ 282714.31, 4155444.73 ], [ 282714.31, 4155444.83 ], [ 282714.29, 4155444.93 ], [ 282714.27, 4155445.02 ], [ 282714.24, 4155445.12 ], [ 282713.05, 4155448.14 ], [ 282712.64, 4155450.59 ], [ 282712.14, 4155451.46 ], [ 282710.0, 4155453.28 ], [ 282709.97, 4155453.29 ], [ 282709.8, 4155453.73 ], [ 282709.76, 4155453.82 ], [ 282709.71, 4155453.9 ], [ 282709.65, 4155453.98 ], [ 282709.58, 4155454.06 ], [ 282709.51, 4155454.12 ], [ 282709.43, 4155454.18 ], [ 282709.35, 4155454.23 ], [ 282709.26, 4155454.28 ], [ 282709.17, 4155454.31 ], [ 282709.08, 4155454.34 ], [ 282708.98, 4155454.35 ], [ 282708.88, 4155454.36 ], [ 282708.78, 4155454.36 ], [ 282708.69, 4155454.34 ], [ 282708.59, 4155454.32 ], [ 282708.5, 4155454.29 ], [ 282706.82, 4155453.63 ], [ 282700.13, 4155453.63 ], [ 282697.13, 4155456.63 ], [ 282697.13, 4155459.03 ], [ 282696.71, 4155460.05 ], [ 282694.55, 4155462.2 ], [ 282694.26, 4155462.33 ], [ 282690.7, 4155470.18 ], [ 282732.32, 4155489.11 ], [ 282732.31, 4155489.03 ], [ 282732.3, 4155488.94 ], [ 282732.3, 4155488.84 ], [ 282732.31, 4155488.74 ], [ 282732.33, 4155488.64 ], [ 282732.35, 4155488.55 ], [ 282732.39, 4155488.46 ], [ 282734.51, 4155483.98 ], [ 282734.56, 4155483.9 ], [ 282734.61, 4155483.82 ], [ 282734.68, 4155483.74 ], [ 282734.75, 4155483.67 ], [ 282734.82, 4155483.61 ], [ 282734.9, 4155483.55 ], [ 282734.99, 4155483.51 ], [ 282735.08, 4155483.47 ], [ 282735.17, 4155483.44 ], [ 282735.27, 4155483.42 ], [ 282735.37, 4155483.41 ], [ 282735.47, 4155483.41 ], [ 282735.56, 4155483.42 ], [ 282735.66, 4155483.44 ], [ 282735.75, 4155483.47 ], [ 282735.84, 4155483.51 ], [ 282739.27, 4155485.13 ], [ 282739.36, 4155485.18 ], [ 282739.44, 4155485.23 ], [ 282739.52, 4155485.29 ], [ 282739.59, 4155485.36 ], [ 282739.65, 4155485.44 ], [ 282739.7, 4155485.52 ], [ 282739.75, 4155485.61 ], [ 282739.79, 4155485.7 ], [ 282739.82, 4155485.79 ], [ 282739.84, 4155485.89 ], [ 282739.85, 4155485.98 ], [ 282739.85, 4155486.08 ], [ 282739.84, 4155486.18 ], [ 282739.82, 4155486.28 ], [ 282739.79, 4155486.37 ], [ 282739.75, 4155486.46 ], [ 282737.63, 4155490.94 ], [ 282737.58, 4155491.02 ], [ 282737.53, 4155491.1 ], [ 282737.47, 4155491.18 ], [ 282737.4, 4155491.25 ], [ 282737.32, 4155491.31 ], [ 282737.26, 4155491.35 ], [ 282748.13, 4155496.3 ], [ 282748.13, 4155496.22 ], [ 282748.55, 4155495.2 ], [ 282750.0, 4155493.76 ], [ 282750.0, 4155490.9 ], [ 282748.16, 4155494.68 ], [ 282748.11, 4155494.77 ], [ 282748.05, 4155494.85 ], [ 282747.99, 4155494.92 ], [ 282747.92, 4155494.99 ], [ 282747.84, 4155495.06 ], [ 282747.76, 4155495.11 ], [ 282747.67, 4155495.15 ], [ 282747.58, 4155495.19 ], [ 282747.48, 4155495.22 ], [ 282747.38, 4155495.23 ], [ 282747.28, 4155495.24 ], [ 282747.18, 4155495.24 ], [ 282747.08, 4155495.23 ], [ 282746.99, 4155495.2 ], [ 282746.89, 4155495.17 ], [ 282746.8, 4155495.13 ], [ 282743.37, 4155493.37 ], [ 282743.29, 4155493.32 ], [ 282743.21, 4155493.26 ], [ 282743.14, 4155493.2 ], [ 282743.07, 4155493.13 ], [ 282743.01, 4155493.06 ], [ 282742.96, 4155492.98 ], [ 282742.92, 4155492.89 ], [ 282742.88, 4155492.8 ], [ 282742.85, 4155492.71 ], [ 282742.84, 4155492.62 ], [ 282742.83, 4155492.52 ], [ 282742.83, 4155492.43 ], [ 282742.84, 4155492.33 ], [ 282742.86, 4155492.24 ], [ 282742.88, 4155492.15 ], [ 282742.92, 4155492.06 ], [ 282745.09, 4155487.35 ], [ 282745.13, 4155487.26 ], [ 282745.19, 4155487.18 ], [ 282745.25, 4155487.1 ], [ 282745.32, 4155487.03 ], [ 282745.4, 4155486.97 ], [ 282745.48, 4155486.91 ], [ 282745.57, 4155486.86 ], [ 282745.66, 4155486.83 ], [ 282745.75, 4155486.8 ], [ 282745.85, 4155486.78 ], [ 282745.95, 4155486.77 ], [ 282746.05, 4155486.77 ], [ 282746.15, 4155486.78 ], [ 282746.25, 4155486.8 ], [ 282746.34, 4155486.83 ], [ 282746.43, 4155486.87 ], [ 282750.0, 4155488.6 ], [ 282750.0, 4155473.05 ], [ 282749.32, 4155472.9 ], [ 282748.7, 4155473.46 ] ], [ [ 282733.17, 4155485.59 ], [ 282733.12, 4155485.67 ], [ 282733.07, 4155485.75 ], [ 282733.0, 4155485.83 ], [ 282732.93, 4155485.9 ], [ 282732.86, 4155485.96 ], [ 282732.78, 4155486.02 ], [ 282732.69, 4155486.06 ], [ 282732.6, 4155486.1 ], [ 282732.51, 4155486.13 ], [ 282732.41, 4155486.15 ], [ 282732.31, 4155486.16 ], [ 282732.21, 4155486.16 ], [ 282732.12, 4155486.15 ], [ 282732.02, 4155486.13 ], [ 282731.93, 4155486.1 ], [ 282731.84, 4155486.07 ], [ 282726.89, 4155483.74 ], [ 282726.81, 4155483.7 ], [ 282726.72, 4155483.64 ], [ 282726.65, 4155483.58 ], [ 282726.58, 4155483.51 ], [ 282726.52, 4155483.43 ], [ 282726.46, 4155483.35 ], [ 282726.41, 4155483.27 ], [ 282726.38, 4155483.18 ], [ 282726.35, 4155483.08 ], [ 282726.33, 4155482.99 ], [ 282726.32, 4155482.89 ], [ 282726.32, 4155482.79 ], [ 282726.33, 4155482.69 ], [ 282726.35, 4155482.6 ], [ 282726.38, 4155482.5 ], [ 282726.41, 4155482.41 ], [ 282728.98, 4155476.96 ], [ 282729.02, 4155476.87 ], [ 282729.08, 4155476.79 ], [ 282729.14, 4155476.71 ], [ 282729.21, 4155476.64 ], [ 282729.28, 4155476.58 ], [ 282729.37, 4155476.53 ], [ 282729.45, 4155476.48 ], [ 282729.54, 4155476.44 ], [ 282729.64, 4155476.41 ], [ 282729.73, 4155476.4 ], [ 282729.83, 4155476.39 ], [ 282729.93, 4155476.38 ], [ 282730.02, 4155476.39 ], [ 282730.12, 4155476.41 ], [ 282730.21, 4155476.44 ], [ 282730.31, 4155476.48 ], [ 282735.25, 4155478.79 ], [ 282735.34, 4155478.84 ], [ 282735.42, 4155478.89 ], [ 282735.49, 4155478.95 ], [ 282735.56, 4155479.02 ], [ 282735.63, 4155479.1 ], [ 282735.68, 4155479.18 ], [ 282735.73, 4155479.27 ], [ 282735.76, 4155479.36 ], [ 282735.79, 4155479.45 ], [ 282735.81, 4155479.55 ], [ 282735.82, 4155479.65 ], [ 282735.82, 4155479.74 ], [ 282735.81, 4155479.84 ], [ 282735.8, 4155479.94 ], [ 282735.77, 4155480.03 ], [ 282735.73, 4155480.12 ], [ 282733.17, 4155485.59 ] ] ], [ [ [ 282732.06, 4155499.83 ], [ 282732.43, 4155500.0 ], [ 282741.53, 4155500.0 ], [ 282733.73, 4155496.45 ], [ 282732.06, 4155499.83 ] ] ] ] } }
]
}
