{
"type": "FeatureCollection",
"name": "buildings",
"crs": { "type": "name", "properties": { "name": "urn:ogc:def:crs:EPSG::32618" } },
"xy_coordinate_resolution": 0.01,
"features": [
{ "type": "Feature", "properties": { "id": "osm:way/301428804", "name": "The Renaissance", "height": 22.86, "min_height": 0.0, "levels": null, "height_source": "osm_height", "roof_shape": "flat", "roof_height": 0.0, "roof_azimuth": null, "roof_source": "heuristic", "roof_color": "roof_flat", "roof_color_source": "ortho", "lod2_roof": null, "roof_props": null, "wall_color": "sand", "type": "yes", "landmark": null, "footprint_source": "osm", "source_updated": null, "is_part": false, "parent": null, "hidden": false, "addr": "107 West Broad Street", "wikidata": "Q6783756", "website": "https://renaissanceva.com/", "zoning": "B-4", "lidar_p90": 28.6, "ground_z": 54.29 }, "geometry": { "type": "Polygon", "coordinates": [ [ [ 284155.97, 4158277.5 ], [ 284154.49, 4158275.65 ], [ 284173.5, 4158260.76 ], [ 284150.32, 4158231.41 ], [ 284126.35, 4158250.18 ], [ 284151.0, 4158281.38 ], [ 284155.97, 4158277.5 ] ] ] } },
{ "type": "Feature", "properties": { "id": "osm:way/321384666", "name": "Theatre Row Apartments", "height": 12.8, "min_height": 0.0, "levels": 4.0, "height_source": "osm_levels", "roof_shape": "flat", "roof_height": 13.51, "roof_azimuth": null, "roof_source": "lod2", "roof_color": "concrete", "roof_color_source": "ortho", "lod2_roof": { "v": [ [ 284114.11, 4158266.76, 1.51 ], [ 284114.11, 4158266.76, 0.04 ], [ 284110.69, 4158262.43, 1.32 ], [ 284134.68, 4158292.81, 0.26 ], [ 284134.64, 4158260.68, 13.49 ], [ 284134.64, 4158260.68, 4.13 ], [ 284142.86, 4158271.08, 12.38 ], [ 284142.86, 4158271.08, 13.33 ], [ 284131.1, 4158271.18, 1.55 ], [ 284131.1, 4158271.18, 0.13 ], [ 284128.33, 4158272.96, 0.13 ], [ 284128.33, 4158272.96, 1.78 ], [ 284147.81, 4158277.35, 10.85 ], [ 284147.81, 4158277.35, 10.26 ], [ 284146.88, 4158278.96, 9.93 ], [ 284146.88, 4158278.96, 11.01 ], [ 284150.33, 4158280.54, 10.25 ], [ 284126.53, 4158254.47, 11.7 ], [ 284126.53, 4158254.47, 3.55 ], [ 284126.71, 4158255.17, 3.45 ], [ 284126.71, 4158255.17, 11.81 ], [ 284127.84, 4158254.93, 11.41 ], [ 284127.84, 4158254.93, 3.81 ], [ 284124.78, 4158251.41, 11.53 ], [ 284124.78, 4158251.41, 2.75 ], [ 284126.35, 4158250.18, 10.76 ], [ 284122.64, 4158253.08, 2.72 ], [ 284122.64, 4158253.08, 0.0 ], [ 284110.88, 4158262.29, 0.0 ], [ 284110.88, 4158262.29, 1.19 ], [ 284148.95, 4158281.63, 9.91 ], [ 284148.95, 4158281.63, 0.26 ], [ 284146.88, 4158278.96, 0.23 ], [ 284131.2, 4158261.61, 3.58 ], [ 284131.2, 4158261.61, 0.08 ], [ 284130.25, 4158262.45, 0.08 ], [ 284130.25, 4158262.45, 3.42 ], [ 284131.99, 4158261.78, 3.7 ], [ 284131.99, 4158261.78, 0.08 ], [ 284135.32, 4158264.05, 13.48 ], [ 284135.32, 4158264.05, 0.11 ], [ 284133.88, 4158262.88, 0.1 ], [ 284133.88, 4158262.88, 3.98 ], [ 284133.88, 4158262.88, 13.51 ], [ 284134.04, 4158262.4, 4.02 ], [ 284134.04, 4158262.4, 13.5 ], [ 284133.53, 4158261.73, 3.94 ], [ 284133.53, 4158261.73, 13.51 ], [ 284141.88, 4158272.5, 13.35 ], [ 284141.88, 4158272.5, 11.99 ], [ 284141.88, 4158272.5, 0.18 ], [ 284125.76, 4158254.54, 11.96 ], [ 284125.76, 4158254.54, 3.32 ], [ 284125.76, 4158254.54, 0.02 ], [ 284125.8, 4158254.21, 0.02 ], [ 284125.8, 4158254.21, 2.73 ], [ 284125.8, 4158254.21, 11.87 ], [ 284114.4, 4158266.51, 1.3 ], [ 284114.4, 4158266.51, 0.04 ], [ 284123.68, 4158254.55, 2.72 ], [ 284123.68, 4158254.55, 0.01 ], [ 284129.19, 4158267.19, 1.45 ], [ 284129.19, 4158267.19, 0.1 ], [ 284144.32, 4158272.93, 10.88 ], [ 284144.32, 4158272.93, 11.62 ], [ 284142.64, 4158273.49, 11.04 ], [ 284142.64, 4158273.49, 11.58 ], [ 284125.91, 4158252.99, 11.55 ], [ 284125.91, 4158252.99, 2.74 ], [ 284133.3, 4158258.98, 3.94 ], [ 284133.3, 4158258.98, 10.69 ], [ 284132.6, 4158260.05, 11.15 ], [ 284132.6, 4158260.05, 3.82 ], [ 284132.85, 4158260.14, 3.86 ], [ 284132.85, 4158260.14, 11.09 ], [ 284132.5, 4158260.45, 3.8 ], [ 284132.5, 4158260.45, 11.27 ], [ 284125.43, 4158258.04, 2.45 ], [ 284125.43, 4158258.04, 0.04 ], [ 284124.74, 4158257.19, 0.03 ], [ 284124.74, 4158257.19, 2.45 ], [ 284125.57, 4158256.57, 2.82 ], [ 284125.57, 4158256.57, 0.03 ], [ 284128.88, 4158261.89, 3.21 ], [ 284128.88, 4158261.89, 0.07 ], [ 284128.89, 4158261.4, 0.07 ], [ 284128.89, 4158261.4, 3.22 ], [ 284129.49, 4158261.87, 3.3 ], [ 284129.49, 4158261.87, 0.07 ], [ 284131.97, 4158259.82, 3.72 ], [ 284131.97, 4158259.82, 11.29 ], [ 284124.72, 4158253.84, 2.73 ], [ 284124.72, 4158253.84, 0.01 ], [ 284132.5, 4158261.76, 0.08 ], [ 284132.5, 4158261.76, 3.78 ], [ 284134.29, 4158261.7, 4.06 ], [ 284134.29, 4158261.7, 13.5 ], [ 284125.28, 4158268.71, 0.1 ], [ 284125.28, 4158268.71, 1.73 ], [ 284127.04, 4158268.02, 0.1 ], [ 284127.04, 4158268.02, 1.6 ], [ 284128.08, 4158267.11, 0.1 ], [ 284128.08, 4158267.11, 1.5 ], [ 284128.35, 4158267.51, 0.1 ], [ 284128.35, 4158267.51, 1.51 ], [ 284128.94, 4158258.69, 3.28 ], [ 284128.94, 4158258.69, 0.05 ], [ 284128.92, 4158259.43, 0.06 ], [ 284128.92, 4158259.43, 3.11 ], [ 284129.84, 4158259.03, 3.46 ], [ 284129.84, 4158259.03, 0.06 ], [ 284130.82, 4158258.46, 11.32 ], [ 284130.82, 4158258.46, 3.86 ], [ 284142.64, 4158273.49, 0.19 ], [ 284127.67, 4158259.99, 2.64 ], [ 284127.67, 4158259.99, 0.06 ], [ 284127.19, 4158259.63, 0.05 ], [ 284127.19, 4158259.63, 2.59 ], [ 284126.78, 4158259.69, 0.05 ], [ 284126.78, 4158259.69, 2.46 ], [ 284130.15, 4158259.14, 11.69 ], [ 284130.15, 4158259.14, 3.44 ], [ 284130.15, 4158259.14, 0.06 ], [ 284130.58, 4158258.71, 0.06 ], [ 284130.58, 4158258.71, 3.73 ], [ 284130.58, 4158258.71, 11.46 ], [ 284126.05, 4158258.8, 0.04 ], [ 284126.05, 4158258.8, 2.46 ], [ 284125.41, 4158258.32, 0.04 ], [ 284125.41, 4158258.32, 2.38 ], [ 284128.35, 4158260.99, 3.14 ], [ 284128.35, 4158260.99, 0.06 ] ], "f": [ [ [ 16, 30, 14, 13 ] ], [ [ 29, 57, 0, 2 ] ], [ [ 68, 55, 91, 59, 26, 24 ] ], [ [ 66, 49, 6, 64 ] ], [ [ 96, 4, 7, 48, 39, 43, 45, 47 ] ], [ [ 104, 61, 8, 11, 98, 100, 102 ] ], [ [ 15, 65, 63, 12 ] ], [ [ 108, 114, 117, 119, 127, 129, 77, 80, 81, 52, 19, 18, 22, 112, 124, 109, 105 ] ], [ [ 125, 111, 21, 17, 20, 51, 56, 67, 23, 25, 70, 71, 74, 76, 90, 120 ] ], [ [ 86, 130, 121, 89, 75, 73, 72, 69, 5, 95, 46, 44, 42, 94, 37, 33, 36, 87, 83 ] ], [ [ 131, 85, 84, 88, 35, 34, 38, 93, 41, 40, 50, 113, 32, 31, 3, 1, 58, 28, 27, 60, 92, 54, 53, 82, 79, 78, 128, 126, 118, 116, 115, 107, 106, 110, 123, 122 ], [ 62, 103, 101, 99, 97, 10, 9 ] ], [ [ 8, 9, 10, 11 ] ], [ [ 12, 13, 14, 15 ] ], [ [ 17, 18, 19, 20 ] ], [ [ 21, 22, 18, 17 ] ], [ [ 30, 31, 32, 14 ] ], [ [ 33, 34, 35, 36 ] ], [ [ 37, 38, 34, 33 ] ], [ [ 39, 40, 41, 42, 43 ] ], [ [ 43, 42, 44, 45 ] ], [ [ 45, 44, 46, 47 ] ], [ [ 48, 49, 50, 40, 39 ] ], [ [ 7, 6, 49, 48 ] ], [ [ 51, 52, 53, 54, 55, 56 ] ], [ [ 57, 58, 1, 0 ] ], [ [ 59, 60, 27, 26 ] ], [ [ 61, 62, 9, 8 ] ], [ [ 29, 28, 58, 57 ] ], [ [ 64, 63, 65, 66 ] ], [ [ 67, 68, 24, 23 ] ], [ [ 71, 72, 73, 74 ] ], [ [ 74, 73, 75, 76 ] ], [ [ 77, 78, 79, 80 ] ], [ [ 81, 82, 53, 52 ] ], [ [ 83, 84, 85, 86 ] ], [ [ 70, 69, 72, 71 ] ], [ [ 87, 88, 84, 83 ] ], [ [ 36, 35, 88, 87 ] ], [ [ 76, 75, 89, 90 ] ], [ [ 80, 79, 82, 81 ] ], [ [ 91, 92, 60, 59 ] ], [ [ 20, 19, 52, 51 ] ], [ [ 55, 54, 92, 91 ] ], [ [ 56, 55, 68, 67 ] ], [ [ 42, 41, 93, 94 ] ], [ [ 94, 93, 38, 37 ] ], [ [ 47, 46, 95, 96 ] ], [ [ 96, 95, 5, 4 ] ], [ [ 11, 10, 97, 98 ] ], [ [ 98, 97, 99, 100 ] ], [ [ 100, 99, 101, 102 ] ], [ [ 102, 101, 103, 104 ] ], [ [ 104, 103, 62, 61 ] ], [ [ 105, 106, 107, 108 ] ], [ [ 109, 110, 106, 105 ] ], [ [ 111, 112, 22, 21 ] ], [ [ 15, 14, 32, 113, 65 ] ], [ [ 66, 65, 113, 50, 49 ] ], [ [ 114, 115, 116, 117 ] ], [ [ 117, 116, 118, 119 ] ], [ [ 120, 121, 122, 123, 124, 125 ] ], [ [ 90, 89, 121, 120 ] ], [ [ 124, 123, 110, 109 ] ], [ [ 125, 124, 112, 111 ] ], [ [ 119, 118, 126, 127 ] ], [ [ 127, 126, 128, 129 ] ], [ [ 129, 128, 78, 77 ] ], [ [ 108, 107, 115, 114 ] ], [ [ 130, 131, 122, 121 ] ], [ [ 86, 85, 131, 130 ] ] ] }, "roof_props": null, "wall_color": "sand", "type": "yes", "landmark": null, "footprint_source": "osm", "source_updated": null, "is_part": false, "parent": null, "hidden": false, "addr": "115 West Broad Street", "wikidata": null, "website": null, "zoning": "B-4", "lidar_p90": 19.28, "ground_z": 54.33 }, "geometry": { "type": "Polygon", "coordinates": [ [ [ 284150.33, 4158280.54 ], [ 284126.35, 4158250.18 ], [ 284110.69, 4158262.43 ], [ 284134.68, 4158292.81 ], [ 284150.33, 4158280.54 ] ] ] } },
{ "type": "Feature", "properties": { "id": "osm:way/301428799", "name": "Richmond Police Headquarters", "height": 16.0, "min_height": 0.0, "levels": 5.0, "height_source": "osm_levels", "roof_shape": "flat", "roof_height": 0.0, "roof_azimuth": null, "roof_source": "heuristic", "roof_color": "roof_flat", "roof_color_source": "ortho", "lod2_roof": null, "roof_props": null, "wall_color": "sand", "type": "yes", "landmark": null, "footprint_source": "osm", "source_updated": null, "is_part": false, "parent": null, "hidden": false, "addr": "200 West Grace Street", "wikidata": null, "website": "http://www.richmondgov.com/Police/index.aspx", "zoning": "B-4", "lidar_p90": 23.55, "ground_z": 54.71 }, "geometry": { "type": "Polygon", "coordinates": [ [ [ 284044.62, 4158305.7 ], [ 284074.22, 4158281.97 ], [ 284045.62, 4158246.61 ], [ 284016.02, 4158270.35 ], [ 284044.62, 4158305.7 ] ] ] } },
{ "type": "Feature", "properties": { "id": "osm:way/301428798", "name": null, "height": 9.84, "min_height": 0.0, "levels": null, "height_source": "lidar", "roof_shape": "flat", "roof_height": 0.0, "roof_azimuth": null, "roof_source": "heuristic", "roof_color": "roof_flat", "roof_color_source": "ortho", "lod2_roof": null, "roof_props": null, "wall_color": "cream", "type": "yes", "landmark": null, "footprint_source": "osm", "source_updated": null, "is_part": false, "parent": null, "hidden": false, "addr": "200 W Grace St", "wikidata": null, "website": null, "zoning": "B-4", "lidar_p90": 11.48, "ground_z": 54.32 }, "geometry": { "type": "Polygon", "coordinates": [ [ [ 284009.32, 4158334.03 ], [ 284044.62, 4158305.7 ], [ 284016.02, 4158270.35 ], [ 283980.72, 4158298.66 ], [ 284009.32, 4158334.03 ] ] ] } },
{ "type": "Feature", "properties": { "id": "osm:way/326498012", "name": "Quirk Hotel Richmond", "height": 22.86, "min_height": 0.0, "levels": null, "height_source": "osm_height", "roof_shape": "flat", "roof_height": 0.0, "roof_azimuth": null, "roof_source": "heuristic", "roof_color": "slate", "roof_color_source": "ortho", "lod2_roof": null, "roof_props": null, "wall_color": "terracotta", "type": "yes", "landmark": null, "footprint_source": "osm", "source_updated": null, "is_part": false, "parent": null, "hidden": false, "addr": "201 West Broad Street", "wikidata": "Q111394777", "website": "http://www.quirkhotel.com/", "zoning": "B-4", "lidar_p90": 34.33, "ground_z": 53.43 }, "geometry": { "type": "Polygon", "coordinates": [ [ [ 284089.91, 4158328.39 ], [ 284103.45, 4158317.7 ], [ 284079.03, 4158287.02 ], [ 284065.49, 4158297.71 ], [ 284089.91, 4158328.39 ] ] ] } },
{ "type": "Feature", "properties": { "id": "osm:way/321384607", "name": null, "height": 14.85, "min_height": 0.0, "levels": null, "height_source": "lidar", "roof_shape": "flat", "roof_height": 0.0, "roof_azimuth": null, "roof_source": "heuristic", "roof_color": "slate", "roof_color_source": "ortho", "lod2_roof": null, "roof_props": null, "wall_color": "concrete", "type": "yes", "landmark": null, "footprint_source": "osm", "source_updated": null, "is_part": false, "parent": null, "hidden": false, "addr": "207 West Broad Street", "wikidata": null, "website": null, "zoning": "B-4", "lidar_p90": 30.19, "ground_z": 53.19 }, "geometry": { "type": "Polygon", "coordinates": [ [ [ 284089.91, 4158328.39 ], [ 284065.49, 4158297.71 ], [ 284059.75, 4158302.23 ], [ 284084.18, 4158332.91 ], [ 284089.91, 4158328.39 ] ] ] } },
{ "type": "Feature", "properties": { "id": "osm:way/321384677", "name": null, "height": 8.99, "min_height": 0.0, "levels": null, "height_source": "lidar", "roof_shape": "flat", "roof_height": 7.51, "roof_azimuth": null, "roof_source": "lod2", "roof_color": "roof_flat", "roof_color_source": "ortho", "lod2_roof": { "v": [ [ 284069.63, 4158314.64, 3.39 ], [ 284075.9, 4158322.51, 3.4 ], [ 284073.4, 4158341.42, 0.71 ], [ 284059.41, 4158323.84, 0.0 ], [ 284074.57, 4158323.36, 3.41 ], [ 284074.57, 4158323.36, 0.0 ], [ 284073.54, 4158323.79, 0.0 ], [ 284073.54, 4158323.79, 3.41 ], [ 284074.63, 4158324.35, 5.97 ], [ 284074.63, 4158324.35, 0.0 ], [ 284074.57, 4158323.36, 5.95 ], [ 284068.47, 4158316.86, 0.0 ], [ 284068.47, 4158316.86, 3.4 ], [ 284067.59, 4158316.25, 3.4 ], [ 284076.3, 4158323.01, 7.22 ], [ 284076.3, 4158323.01, 6.05 ], [ 284084.18, 4158332.91, 7.51 ], [ 284078.72, 4158327.6, 7.32 ], [ 284078.72, 4158327.6, 6.31 ], [ 284077.53, 4158327.46, 6.23 ], [ 284077.53, 4158327.46, 7.28 ], [ 284078.94, 4158327.76, 7.32 ], [ 284078.94, 4158327.76, 6.33 ], [ 284077.53, 4158327.46, 0.27 ], [ 284076.2, 4158325.5, 0.12 ], [ 284076.2, 4158325.5, 6.1 ], [ 284076.2, 4158325.5, 7.23 ], [ 284071.97, 4158319.29, 3.4 ], [ 284071.97, 4158319.29, 0.0 ], [ 284075.93, 4158322.79, 6.02 ], [ 284075.93, 4158322.79, 3.4 ], [ 284075.9, 4158322.51, 6.02 ], [ 284073.87, 4158322.07, 0.0 ], [ 284073.87, 4158322.07, 3.4 ], [ 284082.15, 4158334.25, 6.67 ], [ 284082.15, 4158334.25, 0.77 ], [ 284082.9, 4158333.69, 6.71 ], [ 284082.9, 4158333.69, 0.78 ], [ 284083.0, 4158333.85, 7.47 ], [ 284083.0, 4158333.85, 0.79 ], [ 284082.9, 4158333.69, 7.47 ], [ 284075.14, 4158323.94, 6.0 ], [ 284075.14, 4158323.94, 0.01 ], [ 284075.98, 4158323.27, 7.21 ], [ 284075.98, 4158323.27, 6.04 ] ], "f": [ [ [ 33, 27, 12, 13, 0, 1, 30, 4, 7 ] ], [ [ 22, 36, 34, 19, 18 ] ], [ [ 42, 24, 23, 35, 37, 39, 2, 3, 11, 28, 32, 6, 5, 9 ] ], [ [ 44, 25, 41, 8, 10, 29, 31, 15 ] ], [ [ 26, 43, 14, 16, 38, 40, 21, 17, 20 ] ], [ [ 4, 5, 6, 7 ] ], [ [ 8, 9, 5, 4, 10 ] ], [ [ 17, 18, 19, 20 ] ], [ [ 21, 22, 18, 17 ] ], [ [ 20, 19, 23, 24, 25, 26 ] ], [ [ 27, 28, 11, 12 ] ], [ [ 29, 30, 1, 31 ] ], [ [ 10, 4, 30, 29 ] ], [ [ 7, 6, 32, 33 ] ], [ [ 33, 32, 28, 27 ] ], [ [ 34, 35, 23, 19 ] ], [ [ 36, 37, 35, 34 ] ], [ [ 38, 39, 37, 36, 40 ] ], [ [ 40, 36, 22, 21 ] ], [ [ 41, 42, 9, 8 ] ], [ [ 25, 24, 42, 41 ] ], [ [ 43, 44, 15, 14 ] ], [ [ 26, 25, 44, 43 ] ] ] }, "roof_props": null, "wall_color": "cream", "type": "yes", "landmark": null, "footprint_source": "osm", "source_updated": null, "is_part": false, "parent": null, "hidden": false, "addr": "209 W Broad St", "wikidata": null, "website": null, "zoning": "B-4", "lidar_p90": 14.39, "ground_z": 53.28 }, "geometry": { "type": "Polygon", "coordinates": [ [ [ 284084.18, 4158332.91 ], [ 284069.63, 4158314.64 ], [ 284058.88, 4158323.18 ], [ 284073.4, 4158341.42 ], [ 284084.18, 4158332.91 ] ] ] } },
{ "type": "Feature", "properties": { "id": "osm:way/321384595", "name": null, "height": 13.99, "min_height": 0.0, "levels": null, "height_source": "lidar", "roof_shape": "flat", "roof_height": 0.0, "roof_azimuth": null, "roof_source": "heuristic", "roof_color": "roof_flat", "roof_color_source": "ortho", "lod2_roof": null, "roof_props": null, "wall_color": "brick", "type": "yes", "landmark": null, "footprint_source": "osm", "source_updated": null, "is_part": false, "parent": null, "hidden": false, "addr": "215 W Broad St", "wikidata": null, "website": null, "zoning": "B-4", "lidar_p90": 15.75, "ground_z": 53.34 }, "geometry": { "type": "Polygon", "coordinates": [ [ [ 284073.4, 4158341.42 ], [ 284048.54, 4158310.2 ], [ 284038.09, 4158318.45 ], [ 284062.95, 4158349.68 ], [ 284073.4, 4158341.42 ] ] ] } },
{ "type": "Feature", "properties": { "id": "osm:way/326498015", "name": null, "height": 9.41, "min_height": 0.0, "levels": null, "height_source": "lidar", "roof_shape": "flat", "roof_height": 0.0, "roof_azimuth": null, "roof_source": "heuristic", "roof_color": "roof_flat", "roof_color_source": "ortho", "lod2_roof": null, "roof_props": null, "wall_color": "terracotta", "type": "yes", "landmark": null, "footprint_source": "osm", "source_updated": null, "is_part": false, "parent": null, "hidden": false, "addr": "217 West Broad Street", "wikidata": null, "website": null, "zoning": "B-4", "lidar_p90": 15.37, "ground_z": 53.38 }, "geometry": { "type": "Polygon", "coordinates": [ [ [ 284033.2, 4158322.31 ], [ 284058.06, 4158353.54 ], [ 284062.95, 4158349.68 ], [ 284038.09, 4158318.45 ], [ 284033.2, 4158322.31 ] ] ] } },
{ "type": "Feature", "properties": { "id": "osm:way/321367923", "name": null, "height": 10.08, "min_height": 0.0, "levels": null, "height_source": "lidar", "roof_shape": "gable", "roof_height": 0.94, "roof_azimuth": 23.4, "roof_source": "lidar", "roof_color": "roof_flat", "roof_color_source": "ortho", "lod2_roof": null, "roof_props": null, "wall_color": "sand", "type": "yes", "landmark": null, "footprint_source": "osm", "source_updated": null, "is_part": false, "parent": null, "hidden": false, "addr": "18 West Broad Street", "wikidata": null, "website": null, "zoning": "B-4", "lidar_p90": 12.28, "ground_z": 53.71 }, "geometry": { "type": "Polygon", "coordinates": [ [ [ 284258.17, 4158286.38 ], [ 284235.68, 4158258.03 ], [ 284231.76, 4158260.69 ], [ 284231.61, 4158263.82 ], [ 284253.29, 4158290.33 ], [ 284258.17, 4158286.38 ] ] ] } },
{ "type": "Feature", "properties": { "id": "osm:way/304140136", "name": "Cire Perdue Art Foundry", "height": 9.25, "min_height": 0.0, "levels": null, "height_source": "lidar", "roof_shape": "flat", "roof_height": 2.85, "roof_azimuth": null, "roof_source": "lod2", "roof_color": "roof_flat", "roof_color_source": "ortho", "lod2_roof": { "v": [ [ 284232.04, 4158267.54, 0.38 ], [ 284232.38, 4158267.26, 0.39 ], [ 284231.29, 4158272.69, 0.17 ], [ 284233.6, 4158266.29, 2.56 ], [ 284245.07, 4158280.5, 1.36 ], [ 284240.49, 4158284.23, 0.0 ], [ 284238.59, 4158281.84, 0.0 ], [ 284243.55, 4158281.74, 0.0 ], [ 284243.55, 4158281.74, 1.72 ], [ 284243.5, 4158280.41, 0.0 ], [ 284243.5, 4158280.41, 1.65 ], [ 284240.61, 4158280.7, 2.2 ], [ 284240.61, 4158280.7, 0.0 ], [ 284240.55, 4158280.72, 0.0 ], [ 284240.55, 4158280.72, 0.0 ], [ 284240.55, 4158280.72, 2.21 ], [ 284238.58, 4158281.5, 0.0 ], [ 284238.58, 4158281.5, 0.0 ], [ 284238.59, 4158281.84, 0.0 ], [ 284232.38, 4158267.26, 2.85 ] ], "f": [ [ [ 12, 9, 7, 5, 6, 17, 13 ] ], [ [ 1, 14, 16, 18, 2, 0 ] ], [ [ 19, 3, 4, 8, 10, 11, 15 ] ], [ [ 8, 7, 9, 10 ] ], [ [ 11, 12, 13, 14, 15 ] ], [ [ 16, 17, 6, 18 ] ], [ [ 14, 13, 17, 16 ] ], [ [ 10, 9, 12, 11 ] ], [ [ 15, 14, 1, 19 ] ] ] }, "roof_props": null, "wall_color": "brick", "type": "yes", "landmark": null, "footprint_source": "osm", "source_updated": null, "is_part": false, "parent": null, "hidden": false, "addr": "303 Brook Road", "wikidata": null, "website": null, "zoning": "B-4", "lidar_p90": 12.22, "ground_z": 53.72 }, "geometry": { "type": "Polygon", "coordinates": [ [ [ 284240.49, 4158284.23 ], [ 284245.07, 4158280.5 ], [ 284233.6, 4158266.29 ], [ 284232.04, 4158267.54 ], [ 284231.29, 4158272.69 ], [ 284240.49, 4158284.23 ] ] ] } },
{ "type": "Feature", "properties": { "id": "osm:way/304140135", "name": null, "height": 8.57, "min_height": 0.0, "levels": null, "height_source": "lidar", "roof_shape": "flat", "roof_height": 0.95, "roof_azimuth": null, "roof_source": "lod2", "roof_color": "roof_flat", "roof_color_source": "ortho", "lod2_roof": { "v": [ [ 284234.91, 4158284.25, 0.12 ], [ 284234.91, 4158284.25, 0.0 ], [ 284232.82, 4158281.21, 0.0 ], [ 284232.82, 4158281.21, 0.22 ], [ 284230.5, 4158281.36, 0.0 ], [ 284231.11, 4158274.65, 0.0 ], [ 284243.82, 4158297.89, 0.0 ], [ 284244.04, 4158289.5, 0.0 ], [ 284244.04, 4158289.5, 0.0 ], [ 284245.21, 4158290.1, 0.0 ], [ 284245.21, 4158290.1, 0.0 ], [ 284234.94, 4158279.68, 0.58 ], [ 284234.94, 4158279.68, 0.1 ], [ 284234.94, 4158279.68, 0.0 ], [ 284231.11, 4158274.65, 0.86 ], [ 284234.15, 4158280.35, 0.0 ], [ 284234.15, 4158280.35, 0.15 ], [ 284234.21, 4158280.43, 0.0 ], [ 284234.21, 4158280.43, 0.14 ], [ 284243.01, 4158290.27, 0.0 ], [ 284243.01, 4158290.27, 0.0 ], [ 284239.73, 4158289.29, 0.0 ], [ 284239.73, 4158289.29, 0.08 ], [ 284241.36, 4158288.14, 0.11 ], [ 284241.36, 4158288.14, 0.0 ], [ 284242.23, 4158288.58, 0.0 ], [ 284242.23, 4158288.58, 0.08 ], [ 284248.63, 4158294.37, 0.0 ], [ 284236.04, 4158281.14, 0.5 ], [ 284236.04, 4158281.14, 0.05 ], [ 284231.29, 4158272.69, 0.95 ], [ 284236.55, 4158283.3, 0.04 ], [ 284236.55, 4158283.3, 0.0 ], [ 284237.21, 4158282.68, 0.42 ], [ 284237.21, 4158282.68, 0.0 ], [ 284239.96, 4158286.29, 0.0 ], [ 284239.96, 4158286.29, 0.21 ], [ 284236.88, 4158282.99, 0.02 ], [ 284236.88, 4158282.99, 0.0 ], [ 284236.88, 4158282.99, 0.41 ], [ 284238.39, 4158281.57, 0.45 ], [ 284238.39, 4158281.57, 0.0 ], [ 284241.46, 4158285.4, 0.0 ], [ 284241.46, 4158285.4, 0.0 ], [ 284239.96, 4158286.29, 0.0 ], [ 284243.01, 4158290.27, 0.0 ], [ 284244.58, 4158290.74, 0.0 ], [ 284244.58, 4158290.74, 0.0 ] ], "f": [ [ [ 29, 37, 31, 0, 3, 16, 18, 12 ] ], [ [ 43, 35, 34, 41 ] ], [ [ 38, 21, 20, 46, 7, 10, 27, 6, 4, 5, 13, 17, 15, 2, 1, 32 ] ], [ [ 42, 9, 8, 47, 45, 25, 24, 44 ] ], [ [ 22, 39, 28, 11, 14, 30, 40, 33, 36, 23, 26, 19 ] ], [ [ 0, 1, 2, 3 ] ], [ [ 7, 8, 9, 10 ] ], [ [ 11, 12, 13, 5, 14 ] ], [ [ 3, 2, 15, 16 ] ], [ [ 16, 15, 17, 18 ] ], [ [ 19, 20, 21, 22 ] ], [ [ 23, 24, 25, 26 ] ], [ [ 28, 29, 12, 11 ] ], [ [ 18, 17, 13, 12 ] ], [ [ 31, 32, 1, 0 ] ], [ [ 33, 34, 35, 36 ] ], [ [ 37, 38, 32, 31 ] ], [ [ 39, 37, 29, 28 ] ], [ [ 40, 41, 34, 33 ] ], [ [ 36, 35, 44, 24, 23 ] ], [ [ 43, 42, 44, 35 ] ], [ [ 26, 25, 45, 20, 19 ] ], [ [ 46, 47, 8, 7 ] ], [ [ 20, 45, 47, 46 ] ], [ [ 22, 21, 38, 37, 39 ] ] ] }, "roof_props": null, "wall_color": "concrete", "type": "yes", "landmark": null, "footprint_source": "osm", "source_updated": null, "is_part": false, "parent": null, "hidden": false, "addr": "305 Brook Road", "wikidata": null, "website": null, "zoning": "B-4", "lidar_p90": 9.31, "ground_z": 53.77 }, "geometry": { "type": "Polygon", "coordinates": [ [ [ 284248.63, 4158294.37 ], [ 284231.29, 4158272.69 ], [ 284230.5, 4158281.36 ], [ 284243.82, 4158297.89 ], [ 284248.63, 4158294.37 ] ] ] } },
{ "type": "Feature", "properties": { "id": "osm:way/321384561", "name": null, "height": 12.8, "min_height": 0.0, "levels": 4.0, "height_source": "osm_levels", "roof_shape": "flat", "roof_height": 0.0, "roof_azimuth": null, "roof_source": "heuristic", "roof_color": "roof_flat", "roof_color_source": "ortho", "lod2_roof": null, "roof_props": null, "wall_color": "terracotta", "type": "yes", "landmark": null, "footprint_source": "osm", "source_updated": null, "is_part": false, "parent": null, "hidden": false, "addr": "117 W Broad St", "wikidata": null, "website": null, "zoning": "B-4", "lidar_p90": 20.29, "ground_z": 54.0 }, "geometry": { "type": "Polygon", "coordinates": [ [ [ 284087.22, 4158279.63 ], [ 284111.77, 4158310.74 ], [ 284134.68, 4158292.81 ], [ 284110.11, 4158261.69 ], [ 284087.22, 4158279.63 ] ] ] } },
{ "type": "Feature", "properties": { "id": "osm:way/304140133", "name": null, "height": 7.35, "min_height": 0.0, "levels": null, "height_source": "lidar", "roof_shape": "flat", "roof_height": 0.2, "roof_azimuth": null, "roof_source": "lod2", "roof_color": "roof_flat", "roof_color_source": "ortho", "lod2_roof": { "v": [ [ 284230.5, 4158281.36, 0.0 ], [ 284238.05, 4158290.65, 0.0 ], [ 284228.35, 4158298.32, 0.2 ] ], "f": [ [ [ 2, 0, 1 ] ] ] }, "roof_props": null, "wall_color": "brick", "type": "yes", "landmark": null, "footprint_source": "osm", "source_updated": null, "is_part": false, "parent": null, "hidden": false, "addr": "305 Brook Road", "wikidata": null, "website": null, "zoning": "B-4", "lidar_p90": 7.72, "ground_z": 53.8 }, "geometry": { "type": "Polygon", "coordinates": [ [ [ 284238.05, 4158290.65 ], [ 284230.5, 4158281.36 ], [ 284228.35, 4158298.31 ], [ 284238.05, 4158290.65 ] ] ] } },
{ "type": "Feature", "properties": { "id": "osm:way/321384657", "name": null, "height": 8.13, "min_height": 0.0, "levels": null, "height_source": "lidar", "roof_shape": "flat", "roof_height": 0.67, "roof_azimuth": null, "roof_source": "lod2", "roof_color": "concrete", "roof_color_source": "ortho", "lod2_roof": { "v": [ [ 284202.8, 4158306.26, 0.0 ], [ 284191.98, 4158292.69, 0.63 ], [ 284205.99, 4158303.74, 0.0 ], [ 284196.75, 4158288.93, 0.67 ] ], "f": [ [ [ 3, 2, 0, 1 ] ] ] }, "roof_props": null, "wall_color": "cream", "type": "yes", "landmark": null, "footprint_source": "osm", "source_updated": null, "is_part": false, "parent": null, "hidden": false, "addr": "100 West Broad Street", "wikidata": null, "website": null, "zoning": "B-4", "lidar_p90": 8.77, "ground_z": 53.66 }, "geometry": { "type": "Polygon", "coordinates": [ [ [ 284202.8, 4158306.26 ], [ 284208.24, 4158301.97 ], [ 284197.43, 4158288.39 ], [ 284191.98, 4158292.69 ], [ 284202.8, 4158306.26 ] ] ] } },
{ "type": "Feature", "properties": { "id": "osm:way/304140134", "name": null, "height": 6.26, "min_height": 0.0, "levels": null, "height_source": "lidar", "roof_shape": "gable", "roof_height": 0.6, "roof_azimuth": 38.4, "roof_source": "lidar", "roof_color": "roof_flat", "roof_color_source": "ortho", "lod2_roof": null, "roof_props": null, "wall_color": "brick", "type": "yes", "landmark": null, "footprint_source": "osm", "source_updated": null, "is_part": false, "parent": null, "hidden": false, "addr": "309 North Adams Street", "wikidata": null, "website": null, "zoning": "B-4", "lidar_p90": 7.74, "ground_z": 53.79 }, "geometry": { "type": "Polygon", "coordinates": [ [ [ 284234.14, 4158305.56 ], [ 284243.82, 4158297.89 ], [ 284238.05, 4158290.65 ], [ 284228.35, 4158298.31 ], [ 284234.14, 4158305.56 ] ] ] } },
{ "type": "Feature", "properties": { "id": "osm:way/321384626", "name": "Serendipity", "height": 6.89, "min_height": 0.0, "levels": null, "height_source": "lidar", "roof_shape": "gable", "roof_height": 2.0, "roof_azimuth": 23.5, "roof_source": "lod2", "roof_color": "slate", "roof_color_source": "ortho", "lod2_roof": { "v": [ [ 284199.64, 4158303.36, 0.22 ], [ 284196.12, 4158306.15, 0.0 ], [ 284199.64, 4158303.36, 0.72 ], [ 284190.42, 4158293.92, 0.67 ], [ 284190.42, 4158293.92, 2.0 ], [ 284191.98, 4158292.69, 1.91 ], [ 284200.16, 4158302.96, 0.69 ], [ 284188.23, 4158296.23, 0.5 ], [ 284188.45, 4158296.04, 0.52 ], [ 284188.19, 4158295.69, 0.53 ] ], "f": [ [ [ 6, 2, 4, 5 ] ], [ [ 9, 3, 0, 1, 7, 8 ] ], [ [ 2, 0, 3, 4 ] ] ] }, "roof_props": null, "wall_color": "brick", "type": "yes", "landmark": null, "footprint_source": "osm", "source_updated": null, "is_part": false, "parent": null, "hidden": false, "addr": "102 West Broad Street", "wikidata": null, "website": "http://serendipityrva.com/", "zoning": "B-4", "lidar_p90": 8.63, "ground_z": 53.62 }, "geometry": { "type": "Polygon", "coordinates": [ [ [ 284196.12, 4158306.15 ], [ 284200.16, 4158302.96 ], [ 284191.98, 4158292.69 ], [ 284187.95, 4158295.88 ], [ 284196.12, 4158306.15 ] ] ] } },
{ "type": "Feature", "properties": { "id": "osm:way/321384669", "name": "Little Nomad", "height": 6.92, "min_height": 0.0, "levels": null, "height_source": "lidar", "roof_shape": "flat", "roof_height": 0.65, "roof_azimuth": null, "roof_source": "lod2", "roof_color": "slate", "roof_color_source": "ortho", "lod2_roof": { "v": [ [ 284192.22, 4158309.29, 0.0 ], [ 284184.68, 4158299.82, 0.49 ], [ 284196.12, 4158306.15, 0.0 ], [ 284188.12, 4158296.1, 0.65 ] ], "f": [ [ [ 1, 3, 2, 0 ] ] ] }, "roof_props": null, "wall_color": "sand", "type": "yes", "landmark": null, "footprint_source": "osm", "source_updated": null, "is_part": false, "parent": null, "hidden": false, "addr": "104 West Broad Street", "wikidata": null, "website": "https://littlenomadshop.com/", "zoning": "B-4", "lidar_p90": 7.25, "ground_z": 53.47 }, "geometry": { "type": "Polygon", "coordinates": [ [ [ 284192.22, 4158309.29 ], [ 284196.12, 4158306.15 ], [ 284187.95, 4158295.88 ], [ 284184.01, 4158298.98 ], [ 284192.22, 4158309.29 ] ] ] } },
{ "type": "Feature", "properties": { "id": "osm:way/321384581", "name": "Pop City", "height": 6.96, "min_height": 0.0, "levels": null, "height_source": "lidar", "roof_shape": "flat", "roof_height": 0.54, "roof_azimuth": null, "roof_source": "lod2", "roof_color": "slate", "roof_color_source": "ortho", "lod2_roof": { "v": [ [ 284188.25, 4158312.42, 0.0 ], [ 284180.6, 4158302.8, 0.39 ], [ 284184.66, 4158299.79, 0.54 ], [ 284192.22, 4158309.29, 0.0 ] ], "f": [ [ [ 3, 0, 1, 2 ] ] ] }, "roof_props": null, "wall_color": "brick", "type": "yes", "landmark": null, "footprint_source": "osm", "source_updated": null, "is_part": false, "parent": null, "hidden": false, "addr": "106 West Broad Street", "wikidata": null, "website": null, "zoning": "B-4", "lidar_p90": 7.22, "ground_z": 53.5 }, "geometry": { "type": "Polygon", "coordinates": [ [ [ 284188.25, 4158312.42 ], [ 284192.22, 4158309.29 ], [ 284184.01, 4158298.98 ], [ 284180.05, 4158302.11 ], [ 284188.25, 4158312.42 ] ] ] } },
{ "type": "Feature", "properties": { "id": "osm:way/751167418", "name": null, "height": 3.64, "min_height": 0.0, "levels": null, "height_source": "lidar", "roof_shape": "flat", "roof_height": 0.0, "roof_azimuth": null, "roof_source": "heuristic", "roof_color": "roof_flat", "roof_color_source": "heuristic", "lod2_roof": null, "roof_props": null, "wall_color": "terracotta", "type": "yes", "landmark": null, "footprint_source": "osm", "source_updated": null, "is_part": false, "parent": null, "hidden": false, "addr": null, "wikidata": null, "website": null, "zoning": "B-4", "lidar_p90": 3.78, "ground_z": 53.92 }, "geometry": { "type": "Polygon", "coordinates": [ [ [ 284158.1, 4158302.28 ], [ 284156.26, 4158299.99 ], [ 284142.08, 4158311.27 ], [ 284143.92, 4158313.56 ], [ 284158.1, 4158302.28 ] ] ] } },
{ "type": "Feature", "properties": { "id": "osm:way/321384537", "name": null, "height": 7.32, "min_height": 0.0, "levels": null, "height_source": "lidar", "roof_shape": "flat", "roof_height": 0.64, "roof_azimuth": null, "roof_source": "lod2", "roof_color": "slate", "roof_color_source": "ortho", "lod2_roof": { "v": [ [ 284207.04, 4158319.61, 0.0 ], [ 284199.05, 4158309.37, 0.0 ], [ 284199.11, 4158326.06, 0.0 ], [ 284214.82, 4158318.38, 0.43 ], [ 284215.97, 4158320.0, 0.47 ], [ 284215.52, 4158324.13, 0.33 ], [ 284204.55, 4158332.88, 0.0 ], [ 284207.4, 4158302.65, 0.31 ], [ 284216.03, 4158317.39, 0.54 ], [ 284216.38, 4158314.52, 0.64 ] ], "f": [ [ [ 7, 9, 8, 3, 4, 5, 6, 2, 0, 1 ] ] ] }, "roof_props": null, "wall_color": "cream", "type": "yes", "landmark": null, "footprint_source": "osm", "source_updated": null, "is_part": false, "parent": null, "hidden": false, "addr": "306 N Adams St", "wikidata": null, "website": null, "zoning": "B-4", "lidar_p90": 7.77, "ground_z": 53.76 }, "geometry": { "type": "Polygon", "coordinates": [ [ [ 284204.55, 4158332.88 ], [ 284215.52, 4158324.13 ], [ 284215.97, 4158320.0 ], [ 284214.82, 4158318.38 ], [ 284216.03, 4158317.39 ], [ 284216.6, 4158312.7 ], [ 284208.24, 4158301.97 ], [ 284199.05, 4158309.37 ], [ 284207.04, 4158319.61 ], [ 284199.11, 4158326.06 ], [ 284204.55, 4158332.88 ] ] ] } },
{ "type": "Feature", "properties": { "id": "osm:way/321384681", "name": null, "height": 9.6, "min_height": 0.0, "levels": 3.0, "height_source": "osm_levels", "roof_shape": "flat", "roof_height": 0.0, "roof_azimuth": null, "roof_source": "heuristic", "roof_color": "concrete", "roof_color_source": "ortho", "lod2_roof": null, "roof_props": null, "wall_color": "brick", "type": "yes", "landmark": null, "footprint_source": "osm", "source_updated": null, "is_part": false, "parent": null, "hidden": false, "addr": "110 West Broad Street", "wikidata": null, "website": null, "zoning": "B-4", "lidar_p90": 15.6, "ground_z": 53.81 }, "geometry": { "type": "Polygon", "coordinates": [ [ [ 284199.07, 4158337.21 ], [ 284204.55, 4158332.88 ], [ 284180.05, 4158302.11 ], [ 284174.57, 4158306.44 ], [ 284199.07, 4158337.21 ] ] ] } },
{ "type": "Feature", "properties": { "id": "osm:way/321384644", "name": null, "height": 6.72, "min_height": 0.0, "levels": null, "height_source": "lidar", "roof_shape": "flat", "roof_height": 2.22, "roof_azimuth": null, "roof_source": "lod2", "roof_color": "concrete", "roof_color_source": "ortho", "lod2_roof": { "v": [ [ 284160.63, 4158319.24, 1.41 ], [ 284160.19, 4158318.7, 0.0 ], [ 284174.49, 4158336.65, 0.35 ], [ 284174.49, 4158336.65, 0.0 ], [ 284182.81, 4158347.09, 0.0 ], [ 284166.46, 4158313.75, 0.0 ], [ 284170.88, 4158326.35, 2.1 ], [ 284170.88, 4158326.35, 0.85 ], [ 284172.13, 4158327.16, 0.79 ], [ 284172.13, 4158327.16, 2.17 ], [ 284170.07, 4158327.6, 2.16 ], [ 284170.07, 4158327.6, 0.83 ], [ 284171.36, 4158328.18, 2.22 ], [ 284171.36, 4158328.18, 0.77 ], [ 284166.85, 4158314.26, 1.44 ], [ 284180.57, 4158332.31, 0.35 ], [ 284180.57, 4158332.31, 0.0 ], [ 284178.57, 4158329.68, 0.51 ], [ 284181.04, 4158331.98, 0.35 ], [ 284188.43, 4158342.66, 0.0 ] ], "f": [ [ [ 9, 12, 10, 6 ] ], [ [ 5, 14, 0, 1 ] ], [ [ 19, 4, 3, 16 ] ], [ [ 17, 18, 15, 2, 0, 14 ], [ 13, 8, 7, 11 ] ], [ [ 6, 7, 8, 9 ] ], [ [ 10, 11, 7, 6 ] ], [ [ 12, 13, 11, 10 ] ], [ [ 9, 8, 13, 12 ] ], [ [ 15, 16, 3, 2 ] ] ] }, "roof_props": null, "wall_color": "terracotta", "type": "yes", "landmark": null, "footprint_source": "osm", "source_updated": null, "is_part": false, "parent": null, "hidden": false, "addr": "114 West Broad Street", "wikidata": null, "website": null, "zoning": "B-4", "lidar_p90": 7.86, "ground_z": 54.03 }, "geometry": { "type": "Polygon", "coordinates": [ [ [ 284160.19, 4158318.7 ], [ 284182.81, 4158347.09 ], [ 284190.17, 4158341.28 ], [ 284167.57, 4158312.88 ], [ 284160.19, 4158318.7 ] ] ] } },
{ "type": "Feature", "properties": { "id": "osm:way/321384668", "name": null, "height": 10.62, "min_height": 0.0, "levels": null, "height_source": "lidar", "roof_shape": "flat", "roof_height": 0.0, "roof_azimuth": null, "roof_source": "heuristic", "roof_color": "concrete", "roof_color_source": "ortho", "lod2_roof": null, "roof_props": null, "wall_color": "brick", "type": "yes", "landmark": null, "footprint_source": "osm", "source_updated": null, "is_part": false, "parent": null, "hidden": false, "addr": "116 West Broad Street", "wikidata": null, "website": null, "zoning": "B-4", "lidar_p90": 12.02, "ground_z": 53.67 }, "geometry": { "type": "Polygon", "coordinates": [ [ [ 284152.92, 4158324.45 ], [ 284176.95, 4158354.64 ], [ 284184.23, 4158348.89 ], [ 284160.19, 4158318.7 ], [ 284152.92, 4158324.45 ] ] ] } },
{ "type": "Feature", "properties": { "id": "osm:way/297841786", "name": null, "height": 10.52, "min_height": 0.0, "levels": null, "height_source": "lidar", "roof_shape": "flat", "roof_height": 0.0, "roof_azimuth": null, "roof_source": "lidar", "roof_color": "roof_flat", "roof_color_source": "ortho", "lod2_roof": null, "roof_props": null, "wall_color": "concrete", "type": "yes", "landmark": null, "footprint_source": "osm", "source_updated": null, "is_part": false, "parent": null, "hidden": false, "addr": "316 Brook Road", "wikidata": null, "website": null, "zoning": "B-4", "lidar_p90": 11.05, "ground_z": 53.81 }, "geometry": { "type": "Polygon", "coordinates": [ [ [ 284214.58, 4158335.64 ], [ 284213.55, 4158334.36 ], [ 284202.93, 4158342.75 ], [ 284212.09, 4158354.25 ], [ 284214.58, 4158335.64 ] ] ] } },
{ "type": "Feature", "properties": { "id": "osm:way/321384601", "name": "The November Theatre", "height": 13.93, "min_height": 0.0, "levels": null, "height_source": "lidar", "roof_shape": "flat", "roof_height": 3.31, "roof_azimuth": null, "roof_source": "lod2", "roof_color": "slate", "roof_color_source": "ortho", "lod2_roof": { "v": [ [ 284157.64, 4158332.92, 1.01 ], [ 284157.64, 4158332.92, 0.0 ], [ 284145.05, 4158342.44, 0.0 ], [ 284145.05, 4158342.44, 0.97 ], [ 284138.0, 4158336.2, 0.0 ], [ 284152.92, 4158324.45, 0.0 ], [ 284160.34, 4158333.78, 0.0 ], [ 284160.34, 4158333.78, 0.0 ], [ 284159.47, 4158334.49, 0.0 ], [ 284171.75, 4158348.12, 0.0 ], [ 284156.12, 4158358.98, 0.0 ], [ 284143.75, 4158343.43, 0.0 ], [ 284157.12, 4158360.24, 0.0 ], [ 284156.12, 4158358.98, 0.0 ], [ 284157.37, 4158357.78, 0.0 ], [ 284157.9, 4158332.72, 0.0 ], [ 284157.9, 4158332.72, 0.0 ], [ 284159.47, 4158334.49, 0.0 ], [ 284162.03, 4158366.4, 3.03 ], [ 284157.12, 4158360.24, 3.31 ], [ 284143.75, 4158343.43, 0.97 ], [ 284140.71, 4158339.61, 1.28 ], [ 284157.37, 4158336.2, 0.0 ], [ 284138.82, 4158337.23, 0.27 ], [ 284138.82, 4158337.23, 0.0 ], [ 284152.97, 4158325.55, 0.0 ], [ 284152.97, 4158325.55, 0.22 ], [ 284168.74, 4158350.61, 3.3 ], [ 284168.74, 4158350.61, 0.0 ], [ 284170.64, 4158349.04, 0.0 ], [ 284170.64, 4158349.04, 0.0 ], [ 284170.64, 4158349.04, 3.3 ], [ 284154.97, 4158328.33, 1.36 ], [ 284154.97, 4158328.33, 0.0 ], [ 284154.11, 4158329.01, 0.0 ], [ 284154.11, 4158329.01, 1.35 ], [ 284157.64, 4158332.92, 0.0 ], [ 284171.75, 4158348.12, 0.0 ], [ 284176.95, 4158354.64, 0.0 ], [ 284175.38, 4158355.87, 0.0 ], [ 284175.38, 4158355.87, 3.01 ] ], "f": [ [ [ 2, 14, 10, 11 ] ], [ [ 35, 0, 3, 20, 21 ] ], [ [ 33, 25, 24, 4, 5, 6, 8, 16, 36, 34 ] ], [ [ 9, 29, 28, 22, 8, 7 ] ], [ [ 38, 39, 30, 37 ] ], [ [ 28, 12, 13, 14, 2, 1, 15, 17, 22 ] ], [ [ 21, 23, 26, 32, 35 ] ], [ [ 19, 27, 31, 40, 18 ] ], [ [ 0, 1, 2, 3 ] ], [ [ 6, 7, 8 ] ], [ [ 13, 10, 14 ] ], [ [ 15, 16, 8, 17 ] ], [ [ 3, 2, 11, 20 ] ], [ [ 17, 8, 22 ] ], [ [ 23, 24, 25, 26 ] ], [ [ 27, 28, 29, 30, 31 ] ], [ [ 32, 33, 34, 35 ] ], [ [ 35, 34, 36, 1, 0 ] ], [ [ 1, 36, 16, 15 ] ], [ [ 26, 25, 33, 32 ] ], [ [ 30, 29, 9, 37 ] ], [ [ 31, 30, 39, 40 ] ], [ [ 19, 12, 28, 27 ] ] ] }, "roof_props": null, "wall_color": "concrete", "type": "yes", "landmark": null, "footprint_source": "osm", "source_updated": null, "is_part": false, "parent": null, "hidden": false, "addr": "114 West Broad Street", "wikidata": "Q24693525", "website": "https://va-rep.org/november.html", "zoning": "B-4", "lidar_p90": 16.83, "ground_z": 53.43 }, "geometry": { "type": "Polygon", "coordinates": [ [ [ 284138.0, 4158336.2 ], [ 284162.03, 4158366.4 ], [ 284176.95, 4158354.64 ], [ 284152.92, 4158324.45 ], [ 284138.0, 4158336.2 ] ] ] } },
{ "type": "Feature", "properties": { "id": "osm:way/321384661", "name": null, "height": 9.18, "min_height": 0.0, "levels": null, "height_source": "lidar", "roof_shape": "flat", "roof_height": 0.0, "roof_azimuth": null, "roof_source": "heuristic", "roof_color": "roof_flat", "roof_color_source": "ortho", "lod2_roof": null, "roof_props": null, "wall_color": "concrete", "type": "yes", "landmark": null, "footprint_source": "osm", "source_updated": null, "is_part": false, "parent": null, "hidden": false, "addr": "128 West Broad Street", "wikidata": null, "website": null, "zoning": "B-4", "lidar_p90": 10.28, "ground_z": 53.27 }, "geometry": { "type": "Polygon", "coordinates": [ [ [ 284132.39, 4158340.68 ], [ 284147.52, 4158359.47 ], [ 284153.14, 4158354.99 ], [ 284138.0, 4158336.2 ], [ 284132.39, 4158340.68 ] ] ] } },
{ "type": "Feature", "properties": { "id": "osm:way/297841782", "name": null, "height": 9.6, "min_height": 0.0, "levels": 3.0, "height_source": "osm_levels", "roof_shape": "flat", "roof_height": 0.0, "roof_azimuth": null, "roof_source": "heuristic", "roof_color": "roof_flat", "roof_color_source": "ortho", "lod2_roof": null, "roof_props": null, "wall_color": "concrete", "type": "yes", "landmark": null, "footprint_source": "osm", "source_updated": null, "is_part": false, "parent": null, "hidden": false, "addr": "310 N Adams St", "wikidata": null, "website": null, "zoning": "B-4", "lidar_p90": 18.1, "ground_z": 53.47 }, "geometry": { "type": "Polygon", "coordinates": [ [ [ 284229.86, 4158364.55 ], [ 284237.05, 4158373.35 ], [ 284255.6, 4158358.36 ], [ 284234.5, 4158332.49 ], [ 284234.78, 4158330.77 ], [ 284230.25, 4158325.27 ], [ 284228.2, 4158324.55 ], [ 284225.41, 4158325.4 ], [ 284222.95, 4158351.17 ], [ 284227.33, 4158349.2 ], [ 284231.39, 4158358.17 ], [ 284230.02, 4158358.78 ], [ 284229.86, 4158364.55 ] ] ] } },
{ "type": "Feature", "properties": { "id": "osm:way/297841785", "name": null, "height": 6.82, "min_height": 0.0, "levels": null, "height_source": "lidar", "roof_shape": "flat", "roof_height": 4.48, "roof_azimuth": null, "roof_source": "lod2", "roof_color": "roof_flat", "roof_color_source": "ortho", "lod2_roof": { "v": [ [ 284191.84, 4158351.46, 0.0 ], [ 284192.91, 4158350.62, 0.0 ], [ 284193.18, 4158351.89, 0.0 ], [ 284210.17, 4158367.38, 0.73 ], [ 284200.11, 4158361.89, 0.0 ], [ 284211.94, 4158354.06, 4.44 ], [ 284211.94, 4158354.06, 3.43 ], [ 284212.09, 4158354.25, 4.44 ], [ 284205.09, 4158348.75, 2.46 ], [ 284205.09, 4158348.75, 0.0 ], [ 284204.63, 4158349.31, 0.0 ], [ 284204.63, 4158349.31, 2.46 ], [ 284202.89, 4158348.44, 2.52 ], [ 284202.89, 4158348.44, 2.45 ], [ 284203.89, 4158347.39, 2.24 ], [ 284203.89, 4158347.39, 2.52 ], [ 284203.89, 4158347.39, 4.17 ], [ 284201.78, 4158345.01, 0.0 ], [ 284201.78, 4158345.01, 4.35 ], [ 284210.19, 4158356.17, 4.48 ], [ 284210.19, 4158356.17, 0.56 ], [ 284210.56, 4158354.93, 0.56 ], [ 284210.56, 4158354.93, 4.47 ], [ 284210.46, 4158354.82, 0.55 ], [ 284210.46, 4158354.82, 4.47 ], [ 284211.68, 4158357.05, 4.47 ], [ 284211.68, 4158357.05, 0.67 ], [ 284202.75, 4158348.52, 2.52 ], [ 284202.75, 4158348.52, 2.42 ], [ 284200.25, 4158346.04, 0.0 ], [ 284203.26, 4158350.01, 2.47 ], [ 284203.26, 4158350.01, 0.0 ], [ 284198.42, 4158347.27, 0.0 ], [ 284202.6, 4158351.7, 0.0 ], [ 284202.6, 4158351.7, 0.0 ], [ 284208.94, 4158355.44, 0.0 ], [ 284208.94, 4158355.44, 0.46 ], [ 284201.82, 4158351.25, 0.0 ], [ 284201.82, 4158351.25, 0.0 ], [ 284196.64, 4158357.51, 0.0 ], [ 284196.64, 4158357.51, 0.0 ], [ 284210.46, 4158354.82, 0.0 ], [ 284210.2, 4158354.52, 0.0 ], [ 284210.2, 4158354.52, 3.63 ], [ 284210.2, 4158354.52, 4.47 ], [ 284200.69, 4158350.58, 0.0 ], [ 284203.48, 4158350.66, 0.0 ], [ 284205.09, 4158348.75, 4.07 ], [ 284204.08, 4158347.6, 2.51 ], [ 284204.08, 4158347.6, 4.15 ], [ 284203.97, 4158347.31, 4.16 ], [ 284203.97, 4158347.31, 2.52 ], [ 284198.64, 4158347.13, 0.0 ], [ 284201.32, 4158344.49, 4.39 ], [ 284202.6, 4158344.47, 4.26 ], [ 284203.71, 4158343.72, 4.12 ] ], "f": [ [ [ 29, 17, 14, 13, 28 ] ], [ [ 44, 5, 7, 25, 19, 22, 24 ] ], [ [ 4, 39, 37, 33, 36, 23, 21, 20, 26, 3 ] ], [ [ 9, 42, 41, 35, 34, 46, 31, 10 ] ], [ [ 52, 45, 38, 40, 0, 1, 2, 32 ] ], [ [ 51, 48, 8, 11, 30, 27, 12, 15 ] ], [ [ 55, 6, 43, 47, 49, 50, 16, 18, 53, 54 ] ], [ [ 8, 9, 10, 11 ] ], [ [ 12, 13, 14, 15 ] ], [ [ 16, 15, 14, 17, 18 ] ], [ [ 19, 20, 21, 22 ] ], [ [ 22, 21, 23, 24 ] ], [ [ 25, 26, 20, 19 ] ], [ [ 27, 28, 13, 12 ] ], [ [ 33, 34, 35, 36 ] ], [ [ 39, 40, 38, 37 ] ], [ [ 36, 35, 41, 23 ] ], [ [ 24, 23, 41, 42, 43, 44 ] ], [ [ 44, 43, 6, 5 ] ], [ [ 11, 10, 31, 30 ] ], [ [ 43, 42, 9, 8, 47 ] ], [ [ 47, 8, 48, 49 ] ], [ [ 50, 51, 15, 16 ] ], [ [ 49, 48, 51, 50 ] ] ] }, "roof_props": null, "wall_color": "sand", "type": "yes", "landmark": null, "footprint_source": "osm", "source_updated": null, "is_part": false, "parent": null, "hidden": false, "addr": "320 Brook Road", "wikidata": null, "website": null, "zoning": "B-4", "lidar_p90": 10.88, "ground_z": 53.81 }, "geometry": { "type": "Polygon", "coordinates": [ [ [ 284200.11, 4158361.89 ], [ 284210.17, 4158367.38 ], [ 284212.09, 4158354.25 ], [ 284202.93, 4158342.75 ], [ 284191.84, 4158351.46 ], [ 284200.11, 4158361.89 ] ] ] } },
{ "type": "Feature", "properties": { "id": "osm:way/321384614", "name": null, "height": 12.42, "min_height": 0.0, "levels": null, "height_source": "lidar", "roof_shape": "flat", "roof_height": 0.0, "roof_azimuth": null, "roof_source": "heuristic", "roof_color": "roof_flat", "roof_color_source": "ortho", "lod2_roof": null, "roof_props": null, "wall_color": "concrete", "type": "yes", "landmark": null, "footprint_source": "osm", "source_updated": null, "is_part": false, "parent": null, "hidden": false, "addr": "219 West Broad Street", "wikidata": null, "website": null, "zoning": "B-4", "lidar_p90": 13.38, "ground_z": 53.38 }, "geometry": { "type": "Polygon", "coordinates": [ [ [ 284037.18, 4158327.31 ], [ 284032.31, 4158331.15 ], [ 284053.19, 4158357.38 ], [ 284058.06, 4158353.54 ], [ 284037.18, 4158327.31 ] ] ] } },
{ "type": "Feature", "properties": { "id": "osm:way/326498016", "name": "Corporate & Museum Frame", "height": 9.6, "min_height": 0.0, "levels": 3.0, "height_source": "osm_levels", "roof_shape": "flat", "roof_height": 0.0, "roof_azimuth": null, "roof_source": "heuristic", "roof_color": "concrete", "roof_color_source": "ortho", "lod2_roof": null, "roof_props": null, "wall_color": "sand", "type": "retail", "landmark": null, "footprint_source": "osm", "source_updated": null, "is_part": false, "parent": null, "hidden": false, "addr": "301 West Broad Street", "wikidata": null, "website": "https://www.cmframe.com/", "zoning": "B-4", "lidar_p90": 15.04, "ground_z": 52.86 }, "geometry": { "type": "Polygon", "coordinates": [ [ [ 284027.1, 4158379.44 ], [ 284014.64, 4158363.93 ], [ 284007.33, 4158369.76 ], [ 284019.79, 4158385.26 ], [ 284027.1, 4158379.44 ] ] ] } },
{ "type": "Feature", "properties": { "id": "osm:way/321393394", "name": "Common House", "height": 12.8, "min_height": 0.0, "levels": 4.0, "height_source": "osm_levels", "roof_shape": "flat", "roof_height": 0.0, "roof_azimuth": null, "roof_source": "heuristic", "roof_color": "roof_flat", "roof_color_source": "ortho", "lod2_roof": null, "roof_props": null, "wall_color": "concrete", "type": "commercial", "landmark": null, "footprint_source": "osm", "source_updated": null, "is_part": false, "parent": null, "hidden": false, "addr": "303 West Broad Street", "wikidata": null, "website": "https://www.commonhouse.com/richmond/?utm_source=google&utm_medium=organic&utm_campaign=gbp", "zoning": "B-4", "lidar_p90": 19.35, "ground_z": 53.1 }, "geometry": { "type": "Polygon", "coordinates": [ [ [ 284014.64, 4158363.93 ], [ 284010.26, 4158358.47 ], [ 284004.4, 4158363.13 ], [ 284002.59, 4158360.87 ], [ 283997.89, 4158364.63 ], [ 283999.65, 4158366.83 ], [ 283992.18, 4158372.78 ], [ 284009.07, 4158393.81 ], [ 284019.79, 4158385.26 ], [ 284007.33, 4158369.76 ], [ 284014.64, 4158363.93 ] ] ] } },
{ "type": "Feature", "properties": { "id": "osm:way/1424868504", "name": "Birdie's", "height": 18.21, "min_height": 0.0, "levels": null, "height_source": "lidar", "roof_shape": "flat", "roof_height": 0.0, "roof_azimuth": null, "roof_source": "heuristic", "roof_color": "roof_flat", "roof_color_source": "ortho", "lod2_roof": null, "roof_props": null, "wall_color": "brick", "type": "yes", "landmark": null, "footprint_source": "osm", "source_updated": null, "is_part": false, "parent": null, "hidden": false, "addr": "305 West Broad Street", "wikidata": null, "website": "https://www.birdiesva.com/", "zoning": "B-4", "lidar_p90": 19.24, "ground_z": 52.7 }, "geometry": { "type": "Polygon", "coordinates": [ [ [ 284017.77, 4158386.88 ], [ 284010.2, 4158377.44 ], [ 284001.49, 4158384.37 ], [ 284009.07, 4158393.81 ], [ 284017.77, 4158386.88 ] ] ] } },
{ "type": "Feature", "properties": { "id": "osm:way/321384556", "name": null, "height": 8.96, "min_height": 0.0, "levels": null, "height_source": "lidar", "roof_shape": "flat", "roof_height": 0.89, "roof_azimuth": null, "roof_source": "lod2", "roof_color": "roof_flat", "roof_color_source": "ortho", "lod2_roof": { "v": [ [ 284089.68, 4158406.04, 0.0 ], [ 284088.43, 4158404.46, 0.0 ], [ 284088.43, 4158404.46, 0.0 ], [ 284091.21, 4158403.96, 0.0 ], [ 284091.21, 4158403.96, 0.0 ], [ 284091.79, 4158403.73, 0.0 ], [ 284091.79, 4158403.73, 0.0 ], [ 284091.3, 4158400.22, 0.0 ], [ 284091.3, 4158400.22, 0.0 ], [ 284091.3, 4158400.22, 0.0 ], [ 284090.88, 4158399.72, 0.0 ], [ 284090.88, 4158399.72, 0.0 ], [ 284093.61, 4158402.94, 0.0 ], [ 284093.61, 4158402.94, 0.0 ], [ 284094.18, 4158400.29, 0.0 ], [ 284094.18, 4158400.29, 0.0 ], [ 284092.21, 4158400.24, 0.0 ], [ 284094.26, 4158399.21, 0.0 ], [ 284094.26, 4158399.21, 0.0 ], [ 284096.44, 4158400.71, 0.0 ], [ 284096.44, 4158400.71, 0.0 ], [ 284082.43, 4158380.51, 0.0 ], [ 284082.73, 4158380.26, 0.0 ], [ 284082.43, 4158380.51, 0.89 ], [ 284083.48, 4158382.17, 0.31 ], [ 284083.48, 4158382.17, 0.76 ], [ 284074.53, 4158387.01, 0.83 ], [ 284085.92, 4158386.03, 0.0 ], [ 284085.92, 4158386.03, 0.0 ], [ 284086.64, 4158385.18, 0.0 ], [ 284086.64, 4158385.18, 0.0 ], [ 284085.92, 4158386.03, 0.45 ], [ 284093.51, 4158398.03, 0.0 ], [ 284093.51, 4158398.03, 0.0 ], [ 284090.81, 4158399.66, 0.0 ], [ 284090.81, 4158399.66, 0.0 ], [ 284088.96, 4158400.32, 0.0 ], [ 284088.96, 4158400.32, 0.0 ], [ 284093.51, 4158398.03, 0.0 ], [ 284095.98, 4158398.53, 0.0 ], [ 284095.98, 4158398.53, 0.03 ], [ 284098.02, 4158399.47, 0.0 ], [ 284092.11, 4158404.12, 0.0 ], [ 284092.11, 4158404.12, 0.0 ], [ 284084.06, 4158381.93, 0.14 ], [ 284091.79, 4158403.73, 0.0 ] ], "f": [ [ [ 40, 19, 12, 8, 16, 15, 18, 38 ] ], [ [ 41, 20, 39, 32, 27, 30 ] ], [ [ 44, 29, 28, 24 ] ], [ [ 22, 44, 24, 21 ] ], [ [ 6, 42, 0, 2, 3 ] ], [ [ 37, 5, 4, 1, 26, 23, 25, 31, 33, 17, 14, 16, 7, 11, 34 ] ], [ [ 45, 36, 35, 10, 9, 13, 43 ] ], [ [ 3, 4, 5, 6 ] ], [ [ 7, 8, 9, 10, 11 ] ], [ [ 12, 13, 9, 8 ] ], [ [ 14, 15, 16 ] ], [ [ 8, 7, 16 ] ], [ [ 15, 14, 17, 18 ] ], [ [ 23, 21, 24, 25 ] ], [ [ 27, 28, 29, 30 ] ], [ [ 31, 27, 32, 33 ] ], [ [ 34, 35, 36, 37 ] ], [ [ 38, 33, 32, 39, 40 ] ], [ [ 18, 17, 33, 38 ] ], [ [ 40, 39, 20, 19 ] ], [ [ 25, 24, 28, 27, 31 ] ], [ [ 11, 10, 35, 34 ] ], [ [ 2, 1, 4, 3 ] ], [ [ 6, 5, 45, 43, 42 ] ], [ [ 37, 36, 45, 5 ] ] ] }, "roof_props": null, "wall_color": "terracotta", "type": "yes", "landmark": null, "footprint_source": "osm", "source_updated": null, "is_part": false, "parent": null, "hidden": false, "addr": "218 W Broad St", "wikidata": null, "website": null, "zoning": "B-4", "lidar_p90": 9.65, "ground_z": 53.04 }, "geometry": { "type": "Polygon", "coordinates": [ [ [ 284089.68, 4158406.04 ], [ 284098.02, 4158399.47 ], [ 284082.18, 4158379.57 ], [ 284073.84, 4158386.15 ], [ 284089.68, 4158406.04 ] ] ] } },
{ "type": "Feature", "properties": { "id": "osm:way/321384580", "name": null, "height": 7.44, "min_height": 0.0, "levels": null, "height_source": "lidar", "roof_shape": "skillion", "roof_height": 0.9, "roof_azimuth": 56.1, "roof_source": "lod2", "roof_color": "roof_flat", "roof_color_source": "ortho", "lod2_roof": { "v": [ [ 284079.08, 4158407.4, 0.26 ], [ 284079.08, 4158407.4, 0.0 ], [ 284074.69, 4158410.87, 0.26 ], [ 284067.99, 4158392.81, 0.9 ], [ 284069.01, 4158392.0, 0.9 ], [ 284067.07, 4158391.49, 0.0 ], [ 284062.28, 4158395.28, 0.0 ], [ 284063.28, 4158396.54, 0.9 ], [ 284074.01, 4158398.28, 0.18 ], [ 284074.01, 4158398.28, 0.62 ], [ 284080.42, 4158406.34, 0.0 ], [ 284074.14, 4158400.97, 0.54 ], [ 284074.14, 4158400.97, 0.18 ] ], "f": [ [ [ 3, 7, 6, 5 ] ], [ [ 9, 11, 0, 2, 7, 3, 4 ] ], [ [ 12, 8, 10, 1 ] ], [ [ 11, 12, 1, 0 ] ], [ [ 9, 8, 12, 11 ] ] ] }, "roof_props": null, "wall_color": "concrete", "type": "yes", "landmark": null, "footprint_source": "osm", "source_updated": null, "is_part": false, "parent": null, "hidden": false, "addr": "224 W Broad St", "wikidata": null, "website": null, "zoning": "B-4", "lidar_p90": 9.0, "ground_z": 53.16 }, "geometry": { "type": "Polygon", "coordinates": [ [ [ 284074.69, 4158410.87 ], [ 284080.42, 4158406.34 ], [ 284068.01, 4158390.75 ], [ 284062.28, 4158395.28 ], [ 284074.69, 4158410.87 ] ] ] } },
{ "type": "Feature", "properties": { "id": "osm:way/321384600", "name": null, "height": 6.86, "min_height": 0.0, "levels": null, "height_source": "lidar", "roof_shape": "flat", "roof_height": 3.03, "roof_azimuth": null, "roof_source": "lod2", "roof_color": "concrete", "roof_color_source": "ortho", "lod2_roof": { "v": [ [ 284082.22, 4158408.6, 0.0 ], [ 284082.22, 4158408.6, 0.0 ], [ 284068.89, 4158391.86, 1.52 ], [ 284083.74, 4158400.36, 0.0 ], [ 284083.33, 4158400.8, 0.0 ], [ 284090.11, 4158418.52, 0.0 ], [ 284082.13, 4158399.23, 2.32 ], [ 284082.13, 4158399.23, 0.17 ], [ 284074.42, 4158389.13, 1.43 ], [ 284074.42, 4158389.13, 2.95 ], [ 284084.41, 4158406.04, 0.0 ], [ 284084.41, 4158406.04, 0.0 ], [ 284086.68, 4158404.51, 0.0 ], [ 284087.94, 4158406.1, 0.0 ], [ 284088.79, 4158407.46, 0.0 ], [ 284087.94, 4158406.1, 2.41 ], [ 284087.55, 4158405.93, 0.0 ], [ 284087.55, 4158405.93, 2.48 ], [ 284086.71, 4158404.55, 0.0 ], [ 284086.71, 4158404.55, 2.36 ], [ 284087.75, 4158403.61, 1.79 ], [ 284090.73, 4158407.34, 1.89 ], [ 284094.33, 4158415.19, 0.0 ], [ 284073.36, 4158387.74, 1.6 ], [ 284073.36, 4158387.74, 3.03 ], [ 284074.37, 4158386.81, 2.82 ], [ 284081.68, 4158402.56, 0.0 ], [ 284081.68, 4158402.56, 0.0 ], [ 284080.39, 4158403.95, 0.0 ], [ 284080.39, 4158403.95, 0.0 ], [ 284086.97, 4158402.62, 1.76 ], [ 284083.74, 4158400.36, 2.14 ], [ 284074.14, 4158388.76, 2.97 ], [ 284074.14, 4158388.76, 1.48 ], [ 284074.36, 4158388.71, 2.93 ], [ 284074.36, 4158388.71, 1.47 ], [ 284083.45, 4158400.96, 0.0 ], [ 284082.88, 4158401.28, 0.0 ], [ 284082.59, 4158407.27, 0.0 ], [ 284082.59, 4158407.27, 0.0 ], [ 284082.59, 4158407.27, 0.0 ], [ 284083.0, 4158407.89, 0.0 ], [ 284083.0, 4158407.89, 0.0 ], [ 284087.39, 4158405.5, 2.41 ], [ 284087.39, 4158405.5, 0.0 ] ], "f": [ [ [ 11, 38, 28, 27 ] ], [ [ 9, 34, 32, 24, 25, 30, 31, 6 ] ], [ [ 44, 16, 13, 14, 22, 5, 1, 41, 39, 10, 12, 18 ] ], [ [ 17, 43, 19, 20, 21, 15 ] ], [ [ 35, 8, 7, 3, 4, 36, 37, 26, 29, 40, 42, 0, 2, 23, 33 ] ], [ [ 6, 7, 8, 9 ] ], [ [ 15, 13, 16, 17 ] ], [ [ 26, 27, 28, 29 ] ], [ [ 32, 33, 23, 24 ] ], [ [ 34, 35, 33, 32 ] ], [ [ 29, 28, 38, 39, 40 ] ], [ [ 39, 38, 11, 10 ] ], [ [ 40, 39, 41, 42 ] ], [ [ 42, 41, 1, 0 ] ], [ [ 31, 3, 7, 6 ] ], [ [ 43, 44, 18, 19 ] ], [ [ 17, 16, 44, 43 ] ], [ [ 9, 8, 35, 34 ] ] ] }, "roof_props": null, "wall_color": "concrete", "type": "yes", "landmark": null, "footprint_source": "osm", "source_updated": null, "is_part": false, "parent": null, "hidden": false, "addr": "222 West Broad Street", "wikidata": null, "website": null, "zoning": "B-4", "lidar_p90": 8.51, "ground_z": 53.04 }, "geometry": { "type": "Polygon", "coordinates": [ [ [ 284090.11, 4158418.52 ], [ 284095.95, 4158413.9 ], [ 284073.84, 4158386.15 ], [ 284068.01, 4158390.75 ], [ 284090.11, 4158418.52 ] ] ] } },
{ "type": "Feature", "properties": { "id": "osm:way/297841783", "name": null, "height": 7.63, "min_height": 0.0, "levels": null, "height_source": "lidar", "roof_shape": "flat", "roof_height": 7.47, "roof_azimuth": null, "roof_source": "lod2", "roof_color": "roof_flat", "roof_color_source": "ortho", "lod2_roof": { "v": [ [ 284231.39, 4158358.17, 6.61 ], [ 284230.02, 4158358.78, 6.61 ], [ 284229.05, 4158364.43, 0.0 ], [ 284222.32, 4158363.5, 0.17 ], [ 284229.9, 4158363.41, 7.42 ], [ 284229.9, 4158363.41, 0.0 ], [ 284229.86, 4158364.55, 7.44 ], [ 284229.05, 4158364.43, 7.47 ], [ 284229.98, 4158360.53, 0.0 ], [ 284222.95, 4158351.17, 0.19 ], [ 284224.3, 4158350.56, 0.13 ], [ 284224.3, 4158350.56, 6.56 ], [ 284227.33, 4158349.2, 6.55 ], [ 284226.98, 4158351.44, 6.56 ], [ 284226.98, 4158351.44, 0.0 ], [ 284229.98, 4158360.53, 6.63 ] ], "f": [ [ [ 7, 4, 6 ] ], [ [ 3, 9, 10, 14, 8, 5, 2 ] ], [ [ 1, 15, 13, 11, 12, 0 ] ], [ [ 7, 2, 5, 4 ] ], [ [ 13, 14, 10, 11 ] ], [ [ 15, 8, 14, 13 ] ] ] }, "roof_props": null, "wall_color": "sand", "type": "yes", "landmark": null, "footprint_source": "osm", "source_updated": null, "is_part": false, "parent": null, "hidden": false, "addr": "321 Brook Road", "wikidata": null, "website": null, "zoning": "B-4", "lidar_p90": 15.03, "ground_z": 53.61 }, "geometry": { "type": "Polygon", "coordinates": [ [ [ 284227.33, 4158349.2 ], [ 284222.95, 4158351.17 ], [ 284222.32, 4158363.5 ], [ 284229.86, 4158364.55 ], [ 284230.02, 4158358.78 ], [ 284231.39, 4158358.17 ], [ 284227.33, 4158349.2 ] ] ] } },
{ "type": "Feature", "properties": { "id": "osm:way/303575665", "name": null, "height": 9.6, "min_height": 0.0, "levels": 3.0, "height_source": "osm_levels", "roof_shape": "flat", "roof_height": 0.0, "roof_azimuth": null, "roof_source": "heuristic", "roof_color": "slate", "roof_color_source": "ortho", "lod2_roof": null, "roof_props": null, "wall_color": "brick", "type": "yes", "landmark": null, "footprint_source": "osm", "source_updated": null, "is_part": false, "parent": null, "hidden": false, "addr": "200 West Broad Street", "wikidata": null, "website": null, "zoning": "B-4", "lidar_p90": 13.41, "ground_z": 53.26 }, "geometry": { "type": "Polygon", "coordinates": [ [ [ 284144.75, 4158372.27 ], [ 284124.65, 4158346.82 ], [ 284118.7, 4158351.48 ], [ 284138.79, 4158376.93 ], [ 284144.75, 4158372.27 ] ] ] } },
{ "type": "Feature", "properties": { "id": "osm:way/321384655", "name": "The Gallery by Round Two Tattoos", "height": 9.6, "min_height": 0.0, "levels": 3.0, "height_source": "osm_levels", "roof_shape": "flat", "roof_height": 0.0, "roof_azimuth": null, "roof_source": "lidar", "roof_color": "roof_flat", "roof_color_source": "ortho", "lod2_roof": null, "roof_props": null, "wall_color": "sand", "type": "yes", "landmark": null, "footprint_source": "osm", "source_updated": null, "is_part": false, "parent": null, "hidden": false, "addr": "202 West Broad Street", "wikidata": null, "website": null, "zoning": "B-4", "lidar_p90": 12.98, "ground_z": 53.33 }, "geometry": { "type": "Polygon", "coordinates": [ [ [ 284113.72, 4158355.37 ], [ 284133.7, 4158380.67 ], [ 284138.79, 4158376.93 ], [ 284118.7, 4158351.48 ], [ 284113.72, 4158355.37 ] ] ] } },
{ "type": "Feature", "properties": { "id": "osm:way/321384597", "name": null, "height": 13.11, "min_height": 0.0, "levels": null, "height_source": "lidar", "roof_shape": "flat", "roof_height": 1.05, "roof_azimuth": null, "roof_source": "lod2", "roof_color": "roof_flat", "roof_color_source": "ortho", "lod2_roof": { "v": [ [ 284127.34, 4158372.62, 0.0 ], [ 284122.0, 4158376.8, 0.0 ], [ 284119.74, 4158365.45, 0.0 ], [ 284119.74, 4158365.45, 0.0 ], [ 284121.92, 4158365.76, 0.0 ], [ 284121.92, 4158365.76, 0.0 ], [ 284119.22, 4158362.34, 0.0 ], [ 284111.34, 4158357.24, 1.05 ], [ 284113.72, 4158355.37, 1.05 ], [ 284119.22, 4158362.34, 0.25 ], [ 284108.51, 4158359.72, 1.02 ], [ 284111.44, 4158357.35, 1.03 ], [ 284118.5, 4158364.12, 0.16 ], [ 284118.5, 4158364.12, 0.0 ], [ 284118.68, 4158364.42, 0.0 ], [ 284118.68, 4158364.42, 0.13 ] ], "f": [ [ [ 15, 2, 5, 0, 1, 10, 11, 7, 8, 9, 12 ] ], [ [ 3, 14, 13, 6, 4 ] ], [ [ 2, 3, 4, 5 ] ], [ [ 12, 13, 14, 15 ] ], [ [ 9, 6, 13, 12 ] ], [ [ 15, 14, 3, 2 ] ] ] }, "roof_props": null, "wall_color": "terracotta", "type": "yes", "landmark": null, "footprint_source": "osm", "source_updated": null, "is_part": false, "parent": null, "hidden": false, "addr": "206 W Broad St", "wikidata": null, "website": null, "zoning": "B-4", "lidar_p90": 14.01, "ground_z": 53.29 }, "geometry": { "type": "Polygon", "coordinates": [ [ [ 284108.38, 4158359.56 ], [ 284122.0, 4158376.8 ], [ 284127.34, 4158372.62 ], [ 284113.72, 4158355.37 ], [ 284108.38, 4158359.56 ] ] ] } },
{ "type": "Feature", "properties": { "id": "osm:way/326194332", "name": null, "height": 7.63, "min_height": 0.0, "levels": null, "height_source": "lidar", "roof_shape": "flat", "roof_height": 0.0, "roof_azimuth": null, "roof_source": "heuristic", "roof_color": "slate", "roof_color_source": "ortho", "lod2_roof": null, "roof_props": null, "wall_color": "terracotta", "type": "yes", "landmark": null, "footprint_source": "osm", "source_updated": null, "is_part": false, "parent": null, "hidden": false, "addr": "208 West Broad Street", "wikidata": null, "website": null, "zoning": "B-4", "lidar_p90": 13.43, "ground_z": 53.32 }, "geometry": { "type": "Polygon", "coordinates": [ [ [ 284108.38, 4158359.56 ], [ 284102.47, 4158364.18 ], [ 284116.09, 4158381.42 ], [ 284122.0, 4158376.8 ], [ 284108.38, 4158359.56 ] ] ] } },
{ "type": "Feature", "properties": { "id": "osm:way/297841784", "name": "District Square Apartments", "height": 8.94, "min_height": 0.0, "levels": null, "height_source": "lidar", "roof_shape": "flat", "roof_height": 0.0, "roof_azimuth": null, "roof_source": "heuristic", "roof_color": "roof_flat", "roof_color_source": "ortho", "lod2_roof": null, "roof_props": null, "wall_color": "sand", "type": "apartments", "landmark": null, "footprint_source": "osm", "source_updated": null, "is_part": false, "parent": null, "hidden": false, "addr": "111 West Marshall Street", "wikidata": null, "website": null, "zoning": "B-4", "lidar_p90": 12.34, "ground_z": 53.55 }, "geometry": { "type": "Polygon", "coordinates": [ [ [ 284200.11, 4158361.89 ], [ 284191.84, 4158351.46 ], [ 284160.88, 4158375.8 ], [ 284189.43, 4158411.79 ], [ 284207.64, 4158397.46 ], [ 284210.17, 4158367.38 ], [ 284200.11, 4158361.89 ] ] ] } },
{ "type": "Feature", "properties": { "id": "osm:way/321384618", "name": "Soul.eli Gallery", "height": 12.36, "min_height": 0.0, "levels": null, "height_source": "lidar", "roof_shape": "flat", "roof_height": 0.0, "roof_azimuth": null, "roof_source": "heuristic", "roof_color": "concrete", "roof_color_source": "ortho", "lod2_roof": null, "roof_props": null, "wall_color": "concrete", "type": "yes", "landmark": null, "footprint_source": "osm", "source_updated": null, "is_part": false, "parent": null, "hidden": false, "addr": "212 West Broad Street", "wikidata": null, "website": null, "zoning": "B-4", "lidar_p90": 13.62, "ground_z": 53.31 }, "geometry": { "type": "Polygon", "coordinates": [ [ [ 284112.37, 4158401.62 ], [ 284117.97, 4158397.19 ], [ 284095.54, 4158369.02 ], [ 284089.94, 4158373.44 ], [ 284112.37, 4158401.62 ] ] ] } },
{ "type": "Feature", "properties": { "id": "richmond_structure:317137", "name": null, "height": 24.0, "min_height": 0.0, "levels": null, "height_source": "zoning", "roof_shape": "flat", "roof_height": 0.0, "roof_azimuth": null, "roof_source": "heuristic", "roof_color": "concrete", "roof_color_source": "heuristic", "lod2_roof": null, "roof_props": null, "wall_color": "concrete", "type": "yes", "landmark": null, "footprint_source": "richmond_structures", "source_updated": "2026-09-08T12:07:13.637000Z", "is_part": false, "parent": null, "hidden": false, "addr": null, "wikidata": null, "website": null, "zoning": "B-4", "lidar_p90": 0.13, "ground_z": 53.56 }, "geometry": { "type": "Polygon", "coordinates": [ [ [ 284121.68, 4158383.48 ], [ 284118.36, 4158386.18 ], [ 284121.13, 4158389.58 ], [ 284124.45, 4158386.87 ], [ 284121.68, 4158383.48 ] ] ] } },
{ "type": "Feature", "properties": { "id": "osm:way/321384549", "name": null, "height": 6.36, "min_height": 0.0, "levels": null, "height_source": "lidar", "roof_shape": "flat", "roof_height": 8.0, "roof_azimuth": null, "roof_source": "lod2", "roof_color": "roof_flat", "roof_color_source": "ortho", "lod2_roof": { "v": [ [ 284110.67, 4158402.03, 0.0 ], [ 284110.67, 4158402.03, 0.0 ], [ 284104.16, 4158407.18, 0.0 ], [ 284086.67, 4158385.21, 0.51 ], [ 284084.05, 4158381.92, 2.74 ], [ 284093.72, 4158379.57, 7.61 ], [ 284093.72, 4158379.57, 0.52 ], [ 284091.93, 4158377.29, 2.05 ], [ 284091.93, 4158377.29, 7.82 ], [ 284082.83, 4158380.4, 0.16 ], [ 284090.3, 4158374.64, 0.23 ], [ 284091.05, 4158376.43, 8.0 ], [ 284091.05, 4158376.43, 2.7 ], [ 284090.3, 4158374.64, 7.85 ], [ 284090.67, 4158374.35, 7.6 ], [ 284102.76, 4158389.55, 0.0 ], [ 284102.76, 4158389.55, 6.1 ], [ 284091.81, 4158375.84, 7.47 ], [ 284091.81, 4158375.84, 2.7 ], [ 284102.86, 4158390.67, 0.0 ], [ 284102.86, 4158390.67, 6.37 ], [ 284102.58, 4158390.85, 0.0 ], [ 284102.58, 4158390.85, 6.56 ], [ 284105.12, 4158392.51, 0.0 ], [ 284105.12, 4158392.51, 0.0 ], [ 284103.94, 4158393.09, 0.0 ], [ 284103.94, 4158393.09, 0.0 ], [ 284094.18, 4158389.33, 1.36 ], [ 284094.18, 4158389.33, 0.18 ], [ 284092.98, 4158387.04, 0.28 ], [ 284092.98, 4158387.04, 1.44 ], [ 284094.32, 4158386.5, 0.27 ], [ 284094.32, 4158386.5, 1.47 ], [ 284095.3, 4158388.57, 1.4 ], [ 284095.3, 4158388.57, 0.17 ], [ 284111.92, 4158401.05, 0.0 ] ], "f": [ [ [ 6, 3, 4, 12, 18, 7 ] ], [ [ 4, 9, 10, 12 ] ], [ [ 32, 33, 27, 30 ] ], [ [ 6, 21, 19, 15, 23, 26, 0, 2, 3 ], [ 34, 31, 29, 28 ] ], [ [ 35, 1, 25, 24 ] ], [ [ 22, 5, 8, 17, 11, 13, 14, 16, 20 ] ], [ [ 5, 6, 7, 8 ] ], [ [ 11, 12, 10, 13 ] ], [ [ 17, 18, 12, 11 ] ], [ [ 8, 7, 18, 17 ] ], [ [ 16, 15, 19, 20 ] ], [ [ 20, 19, 21, 22 ] ], [ [ 23, 24, 25, 26 ] ], [ [ 26, 25, 1, 0 ] ], [ [ 27, 28, 29, 30 ] ], [ [ 30, 29, 31, 32 ] ], [ [ 33, 34, 28, 27 ] ], [ [ 32, 31, 34, 33 ] ], [ [ 22, 21, 6, 5 ] ] ] }, "roof_props": null, "wall_color": "cream", "type": "yes", "landmark": null, "footprint_source": "osm", "source_updated": null, "is_part": false, "parent": null, "hidden": false, "addr": "214 West Broad Street", "wikidata": null, "website": null, "zoning": "B-4", "lidar_p90": 8.19, "ground_z": 53.08 }, "geometry": { "type": "Polygon", "coordinates": [ [ [ 284104.16, 4158407.18 ], [ 284111.92, 4158401.05 ], [ 284089.94, 4158373.44 ], [ 284082.18, 4158379.57 ], [ 284104.16, 4158407.18 ] ] ] } },
{ "type": "Feature", "properties": { "id": "osm:way/219155990", "name": "Richmond Dairy Apartments", "height": 12.8, "min_height": 0.0, "levels": 4.0, "height_source": "osm_levels", "roof_shape": "flat", "roof_height": 0.0, "roof_azimuth": null, "roof_source": "heuristic", "roof_color": "concrete", "roof_color_source": "ortho", "lod2_roof": null, "roof_props": null, "wall_color": "brick_dark", "type": "apartments", "landmark": null, "footprint_source": "richmond_multipatch", "source_updated": "2020-07-01T00:00:00Z", "is_part": false, "parent": null, "hidden": false, "addr": "201 West Marshall Street", "wikidata": "Q136675614", "website": "http://www.therichmonddairy.com/", "zoning": "B-4", "lidar_p90": 15.88, "ground_z": 53.75 }, "geometry": { "type": "Polygon", "coordinates": [ [ [ 284150.35, 4158387.57 ], [ 284149.15, 4158386.07 ], [ 284085.94, 4158435.0 ], [ 284114.1, 4158470.41 ], [ 284119.37, 4158466.37 ], [ 284119.84, 4158466.92 ], [ 284122.05, 4158465.12 ], [ 284121.58, 4158464.5 ], [ 284126.66, 4158460.55 ], [ 284124.03, 4158457.43 ], [ 284127.16, 4158455.03 ], [ 284114.02, 4158438.45 ], [ 284137.38, 4158420.7 ], [ 284134.82, 4158417.41 ], [ 284148.7, 4158406.64 ], [ 284151.84, 4158406.76 ], [ 284166.47, 4158425.02 ], [ 284166.29, 4158426.76 ], [ 284167.48, 4158428.24 ], [ 284169.82, 4158427.98 ], [ 284170.66, 4158425.48 ], [ 284171.26, 4158426.23 ], [ 284178.1, 4158420.74 ], [ 284177.49, 4158419.98 ], [ 284179.44, 4158420.15 ], [ 284180.68, 4158418.99 ], [ 284180.67, 4158417.31 ], [ 284179.13, 4158416.09 ], [ 284178.01, 4158416.09 ], [ 284179.29, 4158415.05 ], [ 284156.51, 4158386.68 ], [ 284154.91, 4158387.97 ], [ 284154.99, 4158385.44 ], [ 284152.93, 4158384.01 ], [ 284151.11, 4158384.58 ], [ 284150.22, 4158386.26 ], [ 284150.35, 4158387.57 ] ], [ [ 284168.79, 4158423.15 ], [ 284169.67, 4158424.25 ], [ 284167.66, 4158424.06 ], [ 284168.79, 4158423.15 ] ], [ [ 284176.91, 4158417.14 ], [ 284176.65, 4158417.9 ], [ 284176.71, 4158418.9 ], [ 284175.79, 4158417.86 ], [ 284176.91, 4158417.14 ] ], [ [ 284153.74, 4158388.91 ], [ 284152.33, 4158390.04 ], [ 284151.23, 4158388.66 ], [ 284153.74, 4158388.91 ] ] ] } },
{ "type": "Feature", "properties": { "id": "osm:way/321367797", "name": "Rosewood Clothing Co.", "height": 13.86, "min_height": 0.0, "levels": null, "height_source": "lidar", "roof_shape": "flat", "roof_height": 0.0, "roof_azimuth": null, "roof_source": "heuristic", "roof_color": "roof_flat", "roof_color_source": "ortho", "lod2_roof": null, "roof_props": null, "wall_color": "sand", "type": "yes", "landmark": null, "footprint_source": "osm", "source_updated": null, "is_part": false, "parent": null, "hidden": false, "addr": "16 West Broad Street", "wikidata": null, "website": null, "zoning": "B-4", "lidar_p90": 14.67, "ground_z": 53.71 }, "geometry": { "type": "Polygon", "coordinates": [ [ [ 284235.68, 4158258.03 ], [ 284258.17, 4158286.38 ], [ 284263.48, 4158282.2 ], [ 284240.99, 4158253.85 ], [ 284235.68, 4158258.03 ] ] ] } },
{ "type": "Feature", "properties": { "id": "osm:way/321404448", "name": null, "height": 11.84, "min_height": 0.0, "levels": null, "height_source": "lidar", "roof_shape": "flat", "roof_height": 0.0, "roof_azimuth": null, "roof_source": "heuristic", "roof_color": "concrete", "roof_color_source": "ortho", "lod2_roof": null, "roof_props": null, "wall_color": "brick", "type": "yes", "landmark": null, "footprint_source": "osm", "source_updated": null, "is_part": false, "parent": null, "hidden": false, "addr": "315 N Adams St", "wikidata": null, "website": null, "zoning": "B-4", "lidar_p90": 12.54, "ground_z": 53.66 }, "geometry": { "type": "Polygon", "coordinates": [ [ [ 284261.77, 4158304.11 ], [ 284254.47, 4158295.03 ], [ 284236.52, 4158309.33 ], [ 284243.82, 4158318.41 ], [ 284261.77, 4158304.11 ] ] ] } },
{ "type": "Feature", "properties": { "id": "osm:way/321398120", "name": null, "height": 14.46, "min_height": 0.0, "levels": null, "height_source": "lidar", "roof_shape": "flat", "roof_height": 0.0, "roof_azimuth": null, "roof_source": "heuristic", "roof_color": "roof_flat", "roof_color_source": "ortho", "lod2_roof": null, "roof_props": null, "wall_color": "sand", "type": "yes", "landmark": null, "footprint_source": "osm", "source_updated": null, "is_part": false, "parent": null, "hidden": false, "addr": "116 W Marshall St", "wikidata": null, "website": null, "zoning": "RO-2", "lidar_p90": 14.93, "ground_z": 53.31 }, "geometry": { "type": "Polygon", "coordinates": [ [ [ 284256.03, 4158447.89 ], [ 284271.62, 4158435.53 ], [ 284267.09, 4158429.85 ], [ 284268.26, 4158428.92 ], [ 284260.95, 4158419.77 ], [ 284263.66, 4158417.63 ], [ 284259.31, 4158412.19 ], [ 284262.48, 4158409.66 ], [ 284249.57, 4158393.53 ], [ 284245.71, 4158396.59 ], [ 284242.68, 4158392.8 ], [ 284223.89, 4158407.69 ], [ 284256.03, 4158447.89 ] ] ] } },
{ "type": "Feature", "properties": { "id": "osm:way/321384602", "name": null, "height": 11.6, "min_height": 0.0, "levels": null, "height_source": "lidar", "roof_shape": "flat", "roof_height": 0.62, "roof_azimuth": null, "roof_source": "lod2", "roof_color": "roof_flat", "roof_color_source": "ortho", "lod2_roof": { "v": [ [ 284071.82, 4158411.26, 0.0 ], [ 284071.82, 4158411.26, 0.0 ], [ 284068.98, 4158413.5, 0.0 ], [ 284058.37, 4158400.17, 0.49 ], [ 284061.13, 4158396.86, 0.0 ], [ 284061.13, 4158396.86, 0.62 ], [ 284073.65, 4158409.83, 0.0 ], [ 284062.25, 4158395.51, 0.0 ] ], "f": [ [ [ 5, 0, 2, 3 ] ], [ [ 7, 6, 1, 4 ] ], [ [ 5, 4, 1, 0 ] ] ] }, "roof_props": null, "wall_color": "sand", "type": "yes", "landmark": null, "footprint_source": "osm", "source_updated": null, "is_part": false, "parent": null, "hidden": false, "addr": "228 West Broad Street", "wikidata": null, "website": null, "zoning": "B-4", "lidar_p90": 11.99, "ground_z": 53.06 }, "geometry": { "type": "Polygon", "coordinates": [ [ [ 284068.98, 4158413.5 ], [ 284073.64, 4158409.83 ], [ 284062.15, 4158395.38 ], [ 284057.49, 4158399.06 ], [ 284068.98, 4158413.5 ] ] ] } },
{ "type": "Feature", "properties": { "id": "osm:way/326193935", "name": null, "height": 8.14, "min_height": 0.0, "levels": null, "height_source": "lidar", "roof_shape": "flat", "roof_height": 2.93, "roof_azimuth": null, "roof_source": "lod2", "roof_color": "roof_flat", "roof_color_source": "ortho", "lod2_roof": { "v": [ [ 284080.23, 4158421.09, 0.0 ], [ 284077.04, 4158423.61, 0.0 ], [ 284071.97, 4158411.15, 0.0 ], [ 284073.65, 4158409.83, 0.0 ], [ 284077.0, 4158416.89, 0.0 ], [ 284077.0, 4158416.89, 0.0 ], [ 284077.38, 4158417.66, 0.0 ], [ 284069.07, 4158413.61, 0.75 ], [ 284069.07, 4158413.61, 2.84 ], [ 284068.98, 4158413.5, 2.86 ], [ 284071.97, 4158411.15, 2.93 ], [ 284072.1, 4158411.31, 0.76 ], [ 284072.1, 4158411.31, 0.0 ], [ 284073.46, 4158412.94, 0.0 ], [ 284073.46, 4158412.94, 0.54 ], [ 284072.1, 4158411.31, 2.9 ], [ 284075.98, 4158412.76, 0.0 ], [ 284075.98, 4158412.76, 0.0 ], [ 284074.98, 4158412.83, 0.0 ], [ 284074.98, 4158412.83, 0.0 ], [ 284074.98, 4158412.83, 0.46 ], [ 284078.75, 4158416.24, 0.0 ] ], "f": [ [ [ 15, 8, 9, 10 ] ], [ [ 14, 20, 4, 6, 0, 1, 7, 11 ] ], [ [ 21, 5, 18, 17 ] ], [ [ 3, 16, 19, 13, 12, 2 ] ], [ [ 11, 12, 13, 14 ] ], [ [ 10, 2, 12, 11, 15 ] ], [ [ 15, 11, 7, 8 ] ], [ [ 16, 17, 18, 19 ] ], [ [ 20, 19, 18, 5, 4 ] ], [ [ 14, 13, 19, 20 ] ] ] }, "roof_props": null, "wall_color": "terracotta", "type": "yes", "landmark": null, "footprint_source": "osm", "source_updated": null, "is_part": false, "parent": null, "hidden": false, "addr": null, "wikidata": null, "website": null, "zoning": "B-4", "lidar_p90": 8.94, "ground_z": 53.53 }, "geometry": { "type": "Polygon", "coordinates": [ [ [ 284077.04, 4158423.61 ], [ 284081.7, 4158419.94 ], [ 284073.64, 4158409.83 ], [ 284068.98, 4158413.5 ], [ 284077.04, 4158423.61 ] ] ] } },
{ "type": "Feature", "properties": { "id": "osm:way/304140165", "name": null, "height": 6.4, "min_height": 0.0, "levels": 2.0, "height_source": "osm_levels", "roof_shape": "flat", "roof_height": 1.51, "roof_azimuth": null, "roof_source": "lod2", "roof_color": "roof_flat", "roof_color_source": "ortho", "lod2_roof": { "v": [ [ 284054.57, 4158432.88, 0.01 ], [ 284039.65, 4158414.11, 1.51 ], [ 284061.8, 4158427.18, 0.0 ], [ 284047.32, 4158408.05, 1.5 ] ], "f": [ [ [ 3, 2, 0, 1 ] ] ] }, "roof_props": null, "wall_color": "terracotta", "type": "retail", "landmark": null, "footprint_source": "osm", "source_updated": null, "is_part": false, "parent": null, "hidden": false, "addr": "300 West Broad Street", "wikidata": null, "website": null, "zoning": "B-4", "lidar_p90": 9.46, "ground_z": 53.1 }, "geometry": { "type": "Polygon", "coordinates": [ [ [ 284054.57, 4158432.88 ], [ 284063.24, 4158426.03 ], [ 284048.32, 4158407.27 ], [ 284039.65, 4158414.11 ], [ 284054.57, 4158432.88 ] ] ] } },
{ "type": "Feature", "properties": { "id": "osm:way/304140164", "name": null, "height": 6.4, "min_height": 0.0, "levels": 2.0, "height_source": "osm_levels", "roof_shape": "skillion", "roof_height": 1.06, "roof_azimuth": 48.9, "roof_source": "lod2", "roof_color": "concrete", "roof_color_source": "ortho", "lod2_roof": { "v": [ [ 284039.65, 4158414.11, 1.06 ], [ 284049.05, 4158425.95, 0.37 ], [ 284044.28, 4158429.7, 0.0 ], [ 284034.87, 4158417.88, 0.69 ] ], "f": [ [ [ 3, 0, 1, 2 ] ] ] }, "roof_props": null, "wall_color": "terracotta", "type": "retail", "landmark": null, "footprint_source": "osm", "source_updated": null, "is_part": false, "parent": null, "hidden": false, "addr": "304 West Broad Street", "wikidata": null, "website": null, "zoning": "B-4", "lidar_p90": 9.05, "ground_z": 53.04 }, "geometry": { "type": "Polygon", "coordinates": [ [ [ 284044.28, 4158429.7 ], [ 284049.05, 4158425.95 ], [ 284039.65, 4158414.11 ], [ 284034.87, 4158417.88 ], [ 284044.28, 4158429.7 ] ] ] } },
{ "type": "Feature", "properties": { "id": "osm:way/304140163", "name": null, "height": 9.6, "min_height": 0.0, "levels": 3.0, "height_source": "osm_levels", "roof_shape": "flat", "roof_height": 0.0, "roof_azimuth": null, "roof_source": "heuristic", "roof_color": "slate", "roof_color_source": "ortho", "lod2_roof": null, "roof_props": null, "wall_color": "brick", "type": "retail", "landmark": null, "footprint_source": "osm", "source_updated": null, "is_part": false, "parent": null, "hidden": false, "addr": "308 West Broad Street", "wikidata": null, "website": null, "zoning": "B-4", "lidar_p90": 13.93, "ground_z": 53.31 }, "geometry": { "type": "Polygon", "coordinates": [ [ [ 284048.57, 4158454.96 ], [ 284058.27, 4158447.3 ], [ 284034.87, 4158417.88 ], [ 284025.16, 4158425.54 ], [ 284048.57, 4158454.96 ] ] ] } },
{ "type": "Feature", "properties": { "id": "osm:way/304140162", "name": null, "height": 9.6, "min_height": 0.0, "levels": 3.0, "height_source": "osm_levels", "roof_shape": "flat", "roof_height": 0.0, "roof_azimuth": null, "roof_source": "heuristic", "roof_color": "slate", "roof_color_source": "ortho", "lod2_roof": null, "roof_props": null, "wall_color": "brick", "type": "retail", "landmark": null, "footprint_source": "osm", "source_updated": null, "is_part": false, "parent": null, "hidden": false, "addr": "310 West Broad Street", "wikidata": null, "website": null, "zoning": "B-4", "lidar_p90": 11.24, "ground_z": 53.17 }, "geometry": { "type": "Polygon", "coordinates": [ [ [ 284040.16, 4158467.36 ], [ 284051.39, 4158458.5 ], [ 284025.16, 4158425.54 ], [ 284013.94, 4158434.39 ], [ 284040.16, 4158467.36 ] ] ] } },
{ "type": "Feature", "properties": { "id": "osm:way/326193936", "name": "Managed Care Innovations", "height": 7.56, "min_height": 0.0, "levels": null, "height_source": "lidar", "roof_shape": "gable", "roof_height": 1.4, "roof_azimuth": 38.4, "roof_source": "lod2", "roof_color": "roof_flat", "roof_color_source": "ortho", "lod2_roof": { "v": [ [ 284002.9, 4158443.82, 1.36 ], [ 284006.89, 4158440.57, 1.4 ], [ 284017.42, 4158453.88, 0.03 ], [ 284013.38, 4158457.06, 0.0 ] ], "f": [ [ [ 3, 0, 1, 2 ] ] ] }, "roof_props": null, "wall_color": "cream", "type": "yes", "landmark": null, "footprint_source": "osm", "source_updated": null, "is_part": false, "parent": null, "hidden": false, "addr": "316 West Broad Street", "wikidata": null, "website": null, "zoning": "B-4", "lidar_p90": 9.77, "ground_z": 52.86 }, "geometry": { "type": "Polygon", "coordinates": [ [ [ 284013.38, 4158457.06 ], [ 284018.48, 4158453.04 ], [ 284007.75, 4158439.48 ], [ 284002.64, 4158443.49 ], [ 284013.38, 4158457.06 ] ] ] } },
{ "type": "Feature", "properties": { "id": "osm:way/304140161", "name": null, "height": 7.58, "min_height": 0.0, "levels": null, "height_source": "lidar", "roof_shape": "flat", "roof_height": 1.66, "roof_azimuth": null, "roof_source": "lod2", "roof_color": "roof_flat", "roof_color_source": "ortho", "lod2_roof": { "v": [ [ 283996.89, 4158448.0, 1.66 ], [ 284002.64, 4158443.49, 1.45 ], [ 284009.66, 4158455.36, 0.79 ], [ 284009.66, 4158455.36, 0.42 ], [ 284012.56, 4158458.9, 0.05 ], [ 284012.56, 4158458.9, 0.55 ], [ 284012.64, 4158467.91, 0.33 ], [ 284012.64, 4158467.91, 0.0 ], [ 284015.07, 4158466.14, 0.24 ], [ 284015.07, 4158466.14, 0.0 ], [ 284010.77, 4158453.76, 0.43 ], [ 284013.98, 4158457.81, 0.02 ], [ 284010.77, 4158453.76, 0.77 ], [ 284023.23, 4158481.3, 0.0 ], [ 284027.31, 4158478.1, 0.0 ], [ 284020.46, 4158469.93, 0.0 ], [ 284021.18, 4158469.42, 0.0 ], [ 284020.46, 4158469.93, 0.0 ], [ 284019.49, 4158470.63, 0.0 ], [ 284019.49, 4158470.63, 0.0 ] ], "f": [ [ [ 9, 18, 15, 14, 13, 7 ] ], [ [ 5, 16, 17, 19, 8, 6, 0, 1, 12, 2 ] ], [ [ 11, 4, 3, 10 ] ], [ [ 2, 3, 4, 5 ] ], [ [ 8, 9, 7, 6 ] ], [ [ 12, 10, 3, 2 ] ], [ [ 17, 15, 18, 19 ] ], [ [ 19, 18, 9, 8 ] ] ] }, "roof_props": null, "wall_color": "terracotta", "type": "yes", "landmark": null, "footprint_source": "osm", "source_updated": null, "is_part": false, "parent": null, "hidden": false, "addr": "318 West Broad Street", "wikidata": null, "website": null, "zoning": "B-4", "lidar_p90": 8.88, "ground_z": 53.13 }, "geometry": { "type": "Polygon", "coordinates": [ [ [ 284023.23, 4158481.3 ], [ 284029.0, 4158476.77 ], [ 284002.64, 4158443.49 ], [ 283996.89, 4158448.0 ], [ 284023.23, 4158481.3 ] ] ] } },
{ "type": "Feature", "properties": { "id": "osm:way/321398150", "name": null, "height": 8.67, "min_height": 0.0, "levels": null, "height_source": "lidar", "roof_shape": "flat", "roof_height": 0.0, "roof_azimuth": null, "roof_source": "heuristic", "roof_color": "roof_flat", "roof_color_source": "ortho", "lod2_roof": null, "roof_props": null, "wall_color": "cream", "type": "yes", "landmark": null, "footprint_source": "osm", "source_updated": null, "is_part": false, "parent": null, "hidden": false, "addr": "120 West Marshall Street", "wikidata": null, "website": null, "zoning": "RO-2", "lidar_p90": 10.52, "ground_z": 53.35 }, "geometry": { "type": "Polygon", "coordinates": [ [ [ 284255.31, 4158447.01 ], [ 284223.89, 4158407.69 ], [ 284217.71, 4158412.37 ], [ 284248.95, 4158451.99 ], [ 284255.31, 4158447.01 ] ] ] } },
{ "type": "Feature", "properties": { "id": "osm:way/321398155", "name": null, "height": 9.23, "min_height": 0.0, "levels": null, "height_source": "lidar", "roof_shape": "flat", "roof_height": 0.0, "roof_azimuth": null, "roof_source": "heuristic", "roof_color": "roof_flat", "roof_color_source": "ortho", "lod2_roof": null, "roof_props": null, "wall_color": "terracotta", "type": "yes", "landmark": null, "footprint_source": "osm", "source_updated": null, "is_part": false, "parent": null, "hidden": false, "addr": "401 Brook Road", "wikidata": null, "website": null, "zoning": "RO-2", "lidar_p90": 11.97, "ground_z": 53.35 }, "geometry": { "type": "Polygon", "coordinates": [ [ [ 284236.97, 4158461.98 ], [ 284248.95, 4158451.99 ], [ 284218.85, 4158413.8 ], [ 284216.27, 4158429.03 ], [ 284221.2, 4158435.01 ], [ 284216.67, 4158439.02 ], [ 284236.97, 4158461.98 ] ] ] } },
{ "type": "Feature", "properties": { "id": "osm:way/321397267", "name": "Steamer Company Number 5", "height": 10.97, "min_height": 0.0, "levels": null, "height_source": "lidar", "roof_shape": "flat", "roof_height": 0.0, "roof_azimuth": null, "roof_source": "heuristic", "roof_color": "roof_flat", "roof_color_source": "ortho", "lod2_roof": null, "roof_props": null, "wall_color": "brick", "type": "fire_station", "landmark": null, "footprint_source": "osm", "source_updated": null, "is_part": false, "parent": null, "hidden": false, "addr": "200 W Marshall St", "wikidata": "Q7605457", "website": null, "zoning": "RO-2", "lidar_p90": 11.6, "ground_z": 53.47 }, "geometry": { "type": "Polygon", "coordinates": [ [ [ 284204.02, 4158435.89 ], [ 284203.85, 4158431.36 ], [ 284201.35, 4158428.56 ], [ 284198.08, 4158428.31 ], [ 284194.93, 4158430.42 ], [ 284194.82, 4158432.88 ], [ 284192.18, 4158435.2 ], [ 284189.87, 4158435.13 ], [ 284186.45, 4158437.41 ], [ 284186.54, 4158440.94 ], [ 284201.25, 4158458.7 ], [ 284204.02, 4158435.89 ] ] ] } },
{ "type": "Feature", "properties": { "id": "osm:way/321398151", "name": null, "height": 8.38, "min_height": 0.0, "levels": null, "height_source": "lidar", "roof_shape": "flat", "roof_height": 3.21, "roof_azimuth": null, "roof_source": "lod2", "roof_color": "roof_flat", "roof_color_source": "ortho", "lod2_roof": { "v": [ [ 284235.78, 4158463.01, 2.39 ], [ 284235.78, 4158463.01, 0.0 ], [ 284227.72, 4158453.64, 0.76 ], [ 284227.72, 4158453.64, 1.07 ], [ 284227.72, 4158453.64, 2.96 ], [ 284223.88, 4158457.83, 1.01 ], [ 284223.88, 4158457.83, 0.69 ], [ 284214.21, 4158447.08, 0.0 ], [ 284231.71, 4158466.53, 0.0 ], [ 284236.97, 4158461.98, 2.36 ], [ 284216.38, 4158440.45, 0.0 ], [ 284215.8, 4158439.78, 0.0 ], [ 284216.67, 4158439.02, 0.0 ], [ 284214.72, 4158441.55, 0.0 ], [ 284216.38, 4158440.45, 0.0 ], [ 284224.08, 4158449.41, 0.68 ], [ 284224.08, 4158449.41, 3.21 ], [ 284225.06, 4158448.51, 0.0 ], [ 284225.06, 4158448.51, 3.19 ], [ 284224.08, 4158449.41, 0.0 ] ], "f": [ [ [ 6, 2, 1, 8 ] ], [ [ 19, 10, 11, 12, 17 ] ], [ [ 16, 18, 9, 0, 4 ] ], [ [ 14, 15, 3, 5, 7, 13 ] ], [ [ 0, 1, 2, 3, 4 ] ], [ [ 3, 2, 6, 5 ] ], [ [ 4, 3, 15, 16 ] ], [ [ 16, 15, 19, 17, 18 ] ], [ [ 14, 10, 19, 15 ] ] ] }, "roof_props": null, "wall_color": "sand", "type": "yes", "landmark": null, "footprint_source": "osm", "source_updated": null, "is_part": false, "parent": null, "hidden": false, "addr": "405 Brook Road", "wikidata": null, "website": null, "zoning": "RO-2", "lidar_p90": 11.17, "ground_z": 53.45 }, "geometry": { "type": "Polygon", "coordinates": [ [ [ 284231.71, 4158466.53 ], [ 284236.97, 4158461.98 ], [ 284216.67, 4158439.02 ], [ 284214.8, 4158440.65 ], [ 284214.21, 4158447.08 ], [ 284231.71, 4158466.53 ] ] ] } },
{ "type": "Feature", "properties": { "id": "osm:way/321398130", "name": null, "height": 6.4, "min_height": 0.0, "levels": 2.0, "height_source": "osm_levels", "roof_shape": "gable", "roof_height": 2.91, "roof_azimuth": 57.0, "roof_source": "lod2", "roof_color": "roof_flat", "roof_color_source": "ortho", "lod2_roof": { "v": [ [ 284228.01, 4158469.58, 0.0 ], [ 284213.72, 4158453.85, 0.99 ], [ 284230.41, 4158467.6, 1.64 ], [ 284230.41, 4158467.6, 0.0 ], [ 284222.26, 4158458.43, 0.58 ], [ 284222.26, 4158458.43, 2.6 ], [ 284214.06, 4158449.18, 1.91 ], [ 284214.06, 4158449.18, 1.15 ], [ 284214.21, 4158447.08, 1.75 ], [ 284223.4, 4158457.29, 2.57 ], [ 284223.4, 4158457.29, 2.86 ], [ 284231.71, 4158466.53, 1.6 ], [ 284222.26, 4158458.43, 2.91 ] ], "f": [ [ [ 7, 4, 3, 0, 1 ] ], [ [ 10, 12, 6, 8 ] ], [ [ 5, 9, 11, 2 ] ], [ [ 2, 3, 4, 5 ] ], [ [ 12, 5, 4, 7, 6 ] ], [ [ 10, 9, 5, 12 ] ] ] }, "roof_props": null, "wall_color": "brick", "type": "terrace", "landmark": null, "footprint_source": "osm", "source_updated": null, "is_part": false, "parent": null, "hidden": false, "addr": "407 Brook Road", "wikidata": null, "website": null, "zoning": "RO-2", "lidar_p90": 8.61, "ground_z": 53.27 }, "geometry": { "type": "Polygon", "coordinates": [ [ [ 284231.71, 4158466.53 ], [ 284214.21, 4158447.08 ], [ 284213.72, 4158453.85 ], [ 284228.01, 4158469.58 ], [ 284231.71, 4158466.53 ] ] ] } },
{ "type": "Feature", "properties": { "id": "osm:way/321398146", "name": null, "height": 6.4, "min_height": 0.0, "levels": 2.0, "height_source": "osm_levels", "roof_shape": "flat", "roof_height": 1.19, "roof_azimuth": null, "roof_source": "lod2", "roof_color": "roof_flat", "roof_color_source": "ortho", "lod2_roof": { "v": [ [ 284223.75, 4158473.0, 0.2 ], [ 284213.07, 4158460.88, 1.1 ], [ 284228.01, 4158469.58, 0.0 ], [ 284213.72, 4158453.85, 1.19 ] ], "f": [ [ [ 3, 2, 0, 1 ] ] ] }, "roof_props": null, "wall_color": "brick_dark", "type": "terrace", "landmark": null, "footprint_source": "osm", "source_updated": null, "is_part": false, "parent": null, "hidden": false, "addr": "409 Brook Road", "wikidata": null, "website": null, "zoning": "RO-2", "lidar_p90": 7.58, "ground_z": 53.28 }, "geometry": { "type": "Polygon", "coordinates": [ [ [ 284228.01, 4158469.58 ], [ 284213.72, 4158453.85 ], [ 284213.07, 4158460.88 ], [ 284223.75, 4158473.0 ], [ 284228.01, 4158469.58 ] ] ] } },
{ "type": "Feature", "properties": { "id": "osm:way/321397325", "name": null, "height": 7.02, "min_height": 0.0, "levels": null, "height_source": "lidar", "roof_shape": "flat", "roof_height": 2.88, "roof_azimuth": null, "roof_source": "lod2", "roof_color": "slate", "roof_color_source": "ortho", "lod2_roof": { "v": [ [ 284189.79, 4158460.05, 0.0 ], [ 284193.63, 4158457.0, 0.0 ], [ 284190.71, 4158461.19, 0.0 ], [ 284198.2, 4158454.92, 2.56 ], [ 284201.25, 4158458.7, 2.73 ], [ 284196.28, 4158456.53, 2.69 ], [ 284196.28, 4158456.53, 0.2 ], [ 284190.71, 4158461.19, 0.15 ], [ 284194.62, 4158457.92, 0.0 ], [ 284194.62, 4158457.92, 0.19 ], [ 284199.2, 4158460.46, 2.87 ], [ 284199.2, 4158460.46, 0.49 ], [ 284201.08, 4158461.15, 0.6 ], [ 284201.08, 4158461.15, 2.88 ], [ 284200.26, 4158473.1, 1.05 ] ], "f": [ [ [ 1, 8, 2, 0 ] ], [ [ 13, 10, 5, 3, 4 ] ], [ [ 12, 14, 7, 9, 6, 11 ] ], [ [ 7, 2, 8, 9 ] ], [ [ 10, 11, 6, 5 ] ], [ [ 13, 12, 11, 10 ] ] ] }, "roof_props": null, "wall_color": "terracotta", "type": "yes", "landmark": null, "footprint_source": "osm", "source_updated": null, "is_part": false, "parent": null, "hidden": false, "addr": "410 Brook Road", "wikidata": null, "website": null, "zoning": "RO-2", "lidar_p90": 7.79, "ground_z": 53.37 }, "geometry": { "type": "Polygon", "coordinates": [ [ [ 284201.25, 4158458.7 ], [ 284197.42, 4158453.97 ], [ 284189.79, 4158460.05 ], [ 284200.26, 4158473.1 ], [ 284201.25, 4158458.7 ] ] ] } },
{ "type": "Feature", "properties": { "id": "osm:way/321397395", "name": null, "height": 4.82, "min_height": 0.0, "levels": null, "height_source": "lidar", "roof_shape": "flat", "roof_height": 2.21, "roof_azimuth": null, "roof_source": "lod2", "roof_color": "slate", "roof_color_source": "ortho", "lod2_roof": { "v": [ [ 284187.43, 4158483.19, 0.01 ], [ 284187.14, 4158483.42, 0.01 ], [ 284165.77, 4158456.54, 0.0 ], [ 284195.78, 4158467.52, 1.79 ], [ 284200.26, 4158473.1, 2.19 ], [ 284198.37, 4158472.91, 2.13 ], [ 284198.37, 4158472.91, 0.0 ], [ 284195.47, 4158469.23, 0.0 ], [ 284195.47, 4158469.23, 1.88 ], [ 284199.18, 4158473.95, 2.21 ], [ 284177.85, 4158446.76, 0.0 ] ], "f": [ [ [ 4, 9, 5, 8, 3 ] ], [ [ 10, 7, 6, 0, 1, 2 ] ], [ [ 5, 6, 7, 8 ] ] ] }, "roof_props": null, "wall_color": "brick", "type": "yes", "landmark": null, "footprint_source": "osm", "source_updated": null, "is_part": false, "parent": null, "hidden": false, "addr": "206 W Marshall St", "wikidata": null, "website": null, "zoning": "RO-2", "lidar_p90": 5.29, "ground_z": 53.81 }, "geometry": { "type": "Polygon", "coordinates": [ [ [ 284187.14, 4158483.42 ], [ 284200.26, 4158473.1 ], [ 284177.47, 4158444.68 ], [ 284164.53, 4158454.98 ], [ 284187.14, 4158483.42 ] ] ] } },
{ "type": "Feature", "properties": { "id": "osm:way/321398125", "name": null, "height": 6.4, "min_height": 0.0, "levels": 2.0, "height_source": "osm_levels", "roof_shape": "flat", "roof_height": 1.42, "roof_azimuth": null, "roof_source": "lod2", "roof_color": "roof_flat", "roof_color_source": "ortho", "lod2_roof": { "v": [ [ 284219.86, 4158476.15, 0.0 ], [ 284212.4, 4158468.06, 0.38 ], [ 284222.65, 4158473.89, 0.06 ], [ 284212.87, 4158462.96, 1.39 ], [ 284212.87, 4158462.96, 0.57 ], [ 284213.07, 4158460.88, 1.42 ], [ 284223.75, 4158473.0, 0.43 ], [ 284222.65, 4158473.89, 0.48 ] ], "f": [ [ [ 4, 2, 0, 1 ] ], [ [ 7, 3, 5, 6 ] ], [ [ 7, 2, 4, 3 ] ] ] }, "roof_props": null, "wall_color": "terracotta", "type": "terrace", "landmark": null, "footprint_source": "osm", "source_updated": null, "is_part": false, "parent": null, "hidden": false, "addr": "411 Brook Road", "wikidata": null, "website": null, "zoning": "RO-2", "lidar_p90": 7.17, "ground_z": 53.13 }, "geometry": { "type": "Polygon", "coordinates": [ [ [ 284223.75, 4158473.0 ], [ 284213.07, 4158460.88 ], [ 284212.4, 4158468.06 ], [ 284219.86, 4158476.15 ], [ 284223.75, 4158473.0 ] ] ] } },
{ "type": "Feature", "properties": { "id": "osm:way/321397332", "name": null, "height": 7.88, "min_height": 0.0, "levels": null, "height_source": "lidar", "roof_shape": "flat", "roof_height": 0.0, "roof_azimuth": null, "roof_source": "heuristic", "roof_color": "roof_flat", "roof_color_source": "ortho", "lod2_roof": null, "roof_props": null, "wall_color": "concrete", "type": "yes", "landmark": null, "footprint_source": "osm", "source_updated": null, "is_part": false, "parent": null, "hidden": false, "addr": "212 West Marshall Street", "wikidata": null, "website": null, "zoning": "RO-2", "lidar_p90": 8.27, "ground_z": 53.65 }, "geometry": { "type": "Polygon", "coordinates": [ [ [ 284166.69, 4158480.3 ], [ 284170.76, 4158477.18 ], [ 284158.99, 4158462.14 ], [ 284154.94, 4158465.29 ], [ 284166.69, 4158480.3 ] ] ] } },
{ "type": "Feature", "properties": { "id": "osm:way/321397345", "name": null, "height": 4.15, "min_height": 0.0, "levels": null, "height_source": "lidar", "roof_shape": "flat", "roof_height": 0.8, "roof_azimuth": null, "roof_source": "lod2", "roof_color": "roof_flat", "roof_color_source": "ortho", "lod2_roof": { "v": [ [ 284186.34, 4158485.24, 0.8 ], [ 284164.32, 4158457.35, 0.8 ], [ 284165.68, 4158456.43, 0.8 ], [ 284187.73, 4158484.17, 0.8 ], [ 284163.55, 4158457.88, 0.01 ], [ 284186.85, 4158487.4, 0.0 ], [ 284181.99, 4158491.23, 0.07 ], [ 284158.32, 4158461.44, 0.08 ] ], "f": [ [ [ 5, 6, 7, 4 ] ], [ [ 1, 2, 3, 0 ] ] ] }, "roof_props": null, "wall_color": "terracotta", "type": "yes", "landmark": null, "footprint_source": "osm", "source_updated": null, "is_part": false, "parent": null, "hidden": false, "addr": "210 West Marshall Street", "wikidata": null, "website": null, "zoning": "RO-2", "lidar_p90": 4.91, "ground_z": 53.63 }, "geometry": { "type": "Polygon", "coordinates": [ [ [ 284157.55, 4158460.47 ], [ 284181.99, 4158491.23 ], [ 284188.97, 4158485.73 ], [ 284164.53, 4158454.98 ], [ 284157.55, 4158460.47 ] ] ] } },
{ "type": "Feature", "properties": { "id": "osm:way/321398123", "name": null, "height": 6.4, "min_height": 0.0, "levels": 2.0, "height_source": "osm_levels", "roof_shape": "gable", "roof_height": 0.54, "roof_azimuth": null, "roof_source": "lod2", "roof_color": "roof_flat", "roof_color_source": "ortho", "lod2_roof": { "v": [ [ 284212.4, 4158468.06, 0.54 ], [ 284219.86, 4158476.15, 0.0 ], [ 284211.86, 4158474.97, 0.32 ], [ 284216.03, 4158479.42, 0.01 ] ], "f": [ [ [ 1, 3, 2, 0 ] ] ] }, "roof_props": null, "wall_color": "sand", "type": "terrace", "landmark": null, "footprint_source": "osm", "source_updated": null, "is_part": false, "parent": null, "hidden": false, "addr": "415 Brook Road", "wikidata": null, "website": null, "zoning": "RO-2", "lidar_p90": 7.39, "ground_z": 52.99 }, "geometry": { "type": "Polygon", "coordinates": [ [ [ 284216.03, 4158479.42 ], [ 284219.86, 4158476.15 ], [ 284212.4, 4158468.06 ], [ 284211.86, 4158474.97 ], [ 284216.03, 4158479.42 ] ] ] } },
{ "type": "Feature", "properties": { "id": "osm:way/321397402", "name": null, "height": 7.99, "min_height": 0.0, "levels": null, "height_source": "lidar", "roof_shape": "flat", "roof_height": 0.64, "roof_azimuth": null, "roof_source": "lod2", "roof_color": "roof_flat", "roof_color_source": "ortho", "lod2_roof": { "v": [ [ 284156.97, 4158467.87, 0.63 ], [ 284156.97, 4158467.87, 0.0 ], [ 284166.69, 4158480.3, 0.0 ], [ 284156.16, 4158466.85, 0.0 ], [ 284163.23, 4158483.0, 0.0 ], [ 284159.09, 4158477.71, 0.13 ], [ 284152.35, 4158471.16, 0.64 ], [ 284152.35, 4158471.16, 0.0 ], [ 284158.09, 4158478.49, 0.13 ], [ 284151.43, 4158469.98, 0.0 ] ], "f": [ [ [ 8, 6, 0, 2, 4, 5 ] ], [ [ 7, 9, 3, 1 ] ], [ [ 6, 7, 1, 0 ] ] ] }, "roof_props": null, "wall_color": "terracotta", "type": "yes", "landmark": null, "footprint_source": "osm", "source_updated": null, "is_part": false, "parent": null, "hidden": false, "addr": "212 1/2 W Marshall St", "wikidata": null, "website": null, "zoning": "RO-2", "lidar_p90": 8.31, "ground_z": 53.65 }, "geometry": { "type": "Polygon", "coordinates": [ [ [ 284158.09, 4158478.49 ], [ 284159.09, 4158477.71 ], [ 284163.23, 4158483.0 ], [ 284166.69, 4158480.3 ], [ 284154.94, 4158465.29 ], [ 284150.47, 4158468.76 ], [ 284158.09, 4158478.49 ] ] ] } },
{ "type": "Feature", "properties": { "id": "richmond_structure:393729", "name": null, "height": 4.17, "min_height": 0.0, "levels": null, "height_source": "lidar", "roof_shape": "flat", "roof_height": 3.34, "roof_azimuth": null, "roof_source": "lod2", "roof_color": "roof_flat", "roof_color_source": "heuristic", "lod2_roof": { "v": [ [ 284211.47, 4158476.13, 3.34 ], [ 284215.19, 4158480.18, 3.01 ], [ 284211.36, 4158477.36, 3.28 ], [ 284211.36, 4158477.36, 0.0 ], [ 284210.77, 4158483.67, 0.0 ], [ 284214.32, 4158480.87, 3.01 ], [ 284214.32, 4158480.87, 0.0 ] ], "f": [ [ [ 6, 4, 3 ] ], [ [ 1, 5, 2, 0 ] ], [ [ 5, 6, 3, 2 ] ] ] }, "roof_props": null, "wall_color": "sand", "type": "yes", "landmark": null, "footprint_source": "richmond_structures", "source_updated": "2026-09-08T12:07:13.637000Z", "is_part": false, "parent": null, "hidden": false, "addr": "415 Brook Road", "wikidata": null, "website": null, "zoning": "RO-2", "lidar_p90": 7.67, "ground_z": 52.92 }, "geometry": { "type": "Polygon", "coordinates": [ [ [ 284211.47, 4158476.14 ], [ 284210.77, 4158483.67 ], [ 284215.19, 4158480.18 ], [ 284211.47, 4158476.14 ] ] ] } },
{ "type": "Feature", "properties": { "id": "osm:way/321397279", "name": null, "height": 8.43, "min_height": 0.0, "levels": null, "height_source": "lidar", "roof_shape": "flat", "roof_height": 1.44, "roof_azimuth": null, "roof_source": "lod2", "roof_color": "roof_flat", "roof_color_source": "ortho", "lod2_roof": { "v": [ [ 284138.84, 4158479.41, 0.0 ], [ 284141.53, 4158477.27, 0.0 ], [ 284141.53, 4158477.27, 0.0 ], [ 284142.6, 4158479.3, 0.0 ], [ 284142.6, 4158479.3, 0.0 ], [ 284142.12, 4158483.5, 1.44 ], [ 284144.2, 4158486.08, 0.0 ], [ 284144.2, 4158477.81, 0.0 ], [ 284144.2, 4158477.81, 0.0 ], [ 284142.88, 4158476.19, 0.0 ], [ 284146.22, 4158480.28, 1.44 ], [ 284148.8, 4158483.43, 0.0 ], [ 284146.85, 4158489.38, 0.0 ], [ 284150.98, 4158486.09, 0.0 ] ], "f": [ [ [ 9, 7, 3, 1 ] ], [ [ 11, 6, 5, 10 ] ], [ [ 8, 10, 5, 0, 2, 4 ] ], [ [ 11, 13, 12, 6 ] ], [ [ 2, 1, 3, 4 ] ], [ [ 4, 3, 7, 8 ] ] ] }, "roof_props": null, "wall_color": "brick", "type": "yes", "landmark": null, "footprint_source": "osm", "source_updated": null, "is_part": false, "parent": null, "hidden": false, "addr": null, "wikidata": null, "website": null, "zoning": "RO-2", "lidar_p90": 9.64, "ground_z": 53.51 }, "geometry": { "type": "Polygon", "coordinates": [ [ [ 284146.85, 4158489.38 ], [ 284152.31, 4158485.04 ], [ 284144.3, 4158475.06 ], [ 284138.84, 4158479.41 ], [ 284146.85, 4158489.38 ] ] ] } },
{ "type": "Feature", "properties": { "id": "osm:way/321397422", "name": null, "height": 6.4, "min_height": 0.0, "levels": 2.0, "height_source": "osm_levels", "roof_shape": "flat", "roof_height": 0.0, "roof_azimuth": null, "roof_source": "lod2", "roof_color": "roof_flat", "roof_color_source": "ortho", "lod2_roof": { "v": [ [ 284186.63, 4158498.86, 0.0 ], [ 284181.84, 4158492.5, 0.0 ], [ 284198.6, 4158489.43, 0.0 ], [ 284199.49, 4158478.87, 0.0 ] ], "f": [ [ [ 1, 3, 2, 0 ] ] ] }, "roof_props": null, "wall_color": "sand", "type": "retail", "landmark": null, "footprint_source": "osm", "source_updated": null, "is_part": false, "parent": null, "hidden": false, "addr": "416 Brook Road", "wikidata": null, "website": null, "zoning": "RO-2", "lidar_p90": 3.79, "ground_z": 53.19 }, "geometry": { "type": "Polygon", "coordinates": [ [ [ 284181.31, 4158491.79 ], [ 284186.63, 4158498.86 ], [ 284198.6, 4158489.43 ], [ 284199.6, 4158477.52 ], [ 284181.31, 4158491.79 ] ] ] } },
{ "type": "Feature", "properties": { "id": "osm:way/321397387", "name": null, "height": 7.59, "min_height": 0.0, "levels": null, "height_source": "lidar", "roof_shape": "flat", "roof_height": 2.41, "roof_azimuth": null, "roof_source": "lod2", "roof_color": "roof_flat", "roof_color_source": "ortho", "lod2_roof": { "v": [ [ 284144.05, 4158485.99, 0.25 ], [ 284144.05, 4158485.99, 0.24 ], [ 284143.04, 4158486.55, 0.22 ], [ 284143.04, 4158486.55, 0.56 ], [ 284141.68, 4158483.84, 0.41 ], [ 284141.68, 4158483.84, 2.41 ], [ 284138.84, 4158479.41, 0.0 ], [ 284140.01, 4158480.89, 0.0 ], [ 284137.76, 4158481.52, 0.61 ], [ 284137.76, 4158481.52, 0.0 ], [ 284140.01, 4158480.89, 0.62 ], [ 284136.04, 4158484.11, 0.47 ], [ 284136.04, 4158484.11, 0.0 ], [ 284134.83, 4158482.57, 0.0 ], [ 284140.52, 4158481.54, 0.57 ], [ 284140.52, 4158481.54, 0.73 ], [ 284149.71, 4158495.65, 0.0 ], [ 284146.93, 4158497.84, 0.0 ], [ 284142.07, 4158483.48, 2.35 ], [ 284144.76, 4158495.1, 0.0 ], [ 284148.68, 4158491.82, 0.0 ], [ 284147.5, 4158492.81, 0.0 ], [ 284147.5, 4158492.81, 0.0 ], [ 284144.76, 4158495.1, 0.0 ] ], "f": [ [ [ 13, 6, 7, 9, 12 ] ], [ [ 15, 18, 5 ] ], [ [ 18, 0, 3, 5 ] ], [ [ 19, 21, 16, 17 ] ], [ [ 22, 23, 11, 8, 10, 14, 4, 2, 1, 20 ] ], [ [ 0, 1, 2, 3 ] ], [ [ 3, 2, 4, 5 ] ], [ [ 8, 9, 7, 10 ] ], [ [ 11, 12, 9, 8 ] ], [ [ 5, 4, 14, 15 ] ], [ [ 22, 21, 19, 23 ] ] ] }, "roof_props": null, "wall_color": "concrete", "type": "yes", "landmark": null, "footprint_source": "osm", "source_updated": null, "is_part": false, "parent": null, "hidden": false, "addr": "218 West Marshall Street", "wikidata": null, "website": null, "zoning": "RO-2", "lidar_p90": 9.1, "ground_z": 53.59 }, "geometry": { "type": "Polygon", "coordinates": [ [ [ 284146.93, 4158497.84 ], [ 284150.94, 4158494.68 ], [ 284138.84, 4158479.41 ], [ 284134.83, 4158482.57 ], [ 284146.93, 4158497.84 ] ] ] } },
{ "type": "Feature", "properties": { "id": "osm:way/321397301", "name": null, "height": 7.55, "min_height": 0.0, "levels": null, "height_source": "lidar", "roof_shape": "flat", "roof_height": 0.72, "roof_azimuth": null, "roof_source": "lod2", "roof_color": "roof_flat", "roof_color_source": "ortho", "lod2_roof": { "v": [ [ 284131.52, 4158486.76, 0.0 ], [ 284130.74, 4158485.78, 0.0 ], [ 284142.85, 4158501.05, 0.0 ], [ 284140.61, 4158498.22, 0.0 ], [ 284131.61, 4158486.71, 0.72 ], [ 284131.61, 4158486.71, 0.0 ], [ 284135.59, 4158483.53, 0.0 ], [ 284135.59, 4158483.53, 0.71 ], [ 284134.83, 4158482.57, 0.0 ], [ 284131.52, 4158486.76, 0.72 ], [ 284140.61, 4158498.22, 0.0 ], [ 284142.12, 4158497.5, 0.0 ], [ 284142.12, 4158497.5, 0.0 ], [ 284140.02, 4158492.72, 0.12 ], [ 284146.93, 4158497.84, 0.0 ], [ 284140.97, 4158491.67, 0.13 ], [ 284143.02, 4158493.27, 0.0 ], [ 284142.41, 4158497.37, 0.0 ], [ 284144.52, 4158494.8, 0.0 ], [ 284144.52, 4158494.8, 0.0 ] ], "f": [ [ [ 5, 0, 1, 8, 6 ] ], [ [ 19, 16, 15, 13, 11, 10, 9, 4, 7 ] ], [ [ 17, 18, 14, 2, 3, 12 ] ], [ [ 4, 5, 6, 7 ] ], [ [ 9, 0, 5, 4 ] ], [ [ 11, 12, 3, 10 ] ] ] }, "roof_props": null, "wall_color": "terracotta", "type": "yes", "landmark": null, "footprint_source": "osm", "source_updated": null, "is_part": false, "parent": null, "hidden": false, "addr": "220 West Marshall Street", "wikidata": null, "website": null, "zoning": "RO-2", "lidar_p90": 8.26, "ground_z": 53.6 }, "geometry": { "type": "Polygon", "coordinates": [ [ [ 284146.93, 4158497.84 ], [ 284134.83, 4158482.57 ], [ 284130.74, 4158485.78 ], [ 284142.85, 4158501.05 ], [ 284146.93, 4158497.84 ] ] ] } },
{ "type": "Feature", "properties": { "id": "osm:way/321397398", "name": null, "height": 2.85, "min_height": 0.0, "levels": null, "height_source": "lidar", "roof_shape": "gable", "roof_height": 0.58, "roof_azimuth": 129.6, "roof_source": "lidar", "roof_color": "roof_flat", "roof_color_source": "ortho", "lod2_roof": null, "roof_props": null, "wall_color": "terracotta", "type": "yes", "landmark": null, "footprint_source": "osm", "source_updated": null, "is_part": false, "parent": null, "hidden": false, "addr": "419 Brook Road", "wikidata": null, "website": null, "zoning": "R-6", "lidar_p90": 4.06, "ground_z": 52.81 }, "geometry": { "type": "Polygon", "coordinates": [ [ [ 284219.23, 4158501.43 ], [ 284223.37, 4158498.24 ], [ 284213.43, 4158486.21 ], [ 284210.2, 4158490.89 ], [ 284219.23, 4158501.43 ] ] ] } },
{ "type": "Feature", "properties": { "id": "osm:way/321397329", "name": null, "height": 6.74, "min_height": 0.0, "levels": null, "height_source": "lidar", "roof_shape": "skillion", "roof_height": 1.83, "roof_azimuth": 67.9, "roof_source": "lod2", "roof_color": "roof_flat", "roof_color_source": "ortho", "lod2_roof": { "v": [ [ 284140.89, 4158498.58, 0.48 ], [ 284142.85, 4158501.05, 0.29 ], [ 284140.89, 4158498.58, 0.93 ], [ 284136.81, 4158501.4, 0.45 ], [ 284136.81, 4158501.4, 0.91 ], [ 284138.96, 4158504.11, 0.25 ], [ 284126.86, 4158488.84, 0.0 ], [ 284130.74, 4158485.78, 0.0 ], [ 284127.67, 4158489.87, 0.0 ], [ 284131.79, 4158487.1, 0.0 ], [ 284127.67, 4158489.87, 1.82 ], [ 284131.79, 4158487.1, 1.83 ] ], "f": [ [ [ 9, 8, 6, 7 ] ], [ [ 1, 5, 3, 0 ] ], [ [ 11, 2, 4, 10 ] ], [ [ 2, 0, 3, 4 ] ], [ [ 10, 8, 9, 11 ] ] ] }, "roof_props": null, "wall_color": "sand", "type": "yes", "landmark": null, "footprint_source": "osm", "source_updated": null, "is_part": false, "parent": null, "hidden": false, "addr": "222 West Marshall Street", "wikidata": null, "website": null, "zoning": "RO-2", "lidar_p90": 8.38, "ground_z": 53.22 }, "geometry": { "type": "Polygon", "coordinates": [ [ [ 284138.96, 4158504.11 ], [ 284142.85, 4158501.05 ], [ 284130.74, 4158485.78 ], [ 284126.86, 4158488.84 ], [ 284138.96, 4158504.11 ] ] ] } },
{ "type": "Feature", "properties": { "id": "osm:way/321397322", "name": null, "height": 3.0, "min_height": 0.0, "levels": null, "height_source": "lidar", "roof_shape": "gable", "roof_height": 2.68, "roof_azimuth": 24.8, "roof_source": "lod2", "roof_color": "concrete", "roof_color_source": "ortho", "lod2_roof": { "v": [ [ 284042.62, 4158475.09, 2.16 ], [ 284041.83, 4158474.08, 2.16 ], [ 284040.88, 4158475.2, 1.31 ], [ 284042.42, 4158473.59, 2.62 ], [ 284043.34, 4158474.73, 2.23 ], [ 284043.34, 4158474.73, 2.62 ], [ 284048.06, 4158483.81, 1.48 ], [ 284044.51, 4158473.85, 1.35 ], [ 284049.62, 4158482.51, 2.2 ], [ 284049.62, 4158482.51, 2.68 ], [ 284052.08, 4158480.47, 0.28 ], [ 284046.23, 4158472.4, 0.0 ] ], "f": [ [ [ 9, 6, 2, 0, 1, 3, 5 ] ], [ [ 11, 10, 8, 4, 7 ] ], [ [ 5, 4, 8, 9 ] ] ] }, "roof_props": null, "wall_color": "concrete", "type": "yes", "landmark": null, "footprint_source": "osm", "source_updated": null, "is_part": false, "parent": null, "hidden": false, "addr": null, "wikidata": null, "website": null, "zoning": "R-6", "lidar_p90": 5.17, "ground_z": 53.31 }, "geometry": { "type": "Polygon", "coordinates": [ [ [ 284048.05, 4158483.81 ], [ 284053.55, 4158479.26 ], [ 284046.21, 4158470.46 ], [ 284040.72, 4158475.0 ], [ 284048.05, 4158483.81 ] ] ] } },
{ "type": "Feature", "properties": { "id": "osm:way/304140159", "name": "Festival Flags", "height": 3.56, "min_height": 0.0, "levels": null, "height_source": "lidar", "roof_shape": "flat", "roof_height": 8.5, "roof_azimuth": null, "roof_source": "lod2", "roof_color": "slate", "roof_color_source": "ortho", "lod2_roof": { "v": [ [ 284013.06, 4158487.64, 0.23 ], [ 284010.2, 4158489.89, 0.67 ], [ 283996.69, 4158472.84, 8.49 ], [ 284002.19, 4158468.52, 0.0 ], [ 284002.19, 4158468.52, 8.5 ], [ 283997.59, 4158473.98, 8.41 ], [ 283997.59, 4158473.98, 0.71 ], [ 284000.73, 4158471.65, 8.41 ], [ 284000.73, 4158471.65, 0.24 ], [ 284002.41, 4158468.35, 0.0 ], [ 284015.91, 4158485.4, 0.0 ], [ 284001.97, 4158470.72, 8.41 ], [ 284001.97, 4158470.72, 0.0 ] ], "f": [ [ [ 1, 6, 8, 0 ] ], [ [ 4, 11, 7, 5, 2 ] ], [ [ 9, 10, 0, 8, 12, 3 ] ], [ [ 7, 8, 6, 5 ] ], [ [ 11, 12, 8, 7 ] ], [ [ 4, 3, 12, 11 ] ] ] }, "roof_props": null, "wall_color": "cream", "type": "yes", "landmark": null, "footprint_source": "osm", "source_updated": null, "is_part": false, "parent": null, "hidden": false, "addr": "309 North Monroe Street", "wikidata": null, "website": "http://www.festivalflags.com/", "zoning": "B-4", "lidar_p90": 4.03, "ground_z": 52.89 }, "geometry": { "type": "Polygon", "coordinates": [ [ [ 284010.2, 4158489.89 ], [ 284015.91, 4158485.4 ], [ 284002.41, 4158468.35 ], [ 283996.69, 4158472.84 ], [ 284010.2, 4158489.89 ] ] ] } },
{ "type": "Feature", "properties": { "id": "osm:way/321397341", "name": null, "height": 7.54, "min_height": 0.0, "levels": null, "height_source": "lidar", "roof_shape": "flat", "roof_height": 0.84, "roof_azimuth": null, "roof_source": "lod2", "roof_color": "roof_dark", "roof_color_source": "heuristic", "lod2_roof": { "v": [ [ 284089.92, 4158488.66, 0.0 ], [ 284089.12, 4158487.65, 0.0 ], [ 284091.78, 4158487.05, 0.84 ], [ 284091.78, 4158487.05, 0.0 ], [ 284089.12, 4158487.65, 0.71 ], [ 284082.45, 4158475.63, 0.0 ], [ 284092.58, 4158485.9, 0.0 ], [ 284092.58, 4158485.9, 0.82 ], [ 284092.94, 4158486.27, 0.0 ], [ 284080.66, 4158477.04, 0.0 ] ], "f": [ [ [ 7, 2, 4, 9, 5 ] ], [ [ 6, 8, 0, 1, 3 ] ], [ [ 2, 3, 1, 4 ] ], [ [ 7, 6, 3, 2 ] ] ] }, "roof_props": null, "wall_color": "concrete", "type": "yes", "landmark": null, "footprint_source": "osm", "source_updated": null, "is_part": false, "parent": null, "hidden": false, "addr": "305 W Marshall St", "wikidata": null, "website": null, "zoning": "R-6", "lidar_p90": 7.97, "ground_z": 53.38 }, "geometry": { "type": "Polygon", "coordinates": [ [ [ 284093.84, 4158485.56 ], [ 284084.59, 4158473.94 ], [ 284080.66, 4158477.04 ], [ 284089.92, 4158488.66 ], [ 284093.84, 4158485.56 ] ] ] } },
{ "type": "Feature", "properties": { "id": "osm:way/321397366", "name": null, "height": 3.18, "min_height": 0.0, "levels": null, "height_source": "lidar", "roof_shape": "skillion", "roof_height": 1.73, "roof_azimuth": 43.6, "roof_source": "lod2", "roof_color": "concrete", "roof_color_source": "ortho", "lod2_roof": { "v": [ [ 284041.93, 4158487.91, 1.73 ], [ 284041.15, 4158488.55, 1.25 ], [ 284039.43, 4158476.27, 0.2 ], [ 284041.69, 4158478.98, 0.24 ], [ 284039.54, 4158479.71, 0.0 ], [ 284034.39, 4158480.43, 0.0 ], [ 284035.05, 4158481.22, 0.0 ], [ 284035.05, 4158481.22, 1.04 ], [ 284036.48, 4158480.74, 0.0 ], [ 284036.48, 4158480.74, 1.72 ], [ 284039.54, 4158479.71, 0.35 ], [ 284044.49, 4158485.79, 0.25 ] ], "f": [ [ [ 9, 0, 1, 7 ] ], [ [ 4, 8, 6, 5, 2, 3 ] ], [ [ 10, 11, 0, 9 ] ], [ [ 7, 6, 8, 9 ] ], [ [ 9, 8, 4, 10 ] ] ] }, "roof_props": null, "wall_color": "cream", "type": "yes", "landmark": null, "footprint_source": "osm", "source_updated": null, "is_part": false, "parent": null, "hidden": false, "addr": null, "wikidata": null, "website": null, "zoning": "R-6", "lidar_p90": 4.54, "ground_z": 53.17 }, "geometry": { "type": "Polygon", "coordinates": [ [ [ 284041.15, 4158488.55 ], [ 284046.2, 4158484.39 ], [ 284039.43, 4158476.27 ], [ 284034.39, 4158480.43 ], [ 284041.15, 4158488.55 ] ] ] } },
{ "type": "Feature", "properties": { "id": "osm:way/321397358", "name": null, "height": 7.61, "min_height": 0.0, "levels": null, "height_source": "lidar", "roof_shape": "flat", "roof_height": 0.76, "roof_azimuth": null, "roof_source": "lod2", "roof_color": "concrete", "roof_color_source": "ortho", "lod2_roof": { "v": [ [ 284089.92, 4158488.66, 0.0 ], [ 284085.45, 4158492.18, 0.0 ], [ 284085.38, 4158492.1, 0.0 ], [ 284076.15, 4158480.5, 0.0 ], [ 284080.66, 4158477.04, 0.0 ], [ 284089.35, 4158487.94, 0.0 ], [ 284089.35, 4158487.94, 0.69 ], [ 284085.38, 4158492.1, 0.76 ] ], "f": [ [ [ 6, 7, 3, 4 ] ], [ [ 5, 0, 1, 2 ] ], [ [ 6, 5, 2, 7 ] ] ] }, "roof_props": null, "wall_color": "brick", "type": "yes", "landmark": null, "footprint_source": "osm", "source_updated": null, "is_part": false, "parent": null, "hidden": false, "addr": "305 1/2 W Marshall St", "wikidata": null, "website": null, "zoning": "R-6", "lidar_p90": 8.09, "ground_z": 53.32 }, "geometry": { "type": "Polygon", "coordinates": [ [ [ 284085.45, 4158492.18 ], [ 284089.92, 4158488.66 ], [ 284080.66, 4158477.04 ], [ 284076.15, 4158480.5 ], [ 284085.45, 4158492.18 ] ] ] } },
{ "type": "Feature", "properties": { "id": "osm:way/321397284", "name": null, "height": 6.91, "min_height": 0.0, "levels": null, "height_source": "lidar", "roof_shape": "flat", "roof_height": 0.29, "roof_azimuth": null, "roof_source": "lod2", "roof_color": "concrete", "roof_color_source": "ortho", "lod2_roof": { "v": [ [ 284083.28, 4158493.72, 0.0 ], [ 284078.78, 4158497.27, 0.0 ], [ 284083.04, 4158493.4, 0.0 ], [ 284078.44, 4158496.83, 0.0 ], [ 284083.04, 4158493.4, 0.15 ], [ 284078.44, 4158496.83, 0.29 ], [ 284071.92, 4158488.65, 0.28 ], [ 284076.34, 4158484.42, 0.13 ] ], "f": [ [ [ 3, 2, 0, 1 ] ], [ [ 7, 4, 5, 6 ] ], [ [ 4, 2, 3, 5 ] ] ] }, "roof_props": null, "wall_color": "sand", "type": "yes", "landmark": null, "footprint_source": "osm", "source_updated": null, "is_part": false, "parent": null, "hidden": false, "addr": "307 West Marshall Street", "wikidata": null, "website": null, "zoning": "R-6", "lidar_p90": 7.12, "ground_z": 53.31 }, "geometry": { "type": "Polygon", "coordinates": [ [ [ 284078.78, 4158497.27 ], [ 284084.62, 4158492.66 ], [ 284075.42, 4158481.11 ], [ 284069.58, 4158485.71 ], [ 284078.78, 4158497.27 ] ] ] } },
{ "type": "Feature", "properties": { "id": "osm:way/321397436", "name": null, "height": 6.88, "min_height": 0.0, "levels": null, "height_source": "lidar", "roof_shape": "flat", "roof_height": 0.99, "roof_azimuth": null, "roof_source": "lod2", "roof_color": "roof_flat", "roof_color_source": "ortho", "lod2_roof": { "v": [ [ 284035.46, 4158492.23, 0.2 ], [ 284030.19, 4158496.59, 0.99 ], [ 284027.43, 4158493.27, 0.59 ], [ 284023.46, 4158488.5, 0.65 ], [ 284027.43, 4158493.27, 0.79 ], [ 284023.75, 4158488.25, 0.47 ], [ 284024.47, 4158489.44, 0.55 ], [ 284026.36, 4158488.58, 0.0 ], [ 284029.0, 4158492.25, 0.0 ], [ 284029.0, 4158492.25, 0.59 ], [ 284033.95, 4158489.05, 0.0 ] ], "f": [ [ [ 9, 10, 0, 1, 4 ] ], [ [ 7, 8, 2, 3, 5, 6 ] ], [ [ 4, 2, 8, 9 ] ] ] }, "roof_props": null, "wall_color": "terracotta", "type": "yes", "landmark": null, "footprint_source": "osm", "source_updated": null, "is_part": false, "parent": null, "hidden": false, "addr": null, "wikidata": null, "website": null, "zoning": "R-6", "lidar_p90": 7.32, "ground_z": 53.13 }, "geometry": { "type": "Polygon", "coordinates": [ [ [ 284023.46, 4158488.5 ], [ 284030.19, 4158496.59 ], [ 284036.96, 4158490.99 ], [ 284033.7, 4158487.08 ], [ 284029.57, 4158490.5 ], [ 284026.1, 4158486.32 ], [ 284023.46, 4158488.5 ] ] ] } },
{ "type": "Feature", "properties": { "id": "osm:way/321397445", "name": null, "height": 8.16, "min_height": 0.0, "levels": null, "height_source": "lidar", "roof_shape": "flat", "roof_height": 1.45, "roof_azimuth": null, "roof_source": "lod2", "roof_color": "roof_flat", "roof_color_source": "ortho", "lod2_roof": { "v": [ [ 284060.1, 4158482.38, 0.0 ], [ 284062.31, 4158485.45, 0.0 ], [ 284062.31, 4158485.45, 0.0 ], [ 284069.48, 4158498.84, 1.01 ], [ 284068.77, 4158499.4, 1.02 ], [ 284056.98, 4158484.6, 0.0 ], [ 284063.37, 4158492.63, 0.0 ], [ 284063.37, 4158492.63, 0.09 ], [ 284066.31, 4158491.03, 0.12 ], [ 284066.31, 4158491.03, 0.0 ], [ 284066.31, 4158491.03, 0.0 ], [ 284068.97, 4158489.59, 0.0 ], [ 284068.97, 4158489.59, 0.0 ], [ 284068.97, 4158489.59, 0.15 ], [ 284064.57, 4158484.13, 0.0 ], [ 284078.04, 4158497.88, 0.0 ], [ 284076.58, 4158499.04, 0.0 ], [ 284076.58, 4158499.04, 0.0 ], [ 284076.43, 4158498.86, 0.0 ], [ 284076.43, 4158498.86, 0.0 ], [ 284070.7, 4158488.66, 0.0 ], [ 284072.02, 4158502.03, 1.45 ], [ 284072.02, 4158502.03, 0.0 ], [ 284076.43, 4158498.86, 1.43 ], [ 284072.32, 4158502.41, 0.0 ] ], "f": [ [ [ 10, 1, 14, 11 ] ], [ [ 9, 6, 5, 0, 2 ] ], [ [ 13, 23, 21, 3, 4, 7, 8 ] ], [ [ 16, 24, 22, 18 ] ], [ [ 19, 12, 20, 15, 17 ] ], [ [ 8, 9, 10, 11, 12, 13 ] ], [ [ 17, 16, 18, 19 ] ], [ [ 2, 1, 10, 9 ] ], [ [ 7, 6, 9, 8 ] ], [ [ 23, 19, 18, 22, 21 ] ], [ [ 13, 12, 19, 23 ] ] ] }, "roof_props": null, "wall_color": "cream", "type": "yes", "landmark": null, "footprint_source": "osm", "source_updated": null, "is_part": false, "parent": null, "hidden": false, "addr": "309 W Marshall St", "wikidata": null, "website": null, "zoning": "R-6", "lidar_p90": 8.97, "ground_z": 53.13 }, "geometry": { "type": "Polygon", "coordinates": [ [ [ 284068.77, 4158499.4 ], [ 284069.48, 4158498.84 ], [ 284072.32, 4158502.41 ], [ 284078.04, 4158497.88 ], [ 284065.4, 4158482.0 ], [ 284063.04, 4158483.86 ], [ 284060.59, 4158480.79 ], [ 284056.51, 4158484.02 ], [ 284068.77, 4158499.4 ] ] ] } },
{ "type": "Feature", "properties": { "id": "osm:way/321397294", "name": null, "height": 7.37, "min_height": 0.0, "levels": null, "height_source": "lidar", "roof_shape": "flat", "roof_height": 0.48, "roof_azimuth": null, "roof_source": "lod2", "roof_color": "concrete", "roof_color_source": "ortho", "lod2_roof": { "v": [ [ 284023.33, 4158503.14, 0.44 ], [ 284016.6, 4158495.07, 0.48 ], [ 284023.32, 4158489.86, 0.0 ], [ 284029.88, 4158497.74, 0.0 ] ], "f": [ [ [ 3, 0, 1, 2 ] ] ] }, "roof_props": null, "wall_color": "brick", "type": "yes", "landmark": null, "footprint_source": "osm", "source_updated": null, "is_part": false, "parent": null, "hidden": false, "addr": "313 N Monroe St", "wikidata": null, "website": null, "zoning": "R-6", "lidar_p90": 7.86, "ground_z": 52.85 }, "geometry": { "type": "Polygon", "coordinates": [ [ [ 284023.33, 4158503.14 ], [ 284029.88, 4158497.74 ], [ 284022.44, 4158488.8 ], [ 284015.9, 4158494.22 ], [ 284023.33, 4158503.14 ] ] ] } },
{ "type": "Feature", "properties": { "id": "osm:way/321397274", "name": null, "height": 4.1, "min_height": 0.0, "levels": null, "height_source": "lidar", "roof_shape": "flat", "roof_height": 0.0, "roof_azimuth": null, "roof_source": "heuristic", "roof_color": "concrete", "roof_color_source": "ortho", "lod2_roof": null, "roof_props": null, "wall_color": "terracotta", "type": "yes", "landmark": null, "footprint_source": "osm", "source_updated": null, "is_part": false, "parent": null, "hidden": false, "addr": "421 Brook Road", "wikidata": null, "website": null, "zoning": "B-1", "lidar_p90": 6.95, "ground_z": 52.76 }, "geometry": { "type": "Polygon", "coordinates": [ [ [ 284208.64, 4158507.57 ], [ 284218.08, 4158499.96 ], [ 284210.2, 4158490.89 ], [ 284208.64, 4158507.57 ] ] ] } },
{ "type": "Feature", "properties": { "id": "osm:way/321398147", "name": null, "height": 7.48, "min_height": 0.0, "levels": null, "height_source": "lidar", "roof_shape": "flat", "roof_height": 1.26, "roof_azimuth": null, "roof_source": "lod2", "roof_color": "concrete", "roof_color_source": "ortho", "lod2_roof": { "v": [ [ 284240.16, 4158492.45, 0.26 ], [ 284241.29, 4158491.53, 0.14 ], [ 284253.89, 4158509.1, 1.25 ], [ 284246.37, 4158499.98, 0.27 ], [ 284246.37, 4158499.98, 0.38 ], [ 284245.01, 4158490.34, 0.0 ], [ 284245.64, 4158494.25, 0.0 ], [ 284256.84, 4158506.69, 1.26 ], [ 284244.06, 4158492.08, 0.0 ], [ 284244.06, 4158492.08, 0.0 ], [ 284245.64, 4158494.25, 0.01 ], [ 284244.09, 4158491.85, 0.0 ], [ 284244.09, 4158491.85, 0.0 ], [ 284243.87, 4158491.82, 0.0 ], [ 284243.87, 4158491.82, 0.0 ], [ 284248.9, 4158498.73, 0.44 ], [ 284248.9, 4158498.73, 0.04 ], [ 284250.12, 4158498.13, 0.47 ], [ 284243.65, 4158491.8, 0.01 ], [ 284243.76, 4158491.68, 0.0 ], [ 284243.76, 4158491.68, 0.0 ] ], "f": [ [ [ 19, 5, 6, 9, 12, 14 ] ], [ [ 16, 3, 0, 1, 18, 20, 13, 11, 8, 10 ] ], [ [ 4, 15, 17, 7, 2 ] ], [ [ 8, 9, 6, 10 ] ], [ [ 11, 12, 9, 8 ] ], [ [ 13, 14, 12, 11 ] ], [ [ 20, 19, 14, 13 ] ], [ [ 4, 3, 16, 15 ] ] ] }, "roof_props": null, "wall_color": "cream", "type": "yes", "landmark": null, "footprint_source": "osm", "source_updated": null, "is_part": false, "parent": null, "hidden": false, "addr": "127 West Clay Street", "wikidata": null, "website": null, "zoning": "R-6", "lidar_p90": 8.83, "ground_z": 53.12 }, "geometry": { "type": "Polygon", "coordinates": [ [ [ 284258.47, 4158505.36 ], [ 284244.74, 4158488.71 ], [ 284240.16, 4158492.45 ], [ 284253.89, 4158509.1 ], [ 284258.47, 4158505.36 ] ] ] } }
]
}
